MSOA (code),IDACI,SAMHI,PercentOfStudentReceivingFreeSchoolMeals,PercentFemale,AsianPopulationRate,BlackPopulationRate,WhitePopulationRate,OtherRacePopulationRate,UrbanRuralClass,LargeCentralMetro,LargeFringeMetro,MediumMetro,SmallMetro,Micropolitan,Noncore,GOR,BordaAccessibilityDecile,MSOA (name),MSOA_GCSE_Mean,MSOA_SchoolCount,TotalPupils_GCSE,TotalAchievers,MSOA_TotalPupils
E02000177,3.0,5.0,58.79,41.37,17.6,12.58,56.97,12.84,LargeCentralMetro,1,0,0,0,0,0,London,1,Camden 012,43.0,1,199.0,85.57,950
E02000166,5.0,4.0,53.15,55.98,6.79,7.17,73.1,12.93,LargeCentralMetro,1,0,0,0,0,0,London,1,Camden 001,51.4,2,286.0,147.01,2006
E02000180,3.0,3.0,35.51,85.76,16.13,11.55,59.92,12.4,LargeCentralMetro,1,0,0,0,0,0,London,1,Camden 015,75.0,1,107.0,80.25,1025
E02000182,6.0,2.0,58.48,47.84,24.95,7.57,52.44,15.05,LargeCentralMetro,1,0,0,0,0,0,London,1,Camden 017,47.0,1,171.0,80.36999999999999,1133
E02000187,2.0,5.0,63.2,50.7,32.52,15.92,38.26,13.3,LargeCentralMetro,1,0,0,0,0,0,London,1,Camden 022,42.71,2,269.0,114.88999999999999,1714
E02000170,7.0,2.0,64.0,47.48,13.72,5.22,66.93,14.13,LargeCentralMetro,1,0,0,0,0,0,London,1,Camden 005,32.0,1,200.0,64.0,1308
E02000168,6.0,3.0,46.45,67.18,8.43,6.58,73.6,11.39,LargeCentralMetro,1,0,0,0,0,0,London,1,Camden 003,50.35,2,310.0,156.07999999999998,2081
E02000341,2.0,4.0,41.06,70.64,7.41,16.66,66.3,9.64,LargeCentralMetro,1,0,0,0,0,0,London,4,Greenwich 029,52.22,2,358.0,186.95999999999998,2258
E02000340,5.0,2.0,25.46,44.61,8.2,7.36,78.15,6.29,LargeCentralMetro,1,0,0,0,0,0,London,5,Greenwich 028,45.83,2,377.0,172.78,2235
E02000327,3.0,3.0,37.11,37.75,12.55,34.21,43.86,9.38,LargeCentralMetro,1,0,0,0,0,0,London,5,Greenwich 015,50.0,1,97.0,48.5,551
E02006994,3.0,3.0,,31.07,17.04,30.95,41.43,10.59,LargeCentralMetro,1,0,0,0,0,0,London,3,Greenwich 042,,1,0.0,0.0,605
E02000314,4.0,2.0,41.6,0.0,10.4,43.91,34.38,11.3,LargeCentralMetro,1,0,0,0,0,0,London,3,Greenwich 002,52.0,1,238.0,123.76,1514
E02006927,4.0,2.0,38.46,45.25,13.16,15.37,61.64,9.84,LargeCentralMetro,1,0,0,0,0,0,London,4,Greenwich 034,36.0,1,260.0,93.6,1905
E02000315,2.0,2.0,39.17,44.09,9.04,37.5,45.42,8.04,LargeCentralMetro,1,0,0,0,0,0,London,4,Greenwich 003,44.0,1,240.0,105.6,1193
E02000319,4.0,2.0,45.26,91.9,20.73,26.74,40.38,12.16,LargeCentralMetro,1,0,0,0,0,0,London,2,Greenwich 007,33.0,1,232.0,76.56,1432
E02006931,4.0,2.0,26.72,100.0,8.31,15.49,66.51,9.69,LargeCentralMetro,1,0,0,0,0,0,London,3,Greenwich 038,63.0,1,116.0,73.08,624
E02000356,5.0,3.0,30.71,45.83,5.9,10.65,68.99,14.46,LargeCentralMetro,1,0,0,0,0,0,London,1,Hackney 012,57.0,1,254.0,144.78,1630
E02000366,3.0,6.0,51.69,47.18,8.33,23.38,54.98,13.31,LargeCentralMetro,1,0,0,0,0,0,London,,Hackney 022,64.0,1,118.0,75.52,763
E02000369,2.0,2.0,72.46,45.39,10.5,22.12,50.56,16.83,LargeCentralMetro,1,0,0,0,0,0,London,1,Hackney 025,38.0,2,167.0,63.46,1441
E02000345,6.0,1.0,52.07,98.25,4.83,7.03,68.63,19.51,LargeCentralMetro,1,0,0,0,0,0,London,1,Hackney 001,40.0,1,121.0,48.400000000000006,744
E02000360,2.0,5.0,47.98,45.42,13.87,31.77,37.96,16.39,LargeCentralMetro,1,0,0,0,0,0,London,1,Hackney 016,68.0,1,198.0,134.64000000000001,1343
E02000355,4.0,3.0,59.2,100.0,16.84,17.72,53.78,11.66,LargeCentralMetro,1,0,0,0,0,0,London,1,Hackney 011,71.0,1,174.0,123.53999999999999,1185
E02000348,4.0,2.0,1.47,100.0,7.54,16.21,59.06,17.19,LargeCentralMetro,1,0,0,0,0,0,London,1,Hackney 004,65.0,1,68.0,44.2,314
E02000361,2.0,4.0,78.12,42.77,9.9,21.61,53.03,15.46,LargeCentralMetro,1,0,0,0,0,0,London,1,Hackney 017,33.0,1,128.0,42.24,837
E02000358,2.0,4.0,64.16,41.82,9.51,19.56,53.88,17.06,LargeCentralMetro,1,0,0,0,0,0,London,1,Hackney 014,38.0,1,173.0,65.74,1057
E02000363,1.0,6.0,63.95,42.72,11.76,37.34,35.21,15.69,LargeCentralMetro,1,0,0,0,0,0,London,1,Hackney 019,37.0,1,172.0,63.64,1133
E02000346,1.0,3.0,58.24,46.15,14.44,25.68,42.27,17.61,LargeCentralMetro,1,0,0,0,0,0,London,1,Hackney 002,48.0,1,170.0,81.6,1040
E02000384,2.0,4.0,11.8,99.81,14.42,13.88,56.09,15.62,LargeCentralMetro,1,0,0,0,0,0,London,1,Hammersmith and Fulham 013,81.0,1,161.0,130.41,1046
E02000392,6.0,1.0,31.25,0.0,7.67,9.62,71.02,11.69,LargeCentralMetro,1,0,0,0,0,0,London,,Hammersmith and Fulham 021,38.0,1,80.0,30.4,545
E02000391,7.0,2.0,16.24,100.0,7.0,6.46,75.27,11.27,LargeCentralMetro,1,0,0,0,0,0,London,1,Hammersmith and Fulham 020,74.0,1,117.0,86.58,758
E02000388,5.0,3.0,9.09,0.0,10.97,8.5,69.46,11.07,LargeCentralMetro,1,0,0,0,0,0,London,1,Hammersmith and Fulham 017,79.0,1,176.0,139.04000000000002,1324
E02000382,5.0,2.0,26.56,49.82,11.55,8.8,65.67,13.99,LargeCentralMetro,1,0,0,0,0,0,London,1,Hammersmith and Fulham 011,71.0,1,128.0,90.88,853
E02000396,6.0,2.0,38.36,46.4,7.21,9.7,70.69,12.4,LargeCentralMetro,1,0,0,0,0,0,London,1,Hammersmith and Fulham 025,56.0,1,73.0,40.88,472
E02000393,8.0,1.0,52.46,0.0,5.23,4.82,80.97,8.98,LargeCentralMetro,1,0,0,0,0,0,London,2,Hammersmith and Fulham 022,23.0,1,61.0,14.030000000000001,367
E02000372,3.0,3.0,53.7,48.3,18.32,18.59,44.93,18.17,LargeCentralMetro,1,0,0,0,0,0,London,1,Hammersmith and Fulham 001,35.0,1,162.0,56.699999999999996,1296
E02000373,1.0,2.0,68.29,45.48,13.15,35.88,32.2,18.77,LargeCentralMetro,1,0,0,0,0,0,London,1,Hammersmith and Fulham 002,34.0,1,82.0,27.880000000000003,409
E02000390,5.0,3.0,54.62,100.0,7.09,8.6,73.06,11.25,LargeCentralMetro,1,0,0,0,0,0,London,1,Hammersmith and Fulham 019,47.0,1,119.0,55.93,626
E02000377,4.0,3.0,48.33,45.63,9.3,16.0,60.39,14.31,LargeCentralMetro,1,0,0,0,0,0,London,1,Hammersmith and Fulham 006,54.0,1,120.0,64.80000000000001,846
E02000555,2.0,4.0,85.07,72.26,7.75,13.92,63.72,14.61,LargeCentralMetro,1,0,0,0,0,0,London,,Islington 002,48.0,1,67.0,32.16,411
E02000566,4.0,3.0,59.71,99.74,7.46,7.87,72.32,12.34,LargeCentralMetro,1,0,0,0,0,0,London,1,Islington 013,65.0,1,139.0,90.35000000000001,773
E02000572,2.0,5.0,63.64,100.0,15.59,18.17,49.66,16.58,LargeCentralMetro,1,0,0,0,0,0,London,1,Islington 019,42.0,1,176.0,73.92,894
E02000556,2.0,4.0,60.33,41.27,11.49,12.59,61.72,14.21,LargeCentralMetro,1,0,0,0,0,0,London,1,Islington 003,31.0,1,121.0,37.51,647
E02000576,2.0,4.0,64.54,0.0,12.94,15.19,56.4,15.47,LargeCentralMetro,1,0,0,0,0,0,London,1,Islington 023,64.0,1,141.0,90.24,978
E02000571,1.0,5.0,79.65,45.69,8.11,11.73,66.82,13.34,LargeCentralMetro,1,0,0,0,0,0,London,1,Islington 018,31.0,1,113.0,35.03,801
E02000585,8.0,1.0,18.58,0.0,16.58,6.59,58.51,18.31,LargeCentralMetro,1,0,0,0,0,0,London,1,Kensington and Chelsea 009,74.0,1,113.0,83.62,994
E02000581,2.0,8.0,63.41,48.26,13.03,18.9,45.91,22.15,LargeCentralMetro,1,0,0,0,0,0,London,,Kensington and Chelsea 005,35.0,1,164.0,57.4,1123
E02000578,2.0,9.0,52.86,84.33,7.5,18.04,52.9,21.57,LargeCentralMetro,1,0,0,0,0,0,London,1,Kensington and Chelsea 002,46.0,1,70.0,32.2,466
E02000597,3.0,5.0,39.64,46.32,13.39,10.99,55.67,19.95,LargeCentralMetro,1,0,0,0,0,0,London,1,Kensington and Chelsea 021,62.0,1,169.0,104.78,1129
E02006801,4.0,3.0,60.17,47.53,19.05,14.52,54.49,11.93,LargeCentralMetro,1,0,0,0,0,0,London,,Lambeth 036,59.0,1,118.0,69.61999999999999,667
E02000648,2.0,5.0,43.44,57.98,5.56,35.47,44.13,14.85,LargeCentralMetro,1,0,0,0,0,0,London,2,Lambeth 031,31.0,1,122.0,37.82,933
E02000647,6.0,3.0,22.94,44.45,8.14,18.86,58.93,14.07,LargeCentralMetro,1,0,0,0,0,0,London,1,Lambeth 030,58.0,1,170.0,98.6,1235
E02000637,4.0,2.0,38.33,43.81,4.27,17.01,65.05,13.67,LargeCentralMetro,1,0,0,0,0,0,London,,Lambeth 020,23.0,1,60.0,13.8,420
E02000621,3.0,4.0,53.45,45.39,12.47,17.46,56.03,14.05,LargeCentralMetro,1,0,0,0,0,0,London,1,Lambeth 004,46.0,1,116.0,53.36,802
E02000625,2.0,4.0,59.68,48.51,7.52,32.38,43.97,16.14,LargeCentralMetro,1,0,0,0,0,0,London,1,Lambeth 008,42.0,1,186.0,78.11999999999999,1004
E02000622,3.0,3.0,50.0,49.72,6.54,22.99,55.61,14.86,LargeCentralMetro,1,0,0,0,0,0,London,1,Lambeth 005,32.0,1,94.0,30.080000000000002,541
E02000640,5.0,1.0,36.24,97.12,7.15,13.41,69.23,10.21,LargeCentralMetro,1,0,0,0,0,0,London,1,Lambeth 023,55.0,1,149.0,81.95,1007
E02000636,7.0,2.0,61.29,42.63,5.41,8.83,77.24,8.51,LargeCentralMetro,1,0,0,0,0,0,London,1,Lambeth 019,46.0,1,155.0,71.3,896
E02000635,3.0,4.0,75.66,43.37,5.85,25.32,56.08,12.75,LargeCentralMetro,1,0,0,0,0,0,London,1,Lambeth 018,18.0,1,152.0,27.36,664
E02000641,2.0,5.0,64.34,46.13,4.99,42.75,36.05,16.2,LargeCentralMetro,1,0,0,0,0,0,London,,Lambeth 024,39.0,1,129.0,50.31,763
E02000662,3.0,4.0,36.5,50.79,6.33,33.61,47.57,12.49,LargeCentralMetro,1,0,0,0,0,0,London,1,Lewisham 010,47.0,1,200.0,94.0,1827
E02006798,2.0,3.0,48.28,45.17,13.41,33.78,38.98,13.83,LargeCentralMetro,1,0,0,0,0,0,London,1,Lewisham 039,28.0,1,145.0,40.6,901
E02000679,3.0,3.0,35.1,0.0,7.01,24.93,55.71,12.35,LargeCentralMetro,1,0,0,0,0,0,London,3,Lewisham 027,39.0,1,208.0,81.12,1251
E02000657,3.0,3.0,50.51,45.16,7.44,27.71,51.58,13.27,LargeCentralMetro,1,0,0,0,0,0,London,1,Lewisham 005,36.0,1,99.0,35.64,558
E02000680,3.0,4.0,32.88,99.15,7.13,24.96,54.69,13.22,LargeCentralMetro,1,0,0,0,0,0,London,6,Lewisham 028,47.0,1,222.0,104.33999999999999,1418
E02006783,2.0,2.0,41.25,44.5,8.85,28.04,51.28,11.83,LargeCentralMetro,1,0,0,0,0,0,London,3,Lewisham 037,37.0,1,160.0,59.2,1317
E02000810,2.0,3.0,58.93,41.29,9.43,22.0,56.03,12.54,LargeCentralMetro,1,0,0,0,0,0,London,,Southwark 004,32.0,1,56.0,17.92,373
E02000822,2.0,4.0,53.54,28.69,9.28,36.63,39.06,15.03,LargeCentralMetro,1,0,0,0,0,0,London,,Southwark 016,31.0,1,99.0,30.69,711
E02000834,6.0,3.0,48.91,16.72,4.43,12.4,73.05,10.13,LargeCentralMetro,1,0,0,0,0,0,London,2,Southwark 028,46.0,2,137.0,63.02,1232
E02000839,5.0,1.0,23.43,51.58,9.72,19.89,57.68,12.71,LargeCentralMetro,1,0,0,0,0,0,London,6,Southwark 033,60.0,1,239.0,143.4,2026
E02000812,2.0,5.0,35.77,100.0,15.13,24.22,46.96,13.69,LargeCentralMetro,1,0,0,0,0,0,London,1,Southwark 006,65.0,1,123.0,79.95,750
E02000829,2.0,5.0,46.9,0.0,7.98,35.03,43.91,13.08,LargeCentralMetro,1,0,0,0,0,0,London,1,Southwark 023,58.0,1,113.0,65.53999999999999,935
E02000827,3.0,4.0,44.72,49.86,8.35,38.59,36.09,16.96,LargeCentralMetro,1,0,0,0,0,0,London,1,Southwark 021,41.62,2,246.0,102.38000000000001,1454
E02000831,4.0,3.0,57.84,47.5,5.52,23.09,59.36,12.02,LargeCentralMetro,1,0,0,0,0,0,London,1,Southwark 025,26.0,1,102.0,26.52,520
E02000816,3.0,4.0,64.01,66.64,8.76,21.26,56.7,13.28,LargeCentralMetro,1,0,0,0,0,0,London,1,Southwark 010,39.21,2,364.0,142.74,2317
E02000835,5.0,4.0,52.24,98.62,4.09,20.87,63.42,11.61,LargeCentralMetro,1,0,0,0,0,0,London,2,Southwark 029,49.0,1,134.0,65.66,870
E02000833,4.0,3.0,23.21,47.91,9.97,32.87,43.85,13.32,LargeCentralMetro,1,0,0,0,0,0,London,1,Southwark 027,68.0,1,168.0,114.24000000000001,1244
E02000821,2.0,5.0,68.48,40.14,7.82,38.62,29.99,23.57,LargeCentralMetro,1,0,0,0,0,0,London,1,Southwark 015,32.0,1,165.0,52.800000000000004,1009
E02000884,2.0,1.0,59.09,39.86,51.37,4.44,35.14,9.05,LargeCentralMetro,1,0,0,0,0,0,London,1,Tower Hamlets 021,41.86,2,154.0,64.46000000000001,710
E02007114,3.0,1.0,,46.88,40.89,6.72,40.3,12.09,LargeCentralMetro,1,0,0,0,0,0,London,,Tower Hamlets 036,,1,0.0,0.0,160
E02000864,2.0,6.0,62.07,80.79,31.13,9.53,50.05,9.29,LargeCentralMetro,1,0,0,0,0,0,London,,Tower Hamlets 001,24.0,1,29.0,6.96,229
E02000881,2.0,2.0,70.06,48.76,47.81,12.15,30.97,9.07,LargeCentralMetro,1,0,0,0,0,0,London,1,Tower Hamlets 018,32.0,1,167.0,53.44,1009
E02000867,2.0,3.0,55.93,100.0,28.96,8.06,52.97,10.02,LargeCentralMetro,1,0,0,0,0,0,London,2,Tower Hamlets 004,59.0,1,236.0,139.23999999999998,1488
E02000871,2.0,2.0,57.05,31.53,52.78,10.91,27.41,8.9,LargeCentralMetro,1,0,0,0,0,0,London,1,Tower Hamlets 008,30.0,1,156.0,46.8,1126
E02000870,2.0,2.0,54.82,46.05,38.87,7.11,46.51,7.51,LargeCentralMetro,1,0,0,0,0,0,London,1,Tower Hamlets 007,47.0,1,228.0,107.16,1544
E02000872,1.0,3.0,70.06,44.23,43.7,6.04,41.16,9.1,LargeCentralMetro,1,0,0,0,0,0,London,1,Tower Hamlets 009,45.0,1,157.0,70.65,927
E02000868,2.0,3.0,60.0,51.73,36.39,5.76,48.29,9.57,LargeCentralMetro,1,0,0,0,0,0,London,1,Tower Hamlets 005,52.0,1,110.0,57.2,779
E02000876,2.0,4.0,54.08,36.47,53.09,5.2,33.09,8.62,LargeCentralMetro,1,0,0,0,0,0,London,1,Tower Hamlets 013,59.0,1,196.0,115.64,1234
E02000893,4.0,2.0,71.35,49.53,33.86,6.11,50.3,9.72,LargeCentralMetro,1,0,0,0,0,0,London,2,Tower Hamlets 030,50.0,1,185.0,92.5,1165
E02000882,2.0,3.0,56.02,43.89,58.42,7.71,27.42,6.44,LargeCentralMetro,1,0,0,0,0,0,London,1,Tower Hamlets 019,56.0,1,191.0,106.96000000000001,1392
E02000949,9.0,3.0,32.52,46.1,7.17,3.76,82.09,6.98,LargeCentralMetro,1,0,0,0,0,0,London,1,Wandsworth 027,47.0,1,163.0,76.61,1078
E02000937,9.0,1.0,27.93,46.62,5.11,5.66,81.49,7.74,LargeCentralMetro,1,0,0,0,0,0,London,1,Wandsworth 015,54.0,1,111.0,59.940000000000005,710
E02000942,8.0,1.0,37.13,41.89,11.2,3.43,76.7,8.66,LargeCentralMetro,1,0,0,0,0,0,London,2,Wandsworth 020,62.75,2,334.0,209.57000000000002,2232
E02000958,6.0,1.0,16.47,49.95,17.03,12.42,60.47,10.08,LargeCentralMetro,1,0,0,0,0,0,London,2,Wandsworth 036,72.0,1,255.0,183.6,2070
E02000925,3.0,4.0,66.09,49.4,9.19,22.08,56.06,12.67,LargeCentralMetro,1,0,0,0,0,0,London,1,Wandsworth 003,54.0,1,115.0,62.1,1006
E02000926,4.0,1.0,28.89,38.14,9.45,10.48,68.06,12.01,LargeCentralMetro,1,0,0,0,0,0,London,2,Wandsworth 004,38.0,1,45.0,17.1,569
E02000946,4.0,1.0,39.02,97.7,9.87,12.21,69.36,8.57,LargeCentralMetro,1,0,0,0,0,0,London,1,Wandsworth 024,41.0,1,264.0,108.24,1696
E02000938,4.0,3.0,50.0,45.88,13.12,11.15,61.63,14.1,LargeCentralMetro,1,0,0,0,0,0,London,2,Wandsworth 016,35.0,1,78.0,27.299999999999997,741
E02000947,8.0,1.0,41.46,43.3,9.18,4.08,78.67,8.07,LargeCentralMetro,1,0,0,0,0,0,London,1,Wandsworth 025,40.0,1,164.0,65.60000000000001,1254
E02000979,5.0,6.0,28.63,56.14,16.09,6.1,62.87,14.95,LargeCentralMetro,1,0,0,0,0,0,London,1,Westminster 020,59.69,2,262.0,156.38,1872
E02000974,7.0,1.0,29.81,0.0,23.51,6.47,46.5,23.52,LargeCentralMetro,1,0,0,0,0,0,London,,Westminster 015,57.0,1,104.0,59.279999999999994,572
E02000960,8.0,1.0,56.35,49.47,20.6,4.35,57.73,17.32,LargeCentralMetro,1,0,0,0,0,0,London,,Westminster 001,50.0,1,181.0,90.5,1235
E02000970,9.0,1.0,28.08,92.14,16.11,2.5,66.43,14.96,LargeCentralMetro,1,0,0,0,0,0,London,1,Westminster 011,67.0,1,146.0,97.82000000000001,1120
E02000961,6.0,2.0,48.34,47.29,13.81,5.08,57.53,23.58,LargeCentralMetro,1,0,0,0,0,0,London,2,Westminster 002,48.56,2,302.0,146.65,1973
E02000965,6.0,1.0,64.57,51.07,12.08,6.73,63.53,17.66,LargeCentralMetro,1,0,0,0,0,0,London,1,Westminster 006,57.0,1,175.0,99.74999999999999,1216
E02000969,1.0,4.0,55.95,47.68,15.07,16.17,37.18,31.58,LargeCentralMetro,1,0,0,0,0,0,London,1,Westminster 010,55.0,1,168.0,92.4,1120
E02000983,3.0,4.0,58.85,50.64,16.97,8.02,56.56,18.46,LargeCentralMetro,1,0,0,0,0,0,London,1,Westminster 024,50.0,1,192.0,96.0,1165
E02000022,2.0,1.0,,42.65,25.94,33.77,30.23,10.06,LargeCentralMetro,1,0,0,0,0,0,London,,Barking and Dagenham 021,,1,0.0,0.0,347
E02000023,2.0,2.0,44.61,49.16,21.41,37.2,32.47,8.92,LargeCentralMetro,1,0,0,0,0,0,London,3,Barking and Dagenham 022,52.72,2,334.0,176.08999999999997,2429
E02000003,4.0,2.0,38.74,47.1,34.95,15.61,40.64,8.79,LargeCentralMetro,1,0,0,0,0,0,London,2,Barking and Dagenham 002,33.0,1,191.0,63.03,1191
E02000012,5.0,1.0,30.63,49.41,58.76,8.97,25.87,6.4,LargeCentralMetro,1,0,0,0,0,0,London,5,Barking and Dagenham 011,49.0,1,271.0,132.79,2125
E02000007,2.0,5.0,26.03,46.7,14.67,26.14,51.02,8.17,LargeCentralMetro,1,0,0,0,0,0,London,5,Barking and Dagenham 006,56.0,1,219.0,122.64000000000001,1411
E02000021,3.0,2.0,35.15,51.11,18.44,28.27,45.47,7.81,LargeCentralMetro,1,0,0,0,0,0,London,3,Barking and Dagenham 020,35.0,1,202.0,70.69999999999999,1266
E02000103,3.0,1.0,40.09,61.93,19.47,21.32,36.37,22.85,LargeCentralMetro,1,0,0,0,0,0,London,3,Brent 011,46.31,2,232.0,107.43,1358
E02000024,8.0,2.0,29.48,100.0,11.5,4.86,73.67,9.96,LargeCentralMetro,1,0,0,0,0,0,London,3,Barnet 001,66.0,1,173.0,114.18,1046
E02000033,6.0,3.0,17.72,44.78,15.42,6.5,62.24,15.84,LargeCentralMetro,1,0,0,0,0,0,London,,Barnet 010,49.0,1,79.0,38.71,670
E02000030,7.0,3.0,26.82,45.46,19.0,5.22,65.05,10.73,LargeCentralMetro,1,0,0,0,0,0,London,3,Barnet 007,67.29,2,343.0,230.82,2213
E02000062,3.0,2.0,51.2,43.96,20.81,13.87,42.43,22.89,LargeCentralMetro,1,0,0,0,0,0,London,2,Barnet 039,32.0,1,125.0,40.0,803
E02000049,2.0,3.0,20.96,50.27,22.38,23.65,36.35,17.61,LargeCentralMetro,1,0,0,0,0,0,London,2,Barnet 026,52.0,1,167.0,86.84,1102
E02000052,7.0,1.0,36.28,46.04,12.92,5.98,67.95,13.15,LargeCentralMetro,1,0,0,0,0,0,London,1,Barnet 029,55.04,2,226.0,124.4,1490
E02000048,7.0,1.0,8.18,47.12,18.65,7.08,56.86,17.41,LargeCentralMetro,1,0,0,0,0,0,London,1,Barnet 025,74.0,1,159.0,117.66,1163
E02000038,6.0,2.0,44.74,49.3,18.47,7.27,60.06,14.2,LargeCentralMetro,1,0,0,0,0,0,London,2,Barnet 015,22.0,1,152.0,33.44,783
E02000039,7.0,1.0,37.25,100.0,15.83,7.61,63.74,12.83,LargeCentralMetro,1,0,0,0,0,0,London,4,Barnet 016,51.0,1,153.0,78.03,886
E02000056,9.0,2.0,37.07,10.42,11.25,2.53,69.94,16.28,LargeCentralMetro,1,0,0,0,0,0,London,1,Barnet 033,55.0,1,116.0,63.800000000000004,768
E02000026,7.0,1.0,18.59,43.99,12.55,4.15,69.7,13.6,LargeCentralMetro,1,0,0,0,0,0,London,6,Barnet 003,57.0,1,199.0,113.42999999999999,1405
E02000045,5.0,2.0,36.06,51.08,14.72,10.06,59.73,15.48,LargeCentralMetro,1,0,0,0,0,0,London,1,Barnet 022,54.0,1,208.0,112.32000000000001,1337
E02000055,7.0,2.0,41.0,43.18,15.76,7.64,60.53,16.06,LargeCentralMetro,1,0,0,0,0,0,London,1,Barnet 032,47.0,1,200.0,94.0,1239
E02000035,6.0,3.0,15.03,0.0,22.27,4.48,59.45,13.79,LargeCentralMetro,1,0,0,0,0,0,London,2,Barnet 012,72.0,1,173.0,124.56,1195
E02000032,8.0,1.0,15.22,48.92,20.88,3.57,58.87,16.68,LargeCentralMetro,1,0,0,0,0,0,London,3,Barnet 009,75.0,1,230.0,172.5,1570
E02000025,6.0,3.0,8.79,45.79,11.21,7.35,70.25,11.2,LargeCentralMetro,1,0,0,0,0,0,London,7,Barnet 002,72.0,1,182.0,131.04,1271
E02000079,5.0,4.0,23.33,45.48,12.71,5.28,76.28,5.73,LargeCentralMetro,1,0,0,0,0,0,London,3,Bexley 015,23.0,1,270.0,62.1,1539
E02000091,6.0,3.0,36.75,46.59,7.29,4.65,82.67,5.38,LargeCentralMetro,1,0,0,0,0,0,London,4,Bexley 027,18.0,1,117.0,21.06,908
E02000069,4.0,3.0,27.27,48.55,12.53,19.18,61.33,6.96,LargeCentralMetro,1,0,0,0,0,0,London,4,Bexley 005,35.0,1,176.0,61.599999999999994,1036
E02000085,7.0,2.0,20.4,91.63,7.7,4.36,83.69,4.26,LargeCentralMetro,1,0,0,0,0,0,London,6,Bexley 021,36.0,1,201.0,72.36,1398
E02000077,7.0,2.0,33.17,48.27,16.6,6.62,69.76,7.02,LargeCentralMetro,1,0,0,0,0,0,London,7,Bexley 013,23.0,1,208.0,47.84,1448
E02000081,6.0,4.0,25.97,58.9,9.64,6.65,78.55,5.17,LargeCentralMetro,1,0,0,0,0,0,London,5,Bexley 017,49.56,2,308.0,152.64,1759
E02000082,8.0,1.0,20.96,46.06,10.65,6.13,76.91,6.31,LargeCentralMetro,1,0,0,0,0,0,London,6,Bexley 018,42.0,1,167.0,70.14,1181
E02000083,5.0,4.0,24.28,47.81,7.06,10.17,76.98,5.79,LargeCentralMetro,1,0,0,0,0,0,London,5,Bexley 019,36.0,1,173.0,62.28,1619
E02000112,4.0,1.0,26.44,47.53,56.89,13.88,19.97,9.27,LargeCentralMetro,1,0,0,0,0,0,London,1,Brent 020,28.0,1,174.0,48.720000000000006,930
E02000098,5.0,3.0,4.83,47.59,35.35,13.49,32.72,18.44,LargeCentralMetro,1,0,0,0,0,0,London,6,Brent 006,72.0,1,290.0,208.79999999999998,1994
E02000095,7.0,1.0,24.83,47.34,47.64,7.69,33.53,11.14,LargeCentralMetro,1,0,0,0,0,0,London,3,Brent 003,52.67,2,588.0,309.72,3631
E02000122,5.0,1.0,32.16,47.67,15.33,9.85,57.14,17.68,LargeCentralMetro,1,0,0,0,0,0,London,1,Brent 030,48.0,1,199.0,95.52,1290
E02000123,3.0,2.0,27.63,56.5,13.81,30.63,38.19,17.37,LargeCentralMetro,1,0,0,0,0,0,London,1,Brent 031,34.96,2,257.0,89.84,1676
E02000116,3.0,3.0,45.11,48.0,20.62,21.23,35.37,22.78,LargeCentralMetro,1,0,0,0,0,0,London,1,Brent 024,33.0,1,184.0,60.720000000000006,1127
E02006956,5.0,2.0,47.83,48.41,41.59,19.14,28.37,10.9,LargeCentralMetro,1,0,0,0,0,0,London,,Brent 036,73.0,1,115.0,83.95,597
E02000105,5.0,1.0,22.6,48.32,49.84,13.27,25.44,11.46,LargeCentralMetro,1,0,0,0,0,0,London,2,Brent 013,79.0,1,208.0,164.32,1372
E02000121,5.0,1.0,29.17,45.5,64.18,10.72,14.62,10.48,LargeCentralMetro,1,0,0,0,0,0,London,1,Brent 029,39.0,1,216.0,84.24000000000001,1543
E02000096,7.0,1.0,23.35,41.02,55.79,3.34,31.33,9.54,LargeCentralMetro,1,0,0,0,0,0,London,2,Brent 004,67.0,1,167.0,111.89,1114
E02000130,5.0,3.0,37.21,99.04,6.35,13.98,67.95,11.72,LargeCentralMetro,1,0,0,0,0,0,London,2,Bromley 004,61.0,1,129.0,78.69,934
E02000158,5.0,4.0,34.55,51.37,9.59,9.78,74.61,6.03,LargeCentralMetro,1,0,0,0,0,0,London,4,Bromley 032,32.0,1,165.0,52.800000000000004,878
E02006787,8.0,3.0,,35.2,5.98,6.47,78.88,8.68,LargeCentralMetro,1,0,0,0,0,0,London,,Bromley 041,,1,0.0,0.0,358
E02000152,4.0,4.0,29.38,48.08,8.29,9.01,73.14,9.55,LargeCentralMetro,1,0,0,0,0,0,London,3,Bromley 026,35.0,1,177.0,61.949999999999996,1223
E02000159,8.0,3.0,12.39,0.0,7.48,2.89,84.28,5.35,LargeCentralMetro,1,0,0,0,0,0,London,7,Bromley 033,56.0,1,218.0,122.08000000000001,1569
E02000136,6.0,5.0,22.87,99.34,8.74,6.2,78.87,6.2,LargeCentralMetro,1,0,0,0,0,0,London,10,Bromley 010,46.0,1,188.0,86.48,1065
E02000162,7.0,5.0,7.94,54.39,8.94,4.09,82.62,4.35,LargeCentralMetro,1,0,0,0,0,0,London,7,Bromley 036,50.0,1,252.0,126.0,1675
E02000138,9.0,2.0,34.52,32.03,6.79,4.83,80.37,8.02,LargeCentralMetro,1,0,0,0,0,0,London,2,Bromley 012,52.0,1,168.0,87.36,1152
E02000133,8.0,2.0,21.6,67.35,9.7,3.74,79.49,7.07,LargeCentralMetro,1,0,0,0,0,0,London,5,Bromley 007,44.92,2,449.0,201.67,3240
E02000150,8.0,3.0,12.1,45.17,6.27,7.37,77.97,8.39,LargeCentralMetro,1,0,0,0,0,0,London,5,Bromley 024,60.19,2,438.0,263.65,3197
E02000140,2.0,8.0,30.0,0.0,7.02,11.72,74.33,6.94,LargeCentralMetro,1,0,0,0,0,0,London,3,Bromley 014,31.0,1,110.0,34.1,535
E02000160,9.0,3.0,10.46,49.71,4.14,2.74,87.24,5.88,LargeCentralMetro,1,0,0,0,0,0,London,7,Bromley 034,58.0,1,239.0,138.62,1716
E02006789,6.0,2.0,23.53,52.57,1.73,1.25,93.36,3.66,LargeCentralMetro,1,0,0,0,0,0,London,8,Bromley 042,42.0,1,204.0,85.67999999999999,1282
E02000146,8.0,4.0,28.44,39.95,9.17,5.8,76.78,8.25,LargeCentralMetro,1,0,0,0,0,0,London,2,Bromley 020,35.0,1,211.0,73.85,1677
E02000213,3.0,2.0,42.49,42.84,20.94,32.8,32.17,14.09,LargeCentralMetro,1,0,0,0,0,0,London,1,Croydon 020,31.79,2,273.0,86.78999999999999,1375
E02006788,3.0,2.0,,42.59,9.59,31.46,44.98,13.98,LargeCentralMetro,1,0,0,0,0,0,London,,Croydon 045,,1,0.0,0.0,432
E02000211,7.0,1.0,42.24,38.8,14.21,13.37,63.01,9.4,LargeCentralMetro,1,0,0,0,0,0,London,3,Croydon 018,37.0,1,161.0,59.57,768
E02000235,7.0,3.0,17.5,48.29,11.2,8.14,72.55,8.1,LargeCentralMetro,1,0,0,0,0,0,London,5,Croydon 042,61.0,1,320.0,195.2,1903
E02000221,3.0,3.0,36.65,44.31,19.63,24.96,42.78,12.64,LargeCentralMetro,1,0,0,0,0,0,London,2,Croydon 028,34.0,1,161.0,54.74,1142
E02000209,4.0,1.0,41.03,36.03,39.7,25.47,21.78,13.06,LargeCentralMetro,1,0,0,0,0,0,London,5,Croydon 016,28.0,1,78.0,21.840000000000003,469
E02000229,2.0,7.0,61.29,48.54,5.52,23.53,63.38,7.57,LargeCentralMetro,1,0,0,0,0,0,London,,Croydon 036,22.0,1,93.0,20.46,581
E02000231,9.0,2.0,26.19,48.9,26.94,8.5,54.77,9.78,LargeCentralMetro,1,0,0,0,0,0,London,7,Croydon 038,44.0,1,210.0,92.4,1231
E02000216,8.0,2.0,27.27,51.74,37.84,12.33,39.27,10.56,LargeCentralMetro,1,0,0,0,0,0,London,1,Croydon 023,34.0,1,110.0,37.400000000000006,719
E02000195,6.0,1.0,32.35,0.0,24.08,20.11,44.09,11.72,LargeCentralMetro,1,0,0,0,0,0,London,1,Croydon 002,41.0,1,170.0,69.7,1007
E02000230,7.0,2.0,32.09,44.5,19.45,12.22,58.34,9.99,LargeCentralMetro,1,0,0,0,0,0,London,5,Croydon 037,34.0,1,134.0,45.56,755
E02000196,5.0,1.0,39.32,99.57,26.75,24.6,36.22,12.44,LargeCentralMetro,1,0,0,0,0,0,London,2,Croydon 003,50.0,1,206.0,103.0,1158
E02000219,7.0,2.0,37.57,53.45,17.03,10.69,64.45,7.83,LargeCentralMetro,1,0,0,0,0,0,London,3,Croydon 026,28.0,1,173.0,48.440000000000005,1059
E02000200,4.0,2.0,40.25,46.52,8.61,30.7,48.09,12.59,LargeCentralMetro,1,0,0,0,0,0,London,2,Croydon 007,38.0,1,318.0,120.84,2171
E02000194,4.0,3.0,26.14,41.96,6.73,20.15,60.26,12.86,LargeCentralMetro,1,0,0,0,0,0,London,2,Croydon 001,65.0,1,176.0,114.4,1287
E02000237,7.0,5.0,32.62,47.27,6.46,6.56,79.63,7.35,LargeCentralMetro,1,0,0,0,0,0,London,6,Croydon 044,43.0,1,141.0,60.63,842
E02000207,3.0,2.0,47.59,49.44,10.55,33.46,42.53,13.46,LargeCentralMetro,1,0,0,0,0,0,London,4,Croydon 014,27.0,1,166.0,44.82,1792
E02000227,5.0,2.0,46.53,50.77,9.52,13.83,68.07,8.59,LargeCentralMetro,1,0,0,0,0,0,London,10,Croydon 034,36.0,1,101.0,36.36,784
E02000264,5.0,2.0,16.04,52.07,18.04,6.66,61.07,14.24,LargeCentralMetro,1,0,0,0,0,0,London,4,Ealing 027,77.0,1,187.0,143.99,1475
E02000243,5.0,3.0,19.46,48.63,26.97,11.99,44.58,16.47,LargeCentralMetro,1,0,0,0,0,0,London,,Ealing 006,69.0,1,185.0,127.64999999999999,1133
E02000276,7.0,1.0,,43.02,11.52,7.02,70.45,11.01,LargeCentralMetro,1,0,0,0,0,0,London,,Ealing 039,,1,0.0,0.0,358
E02006968,8.0,2.0,42.44,100.0,23.32,4.84,51.9,19.94,LargeCentralMetro,1,0,0,0,0,0,London,2,Ealing 041,52.0,1,205.0,106.60000000000001,1266
E02000260,5.0,1.0,28.76,44.6,75.55,6.55,7.17,10.72,LargeCentralMetro,1,0,0,0,0,0,London,2,Ealing 023,47.0,1,233.0,109.50999999999999,1296
E02006970,3.0,1.0,32.78,45.74,74.34,7.55,6.09,12.02,LargeCentralMetro,1,0,0,0,0,0,London,2,Ealing 043,56.0,1,241.0,134.96,1679
E02000272,7.0,2.0,15.25,44.31,14.36,5.39,69.44,10.81,LargeCentralMetro,1,0,0,0,0,0,London,1,Ealing 035,54.0,1,177.0,95.58000000000001,1379
E02000249,6.0,4.0,16.04,50.6,30.57,12.76,39.07,17.61,LargeCentralMetro,1,0,0,0,0,0,London,4,Ealing 012,66.0,1,293.0,193.38,1907
E02000253,3.0,4.0,33.99,44.04,20.12,17.44,44.47,17.97,LargeCentralMetro,1,0,0,0,0,0,London,1,Ealing 016,49.0,1,203.0,99.47,1476
E02000247,4.0,4.0,33.33,48.83,30.79,16.3,35.44,17.48,LargeCentralMetro,1,0,0,0,0,0,London,3,Ealing 010,64.0,1,234.0,149.76,1790
E02000259,6.0,2.0,37.77,47.77,13.72,8.68,63.41,14.19,LargeCentralMetro,1,0,0,0,0,0,London,1,Ealing 022,59.0,1,233.0,137.47,1499
E02000240,3.0,2.0,36.09,49.08,27.91,16.34,40.56,15.2,LargeCentralMetro,1,0,0,0,0,0,London,3,Ealing 003,31.0,1,133.0,41.23,650
E02000288,2.0,3.0,41.69,50.39,18.8,29.63,34.02,17.54,LargeCentralMetro,1,0,0,0,0,0,London,2,Enfield 012,39.73,3,415.0,164.87,2848
E02000302,5.0,2.0,31.2,48.18,12.57,11.87,57.25,18.31,LargeCentralMetro,1,0,0,0,0,0,London,4,Enfield 026,38.0,1,234.0,88.92,1625
E02000287,7.0,2.0,17.81,46.34,15.1,4.56,63.87,16.47,LargeCentralMetro,1,0,0,0,0,0,London,6,Enfield 011,51.0,1,247.0,125.97,1515
E02000289,7.0,1.0,17.17,50.13,13.96,5.56,63.23,17.24,LargeCentralMetro,1,0,0,0,0,0,London,8,Enfield 013,58.0,1,233.0,135.14,1540
E02000280,4.0,4.0,32.05,0.0,4.68,9.16,73.42,12.74,LargeCentralMetro,1,0,0,0,0,0,London,5,Enfield 004,56.0,1,156.0,87.36000000000001,1014
E02000284,5.0,3.0,28.65,51.25,6.8,9.24,71.65,12.32,LargeCentralMetro,1,0,0,0,0,0,London,2,Enfield 008,52.95,2,363.0,192.21,2238
E02000285,6.0,3.0,34.83,51.19,8.4,7.0,73.08,11.52,LargeCentralMetro,1,0,0,0,0,0,London,2,Enfield 009,35.0,1,201.0,70.35,1219
E02000312,4.0,2.0,36.81,100.0,11.58,8.58,64.69,15.15,LargeCentralMetro,1,0,0,0,0,0,London,3,Enfield 036,64.0,1,182.0,116.48,1064
E02000304,8.0,1.0,43.02,47.65,13.75,3.77,65.41,17.07,LargeCentralMetro,1,0,0,0,0,0,London,2,Enfield 028,34.0,1,86.0,29.240000000000002,617
E02000279,2.0,2.0,50.61,50.79,7.45,30.68,41.13,20.73,LargeCentralMetro,1,0,0,0,0,0,London,4,Enfield 003,19.0,1,164.0,31.16,888
E02000307,3.0,2.0,52.47,48.27,14.63,19.92,44.27,21.18,LargeCentralMetro,1,0,0,0,0,0,London,1,Enfield 031,25.0,1,223.0,55.75,1413
E02000410,9.0,2.0,15.61,49.38,5.88,3.64,78.92,11.55,LargeCentralMetro,1,0,0,0,0,0,London,3,Haringey 014,70.0,1,269.0,188.29999999999998,1774
E02000416,3.0,4.0,72.92,40.62,7.46,15.13,62.06,15.35,LargeCentralMetro,1,0,0,0,0,0,London,1,Haringey 020,20.0,1,192.0,38.400000000000006,1120
E02000429,8.0,2.0,30.43,47.75,6.03,5.28,76.79,11.91,LargeCentralMetro,1,0,0,0,0,0,London,1,Haringey 033,59.0,1,230.0,135.7,1424
E02000425,7.0,2.0,73.71,42.88,5.05,11.43,63.34,20.18,LargeCentralMetro,1,0,0,0,0,0,London,1,Haringey 029,38.0,1,232.0,88.16,1229
E02000415,4.0,2.0,52.0,44.83,11.62,13.54,56.43,18.41,LargeCentralMetro,1,0,0,0,0,0,London,4,Haringey 019,24.0,1,200.0,48.0,1073
E02000403,4.0,2.0,34.43,47.05,9.88,11.33,62.95,15.84,LargeCentralMetro,1,0,0,0,0,0,London,1,Haringey 007,48.0,1,183.0,87.84,1171
E02000424,6.0,2.0,45.83,98.39,4.5,11.24,70.59,13.66,LargeCentralMetro,1,0,0,0,0,0,London,1,Haringey 028,40.0,1,144.0,57.6,805
E02000404,3.0,2.0,44.14,45.58,11.97,17.02,51.8,19.22,LargeCentralMetro,1,0,0,0,0,0,London,3,Haringey 008,34.0,1,145.0,49.300000000000004,1051
E02000405,8.0,1.0,16.89,48.01,5.79,5.75,76.7,11.76,LargeCentralMetro,1,0,0,0,0,0,London,2,Haringey 009,72.0,1,219.0,157.68,1683
E02000412,2.0,3.0,51.44,45.44,12.9,21.33,48.64,17.12,LargeCentralMetro,1,0,0,0,0,0,London,1,Haringey 016,39.0,1,208.0,81.12,1107
E02000440,8.0,1.0,5.56,44.57,52.25,4.36,34.65,8.74,LargeCentralMetro,1,0,0,0,0,0,London,2,Harrow 008,64.0,1,144.0,92.16,949
E02000451,9.0,1.0,18.06,46.12,50.06,3.28,38.2,8.46,LargeCentralMetro,1,0,0,0,0,0,London,2,Harrow 019,66.0,1,299.0,197.34,1934
E02000463,5.0,3.0,36.02,46.3,44.09,11.12,31.51,13.29,LargeCentralMetro,1,0,0,0,0,0,London,3,Harrow 031,32.0,1,186.0,59.52,1149
E02000454,9.0,1.0,,45.25,47.58,2.48,41.19,8.75,LargeCentralMetro,1,0,0,0,0,0,London,,Harrow 022,,1,0.0,0.0,495
E02000438,5.0,3.0,43.69,42.52,36.03,11.18,42.61,10.17,LargeCentralMetro,1,0,0,0,0,0,London,6,Harrow 006,41.0,1,222.0,91.02,1197
E02000444,7.0,1.0,22.53,43.95,55.56,4.35,32.01,8.09,LargeCentralMetro,1,0,0,0,0,0,London,1,Harrow 012,51.0,1,253.0,129.03,1513
E02000442,7.0,1.0,35.23,39.12,52.3,4.39,33.6,9.71,LargeCentralMetro,1,0,0,0,0,0,London,1,Harrow 010,36.0,1,176.0,63.36,1250
E02000459,4.0,3.0,30.08,46.96,43.35,10.6,32.54,13.51,LargeCentralMetro,1,0,0,0,0,0,London,1,Harrow 027,58.0,1,266.0,154.28,1676
E02000433,7.0,2.0,35.96,100.0,37.56,5.56,46.53,10.35,LargeCentralMetro,1,0,0,0,0,0,London,9,Harrow 001,54.0,1,203.0,109.62,1205
E02000455,6.0,3.0,31.85,42.38,47.39,6.95,34.44,11.23,LargeCentralMetro,1,0,0,0,0,0,London,1,Harrow 023,33.0,1,157.0,51.81,866
E02000443,4.0,4.0,24.32,0.0,41.68,11.73,32.29,14.3,LargeCentralMetro,1,0,0,0,0,0,London,4,Harrow 011,57.0,1,111.0,63.269999999999996,363
E02000482,9.0,2.0,11.41,47.72,5.35,1.49,89.61,3.55,LargeCentralMetro,1,0,0,0,0,0,London,6,Havering 019,63.54,2,377.0,239.53,2429
E02000473,7.0,2.0,14.38,20.61,12.06,6.08,76.1,5.75,LargeCentralMetro,1,0,0,0,0,0,London,7,Havering 010,55.49,2,292.0,162.03,1912
E02000492,5.0,1.0,26.06,48.88,8.06,8.7,78.92,4.32,LargeCentralMetro,1,0,0,0,0,0,London,8,Havering 029,46.0,1,188.0,86.48,941
E02000484,8.0,3.0,20.96,43.86,9.6,6.41,79.16,4.83,LargeCentralMetro,1,0,0,0,0,0,London,,Havering 021,37.0,1,167.0,61.79,725
E02000490,5.0,3.0,42.38,49.51,10.06,11.62,74.24,4.07,LargeCentralMetro,1,0,0,0,0,0,London,4,Havering 027,30.0,1,151.0,45.3,717
E02000478,8.0,2.0,18.85,39.7,26.92,4.45,61.53,7.1,LargeCentralMetro,1,0,0,0,0,0,London,4,Havering 015,50.0,1,191.0,95.5,1010
E02000466,4.0,4.0,33.33,52.93,8.14,8.58,77.26,6.02,LargeCentralMetro,1,0,0,0,0,0,London,4,Havering 003,44.0,1,147.0,64.68,786
E02000479,5.0,4.0,21.13,100.0,12.84,9.34,70.1,7.71,LargeCentralMetro,1,0,0,0,0,0,London,1,Havering 016,61.0,1,213.0,129.93,1300
E02000486,6.0,2.0,21.74,47.57,8.89,5.09,81.33,4.69,LargeCentralMetro,1,0,0,0,0,0,London,6,Havering 023,50.0,1,161.0,80.5,822
E02000485,6.0,1.0,13.93,100.0,6.01,4.17,85.56,4.26,LargeCentralMetro,1,0,0,0,0,0,London,4,Havering 022,57.0,1,122.0,69.53999999999999,798
E02000465,4.0,4.0,38.75,47.3,9.88,11.0,73.9,5.22,LargeCentralMetro,1,0,0,0,0,0,London,8,Havering 002,31.0,1,160.0,49.6,1076
E02000520,4.0,1.0,24.04,55.22,48.54,12.55,25.91,13.0,LargeCentralMetro,1,0,0,0,0,0,London,,Hillingdon 027,22.0,1,104.0,22.88,297
E02000517,4.0,3.0,48.0,41.57,40.37,14.27,32.38,12.98,LargeCentralMetro,1,0,0,0,0,0,London,3,Hillingdon 024,46.98,2,125.0,58.730000000000004,866
E02000496,4.0,7.0,26.0,45.21,9.38,2.73,81.78,6.12,LargeCentralMetro,1,0,0,0,0,0,London,10,Hillingdon 003,44.0,1,100.0,44.0,480
E02000511,6.0,2.0,45.45,44.4,37.93,8.42,40.89,12.77,LargeCentralMetro,1,0,0,0,0,0,London,2,Hillingdon 018,42.61,2,66.0,28.119999999999997,491
E02000508,5.0,2.0,35.83,45.83,26.88,7.73,52.77,12.62,LargeCentralMetro,1,0,0,0,0,0,London,3,Hillingdon 015,42.41,2,374.0,158.60000000000002,2527
E02006796,6.0,3.0,22.22,47.76,26.69,5.59,57.46,10.27,LargeCentralMetro,1,0,0,0,0,0,London,2,Hillingdon 033,57.0,1,234.0,133.38,1428
E02000495,6.0,2.0,28.57,48.75,29.63,4.96,56.53,8.88,LargeCentralMetro,1,0,0,0,0,0,London,3,Hillingdon 002,45.0,1,105.0,47.25,798
E02000510,6.0,2.0,35.12,98.22,31.29,6.1,51.34,11.27,LargeCentralMetro,1,0,0,0,0,0,London,6,Hillingdon 017,64.0,1,168.0,107.52,1179
E02000523,5.0,1.0,54.49,48.14,58.76,8.52,19.92,12.8,LargeCentralMetro,1,0,0,0,0,0,London,7,Hillingdon 030,25.0,1,178.0,44.5,1157
E02000513,3.0,1.0,45.49,46.63,39.63,16.76,31.29,12.32,LargeCentralMetro,1,0,0,0,0,0,London,5,Hillingdon 020,52.0,1,233.0,121.16000000000001,1441
E02000518,3.0,3.0,44.27,48.33,24.64,10.22,55.8,9.33,LargeCentralMetro,1,0,0,0,0,0,London,,Hillingdon 025,29.0,1,131.0,37.989999999999995,749
E02000503,8.0,2.0,20.11,47.94,17.99,3.46,70.58,7.97,LargeCentralMetro,1,0,0,0,0,0,London,3,Hillingdon 010,49.0,1,179.0,87.71,1066
E02000500,8.0,2.0,9.19,51.74,19.16,2.09,71.15,7.6,LargeCentralMetro,1,0,0,0,0,0,London,3,Hillingdon 007,50.0,1,185.0,92.5,1235
E02000497,6.0,2.0,17.3,49.51,26.16,4.61,60.96,8.27,LargeCentralMetro,1,0,0,0,0,0,London,4,Hillingdon 004,45.0,1,289.0,130.05,1854
E02000506,8.0,2.0,10.38,46.58,33.77,2.91,52.46,10.86,LargeCentralMetro,1,0,0,0,0,0,London,3,Hillingdon 013,66.0,1,183.0,120.78,1170
E02000504,9.0,2.0,24.41,45.44,21.3,1.56,70.32,6.82,LargeCentralMetro,1,0,0,0,0,0,London,4,Hillingdon 011,59.0,1,213.0,125.66999999999999,1338
E02000507,7.0,2.0,37.68,18.8,28.2,5.59,55.61,10.6,LargeCentralMetro,1,0,0,0,0,0,London,6,Hillingdon 014,32.0,1,69.0,22.080000000000002,734
E02000537,7.0,1.0,25.93,47.31,58.15,2.98,26.7,12.18,LargeCentralMetro,1,0,0,0,0,0,London,2,Hounslow 012,21.0,1,108.0,22.68,744
E02000547,5.0,2.0,41.04,46.32,36.55,8.34,45.38,9.72,LargeCentralMetro,1,0,0,0,0,0,London,4,Hounslow 022,38.43,2,212.0,81.48,1209
E02000534,6.0,2.0,31.68,0.0,36.66,5.42,45.2,12.72,LargeCentralMetro,1,0,0,0,0,0,London,5,Hounslow 009,45.0,1,161.0,72.45,1056
E02000531,4.0,5.0,33.44,42.4,13.48,8.51,65.95,12.06,LargeCentralMetro,1,0,0,0,0,0,London,1,Hounslow 006,57.31,2,314.0,179.94,2104
E02000549,4.0,4.0,37.58,45.67,34.89,5.46,48.51,11.13,LargeCentralMetro,1,0,0,0,0,0,London,2,Hounslow 024,30.76,2,157.0,48.300000000000004,1143
E02000539,5.0,4.0,26.01,88.95,21.79,7.49,57.44,13.28,LargeCentralMetro,1,0,0,0,0,0,London,4,Hounslow 014,64.04,3,323.0,206.85999999999999,2208
E02000536,4.0,2.0,31.74,47.74,59.92,5.26,21.74,13.09,LargeCentralMetro,1,0,0,0,0,0,London,4,Hounslow 011,50.78,2,419.0,212.75,2782
E02000542,5.0,2.0,10.4,48.39,59.68,6.61,22.48,11.23,LargeCentralMetro,1,0,0,0,0,0,London,2,Hounslow 017,71.0,1,173.0,122.83,1213
E02000532,6.0,2.0,35.23,42.31,9.25,4.98,73.88,11.89,LargeCentralMetro,1,0,0,0,0,0,London,3,Hounslow 007,40.0,1,193.0,77.2,1288
E02000546,5.0,1.0,30.53,47.76,59.1,5.83,24.56,10.51,LargeCentralMetro,1,0,0,0,0,0,London,3,Hounslow 021,60.0,1,262.0,157.2,1788
E02000530,2.0,1.0,30.1,47.91,50.11,15.73,19.64,14.51,LargeCentralMetro,1,0,0,0,0,0,London,4,Hounslow 005,58.0,1,206.0,119.47999999999999,1432
E02000598,9.0,2.0,,37.36,15.23,1.63,73.39,9.76,LargeCentralMetro,1,0,0,0,0,0,London,,Kingston upon Thames 001,,1,0.0,0.0,720
E02000605,7.0,4.0,20.57,94.19,22.0,1.81,64.56,11.63,LargeCentralMetro,1,0,0,0,0,0,London,7,Kingston upon Thames 008,66.0,1,209.0,137.94,1343
E02000613,7.0,5.0,20.63,0.0,10.76,2.79,77.54,8.92,LargeCentralMetro,1,0,0,0,0,0,London,2,Kingston upon Thames 016,43.0,1,126.0,54.18,802
E02000614,6.0,4.0,14.57,98.61,27.14,4.08,56.86,11.92,LargeCentralMetro,1,0,0,0,0,0,London,2,Kingston upon Thames 017,46.0,1,199.0,91.54,1293
E02000609,6.0,5.0,13.01,48.52,31.22,2.78,52.8,13.2,LargeCentralMetro,1,0,0,0,0,0,London,2,Kingston upon Thames 012,69.5,2,292.0,202.93,1997
E02000606,9.0,3.0,18.64,36.04,13.5,2.31,72.4,11.79,LargeCentralMetro,1,0,0,0,0,0,London,1,Kingston upon Thames 009,48.0,1,177.0,84.96,1060
E02000612,6.0,3.0,21.83,0.0,23.14,1.95,63.72,11.18,LargeCentralMetro,1,0,0,0,0,0,London,3,Kingston upon Thames 015,51.0,1,142.0,72.42,827
E02000710,4.0,5.0,36.22,48.05,21.91,14.75,52.79,10.55,LargeCentralMetro,1,0,0,0,0,0,London,2,Merton 022,46.0,1,127.0,58.42,820
E02000690,10.0,1.0,28.38,100.0,10.8,1.61,78.87,8.72,LargeCentralMetro,1,0,0,0,0,0,London,2,Merton 002,50.0,1,229.0,114.5,1324
E02000704,6.0,3.0,37.86,48.83,14.71,5.65,69.06,10.59,LargeCentralMetro,1,0,0,0,0,0,London,7,Merton 016,39.0,1,140.0,54.6,1028
E02000699,10.0,1.0,19.47,0.0,16.11,1.96,71.79,10.14,LargeCentralMetro,1,0,0,0,0,0,London,2,Merton 011,52.0,1,226.0,117.52000000000001,1325
E02000692,10.0,1.0,19.79,0.0,14.76,2.22,74.25,8.77,LargeCentralMetro,1,0,0,0,0,0,London,4,Merton 004,57.0,1,192.0,109.44,1264
E02000707,3.0,4.0,43.21,42.14,17.18,35.18,36.68,10.96,LargeCentralMetro,1,0,0,0,0,0,London,3,Merton 019,47.0,1,162.0,76.14,1234
E02000702,3.0,3.0,40.6,50.88,17.57,26.43,43.43,12.56,LargeCentralMetro,1,0,0,0,0,0,London,2,Merton 014,36.0,1,133.0,47.879999999999995,798
E02000721,3.0,1.0,35.33,93.88,64.54,12.05,16.2,7.2,LargeCentralMetro,1,0,0,0,0,0,London,1,Newham 008,51.0,1,184.0,93.84,1290
E02000730,5.0,1.0,37.67,15.44,73.41,7.45,12.97,6.16,LargeCentralMetro,1,0,0,0,0,0,London,1,Newham 017,48.46,2,369.0,178.82999999999998,2682
E02006999,4.0,1.0,59.65,51.23,26.83,18.06,44.02,11.08,LargeCentralMetro,1,0,0,0,0,0,London,,Newham 042,61.0,1,57.0,34.769999999999996,324
E02000748,4.0,2.0,54.67,40.95,18.98,16.95,54.35,9.72,LargeCentralMetro,1,0,0,0,0,0,London,2,Newham 035,45.48,2,353.0,160.53,1907
E02000718,3.0,1.0,49.62,39.23,54.7,21.19,15.99,8.11,LargeCentralMetro,1,0,0,0,0,0,London,4,Newham 005,44.0,1,266.0,117.04,1402
E02000742,4.0,2.0,59.67,54.37,40.15,18.52,32.52,8.81,LargeCentralMetro,1,0,0,0,0,0,London,2,Newham 029,52.0,1,305.0,158.6,2343
E02000776,6.0,1.0,22.13,100.0,64.29,8.97,19.39,7.35,LargeCentralMetro,1,0,0,0,0,0,London,2,Redbridge 026,71.0,1,122.0,86.61999999999999,774
E02006800,4.0,1.0,35.82,47.54,59.87,8.95,21.34,9.84,LargeCentralMetro,1,0,0,0,0,0,London,2,Redbridge 034,36.0,1,282.0,101.52,1954
E02000752,3.0,1.0,28.91,44.27,23.32,11.65,56.15,8.88,LargeCentralMetro,1,0,0,0,0,0,London,6,Redbridge 002,35.0,1,128.0,44.8,576
E02000758,6.0,1.0,31.01,48.96,46.15,9.66,32.9,11.29,LargeCentralMetro,1,0,0,0,0,0,London,4,Redbridge 008,39.0,1,158.0,61.620000000000005,1062
E02000768,9.0,2.0,18.88,47.58,20.59,5.51,64.43,9.47,LargeCentralMetro,1,0,0,0,0,0,London,2,Redbridge 018,63.0,1,233.0,146.79,1387
E02000759,7.0,1.0,24.83,47.65,24.41,10.58,54.01,11.01,LargeCentralMetro,1,0,0,0,0,0,London,3,Redbridge 009,57.0,1,290.0,165.29999999999998,1788
E02006925,8.0,1.0,19.83,44.89,66.86,4.3,19.45,9.38,LargeCentralMetro,1,0,0,0,0,0,London,2,Redbridge 036,66.0,1,353.0,232.98000000000002,2562
E02006924,6.0,1.0,28.74,47.37,64.85,5.9,20.82,8.43,LargeCentralMetro,1,0,0,0,0,0,London,2,Redbridge 035,59.0,1,174.0,102.66,1256
E02000763,6.0,1.0,27.85,47.72,51.79,7.74,30.66,9.81,LargeCentralMetro,1,0,0,0,0,0,London,5,Redbridge 013,53.0,1,237.0,125.61,1800
E02000751,9.0,1.0,12.4,50.76,19.44,5.06,67.0,8.49,LargeCentralMetro,1,0,0,0,0,0,London,2,Redbridge 001,68.0,1,242.0,164.56,1712
E02000756,6.0,1.0,26.86,47.25,32.33,7.65,51.06,8.96,LargeCentralMetro,1,0,0,0,0,0,London,6,Redbridge 006,46.0,1,175.0,80.5,1054
E02000770,6.0,1.0,27.13,43.41,60.63,7.62,21.07,10.68,LargeCentralMetro,1,0,0,0,0,0,London,4,Redbridge 020,60.0,1,188.0,112.8,1145
E02000772,5.0,1.0,30.73,48.45,59.54,10.34,20.6,9.52,LargeCentralMetro,1,0,0,0,0,0,London,2,Redbridge 022,61.0,1,179.0,109.19,1261
E02000796,5.0,3.0,29.01,38.59,25.97,4.43,59.59,10.01,LargeCentralMetro,1,0,0,0,0,0,London,,Richmond upon Thames 013,41.0,2,131.0,53.709999999999994,990
E02000794,10.0,2.0,,38.06,11.54,1.54,77.94,8.99,LargeCentralMetro,1,0,0,0,0,0,London,,Richmond upon Thames 011,,1,0.0,0.0,268
E02000803,6.0,4.0,29.41,50.15,10.95,3.05,76.52,9.49,LargeCentralMetro,1,0,0,0,0,0,London,,Richmond upon Thames 020,38.0,1,136.0,51.68,670
E02000795,9.0,1.0,15.27,42.34,6.02,1.07,84.3,8.61,LargeCentralMetro,1,0,0,0,0,0,London,1,Richmond upon Thames 012,59.0,1,203.0,119.77,1396
E02000792,10.0,2.0,12.63,39.31,5.64,1.33,85.0,8.03,LargeCentralMetro,1,0,0,0,0,0,London,1,Richmond upon Thames 009,67.0,1,198.0,132.66,1282
E02000805,8.0,2.0,13.98,41.9,6.51,1.81,84.02,7.66,LargeCentralMetro,1,0,0,0,0,0,London,6,Richmond upon Thames 022,61.0,1,236.0,143.96,1222
E02000798,8.0,3.0,13.86,92.98,9.28,2.02,79.65,9.04,LargeCentralMetro,1,0,0,0,0,0,London,1,Richmond upon Thames 015,71.0,1,202.0,143.42,1396
E02000789,8.0,3.0,25.5,40.0,9.92,1.38,79.34,9.36,LargeCentralMetro,1,0,0,0,0,0,London,1,Richmond upon Thames 006,53.0,1,149.0,78.97,890
E02000788,9.0,1.0,33.77,47.59,5.92,1.08,82.81,10.19,LargeCentralMetro,1,0,0,0,0,0,London,2,Richmond upon Thames 005,52.0,1,154.0,80.08,872
E02000846,7.0,4.0,29.24,46.17,21.18,5.03,65.84,7.96,LargeCentralMetro,1,0,0,0,0,0,London,5,Sutton 007,49.0,1,236.0,115.64,1802
E02000857,7.0,5.0,18.69,46.75,21.03,6.38,63.61,8.98,LargeCentralMetro,1,0,0,0,0,0,London,7,Sutton 018,43.0,1,198.0,85.14,1217
E02000844,5.0,7.0,30.15,0.0,13.34,7.78,70.95,7.94,LargeCentralMetro,1,0,0,0,0,0,London,1,Sutton 005,39.0,1,199.0,77.61,1339
E02000854,7.0,4.0,20.41,99.93,9.62,3.64,80.53,6.2,LargeCentralMetro,1,0,0,0,0,0,London,2,Sutton 015,53.34,2,392.0,209.07999999999998,2739
E02000842,7.0,4.0,18.41,53.09,20.72,4.58,66.38,8.33,LargeCentralMetro,1,0,0,0,0,0,London,4,Sutton 003,61.0,1,239.0,145.79,1571
E02000863,7.0,2.0,11.04,0.0,20.92,6.91,65.43,6.74,LargeCentralMetro,1,0,0,0,0,0,London,4,Sutton 024,66.0,1,154.0,101.64,1113
E02000848,8.0,3.0,12.03,47.28,18.97,2.7,71.2,7.13,LargeCentralMetro,1,0,0,0,0,0,London,2,Sutton 009,59.0,1,291.0,171.69,2001
E02000908,4.0,1.0,38.8,61.91,16.87,15.4,54.87,12.86,LargeCentralMetro,1,0,0,0,0,0,London,3,Waltham Forest 014,51.92,2,250.0,129.81,1394
E02000902,4.0,2.0,33.6,38.17,19.28,16.82,49.66,14.25,LargeCentralMetro,1,0,0,0,0,0,London,2,Waltham Forest 008,30.0,1,125.0,37.5,545
E02000895,3.0,5.0,27.43,46.48,10.21,11.61,65.79,12.4,LargeCentralMetro,1,0,0,0,0,0,London,5,Waltham Forest 001,46.0,1,226.0,103.96000000000001,1433
E02000904,4.0,2.0,39.13,33.89,19.97,16.07,52.28,11.68,LargeCentralMetro,1,0,0,0,0,0,London,5,Waltham Forest 010,43.0,1,161.0,69.23,841
E02000918,5.0,2.0,30.77,100.0,22.27,14.06,51.96,11.71,LargeCentralMetro,1,0,0,0,0,0,London,2,Waltham Forest 024,55.0,1,117.0,64.35000000000001,624
E02000897,3.0,5.0,33.55,48.21,9.56,12.43,66.69,11.31,LargeCentralMetro,1,0,0,0,0,0,London,7,Waltham Forest 003,43.0,1,152.0,65.36,1147
E02000917,6.0,2.0,37.38,0.0,18.66,14.4,55.07,11.87,LargeCentralMetro,1,0,0,0,0,0,London,1,Waltham Forest 023,51.0,1,107.0,54.57,642
E02000915,5.0,2.0,34.64,41.91,20.85,12.65,55.92,10.58,LargeCentralMetro,1,0,0,0,0,0,London,2,Waltham Forest 021,45.0,1,153.0,68.85000000000001,816
E02000907,2.0,4.0,32.17,70.28,17.01,24.95,44.54,13.49,LargeCentralMetro,1,0,0,0,0,0,London,1,Waltham Forest 013,53.5,2,345.0,184.58,2096
E02000912,4.0,1.0,38.89,37.35,29.41,14.55,43.61,12.43,LargeCentralMetro,1,0,0,0,0,0,London,3,Waltham Forest 018,24.0,1,162.0,38.879999999999995,838
E02000901,6.0,2.0,23.42,47.68,9.84,9.77,69.12,11.27,LargeCentralMetro,1,0,0,0,0,0,London,2,Waltham Forest 007,39.0,1,222.0,86.58,1489
E02000905,4.0,2.0,45.83,43.54,20.25,13.3,54.94,11.51,LargeCentralMetro,1,0,0,0,0,0,London,5,Waltham Forest 011,51.0,1,168.0,85.68,1045
E02001906,4.0,6.0,55.21,45.19,15.67,9.13,65.13,10.06,LargeCentralMetro,1,0,0,0,0,0,West Midlands,7,Birmingham 080,28.0,1,96.0,26.880000000000003,509
E02001855,2.0,10.0,59.48,51.92,2.64,8.1,79.6,9.67,LargeCentralMetro,1,0,0,0,0,0,West Midlands,4,Birmingham 029,28.0,1,116.0,32.480000000000004,832
E02001932,1.0,8.0,51.38,46.94,8.45,10.06,71.35,10.14,LargeCentralMetro,1,0,0,0,0,0,West Midlands,7,Birmingham 106,34.0,1,181.0,61.540000000000006,1031
E02001848,2.0,7.0,62.66,51.48,20.24,22.61,48.26,8.88,LargeCentralMetro,1,0,0,0,0,0,West Midlands,3,Birmingham 022,41.0,1,158.0,64.78,1012
E02001876,2.0,3.0,41.43,52.86,26.7,35.08,27.43,10.79,LargeCentralMetro,1,0,0,0,0,0,West Midlands,1,Birmingham 050,42.59,3,461.0,196.32,2607
E02001859,2.0,2.0,50.2,38.42,69.13,15.42,9.58,5.86,LargeCentralMetro,1,0,0,0,0,0,West Midlands,2,Birmingham 033,43.26,2,253.0,109.46000000000001,1697
E02001857,2.0,9.0,71.52,49.49,25.64,17.53,46.98,9.84,LargeCentralMetro,1,0,0,0,0,0,West Midlands,5,Birmingham 031,21.0,1,165.0,34.65,891
E02001875,1.0,2.0,35.05,49.02,33.06,36.04,20.36,10.54,LargeCentralMetro,1,0,0,0,0,0,West Midlands,3,Birmingham 049,60.0,1,97.0,58.199999999999996,661
E02001889,2.0,2.0,52.63,60.17,68.63,10.1,10.15,11.12,LargeCentralMetro,1,0,0,0,0,0,West Midlands,3,Birmingham 063,14.0,1,57.0,7.98,236
E02001925,4.0,6.0,,44.47,17.0,6.17,68.0,8.83,LargeCentralMetro,1,0,0,0,0,0,West Midlands,,Birmingham 099,,1,0.0,0.0,805
E02001921,2.0,7.0,53.68,99.25,14.86,9.36,63.5,12.28,LargeCentralMetro,1,0,0,0,0,0,West Midlands,7,Birmingham 095,44.0,1,95.0,41.8,531
E02007039,2.0,3.0,58.29,45.86,75.6,4.9,10.5,9.0,LargeCentralMetro,1,0,0,0,0,0,West Midlands,3,Birmingham 142,33.0,1,175.0,57.75,894
E02001870,2.0,5.0,48.16,56.59,64.34,8.44,19.4,7.81,LargeCentralMetro,1,0,0,0,0,0,West Midlands,5,Birmingham 044,44.29,2,380.0,168.31,1965
E02001881,2.0,3.0,53.73,47.95,66.63,8.35,15.09,9.93,LargeCentralMetro,1,0,0,0,0,0,West Midlands,2,Birmingham 055,27.0,1,201.0,54.27,1097
E02001883,1.0,10.0,55.75,44.85,13.91,7.57,68.78,9.74,LargeCentralMetro,1,0,0,0,0,0,West Midlands,,Birmingham 057,20.0,1,113.0,22.6,553
E02001899,8.0,6.0,32.43,69.29,31.41,4.0,54.55,10.04,LargeCentralMetro,1,0,0,0,0,0,West Midlands,3,Birmingham 073,43.06,2,185.0,79.67,1247
E02001937,2.0,8.0,66.07,0.0,28.98,5.66,55.72,9.64,LargeCentralMetro,1,0,0,0,0,0,West Midlands,2,Birmingham 111,35.0,1,112.0,39.199999999999996,595
E02001884,2.0,1.0,48.36,100.0,68.85,11.41,8.08,11.66,LargeCentralMetro,1,0,0,0,0,0,West Midlands,3,Birmingham 058,41.0,1,122.0,50.019999999999996,993
E02001914,4.0,5.0,36.75,42.99,45.54,6.0,31.79,16.67,LargeCentralMetro,1,0,0,0,0,0,West Midlands,3,Birmingham 088,52.0,1,166.0,86.32000000000001,870
E02001926,5.0,7.0,52.99,100.0,20.6,6.58,63.9,8.92,LargeCentralMetro,1,0,0,0,0,0,West Midlands,5,Birmingham 100,34.0,1,134.0,45.56,684
E02001930,5.0,6.0,26.69,29.41,20.22,3.45,68.0,8.32,LargeCentralMetro,1,0,0,0,0,0,West Midlands,2,Birmingham 104,56.06,2,326.0,182.74,1860
E02001852,3.0,8.0,43.66,48.74,23.3,15.18,53.0,8.52,LargeCentralMetro,1,0,0,0,0,0,West Midlands,4,Birmingham 026,30.0,1,142.0,42.6,751
E02001867,1.0,2.0,65.75,55.01,55.07,28.56,7.61,8.76,LargeCentralMetro,1,0,0,0,0,0,West Midlands,2,Birmingham 041,18.0,1,181.0,32.58,1138
E02006809,5.0,2.0,36.84,42.09,65.16,9.77,13.49,11.59,LargeCentralMetro,1,0,0,0,0,0,West Midlands,4,Birmingham 133,39.0,1,171.0,66.69,1093
E02001916,2.0,6.0,50.56,42.8,50.38,5.89,34.71,9.03,LargeCentralMetro,1,0,0,0,0,0,West Midlands,5,Birmingham 090,47.0,1,178.0,83.66,930
E02001828,8.0,4.0,7.56,49.69,9.16,1.85,85.23,3.77,LargeCentralMetro,1,0,0,0,0,0,West Midlands,3,Birmingham 002,61.0,1,238.0,145.18,1755
E02001874,2.0,3.0,71.17,49.5,70.12,11.81,9.82,8.25,LargeCentralMetro,1,0,0,0,0,0,West Midlands,3,Birmingham 048,39.0,1,111.0,43.29,697
E02001890,6.0,3.0,38.99,100.0,27.05,14.03,46.11,12.82,LargeCentralMetro,1,0,0,0,0,0,West Midlands,2,Birmingham 064,71.0,1,159.0,112.89,981
E02001862,2.0,2.0,57.59,45.07,55.06,20.06,12.88,12.0,LargeCentralMetro,1,0,0,0,0,0,West Midlands,3,Birmingham 036,28.03,2,316.0,88.56,1928
E02001843,4.0,4.0,50.44,51.29,12.41,8.7,72.67,6.22,LargeCentralMetro,1,0,0,0,0,0,West Midlands,3,Birmingham 017,27.0,1,113.0,30.51,622
E02001923,4.0,5.0,43.84,38.25,67.22,3.72,20.62,8.44,LargeCentralMetro,1,0,0,0,0,0,West Midlands,6,Birmingham 097,35.63,2,406.0,144.66000000000003,2269
E02001831,4.0,7.0,20.08,48.88,7.65,4.65,81.14,6.56,LargeCentralMetro,1,0,0,0,0,0,West Midlands,5,Birmingham 005,50.0,1,239.0,119.5,1471
E02001924,4.0,6.0,46.74,45.03,48.93,4.9,37.54,8.63,LargeCentralMetro,1,0,0,0,0,0,West Midlands,3,Birmingham 098,37.0,1,261.0,96.57,1428
E02001886,5.0,4.0,58.0,47.27,41.98,15.0,30.42,12.6,LargeCentralMetro,1,0,0,0,0,0,West Midlands,4,Birmingham 060,28.0,1,150.0,42.00000000000001,933
E02001938,6.0,8.0,29.79,94.57,6.67,4.27,81.54,7.51,LargeCentralMetro,1,0,0,0,0,0,West Midlands,2,Birmingham 112,59.0,1,141.0,83.19,994
E02001956,3.0,10.0,37.24,50.0,3.68,5.21,85.03,6.08,LargeCentralMetro,1,0,0,0,0,0,West Midlands,9,Birmingham 130,20.0,1,196.0,39.2,1108
E02001878,1.0,2.0,73.75,49.82,58.28,21.22,8.85,11.65,LargeCentralMetro,1,0,0,0,0,0,West Midlands,2,Birmingham 052,71.0,1,160.0,113.6,849
E02001895,2.0,9.0,42.49,50.04,14.49,6.55,70.85,8.11,LargeCentralMetro,1,0,0,0,0,0,West Midlands,7,Birmingham 069,43.0,1,193.0,82.99,1223
E02001897,1.0,6.0,70.59,41.68,40.57,28.71,10.79,19.93,LargeCentralMetro,1,0,0,0,0,0,West Midlands,1,Birmingham 071,44.0,1,119.0,52.36,787
E02006898,3.0,2.0,66.96,46.31,14.83,23.2,50.46,11.51,LargeCentralMetro,1,0,0,0,0,0,West Midlands,,Birmingham 137,24.0,1,112.0,26.88,542
E02001888,1.0,9.0,53.4,46.99,26.07,7.73,58.39,7.81,LargeCentralMetro,1,0,0,0,0,0,West Midlands,,Birmingham 062,18.0,1,191.0,34.379999999999995,1064
E02001920,2.0,8.0,47.09,48.01,9.96,12.19,67.85,10.0,LargeCentralMetro,1,0,0,0,0,0,West Midlands,8,Birmingham 094,42.0,1,172.0,72.24,904
E02001858,3.0,3.0,54.68,100.0,44.09,23.19,22.45,10.28,LargeCentralMetro,1,0,0,0,0,0,West Midlands,1,Birmingham 032,37.0,1,139.0,51.43,915
E02001835,8.0,5.0,20.0,49.71,8.04,2.14,84.4,5.42,LargeCentralMetro,1,0,0,0,0,0,West Midlands,2,Birmingham 009,53.0,1,205.0,108.65,1380
E02001952,1.0,10.0,35.15,48.42,5.04,11.52,75.59,7.85,LargeCentralMetro,1,0,0,0,0,0,West Midlands,2,Birmingham 126,43.0,1,202.0,86.86,1169
E02001832,8.0,4.0,18.67,50.74,7.56,2.79,84.63,5.02,LargeCentralMetro,1,0,0,0,0,0,West Midlands,2,Birmingham 006,57.0,1,150.0,85.49999999999999,1013
E02001905,8.0,1.0,56.03,38.55,27.68,4.87,57.29,10.15,LargeCentralMetro,1,0,0,0,0,0,West Midlands,2,Birmingham 079,30.0,1,116.0,34.8,633
E02001977,2.0,6.0,38.18,43.11,20.44,16.31,54.87,8.37,LargeCentralMetro,1,0,0,0,0,0,West Midlands,1,Coventry 020,45.0,1,110.0,49.5,682
E02001992,1.0,7.0,43.69,50.0,7.96,17.92,68.76,5.35,LargeCentralMetro,1,0,0,0,0,0,West Midlands,5,Coventry 035,28.0,1,103.0,28.840000000000003,644
E02001964,1.0,9.0,36.54,54.29,6.14,20.62,66.04,7.19,LargeCentralMetro,1,0,0,0,0,0,West Midlands,6,Coventry 007,26.0,1,156.0,40.56,1212
E02001967,8.0,6.0,20.78,51.48,4.85,1.29,90.93,2.93,LargeCentralMetro,1,0,0,0,0,0,West Midlands,8,Coventry 010,39.0,1,255.0,99.45,1620
E02001970,5.0,7.0,45.36,45.81,15.02,7.66,72.15,5.17,LargeCentralMetro,1,0,0,0,0,0,West Midlands,5,Coventry 013,16.0,1,97.0,15.52,775
E02001959,4.0,6.0,41.89,47.59,19.43,5.54,67.77,7.26,LargeCentralMetro,1,0,0,0,0,0,West Midlands,7,Coventry 002,43.0,1,265.0,113.95,1553
E02001998,9.0,3.0,11.25,48.12,23.25,3.26,66.59,6.89,LargeCentralMetro,1,0,0,0,0,0,West Midlands,5,Coventry 041,52.0,1,240.0,124.80000000000001,1519
E02001985,2.0,3.0,22.84,52.68,18.52,16.4,55.5,9.57,LargeCentralMetro,1,0,0,0,0,0,West Midlands,1,Coventry 028,55.0,1,232.0,127.60000000000001,1587
E02001965,5.0,6.0,34.95,48.2,14.74,7.0,73.01,5.25,LargeCentralMetro,1,0,0,0,0,0,West Midlands,6,Coventry 008,33.0,1,103.0,33.99,612
E02001981,2.0,4.0,45.81,43.03,33.56,21.05,32.7,12.69,LargeCentralMetro,1,0,0,0,0,0,West Midlands,1,Coventry 024,42.0,1,203.0,85.25999999999999,1355
E02001972,2.0,5.0,40.0,100.0,44.89,13.58,30.35,11.17,LargeCentralMetro,1,0,0,0,0,0,West Midlands,,Coventry 015,55.0,1,100.0,55.00000000000001,560
E02001993,4.0,7.0,35.0,42.18,17.62,7.84,68.36,6.19,LargeCentralMetro,1,0,0,0,0,0,West Midlands,7,Coventry 036,31.43,3,220.0,69.15,1401
E02001976,5.0,7.0,19.92,51.65,17.53,8.89,67.41,6.17,LargeCentralMetro,1,0,0,0,0,0,West Midlands,5,Coventry 019,40.0,1,236.0,94.4,1514
E02001986,2.0,8.0,22.84,55.19,4.63,6.97,83.92,4.48,LargeCentralMetro,1,0,0,0,0,0,West Midlands,8,Coventry 029,26.0,1,232.0,60.32,1147
E02002026,7.0,4.0,20.92,50.86,4.17,0.62,93.26,1.95,LargeCentralMetro,1,0,0,0,0,0,West Midlands,,Dudley 027,30.0,1,196.0,58.8,869
E02002039,8.0,6.0,5.97,0.0,8.52,1.27,87.12,3.09,LargeCentralMetro,1,0,0,0,0,0,West Midlands,2,Dudley 040,72.0,1,67.0,48.239999999999995,624
E02002018,8.0,6.0,23.2,50.41,1.76,0.31,96.06,1.87,LargeCentralMetro,1,0,0,0,0,0,West Midlands,3,Dudley 019,38.08,2,319.0,121.49000000000001,1823
E02002017,3.0,8.0,48.17,49.26,14.88,4.02,75.64,5.47,LargeCentralMetro,1,0,0,0,0,0,West Midlands,,Dudley 018,22.0,1,191.0,42.02,952
E02002001,4.0,7.0,27.14,52.44,2.96,1.2,93.37,2.47,LargeCentralMetro,1,0,0,0,0,0,West Midlands,7,Dudley 002,34.0,1,210.0,71.4,1127
E02002033,6.0,5.0,20.34,53.55,4.76,1.52,87.85,5.86,LargeCentralMetro,1,0,0,0,0,0,West Midlands,3,Dudley 034,42.0,1,236.0,99.11999999999999,1197
E02002034,5.0,7.0,12.61,49.46,4.09,1.27,92.14,2.5,LargeCentralMetro,1,0,0,0,0,0,West Midlands,2,Dudley 035,49.0,1,238.0,116.62,1213
E02002037,7.0,6.0,20.47,51.35,1.93,0.49,94.7,2.89,LargeCentralMetro,1,0,0,0,0,0,West Midlands,6,Dudley 038,32.0,1,127.0,40.64,812
E02002007,6.0,8.0,22.99,50.4,0.84,0.92,96.17,2.07,LargeCentralMetro,1,0,0,0,0,0,West Midlands,7,Dudley 008,45.0,1,187.0,84.15,1119
E02002004,3.0,8.0,25.43,48.01,3.75,3.54,89.19,3.53,LargeCentralMetro,1,0,0,0,0,0,West Midlands,6,Dudley 005,34.0,1,232.0,78.88000000000001,1106
E02002038,5.0,5.0,32.22,49.09,5.31,2.41,85.39,6.89,LargeCentralMetro,1,0,0,0,0,0,West Midlands,3,Dudley 039,42.0,1,270.0,113.39999999999999,1699
E02002010,2.0,10.0,40.48,52.15,27.65,11.28,54.0,7.07,LargeCentralMetro,1,0,0,0,0,0,West Midlands,4,Dudley 011,31.0,1,126.0,39.06,604
E02002008,7.0,6.0,30.3,52.3,11.35,3.32,81.71,3.62,LargeCentralMetro,1,0,0,0,0,0,West Midlands,3,Dudley 009,53.0,1,132.0,69.96000000000001,870
E02002011,8.0,6.0,15.03,50.11,2.64,0.51,94.95,1.9,LargeCentralMetro,1,0,0,0,0,0,West Midlands,3,Dudley 012,53.0,1,173.0,91.69,900
E02002065,3.0,2.0,31.82,46.6,64.1,10.36,14.19,11.34,LargeCentralMetro,1,0,0,0,0,0,West Midlands,4,Sandwell 023,26.76,2,440.0,117.74,2762
E02002077,3.0,7.0,41.47,48.63,14.08,4.91,73.84,7.18,LargeCentralMetro,1,0,0,0,0,0,West Midlands,4,Sandwell 035,33.0,1,217.0,71.61,1497
E02002045,4.0,5.0,44.51,47.91,11.79,4.25,79.69,4.26,LargeCentralMetro,1,0,0,0,0,0,West Midlands,6,Sandwell 003,22.0,1,164.0,36.08,958
E02002061,3.0,5.0,48.21,74.72,48.9,7.85,33.0,10.25,LargeCentralMetro,1,0,0,0,0,0,West Midlands,4,Sandwell 019,26.0,1,112.0,29.12,265
E02002052,2.0,6.0,41.74,49.13,20.15,11.2,61.33,7.33,LargeCentralMetro,1,0,0,0,0,0,West Midlands,7,Sandwell 010,28.0,1,242.0,67.76,1775
E02002072,4.0,5.0,38.08,47.48,23.74,9.21,58.17,8.88,LargeCentralMetro,1,0,0,0,0,0,West Midlands,2,Sandwell 030,30.0,2,302.0,90.6,2127
E02002073,2.0,4.0,37.43,48.4,29.48,8.98,50.42,11.13,LargeCentralMetro,1,0,0,0,0,0,West Midlands,2,Sandwell 031,37.0,1,179.0,66.23,938
E02006944,2.0,2.0,50.82,46.05,52.87,19.93,14.24,12.97,LargeCentralMetro,1,0,0,0,0,0,West Midlands,4,Sandwell 041,34.0,1,183.0,62.220000000000006,1279
E02002060,2.0,5.0,35.86,53.6,34.46,8.73,46.28,10.53,LargeCentralMetro,1,0,0,0,0,0,West Midlands,5,Sandwell 018,36.0,1,198.0,71.28,1278
E02002048,6.0,2.0,21.97,47.62,29.9,5.27,57.75,7.07,LargeCentralMetro,1,0,0,0,0,0,West Midlands,5,Sandwell 006,47.0,1,173.0,81.31,1094
E02002049,4.0,5.0,29.01,48.27,7.63,6.42,81.72,4.23,LargeCentralMetro,1,0,0,0,0,0,West Midlands,6,Sandwell 007,26.0,1,162.0,42.120000000000005,1067
E02002063,3.0,4.0,35.11,48.61,33.01,11.18,46.79,9.03,LargeCentralMetro,1,0,0,0,0,0,West Midlands,7,Sandwell 021,29.0,1,188.0,54.519999999999996,1006
E02002043,3.0,7.0,28.34,47.77,16.26,3.26,75.86,4.63,LargeCentralMetro,1,0,0,0,0,0,West Midlands,4,Sandwell 001,34.0,1,247.0,83.98,1482
E02002071,2.0,6.0,35.19,48.07,6.57,4.1,83.82,5.51,LargeCentralMetro,1,0,0,0,0,0,West Midlands,4,Sandwell 029,34.0,1,216.0,73.44000000000001,1167
E02002093,6.0,7.0,28.14,47.59,16.86,2.14,74.83,6.17,LargeCentralMetro,1,0,0,0,0,0,West Midlands,5,Solihull 013,50.0,1,199.0,99.5,1017
E02002102,7.0,4.0,9.39,48.96,17.17,1.24,75.6,5.99,LargeCentralMetro,1,0,0,0,0,0,West Midlands,5,Solihull 022,65.54,2,490.0,321.16,3037
E02002106,9.0,3.0,8.51,48.33,5.66,0.79,89.89,3.66,LargeCentralMetro,1,0,0,0,0,0,West Midlands,4,Solihull 026,67.0,1,235.0,157.45000000000002,1703
E02002103,8.0,4.0,23.21,49.03,10.26,0.84,85.42,3.48,LargeCentralMetro,1,0,0,0,0,0,West Midlands,2,Solihull 023,48.0,1,224.0,107.52,1183
E02002105,10.0,2.0,9.95,51.11,5.25,0.63,91.13,2.99,MediumMetro,0,0,1,0,0,0,West Midlands,8,Solihull 025,48.0,1,201.0,96.47999999999999,1213
E02002084,1.0,9.0,45.27,48.08,3.48,4.46,85.69,6.37,LargeCentralMetro,1,0,0,0,0,0,West Midlands,,Solihull 004,23.0,1,148.0,34.04,992
E02002087,2.0,10.0,41.23,47.44,3.15,3.34,86.26,7.26,LargeCentralMetro,1,0,0,0,0,0,West Midlands,4,Solihull 007,38.79,3,405.0,157.07999999999998,2386
E02002081,6.0,6.0,34.83,49.59,8.99,2.61,83.59,4.81,LargeCentralMetro,1,0,0,0,0,0,West Midlands,10,Solihull 001,39.0,1,178.0,69.42,1208
E02002092,5.0,6.0,23.73,48.23,13.24,1.42,80.69,4.65,LargeCentralMetro,1,0,0,0,0,0,West Midlands,7,Solihull 012,38.0,1,236.0,89.68,1128
E02002096,8.0,5.0,19.0,47.36,20.28,1.6,71.78,6.34,LargeCentralMetro,1,0,0,0,0,0,West Midlands,4,Solihull 016,31.0,1,200.0,62.0,1136
E02002141,9.0,2.0,21.49,49.72,15.17,1.61,78.19,5.03,LargeCentralMetro,1,0,0,0,0,0,West Midlands,7,Walsall 032,43.0,1,242.0,104.06,1450
E02002119,5.0,6.0,44.39,47.94,8.54,2.62,84.86,3.98,LargeCentralMetro,1,0,0,0,0,0,West Midlands,5,Walsall 010,25.0,1,223.0,55.75,1381
E02002147,1.0,6.0,58.65,51.15,12.79,5.59,76.64,4.98,LargeCentralMetro,1,0,0,0,0,0,West Midlands,6,Walsall 038,32.0,1,133.0,42.56,868
E02002128,5.0,6.0,43.03,50.82,8.3,2.45,85.45,3.8,LargeCentralMetro,1,0,0,0,0,0,West Midlands,7,Walsall 019,18.0,1,165.0,29.7,797
E02002135,2.0,7.0,56.74,50.91,43.03,9.17,39.51,8.3,LargeCentralMetro,1,0,0,0,0,0,West Midlands,4,Walsall 026,26.0,1,141.0,36.660000000000004,878
E02002139,2.0,7.0,53.03,50.82,38.29,10.65,42.76,8.31,LargeCentralMetro,1,0,0,0,0,0,West Midlands,1,Walsall 030,15.32,2,198.0,30.33,1157
E02002129,4.0,7.0,49.33,48.88,9.98,1.23,84.09,4.71,LargeCentralMetro,1,0,0,0,0,0,West Midlands,9,Walsall 020,25.0,1,150.0,37.5,1072
E02002131,9.0,3.0,31.38,50.29,9.35,1.48,85.72,3.45,LargeCentralMetro,1,0,0,0,0,0,West Midlands,4,Walsall 022,45.59,2,427.0,194.68,2567
E02002113,3.0,7.0,22.27,49.45,3.65,2.18,90.8,3.37,LargeCentralMetro,1,0,0,0,0,0,West Midlands,9,Walsall 004,37.0,1,229.0,84.73,1448
E02002148,7.0,4.0,23.28,52.49,11.0,3.31,81.19,4.51,LargeCentralMetro,1,0,0,0,0,0,West Midlands,6,Walsall 039,44.0,1,262.0,115.28,1587
E02002115,3.0,7.0,32.95,50.04,3.25,2.39,91.26,3.09,LargeCentralMetro,1,0,0,0,0,0,West Midlands,5,Walsall 006,31.0,1,173.0,53.63,1287
E02002146,2.0,4.0,46.77,49.52,46.57,4.55,42.13,6.76,LargeCentralMetro,1,0,0,0,0,0,West Midlands,4,Walsall 037,31.0,1,201.0,62.31,1361
E02002175,2.0,9.0,36.13,48.94,21.24,9.19,60.71,8.86,LargeCentralMetro,1,0,0,0,0,0,West Midlands,5,Wolverhampton 027,27.0,1,238.0,64.26,1512
E02002168,2.0,5.0,30.36,21.69,29.99,19.12,40.03,10.86,LargeCentralMetro,1,0,0,0,0,0,West Midlands,3,Wolverhampton 020,23.0,1,56.0,12.88,189
E02002177,2.0,6.0,51.5,48.25,29.65,14.05,45.0,11.31,LargeCentralMetro,1,0,0,0,0,0,West Midlands,,Wolverhampton 029,24.88,2,200.0,49.75,1573
E02002158,3.0,8.0,30.43,45.15,10.19,3.87,79.87,6.07,LargeCentralMetro,1,0,0,0,0,0,West Midlands,5,Wolverhampton 010,29.0,1,138.0,40.019999999999996,835
E02002152,2.0,8.0,52.73,51.41,5.44,9.87,76.79,7.9,LargeCentralMetro,1,0,0,0,0,0,West Midlands,6,Wolverhampton 004,26.47,2,256.0,67.77000000000001,1601
E02002176,4.0,4.0,26.45,49.46,12.31,4.49,74.48,8.72,LargeCentralMetro,1,0,0,0,0,0,West Midlands,6,Wolverhampton 028,55.0,1,242.0,133.10000000000002,1563
E02002171,2.0,7.0,51.91,49.4,19.21,6.39,65.72,8.67,LargeCentralMetro,1,0,0,0,0,0,West Midlands,6,Wolverhampton 023,24.42,2,262.0,63.97,1737
E02002178,5.0,4.0,50.33,45.22,50.61,5.48,32.25,11.67,LargeCentralMetro,1,0,0,0,0,0,West Midlands,8,Wolverhampton 030,26.0,1,151.0,39.26,951
E02002163,2.0,6.0,54.74,51.13,19.22,19.18,49.38,12.22,LargeCentralMetro,1,0,0,0,0,0,West Midlands,8,Wolverhampton 015,45.0,1,190.0,85.5,1193
E02002169,7.0,4.0,24.09,51.2,26.51,3.44,63.86,6.19,LargeCentralMetro,1,0,0,0,0,0,West Midlands,5,Wolverhampton 021,39.97,2,303.0,121.11,2119
E02002150,4.0,6.0,55.0,49.24,11.72,8.67,72.33,7.27,LargeCentralMetro,1,0,0,0,0,0,West Midlands,,Wolverhampton 002,19.0,1,120.0,22.8,721
E02002157,6.0,3.0,45.39,50.21,18.94,4.89,70.33,5.85,LargeCentralMetro,1,0,0,0,0,0,West Midlands,10,Wolverhampton 009,47.0,1,152.0,71.44,968
E02001345,7.0,7.0,48.48,45.83,1.22,0.39,96.41,1.98,LargeCentralMetro,1,0,0,0,0,0,North West,6,Knowsley 019,19.0,1,165.0,31.35,971
E02001329,1.0,10.0,66.67,48.74,1.23,0.68,95.93,2.15,LargeCentralMetro,1,0,0,0,0,0,North West,7,Knowsley 003,16.0,1,153.0,24.48,874
E02001341,1.0,10.0,57.63,49.26,0.83,0.75,96.69,1.73,LargeCentralMetro,1,0,0,0,0,0,North West,4,Knowsley 015,22.0,1,118.0,25.96,1007
E02001333,3.0,10.0,58.43,48.69,2.87,1.09,93.97,2.07,LargeCentralMetro,1,0,0,0,0,0,North West,7,Knowsley 007,18.0,1,166.0,29.88,801
E02001327,1.0,10.0,58.04,51.75,0.65,1.0,95.75,2.6,LargeCentralMetro,1,0,0,0,0,0,North West,6,Knowsley 001,20.0,1,143.0,28.6,885
E02001383,1.0,8.0,49.44,46.75,12.94,8.92,63.21,14.93,LargeCentralMetro,1,0,0,0,0,0,North West,1,Liverpool 037,34.68,2,180.0,62.43000000000001,785
E02001367,7.0,7.0,33.45,71.75,3.07,0.51,94.32,2.11,LargeCentralMetro,1,0,0,0,0,0,North West,3,Liverpool 021,53.48,2,287.0,153.48,1908
E02001389,2.0,10.0,31.25,99.67,6.42,6.71,69.56,17.31,LargeCentralMetro,1,0,0,0,0,0,North West,2,Liverpool 043,70.0,1,128.0,89.6,902
E02001396,2.0,8.0,71.43,46.45,3.2,2.78,86.83,7.2,LargeCentralMetro,1,0,0,0,0,0,North West,5,Liverpool 050,11.0,1,84.0,9.24,465
E02001366,2.0,10.0,33.9,0.0,4.51,3.18,85.99,6.32,LargeCentralMetro,1,0,0,0,0,0,North West,2,Liverpool 020,44.0,1,177.0,77.88,993
E02001387,9.0,5.0,37.1,42.82,4.46,1.14,88.79,5.61,LargeCentralMetro,1,0,0,0,0,0,North West,4,Liverpool 041,42.91,2,221.0,94.84,1609
E02001394,5.0,8.0,33.94,80.17,4.11,2.12,85.34,8.43,LargeCentralMetro,1,0,0,0,0,0,North West,2,Liverpool 048,46.86,2,277.0,129.79,1846
E02001401,6.0,7.0,28.48,99.8,3.68,0.74,92.78,2.8,LargeCentralMetro,1,0,0,0,0,0,North West,5,Liverpool 055,41.0,1,165.0,67.64999999999999,1010
E02001372,4.0,9.0,36.3,47.0,3.45,1.68,92.02,2.85,LargeCentralMetro,1,0,0,0,0,0,North West,6,Liverpool 026,34.48,2,427.0,147.23,2481
E02001350,2.0,9.0,57.98,99.56,3.85,3.57,89.71,2.87,LargeCentralMetro,1,0,0,0,0,0,North West,5,Liverpool 004,39.0,1,119.0,46.410000000000004,906
E02001351,2.0,10.0,36.14,43.91,3.17,3.02,91.1,2.7,LargeCentralMetro,1,0,0,0,0,0,North West,9,Liverpool 005,26.0,1,166.0,43.160000000000004,1175
E02001402,8.0,6.0,16.0,0.0,4.91,1.17,89.91,4.01,LargeCentralMetro,1,0,0,0,0,0,North West,2,Liverpool 056,57.0,1,150.0,85.49999999999999,996
E02001369,1.0,10.0,63.2,45.41,6.94,5.04,80.73,7.29,LargeCentralMetro,1,0,0,0,0,0,North West,2,Liverpool 023,25.0,1,231.0,57.75,1328
E02001404,2.0,10.0,60.16,46.78,2.58,1.71,92.28,3.43,LargeCentralMetro,1,0,0,0,0,0,North West,6,Liverpool 058,16.0,1,123.0,19.68,729
E02001374,2.0,10.0,69.06,43.77,7.93,9.51,70.47,12.08,LargeCentralMetro,1,0,0,0,0,0,North West,2,Liverpool 028,19.0,1,139.0,26.41,811
E02001393,9.0,4.0,37.97,39.37,6.21,0.79,89.1,3.9,LargeCentralMetro,1,0,0,0,0,0,North West,3,Liverpool 047,33.0,1,237.0,78.21000000000001,1453
E02001412,6.0,8.0,44.09,49.5,0.99,0.47,97.24,1.3,LargeCentralMetro,1,0,0,0,0,0,North West,10,St. Helens 007,38.0,1,220.0,83.6,1511
E02001420,5.0,8.0,38.95,49.03,1.24,0.35,96.32,2.1,LargeCentralMetro,1,0,0,0,0,0,North West,4,St. Helens 015,29.0,1,172.0,49.879999999999995,1134
E02001422,1.0,10.0,48.8,49.14,1.33,0.66,95.84,2.18,LargeCentralMetro,1,0,0,0,0,0,North West,5,St. Helens 017,30.0,1,125.0,37.5,814
E02006935,2.0,10.0,37.79,49.92,1.67,0.6,96.31,1.42,LargeCentralMetro,1,0,0,0,0,0,North West,7,St. Helens 024,31.0,1,217.0,67.27,1188
E02001463,3.0,10.0,67.31,47.29,2.55,0.43,95.09,1.93,LargeCentralMetro,1,0,0,0,0,0,North West,3,Sefton 035,15.0,1,52.0,7.8,277
E02001466,2.0,10.0,51.06,49.16,1.96,1.68,92.2,4.17,LargeCentralMetro,1,0,0,0,0,0,North West,4,Sefton 038,22.0,1,141.0,31.02,655
E02001459,3.0,9.0,45.38,52.57,1.01,0.67,97.26,1.06,LargeCentralMetro,1,0,0,0,0,0,North West,5,Sefton 031,29.0,1,119.0,34.51,565
E02001431,5.0,10.0,26.12,43.95,1.59,0.6,95.85,1.95,LargeCentralMetro,1,0,0,0,0,0,North West,,Sefton 003,40.0,1,134.0,53.6,603
E02001447,6.0,7.0,16.45,49.41,0.71,0.23,97.71,1.35,LargeCentralMetro,1,0,0,0,0,0,North West,8,Sefton 019,37.36,2,462.0,172.62,2700
E02001449,6.0,7.0,25.99,49.1,0.87,0.19,97.32,1.62,LargeCentralMetro,1,0,0,0,0,0,North West,6,Sefton 021,33.06,2,304.0,100.50999999999999,2047
E02001443,10.0,3.0,9.33,47.26,0.87,0.18,97.48,1.47,LargeCentralMetro,1,0,0,0,0,0,North West,6,Sefton 015,51.0,1,193.0,98.43,1115
E02001439,4.0,7.0,23.73,0.0,1.16,0.26,96.32,2.26,LargeCentralMetro,1,0,0,0,0,0,North West,3,Sefton 011,48.0,1,118.0,56.64,711
E02001448,8.0,5.0,27.68,54.08,0.52,0.19,98.18,1.11,LargeCentralMetro,1,0,0,0,0,0,North West,8,Sefton 020,24.0,1,177.0,42.48,871
E02001438,6.0,6.0,19.89,47.02,0.79,0.39,96.29,2.53,LargeCentralMetro,1,0,0,0,0,0,North West,6,Sefton 010,47.0,1,176.0,82.72,1042
E02001442,8.0,4.0,16.56,49.69,1.24,0.23,96.81,1.72,LargeCentralMetro,1,0,0,0,0,0,North West,5,Sefton 014,50.0,1,163.0,81.5,1147
E02001437,7.0,7.0,18.09,100.0,1.63,0.33,96.23,1.81,LargeCentralMetro,1,0,0,0,0,0,North West,9,Sefton 009,57.0,1,199.0,113.42999999999999,991
E02001469,6.0,9.0,42.93,22.88,1.72,0.28,96.1,1.91,LargeCentralMetro,1,0,0,0,0,0,North West,4,Wirral 003,22.83,2,410.0,93.6,2286
E02001491,2.0,10.0,34.46,43.31,2.6,0.5,95.8,1.1,LargeCentralMetro,1,0,0,0,0,0,North West,7,Wirral 025,31.0,1,267.0,82.77,1413
E02001503,8.0,8.0,17.02,47.76,1.49,0.37,96.01,2.13,LargeCentralMetro,1,0,0,0,0,0,North West,5,Wirral 037,35.0,1,94.0,32.9,693
E02001494,10.0,5.0,22.91,37.42,2.52,0.47,94.64,2.36,LargeCentralMetro,1,0,0,0,0,0,North West,3,Wirral 028,27.0,1,179.0,48.330000000000005,1109
E02001473,4.0,9.0,34.92,98.85,2.22,0.14,95.76,1.88,LargeCentralMetro,1,0,0,0,0,0,North West,3,Wirral 007,44.0,1,252.0,110.88,1570
E02001498,6.0,8.0,32.17,46.5,2.21,0.22,95.77,1.8,LargeCentralMetro,1,0,0,0,0,0,North West,3,Wirral 032,31.0,1,230.0,71.3,1559
E02001486,7.0,10.0,71.58,41.58,2.96,0.57,93.15,3.32,LargeCentralMetro,1,0,0,0,0,0,North West,2,Wirral 020,26.0,1,95.0,24.7,606
E02001495,3.0,10.0,36.18,100.0,2.46,0.61,95.11,1.82,LargeCentralMetro,1,0,0,0,0,0,North West,3,Wirral 029,45.0,1,152.0,68.4,780
E02001490,7.0,9.0,50.36,38.56,3.42,0.27,94.88,1.43,LargeCentralMetro,1,0,0,0,0,0,North West,10,Wirral 024,19.0,1,137.0,26.03,734
E02001470,6.0,8.0,57.03,42.39,0.78,0.3,97.26,1.65,LargeCentralMetro,1,0,0,0,0,0,North West,3,Wirral 004,27.0,1,128.0,34.56,795
E02000994,2.0,8.0,23.0,0.0,50.35,7.79,35.79,6.07,LargeCentralMetro,1,0,0,0,0,0,North West,,Bolton 011,64.0,1,100.0,64.0,578
E02001004,2.0,5.0,53.57,60.76,55.7,16.88,19.53,7.89,LargeCentralMetro,1,0,0,0,0,0,North West,1,Bolton 021,23.0,1,56.0,12.88,158
E02001003,8.0,4.0,32.16,46.84,34.92,1.06,60.1,3.91,LargeCentralMetro,1,0,0,0,0,0,North West,6,Bolton 020,26.0,1,171.0,44.46,935
E02001011,9.0,6.0,24.39,47.79,3.4,0.86,92.88,2.85,LargeCentralMetro,1,0,0,0,0,0,North West,8,Bolton 028,38.0,1,164.0,62.32,1086
E02000985,9.0,5.0,15.74,49.61,1.74,0.28,96.05,1.93,LargeCentralMetro,1,0,0,0,0,0,North West,7,Bolton 002,40.0,1,235.0,94.0,1540
E02001007,6.0,7.0,34.46,48.78,2.84,0.88,94.55,1.73,LargeCentralMetro,1,0,0,0,0,0,North West,9,Bolton 024,45.0,1,148.0,66.60000000000001,980
E02000986,8.0,5.0,39.2,48.88,16.31,0.69,80.59,2.41,LargeCentralMetro,1,0,0,0,0,0,North West,8,Bolton 003,59.0,1,125.0,73.75,941
E02000991,7.0,6.0,46.59,52.45,17.68,1.34,77.79,3.19,LargeCentralMetro,1,0,0,0,0,0,North West,4,Bolton 008,31.0,1,176.0,54.56,877
E02000990,7.0,6.0,19.75,48.57,4.08,1.12,92.1,2.69,LargeCentralMetro,1,0,0,0,0,0,North West,7,Bolton 007,36.0,1,162.0,58.32,877
E02001006,3.0,4.0,44.41,63.95,58.51,6.32,28.24,6.93,LargeCentralMetro,1,0,0,0,0,0,North West,1,Bolton 023,52.65,2,286.0,150.57999999999998,1573
E02001017,5.0,5.0,49.5,46.64,2.07,1.34,94.04,2.55,LargeCentralMetro,1,0,0,0,0,0,North West,8,Bolton 034,53.0,1,101.0,53.53,596
E02000988,4.0,7.0,29.15,49.97,33.15,2.95,60.14,3.76,LargeCentralMetro,1,0,0,0,0,0,North West,5,Bolton 005,48.0,1,223.0,107.03999999999999,1493
E02001035,7.0,4.0,29.5,49.06,7.21,0.79,89.14,2.86,LargeCentralMetro,1,0,0,0,0,0,North West,,Bury 017,38.0,1,139.0,52.82,744
E02001024,7.0,5.0,19.69,49.32,2.05,0.93,95.19,1.84,LargeCentralMetro,1,0,0,0,0,0,North West,4,Bury 006,38.0,1,193.0,73.34,1030
E02001041,3.0,5.0,5.71,0.0,7.54,2.47,83.51,6.48,LargeCentralMetro,1,0,0,0,0,0,North West,2,Bury 023,51.0,1,35.0,17.85,175
E02001029,4.0,8.0,38.24,49.37,37.97,2.17,54.8,5.05,LargeCentralMetro,1,0,0,0,0,0,North West,5,Bury 011,41.0,1,170.0,69.7,948
E02006913,4.0,5.0,,50.0,41.77,9.33,39.16,9.74,LargeCentralMetro,1,0,0,0,0,0,North West,,Manchester 056,,2,0.0,0.0,480
E02001070,3.0,4.0,,41.94,40.89,7.06,41.14,10.92,LargeCentralMetro,1,0,0,0,0,0,North West,,Manchester 026,,1,0.0,0.0,422
E02001064,1.0,7.0,60.43,43.96,36.92,21.08,30.82,11.18,LargeCentralMetro,1,0,0,0,0,0,North West,2,Manchester 020,38.0,2,187.0,71.06,1879
E02001078,4.0,7.0,42.71,100.0,38.54,3.96,48.29,9.2,LargeCentralMetro,1,0,0,0,0,0,North West,1,Manchester 034,56.0,1,199.0,111.44000000000001,996
E02001047,2.0,9.0,53.0,52.95,8.07,16.57,69.39,5.97,LargeCentralMetro,1,0,0,0,0,0,North West,4,Manchester 003,19.0,1,200.0,38.0,1033
E02001059,2.0,8.0,57.63,49.07,14.52,23.25,49.47,12.76,LargeCentralMetro,1,0,0,0,0,0,North West,4,Manchester 015,23.0,1,177.0,40.71,970
E02001089,6.0,4.0,33.68,48.38,21.82,1.68,66.89,9.61,LargeCentralMetro,1,0,0,0,0,0,North West,4,Manchester 045,42.4,2,481.0,203.96,2865
E02001074,3.0,8.0,45.52,100.0,31.19,12.63,39.71,16.47,LargeCentralMetro,1,0,0,0,0,0,North West,10,Manchester 030,39.0,1,268.0,104.52000000000001,1575
E02001077,7.0,5.0,33.9,42.72,20.02,2.84,69.66,7.48,LargeCentralMetro,1,0,0,0,0,0,North West,4,Manchester 033,53.0,1,295.0,156.35,1491
E02001083,8.0,5.0,38.89,47.66,9.67,4.42,75.64,10.27,LargeCentralMetro,1,0,0,0,0,0,North West,5,Manchester 039,41.0,1,144.0,59.04,728
E02001095,1.0,10.0,59.12,53.43,6.86,6.66,80.55,5.93,LargeCentralMetro,1,0,0,0,0,0,North West,8,Manchester 051,23.0,1,159.0,36.57,743
E02001094,1.0,10.0,56.34,47.33,7.77,9.0,75.99,7.25,LargeCentralMetro,1,0,0,0,0,0,North West,5,Manchester 050,23.0,1,142.0,32.660000000000004,991
E02001067,2.0,7.0,48.65,44.54,24.55,23.55,42.22,9.68,LargeCentralMetro,1,0,0,0,0,0,North West,3,Manchester 023,26.0,1,148.0,38.480000000000004,824
E02001085,1.0,9.0,46.97,0.0,26.84,5.97,54.84,12.34,LargeCentralMetro,1,0,0,0,0,0,North West,6,Manchester 041,44.0,1,198.0,87.12,887
E02001045,1.0,10.0,63.29,55.72,5.59,11.73,76.73,5.95,LargeCentralMetro,1,0,0,0,0,0,North West,7,Manchester 001,34.0,1,158.0,53.720000000000006,831
E02001063,3.0,2.0,38.27,49.86,18.52,17.53,48.17,15.78,LargeCentralMetro,1,0,0,0,0,0,North West,1,Manchester 019,35.0,1,243.0,85.05,1384
E02001052,3.0,7.0,6.19,51.34,62.96,6.85,18.43,11.76,LargeCentralMetro,1,0,0,0,0,0,North West,1,Manchester 008,74.0,1,97.0,71.78,783
E02001069,2.0,3.0,70.05,34.33,29.99,20.63,31.65,17.72,LargeCentralMetro,1,0,0,0,0,0,North West,1,Manchester 025,32.0,1,197.0,63.04,1069
E02001053,1.0,9.0,68.49,48.22,11.78,28.74,49.49,9.98,LargeCentralMetro,1,0,0,0,0,0,North West,4,Manchester 009,28.0,1,219.0,61.32000000000001,1122
E02001046,2.0,10.0,58.64,48.65,10.97,15.63,65.55,7.86,LargeCentralMetro,1,0,0,0,0,0,North West,6,Manchester 002,30.0,1,162.0,48.6,1149
E02001130,5.0,8.0,35.06,49.03,2.03,2.46,92.71,2.79,LargeCentralMetro,1,0,0,0,0,0,North West,,Oldham 033,27.0,1,271.0,73.17,1448
E02001126,2.0,9.0,40.38,51.22,23.45,5.44,65.75,5.36,LargeCentralMetro,1,0,0,0,0,0,North West,4,Oldham 029,35.0,1,208.0,72.8,1064
E02001107,6.0,6.0,20.35,49.9,34.77,2.09,59.72,3.42,LargeCentralMetro,1,0,0,0,0,0,North West,7,Oldham 010,48.0,1,231.0,110.88,1493
E02001098,5.0,7.0,16.16,54.95,1.82,0.44,96.2,1.55,LargeCentralMetro,1,0,0,0,0,0,North West,7,Oldham 001,45.0,1,198.0,89.10000000000001,1343
E02001106,5.0,9.0,55.5,50.7,9.85,1.28,86.53,2.34,LargeCentralMetro,1,0,0,0,0,0,North West,5,Oldham 009,29.0,1,218.0,63.22,1138
E02001110,9.0,6.0,39.92,49.85,1.08,0.31,96.8,1.81,LargeCentralMetro,1,0,0,0,0,0,North West,5,Oldham 013,28.0,1,253.0,70.84,1302
E02001111,1.0,10.0,12.92,54.07,31.94,16.37,43.72,7.97,LargeCentralMetro,1,0,0,0,0,0,North West,2,Oldham 014,63.0,1,240.0,151.2,1683
E02001127,2.0,9.0,54.77,48.21,9.72,4.36,81.9,4.01,LargeCentralMetro,1,0,0,0,0,0,North West,2,Oldham 030,25.0,1,241.0,60.25,1369
E02001149,2.0,10.0,21.74,51.76,3.33,3.71,90.11,2.85,LargeCentralMetro,1,0,0,0,0,0,North West,4,Rochdale 018,59.0,1,115.0,67.85,682
E02001154,4.0,9.0,35.45,49.18,2.51,3.95,90.36,3.19,LargeCentralMetro,1,0,0,0,0,0,North West,9,Rochdale 023,40.0,1,220.0,88.0,1283
E02001152,3.0,9.0,45.69,51.9,3.96,7.21,84.97,3.86,LargeCentralMetro,1,0,0,0,0,0,North West,6,Rochdale 021,31.54,2,267.0,84.22,1846
E02001145,6.0,9.0,31.73,48.57,1.24,0.44,96.02,2.3,LargeCentralMetro,1,0,0,0,0,0,North West,10,Rochdale 014,51.0,1,249.0,126.99000000000001,1297
E02001135,2.0,10.0,26.56,46.05,29.14,3.36,61.48,6.02,LargeCentralMetro,1,0,0,0,0,0,North West,10,Rochdale 004,44.0,1,241.0,106.04,1216
E02001162,4.0,8.0,31.1,50.43,3.52,3.89,89.38,3.21,LargeCentralMetro,1,0,0,0,0,0,North West,10,Salford 006,36.3,2,299.0,108.53,1868
E02001181,2.0,8.0,39.48,48.22,4.34,5.89,85.47,4.3,LargeCentralMetro,1,0,0,0,0,0,North West,8,Salford 025,47.05,2,271.0,127.51000000000002,1574
E02001186,4.0,9.0,44.88,49.5,2.79,1.61,93.07,2.53,LargeCentralMetro,1,0,0,0,0,0,North West,,Salford 030,22.0,1,127.0,27.94,604
E02001166,7.0,3.0,5.17,100.0,7.81,3.09,80.53,8.56,LargeCentralMetro,1,0,0,0,0,0,North West,1,Salford 010,59.0,1,58.0,34.22,334
E02001177,4.0,10.0,53.39,49.2,7.02,7.05,80.12,5.81,LargeCentralMetro,1,0,0,0,0,0,North West,7,Salford 021,43.0,1,118.0,50.74,628
E02006961,1.0,9.0,60.58,50.08,7.64,14.33,69.51,8.52,LargeCentralMetro,1,0,0,0,0,0,North West,2,Salford 035,28.0,1,104.0,29.120000000000005,617
E02001189,5.0,7.0,43.29,48.31,3.85,1.12,90.88,4.15,LargeCentralMetro,1,0,0,0,0,0,North West,,Stockport 003,20.0,1,164.0,32.800000000000004,859
E02001213,8.0,8.0,28.24,48.37,6.14,0.99,88.68,4.19,LargeCentralMetro,1,0,0,0,0,0,North West,3,Stockport 027,46.0,1,216.0,99.36,1197
E02001219,9.0,6.0,20.31,45.76,3.39,0.44,94.15,2.03,LargeCentralMetro,1,0,0,0,0,0,North West,3,Stockport 033,45.0,1,192.0,86.4,1414
E02001223,9.0,5.0,15.84,48.46,8.54,0.48,86.51,4.47,LargeCentralMetro,1,0,0,0,0,0,North West,5,Stockport 037,56.0,1,202.0,113.12,1005
E02001227,9.0,2.0,15.81,50.87,5.46,0.35,91.2,2.99,LargeCentralMetro,1,0,0,0,0,0,North West,2,Stockport 041,67.0,1,272.0,182.24,1663
E02001225,8.0,5.0,10.32,46.35,6.95,0.84,88.79,3.42,LargeCentralMetro,1,0,0,0,0,0,North West,2,Stockport 039,65.0,1,155.0,100.75,794
E02001198,4.0,9.0,24.29,51.56,2.5,0.94,93.9,2.66,LargeCentralMetro,1,0,0,0,0,0,North West,3,Stockport 012,36.0,1,140.0,50.4,735
E02001204,6.0,9.0,56.0,51.32,4.6,1.09,90.25,4.07,LargeCentralMetro,1,0,0,0,0,0,North West,5,Stockport 018,30.0,1,125.0,37.5,869
E02001214,7.0,7.0,20.76,47.94,23.95,1.4,66.21,8.44,LargeCentralMetro,1,0,0,0,0,0,North West,3,Stockport 028,48.0,1,289.0,138.72,1483
E02001239,3.0,8.0,31.42,75.36,5.08,4.33,86.36,4.23,LargeCentralMetro,1,0,0,0,0,0,North West,4,Tameside 011,50.55,2,331.0,167.32999999999998,1859
E02001258,7.0,8.0,22.45,51.68,3.12,0.69,94.0,2.19,LargeCentralMetro,1,0,0,0,0,0,North West,8,Tameside 030,44.0,1,147.0,64.68,803
E02001230,5.0,7.0,37.95,54.47,22.57,2.04,73.17,2.21,LargeCentralMetro,1,0,0,0,0,0,North West,5,Tameside 002,38.55,2,390.0,150.36,2080
E02001249,5.0,8.0,28.67,52.29,4.44,3.22,88.96,3.38,LargeCentralMetro,1,0,0,0,0,0,North West,5,Tameside 021,55.0,1,150.0,82.5,765
E02001246,3.0,8.0,35.59,65.89,3.4,2.04,92.07,2.5,LargeCentralMetro,1,0,0,0,0,0,North West,6,Tameside 018,32.0,1,118.0,37.76,604
E02001247,3.0,8.0,21.43,0.0,5.03,3.21,88.09,3.68,LargeCentralMetro,1,0,0,0,0,0,North West,5,Tameside 019,63.0,1,182.0,114.66,997
E02001236,2.0,9.0,16.67,0.0,4.99,3.22,88.5,3.29,LargeCentralMetro,1,0,0,0,0,0,North West,3,Tameside 008,38.0,1,168.0,63.84,837
E02001237,4.0,8.0,38.52,62.96,3.17,1.09,93.59,2.15,LargeCentralMetro,1,0,0,0,0,0,North West,6,Tameside 009,23.0,1,122.0,28.060000000000002,683
E02001268,9.0,8.0,20.59,100.0,3.25,0.71,92.73,3.31,LargeCentralMetro,1,0,0,0,0,0,North West,3,Trafford 010,33.0,1,170.0,56.1,924
E02001265,6.0,8.0,23.31,0.0,2.0,1.19,93.5,3.31,LargeCentralMetro,1,0,0,0,0,0,North West,5,Trafford 007,32.0,1,133.0,42.56,625
E02001275,2.0,10.0,45.57,51.74,2.36,2.65,90.7,4.29,LargeCentralMetro,1,0,0,0,0,0,North West,8,Trafford 017,28.0,1,79.0,22.12,402
E02001264,6.0,7.0,40.91,39.89,18.98,5.63,67.8,7.59,LargeCentralMetro,1,0,0,0,0,0,North West,7,Trafford 006,30.0,1,66.0,19.8,361
E02001284,10.0,2.0,26.71,51.64,7.39,0.78,87.19,4.63,LargeCentralMetro,1,0,0,0,0,0,North West,3,Trafford 026,45.0,1,161.0,72.45,947
E02001261,4.0,7.0,40.38,41.4,17.98,9.63,62.24,10.15,LargeCentralMetro,1,0,0,0,0,0,North West,2,Trafford 003,44.0,1,156.0,68.64,884
E02001281,10.0,4.0,9.7,51.94,7.97,0.91,87.23,3.89,LargeCentralMetro,1,0,0,0,0,0,North West,1,Trafford 023,56.0,1,237.0,132.72,1394
E02001282,8.0,5.0,18.13,49.28,12.57,1.21,80.55,5.67,LargeCentralMetro,1,0,0,0,0,0,North West,2,Trafford 024,47.0,1,193.0,90.71,1394
E02001274,9.0,7.0,15.81,43.97,14.43,2.12,77.69,5.75,LargeCentralMetro,1,0,0,0,0,0,North West,3,Trafford 016,48.0,1,253.0,121.44,1419
E02001283,8.0,4.0,11.59,47.98,13.42,1.05,79.41,6.13,LargeCentralMetro,1,0,0,0,0,0,North West,2,Trafford 025,46.0,1,69.0,31.740000000000002,519
E02001315,8.0,7.0,17.65,50.61,2.84,1.51,93.06,2.58,LargeCentralMetro,1,0,0,0,0,0,North West,6,Wigan 029,44.0,1,238.0,104.72,1549
E02001297,4.0,9.0,48.06,49.92,0.98,0.55,97.02,1.45,LargeCentralMetro,1,0,0,0,0,0,North West,,Wigan 011,31.0,1,129.0,39.99,665
E02001309,6.0,8.0,41.43,46.73,1.93,1.25,94.79,2.04,LargeCentralMetro,1,0,0,0,0,0,North West,4,Wigan 023,17.0,1,70.0,11.9,398
E02001289,8.0,6.0,7.09,48.02,0.97,0.26,97.52,1.25,LargeCentralMetro,1,0,0,0,0,0,North West,6,Wigan 003,52.0,1,127.0,66.04,681
E02001326,7.0,6.0,34.07,49.28,1.29,0.67,96.4,1.64,LargeCentralMetro,1,0,0,0,0,0,North West,9,Wigan 040,32.0,1,91.0,29.12,623
E02001322,7.0,8.0,17.92,51.03,0.93,0.11,98.17,0.79,LargeCentralMetro,1,0,0,0,0,0,North West,9,Wigan 036,46.0,3,558.0,256.69,3020
E02001325,8.0,6.0,18.87,47.85,1.51,0.75,96.41,1.34,LargeCentralMetro,1,0,0,0,0,0,North West,8,Wigan 039,57.0,1,159.0,90.63,905
E02001308,6.0,8.0,21.49,48.73,1.26,1.27,95.88,1.59,LargeCentralMetro,1,0,0,0,0,0,North West,4,Wigan 022,45.0,1,242.0,108.9,1301
E02001306,6.0,7.0,15.71,50.62,0.89,0.57,97.16,1.37,LargeCentralMetro,1,0,0,0,0,0,North West,9,Wigan 020,42.0,1,191.0,80.22,1043
E02001294,6.0,7.0,34.67,53.65,3.14,1.4,92.43,3.03,LargeCentralMetro,1,0,0,0,0,0,North West,5,Wigan 008,28.0,1,225.0,63.00000000000001,1368
E02001291,4.0,7.0,31.02,49.02,1.83,1.3,94.59,2.28,LargeCentralMetro,1,0,0,0,0,0,North West,5,Wigan 005,32.0,1,187.0,59.84,971
E02001304,9.0,6.0,10.99,49.49,0.79,0.31,97.75,1.14,LargeCentralMetro,1,0,0,0,0,0,North West,9,Wigan 018,50.0,1,182.0,91.0,980
E02001320,5.0,7.0,34.44,49.33,1.91,1.19,94.8,2.1,LargeCentralMetro,1,0,0,0,0,0,North West,6,Wigan 034,26.0,1,180.0,46.800000000000004,975
E02001510,2.0,9.0,51.61,48.63,0.69,0.27,98.18,0.86,LargeCentralMetro,1,0,0,0,0,0,Yorkshire and the Humber,6,Barnsley 002,40.0,1,155.0,62.0,985
E02001511,4.0,8.0,40.54,52.36,0.36,0.39,98.48,0.77,LargeCentralMetro,1,0,0,0,0,0,Yorkshire and the Humber,9,Barnsley 003,39.0,1,185.0,72.15,1167
E02001536,5.0,9.0,31.98,47.49,0.56,0.47,98.01,0.96,LargeCentralMetro,1,0,0,0,0,0,Yorkshire and the Humber,10,Barnsley 028,57.0,1,197.0,112.28999999999999,1194
E02001531,3.0,9.0,32.06,50.17,0.93,0.71,96.79,1.57,LargeCentralMetro,1,0,0,0,0,0,Yorkshire and the Humber,,Barnsley 023,28.0,1,209.0,58.52,1164
E02001524,8.0,5.0,11.03,48.78,0.84,0.18,97.9,1.08,Micropolitan,0,0,0,0,1,0,Yorkshire and the Humber,8,Barnsley 016,56.0,1,272.0,152.32000000000002,1636
E02001526,1.0,10.0,41.82,50.81,0.59,1.49,95.7,2.22,LargeCentralMetro,1,0,0,0,0,0,Yorkshire and the Humber,9,Barnsley 018,37.0,1,165.0,61.05,805
E02001557,4.0,8.0,35.81,50.32,12.08,3.47,78.93,5.52,LargeCentralMetro,1,0,0,0,0,0,Yorkshire and the Humber,2,Doncaster 019,39.03,3,310.0,121.0,2313
E02001564,8.0,5.0,16.54,50.66,1.76,0.44,95.73,2.07,LargeCentralMetro,1,0,0,0,0,0,Yorkshire and the Humber,6,Doncaster 026,40.0,1,266.0,106.4,1593
E02001544,4.0,6.0,43.52,50.22,1.22,0.2,97.19,1.38,LargeCentralMetro,1,0,0,0,0,0,Yorkshire and the Humber,7,Doncaster 006,35.0,1,108.0,37.8,667
E02001556,2.0,8.0,40.54,52.49,8.64,1.56,84.32,5.48,LargeCentralMetro,1,0,0,0,0,0,Yorkshire and the Humber,10,Doncaster 018,49.0,1,185.0,90.64999999999999,1044
E02001572,2.0,9.0,26.22,51.64,0.86,1.23,96.36,1.54,LargeCentralMetro,1,0,0,0,0,0,Yorkshire and the Humber,,Doncaster 034,41.0,1,164.0,67.24,916
E02001552,4.0,8.0,26.19,45.53,2.27,0.82,94.64,2.26,LargeCentralMetro,1,0,0,0,0,0,Yorkshire and the Humber,8,Doncaster 014,33.0,1,84.0,27.720000000000002,492
E02001550,5.0,5.0,41.78,54.54,0.83,0.53,97.17,1.47,LargeCentralMetro,1,0,0,0,0,0,Yorkshire and the Humber,7,Doncaster 012,41.0,1,146.0,59.86,1014
E02001554,7.0,4.0,18.14,51.09,1.58,0.3,96.55,1.57,LargeCentralMetro,1,0,0,0,0,0,Yorkshire and the Humber,8,Doncaster 016,48.0,1,226.0,108.47999999999999,1374
E02001549,6.0,6.0,15.84,48.49,1.78,0.45,96.45,1.33,LargeCentralMetro,1,0,0,0,0,0,Yorkshire and the Humber,9,Doncaster 011,38.0,1,221.0,83.98,1194
E02001574,6.0,6.0,31.86,51.27,1.1,0.48,96.89,1.53,LargeCentralMetro,1,0,0,0,0,0,Yorkshire and the Humber,8,Doncaster 036,53.0,1,113.0,59.89,706
E02001576,6.0,5.0,13.07,50.45,2.28,0.62,94.76,2.34,MediumMetro,0,0,1,0,0,0,Yorkshire and the Humber,10,Doncaster 038,59.0,1,176.0,103.83999999999999,997
E02001541,3.0,7.0,22.44,52.46,0.66,0.33,97.7,1.31,LargeCentralMetro,1,0,0,0,0,0,Yorkshire and the Humber,7,Doncaster 003,24.0,1,205.0,49.199999999999996,1220
E02001573,3.0,8.0,34.71,54.06,0.6,0.23,98.1,1.07,LargeCentralMetro,1,0,0,0,0,0,Yorkshire and the Humber,9,Doncaster 035,36.0,1,121.0,43.559999999999995,727
E02001547,3.0,6.0,36.27,48.1,1.22,1.09,95.92,1.77,LargeCentralMetro,1,0,0,0,0,0,Yorkshire and the Humber,8,Doncaster 009,32.0,1,193.0,61.76,1108
E02001540,4.0,7.0,40.0,50.27,0.7,0.34,97.69,1.27,Micropolitan,0,0,0,0,1,0,Yorkshire and the Humber,6,Doncaster 002,38.0,1,120.0,45.6,744
E02001595,6.0,7.0,35.36,47.89,0.93,0.24,97.94,0.89,LargeCentralMetro,1,0,0,0,0,0,Yorkshire and the Humber,8,Rotherham 018,38.0,1,181.0,68.78,1067
E02001582,3.0,8.0,38.04,51.52,1.14,0.29,97.44,1.13,LargeCentralMetro,1,0,0,0,0,0,Yorkshire and the Humber,7,Rotherham 005,29.0,1,163.0,47.269999999999996,988
E02001600,5.0,6.0,25.12,50.88,36.54,1.33,57.02,5.11,LargeCentralMetro,1,0,0,0,0,0,Yorkshire and the Humber,3,Rotherham 023,42.0,1,203.0,85.25999999999999,1018
E02001580,5.0,8.0,30.88,51.86,0.75,0.53,97.44,1.29,LargeCentralMetro,1,0,0,0,0,0,Yorkshire and the Humber,,Rotherham 003,49.0,1,136.0,66.64,860
E02001592,5.0,7.0,32.84,48.72,1.97,1.07,95.23,1.73,LargeCentralMetro,1,0,0,0,0,0,Yorkshire and the Humber,7,Rotherham 015,34.0,1,201.0,68.34,1055
E02001586,2.0,10.0,37.76,51.81,0.81,1.14,95.85,2.2,LargeCentralMetro,1,0,0,0,0,0,Yorkshire and the Humber,9,Rotherham 009,41.0,1,143.0,58.629999999999995,745
E02007002,7.0,7.0,16.67,50.84,4.17,0.71,93.13,1.99,LargeCentralMetro,1,0,0,0,0,0,Yorkshire and the Humber,8,Rotherham 034,52.0,1,336.0,174.72,2087
E02001603,2.0,8.0,22.34,51.42,1.07,0.89,96.71,1.32,LargeCentralMetro,1,0,0,0,0,0,Yorkshire and the Humber,6,Rotherham 026,54.0,1,291.0,157.14000000000001,1694
E02001608,6.0,7.0,24.19,51.55,1.5,0.79,95.82,1.88,MediumMetro,0,0,1,0,0,0,Yorkshire and the Humber,6,Rotherham 031,41.0,1,248.0,101.67999999999999,1744
E02001598,7.0,7.0,20.16,50.58,8.23,0.93,88.42,2.41,LargeCentralMetro,1,0,0,0,0,0,Yorkshire and the Humber,5,Rotherham 021,40.0,1,129.0,51.6,692
E02001602,5.0,6.0,33.04,51.08,4.48,1.37,91.63,2.52,LargeCentralMetro,1,0,0,0,0,0,Yorkshire and the Humber,9,Rotherham 025,30.0,1,227.0,68.1,1433
E02001632,1.0,6.0,19.39,48.88,27.08,20.41,30.92,21.59,LargeCentralMetro,1,0,0,0,0,0,Yorkshire and the Humber,,Sheffield 022,40.0,1,98.0,39.2,403
E02001652,4.0,2.0,27.72,25.22,29.33,6.74,56.95,6.97,LargeCentralMetro,1,0,0,0,0,0,Yorkshire and the Humber,1,Sheffield 042,21.0,1,101.0,21.21,460
E02001659,2.0,10.0,35.76,51.15,2.34,2.7,90.77,4.19,LargeCentralMetro,1,0,0,0,0,0,Yorkshire and the Humber,8,Sheffield 049,38.0,1,165.0,62.7,1048
E02001631,7.0,6.0,19.68,48.78,1.26,1.05,94.01,3.69,LargeCentralMetro,1,0,0,0,0,0,Yorkshire and the Humber,4,Sheffield 021,36.0,1,188.0,67.67999999999999,1269
E02001678,10.0,4.0,23.71,49.4,5.14,1.3,88.78,4.78,LargeCentralMetro,1,0,0,0,0,0,Yorkshire and the Humber,6,Sheffield 068,60.0,1,194.0,116.39999999999999,1324
E02001647,4.0,8.0,34.16,47.91,7.57,1.69,86.26,4.48,LargeCentralMetro,1,0,0,0,0,0,Yorkshire and the Humber,9,Sheffield 037,37.0,1,202.0,74.74,1006
E02001674,9.0,6.0,30.89,49.56,2.32,1.33,92.87,3.48,LargeCentralMetro,1,0,0,0,0,0,Yorkshire and the Humber,4,Sheffield 064,39.27,2,518.0,203.42,2833
E02001648,10.0,2.0,13.24,53.8,7.1,1.43,85.23,6.24,LargeCentralMetro,1,0,0,0,0,0,Yorkshire and the Humber,1,Sheffield 038,63.0,1,204.0,128.52,1461
E02001653,2.0,8.0,27.23,54.53,10.43,9.66,68.69,11.22,LargeCentralMetro,1,0,0,0,0,0,Yorkshire and the Humber,1,Sheffield 043,45.0,1,202.0,90.9,1412
E02001620,1.0,10.0,60.77,52.73,13.17,8.09,71.0,7.73,LargeCentralMetro,1,0,0,0,0,0,Yorkshire and the Humber,5,Sheffield 010,20.0,1,181.0,36.2,1136
E02001665,10.0,2.0,12.02,50.72,7.06,1.24,86.97,4.72,LargeCentralMetro,1,0,0,0,0,0,Yorkshire and the Humber,5,Sheffield 055,64.0,1,183.0,117.12,1384
E02001643,9.0,4.0,20.63,50.54,6.86,1.43,85.81,5.9,LargeCentralMetro,1,0,0,0,0,0,Yorkshire and the Humber,3,Sheffield 033,66.0,1,223.0,147.18,1674
E02001646,8.0,2.0,33.92,52.93,7.59,2.9,83.12,6.4,LargeCentralMetro,1,0,0,0,0,0,Yorkshire and the Humber,1,Sheffield 036,51.0,1,227.0,115.77,1757
E02001649,1.0,10.0,62.58,52.29,7.49,9.46,73.97,9.08,LargeCentralMetro,1,0,0,0,0,0,Yorkshire and the Humber,5,Sheffield 039,24.0,1,163.0,39.12,1136
E02001664,6.0,7.0,64.29,51.86,1.8,4.82,88.26,5.12,LargeCentralMetro,1,0,0,0,0,0,Yorkshire and the Humber,6,Sheffield 054,19.0,1,112.0,21.28,700
E02001629,2.0,10.0,58.33,47.67,16.53,12.71,58.37,12.39,LargeCentralMetro,1,0,0,0,0,0,Yorkshire and the Humber,4,Sheffield 019,31.0,1,156.0,48.36,860
E02002230,2.0,6.0,32.47,45.67,60.54,6.11,23.22,10.13,LargeCentralMetro,1,0,0,0,0,0,Yorkshire and the Humber,1,Bradford 048,57.71,3,388.0,223.9,2426
E02006947,2.0,6.0,45.9,33.52,67.78,5.23,19.52,7.47,LargeCentralMetro,1,0,0,0,0,0,Yorkshire and the Humber,,Bradford 064,8.0,1,61.0,4.88,361
E02002216,2.0,8.0,51.66,42.25,76.23,3.3,14.73,5.75,LargeCentralMetro,1,0,0,0,0,0,Yorkshire and the Humber,2,Bradford 034,17.0,1,151.0,25.67,1058
E02002212,2.0,6.0,41.22,72.85,73.8,1.35,18.51,6.34,LargeCentralMetro,1,0,0,0,0,0,Yorkshire and the Humber,8,Bradford 030,35.65,2,245.0,87.35000000000001,1720
E02002239,4.0,8.0,53.11,48.22,14.92,3.51,75.92,5.66,LargeCentralMetro,1,0,0,0,0,0,Yorkshire and the Humber,,Bradford 057,28.0,1,177.0,49.56,925
E02002237,4.0,8.0,36.25,50.74,28.91,1.99,64.15,4.96,LargeCentralMetro,1,0,0,0,0,0,Yorkshire and the Humber,6,Bradford 055,27.0,1,240.0,64.80000000000001,1413
E02002194,4.0,9.0,37.83,50.23,5.51,0.36,91.48,2.65,LargeCentralMetro,1,0,0,0,0,0,Yorkshire and the Humber,5,Bradford 012,24.0,1,267.0,64.08,1551
E02002225,5.0,8.0,34.8,47.55,11.21,1.21,83.52,4.06,LargeCentralMetro,1,0,0,0,0,0,Yorkshire and the Humber,,Bradford 043,29.0,1,250.0,72.5,1428
E02002204,7.0,6.0,18.8,47.0,8.35,0.41,88.1,3.14,LargeCentralMetro,1,0,0,0,0,0,Yorkshire and the Humber,7,Bradford 022,46.0,1,266.0,122.36,1666
E02002200,8.0,7.0,29.51,47.05,12.24,0.69,83.44,3.63,LargeCentralMetro,1,0,0,0,0,0,Yorkshire and the Humber,7,Bradford 018,26.0,1,244.0,63.440000000000005,1456
E02002183,9.0,3.0,8.13,48.28,1.0,0.3,97.44,1.26,LargeFringeMetro,0,1,0,0,0,0,Yorkshire and the Humber,3,Bradford 001,65.0,1,246.0,159.9,1746
E02002217,3.0,8.0,37.19,100.0,63.44,2.54,28.04,5.99,LargeCentralMetro,1,0,0,0,0,0,Yorkshire and the Humber,2,Bradford 035,49.0,1,121.0,59.29,809
E02002199,8.0,6.0,23.5,50.32,3.12,0.51,93.11,3.26,LargeCentralMetro,1,0,0,0,0,0,Yorkshire and the Humber,5,Bradford 017,39.0,1,200.0,78.0,1423
E02002189,6.0,8.0,37.06,51.73,54.73,0.45,40.87,3.95,LargeCentralMetro,1,0,0,0,0,0,Yorkshire and the Humber,3,Bradford 007,26.0,1,143.0,37.18,607
E02002223,2.0,6.0,37.65,43.65,73.05,3.27,15.9,7.77,LargeCentralMetro,1,0,0,0,0,0,Yorkshire and the Humber,3,Bradford 041,66.0,1,162.0,106.92,827
E02002228,1.0,10.0,,49.25,26.25,3.56,63.96,6.24,LargeCentralMetro,1,0,0,0,0,0,Yorkshire and the Humber,,Bradford 046,,1,0.0,0.0,733
E02002220,2.0,6.0,51.18,48.91,76.89,1.64,16.12,5.34,LargeCentralMetro,1,0,0,0,0,0,Yorkshire and the Humber,4,Bradford 038,24.0,1,170.0,40.8,965
E02002197,6.0,8.0,19.26,45.1,2.87,0.71,93.87,2.54,LargeCentralMetro,1,0,0,0,0,0,Yorkshire and the Humber,3,Bradford 015,50.0,1,296.0,148.0,1818
E02002219,3.0,6.0,27.36,86.76,79.44,1.6,12.95,6.01,LargeCentralMetro,1,0,0,0,0,0,Yorkshire and the Humber,10,Bradford 037,58.0,1,106.0,61.48,1088
E02002267,4.0,8.0,22.22,52.67,2.65,0.74,93.92,2.69,LargeCentralMetro,1,0,0,0,0,0,Yorkshire and the Humber,3,Calderdale 024,51.0,1,261.0,133.11,1538
E02002258,6.0,7.0,26.1,48.74,1.61,0.47,95.25,2.67,LargeCentralMetro,1,0,0,0,0,0,Yorkshire and the Humber,4,Calderdale 015,29.0,1,249.0,72.21,1393
E02002263,5.0,8.0,25.11,51.67,0.68,0.37,97.06,1.89,LargeCentralMetro,1,0,0,0,0,0,Yorkshire and the Humber,9,Calderdale 020,48.0,1,227.0,108.96,1469
E02002244,6.0,8.0,35.23,50.76,0.53,0.4,97.14,1.94,LargeCentralMetro,1,0,0,0,0,0,Yorkshire and the Humber,7,Calderdale 001,50.0,1,281.0,140.5,1773
E02002262,5.0,8.0,11.36,51.58,1.8,0.53,95.41,2.26,LargeCentralMetro,1,0,0,0,0,0,Yorkshire and the Humber,4,Calderdale 019,42.0,1,220.0,92.39999999999999,1390
E02002314,6.0,8.0,16.2,49.17,4.67,3.79,86.1,5.44,LargeCentralMetro,1,0,0,0,0,0,Yorkshire and the Humber,6,Kirklees 044,49.0,1,179.0,87.71,901
E02002288,3.0,8.0,41.18,50.55,10.12,0.93,85.82,3.13,LargeCentralMetro,1,0,0,0,0,0,Yorkshire and the Humber,4,Kirklees 018,53.0,1,102.0,54.06,730
E02002319,6.0,5.0,24.89,48.98,1.02,0.57,95.89,2.51,LargeCentralMetro,1,0,0,0,0,0,Yorkshire and the Humber,9,Kirklees 049,34.0,1,225.0,76.5,1225
E02002280,2.0,8.0,29.03,0.0,55.82,1.08,39.22,3.88,LargeCentralMetro,1,0,0,0,0,0,Yorkshire and the Humber,5,Kirklees 010,37.0,1,124.0,45.88,673
E02002305,2.0,8.0,55.1,56.93,13.31,9.0,66.47,11.22,LargeCentralMetro,1,0,0,0,0,0,Yorkshire and the Humber,6,Kirklees 035,30.0,1,98.0,29.4,671
E02002308,5.0,7.0,15.44,50.63,6.46,2.09,85.14,6.31,LargeCentralMetro,1,0,0,0,0,0,Yorkshire and the Humber,6,Kirklees 038,51.0,1,259.0,132.09,1347
E02002317,3.0,7.0,45.41,54.7,32.01,5.77,54.42,7.8,LargeCentralMetro,1,0,0,0,0,0,Yorkshire and the Humber,3,Kirklees 047,34.0,1,185.0,62.900000000000006,978
E02002291,7.0,6.0,16.88,50.0,2.8,0.98,93.49,2.73,LargeCentralMetro,1,0,0,0,0,0,Yorkshire and the Humber,3,Kirklees 021,40.0,1,231.0,92.4,1522
E02002271,7.0,7.0,20.89,49.4,2.51,0.6,94.2,2.69,LargeCentralMetro,1,0,0,0,0,0,Yorkshire and the Humber,10,Kirklees 001,54.0,1,158.0,85.32000000000001,917
E02002329,7.0,3.0,11.03,50.42,0.65,0.68,96.96,1.71,LargeCentralMetro,1,0,0,0,0,0,Yorkshire and the Humber,9,Kirklees 059,58.0,1,263.0,152.54,1323
E02002326,10.0,2.0,13.89,49.22,1.53,0.45,96.65,1.36,Micropolitan,0,0,0,0,1,0,Yorkshire and the Humber,6,Kirklees 056,59.0,1,360.0,212.39999999999998,1282
E02002286,3.0,8.0,48.62,47.1,43.03,0.84,51.08,5.05,LargeCentralMetro,1,0,0,0,0,0,Yorkshire and the Humber,5,Kirklees 016,23.0,1,181.0,41.63,898
E02002285,7.0,6.0,31.64,44.42,6.41,0.45,91.34,1.79,LargeCentralMetro,1,0,0,0,0,0,Yorkshire and the Humber,9,Kirklees 015,33.0,1,177.0,58.410000000000004,923
E02002292,6.0,6.0,32.81,46.41,18.54,5.46,68.78,7.21,LargeCentralMetro,1,0,0,0,0,0,Yorkshire and the Humber,6,Kirklees 022,32.0,1,128.0,40.96,780
E02002287,4.0,7.0,19.29,50.17,55.77,1.38,37.95,4.9,LargeCentralMetro,1,0,0,0,0,0,Yorkshire and the Humber,4,Kirklees 017,49.0,1,197.0,96.53,1154
E02002299,2.0,8.0,53.39,48.07,27.71,13.81,43.98,14.5,LargeCentralMetro,1,0,0,0,0,0,Yorkshire and the Humber,4,Kirklees 029,16.0,1,118.0,18.88,724
E02002276,4.0,8.0,30.65,100.0,18.15,0.76,77.36,3.74,LargeCentralMetro,1,0,0,0,0,0,Yorkshire and the Humber,9,Kirklees 006,57.0,1,186.0,106.02,1229
E02002381,4.0,6.0,51.0,53.17,1.99,1.05,94.06,2.9,LargeCentralMetro,1,0,0,0,0,0,Yorkshire and the Humber,6,Leeds 052,38.0,1,200.0,76.0,1247
E02006861,3.0,3.0,43.62,48.91,8.04,3.57,80.61,7.78,LargeCentralMetro,1,0,0,0,0,0,Yorkshire and the Humber,2,Leeds 110,19.0,1,94.0,17.86,597
E02002347,4.0,7.0,20.48,47.48,20.39,6.18,59.71,13.72,LargeCentralMetro,1,0,0,0,0,0,Yorkshire and the Humber,3,Leeds 018,66.33,2,210.0,139.29999999999998,1510
E02002331,8.0,7.0,20.99,46.69,2.15,0.99,94.8,2.06,LargeCentralMetro,1,0,0,0,0,0,Yorkshire and the Humber,6,Leeds 002,46.0,1,81.0,37.260000000000005,619
E02002337,9.0,3.0,6.38,49.36,2.06,0.38,95.02,2.55,LargeCentralMetro,1,0,0,0,0,0,Yorkshire and the Humber,4,Leeds 008,61.0,1,188.0,114.67999999999999,1244
E02002379,2.0,9.0,70.59,52.84,3.85,7.65,83.46,5.03,LargeCentralMetro,1,0,0,0,0,0,Yorkshire and the Humber,4,Leeds 050,19.0,1,119.0,22.61,863
E02002430,1.0,9.0,40.98,49.25,2.13,9.24,83.56,5.06,LargeCentralMetro,1,0,0,0,0,0,Yorkshire and the Humber,5,Leeds 101,35.0,1,244.0,85.39999999999999,1265
E02002393,1.0,5.0,62.5,49.33,16.48,36.29,32.11,15.12,LargeCentralMetro,1,0,0,0,0,0,Yorkshire and the Humber,10,Leeds 064,21.0,1,160.0,33.6,900
E02006876,3.0,6.0,43.08,42.17,9.95,8.43,75.64,5.98,LargeCentralMetro,1,0,0,0,0,0,Yorkshire and the Humber,,Leeds 112,38.88,2,195.0,75.82,1385
E02002435,6.0,6.0,27.36,48.48,5.22,1.28,90.25,3.25,LargeCentralMetro,1,0,0,0,0,0,Yorkshire and the Humber,7,Leeds 106,49.35,2,402.0,198.37,2539
E02002369,2.0,8.0,56.85,53.65,15.97,8.37,68.49,7.17,LargeCentralMetro,1,0,0,0,0,0,Yorkshire and the Humber,,Leeds 040,23.0,1,146.0,33.58,671
E02002433,5.0,8.0,19.62,50.0,3.56,1.34,92.06,3.04,LargeCentralMetro,1,0,0,0,0,0,Yorkshire and the Humber,7,Leeds 104,59.0,1,265.0,156.35,1542
E02002408,6.0,7.0,26.72,49.98,3.12,0.74,94.05,2.08,LargeCentralMetro,1,0,0,0,0,0,Yorkshire and the Humber,8,Leeds 079,34.11,2,378.0,128.94,2189
E02002434,6.0,4.0,23.42,52.33,3.13,3.29,90.69,2.88,LargeCentralMetro,1,0,0,0,0,0,Yorkshire and the Humber,10,Leeds 105,48.0,1,269.0,129.12,1567
E02002338,7.0,4.0,13.9,49.21,1.94,0.43,95.4,2.24,LargeCentralMetro,1,0,0,0,0,0,Yorkshire and the Humber,8,Leeds 009,51.0,1,223.0,113.73,1325
E02002416,6.0,6.0,12.67,49.47,1.8,0.57,95.49,2.14,LargeCentralMetro,1,0,0,0,0,0,Yorkshire and the Humber,6,Leeds 087,54.0,1,300.0,162.0,1888
E02002432,6.0,7.0,18.72,49.38,0.94,0.61,96.46,1.99,MediumMetro,0,0,1,0,0,0,Yorkshire and the Humber,8,Leeds 103,41.0,1,219.0,89.78999999999999,1286
E02002350,10.0,4.0,17.57,48.96,2.72,0.32,93.93,3.03,LargeCentralMetro,1,0,0,0,0,0,Yorkshire and the Humber,3,Leeds 021,60.0,1,222.0,133.2,1399
E02002354,7.0,5.0,20.9,47.8,27.36,3.95,60.28,8.41,LargeCentralMetro,1,0,0,0,0,0,Yorkshire and the Humber,8,Leeds 025,51.0,1,177.0,90.27,908
E02002404,4.0,6.0,48.28,49.95,9.72,11.74,70.35,8.18,LargeCentralMetro,1,0,0,0,0,0,Yorkshire and the Humber,1,Leeds 075,35.0,1,174.0,60.9,935
E02006852,8.0,3.0,42.76,49.91,10.94,2.19,80.86,6.01,LargeCentralMetro,1,0,0,0,0,0,Yorkshire and the Humber,3,Leeds 109,30.0,1,145.0,43.5,1138
E02002412,5.0,8.0,28.57,47.47,4.54,2.41,89.76,3.29,LargeCentralMetro,1,0,0,0,0,0,Yorkshire and the Humber,4,Leeds 083,58.0,1,224.0,129.92,1285
E02002352,9.0,4.0,32.64,48.45,20.08,2.98,70.04,6.9,LargeCentralMetro,1,0,0,0,0,0,Yorkshire and the Humber,2,Leeds 023,32.0,1,239.0,76.48,1482
E02002346,5.0,6.0,36.36,48.89,6.49,0.99,84.04,8.49,LargeCentralMetro,1,0,0,0,0,0,Yorkshire and the Humber,9,Leeds 017,30.0,1,132.0,39.6,990
E02002332,6.0,5.0,12.22,47.6,1.58,0.51,96.15,1.76,LargeCentralMetro,1,0,0,0,0,0,Yorkshire and the Humber,5,Leeds 003,59.0,1,221.0,130.39,1565
E02002362,3.0,8.0,26.25,51.32,8.96,4.84,76.46,9.75,LargeCentralMetro,1,0,0,0,0,0,Yorkshire and the Humber,5,Leeds 033,53.0,1,240.0,127.2,1594
E02002464,3.0,8.0,48.53,47.7,1.14,0.65,96.82,1.39,LargeCentralMetro,1,0,0,0,0,0,Yorkshire and the Humber,9,Wakefield 027,28.0,1,68.0,19.040000000000003,369
E02002474,4.0,6.0,14.9,50.76,1.74,1.38,94.42,2.47,LargeCentralMetro,1,0,0,0,0,0,Yorkshire and the Humber,9,Wakefield 037,53.0,1,302.0,160.06,1586
E02002447,3.0,8.0,36.36,49.67,0.99,0.45,97.36,1.2,LargeCentralMetro,1,0,0,0,0,0,Yorkshire and the Humber,9,Wakefield 010,36.0,1,88.0,31.68,602
E02002457,3.0,8.0,43.2,46.11,17.07,5.59,71.58,5.76,LargeCentralMetro,1,0,0,0,0,0,Yorkshire and the Humber,2,Wakefield 020,50.0,1,125.0,62.5,681
E02002439,4.0,9.0,28.23,46.87,1.67,0.6,95.98,1.74,LargeCentralMetro,1,0,0,0,0,0,Yorkshire and the Humber,4,Wakefield 002,54.0,1,248.0,133.92000000000002,1374
E02002460,7.0,6.0,25.95,49.55,0.92,0.35,97.58,1.15,LargeCentralMetro,1,0,0,0,0,0,Yorkshire and the Humber,6,Wakefield 023,46.61,2,343.0,159.86,1901
E02002462,6.0,7.0,18.96,48.33,1.12,0.44,97.11,1.33,LargeCentralMetro,1,0,0,0,0,0,Yorkshire and the Humber,4,Wakefield 025,48.0,1,269.0,129.12,1705
E02002440,5.0,8.0,47.45,53.83,0.57,1.05,97.42,0.96,LargeCentralMetro,1,0,0,0,0,0,Yorkshire and the Humber,7,Wakefield 003,26.0,1,137.0,35.620000000000005,966
E02002468,6.0,7.0,26.87,48.06,1.3,0.29,96.41,2.0,LargeCentralMetro,1,0,0,0,0,0,Yorkshire and the Humber,5,Wakefield 031,44.0,1,201.0,88.44,1032
E02002469,6.0,4.0,20.74,48.41,1.07,0.93,96.6,1.39,MediumMetro,0,0,1,0,0,0,Yorkshire and the Humber,9,Wakefield 032,40.0,1,188.0,75.2,1004
E02002480,3.0,8.0,29.29,47.77,0.55,0.64,97.67,1.15,LargeCentralMetro,1,0,0,0,0,0,Yorkshire and the Humber,7,Wakefield 043,35.0,1,239.0,83.64999999999999,1501
E02002470,10.0,4.0,29.2,50.33,5.37,1.01,91.2,2.42,LargeCentralMetro,1,0,0,0,0,0,Yorkshire and the Humber,5,Wakefield 033,39.0,1,137.0,53.43,749
E02002451,7.0,6.0,13.48,50.58,2.21,0.72,95.14,1.94,LargeCentralMetro,1,0,0,0,0,0,Yorkshire and the Humber,9,Wakefield 014,64.0,1,356.0,227.84,2052
E02002461,5.0,7.0,11.98,50.71,1.58,0.76,96.14,1.53,LargeCentralMetro,1,0,0,0,0,0,Yorkshire and the Humber,10,Wakefield 024,45.0,1,242.0,108.9,1556
E02001683,7.0,7.0,24.0,49.33,0.75,0.18,97.96,1.11,LargeCentralMetro,1,0,0,0,0,0,North East,7,Gateshead 002,54.0,1,150.0,81.0,975
E02001707,4.0,9.0,28.1,54.92,2.58,0.27,95.47,1.69,LargeCentralMetro,1,0,0,0,0,0,North East,5,Gateshead 026,35.0,1,242.0,84.69999999999999,1444
E02001698,9.0,7.0,22.51,50.03,0.89,0.22,97.75,1.15,LargeCentralMetro,1,0,0,0,0,0,North East,3,Gateshead 017,50.0,1,231.0,115.5,1553
E02001694,6.0,9.0,55.46,48.99,1.72,0.35,96.06,1.87,LargeCentralMetro,1,0,0,0,0,0,North East,7,Gateshead 013,23.0,1,119.0,27.37,743
E02001702,2.0,10.0,28.85,53.7,2.16,1.38,93.13,3.33,LargeCentralMetro,1,0,0,0,0,0,North East,6,Gateshead 021,53.0,1,208.0,110.24000000000001,1445
E02001686,5.0,8.0,16.74,55.5,0.7,0.12,98.03,1.15,LargeCentralMetro,1,0,0,0,0,0,North East,2,Gateshead 005,49.0,1,227.0,111.23,1508
E02001709,8.0,3.0,21.49,49.36,9.43,1.24,85.03,4.3,LargeCentralMetro,1,0,0,0,0,0,North East,2,Newcastle upon Tyne 002,57.0,1,363.0,206.90999999999997,1787
E02001722,4.0,8.0,78.57,46.37,2.55,2.66,92.99,1.79,LargeCentralMetro,1,0,0,0,0,0,North East,5,Newcastle upon Tyne 015,21.0,1,28.0,5.88,289
E02001715,3.0,6.0,46.21,47.26,8.71,5.97,78.79,6.54,LargeCentralMetro,1,0,0,0,0,0,North East,9,Newcastle upon Tyne 008,31.0,1,290.0,89.9,1769
E02001734,3.0,8.0,26.4,0.0,11.97,6.02,76.09,5.92,LargeCentralMetro,1,0,0,0,0,0,North East,10,Newcastle upon Tyne 027,53.0,1,178.0,94.34,1150
E02001726,3.0,6.0,30.81,100.0,22.9,1.79,69.4,5.9,LargeCentralMetro,1,0,0,0,0,0,North East,1,Newcastle upon Tyne 019,42.0,1,211.0,88.61999999999999,1410
E02001714,9.0,4.0,22.4,48.31,13.91,1.38,80.04,4.67,LargeCentralMetro,1,0,0,0,0,0,North East,3,Newcastle upon Tyne 007,65.0,1,192.0,124.80000000000001,1364
E02001756,3.0,8.0,23.85,48.3,5.22,1.0,90.59,3.19,LargeCentralMetro,1,0,0,0,0,0,North East,8,North Tyneside 019,40.0,1,130.0,52.0,795
E02001750,8.0,7.0,23.67,49.4,3.49,0.32,94.8,1.39,LargeCentralMetro,1,0,0,0,0,0,North East,2,North Tyneside 013,42.16,2,245.0,103.30000000000001,1247
E02001760,1.0,10.0,61.67,47.3,2.86,1.47,93.59,2.08,LargeCentralMetro,1,0,0,0,0,0,North East,4,North Tyneside 023,13.0,1,60.0,7.800000000000001,315
E02001749,7.0,8.0,22.8,47.71,2.22,0.42,96.06,1.3,LargeCentralMetro,1,0,0,0,0,0,North East,6,North Tyneside 012,36.0,1,193.0,69.48,1203
E02001766,2.0,9.0,29.9,49.53,2.86,1.06,93.36,2.72,LargeCentralMetro,1,0,0,0,0,0,North East,2,North Tyneside 029,30.0,1,194.0,58.199999999999996,1060
E02001757,5.0,8.0,19.39,52.56,2.19,0.17,96.13,1.51,LargeCentralMetro,1,0,0,0,0,0,North East,4,North Tyneside 020,43.0,1,263.0,113.09,1604
E02001742,9.0,6.0,8.89,49.63,1.56,0.14,97.09,1.21,LargeCentralMetro,1,0,0,0,0,0,North East,2,North Tyneside 005,62.0,1,360.0,223.2,1640
E02001788,4.0,8.0,41.07,52.11,2.27,0.74,95.22,1.77,LargeCentralMetro,1,0,0,0,0,0,North East,6,South Tyneside 021,38.0,1,112.0,42.56,664
E02001782,3.0,10.0,34.44,52.9,0.96,0.33,97.3,1.4,LargeCentralMetro,1,0,0,0,0,0,North East,4,South Tyneside 015,31.7,2,302.0,95.72,1777
E02001784,2.0,9.0,40.56,47.61,0.62,0.18,97.66,1.54,LargeCentralMetro,1,0,0,0,0,0,North East,5,South Tyneside 017,25.0,1,143.0,35.75,773
E02001772,5.0,8.0,40.87,50.43,3.87,0.79,91.85,3.48,LargeCentralMetro,1,0,0,0,0,0,North East,5,South Tyneside 005,37.41,2,323.0,120.84,2100
E02001785,5.0,7.0,17.28,50.94,0.86,0.21,97.26,1.67,LargeCentralMetro,1,0,0,0,0,0,North East,8,South Tyneside 018,50.0,1,191.0,95.5,1217
E02001813,1.0,9.0,52.41,48.69,1.28,0.7,96.5,1.52,LargeCentralMetro,1,0,0,0,0,0,North East,7,Sunderland 023,28.0,1,166.0,46.480000000000004,762
E02001812,8.0,6.0,33.85,71.78,5.66,0.64,92.0,1.69,LargeCentralMetro,1,0,0,0,0,0,North East,2,Sunderland 022,43.13,3,517.0,222.98000000000002,3161
E02001810,5.0,6.0,29.41,49.0,0.88,0.29,97.58,1.25,LargeCentralMetro,1,0,0,0,0,0,North East,3,Sunderland 020,39.0,1,221.0,86.19,1096
E02001809,6.0,7.0,28.24,47.35,1.05,0.18,97.69,1.08,LargeCentralMetro,1,0,0,0,0,0,North East,3,Sunderland 019,34.0,1,216.0,73.44000000000001,1094
E02001824,4.0,9.0,30.24,45.19,0.76,0.85,97.2,1.18,LargeCentralMetro,1,0,0,0,0,0,North East,6,Sunderland 034,35.0,1,205.0,71.75,1018
E02001821,6.0,8.0,22.67,52.82,0.89,0.18,98.05,0.87,LargeCentralMetro,1,0,0,0,0,0,North East,8,Sunderland 031,42.0,1,172.0,72.24,903
E02001806,1.0,10.0,15.54,0.0,10.6,2.64,84.31,2.45,LargeCentralMetro,1,0,0,0,0,0,North East,3,Sunderland 016,60.0,1,148.0,88.8,833
E02001798,3.0,9.0,36.36,47.02,0.54,0.49,97.97,1.01,LargeCentralMetro,1,0,0,0,0,0,North East,7,Sunderland 008,45.0,1,110.0,49.5,838
E02001794,2.0,10.0,56.36,48.03,0.52,0.09,98.52,0.87,LargeCentralMetro,1,0,0,0,0,0,North East,9,Sunderland 004,43.0,1,110.0,47.3,458
E02002985,5.0,6.0,44.83,49.48,1.47,0.84,94.77,2.91,LargeCentralMetro,1,0,0,0,0,0,South West,5,Bath and North East Somerset 001,15.0,1,87.0,13.049999999999999,574
E02002996,9.0,1.0,9.6,96.23,8.08,1.28,84.95,5.69,LargeCentralMetro,1,0,0,0,0,0,South West,1,Bath and North East Somerset 012,62.0,1,177.0,109.74,1299
E02003011,7.0,6.0,15.22,50.32,0.97,0.2,97.31,1.52,LargeCentralMetro,1,0,0,0,0,0,South West,3,Bath and North East Somerset 027,46.1,2,322.0,148.44,2218
E02003002,6.0,4.0,20.0,46.17,4.19,0.9,89.84,5.07,LargeCentralMetro,1,0,0,0,0,0,South West,10,Bath and North East Somerset 018,50.0,1,155.0,77.5,1241
E02003008,5.0,8.0,16.67,49.05,0.81,0.62,96.52,2.05,LargeCentralMetro,1,0,0,0,0,0,South West,9,Bath and North East Somerset 024,35.73,2,258.0,92.18,1366
E02002987,9.0,3.0,10.78,44.35,1.66,0.36,95.99,1.98,LargeCentralMetro,1,0,0,0,0,0,South West,4,Bath and North East Somerset 003,51.02,2,269.0,137.25,1452
E02003003,5.0,5.0,15.38,52.9,5.79,1.87,87.11,5.22,LargeCentralMetro,1,0,0,0,0,0,South West,5,Bath and North East Somerset 019,46.0,1,156.0,71.76,964
E02002992,8.0,3.0,13.76,51.73,5.15,1.69,89.39,3.77,LargeCentralMetro,1,0,0,0,0,0,South West,7,Bath and North East Somerset 008,44.0,1,218.0,95.92,1214
E02003013,3.0,9.0,16.08,48.08,10.5,7.25,76.13,6.13,LargeCentralMetro,1,0,0,0,0,0,South West,1,Bristol 002,51.0,1,143.0,72.93,990
E02003016,2.0,8.0,40.65,51.91,9.43,10.92,71.61,8.04,LargeCentralMetro,1,0,0,0,0,0,South West,1,Bristol 005,35.0,1,123.0,43.05,838
E02003054,6.0,8.0,37.86,47.61,4.07,2.13,89.24,4.56,LargeCentralMetro,1,0,0,0,0,0,South West,4,Bristol 043,29.0,1,140.0,40.599999999999994,796
E02003057,4.0,8.0,33.91,46.79,1.91,1.42,93.15,3.52,LargeCentralMetro,1,0,0,0,0,0,South West,4,Bristol 046,28.0,1,174.0,48.720000000000006,1013
E02006887,2.0,7.0,16.9,53.11,9.95,17.07,61.96,11.01,LargeCentralMetro,1,0,0,0,0,0,South West,1,Bristol 054,54.0,1,213.0,115.02000000000001,1706
E02003031,10.0,3.0,8.63,49.59,3.33,1.98,88.36,6.32,LargeCentralMetro,1,0,0,0,0,0,South West,1,Bristol 020,74.0,1,197.0,145.78,1472
E02003058,4.0,7.0,30.41,50.06,3.49,2.29,90.5,3.72,LargeCentralMetro,1,0,0,0,0,0,South West,2,Bristol 047,31.29,2,296.0,92.62,1576
E02003032,4.0,6.0,41.18,47.97,12.82,9.83,69.05,8.31,LargeCentralMetro,1,0,0,0,0,0,South West,2,Bristol 021,33.0,1,204.0,67.32000000000001,1084
E02003023,5.0,8.0,36.36,46.83,12.54,5.46,75.01,6.99,LargeCentralMetro,1,0,0,0,0,0,South West,1,Bristol 012,40.0,1,165.0,66.0,899
E02006888,2.0,6.0,71.05,45.66,17.79,28.06,43.79,10.36,LargeCentralMetro,1,0,0,0,0,0,South West,1,Bristol 055,19.0,1,114.0,21.66,738
E02003033,9.0,2.0,30.84,46.55,5.11,1.37,86.85,6.68,LargeCentralMetro,1,0,0,0,0,0,South West,1,Bristol 022,42.0,1,214.0,89.88,1491
E02003025,3.0,8.0,39.04,45.47,13.23,12.64,66.44,7.69,LargeCentralMetro,1,0,0,0,0,0,South West,1,Bristol 014,37.0,1,146.0,54.019999999999996,1027
E02003014,2.0,9.0,23.0,50.32,1.94,4.09,88.81,5.16,LargeCentralMetro,1,0,0,0,0,0,South West,4,Bristol 003,41.98,2,313.0,131.39000000000001,1868
E02006952,3.0,5.0,21.31,51.73,14.18,6.56,70.4,8.86,LargeCentralMetro,1,0,0,0,0,0,South West,1,Bristol 061,57.0,1,122.0,69.53999999999999,1069
E02003080,4.0,7.0,30.45,49.46,1.59,0.64,96.11,1.66,LargeCentralMetro,1,0,0,0,0,0,South West,,North Somerset 016,32.0,1,243.0,77.76,1377
E02003067,8.0,4.0,10.0,48.34,1.61,0.28,95.47,2.64,LargeCentralMetro,1,0,0,0,0,0,South West,7,North Somerset 003,55.0,1,280.0,154.0,1895
E02003069,9.0,8.0,10.58,50.45,0.72,0.49,97.37,1.41,LargeCentralMetro,1,0,0,0,0,0,South West,6,North Somerset 005,43.0,1,189.0,81.27,1231
E02003079,6.0,6.0,18.36,49.32,1.37,0.42,96.32,1.89,LargeCentralMetro,1,0,0,0,0,0,South West,5,North Somerset 015,33.0,1,256.0,84.48,1330
E02003085,2.0,10.0,49.02,52.1,2.0,0.85,93.92,3.23,LargeCentralMetro,1,0,0,0,0,0,South West,3,North Somerset 021,41.0,1,102.0,41.82,810
E02003075,8.0,4.0,11.48,50.54,1.37,0.35,96.11,2.16,MediumMetro,0,0,1,0,0,0,South West,5,North Somerset 011,56.0,1,270.0,151.20000000000002,1755
E02003073,9.0,3.0,9.94,51.19,1.26,0.38,96.58,1.78,LargeCentralMetro,1,0,0,0,0,0,South West,5,North Somerset 009,37.0,1,161.0,59.57,926
E02003088,9.0,4.0,18.92,50.43,0.9,0.31,96.8,1.99,MediumMetro,0,0,1,0,0,0,South West,8,North Somerset 024,55.0,1,222.0,122.10000000000001,1519
E02003068,7.0,5.0,28.15,47.85,1.06,0.47,95.7,2.77,Micropolitan,0,0,0,0,1,0,South West,3,North Somerset 004,40.0,1,135.0,54.0,836
E02007066,4.0,4.0,21.76,46.21,11.88,4.24,76.3,7.58,LargeCentralMetro,1,0,0,0,0,0,South West,8,South Gloucestershire 035,40.0,1,170.0,68.0,976
E02003120,7.0,6.0,22.52,47.76,1.92,0.73,94.88,2.47,LargeCentralMetro,1,0,0,0,0,0,South West,5,South Gloucestershire 031,30.0,1,151.0,45.3,802
E02003119,5.0,6.0,18.28,48.76,1.35,0.76,95.59,2.29,LargeCentralMetro,1,0,0,0,0,0,South West,2,South Gloucestershire 030,40.0,1,186.0,74.4,964
E02003108,6.0,4.0,17.77,47.97,3.38,2.1,90.76,3.76,LargeCentralMetro,1,0,0,0,0,0,South West,3,South Gloucestershire 019,27.0,1,197.0,53.190000000000005,1084
E02003118,6.0,6.0,25.0,42.09,1.67,0.94,94.77,2.63,LargeCentralMetro,1,0,0,0,0,0,South West,3,South Gloucestershire 029,22.0,1,64.0,14.08,373
E02007064,5.0,7.0,31.11,49.06,4.0,2.17,89.74,4.08,LargeCentralMetro,1,0,0,0,0,0,South West,,South Gloucestershire 033,27.0,1,90.0,24.3,532
E02003099,5.0,7.0,23.33,52.62,1.98,0.47,95.25,2.29,LargeCentralMetro,1,0,0,0,0,0,South West,,South Gloucestershire 010,44.0,1,120.0,52.8,1030
E02003090,8.0,5.0,13.73,50.65,1.38,0.72,95.31,2.59,LargeCentralMetro,1,0,0,0,0,0,South West,5,South Gloucestershire 001,40.0,1,255.0,102.0,1605
E02003095,9.0,6.0,17.14,51.2,1.79,0.96,94.75,2.5,LargeCentralMetro,1,0,0,0,0,0,South West,7,South Gloucestershire 006,39.0,1,140.0,54.6,914
E02003091,8.0,4.0,19.28,45.48,0.97,0.3,96.99,1.74,LargeCentralMetro,1,0,0,0,0,0,South West,7,South Gloucestershire 002,36.0,1,83.0,29.88,442
E02003111,8.0,6.0,17.07,51.47,3.72,2.01,91.16,3.12,LargeCentralMetro,1,0,0,0,0,0,South West,10,South Gloucestershire 022,42.0,1,164.0,68.88,1228
E02003117,5.0,6.0,17.36,48.63,3.12,2.1,90.7,4.08,LargeCentralMetro,1,0,0,0,0,0,South West,2,South Gloucestershire 028,43.0,1,144.0,61.92,1129
E02002485,2.0,9.0,46.72,53.23,1.88,0.29,96.55,1.29,LargeCentralMetro,1,0,0,0,0,0,North East,2,Hartlepool 003,42.0,1,229.0,96.17999999999999,1240
E02007059,4.0,9.0,46.19,49.81,3.8,0.96,92.88,2.36,LargeCentralMetro,1,0,0,0,0,0,North East,10,Hartlepool 015,41.0,1,210.0,86.1,1060
E02006909,8.0,6.0,32.18,47.24,1.89,0.24,97.03,0.84,LargeCentralMetro,1,0,0,0,0,0,North East,6,Hartlepool 014,36.0,1,174.0,62.64,1107
E02002491,3.0,9.0,33.48,52.01,1.05,0.53,97.08,1.34,LargeCentralMetro,1,0,0,0,0,0,North East,6,Hartlepool 009,43.0,1,233.0,100.19,1440
E02002507,7.0,5.0,62.59,49.28,12.62,0.37,83.34,3.67,LargeCentralMetro,1,0,0,0,0,0,North East,4,Middlesbrough 012,34.0,1,139.0,47.260000000000005,1187
E02002499,1.0,10.0,72.53,53.96,1.72,2.02,93.84,2.42,LargeCentralMetro,1,0,0,0,0,0,North East,10,Middlesbrough 004,10.0,1,91.0,9.1,719
E02002514,4.0,8.0,36.04,51.1,1.44,0.38,96.27,1.91,LargeCentralMetro,1,0,0,0,0,0,North East,8,Middlesbrough 019,35.0,1,197.0,68.94999999999999,1225
E02002503,2.0,8.0,31.42,52.62,8.11,1.76,84.8,5.34,LargeCentralMetro,1,0,0,0,0,0,North East,5,Middlesbrough 008,43.0,1,226.0,97.17999999999999,1564
E02002502,1.0,10.0,69.7,49.41,0.8,1.34,95.99,1.88,LargeCentralMetro,1,0,0,0,0,0,North East,10,Middlesbrough 007,27.0,1,132.0,35.64,757
E02002506,1.0,10.0,35.81,51.49,6.82,1.86,86.79,4.54,LargeCentralMetro,1,0,0,0,0,0,North East,5,Middlesbrough 011,35.0,1,229.0,80.14999999999999,1342
E02002516,4.0,9.0,22.82,49.26,0.73,0.14,97.73,1.4,LargeCentralMetro,1,0,0,0,0,0,North East,10,Redcar and Cleveland 002,38.0,1,149.0,56.62,747
E02002520,6.0,8.0,17.61,43.82,0.41,0.11,98.56,0.92,MediumMetro,0,0,1,0,0,0,North East,7,Redcar and Cleveland 006,70.0,1,159.0,111.3,842
E02006812,5.0,8.0,26.53,50.61,1.3,0.25,96.84,1.6,LargeCentralMetro,1,0,0,0,0,0,North East,8,Redcar and Cleveland 021,48.0,1,294.0,141.12,1632
E02006910,5.0,9.0,50.53,50.1,3.32,0.37,94.04,2.27,LargeCentralMetro,1,0,0,0,0,0,North East,10,Redcar and Cleveland 022,33.0,1,95.0,31.35,523
E02007062,10.0,6.0,5.71,50.34,6.18,0.85,89.73,3.24,LargeCentralMetro,1,0,0,0,0,0,North East,5,Stockton-on-Tees 027,71.0,1,140.0,99.39999999999999,733
E02002556,7.0,6.0,28.57,47.69,6.88,0.54,89.82,2.76,LargeCentralMetro,1,0,0,0,0,0,North East,,Stockton-on-Tees 022,51.0,1,105.0,53.550000000000004,585
E02002537,2.0,10.0,24.12,49.21,0.98,0.2,97.68,1.14,LargeCentralMetro,1,0,0,0,0,0,North East,6,Stockton-on-Tees 003,41.0,1,170.0,69.7,953
E02002547,7.0,8.0,41.43,51.21,3.42,0.61,94.69,1.28,LargeCentralMetro,1,0,0,0,0,0,North East,2,Stockton-on-Tees 013,53.42,2,251.0,134.08,1615
E02002549,6.0,8.0,17.54,50.6,1.84,0.54,96.58,1.05,LargeCentralMetro,1,0,0,0,0,0,North East,4,Stockton-on-Tees 015,46.0,1,228.0,104.88000000000001,1162
E02002545,6.0,9.0,53.33,46.33,2.27,0.12,96.58,1.03,LargeCentralMetro,1,0,0,0,0,0,North East,,Stockton-on-Tees 011,30.0,1,90.0,27.0,436
E02002558,8.0,5.0,18.66,48.69,4.28,0.35,92.49,2.89,LargeCentralMetro,1,0,0,0,0,0,North East,5,Stockton-on-Tees 024,56.0,1,209.0,117.04,1294
E02002535,8.0,8.0,25.79,50.4,0.74,0.15,98.4,0.71,MediumMetro,0,0,1,0,0,0,North East,9,Stockton-on-Tees 001,38.0,1,252.0,95.76,1383
E02002552,4.0,9.0,39.0,51.79,3.48,0.99,93.68,1.85,LargeCentralMetro,1,0,0,0,0,0,North East,8,Stockton-on-Tees 018,28.0,1,100.0,28.000000000000004,502
E02002544,2.0,10.0,64.23,50.6,1.29,1.77,95.13,1.81,LargeCentralMetro,1,0,0,0,0,0,North East,3,Stockton-on-Tees 010,38.0,1,123.0,46.74,664
E02002555,7.0,6.0,12.34,49.26,2.67,0.53,94.46,2.34,LargeCentralMetro,1,0,0,0,0,0,North East,6,Stockton-on-Tees 021,54.0,1,235.0,126.9,1492
E02002655,1.0,9.0,46.86,48.72,0.38,0.89,97.46,1.27,LargeCentralMetro,1,0,0,0,0,0,Yorkshire and the Humber,7,Kingston upon Hull 004,34.0,1,239.0,81.26,1287
E02002659,1.0,8.0,53.21,42.91,2.02,3.23,89.12,5.62,LargeCentralMetro,1,0,0,0,0,0,Yorkshire and the Humber,4,Kingston upon Hull 008,18.0,1,156.0,28.08,1128
E02002653,1.0,9.0,46.59,52.05,0.41,0.84,96.71,2.04,LargeCentralMetro,1,0,0,0,0,0,Yorkshire and the Humber,6,Kingston upon Hull 002,42.0,1,88.0,36.96,903
E02002681,1.0,9.0,43.66,52.36,7.32,5.38,80.06,7.24,LargeCentralMetro,1,0,0,0,0,0,Yorkshire and the Humber,,Kingston upon Hull 030,17.0,1,71.0,12.07,550
E02002660,3.0,7.0,45.38,50.1,0.47,0.88,97.36,1.28,LargeCentralMetro,1,0,0,0,0,0,Yorkshire and the Humber,6,Kingston upon Hull 009,25.0,1,130.0,32.5,1020
E02002680,2.0,8.0,27.59,13.98,7.79,6.44,73.91,11.85,LargeCentralMetro,1,0,0,0,0,0,Yorkshire and the Humber,,Kingston upon Hull 029,41.0,1,116.0,47.559999999999995,422
E02002664,8.0,4.0,22.31,51.55,0.4,0.26,98.53,0.81,LargeCentralMetro,1,0,0,0,0,0,Yorkshire and the Humber,3,Kingston upon Hull 013,39.0,1,251.0,97.89,1455
E02002675,1.0,9.0,26.21,0.0,10.62,4.35,75.02,10.0,LargeCentralMetro,1,0,0,0,0,0,Yorkshire and the Humber,1,Kingston upon Hull 024,61.0,1,103.0,62.83,614
E02002668,1.0,8.0,50.71,51.62,0.68,1.42,96.09,1.81,LargeCentralMetro,1,0,0,0,0,0,Yorkshire and the Humber,4,Kingston upon Hull 017,25.0,1,211.0,52.75,1385
E02006813,3.0,8.0,37.93,49.87,1.45,1.02,95.11,2.42,LargeCentralMetro,1,0,0,0,0,0,Yorkshire and the Humber,7,Kingston upon Hull 033,31.0,1,232.0,71.92,1520
E02006891,7.0,2.0,21.28,49.96,0.52,0.07,98.61,0.8,LargeFringeMetro,0,1,0,0,0,0,Yorkshire and the Humber,,East Riding of Yorkshire 044,45.0,1,235.0,105.75,1349
E02002698,8.0,3.0,15.15,46.48,0.44,0.12,98.23,1.21,MediumMetro,0,0,1,0,0,0,Yorkshire and the Humber,9,East Riding of Yorkshire 015,39.0,1,99.0,38.61,497
E02002715,9.0,3.0,8.96,49.72,2.47,0.44,95.27,1.82,LargeCentralMetro,1,0,0,0,0,0,Yorkshire and the Humber,9,East Riding of Yorkshire 032,63.0,1,346.0,217.98,2156
E02002705,6.0,4.0,20.16,51.93,2.88,0.77,94.16,2.2,LargeCentralMetro,1,0,0,0,0,0,Yorkshire and the Humber,7,East Riding of Yorkshire 022,42.0,1,129.0,54.18,909
E02002685,7.0,5.0,24.24,51.69,0.5,0.06,98.77,0.66,LargeFringeMetro,0,1,0,0,0,0,Yorkshire and the Humber,10,East Riding of Yorkshire 002,42.0,1,132.0,55.44,886
E02002725,7.0,7.0,12.77,47.37,0.45,0.1,98.65,0.8,MediumMetro,0,0,1,0,0,0,Yorkshire and the Humber,10,East Riding of Yorkshire 042,44.0,1,188.0,82.72,931
E02002703,9.0,2.0,8.89,0.0,1.58,0.4,96.38,1.64,LargeCentralMetro,1,0,0,0,0,0,Yorkshire and the Humber,3,East Riding of Yorkshire 020,59.0,1,135.0,79.64999999999999,811
E02002700,3.0,5.0,14.29,100.0,1.22,0.05,96.79,1.94,LargeCentralMetro,1,0,0,0,0,0,Yorkshire and the Humber,3,East Riding of Yorkshire 017,50.0,1,147.0,73.5,867
E02002699,9.0,2.0,14.36,50.23,1.05,0.38,97.2,1.38,LargeCentralMetro,1,0,0,0,0,0,Yorkshire and the Humber,7,East Riding of Yorkshire 016,35.0,1,202.0,70.69999999999999,1085
E02002714,6.0,4.0,31.48,52.13,0.39,0.11,98.82,0.67,SmallMetro,0,0,0,1,0,0,Yorkshire and the Humber,9,East Riding of Yorkshire 031,32.0,1,108.0,34.56,704
E02002695,5.0,8.0,25.71,46.94,0.39,0.18,98.11,1.32,SmallMetro,0,0,0,1,0,0,Yorkshire and the Humber,5,East Riding of Yorkshire 012,37.0,1,175.0,64.75,1063
E02002686,1.0,9.0,42.58,47.89,1.04,0.12,97.52,1.32,LargeFringeMetro,0,1,0,0,0,0,Yorkshire and the Humber,7,East Riding of Yorkshire 003,35.0,1,155.0,54.25,971
E02002743,4.0,7.0,43.75,49.07,0.52,0.31,98.15,1.02,LargeCentralMetro,1,0,0,0,0,0,Yorkshire and the Humber,5,North East Lincolnshire 018,28.25,2,176.0,49.72,1188
E02002747,7.0,3.0,14.29,50.68,2.16,0.66,95.39,1.78,LargeCentralMetro,1,0,0,0,0,0,Yorkshire and the Humber,6,North East Lincolnshire 022,49.0,1,329.0,161.21,1991
E02002732,8.0,3.0,11.61,49.31,1.4,0.11,97.21,1.28,MediumMetro,0,0,1,0,0,0,Yorkshire and the Humber,9,North East Lincolnshire 007,57.0,1,155.0,88.35,939
E02002745,8.0,4.0,9.76,48.72,0.82,0.17,97.99,1.02,LargeCentralMetro,1,0,0,0,0,0,Yorkshire and the Humber,8,North East Lincolnshire 020,51.0,1,164.0,83.64,860
E02002741,6.0,5.0,45.3,47.64,2.94,1.19,93.52,2.36,LargeCentralMetro,1,0,0,0,0,0,Yorkshire and the Humber,9,North East Lincolnshire 016,25.0,1,117.0,29.25,806
E02002737,4.0,5.0,42.38,49.18,1.64,0.2,96.9,1.26,LargeCentralMetro,1,0,0,0,0,0,Yorkshire and the Humber,4,North East Lincolnshire 012,33.0,1,151.0,49.830000000000005,978
E02002740,2.0,6.0,45.95,46.74,0.64,1.14,96.85,1.38,LargeCentralMetro,1,0,0,0,0,0,Yorkshire and the Humber,6,North East Lincolnshire 015,14.0,1,111.0,15.540000000000001,599
E02002729,5.0,6.0,37.7,47.98,0.37,0.2,97.93,1.5,LargeCentralMetro,1,0,0,0,0,0,Yorkshire and the Humber,6,North East Lincolnshire 004,39.0,1,61.0,23.79,519
E02002726,4.0,5.0,27.47,46.9,0.75,0.17,97.76,1.31,LargeCentralMetro,1,0,0,0,0,0,Yorkshire and the Humber,8,North East Lincolnshire 001,24.0,1,91.0,21.84,597
E02002754,5.0,4.0,20.0,47.65,0.47,0.12,98.58,0.82,MediumMetro,0,0,1,0,0,0,Yorkshire and the Humber,10,North Lincolnshire 006,43.0,1,80.0,34.4,531
E02002760,6.0,8.0,45.92,48.66,3.33,0.33,94.78,1.55,LargeCentralMetro,1,0,0,0,0,0,Yorkshire and the Humber,6,North Lincolnshire 012,34.0,1,98.0,33.32,670
E02002758,3.0,8.0,33.33,49.73,3.26,0.39,93.54,2.81,LargeCentralMetro,1,0,0,0,0,0,Yorkshire and the Humber,4,North Lincolnshire 010,53.0,1,114.0,60.42,754
E02002755,4.0,9.0,38.89,46.35,12.89,1.58,80.47,5.06,LargeCentralMetro,1,0,0,0,0,0,Yorkshire and the Humber,5,North Lincolnshire 007,40.49,2,126.0,51.019999999999996,753
E02002768,7.0,2.0,18.98,50.23,1.08,0.25,97.49,1.17,MediumMetro,0,0,1,0,0,0,Yorkshire and the Humber,8,North Lincolnshire 020,64.0,1,137.0,87.68,874
E02002766,6.0,7.0,26.67,47.81,2.11,0.37,96.1,1.42,LargeCentralMetro,1,0,0,0,0,0,Yorkshire and the Humber,4,North Lincolnshire 018,34.0,1,240.0,81.60000000000001,1322
E02002751,5.0,6.0,20.75,48.83,0.74,0.17,98.11,0.98,MediumMetro,0,0,1,0,0,0,Yorkshire and the Humber,6,North Lincolnshire 003,54.0,1,106.0,57.24,512
E02002759,5.0,6.0,16.96,51.18,1.08,0.19,97.75,0.99,MediumMetro,0,0,1,0,0,0,Yorkshire and the Humber,6,North Lincolnshire 011,49.66,2,230.0,114.21,1477
E02002749,4.0,6.0,26.4,49.49,0.96,0.23,97.57,1.23,LargeCentralMetro,1,0,0,0,0,0,Yorkshire and the Humber,5,North Lincolnshire 001,38.0,1,125.0,47.5,792
E02002762,4.0,9.0,18.85,50.36,1.92,0.25,96.53,1.3,LargeCentralMetro,1,0,0,0,0,0,Yorkshire and the Humber,3,North Lincolnshire 014,51.0,1,122.0,62.22,685
E02002756,2.0,9.0,38.78,46.91,18.79,2.84,70.47,7.91,LargeCentralMetro,1,0,0,0,0,0,Yorkshire and the Humber,5,North Lincolnshire 008,38.0,1,147.0,55.86,744
E02007041,9.0,4.0,20.17,46.35,0.69,0.21,98.03,1.07,LargeFringeMetro,0,1,0,0,0,0,Yorkshire and the Humber,6,Craven 009,37.18,2,119.0,44.25,589
E02005815,8.0,3.0,17.57,46.77,0.54,0.12,98.46,0.88,LargeFringeMetro,0,1,0,0,0,0,Yorkshire and the Humber,7,Selby 007,43.0,1,74.0,31.82,402
E02005785,7.0,4.0,22.62,49.22,8.24,2.26,84.76,4.74,LargeCentralMetro,1,0,0,0,0,0,Yorkshire and the Humber,9,Richmondshire 004,30.0,1,84.0,25.2,512
E02005797,4.0,6.0,23.31,52.58,0.67,0.11,98.25,0.96,LargeFringeMetro,0,1,0,0,0,0,Yorkshire and the Humber,8,Scarborough 003,38.0,1,133.0,50.54,757
E02005750,6.0,3.0,10.99,48.47,0.42,0.1,98.33,1.15,Micropolitan,0,0,0,0,1,0,Yorkshire and the Humber,9,Hambleton 001,42.0,1,191.0,80.22,1180
E02005755,8.0,6.0,18.55,45.29,0.62,0.12,98.46,0.8,MediumMetro,0,0,1,0,0,0,Yorkshire and the Humber,7,Hambleton 006,41.0,1,124.0,50.839999999999996,499
E02005799,8.0,6.0,14.97,48.31,1.58,0.52,96.73,1.16,LargeFringeMetro,0,1,0,0,0,0,Yorkshire and the Humber,4,Scarborough 005,55.0,1,167.0,91.85000000000001,979
E02005787,8.0,3.0,13.95,48.83,0.6,0.26,98.28,0.87,SmallMetro,0,0,0,1,0,0,Yorkshire and the Humber,10,Richmondshire 006,23.0,1,86.0,19.78,385
E02007045,7.0,5.0,21.26,45.59,0.7,0.13,97.6,1.57,LargeFringeMetro,0,1,0,0,0,0,Yorkshire and the Humber,4,Ryedale 010,37.0,1,127.0,46.99,783
E02005769,6.0,10.0,16.28,49.43,0.77,0.14,97.63,1.46,LargeCentralMetro,1,0,0,0,0,0,Yorkshire and the Humber,7,Harrogate 009,59.0,1,258.0,152.22,1501
E02005762,8.0,6.0,19.81,47.8,2.51,1.18,94.19,2.11,LargeCentralMetro,1,0,0,0,0,0,Yorkshire and the Humber,7,Harrogate 002,57.0,1,106.0,60.419999999999995,682
E02005749,9.0,8.0,13.26,48.31,1.09,0.05,97.75,1.12,LargeCentralMetro,1,0,0,0,0,0,Yorkshire and the Humber,6,Craven 008,41.0,1,279.0,114.38999999999999,1745
E02005780,10.0,5.0,10.52,49.09,2.78,0.32,94.42,2.49,LargeCentralMetro,1,0,0,0,0,0,Yorkshire and the Humber,4,Harrogate 020,54.31,2,523.0,284.06,3410
E02005773,5.0,8.0,26.83,54.26,3.95,1.2,91.9,2.94,LargeCentralMetro,1,0,0,0,0,0,Yorkshire and the Humber,5,Harrogate 013,35.0,1,82.0,28.7,599
E02005765,8.0,4.0,13.64,53.77,0.6,0.21,98.12,1.06,MediumMetro,0,0,1,0,0,0,Yorkshire and the Humber,9,Harrogate 005,44.0,1,110.0,48.4,491
E02005814,6.0,6.0,16.74,52.41,0.34,0.29,98.24,1.13,LargeCentralMetro,1,0,0,0,0,0,Yorkshire and the Humber,7,Selby 006,42.0,1,233.0,97.86,1164
E02005777,9.0,6.0,6.48,51.93,1.98,0.45,95.14,2.44,LargeCentralMetro,1,0,0,0,0,0,Yorkshire and the Humber,1,Harrogate 017,60.0,1,247.0,148.2,1974
E02005804,4.0,10.0,27.03,19.1,2.39,1.0,94.15,2.47,LargeFringeMetro,0,1,0,0,0,0,Yorkshire and the Humber,,Scarborough 010,31.0,1,74.0,22.94,199
E02005758,7.0,5.0,14.67,50.61,0.89,0.83,96.54,1.74,LargeFringeMetro,0,1,0,0,0,0,Yorkshire and the Humber,5,Hambleton 009,38.0,1,150.0,57.0,895
E02005744,8.0,6.0,15.66,45.19,0.66,0.09,98.54,0.71,SmallMetro,0,0,0,1,0,0,Yorkshire and the Humber,6,Craven 003,29.0,1,83.0,24.069999999999997,593
E02002775,6.0,7.0,17.54,51.23,1.29,0.35,96.92,1.44,LargeCentralMetro,1,0,0,0,0,0,Yorkshire and the Humber,7,York 004,51.76,2,456.0,236.01,2795
E02002788,8.0,4.0,13.43,49.04,2.37,0.49,94.48,2.65,LargeCentralMetro,1,0,0,0,0,0,Yorkshire and the Humber,1,York 017,51.0,1,201.0,102.51,1042
E02002785,7.0,5.0,12.95,52.17,3.45,0.67,92.18,3.71,LargeCentralMetro,1,0,0,0,0,0,Yorkshire and the Humber,2,York 014,51.0,1,224.0,114.24000000000001,1547
E02002782,9.0,5.0,10.44,48.97,1.21,0.23,97.18,1.38,LargeCentralMetro,1,0,0,0,0,0,Yorkshire and the Humber,6,York 011,57.0,1,182.0,103.74,1072
E02002777,8.0,6.0,30.0,51.16,3.68,0.7,93.25,2.37,LargeCentralMetro,1,0,0,0,0,0,Yorkshire and the Humber,,York 006,41.0,1,100.0,41.0,561
E02003273,4.0,4.0,35.48,50.61,22.33,11.54,58.28,7.84,LargeCentralMetro,1,0,0,0,0,0,East of England,3,Luton 016,35.0,1,248.0,86.8,1223
E02003268,4.0,3.0,32.18,0.0,58.15,10.22,22.94,8.69,LargeCentralMetro,1,0,0,0,0,0,East of England,4,Luton 011,49.0,1,174.0,85.26,1016
E02003267,4.0,2.0,41.1,45.68,76.65,4.23,13.34,5.77,LargeCentralMetro,1,0,0,0,0,0,East of England,1,Luton 010,46.0,1,219.0,100.74000000000001,1123
E02003259,4.0,5.0,37.11,49.25,15.65,14.02,62.63,7.69,LargeCentralMetro,1,0,0,0,0,0,East of England,6,Luton 002,24.0,1,194.0,46.559999999999995,995
E02003258,8.0,3.0,22.18,48.2,19.95,8.57,65.44,6.04,LargeCentralMetro,1,0,0,0,0,0,East of England,8,Luton 001,41.0,1,239.0,97.99,1612
E02003277,3.0,4.0,42.67,49.61,29.99,10.7,48.94,10.37,LargeCentralMetro,1,0,0,0,0,0,East of England,6,Luton 020,25.0,1,232.0,58.0,1276
E02003264,8.0,2.0,27.24,50.42,45.83,6.14,40.34,7.69,LargeCentralMetro,1,0,0,0,0,0,East of England,5,Luton 007,50.0,1,279.0,139.5,1430
E02003266,3.0,6.0,38.1,49.51,26.81,14.97,49.65,8.57,LargeCentralMetro,1,0,0,0,0,0,East of England,6,Luton 009,40.0,1,252.0,100.80000000000001,1337
E02003618,7.0,5.0,16.67,47.69,3.81,2.08,89.65,4.46,MediumMetro,0,0,1,0,0,0,East of England,,Bedford 003,17.0,1,6.0,1.02,694
E02003630,3.0,6.0,32.04,50.87,27.46,8.36,55.52,8.66,LargeCentralMetro,1,0,0,0,0,0,East of England,4,Bedford 015,32.49,2,309.0,100.38,1675
E02003621,7.0,5.0,25.98,49.31,8.8,3.84,82.3,5.06,LargeCentralMetro,1,0,0,0,0,0,East of England,3,Bedford 006,32.0,1,281.0,89.92,1296
E02003623,7.0,3.0,26.63,48.34,10.67,4.64,77.87,6.82,LargeCentralMetro,1,0,0,0,0,0,East of England,6,Bedford 008,25.0,1,184.0,46.0,1055
E02003620,7.0,5.0,16.49,51.45,9.2,4.3,80.9,5.6,LargeCentralMetro,1,0,0,0,0,0,East of England,3,Bedford 005,41.0,1,194.0,79.53999999999999,1034
E02003616,8.0,3.0,11.56,50.18,0.97,0.86,95.62,2.54,MediumMetro,0,0,1,0,0,0,East of England,7,Bedford 001,47.0,1,398.0,187.06,1983
E02003635,5.0,4.0,14.48,49.04,6.1,3.92,84.15,5.83,Micropolitan,0,0,0,0,1,0,East of England,10,Bedford 020,44.0,1,290.0,127.6,885
E02003633,4.0,5.0,31.25,52.38,13.77,7.39,71.78,7.06,LargeCentralMetro,1,0,0,0,0,0,East of England,7,Bedford 018,24.0,1,144.0,34.56,525
E02007011,6.0,4.0,,43.81,14.34,5.12,73.06,7.48,MediumMetro,0,0,1,0,0,0,East of England,,Bedford 022,,1,0.0,0.0,226
E02003647,5.0,8.0,21.37,47.9,5.71,4.36,84.11,5.81,LargeCentralMetro,1,0,0,0,0,0,East of England,4,Central Bedfordshire 029,22.0,1,131.0,28.82,1046
E02003640,7.0,4.0,11.76,50.05,2.18,0.91,93.26,3.64,LargeCentralMetro,1,0,0,0,0,0,East of England,6,Central Bedfordshire 022,50.0,1,289.0,144.5,1105
E02003599,6.0,5.0,19.58,49.66,2.63,1.46,92.32,3.59,LargeCentralMetro,1,0,0,0,0,0,East of England,9,Central Bedfordshire 001,39.0,1,143.0,55.77,731
E02003611,8.0,4.0,12.25,46.91,2.94,1.55,91.63,3.87,LargeCentralMetro,1,0,0,0,0,0,East of England,5,Central Bedfordshire 013,48.0,1,400.0,192.0,1669
E02003615,8.0,2.0,12.08,49.48,2.41,0.91,93.32,3.35,MediumMetro,0,0,1,0,0,0,East of England,5,Central Bedfordshire 017,57.0,1,298.0,169.85999999999999,1158
E02003638,8.0,5.0,18.48,49.57,1.53,1.14,94.46,2.86,LargeCentralMetro,1,0,0,0,0,0,East of England,4,Central Bedfordshire 020,52.0,1,184.0,95.68,930
E02003610,8.0,6.0,9.23,50.12,1.34,0.92,95.1,2.64,LargeCentralMetro,1,0,0,0,0,0,East of England,4,Central Bedfordshire 012,45.0,1,390.0,175.5,1644
E02003604,6.0,5.0,19.93,51.49,3.22,2.11,90.58,4.09,LargeCentralMetro,1,0,0,0,0,0,East of England,6,Central Bedfordshire 006,32.0,1,271.0,86.72,975
E02003651,6.0,6.0,15.15,48.68,4.6,1.94,90.16,3.29,LargeCentralMetro,1,0,0,0,0,0,East of England,,Central Bedfordshire 033,30.0,1,198.0,59.4,984
E02003644,5.0,7.0,30.33,51.96,5.09,5.52,83.82,5.58,LargeCentralMetro,1,0,0,0,0,0,East of England,3,Central Bedfordshire 026,17.0,1,122.0,20.740000000000002,689
E02003652,8.0,3.0,13.07,49.75,4.95,2.76,88.7,3.59,LargeCentralMetro,1,0,0,0,0,0,South East,3,Buckinghamshire 001,29.0,1,153.0,44.37,1013
E02003668,9.0,5.0,16.74,48.27,9.62,1.64,84.61,4.13,LargeCentralMetro,1,0,0,0,0,0,South East,1,Buckinghamshire 018,33.0,1,233.0,76.89,1326
E02006823,9.0,2.0,16.0,45.74,4.19,0.58,91.52,3.72,LargeCentralMetro,1,0,0,0,0,0,South East,3,Buckinghamshire 039,49.0,1,150.0,73.5,892
E02003712,6.0,5.0,35.17,51.66,14.37,4.91,75.12,5.59,LargeCentralMetro,1,0,0,0,0,0,South East,5,Buckinghamshire 052,44.0,1,145.0,63.8,753
E02003682,10.0,2.0,11.81,48.69,13.73,1.03,80.35,4.89,LargeCentralMetro,1,0,0,0,0,0,South East,7,Buckinghamshire 034,60.0,1,127.0,76.2,881
E02003659,8.0,3.0,5.71,51.49,6.01,3.09,87.19,3.72,MediumMetro,0,0,1,0,0,0,South East,10,Buckinghamshire 009,56.0,1,140.0,78.4,971
E02003717,8.0,2.0,10.95,47.59,3.03,0.87,92.59,3.51,LargeCentralMetro,1,0,0,0,0,0,South East,1,Buckinghamshire 062,39.0,1,201.0,78.39,1328
E02003677,6.0,4.0,24.44,51.87,16.91,1.66,76.79,4.64,LargeCentralMetro,1,0,0,0,0,0,South East,4,Buckinghamshire 027,45.0,1,135.0,60.75,910
E02003706,5.0,2.0,38.67,49.95,23.11,5.88,62.67,8.33,LargeCentralMetro,1,0,0,0,0,0,South East,3,Buckinghamshire 043,31.0,1,150.0,46.5,967
E02003669,4.0,5.0,29.33,10.81,26.71,4.85,61.4,7.05,LargeCentralMetro,1,0,0,0,0,0,South East,1,Buckinghamshire 017,17.0,1,75.0,12.750000000000002,185
E02003656,8.0,4.0,10.98,51.67,1.64,0.77,94.62,2.97,MediumMetro,0,0,1,0,0,0,South East,7,Buckinghamshire 005,37.0,1,82.0,30.34,509
E02003675,8.0,4.0,11.8,49.51,2.48,1.02,92.21,4.28,MediumMetro,0,0,1,0,0,0,South East,3,Buckinghamshire 024,45.0,1,161.0,72.45,1022
E02003688,8.0,3.0,21.53,52.88,10.0,1.16,82.92,5.92,LargeCentralMetro,1,0,0,0,0,0,South East,3,Buckinghamshire 053,29.0,1,144.0,41.76,832
E02003687,9.0,3.0,15.54,50.78,7.98,0.58,87.31,4.12,LargeCentralMetro,1,0,0,0,0,0,South East,4,Buckinghamshire 054,42.0,1,251.0,105.42,1481
E02003658,9.0,5.0,16.57,51.82,5.33,2.19,89.39,3.09,MediumMetro,0,0,1,0,0,0,South East,10,Buckinghamshire 007,39.0,1,175.0,68.25,1069
E02003490,2.0,7.0,45.83,48.95,11.19,15.74,67.09,5.98,LargeCentralMetro,1,0,0,0,0,0,South East,8,Milton Keynes 032,16.0,1,96.0,15.36,619
E02003461,7.0,5.0,13.37,49.01,3.35,2.15,91.45,3.05,LargeCentralMetro,1,0,0,0,0,0,South East,4,Milton Keynes 003,52.0,1,359.0,186.68,2179
E02003483,8.0,2.0,15.45,49.79,19.11,9.37,64.97,6.55,LargeCentralMetro,1,0,0,0,0,0,South East,9,Milton Keynes 025,49.0,1,233.0,114.17,1689
E02003479,4.0,5.0,25.54,49.02,20.35,14.35,57.14,8.16,LargeCentralMetro,1,0,0,0,0,0,South East,4,Milton Keynes 021,40.0,1,278.0,111.2,1793
E02007015,6.0,3.0,18.41,48.96,16.1,10.1,66.82,6.97,LargeCentralMetro,1,0,0,0,0,0,South East,8,Milton Keynes 036,47.0,1,239.0,112.33,1491
E02003476,3.0,5.0,49.06,51.57,12.15,23.26,57.87,6.72,LargeCentralMetro,1,0,0,0,0,0,South East,3,Milton Keynes 018,26.0,1,212.0,55.120000000000005,1208
E02003480,6.0,3.0,22.74,49.93,8.26,7.72,78.23,5.79,LargeCentralMetro,1,0,0,0,0,0,South East,6,Milton Keynes 022,35.0,1,277.0,96.94999999999999,2065
E02003468,6.0,3.0,33.17,47.82,8.0,4.7,82.29,5.02,LargeCentralMetro,1,0,0,0,0,0,South East,2,Milton Keynes 010,42.0,1,208.0,87.36,1190
E02003478,8.0,2.0,12.63,49.91,18.26,6.01,68.52,7.21,LargeCentralMetro,1,0,0,0,0,0,South East,4,Milton Keynes 020,61.0,1,190.0,115.89999999999999,1697
E02004044,10.0,2.0,5.26,49.9,3.25,0.52,93.16,3.07,MediumMetro,0,0,1,0,0,0,East Midlands,10,Amber Valley 016,72.0,1,209.0,150.48,1489
E02004032,7.0,7.0,23.71,48.57,0.68,0.15,98.27,0.9,LargeCentralMetro,1,0,0,0,0,0,East Midlands,10,Amber Valley 004,31.0,1,194.0,60.14,1118
E02004080,3.0,9.0,45.61,50.28,1.71,0.47,95.75,2.06,LargeCentralMetro,1,0,0,0,0,0,East Midlands,4,Erewash 003,28.0,1,114.0,31.92,720
E02004061,4.0,10.0,33.6,47.71,2.45,1.05,94.08,2.42,LargeCentralMetro,1,0,0,0,0,0,East Midlands,10,Chesterfield 007,50.0,1,125.0,62.5,937
E02004095,6.0,8.0,32.94,49.9,0.9,0.33,96.63,2.14,LargeCentralMetro,1,0,0,0,0,0,East Midlands,10,High Peak 003,32.0,1,85.0,27.2,477
E02004045,6.0,7.0,35.14,47.02,1.49,0.32,96.98,1.21,MediumMetro,0,0,1,0,0,0,East Midlands,,Bolsover 001,33.0,1,148.0,48.84,806
E02006872,7.0,5.0,19.89,44.92,0.72,0.1,98.02,1.16,SmallMetro,0,0,0,1,0,0,East Midlands,10,High Peak 013,41.0,1,181.0,74.21,944
E02004092,5.0,6.0,25.76,48.62,1.66,0.52,94.99,2.82,LargeCentralMetro,1,0,0,0,0,0,East Midlands,10,Erewash 015,36.0,1,198.0,71.28,1090
E02004097,8.0,6.0,34.15,47.9,0.49,0.2,97.41,1.9,LargeCentralMetro,1,0,0,0,0,0,East Midlands,10,High Peak 005,37.0,1,82.0,30.34,524
E02004043,7.0,8.0,21.3,51.91,0.74,0.25,97.72,1.3,Micropolitan,0,0,0,0,1,0,East Midlands,10,Amber Valley 015,42.0,1,108.0,45.36,682
E02004052,5.0,9.0,29.76,46.99,1.2,0.31,97.39,1.1,Micropolitan,0,0,0,0,1,0,East Midlands,10,Bolsover 008,41.0,1,168.0,68.88,879
E02004055,4.0,10.0,39.34,48.96,0.85,0.55,96.76,1.83,LargeCentralMetro,1,0,0,0,0,0,East Midlands,10,Chesterfield 001,30.0,1,61.0,18.3,335
E02004065,10.0,8.0,16.29,47.7,1.48,0.59,96.44,1.49,LargeCentralMetro,1,0,0,0,0,0,East Midlands,10,Chesterfield 011,41.0,1,178.0,72.97999999999999,1130
E02004048,2.0,10.0,28.95,52.72,0.72,0.5,97.4,1.38,LargeCentralMetro,1,0,0,0,0,0,East Midlands,10,Bolsover 004,42.0,1,152.0,63.839999999999996,810
E02004076,7.0,6.0,12.75,51.45,0.62,0.24,97.42,1.71,MediumMetro,0,0,1,0,0,0,East Midlands,6,Derbyshire Dales 009,55.0,1,204.0,112.2,1312
E02004108,5.0,8.0,12.8,50.61,1.18,0.33,96.72,1.77,LargeCentralMetro,1,0,0,0,0,0,East Midlands,5,North East Derbyshire 004,59.0,1,289.0,170.51,1804
E02004056,2.0,10.0,26.35,51.65,0.73,0.87,96.25,2.15,LargeCentralMetro,1,0,0,0,0,0,East Midlands,10,Chesterfield 002,44.0,1,167.0,73.48,1179
E02004039,7.0,6.0,14.88,49.63,0.93,0.32,97.21,1.54,LargeCentralMetro,1,0,0,0,0,0,East Midlands,10,Amber Valley 011,50.0,1,215.0,107.5,1203
E02004040,5.0,7.0,20.0,51.01,0.69,0.15,97.9,1.27,LargeCentralMetro,1,0,0,0,0,0,East Midlands,10,Amber Valley 012,44.0,1,230.0,101.2,1331
E02007029,7.0,6.0,10.57,51.64,0.41,0.14,98.53,0.93,MediumMetro,0,0,1,0,0,0,East Midlands,8,Derbyshire Dales 011,56.0,1,227.0,127.12000000000002,1309
E02004058,3.0,10.0,20.51,54.12,1.87,0.89,94.73,2.51,LargeCentralMetro,1,0,0,0,0,0,East Midlands,10,Chesterfield 004,57.0,1,195.0,111.14999999999999,1286
E02004084,2.0,9.0,20.34,50.92,0.42,0.47,97.84,1.27,LargeCentralMetro,1,0,0,0,0,0,East Midlands,7,Erewash 007,59.0,1,118.0,69.61999999999999,654
E02004033,5.0,8.0,35.14,51.05,0.73,0.37,97.37,1.54,LargeCentralMetro,1,0,0,0,0,0,East Midlands,10,Amber Valley 005,46.0,1,111.0,51.06,668
E02004050,3.0,7.0,40.94,50.36,0.65,0.95,96.85,1.55,LargeCentralMetro,1,0,0,0,0,0,East Midlands,10,Bolsover 006,40.0,1,149.0,59.6,828
E02004029,4.0,9.0,50.0,52.54,1.51,0.31,96.47,1.7,LargeCentralMetro,1,0,0,0,0,0,East Midlands,10,Amber Valley 001,23.0,1,78.0,17.94,472
E02002801,5.0,6.0,22.17,47.8,1.48,1.24,94.61,2.67,LargeCentralMetro,1,0,0,0,0,0,East Midlands,,Derby 006,39.0,1,203.0,79.17,1138
E02002799,3.0,7.0,44.68,48.6,3.29,2.23,90.65,3.83,LargeCentralMetro,1,0,0,0,0,0,East Midlands,,Derby 004,22.0,1,94.0,20.68,570
E02002824,3.0,6.0,37.82,48.08,23.85,7.19,58.51,10.44,LargeCentralMetro,1,0,0,0,0,0,East Midlands,,Derby 029,17.0,1,156.0,26.520000000000003,911
E02002800,8.0,5.0,30.63,52.66,3.27,1.57,91.44,3.72,LargeCentralMetro,1,0,0,0,0,0,East Midlands,3,Derby 005,36.0,1,222.0,79.92,1333
E02002810,8.0,2.0,30.71,47.87,9.61,2.54,83.6,4.25,LargeCentralMetro,1,0,0,0,0,0,East Midlands,5,Derby 015,29.0,1,140.0,40.599999999999994,915
E02002805,8.0,5.0,22.89,47.31,0.89,0.64,97.09,1.38,LargeCentralMetro,1,0,0,0,0,0,East Midlands,6,Derby 010,42.0,1,249.0,104.58,1321
E02002797,10.0,4.0,18.92,51.49,2.68,0.5,94.45,2.37,LargeCentralMetro,1,0,0,0,0,0,East Midlands,5,Derby 002,45.0,1,222.0,99.9,1346
E02002803,3.0,8.0,26.42,49.55,5.85,4.69,83.98,5.48,LargeCentralMetro,1,0,0,0,0,0,East Midlands,2,Derby 008,59.0,1,159.0,93.80999999999999,1100
E02002823,4.0,9.0,39.59,51.35,4.3,2.44,88.9,4.36,LargeCentralMetro,1,0,0,0,0,0,East Midlands,,Derby 028,20.0,1,197.0,39.400000000000006,1108
E02002816,7.0,3.0,12.59,48.92,34.21,3.36,52.43,10.0,LargeCentralMetro,1,0,0,0,0,0,East Midlands,9,Derby 021,61.0,1,294.0,179.34,1813
E02004268,5.0,7.0,30.77,49.03,0.83,0.23,97.0,1.94,SmallMetro,0,0,0,1,0,0,South West,8,Dorset 042,39.0,1,52.0,20.28,310
E02004274,6.0,7.0,15.87,49.71,1.01,0.14,97.4,1.45,LargeFringeMetro,0,1,0,0,0,0,South West,7,Dorset 026,43.0,1,126.0,54.18,849
E02004251,7.0,3.0,16.77,52.09,1.12,0.09,98.01,0.77,LargeCentralMetro,1,0,0,0,0,0,South West,3,Dorset 020,39.0,1,167.0,65.13,789
E02004264,5.0,7.0,17.78,51.24,0.75,0.17,97.54,1.54,Micropolitan,0,0,0,0,1,0,South West,10,Dorset 028,44.0,1,225.0,99.0,1454
E02004255,7.0,4.0,14.07,51.09,1.03,0.18,97.65,1.15,LargeFringeMetro,0,1,0,0,0,0,South West,7,Dorset 001,42.0,1,270.0,113.39999999999999,1736
E02004247,8.0,2.0,13.83,49.81,0.39,0.1,98.47,1.04,LargeCentralMetro,1,0,0,0,0,0,South West,7,Dorset 013,41.0,1,405.0,166.04999999999998,1572
E02004261,5.0,5.0,18.95,46.46,1.51,0.17,96.88,1.44,LargeCentralMetro,1,0,0,0,0,0,South West,4,Dorset 011,45.0,1,153.0,68.85000000000001,1003
E02004257,5.0,3.0,18.29,50.36,1.43,0.23,96.55,1.79,SmallMetro,0,0,0,1,0,0,South West,5,Dorset 003,28.0,1,164.0,45.92,979
E02004269,6.0,4.0,16.74,52.22,1.96,0.34,96.08,1.62,LargeFringeMetro,0,1,0,0,0,0,South West,4,Dorset 004,43.0,1,233.0,100.19,1555
E02004273,4.0,4.0,12.2,52.93,0.52,0.21,98.08,1.2,SmallMetro,0,0,0,1,0,0,South West,4,Dorset 023,65.0,1,164.0,106.60000000000001,1058
E02004272,7.0,3.0,23.81,53.44,0.62,0.12,98.2,1.06,Micropolitan,0,0,0,0,1,0,South West,8,Dorset 022,10.0,1,42.0,4.2,189
E02004271,6.0,5.0,14.04,50.0,0.58,0.16,98.05,1.22,Noncore,0,0,0,0,0,1,South West,8,Dorset 019,40.0,1,114.0,45.6,674
E02007007,5.0,6.0,13.11,51.1,3.85,0.78,93.24,2.14,LargeFringeMetro,0,1,0,0,0,0,South West,3,Dorset 032,54.0,1,450.0,243.00000000000003,2084
E02003198,6.0,7.0,23.58,50.0,2.5,0.5,94.74,2.25,LargeCentralMetro,1,0,0,0,0,0,South West,10,"Bournemouth, Christchurch and Poole 016",46.0,1,123.0,56.580000000000005,838
E02003209,3.0,8.0,34.78,49.72,1.68,0.38,95.98,1.96,LargeCentralMetro,1,0,0,0,0,0,South West,10,"Bournemouth, Christchurch and Poole 046",23.0,1,69.0,15.870000000000001,354
E02003183,7.0,5.0,15.04,0.0,4.2,1.47,87.77,6.56,LargeCentralMetro,1,0,0,0,0,0,South West,9,"Bournemouth, Christchurch and Poole 028",59.0,1,113.0,66.67,835
E02003178,4.0,6.0,29.74,72.11,3.12,1.18,91.08,4.63,LargeCentralMetro,1,0,0,0,0,0,South West,9,"Bournemouth, Christchurch and Poole 011",43.02,2,269.0,115.72000000000001,1746
E02004240,2.0,5.0,38.74,44.84,1.57,0.29,95.96,2.18,LargeCentralMetro,1,0,0,0,0,0,South West,8,"Bournemouth, Christchurch and Poole 024",34.0,1,111.0,37.74,446
E02004241,5.0,4.0,11.57,49.57,1.75,0.17,95.67,2.41,LargeCentralMetro,1,0,0,0,0,0,South West,9,"Bournemouth, Christchurch and Poole 031",49.0,1,242.0,118.58,1749
E02003176,2.0,9.0,31.52,49.19,2.0,0.85,92.99,4.15,LargeCentralMetro,1,0,0,0,0,0,South West,9,"Bournemouth, Christchurch and Poole 010",20.48,2,165.0,33.8,923
E02003204,5.0,7.0,8.09,49.81,2.4,0.44,94.38,2.78,LargeCentralMetro,1,0,0,0,0,0,South West,10,"Bournemouth, Christchurch and Poole 030",53.0,1,173.0,91.69,1064
E02003182,8.0,3.0,23.86,81.35,5.29,1.61,88.63,4.47,LargeCentralMetro,1,0,0,0,0,0,South West,9,"Bournemouth, Christchurch and Poole 020",34.0,1,176.0,59.84,1367
E02004239,9.0,3.0,12.24,50.63,1.07,0.14,97.31,1.47,LargeCentralMetro,1,0,0,0,0,0,South West,10,"Bournemouth, Christchurch and Poole 018",47.0,1,196.0,92.11999999999999,1420
E02003196,10.0,5.0,7.63,52.02,2.28,0.2,95.75,1.76,LargeCentralMetro,1,0,0,0,0,0,South West,4,"Bournemouth, Christchurch and Poole 004",49.0,1,249.0,122.00999999999999,942
E02003179,3.0,7.0,19.5,42.4,6.11,1.72,85.74,6.43,LargeCentralMetro,1,0,0,0,0,0,South West,9,"Bournemouth, Christchurch and Poole 012",41.0,1,200.0,82.0,1118
E02003200,3.0,8.0,39.06,44.07,2.71,0.78,93.08,3.42,LargeCentralMetro,1,0,0,0,0,0,South West,10,"Bournemouth, Christchurch and Poole 022",16.0,1,64.0,10.24,472
E02007022,7.0,6.0,22.97,51.05,0.64,0.6,97.6,1.16,MediumMetro,0,0,1,0,0,0,North East,3,County Durham 067,62.0,1,74.0,45.88,572
E02004343,4.0,9.0,28.57,47.68,0.16,0.18,98.41,1.25,LargeCentralMetro,1,0,0,0,0,0,North East,7,County Durham 062,49.0,1,119.0,58.31,734
E02004309,7.0,7.0,21.28,47.89,5.83,1.19,88.93,4.05,LargeCentralMetro,1,0,0,0,0,0,North East,6,County Durham 023,50.0,1,141.0,70.5,1115
E02004301,2.0,8.0,42.61,51.73,1.1,0.1,97.97,0.82,LargeCentralMetro,1,0,0,0,0,0,North East,4,County Durham 008,28.0,1,176.0,49.28,868
E02004303,5.0,8.0,36.52,49.64,0.54,0.12,98.38,0.96,LargeCentralMetro,1,0,0,0,0,0,North East,3,County Durham 010,30.0,1,230.0,69.0,1408
E02004344,3.0,9.0,33.09,17.3,0.46,0.13,98.14,1.28,LargeCentralMetro,1,0,0,0,0,0,North East,,County Durham 063,24.0,1,136.0,32.64,341
E02004294,9.0,7.0,22.22,46.54,1.27,0.11,97.54,1.08,LargeCentralMetro,1,0,0,0,0,0,North East,3,County Durham 013,40.0,1,198.0,79.2,1472
E02004351,2.0,9.0,40.0,50.97,0.64,0.25,98.02,1.09,MediumMetro,0,0,1,0,0,0,North East,8,County Durham 051,37.0,1,135.0,49.95,824
E02004312,7.0,5.0,31.58,46.1,1.81,0.38,96.44,1.37,LargeCentralMetro,1,0,0,0,0,0,North East,7,County Durham 028,49.0,1,152.0,74.48,757
E02004315,9.0,4.0,15.95,49.57,7.07,1.02,87.05,4.86,LargeCentralMetro,1,0,0,0,0,0,North East,2,County Durham 033,64.0,1,232.0,148.48,1640
E02004329,4.0,8.0,33.0,50.41,0.85,0.25,98.09,0.81,LargeCentralMetro,1,0,0,0,0,0,North East,8,County Durham 037,48.0,1,203.0,97.44,1208
E02004324,4.0,8.0,39.71,49.39,0.5,0.14,98.49,0.87,MediumMetro,0,0,1,0,0,0,North East,10,County Durham 025,32.0,1,136.0,43.52,733
E02004353,5.0,8.0,22.6,50.72,1.68,0.17,97.27,0.89,LargeCentralMetro,1,0,0,0,0,0,North East,7,County Durham 056,48.0,1,208.0,99.84,1382
E02004306,5.0,7.0,14.22,49.17,0.93,0.18,97.85,1.03,MediumMetro,0,0,1,0,0,0,North East,9,County Durham 020,47.0,1,225.0,105.75,1385
E02004352,2.0,9.0,42.24,50.53,1.01,0.32,97.6,1.06,LargeCentralMetro,1,0,0,0,0,0,North East,6,County Durham 055,35.0,1,116.0,40.599999999999994,855
E02002564,4.0,9.0,46.36,47.48,1.74,0.23,96.34,1.7,LargeCentralMetro,1,0,0,0,0,0,North East,,Darlington 006,24.0,1,110.0,26.4,535
E02002573,7.0,6.0,23.7,46.29,1.27,0.44,96.7,1.59,MediumMetro,0,0,1,0,0,0,North East,10,Darlington 015,46.0,1,135.0,62.1,687
E02002563,4.0,9.0,42.48,52.27,1.15,0.38,96.75,1.71,LargeCentralMetro,1,0,0,0,0,0,North East,7,Darlington 005,37.0,1,153.0,56.61,815
E02002569,10.0,6.0,16.24,52.81,2.71,0.44,94.95,1.9,LargeCentralMetro,1,0,0,0,0,0,North East,8,Darlington 011,56.23,2,425.0,238.97000000000003,2477
E02002567,3.0,9.0,47.78,51.19,2.48,1.08,94.04,2.4,LargeCentralMetro,1,0,0,0,0,0,North East,2,Darlington 009,12.0,1,90.0,10.799999999999999,420
E02004359,3.0,9.0,30.0,49.52,2.77,0.93,92.84,3.46,LargeCentralMetro,1,0,0,0,0,0,South East,10,Eastbourne 004,30.72,2,360.0,110.59,1874
E02004369,6.0,8.0,26.37,0.0,2.35,0.72,94.49,2.44,LargeCentralMetro,1,0,0,0,0,0,South East,8,Hastings 002,42.0,1,91.0,38.22,557
E02004387,3.0,8.0,44.57,45.61,2.14,1.7,92.95,3.21,LargeCentralMetro,1,0,0,0,0,0,South East,10,Lewes 009,27.0,1,92.0,24.840000000000003,627
E02004382,6.0,6.0,26.97,46.52,1.04,0.15,96.7,2.1,MediumMetro,0,0,1,0,0,0,South East,,Lewes 004,40.0,1,89.0,35.6,417
E02004397,7.0,5.0,18.83,50.44,1.03,0.37,96.39,2.21,Micropolitan,0,0,0,0,1,0,South East,10,Rother 006,57.0,1,223.0,127.10999999999999,1142
E02004405,7.0,6.0,11.27,47.96,2.34,0.65,94.5,2.51,LargeFringeMetro,0,1,0,0,0,0,South East,10,Wealden 003,65.0,1,204.0,132.6,1297
E02004413,8.0,5.0,12.32,51.98,0.82,0.18,97.19,1.82,Micropolitan,0,0,0,0,1,0,South East,10,Wealden 011,62.0,1,211.0,130.82,1439
E02004390,6.0,7.0,16.29,49.58,1.13,0.3,96.14,2.43,LargeCentralMetro,1,0,0,0,0,0,South East,10,Lewes 012,52.0,1,221.0,114.92,1297
E02004423,8.0,8.0,15.23,47.48,1.47,0.3,96.36,1.87,LargeCentralMetro,1,0,0,0,0,0,South East,8,Wealden 021,41.0,1,197.0,80.77,992
E02004400,6.0,8.0,32.86,49.72,1.0,0.42,96.67,1.92,LargeCentralMetro,1,0,0,0,0,0,South East,10,Rother 009,27.0,1,210.0,56.7,1243
E02004383,8.0,5.0,15.04,47.25,2.07,1.13,92.9,3.9,LargeCentralMetro,1,0,0,0,0,0,South East,10,Lewes 005,60.0,1,226.0,135.6,1128
E02004358,3.0,8.0,19.1,47.78,1.75,0.66,93.72,3.87,LargeCentralMetro,1,0,0,0,0,0,South East,9,Eastbourne 003,37.0,1,199.0,73.63,1059
E02004371,3.0,9.0,48.54,43.57,1.73,0.45,95.25,2.58,LargeCentralMetro,1,0,0,0,0,0,South East,10,Hastings 004,29.0,1,171.0,49.589999999999996,886
E02004411,7.0,5.0,10.49,47.17,1.86,0.4,95.71,2.03,LargeFringeMetro,0,1,0,0,0,0,South East,9,Wealden 009,49.0,1,267.0,130.82999999999998,1677
E02004379,8.0,2.0,16.22,47.49,0.5,0.37,96.89,2.25,MediumMetro,0,0,1,0,0,0,South East,10,Lewes 001,53.0,1,148.0,78.44,756
E02003495,6.0,7.0,20.48,44.64,2.5,1.1,91.25,5.15,LargeCentralMetro,1,0,0,0,0,0,South East,9,Brighton and Hove 005,34.0,1,83.0,28.220000000000002,737
E02003494,8.0,4.0,21.48,49.06,2.98,0.87,90.54,5.6,LargeCentralMetro,1,0,0,0,0,0,South East,3,Brighton and Hove 004,60.34,2,582.0,351.17999999999995,3025
E02003497,8.0,2.0,16.67,49.7,6.79,0.71,83.23,9.26,LargeCentralMetro,1,0,0,0,0,0,South East,5,Brighton and Hove 007,58.0,1,288.0,167.04,1521
E02003506,7.0,4.0,31.54,48.75,3.41,1.48,87.1,8.01,LargeCentralMetro,1,0,0,0,0,0,South East,2,Brighton and Hove 016,42.0,1,260.0,109.2,1514
E02003491,6.0,4.0,22.96,46.37,3.81,1.01,89.69,5.48,LargeCentralMetro,1,0,0,0,0,0,South East,2,Brighton and Hove 001,46.0,1,196.0,90.16000000000001,1048
E02003501,8.0,3.0,15.82,48.52,4.42,1.35,86.78,7.45,LargeCentralMetro,1,0,0,0,0,0,South East,1,Brighton and Hove 011,52.0,1,354.0,184.08,2302
E02003492,3.0,5.0,54.55,43.44,8.58,4.88,77.62,8.92,LargeCentralMetro,1,0,0,0,0,0,South East,7,Brighton and Hove 002,19.0,1,110.0,20.9,937
E02003496,4.0,6.0,16.04,49.15,5.46,2.4,81.44,10.7,LargeCentralMetro,1,0,0,0,0,0,South East,,Brighton and Hove 006,52.0,1,106.0,55.120000000000005,529
E02003523,7.0,2.0,35.52,48.54,2.94,0.7,91.75,4.61,LargeCentralMetro,1,0,0,0,0,0,South East,7,Brighton and Hove 033,26.0,1,183.0,47.58,888
E02004697,9.0,4.0,11.76,46.05,1.08,0.66,96.41,1.84,LargeCentralMetro,1,0,0,0,0,0,South East,2,East Hampshire 001,53.0,1,153.0,81.09,936
E02004677,8.0,3.0,20.34,45.77,1.53,0.45,95.76,2.26,Micropolitan,0,0,0,0,1,0,South East,10,Basingstoke and Deane 003,37.0,1,59.0,21.83,437
E02004758,8.0,4.0,15.25,50.32,3.84,0.82,92.31,3.03,LargeCentralMetro,1,0,0,0,0,0,South East,10,Hart 008,66.0,1,223.0,147.18,1248
E02004818,8.0,7.0,15.85,49.77,4.03,0.98,92.81,2.19,LargeCentralMetro,1,0,0,0,0,0,South East,10,Test Valley 005,51.0,1,183.0,93.33,882
E02004685,7.0,7.0,13.43,50.86,13.64,2.6,77.87,5.89,LargeCentralMetro,1,0,0,0,0,0,South East,7,Basingstoke and Deane 011,47.0,1,216.0,101.52,1109
E02004741,5.0,9.0,32.03,51.54,1.37,0.67,96.4,1.56,LargeCentralMetro,1,0,0,0,0,0,South East,9,Gosport 001,23.0,1,128.0,29.44,615
E02004792,6.0,7.0,32.2,48.05,0.83,0.3,97.46,1.42,LargeCentralMetro,1,0,0,0,0,0,South East,10,New Forest 014,25.0,1,59.0,14.75,437
E02007078,5.0,8.0,32.43,47.12,3.96,1.08,92.53,2.42,LargeCentralMetro,1,0,0,0,0,0,South East,10,Test Valley 018,30.0,1,74.0,22.2,556
E02004700,6.0,6.0,32.93,47.6,5.53,1.68,89.04,3.75,LargeCentralMetro,1,0,0,0,0,0,South East,7,East Hampshire 004,33.0,1,82.0,27.060000000000002,521
E02004681,4.0,8.0,29.63,50.11,10.11,4.65,80.16,5.07,LargeCentralMetro,1,0,0,0,0,0,South East,,Basingstoke and Deane 007,27.0,1,81.0,21.87,455
E02004764,7.0,8.0,17.78,47.52,1.74,0.32,96.77,1.17,LargeCentralMetro,1,0,0,0,0,0,South East,10,Havant 003,36.0,1,135.0,48.6,766
E02004713,8.0,4.0,21.31,47.36,5.49,1.02,90.69,2.8,LargeCentralMetro,1,0,0,0,0,0,South East,10,Eastleigh 002,45.0,1,122.0,54.9,872
E02004757,10.0,3.0,6.42,49.95,2.88,0.43,93.81,2.88,LargeCentralMetro,1,0,0,0,0,0,South East,10,Hart 007,67.0,1,218.0,146.06,1099
E02004726,8.0,7.0,21.59,48.0,1.43,0.7,95.97,1.91,LargeCentralMetro,1,0,0,0,0,0,South East,10,Eastleigh 015,48.0,1,176.0,84.47999999999999,998
E02004722,7.0,8.0,11.41,50.6,2.41,0.41,95.14,2.04,LargeCentralMetro,1,0,0,0,0,0,South East,10,Eastleigh 011,51.0,1,368.0,187.68,1927
E02004787,7.0,6.0,20.38,49.79,0.81,0.18,97.56,1.46,LargeCentralMetro,1,0,0,0,0,0,South East,10,New Forest 009,46.84,2,319.0,149.42000000000002,1637
E02004797,6.0,5.0,19.03,48.76,1.15,0.33,96.64,1.88,LargeFringeMetro,0,1,0,0,0,0,South East,10,New Forest 019,54.0,1,247.0,133.38,1247
E02004832,8.0,4.0,8.33,50.04,0.92,0.3,97.27,1.51,MediumMetro,0,0,1,0,0,0,South East,10,Winchester 004,56.0,1,216.0,120.96000000000001,1151
E02004738,6.0,7.0,22.03,51.03,1.01,0.6,96.85,1.54,LargeCentralMetro,1,0,0,0,0,0,South East,10,Fareham 012,25.0,1,118.0,29.5,633
E02004732,9.0,3.0,5.54,48.62,1.37,0.24,96.44,1.96,LargeCentralMetro,1,0,0,0,0,0,South East,10,Fareham 006,62.0,1,343.0,212.66,1771
E02004824,6.0,6.0,18.35,47.62,2.03,0.27,95.98,1.72,LargeCentralMetro,1,0,0,0,0,0,South East,10,Test Valley 011,55.0,1,218.0,119.9,1178
E02004678,8.0,4.0,6.95,52.86,1.76,0.65,96.2,1.4,LargeCentralMetro,1,0,0,0,0,0,South East,10,Basingstoke and Deane 004,40.0,1,187.0,74.8,980
E02004778,5.0,8.0,25.0,48.9,0.76,0.32,96.81,2.1,LargeCentralMetro,1,0,0,0,0,0,South East,9,Havant 017,26.0,1,104.0,27.04,546
E02004839,9.0,3.0,13.59,51.19,0.61,0.19,97.47,1.73,LargeCentralMetro,1,0,0,0,0,0,South East,10,Winchester 011,52.0,1,206.0,107.12,1262
E02004768,5.0,8.0,16.14,52.01,4.2,0.73,92.62,2.45,LargeCentralMetro,1,0,0,0,0,0,South East,10,Havant 007,47.93,2,347.0,166.3,2134
E02004719,9.0,6.0,12.55,45.53,1.92,0.42,96.25,1.41,LargeCentralMetro,1,0,0,0,0,0,South East,10,Eastleigh 008,48.0,1,247.0,118.56,1276
E02004817,7.0,8.0,21.3,50.11,4.42,1.04,92.43,2.11,LargeCentralMetro,1,0,0,0,0,0,South East,10,Test Valley 004,38.0,1,169.0,64.22,920
E02004686,6.0,7.0,23.89,50.42,16.63,2.58,74.1,6.69,LargeCentralMetro,1,0,0,0,0,0,South East,7,Basingstoke and Deane 012,23.0,1,180.0,41.4,706
E02004752,9.0,4.0,10.43,50.6,1.89,0.52,95.37,2.23,LargeCentralMetro,1,0,0,0,0,0,South East,10,Hart 002,53.0,1,230.0,121.9,1162
E02004710,9.0,6.0,15.98,50.37,1.43,0.21,97.18,1.17,LargeCentralMetro,1,0,0,0,0,0,South East,6,East Hampshire 014,44.0,1,244.0,107.36,1334
E02004831,9.0,5.0,16.85,50.33,3.96,0.64,92.33,3.08,LargeCentralMetro,1,0,0,0,0,0,South East,10,Winchester 003,60.0,1,178.0,106.8,920
E02004683,5.0,8.0,27.2,45.28,12.27,3.27,78.6,5.85,LargeCentralMetro,1,0,0,0,0,0,South East,9,Basingstoke and Deane 009,42.0,1,125.0,52.5,720
E02004806,8.0,4.0,20.11,49.9,5.95,1.42,88.59,4.04,LargeCentralMetro,1,0,0,0,0,0,South East,10,Rushmoor 005,35.0,1,189.0,66.14999999999999,980
E02004808,8.0,7.0,15.51,47.24,9.69,3.08,82.14,5.09,LargeCentralMetro,1,0,0,0,0,0,South East,10,Rushmoor 007,47.0,1,187.0,87.89,997
E02004729,7.0,8.0,11.35,48.26,2.24,0.61,95.5,1.66,LargeCentralMetro,1,0,0,0,0,0,South East,9,Fareham 003,49.0,1,141.0,69.09,775
E02004737,5.0,8.0,25.68,48.41,3.17,0.75,93.82,2.26,LargeCentralMetro,1,0,0,0,0,0,South East,10,Fareham 011,28.0,1,148.0,41.440000000000005,754
E02004837,9.0,4.0,11.55,46.71,4.06,0.49,92.08,3.38,LargeCentralMetro,1,0,0,0,0,0,South East,9,Winchester 009,69.0,1,329.0,227.01,1687
E02004775,6.0,8.0,22.82,47.73,2.51,0.76,94.14,2.6,LargeCentralMetro,1,0,0,0,0,0,South East,8,Havant 014,32.0,1,149.0,47.68,616
E02004761,9.0,4.0,11.34,48.63,1.7,0.81,95.08,2.41,MediumMetro,0,0,1,0,0,0,South East,10,Hart 011,60.0,1,238.0,142.79999999999998,1240
E02004688,5.0,9.0,8.59,51.16,7.72,1.83,86.29,4.15,LargeCentralMetro,1,0,0,0,0,0,South East,9,Basingstoke and Deane 014,55.0,1,163.0,89.65,864
E02004779,7.0,5.0,9.4,43.25,0.56,0.21,98.08,1.15,MediumMetro,0,0,1,0,0,0,South East,10,New Forest 001,49.0,1,149.0,73.01,971
E02004790,7.0,3.0,14.52,48.76,1.13,0.33,96.29,2.24,LargeCentralMetro,1,0,0,0,0,0,South East,10,New Forest 012,48.0,1,241.0,115.67999999999999,1536
E02004705,8.0,6.0,7.56,50.05,1.94,0.42,95.1,2.54,MediumMetro,0,0,1,0,0,0,South East,7,East Hampshire 009,61.0,1,357.0,217.76999999999998,1854
E02004749,8.0,8.0,17.15,48.75,1.3,0.63,96.39,1.69,LargeCentralMetro,1,0,0,0,0,0,South East,10,Gosport 009,38.0,1,344.0,130.72,2152
E02004694,9.0,5.0,11.32,49.59,1.06,0.21,97.06,1.67,MediumMetro,0,0,1,0,0,0,South East,10,Basingstoke and Deane 020,54.0,1,159.0,85.86,861
E02004734,8.0,7.0,11.3,50.69,2.55,0.74,94.5,2.21,LargeCentralMetro,1,0,0,0,0,0,South East,10,Fareham 008,50.0,1,230.0,115.0,1158
E02004708,7.0,6.0,11.06,50.51,2.32,0.68,94.88,2.12,LargeCentralMetro,1,0,0,0,0,0,South East,3,East Hampshire 012,60.0,1,235.0,141.0,1372
E02004770,2.0,9.0,56.9,53.33,0.8,0.98,96.76,1.46,LargeCentralMetro,1,0,0,0,0,0,South East,7,Havant 009,10.0,1,58.0,5.800000000000001,405
E02004826,7.0,4.0,12.9,49.86,1.85,0.68,95.1,2.38,LargeCentralMetro,1,0,0,0,0,0,South East,10,Test Valley 013,53.0,1,279.0,147.87,1412
E02004699,8.0,7.0,16.2,51.48,1.88,0.46,95.84,1.83,LargeCentralMetro,1,0,0,0,0,0,South East,2,East Hampshire 003,49.0,1,179.0,87.71,911
E02004782,5.0,8.0,15.17,48.8,1.94,0.34,96.12,1.6,LargeCentralMetro,1,0,0,0,0,0,South East,9,New Forest 004,47.41,2,402.0,190.58,1953
E02004712,10.0,3.0,4.44,48.14,7.93,0.63,87.81,3.64,LargeCentralMetro,1,0,0,0,0,0,South East,10,Eastleigh 001,70.0,1,293.0,205.1,1477
E02004715,7.0,6.0,25.12,46.62,4.53,0.98,91.22,3.26,LargeCentralMetro,1,0,0,0,0,0,South East,8,Eastleigh 004,33.0,1,211.0,69.63000000000001,1109
E02004771,3.0,9.0,48.31,51.07,1.43,0.84,95.92,1.82,LargeCentralMetro,1,0,0,0,0,0,South East,10,Havant 010,15.0,1,178.0,26.7,885
E02004798,4.0,6.0,19.32,49.49,2.15,0.23,95.67,1.95,LargeCentralMetro,1,0,0,0,0,0,South East,9,New Forest 020,35.0,1,176.0,61.599999999999994,1077
E02004772,7.0,8.0,23.97,54.8,2.53,0.57,95.43,1.48,LargeCentralMetro,1,0,0,0,0,0,South East,10,Havant 011,37.0,1,121.0,44.769999999999996,739
E02003538,3.0,6.0,40.21,71.67,9.67,4.29,81.07,4.97,LargeCentralMetro,1,0,0,0,0,0,South East,2,Portsmouth 015,46.0,1,97.0,44.620000000000005,713
E02003543,5.0,5.0,33.93,43.91,9.01,4.77,80.08,6.14,LargeCentralMetro,1,0,0,0,0,0,South East,1,Portsmouth 020,32.0,1,224.0,71.68,1207
E02003530,5.0,8.0,35.97,30.18,5.39,4.51,86.88,3.22,LargeCentralMetro,1,0,0,0,0,0,South East,6,Portsmouth 007,31.78,2,139.0,44.18000000000001,984
E02003531,7.0,6.0,27.42,49.22,4.26,1.24,92.16,2.33,LargeCentralMetro,1,0,0,0,0,0,South East,6,Portsmouth 008,38.0,1,186.0,70.68,1032
E02006975,1.0,4.0,42.54,48.05,12.29,10.88,67.87,8.96,LargeCentralMetro,1,0,0,0,0,0,South East,1,Portsmouth 027,47.21,2,268.0,126.53,1663
E02003537,5.0,6.0,35.58,48.32,2.65,1.63,92.89,2.83,LargeCentralMetro,1,0,0,0,0,0,South East,3,Portsmouth 014,28.0,1,163.0,45.64000000000001,803
E02003560,2.0,9.0,44.68,49.85,3.41,2.09,91.59,2.92,LargeCentralMetro,1,0,0,0,0,0,South East,6,Southampton 012,27.0,1,188.0,50.760000000000005,1007
E02003559,8.0,6.0,20.27,44.91,11.09,1.8,81.88,5.23,LargeCentralMetro,1,0,0,0,0,0,South East,2,Southampton 011,40.0,1,148.0,59.2,815
E02003566,3.0,10.0,53.4,47.66,4.14,1.84,89.69,4.33,LargeCentralMetro,1,0,0,0,0,0,South East,10,Southampton 018,18.0,1,103.0,18.54,577
E02003549,6.0,4.0,40.76,34.94,19.39,2.32,70.13,8.16,LargeCentralMetro,1,0,0,0,0,0,South East,2,Southampton 001,38.0,1,184.0,69.92,1056
E02003551,3.0,8.0,24.49,30.99,12.21,3.42,79.41,4.96,LargeCentralMetro,1,0,0,0,0,0,South East,3,Southampton 003,51.0,1,147.0,74.97,868
E02003570,3.0,7.0,21.74,98.49,38.45,8.65,42.87,10.04,LargeCentralMetro,1,0,0,0,0,0,South East,2,Southampton 022,60.0,1,207.0,124.19999999999999,1193
E02003555,3.0,9.0,48.45,47.2,6.76,2.99,86.51,3.75,LargeCentralMetro,1,0,0,0,0,0,South East,5,Southampton 007,22.0,1,97.0,21.34,608
E02003574,6.0,8.0,34.01,46.94,2.4,1.06,94.07,2.47,LargeCentralMetro,1,0,0,0,0,0,South East,2,Southampton 026,23.0,1,147.0,33.81,865
E02003556,6.0,8.0,21.62,49.6,3.81,1.53,91.09,3.57,LargeCentralMetro,1,0,0,0,0,0,South East,5,Southampton 008,46.0,1,296.0,136.16,1752
E02005336,6.0,5.0,35.51,44.46,15.3,3.15,75.63,5.92,LargeCentralMetro,1,0,0,0,0,0,East Midlands,,Blaby 004,18.0,1,107.0,19.259999999999998,587
E02005376,7.0,7.0,9.06,51.55,2.06,0.71,94.98,2.25,LargeCentralMetro,1,0,0,0,0,0,East Midlands,10,Harborough 010,55.26,2,276.0,152.51999999999998,2095
E02005384,8.0,5.0,15.99,50.34,2.15,0.4,95.25,2.2,LargeCentralMetro,1,0,0,0,0,0,East Midlands,8,Hinckley and Bosworth 008,44.93,2,269.0,120.87,1605
E02005355,7.0,4.0,12.73,50.51,1.58,0.31,96.06,2.05,MediumMetro,0,0,1,0,0,0,East Midlands,10,Charnwood 011,46.0,1,165.0,75.9,786
E02005382,5.0,7.0,24.78,46.14,2.41,1.0,94.24,2.36,LargeCentralMetro,1,0,0,0,0,0,East Midlands,10,Hinckley and Bosworth 006,30.0,1,113.0,33.9,570
E02005346,3.0,9.0,29.91,47.75,24.85,3.22,66.33,5.6,LargeCentralMetro,1,0,0,0,0,0,East Midlands,6,Charnwood 002,53.0,1,117.0,62.010000000000005,599
E02005380,8.0,5.0,8.55,50.92,0.86,0.18,97.53,1.42,MediumMetro,0,0,1,0,0,0,East Midlands,10,Hinckley and Bosworth 004,65.0,1,152.0,98.8,817
E02005377,7.0,6.0,16.78,47.73,3.01,0.58,94.49,1.92,Micropolitan,0,0,0,0,1,0,East Midlands,10,Hinckley and Bosworth 001,54.0,1,149.0,80.46000000000001,836
E02005365,6.0,6.0,20.5,46.06,33.51,1.71,60.35,4.43,LargeCentralMetro,1,0,0,0,0,0,East Midlands,10,Charnwood 021,45.0,1,161.0,72.45,825
E02005389,6.0,8.0,11.38,47.0,2.05,0.26,95.85,1.83,LargeCentralMetro,1,0,0,0,0,0,East Midlands,6,Hinckley and Bosworth 013,68.0,1,167.0,113.56,832
E02005364,9.0,5.0,22.22,52.67,22.43,0.91,73.16,3.5,LargeCentralMetro,1,0,0,0,0,0,East Midlands,10,Charnwood 020,38.0,1,162.0,61.56,919
E02005397,7.0,3.0,14.1,46.2,1.54,0.42,95.66,2.38,MediumMetro,0,0,1,0,0,0,East Midlands,,North West Leicestershire 001,47.0,1,78.0,36.66,539
E02005366,6.0,5.0,25.0,50.63,4.78,1.01,90.54,3.66,MediumMetro,0,0,1,0,0,0,East Midlands,10,Charnwood 022,44.0,1,144.0,63.36,719
E02005391,8.0,4.0,11.46,45.42,0.52,0.22,98.18,1.08,SmallMetro,0,0,0,1,0,0,East Midlands,10,Melton 001,35.0,1,96.0,33.599999999999994,579
E02005412,7.0,6.0,10.1,49.81,40.59,2.89,47.29,9.24,LargeCentralMetro,1,0,0,0,0,0,East Midlands,9,Oadby and Wigston 003,62.67,2,495.0,310.2,2961
E02005392,8.0,7.0,15.7,50.34,1.04,0.61,96.92,1.43,LargeFringeMetro,0,1,0,0,0,0,East Midlands,8,Melton 002,49.0,1,223.0,109.27,1174
E02005361,7.0,5.0,23.14,48.1,20.11,0.68,75.71,3.5,LargeCentralMetro,1,0,0,0,0,0,East Midlands,10,Charnwood 017,41.0,1,121.0,49.61,788
E02005369,8.0,4.0,14.55,48.47,11.73,0.61,83.71,3.95,MediumMetro,0,0,1,0,0,0,East Midlands,10,Harborough 003,56.0,1,165.0,92.4,848
E02005370,8.0,3.0,12.05,45.0,0.82,0.52,97.01,1.66,MediumMetro,0,0,1,0,0,0,East Midlands,,Harborough 004,37.0,1,166.0,61.42,880
E02005356,8.0,5.0,23.91,50.0,2.67,0.48,94.38,2.47,MediumMetro,0,0,1,0,0,0,East Midlands,10,Charnwood 012,37.0,1,230.0,85.1,1568
E02005348,8.0,6.0,19.16,50.47,13.6,2.1,80.37,3.93,LargeCentralMetro,1,0,0,0,0,0,East Midlands,6,Charnwood 004,42.0,2,308.0,129.36,1797
E02005394,5.0,9.0,22.86,52.56,1.23,0.23,96.45,2.09,LargeFringeMetro,0,1,0,0,0,0,East Midlands,8,Melton 004,41.0,1,105.0,43.05,645
E02005415,5.0,9.0,36.54,45.62,6.22,1.66,87.64,4.47,LargeCentralMetro,1,0,0,0,0,0,East Midlands,7,Oadby and Wigston 006,24.0,1,156.0,37.44,833
E02005373,8.0,5.0,10.85,46.84,2.4,0.85,94.2,2.55,LargeFringeMetro,0,1,0,0,0,0,East Midlands,10,Harborough 007,54.0,1,129.0,69.66000000000001,886
E02005374,6.0,8.0,7.65,47.61,2.79,1.56,93.43,2.23,LargeFringeMetro,0,1,0,0,0,0,East Midlands,,Harborough 008,65.0,1,170.0,110.5,962
E02005381,7.0,7.0,20.69,46.81,2.65,0.43,94.3,2.63,MediumMetro,0,0,1,0,0,0,East Midlands,10,Hinckley and Bosworth 005,44.0,1,174.0,76.56,1504
E02005354,10.0,4.0,19.62,51.5,13.16,1.18,80.84,4.82,LargeCentralMetro,1,0,0,0,0,0,East Midlands,10,Charnwood 010,58.0,1,158.0,91.64,802
E02005338,7.0,7.0,18.01,48.16,6.3,1.27,88.39,4.03,LargeCentralMetro,1,0,0,0,0,0,East Midlands,10,Blaby 006,42.0,1,272.0,114.24,1252
E02005416,8.0,6.0,22.37,45.87,9.73,1.35,86.02,2.9,LargeCentralMetro,1,0,0,0,0,0,East Midlands,,Oadby and Wigston 007,21.0,1,228.0,47.879999999999995,1319
E02005414,4.0,9.0,,56.86,9.89,1.99,83.54,4.58,LargeCentralMetro,1,0,0,0,0,0,East Midlands,8,Oadby and Wigston 005,,1,0.0,0.0,204
E02002853,4.0,2.0,39.17,50.0,72.23,5.02,13.32,9.44,LargeCentralMetro,1,0,0,0,0,0,East Midlands,3,Leicester 027,61.0,2,120.0,73.2,608
E02006817,5.0,6.0,28.11,8.55,32.54,9.76,47.48,10.22,LargeCentralMetro,1,0,0,0,0,0,East Midlands,,Leicester 038,18.0,1,185.0,33.3,842
E02006815,2.0,8.0,32.46,46.43,39.6,4.4,47.69,8.31,LargeCentralMetro,1,0,0,0,0,0,East Midlands,,Leicester 037,22.0,1,228.0,50.160000000000004,1135
E02002847,5.0,2.0,23.05,47.03,84.45,2.14,5.31,8.1,LargeCentralMetro,1,0,0,0,0,0,East Midlands,4,Leicester 021,38.0,1,243.0,92.34,1399
E02002833,4.0,2.0,27.59,47.37,84.21,1.18,10.33,4.28,LargeCentralMetro,1,0,0,0,0,0,East Midlands,3,Leicester 007,60.0,1,319.0,191.4,1790
E02002844,3.0,2.0,33.95,47.41,68.83,18.85,4.79,7.53,LargeCentralMetro,1,0,0,0,0,0,East Midlands,1,Leicester 018,36.0,1,215.0,77.39999999999999,1099
E02002854,2.0,9.0,47.16,49.6,10.12,7.6,74.17,8.11,LargeCentralMetro,1,0,0,0,0,0,East Midlands,6,Leicester 028,24.0,1,176.0,42.239999999999995,1131
E02002830,2.0,8.0,28.64,47.27,25.82,17.6,48.04,8.54,LargeCentralMetro,1,0,0,0,0,0,East Midlands,7,Leicester 004,38.0,1,206.0,78.28,1079
E02002867,8.0,4.0,5.15,49.73,1.66,0.54,95.42,2.37,Noncore,0,0,0,0,0,1,East Midlands,8,Rutland 005,52.0,1,194.0,100.88000000000001,911
E02002866,8.0,4.0,15.94,52.77,0.84,0.41,96.92,1.82,LargeCentralMetro,1,0,0,0,0,0,East Midlands,10,Rutland 004,64.0,1,138.0,88.32000000000001,686
E02002864,6.0,3.0,9.77,51.87,1.26,0.58,96.28,1.88,LargeFringeMetro,0,1,0,0,0,0,East Midlands,4,Rutland 002,46.0,1,174.0,80.04,989
E02006172,9.0,5.0,21.05,49.55,8.49,0.86,88.02,2.63,LargeCentralMetro,1,0,0,0,0,0,West Midlands,9,Newcastle-under-Lyme 015,32.83,2,266.0,87.32,1344
E02006214,6.0,6.0,11.59,52.07,1.31,0.08,97.33,1.28,LargeCentralMetro,1,0,0,0,0,0,West Midlands,8,Staffordshire Moorlands 011,51.74,2,276.0,142.81,1784
E02006125,4.0,8.0,17.0,49.77,0.59,0.55,97.41,1.45,LargeCentralMetro,1,0,0,0,0,0,West Midlands,9,Cannock Chase 008,31.0,1,200.0,62.0,1111
E02006207,7.0,7.0,23.44,50.2,0.56,0.06,98.37,1.01,LargeCentralMetro,1,0,0,0,0,0,West Midlands,7,Staffordshire Moorlands 004,39.0,1,192.0,74.88,737
E02006118,7.0,5.0,27.47,51.29,1.16,0.46,97.23,1.15,LargeCentralMetro,1,0,0,0,0,0,West Midlands,10,Cannock Chase 001,35.0,1,182.0,63.699999999999996,1121
E02006217,7.0,8.0,22.32,50.93,1.25,0.47,96.25,2.03,LargeCentralMetro,1,0,0,0,0,0,West Midlands,10,Tamworth 001,22.0,1,112.0,24.64,701
E02006122,6.0,6.0,38.6,52.43,1.38,0.52,96.09,2.01,LargeCentralMetro,1,0,0,0,0,0,West Midlands,10,Cannock Chase 005,17.0,1,114.0,19.380000000000003,597
E02006174,7.0,4.0,27.08,62.99,1.06,0.35,96.63,1.96,Micropolitan,0,0,0,0,1,0,West Midlands,10,South Staffordshire 001,25.0,1,48.0,12.0,154
E02006187,8.0,5.0,14.85,49.91,1.28,0.41,96.02,2.29,MediumMetro,0,0,1,0,0,0,West Midlands,6,South Staffordshire 014,46.0,1,101.0,46.46,583
E02006186,8.0,3.0,13.7,50.27,3.07,0.73,93.98,2.22,LargeCentralMetro,1,0,0,0,0,0,West Midlands,6,South Staffordshire 013,42.0,1,146.0,61.32,923
E02006166,8.0,8.0,22.62,47.68,2.19,0.31,95.29,2.2,LargeCentralMetro,1,0,0,0,0,0,West Midlands,9,Newcastle-under-Lyme 009,24.0,1,168.0,40.32,820
E02006143,8.0,4.0,28.21,51.28,11.12,1.24,84.07,3.57,LargeCentralMetro,1,0,0,0,0,0,West Midlands,4,East Staffordshire 013,35.0,1,156.0,54.599999999999994,895
E02006145,10.0,2.0,9.87,51.23,1.68,0.29,96.13,1.91,MediumMetro,0,0,1,0,0,0,West Midlands,9,East Staffordshire 015,61.0,1,223.0,136.03,1583
E02006182,9.0,3.0,16.5,44.69,4.66,0.6,91.37,3.36,LargeCentralMetro,1,0,0,0,0,0,West Midlands,7,South Staffordshire 009,37.0,1,206.0,76.22,989
E02006209,9.0,5.0,8.99,50.64,0.65,0.21,98.35,0.79,LargeCentralMetro,1,0,0,0,0,0,West Midlands,9,Staffordshire Moorlands 006,44.0,1,178.0,78.32000000000001,776
E02006164,3.0,9.0,34.56,52.27,1.87,1.13,95.63,1.37,LargeCentralMetro,1,0,0,0,0,0,West Midlands,10,Newcastle-under-Lyme 007,29.0,1,136.0,39.44,794
E02006201,10.0,2.0,7.69,52.46,4.56,0.71,91.71,3.02,LargeCentralMetro,1,0,0,0,0,0,West Midlands,5,Stafford 014,51.0,1,208.0,106.08,1319
E02006137,4.0,6.0,22.06,51.36,12.59,1.66,80.8,4.95,LargeCentralMetro,1,0,0,0,0,0,West Midlands,7,East Staffordshire 007,43.0,1,340.0,146.2,2167
E02006193,8.0,5.0,14.81,47.04,4.94,1.2,91.54,2.31,LargeCentralMetro,1,0,0,0,0,0,West Midlands,5,Stafford 006,30.0,1,162.0,48.6,946
E02006198,10.0,4.0,12.75,47.14,5.47,0.93,91.15,2.45,LargeCentralMetro,1,0,0,0,0,0,West Midlands,6,Stafford 011,46.0,1,149.0,68.54,927
E02006140,6.0,8.0,30.0,47.35,2.68,0.61,93.29,3.42,LargeCentralMetro,1,0,0,0,0,0,West Midlands,2,East Staffordshire 010,32.0,1,110.0,35.2,756
E02006199,8.0,7.0,17.81,52.64,3.64,1.07,93.15,2.14,LargeCentralMetro,1,0,0,0,0,0,West Midlands,1,Stafford 012,45.0,1,146.0,65.7,851
E02006128,6.0,6.0,35.66,54.22,1.77,0.52,95.96,1.75,LargeCentralMetro,1,0,0,0,0,0,West Midlands,9,Cannock Chase 011,33.0,1,129.0,42.57,841
E02006200,2.0,7.0,38.3,52.35,1.57,1.76,93.29,3.39,LargeCentralMetro,1,0,0,0,0,0,West Midlands,7,Stafford 013,40.0,1,47.0,18.8,340
E02006151,6.0,6.0,8.18,47.69,1.23,0.24,97.22,1.32,LargeCentralMetro,1,0,0,0,0,0,West Midlands,10,Lichfield 006,59.0,1,159.0,93.80999999999999,1038
E02006131,8.0,6.0,13.23,22.24,0.5,0.28,98.05,1.16,MediumMetro,0,0,1,0,0,0,West Midlands,9,East Staffordshire 001,32.0,1,189.0,60.480000000000004,697
E02006226,6.0,6.0,30.0,48.36,1.04,0.65,96.31,1.99,LargeCentralMetro,1,0,0,0,0,0,West Midlands,10,Tamworth 010,22.4,2,270.0,60.49,1309
E02006130,5.0,5.0,29.17,44.95,0.79,0.52,96.64,2.04,MediumMetro,0,0,1,0,0,0,West Midlands,10,Cannock Chase 013,19.0,1,72.0,13.68,485
E02006204,5.0,7.0,26.88,53.28,0.6,0.2,97.79,1.4,LargeCentralMetro,1,0,0,0,0,0,West Midlands,7,Staffordshire Moorlands 001,25.0,1,93.0,23.25,366
E02006152,7.0,3.0,10.05,50.94,2.27,0.77,94.1,2.86,LargeCentralMetro,1,0,0,0,0,0,West Midlands,10,Lichfield 007,64.0,1,209.0,133.76,1378
E02006170,8.0,6.0,14.78,49.92,0.75,0.54,96.67,2.03,MediumMetro,0,0,1,0,0,0,West Midlands,10,Newcastle-under-Lyme 013,55.0,1,115.0,63.25000000000001,641
E02006190,6.0,6.0,13.83,52.71,1.49,0.42,96.02,2.08,LargeCentralMetro,1,0,0,0,0,0,West Midlands,3,Stafford 003,45.0,1,188.0,84.60000000000001,793
E02006153,9.0,5.0,16.92,46.46,2.29,0.82,94.51,2.38,Micropolitan,0,0,0,0,1,0,West Midlands,10,Lichfield 008,30.0,1,195.0,58.5,1003
E02006168,5.0,9.0,20.12,49.41,8.7,3.19,83.02,5.09,LargeCentralMetro,1,0,0,0,0,0,West Midlands,9,Newcastle-under-Lyme 011,30.0,1,164.0,49.199999999999996,1010
E02006220,6.0,8.0,30.26,44.7,1.1,0.31,96.17,2.41,LargeCentralMetro,1,0,0,0,0,0,West Midlands,9,Tamworth 004,24.0,1,152.0,36.48,830
E02002955,2.0,10.0,43.67,47.7,31.04,3.84,59.56,5.57,LargeCentralMetro,1,0,0,0,0,0,West Midlands,6,Stoke-on-Trent 005,33.0,1,158.0,52.14,914
E02002970,3.0,10.0,31.96,51.37,5.63,3.05,88.08,3.23,LargeCentralMetro,1,0,0,0,0,0,West Midlands,5,Stoke-on-Trent 020,31.0,1,194.0,60.14,948
E02002973,3.0,9.0,44.36,49.88,12.88,2.61,80.47,4.04,LargeCentralMetro,1,0,0,0,0,0,West Midlands,5,Stoke-on-Trent 023,23.0,1,133.0,30.59,806
E02002981,4.0,8.0,52.38,52.69,12.8,1.73,82.26,3.2,LargeCentralMetro,1,0,0,0,0,0,West Midlands,,Stoke-on-Trent 031,35.0,1,147.0,51.449999999999996,856
E02002958,3.0,9.0,31.06,47.93,5.27,1.64,89.54,3.55,LargeCentralMetro,1,0,0,0,0,0,West Midlands,6,Stoke-on-Trent 008,49.0,1,161.0,78.89,1037
E02002956,3.0,9.0,31.82,51.99,9.05,2.13,84.79,4.03,LargeCentralMetro,1,0,0,0,0,0,West Midlands,7,Stoke-on-Trent 006,30.53,2,396.0,120.9,2262
E02002951,4.0,9.0,45.62,49.8,1.63,0.89,95.53,1.95,LargeCentralMetro,1,0,0,0,0,0,West Midlands,7,Stoke-on-Trent 001,25.0,1,160.0,40.0,1000
E02002967,1.0,10.0,46.12,49.34,1.77,4.65,90.8,2.77,LargeCentralMetro,1,0,0,0,0,0,West Midlands,8,Stoke-on-Trent 017,28.0,1,206.0,57.68000000000001,1145
E02002977,3.0,10.0,28.66,51.59,5.24,1.72,90.18,2.86,LargeCentralMetro,1,0,0,0,0,0,West Midlands,5,Stoke-on-Trent 027,33.0,1,164.0,54.120000000000005,1039
E02002982,2.0,9.0,38.0,51.15,5.55,1.9,89.0,3.55,LargeCentralMetro,1,0,0,0,0,0,West Midlands,9,Stoke-on-Trent 032,45.0,1,200.0,90.0,1087
E02006688,7.0,5.0,32.88,48.97,1.73,1.04,94.51,2.72,LargeCentralMetro,1,0,0,0,0,0,South West,3,Wiltshire 036,28.0,1,146.0,40.88,870
E02006645,8.0,2.0,10.88,49.08,2.84,0.91,93.67,2.57,SmallMetro,0,0,0,1,0,0,South West,6,Wiltshire 002,54.0,1,239.0,129.06,1359
E02006660,6.0,4.0,17.65,48.14,1.1,0.42,96.6,1.88,LargeCentralMetro,1,0,0,0,0,0,South West,5,Wiltshire 018,43.0,1,187.0,80.41,1101
E02006662,8.0,6.0,12.16,46.1,1.75,1.68,93.75,2.82,LargeFringeMetro,0,1,0,0,0,0,South West,10,Wiltshire 046,30.0,1,74.0,22.2,410
E02006686,5.0,5.0,27.51,46.77,1.86,0.81,94.37,2.96,LargeCentralMetro,1,0,0,0,0,0,South West,3,Wiltshire 033,32.0,1,189.0,60.480000000000004,1067
E02006682,8.0,5.0,14.73,51.39,0.87,0.49,96.4,2.25,MediumMetro,0,0,1,0,0,0,South West,4,Wiltshire 027,57.0,1,224.0,127.67999999999999,1405
E02006684,5.0,7.0,8.72,50.21,2.62,1.7,91.19,4.48,LargeCentralMetro,1,0,0,0,0,0,South West,3,Wiltshire 031,60.0,1,149.0,89.39999999999999,974
E02006641,6.0,3.0,14.29,48.11,0.79,0.33,97.59,1.3,Noncore,0,0,0,0,0,1,South West,5,Wiltshire 034,60.0,1,126.0,75.6,740
E02006652,7.0,4.0,14.98,48.57,2.7,1.06,93.21,3.03,LargeCentralMetro,1,0,0,0,0,0,South West,5,Wiltshire 009,48.87,2,534.0,260.94,3216
E02007023,4.0,6.0,30.53,53.23,1.44,0.76,96.0,1.8,LargeFringeMetro,0,1,0,0,0,0,South West,4,Wiltshire 063,31.0,1,131.0,40.61,851
E02007025,6.0,6.0,12.41,50.17,3.53,4.37,88.65,3.45,Noncore,0,0,0,0,0,1,South West,10,Wiltshire 065,20.0,1,137.0,27.400000000000002,859
E02006667,3.0,7.0,46.15,49.42,3.36,1.52,92.96,2.15,LargeFringeMetro,0,1,0,0,0,0,South West,4,Wiltshire 052,22.0,1,65.0,14.3,429
E02006649,6.0,6.0,10.77,51.14,2.48,1.88,93.19,2.45,LargeCentralMetro,1,0,0,0,0,0,South West,5,Wiltshire 006,55.0,1,297.0,163.35000000000002,1795
E02006663,5.0,6.0,11.93,47.61,2.08,1.99,93.34,2.58,LargeFringeMetro,0,1,0,0,0,0,South West,8,Wiltshire 048,37.0,1,109.0,40.33,754
E02006692,7.0,5.0,19.77,50.13,3.77,1.59,92.05,2.59,LargeFringeMetro,0,1,0,0,0,0,South West,5,Wiltshire 042,49.0,1,263.0,128.87,1542
E02006672,6.0,6.0,11.22,36.91,3.73,1.6,91.97,2.7,LargeFringeMetro,0,1,0,0,0,0,South West,5,Wiltshire 057,33.0,1,98.0,32.34,550
E02006635,7.0,5.0,10.0,51.93,2.26,0.57,94.67,2.5,MediumMetro,0,0,1,0,0,0,South West,7,Wiltshire 019,60.0,1,260.0,156.0,1662
E02006658,5.0,6.0,20.59,48.78,0.68,0.53,96.96,1.84,LargeCentralMetro,1,0,0,0,0,0,South West,5,Wiltshire 016,41.0,1,136.0,55.76,779
E02006646,7.0,3.0,15.0,53.05,4.29,3.04,89.53,3.15,MediumMetro,0,0,1,0,0,0,South West,8,Wiltshire 003,48.0,1,180.0,86.39999999999999,1018
E02006637,6.0,5.0,20.42,51.01,1.46,0.52,96.14,1.89,LargeFringeMetro,0,1,0,0,0,0,South West,4,Wiltshire 025,44.0,1,142.0,62.48,992
E02003226,5.0,6.0,33.33,12.4,57.6,3.33,33.06,6.01,LargeCentralMetro,1,0,0,0,0,0,South West,,Swindon 015,18.0,1,57.0,10.26,121
E02003234,4.0,7.0,27.21,47.72,9.3,2.33,84.35,4.03,LargeCentralMetro,1,0,0,0,0,0,South West,5,Swindon 023,37.0,1,147.0,54.39,744
E02003217,4.0,8.0,25.85,44.87,5.09,3.37,87.88,3.67,LargeCentralMetro,1,0,0,0,0,0,South West,7,Swindon 006,50.0,1,147.0,73.5,789
E02003229,6.0,7.0,20.62,48.01,5.63,1.75,86.81,5.81,LargeCentralMetro,1,0,0,0,0,0,South West,3,Swindon 018,42.0,1,194.0,81.48,1208
E02003228,7.0,4.0,22.76,47.83,31.1,2.9,61.79,4.2,LargeCentralMetro,1,0,0,0,0,0,South West,2,Swindon 017,33.17,2,369.0,122.39999999999999,2049
E02003216,6.0,7.0,21.53,48.44,4.53,1.55,90.1,3.82,LargeCentralMetro,1,0,0,0,0,0,South West,,Swindon 005,39.0,1,209.0,81.51,1026
E02003232,8.0,5.0,17.86,51.3,7.87,2.35,84.8,4.98,LargeCentralMetro,1,0,0,0,0,0,South West,4,Swindon 021,34.0,1,224.0,76.16000000000001,1386
E02003236,7.0,8.0,8.12,50.52,5.2,1.73,90.04,3.04,MediumMetro,0,0,1,0,0,0,South West,8,Swindon 025,52.0,1,234.0,121.68,1542
E02003358,5.0,6.0,16.41,52.69,10.6,4.06,79.03,6.31,LargeCentralMetro,1,0,0,0,0,0,South East,1,Bracknell Forest 007,48.34,2,323.0,156.13,2061
E02003354,8.0,3.0,16.54,46.02,6.42,1.56,87.9,4.12,LargeCentralMetro,1,0,0,0,0,0,South East,6,Bracknell Forest 003,38.0,1,254.0,96.52,1595
E02003424,10.0,5.0,16.8,0.44,17.8,1.72,74.3,6.18,LargeCentralMetro,1,0,0,0,0,0,South East,2,Windsor and Maidenhead 004,43.0,1,125.0,53.75,904
E02003438,9.0,2.0,12.24,49.49,7.57,1.11,85.98,5.34,LargeCentralMetro,1,0,0,0,0,0,South East,3,Windsor and Maidenhead 018,54.0,1,245.0,132.3,1655
E02003426,9.0,2.0,13.08,82.16,11.11,1.09,82.99,4.81,LargeCentralMetro,1,0,0,0,0,0,South East,3,Windsor and Maidenhead 006,53.86,2,260.0,140.03,1637
E02003434,6.0,5.0,13.86,100.0,10.38,2.47,80.19,6.95,LargeCentralMetro,1,0,0,0,0,0,South East,3,Windsor and Maidenhead 014,52.0,1,166.0,86.32000000000001,692
E02003421,8.0,2.0,16.33,38.84,21.07,1.27,72.78,4.88,LargeCentralMetro,1,0,0,0,0,0,South East,5,Windsor and Maidenhead 001,53.0,1,196.0,103.88000000000001,1308
E02003428,8.0,3.0,14.2,50.8,12.29,1.33,81.03,5.35,LargeCentralMetro,1,0,0,0,0,0,South East,4,Windsor and Maidenhead 008,40.0,1,162.0,64.8,1057
E02003431,6.0,4.0,28.07,50.16,22.24,1.3,69.03,7.43,MediumMetro,0,0,1,0,0,0,South East,7,Windsor and Maidenhead 011,26.0,1,57.0,14.82,317
E02003429,10.0,2.0,18.39,47.51,12.82,1.74,80.79,4.65,LargeCentralMetro,1,0,0,0,0,0,South East,6,Windsor and Maidenhead 009,54.0,1,87.0,46.980000000000004,503
E02003432,8.0,2.0,11.8,0.0,7.07,1.3,84.94,6.69,LargeCentralMetro,1,0,0,0,0,0,South East,2,Windsor and Maidenhead 012,46.0,1,178.0,81.88000000000001,843
E02003381,8.0,3.0,10.65,49.03,2.84,1.11,92.56,3.48,MediumMetro,0,0,1,0,0,0,South East,6,West Berkshire 015,64.0,1,169.0,108.16,1083
E02003376,6.0,2.0,15.71,51.92,0.94,0.43,96.69,1.94,SmallMetro,0,0,0,1,0,0,South East,,West Berkshire 010,39.0,1,70.0,27.3,364
E02003383,8.0,3.0,16.49,49.33,3.05,0.78,93.61,2.56,LargeCentralMetro,1,0,0,0,0,0,South East,2,West Berkshire 017,38.0,1,279.0,106.02,1786
E02003371,10.0,4.0,16.4,52.12,4.07,1.46,91.29,3.18,LargeCentralMetro,1,0,0,0,0,0,South East,2,West Berkshire 005,51.0,1,250.0,127.5,1602
E02003378,7.0,4.0,22.64,49.48,4.51,0.99,91.2,3.3,LargeCentralMetro,1,0,0,0,0,0,South East,3,West Berkshire 012,37.0,1,159.0,58.83,956
E02003387,9.0,3.0,7.29,51.91,2.64,0.73,94.26,2.37,LargeCentralMetro,1,0,0,0,0,0,South East,3,West Berkshire 021,60.0,1,247.0,148.2,1811
E02003370,8.0,3.0,19.41,54.54,4.64,2.18,88.85,4.33,LargeCentralMetro,1,0,0,0,0,0,South East,5,West Berkshire 004,36.0,1,170.0,61.199999999999996,1146
E02003400,7.0,3.0,17.53,36.13,18.84,5.19,68.68,7.29,LargeCentralMetro,1,0,0,0,0,0,South East,1,Reading 012,47.0,2,97.0,45.589999999999996,1168
E02003403,4.0,6.0,26.67,46.24,14.26,8.23,70.12,7.39,LargeCentralMetro,1,0,0,0,0,0,South East,2,Reading 015,25.2,3,375.0,94.5,2448
E02003405,2.0,6.0,28.42,100.0,22.88,9.1,58.23,9.78,LargeCentralMetro,1,0,0,0,0,0,South East,,Reading 017,58.0,1,95.0,55.099999999999994,405
E02003390,10.0,2.0,14.55,50.48,7.03,1.07,87.35,4.54,LargeCentralMetro,1,0,0,0,0,0,South East,5,Reading 002,47.0,1,220.0,103.39999999999999,1357
E02003414,5.0,2.0,27.88,64.41,41.69,8.43,39.39,10.49,LargeCentralMetro,1,0,0,0,0,0,South East,4,Slough 008,50.88,2,208.0,105.84,1582
E02003417,5.0,2.0,17.24,46.94,52.8,7.26,29.83,10.11,LargeCentralMetro,1,0,0,0,0,0,South East,,Slough 011,37.0,1,116.0,42.92,816
E02003415,4.0,2.0,29.82,35.73,52.08,9.64,29.1,9.18,LargeCentralMetro,1,0,0,0,0,0,South East,2,Slough 009,39.0,1,171.0,66.69,1142
E02003410,5.0,2.0,26.11,100.0,63.68,5.36,22.57,8.39,LargeCentralMetro,1,0,0,0,0,0,South East,3,Slough 004,57.0,1,157.0,89.49,894
E02003411,5.0,3.0,36.18,34.94,55.31,6.41,26.94,11.33,LargeCentralMetro,1,0,0,0,0,0,South East,8,Slough 005,29.0,1,152.0,44.08,807
E02003418,6.0,2.0,30.29,45.93,47.44,6.37,35.43,10.75,LargeCentralMetro,1,0,0,0,0,0,South East,2,Slough 012,44.0,1,175.0,77.0,1117
E02003448,9.0,2.0,8.5,99.52,10.01,1.61,83.99,4.39,LargeCentralMetro,1,0,0,0,0,0,South East,3,Wokingham 010,74.0,1,200.0,148.0,1255
E02003447,7.0,4.0,13.81,0.0,19.76,3.35,70.82,6.08,LargeCentralMetro,1,0,0,0,0,0,South East,6,Wokingham 009,44.0,1,181.0,79.64,872
E02003444,8.0,2.0,10.51,50.11,35.68,3.34,55.19,5.79,LargeCentralMetro,1,0,0,0,0,0,South East,7,Wokingham 006,65.0,1,276.0,179.4,1824
E02003442,8.0,1.0,13.68,52.85,9.01,1.75,84.7,4.53,LargeCentralMetro,1,0,0,0,0,0,South East,6,Wokingham 004,44.0,1,234.0,102.96,1298
E02003456,8.0,3.0,,40.78,5.7,2.95,86.87,4.49,MediumMetro,0,0,1,0,0,0,South East,,Wokingham 018,,1,0.0,0.0,667
E02003725,9.0,1.0,12.5,54.52,14.64,2.18,74.99,8.19,LargeCentralMetro,1,0,0,0,0,0,East of England,1,Cambridge 007,68.0,1,120.0,81.60000000000001,741
E02003744,3.0,8.0,35.96,50.75,1.84,0.69,94.69,2.78,LargeFringeMetro,0,1,0,0,0,0,East of England,10,Fenland 003,21.0,1,203.0,42.629999999999995,1206
E02003740,8.0,7.0,11.86,47.13,3.1,0.68,93.47,2.74,MediumMetro,0,0,1,0,0,0,East of England,7,East Cambridgeshire 009,54.0,1,236.0,127.44000000000001,1167
E02003780,7.0,4.0,12.04,50.54,6.73,1.84,86.61,4.83,LargeCentralMetro,1,0,0,0,0,0,East of England,5,South Cambridgeshire 006,65.0,1,216.0,140.4,1308
E02003722,9.0,3.0,23.58,48.23,8.29,1.13,83.79,6.78,LargeCentralMetro,1,0,0,0,0,0,East of England,1,Cambridge 004,60.28,2,246.0,148.3,1385
E02003777,8.0,3.0,10.62,49.77,7.12,1.71,86.18,4.99,MediumMetro,0,0,1,0,0,0,East of England,9,South Cambridgeshire 003,55.0,1,273.0,150.15,1316
E02003731,8.0,2.0,19.23,47.99,19.15,2.72,70.43,7.69,LargeCentralMetro,1,0,0,0,0,0,East of England,3,Cambridge 013,51.36,2,208.0,106.82,1244
E02003734,7.0,5.0,22.56,48.29,2.82,1.2,92.09,3.89,LargeFringeMetro,0,1,0,0,0,0,East of England,2,East Cambridgeshire 003,39.0,1,195.0,76.05,1110
E02003728,6.0,5.0,16.42,51.59,17.51,1.97,71.85,8.68,LargeCentralMetro,1,0,0,0,0,0,East of England,2,Cambridge 010,54.96,2,268.0,147.28,1388
E02003776,6.0,5.0,13.01,45.85,2.85,0.78,93.26,3.11,Micropolitan,0,0,0,0,1,0,East of England,6,South Cambridgeshire 002,58.0,1,146.0,84.67999999999999,879
E02003792,7.0,4.0,17.35,49.5,1.68,0.61,94.82,2.89,MediumMetro,0,0,1,0,0,0,East of England,7,South Cambridgeshire 018,38.0,1,98.0,37.24,596
E02003747,5.0,6.0,27.33,49.17,1.41,1.09,95.35,2.15,LargeCentralMetro,1,0,0,0,0,0,East of England,10,Fenland 006,37.0,1,172.0,63.64,1025
E02003736,8.0,3.0,19.08,48.25,1.53,0.4,95.73,2.35,SmallMetro,0,0,0,1,0,0,East of England,9,East Cambridgeshire 005,40.0,1,173.0,69.2,800
E02003765,7.0,6.0,13.07,46.99,8.75,1.05,87.24,2.95,LargeCentralMetro,1,0,0,0,0,0,East of England,10,Huntingdonshire 013,42.0,1,283.0,118.86,1747
E02003764,7.0,6.0,20.0,50.41,7.99,3.71,83.19,5.11,LargeFringeMetro,0,1,0,0,0,0,East of England,9,Huntingdonshire 012,44.49,2,460.0,204.65,2920
E02003793,8.0,4.0,11.5,48.83,1.42,0.61,95.95,2.02,MediumMetro,0,0,1,0,0,0,East of England,10,South Cambridgeshire 019,48.0,1,113.0,54.239999999999995,641
E02003756,8.0,4.0,10.45,48.59,1.17,0.9,95.88,2.05,MediumMetro,0,0,1,0,0,0,East of England,10,Huntingdonshire 004,52.0,1,134.0,69.68,854
E02003789,8.0,6.0,10.48,48.11,7.97,1.46,86.62,3.95,MediumMetro,0,0,1,0,0,0,East of England,3,South Cambridgeshire 015,62.0,1,210.0,130.2,1056
E02003771,7.0,5.0,16.14,49.42,3.28,1.24,92.59,2.89,LargeCentralMetro,1,0,0,0,0,0,East of England,6,Huntingdonshire 019,47.0,1,285.0,133.95,1823
E02003737,6.0,5.0,17.16,49.96,1.25,1.1,94.78,2.86,LargeFringeMetro,0,1,0,0,0,0,East of England,5,East Cambridgeshire 006,49.0,1,268.0,131.32,1389
E02003790,8.0,4.0,7.65,48.45,1.48,0.43,96.08,2.01,MediumMetro,0,0,1,0,0,0,East of England,6,South Cambridgeshire 016,52.0,1,170.0,88.4,873
E02003750,4.0,9.0,29.96,50.19,1.08,0.6,96.67,1.64,LargeFringeMetro,0,1,0,0,0,0,East of England,10,Fenland 009,30.0,1,237.0,71.1,1335
E02006873,6.0,4.0,16.84,49.57,13.55,2.76,77.22,6.47,LargeCentralMetro,1,0,0,0,0,0,East of England,,South Cambridgeshire 020,52.0,1,190.0,98.8,1043
E02003755,6.0,7.0,15.76,48.35,1.47,1.01,95.7,1.83,Micropolitan,0,0,0,0,1,0,East of England,10,Huntingdonshire 003,51.0,1,165.0,84.15,968
E02003784,9.0,2.0,9.52,48.08,4.69,0.92,90.76,3.63,Micropolitan,0,0,0,0,1,0,East of England,9,South Cambridgeshire 010,68.0,1,252.0,171.36,1795
E02003257,2.0,7.0,39.16,52.99,3.38,7.45,82.1,7.07,LargeCentralMetro,1,0,0,0,0,0,East of England,6,Peterborough 021,30.0,1,143.0,42.9,904
E02006877,5.0,5.0,28.49,47.65,7.37,4.31,82.63,5.69,LargeCentralMetro,1,0,0,0,0,0,East of England,8,Peterborough 022,22.0,1,172.0,37.84,1194
E02003249,2.0,5.0,43.12,45.03,19.12,4.65,67.55,8.68,LargeCentralMetro,1,0,0,0,0,0,East of England,,Peterborough 013,12.0,1,109.0,13.08,795
E02003248,5.0,3.0,24.47,17.62,47.12,2.29,43.02,7.57,LargeCentralMetro,1,0,0,0,0,0,East of England,,Peterborough 012,32.0,1,94.0,30.080000000000002,261
E02003242,5.0,5.0,37.74,55.48,5.51,2.18,88.25,4.06,LargeCentralMetro,1,0,0,0,0,0,East of England,,Peterborough 006,9.0,1,106.0,9.54,1004
E02003237,8.0,6.0,13.1,50.84,2.68,0.94,93.8,2.58,Micropolitan,0,0,0,0,1,0,East of England,10,Peterborough 001,52.0,1,252.0,131.04,1613
E02003255,4.0,4.0,26.82,50.64,5.97,4.33,85.27,4.43,LargeCentralMetro,1,0,0,0,0,0,East of England,5,Peterborough 019,33.0,1,220.0,72.60000000000001,1335
E02006878,5.0,5.0,,48.78,8.98,7.49,76.01,7.52,LargeCentralMetro,1,0,0,0,0,0,East of England,,Peterborough 023,,1,0.0,0.0,410
E02002587,3.0,9.0,52.08,50.31,0.73,0.17,96.71,2.39,LargeCentralMetro,1,0,0,0,0,0,North West,6,Halton 014,16.0,1,144.0,23.04,1131
E02002579,3.0,9.0,49.59,52.03,0.52,0.22,97.6,1.66,LargeCentralMetro,1,0,0,0,0,0,North West,7,Halton 006,32.0,1,123.0,39.36,788
E02002589,9.0,7.0,33.73,48.26,0.77,0.16,98.26,0.82,LargeCentralMetro,1,0,0,0,0,0,North West,7,Halton 016,43.0,1,169.0,72.67,1121
E02002578,4.0,8.0,34.82,47.94,1.73,0.26,95.99,2.02,LargeCentralMetro,1,0,0,0,0,0,North West,5,Halton 005,49.45,2,560.0,276.91999999999996,3037
E02002603,9.0,6.0,12.96,52.63,2.81,0.35,95.66,1.18,LargeCentralMetro,1,0,0,0,0,0,North West,9,Warrington 014,71.0,1,108.0,76.67999999999999,684
E02002607,5.0,9.0,32.61,22.09,6.07,1.47,88.45,4.01,LargeCentralMetro,1,0,0,0,0,0,North West,,Warrington 018,24.0,1,92.0,22.08,258
E02002609,3.0,9.0,25.79,49.74,2.69,0.94,93.53,2.83,LargeCentralMetro,1,0,0,0,0,0,North West,2,Warrington 020,36.19,2,252.0,91.19999999999999,1325
E02002590,8.0,5.0,12.95,51.5,2.13,0.98,94.23,2.65,LargeCentralMetro,1,0,0,0,0,0,North West,6,Warrington 001,54.0,1,224.0,120.96000000000001,1165
E02002598,9.0,4.0,9.46,47.66,7.93,0.77,88.45,2.85,LargeCentralMetro,1,0,0,0,0,0,North West,5,Warrington 009,54.0,1,296.0,159.84,1926
E02002594,5.0,8.0,26.63,47.85,2.7,0.78,93.5,3.03,LargeCentralMetro,1,0,0,0,0,0,North West,4,Warrington 005,46.0,1,169.0,77.74000000000001,955
E02002610,9.0,3.0,9.31,50.11,1.92,0.26,95.25,2.57,LargeCentralMetro,1,0,0,0,0,0,North West,7,Warrington 021,70.0,1,290.0,203.0,1848
E02002600,4.0,9.0,41.09,48.5,1.71,0.86,94.6,2.84,LargeCentralMetro,1,0,0,0,0,0,North West,3,Warrington 011,32.0,1,129.0,41.28,866
E02002608,8.0,6.0,26.71,48.81,1.63,0.26,96.82,1.3,LargeCentralMetro,1,0,0,0,0,0,North West,,Warrington 019,43.0,1,161.0,69.23,885
E02002612,8.0,4.0,8.78,48.05,1.78,0.29,95.74,2.18,LargeCentralMetro,1,0,0,0,0,0,North West,3,Warrington 023,58.0,1,296.0,171.67999999999998,1567
E02002605,7.0,7.0,9.7,51.82,3.92,0.84,93.48,1.76,LargeCentralMetro,1,0,0,0,0,0,North West,6,Warrington 016,49.0,1,165.0,80.85,988
E02004175,4.0,8.0,23.65,51.09,0.56,0.21,97.22,2.0,LargeFringeMetro,0,1,0,0,0,0,South West,5,North Devon 001,29.0,1,148.0,42.919999999999995,965
E02004136,8.0,4.0,9.73,48.99,0.91,0.12,97.2,1.78,MediumMetro,0,0,1,0,0,0,South West,8,East Devon 008,54.0,1,185.0,99.9,1090
E02007027,6.0,4.0,29.89,48.27,1.14,0.32,96.44,2.1,MediumMetro,0,0,1,0,0,0,South West,10,East Devon 021,37.0,1,174.0,64.38,868
E02004144,8.0,5.0,18.85,49.06,0.34,0.13,98.41,1.12,LargeCentralMetro,1,0,0,0,0,0,South West,2,East Devon 016,36.0,1,366.0,131.76,2236
E02004150,6.0,4.0,27.22,49.06,5.82,1.25,88.48,4.45,LargeCentralMetro,1,0,0,0,0,0,South West,10,Exeter 002,42.0,1,158.0,66.36,905
E02004223,4.0,7.0,23.35,48.22,0.42,0.14,98.36,1.08,LargeFringeMetro,0,1,0,0,0,0,South West,9,Torridge 004,30.0,1,227.0,68.1,1265
E02004133,6.0,5.0,23.93,49.68,1.29,0.11,97.07,1.53,SmallMetro,0,0,0,1,0,0,South West,,East Devon 005,39.0,1,117.0,45.63,624
E02004188,6.0,3.0,11.93,47.52,0.68,0.14,98.32,0.86,SmallMetro,0,0,0,1,0,0,South West,8,North Devon 014,58.0,1,109.0,63.22,604
E02004225,5.0,6.0,16.55,48.51,0.4,0.1,98.36,1.14,SmallMetro,0,0,0,1,0,0,South West,10,Torridge 006,30.0,1,145.0,43.5,738
E02004187,6.0,4.0,20.69,49.59,0.9,0.34,97.24,1.52,SmallMetro,0,0,0,1,0,0,South West,6,North Devon 013,51.0,1,116.0,59.160000000000004,613
E02004181,6.0,8.0,22.22,51.03,2.36,0.72,95.11,1.82,LargeFringeMetro,0,1,0,0,0,0,South West,3,North Devon 007,33.0,1,243.0,80.19,1170
E02004217,5.0,4.0,20.28,46.88,0.63,0.13,97.15,2.09,Micropolitan,0,0,0,0,1,0,South West,10,Teignbridge 017,36.0,1,217.0,78.11999999999999,1184
E02004198,6.0,6.0,16.67,49.93,0.83,0.21,97.98,0.99,SmallMetro,0,0,0,1,0,0,South West,10,South Hams 010,58.0,1,192.0,111.35999999999999,1376
E02004212,6.0,6.0,25.25,49.53,0.89,0.19,96.99,1.93,LargeCentralMetro,1,0,0,0,0,0,South West,10,Teignbridge 012,36.14,2,297.0,107.34,2118
E02004208,7.0,4.0,15.79,50.93,0.76,0.19,97.73,1.32,LargeCentralMetro,1,0,0,0,0,0,South West,10,Teignbridge 008,32.0,1,171.0,54.72,1027
E02004193,8.0,4.0,13.13,47.06,0.42,0.09,98.32,1.17,LargeCentralMetro,1,0,0,0,0,0,South West,9,South Hams 005,50.0,1,396.0,198.0,2448
E02004159,8.0,3.0,15.45,48.19,3.98,0.6,92.37,3.05,LargeCentralMetro,1,0,0,0,0,0,South West,10,Exeter 011,55.0,1,246.0,135.3,1270
E02004213,6.0,6.0,17.48,50.16,0.72,0.6,97.03,1.65,LargeCentralMetro,1,0,0,0,0,0,South West,10,Teignbridge 013,47.0,1,143.0,67.21,943
E02004166,8.0,4.0,17.09,49.03,0.37,0.04,98.36,1.22,MediumMetro,0,0,1,0,0,0,South West,7,Mid Devon 003,64.0,1,199.0,127.36,1032
E02004174,6.0,6.0,18.55,52.81,0.76,0.2,97.65,1.4,MediumMetro,0,0,1,0,0,0,South West,3,Mid Devon 011,38.0,1,248.0,94.24,1354
E02004130,5.0,6.0,9.52,48.58,1.57,0.34,96.53,1.56,LargeCentralMetro,1,0,0,0,0,0,South West,6,East Devon 002,48.0,1,105.0,50.4,739
E02004161,4.0,7.0,28.0,53.29,6.2,0.78,89.42,3.6,LargeCentralMetro,1,0,0,0,0,0,South West,7,Exeter 013,41.0,1,150.0,61.49999999999999,835
E02004214,4.0,9.0,26.39,18.18,2.53,0.16,95.53,1.77,LargeCentralMetro,1,0,0,0,0,0,South West,10,Teignbridge 014,31.0,1,72.0,22.32,165
E02004179,8.0,2.0,12.78,48.25,1.55,0.81,95.49,2.14,SmallMetro,0,0,0,1,0,0,South West,9,North Devon 005,31.0,1,133.0,41.23,715
E02003129,6.0,7.0,12.0,0.0,1.89,1.39,94.84,1.89,LargeCentralMetro,1,0,0,0,0,0,South West,5,Plymouth 008,24.0,1,50.0,12.0,375
E02003128,4.0,9.0,43.48,42.76,2.08,0.69,95.26,1.97,LargeCentralMetro,1,0,0,0,0,0,South West,9,Plymouth 007,11.0,1,115.0,12.65,739
E02003136,7.0,7.0,15.43,48.11,0.52,0.06,97.92,1.5,LargeCentralMetro,1,0,0,0,0,0,South West,4,Plymouth 015,39.83,2,324.0,129.06,2068
E02003153,8.0,5.0,20.57,47.97,0.43,1.0,97.08,1.49,LargeCentralMetro,1,0,0,0,0,0,South West,8,Plymouth 032,41.41,2,423.0,175.17000000000002,2539
E02003133,6.0,8.0,28.78,45.93,1.0,0.49,96.68,1.84,LargeCentralMetro,1,0,0,0,0,0,South West,3,Plymouth 012,27.0,1,139.0,37.53,958
E02003126,4.0,8.0,28.64,48.32,2.45,0.7,94.76,2.09,LargeCentralMetro,1,0,0,0,0,0,South West,10,Plymouth 005,24.0,1,199.0,47.76,1248
E02003145,4.0,8.0,42.6,52.31,3.81,1.2,91.5,3.49,LargeCentralMetro,1,0,0,0,0,0,South West,8,Plymouth 024,20.0,2,223.0,44.6,1581
E02003132,5.0,8.0,50.78,47.77,2.84,0.41,94.62,2.13,LargeCentralMetro,1,0,0,0,0,0,South West,5,Plymouth 011,14.0,1,128.0,17.92,672
E02003142,2.0,9.0,38.46,51.26,1.68,0.65,94.91,2.75,LargeCentralMetro,1,0,0,0,0,0,South West,5,Plymouth 021,28.0,1,156.0,43.68000000000001,1034
E02003122,8.0,8.0,25.53,93.95,1.78,0.97,95.09,2.16,LargeCentralMetro,1,0,0,0,0,0,South West,2,Plymouth 001,32.0,1,94.0,30.080000000000002,711
E02003166,3.0,8.0,39.53,46.29,1.1,0.19,96.65,2.05,LargeFringeMetro,0,1,0,0,0,0,South West,4,Torbay 013,23.0,1,215.0,49.45,1322
E02003158,3.0,8.0,31.43,51.07,1.34,0.45,96.18,2.03,LargeFringeMetro,0,1,0,0,0,0,South West,4,Torbay 005,29.0,1,105.0,30.45,979
E02003170,4.0,6.0,25.67,51.29,0.71,0.32,97.45,1.53,LargeFringeMetro,0,1,0,0,0,0,South West,10,Torbay 017,28.0,1,187.0,52.36000000000001,1084
E02003157,2.0,9.0,30.91,45.01,2.73,0.7,93.98,2.59,LargeFringeMetro,0,1,0,0,0,0,South West,5,Torbay 004,48.0,1,220.0,105.6,1373
E02003155,4.0,8.0,32.26,52.7,1.73,0.2,96.5,1.56,LargeFringeMetro,0,1,0,0,0,0,South West,7,Torbay 002,17.0,1,155.0,26.35,869
E02004467,6.0,5.0,13.01,46.34,5.0,2.85,87.98,4.17,LargeCentralMetro,1,0,0,0,0,0,East of England,7,Brentwood 004,59.0,1,146.0,86.14,943
E02004537,4.0,5.0,19.1,48.92,4.14,3.91,85.36,6.59,LargeCentralMetro,1,0,0,0,0,0,East of England,10,Epping Forest 011,53.97,2,335.0,180.79000000000002,2228
E02004470,7.0,3.0,7.27,96.92,8.63,3.8,81.3,6.27,LargeCentralMetro,1,0,0,0,0,0,East of England,7,Brentwood 007,82.0,1,165.0,135.29999999999998,1070
E02004439,2.0,7.0,47.5,50.4,5.25,7.31,82.52,4.92,LargeCentralMetro,1,0,0,0,0,0,East of England,8,Basildon 016,15.0,1,160.0,24.0,879
E02004443,5.0,6.0,37.18,43.64,13.35,6.8,75.2,4.66,LargeCentralMetro,1,0,0,0,0,0,East of England,8,Basildon 020,32.0,1,277.0,88.64,1533
E02004436,1.0,9.0,53.5,51.29,2.73,8.79,84.36,4.11,LargeCentralMetro,1,0,0,0,0,0,East of England,9,Basildon 013,9.0,1,157.0,14.129999999999999,505
E02006980,9.0,1.0,13.72,46.56,1.16,0.48,96.3,2.06,LargeCentralMetro,1,0,0,0,0,0,East of England,10,Rochford 011,48.0,1,226.0,108.47999999999999,1396
E02004530,6.0,3.0,,52.88,1.26,0.69,94.85,3.2,MediumMetro,0,0,1,0,0,0,East of England,,Epping Forest 004,,1,0.0,0.0,452
E02004451,8.0,7.0,19.35,49.04,0.92,0.26,97.17,1.65,LargeCentralMetro,1,0,0,0,0,0,East of England,10,Braintree 006,35.0,1,124.0,43.4,675
E02004456,4.0,5.0,20.95,46.49,3.12,1.86,91.87,3.15,LargeCentralMetro,1,0,0,0,0,0,East of England,8,Braintree 011,37.0,1,148.0,54.76,783
E02004568,6.0,3.0,11.11,54.82,1.64,0.79,95.04,2.53,LargeCentralMetro,1,0,0,0,0,0,East of England,10,Rochford 006,37.0,1,252.0,93.24,1463
E02004474,7.0,5.0,40.54,50.84,2.31,1.72,93.43,2.54,LargeCentralMetro,1,0,0,0,0,0,East of England,,Castle Point 002,16.0,1,74.0,11.84,478
E02004523,3.0,8.0,27.08,49.68,3.54,4.73,87.74,3.99,LargeCentralMetro,1,0,0,0,0,0,East of England,9,Colchester 018,40.0,1,144.0,57.6,781
E02004574,3.0,8.0,36.84,47.75,1.22,0.36,96.48,1.95,LargeCentralMetro,1,0,0,0,0,0,East of England,,Tendring 002,26.0,1,190.0,49.4,1068
E02004448,7.0,5.0,16.09,51.34,0.86,0.49,97.01,1.65,SmallMetro,0,0,0,1,0,0,East of England,10,Braintree 003,39.0,1,174.0,67.86,1120
E02004551,4.0,6.0,28.08,44.8,3.26,4.66,86.99,5.09,LargeCentralMetro,1,0,0,0,0,0,East of England,9,Harlow 008,33.0,1,203.0,66.99000000000001,1116
E02004498,4.0,5.0,24.66,46.82,4.79,2.59,88.97,3.65,LargeCentralMetro,1,0,0,0,0,0,East of England,9,Chelmsford 014,44.0,1,223.0,98.12,1461
E02004458,8.0,3.0,12.81,51.84,1.48,0.95,95.49,2.08,LargeCentralMetro,1,0,0,0,0,0,East of England,9,Braintree 013,36.0,1,242.0,87.11999999999999,1468
E02004453,4.0,6.0,29.31,49.88,2.12,1.75,93.11,3.02,LargeCentralMetro,1,0,0,0,0,0,East of England,9,Braintree 008,29.0,1,174.0,50.459999999999994,806
E02004424,9.0,1.0,6.78,48.3,3.08,0.7,93.39,2.83,LargeCentralMetro,1,0,0,0,0,0,East of England,10,Basildon 001,46.0,1,236.0,108.56,1561
E02004438,3.0,8.0,26.62,52.22,5.86,9.18,79.7,5.26,LargeCentralMetro,1,0,0,0,0,0,East of England,8,Basildon 015,37.0,1,139.0,51.43,743
E02004490,3.0,8.0,16.76,49.68,9.26,5.64,80.45,4.65,LargeCentralMetro,1,0,0,0,0,0,East of England,8,Chelmsford 006,49.0,1,185.0,90.64999999999999,1107
E02004558,4.0,5.0,28.38,47.95,1.97,0.3,95.31,2.42,LargeCentralMetro,1,0,0,0,0,0,East of England,9,Maldon 004,33.0,1,296.0,97.68,1679
E02004478,5.0,7.0,10.91,48.76,2.11,1.14,94.4,2.36,LargeCentralMetro,1,0,0,0,0,0,East of England,10,Castle Point 006,45.0,1,330.0,148.5,2135
E02004542,7.0,1.0,21.86,50.49,26.28,2.7,62.59,8.43,LargeCentralMetro,1,0,0,0,0,0,East of England,4,Epping Forest 016,33.0,1,183.0,60.39,1234
E02004430,8.0,4.0,12.18,48.63,2.03,2.0,93.5,2.48,LargeCentralMetro,1,0,0,0,0,0,East of England,10,Basildon 007,48.0,1,238.0,114.24,1355
E02004429,8.0,5.0,26.97,48.57,2.41,1.39,94.48,1.72,LargeCentralMetro,1,0,0,0,0,0,East of England,9,Basildon 006,20.0,1,152.0,30.400000000000002,1046
E02004591,10.0,3.0,8.33,50.1,1.89,0.45,95.3,2.36,LargeFringeMetro,0,1,0,0,0,0,East of England,10,Uttlesford 001,61.0,1,288.0,175.68,2102
E02004525,7.0,3.0,14.36,46.29,0.86,0.57,96.84,1.73,MediumMetro,0,0,1,0,0,0,East of England,10,Colchester 020,35.0,1,181.0,63.349999999999994,1160
E02004534,5.0,3.0,30.97,48.14,3.46,6.22,81.91,8.41,LargeCentralMetro,1,0,0,0,0,0,East of England,10,Epping Forest 008,21.0,1,113.0,23.73,592
E02004488,9.0,2.0,13.47,50.48,8.4,3.98,83.46,4.15,LargeCentralMetro,1,0,0,0,0,0,East of England,10,Chelmsford 004,39.0,1,245.0,95.55,1472
E02004475,7.0,4.0,13.94,48.83,2.37,2.58,93.07,1.98,LargeCentralMetro,1,0,0,0,0,0,East of England,10,Castle Point 003,45.0,1,251.0,112.95,1579
E02004564,8.0,4.0,22.53,50.28,1.21,0.57,96.53,1.69,LargeCentralMetro,1,0,0,0,0,0,East of England,9,Rochford 002,23.0,1,253.0,58.190000000000005,1583
E02004570,7.0,3.0,10.45,48.04,1.65,0.87,95.04,2.44,LargeCentralMetro,1,0,0,0,0,0,East of England,9,Rochford 008,46.0,1,268.0,123.28,1584
E02004486,9.0,5.0,16.75,45.9,9.57,3.69,83.4,3.34,LargeCentralMetro,1,0,0,0,0,0,East of England,10,Chelmsford 002,47.0,1,203.0,95.41,1196
E02004580,4.0,6.0,20.07,48.8,0.92,0.42,97.13,1.53,LargeFringeMetro,0,1,0,0,0,0,East of England,9,Tendring 008,31.0,1,304.0,94.24,1789
E02004468,10.0,2.0,11.83,48.52,6.85,1.22,87.59,4.34,LargeCentralMetro,1,0,0,0,0,0,East of England,10,Brentwood 005,45.66,2,431.0,196.78,3079
E02004507,6.0,6.0,16.48,48.44,6.27,3.67,85.05,5.02,LargeCentralMetro,1,0,0,0,0,0,East of England,10,Colchester 002,48.0,1,267.0,128.16,1534
E02004512,4.0,8.0,29.19,51.9,7.82,3.67,81.96,6.55,LargeCentralMetro,1,0,0,0,0,0,East of England,7,Colchester 007,33.0,1,161.0,53.13,946
E02004495,7.0,2.0,33.82,52.5,2.48,0.88,94.1,2.54,Micropolitan,0,0,0,0,1,0,East of England,10,Chelmsford 011,25.0,1,136.0,34.0,741
E02004517,8.0,6.0,12.33,46.88,4.03,2.6,90.61,2.76,LargeCentralMetro,1,0,0,0,0,0,East of England,10,Colchester 012,44.0,1,227.0,99.88,1267
E02004514,7.0,6.0,18.18,49.83,6.6,2.08,87.29,4.03,LargeCentralMetro,1,0,0,0,0,0,East of England,9,Colchester 009,41.0,1,165.0,67.64999999999999,861
E02004427,9.0,3.0,14.12,47.06,2.64,0.94,94.14,2.28,LargeCentralMetro,1,0,0,0,0,0,East of England,10,Basildon 004,49.0,1,262.0,128.38,1649
E02004460,6.0,6.0,25.84,52.8,1.74,1.28,93.54,3.44,LargeCentralMetro,1,0,0,0,0,0,East of England,10,Braintree 015,40.0,1,89.0,35.6,678
E02004462,6.0,7.0,32.04,49.65,2.94,2.79,90.74,3.53,LargeCentralMetro,1,0,0,0,0,0,East of England,9,Braintree 017,34.0,1,181.0,61.540000000000006,989
E02004585,3.0,9.0,56.99,50.5,1.24,0.83,96.11,1.82,LargeCentralMetro,1,0,0,0,0,0,East of England,10,Tendring 013,13.0,1,193.0,25.09,1299
E02006922,5.0,8.0,46.67,53.43,4.38,3.25,88.63,3.74,LargeCentralMetro,1,0,0,0,0,0,East of England,10,Colchester 022,27.0,1,135.0,36.45,758
E02004562,6.0,2.0,28.57,51.93,1.1,0.36,96.78,1.76,Noncore,0,0,0,0,0,1,East of England,9,Maldon 008,39.0,1,161.0,62.79,1086
E02004596,7.0,3.0,12.82,46.3,2.56,1.31,92.19,3.94,Micropolitan,0,0,0,0,1,0,East of England,10,Uttlesford 006,26.0,1,78.0,20.28,486
E02004546,3.0,5.0,22.98,49.44,8.07,6.47,80.22,5.24,LargeCentralMetro,1,0,0,0,0,0,East of England,10,Harlow 003,40.0,1,235.0,94.0,1163
E02004553,3.0,5.0,26.11,47.96,4.08,7.5,82.8,5.62,LargeCentralMetro,1,0,0,0,0,0,East of England,10,Harlow 010,27.0,1,203.0,54.81,1080
E02004459,8.0,5.0,17.89,49.53,0.63,0.28,97.14,1.95,MediumMetro,0,0,1,0,0,0,East of England,10,Braintree 014,34.0,1,218.0,74.12,967
E02004496,9.0,3.0,14.11,50.46,7.05,1.73,87.42,3.8,LargeCentralMetro,1,0,0,0,0,0,East of England,10,Chelmsford 012,56.0,1,248.0,138.88000000000002,1530
E02004503,8.0,1.0,14.96,48.99,1.17,1.17,95.68,1.97,LargeCentralMetro,1,0,0,0,0,0,East of England,10,Chelmsford 019,33.0,1,254.0,83.82000000000001,1284
E02004593,10.0,2.0,6.87,47.44,1.04,0.45,96.21,2.31,Micropolitan,0,0,0,0,1,0,East of England,9,Uttlesford 003,52.0,1,131.0,68.12,858
E02004465,8.0,4.0,11.82,51.03,2.47,1.38,93.27,2.88,MediumMetro,0,0,1,0,0,0,East of England,10,Brentwood 002,56.0,1,220.0,123.20000000000002,1458
E02004586,2.0,9.0,37.79,50.43,1.79,0.87,95.26,2.07,LargeCentralMetro,1,0,0,0,0,0,East of England,10,Tendring 014,23.0,1,262.0,60.260000000000005,1622
E02004549,3.0,6.0,16.78,53.41,4.78,4.8,85.61,4.8,LargeCentralMetro,1,0,0,0,0,0,East of England,9,Harlow 006,35.0,1,143.0,50.05,983
E02004497,8.0,4.0,7.98,48.51,3.89,1.3,92.49,2.31,LargeCentralMetro,1,0,0,0,0,0,East of England,10,Chelmsford 013,46.0,1,213.0,97.98,1241
E02004575,7.0,5.0,16.22,57.23,0.51,0.31,97.35,1.83,MediumMetro,0,0,1,0,0,0,East of England,10,Tendring 003,44.0,1,148.0,65.12,837
E02003295,5.0,6.0,29.89,48.09,4.02,2.51,90.06,3.4,LargeCentralMetro,1,0,0,0,0,0,East of England,7,Southend-on-Sea 017,33.0,1,271.0,89.43,1703
E02003282,6.0,7.0,45.24,49.46,10.82,3.17,81.78,4.23,LargeCentralMetro,1,0,0,0,0,0,East of England,1,Southend-on-Sea 004,27.0,1,168.0,45.36,1011
E02003279,7.0,5.0,19.64,48.02,2.83,1.24,93.67,2.26,LargeCentralMetro,1,0,0,0,0,0,East of England,3,Southend-on-Sea 001,57.0,1,168.0,95.75999999999999,985
E02003286,9.0,3.0,16.81,49.52,1.61,0.51,95.22,2.66,LargeCentralMetro,1,0,0,0,0,0,East of England,3,Southend-on-Sea 008,39.0,1,226.0,88.14,1361
E02003283,5.0,7.0,22.6,0.0,5.28,1.41,89.94,3.37,LargeCentralMetro,1,0,0,0,0,0,East of England,3,Southend-on-Sea 005,59.0,1,146.0,86.14,1030
E02003293,2.0,9.0,11.11,98.59,7.11,5.35,81.43,6.11,LargeCentralMetro,1,0,0,0,0,0,East of England,10,Southend-on-Sea 015,59.0,1,144.0,84.96,852
E02007005,4.0,2.0,,46.6,10.49,21.12,62.18,6.21,LargeCentralMetro,1,0,0,0,0,0,East of England,,Thurrock 022,,1,0.0,0.0,294
E02003303,4.0,3.0,32.63,45.71,5.92,10.96,78.71,4.41,MediumMetro,0,0,1,0,0,0,East of England,9,Thurrock 008,23.0,1,95.0,21.85,617
E02003309,7.0,4.0,36.99,35.81,9.89,8.32,76.95,4.85,LargeCentralMetro,1,0,0,0,0,0,East of England,2,Thurrock 014,28.0,1,146.0,40.88,835
E02006859,8.0,2.0,9.41,46.88,14.78,20.21,57.82,7.18,LargeCentralMetro,1,0,0,0,0,0,East of England,6,Thurrock 019,61.0,1,170.0,103.7,1297
E02003311,5.0,4.0,23.97,100.0,14.12,11.74,67.44,6.7,LargeCentralMetro,1,0,0,0,0,0,East of England,3,Thurrock 016,44.0,1,121.0,53.24,624
E02003304,5.0,4.0,15.7,44.29,8.41,6.63,80.88,4.07,LargeCentralMetro,1,0,0,0,0,0,East of England,10,Thurrock 009,46.0,1,242.0,111.32000000000001,1262
E02003300,5.0,3.0,19.13,45.86,3.19,4.5,89.25,3.06,LargeCentralMetro,1,0,0,0,0,0,East of England,10,Thurrock 005,50.0,1,230.0,115.0,1293
E02003307,3.0,7.0,39.8,49.61,4.11,10.35,81.2,4.34,LargeCentralMetro,1,0,0,0,0,0,East of England,2,Thurrock 012,34.0,1,196.0,66.64,1016
E02002914,6.0,6.0,17.3,46.68,0.65,0.28,97.59,1.48,LargeFringeMetro,0,1,0,0,0,0,West Midlands,3,Herefordshire 010,37.0,1,185.0,68.45,934
E02002909,6.0,5.0,19.61,47.3,0.73,0.15,97.86,1.26,MediumMetro,0,0,1,0,0,0,West Midlands,6,Herefordshire 005,65.0,1,51.0,33.15,315
E02002907,4.0,6.0,36.62,51.72,1.07,0.18,96.94,1.81,LargeFringeMetro,0,1,0,0,0,0,West Midlands,6,Herefordshire 003,21.0,1,71.0,14.91,522
E02002924,7.0,3.0,11.11,50.1,0.4,0.1,98.23,1.27,Noncore,0,0,0,0,0,1,West Midlands,9,Herefordshire 020,49.0,1,90.0,44.1,505
E02002915,7.0,7.0,23.81,53.07,2.65,0.91,94.31,2.13,LargeFringeMetro,0,1,0,0,0,0,West Midlands,2,Herefordshire 011,16.0,1,63.0,10.08,358
E02002925,6.0,4.0,32.14,47.58,0.61,0.28,97.82,1.3,SmallMetro,0,0,0,1,0,0,West Midlands,9,Herefordshire 021,50.0,1,56.0,28.0,433
E02002910,6.0,4.0,16.95,46.6,0.85,0.14,97.87,1.13,SmallMetro,0,0,0,1,0,0,West Midlands,5,Herefordshire 006,36.0,1,59.0,21.24,294
E02002911,7.0,4.0,20.0,49.33,0.67,0.27,97.76,1.3,SmallMetro,0,0,0,1,0,0,West Midlands,9,Herefordshire 007,43.0,1,100.0,43.0,523
E02002905,7.0,3.0,9.3,47.09,0.5,0.08,98.4,1.02,Noncore,0,0,0,0,0,1,West Midlands,10,Herefordshire 001,42.0,1,86.0,36.12,446
E02002923,6.0,3.0,15.87,48.4,0.83,0.22,97.33,1.62,SmallMetro,0,0,0,1,0,0,West Midlands,5,Herefordshire 019,46.0,1,126.0,57.96,909
E02002926,5.0,8.0,15.38,50.69,0.77,0.22,97.35,1.66,LargeFringeMetro,0,1,0,0,0,0,West Midlands,5,Herefordshire 022,42.0,1,234.0,98.28,1446
E02002918,9.0,6.0,12.61,48.15,1.98,0.29,96.02,1.71,LargeFringeMetro,0,1,0,0,0,0,West Midlands,5,Herefordshire 014,50.0,1,222.0,111.0,1055
E02002912,7.0,4.0,6.71,51.81,0.87,0.21,97.64,1.28,Noncore,0,0,0,0,0,1,West Midlands,9,Herefordshire 008,60.0,1,149.0,89.39999999999999,745
E02002919,5.0,8.0,37.58,49.07,2.08,0.72,94.84,2.37,LargeFringeMetro,0,1,0,0,0,0,West Midlands,7,Herefordshire 015,17.0,1,149.0,25.330000000000002,642
E02006771,6.0,6.0,14.77,48.94,0.77,0.13,97.84,1.26,Noncore,0,0,0,0,0,1,West Midlands,10,Wyre Forest 005,51.0,1,176.0,89.76,942
E02006707,10.0,3.0,15.12,50.49,3.51,0.5,93.08,2.92,LargeCentralMetro,1,0,0,0,0,0,West Midlands,8,Bromsgrove 012,49.0,1,324.0,158.76,1331
E02006772,5.0,8.0,34.16,49.59,1.11,0.37,96.59,1.93,LargeCentralMetro,1,0,0,0,0,0,West Midlands,,Wyre Forest 006,26.0,1,161.0,41.86,847
E02006718,6.0,5.0,14.95,48.76,1.97,0.69,95.91,1.44,LargeCentralMetro,1,0,0,0,0,0,West Midlands,8,Malvern Hills 009,52.0,1,214.0,111.28,1247
E02006737,6.0,4.0,27.5,51.73,4.18,1.05,92.28,2.48,LargeCentralMetro,1,0,0,0,0,0,West Midlands,4,Worcester 004,37.84,2,320.0,121.1,1881
E02006715,7.0,4.0,48.84,47.12,1.52,0.36,96.01,2.12,LargeCentralMetro,1,0,0,0,0,0,West Midlands,7,Malvern Hills 006,22.0,1,86.0,18.92,711
E02006696,10.0,4.0,12.39,50.0,6.19,0.53,89.44,3.84,LargeCentralMetro,1,0,0,0,0,0,West Midlands,10,Bromsgrove 001,64.68,2,331.0,214.07999999999998,2326
E02006778,6.0,6.0,24.35,51.13,0.85,0.11,97.92,1.11,LargeCentralMetro,1,0,0,0,0,0,West Midlands,10,Wyre Forest 012,38.0,1,193.0,73.34,1111
E02006751,6.0,7.0,24.34,51.6,1.21,0.6,96.78,1.41,LargeCentralMetro,1,0,0,0,0,0,West Midlands,8,Wychavon 004,39.0,1,267.0,104.13000000000001,1248
E02006727,6.0,6.0,30.56,49.8,7.24,1.3,89.29,2.17,LargeCentralMetro,1,0,0,0,0,0,West Midlands,10,Redditch 007,38.0,1,180.0,68.4,735
E02006710,7.0,4.0,22.39,47.67,0.2,0.25,98.37,1.18,Noncore,0,0,0,0,0,1,West Midlands,10,Malvern Hills 001,40.0,1,67.0,26.8,386
E02006699,7.0,5.0,20.11,52.05,2.64,0.85,92.26,4.26,LargeCentralMetro,1,0,0,0,0,0,West Midlands,8,Bromsgrove 004,44.0,1,174.0,76.56,999
E02006759,5.0,5.0,14.48,49.3,0.9,0.19,97.63,1.27,Micropolitan,0,0,0,0,1,0,West Midlands,10,Wychavon 012,44.0,1,221.0,97.24,1079
E02006698,6.0,8.0,12.5,46.18,1.48,1.09,94.81,2.62,LargeCentralMetro,1,0,0,0,0,0,West Midlands,8,Bromsgrove 003,38.0,1,120.0,45.6,719
E02006745,7.0,4.0,19.91,52.46,1.95,0.63,95.04,2.38,LargeCentralMetro,1,0,0,0,0,0,West Midlands,10,Worcester 012,44.0,1,221.0,97.24,1382
E02006746,6.0,5.0,18.16,49.27,6.26,0.68,89.46,3.6,LargeCentralMetro,1,0,0,0,0,0,West Midlands,5,Worcester 013,46.61,2,446.0,207.89999999999998,2399
E02006711,8.0,2.0,5.59,49.6,0.75,0.18,97.47,1.61,Micropolitan,0,0,0,0,1,0,West Midlands,10,Malvern Hills 002,47.0,1,143.0,67.21,744
E02006724,4.0,7.0,29.13,50.55,23.97,3.04,68.07,4.92,LargeCentralMetro,1,0,0,0,0,0,West Midlands,8,Redditch 004,25.0,1,230.0,57.5,904
E02006729,7.0,6.0,34.43,52.12,2.79,1.01,92.73,3.47,LargeCentralMetro,1,0,0,0,0,0,West Midlands,10,Redditch 009,21.0,1,61.0,12.809999999999999,259
E02006714,8.0,4.0,13.02,47.47,1.23,0.22,97.15,1.4,Micropolitan,0,0,0,0,1,0,West Midlands,10,Malvern Hills 005,52.0,1,169.0,87.88000000000001,1068
E02006773,6.0,9.0,23.53,48.72,1.97,0.61,95.14,2.29,LargeCentralMetro,1,0,0,0,0,0,West Midlands,10,Wyre Forest 007,38.0,1,187.0,71.06,1053
E02006767,7.0,5.0,24.69,47.11,3.59,0.3,94.32,1.79,LargeFringeMetro,0,1,0,0,0,0,West Midlands,10,Wyre Forest 001,28.0,1,81.0,22.680000000000003,675
E02006733,8.0,4.0,14.85,48.54,1.87,0.56,94.9,2.68,LargeCentralMetro,1,0,0,0,0,0,West Midlands,8,Redditch 013,58.0,1,229.0,132.82,925
E02006762,7.0,4.0,12.23,50.58,0.98,0.31,96.71,1.99,LargeCentralMetro,1,0,0,0,0,0,West Midlands,8,Wychavon 015,52.0,1,319.0,165.88,1293
E02005098,9.0,3.0,12.82,43.04,4.16,1.01,90.03,4.8,LargeCentralMetro,1,0,0,0,0,0,South East,,Sevenoaks 012,55.0,1,117.0,64.35000000000001,783
E02005028,3.0,4.0,35.38,24.53,15.26,19.75,58.42,6.57,LargeCentralMetro,1,0,0,0,0,0,South East,8,Dartford 001,14.0,1,65.0,9.100000000000001,481
E02005142,4.0,6.0,35.68,51.01,3.7,0.3,93.2,2.81,LargeFringeMetro,0,1,0,0,0,0,South East,,Thanet 011,14.0,1,185.0,25.900000000000002,1086
E02005060,4.0,4.0,29.97,47.55,12.0,7.18,75.39,5.43,LargeCentralMetro,1,0,0,0,0,0,South East,10,Gravesham 006,28.98,2,287.0,83.16999999999999,1859
E02005073,6.0,6.0,16.85,47.37,6.19,3.7,84.69,5.42,LargeCentralMetro,1,0,0,0,0,0,South East,8,Maidstone 006,20.0,1,178.0,35.6,1180
E02005062,7.0,2.0,32.06,47.32,8.18,5.48,81.77,4.58,LargeCentralMetro,1,0,0,0,0,0,South East,10,Gravesham 008,22.0,1,131.0,28.82,839
E02005008,6.0,4.0,21.18,51.01,1.05,0.35,96.81,1.79,MediumMetro,0,0,1,0,0,0,South East,10,Ashford 013,28.0,1,340.0,95.2,2025
E02005154,8.0,2.0,14.29,44.24,2.45,0.73,93.88,2.94,Micropolitan,0,0,0,0,1,0,South East,10,Tonbridge and Malling 006,37.0,1,126.0,46.62,807
E02005127,8.0,5.0,17.62,48.09,1.72,1.97,94.52,1.79,LargeCentralMetro,1,0,0,0,0,0,South East,8,Swale 013,21.0,1,210.0,44.1,1337
E02006856,6.0,3.0,29.96,47.08,6.87,3.38,82.22,7.53,LargeFringeMetro,0,1,0,0,0,0,South East,8,Canterbury 020,25.0,1,237.0,59.25,1710
E02006833,6.0,4.0,21.26,43.19,1.86,0.69,94.71,2.73,LargeCentralMetro,1,0,0,0,0,0,South East,10,Tonbridge and Malling 014,24.0,1,127.0,30.48,896
E02005022,3.0,3.0,25.87,49.26,7.81,5.37,79.22,7.6,LargeFringeMetro,0,1,0,0,0,0,South East,10,Canterbury 013,16.0,1,143.0,22.88,739
E02005168,10.0,4.0,9.4,52.33,4.54,0.99,90.14,4.33,LargeFringeMetro,0,1,0,0,0,0,South East,10,Tunbridge Wells 007,56.0,1,234.0,131.04000000000002,1634
E02005097,10.0,2.0,18.78,52.48,4.93,0.84,89.61,4.62,LargeCentralMetro,1,0,0,0,0,0,South East,9,Sevenoaks 011,32.0,1,229.0,73.28,1309
E02005035,7.0,3.0,22.12,40.66,11.99,10.1,72.74,5.17,LargeCentralMetro,1,0,0,0,0,0,South East,4,Dartford 008,37.0,1,226.0,83.62,1429
E02005052,4.0,7.0,3.3,44.73,9.35,2.47,82.81,5.38,Noncore,0,0,0,0,0,1,South East,10,Dover 012,50.0,1,91.0,45.5,503
E02004996,6.0,4.0,16.28,52.14,2.85,1.88,92.41,2.86,MediumMetro,0,0,1,0,0,0,South East,,Ashford 001,50.0,1,86.0,43.0,491
E02005075,6.0,6.0,21.93,46.31,10.7,3.35,80.88,5.06,LargeCentralMetro,1,0,0,0,0,0,South East,9,Maidstone 008,32.18,2,269.0,86.56,1829
E02005031,3.0,3.0,33.64,42.56,4.89,9.2,81.49,4.41,LargeCentralMetro,1,0,0,0,0,0,South East,10,Dartford 004,32.0,1,107.0,34.24,625
E02005125,3.0,5.0,44.57,52.4,0.99,4.28,92.04,2.68,LargeCentralMetro,1,0,0,0,0,0,South East,6,Swale 011,21.0,1,184.0,38.64,1355
E02005066,9.0,1.0,16.47,52.44,2.64,0.92,94.35,2.09,Micropolitan,0,0,0,0,1,0,South East,10,Gravesham 012,57.0,1,85.0,48.449999999999996,698
E02005156,6.0,6.0,32.14,39.66,1.48,0.47,96.13,1.91,Micropolitan,0,0,0,0,1,0,South East,,Tonbridge and Malling 008,30.0,1,56.0,16.8,358
E02005051,2.0,5.0,41.01,50.77,2.05,0.73,94.43,2.79,LargeFringeMetro,0,1,0,0,0,0,South East,10,Dover 011,14.88,2,217.0,32.300000000000004,1292
E02005078,6.0,6.0,20.41,49.62,1.25,0.69,96.49,1.58,MediumMetro,0,0,1,0,0,0,South East,,Maidstone 011,21.0,1,98.0,20.58,526
E02005030,7.0,3.0,31.96,99.6,15.73,13.3,64.63,6.34,LargeCentralMetro,1,0,0,0,0,0,South East,3,Dartford 003,38.0,1,97.0,36.86,741
E02005088,2.0,6.0,46.81,52.95,3.73,6.34,86.18,3.74,LargeCentralMetro,1,0,0,0,0,0,South East,7,Sevenoaks 002,21.0,1,94.0,19.74,525
E02005139,5.0,5.0,23.53,49.34,1.35,0.39,96.2,2.05,LargeFringeMetro,0,1,0,0,0,0,South East,10,Thanet 008,22.0,1,153.0,33.660000000000004,762
E02005136,5.0,8.0,59.83,47.73,1.64,0.52,95.15,2.69,LargeFringeMetro,0,1,0,0,0,0,South East,9,Thanet 005,7.0,1,117.0,8.190000000000001,660
E02004998,6.0,5.0,33.56,49.49,5.01,2.53,89.84,2.62,LargeCentralMetro,1,0,0,0,0,0,South East,10,Ashford 003,26.0,1,149.0,38.74,1083
E02005072,9.0,4.0,12.5,49.88,5.75,1.03,89.79,3.43,LargeCentralMetro,1,0,0,0,0,0,South East,10,Maidstone 005,27.0,1,240.0,64.80000000000001,1620
E02005138,4.0,6.0,32.41,52.51,1.35,0.52,95.19,2.94,LargeFringeMetro,0,1,0,0,0,0,South East,10,Thanet 007,28.0,1,108.0,30.240000000000002,838
E02005126,6.0,5.0,25.84,48.31,2.01,1.95,93.54,2.5,LargeCentralMetro,1,0,0,0,0,0,South East,8,Swale 012,39.0,1,267.0,104.13000000000001,1623
E02005163,8.0,5.0,13.79,43.18,3.51,0.95,91.63,3.91,LargeFringeMetro,0,1,0,0,0,0,South East,10,Tunbridge Wells 002,47.0,1,174.0,81.78,1276
E02005162,7.0,6.0,17.44,47.68,1.61,0.59,95.49,2.31,MediumMetro,0,0,1,0,0,0,South East,10,Tunbridge Wells 001,36.0,1,195.0,70.2,1269
E02005025,6.0,3.0,19.34,48.85,7.65,3.94,80.87,7.54,LargeFringeMetro,0,1,0,0,0,0,South East,10,Canterbury 016,29.0,1,181.0,52.489999999999995,1130
E02005012,4.0,7.0,22.0,47.85,1.96,0.35,95.57,2.12,LargeFringeMetro,0,1,0,0,0,0,South East,10,Canterbury 003,26.0,1,250.0,65.0,1561
E02005160,7.0,6.0,13.79,94.83,6.46,0.96,88.42,4.16,LargeCentralMetro,1,0,0,0,0,0,South East,10,Tonbridge and Malling 012,38.0,1,174.0,66.12,1218
E02005161,6.0,5.0,26.72,0.0,6.44,0.8,89.1,3.65,LargeCentralMetro,1,0,0,0,0,0,South East,8,Tonbridge and Malling 013,23.0,1,116.0,26.68,489
E02005057,5.0,2.0,26.79,49.37,16.74,10.8,65.47,6.99,LargeCentralMetro,1,0,0,0,0,0,South East,9,Gravesham 003,23.0,1,168.0,38.64,1187
E02005042,6.0,5.0,29.22,49.01,1.2,0.44,96.55,1.82,LargeFringeMetro,0,1,0,0,0,0,South East,10,Dover 002,25.0,1,243.0,60.75,1414
E02005109,8.0,5.0,21.13,52.64,0.97,0.22,96.91,1.9,LargeCentralMetro,1,0,0,0,0,0,South East,10,Folkestone and Hythe 008,20.0,1,213.0,42.6,1383
E02005113,6.0,7.0,37.33,46.95,0.99,0.33,97.67,1.01,MediumMetro,0,0,1,0,0,0,South East,7,Folkestone and Hythe 012,14.0,1,150.0,21.000000000000004,950
E02005020,5.0,5.0,44.25,51.25,4.1,1.4,91.02,3.48,LargeFringeMetro,0,1,0,0,0,0,South East,9,Canterbury 011,11.0,1,113.0,12.43,599
E02005079,8.0,4.0,46.02,47.78,3.47,1.4,92.23,2.9,LargeCentralMetro,1,0,0,0,0,0,South East,10,Maidstone 012,12.0,1,113.0,13.559999999999999,563
E02005083,7.0,5.0,21.43,45.38,1.61,1.26,95.01,2.13,LargeCentralMetro,1,0,0,0,0,0,South East,10,Maidstone 016,38.0,1,224.0,85.12,1287
E02005040,8.0,5.0,19.78,48.77,4.42,1.2,91.65,2.72,LargeCentralMetro,1,0,0,0,0,0,South East,10,Dartford 013,30.0,1,182.0,54.6,1017
E02005166,4.0,7.0,31.58,47.46,6.84,1.59,87.72,3.85,LargeFringeMetro,0,1,0,0,0,0,South East,10,Tunbridge Wells 005,43.0,1,171.0,73.53,965
E02005038,8.0,6.0,16.04,36.02,3.51,3.0,90.04,3.45,LargeCentralMetro,1,0,0,0,0,0,South East,10,Dartford 011,26.0,1,187.0,48.620000000000005,1216
E02003334,3.0,8.0,30.67,49.39,14.99,7.15,71.34,6.52,LargeCentralMetro,1,0,0,0,0,0,South East,2,Medway 021,30.0,1,150.0,45.0,822
E02003321,3.0,8.0,28.19,51.54,4.24,5.19,86.41,4.16,LargeCentralMetro,1,0,0,0,0,0,South East,6,Medway 008,22.0,1,227.0,49.94,1329
E02003335,2.0,7.0,50.85,50.81,5.8,12.65,75.15,6.4,LargeCentralMetro,1,0,0,0,0,0,South East,3,Medway 022,25.0,1,118.0,29.5,866
E02003332,5.0,6.0,46.33,50.31,6.94,5.57,83.54,3.95,LargeCentralMetro,1,0,0,0,0,0,South East,4,Medway 019,10.0,1,177.0,17.7,978
E02003342,7.0,4.0,21.79,51.65,3.6,1.64,92.26,2.51,LargeCentralMetro,1,0,0,0,0,0,South East,8,Medway 029,30.53,2,491.0,149.92000000000002,3082
E02003339,6.0,8.0,22.53,49.82,13.78,4.77,76.82,4.63,LargeCentralMetro,1,0,0,0,0,0,South East,10,Medway 026,30.0,1,182.0,54.6,1124
E02003325,2.0,7.0,40.31,48.7,12.72,9.76,70.14,7.39,LargeCentralMetro,1,0,0,0,0,0,South East,2,Medway 012,29.0,1,191.0,55.38999999999999,1312
E02005270,9.0,3.0,11.93,50.7,1.03,0.5,97.34,1.13,Micropolitan,0,0,0,0,1,0,North West,10,Ribble Valley 001,49.0,1,109.0,53.41,568
E02005323,3.0,9.0,35.19,50.36,0.81,0.21,97.63,1.35,LargeCentralMetro,1,0,0,0,0,0,North West,10,Wyre 005,26.96,2,287.0,77.37,1668
E02005255,9.0,5.0,42.75,48.84,19.86,1.79,74.93,3.42,LargeCentralMetro,1,0,0,0,0,0,North West,10,Preston 003,26.0,1,138.0,35.88,776
E02005266,2.0,8.0,21.43,100.0,33.46,2.28,57.53,6.72,LargeCentralMetro,1,0,0,0,0,0,North West,9,Preston 014,57.0,1,84.0,47.879999999999995,500
E02005287,10.0,4.0,16.85,72.82,3.49,0.3,93.84,2.38,LargeCentralMetro,1,0,0,0,0,0,North West,10,South Ribble 001,57.39,2,279.0,160.10999999999999,1512
E02005324,8.0,4.0,10.07,50.06,1.21,0.52,97.06,1.21,Micropolitan,0,0,0,0,1,0,North West,10,Wyre 006,52.0,1,139.0,72.28,813
E02005286,4.0,8.0,31.67,51.65,0.95,0.12,97.97,0.96,LargeCentralMetro,1,0,0,0,0,0,North West,10,Rossendale 009,43.0,1,120.0,51.6,637
E02005258,8.0,6.0,31.88,47.61,34.55,1.34,59.84,4.27,LargeCentralMetro,1,0,0,0,0,0,North West,9,Preston 006,45.2,2,276.0,124.74,1361
E02005195,8.0,5.0,9.44,54.17,1.69,0.89,95.51,1.92,Micropolitan,0,0,0,0,1,0,North West,10,Chorley 007,73.0,1,180.0,131.4,936
E02005246,3.0,10.0,27.07,48.25,6.97,0.17,90.84,2.03,LargeCentralMetro,1,0,0,0,0,0,North West,10,Pendle 007,26.21,2,181.0,47.44,1115
E02005180,7.0,8.0,30.95,49.88,1.82,0.2,96.82,1.16,LargeCentralMetro,1,0,0,0,0,0,North West,,Burnley 005,55.0,1,42.0,23.1,421
E02005295,8.0,7.0,14.04,50.61,1.79,0.21,95.96,2.03,LargeCentralMetro,1,0,0,0,0,0,North West,10,South Ribble 009,48.0,1,114.0,54.72,571
E02005254,9.0,4.0,9.6,49.78,9.53,1.02,86.47,2.98,LargeCentralMetro,1,0,0,0,0,0,North West,10,Preston 002,68.0,1,177.0,120.36000000000001,906
E02005211,8.0,6.0,14.63,49.76,0.9,0.37,97.28,1.46,LargeCentralMetro,1,0,0,0,0,0,North West,7,Fylde 009,46.0,1,164.0,75.44,818
E02005296,8.0,4.0,7.97,0.0,1.29,0.41,96.42,1.88,LargeCentralMetro,1,0,0,0,0,0,North West,10,South Ribble 010,52.0,1,138.0,71.76,878
E02005194,5.0,8.0,4.46,52.66,3.05,0.55,94.07,2.33,LargeCentralMetro,1,0,0,0,0,0,North West,10,Chorley 006,75.0,1,224.0,168.0,1126
E02005275,7.0,8.0,20.9,55.71,0.5,0.24,97.69,1.57,MediumMetro,0,0,1,0,0,0,North West,10,Ribble Valley 006,51.0,1,67.0,34.17,368
E02005265,4.0,9.0,36.57,43.16,4.17,1.48,90.55,3.8,LargeCentralMetro,1,0,0,0,0,0,North West,9,Preston 013,24.0,1,134.0,32.16,716
E02005331,5.0,8.0,15.93,48.72,1.41,0.24,96.84,1.52,LargeCentralMetro,1,0,0,0,0,0,North West,10,Wyre 013,53.0,1,226.0,119.78,1137
E02005330,7.0,7.0,26.88,52.54,0.63,0.2,98.26,0.91,LargeCentralMetro,1,0,0,0,0,0,North West,10,Wyre 012,38.0,1,160.0,60.8,847
E02005268,2.0,7.0,20.37,0.0,43.14,2.49,47.57,6.8,LargeCentralMetro,1,0,0,0,0,0,North West,,Preston 016,69.0,1,54.0,37.26,515
E02005278,7.0,5.0,27.94,48.03,2.78,0.3,95.22,1.7,LargeCentralMetro,1,0,0,0,0,0,North West,10,Rossendale 001,40.0,1,136.0,54.400000000000006,839
E02005241,6.0,3.0,23.76,44.74,4.72,0.18,93.76,1.34,LargeCentralMetro,1,0,0,0,0,0,North West,10,Pendle 002,27.0,1,101.0,27.270000000000003,599
E02005301,5.0,9.0,30.77,48.53,1.31,0.52,96.77,1.4,LargeCentralMetro,1,0,0,0,0,0,North West,10,South Ribble 015,40.0,1,65.0,26.0,511
E02005304,8.0,6.0,16.3,48.43,0.63,0.17,97.74,1.46,MediumMetro,0,0,1,0,0,0,North West,7,West Lancashire 001,53.0,1,92.0,48.760000000000005,605
E02005196,7.0,8.0,19.12,48.9,2.28,1.09,94.09,2.55,LargeCentralMetro,1,0,0,0,0,0,North West,9,Chorley 008,52.0,1,204.0,106.08,1088
E02005285,8.0,4.0,19.62,48.45,2.16,0.16,96.22,1.46,LargeCentralMetro,1,0,0,0,0,0,North West,10,Rossendale 008,50.0,1,260.0,130.0,1577
E02005198,5.0,8.0,24.73,48.1,2.02,0.38,95.54,2.06,LargeCentralMetro,1,0,0,0,0,0,North West,9,Chorley 010,48.28,2,279.0,134.70999999999998,1553
E02005263,3.0,5.0,38.38,44.5,46.03,4.34,44.03,5.59,LargeCentralMetro,1,0,0,0,0,0,North West,9,Preston 011,30.0,1,99.0,29.7,591
E02005312,6.0,6.0,44.26,47.14,1.36,0.51,96.36,1.77,LargeCentralMetro,1,0,0,0,0,0,North West,7,West Lancashire 009,30.0,1,122.0,36.6,560
E02005302,8.0,6.0,12.57,48.31,1.89,0.27,95.66,2.18,LargeCentralMetro,1,0,0,0,0,0,North West,9,South Ribble 016,54.0,1,183.0,98.82000000000001,919
E02005260,8.0,7.0,17.14,51.0,7.78,1.0,87.89,3.32,LargeCentralMetro,1,0,0,0,0,0,North West,9,Preston 008,59.0,1,175.0,103.25,896
E02005294,4.0,7.0,19.23,50.77,2.17,0.82,94.61,2.4,LargeCentralMetro,1,0,0,0,0,0,North West,10,South Ribble 008,35.0,1,130.0,45.5,713
E02005322,6.0,8.0,15.76,47.75,0.54,0.18,98.31,0.96,MediumMetro,0,0,1,0,0,0,North West,10,Wyre 004,54.0,1,165.0,89.10000000000001,844
E02005213,4.0,8.0,8.21,52.61,3.89,0.34,94.23,1.54,LargeCentralMetro,1,0,0,0,0,0,North West,8,Hyndburn 002,50.0,1,195.0,97.5,1302
E02005310,7.0,7.0,13.24,50.28,2.28,0.95,94.92,1.85,LargeCentralMetro,1,0,0,0,0,0,North West,6,West Lancashire 007,48.0,1,136.0,65.28,706
E02005234,5.0,8.0,11.79,49.57,12.05,3.81,78.21,5.94,LargeFringeMetro,0,1,0,0,0,0,North West,7,Lancaster 014,62.0,1,263.0,163.06,1733
E02005231,2.0,9.0,47.27,53.79,2.36,0.87,94.52,2.26,LargeFringeMetro,0,1,0,0,0,0,North West,7,Lancaster 011,26.0,1,110.0,28.6,818
E02005289,9.0,4.0,7.87,52.66,3.89,0.7,93.45,1.96,LargeCentralMetro,1,0,0,0,0,0,North West,10,South Ribble 003,56.0,1,178.0,99.68,902
E02005217,2.0,9.0,40.28,46.44,55.81,0.31,40.29,3.58,LargeCentralMetro,1,0,0,0,0,0,North West,9,Hyndburn 006,33.0,1,144.0,47.52,758
E02005249,3.0,8.0,25.89,52.11,44.09,0.28,51.29,4.34,LargeCentralMetro,1,0,0,0,0,0,North West,10,Pendle 010,32.0,1,197.0,63.04,1044
E02005179,2.0,8.0,44.35,50.58,1.47,0.18,97.15,1.2,LargeCentralMetro,1,0,0,0,0,0,North West,10,Burnley 004,40.0,1,124.0,49.6,864
E02005176,4.0,7.0,37.68,47.85,12.2,0.24,85.07,2.49,LargeCentralMetro,1,0,0,0,0,0,North West,10,Burnley 001,34.0,1,207.0,70.38000000000001,1095
E02005183,4.0,8.0,34.55,48.51,1.28,0.12,97.24,1.36,LargeCentralMetro,1,0,0,0,0,0,North West,9,Burnley 008,40.0,1,191.0,76.4,1140
E02005332,7.0,7.0,13.58,48.1,1.75,0.29,96.55,1.41,LargeCentralMetro,1,0,0,0,0,0,North West,6,Wyre 014,45.0,1,162.0,72.9,844
E02005303,2.0,9.0,26.61,50.31,1.06,0.73,95.67,2.54,LargeCentralMetro,1,0,0,0,0,0,North West,9,South Ribble 017,39.0,1,109.0,42.51,642
E02005215,4.0,9.0,42.77,54.02,10.4,0.18,87.48,1.95,LargeCentralMetro,1,0,0,0,0,0,North West,8,Hyndburn 004,34.0,1,166.0,56.440000000000005,1170
E02002630,2.0,9.0,32.74,50.1,6.43,0.77,90.74,2.06,LargeCentralMetro,1,0,0,0,0,0,North West,8,Blackburn with Darwen 016,31.82,2,226.0,71.92,1487
E02002616,6.0,4.0,17.89,44.7,69.29,0.51,26.29,3.91,LargeCentralMetro,1,0,0,0,0,0,North West,1,Blackburn with Darwen 002,57.0,1,123.0,70.11,1141
E02002624,8.0,5.0,27.12,71.86,13.15,0.37,84.64,1.84,LargeCentralMetro,1,0,0,0,0,0,North West,2,Blackburn with Darwen 010,51.39,2,306.0,157.26,1933
E02002620,3.0,8.0,20.41,0.0,57.0,3.24,34.8,4.96,LargeCentralMetro,1,0,0,0,0,0,North West,1,Blackburn with Darwen 006,67.0,1,98.0,65.66000000000001,594
E02002628,4.0,9.0,37.3,46.99,3.24,0.45,94.13,2.18,LargeCentralMetro,1,0,0,0,0,0,North West,5,Blackburn with Darwen 014,40.0,1,126.0,50.400000000000006,764
E02002615,4.0,6.0,34.63,49.86,45.61,0.55,50.15,3.7,LargeCentralMetro,1,0,0,0,0,0,North West,6,Blackburn with Darwen 001,46.0,1,231.0,106.26,1083
E02002626,2.0,10.0,18.62,47.43,2.75,1.02,94.32,1.91,LargeCentralMetro,1,0,0,0,0,0,North West,10,Blackburn with Darwen 012,51.0,1,188.0,95.88,1031
E02002623,2.0,10.0,20.0,52.37,11.34,1.73,83.1,3.83,LargeCentralMetro,1,0,0,0,0,0,North West,1,Blackburn with Darwen 009,57.0,1,235.0,133.95,1432
E02002636,4.0,9.0,70.11,46.09,1.58,0.3,96.29,1.84,LargeCentralMetro,1,0,0,0,0,0,North West,4,Blackpool 004,28.0,1,87.0,24.360000000000003,677
E02002650,4.0,9.0,34.81,49.47,1.36,0.4,96.69,1.55,LargeCentralMetro,1,0,0,0,0,0,North West,8,Blackpool 018,25.0,1,181.0,45.25,847
E02002634,5.0,9.0,38.82,48.87,0.89,0.36,96.99,1.76,LargeCentralMetro,1,0,0,0,0,0,North West,3,Blackpool 002,29.0,1,237.0,68.72999999999999,1193
E02002646,2.0,10.0,26.26,51.49,1.95,0.42,96.32,1.3,LargeCentralMetro,1,0,0,0,0,0,North West,6,Blackpool 014,41.0,1,179.0,73.39,1004
E02002641,4.0,9.0,26.6,49.79,8.0,0.59,88.59,2.82,LargeCentralMetro,1,0,0,0,0,0,North West,3,Blackpool 009,36.0,1,203.0,73.08,1199
E02005908,8.0,4.0,12.36,48.41,1.7,0.61,95.16,2.54,MediumMetro,0,0,1,0,0,0,East Midlands,10,Rushcliffe 003,60.0,1,89.0,53.4,628
E02005823,2.0,10.0,29.62,50.5,2.03,1.02,94.93,2.02,LargeCentralMetro,1,0,0,0,0,0,East Midlands,10,Ashfield 005,27.62,2,287.0,79.27000000000001,1812
E02005901,5.0,7.0,36.75,53.52,1.76,0.96,94.52,2.76,LargeCentralMetro,1,0,0,0,0,0,East Midlands,10,Newark and Sherwood 009,27.0,1,117.0,31.590000000000003,654
E02005903,6.0,6.0,21.26,48.76,1.33,0.5,96.7,1.47,LargeCentralMetro,1,0,0,0,0,0,East Midlands,,Newark and Sherwood 011,39.0,1,127.0,49.53,767
E02005912,9.0,4.0,16.15,49.35,19.68,1.92,72.15,6.26,LargeCentralMetro,1,0,0,0,0,0,East Midlands,8,Rushcliffe 007,60.81,3,576.0,350.24,3791
E02005913,8.0,4.0,11.97,48.1,14.31,1.58,77.24,6.87,LargeCentralMetro,1,0,0,0,0,0,East Midlands,10,Rushcliffe 008,65.0,1,234.0,152.1,1680
E02005907,7.0,3.0,11.64,48.75,2.0,0.5,95.16,2.33,LargeCentralMetro,1,0,0,0,0,0,East Midlands,10,Rushcliffe 002,67.0,1,318.0,213.06,1967
E02005839,5.0,8.0,23.6,49.03,1.15,0.5,97.07,1.28,LargeCentralMetro,1,0,0,0,0,0,East Midlands,10,Bassetlaw 005,34.0,1,161.0,54.74,875
E02005888,2.0,9.0,25.64,49.12,1.84,1.41,93.96,2.8,LargeCentralMetro,1,0,0,0,0,0,East Midlands,10,Mansfield 009,35.95,2,429.0,154.22,2610
E02005859,5.0,6.0,12.96,48.07,3.6,1.63,90.85,3.92,LargeCentralMetro,1,0,0,0,0,0,East Midlands,10,Broxtowe 010,49.0,1,247.0,121.03,1629
E02005904,8.0,4.0,,51.52,1.14,0.79,95.99,2.08,LargeCentralMetro,1,0,0,0,0,0,East Midlands,,Newark and Sherwood 012,,1,0.0,0.0,99
E02005863,8.0,5.0,27.52,50.38,3.56,1.21,91.92,3.31,LargeCentralMetro,1,0,0,0,0,0,East Midlands,10,Broxtowe 014,46.0,1,109.0,50.14,800
E02005849,7.0,4.0,12.35,49.29,0.79,0.33,97.71,1.17,Micropolitan,0,0,0,0,1,0,East Midlands,10,Bassetlaw 015,49.0,1,251.0,122.99,1554
E02005844,5.0,7.0,26.52,50.0,1.17,0.82,96.58,1.43,LargeCentralMetro,1,0,0,0,0,0,East Midlands,10,Bassetlaw 010,29.0,1,132.0,38.279999999999994,892
E02005875,5.0,6.0,34.48,46.08,3.35,2.63,88.4,5.63,LargeCentralMetro,1,0,0,0,0,0,East Midlands,10,Gedling 011,45.0,1,145.0,65.25,994
E02005827,5.0,8.0,28.42,50.4,1.29,1.53,95.34,1.84,LargeCentralMetro,1,0,0,0,0,0,East Midlands,10,Ashfield 009,38.0,1,373.0,141.74,2500
E02005881,4.0,9.0,33.61,50.38,1.06,0.63,96.87,1.44,SmallMetro,0,0,0,1,0,0,East Midlands,10,Mansfield 002,48.0,1,119.0,57.12,798
E02005840,6.0,7.0,17.84,48.25,1.42,0.67,96.26,1.64,LargeCentralMetro,1,0,0,0,0,0,East Midlands,9,Bassetlaw 006,65.0,1,269.0,174.85,1633
E02005847,6.0,7.0,27.19,53.14,1.87,0.88,94.67,2.59,LargeCentralMetro,1,0,0,0,0,0,East Midlands,8,Bassetlaw 013,59.0,1,217.0,128.03,1417
E02005893,4.0,9.0,33.08,48.87,0.73,0.31,97.55,1.41,LargeFringeMetro,0,1,0,0,0,0,East Midlands,10,Newark and Sherwood 001,38.0,1,130.0,49.4,753
E02005834,3.0,8.0,34.64,48.86,2.04,2.62,91.88,3.46,LargeCentralMetro,1,0,0,0,0,0,East Midlands,10,Ashfield 016,22.0,1,153.0,33.660000000000004,964
E02005851,2.0,10.0,24.53,51.63,1.29,1.27,94.5,2.94,LargeCentralMetro,1,0,0,0,0,0,East Midlands,8,Broxtowe 002,32.0,1,106.0,33.92,767
E02005883,3.0,8.0,35.42,46.84,1.43,0.82,95.65,2.1,LargeCentralMetro,1,0,0,0,0,0,East Midlands,10,Mansfield 004,19.0,1,96.0,18.240000000000002,585
E02005882,7.0,6.0,23.88,51.27,1.28,0.94,96.44,1.34,LargeCentralMetro,1,0,0,0,0,0,East Midlands,10,Mansfield 003,34.0,1,134.0,45.56,868
E02005870,4.0,8.0,25.98,49.54,4.0,2.98,88.18,4.85,LargeCentralMetro,1,0,0,0,0,0,East Midlands,10,Gedling 006,50.0,1,254.0,127.0,1532
E02005862,5.0,7.0,23.89,53.31,4.81,2.12,88.52,4.56,LargeCentralMetro,1,0,0,0,0,0,East Midlands,9,Broxtowe 013,51.0,1,113.0,57.63,741
E02005856,9.0,3.0,26.32,50.75,12.27,1.71,81.63,4.39,LargeCentralMetro,1,0,0,0,0,0,East Midlands,10,Broxtowe 007,40.0,1,114.0,45.6,469
E02006906,7.0,6.0,13.76,49.81,7.96,1.98,86.46,3.6,LargeCentralMetro,1,0,0,0,0,0,East Midlands,10,Broxtowe 016,50.0,1,218.0,109.0,1291
E02005829,4.0,8.0,25.64,50.44,0.33,0.21,97.87,1.58,LargeCentralMetro,1,0,0,0,0,0,East Midlands,10,Ashfield 011,35.0,1,156.0,54.599999999999994,795
E02005898,4.0,9.0,22.48,51.29,0.63,0.67,97.22,1.48,LargeFringeMetro,0,1,0,0,0,0,East Midlands,10,Newark and Sherwood 006,40.0,1,218.0,87.2,1275
E02005919,8.0,3.0,16.55,48.87,2.92,0.81,93.54,2.73,MediumMetro,0,0,1,0,0,0,East Midlands,10,Rushcliffe 014,47.0,1,145.0,68.14999999999999,1021
E02005918,7.0,3.0,17.65,49.88,2.52,0.37,94.71,2.4,MediumMetro,0,0,1,0,0,0,East Midlands,10,Rushcliffe 013,54.0,1,136.0,73.44,820
E02005833,7.0,6.0,18.45,47.93,1.14,0.82,96.23,1.81,LargeCentralMetro,1,0,0,0,0,0,East Midlands,10,Ashfield 015,38.0,1,206.0,78.28,1256
E02005871,7.0,4.0,25.71,49.51,5.94,2.33,87.88,3.86,LargeCentralMetro,1,0,0,0,0,0,East Midlands,10,Gedling 007,34.0,1,140.0,47.6,814
E02005887,3.0,10.0,22.94,49.81,3.95,2.0,90.12,3.93,LargeCentralMetro,1,0,0,0,0,0,East Midlands,10,Mansfield 008,41.0,1,170.0,69.7,1032
E02002887,2.0,10.0,40.83,62.05,18.09,5.54,69.26,7.11,LargeCentralMetro,1,0,0,0,0,0,East Midlands,3,Nottingham 020,33.79,3,409.0,138.19,2693
E02002897,7.0,2.0,18.59,46.02,19.8,2.43,68.76,9.01,LargeCentralMetro,1,0,0,0,0,0,East Midlands,7,Nottingham 030,56.0,1,199.0,111.44000000000001,1030
E02002886,5.0,6.0,37.97,47.32,44.42,7.75,37.57,10.26,LargeCentralMetro,1,0,0,0,0,0,East Midlands,2,Nottingham 019,38.0,1,187.0,71.06,1511
E02002884,3.0,6.0,45.13,44.11,37.39,7.72,43.86,11.02,LargeCentralMetro,1,0,0,0,0,0,East Midlands,1,Nottingham 017,37.0,1,113.0,41.81,705
E02002892,2.0,8.0,49.29,49.63,13.6,8.62,68.18,9.61,LargeCentralMetro,1,0,0,0,0,0,East Midlands,5,Nottingham 025,25.0,1,140.0,35.0,808
E02002879,4.0,6.0,22.99,46.12,17.84,10.07,61.3,10.79,LargeCentralMetro,1,0,0,0,0,0,East Midlands,,Nottingham 012,59.0,1,87.0,51.33,477
E02002898,3.0,2.0,31.31,32.91,16.21,8.08,66.27,9.44,LargeCentralMetro,1,0,0,0,0,0,East Midlands,6,Nottingham 031,50.0,1,99.0,49.5,547
E02006835,5.0,6.0,47.37,49.2,4.32,4.47,86.21,5.0,LargeCentralMetro,1,0,0,0,0,0,East Midlands,7,Gedling 016,32.0,1,114.0,36.480000000000004,687
E02002868,5.0,7.0,44.53,49.43,7.99,9.43,74.62,7.96,LargeCentralMetro,1,0,0,0,0,0,East Midlands,6,Nottingham 001,32.0,1,137.0,43.84,793
E02006037,8.0,6.0,7.93,49.7,2.28,0.42,95.44,1.86,LargeCentralMetro,1,0,0,0,0,0,West Midlands,8,Shropshire 023,57.0,1,164.0,93.47999999999999,843
E02006025,6.0,8.0,17.19,52.19,1.33,0.67,96.17,1.83,LargeFringeMetro,0,1,0,0,0,0,West Midlands,5,Shropshire 007,40.0,1,256.0,102.4,1458
E02006015,6.0,7.0,35.44,50.35,0.99,0.29,97.44,1.29,Noncore,0,0,0,0,0,1,West Midlands,9,Shropshire 001,39.0,1,79.0,30.810000000000002,576
E02006041,6.0,5.0,13.33,53.36,0.66,0.28,98.26,0.8,SmallMetro,0,0,0,1,0,0,West Midlands,8,Shropshire 030,54.0,1,90.0,48.6,461
E02006042,5.0,4.0,12.28,50.91,0.7,0.12,98.16,1.03,MediumMetro,0,0,1,0,0,0,West Midlands,6,Shropshire 032,59.0,1,114.0,67.25999999999999,548
E02006017,7.0,5.0,20.79,45.7,0.73,0.2,97.99,1.08,SmallMetro,0,0,0,1,0,0,West Midlands,7,Shropshire 004,30.0,1,101.0,30.299999999999997,523
E02006010,7.0,5.0,21.94,51.92,0.48,0.13,98.32,1.08,MediumMetro,0,0,1,0,0,0,West Midlands,9,Shropshire 029,40.0,1,155.0,62.0,911
E02006008,6.0,4.0,11.47,48.56,2.16,0.58,94.85,2.41,MediumMetro,0,0,1,0,0,0,West Midlands,6,Shropshire 025,48.0,1,218.0,104.64,1316
E02006046,6.0,4.0,22.47,53.36,0.39,0.1,98.55,0.95,SmallMetro,0,0,0,1,0,0,West Midlands,10,Shropshire 039,47.0,1,89.0,41.83,551
E02006011,8.0,5.0,15.65,46.56,0.51,0.25,98.3,0.94,LargeCentralMetro,1,0,0,0,0,0,West Midlands,4,Shropshire 031,42.0,1,147.0,61.739999999999995,915
E02006012,6.0,6.0,12.71,52.32,1.15,0.19,97.46,1.19,LargeCentralMetro,1,0,0,0,0,0,West Midlands,4,Shropshire 033,42.0,1,118.0,49.559999999999995,539
E02006021,7.0,3.0,8.57,49.51,0.51,0.24,98.25,0.99,MediumMetro,0,0,1,0,0,0,West Midlands,9,Shropshire 010,60.0,1,140.0,84.0,711
E02002944,2.0,9.0,46.28,48.51,3.43,4.39,88.51,3.67,LargeCentralMetro,1,0,0,0,0,0,West Midlands,9,Telford and Wrekin 017,22.0,1,121.0,26.62,707
E02002949,4.0,8.0,45.91,51.55,1.77,0.43,95.39,2.41,LargeCentralMetro,1,0,0,0,0,0,West Midlands,7,Telford and Wrekin 022,33.29,2,318.0,105.87,2188
E02002942,8.0,5.0,24.69,53.22,11.33,2.06,82.31,4.3,LargeCentralMetro,1,0,0,0,0,0,West Midlands,4,Telford and Wrekin 015,38.0,1,81.0,30.78,637
E02003830,3.0,9.0,31.91,28.08,4.64,1.33,89.21,4.83,LargeCentralMetro,1,0,0,0,0,0,North West,2,Cheshire East 039,13.83,2,94.0,13.0,317
E02003835,10.0,5.0,9.09,45.21,1.56,0.45,95.57,2.42,LargeCentralMetro,1,0,0,0,0,0,North West,8,Cheshire East 046,37.0,1,99.0,36.63,699
E02003858,10.0,4.0,11.65,48.22,5.72,0.73,89.11,4.44,LargeCentralMetro,1,0,0,0,0,0,North West,7,Cheshire East 006,58.0,1,309.0,179.22,1995
E02003869,9.0,7.0,14.42,49.58,2.72,1.12,94.11,2.05,LargeCentralMetro,1,0,0,0,0,0,North West,5,Cheshire East 017,50.0,1,215.0,107.5,1184
E02003820,8.0,6.0,12.76,0.0,1.36,0.39,96.19,2.06,LargeCentralMetro,1,0,0,0,0,0,North West,4,Cheshire East 031,54.0,1,196.0,105.84,1278
E02003819,8.0,7.0,13.57,98.9,1.05,0.23,97.12,1.6,LargeCentralMetro,1,0,0,0,0,0,North West,2,Cheshire East 030,62.0,1,199.0,123.38,1454
E02003863,9.0,5.0,13.33,50.3,2.65,0.4,94.64,2.31,LargeCentralMetro,1,0,0,0,0,0,North West,3,Cheshire East 010,65.0,1,150.0,97.5,1006
E02003826,3.0,9.0,45.04,54.81,1.58,1.11,94.68,2.63,LargeCentralMetro,1,0,0,0,0,0,North West,2,Cheshire East 035,15.0,1,131.0,19.65,697
E02003866,10.0,4.0,21.47,46.06,2.65,0.67,94.71,1.97,LargeCentralMetro,1,0,0,0,0,0,North West,4,Cheshire East 014,54.0,1,163.0,88.02000000000001,1129
E02003824,9.0,6.0,12.23,46.36,1.4,0.31,96.65,1.64,LargeCentralMetro,1,0,0,0,0,0,North West,4,Cheshire East 042,56.0,1,229.0,128.24,1400
E02003832,4.0,9.0,23.91,48.67,12.81,2.26,74.31,10.61,LargeCentralMetro,1,0,0,0,0,0,North West,3,Cheshire East 043,46.0,1,92.0,42.32,641
E02003812,9.0,5.0,11.34,48.42,1.27,0.24,96.54,1.95,MediumMetro,0,0,1,0,0,0,North West,6,Cheshire East 023,61.0,1,238.0,145.18,1299
E02003839,6.0,8.0,16.74,49.93,0.97,0.17,97.01,1.85,LargeCentralMetro,1,0,0,0,0,0,North West,5,Cheshire East 050,60.0,1,215.0,129.0,1388
E02003817,10.0,7.0,12.0,49.2,0.95,0.34,97.1,1.61,LargeCentralMetro,1,0,0,0,0,0,North West,7,Cheshire East 028,43.0,1,200.0,86.0,1189
E02003816,6.0,8.0,12.5,54.5,2.42,0.47,95.82,1.29,LargeCentralMetro,1,0,0,0,0,0,North West,7,Cheshire East 027,52.0,1,120.0,62.400000000000006,778
E02003833,6.0,8.0,15.15,48.61,2.47,0.52,94.62,2.39,LargeCentralMetro,1,0,0,0,0,0,North West,3,Cheshire East 044,58.0,1,132.0,76.55999999999999,648
E02003867,7.0,6.0,12.18,51.77,2.99,1.17,93.14,2.7,LargeCentralMetro,1,0,0,0,0,0,North West,6,Cheshire East 015,60.0,1,238.0,142.79999999999998,1526
E02003807,7.0,5.0,27.46,50.4,4.62,0.97,91.42,2.98,LargeCentralMetro,1,0,0,0,0,0,North West,4,Cheshire West and Chester 043,31.69,3,244.0,77.32,1488
E02003852,9.0,5.0,22.71,48.65,0.97,0.12,97.62,1.28,LargeCentralMetro,1,0,0,0,0,0,North West,7,Cheshire West and Chester 016,35.0,1,273.0,95.55,1597
E02003888,4.0,10.0,44.44,47.76,1.65,0.31,96.39,1.65,LargeFringeMetro,0,1,0,0,0,0,North West,6,Cheshire West and Chester 038,24.0,1,153.0,36.72,917
E02003799,2.0,9.0,52.17,44.3,1.44,0.68,95.4,2.48,LargeCentralMetro,1,0,0,0,0,0,North West,5,Cheshire West and Chester 031,23.0,1,69.0,15.870000000000001,526
E02003891,9.0,3.0,8.57,51.19,0.87,0.08,97.76,1.29,MediumMetro,0,0,1,0,0,0,North West,10,Cheshire West and Chester 045,62.0,1,175.0,108.5,1172
E02003878,7.0,7.0,18.39,49.08,2.21,0.48,95.96,1.35,LargeCentralMetro,1,0,0,0,0,0,North West,4,Cheshire West and Chester 017,21.0,1,87.0,18.27,379
E02003883,9.0,5.0,16.28,50.4,2.22,0.35,95.4,2.04,LargeCentralMetro,1,0,0,0,0,0,North West,7,Cheshire West and Chester 023,51.34,2,393.0,201.78,2256
E02003841,6.0,6.0,21.11,45.25,1.25,0.34,96.52,1.88,LargeCentralMetro,1,0,0,0,0,0,North West,6,Cheshire West and Chester 001,42.0,1,270.0,113.39999999999999,1728
E02003882,4.0,8.0,11.28,49.45,2.01,0.36,95.35,2.28,LargeCentralMetro,1,0,0,0,0,0,North West,2,Cheshire West and Chester 021,73.0,1,195.0,142.35,999
E02003805,9.0,3.0,10.34,51.0,1.97,0.25,95.62,2.16,LargeCentralMetro,1,0,0,0,0,0,North West,7,Cheshire West and Chester 039,65.0,1,203.0,131.95000000000002,1347
E02003796,5.0,7.0,17.37,49.8,5.53,0.49,91.54,2.44,LargeCentralMetro,1,0,0,0,0,0,North West,4,Cheshire West and Chester 027,45.0,1,236.0,106.2,1522
E02003810,7.0,3.0,9.66,49.19,0.28,0.2,98.2,1.32,MediumMetro,0,0,1,0,0,0,North West,6,Cheshire West and Chester 047,57.0,1,207.0,117.99,1303
E02003877,9.0,3.0,17.79,50.15,1.19,0.07,97.32,1.42,MediumMetro,0,0,1,0,0,0,North West,6,Cheshire West and Chester 015,50.0,1,208.0,104.0,1322
E02003806,9.0,4.0,17.14,50.29,3.63,0.69,93.02,2.66,LargeCentralMetro,1,0,0,0,0,0,North West,6,Cheshire West and Chester 041,46.0,1,175.0,80.5,1024
E02003939,6.0,5.0,18.1,49.59,0.47,0.13,97.65,1.75,SmallMetro,0,0,0,1,0,0,South West,7,Cornwall 009,40.0,1,210.0,84.0,1085
E02003909,5.0,5.0,13.93,48.89,3.79,0.78,92.19,3.24,LargeFringeMetro,0,1,0,0,0,0,South West,8,Cornwall 043,51.0,1,280.0,142.8,1440
E02003943,5.0,4.0,17.39,52.43,1.15,0.2,95.37,3.28,SmallMetro,0,0,0,1,0,0,South West,5,Cornwall 054,45.0,1,92.0,41.4,534
E02003960,5.0,4.0,18.64,50.08,0.37,0.12,97.43,2.07,Noncore,0,0,0,0,0,1,South West,10,Cornwall 035,36.0,1,118.0,42.48,593
E02003894,5.0,6.0,21.05,47.09,0.4,0.07,97.97,1.56,MediumMetro,0,0,1,0,0,0,South West,,Cornwall 013,27.0,1,209.0,56.43000000000001,996
E02003935,4.0,6.0,15.54,51.89,1.21,0.15,96.65,1.99,LargeFringeMetro,0,1,0,0,0,0,South West,5,Cornwall 005,39.0,1,193.0,75.27,1293
E02003900,6.0,8.0,26.4,50.04,0.39,0.14,97.33,2.13,LargeCentralMetro,1,0,0,0,0,0,South West,4,Cornwall 026,35.0,1,197.0,68.94999999999999,1273
E02003902,4.0,9.0,19.8,49.61,0.36,0.13,97.92,1.59,MediumMetro,0,0,1,0,0,0,South West,6,Cornwall 029,32.0,1,101.0,32.32,641
E02003914,4.0,5.0,17.29,49.0,1.14,0.4,94.42,4.04,LargeFringeMetro,0,1,0,0,0,0,South West,5,Cornwall 060,51.0,1,214.0,109.14,1145
E02003931,5.0,4.0,23.53,49.87,0.71,0.09,96.92,2.27,SmallMetro,0,0,0,1,0,0,South West,7,Cornwall 001,36.0,1,170.0,61.199999999999996,1141
E02003917,6.0,5.0,30.08,49.19,0.66,0.29,96.65,2.41,LargeFringeMetro,0,1,0,0,0,0,South West,4,Cornwall 064,40.0,1,123.0,49.2,921
E02003941,4.0,8.0,27.91,52.57,0.71,0.13,96.76,2.4,LargeFringeMetro,0,1,0,0,0,0,South West,4,Cornwall 014,37.0,1,215.0,79.55,1421
E02003963,3.0,9.0,15.88,50.39,1.0,0.15,96.62,2.23,LargeFringeMetro,0,1,0,0,0,0,South West,5,Cornwall 039,52.0,1,277.0,144.04,1407
E02003924,3.0,9.0,25.5,49.15,0.91,0.14,96.9,2.05,LargeFringeMetro,0,1,0,0,0,0,South West,7,Cornwall 053,45.0,1,200.0,90.0,1532
E02003919,4.0,9.0,21.51,45.12,0.75,0.22,96.53,2.51,LargeFringeMetro,0,1,0,0,0,0,South West,4,Cornwall 046,44.0,1,186.0,81.84,1126
E02003912,6.0,4.0,18.7,51.17,0.42,0.11,97.31,2.17,Noncore,0,0,0,0,0,1,South West,10,Cornwall 048,52.0,1,123.0,63.96,639
E02003922,4.0,8.0,23.67,50.65,0.5,0.18,97.25,2.08,LargeFringeMetro,0,1,0,0,0,0,South West,7,Cornwall 051,29.0,1,169.0,49.01,691
E02003955,5.0,6.0,23.66,50.24,0.91,0.15,96.05,2.89,LargeFringeMetro,0,1,0,0,0,0,South West,10,Cornwall 021,41.0,1,262.0,107.41999999999999,1658
E02003908,4.0,6.0,17.03,47.22,1.58,0.17,94.51,3.74,LargeFringeMetro,0,1,0,0,0,0,South West,7,Cornwall 042,47.0,1,182.0,85.53999999999999,917
E02003901,5.0,5.0,29.41,55.0,0.33,0.08,98.08,1.51,SmallMetro,0,0,0,1,0,0,South West,9,Cornwall 028,40.0,1,102.0,40.800000000000004,480
E02003948,3.0,7.0,16.82,49.95,0.6,0.28,96.59,2.54,LargeFringeMetro,0,1,0,0,0,0,South West,4,Cornwall 067,42.0,1,214.0,89.88,969
E02003949,3.0,8.0,32.5,46.0,1.14,0.12,95.38,3.36,LargeFringeMetro,0,1,0,0,0,0,South West,2,Cornwall 068,32.0,1,120.0,38.4,763
E02004023,9.0,3.0,9.84,49.18,0.63,0.3,97.54,1.53,SmallMetro,0,0,0,1,0,0,North West,9,South Lakeland 009,42.74,3,254.0,108.57,1637
E02004015,8.0,4.0,14.12,49.66,1.14,0.54,96.21,2.11,Noncore,0,0,0,0,0,1,North West,10,South Lakeland 001,32.0,1,85.0,27.2,443
E02004026,6.0,8.0,10.09,52.1,1.36,0.11,97.21,1.32,LargeFringeMetro,0,1,0,0,0,0,North West,9,South Lakeland 012,50.0,1,228.0,114.0,1382
E02004010,5.0,7.0,15.72,49.0,2.38,0.48,95.78,1.36,LargeCentralMetro,1,0,0,0,0,0,North West,10,Eden 003,28.0,1,229.0,64.12,1398
E02004002,8.0,8.0,13.51,51.03,1.36,0.47,97.32,0.85,LargeFringeMetro,0,1,0,0,0,0,North West,10,Copeland 003,32.0,1,148.0,47.36,1070
E02004020,8.0,5.0,14.81,49.84,1.02,0.18,97.55,1.25,LargeFringeMetro,0,1,0,0,0,0,North West,10,South Lakeland 006,50.0,1,135.0,67.5,943
E02004017,7.0,5.0,18.45,50.14,0.79,0.32,97.43,1.46,LargeFringeMetro,0,1,0,0,0,0,North West,10,South Lakeland 003,47.0,1,206.0,96.82,1079
E02003976,9.0,2.0,6.95,51.32,1.26,0.14,96.8,1.8,Noncore,0,0,0,0,0,1,North West,10,Allerdale 012,55.0,1,187.0,102.85000000000001,1288
E02003967,6.0,6.0,44.44,39.09,0.25,0.11,99.04,0.6,MediumMetro,0,0,1,0,0,0,North West,10,Allerdale 003,11.0,1,18.0,1.98,110
E02003975,8.0,8.0,34.63,43.87,0.29,0.08,98.85,0.77,LargeFringeMetro,0,1,0,0,0,0,North West,10,Allerdale 011,22.73,2,205.0,46.59,1101
E02003965,5.0,7.0,19.68,49.64,0.31,0.04,98.95,0.7,MediumMetro,0,0,1,0,0,0,North West,8,Allerdale 001,45.31,2,249.0,112.80999999999999,1370
E02004008,7.0,2.0,33.33,54.37,0.22,0.08,98.94,0.76,SmallMetro,0,0,0,1,0,0,North West,10,Eden 001,33.0,1,21.0,6.930000000000001,103
E02004022,9.0,2.0,28.57,49.71,0.29,0.09,98.96,0.67,Noncore,0,0,0,0,0,1,North West,10,South Lakeland 008,43.0,1,28.0,12.04,171
E02004027,8.0,6.0,7.25,43.89,0.43,0.38,98.52,0.68,Noncore,0,0,0,0,0,1,North West,10,South Lakeland 013,52.0,1,69.0,35.88,319
E02003986,5.0,8.0,29.46,50.63,0.58,0.6,98.07,0.76,LargeFringeMetro,0,1,0,0,0,0,North West,10,Barrow-in-Furness 010,29.0,1,129.0,37.41,553
E02003971,8.0,4.0,14.01,50.91,0.83,0.21,97.65,1.32,SmallMetro,0,0,0,1,0,0,North West,10,Allerdale 007,63.0,1,207.0,130.41,1316
E02003968,6.0,8.0,30.53,49.36,0.33,0.14,98.79,0.75,SmallMetro,0,0,0,1,0,0,North West,10,Allerdale 004,33.0,1,95.0,31.35,628
E02003977,8.0,6.0,16.41,51.79,0.42,0.24,98.58,0.76,SmallMetro,0,0,0,1,0,0,North West,9,Barrow-in-Furness 001,39.0,1,195.0,76.05,979
E02004007,5.0,7.0,26.37,48.28,0.66,0.17,98.34,0.83,SmallMetro,0,0,0,1,0,0,North West,10,Copeland 008,29.0,1,91.0,26.389999999999997,522
E02003998,3.0,10.0,29.9,50.86,0.96,0.5,97.0,1.53,LargeCentralMetro,1,0,0,0,0,0,North West,10,Carlisle 012,21.0,1,97.0,20.37,525
E02003992,5.0,10.0,20.41,52.11,3.57,0.69,93.18,2.57,LargeCentralMetro,1,0,0,0,0,0,North West,9,Carlisle 006,36.4,2,392.0,142.67999999999998,2422
E02004025,9.0,5.0,12.12,55.08,0.48,0.23,98.24,1.05,SmallMetro,0,0,0,1,0,0,North West,10,South Lakeland 011,50.0,1,132.0,66.0,1024
E02004014,7.0,2.0,13.04,51.62,0.6,0.06,98.54,0.8,SmallMetro,0,0,0,1,0,0,North West,9,Eden 007,38.0,1,69.0,26.22,401
E02004013,8.0,2.0,11.43,45.74,0.22,0.16,99.02,0.61,Noncore,0,0,0,0,0,1,North West,10,Eden 006,33.0,1,70.0,23.1,387
E02003988,6.0,7.0,12.6,49.65,0.54,0.08,98.13,1.25,MediumMetro,0,0,1,0,0,0,North West,10,Carlisle 002,41.0,1,246.0,100.86,1428
E02003999,8.0,7.0,19.69,50.74,1.15,0.28,97.63,0.95,LargeCentralMetro,1,0,0,0,0,0,North West,10,Carlisle 013,35.16,2,259.0,91.07,1628
E02004005,5.0,9.0,20.92,49.56,0.5,0.1,98.75,0.65,SmallMetro,0,0,0,1,0,0,North West,10,Copeland 006,43.0,1,196.0,84.28,1237
E02003981,7.0,8.0,41.67,45.54,1.58,0.39,96.92,1.11,LargeFringeMetro,0,1,0,0,0,0,North West,10,Barrow-in-Furness 005,24.0,1,84.0,20.16,863
E02004634,5.0,7.0,24.81,44.33,0.77,0.27,97.65,1.31,SmallMetro,0,0,0,1,0,0,South West,10,Forest of Dean 009,24.0,1,133.0,31.919999999999998,609
E02004632,4.0,6.0,22.22,46.67,0.64,0.17,98.37,0.83,LargeFringeMetro,0,1,0,0,0,0,South West,,Forest of Dean 007,42.0,1,108.0,45.36,570
E02004662,8.0,3.0,30.77,11.64,0.62,0.24,97.81,1.33,Noncore,0,0,0,0,0,1,South West,,Stroud 012,13.0,1,91.0,11.83,232
E02004623,8.0,4.0,6.16,51.63,1.31,0.31,96.53,1.85,Micropolitan,0,0,0,0,1,0,South West,10,Cotswold 009,53.0,1,146.0,77.38000000000001,982
E02004666,7.0,4.0,17.39,51.53,1.59,0.54,96.29,1.58,LargeCentralMetro,1,0,0,0,0,0,South West,10,Tewkesbury 001,47.0,1,230.0,108.1,1337
E02004672,8.0,5.0,13.61,46.21,3.6,0.94,92.7,2.75,LargeCentralMetro,1,0,0,0,0,0,South West,9,Tewkesbury 007,36.49,2,441.0,160.93,2688
E02004617,8.0,3.0,9.68,51.24,1.24,0.45,96.37,1.94,MediumMetro,0,0,1,0,0,0,South West,10,Cotswold 003,62.0,1,217.0,134.54,1376
E02004635,8.0,4.0,12.77,50.68,1.17,0.8,96.04,1.99,LargeCentralMetro,1,0,0,0,0,0,South West,10,Forest of Dean 010,38.0,1,141.0,53.58,1095
E02004668,7.0,2.0,15.62,47.76,0.53,0.16,97.86,1.45,MediumMetro,0,0,1,0,0,0,South West,10,Tewkesbury 003,31.0,1,96.0,29.759999999999998,492
E02004610,9.0,4.0,10.9,49.02,3.47,0.84,92.66,3.02,LargeCentralMetro,1,0,0,0,0,0,South West,10,Cheltenham 011,35.0,1,266.0,93.1,1687
E02004628,6.0,6.0,19.39,50.18,0.52,0.18,98.34,0.96,MediumMetro,0,0,1,0,0,0,South West,10,Forest of Dean 003,44.0,1,165.0,72.6,855
E02004625,8.0,2.0,18.57,53.23,0.99,0.33,96.51,2.16,SmallMetro,0,0,0,1,0,0,South West,10,Cotswold 011,31.0,1,70.0,21.7,449
E02004629,4.0,7.0,25.68,47.22,1.04,0.21,96.84,1.91,LargeFringeMetro,0,1,0,0,0,0,South West,9,Forest of Dean 004,23.0,1,74.0,17.02,324
E02007035,6.0,3.0,15.32,50.14,1.78,0.43,95.97,1.82,LargeCentralMetro,1,0,0,0,0,0,South West,10,Tewkesbury 011,46.0,1,235.0,108.10000000000001,1450
E02004654,6.0,4.0,22.35,49.71,1.15,0.37,96.12,2.37,LargeCentralMetro,1,0,0,0,0,0,South West,7,Stroud 004,43.0,1,179.0,76.97,1044
E02004650,5.0,5.0,26.29,48.16,2.76,3.43,88.47,5.34,LargeCentralMetro,1,0,0,0,0,0,South West,4,Gloucester 015,44.0,1,232.0,102.08,1221
E02004652,9.0,4.0,12.03,45.95,0.88,0.28,96.86,1.98,LargeCentralMetro,1,0,0,0,0,0,South West,10,Stroud 002,55.0,1,133.0,73.15,666
E02004647,5.0,8.0,23.81,43.52,2.35,3.38,89.65,4.62,LargeCentralMetro,1,0,0,0,0,0,South West,5,Gloucester 012,29.0,1,231.0,66.99,1505
E02004665,9.0,3.0,7.2,51.97,0.63,0.23,97.49,1.65,Noncore,0,0,0,0,0,1,South West,9,Stroud 015,60.0,1,250.0,150.0,1472
E02004664,6.0,6.0,13.22,48.52,1.04,0.42,96.4,2.14,LargeCentralMetro,1,0,0,0,0,0,South West,10,Stroud 014,32.0,1,174.0,55.68,1146
E02004611,9.0,3.0,4.27,50.14,3.26,0.67,92.85,3.21,LargeCentralMetro,1,0,0,0,0,0,South West,10,Cheltenham 012,70.0,1,211.0,147.7,1382
E02004627,6.0,2.0,17.53,49.47,0.64,0.49,96.61,2.26,MediumMetro,0,0,1,0,0,0,South West,9,Forest of Dean 002,37.0,1,154.0,56.98,845
E02004615,7.0,4.0,6.4,51.78,0.56,0.25,97.91,1.28,Noncore,0,0,0,0,0,1,South West,9,Cotswold 001,57.0,1,203.0,115.71,1319
E02004620,7.0,3.0,11.9,50.98,1.26,0.68,96.11,1.95,LargeCentralMetro,1,0,0,0,0,0,South West,9,Cotswold 006,39.0,1,168.0,65.52,871
E02004621,6.0,6.0,20.29,49.62,3.18,0.83,93.74,2.25,LargeCentralMetro,1,0,0,0,0,0,South West,9,Cotswold 007,53.0,1,207.0,109.71000000000001,931
E02004603,3.0,6.0,36.13,48.98,5.96,1.78,87.71,4.55,LargeCentralMetro,1,0,0,0,0,0,South West,10,Cheltenham 004,34.0,1,119.0,40.46,733
E02004655,6.0,5.0,21.0,50.69,1.64,0.76,95.18,2.43,LargeCentralMetro,1,0,0,0,0,0,South West,10,Stroud 005,31.0,1,100.0,31.0,580
E02004602,3.0,7.0,41.73,47.69,3.43,1.56,91.85,3.16,LargeCentralMetro,1,0,0,0,0,0,South West,10,Cheltenham 003,34.0,1,139.0,47.260000000000005,889
E02004958,8.0,4.0,,51.52,7.04,1.13,87.43,4.39,LargeCentralMetro,1,0,0,0,0,0,East of England,,Three Rivers 003,,1,0.0,0.0,297
E02004904,5.0,4.0,31.52,63.01,8.25,7.16,77.78,6.81,LargeCentralMetro,1,0,0,0,0,0,East of England,8,Hertsmere 009,23.0,1,92.0,21.16,392
E02004915,4.0,5.0,26.56,50.48,7.6,3.78,83.06,5.56,LargeCentralMetro,1,0,0,0,0,0,East of England,6,North Hertfordshire 007,27.0,1,64.0,17.28,420
E02004934,8.0,2.0,9.7,0.0,12.99,2.68,76.24,8.09,LargeCentralMetro,1,0,0,0,0,0,East of England,6,St Albans 011,59.0,1,165.0,97.35,1097
E02004985,8.0,6.0,19.77,43.9,5.72,2.22,87.02,5.04,LargeCentralMetro,1,0,0,0,0,0,East of England,10,Welwyn Hatfield 006,41.0,1,172.0,70.52,1082
E02004945,5.0,6.0,15.28,49.81,10.83,3.98,79.84,5.36,LargeCentralMetro,1,0,0,0,0,0,East of England,9,Stevenage 002,50.61,2,360.0,182.2,2401
E02004875,4.0,4.0,22.95,49.1,12.96,3.66,77.8,5.58,LargeCentralMetro,1,0,0,0,0,0,East of England,10,Dacorum 020,37.0,1,183.0,67.71,1273
E02004862,3.0,6.0,37.84,52.83,6.91,7.18,80.88,5.03,LargeCentralMetro,1,0,0,0,0,0,East of England,10,Dacorum 007,32.0,1,74.0,23.68,566
E02004925,8.0,3.0,8.16,49.77,5.26,2.57,86.88,5.3,LargeCentralMetro,1,0,0,0,0,0,East of England,8,St Albans 002,78.94,2,380.0,299.96,2652
E02004961,9.0,2.0,6.74,50.12,12.85,1.58,80.85,4.72,LargeCentralMetro,1,0,0,0,0,0,East of England,5,Three Rivers 006,72.0,1,193.0,138.96,1299
E02004975,8.0,2.0,5.79,0.0,33.13,4.2,54.37,8.3,LargeCentralMetro,1,0,0,0,0,0,East of England,4,Watford 008,84.0,1,190.0,159.6,1369
E02004976,5.0,4.0,6.15,100.0,23.7,6.89,59.78,9.63,LargeCentralMetro,1,0,0,0,0,0,East of England,7,Watford 009,89.0,1,179.0,159.31,1285
E02004897,8.0,3.0,4.52,52.1,10.77,3.3,77.87,8.06,LargeCentralMetro,1,0,0,0,0,0,East of England,10,Hertsmere 002,86.0,1,221.0,190.06,1451
E02004903,6.0,3.0,17.05,48.0,18.27,4.47,70.66,6.6,LargeCentralMetro,1,0,0,0,0,0,East of England,7,Hertsmere 008,71.0,1,258.0,183.17999999999998,1675
E02004937,9.0,2.0,24.49,49.51,5.21,1.22,88.37,5.2,LargeCentralMetro,1,0,0,0,0,0,East of England,8,St Albans 014,35.0,1,196.0,68.6,1228
E02004959,9.0,4.0,7.25,45.39,26.43,2.14,65.88,5.55,LargeCentralMetro,1,0,0,0,0,0,East of England,7,Three Rivers 004,62.0,1,207.0,128.34,1225
E02004894,8.0,3.0,9.94,0.0,3.18,1.81,90.56,4.45,LargeCentralMetro,1,0,0,0,0,0,East of England,2,East Hertfordshire 017,55.0,1,161.0,88.55000000000001,1121
E02004921,9.0,3.0,13.45,100.0,7.6,2.05,84.41,5.94,LargeCentralMetro,1,0,0,0,0,0,East of England,1,North Hertfordshire 013,65.0,1,171.0,111.15,1151
E02004890,8.0,3.0,12.87,72.93,2.6,1.05,92.97,3.39,LargeCentralMetro,1,0,0,0,0,0,East of England,6,East Hertfordshire 013,56.69,2,334.0,189.32999999999998,2224
E02004936,9.0,2.0,8.29,48.41,10.1,2.0,80.61,7.29,LargeCentralMetro,1,0,0,0,0,0,East of England,8,St Albans 013,73.0,1,181.0,132.13,1322
E02004924,9.0,1.0,6.19,46.26,5.05,1.62,88.37,4.97,LargeCentralMetro,1,0,0,0,0,0,East of England,8,St Albans 001,67.0,1,194.0,129.98000000000002,1297
E02004991,3.0,5.0,12.9,99.65,16.57,9.08,66.66,7.69,LargeCentralMetro,1,0,0,0,0,0,East of England,10,Welwyn Hatfield 012,61.0,1,124.0,75.64,866
E02004906,6.0,4.0,7.43,45.73,9.44,7.41,74.58,8.57,LargeCentralMetro,1,0,0,0,0,0,East of England,5,Hertsmere 011,61.0,1,148.0,90.28,984
E02004957,5.0,3.0,9.09,47.47,13.34,4.63,75.97,6.06,LargeCentralMetro,1,0,0,0,0,0,East of England,9,Three Rivers 002,63.36,2,385.0,243.95,2528
E02004885,9.0,1.0,2.56,0.0,5.13,1.75,89.0,4.12,LargeCentralMetro,1,0,0,0,0,0,East of England,4,East Hertfordshire 008,69.0,1,156.0,107.63999999999999,1191
E02004882,8.0,2.0,9.14,64.38,4.82,2.46,86.29,6.43,LargeCentralMetro,1,0,0,0,0,0,East of England,2,East Hertfordshire 005,55.05,3,536.0,295.09000000000003,3476
E02004918,8.0,4.0,13.25,49.1,10.53,3.46,79.49,6.52,LargeCentralMetro,1,0,0,0,0,0,East of England,2,North Hertfordshire 010,42.0,1,166.0,69.72,1169
E02004899,7.0,6.0,30.29,49.56,5.87,1.91,86.28,5.94,LargeCentralMetro,1,0,0,0,0,0,East of England,7,Hertsmere 004,29.0,1,175.0,50.75,1241
E02004964,7.0,5.0,18.68,51.88,8.36,1.43,85.05,5.16,LargeCentralMetro,1,0,0,0,0,0,East of England,,Three Rivers 009,37.0,1,91.0,33.67,586
E02004920,7.0,5.0,6.33,0.0,4.76,3.01,86.57,5.66,LargeCentralMetro,1,0,0,0,0,0,East of England,1,North Hertfordshire 012,75.0,1,158.0,118.5,1126
E02004912,7.0,6.0,14.71,48.84,2.91,1.36,92.14,3.59,LargeCentralMetro,1,0,0,0,0,0,East of England,8,North Hertfordshire 004,51.0,1,204.0,104.04,1341
E02004850,4.0,3.0,27.59,48.79,4.07,6.43,79.32,10.19,LargeCentralMetro,1,0,0,0,0,0,East of England,9,Broxbourne 008,32.0,1,145.0,46.4,865
E02004845,5.0,3.0,21.98,50.25,2.37,3.43,88.83,5.37,LargeCentralMetro,1,0,0,0,0,0,East of England,10,Broxbourne 003,29.0,1,91.0,26.389999999999997,589
E02004953,3.0,6.0,28.03,48.37,5.64,5.59,83.95,4.82,LargeCentralMetro,1,0,0,0,0,0,East of England,10,Stevenage 010,34.0,1,157.0,53.38,1015
E02004930,8.0,2.0,9.79,100.0,7.59,1.93,85.26,5.22,LargeCentralMetro,1,0,0,0,0,0,East of England,10,St Albans 007,70.0,1,194.0,135.79999999999998,1251
E02004877,9.0,2.0,16.37,51.86,3.84,0.91,91.37,3.88,LargeCentralMetro,1,0,0,0,0,0,East of England,8,Dacorum 022,49.0,1,171.0,83.78999999999999,1049
E02004846,8.0,2.0,14.0,52.21,2.88,2.31,90.31,4.5,LargeCentralMetro,1,0,0,0,0,0,East of England,10,Broxbourne 004,65.0,1,200.0,130.0,1287
E02007091,7.0,4.0,20.69,48.54,5.51,4.47,86.33,3.68,LargeCentralMetro,1,0,0,0,0,0,East of England,10,Stevenage 013,33.0,1,232.0,76.56,1473
E02004978,4.0,6.0,25.75,46.32,33.99,7.89,49.0,9.13,LargeCentralMetro,1,0,0,0,0,0,East of England,6,Watford 011,38.0,1,167.0,63.46,1019
E02004950,5.0,6.0,34.35,43.19,6.45,4.22,84.36,4.97,LargeCentralMetro,1,0,0,0,0,0,East of England,10,Stevenage 007,30.0,1,230.0,69.0,1410
E02004892,6.0,4.0,36.84,45.45,2.4,2.2,90.76,4.64,LargeCentralMetro,1,0,0,0,0,0,East of England,4,East Hertfordshire 015,25.0,1,76.0,19.0,385
E02004982,8.0,5.0,11.42,48.31,4.75,2.21,87.53,5.51,LargeCentralMetro,1,0,0,0,0,0,East of England,10,Welwyn Hatfield 003,47.0,1,219.0,102.92999999999999,1329
E02004878,8.0,2.0,8.3,49.05,1.13,0.61,96.37,1.89,MediumMetro,0,0,1,0,0,0,East of England,10,East Hertfordshire 001,60.0,1,229.0,137.4,948
E02004931,8.0,2.0,4.97,44.72,9.91,1.42,82.93,5.74,LargeCentralMetro,1,0,0,0,0,0,East of England,10,St Albans 008,76.0,1,181.0,137.56,1478
E02004859,10.0,2.0,9.79,48.26,1.22,0.58,95.35,2.84,LargeCentralMetro,1,0,0,0,0,0,East of England,10,Dacorum 004,56.0,1,235.0,131.60000000000002,1525
E02004932,6.0,4.0,24.14,45.4,9.73,2.93,79.18,8.16,LargeCentralMetro,1,0,0,0,0,0,East of England,10,St Albans 009,46.0,1,87.0,40.02,641
E02004935,8.0,2.0,9.52,99.68,7.8,2.45,82.91,6.84,LargeCentralMetro,1,0,0,0,0,0,East of England,6,St Albans 012,67.0,1,147.0,98.49000000000001,942
E02004869,8.0,4.0,12.08,50.71,2.55,0.75,93.08,3.62,LargeCentralMetro,1,0,0,0,0,0,East of England,7,Dacorum 014,44.0,1,207.0,91.08,1337
E02004907,8.0,4.0,14.46,43.74,11.78,4.09,76.96,7.17,LargeCentralMetro,1,0,0,0,0,0,East of England,7,Hertsmere 012,58.0,1,166.0,96.27999999999999,1223
E02007090,7.0,3.0,13.25,41.81,6.89,2.33,84.54,6.24,LargeCentralMetro,1,0,0,0,0,0,East of England,8,St Albans 021,48.0,1,83.0,39.839999999999996,653
E02004853,4.0,6.0,25.25,50.34,3.49,6.06,80.27,10.17,LargeCentralMetro,1,0,0,0,0,0,East of England,8,Broxbourne 011,37.11,2,400.0,148.43,2622
E02004888,8.0,2.0,8.19,50.91,2.52,1.2,93.52,2.77,LargeCentralMetro,1,0,0,0,0,0,East of England,4,East Hertfordshire 011,49.0,1,171.0,83.78999999999999,1269
E02004960,10.0,2.0,5.45,51.55,7.14,0.87,86.74,5.25,LargeCentralMetro,1,0,0,0,0,0,East of England,7,Three Rivers 005,70.0,1,202.0,141.39999999999998,1455
E02004968,5.0,4.0,29.51,49.96,13.8,6.34,73.11,6.74,LargeCentralMetro,1,0,0,0,0,0,East of England,8,Watford 001,25.0,1,183.0,45.75,1147
E02003582,8.0,4.0,19.75,49.91,0.86,0.29,97.38,1.47,LargeFringeMetro,0,1,0,0,0,0,South East,2,Isle of Wight 002,40.0,1,157.0,62.800000000000004,1090
E02003586,4.0,8.0,29.09,45.92,1.18,0.29,97.1,1.43,LargeFringeMetro,0,1,0,0,0,0,South East,5,Isle of Wight 006,28.0,1,165.0,46.2,1152
E02003598,3.0,7.0,21.49,52.58,0.7,0.23,97.41,1.65,SmallMetro,0,0,0,1,0,0,South East,,Isle of Wight 018,46.0,1,121.0,55.660000000000004,620
E02003591,6.0,7.0,17.9,48.66,1.26,0.35,97.12,1.26,LargeFringeMetro,0,1,0,0,0,0,South East,4,Isle of Wight 011,45.0,1,257.0,115.65,1527
E02005490,5.0,5.0,44.64,46.44,1.24,0.48,96.33,1.95,LargeCentralMetro,1,0,0,0,0,0,East Midlands,10,South Kesteven 015,20.0,1,56.0,11.200000000000001,450
E02005423,4.0,5.0,31.46,49.9,0.89,0.4,97.0,1.71,SmallMetro,0,0,0,1,0,0,East Midlands,10,Boston 007,8.0,1,89.0,7.12,503
E02005471,5.0,4.0,26.11,49.46,1.73,0.67,95.23,2.37,LargeCentralMetro,1,0,0,0,0,0,East Midlands,10,South Holland 007,19.0,1,157.0,29.830000000000002,1019
E02005502,6.0,6.0,40.43,51.87,1.2,0.26,97.08,1.46,MediumMetro,0,0,1,0,0,0,East Midlands,,West Lindsey 011,21.0,1,47.0,9.87,214
E02005494,4.0,6.0,23.27,51.98,0.73,0.15,97.66,1.46,Micropolitan,0,0,0,0,1,0,East Midlands,10,West Lindsey 003,33.0,1,159.0,52.470000000000006,958
E02006867,8.0,6.0,20.64,52.62,1.47,0.48,96.18,1.86,LargeCentralMetro,1,0,0,0,0,0,East Midlands,10,North Kesteven 014,31.85,2,407.0,129.63,2216
E02005499,7.0,5.0,13.19,48.21,0.67,0.3,97.68,1.35,MediumMetro,0,0,1,0,0,0,East Midlands,10,West Lindsey 008,56.0,1,235.0,131.60000000000002,1450
E02005449,5.0,5.0,18.26,48.79,5.27,2.1,89.35,3.28,LargeCentralMetro,1,0,0,0,0,0,East Midlands,4,Lincoln 008,46.29,3,493.0,228.2,3210
E02005462,4.0,7.0,22.97,49.65,1.23,0.44,96.23,2.1,LargeFringeMetro,0,1,0,0,0,0,East Midlands,10,North Kesteven 010,31.0,1,357.0,110.67,2147
E02005486,6.0,6.0,19.16,51.94,2.19,0.84,95.37,1.61,LargeCentralMetro,1,0,0,0,0,0,East Midlands,10,South Kesteven 011,30.0,1,214.0,64.2,1342
E02005467,5.0,4.0,24.86,49.42,1.05,0.36,97.32,1.27,SmallMetro,0,0,0,1,0,0,East Midlands,10,South Holland 003,28.0,1,173.0,48.440000000000005,1299
E02005436,4.0,7.0,25.53,45.96,0.55,0.17,98.08,1.2,SmallMetro,0,0,0,1,0,0,East Midlands,10,East Lindsey 013,20.0,1,94.0,18.8,544
E02005444,6.0,7.0,25.4,23.12,2.88,1.54,92.31,3.27,LargeCentralMetro,1,0,0,0,0,0,East Midlands,2,Lincoln 003,38.0,1,63.0,23.94,186
E02005489,8.0,5.0,17.84,52.59,1.47,0.41,96.4,1.71,LargeCentralMetro,1,0,0,0,0,0,East Midlands,9,South Kesteven 014,30.0,1,241.0,72.3,1449
E02005439,6.0,5.0,30.77,54.51,0.82,0.34,97.15,1.69,SmallMetro,0,0,0,1,0,0,East Midlands,10,East Lindsey 016,18.0,1,78.0,14.04,466
E02005479,8.0,7.0,37.5,39.04,3.78,1.03,92.92,2.26,LargeFringeMetro,0,1,0,0,0,0,East Midlands,10,South Kesteven 004,13.0,1,40.0,5.2,251
E02005425,6.0,7.0,28.57,54.64,0.71,0.14,97.94,1.21,SmallMetro,0,0,0,1,0,0,East Midlands,10,East Lindsey 002,19.0,1,63.0,11.97,366
E02005481,4.0,7.0,24.07,99.86,2.74,1.0,93.56,2.7,LargeFringeMetro,0,1,0,0,0,0,East Midlands,9,South Kesteven 006,44.0,1,108.0,47.52,699
E02005427,4.0,8.0,33.92,47.96,1.04,0.2,97.17,1.58,LargeCentralMetro,1,0,0,0,0,0,East Midlands,,East Lindsey 004,18.0,1,171.0,30.779999999999998,786
E02005431,3.0,7.0,37.23,45.99,0.49,0.23,98.01,1.28,SmallMetro,0,0,0,1,0,0,East Midlands,10,East Lindsey 008,16.0,1,94.0,15.040000000000001,598
E02005492,6.0,4.0,35.59,52.62,1.0,0.28,97.89,0.83,MediumMetro,0,0,1,0,0,0,East Midlands,10,West Lindsey 001,29.0,1,59.0,17.11,363
E02005434,5.0,8.0,33.33,49.4,0.94,0.13,97.96,0.97,SmallMetro,0,0,0,1,0,0,East Midlands,9,East Lindsey 011,22.0,1,102.0,22.44,583
E02006864,7.0,3.0,29.63,50.95,5.5,0.99,91.14,2.36,LargeFringeMetro,0,1,0,0,0,0,East Midlands,8,Boston 008,20.0,1,189.0,37.800000000000004,1058
E02005441,5.0,5.0,28.77,54.12,0.68,0.2,98.04,1.07,Noncore,0,0,0,0,0,1,East Midlands,10,East Lindsey 018,29.0,1,73.0,21.169999999999998,279
E02005445,2.0,8.0,26.13,52.38,4.35,2.0,89.13,4.53,LargeCentralMetro,1,0,0,0,0,0,East Midlands,6,Lincoln 004,26.0,1,199.0,51.74,1220
E02005456,7.0,6.0,14.65,50.17,0.96,0.29,97.27,1.48,MediumMetro,0,0,1,0,0,0,East Midlands,10,North Kesteven 004,38.0,1,198.0,75.24,1144
E02005458,7.0,4.0,18.52,47.19,0.86,0.15,98.01,0.98,Micropolitan,0,0,0,0,1,0,East Midlands,9,North Kesteven 006,35.0,1,108.0,37.8,835
E02005478,5.0,7.0,22.12,40.4,3.49,0.77,93.67,2.07,LargeFringeMetro,0,1,0,0,0,0,East Midlands,9,South Kesteven 003,30.0,1,208.0,62.4,1339
E02005435,3.0,9.0,47.47,52.07,1.16,0.11,97.6,1.13,LargeFringeMetro,0,1,0,0,0,0,East Midlands,9,East Lindsey 012,20.0,1,158.0,31.6,893
E02005587,3.0,8.0,42.35,43.26,2.05,1.61,92.93,3.41,LargeCentralMetro,1,0,0,0,0,0,East of England,8,Norwich 004,38.0,1,85.0,32.3,608
E02007054,6.0,6.0,24.48,49.77,5.39,2.93,88.2,3.49,LargeCentralMetro,1,0,0,0,0,0,East of England,7,South Norfolk 016,45.0,1,143.0,64.35000000000001,1075
E02005559,5.0,9.0,26.19,47.83,2.79,0.54,93.68,2.99,LargeFringeMetro,0,1,0,0,0,0,East of England,2,King's Lynn and West Norfolk 009,28.0,1,126.0,35.28,782
E02005505,5.0,8.0,21.58,48.78,1.42,0.46,96.73,1.38,LargeCentralMetro,1,0,0,0,0,0,East of England,9,Breckland 003,34.0,1,190.0,64.60000000000001,1103
E02005547,5.0,8.0,31.9,50.78,4.24,0.76,92.87,2.13,LargeFringeMetro,0,1,0,0,0,0,East of England,10,Great Yarmouth 010,27.0,1,163.0,44.010000000000005,898
E02005558,5.0,6.0,16.81,48.26,0.45,0.19,98.55,0.82,Noncore,0,0,0,0,0,1,East of England,10,King's Lynn and West Norfolk 008,27.0,1,119.0,32.13,632
E02007053,2.0,9.0,16.38,56.33,7.88,2.68,83.47,5.97,LargeCentralMetro,1,0,0,0,0,0,East of England,3,Norwich 017,57.23,2,348.0,199.15,2393
E02005596,2.0,9.0,34.35,36.3,4.11,1.92,90.14,3.83,LargeCentralMetro,1,0,0,0,0,0,East of England,8,Norwich 013,31.37,2,131.0,41.099999999999994,562
E02005586,5.0,7.0,32.95,48.02,3.18,2.13,90.54,4.15,LargeCentralMetro,1,0,0,0,0,0,East of England,6,Norwich 003,27.0,1,88.0,23.76,481
E02005541,2.0,10.0,62.6,52.3,1.73,1.25,94.34,2.68,LargeFringeMetro,0,1,0,0,0,0,East of England,,Great Yarmouth 004,37.0,1,123.0,45.51,740
E02005511,7.0,6.0,19.15,50.66,0.87,0.5,96.98,1.65,LargeFringeMetro,0,1,0,0,0,0,East of England,9,Breckland 009,37.0,1,94.0,34.78,533
E02005513,7.0,6.0,13.56,51.68,1.45,0.6,95.94,2.01,LargeCentralMetro,1,0,0,0,0,0,East of England,10,Breckland 011,39.0,1,118.0,46.02,776
E02005525,8.0,6.0,11.96,48.15,1.77,0.77,95.61,1.85,LargeCentralMetro,1,0,0,0,0,0,East of England,9,Broadland 006,38.0,1,209.0,79.42,1186
E02005572,5.0,8.0,16.22,48.55,0.85,0.29,97.5,1.37,SmallMetro,0,0,0,1,0,0,East of England,10,North Norfolk 003,34.0,1,111.0,37.74,587
E02005537,6.0,4.0,25.0,47.64,0.75,0.23,97.78,1.24,MediumMetro,0,0,1,0,0,0,East of England,10,Broadland 018,46.0,1,92.0,42.32,466
E02005509,4.0,9.0,28.89,45.85,1.26,0.33,96.62,1.79,SmallMetro,0,0,0,1,0,0,East of England,10,Breckland 007,28.0,1,90.0,25.200000000000003,626
E02005580,6.0,7.0,25.0,48.14,0.81,0.16,97.89,1.14,SmallMetro,0,0,0,1,0,0,East of England,4,North Norfolk 011,24.0,1,96.0,23.04,781
E02005530,7.0,7.0,23.4,47.14,2.46,1.05,94.05,2.44,LargeCentralMetro,1,0,0,0,0,0,East of England,9,Broadland 011,39.0,1,235.0,91.65,1536
E02005604,6.0,3.0,14.06,49.1,0.83,0.25,97.28,1.65,MediumMetro,0,0,1,0,0,0,East of England,9,South Norfolk 008,38.0,1,128.0,48.64,666
E02005599,8.0,5.0,16.33,49.86,2.72,1.32,93.04,2.92,MediumMetro,0,0,1,0,0,0,East of England,6,South Norfolk 003,62.0,1,98.0,60.76,728
E02005540,4.0,7.0,24.19,51.27,0.91,0.26,97.66,1.17,SmallMetro,0,0,0,1,0,0,East of England,10,Great Yarmouth 003,29.0,1,124.0,35.96,669
E02005582,6.0,9.0,17.33,51.45,0.38,0.19,98.21,1.22,SmallMetro,0,0,0,1,0,0,East of England,8,North Norfolk 013,33.0,1,75.0,24.75,344
E02005563,4.0,8.0,31.41,48.27,1.0,0.29,97.56,1.15,Noncore,0,0,0,0,0,1,East of England,9,King's Lynn and West Norfolk 013,34.0,1,156.0,53.040000000000006,779
E02005551,4.0,9.0,24.1,46.41,0.82,0.19,97.4,1.59,SmallMetro,0,0,0,1,0,0,East of England,,King's Lynn and West Norfolk 001,29.0,1,83.0,24.069999999999997,571
E02005607,6.0,4.0,13.04,48.72,0.74,0.34,97.91,1.01,MediumMetro,0,0,1,0,0,0,East of England,,South Norfolk 011,42.0,1,115.0,48.3,587
E02005521,7.0,2.0,17.31,48.25,0.51,0.17,97.97,1.35,Micropolitan,0,0,0,0,1,0,East of England,9,Broadland 002,39.0,1,156.0,60.84,1055
E02005520,6.0,4.0,21.43,51.92,0.53,0.26,97.94,1.28,Micropolitan,0,0,0,0,1,0,East of England,10,Broadland 001,51.0,1,210.0,107.10000000000001,1065
E02005603,7.0,5.0,13.89,49.07,1.67,0.89,95.37,2.08,LargeCentralMetro,1,0,0,0,0,0,East of England,4,South Norfolk 007,53.0,1,252.0,133.56,1555
E02005595,7.0,5.0,20.1,49.03,5.7,1.42,88.98,3.9,LargeCentralMetro,1,0,0,0,0,0,East of England,10,Norwich 012,48.0,1,199.0,95.52,1597
E02005560,4.0,8.0,18.11,52.87,12.17,2.14,82.05,3.64,LargeFringeMetro,0,1,0,0,0,0,East of England,9,King's Lynn and West Norfolk 010,37.0,1,265.0,98.05,1710
E02005534,8.0,5.0,12.68,49.21,0.96,0.57,96.46,2.01,LargeCentralMetro,1,0,0,0,0,0,East of England,9,Broadland 015,49.0,1,284.0,139.16,1829
E02005611,6.0,4.0,20.13,47.25,1.78,0.77,95.55,1.89,LargeFringeMetro,0,1,0,0,0,0,East of England,7,South Norfolk 015,44.0,1,154.0,67.76,963
E02005600,8.0,4.0,7.65,49.62,1.33,2.29,94.48,1.9,Micropolitan,0,0,0,0,1,0,East of England,9,South Norfolk 004,65.0,1,170.0,110.5,1302
E02005570,6.0,5.0,23.68,50.28,0.78,0.13,98.17,0.93,SmallMetro,0,0,0,1,0,0,East of England,5,North Norfolk 001,54.0,1,114.0,61.56,712
E02005545,8.0,7.0,20.9,50.05,0.96,0.31,97.76,0.97,LargeFringeMetro,0,1,0,0,0,0,East of England,10,Great Yarmouth 008,38.0,1,201.0,76.38,1045
E02005593,3.0,7.0,53.04,50.09,11.37,4.35,77.06,7.22,LargeCentralMetro,1,0,0,0,0,0,East of England,10,Norwich 010,20.0,1,115.0,23.0,571
E02005548,2.0,9.0,42.14,52.08,5.1,0.69,92.19,2.02,LargeFringeMetro,0,1,0,0,0,0,East of England,10,Great Yarmouth 011,45.0,1,159.0,71.55,866
E02005518,8.0,5.0,24.86,48.82,1.55,0.74,93.89,3.82,LargeFringeMetro,0,1,0,0,0,0,East of England,7,Breckland 016,33.0,1,181.0,59.730000000000004,1147
E02005569,6.0,7.0,27.37,48.38,0.82,0.9,94.22,4.05,Noncore,0,0,0,0,0,1,East of England,10,King's Lynn and West Norfolk 019,38.0,1,95.0,36.1,616
E02005655,7.0,8.0,27.42,46.23,7.41,5.06,83.09,4.45,LargeCentralMetro,1,0,0,0,0,0,East Midlands,2,West Northamptonshire 012,30.0,1,248.0,74.39999999999999,1339
E02005624,7.0,6.0,31.5,51.74,2.96,1.46,92.9,2.68,LargeCentralMetro,1,0,0,0,0,0,East Midlands,2,West Northamptonshire 010,24.0,1,127.0,30.48,920
E02005681,8.0,6.0,18.01,50.7,0.7,0.35,97.29,1.66,MediumMetro,0,0,1,0,0,0,East Midlands,10,West Northamptonshire 040,46.0,1,211.0,97.06,1221
E02005651,7.0,8.0,20.11,85.31,5.02,3.21,88.83,2.94,LargeCentralMetro,1,0,0,0,0,0,East Midlands,3,West Northamptonshire 007,43.15,2,353.0,152.31,2389
E02005674,5.0,9.0,14.88,0.0,14.26,11.22,67.8,6.72,LargeCentralMetro,1,0,0,0,0,0,East Midlands,3,West Northamptonshire 034,72.0,1,215.0,154.79999999999998,1630
E02005656,2.0,8.0,36.68,48.37,9.07,14.53,69.41,6.99,LargeCentralMetro,1,0,0,0,0,0,East Midlands,2,West Northamptonshire 014,47.0,1,229.0,107.63,1445
E02006863,7.0,6.0,18.08,48.47,5.39,8.71,82.15,3.75,LargeFringeMetro,0,1,0,0,0,0,East Midlands,6,North Northamptonshire 008,69.0,1,177.0,122.13,1176
E02005616,4.0,9.0,12.16,42.55,1.4,1.57,94.01,3.02,LargeFringeMetro,0,1,0,0,0,0,East Midlands,7,North Northamptonshire 005,46.0,1,74.0,34.04,564
E02005684,9.0,5.0,9.13,49.06,0.9,0.59,96.88,1.63,LargeCentralMetro,1,0,0,0,0,0,East Midlands,5,West Northamptonshire 045,53.0,1,208.0,110.24000000000001,1388
E02005676,5.0,7.0,23.79,49.69,5.9,6.54,82.17,5.39,LargeCentralMetro,1,0,0,0,0,0,East Midlands,4,West Northamptonshire 038,39.0,1,227.0,88.53,1308
E02005615,4.0,9.0,32.57,49.26,1.09,1.25,95.71,1.96,LargeFringeMetro,0,1,0,0,0,0,East Midlands,7,North Northamptonshire 004,21.2,2,304.0,64.46000000000001,2030
E02005687,10.0,4.0,15.83,16.45,0.75,0.39,97.32,1.54,MediumMetro,0,0,1,0,0,0,East Midlands,10,West Northamptonshire 049,20.0,1,120.0,24.0,456
E02005698,5.0,9.0,27.81,50.09,6.49,7.85,80.86,4.8,LargeCentralMetro,1,0,0,0,0,0,East Midlands,3,North Northamptonshire 033,32.0,1,169.0,54.08,1140
E02005699,4.0,8.0,28.04,49.86,4.64,5.96,84.74,4.66,LargeCentralMetro,1,0,0,0,0,0,East Midlands,5,North Northamptonshire 036,29.0,1,189.0,54.809999999999995,1079
E02005630,8.0,3.0,16.23,49.43,1.77,1.03,94.48,2.72,MediumMetro,0,0,1,0,0,0,East Midlands,6,North Northamptonshire 010,52.0,1,191.0,99.32000000000001,1056
E02005623,8.0,5.0,21.66,48.09,3.25,2.33,90.86,3.56,LargeCentralMetro,1,0,0,0,0,0,East Midlands,6,West Northamptonshire 003,46.0,1,217.0,99.82000000000001,1335
E02005622,10.0,3.0,10.36,51.09,1.16,0.85,96.06,1.93,Micropolitan,0,0,0,0,1,0,East Midlands,8,West Northamptonshire 005,62.0,1,222.0,137.64,1370
E02005648,9.0,7.0,15.34,46.39,4.66,2.33,90.03,2.98,LargeFringeMetro,0,1,0,0,0,0,East Midlands,5,North Northamptonshire 021,51.0,1,189.0,96.39,1080
E02005650,6.0,6.0,26.13,47.78,6.37,5.68,82.88,5.06,LargeCentralMetro,1,0,0,0,0,0,East Midlands,6,West Northamptonshire 006,27.0,1,199.0,53.730000000000004,1331
E02005686,8.0,5.0,9.74,56.18,0.74,0.42,97.13,1.71,SmallMetro,0,0,0,1,0,0,East Midlands,10,West Northamptonshire 048,45.0,1,154.0,69.3,1036
E02005635,7.0,8.0,16.07,52.12,1.6,1.41,94.69,2.31,LargeCentralMetro,1,0,0,0,0,0,East Midlands,9,North Northamptonshire 035,39.0,1,168.0,65.52,1038
E02005647,4.0,10.0,12.5,70.18,4.75,3.16,88.54,3.55,LargeFringeMetro,0,1,0,0,0,0,East Midlands,3,North Northamptonshire 022,66.37,2,368.0,244.24,2542
E02005633,7.0,8.0,18.75,47.48,1.08,1.76,95.28,1.87,LargeCentralMetro,1,0,0,0,0,0,East Midlands,5,North Northamptonshire 025,41.0,1,128.0,52.48,914
E02005693,5.0,8.0,20.9,49.35,11.01,8.86,74.91,5.22,LargeCentralMetro,1,0,0,0,0,0,East Midlands,3,North Northamptonshire 028,55.0,1,201.0,110.55000000000001,1228
E02005614,6.0,7.0,22.99,49.81,2.28,4.82,89.97,2.93,LargeFringeMetro,0,1,0,0,0,0,East Midlands,5,North Northamptonshire 006,31.0,1,187.0,57.97,1076
E02005643,2.0,9.0,26.88,41.55,3.5,3.49,89.46,3.56,LargeFringeMetro,0,1,0,0,0,0,East Midlands,3,North Northamptonshire 016,39.0,1,186.0,72.54,1107
E02005664,6.0,10.0,28.21,48.51,7.15,6.36,80.37,6.12,LargeCentralMetro,1,0,0,0,0,0,East Midlands,4,West Northamptonshire 025,30.0,1,234.0,70.2,1307
E02005733,8.0,6.0,18.6,53.24,0.4,0.12,98.6,0.88,SmallMetro,0,0,0,1,0,0,North East,10,Northumberland 040,20.0,1,86.0,17.2,355
E02005730,7.0,7.0,17.12,51.78,0.92,0.13,97.75,1.21,LargeCentralMetro,1,0,0,0,0,0,North East,10,Northumberland 035,59.0,1,292.0,172.28,1290
E02005706,4.0,7.0,28.46,46.9,0.96,0.21,97.6,1.24,LargeFringeMetro,0,1,0,0,0,0,North East,4,Northumberland 001,21.0,1,130.0,27.3,484
E02005712,4.0,8.0,38.51,50.89,1.46,0.58,96.66,1.3,LargeCentralMetro,1,0,0,0,0,0,North East,9,Northumberland 025,48.0,1,148.0,71.03999999999999,784
E02005718,7.0,9.0,17.86,49.53,0.59,0.18,98.34,0.89,LargeCentralMetro,1,0,0,0,0,0,North East,10,Northumberland 031,56.0,1,336.0,188.16000000000003,2009
E02005704,5.0,8.0,32.1,51.09,0.46,0.09,98.87,0.59,SmallMetro,0,0,0,1,0,0,North East,6,Northumberland 006,38.0,1,81.0,30.78,734
E02005721,7.0,9.0,13.21,49.44,0.68,0.04,98.42,0.86,LargeCentralMetro,1,0,0,0,0,0,North East,3,Northumberland 011,60.0,1,318.0,190.79999999999998,1438
E02005741,5.0,8.0,25.77,50.84,0.79,0.07,98.15,0.99,LargeCentralMetro,1,0,0,0,0,0,North East,8,Northumberland 021,38.0,1,194.0,73.72,1068
E02005719,4.0,9.0,21.74,50.09,0.48,0.27,98.2,1.05,MediumMetro,0,0,1,0,0,0,North East,4,Northumberland 032,43.0,1,115.0,49.449999999999996,527
E02005736,3.0,10.0,45.14,48.73,2.01,0.21,96.43,1.35,LargeCentralMetro,1,0,0,0,0,0,North East,6,Northumberland 013,19.0,1,144.0,27.36,909
E02005926,7.0,7.0,18.06,50.25,5.24,1.42,89.81,3.53,LargeFringeMetro,0,1,0,0,0,0,South East,7,Cherwell 006,44.27,3,310.0,137.24,1783
E02005975,9.0,4.0,8.62,50.67,1.6,0.75,95.16,2.49,MediumMetro,0,0,1,0,0,0,South East,6,South Oxfordshire 018,58.0,1,116.0,67.28,594
E02005992,8.0,5.0,16.96,27.57,4.28,1.11,91.43,3.18,LargeCentralMetro,1,0,0,0,0,0,South East,10,Vale of White Horse 015,31.0,2,112.0,34.72,682
E02005928,7.0,4.0,7.56,47.69,3.16,1.16,92.59,3.09,Noncore,0,0,0,0,0,1,South East,10,Cherwell 008,40.0,1,225.0,90.0,1319
E02006004,8.0,4.0,9.18,51.3,1.12,0.67,96.36,1.85,SmallMetro,0,0,0,1,0,0,South East,9,West Oxfordshire 012,53.0,1,196.0,103.88000000000001,1382
E02006003,7.0,3.0,9.27,51.29,1.77,0.62,94.96,2.65,MediumMetro,0,0,1,0,0,0,South East,7,West Oxfordshire 011,57.0,1,205.0,116.85,1279
E02005983,6.0,7.0,18.13,50.16,5.22,2.05,88.49,4.24,LargeCentralMetro,1,0,0,0,0,0,South East,10,Vale of White Horse 006,41.0,1,171.0,70.11,957
E02005991,8.0,5.0,12.19,47.32,2.08,1.2,94.26,2.45,LargeFringeMetro,0,1,0,0,0,0,South East,10,Vale of White Horse 014,48.0,1,279.0,133.92,1697
E02005960,8.0,6.0,11.78,49.37,1.62,0.84,94.3,3.24,LargeCentralMetro,1,0,0,0,0,0,South East,10,South Oxfordshire 003,49.0,1,314.0,153.85999999999999,2129
E02005922,6.0,4.0,33.97,49.22,4.58,2.2,89.21,4.01,LargeFringeMetro,0,1,0,0,0,0,South East,6,Cherwell 002,46.0,1,156.0,71.76,967
E02005993,7.0,8.0,11.18,50.41,2.98,0.58,94.44,2.0,SmallMetro,0,0,0,1,0,0,South East,7,West Oxfordshire 001,54.0,1,161.0,86.94000000000001,964
E02005934,6.0,7.0,15.52,49.06,4.64,1.76,89.2,4.39,LargeCentralMetro,1,0,0,0,0,0,South East,8,Cherwell 014,35.0,1,116.0,40.599999999999994,1007
E02005933,8.0,7.0,12.09,53.44,5.05,1.85,88.98,4.12,LargeCentralMetro,1,0,0,0,0,0,South East,8,Cherwell 013,45.0,1,215.0,96.75,1293
E02006005,8.0,6.0,14.02,43.45,1.76,1.06,94.47,2.71,LargeFringeMetro,0,1,0,0,0,0,South East,4,West Oxfordshire 013,33.0,1,107.0,35.31,580
E02006002,6.0,6.0,15.77,50.4,2.67,0.78,93.4,3.15,LargeFringeMetro,0,1,0,0,0,0,South East,4,West Oxfordshire 010,39.0,1,222.0,86.58,1131
E02005974,9.0,2.0,8.12,52.63,2.58,0.65,92.67,4.1,LargeCentralMetro,1,0,0,0,0,0,South East,6,South Oxfordshire 017,62.0,1,160.0,99.2,857
E02005939,7.0,6.0,13.93,48.35,5.66,1.61,88.04,4.69,LargeCentralMetro,1,0,0,0,0,0,South East,10,Cherwell 019,34.0,1,122.0,41.480000000000004,881
E02005959,8.0,4.0,26.19,49.44,3.41,1.27,90.78,4.53,Micropolitan,0,0,0,0,1,0,South East,6,South Oxfordshire 002,56.0,1,168.0,94.08000000000001,1076
E02005942,10.0,2.0,19.92,47.98,10.69,1.52,80.28,7.51,LargeCentralMetro,1,0,0,0,0,0,South East,1,Oxford 003,64.0,1,266.0,170.24,2001
E02005949,4.0,6.0,25.79,48.99,21.64,6.07,62.53,9.75,LargeCentralMetro,1,0,0,0,0,0,South East,1,Oxford 010,43.0,1,221.0,95.03,1480
E02005978,8.0,2.0,10.73,48.08,6.91,1.65,86.19,5.25,LargeCentralMetro,1,0,0,0,0,0,South East,8,Vale of White Horse 001,69.0,1,177.0,122.13,1169
E02005971,6.0,8.0,10.85,0.0,3.03,0.86,93.82,2.28,LargeCentralMetro,1,0,0,0,0,0,South East,8,South Oxfordshire 014,53.0,1,129.0,68.37,853
E02005967,6.0,7.0,12.5,100.0,6.71,2.54,86.77,3.98,LargeCentralMetro,1,0,0,0,0,0,South East,8,South Oxfordshire 010,64.0,1,216.0,138.24,1422
E02005969,8.0,7.0,10.26,50.24,1.87,0.56,95.38,2.2,MediumMetro,0,0,1,0,0,0,South East,10,South Oxfordshire 012,62.0,1,195.0,120.9,1242
E02006886,8.0,3.0,12.0,48.3,1.54,1.28,94.28,2.9,MediumMetro,0,0,1,0,0,0,South East,10,Vale of White Horse 016,51.0,1,175.0,89.25,1232
E02005996,9.0,2.0,13.69,48.57,1.94,0.62,94.65,2.8,MediumMetro,0,0,1,0,0,0,South East,10,West Oxfordshire 004,45.0,1,168.0,75.60000000000001,1015
E02007116,4.0,4.0,34.39,51.7,24.52,4.47,61.62,9.39,LargeCentralMetro,1,0,0,0,0,0,South East,1,Oxford 019,41.0,1,157.0,64.36999999999999,1209
E02006060,5.0,8.0,15.14,52.92,1.57,0.65,95.77,2.01,LargeFringeMetro,0,1,0,0,0,0,South West,8,Mendip 014,45.0,1,185.0,83.25,1026
E02006101,6.0,3.0,14.67,50.33,0.42,0.16,98.05,1.37,SmallMetro,0,0,0,1,0,0,South West,7,Somerset West and Taunton 013,36.0,1,184.0,66.24,910
E02006054,6.0,5.0,15.18,49.93,1.45,0.2,96.36,1.98,LargeFringeMetro,0,1,0,0,0,0,South West,4,Mendip 008,47.0,1,257.0,120.78999999999999,1514
E02006052,8.0,5.0,14.12,46.05,0.83,0.3,97.04,1.83,SmallMetro,0,0,0,1,0,0,South West,6,Mendip 006,29.0,1,85.0,24.65,506
E02006075,8.0,4.0,12.68,51.32,0.94,0.67,96.91,1.48,Noncore,0,0,0,0,0,1,South West,10,South Somerset 001,48.0,1,71.0,34.08,604
E02006067,8.0,4.0,18.46,0.0,0.11,0.31,98.4,1.18,Noncore,0,0,0,0,0,1,South West,9,Sedgemoor 007,12.0,1,65.0,7.8,317
E02006110,5.0,8.0,18.31,50.9,1.79,0.91,95.73,1.57,LargeFringeMetro,0,1,0,0,0,0,South West,4,Somerset West and Taunton 018,33.0,1,142.0,46.86,776
E02006112,9.0,6.0,24.16,49.95,1.82,0.34,96.25,1.59,LargeFringeMetro,0,1,0,0,0,0,South West,2,Somerset West and Taunton 019,39.0,1,178.0,69.42,953
E02006087,4.0,9.0,19.05,53.51,1.86,0.91,95.31,1.91,LargeFringeMetro,0,1,0,0,0,0,South West,5,South Somerset 013,40.0,1,147.0,58.800000000000004,826
E02006076,8.0,5.0,17.5,49.12,0.5,0.21,98.12,1.18,SmallMetro,0,0,0,1,0,0,South West,9,South Somerset 002,33.0,1,120.0,39.6,570
E02006057,4.0,8.0,19.1,43.29,1.35,0.39,96.13,2.13,SmallMetro,0,0,0,1,0,0,South West,10,Mendip 011,32.0,1,89.0,28.48,328
E02006097,4.0,9.0,24.07,48.82,0.91,1.15,95.21,2.72,LargeFringeMetro,0,1,0,0,0,0,South West,5,South Somerset 023,40.0,1,216.0,86.4,1276
E02006114,4.0,6.0,23.74,51.76,0.41,0.11,98.15,1.33,LargeFringeMetro,0,1,0,0,0,0,South West,9,Somerset West and Taunton 002,40.0,1,198.0,79.2,709
E02006073,1.0,10.0,34.93,52.88,2.07,0.46,94.74,2.73,LargeCentralMetro,1,0,0,0,0,0,South West,3,Sedgemoor 013,34.0,1,146.0,49.64,800
E02006071,8.0,7.0,16.19,52.02,1.02,0.24,97.25,1.48,LargeCentralMetro,1,0,0,0,0,0,South West,7,Sedgemoor 011,42.0,1,210.0,88.2,1063
E02006109,8.0,4.0,9.05,48.57,4.32,0.85,93.0,1.83,LargeFringeMetro,0,1,0,0,0,0,South West,3,Somerset West and Taunton 016,57.0,1,232.0,132.23999999999998,1188
E02006091,6.0,5.0,17.86,48.04,0.3,0.13,98.33,1.23,Noncore,0,0,0,0,0,1,South West,10,South Somerset 017,39.0,1,112.0,43.68,612
E02006090,6.0,9.0,12.57,47.69,1.79,0.51,95.8,1.89,LargeFringeMetro,0,1,0,0,0,0,South West,7,South Somerset 016,51.0,1,191.0,97.41,952
E02006095,6.0,6.0,19.86,54.19,0.63,0.25,97.75,1.36,SmallMetro,0,0,0,1,0,0,South West,6,South Somerset 021,47.0,1,141.0,66.27,465
E02006061,7.0,5.0,8.46,50.56,0.97,0.26,97.15,1.62,MediumMetro,0,0,1,0,0,0,South West,8,Sedgemoor 001,50.0,1,260.0,130.0,1076
E02006300,3.0,9.0,22.07,51.58,1.5,1.11,94.94,2.46,LargeCentralMetro,1,0,0,0,0,0,East of England,8,East Suffolk 029,32.0,1,213.0,68.16,1140
E02006234,6.0,8.0,16.14,50.76,0.89,0.46,97.11,1.54,LargeFringeMetro,0,1,0,0,0,0,East of England,10,Babergh 008,48.0,1,223.0,107.03999999999999,1513
E02006303,2.0,10.0,38.58,49.94,0.76,0.44,97.53,1.27,LargeFringeMetro,0,1,0,0,0,0,East of England,5,East Suffolk 002,33.45,2,337.0,112.72,1810
E02006256,3.0,8.0,32.8,50.15,3.43,5.86,82.4,8.32,LargeCentralMetro,1,0,0,0,0,0,East of England,6,Ipswich 012,18.0,1,125.0,22.5,678
E02006288,7.0,2.0,9.94,51.65,1.17,0.28,96.86,1.69,SmallMetro,0,0,0,1,0,0,East of England,6,East Suffolk 017,50.0,1,161.0,80.5,1123
E02006826,6.0,5.0,25.34,46.83,5.98,1.47,88.03,4.52,LargeCentralMetro,1,0,0,0,0,0,East of England,5,West Suffolk 015,32.0,1,146.0,46.72,694
E02006278,6.0,8.0,20.5,51.96,3.14,2.04,89.75,5.07,LargeFringeMetro,0,1,0,0,0,0,East of England,3,West Suffolk 011,48.55,2,478.0,232.07999999999998,2550
E02006282,6.0,5.0,17.14,48.6,0.57,0.12,98.18,1.13,Noncore,0,0,0,0,0,1,East of England,8,West Suffolk 017,38.0,1,105.0,39.9,570
E02006306,4.0,8.0,48.51,47.24,0.73,0.69,96.94,1.65,LargeFringeMetro,0,1,0,0,0,0,East of England,3,East Suffolk 005,38.0,1,101.0,38.38,633
E02006284,6.0,7.0,33.62,49.75,3.1,0.87,93.42,2.61,LargeFringeMetro,0,1,0,0,0,0,East of England,4,West Suffolk 019,24.0,1,116.0,27.84,611
E02006245,4.0,8.0,26.47,46.45,2.78,2.72,87.25,7.25,LargeCentralMetro,1,0,0,0,0,0,East of England,10,Ipswich 001,29.0,1,68.0,19.72,437
E02006254,3.0,8.0,43.28,46.86,6.12,5.24,80.45,8.19,LargeCentralMetro,1,0,0,0,0,0,East of England,7,Ipswich 010,16.0,1,134.0,21.44,828
E02006233,5.0,9.0,37.61,54.28,1.7,0.5,95.22,2.58,LargeFringeMetro,0,1,0,0,0,0,East of England,8,Babergh 007,18.0,1,109.0,19.62,689
E02006238,6.0,8.0,9.3,51.21,1.11,1.25,94.33,3.3,SmallMetro,0,0,0,1,0,0,East of England,10,West Suffolk 002,28.0,1,86.0,24.080000000000002,496
E02006311,4.0,8.0,22.71,51.53,1.37,0.1,97.0,1.54,LargeFringeMetro,0,1,0,0,0,0,East of England,4,East Suffolk 010,44.94,2,295.0,132.58,1700
E02006230,8.0,4.0,22.56,47.86,1.08,1.15,95.8,1.97,MediumMetro,0,0,1,0,0,0,East of England,9,Babergh 004,34.0,1,133.0,45.220000000000006,723
E02006264,8.0,5.0,15.91,52.81,0.5,0.42,97.6,1.49,SmallMetro,0,0,0,1,0,0,East of England,7,Mid Suffolk 004,37.0,1,308.0,113.96,1674
E02006241,6.0,7.0,19.05,52.0,2.04,1.96,90.65,5.36,LargeFringeMetro,0,1,0,0,0,0,East of England,4,West Suffolk 004,30.0,1,168.0,50.4,1152
E02006274,8.0,6.0,27.5,48.5,0.99,0.92,96.23,1.86,SmallMetro,0,0,0,1,0,0,East of England,8,West Suffolk 006,30.0,1,40.0,12.0,266
E02006261,7.0,4.0,12.93,48.75,0.96,0.29,97.46,1.29,SmallMetro,0,0,0,1,0,0,East of England,8,Mid Suffolk 001,50.0,1,147.0,73.5,958
E02006276,9.0,7.0,23.81,44.83,1.69,0.6,95.01,2.71,Noncore,0,0,0,0,0,1,East of England,,West Suffolk 016,35.0,1,63.0,22.049999999999997,580
E02006290,5.0,5.0,32.35,49.24,1.43,0.3,96.55,1.73,SmallMetro,0,0,0,1,0,0,East of England,9,East Suffolk 019,25.0,1,68.0,17.0,394
E02006263,8.0,2.0,35.56,46.82,0.33,0.42,98.17,1.08,SmallMetro,0,0,0,1,0,0,East of England,8,Mid Suffolk 003,49.0,1,45.0,22.05,299
E02006314,5.0,6.0,21.39,50.46,2.05,0.26,96.31,1.38,SmallMetro,0,0,0,1,0,0,East of England,6,East Suffolk 013,38.0,1,173.0,65.74,878
E02006294,7.0,6.0,15.75,50.44,1.22,0.37,95.71,2.7,LargeCentralMetro,1,0,0,0,0,0,East of England,3,East Suffolk 022,56.0,1,292.0,163.52,1917
E02006248,7.0,7.0,19.27,50.51,6.59,2.04,85.5,5.87,LargeCentralMetro,1,0,0,0,0,0,East of England,7,Ipswich 004,48.0,1,218.0,104.64,1683
E02006252,7.0,8.0,17.71,47.04,8.56,2.98,81.56,6.9,LargeCentralMetro,1,0,0,0,0,0,East of England,7,Ipswich 008,49.0,1,288.0,141.12,1775
E02006247,3.0,7.0,25.13,49.05,3.6,3.11,86.6,6.68,LargeCentralMetro,1,0,0,0,0,0,East of England,8,Ipswich 003,42.0,1,195.0,81.89999999999999,1001
E02006236,8.0,3.0,11.7,48.65,0.66,0.24,97.46,1.64,MediumMetro,0,0,1,0,0,0,East of England,8,Babergh 010,41.0,1,188.0,77.08,929
E02006237,8.0,4.0,11.63,49.55,1.03,0.88,96.12,1.97,MediumMetro,0,0,1,0,0,0,East of England,10,Babergh 011,35.0,1,86.0,30.099999999999998,561
E02006295,8.0,5.0,11.23,50.43,2.55,1.05,93.52,2.87,LargeCentralMetro,1,0,0,0,0,0,East of England,10,East Suffolk 024,41.0,1,276.0,113.16,1840
E02006286,5.0,6.0,14.55,52.84,3.16,1.28,93.23,2.33,LargeFringeMetro,0,1,0,0,0,0,East of England,4,West Suffolk 020,35.0,1,213.0,74.55,1287
E02006267,7.0,3.0,12.78,51.11,0.44,0.41,97.59,1.56,MediumMetro,0,0,1,0,0,0,East of England,8,Mid Suffolk 007,71.0,1,133.0,94.42999999999999,675
E02006253,9.0,6.0,19.39,47.91,6.0,1.96,87.71,4.33,LargeCentralMetro,1,0,0,0,0,0,East of England,5,Ipswich 009,44.0,1,165.0,72.6,956
E02006258,3.0,8.0,39.47,51.72,7.28,4.14,80.82,7.76,LargeCentralMetro,1,0,0,0,0,0,East of England,5,Ipswich 014,36.0,1,152.0,54.72,787
E02006399,7.0,5.0,15.95,48.6,8.0,1.95,84.88,5.18,LargeCentralMetro,1,0,0,0,0,0,South East,9,Runnymede 007,58.03,3,351.0,203.70000000000002,2502
E02006355,4.0,7.0,37.5,51.75,19.07,4.11,69.36,7.46,LargeCentralMetro,1,0,0,0,0,0,South East,8,Guildford 012,29.0,1,80.0,23.2,315
E02006350,4.0,8.0,18.8,51.01,7.14,1.55,85.84,5.47,LargeCentralMetro,1,0,0,0,0,0,South East,10,Guildford 007,41.0,1,133.0,54.529999999999994,745
E02006433,9.0,2.0,20.27,51.93,1.79,0.9,94.54,2.77,LargeCentralMetro,1,0,0,0,0,0,South East,10,Tandridge 006,40.0,1,291.0,116.4,1816
E02006357,6.0,4.0,20.59,53.41,4.65,1.18,90.97,3.2,LargeCentralMetro,1,0,0,0,0,0,South East,10,Guildford 014,48.0,1,170.0,81.6,983
E02006405,7.0,3.0,25.0,45.94,15.26,2.89,75.49,6.37,LargeCentralMetro,1,0,0,0,0,0,South East,10,Spelthorne 003,29.0,1,136.0,39.44,727
E02006421,10.0,2.0,12.4,46.79,6.38,1.93,87.51,4.19,LargeCentralMetro,1,0,0,0,0,0,South East,5,Surrey Heath 006,69.0,1,121.0,83.49,842
E02006336,6.0,6.0,21.99,49.73,11.21,2.94,78.27,7.57,LargeCentralMetro,1,0,0,0,0,0,South East,5,Epsom and Ewell 002,39.0,1,141.0,54.99,943
E02006467,9.0,2.0,,51.28,7.7,1.18,86.63,4.48,LargeCentralMetro,1,0,0,0,0,0,South East,,Woking 012,,1,0.0,0.0,507
E02006358,8.0,5.0,14.37,49.86,15.38,2.4,74.43,7.79,LargeCentralMetro,1,0,0,0,0,0,South East,5,Guildford 015,63.0,1,160.0,100.8,1107
E02006326,8.0,2.0,19.63,50.0,7.62,1.78,83.55,7.05,LargeCentralMetro,1,0,0,0,0,0,South East,8,Elmbridge 010,32.0,1,163.0,52.160000000000004,918
E02006440,8.0,4.0,14.63,50.67,3.38,1.15,92.6,2.88,LargeCentralMetro,1,0,0,0,0,0,South East,,Waverley 002,37.0,1,164.0,60.68,892
E02006346,9.0,2.0,6.83,47.14,1.79,0.65,95.05,2.51,LargeCentralMetro,1,0,0,0,0,0,South East,10,Guildford 003,53.0,1,249.0,131.97,1572
E02006455,8.0,7.0,16.28,52.3,4.44,1.14,91.73,2.69,LargeCentralMetro,1,0,0,0,0,0,South East,10,Waverley 017,50.0,1,86.0,43.0,543
E02006447,8.0,4.0,9.03,47.31,2.43,0.81,94.37,2.39,LargeCentralMetro,1,0,0,0,0,0,South East,6,Waverley 009,74.0,1,277.0,204.98,1562
E02006429,7.0,3.0,18.1,49.4,7.06,4.82,80.84,7.28,LargeCentralMetro,1,0,0,0,0,0,South East,5,Tandridge 002,49.0,1,221.0,108.28999999999999,1411
E02006395,6.0,3.0,16.43,48.62,9.66,1.38,83.62,5.34,LargeCentralMetro,1,0,0,0,0,0,South East,8,Runnymede 003,46.0,1,213.0,97.98,1199
E02006449,8.0,4.0,10.56,47.55,1.55,0.29,95.3,2.86,LargeCentralMetro,1,0,0,0,0,0,South East,10,Waverley 011,51.0,1,180.0,91.8,879
E02006425,7.0,4.0,9.45,47.87,15.63,1.77,77.08,5.53,LargeCentralMetro,1,0,0,0,0,0,South East,2,Surrey Heath 010,54.0,1,254.0,137.16,1502
E02006409,4.0,4.0,19.61,48.22,10.0,1.65,83.42,4.93,LargeCentralMetro,1,0,0,0,0,0,South East,7,Spelthorne 007,39.0,1,153.0,59.67,674
E02006354,10.0,3.0,10.4,46.63,7.57,0.92,85.59,5.92,LargeCentralMetro,1,0,0,0,0,0,South East,10,Guildford 011,58.0,1,298.0,172.83999999999997,1973
E02006459,5.0,2.0,24.49,56.28,49.96,2.24,40.64,7.16,LargeCentralMetro,1,0,0,0,0,0,South East,10,Woking 004,25.0,1,147.0,36.75,613
E02006458,9.0,3.0,14.35,48.08,7.55,1.25,86.1,5.1,LargeCentralMetro,1,0,0,0,0,0,South East,10,Woking 003,60.0,1,237.0,142.2,1196
E02006391,7.0,3.0,16.58,49.17,6.33,2.5,86.74,4.42,LargeCentralMetro,1,0,0,0,0,0,South East,10,Reigate and Banstead 017,37.0,1,193.0,71.41,1088
E02006329,9.0,2.0,22.99,50.67,6.58,0.96,86.26,6.21,LargeCentralMetro,1,0,0,0,0,0,South East,10,Elmbridge 013,50.0,1,187.0,93.5,1117
E02006384,6.0,4.0,8.99,52.83,13.61,4.48,75.34,6.57,LargeCentralMetro,1,0,0,0,0,0,South East,8,Reigate and Banstead 010,66.0,1,267.0,176.22,1751
E02006413,7.0,5.0,8.14,50.0,6.54,1.61,86.41,5.44,LargeCentralMetro,1,0,0,0,0,0,South East,10,Spelthorne 011,54.0,1,172.0,92.88000000000001,1006
E02006419,5.0,6.0,16.22,49.36,11.17,1.67,82.11,5.04,LargeCentralMetro,1,0,0,0,0,0,South East,7,Surrey Heath 004,53.0,1,296.0,156.88,1720
E02006466,5.0,4.0,7.65,46.91,12.42,2.84,78.7,6.04,LargeCentralMetro,1,0,0,0,0,0,South East,7,Woking 011,81.0,1,196.0,158.76000000000002,1311
E02006341,7.0,4.0,11.85,23.19,10.26,2.68,79.84,7.22,LargeCentralMetro,1,0,0,0,0,0,South East,6,Epsom and Ewell 007,65.04,2,464.0,301.77,2962
E02006377,8.0,4.0,16.36,51.65,7.94,1.05,85.38,5.63,LargeCentralMetro,1,0,0,0,0,0,South East,10,Reigate and Banstead 003,35.0,1,214.0,74.89999999999999,1303
E02006342,7.0,4.0,8.12,100.0,10.66,3.2,78.14,8.0,LargeCentralMetro,1,0,0,0,0,0,South East,7,Epsom and Ewell 008,74.0,1,234.0,173.16,1452
E02006328,9.0,2.0,14.0,47.1,6.01,1.44,86.36,6.2,LargeCentralMetro,1,0,0,0,0,0,South East,8,Elmbridge 012,73.0,1,200.0,146.0,1240
E02006415,8.0,6.0,9.09,52.54,3.82,0.46,91.89,3.83,LargeCentralMetro,1,0,0,0,0,0,South East,10,Spelthorne 013,57.0,1,198.0,112.85999999999999,1022
E02006402,8.0,3.0,10.83,47.47,6.42,0.92,88.32,4.34,LargeCentralMetro,1,0,0,0,0,0,South East,10,Runnymede 010,59.0,1,277.0,163.42999999999998,1405
E02006464,7.0,3.0,16.18,47.25,6.23,1.57,87.58,4.61,LargeCentralMetro,1,0,0,0,0,0,South East,8,Woking 009,49.0,1,309.0,151.41,1456
E02006325,9.0,2.0,7.44,46.84,9.18,0.5,84.24,6.08,LargeCentralMetro,1,0,0,0,0,0,South East,6,Elmbridge 009,78.0,1,215.0,167.70000000000002,1343
E02006500,7.0,6.0,,52.36,6.72,2.08,87.64,3.56,LargeCentralMetro,1,0,0,0,0,0,West Midlands,,Rugby 009,,1,0.0,0.0,529
E02006502,6.0,6.0,24.21,47.63,5.59,1.83,89.1,3.48,LargeCentralMetro,1,0,0,0,0,0,West Midlands,8,Rugby 011,23.0,1,95.0,21.85,632
E02006468,7.0,6.0,13.52,53.21,0.75,0.41,97.85,0.99,MediumMetro,0,0,1,0,0,0,West Midlands,7,North Warwickshire 001,44.0,1,244.0,107.36,1511
E02006514,8.0,5.0,17.6,51.51,2.48,0.47,94.28,2.76,LargeCentralMetro,1,0,0,0,0,0,West Midlands,8,Stratford-on-Avon 011,46.0,1,233.0,107.18,1425
E02006473,8.0,3.0,18.01,48.38,1.23,0.5,95.3,2.97,LargeCentralMetro,1,0,0,0,0,0,West Midlands,10,North Warwickshire 006,52.0,1,161.0,83.72,1201
E02006480,4.0,6.0,19.11,53.54,5.45,1.58,90.39,2.59,LargeCentralMetro,1,0,0,0,0,0,West Midlands,10,Nuneaton and Bedworth 006,43.0,1,157.0,67.51,988
E02006494,4.0,7.0,24.07,52.83,7.04,5.0,82.84,5.11,LargeCentralMetro,1,0,0,0,0,0,West Midlands,8,Rugby 003,37.0,1,216.0,79.92,1096
E02006530,8.0,4.0,10.61,49.06,14.13,1.03,78.64,6.2,LargeCentralMetro,1,0,0,0,0,0,West Midlands,3,Warwick 012,52.0,1,264.0,137.28,1598
E02006506,6.0,6.0,14.63,50.56,1.26,0.35,96.44,1.95,LargeCentralMetro,1,0,0,0,0,0,West Midlands,10,Stratford-on-Avon 003,55.0,1,123.0,67.65,718
E02006518,7.0,6.0,14.94,49.52,0.72,0.12,97.65,1.51,SmallMetro,0,0,0,1,0,0,West Midlands,10,Stratford-on-Avon 015,45.0,1,87.0,39.15,517
E02006483,3.0,8.0,24.53,50.59,18.45,1.54,75.49,4.52,LargeCentralMetro,1,0,0,0,0,0,West Midlands,10,Nuneaton and Bedworth 009,30.0,1,159.0,47.699999999999996,848
E02006489,4.0,6.0,29.59,53.03,13.33,3.04,78.18,5.45,LargeCentralMetro,1,0,0,0,0,0,West Midlands,10,Nuneaton and Bedworth 015,34.0,1,169.0,57.46,1107
E02006477,9.0,4.0,23.89,52.53,8.48,1.8,86.62,3.1,LargeCentralMetro,1,0,0,0,0,0,West Midlands,10,Nuneaton and Bedworth 003,40.0,1,113.0,45.2,771
E02006470,5.0,6.0,23.36,51.45,1.35,0.5,96.36,1.78,LargeCentralMetro,1,0,0,0,0,0,West Midlands,4,North Warwickshire 003,34.0,1,107.0,36.38,620
E02006471,8.0,3.0,20.0,50.0,2.04,0.63,95.31,2.02,MediumMetro,0,0,1,0,0,0,West Midlands,8,North Warwickshire 004,34.0,1,135.0,45.900000000000006,698
E02006505,8.0,5.0,15.6,53.54,1.19,0.3,96.98,1.52,MediumMetro,0,0,1,0,0,0,West Midlands,10,Stratford-on-Avon 002,47.0,1,109.0,51.23,607
E02006475,9.0,4.0,12.7,49.82,5.69,1.69,90.18,2.44,LargeCentralMetro,1,0,0,0,0,0,West Midlands,10,Nuneaton and Bedworth 001,62.0,1,244.0,151.28,1413
E02006533,8.0,6.0,31.53,52.8,15.2,0.82,78.57,5.41,LargeCentralMetro,1,0,0,0,0,0,West Midlands,2,Warwick 015,36.0,1,111.0,39.96,750
E02006510,7.0,5.0,23.21,49.81,1.43,0.19,96.66,1.72,MediumMetro,0,0,1,0,0,0,West Midlands,8,Stratford-on-Avon 007,66.0,1,56.0,36.96,536
E02006501,7.0,4.0,14.29,48.69,7.77,2.2,86.75,3.28,LargeCentralMetro,1,0,0,0,0,0,West Midlands,10,Rugby 010,54.0,1,273.0,147.42000000000002,1834
E02006806,4.0,7.0,26.83,49.33,9.84,2.42,83.15,4.59,LargeCentralMetro,1,0,0,0,0,0,West Midlands,8,Nuneaton and Bedworth 018,35.0,1,164.0,57.4,967
E02006594,7.0,3.0,12.2,42.43,4.28,0.87,91.12,3.73,LargeCentralMetro,1,0,0,0,0,0,South East,8,Horsham 007,55.0,1,295.0,162.25,1546
E02006591,7.0,3.0,10.63,100.0,3.95,1.22,91.13,3.7,LargeCentralMetro,1,0,0,0,0,0,South East,8,Horsham 004,56.0,1,301.0,168.56,1540
E02006579,6.0,4.0,20.07,47.68,16.89,3.51,72.6,7.0,LargeCentralMetro,1,0,0,0,0,0,South East,8,Crawley 005,46.0,1,294.0,135.24,1808
E02006585,4.0,5.0,35.71,46.39,11.97,3.26,78.73,6.04,LargeCentralMetro,1,0,0,0,0,0,South East,8,Crawley 011,28.0,1,154.0,43.120000000000005,983
E02006614,8.0,3.0,6.51,46.04,3.83,1.35,90.81,4.01,Micropolitan,0,0,0,0,1,0,South East,10,Mid Sussex 011,60.0,1,292.0,175.2,1490
E02006625,7.0,6.0,20.35,20.11,4.05,0.99,91.43,3.52,LargeCentralMetro,1,0,0,0,0,0,South East,5,Worthing 005,39.34,2,226.0,88.9,1397
E02006572,5.0,7.0,19.5,51.78,2.39,0.55,94.39,2.66,LargeCentralMetro,1,0,0,0,0,0,South East,8,Chichester 012,32.0,1,241.0,77.12,1373
E02006583,6.0,4.0,12.02,48.23,10.53,3.21,81.04,5.22,LargeCentralMetro,1,0,0,0,0,0,South East,8,Crawley 009,35.0,1,233.0,81.55,1383
E02006574,5.0,9.0,26.67,49.59,0.83,0.26,97.37,1.54,LargeFringeMetro,0,1,0,0,0,0,South East,10,Chichester 014,24.0,1,75.0,18.0,365
E02006557,5.0,9.0,20.08,47.16,2.49,0.49,94.67,2.36,LargeCentralMetro,1,0,0,0,0,0,South East,10,Arun 016,35.0,1,244.0,85.39999999999999,1516
E02006544,7.0,6.0,22.58,49.9,1.43,0.31,96.35,1.91,LargeCentralMetro,1,0,0,0,0,0,South East,10,Arun 003,31.0,1,93.0,28.83,479
E02006617,6.0,8.0,11.32,47.62,9.67,0.81,86.38,3.14,LargeCentralMetro,1,0,0,0,0,0,South East,8,Mid Sussex 014,42.0,1,159.0,66.78,800
E02006597,8.0,3.0,15.02,46.76,1.79,0.64,95.09,2.48,MediumMetro,0,0,1,0,0,0,South East,8,Horsham 010,49.0,1,273.0,133.77,1713
E02006567,7.0,5.0,12.95,48.76,0.33,0.21,98.24,1.22,LargeCentralMetro,1,0,0,0,0,0,South East,9,Chichester 007,23.0,1,139.0,31.970000000000002,724
E02006556,6.0,7.0,16.22,48.67,1.08,0.31,96.86,1.75,LargeCentralMetro,1,0,0,0,0,0,South East,8,Arun 015,38.0,1,222.0,84.36,1319
E02006546,6.0,7.0,17.86,48.29,1.55,0.55,95.89,2.01,LargeCentralMetro,1,0,0,0,0,0,South East,10,Arun 005,39.0,1,252.0,98.28,1371
E02006627,6.0,8.0,17.9,46.33,4.01,1.24,91.25,3.51,LargeCentralMetro,1,0,0,0,0,0,South East,10,Worthing 007,49.0,1,324.0,158.76,1634
E02006613,6.0,5.0,16.32,50.69,6.06,1.12,88.61,4.21,LargeCentralMetro,1,0,0,0,0,0,South East,7,Mid Sussex 010,41.0,1,190.0,77.89999999999999,1014
E02006620,9.0,2.0,10.68,49.12,1.1,0.4,95.63,2.88,LargeCentralMetro,1,0,0,0,0,0,South East,10,Mid Sussex 017,61.0,1,206.0,125.66,1134
E02006607,9.0,4.0,8.61,48.83,2.6,0.73,93.54,3.14,LargeCentralMetro,1,0,0,0,0,0,South East,8,Mid Sussex 004,44.0,1,267.0,117.48,1575
E02006606,9.0,3.0,13.9,49.41,2.5,0.63,93.4,3.46,LargeCentralMetro,1,0,0,0,0,0,South East,10,Mid Sussex 003,42.0,1,223.0,93.66,1617
E02006624,9.0,6.0,18.48,41.32,2.58,0.44,94.25,2.73,LargeCentralMetro,1,0,0,0,0,0,South East,5,Worthing 004,46.0,1,184.0,84.64,1043
E02006629,5.0,9.0,12.89,100.0,6.97,1.34,87.54,4.15,LargeCentralMetro,1,0,0,0,0,0,South East,8,Worthing 009,60.0,1,194.0,116.39999999999999,1237
E02006581,4.0,7.0,14.84,52.55,15.75,5.26,71.42,7.57,LargeCentralMetro,1,0,0,0,0,0,South East,7,Crawley 007,42.0,1,155.0,65.1,959
E02006633,7.0,6.0,14.53,46.38,2.76,0.32,94.36,2.56,LargeCentralMetro,1,0,0,0,0,0,South East,10,Worthing 013,39.0,1,117.0,45.63,677
E02006571,7.0,6.0,9.96,52.14,1.66,0.4,95.89,2.05,LargeCentralMetro,1,0,0,0,0,0,South East,8,Chichester 011,62.0,1,231.0,143.22,1469
E02006580,5.0,5.0,19.4,48.5,9.67,3.48,81.2,5.65,LargeCentralMetro,1,0,0,0,0,0,South East,10,Crawley 006,32.0,1,201.0,64.32000000000001,1235
E02006539,5.0,9.0,23.6,43.33,2.27,0.79,94.6,2.33,LargeCentralMetro,1,0,0,0,0,0,South East,10,Adur 006,32.0,1,161.0,51.52,974
E02006550,5.0,8.0,27.06,50.95,1.52,0.45,96.42,1.61,LargeCentralMetro,1,0,0,0,0,0,South East,8,Arun 009,29.0,1,255.0,73.94999999999999,1366
E02006564,7.0,4.0,14.8,48.58,0.85,0.35,97.17,1.63,SmallMetro,0,0,0,1,0,0,South East,8,Chichester 004,44.0,1,196.0,86.24,1056
E02006537,3.0,9.0,19.49,47.39,2.95,1.2,90.95,4.89,LargeCentralMetro,1,0,0,0,0,0,South East,8,Adur 004,53.0,1,277.0,146.81,1688
