URN,EstablishmentNumber,EstablishmentName,StudentsAchievingGrade5PlusEngMathRate,NumberOfPupils,StudentReceivingFreeSchoolMeals,PercentOfStudentReceivingFreeSchoolMeals,TotalPupils,FemalePupils,PercentFemale,UrbanRuralClassification,Postcode,GOR,LA (code),LA (name),Easting,Northing,MSOA (code),LSOA (code),LargeCentralMetro,LargeFringeMetro,MediumMetro,SmallMetro,Micropolitan,Noncore,AsianPopulationRate,BlackPopulationRate,WhitePopulationRate,OtherRacePopulationRate,LSOA21CD,LSOA11CD,LSOA code (2011),IDACI,SAMHI,YPAccessibilityRank,YPAccessibilityIndex
100049.0,4104.0,Haverstock School,43.0,199.0,117.0,59.0,950,393.0,41.37,Urban: Nearer to a major town or city,NW3 2BQ,London,202,Camden,528159.0,184498.0,E02000177,E01000902,1,0,0,0,0,0,19.35,17.16,49.79,13.7,E01000902,E01000902,E01000902,1.0,10.0,83.0,1.0
100050.0,4166.0,Parliament Hill School,58.0,175.0,94.0,54.0,1170,1123.0,95.98,Urban: Nearer to a major town or city,NW5 1RL,London,202,Camden,528369.0,186019.0,E02000166,E01000912,1,0,0,0,0,0,8.82,10.26,66.75,14.17,E01000912,E01000912,E01000912,3.0,2.0,161.0,1.0
100054.0,4611.0,The Camden School for Girls,75.0,107.0,38.0,36.0,1025,879.0,85.76,Urban: Nearer to a major town or city,NW5 2DB,London,202,Camden,529441.0,184659.0,E02000180,E01035707,1,0,0,0,0,0,9.01,6.2,73.25,11.54,E01035707,E01000864,E01000864,5.5,2.0,90.0,1.0
100056.0,4688.0,William Ellis School,41.0,111.0,58.0,52.0,836,,,Urban: Nearer to a major town or city,NW5 1RN,London,202,Camden,528267.0,186049.0,E02000166,E01000912,1,0,0,0,0,0,8.82,10.26,66.75,14.17,E01000912,E01000912,E01000912,3.0,2.0,422.0,3.0
137181.0,4000.0,The UCL Academy,47.0,171.0,100.0,59.0,1133,542.0,47.84,Urban: Nearer to a major town or city,NW3 3AQ,London,202,Camden,526867.0,184105.0,E02000182,E01000963,1,0,0,0,0,0,36.48,4.22,43.41,15.89,E01000963,E01000963,E01000963,8.0,3.0,141.0,1.0
100051.0,4196.0,Regent High School,41.0,154.0,113.0,73.0,1003,451.0,44.97,Urban: Nearer to a major town or city,NW1 1RX,London,202,Camden,529555.0,183356.0,E02000187,E01000952,1,0,0,0,0,0,29.65,16.03,42.44,11.87,E01000952,E01000952,E01000952,2.5,6.0,138.0,1.0
100052.0,4275.0,Hampstead School,32.0,200.0,128.0,64.0,1308,621.0,47.48,Urban: Nearer to a major town or city,NW2 3RT,London,202,Camden,524402.0,185633.0,E02000170,E01000871,1,0,0,0,0,0,15.84,5.02,64.03,15.11,E01000871,E01000871,E01000871,6.0,1.0,260.0,2.0
100053.0,4285.0,Acland Burghley School,47.0,137.0,72.0,53.0,1008,340.0,33.73,Urban: Nearer to a major town or city,NW5 1UJ,London,202,Camden,528962.0,185931.0,E02000168,E01000928,1,0,0,0,0,0,8.55,4.61,75.44,11.4,E01000928,E01000928,E01000928,6.0,2.0,169.0,1.0
100055.0,4652.0,Maria Fidelis Catholic School FCJ,45.0,115.0,57.0,50.0,711,418.0,58.79,Urban: Nearer to a major town or city,NW1 1LY,London,202,Camden,529642.0,182873.0,E02000187,E01000955,1,0,0,0,0,0,29.65,16.03,42.44,11.87,E01000955,E01000955,E01000955,2.5,6.0,107.0,1.0
100059.0,5401.0,La Sainte Union Catholic Secondary School,53.0,173.0,72.0,42.0,1073,1058.0,98.6,Urban: Nearer to a major town or city,NW5 1RP,London,202,Camden,528379.0,186191.0,E02000168,E01000910,1,0,0,0,0,0,8.55,4.61,75.44,11.4,E01000910,E01000910,E01000910,6.0,2.0,265.0,2.0
138449.0,4000.0,Harris Academy Greenwich,57.0,187.0,77.0,41.0,1144,490.0,42.83,Urban: Nearer to a major town or city,SE9 5EQ,London,203,Greenwich,541806.0,174461.0,E02000341,E01001661,1,0,0,0,0,0,6.84,12.35,72.36,8.45,E01001661,E01001661,E01001661,2.5,4.5,568.0,3.0
141716.0,4716.0,St Thomas More Catholic Comprehensive School,62.0,123.0,18.0,15.0,624,293.0,46.96,Urban: Nearer to a major town or city,SE9 2SU,London,203,Greenwich,543353.0,174161.0,E02000340,E01001613,1,0,0,0,0,0,7.1,4.79,81.8,6.31,E01001613,E01001613,E01001613,5.0,2.5,626.0,3.0
138245.0,4001.0,Ark Greenwich Free School,50.0,97.0,36.0,37.0,551,208.0,37.75,Urban: Nearer to a major town or city,SE18 4LH,London,203,Greenwich,542669.0,176775.0,E02000327,E01001701,1,0,0,0,0,0,11.63,21.61,59.5,7.26,E01001701,E01001701,E01001701,5.0,6.0,945.0,5.0
143927.0,4006.0,Royal Greenwich Trust School,,,,,605,188.0,31.07,Urban: Nearer to a major town or city,SE7 8LJ,London,203,Greenwich,542041.0,179040.0,E02006994,E01034198,1,0,0,0,0,0,16.35,29.48,44.62,9.55,E01034198,E01001709,E01001709,2.0,2.0,626.0,3.0
141163.0,4250.0,Woolwich Polytechnic School,52.0,238.0,99.0,42.0,1514,,,Urban: Nearer to a major town or city,SE28 8AT,London,203,Greenwich,546432.0,180397.0,E02000314,E01033745,1,0,0,0,0,0,8.97,48.54,32.96,9.53,E01033745,E01033745,E01033745,4.0,1.0,675.0,4.0
100190.0,4294.0,Thomas Tallis School,36.0,260.0,100.0,39.0,1905,862.0,45.25,Urban: Nearer to a major town or city,SE3 9PX,London,203,Greenwich,540856.0,175919.0,E02006927,E01034174,1,0,0,0,0,0,27.46,6.49,55.88,10.17,E01034174,E01033726,E01033726,3.0,2.0,822.0,4.0
105135.0,6905.0,St Paul's Academy,44.0,240.0,94.0,39.0,1193,526.0,44.09,Urban: Nearer to a major town or city,SE2 9PX,London,203,Greenwich,546278.0,179196.0,E02000315,E01001579,1,0,0,0,0,0,10.1,35.8,46.07,8.03,E01001579,E01001579,E01001579,1.0,2.0,846.0,5.0
100182.0,4077.0,Eltham Hill School,47.0,171.0,70.0,41.0,1114,1105.0,99.19,Urban: Nearer to a major town or city,SE9 5EE,London,203,Greenwich,542250.0,174421.0,E02000341,E01001655,1,0,0,0,0,0,6.84,12.35,72.36,8.45,E01001655,E01001655,E01001655,2.5,4.5,1051.0,5.0
100183.0,4130.0,Plumstead Manor School,33.0,232.0,105.0,45.0,1432,1316.0,91.9,Urban: Nearer to a major town or city,SE18 1QF,London,203,Greenwich,544831.0,178057.0,E02000319,E01001636,1,0,0,0,0,0,25.22,19.23,41.31,14.24,E01001636,E01001636,E01001636,4.0,1.0,406.0,3.0
141309.0,4271.0,Stationers' Crown Woods Academy,38.0,254.0,78.0,31.0,1611,704.0,43.7,Urban: Nearer to a major town or city,SE9 2PT,London,203,Greenwich,544337.0,174636.0,E02000340,E01001614,1,0,0,0,0,0,7.1,4.79,81.8,6.31,E01001614,E01001614,E01001614,5.0,2.5,1390.0,7.0
100193.0,4682.0,St Ursula's Convent School,63.0,116.0,31.0,27.0,624,624.0,100.0,Urban: Nearer to a major town or city,SE10 8HN,London,203,Greenwich,538590.0,177088.0,E02006931,E01001642,1,0,0,0,0,0,3.98,4.5,83.43,8.08,E01001642,E01001642,E01001642,7.0,1.0,521.0,3.0
100279.0,4310.0,Stoke Newington School and Sixth Form,57.0,254.0,78.0,31.0,1630,747.0,45.83,Urban: Nearer to a major town or city,N16 9EX,London,204,Hackney,532879.0,186072.0,E02000356,E01001737,1,0,0,0,0,0,9.16,10.18,65.44,15.21,E01001737,E01001737,E01001737,4.0,2.0,153.0,1.0
140210.0,4003.0,Mossbourne Victoria Park Academy,64.0,118.0,61.0,52.0,763,360.0,47.18,Urban: Nearer to a major town or city,E9 7HD,London,204,Hackney,535855.0,184061.0,E02000366,E01001836,1,0,0,0,0,0,5.33,19.22,60.85,14.59,E01001836,E01001836,E01001836,4.0,5.0,,
143756.0,4005.0,"City of London Academy, Shoreditch Park",,,,,362,160.0,44.2,Urban: Nearer to a major town or city,N1 5JU,London,204,Hackney,534221.0,183383.0,E02000369,E01035643,1,0,0,0,0,0,11.7,19.45,52.9,15.94,E01035643,E01001752,E01001752,2.0,1.5,,
100282.0,4641.0,Our Lady's Catholic High School,40.0,121.0,63.0,52.0,744,731.0,98.25,Urban: Nearer to a major town or city,N16 5AF,London,204,Hackney,533481.0,187911.0,E02000345,E01001809,1,0,0,0,0,0,5.89,7.53,65.91,20.68,E01001809,E01001809,E01001809,7.0,1.0,68.0,1.0
134693.0,6905.0,Mossbourne Community Academy,68.0,198.0,95.0,48.0,1343,610.0,45.42,Urban: Nearer to a major town or city,E5 8JY,London,204,Hackney,534509.0,185417.0,E02000360,E01001758,1,0,0,0,0,0,17.69,30.52,37.11,14.67,E01001758,E01001758,E01001758,1.0,5.0,146.0,1.0
137442.0,4302.0,Clapton Girls' Academy,71.0,174.0,103.0,59.0,1185,1185.0,100.0,Urban: Nearer to a major town or city,E5 0RB,London,204,Hackney,535150.0,185780.0,E02000355,E01001794,1,0,0,0,0,0,21.84,13.24,55.49,9.44,E01001794,E01001794,E01001794,5.0,3.0,264.0,2.0
133599.0,4318.0,Yesodey Hatorah Senior Girls School,65.0,68.0,1.0,2.0,314,314.0,100.0,Urban: Nearer to a major town or city,N16 6UB,London,204,Hackney,533959.0,187840.0,E02000348,E01001826,1,0,0,0,0,0,5.91,12.33,63.83,17.93,E01001826,E01001826,E01001826,4.0,1.0,69.0,1.0
100284.0,4697.0,The Urswick School - A Church of England Secondary School,33.0,128.0,100.0,78.0,837,358.0,42.77,Urban: Nearer to a major town or city,E9 6NR,London,204,Hackney,535046.0,184634.0,E02000361,E01001731,1,0,0,0,0,0,12.86,24.15,46.61,16.39,E01001731,E01001731,E01001731,3.0,2.0,203.0,2.0
131062.0,6906.0,The Petchey Academy,38.0,173.0,111.0,64.0,1057,442.0,41.82,Urban: Nearer to a major town or city,E8 2EY,London,204,Hackney,533788.0,185403.0,E02000358,E01001747,1,0,0,0,0,0,10.1,14.74,60.59,14.57,E01001747,E01001747,E01001747,2.0,6.0,148.0,1.0
131609.0,6907.0,The Bridge Academy,38.0,167.0,121.0,73.0,1079,494.0,45.78,Urban: Nearer to a major town or city,E2 8BA,London,204,Hackney,533752.0,183613.0,E02000369,E01001773,1,0,0,0,0,0,11.7,19.45,52.9,15.94,E01001773,E01001773,E01001773,2.0,1.5,143.0,1.0
135835.0,6908.0,"The City Academy, Hackney",37.0,172.0,110.0,64.0,1133,484.0,42.72,Urban: Nearer to a major town or city,E9 6EA,London,204,Hackney,535413.0,185117.0,E02000363,E01001735,1,0,0,0,0,0,8.99,25.38,55.04,10.59,E01001735,E01001735,E01001735,2.0,8.0,252.0,2.0
136137.0,6909.0,Skinners' Academy,48.0,170.0,99.0,58.0,1040,480.0,46.15,Urban: Nearer to a major town or city,N4 1SY,London,204,Hackney,532255.0,187775.0,E02000346,E01035638,1,0,0,0,0,0,14.12,20.15,49.5,16.23,E01035638,E01033701,E01033701,1.0,3.0,79.0,1.0
137935.0,4620.0,Sacred Heart High School,81.0,161.0,19.0,12.0,1046,1044.0,99.81,Urban: Nearer to a major town or city,W6 7DG,London,205,Hammersmith and Fulham,523435.0,178678.0,E02000384,E01001898,1,0,0,0,0,0,19.32,7.51,59.64,13.53,E01001898,E01001898,E01001898,5.0,3.0,171.0,1.0
141135.0,4001.0,The Fulham Boys School,38.0,80.0,25.0,31.0,545,,,Urban: Nearer to a major town or city,SW6 5BD,London,205,Hammersmith and Fulham,525100.0,177145.0,E02000392,E01001953,1,0,0,0,0,0,12.26,11.58,61.99,14.17,E01001953,E01001953,E01001953,2.0,2.0,,
138607.0,4632.0,Lady Margaret School,74.0,117.0,19.0,16.0,758,758.0,100.0,Urban: Nearer to a major town or city,SW6 4UN,London,205,Hammersmith and Fulham,525134.0,176562.0,E02000391,E01001922,1,0,0,0,0,0,5.91,3.82,79.0,11.27,E01001922,E01001922,E01001922,8.0,1.0,236.0,2.0
137157.0,5400.0,The London Oratory School,79.0,176.0,16.0,9.0,1324,,,Urban: Nearer to a major town or city,SW6 1RX,London,205,Hammersmith and Fulham,525516.0,177432.0,E02000388,E01001883,1,0,0,0,0,0,12.5,7.48,67.63,12.39,E01001883,E01001883,E01001883,4.0,4.0,209.0,2.0
136750.0,4000.0,West London Free School,71.0,128.0,34.0,27.0,853,425.0,49.82,Urban: Nearer to a major town or city,W6 9LP,London,205,Hammersmith and Fulham,522432.0,178536.0,E02000382,E01001932,1,0,0,0,0,0,11.67,9.66,63.55,15.12,E01001932,E01001932,E01001932,3.0,1.0,156.0,1.0
141617.0,4002.0,The Hurlingham Academy,56.0,73.0,28.0,38.0,472,219.0,46.4,Urban: Nearer to a major town or city,SW6 3ED,London,205,Hammersmith and Fulham,525368.0,175859.0,E02000396,E01001934,1,0,0,0,0,0,7.81,12.09,64.59,15.51,E01001934,E01001934,E01001934,1.0,1.0,248.0,2.0
139364.0,4106.0,Fulham College Boys' School,23.0,61.0,32.0,53.0,367,,,Urban: Nearer to a major town or city,SW6 6SN,London,205,Hammersmith and Fulham,524042.0,176935.0,E02000393,E01001904,1,0,0,0,0,0,5.63,4.21,81.57,8.6,E01001904,E01001904,E01001904,8.0,1.0,356.0,2.0
131752.0,6905.0,Ark Burlington Danes Academy,35.0,162.0,87.0,54.0,1296,626.0,48.3,Urban: Nearer to a major town or city,W12 0HR,London,205,Hammersmith and Fulham,522925.0,181489.0,E02000372,E01035484,1,0,0,0,0,0,24.19,12.12,48.5,15.19,E01035484,E01001874,E01001874,4.0,5.0,147.0,1.0
143129.0,4004.0,Phoenix Academy,34.0,82.0,56.0,68.0,409,186.0,45.48,Urban: Nearer to a major town or city,W12 0RQ,London,205,Hammersmith and Fulham,522377.0,180823.0,E02000373,E01001955,1,0,0,0,0,0,12.67,24.44,44.28,18.6,E01001955,E01001955,E01001955,2.0,4.0,148.0,1.0
139365.0,4315.0,Fulham Cross Girls' School and Language College,47.0,119.0,65.0,55.0,626,626.0,100.0,Urban: Nearer to a major town or city,SW6 6BP,London,205,Hammersmith and Fulham,524106.0,177335.0,E02000390,E01001903,1,0,0,0,0,0,8.08,11.98,68.38,11.56,E01001903,E01001903,E01001903,3.0,5.0,210.0,2.0
136172.0,6906.0,Hammersmith Academy,54.0,120.0,58.0,48.0,846,386.0,45.63,Urban: Nearer to a major town or city,W12 9JD,London,205,Hammersmith and Fulham,522551.0,179595.0,E02000377,E01001858,1,0,0,0,0,0,10.44,13.06,61.44,15.06,E01001858,E01001858,E01001858,2.0,3.0,133.0,1.0
143659.0,4001.0,"City of London Academy, Highgate Hill",48.0,67.0,57.0,85.0,411,297.0,72.26,Urban: Nearer to a major town or city,N19 3EU,London,206,Islington,529743.0,187113.0,E02000555,E01002753,1,0,0,0,0,0,8.92,16.87,56.85,17.36,E01002753,E01002753,E01002753,2.0,5.0,,
100455.0,4307.0,Highbury Fields School,65.0,139.0,83.0,60.0,773,771.0,99.74,Urban: Nearer to a major town or city,N5 1AR,London,206,Islington,531721.0,185476.0,E02000566,E01002745,1,0,0,0,0,0,5.66,7.64,73.55,13.15,E01002745,E01002745,E01002745,5.0,3.0,131.0,1.0
100457.0,4324.0,Elizabeth Garrett Anderson School,42.0,176.0,112.0,64.0,894,894.0,100.0,Urban: Nearer to a major town or city,N1 9QG,London,206,Islington,531007.0,183248.0,E02000572,E01002697,1,0,0,0,0,0,17.94,16.87,49.59,15.6,E01002697,E01002697,E01002697,2.0,4.0,130.0,1.0
131690.0,4325.0,Arts and Media School Islington,31.0,121.0,73.0,60.0,647,267.0,41.27,Urban: Nearer to a major town or city,N4 3LS,London,206,Islington,530684.0,187037.0,E02000556,E01002806,1,0,0,0,0,0,4.55,11.04,71.18,13.23,E01002806,E01002806,E01002806,3.0,5.0,110.0,1.0
100458.0,4614.0,Central Foundation Boys' School,64.0,141.0,91.0,65.0,978,,,Urban: Nearer to a major town or city,EC2A 4SH,London,206,Islington,532888.0,182441.0,E02000576,E01002704,1,0,0,0,0,0,12.35,16.13,54.97,16.55,E01002704,E01002704,E01002704,3.0,3.0,66.0,1.0
135587.0,6906.0,City of London Academy Islington,31.0,113.0,90.0,80.0,801,366.0,45.69,Urban: Nearer to a major town or city,N1 8PQ,London,206,Islington,532038.0,183639.0,E02000571,E01002800,1,0,0,0,0,0,11.52,13.61,57.76,17.11,E01002800,E01002800,E01002800,2.0,6.0,142.0,1.0
141931.0,5402.0,The Cardinal Vaughan Memorial RC School,74.0,113.0,21.0,19.0,994,,,Urban: Nearer to a major town or city,W14 8BZ,London,207,Kensington and Chelsea,524213.0,179844.0,E02000585,E01002869,1,0,0,0,0,0,19.14,6.55,58.33,15.98,E01002869,E01002869,E01002869,6.0,1.0,129.0,1.0
140212.0,4000.0,Kensington Aldridge Academy,35.0,164.0,104.0,63.0,1123,542.0,48.26,Urban: Nearer to a major town or city,W10 6EX,London,207,Kensington and Chelsea,523920.0,180986.0,E02000581,E01002880,1,0,0,0,0,0,11.8,32.26,32.6,23.34,E01002880,E01002880,E01002880,2.0,7.0,,
100503.0,4801.0,All Saints Catholic College,46.0,70.0,37.0,53.0,466,393.0,84.33,Urban: Nearer to a major town or city,W10 6EL,London,207,Kensington and Chelsea,523952.0,181650.0,E02000578,E01002905,1,0,0,0,0,0,7.78,14.13,57.49,20.6,E01002905,E01002905,E01002905,1.0,9.0,151.0,1.0
135531.0,6905.0,Chelsea Academy,62.0,169.0,67.0,40.0,1129,523.0,46.32,Urban: Nearer to a major town or city,SW10 0AB,London,207,Kensington and Chelsea,526279.0,177011.0,E02000597,E01002841,1,0,0,0,0,0,9.17,5.81,68.47,16.54,E01002841,E01002841,E01002841,6.0,6.0,173.0,1.0
139659.0,4000.0,Oasis Academy South Bank,59.0,118.0,71.0,60.0,667,317.0,47.53,Urban: Nearer to a major town or city,SE1 7HS,London,208,Lambeth,531176.0,179406.0,E02006801,E01003014,1,0,0,0,0,0,9.56,21.04,54.68,14.73,E01003014,E01003014,E01003014,3.0,6.0,,
100624.0,4223.0,Norwood School,31.0,122.0,53.0,43.0,933,541.0,57.98,Urban: Nearer to a major town or city,SE19 3NY,London,208,Lambeth,532224.0,171065.0,E02000648,E01003086,1,0,0,0,0,0,5.01,36.99,42.58,15.41,E01003086,E01003086,E01003086,2.0,4.0,413.0,3.0
100638.0,5401.0,Bishop Thomas Grant Catholic Secondary School,58.0,170.0,39.0,23.0,1235,549.0,44.45,Urban: Nearer to a major town or city,SW16 2HY,London,208,Lambeth,530893.0,171230.0,E02000647,E01003149,1,0,0,0,0,0,10.84,14.83,61.78,12.55,E01003149,E01003149,E01003149,7.0,4.0,258.0,2.0
140966.0,4003.0,Trinity Academy,23.0,60.0,23.0,38.0,420,184.0,43.81,Urban: Nearer to a major town or city,SW2 1QS,London,208,Lambeth,530745.0,174734.0,E02000637,E01003018,1,0,0,0,0,0,3.46,11.13,72.19,13.21,E01003018,E01003018,E01003018,4.0,2.0,,
100625.0,4321.0,Lilian Baylis Technology School,46.0,116.0,62.0,53.0,802,364.0,45.39,Urban: Nearer to a major town or city,SE11 5QY,London,208,Lambeth,530793.0,178036.0,E02000621,E01003102,1,0,0,0,0,0,7.4,17.03,62.3,13.27,E01003102,E01003102,E01003102,1.0,5.0,229.0,2.0
136450.0,4322.0,Platanos College,42.0,186.0,111.0,60.0,1004,487.0,48.51,Urban: Nearer to a major town or city,SW9 0AL,London,208,Lambeth,530664.0,176665.0,E02000625,E01003126,1,0,0,0,0,0,4.57,31.67,48.62,15.14,E01003126,E01003126,E01003126,2.0,4.0,87.0,1.0
100627.0,4509.0,Saint Gabriel's College,32.0,94.0,47.0,50.0,541,269.0,49.72,Urban: Nearer to a major town or city,SW9 6UL,London,208,Lambeth,531881.0,176931.0,E02000622,E01003180,1,0,0,0,0,0,6.56,30.73,48.91,13.8,E01003180,E01003180,E01003180,3.0,3.0,166.0,1.0
100637.0,5400.0,La Retraite Roman Catholic Girls' School,55.0,149.0,54.0,36.0,1007,978.0,97.12,Urban: Nearer to a major town or city,SW12 0AB,London,208,Lambeth,529156.0,173718.0,E02000640,E01003157,1,0,0,0,0,0,6.7,10.62,74.97,7.71,E01003157,E01003157,E01003157,5.0,1.0,284.0,2.0
134815.0,6905.0,Lambeth Academy,46.0,155.0,95.0,61.0,896,382.0,42.63,Urban: Nearer to a major town or city,SW4 9ET,London,208,Lambeth,529241.0,174795.0,E02000636,E01003033,1,0,0,0,0,0,3.21,8.83,77.27,10.69,E01003033,E01003033,E01003033,7.0,1.0,89.0,1.0
135389.0,6906.0,Ark Evelyn Grace Academy,18.0,152.0,115.0,76.0,664,288.0,43.37,Urban: Nearer to a major town or city,SE24 0QN,London,208,Lambeth,531808.0,175242.0,E02000635,E01003051,1,0,0,0,0,0,12.57,30.51,44.36,12.57,E01003051,E01003051,E01003051,1.0,6.0,82.0,1.0
137954.0,6907.0,City Heights E-ACT Academy,39.0,129.0,83.0,64.0,763,352.0,46.13,Urban: Nearer to a major town or city,SW2 3PW,London,208,Lambeth,531198.0,173161.0,E02000641,E01003174,1,0,0,0,0,0,5.44,47.62,28.2,18.73,E01003174,E01003174,E01003174,1.0,4.0,,
135073.0,6905.0,Haberdashers' Aske's Hatcham College,47.0,200.0,73.0,37.0,1827,928.0,50.79,Urban: Nearer to a major town or city,SE14 5SF,London,209,Lewisham,535996.0,176135.0,E02000662,E01003342,1,0,0,0,0,0,5.9,23.64,59.32,11.14,E01003342,E01003342,E01003342,4.0,2.0,230.0,2.0
100740.0,4047.0,Deptford Green School,28.0,145.0,70.0,48.0,901,407.0,45.17,Urban: Nearer to a major town or city,SE14 6AN,London,209,Lewisham,536445.0,177315.0,E02006798,E01003300,1,0,0,0,0,0,12.16,44.35,28.9,14.58,E01003300,E01003300,E01003300,2.0,4.0,306.0,2.0
100745.0,4289.0,Forest Hill School,39.0,208.0,73.0,35.0,1251,,,Urban: Nearer to a major town or city,SE23 2XN,London,209,Lewisham,535796.0,172139.0,E02000679,E01003313,1,0,0,0,0,0,8.72,31.62,48.6,11.07,E01003313,E01003313,E01003313,2.0,6.0,700.0,4.0
100748.0,4600.0,Addey and Stanhope School,36.0,99.0,50.0,51.0,558,252.0,45.16,Urban: Nearer to a major town or city,SE14 6TJ,London,209,Lewisham,537032.0,176920.0,E02000657,E01003207,1,0,0,0,0,0,8.99,36.22,42.59,12.2,E01003207,E01003207,E01003207,1.0,5.0,283.0,2.0
100741.0,4204.0,Sydenham School,47.0,222.0,73.0,33.0,1418,1406.0,99.15,Urban: Nearer to a major town or city,SE26 4RD,London,209,Lewisham,535005.0,172368.0,E02000680,E01003259,1,0,0,0,0,0,7.69,16.4,62.76,13.15,E01003259,E01003259,E01003259,4.0,3.0,1203.0,6.0
135070.0,6906.0,Haberdashers' Aske's Knights Academy,37.0,160.0,66.0,41.0,1317,586.0,44.5,Urban: Nearer to a major town or city,BR1 5EB,London,209,Lewisham,540266.0,171826.0,E02006783,E01003237,1,0,0,0,0,0,10.49,26.07,52.19,11.26,E01003237,E01003237,E01003237,2.0,2.0,568.0,3.0
139587.0,4000.0,Compass School Southwark,32.0,56.0,33.0,59.0,373,154.0,41.29,Urban: Nearer to a major town or city,SE16 4EE,London,210,Southwark,534581.0,179309.0,E02000810,E01033871,1,0,0,0,0,0,7.23,17.37,61.67,13.73,E01033871,E01004022,E01004022,1.0,3.0,,
140221.0,4002.0,University Academy of Engineering South Bank,31.0,99.0,53.0,54.0,711,204.0,28.69,Urban: Nearer to a major town or city,SE17 2TP,London,210,Southwark,532760.0,178326.0,E02000822,E01003972,1,0,0,0,0,0,7.16,35.11,44.17,13.57,E01003972,E01003972,E01003972,2.0,3.0,,
142178.0,4003.0,The Charter School East Dulwich,,,,,420,206.0,49.05,Urban: Nearer to a major town or city,SE22 8EY,London,210,Southwark,533449.0,175109.0,E02000834,E01003953,1,0,0,0,0,0,4.43,12.09,74.51,8.97,E01003953,E01003953,E01003953,5.5,4.0,,
136309.0,4265.0,Kingsdale Foundation School,60.0,239.0,56.0,23.0,2026,1045.0,51.58,Urban: Nearer to a major town or city,SE21 8SQ,London,210,Southwark,533216.0,172108.0,E02000839,E01003946,1,0,0,0,0,0,13.03,15.36,59.16,12.45,E01003946,E01003946,E01003946,6.0,1.0,1117.0,6.0
100849.0,4680.0,St Saviour's and St Olave's Church of England School,65.0,123.0,44.0,36.0,750,750.0,100.0,Urban: Nearer to a major town or city,SE1 4AN,London,210,Southwark,532857.0,179036.0,E02000812,E01003942,1,0,0,0,0,0,23.9,29.94,32.22,13.94,E01003942,E01003942,E01003942,2.0,5.0,108.0,1.0
100857.0,5402.0,The St Thomas the Apostle College,58.0,113.0,53.0,47.0,935,,,Urban: Nearer to a major town or city,SE15 2EB,London,210,Southwark,535096.0,176433.0,E02000829,E01004004,1,0,0,0,0,0,10.92,33.6,43.76,11.72,E01004004,E01004004,E01004004,2.0,5.0,275.0,2.0
138960.0,5405.0,Sacred Heart Catholic School,53.0,134.0,55.0,41.0,855,432.0,50.53,Urban: Nearer to a major town or city,SE5 0RP,London,210,Southwark,532238.0,176847.0,E02000827,E01003919,1,0,0,0,0,0,9.2,25.62,49.07,16.1,E01003919,E01003919,E01003919,6.0,3.0,75.0,1.0
134225.0,6906.0,Harris Academy Peckham,26.0,102.0,59.0,58.0,520,247.0,47.5,Urban: Nearer to a major town or city,SE15 5DZ,London,210,Southwark,533853.0,176621.0,E02000831,E01004066,1,0,0,0,0,0,5.46,33.8,46.39,14.36,E01004066,E01004066,E01004066,3.0,2.0,84.0,1.0
131747.0,6907.0,Harris Academy Bermondsey,45.0,130.0,76.0,59.0,816,814.0,99.75,Urban: Nearer to a major town or city,SE16 3TZ,London,210,Southwark,534017.0,178910.0,E02000816,E01003977,1,0,0,0,0,0,9.62,23.23,52.56,14.58,E01003977,E01003977,E01003977,3.0,3.0,138.0,1.0
132711.0,6908.0,Harris Girls' Academy East Dulwich,49.0,134.0,70.0,52.0,870,858.0,98.62,Urban: Nearer to a major town or city,SE22 0NR,London,210,Southwark,535230.0,174963.0,E02000835,E01004020,1,0,0,0,0,0,4.75,40.07,39.73,15.46,E01004020,E01004020,E01004020,1.0,5.0,356.0,2.0
139718.0,4001.0,Ark All Saints Academy,28.0,112.0,55.0,49.0,599,293.0,48.91,Urban: Nearer to a major town or city,SE5 0UB,London,210,Southwark,532010.0,177196.0,E02000827,E01003919,1,0,0,0,0,0,9.2,25.62,49.07,16.1,E01003919,E01003919,E01003919,6.0,3.0,,
136298.0,4318.0,The Charter School North Dulwich,68.0,168.0,39.0,23.0,1244,596.0,47.91,Urban: Nearer to a major town or city,SE24 9JH,London,210,Southwark,532849.0,174779.0,E02000833,E01004048,1,0,0,0,0,0,11.56,19.36,55.13,13.95,E01004048,E01004048,E01004048,4.0,1.0,239.0,2.0
134222.0,6905.0,City of London Academy (Southwark),36.0,234.0,157.0,67.0,1501,730.0,48.63,Urban: Nearer to a major town or city,SE1 5LA,London,210,Southwark,534379.0,178443.0,E02000816,E01004038,1,0,0,0,0,0,9.62,23.23,52.56,14.58,E01004038,E01004038,E01004038,3.0,3.0,73.0,1.0
135315.0,6909.0,Ark Walworth Academy,32.0,165.0,113.0,69.0,1009,405.0,40.14,Urban: Nearer to a major town or city,SE1 5UJ,London,210,Southwark,533441.0,178209.0,E02000821,E01033878,1,0,0,0,0,0,8.09,35.61,38.04,18.26,E01033878,E01003964,E01003964,2.0,3.0,305.0,2.0
135816.0,6913.0,Harris Boys' Academy East Dulwich,46.0,137.0,67.0,49.0,812,,,Urban: Nearer to a major town or city,SE22 0AT,London,210,Southwark,534515.0,174895.0,E02000834,E01004015,1,0,0,0,0,0,4.43,12.09,74.51,8.97,E01004015,E01004015,E01004015,5.5,4.0,402.0,3.0
141133.0,4001.0,London Enterprise Academy,39.0,114.0,70.0,61.0,482,177.0,36.72,Urban: Nearer to a major town or city,E1 1RD,London,211,Tower Hamlets,534393.0,181349.0,E02000884,E01035686,1,0,0,0,0,0,54.54,4.33,32.39,8.74,E01035686,E01004325,E01004325,2.0,1.0,,
138202.0,4000.0,Wapping High School,50.0,40.0,21.0,53.0,228,106.0,46.49,Urban: Nearer to a major town or city,E1 2DA,London,211,Tower Hamlets,534642.0,181343.0,E02000884,E01004321,1,0,0,0,0,0,54.54,4.33,32.39,8.74,E01004321,E01004321,E01004321,2.0,1.0,70.0,1.0
142879.0,4003.0,Canary Wharf College 3,,,,,160,75.0,46.88,Urban: Nearer to a major town or city,E14 9GL,London,211,Tower Hamlets,537903.0,179152.0,E02007114,E01035706,1,0,0,0,0,0,42.6,6.04,40.2,11.15,E01035706,E01004215,E01004215,3.0,1.0,,
144756.0,4005.0,Mulberry UTC,24.0,29.0,18.0,62.0,229,185.0,80.79,Urban: Nearer to a major town or city,E3 2RU,London,211,Tower Hamlets,536909.0,183621.0,E02000864,E01035659,1,0,0,0,0,0,35.61,9.7,43.47,11.22,E01035659,E01004224,E01004224,1.0,6.0,,
100966.0,4105.0,Langdon Park Community School,32.0,167.0,117.0,70.0,1009,492.0,48.76,Urban: Nearer to a major town or city,E14 0RZ,London,211,Tower Hamlets,538021.0,181467.0,E02000881,E01035679,1,0,0,0,0,0,39.78,9.79,40.9,9.54,E01035679,E01004246,E01004246,2.0,1.0,259.0,2.0
100975.0,4507.0,Central Foundation Girls' School,59.0,236.0,132.0,56.0,1488,1488.0,100.0,Urban: Nearer to a major town or city,E3 2AE,London,211,Tower Hamlets,536855.0,182784.0,E02000867,E01004229,1,0,0,0,0,0,43.17,4.79,44.44,7.61,E01004229,E01004229,E01004229,2.0,5.0,436.0,3.0
100965.0,4024.0,Bow School,30.0,156.0,89.0,57.0,1126,355.0,31.53,Urban: Nearer to a major town or city,E3 3QW,London,211,Tower Hamlets,538190.0,182375.0,E02000871,E01035667,1,0,0,0,0,0,55.79,14.54,22.26,7.42,E01035667,E01004238,E01004238,1.0,1.0,200.0,2.0
100967.0,4150.0,Morpeth School,47.0,228.0,125.0,55.0,1544,711.0,46.05,Urban: Nearer to a major town or city,E2 0PX,London,211,Tower Hamlets,535529.0,182654.0,E02000870,E01004259,1,0,0,0,0,0,33.05,5.14,54.51,7.31,E01004259,E01004259,E01004259,2.0,2.0,174.0,1.0
137789.0,4284.0,Mulberry Academy Shoreditch,45.0,157.0,110.0,70.0,927,410.0,44.23,Urban: Nearer to a major town or city,E2 6NW,London,211,Tower Hamlets,534008.0,182708.0,E02000872,E01004312,1,0,0,0,0,0,53.67,8.79,30.12,7.41,E01004312,E01004312,E01004312,1.0,4.0,67.0,1.0
100972.0,4296.0,Oaklands School,52.0,110.0,66.0,60.0,779,403.0,51.73,Urban: Nearer to a major town or city,E2 6PR,London,211,Tower Hamlets,534550.0,182928.0,E02000868,E01004203,1,0,0,0,0,0,34.99,4.76,50.06,10.19,E01004203,E01004203,E01004203,3.0,2.0,71.0,1.0
100973.0,4297.0,Swanlea School,59.0,196.0,106.0,54.0,1234,450.0,36.47,Urban: Nearer to a major town or city,E1 5DJ,London,211,Tower Hamlets,534690.0,181987.0,E02000876,E01004205,1,0,0,0,0,0,68.09,7.55,18.14,6.23,E01004205,E01004205,E01004205,3.0,3.0,72.0,1.0
100974.0,4505.0,George Green's School,50.0,185.0,132.0,71.0,1165,577.0,49.53,Urban: Nearer to a major town or city,E14 3DW,London,211,Tower Hamlets,538426.0,178457.0,E02000893,E01004217,1,0,0,0,0,0,29.82,5.48,55.07,9.62,E01004217,E01004217,E01004217,4.0,2.0,385.0,2.0
100977.0,4722.0,Sir John Cass Foundation and Redcoat Church of England Secondary School,56.0,191.0,107.0,56.0,1392,611.0,43.89,Urban: Nearer to a major town or city,E1 0RH,London,211,Tower Hamlets,535821.0,181528.0,E02000882,E01004288,1,0,0,0,0,0,54.88,11.71,27.17,6.24,E01004288,E01004288,E01004288,3.0,5.0,199.0,2.0
136883.0,4328.0,Chestnut Grove School,47.0,163.0,53.0,33.0,1078,497.0,46.1,Urban: Nearer to a major town or city,SW12 8JZ,London,212,Wandsworth,528283.0,173354.0,E02000949,E01004545,1,0,0,0,0,0,8.78,4.28,79.09,7.85,E01004545,E01004545,E01004545,8.0,1.0,228.0,2.0
138267.0,4000.0,Ark Bolingbroke Academy,54.0,111.0,31.0,28.0,710,331.0,46.62,Urban: Nearer to a major town or city,SW11 6BF,London,212,Wandsworth,527362.0,174607.0,E02000937,E01004557,1,0,0,0,0,0,5.84,4.22,82.19,7.75,E01004557,E01004557,E01004557,9.0,1.0,158.0,1.0
141808.0,4734.0,Saint Cecilia's Church of England School,55.0,135.0,42.0,31.0,924,430.0,46.54,Urban: Nearer to a major town or city,SW18 5JR,London,212,Wandsworth,524589.0,173511.0,E02000942,E01004629,1,0,0,0,0,0,11.97,5.18,73.66,9.19,E01004629,E01004629,E01004629,6.0,1.0,500.0,3.0
137005.0,5400.0,Graveney School,72.0,255.0,42.0,17.0,2070,1034.0,49.95,Urban: Nearer to a major town or city,SW17 9BU,London,212,Wandsworth,528592.0,170936.0,E02000958,E01004516,1,0,0,0,0,0,17.43,10.78,65.14,6.65,E01004516,E01004516,E01004516,7.0,1.0,332.0,2.0
135316.0,6905.0,Ashcroft Technology Academy,68.0,199.0,82.0,41.0,1308,505.0,38.61,Urban: Nearer to a major town or city,SW15 2UT,London,212,Wandsworth,524639.0,174575.0,E02000942,E01004499,1,0,0,0,0,0,11.97,5.18,73.66,9.19,E01004499,E01004499,E01004499,6.0,1.0,243.0,2.0
140985.0,4001.0,Harris Academy Battersea,54.0,115.0,76.0,66.0,1006,497.0,49.4,Urban: Nearer to a major town or city,SW11 5AP,London,212,Wandsworth,527924.0,176527.0,E02000925,E01004539,1,0,0,0,0,0,12.39,32.78,41.07,13.77,E01004539,E01004539,E01004539,1.0,3.0,250.0,2.0
135762.0,4008.0,Saint John Bosco College,38.0,45.0,13.0,29.0,569,217.0,38.14,Urban: Nearer to a major town or city,SW11 3DQ,London,212,Wandsworth,527041.0,176668.0,E02000926,E01004579,1,0,0,0,0,0,7.53,8.87,72.76,10.84,E01004579,E01004579,E01004579,5.0,3.0,462.0,3.0
139842.0,5401.0,Burntwood School,41.0,264.0,103.0,39.0,1696,1657.0,97.7,Urban: Nearer to a major town or city,SW17 0AQ,London,212,Wandsworth,526616.0,172577.0,E02000946,E01004497,1,0,0,0,0,0,8.09,7.16,78.19,6.56,E01004497,E01004497,E01004497,5.0,1.0,194.0,2.0
138681.0,5402.0,Ark Putney Academy,35.0,78.0,39.0,50.0,741,340.0,45.88,Urban: Nearer to a major town or city,SW15 3DG,London,212,Wandsworth,523386.0,174365.0,E02000938,E01004643,1,0,0,0,0,0,19.01,9.48,57.95,13.56,E01004643,E01004643,E01004643,3.0,1.0,356.0,2.0
138682.0,5405.0,Southfields Academy,40.0,164.0,68.0,42.0,1254,543.0,43.3,Urban: Nearer to a major town or city,SW18 5JU,London,212,Wandsworth,525391.0,173342.0,E02000947,E01004595,1,0,0,0,0,0,9.88,4.22,79.23,6.66,E01004595,E01004595,E01004595,8.0,1.0,299.0,2.0
138313.0,4628.0,The Grey Coat Hospital,73.0,153.0,37.0,24.0,1075,1051.0,97.77,Urban: Nearer to a major town or city,SW1P 2DY,London,213,Westminster,529594.0,179104.0,E02000979,E01004731,1,0,0,0,0,0,19.81,4.39,61.63,14.17,E01004731,E01004731,E01004731,4.0,1.0,137.0,1.0
140884.0,4000.0,Marylebone Boys' School,57.0,104.0,31.0,30.0,572,,,Urban: Nearer to a major town or city,W2 1QZ,London,213,Westminster,526591.0,181571.0,E02000974,E01033593,1,0,0,0,0,0,21.06,8.83,39.7,30.41,E01033593,E01033593,E01033593,4.0,1.0,,
145126.0,4004.0,Harris Academy St John's Wood,50.0,181.0,102.0,56.0,1235,611.0,49.47,Urban: Nearer to a major town or city,NW8 0NL,London,213,Westminster,526552.0,183679.0,E02000960,E01004649,1,0,0,0,0,0,29.79,4.04,47.23,18.94,E01004649,E01004649,E01004649,10.0,1.0,,
137353.0,4673.0,The St Marylebone CofE School,67.0,146.0,41.0,28.0,1120,1032.0,92.14,Urban: Nearer to a major town or city,W1U 5BA,London,213,Westminster,528296.0,181984.0,E02000970,E01004717,1,0,0,0,0,0,14.62,1.5,70.51,13.36,E01004717,E01004717,E01004717,7.0,1.0,128.0,1.0
101154.0,4723.0,St Augustine's CofE High School,53.0,153.0,81.0,53.0,995,512.0,51.46,Urban: Nearer to a major town or city,NW6 5SN,London,213,Westminster,525469.0,183256.0,E02000961,E01004710,1,0,0,0,0,0,12.4,8.82,49.55,29.22,E01004710,E01004710,E01004710,2.5,4.0,284.0,2.0
139369.0,4809.0,St George's Catholic School,44.0,149.0,65.0,44.0,978,421.0,43.05,Urban: Nearer to a major town or city,W9 1RB,London,213,Westminster,525795.0,183125.0,E02000961,E01004711,1,0,0,0,0,0,12.4,8.82,49.55,29.22,E01004711,E01004711,E01004711,2.5,4.0,412.0,3.0
130912.0,6905.0,Paddington Academy,57.0,175.0,113.0,65.0,1216,621.0,51.07,Urban: Nearer to a major town or city,W9 2DR,London,213,Westminster,525518.0,182268.0,E02000965,E01004676,1,0,0,0,0,0,13.12,11.59,55.5,19.79,E01004676,E01004676,E01004676,3.0,2.0,81.0,1.0
138312.0,4687.0,Westminster City School,41.0,109.0,38.0,35.0,797,,,Urban: Nearer to a major town or city,SW1E 5HJ,London,213,Westminster,529272.0,179311.0,E02000979,E01004731,1,0,0,0,0,0,19.81,4.39,61.63,14.17,E01004731,E01004731,E01004731,4.0,1.0,134.0,1.0
131262.0,6906.0,Westminster Academy,55.0,168.0,94.0,56.0,1120,534.0,47.68,Urban: Nearer to a major town or city,W2 5EZ,London,213,Westminster,525509.0,181766.0,E02000969,E01032512,1,0,0,0,0,0,16.18,19.37,28.55,35.89,E01032512,E01032512,E01032512,2.0,3.0,80.0,1.0
135676.0,6908.0,Pimlico Academy,50.0,192.0,113.0,59.0,1165,590.0,50.64,Urban: Nearer to a major town or city,SW1V 3AT,London,213,Westminster,529431.0,178226.0,E02000983,E01035722,1,0,0,0,0,0,22.06,2.24,65.97,9.74,E01035722,E01004738,E01004738,7.0,2.5,110.0,1.0
142908.0,4006.0,Greatfields School,,,,,347,148.0,42.65,Urban: Nearer to a major town or city,IG11 7QG,London,301,Barking and Dagenham,544700.0,183594.0,E02000022,E01000051,1,0,0,0,0,0,32.85,34.12,23.83,9.21,E01000051,E01000051,E01000051,2.0,1.0,,
133561.0,4029.0,Jo Richardson Community School,49.0,221.0,103.0,47.0,1527,738.0,48.33,Urban: Nearer to a major town or city,RM9 4UN,London,301,Barking and Dagenham,547584.0,183747.0,E02000023,E01000096,1,0,0,0,0,0,18.98,41.23,30.49,9.29,E01000096,E01000096,E01000096,2.5,1.5,542.0,3.0
139791.0,4001.0,Riverside School,60.0,113.0,46.0,41.0,902,456.0,50.55,Urban: Nearer to a major town or city,IG11 0FU,London,301,Barking and Dagenham,547047.0,182432.0,E02000023,E01000094,1,0,0,0,0,0,18.98,41.23,30.49,9.29,E01000094,E01000094,E01000094,2.5,1.5,717.0,4.0
141178.0,4004.0,The Warren School,33.0,191.0,74.0,39.0,1191,561.0,47.1,Urban: Nearer to a major town or city,RM6 6SB,London,301,Barking and Dagenham,548476.0,188616.0,E02000003,E01000031,1,0,0,0,0,0,42.76,14.31,32.92,10.01,E01000031,E01000031,E01000031,4.0,1.0,394.0,3.0
101241.0,4021.0,"Barking Abbey School, A Specialist Sports and Humanities College",49.0,271.0,83.0,31.0,2125,1050.0,49.41,Urban: Nearer to a major town or city,IG11 9AG,London,301,Barking and Dagenham,545828.0,184731.0,E02000012,E01000066,1,0,0,0,0,0,61.07,7.98,24.3,6.66,E01000066,E01000066,E01000066,5.0,1.0,972.0,5.0
101247.0,4703.0,All Saints Catholic School and Technology College,56.0,219.0,57.0,26.0,1411,659.0,46.7,Urban: Nearer to a major town or city,RM8 1JT,London,301,Barking and Dagenham,549215.0,187064.0,E02000007,E01000061,1,0,0,0,0,0,13.69,29.08,47.69,9.54,E01000061,E01000061,E01000061,1.0,8.0,945.0,5.0
136028.0,4704.0,Dagenham Park CofE School,35.0,202.0,71.0,35.0,1266,647.0,51.11,Urban: Nearer to a major town or city,RM10 9QH,London,301,Barking and Dagenham,549623.0,183932.0,E02000021,E01000088,1,0,0,0,0,0,22.6,28.56,41.25,7.58,E01000088,E01000088,E01000088,4.0,2.0,700.0,4.0
142627.0,4004.0,Menorah High School for Girls,85.0,41.0,3.0,7.0,299,299.0,100.0,Urban: Nearer to a major town or city,NW2 7BZ,London,302,Barnet,522120.0,186308.0,E02000103,E01000502,1,0,0,0,0,0,15.43,18.79,38.9,26.88,E01000502,E01000502,E01000502,2.0,1.0,272.0,2.0
137131.0,4208.0,Queen Elizabeth's Girls' School,66.0,173.0,51.0,30.0,1046,1046.0,100.0,Urban: Nearer to a major town or city,EN5 5RR,London,302,Barnet,524845.0,196314.0,E02000024,E01000250,1,0,0,0,0,0,11.11,9.58,66.36,12.95,E01000250,E01000250,E01000250,4.0,2.0,626.0,3.0
139410.0,4000.0,St Andrew the Apostle Greek Orthodox School,49.0,79.0,14.0,18.0,670,300.0,44.78,Urban: Nearer to a major town or city,N11 1NP,London,302,Barnet,527953.0,193432.0,E02000033,E01000123,1,0,0,0,0,0,16.81,5.83,59.71,17.66,E01000123,E01000123,E01000123,6.0,2.0,,
144502.0,4010.0,The Totteridge Academy,54.0,103.0,39.0,38.0,532,156.0,29.32,Urban: Nearer to a major town or city,N20 8AZ,London,302,Barnet,524632.0,194876.0,E02000030,E01000279,1,0,0,0,0,0,20.78,4.82,63.18,11.22,E01000279,E01000279,E01000279,8.0,1.0,,
137361.0,4012.0,Whitefield School,32.0,125.0,64.0,51.0,803,353.0,43.96,Urban: Nearer to a major town or city,NW2 1TR,London,302,Barnet,523520.0,187587.0,E02000062,E01000221,1,0,0,0,0,0,14.66,23.16,34.7,27.48,E01000221,E01000221,E01000221,2.0,2.0,356.0,2.0
101364.0,5407.0,St James' Catholic High School,52.0,167.0,35.0,21.0,1102,554.0,50.27,Urban: Nearer to a major town or city,NW9 5PE,London,302,Barnet,521928.0,190571.0,E02000049,E01000151,1,0,0,0,0,0,18.62,28.6,35.03,17.75,E01000151,E01000151,E01000151,1.0,3.0,468.0,3.0
143082.0,5408.0,Bishop Douglass School Finchley,46.0,80.0,41.0,51.0,718,327.0,45.54,Urban: Nearer to a major town or city,N2 0SQ,London,302,Barnet,526275.0,189926.0,E02000052,E01000179,1,0,0,0,0,0,10.94,3.3,74.52,11.24,E01000179,E01000179,E01000179,7.5,1.0,165.0,1.0
137539.0,5409.0,Hasmonean High School for Boys,74.0,159.0,13.0,8.0,1163,548.0,47.12,Urban: Nearer to a major town or city,NW4 1NA,London,302,Barnet,523775.0,190136.0,E02000048,E01000198,1,0,0,0,0,0,12.09,5.93,61.52,20.45,E01000198,E01000198,E01000198,7.0,1.0,197.0,2.0
139594.0,4001.0,The Archer Academy,60.0,146.0,41.0,28.0,772,359.0,46.5,Urban: Nearer to a major town or city,N2 8GA,London,302,Barnet,526880.0,189661.0,E02000052,E01000177,1,0,0,0,0,0,10.94,3.3,74.52,11.24,E01000177,E01000177,E01000177,7.5,1.0,,
101345.0,4003.0,Friern Barnet School,22.0,152.0,68.0,45.0,783,386.0,49.3,Urban: Nearer to a major town or city,N11 3LS,London,302,Barnet,527853.0,192405.0,E02000038,E01000158,1,0,0,0,0,0,16.54,8.0,62.41,13.06,E01000158,E01000158,E01000158,5.0,2.0,468.0,3.0
138685.0,4210.0,Copthall School,51.0,153.0,57.0,37.0,886,886.0,100.0,Urban: Nearer to a major town or city,NW7 2EP,London,302,Barnet,522483.0,191460.0,E02000039,E01000256,1,0,0,0,0,0,15.61,13.64,59.44,11.31,E01000256,E01000256,E01000256,6.0,1.0,717.0,4.0
137388.0,4211.0,Christ's College Finchley,55.0,116.0,43.0,37.0,768,80.0,10.42,Urban: Nearer to a major town or city,N2 0SE,London,302,Barnet,525672.0,189571.0,E02000056,E01000210,1,0,0,0,0,0,10.21,2.33,71.04,16.42,E01000210,E01000210,E01000210,8.0,1.0,277.0,2.0
136658.0,4212.0,East Barnet School,57.0,199.0,37.0,19.0,1405,618.0,43.99,Urban: Nearer to a major town or city,EN4 8PU,London,302,Barnet,527778.0,195482.0,E02000026,E01000172,1,0,0,0,0,0,12.67,2.61,73.42,11.31,E01000172,E01000172,E01000172,7.0,1.0,1203.0,6.0
136418.0,4215.0,The Compton School,54.0,208.0,75.0,36.0,1337,683.0,51.08,Urban: Nearer to a major town or city,N12 0QG,London,302,Barnet,527295.0,191678.0,E02000045,E01000315,1,0,0,0,0,0,21.31,14.71,49.15,14.83,E01000315,E01000315,E01000315,3.0,4.0,269.0,2.0
137645.0,5400.0,Hendon School,47.0,200.0,82.0,41.0,1239,535.0,43.18,Urban: Nearer to a major town or city,NW4 2HP,London,302,Barnet,523568.0,188931.0,E02000055,E01000237,1,0,0,0,0,0,10.62,4.0,68.67,16.71,E01000237,E01000237,E01000237,9.0,1.0,150.0,1.0
137386.0,5402.0,Mill Hill County High School,73.0,240.0,53.0,22.0,1681,850.0,50.57,Urban: Nearer to a major town or city,NW7 4LL,London,302,Barnet,521380.0,193756.0,E02000030,E01000228,1,0,0,0,0,0,20.78,4.82,63.18,11.22,E01000228,E01000228,E01000228,8.0,1.0,675.0,4.0
101362.0,5405.0,Finchley Catholic High School,72.0,173.0,26.0,15.0,1195,,,Urban: Nearer to a major town or city,N12 8TA,London,302,Barnet,526022.0,193124.0,E02000035,E01000284,1,0,0,0,0,0,18.54,4.26,59.71,17.49,E01000284,E01000284,E01000284,4.0,2.0,352.0,2.0
136308.0,5406.0,Ashmole Academy,75.0,230.0,35.0,15.0,1570,768.0,48.92,Urban: Nearer to a major town or city,N14 5RJ,London,302,Barnet,529324.0,194021.0,E02000032,E01000120,1,0,0,0,0,0,21.08,3.75,55.56,19.61,E01000120,E01000120,E01000120,9.0,1.0,500.0,3.0
135747.0,5427.0,JCoSS,72.0,182.0,16.0,9.0,1271,582.0,45.79,Urban: Nearer to a major town or city,EN4 9GE,London,302,Barnet,526710.0,196751.0,E02000025,E01000167,1,0,0,0,0,0,11.16,6.05,70.19,12.6,E01000167,E01000167,E01000167,2.0,5.0,1390.0,7.0
137138.0,4002.0,Bexleyheath Academy,23.0,270.0,63.0,23.0,1539,700.0,45.48,Urban: Nearer to a major town or city,DA6 7DA,London,303,Bexley,549194.0,175388.0,E02000079,E01000365,1,0,0,0,0,0,9.36,5.38,79.77,5.49,E01000365,E01000365,E01000365,5.0,8.0,597.0,3.0
138686.0,4030.0,Cleeve Park School,18.0,117.0,43.0,37.0,908,423.0,46.59,Urban: Nearer to a major town or city,DA14 4JN,London,303,Bexley,547451.0,172108.0,E02000091,E01000382,1,0,0,0,0,0,8.74,2.23,84.95,4.08,E01000382,E01000382,E01000382,9.0,1.0,822.0,4.0
136538.0,4603.0,"Trinity Church of England School, Belvedere",35.0,176.0,48.0,27.0,1036,503.0,48.55,Urban: Nearer to a major town or city,DA17 6HT,London,303,Bexley,550151.0,178565.0,E02000069,E01000406,1,0,0,0,0,0,9.94,27.78,53.22,9.06,E01000406,E01000406,E01000406,3.0,2.0,717.0,4.0
137965.0,4008.0,Blackfen School for Girls,36.0,201.0,41.0,20.0,1398,1281.0,91.63,Urban: Nearer to a major town or city,DA15 9NU,London,303,Bexley,546868.0,174297.0,E02000085,E01000352,1,0,0,0,0,0,9.34,6.74,78.79,5.13,E01000352,E01000352,E01000352,5.0,3.0,1241.0,6.0
136720.0,4021.0,Welling School,23.0,208.0,69.0,33.0,1448,699.0,48.27,Urban: Nearer to a major town or city,DA16 1LB,London,303,Bexley,546941.0,176454.0,E02000077,E01000454,1,0,0,0,0,0,17.6,7.23,67.69,7.48,E01000454,E01000454,E01000454,5.0,2.0,1390.0,7.0
138650.0,5401.0,St Columba's Catholic Boys' School,32.0,100.0,24.0,24.0,723,,,Urban: Nearer to a major town or city,DA6 7QB,London,303,Bexley,549876.0,174751.0,E02000081,E01000329,1,0,0,0,0,0,11.49,7.54,75.31,5.66,E01000329,E01000329,E01000329,5.0,4.0,1051.0,5.0
137681.0,5402.0,St Catherine's Catholic School,58.0,208.0,56.0,27.0,1036,1036.0,100.0,Urban: Nearer to a major town or city,DA6 7QJ,London,303,Bexley,549953.0,175009.0,E02000081,E01000329,1,0,0,0,0,0,11.49,7.54,75.31,5.66,E01000329,E01000329,E01000329,5.0,4.0,1051.0,5.0
135677.0,6906.0,Harris Academy Falconwood,42.0,167.0,35.0,21.0,1181,544.0,46.06,Urban: Nearer to a major town or city,DA16 2PE,London,303,Bexley,545184.0,175273.0,E02000082,E01000410,1,0,0,0,0,0,8.88,7.73,77.36,6.04,E01000410,E01000410,E01000410,9.0,1.0,1117.0,6.0
135951.0,6907.0,Haberdashers' Aske's Crayford Academy,36.0,173.0,42.0,24.0,1619,774.0,47.81,Urban: Nearer to a major town or city,DA1 4RS,London,303,Bexley,551773.0,175177.0,E02000083,E01000377,1,0,0,0,0,0,3.87,8.69,83.98,3.46,E01000377,E01000377,E01000377,7.0,3.0,972.0,5.0
141019.0,4001.0,Ark Elvin Academy,28.0,174.0,46.0,26.0,930,442.0,47.53,Urban: Nearer to a major town or city,HA9 7DU,London,304,Brent,518587.0,185103.0,E02000112,E01000636,1,0,0,0,0,0,61.93,12.05,16.82,9.2,E01000636,E01000636,E01000636,6.0,1.0,265.0,2.0
133724.0,4033.0,JFS,72.0,290.0,14.0,5.0,1994,949.0,47.59,Urban: Nearer to a major town or city,HA3 9TE,London,304,Brent,519199.0,188305.0,E02000098,E01000484,1,0,0,0,0,0,24.62,30.22,29.15,16.02,E01000484,E01000484,E01000484,2.0,3.0,1203.0,6.0
135973.0,6907.0,The Crest Academy,38.0,191.0,90.0,47.0,1059,542.0,51.18,Urban: Nearer to a major town or city,NW2 7SN,London,304,Brent,521993.0,186425.0,E02000103,E01000502,1,0,0,0,0,0,15.43,18.79,38.9,26.88,E01000502,E01000502,E01000502,2.0,1.0,879.0,5.0
137685.0,5402.0,Kingsbury High School,44.0,333.0,97.0,29.0,2022,933.0,46.14,Urban: Nearer to a major town or city,NW9 9JR,London,304,Brent,519617.0,189280.0,E02000095,E01000591,1,0,0,0,0,0,50.12,5.1,34.09,10.69,E01000591,E01000591,E01000591,7.5,1.0,489.0,3.0
138609.0,5403.0,Queens Park Community School,48.0,199.0,64.0,32.0,1290,615.0,47.67,Urban: Nearer to a major town or city,NW6 7BQ,London,304,Brent,523635.0,183910.0,E02000122,E01000489,1,0,0,0,0,0,19.62,11.46,47.74,21.18,E01000489,E01000489,E01000489,3.0,2.0,145.0,1.0
137994.0,5404.0,Convent of Jesus and Mary Language College,34.0,175.0,57.0,33.0,949,947.0,99.79,Urban: Nearer to a major town or city,NW10 4EP,London,304,Brent,521701.0,183616.0,E02000123,E01000533,1,0,0,0,0,0,13.08,35.31,37.02,14.59,E01000533,E01000533,E01000533,3.0,1.0,385.0,2.0
101564.0,5407.0,Newman Catholic College,37.0,82.0,14.0,17.0,727,,,Urban: Nearer to a major town or city,NW10 3RN,London,304,Brent,522218.0,183549.0,E02000123,E01000533,1,0,0,0,0,0,13.08,35.31,37.02,14.59,E01000533,E01000533,E01000533,3.0,1.0,196.0,2.0
134226.0,6905.0,Capital City Academy,33.0,184.0,83.0,45.0,1127,541.0,48.0,Urban: Nearer to a major town or city,NW10 3ST,London,304,Brent,522520.0,183720.0,E02000116,E01000643,1,0,0,0,0,0,15.85,31.29,33.53,19.33,E01000643,E01000643,E01000643,2.0,8.0,160.0,1.0
140862.0,4000.0,Michaela Community School,73.0,115.0,55.0,48.0,597,289.0,48.41,Urban: Nearer to a major town or city,HA9 0UU,London,304,Brent,519395.0,186276.0,E02006956,E01000615,1,0,0,0,0,0,32.48,18.13,38.96,10.43,E01000615,E01000615,E01000615,6.0,1.0,,
138457.0,4006.0,Wembley High Technology College,79.0,208.0,47.0,23.0,1372,663.0,48.32,Urban: Nearer to a major town or city,HA0 3NT,London,304,Brent,517203.0,186265.0,E02000105,E01000564,1,0,0,0,0,0,45.16,13.99,29.39,11.46,E01000564,E01000564,E01000564,4.0,1.0,349.0,2.0
136656.0,5400.0,Claremont High School,64.0,255.0,49.0,19.0,1609,786.0,48.85,Urban: Nearer to a major town or city,HA3 0UH,London,304,Brent,518305.0,188663.0,E02000095,E01033463,1,0,0,0,0,0,50.12,5.1,34.09,10.69,E01033463,E01033463,E01033463,7.5,1.0,542.0,3.0
138610.0,5405.0,Alperton Community School,39.0,216.0,63.0,29.0,1543,702.0,45.5,Urban: Nearer to a major town or city,HA0 4JE,London,304,Brent,518492.0,184101.0,E02000121,E01000473,1,0,0,0,0,0,73.15,11.52,9.08,6.24,E01000473,E01000473,E01000473,4.0,1.0,284.0,2.0
142560.0,5406.0,St Gregory's Catholic Science College,67.0,167.0,39.0,23.0,1114,457.0,41.02,Urban: Nearer to a major town or city,HA3 0NB,London,304,Brent,517552.0,188564.0,E02000096,E01000538,1,0,0,0,0,0,56.13,2.03,31.98,9.86,E01000538,E01000538,E01000538,6.0,1.0,468.0,3.0
137379.0,4002.0,Harris Girls Academy Bromley,61.0,129.0,48.0,37.0,934,925.0,99.04,Urban: Nearer to a major town or city,BR3 1QR,London,305,Bromley,536308.0,170396.0,E02000130,E01000804,1,0,0,0,0,0,9.12,8.78,70.54,11.56,E01000804,E01000804,E01000804,9.0,2.0,349.0,2.0
143427.0,4003.0,Harris Academy Orpington,32.0,165.0,57.0,35.0,878,451.0,51.37,Urban: Nearer to a major town or city,BR5 4LG,London,305,Bromley,547332.0,166105.0,E02000158,E01000792,1,0,0,0,0,0,12.11,12.44,69.36,6.09,E01000792,E01000792,E01000792,3.0,5.0,788.0,4.0
144465.0,4004.0,Eden Park High School,,,,,358,126.0,35.2,Urban: Nearer to a major town or city,BR3 3RD,London,305,Bromley,536514.0,167959.0,E02006787,E01000774,1,0,0,0,0,0,7.16,5.7,77.8,9.34,E01000774,E01000774,E01000774,8.0,2.0,,
136466.0,4604.0,Bishop Justus CofE School,35.0,177.0,52.0,29.0,1223,588.0,48.08,Urban: Nearer to a major town or city,BR2 8HZ,London,305,Bromley,542300.0,166663.0,E02000152,E01000661,1,0,0,0,0,0,9.8,12.71,67.29,10.19,E01000661,E01000661,E01000661,1.0,5.0,675.0,4.0
136517.0,5403.0,Ravens Wood School,56.0,218.0,27.0,12.0,1569,,,Urban: Nearer to a major town or city,BR2 8HP,London,305,Bromley,541797.0,165342.0,E02000159,E01000666,1,0,0,0,0,0,3.96,1.9,89.75,4.38,E01000666,E01000666,E01000666,8.0,3.0,1351.0,7.0
136467.0,5408.0,Chislehurst School for Girls,46.0,188.0,43.0,23.0,1065,1058.0,99.34,Urban: Nearer to a major town or city,BR7 6HE,London,305,Bromley,545368.0,170915.0,E02000136,E01000693,1,0,0,0,0,0,7.53,2.97,85.4,4.1,E01000693,E01000693,E01000693,9.0,6.0,1893.0,9.0
136355.0,5418.0,Darrick Wood School,50.0,252.0,20.0,8.0,1675,911.0,54.39,Urban: Nearer to a major town or city,BR6 8ER,London,305,Bromley,543802.0,164935.0,E02000162,E01000751,1,0,0,0,0,0,17.15,5.6,72.49,4.76,E01000751,E01000751,E01000751,10.0,6.0,1351.0,7.0
137121.0,4000.0,Harris Academy Beckenham,52.0,168.0,58.0,35.0,1152,369.0,32.03,Urban: Nearer to a major town or city,BR3 3SJ,London,305,Bromley,537430.0,168596.0,E02000138,E01000770,1,0,0,0,0,0,7.05,1.85,84.11,6.99,E01000770,E01000770,E01000770,8.0,2.0,394.0,3.0
136709.0,5400.0,Bullers Wood School,58.0,214.0,41.0,19.0,1584,1476.0,93.18,Urban: Nearer to a major town or city,BR7 5LJ,London,305,Bromley,542533.0,169755.0,E02000133,E01000645,1,0,0,0,0,0,10.43,2.42,80.9,6.25,E01000645,E01000645,E01000645,10.0,1.5,577.0,3.0
136464.0,5401.0,Coopers School,33.0,235.0,56.0,24.0,1656,706.0,42.63,Urban: Nearer to a major town or city,BR7 5PS,London,305,Bromley,544319.0,169675.0,E02000133,E01000696,1,0,0,0,0,0,10.43,2.42,80.9,6.25,E01000696,E01000696,E01000696,10.0,1.5,1351.0,7.0
136586.0,5402.0,Langley Park School for Boys,50.0,203.0,22.0,11.0,1716,,,Urban: Nearer to a major town or city,BR3 3BP,London,305,Bromley,537798.0,167371.0,E02000150,E01000775,1,0,0,0,0,0,7.75,6.26,76.62,9.37,E01000775,E01000775,E01000775,8.0,2.0,739.0,4.0
136281.0,5406.0,Kemnal Technology College,31.0,110.0,33.0,30.0,535,,,Urban: Nearer to a major town or city,DA14 5AA,London,305,Bromley,546848.0,170207.0,E02000140,E01000735,1,0,0,0,0,0,9.57,9.83,74.39,6.21,E01000735,E01000735,E01000735,3.0,6.0,521.0,3.0
136644.0,5407.0,Hayes School,58.0,239.0,25.0,11.0,1716,853.0,49.71,Urban: Nearer to a major town or city,BR2 7DB,London,305,Bromley,540620.0,165814.0,E02000160,E01000765,1,0,0,0,0,0,4.14,3.07,86.81,5.98,E01000765,E01000765,E01000765,8.0,3.0,1390.0,7.0
136545.0,5409.0,Charles Darwin School,42.0,204.0,48.0,24.0,1282,674.0,52.57,Urban: Nearer to a major town or city,TN16 3AU,London,305,Bromley,542640.0,159356.0,E02006789,E01000748,1,0,0,0,0,0,0.65,0.77,96.68,1.9,E01000748,E01000748,E01000748,9.0,2.0,1495.0,7.0
137006.0,5412.0,Langley Park School for Girls,69.0,235.0,31.0,13.0,1481,1444.0,97.5,Urban: Nearer to a major town or city,BR3 3BE,London,305,Bromley,538021.0,167339.0,E02000150,E01000775,1,0,0,0,0,0,7.75,6.26,76.62,9.37,E01000775,E01000775,E01000775,8.0,2.0,1351.0,7.0
136540.0,5413.0,The Ravensbourne School,35.0,211.0,60.0,28.0,1677,670.0,39.95,Urban: Nearer to a major town or city,BR2 9EH,London,305,Bromley,540682.0,168046.0,E02000146,E01000671,1,0,0,0,0,0,13.34,8.1,68.65,9.91,E01000671,E01000671,E01000671,8.0,3.0,352.0,2.0
101814.0,4702.0,St Mary's Catholic High School,23.0,113.0,41.0,36.0,530,256.0,48.3,Urban: Nearer to a major town or city,CR9 2EE,London,306,Croydon,532461.0,166335.0,E02000213,E01034141,1,0,0,0,0,0,23.22,33.26,31.32,12.2,E01034141,E01001048,E01001048,3.0,1.5,85.0,1.0
140209.0,2045.0,Oasis Academy Arena,,,,,432,184.0,42.59,Urban: Nearer to a major town or city,SE25 4QL,London,306,Croydon,534919.0,167791.0,E02006788,E01001194,1,0,0,0,0,0,8.04,26.86,53.96,11.14,E01001194,E01001194,E01001194,4.0,1.0,,
140952.0,4002.0,Harris Invictus Academy Croydon,38.0,160.0,75.0,47.0,845,333.0,39.41,Urban: Nearer to a major town or city,CR0 2TB,London,306,Croydon,532047.0,166294.0,E02000213,E01001013,1,0,0,0,0,0,23.22,33.26,31.32,12.2,E01001013,E01001013,E01001013,3.0,1.5,,
142040.0,4004.0,Orchard Park High (Croydon),37.0,161.0,68.0,42.0,768,298.0,38.8,Urban: Nearer to a major town or city,CR0 7NJ,London,306,Croydon,536578.0,166771.0,E02000211,E01001132,1,0,0,0,0,0,15.49,13.02,61.23,10.25,E01001132,E01001132,E01001132,8.0,1.0,521.0,3.0
138178.0,5400.0,Riddlesdown Collegiate,61.0,320.0,56.0,18.0,1903,919.0,48.29,Urban: Nearer to a major town or city,CR8 1EX,London,306,Croydon,533324.0,160251.0,E02000235,E01001104,1,0,0,0,0,0,15.49,7.72,69.68,7.12,E01001104,E01001104,E01001104,10.0,1.0,950.0,5.0
135955.0,6908.0,Harris Academy Purley,34.0,161.0,59.0,37.0,1142,506.0,44.31,Urban: Nearer to a major town or city,CR2 6DT,London,306,Croydon,531826.0,163259.0,E02000221,E01001173,1,0,0,0,0,0,20.19,22.45,45.26,12.1,E01001173,E01001173,E01001173,4.0,2.0,437.0,3.0
141210.0,4003.0,The Archbishop Lanfranc Academy,28.0,78.0,32.0,41.0,469,169.0,36.03,Urban: Nearer to a major town or city,CR9 3AS,London,306,Croydon,530167.0,167455.0,E02000209,E01001177,1,0,0,0,0,0,38.44,29.96,18.95,12.65,E01001177,E01001177,E01001177,3.0,1.0,987.0,5.0
143846.0,4007.0,Meridian High School,22.0,93.0,57.0,61.0,581,282.0,48.54,Urban: Nearer to a major town or city,CR0 0AH,London,306,Croydon,539321.0,161259.0,E02000229,E01001081,1,0,0,0,0,0,4.76,20.6,67.78,6.87,E01001081,E01001081,E01001081,2.0,9.0,,
138187.0,4031.0,Woodcote High School,44.0,210.0,55.0,26.0,1231,602.0,48.9,Urban: Nearer to a major town or city,CR5 2EH,London,306,Croydon,529623.0,160694.0,E02000231,E01001028,1,0,0,0,0,0,32.77,6.34,50.33,10.56,E01001028,E01001028,E01001028,10.0,2.0,1298.0,6.0
101811.0,4600.0,Archbishop Tenison's CofE High School,34.0,110.0,30.0,27.0,719,372.0,51.74,Urban: Nearer to a major town or city,CR0 5JQ,London,306,Croydon,533615.0,165122.0,E02000216,E01001044,1,0,0,0,0,0,38.02,10.97,41.1,9.91,E01001044,E01001044,E01001044,8.0,1.0,230.0,2.0
138221.0,5402.0,St Joseph's College,41.0,170.0,55.0,32.0,1007,,,Urban: Nearer to a major town or city,SE19 3HL,London,306,Croydon,531693.0,170757.0,E02000195,E01001084,1,0,0,0,0,0,30.43,13.1,46.33,10.14,E01001084,E01001084,E01001084,8.0,2.0,237.0,2.0
101821.0,5403.0,Thomas More Catholic School,34.0,134.0,43.0,32.0,755,336.0,44.5,Urban: Nearer to a major town or city,CR8 2XP,London,306,Croydon,531024.0,162230.0,E02000230,E01001092,1,0,0,0,0,0,22.18,11.12,55.58,11.12,E01001092,E01001092,E01001092,7.0,7.0,903.0,5.0
137754.0,5406.0,Norbury Manor Business and Enterprise College for Girls,50.0,206.0,81.0,39.0,1158,1153.0,99.57,Urban: Nearer to a major town or city,CR7 8BT,London,306,Croydon,531181.0,169684.0,E02000196,E01001161,1,0,0,0,0,0,23.89,32.74,28.26,15.11,E01001161,E01001161,E01001161,1.0,1.0,332.0,2.0
137772.0,5407.0,Shirley High School Performing Arts College,28.0,173.0,65.0,38.0,1059,566.0,53.45,Urban: Nearer to a major town or city,CR0 5EF,London,306,Croydon,535883.0,165190.0,E02000219,E01001062,1,0,0,0,0,0,21.23,9.56,61.84,7.37,E01001062,E01001062,E01001062,5.0,3.0,500.0,3.0
135249.0,6905.0,Harris Academy South Norwood,38.0,318.0,128.0,40.0,2171,1010.0,46.52,Urban: Nearer to a major town or city,SE25 6AE,London,306,Croydon,533991.0,168611.0,E02000200,E01001142,1,0,0,0,0,0,7.73,29.84,51.01,11.42,E01001142,E01001142,E01001142,5.0,4.0,325.0,2.0
135311.0,6906.0,Harris City Academy Crystal Palace,65.0,176.0,46.0,26.0,1287,540.0,41.96,Urban: Nearer to a major town or city,SE19 2JH,London,306,Croydon,533846.0,169827.0,E02000194,E01001138,1,0,0,0,0,0,5.34,18.73,64.38,11.54,E01001138,E01001138,E01001138,4.0,1.0,415.0,3.0
135654.0,6907.0,Oasis Academy Coulsdon,43.0,141.0,46.0,33.0,842,398.0,47.27,Urban: Nearer to a major town or city,CR5 1ES,London,306,Croydon,531589.0,157353.0,E02000237,E01001022,1,0,0,0,0,0,8.05,4.67,82.68,4.6,E01001022,E01001022,E01001022,7.0,4.0,1296.0,6.0
135968.0,6909.0,Oasis Academy Shirley Park,27.0,166.0,79.0,48.0,1792,886.0,49.44,Urban: Nearer to a major town or city,CR9 7AL,London,306,Croydon,534874.0,166649.0,E02000207,E01000992,1,0,0,0,0,0,14.12,30.26,43.1,12.52,E01000992,E01000992,E01000992,4.0,3.0,788.0,4.0
136203.0,6910.0,The Quest Academy,36.0,101.0,47.0,47.0,784,398.0,50.77,Urban: Nearer to a major town or city,CR2 8HD,London,306,Croydon,535903.0,163120.0,E02000227,E01001061,1,0,0,0,0,0,9.48,19.32,60.98,10.22,E01001061,E01001061,E01001061,3.0,2.0,1893.0,9.0
137546.0,4602.0,Twyford Church of England High School,77.0,187.0,30.0,16.0,1475,768.0,52.07,Urban: Nearer to a major town or city,W3 9PP,London,307,Ealing,519635.0,180375.0,E02000264,E01001354,1,0,0,0,0,0,15.98,8.11,61.49,14.42,E01001354,E01001354,E01001354,5.0,6.0,717.0,4.0
139725.0,4000.0,William Perkin Church of England High School,69.0,185.0,36.0,20.0,1133,551.0,48.63,Urban: Nearer to a major town or city,UB6 8PR,London,307,Ealing,514590.0,183346.0,E02000243,E01001272,1,0,0,0,0,0,30.8,8.02,45.09,16.1,E01001272,E01001272,E01001272,6.0,4.0,,
142654.0,4001.0,Ealing Fields High School,,,,,358,154.0,43.02,Urban: Nearer to a major town or city,W5 4EJ,London,307,Ealing,517254.0,178857.0,E02000276,E01001300,1,0,0,0,0,0,12.14,3.53,74.37,9.97,E01001300,E01001300,E01001300,10.0,1.0,,
101941.0,5402.0,The Ellen Wilkinson School for Girls,52.0,205.0,87.0,42.0,1266,1266.0,100.0,Urban: Nearer to a major town or city,W3 0HW,London,307,Ealing,518894.0,181164.0,E02006968,E01001273,1,0,0,0,0,0,29.15,2.45,44.32,24.07,E01001273,E01001273,E01001273,9.0,1.0,371.0,2.0
101928.0,4020.0,Villiers High School,47.0,233.0,67.0,29.0,1296,578.0,44.6,Urban: Nearer to a major town or city,UB1 3BT,London,307,Ealing,512936.0,180128.0,E02000260,E01001361,1,0,0,0,0,0,78.59,7.25,5.85,8.31,E01001361,E01001361,E01001361,4.0,1.0,462.0,3.0
137729.0,4031.0,Featherstone High School,56.0,241.0,79.0,33.0,1679,768.0,45.74,Urban: Nearer to a major town or city,UB2 5HF,London,307,Ealing,512061.0,179053.0,E02006970,E01001367,1,0,0,0,0,0,77.79,5.86,5.09,11.25,E01001367,E01001367,E01001367,3.0,1.0,452.0,3.0
131310.0,4036.0,Elthorne Park High School,54.0,177.0,27.0,15.0,1379,611.0,44.31,Urban: Nearer to a major town or city,W7 2AH,London,307,Ealing,516042.0,179215.0,E02000272,E01001248,1,0,0,0,0,0,17.01,10.04,60.58,12.37,E01001248,E01001248,E01001248,5.0,3.0,249.0,2.0
101934.0,4603.0,The Cardinal Wiseman Catholic School,66.0,293.0,47.0,16.0,1907,965.0,50.6,Urban: Nearer to a major town or city,UB6 9AW,London,307,Ealing,514424.0,181988.0,E02000249,E01001261,1,0,0,0,0,0,26.93,13.4,42.35,17.32,E01001261,E01001261,E01001261,6.0,4.0,717.0,4.0
101939.0,5400.0,Brentside High School,49.0,203.0,69.0,34.0,1476,650.0,44.04,Urban: Nearer to a major town or city,W7 1JJ,London,307,Ealing,515266.0,182151.0,E02000253,E01001283,1,0,0,0,0,0,15.39,16.29,49.61,18.71,E01001283,E01001283,E01001283,2.0,8.0,306.0,2.0
101940.0,5401.0,Greenford High School,64.0,234.0,78.0,33.0,1790,874.0,48.83,Urban: Nearer to a major town or city,UB1 2GU,London,307,Ealing,513180.0,182618.0,E02000247,E01032744,1,0,0,0,0,0,47.58,11.17,26.92,14.33,E01032744,E01032744,E01032744,3.0,9.0,597.0,3.0
137221.0,5403.0,Drayton Manor High School,59.0,233.0,88.0,38.0,1499,716.0,47.77,Urban: Nearer to a major town or city,W7 1EU,London,307,Ealing,515577.0,180978.0,E02000259,E01001288,1,0,0,0,0,0,11.91,10.22,61.37,16.51,E01001288,E01001288,E01001288,6.0,2.0,208.0,2.0
101943.0,5404.0,Northolt High School,31.0,133.0,48.0,36.0,650,319.0,49.08,Urban: Nearer to a major town or city,UB5 4HP,London,307,Ealing,512687.0,184974.0,E02000240,E01001317,1,0,0,0,0,0,28.98,15.73,38.74,16.55,E01001317,E01001317,E01001317,4.0,2.0,581.0,3.0
139599.0,4000.0,Heron Hall Academy,44.0,84.0,38.0,45.0,669,340.0,50.82,Urban: Nearer to a major town or city,EN3 4SA,London,308,Enfield,534955.0,195916.0,E02000288,E01001507,1,0,0,0,0,0,11.93,28.66,42.9,16.51,E01001507,E01001507,E01001507,2.0,4.0,,
102045.0,4026.0,Winchmore School,38.0,234.0,73.0,31.0,1625,783.0,48.18,Urban: Nearer to a major town or city,N21 3HS,London,308,Enfield,532148.0,193892.0,E02000302,E01001570,1,0,0,0,0,0,11.49,9.22,63.7,15.6,E01001570,E01001570,E01001570,5.0,2.0,846.0,5.0
142727.0,4029.0,Southgate School,51.0,247.0,44.0,18.0,1515,702.0,46.34,Urban: Nearer to a major town or city,EN4 0BL,London,308,Enfield,528736.0,195890.0,E02000287,E01001418,1,0,0,0,0,0,14.96,4.43,58.46,22.15,E01001418,E01001418,E01001418,5.0,2.0,1203.0,6.0
132256.0,4043.0,Highlands School,58.0,233.0,40.0,17.0,1540,772.0,50.13,Urban: Nearer to a major town or city,N21 1QQ,London,308,Enfield,530985.0,196131.0,E02000289,E01001473,1,0,0,0,0,0,9.19,10.63,61.35,18.82,E01001473,E01001473,E01001473,5.0,2.0,1495.0,7.0
102052.0,4702.0,Bishop Stopford's School,29.0,103.0,40.0,39.0,750,347.0,46.27,Urban: Nearer to a major town or city,EN1 3PU,London,308,Enfield,534676.0,197189.0,E02000288,E01001513,1,0,0,0,0,0,11.93,28.66,42.9,16.51,E01001513,E01001513,E01001513,2.0,4.0,390.0,2.0
102058.0,5403.0,St Ignatius College,56.0,156.0,50.0,32.0,1014,,,Urban: Nearer to a major town or city,EN1 4NP,London,308,Enfield,534539.0,198919.0,E02000280,E01001412,1,0,0,0,0,0,5.59,12.39,68.44,13.58,E01001412,E01001412,E01001412,2.0,3.0,1069.0,5.0
137094.0,5404.0,Enfield Grammar School,55.0,177.0,46.0,26.0,1091,,,Urban: Nearer to a major town or city,EN2 6LN,London,308,Enfield,532700.0,196652.0,E02000284,E01001536,1,0,0,0,0,0,5.99,10.67,69.43,13.92,E01001536,E01001536,E01001536,4.0,3.0,268.0,2.0
136327.0,4015.0,Kingsmead School,43.0,228.0,95.0,42.0,1429,748.0,52.34,Urban: Nearer to a major town or city,EN1 1YQ,London,308,Enfield,534226.0,196459.0,E02000288,E01001513,1,0,0,0,0,0,11.93,28.66,42.9,16.51,E01001513,E01001513,E01001513,2.0,4.0,390.0,2.0
102048.0,4030.0,Enfield County School for Girls,51.0,186.0,58.0,31.0,1147,1147.0,100.0,Urban: Nearer to a major town or city,EN2 6QG,London,308,Enfield,532660.0,196786.0,E02000284,E01001536,1,0,0,0,0,0,5.99,10.67,69.43,13.92,E01001536,E01001536,E01001536,4.0,3.0,356.0,2.0
102049.0,4037.0,Chace Community School,35.0,201.0,70.0,35.0,1219,624.0,51.19,Urban: Nearer to a major town or city,EN1 3HQ,London,308,Enfield,533134.0,197520.0,E02000285,E01001539,1,0,0,0,0,0,6.47,7.07,74.12,12.33,E01001539,E01001539,E01001539,5.0,3.0,394.0,3.0
102053.0,4706.0,St Anne's Catholic High School for Girls,64.0,182.0,67.0,37.0,1064,1064.0,100.0,Urban: Nearer to a major town or city,N13 5TY,London,308,Enfield,531090.0,192526.0,E02000312,E01001501,1,0,0,0,0,0,11.74,11.69,56.88,19.68,E01001501,E01001501,E01001501,3.0,2.0,695.0,4.0
102056.0,5401.0,Broomfield School,34.0,86.0,37.0,43.0,617,294.0,47.65,Urban: Nearer to a major town or city,N14 7HY,London,308,Enfield,529904.0,192375.0,E02000304,E01001535,1,0,0,0,0,0,18.27,4.55,59.13,18.05,E01001535,E01001535,E01001535,6.0,1.0,385.0,2.0
134311.0,6905.0,Oasis Academy Enfield,19.0,164.0,83.0,51.0,888,451.0,50.79,Urban: Nearer to a major town or city,EN3 7XH,London,308,Enfield,536783.0,199005.0,E02000279,E01001445,1,0,0,0,0,0,7.73,27.54,42.67,22.07,E01001445,E01001445,E01001445,2.0,1.0,788.0,4.0
136147.0,6907.0,Aylward Academy,25.0,223.0,117.0,53.0,1413,682.0,48.27,Urban: Nearer to a major town or city,N18 1NB,London,308,Enfield,532917.0,192731.0,E02000307,E01001465,1,0,0,0,0,0,16.91,16.27,46.32,20.5,E01001465,E01001465,E01001465,4.0,1.0,247.0,2.0
102156.0,4032.0,Fortismere School,70.0,269.0,42.0,16.0,1774,876.0,49.38,Urban: Nearer to a major town or city,N10 1NE,London,309,Haringey,528180.0,189842.0,E02000410,E01001996,1,0,0,0,0,0,7.63,3.08,79.59,9.71,E01001996,E01001996,E01001996,9.0,1.0,542.0,3.0
133386.0,6905.0,Greig City Academy,20.0,192.0,140.0,73.0,1120,455.0,40.62,Urban: Nearer to a major town or city,N8 7NU,London,309,Haringey,530501.0,189293.0,E02000416,E01033946,1,0,0,0,0,0,6.91,11.25,66.32,15.51,E01033946,E01033085,E01033085,3.0,2.0,158.0,1.0
102154.0,4030.0,Highgate Wood Secondary School,59.0,230.0,70.0,30.0,1424,680.0,47.75,Urban: Nearer to a major town or city,N8 8RN,London,309,Haringey,529449.0,188604.0,E02000429,E01001989,1,0,0,0,0,0,6.34,5.12,77.25,11.29,E01001989,E01001989,E01001989,7.0,1.0,172.0,1.0
102157.0,4033.0,Gladesmore Community School,38.0,232.0,171.0,74.0,1229,527.0,42.88,Urban: Nearer to a major town or city,N15 6EB,London,309,Haringey,534098.0,188572.0,E02000425,E01002052,1,0,0,0,0,0,4.72,8.49,66.23,20.56,E01002052,E01002052,E01002052,7.0,1.0,74.0,1.0
131757.0,4037.0,Park View School,24.0,200.0,104.0,52.0,1073,481.0,44.83,Urban: Nearer to a major town or city,N15 3QR,London,309,Haringey,532381.0,189320.0,E02000415,E01002084,1,0,0,0,0,0,14.07,11.92,56.47,17.54,E01002084,E01002084,E01002084,5.0,1.0,815.0,4.0
139362.0,4703.0,St Thomas More Catholic School,48.0,183.0,63.0,34.0,1171,551.0,47.05,Urban: Nearer to a major town or city,N22 5HN,London,309,Haringey,531069.0,191209.0,E02000403,E01002102,1,0,0,0,0,0,10.02,17.85,55.84,16.29,E01002102,E01002102,E01002102,3.0,1.0,246.0,2.0
102153.0,4029.0,Hornsey School for Girls,40.0,144.0,66.0,46.0,805,792.0,98.39,Urban: Nearer to a major town or city,N8 9JF,London,309,Haringey,530709.0,188684.0,E02000424,E01002016,1,0,0,0,0,0,6.17,13.85,63.3,16.68,E01002016,E01002016,E01002016,3.0,3.0,260.0,2.0
137745.0,4034.0,Woodside High School,34.0,145.0,64.0,44.0,1051,479.0,45.58,Urban: Nearer to a major town or city,N22 5QJ,London,309,Haringey,531614.0,191115.0,E02000404,E01002104,1,0,0,0,0,0,13.76,13.82,56.53,15.89,E01002104,E01002104,E01002104,3.0,1.0,568.0,3.0
137531.0,4036.0,Alexandra Park School,72.0,219.0,37.0,17.0,1683,808.0,48.01,Urban: Nearer to a major town or city,N11 2AZ,London,309,Haringey,529125.0,190891.0,E02000405,E01001963,1,0,0,0,0,0,6.39,3.11,77.79,12.72,E01001963,E01001963,E01001963,9.0,1.0,316.0,2.0
139616.0,4705.0,Heartlands High School,39.0,208.0,107.0,51.0,1107,503.0,45.44,Urban: Nearer to a major town or city,N22 7ST,London,309,Haringey,530345.0,190441.0,E02000412,E01002029,1,0,0,0,0,0,10.43,26.82,44.41,18.34,E01002029,E01002029,E01002029,2.0,3.0,306.0,2.0
138227.0,4000.0,Avanti House School,64.0,144.0,8.0,6.0,949,423.0,44.57,Urban: Nearer to a major town or city,HA7 2EQ,London,310,Harrow,517557.0,191303.0,E02000440,E01002109,1,0,0,0,0,0,46.35,2.98,41.08,9.59,E01002109,E01002109,E01002109,8.0,1.0,349.0,2.0
137028.0,4024.0,Nower Hill High School,66.0,299.0,54.0,18.0,1934,892.0,46.12,Urban: Nearer to a major town or city,HA5 5RP,London,310,Harrow,513351.0,189250.0,E02000451,E01002155,1,0,0,0,0,0,47.19,2.15,40.45,10.21,E01002155,E01002155,E01002155,10.0,1.0,352.0,2.0
137198.0,4027.0,Rooks Heath College,32.0,186.0,67.0,36.0,1149,532.0,46.3,Urban: Nearer to a major town or city,HA2 9AH,London,310,Harrow,512955.0,186076.0,E02000463,E01002215,1,0,0,0,0,0,38.62,10.2,38.67,12.51,E01002215,E01002215,E01002215,4.0,7.0,658.0,4.0
142864.0,4001.0,Pinner High School,,,,,495,224.0,45.25,Urban: Nearer to a major town or city,HA5 1NB,London,310,Harrow,511811.0,187922.0,E02000454,E01002191,1,0,0,0,0,0,55.86,2.87,31.64,9.64,E01002191,E01002191,E01002191,9.0,1.0,,
137204.0,4020.0,Hatch End High School,41.0,222.0,97.0,44.0,1197,509.0,42.52,Urban: Nearer to a major town or city,HA3 6NR,London,310,Harrow,513935.0,190977.0,E02000438,E01002151,1,0,0,0,0,0,30.5,15.47,41.62,12.4,E01002151,E01002151,E01002151,3.0,8.0,1203.0,6.0
137075.0,4021.0,Park High School,51.0,253.0,57.0,23.0,1513,665.0,43.95,Urban: Nearer to a major town or city,HA7 1PL,London,310,Harrow,517685.0,190370.0,E02000444,E01002107,1,0,0,0,0,0,59.13,3.91,29.48,7.48,E01002107,E01002107,E01002107,9.0,1.0,306.0,2.0
137199.0,4022.0,Canons High School,36.0,176.0,62.0,35.0,1250,489.0,39.12,Urban: Nearer to a major town or city,HA8 6AN,London,310,Harrow,518709.0,190352.0,E02000442,E01002200,1,0,0,0,0,0,63.2,3.95,28.31,4.54,E01002200,E01002200,E01002200,7.0,1.0,315.0,2.0
102239.0,4026.0,Whitmore High School,58.0,266.0,80.0,30.0,1676,787.0,46.96,Urban: Nearer to a major town or city,HA2 0AD,London,310,Harrow,514224.0,187316.0,E02000459,E01002136,1,0,0,0,0,0,37.24,6.79,43.73,12.25,E01002136,E01002136,E01002136,6.0,1.0,243.0,2.0
137178.0,4032.0,Bentley Wood High School,54.0,203.0,73.0,36.0,1205,1205.0,100.0,Urban: Nearer to a major town or city,HA7 3JW,London,310,Harrow,515553.0,192260.0,E02000433,E01002225,1,0,0,0,0,0,30.5,2.22,58.38,8.89,E01002225,E01002225,E01002225,10.0,1.0,1653.0,8.0
137177.0,4033.0,Harrow High School,33.0,157.0,50.0,32.0,866,367.0,42.38,Urban: Nearer to a major town or city,HA1 2JG,London,310,Harrow,515974.0,188106.0,E02000455,E01002127,1,0,0,0,0,0,47.39,4.03,37.98,10.61,E01002127,E01002127,E01002127,7.0,4.0,288.0,2.0
138458.0,5400.0,Salvatorian Roman Catholic College,57.0,111.0,27.0,24.0,363,,,Urban: Nearer to a major town or city,HA3 5DY,London,310,Harrow,515128.0,190321.0,E02000443,E01002232,1,0,0,0,0,0,37.06,8.22,33.67,21.04,E01002232,E01002232,E01002232,4.0,7.0,872.0,5.0
136600.0,5402.0,The Coopers' Company and Coborn School,77.0,189.0,14.0,7.0,1465,722.0,49.28,Urban: Nearer to a major town or city,RM14 3HS,London,311,Havering,556786.0,186575.0,E02000482,E01002384,1,0,0,0,0,0,5.35,0.98,89.11,4.56,E01002384,E01002384,E01002384,8.5,1.5,987.0,5.0
137396.0,4001.0,Redden Court School,54.0,147.0,28.0,19.0,799,394.0,49.31,Urban: Nearer to a major town or city,RM3 0TS,London,311,Havering,554725.0,189873.0,E02000473,E01002268,1,0,0,0,0,0,13.73,7.2,71.94,7.13,E01002268,E01002268,E01002268,8.0,1.0,1298.0,6.0
143428.0,4007.0,Harris Academy Rainham,46.0,188.0,49.0,26.0,941,460.0,48.88,Urban: Nearer to a major town or city,RM13 9XD,London,311,Havering,553088.0,181919.0,E02000492,E01002344,1,0,0,0,0,0,13.35,11.68,68.93,6.04,E01002344,E01002344,E01002344,4.0,1.0,1495.0,7.0
143946.0,4013.0,Hornchurch High School,37.0,167.0,35.0,21.0,725,318.0,43.86,Urban: Nearer to a major town or city,RM12 4AJ,London,311,Havering,552646.0,186721.0,E02000484,E01002324,1,0,0,0,0,0,8.06,5.07,83.81,3.06,E01002324,E01002324,E01002324,6.0,7.0,,
137040.0,4700.0,The Campion School,57.0,145.0,14.0,10.0,1113,,,Urban: Nearer to a major town or city,RM11 3BX,London,311,Havering,554726.0,189394.0,E02000473,E01002268,1,0,0,0,0,0,13.73,7.2,71.94,7.13,E01002268,E01002268,E01002268,8.0,1.0,1390.0,7.0
137197.0,4000.0,Hall Mead School,50.0,188.0,29.0,15.0,964,437.0,45.33,Urban: Nearer to a major town or city,RM14 1SF,London,311,Havering,556865.0,187459.0,E02000482,E01002254,1,0,0,0,0,0,5.35,0.98,89.11,4.56,E01002254,E01002254,E01002254,8.5,1.5,1241.0,6.0
136576.0,4003.0,The Brittons Academy,30.0,151.0,64.0,42.0,717,355.0,49.51,Urban: Nearer to a major town or city,RM13 7BB,London,311,Havering,551859.0,184206.0,E02000490,E01002373,1,0,0,0,0,0,9.81,13.45,70.92,5.82,E01002373,E01002373,E01002373,5.0,2.0,717.0,4.0
137414.0,4006.0,Emerson Park Academy,50.0,191.0,36.0,19.0,1010,401.0,39.7,Urban: Nearer to a major town or city,RM11 3AD,London,311,Havering,555559.0,188013.0,E02000478,E01002273,1,0,0,0,0,0,14.73,4.94,73.07,7.26,E01002273,E01002273,E01002273,9.0,3.0,846.0,5.0
139307.0,4042.0,Bower Park Academy,44.0,147.0,49.0,33.0,786,416.0,52.93,Urban: Nearer to a major town or city,RM1 4YY,London,311,Havering,551141.0,191853.0,E02000466,E01002304,1,0,0,0,0,0,10.19,3.57,81.7,4.54,E01002304,E01002304,E01002304,8.0,6.0,788.0,4.0
138326.0,5400.0,The Frances Bardsley Academy for Girls,61.0,213.0,45.0,21.0,1300,1300.0,100.0,Urban: Nearer to a major town or city,RM1 2RR,London,311,Havering,552491.0,188325.0,E02000479,E01002352,1,0,0,0,0,0,13.72,9.68,70.4,6.2,E01002352,E01002352,E01002352,4.0,4.0,277.0,2.0
136663.0,5401.0,Abbs Cross Academy and Arts College,50.0,161.0,35.0,22.0,822,391.0,47.57,Urban: Nearer to a major town or city,RM12 4YB,London,311,Havering,553190.0,186128.0,E02000486,E01002366,1,0,0,0,0,0,8.58,6.58,79.17,5.67,E01002366,E01002366,E01002366,5.0,2.0,1117.0,6.0
137233.0,5403.0,Sacred Heart of Mary Girls' School,57.0,122.0,17.0,14.0,798,798.0,100.0,Urban: Nearer to a major town or city,RM14 2QR,London,311,Havering,555627.0,186604.0,E02000485,E01002386,1,0,0,0,0,0,5.54,4.61,84.51,5.34,E01002386,E01002386,E01002386,5.0,1.0,739.0,4.0
136090.0,6905.0,Drapers' Academy,31.0,160.0,62.0,39.0,1076,509.0,47.3,Urban: Nearer to a major town or city,RM3 9XR,London,311,Havering,555206.0,192457.0,E02000465,E01002279,1,0,0,0,0,0,5.05,10.84,78.54,5.57,E01002279,E01002279,E01002279,4.0,4.0,1495.0,7.0
142887.0,4014.0,The Global Academy,22.0,104.0,25.0,24.0,297,164.0,55.22,Urban: Nearer to a major town or city,UB3 1DH,London,312,Hillingdon,509263.0,179598.0,E02000520,E01034613,1,0,0,0,0,0,36.88,13.22,36.08,13.82,E01034613,E01002406,E01002406,4.0,1.0,,
138368.0,4000.0,Parkside Studio College,6.0,16.0,10.0,63.0,71,34.0,47.89,Urban: Nearer to a major town or city,UB3 2SE,London,312,Hillingdon,509087.0,181288.0,E02000517,E01002401,1,0,0,0,0,0,43.54,13.78,28.77,13.91,E01002401,E01002401,E01002401,4.0,3.0,717.0,4.0
135004.0,6906.0,The Harefield Academy,44.0,100.0,26.0,26.0,480,217.0,45.21,Urban: Nearer to a major town or city,UB9 6ET,London,312,Hillingdon,505830.0,190837.0,E02000496,E01002440,1,0,0,0,0,0,7.52,3.16,84.14,5.18,E01002440,E01002440,E01002440,4.0,6.0,1893.0,9.0
141035.0,4009.0,De Salis Studio College,62.0,34.0,15.0,44.0,127,56.0,44.09,Urban: Nearer to a major town or city,UB4 8JP,London,312,Hillingdon,508346.0,182206.0,E02000511,E01002423,1,0,0,0,0,0,41.45,7.53,37.77,13.25,E01002423,E01002423,E01002423,7.0,3.0,457.0,3.0
137633.0,5400.0,Bishopshalt School,45.0,180.0,50.0,28.0,1297,632.0,48.73,Urban: Nearer to a major town or city,UB8 3RF,London,312,Hillingdon,506940.0,182635.0,E02000508,E01002414,1,0,0,0,0,0,23.49,12.12,51.97,12.42,E01002414,E01002414,E01002414,3.0,1.0,375.0,2.0
136711.0,5403.0,Queensmead School,57.0,234.0,52.0,22.0,1428,682.0,47.76,Urban: Nearer to a major town or city,HA4 0LS,London,312,Hillingdon,511763.0,185530.0,E02006796,E01002498,1,0,0,0,0,0,25.8,5.23,60.14,8.83,E01002498,E01002498,E01002498,8.0,2.0,393.0,2.0
136768.0,5404.0,Uxbridge High School,40.0,194.0,84.0,43.0,1230,526.0,42.76,Urban: Nearer to a major town or city,UB8 2PR,London,312,Hillingdon,506018.0,183113.0,E02000508,E01002414,1,0,0,0,0,0,23.49,12.12,51.97,12.42,E01002414,E01002414,E01002414,3.0,1.0,846.0,5.0
137829.0,5405.0,Northwood School,45.0,105.0,30.0,29.0,798,389.0,48.75,Urban: Nearer to a major town or city,HA6 1QN,London,312,Hillingdon,510406.0,190503.0,E02000495,E01002483,1,0,0,0,0,0,38.83,3.95,47.92,9.3,E01002483,E01002483,E01002483,8.0,2.0,581.0,3.0
136631.0,5410.0,Swakeleys School for Girls,64.0,168.0,59.0,35.0,1179,1158.0,98.22,Urban: Nearer to a major town or city,UB10 0EJ,London,312,Hillingdon,507941.0,183191.0,E02000510,E01002456,1,0,0,0,0,0,28.86,6.74,51.56,12.85,E01002456,E01002456,E01002456,5.0,3.0,1241.0,6.0
102451.0,5411.0,Harlington School,25.0,178.0,97.0,55.0,1157,557.0,48.14,Urban: Nearer to a major town or city,UB3 1PB,London,312,Hillingdon,508630.0,178733.0,E02000523,E01002488,1,0,0,0,0,0,56.77,7.88,23.4,11.95,E01002488,E01002488,E01002488,6.0,1.0,1298.0,6.0
137844.0,5412.0,Barnhill Community High School,52.0,233.0,106.0,46.0,1441,672.0,46.63,Urban: Nearer to a major town or city,UB4 9LE,London,312,Hillingdon,511160.0,182493.0,E02000513,E01002393,1,0,0,0,0,0,43.78,13.09,32.14,10.98,E01002393,E01002393,E01002393,5.0,1.0,1051.0,5.0
145121.0,4021.0,Park Academy West London,29.0,131.0,58.0,44.0,749,362.0,48.33,Urban: Nearer to a major town or city,UB8 3GA,London,312,Hillingdon,506879.0,181159.0,E02000518,E01002551,1,0,0,0,0,0,25.28,17.37,47.28,10.07,E01002551,E01002551,E01002551,3.0,2.0,,
140748.0,4023.0,Ruislip High School,49.0,179.0,36.0,20.0,1066,511.0,47.94,Urban: Nearer to a major town or city,HA4 0BY,London,312,Hillingdon,510448.0,186302.0,E02000503,E01002466,1,0,0,0,0,0,14.08,3.12,75.01,7.79,E01002466,E01002466,E01002466,7.0,3.0,581.0,3.0
137407.0,4600.0,Bishop Ramsey Church of England School,50.0,185.0,17.0,9.0,1235,639.0,51.74,Urban: Nearer to a major town or city,HA4 8EE,London,312,Hillingdon,510324.0,187865.0,E02000500,E01002435,1,0,0,0,0,0,22.74,1.04,69.58,6.64,E01002435,E01002435,E01002435,10.0,2.0,675.0,4.0
136519.0,5401.0,Haydon School,45.0,289.0,50.0,17.0,1854,918.0,49.51,Urban: Nearer to a major town or city,HA5 2LX,London,312,Hillingdon,509962.0,189644.0,E02000497,E01002479,1,0,0,0,0,0,26.21,4.5,60.82,8.46,E01002479,E01002479,E01002479,4.0,2.0,739.0,4.0
137635.0,5402.0,Vyners School,66.0,183.0,19.0,10.0,1170,545.0,46.58,Urban: Nearer to a major town or city,UB10 8AB,London,312,Hillingdon,506711.0,185521.0,E02000506,E01002461,1,0,0,0,0,0,37.63,2.91,47.82,11.64,E01002461,E01002461,E01002461,8.0,1.0,581.0,3.0
137077.0,5406.0,Rosedale College,53.0,109.0,50.0,46.0,795,326.0,41.01,Urban: Nearer to a major town or city,UB3 2SE,London,312,Hillingdon,509083.0,181288.0,E02000517,E01002401,1,0,0,0,0,0,43.54,13.78,28.77,13.91,E01002401,E01002401,E01002401,4.0,3.0,437.0,3.0
137078.0,5407.0,Hewens College,22.0,32.0,15.0,47.0,364,162.0,44.51,Urban: Nearer to a major town or city,UB4 8JP,London,312,Hillingdon,508346.0,182206.0,E02000511,E01002423,1,0,0,0,0,0,41.45,7.53,37.77,13.25,E01002423,E01002423,E01002423,7.0,3.0,457.0,3.0
137925.0,5408.0,The Douay Martyrs Catholic School,59.0,213.0,52.0,24.0,1338,608.0,45.44,Urban: Nearer to a major town or city,UB10 8QY,London,312,Hillingdon,507926.0,185611.0,E02000504,E01002460,1,0,0,0,0,0,17.09,2.26,75.42,5.23,E01002460,E01002460,E01002460,8.0,2.0,739.0,4.0
102449.0,5409.0,Oak Wood School,32.0,69.0,26.0,38.0,734,138.0,18.8,Urban: Nearer to a major town or city,UB10 9HT,London,312,Hillingdon,507810.0,183194.0,E02000507,E01002453,1,0,0,0,0,0,28.97,5.61,52.95,12.46,E01002453,E01002453,E01002453,5.0,1.0,1117.0,6.0
139276.0,4001.0,Kingsley Academy,21.0,108.0,28.0,26.0,744,352.0,47.31,Urban: Nearer to a major town or city,TW3 1AX,London,313,Hounslow,514089.0,175937.0,E02000537,E01002640,1,0,0,0,0,0,65.72,2.48,21.77,10.02,E01002640,E01002640,E01002640,6.0,1.0,452.0,3.0
142126.0,4003.0,Space Studio West London,37.0,60.0,27.0,45.0,189,59.0,31.22,Urban: Nearer to a major town or city,TW14 9PE,London,313,Hounslow,509821.0,173842.0,E02000547,E01002590,1,0,0,0,0,0,36.83,6.56,45.35,11.25,E01002590,E01002590,E01002590,7.0,2.0,394.0,3.0
137940.0,4500.0,Isleworth and Syon School for Boys,45.0,161.0,51.0,32.0,1056,,,Urban: Nearer to a major town or city,TW7 5LJ,London,313,Hounslow,515270.0,177040.0,E02000534,E01002680,1,0,0,0,0,0,35.52,4.19,48.0,12.29,E01002680,E01002680,E01002680,7.0,3.0,965.0,5.0
102545.0,5401.0,Gunnersbury Catholic School,69.0,178.0,40.0,23.0,1209,,,Urban: Nearer to a major town or city,TW8 9LB,London,313,Hounslow,517147.0,178506.0,E02000531,E01002563,1,0,0,0,0,0,11.58,6.74,71.5,10.17,E01002563,E01002563,E01002563,5.0,3.5,195.0,2.0
142781.0,4004.0,Logic Studio School,33.0,40.0,20.0,50.0,239,92.0,38.49,Urban: Nearer to a major town or city,TW13 7EF,London,313,Hounslow,511218.0,172870.0,E02000549,E01002611,1,0,0,0,0,0,30.24,5.33,52.29,12.14,E01002611,E01002611,E01002611,6.0,2.0,,
144515.0,4006.0,The Green School for Boys,,,,,236,0.0,0.0,Urban: Nearer to a major town or city,TW7 6AU,London,313,Hounslow,516545.0,176757.0,E02000539,E01002682,1,0,0,0,0,0,21.78,6.08,57.42,14.72,E01002682,E01002682,E01002682,5.33,2.67,,
137009.0,4022.0,Rivers Academy West London,39.0,152.0,60.0,40.0,1020,501.0,49.12,Urban: Nearer to a major town or city,TW14 9PE,London,313,Hounslow,509821.0,173842.0,E02000547,E01002590,1,0,0,0,0,0,36.83,6.56,45.35,11.25,E01002590,E01002590,E01002590,7.0,2.0,1117.0,6.0
136341.0,4027.0,Lampton Academy,49.0,233.0,76.0,33.0,1530,711.0,46.47,Urban: Nearer to a major town or city,TW3 4EP,London,313,Hounslow,513439.0,176624.0,E02000536,E01002628,1,0,0,0,0,0,64.78,5.76,17.93,11.53,E01002628,E01002628,E01002628,4.0,1.0,1089.0,6.0
137995.0,4800.0,St Mark's Catholic School,71.0,173.0,18.0,10.0,1213,587.0,48.39,Urban: Nearer to a major town or city,TW3 3EJ,London,313,Hounslow,513010.0,175635.0,E02000542,E01034038,1,0,0,0,0,0,60.16,8.38,20.14,11.32,E01034038,E01002664,E01002664,3.0,3.0,342.0,2.0
137928.0,5400.0,"Gumley House RC Convent School, FCJ",70.0,175.0,34.0,19.0,1075,1069.0,99.44,Urban: Nearer to a major town or city,TW7 6XF,London,313,Hounslow,516073.0,175779.0,E02000539,E01002668,1,0,0,0,0,0,21.78,6.08,57.42,14.72,E01002668,E01002668,E01002668,5.33,2.67,717.0,4.0
137907.0,4020.0,Chiswick School,40.0,193.0,68.0,35.0,1288,545.0,42.31,Urban: Nearer to a major town or city,W4 3UN,London,313,Hounslow,520934.0,177319.0,E02000532,E01002578,1,0,0,0,0,0,11.23,3.03,73.08,12.65,E01002578,E01002578,E01002578,8.0,2.0,581.0,3.0
137618.0,4023.0,Springwest Academy,30.0,117.0,39.0,33.0,904,430.0,47.57,Urban: Nearer to a major town or city,TW13 7EF,London,313,Hounslow,511218.0,172870.0,E02000549,E01002611,1,0,0,0,0,0,30.24,5.33,52.29,12.14,E01002611,E01002611,E01002611,6.0,2.0,437.0,3.0
139095.0,4024.0,Brentford School for Girls,42.0,136.0,65.0,48.0,895,892.0,99.66,Urban: Nearer to a major town or city,TW8 0PG,London,313,Hounslow,517692.0,177626.0,E02000531,E01002567,1,0,0,0,0,0,11.58,6.74,71.5,10.17,E01002567,E01002567,E01002567,5.0,3.5,415.0,3.0
138924.0,4026.0,Heston Community School,53.0,186.0,57.0,31.0,1252,617.0,49.28,Urban: Nearer to a major town or city,TW5 0QR,London,313,Hounslow,513320.0,177368.0,E02000536,E01002628,1,0,0,0,0,0,64.78,5.76,17.93,11.53,E01002628,E01002628,E01002628,4.0,1.0,500.0,3.0
102539.0,4028.0,The Heathland School,60.0,262.0,80.0,31.0,1788,854.0,47.76,Urban: Nearer to a major town or city,TW4 5JD,London,313,Hounslow,512912.0,174456.0,E02000546,E01002650,1,0,0,0,0,0,57.03,8.79,22.53,11.64,E01002650,E01002650,E01002650,4.0,1.0,597.0,3.0
136522.0,4029.0,Cranford Community College,58.0,206.0,62.0,30.0,1432,686.0,47.91,Urban: Nearer to a major town or city,TW5 9PD,London,313,Hounslow,510734.0,177722.0,E02000530,E01002633,1,0,0,0,0,0,47.91,13.68,27.46,10.95,E01002633,E01002633,E01002633,1.0,1.0,739.0,4.0
139989.0,4600.0,The Green School for Girls,57.0,148.0,50.0,34.0,897,895.0,99.78,Urban: Nearer to a major town or city,TW7 5BB,London,313,Hounslow,516420.0,176903.0,E02000539,E01002682,1,0,0,0,0,0,21.78,6.08,57.42,14.72,E01002682,E01002682,E01002682,5.33,2.67,822.0,4.0
141862.0,4001.0,The Kingston Academy,,,,,720,269.0,37.36,Urban: Nearer to a major town or city,KT2 5PE,London,314,Kingston upon Thames,518161.0,170781.0,E02000598,E01003010,1,0,0,0,0,0,10.9,0.56,81.46,7.08,E01003010,E01003010,E01003010,10.0,3.0,,
137848.0,4004.0,Coombe Girls' School,66.0,209.0,43.0,21.0,1343,1265.0,94.19,Urban: Nearer to a major town or city,KT3 3TU,London,314,Kingston upon Thames,520889.0,169344.0,E02000605,E01002961,1,0,0,0,0,0,25.73,1.2,60.39,12.69,E01002961,E01002961,E01002961,8.0,2.0,1390.0,7.0
137917.0,4009.0,Southborough High School,43.0,126.0,26.0,21.0,802,,,Urban: Nearer to a major town or city,KT6 5AS,London,314,Kingston upon Thames,518286.0,165452.0,E02000613,E01003002,1,0,0,0,0,0,10.99,4.08,75.55,9.37,E01003002,E01003002,E01003002,4.0,4.0,491.0,3.0
137060.0,4011.0,Tolworth Girls' School and Sixth Form,46.0,199.0,29.0,15.0,1293,1275.0,98.61,Urban: Nearer to a major town or city,KT6 7EY,London,314,Kingston upon Thames,518716.0,165335.0,E02000614,E01003000,1,0,0,0,0,0,23.68,3.15,61.04,12.13,E01003000,E01003000,E01003000,4.0,6.0,328.0,2.0
138459.0,5402.0,The Holy Cross School,69.0,147.0,30.0,20.0,969,969.0,100.0,Urban: Nearer to a major town or city,KT3 5AR,London,314,Kingston upon Thames,521026.0,167976.0,E02000609,E01002984,1,0,0,0,0,0,32.57,2.77,51.37,13.29,E01002984,E01002984,E01002984,5.5,5.5,377.0,2.0
137678.0,5404.0,The Hollyfield School and Sixth Form Centre,48.0,177.0,33.0,19.0,1060,382.0,36.04,Urban: Nearer to a major town or city,KT6 4TU,London,314,Kingston upon Thames,518430.0,167792.0,E02000606,E01002990,1,0,0,0,0,0,9.6,1.87,78.16,10.36,E01002990,E01002990,E01002990,10.0,2.0,245.0,2.0
137299.0,5401.0,Richard Challoner School,70.0,145.0,8.0,6.0,1028,,,Urban: Nearer to a major town or city,KT3 5PE,London,314,Kingston upon Thames,520779.0,166528.0,E02000609,E01002975,1,0,0,0,0,0,32.57,2.77,51.37,13.29,E01002975,E01002975,E01002975,5.5,5.5,346.0,2.0
137859.0,5403.0,Coombe Boys' School,51.0,142.0,31.0,22.0,827,,,Urban: Nearer to a major town or city,KT3 6NU,London,314,Kingston upon Thames,522052.0,167718.0,E02000612,E01002983,1,0,0,0,0,0,26.9,1.08,58.0,14.02,E01002983,E01002983,E01002983,7.0,3.0,500.0,3.0
138495.0,4000.0,Harris Academy Morden,46.0,127.0,46.0,36.0,820,394.0,48.05,Urban: Nearer to a major town or city,SM4 6DU,London,315,Merton,526739.0,167418.0,E02000710,E01003437,1,0,0,0,0,0,25.04,7.29,56.48,11.19,E01003437,E01003437,E01003437,6.0,2.0,356.0,2.0
102673.0,4050.0,Ricards Lodge High School,50.0,229.0,65.0,28.0,1324,1324.0,100.0,Urban: Nearer to a major town or city,SW19 7HB,London,315,Merton,524833.0,171489.0,E02000690,E01003465,1,0,0,0,0,0,10.01,0.76,79.07,10.16,E01003465,E01003465,E01003465,10.0,1.0,437.0,3.0
102674.0,4052.0,Raynes Park High School,39.0,140.0,53.0,38.0,1028,502.0,48.83,Urban: Nearer to a major town or city,SW20 0JL,London,315,Merton,522579.0,168610.0,E02000704,E01003447,1,0,0,0,0,0,15.79,8.24,64.67,11.3,E01003447,E01003447,E01003447,3.0,6.0,1298.0,6.0
102679.0,4500.0,Rutlish School,52.0,226.0,44.0,20.0,1325,,,Urban: Nearer to a major town or city,SW20 9AD,London,315,Merton,524743.0,169223.0,E02000699,E01003423,1,0,0,0,0,0,13.16,1.22,72.94,12.68,E01003423,E01003423,E01003423,9.0,3.0,415.0,3.0
102681.0,4701.0,Wimbledon College,57.0,192.0,38.0,20.0,1264,,,Urban: Nearer to a major town or city,SW19 4NS,London,315,Merton,523764.0,170414.0,E02000692,E01003403,1,0,0,0,0,0,9.46,1.22,80.88,8.45,E01003403,E01003403,E01003403,9.0,3.0,822.0,4.0
131897.0,6905.0,Harris Academy Merton,47.0,162.0,70.0,43.0,1234,520.0,42.14,Urban: Nearer to a major town or city,CR4 1BP,London,315,Merton,529866.0,168628.0,E02000707,E01003433,1,0,0,0,0,0,18.64,36.03,34.53,10.8,E01003433,E01003433,E01003433,4.0,5.0,626.0,3.0
134003.0,6906.0,St Mark's Church of England Academy,36.0,133.0,54.0,41.0,798,406.0,50.88,Urban: Nearer to a major town or city,CR4 1SF,London,315,Merton,528471.0,169091.0,E02000702,E01003387,1,0,0,0,0,0,18.13,23.84,46.14,11.89,E01003387,E01003387,E01003387,3.0,5.0,406.0,3.0
102786.0,4600.0,St Angela's Ursuline School,51.0,184.0,65.0,35.0,1290,1211.0,93.88,Urban: Nearer to a major town or city,E7 8HU,London,316,Newham,540773.0,184542.0,E02000721,E01003571,1,0,0,0,0,0,75.2,7.59,12.91,4.3,E01003571,E01003571,E01003571,4.0,1.0,143.0,1.0
136978.0,5400.0,Stratford School Academy,49.0,171.0,80.0,47.0,1372,414.0,30.17,Urban: Nearer to a major town or city,E7 9PR,London,316,Newham,540427.0,184397.0,E02000730,E01003574,1,0,0,0,0,0,64.51,11.69,16.47,7.33,E01003574,E01003574,E01003574,4.0,1.0,76.0,1.0
141082.0,4006.0,Oasis Academy Silvertown,61.0,57.0,34.0,60.0,324,166.0,51.23,Urban: Nearer to a major town or city,E16 2BB,London,316,Newham,540700.0,180318.0,E02006999,E01034225,1,0,0,0,0,0,22.24,26.17,40.55,11.05,E01034225,E01003609,E01003609,3.0,1.0,,
142903.0,4009.0,London Design and Engineering UTC,37.0,81.0,44.0,54.0,404,101.0,25.0,Urban: Nearer to a major town or city,E16 2RD,London,316,Newham,543476.0,180777.0,E02000748,E01003481,1,0,0,0,0,0,18.24,16.63,55.44,9.69,E01003481,E01003481,E01003481,4.5,2.0,,
102776.0,4015.0,Little Ilford School,44.0,266.0,132.0,50.0,1402,550.0,39.23,Urban: Nearer to a major town or city,E12 6JB,London,316,Newham,542764.0,185163.0,E02000718,E01003575,1,0,0,0,0,0,64.88,10.88,17.8,6.43,E01003575,E01003575,E01003575,4.0,1.0,779.0,4.0
136669.0,4031.0,Brampton Manor Academy,52.0,305.0,182.0,60.0,2343,1274.0,54.37,Urban: Nearer to a major town or city,E6 3SQ,London,316,Newham,541769.0,182383.0,E02000742,E01003539,1,0,0,0,0,0,41.46,15.4,33.59,9.55,E01003539,E01003539,E01003539,4.0,1.0,342.0,2.0
132058.0,4037.0,Kingsford Community School,48.0,272.0,149.0,55.0,1503,680.0,45.24,Urban: Nearer to a major town or city,E6 5JG,London,316,Newham,542700.0,181463.0,E02000748,E01003479,1,0,0,0,0,0,18.24,16.63,55.44,9.69,E01003479,E01003479,E01003479,4.5,2.0,342.0,2.0
102787.0,4601.0,St Bonaventure's RC School,48.0,198.0,59.0,30.0,1310,,,Urban: Nearer to a major town or city,E7 9QD,London,316,Newham,540513.0,184161.0,E02000730,E01003574,1,0,0,0,0,0,64.51,11.69,16.47,7.33,E01003574,E01003574,E01003574,4.0,1.0,176.0,1.0
137418.0,4605.0,The Ursuline Academy Ilford,71.0,122.0,27.0,22.0,774,774.0,100.0,Urban: Nearer to a major town or city,IG1 4JU,London,317,Redbridge,543549.0,186884.0,E02000776,E01003781,1,0,0,0,0,0,56.33,15.04,21.79,6.85,E01003781,E01003781,E01003781,4.0,1.0,486.0,3.0
102858.0,4035.0,Mayfield School,36.0,282.0,101.0,36.0,1954,929.0,47.54,Urban: Nearer to a major town or city,RM8 1XE,London,317,Redbridge,547083.0,187196.0,E02006800,E01032581,1,0,0,0,0,0,34.42,17.16,36.86,11.56,E01032581,E01032581,E01032581,3.0,2.0,489.0,3.0
137692.0,4000.0,Forest Academy,35.0,128.0,37.0,29.0,576,255.0,44.27,Urban: Nearer to a major town or city,IG6 3TN,London,317,Redbridge,546554.0,192112.0,E02000752,E01003722,1,0,0,0,0,0,27.25,13.48,51.2,8.06,E01003722,E01003722,E01003722,3.0,1.0,1117.0,6.0
102849.0,4006.0,Caterham High School,39.0,158.0,49.0,31.0,1062,520.0,48.96,Urban: Nearer to a major town or city,IG5 0QW,London,317,Redbridge,542915.0,190310.0,E02000758,E01003708,1,0,0,0,0,0,33.62,15.67,35.56,15.14,E01003708,E01003708,E01003708,3.0,1.0,788.0,4.0
102851.0,4021.0,Wanstead High School,63.0,233.0,44.0,19.0,1387,660.0,47.58,Urban: Nearer to a major town or city,E11 2JZ,London,317,Redbridge,541203.0,188279.0,E02000768,E01003795,1,0,0,0,0,0,19.81,4.93,67.74,7.52,E01003795,E01003795,E01003795,10.0,1.0,356.0,2.0
102854.0,4029.0,Woodbridge High School,57.0,290.0,72.0,25.0,1788,852.0,47.65,Urban: Nearer to a major town or city,IG8 7DQ,London,317,Redbridge,540912.0,191083.0,E02000759,E01003760,1,0,0,0,0,0,24.97,11.85,53.42,9.75,E01003760,E01003760,E01003760,6.0,1.0,521.0,3.0
140575.0,4030.0,Beal High School,66.0,353.0,70.0,20.0,2562,1150.0,44.89,Urban: Nearer to a major town or city,IG4 5LP,London,317,Redbridge,542242.0,189440.0,E02006925,E01003681,1,0,0,0,0,0,55.56,8.65,25.61,10.18,E01003681,E01003681,E01003681,6.0,1.0,325.0,2.0
102857.0,4033.0,Valentines High School,59.0,174.0,50.0,29.0,1256,595.0,47.37,Urban: Nearer to a major town or city,IG2 6HX,London,317,Redbridge,543321.0,188179.0,E02006924,E01003690,1,0,0,0,0,0,60.9,3.66,27.6,7.84,E01003690,E01003690,E01003690,6.0,2.0,371.0,2.0
133405.0,4040.0,Oaks Park High School,53.0,237.0,66.0,28.0,1800,859.0,47.72,Urban: Nearer to a major town or city,IG2 7PQ,London,317,Redbridge,545026.0,188695.0,E02000763,E01003642,1,0,0,0,0,0,51.81,7.29,28.25,12.66,E01003642,E01003642,E01003642,6.0,1.0,1051.0,5.0
102860.0,4603.0,Trinity Catholic High School,68.0,242.0,30.0,12.0,1712,869.0,50.76,Urban: Nearer to a major town or city,IG8 0TP,London,317,Redbridge,540024.0,192805.0,E02000751,E01003746,1,0,0,0,0,0,15.23,3.7,73.18,7.89,E01003746,E01003746,E01003746,9.0,1.0,377.0,2.0
102861.0,4604.0,Kantor King Solomon High School,46.0,175.0,47.0,27.0,1054,498.0,47.25,Urban: Nearer to a major town or city,IG6 3HB,London,317,Redbridge,544699.0,190369.0,E02000756,E01003700,1,0,0,0,0,0,36.3,5.7,49.52,8.47,E01003700,E01003700,E01003700,7.0,1.0,1241.0,6.0
137088.0,4800.0,The Palmer Catholic Academy,60.0,188.0,51.0,27.0,1145,497.0,43.41,Urban: Nearer to a major town or city,IG3 8EU,London,317,Redbridge,545277.0,187125.0,E02000770,E01003757,1,0,0,0,0,0,59.26,10.5,20.49,9.75,E01003757,E01003757,E01003757,4.0,1.0,786.0,4.0
136267.0,5400.0,Chadwell Heath Academy,61.0,179.0,55.0,31.0,1261,611.0,48.45,Urban: Nearer to a major town or city,RM6 4RS,London,317,Redbridge,546883.0,188007.0,E02000772,E01003770,1,0,0,0,0,0,58.35,10.4,22.21,9.04,E01003770,E01003770,E01003770,6.0,1.0,371.0,2.0
141963.0,4001.0,Turing House School,,,,,451,140.0,31.04,Urban: Nearer to a major town or city,TW2 6LH,London,318,Richmond upon Thames,513510.0,173655.0,E02000796,E01003842,1,0,0,0,0,0,14.84,2.93,72.97,9.26,E01003842,E01003842,E01003842,5.5,4.0,,
143022.0,4002.0,The Richmond upon Thames School,,,,,268,102.0,38.06,Urban: Nearer to a major town or city,TW2 7SL,London,318,Richmond upon Thames,515378.0,173822.0,E02000794,E01003867,1,0,0,0,0,0,15.19,3.08,71.88,9.86,E01003867,E01003867,E01003867,8.0,2.0,,
143419.0,4003.0,Hampton High,38.0,136.0,40.0,29.0,670,336.0,50.15,Urban: Nearer to a major town or city,TW12 3HB,London,318,Richmond upon Thames,513136.0,171256.0,E02000803,E01003829,1,0,0,0,0,0,8.82,3.37,78.21,9.59,E01003829,E01003829,E01003829,3.0,10.0,,
138825.0,4006.0,Grey Court School,59.0,203.0,31.0,15.0,1396,591.0,42.34,Urban: Nearer to a major town or city,TW10 7HN,London,318,Richmond upon Thames,517406.0,172452.0,E02000795,E01003817,1,0,0,0,0,0,10.67,2.21,78.16,8.96,E01003817,E01003817,E01003817,8.0,1.0,238.0,2.0
143420.0,4004.0,Twickenham School,41.0,131.0,38.0,29.0,539,242.0,44.9,Urban: Nearer to a major town or city,TW2 6JW,London,318,Richmond upon Thames,513847.0,172972.0,E02000796,E01003844,1,0,0,0,0,0,14.84,2.93,72.97,9.26,E01003844,E01003844,E01003844,5.5,4.0,,
138651.0,4010.0,Orleans Park School,67.0,198.0,25.0,13.0,1282,504.0,39.31,Urban: Nearer to a major town or city,TW1 3BB,London,318,Richmond upon Thames,516818.0,173617.0,E02000792,E01003895,1,0,0,0,0,0,6.45,2.43,83.54,7.58,E01003895,E01003895,E01003895,9.0,6.0,205.0,2.0
138460.0,4013.0,Teddington School,61.0,236.0,33.0,14.0,1222,512.0,41.9,Urban: Nearer to a major town or city,TW11 9PJ,London,318,Richmond upon Thames,517446.0,170646.0,E02000805,E01003837,1,0,0,0,0,0,6.66,1.51,83.24,8.6,E01003837,E01003837,E01003837,8.0,1.0,1173.0,6.0
138461.0,4021.0,Waldegrave School,71.0,202.0,28.0,14.0,1396,1298.0,92.98,Urban: Nearer to a major town or city,TW2 5LH,London,318,Richmond upon Thames,514710.0,172450.0,E02000798,E01003900,1,0,0,0,0,0,9.31,3.26,78.05,9.37,E01003900,E01003900,E01003900,5.0,7.0,256.0,2.0
102929.0,4603.0,Christ's Church of England Comprehensive Secondary School,53.0,149.0,38.0,26.0,890,356.0,40.0,Urban: Nearer to a major town or city,TW10 6HW,London,318,Richmond upon Thames,519020.0,174697.0,E02000789,E01003875,1,0,0,0,0,0,12.85,0.96,74.24,11.95,E01003875,E01003875,E01003875,8.0,1.0,164.0,1.0
136208.0,6907.0,Richmond Park Academy,52.0,154.0,52.0,34.0,872,415.0,47.59,Urban: Nearer to a major town or city,SW14 8RG,London,318,Richmond upon Thames,521022.0,175147.0,E02000788,E01003809,1,0,0,0,0,0,6.88,0.53,83.55,9.04,E01003809,E01003809,E01003809,10.0,1.0,414.0,3.0
136800.0,4007.0,Greenshaw High School,49.0,236.0,69.0,29.0,1802,832.0,46.17,Urban: Nearer to a major town or city,SM1 3DY,London,319,Sutton,526548.0,165719.0,E02000846,E01004147,1,0,0,0,0,0,14.78,3.6,75.05,6.57,E01004147,E01004147,E01004147,9.0,5.0,903.0,5.0
136756.0,4019.0,Overton Grange School,43.0,198.0,37.0,19.0,1217,569.0,46.75,Urban: Nearer to a major town or city,SM2 6TQ,London,319,Sutton,525710.0,163007.0,E02000857,E01004155,1,0,0,0,0,0,19.85,5.3,66.33,8.51,E01004155,E01004155,E01004155,8.0,5.0,1390.0,7.0
136799.0,4000.0,Carshalton Boys Sports College,39.0,199.0,60.0,30.0,1339,,,Urban: Nearer to a major town or city,SM5 1RW,London,319,Sutton,527120.0,165871.0,E02000844,E01004127,1,0,0,0,0,0,17.05,5.27,68.24,9.45,E01004127,E01004127,E01004127,6.0,5.0,274.0,2.0
136797.0,4002.0,Carshalton High School for Girls,42.0,190.0,53.0,28.0,1336,1334.0,99.85,Urban: Nearer to a major town or city,SM5 2QX,London,319,Sutton,527532.0,164987.0,E02000854,E01004100,1,0,0,0,0,0,12.45,4.39,76.47,6.68,E01004100,E01004100,E01004100,6.0,3.0,346.0,2.0
136914.0,4011.0,Glenthorne High School,61.0,239.0,44.0,18.0,1571,834.0,53.09,Urban: Nearer to a major town or city,SM3 9PS,London,319,Sutton,525279.0,166203.0,E02000842,E01004130,1,0,0,0,0,0,16.88,5.34,70.04,7.73,E01004130,E01004130,E01004130,7.0,4.0,739.0,4.0
103009.0,5402.0,The John Fisher School,66.0,154.0,17.0,11.0,1113,,,Urban: Nearer to a major town or city,CR8 3YP,London,319,Sutton,530067.0,162365.0,E02000863,E01004085,1,0,0,0,0,0,29.7,8.23,54.02,8.04,E01004085,E01004085,E01004085,8.0,2.0,822.0,4.0
136785.0,5403.0,Cheam High School,59.0,291.0,35.0,12.0,2001,946.0,47.28,Urban: Nearer to a major town or city,SM3 8PW,London,319,Sutton,524151.0,164535.0,E02000848,E01004115,1,0,0,0,0,0,19.47,2.78,70.12,7.63,E01004115,E01004115,E01004115,8.0,4.0,366.0,2.0
103013.0,5406.0,St Philomena's Catholic High School for Girls,64.0,202.0,27.0,13.0,1403,1403.0,100.0,Urban: Nearer to a major town or city,SM5 3PS,London,319,Sutton,527515.0,164392.0,E02000854,E01004100,1,0,0,0,0,0,12.45,4.39,76.47,6.68,E01004100,E01004100,E01004100,6.0,3.0,500.0,3.0
140957.0,4002.0,Eden Girls' School Waltham Forest,66.0,97.0,43.0,44.0,538,538.0,100.0,Urban: Nearer to a major town or city,E17 5SD,London,320,Waltham Forest,535685.0,190166.0,E02000908,E01004401,1,0,0,0,0,0,14.54,16.27,55.58,13.61,E01004401,E01004401,E01004401,3.5,1.0,,
138859.0,4001.0,South Chingford Foundation School,30.0,125.0,42.0,34.0,545,208.0,38.17,Urban: Nearer to a major town or city,E4 8SG,London,320,Waltham Forest,537754.0,191405.0,E02000902,E01004419,1,0,0,0,0,0,21.82,18.01,46.09,14.08,E01004419,E01004419,E01004419,6.0,1.0,377.0,2.0
138691.0,5401.0,Chingford Foundation School,46.0,226.0,62.0,27.0,1433,666.0,46.48,Urban: Nearer to a major town or city,E4 7LT,London,320,Waltham Forest,538024.0,194236.0,E02000895,E01004357,1,0,0,0,0,0,11.86,15.02,63.22,9.91,E01004357,E01004357,E01004357,4.0,2.0,903.0,5.0
103094.0,4060.0,Frederick Bremer School,43.0,161.0,63.0,39.0,841,285.0,33.89,Urban: Nearer to a major town or city,E17 4EY,London,320,Waltham Forest,538394.0,190293.0,E02000904,E01004348,1,0,0,0,0,0,20.79,17.88,49.32,12.01,E01004348,E01004348,E01004348,4.0,1.0,1051.0,5.0
139293.0,4061.0,Connaught School for Girls,55.0,117.0,36.0,31.0,624,624.0,100.0,Urban: Nearer to a major town or city,E11 4AE,London,320,Waltham Forest,539036.0,187172.0,E02000918,E01004440,1,0,0,0,0,0,23.85,11.05,54.77,10.32,E01004440,E01004440,E01004440,6.0,1.0,316.0,2.0
103097.0,4063.0,Heathcote School & Science College,43.0,152.0,51.0,34.0,1147,553.0,48.21,Urban: Nearer to a major town or city,E4 6ES,London,320,Waltham Forest,539369.0,193857.0,E02000897,E01004389,1,0,0,0,0,0,10.51,10.62,68.53,10.33,E01004389,E01004389,E01004389,2.0,4.0,1298.0,6.0
143385.0,4064.0,Norlington School and 6th Form,51.0,107.0,40.0,37.0,642,,,Urban: Nearer to a major town or city,E10 6JZ,London,320,Waltham Forest,538589.0,187271.0,E02000917,E01004370,1,0,0,0,0,0,17.58,15.21,56.02,11.18,E01004370,E01004370,E01004370,9.0,1.0,211.0,2.0
103100.0,4066.0,Willowfield School,43.0,153.0,54.0,35.0,856,325.0,37.97,Urban: Nearer to a major town or city,E17 6ND,London,320,Waltham Forest,535903.0,189267.0,E02000908,E01004393,1,0,0,0,0,0,14.54,16.27,55.58,13.61,E01004393,E01004393,E01004393,3.5,1.0,700.0,4.0
103101.0,4069.0,Leytonstone School,45.0,153.0,53.0,35.0,816,342.0,41.91,Urban: Nearer to a major town or city,E11 1JD,London,320,Waltham Forest,539160.0,188230.0,E02000915,E01004442,1,0,0,0,0,0,20.65,7.7,59.61,12.04,E01004442,E01004442,E01004442,7.0,1.0,423.0,3.0
103103.0,4072.0,Walthamstow School for Girls,54.0,173.0,66.0,38.0,887,887.0,100.0,Urban: Nearer to a major town or city,E17 9RZ,London,320,Waltham Forest,537693.0,189250.0,E02000907,E01004410,1,0,0,0,0,0,12.79,22.89,53.18,11.13,E01004410,E01004410,E01004410,3.0,5.0,327.0,2.0
103105.0,4075.0,Kelmscott School,24.0,162.0,63.0,39.0,838,313.0,37.35,Urban: Nearer to a major town or city,E17 8DN,London,320,Waltham Forest,536724.0,188142.0,E02000912,E01004449,1,0,0,0,0,0,32.77,24.15,28.07,15.01,E01004449,E01004449,E01004449,1.0,2.0,568.0,3.0
103106.0,4603.0,Holy Family Catholic School,53.0,172.0,45.0,26.0,1209,586.0,48.47,Urban: Nearer to a major town or city,E17 3EA,London,320,Waltham Forest,538138.0,189746.0,E02000907,E01004470,1,0,0,0,0,0,12.79,22.89,53.18,11.13,E01004470,E01004470,E01004470,3.0,5.0,263.0,2.0
137558.0,5400.0,Highams Park School,39.0,222.0,52.0,23.0,1489,710.0,47.68,Urban: Nearer to a major town or city,E4 9PJ,London,320,Waltham Forest,538793.0,191859.0,E02000901,E01004388,1,0,0,0,0,0,7.67,9.24,72.15,10.94,E01004388,E01004388,E01004388,4.0,4.0,330.0,2.0
132727.0,6905.0,Walthamstow Academy,51.0,168.0,77.0,46.0,1045,455.0,43.54,Urban: Nearer to a major town or city,E17 5DP,London,320,Waltham Forest,536929.0,190810.0,E02000905,E01004346,1,0,0,0,0,0,13.97,14.25,59.99,11.8,E01004346,E01004346,E01004346,4.0,1.0,1051.0,5.0
139047.0,4005.0,Four Dwellings Academy,28.0,96.0,53.0,55.0,509,230.0,45.19,Urban: Nearer to a major town or city,B32 1RJ,West Midlands,330,Birmingham,399851.0,284123.0,E02001906,E01009253,1,0,0,0,0,0,18.2,6.55,66.83,8.42,E01009253,E01009253,E01009253,5.0,4.0,1298.0,6.0
139048.0,4006.0,Greenwood Academy,28.0,116.0,69.0,60.0,832,432.0,51.92,Urban: Nearer to a major town or city,B35 7NL,West Midlands,330,Birmingham,414873.0,291387.0,E02001855,E01009097,1,0,0,0,0,0,3.47,10.26,76.6,9.67,E01009097,E01009097,E01009097,1.0,10.0,819.0,4.0
135911.0,6907.0,Shenley Academy,34.0,181.0,93.0,51.0,1031,484.0,46.94,Urban: Nearer to a major town or city,B29 4HE,West Midlands,330,Birmingham,401668.0,281322.0,E02001932,E01009495,1,0,0,0,0,0,10.96,6.54,72.6,9.89,E01009495,E01009495,E01009495,1.0,8.0,1298.0,6.0
136032.0,6909.0,North Birmingham Academy,41.0,158.0,99.0,63.0,1012,521.0,51.48,Urban: Nearer to a major town or city,B44 0HF,West Midlands,330,Birmingham,408348.0,292910.0,E02001848,E01009123,1,0,0,0,0,0,17.88,20.78,53.88,7.46,E01009123,E01009123,E01009123,2.0,7.0,568.0,3.0
136944.0,4000.0,Birmingham Ormiston Academy,58.0,179.0,26.0,15.0,1044,759.0,72.7,Urban: Nearer to a major town or city,B4 7QD,West Midlands,330,Birmingham,407688.0,287239.0,E02001876,E01033617,1,0,0,0,0,0,34.17,28.11,27.59,10.14,E01033617,E01033617,E01033617,3.67,1.33,106.0,1.0
141969.0,4021.0,"Eden Boys' School, Birmingham",86.0,49.0,21.0,43.0,487,,,Urban: Nearer to a major town or city,B42 2SY,West Midlands,330,Birmingham,407178.0,291243.0,E02001859,E01009239,1,0,0,0,0,0,46.05,23.8,20.87,9.28,E01009239,E01009239,E01009239,2.0,4.0,,
143413.0,2168.0,Erdington Academy,21.0,165.0,118.0,72.0,891,441.0,49.49,Urban: Nearer to a major town or city,B24 8RE,West Midlands,330,Birmingham,411076.0,290747.0,E02001857,E01008998,1,0,0,0,0,0,34.34,18.24,39.47,7.95,E01008998,E01008998,E01008998,1.0,7.0,987.0,5.0
138586.0,4004.0,Nishkam High School,60.0,97.0,34.0,35.0,661,324.0,49.02,Urban: Nearer to a major town or city,B19 2LF,West Midlands,330,Birmingham,406384.0,288647.0,E02001875,E01008911,1,0,0,0,0,0,18.56,59.02,10.41,12.01,E01008911,E01008911,E01008911,1.0,1.0,541.0,3.0
139788.0,4010.0,Waverley Studio College,14.0,57.0,30.0,53.0,236,142.0,60.17,Urban: Nearer to a major town or city,B9 5SX,West Midlands,330,Birmingham,411353.0,286602.0,E02001889,E01009342,1,0,0,0,0,0,66.68,6.53,15.37,11.42,E01009342,E01009342,E01009342,4.0,4.0,674.0,4.0
140863.0,4014.0,The University of Birmingham School,,,,,805,358.0,44.47,Urban: Nearer to a major town or city,B29 6QU,West Midlands,330,Birmingham,403579.0,282039.0,E02001925,E01009295,1,0,0,0,0,0,25.25,8.1,57.54,9.11,E01009295,E01009295,E01009295,3.0,5.0,,
138222.0,4003.0,Aston University Engineering Academy,24.0,136.0,71.0,52.0,608,146.0,24.01,Urban: Nearer to a major town or city,B7 4AG,West Midlands,330,Birmingham,407809.0,287905.0,E02001876,E01033561,1,0,0,0,0,0,34.17,28.11,27.59,10.14,E01033561,E01033561,E01033561,3.67,1.33,193.0,2.0
137346.0,4012.0,Hillcrest School and Sixth Form Centre,44.0,95.0,51.0,54.0,531,527.0,99.25,Urban: Nearer to a major town or city,B32 3AE,West Midlands,330,Birmingham,401291.0,283087.0,E02001921,E01008919,1,0,0,0,0,0,14.28,9.7,61.81,14.22,E01008919,E01008919,E01008919,2.0,7.0,1298.0,6.0
140014.0,4013.0,Ark Boulton Academy,33.0,175.0,102.0,58.0,894,410.0,45.86,Urban: Nearer to a major town or city,B11 2QG,West Midlands,330,Birmingham,409552.0,284351.0,E02007039,E01009339,1,0,0,0,0,0,68.2,6.35,10.84,14.61,E01009339,E01009339,E01009339,1.0,2.0,699.0,4.0
103483.0,4015.0,Hodge Hill Girls' School,40.0,147.0,69.0,47.0,750,750.0,100.0,Urban: Nearer to a major town or city,B36 8EY,West Midlands,330,Birmingham,412466.0,289425.0,E02001870,E01009082,1,0,0,0,0,0,33.09,14.01,43.55,9.34,E01009082,E01009082,E01009082,2.0,7.0,972.0,5.0
141668.0,4018.0,Saltley Academy,27.0,201.0,108.0,54.0,1097,526.0,47.95,Urban: Nearer to a major town or city,B9 5RX,West Midlands,330,Birmingham,411507.0,287349.0,E02001881,E01009476,1,0,0,0,0,0,65.22,10.66,11.75,12.37,E01009476,E01009476,E01009476,2.0,4.0,483.0,3.0
144306.0,4024.0,Tile Cross Academy,20.0,113.0,63.0,56.0,553,248.0,44.85,Urban: Nearer to a major town or city,B33 9UF,West Midlands,330,Birmingham,415713.0,287288.0,E02001883,E01009300,1,0,0,0,0,0,21.91,9.04,58.19,10.85,E01009300,E01009300,E01009300,1.0,10.0,,
145120.0,4029.0,Lordswood Boys' School,31.0,61.0,22.0,36.0,323,,,Urban: Nearer to a major town or city,B17 8BJ,West Midlands,330,Birmingham,402471.0,286012.0,E02001899,E01009066,1,0,0,0,0,0,35.78,3.61,50.59,10.02,E01009066,E01009066,E01009066,10.0,7.0,,
136592.0,4060.0,Lordswood Girls' School and Sixth Form Centre,49.0,124.0,38.0,31.0,924,864.0,93.51,Urban: Nearer to a major town or city,B17 8QB,West Midlands,330,Birmingham,402553.0,285715.0,E02001899,E01009066,1,0,0,0,0,0,35.78,3.61,50.59,10.02,E01009066,E01009066,E01009066,10.0,7.0,626.0,3.0
103486.0,4063.0,Kings Heath Boys,35.0,112.0,74.0,66.0,595,,,Urban: Nearer to a major town or city,B13 0QP,West Midlands,330,Birmingham,408230.0,280611.0,E02001937,E01008936,1,0,0,0,0,0,30.98,5.16,53.46,10.39,E01008936,E01008936,E01008936,3.0,7.0,437.0,3.0
103493.0,4115.0,Bordesley Green Girls' School & Sixth Form,41.0,122.0,59.0,48.0,993,993.0,100.0,Urban: Nearer to a major town or city,B9 4TR,West Midlands,330,Birmingham,410002.0,287014.0,E02001884,E01034935,1,0,0,0,0,0,64.9,11.69,9.22,14.19,E01034935,E01009198,E01009198,2.0,1.0,610.0,3.0
103497.0,4173.0,Queensbridge School,52.0,166.0,61.0,37.0,870,374.0,42.99,Urban: Nearer to a major town or city,B13 8QB,West Midlands,330,Birmingham,407344.0,282575.0,E02001914,E01009186,1,0,0,0,0,0,27.28,5.49,54.51,12.72,E01009186,E01009186,E01009186,6.0,6.0,626.0,3.0
103498.0,4177.0,Selly Park Girls' School,34.0,134.0,71.0,53.0,684,684.0,100.0,Urban: Nearer to a major town or city,B29 7PH,West Midlands,330,Birmingham,405625.0,282072.0,E02001926,E01009293,1,0,0,0,0,0,23.3,6.93,60.13,9.64,E01009293,E01009293,E01009293,6.0,5.0,903.0,5.0
103501.0,4193.0,Wheelers Lane Technology College,48.0,124.0,38.0,31.0,647,,,Urban: Nearer to a major town or city,B13 0SF,West Midlands,330,Birmingham,407739.0,281161.0,E02001930,E01009179,1,0,0,0,0,0,21.81,2.9,67.02,8.27,E01009179,E01009179,E01009179,5.0,4.5,500.0,3.0
138137.0,4206.0,Stockland Green School,30.0,142.0,62.0,44.0,751,366.0,48.74,Urban: Nearer to a major town or city,B23 7JH,West Midlands,330,Birmingham,409471.0,291715.0,E02001852,E01009410,1,0,0,0,0,0,27.35,15.24,50.26,7.15,E01009410,E01009410,E01009410,4.0,8.0,717.0,4.0
136882.0,4220.0,Aston Manor Academy,41.0,146.0,94.0,64.0,955,473.0,49.53,Urban: Nearer to a major town or city,B6 4PZ,West Midlands,330,Birmingham,407556.0,288677.0,E02001876,E01008910,1,0,0,0,0,0,34.17,28.11,27.59,10.14,E01008910,E01008910,E01008910,3.67,1.33,696.0,4.0
103509.0,4223.0,Holte School,18.0,181.0,119.0,66.0,1138,626.0,55.01,Urban: Nearer to a major town or city,B19 2EP,West Midlands,330,Birmingham,406784.0,289217.0,E02001867,E01008909,1,0,0,0,0,0,39.83,38.61,9.84,11.72,E01008909,E01008909,E01008909,2.0,1.0,384.0,2.0
139841.0,4227.0,Broadway Academy,33.0,204.0,106.0,52.0,1210,652.0,53.88,Urban: Nearer to a major town or city,B20 3DP,West Midlands,330,Birmingham,407184.0,290576.0,E02001859,E01009051,1,0,0,0,0,0,46.05,23.8,20.87,9.28,E01009051,E01009051,E01009051,2.0,4.0,430.0,3.0
139746.0,4240.0,Hamstead Hall Academy,39.0,171.0,63.0,37.0,1093,460.0,42.09,Urban: Nearer to a major town or city,B20 1HL,West Midlands,330,Birmingham,404025.0,292495.0,E02006809,E01032591,1,0,0,0,0,0,68.94,6.3,13.23,11.53,E01032591,E01032591,E01032591,6.0,1.0,779.0,4.0
139994.0,4246.0,Yardleys School,47.0,178.0,90.0,51.0,930,398.0,42.8,Urban: Nearer to a major town or city,B11 3EY,West Midlands,330,Birmingham,410689.0,283651.0,E02001916,E01009026,1,0,0,0,0,0,50.6,6.35,34.27,8.77,E01009026,E01009026,E01009026,1.0,7.0,965.0,5.0
138136.0,4307.0,The Arthur Terry School,61.0,238.0,18.0,8.0,1755,872.0,49.69,Urban: Nearer to a major town or city,B74 4RZ,West Midlands,330,Birmingham,411152.0,299031.0,E02001828,E01009422,1,0,0,0,0,0,8.15,1.6,87.65,2.6,E01009422,E01009422,E01009422,9.0,4.0,547.0,3.0
138059.0,4323.0,Rockwood Academy,39.0,111.0,79.0,71.0,697,345.0,49.5,Urban: Nearer to a major town or city,B8 3HG,West Midlands,330,Birmingham,410621.0,288154.0,E02001874,E01009485,1,0,0,0,0,0,77.88,10.48,5.85,5.8,E01009485,E01009485,E01009485,2.0,2.0,700.0,4.0
103531.0,4606.0,St Paul's School for Girls,71.0,159.0,62.0,39.0,981,981.0,100.0,Urban: Nearer to a major town or city,B16 9SL,West Midlands,330,Birmingham,404121.0,286405.0,E02001890,E01008988,1,0,0,0,0,0,20.17,17.09,51.08,11.65,E01008988,E01008988,E01008988,6.0,3.0,456.0,3.0
103534.0,4625.0,St John Wall Catholic School,30.0,108.0,56.0,52.0,613,232.0,37.85,Urban: Nearer to a major town or city,B21 8HH,West Midlands,330,Birmingham,403387.0,290909.0,E02001862,E01009272,1,0,0,0,0,0,48.95,23.74,14.92,12.39,E01009272,E01009272,E01009272,1.5,4.0,822.0,4.0
103539.0,4801.0,Cardinal Wiseman Catholic School,27.0,113.0,57.0,50.0,622,319.0,51.29,Urban: Nearer to a major town or city,B44 9SR,West Midlands,330,Birmingham,407603.0,294570.0,E02001843,E01009226,1,0,0,0,0,0,8.24,8.51,77.49,5.77,E01009226,E01009226,E01009226,5.0,3.0,626.0,3.0
137858.0,5409.0,Hall Green School,39.0,178.0,55.0,31.0,898,378.0,42.09,Urban: Nearer to a major town or city,B28 0AA,West Midlands,330,Birmingham,410368.0,281671.0,E02001923,E01009046,1,0,0,0,0,0,60.74,4.73,25.43,9.1,E01009046,E01009046,E01009046,5.0,5.0,972.0,5.0
136908.0,5410.0,Fairfax,50.0,239.0,48.0,20.0,1471,719.0,48.88,Urban: Nearer to a major town or city,B75 7JT,West Midlands,330,Birmingham,413812.0,295975.0,E02001831,E01009447,1,0,0,0,0,0,8.0,4.48,81.89,5.63,E01009447,E01009447,E01009447,5.0,7.0,950.0,5.0
136406.0,5411.0,"Ninestiles, an Academy",37.0,261.0,122.0,47.0,1428,643.0,45.03,Urban: Nearer to a major town or city,B27 7QG,West Midlands,330,Birmingham,411478.0,282393.0,E02001924,E01009022,1,0,0,0,0,0,48.09,5.62,36.63,9.66,E01009022,E01009022,E01009022,3.0,7.0,568.0,3.0
138695.0,5412.0,George Dixon Academy,28.0,150.0,87.0,58.0,933,441.0,47.27,Urban: Nearer to a major town or city,B16 9GD,West Midlands,330,Birmingham,403042.0,286497.0,E02001886,E01009147,1,0,0,0,0,0,35.39,11.26,41.57,11.78,E01009147,E01009147,E01009147,5.0,10.0,786.0,4.0
103560.0,5413.0,Bishop Challoner Catholic College,61.0,202.0,49.0,24.0,1213,547.0,45.09,Urban: Nearer to a major town or city,B14 7EG,West Midlands,330,Birmingham,407588.0,281677.0,E02001930,E01009175,1,0,0,0,0,0,21.81,2.9,67.02,8.27,E01009175,E01009175,E01009175,5.0,4.5,468.0,3.0
136590.0,5414.0,Kings Norton Girls' School,59.0,141.0,42.0,30.0,994,940.0,94.57,Urban: Nearer to a major town or city,B30 1HW,West Midlands,330,Birmingham,404533.0,280326.0,E02001938,E01008956,1,0,0,0,0,0,4.02,2.05,87.51,6.42,E01008956,E01008956,E01008956,8.0,9.0,356.0,2.0
103563.0,5416.0,Colmers School and Sixth Form College,20.0,196.0,73.0,37.0,1108,554.0,50.0,Urban: Nearer to a major town or city,B45 9NY,West Midlands,330,Birmingham,399872.0,277588.0,E02001956,E01009159,1,0,0,0,0,0,6.78,6.52,80.27,6.43,E01009159,E01009159,E01009159,4.0,9.0,1653.0,8.0
135907.0,6905.0,Heartlands Academy,71.0,160.0,118.0,74.0,849,423.0,49.82,Urban: Nearer to a major town or city,B7 4QR,West Midlands,330,Birmingham,408595.0,287858.0,E02001878,E01009204,1,0,0,0,0,0,16.24,51.2,17.62,14.94,E01009204,E01009204,E01009204,1.0,5.0,410.0,3.0
136152.0,6906.0,King Edward VI Sheldon Heath Academy,43.0,193.0,82.0,43.0,1223,612.0,50.04,Urban: Nearer to a major town or city,B26 2RZ,West Midlands,330,Birmingham,415099.0,285530.0,E02001895,E01009322,1,0,0,0,0,0,15.48,9.77,65.28,9.48,E01009322,E01009322,E01009322,1.0,9.0,1390.0,7.0
135970.0,6908.0,Ark St Alban's Academy,44.0,119.0,84.0,71.0,787,328.0,41.68,Urban: Nearer to a major town or city,B12 0YH,West Midlands,330,Birmingham,407584.0,285384.0,E02001897,E01009362,1,0,0,0,0,0,26.26,41.19,10.16,22.39,E01009362,E01009362,E01009362,1.0,6.0,162.0,1.0
141003.0,4016.0,Jewellery Quarter Academy,24.0,112.0,75.0,67.0,542,251.0,46.31,Urban: Nearer to a major town or city,B1 3AA,West Midlands,330,Birmingham,405866.0,287388.0,E02006898,E01034951,1,0,0,0,0,0,15.67,15.49,60.14,8.7,E01034951,E01033619,E01033619,2.0,1.0,,
142388.0,4022.0,Cockshut Hill Technology College,18.0,191.0,102.0,53.0,1064,500.0,46.99,Urban: Nearer to a major town or city,B26 2HX,West Midlands,330,Birmingham,414306.0,285729.0,E02001888,E01009517,1,0,0,0,0,0,25.99,6.42,58.96,8.63,E01009517,E01009517,E01009517,1.0,8.0,,
136589.0,4108.0,Bartley Green School,42.0,172.0,81.0,47.0,904,434.0,48.01,Urban: Nearer to a major town or city,B32 3QJ,West Midlands,330,Birmingham,400161.0,282167.0,E02001920,E01008920,1,0,0,0,0,0,5.94,7.0,81.2,5.86,E01008920,E01008920,E01008920,4.0,5.0,1495.0,7.0
103503.0,4201.0,Hodge Hill College,47.0,233.0,114.0,49.0,1215,362.0,29.79,Urban: Nearer to a major town or city,B36 8HB,West Midlands,330,Birmingham,412281.0,289312.0,E02001870,E01009082,1,0,0,0,0,0,33.09,14.01,43.55,9.34,E01009082,E01009082,E01009082,2.0,7.0,1089.0,6.0
138937.0,4207.0,King Edward VI Handsworth Wood Girls' Academy,37.0,139.0,76.0,55.0,915,915.0,100.0,Urban: Nearer to a major town or city,B20 2HL,West Midlands,330,Birmingham,404914.0,290687.0,E02001858,E01009265,1,0,0,0,0,0,57.06,14.18,17.02,11.74,E01009265,E01009265,E01009265,3.0,7.0,288.0,2.0
137034.0,4241.0,Holyhead School,27.0,208.0,126.0,61.0,1315,637.0,48.44,Urban: Nearer to a major town or city,B21 0HN,West Midlands,330,Birmingham,403720.0,289706.0,E02001862,E01009354,1,0,0,0,0,0,48.95,23.74,14.92,12.39,E01009354,E01009354,E01009354,1.5,4.0,314.0,2.0
103519.0,4245.0,Moseley School and Sixth Form,33.0,228.0,123.0,54.0,1371,490.0,35.74,Urban: Nearer to a major town or city,B13 9UU,West Midlands,330,Birmingham,409336.0,282527.0,E02001923,E01009395,1,0,0,0,0,0,60.74,4.73,25.43,9.1,E01009395,E01009395,E01009395,5.0,5.0,1298.0,6.0
137053.0,4331.0,Plantsbrook School,53.0,205.0,41.0,20.0,1380,686.0,49.71,Urban: Nearer to a major town or city,B72 1RB,West Midlands,330,Birmingham,412398.0,295667.0,E02001835,E01009451,1,0,0,0,0,0,7.27,2.73,83.23,6.78,E01009451,E01009451,E01009451,7.0,7.0,464.0,3.0
141835.0,4616.0,St Thomas Aquinas Catholic School,43.0,202.0,71.0,35.0,1169,566.0,48.42,Urban: Nearer to a major town or city,B38 8AP,West Midlands,330,Birmingham,403681.0,279116.0,E02001952,E01009117,1,0,0,0,0,0,5.5,16.46,64.19,13.85,E01009117,E01009117,E01009117,1.0,9.0,468.0,3.0
140524.0,4661.0,Bishop Walsh Catholic School,57.0,150.0,28.0,19.0,1013,514.0,50.74,Urban: Nearer to a major town or city,B76 1QT,West Midlands,330,Birmingham,412891.0,294399.0,E02001832,E01009437,1,0,0,0,0,0,8.98,4.02,81.37,5.63,E01009437,E01009437,E01009437,9.0,3.0,322.0,2.0
136213.0,6910.0,Harborne Academy,30.0,116.0,65.0,56.0,633,244.0,38.55,Urban: Nearer to a major town or city,B15 3JL,West Midlands,330,Birmingham,404294.0,284880.0,E02001905,E01008992,1,0,0,0,0,0,27.59,3.61,58.97,9.83,E01008992,E01008992,E01008992,10.0,1.0,483.0,3.0
142339.0,4000.0,Barr's Hill School and Community College,45.0,110.0,42.0,38.0,682,294.0,43.11,Urban: Nearer to a major town or city,CV1 4BU,West Midlands,331,Coventry,433011.0,279801.0,E02001977,E01009630,1,0,0,0,0,0,19.76,9.55,64.88,5.81,E01009630,E01009630,E01009630,2.0,6.0,127.0,1.0
140366.0,4001.0,Ernesford Grange Community Academy,28.0,103.0,45.0,44.0,644,322.0,50.0,Urban: Nearer to a major town or city,CV3 2QD,West Midlands,331,Coventry,436932.0,277642.0,E02001992,E01032528,1,0,0,0,0,0,13.07,12.11,71.13,3.7,E01032528,E01032528,E01032528,1.0,5.0,1051.0,5.0
141992.0,4007.0,Cardinal Wiseman Catholic School,26.0,156.0,57.0,37.0,1212,658.0,54.29,Urban: Nearer to a major town or city,CV2 2AJ,West Midlands,331,Coventry,437285.0,282159.0,E02001964,E01009579,1,0,0,0,0,0,5.91,22.96,63.99,7.15,E01009579,E01009579,E01009579,1.0,10.0,1173.0,6.0
138023.0,4026.0,Coundon Court,39.0,255.0,53.0,21.0,1620,834.0,51.48,Urban: Nearer to a major town or city,CV6 2AJ,West Midlands,331,Coventry,431134.0,281405.0,E02001967,E01009526,1,0,0,0,0,0,3.07,1.28,92.57,3.07,E01009526,E01009526,E01009526,9.0,5.0,1495.0,7.0
142960.0,4030.0,Lyng Hall School,16.0,97.0,44.0,45.0,775,355.0,45.81,Urban: Nearer to a major town or city,CV2 3JS,West Midlands,331,Coventry,436159.0,280776.0,E02001970,E01009711,1,0,0,0,0,0,14.83,8.2,70.12,6.85,E01009711,E01009711,E01009711,4.0,8.0,965.0,5.0
140248.0,4034.0,President Kennedy School Academy,43.0,265.0,111.0,42.0,1553,739.0,47.59,Urban: Nearer to a major town or city,CV6 4GL,West Midlands,331,Coventry,432629.0,283720.0,E02001959,E01009591,1,0,0,0,0,0,15.17,8.06,69.79,6.99,E01009591,E01009591,E01009591,4.0,4.0,1390.0,7.0
136963.0,4037.0,Finham Park School,52.0,240.0,27.0,11.0,1519,731.0,48.12,Urban: Nearer to a major town or city,CV3 6EA,West Midlands,331,Coventry,432254.0,276124.0,E02001998,E01009668,1,0,0,0,0,0,21.14,1.87,70.83,6.16,E01009668,E01009668,E01009668,8.0,2.0,987.0,5.0
137272.0,4800.0,Blue Coat Church of England School and Music College,55.0,232.0,53.0,23.0,1587,836.0,52.68,Urban: Nearer to a major town or city,CV1 2BA,West Midlands,331,Coventry,434672.0,278078.0,E02001985,E01009633,1,0,0,0,0,0,19.66,18.73,52.47,9.14,E01009633,E01009633,E01009633,3.0,4.0,277.0,2.0
135335.0,6905.0,Grace Academy Coventry,33.0,103.0,36.0,35.0,612,295.0,48.2,Urban: Nearer to a major town or city,CV2 2RH,West Midlands,331,Coventry,437795.0,282369.0,E02001965,E01009578,1,0,0,0,0,0,17.82,2.81,74.53,4.83,E01009578,E01009578,E01009578,7.0,3.0,1203.0,6.0
136126.0,6906.0,Sidney Stringer Academy,42.0,203.0,93.0,46.0,1355,583.0,43.03,Urban: Nearer to a major town or city,CV1 5LY,West Midlands,331,Coventry,433951.0,279428.0,E02001981,E01009638,1,0,0,0,0,0,23.0,30.26,28.88,17.86,E01009638,E01009638,E01009638,1.0,10.0,109.0,1.0
140958.0,4002.0,Eden Girls' School Coventry,55.0,100.0,40.0,40.0,560,560.0,100.0,Urban: Nearer to a major town or city,CV1 4FS,West Midlands,331,Coventry,433822.0,279789.0,E02001972,E01009574,1,0,0,0,0,0,49.47,13.71,25.36,11.46,E01009574,E01009574,E01009574,2.0,9.0,,
140961.0,4003.0,WMG Academy for Young Engineers,30.0,115.0,32.0,28.0,352,75.0,21.31,Urban: Nearer to a major town or city,CV4 8DY,West Midlands,331,Coventry,429340.0,277010.0,E02001993,E01032533,1,0,0,0,0,0,30.45,5.71,56.2,7.64,E01032533,E01032533,E01032533,5.67,4.33,1298.0,6.0
141939.0,4006.0,Finham Park 2,,,,,475,253.0,53.26,Urban: Nearer to a major town or city,CV4 9WT,West Midlands,331,Coventry,429140.0,277827.0,E02001993,E01034747,1,0,0,0,0,0,30.45,5.71,56.2,7.64,E01034747,E01032531,E01032531,5.67,4.33,,
139292.0,4028.0,Caludon Castle School,40.0,236.0,47.0,20.0,1514,782.0,51.65,Urban: Nearer to a major town or city,CV2 5BD,West Midlands,331,Coventry,437349.0,279720.0,E02001976,E01009713,1,0,0,0,0,0,15.68,5.73,74.03,4.56,E01009713,E01009713,E01009713,5.0,6.0,1089.0,6.0
137209.0,4033.0,West Coventry Academy,26.0,232.0,53.0,23.0,1147,633.0,55.19,Urban: Nearer to a major town or city,CV4 9PW,West Midlands,331,Coventry,428018.0,278546.0,E02001986,E01009701,1,0,0,0,0,0,4.48,4.81,87.11,3.61,E01009701,E01009701,E01009701,2.0,8.0,1495.0,7.0
137225.0,4043.0,The Westwood Academy,33.0,105.0,45.0,43.0,574,263.0,45.82,Urban: Nearer to a major town or city,CV4 8DY,West Midlands,331,Coventry,429340.0,277010.0,E02001993,E01032533,1,0,0,0,0,0,30.45,5.71,56.2,7.64,E01032533,E01032533,E01032533,5.67,4.33,1298.0,6.0
143818.0,4001.0,Thorns Collegiate Academy,30.0,196.0,41.0,21.0,869,442.0,50.86,Urban: Nearer to a major town or city,DY5 2NU,West Midlands,332,Dudley,392152.0,285550.0,E02002026,E01009719,1,0,0,0,0,0,3.88,1.65,91.8,2.66,E01009719,E01009719,E01009719,6.0,5.0,,
103870.0,5400.0,Old Swinford Hospital,72.0,67.0,4.0,6.0,624,,,Urban: Nearer to a major town or city,DY8 1QX,West Midlands,332,Dudley,390294.0,283653.0,E02002039,E01009858,1,0,0,0,0,0,4.47,3.93,87.95,3.66,E01009858,E01009858,E01009858,10.0,7.0,437.0,3.0
141325.0,4000.0,The Crestwood School,14.0,122.0,55.0,45.0,814,405.0,49.75,Urban: Nearer to a major town or city,DY6 8QG,West Midlands,332,Dudley,389818.0,288091.0,E02002018,E01009828,1,0,0,0,0,0,1.77,0.39,95.64,2.2,E01009828,E01009828,E01009828,7.5,5.0,521.0,3.0
144952.0,4003.0,The Link Academy,22.0,191.0,92.0,48.0,952,469.0,49.26,Urban: Nearer to a major town or city,DY2 0PB,West Midlands,332,Dudley,394129.0,288352.0,E02002017,E01009840,1,0,0,0,0,0,41.97,7.93,41.77,8.33,E01009840,E01009840,E01009840,1.0,8.0,,
103854.0,4020.0,Summerhill School,53.0,197.0,19.0,10.0,1009,514.0,50.94,Urban: Nearer to a major town or city,DY6 9XE,West Midlands,332,Dudley,387795.0,288592.0,E02002018,E01009827,1,0,0,0,0,0,1.77,0.39,95.64,2.2,E01009827,E01009827,E01009827,7.5,5.0,717.0,4.0
103855.0,4023.0,The Dormston School,34.0,210.0,57.0,27.0,1127,591.0,52.44,Urban: Nearer to a major town or city,DY3 1SN,West Midlands,332,Dudley,392052.0,293709.0,E02002001,E01009773,1,0,0,0,0,0,2.73,0.39,94.55,2.34,E01009773,E01009773,E01009773,3.0,6.0,1390.0,7.0
137812.0,4106.0,The Earls High School,42.0,236.0,48.0,20.0,1197,641.0,53.55,Urban: Nearer to a major town or city,B63 3SL,West Midlands,332,Dudley,396659.0,283873.0,E02002033,E01009734,1,0,0,0,0,0,3.81,2.03,84.49,9.66,E01009734,E01009734,E01009734,4.0,7.0,658.0,4.0
139872.0,4119.0,Redhill School,49.0,238.0,30.0,13.0,1213,600.0,49.46,Urban: Nearer to a major town or city,DY8 1JX,West Midlands,332,Dudley,390627.0,284043.0,E02002034,E01009856,1,0,0,0,0,0,9.27,2.23,85.37,3.12,E01009856,E01009856,E01009856,4.0,9.0,500.0,3.0
141712.0,4121.0,Ridgewood High School,32.0,127.0,26.0,21.0,812,417.0,51.35,Urban: Nearer to a major town or city,DY8 3NQ,West Midlands,332,Dudley,388287.0,284455.0,E02002037,E01009847,1,0,0,0,0,0,0.07,0.68,96.14,3.11,E01009847,E01009847,E01009847,8.0,5.0,1173.0,6.0
141570.0,5401.0,Ellowes Hall Sports College,45.0,187.0,43.0,23.0,1119,564.0,50.4,Urban: Nearer to a major town or city,DY3 2JH,West Midlands,332,Dudley,391316.0,292073.0,E02002007,E01009782,1,0,0,0,0,0,1.28,1.65,94.02,3.04,E01009782,E01009782,E01009782,3.0,9.0,1390.0,7.0
137705.0,5403.0,Beacon Hill Academy,34.0,232.0,59.0,25.0,1106,531.0,48.01,Urban: Nearer to a major town or city,DY3 1BP,West Midlands,332,Dudley,392651.0,292845.0,E02002004,E01009774,1,0,0,0,0,0,3.54,3.23,91.8,1.43,E01009774,E01009774,E01009774,6.0,8.0,1203.0,6.0
136618.0,5404.0,Windsor High School and Sixth Form,42.0,270.0,87.0,32.0,1699,834.0,49.09,Urban: Nearer to a major town or city,B63 4BB,West Midlands,332,Dudley,396012.0,283744.0,E02002038,E01009739,1,0,0,0,0,0,4.92,1.51,88.66,4.92,E01009739,E01009739,E01009739,2.0,2.0,675.0,4.0
137390.0,5405.0,Pegasus Academy,31.0,126.0,51.0,41.0,604,315.0,52.15,Urban: Nearer to a major town or city,DY1 2DU,West Midlands,332,Dudley,392995.0,289637.0,E02002010,E01009885,1,0,0,0,0,0,25.76,12.2,54.8,7.24,E01009885,E01009885,E01009885,1.0,10.0,872.0,5.0
140126.0,4800.0,Bishop Milner Catholic College,53.0,132.0,40.0,30.0,870,455.0,52.3,Urban: Nearer to a major town or city,DY1 3BY,West Midlands,332,Dudley,393174.0,291299.0,E02002008,E01009880,1,0,0,0,0,0,15.0,5.15,73.45,6.39,E01009880,E01009880,E01009880,6.0,9.0,518.0,3.0
137773.0,5402.0,Kingswinford Academy,53.0,173.0,26.0,15.0,900,451.0,50.11,Urban: Nearer to a major town or city,DY6 7AD,West Midlands,332,Dudley,388788.0,289115.0,E02002011,E01009820,1,0,0,0,0,0,1.27,0.53,96.93,1.27,E01009820,E01009820,E01009820,9.0,8.0,521.0,3.0
134993.0,6905.0,Sandwell Academy,35.0,181.0,45.0,25.0,1280,611.0,47.73,Urban: Nearer to a major town or city,B71 4LG,West Midlands,333,Sandwell,402278.0,290070.0,E02002065,E01010052,1,0,0,0,0,0,62.83,9.01,16.97,11.2,E01010052,E01010052,E01010052,2.5,2.0,784.0,4.0
137673.0,4000.0,Ormiston Forge Academy,33.0,217.0,90.0,42.0,1497,728.0,48.63,Urban: Nearer to a major town or city,B64 6QU,West Midlands,333,Sandwell,395814.0,286492.0,E02002077,E01009956,1,0,0,0,0,0,13.72,2.26,77.99,6.04,E01009956,E01009956,E01009956,2.0,8.0,822.0,4.0
139918.0,4002.0,Wodensborough Ormiston Academy,22.0,164.0,73.0,45.0,958,459.0,47.91,Urban: Nearer to a major town or city,WS10 0DR,West Midlands,333,Sandwell,399980.0,294520.0,E02002045,E01009966,1,0,0,0,0,0,9.48,4.33,79.82,6.37,E01009966,E01009966,E01009966,2.0,5.0,1203.0,6.0
141813.0,4005.0,Health Futures UTC,26.0,112.0,54.0,48.0,265,198.0,74.72,Urban: Nearer to a major town or city,B70 8DJ,West Midlands,333,Sandwell,400133.0,291486.0,E02002061,E01010106,1,0,0,0,0,0,56.8,9.07,22.77,11.36,E01010106,E01010106,E01010106,3.0,4.0,881.0,5.0
136091.0,4028.0,The Phoenix Collegiate,28.0,242.0,101.0,42.0,1775,872.0,49.13,Urban: Nearer to a major town or city,B71 2BX,West Midlands,333,Sandwell,400344.0,293414.0,E02002052,E01009998,1,0,0,0,0,0,22.91,10.62,57.14,9.33,E01009998,E01009998,E01009998,4.0,4.0,1390.0,7.0
137701.0,4110.0,Oldbury Academy,30.0,302.0,115.0,38.0,1495,707.0,47.29,Urban: Nearer to a major town or city,B68 8NE,West Midlands,333,Sandwell,399415.0,286916.0,E02002072,E01010000,1,0,0,0,0,0,27.59,10.87,53.53,8.01,E01010000,E01010000,E01010000,4.0,4.0,437.0,3.0
139043.0,4129.0,Bristnall Hall Academy,37.0,179.0,67.0,37.0,938,454.0,48.4,Urban: Nearer to a major town or city,B68 9PA,West Midlands,333,Sandwell,400511.0,287403.0,E02002073,E01009944,1,0,0,0,0,0,33.91,6.93,49.78,9.37,E01009944,E01009944,E01009944,2.0,6.0,415.0,3.0
135170.0,6906.0,Shireland Collegiate Academy,34.0,183.0,93.0,51.0,1279,589.0,46.05,Urban: Nearer to a major town or city,B66 4ND,West Midlands,333,Sandwell,402490.0,287367.0,E02006944,E01010059,1,0,0,0,0,0,51.53,16.64,14.37,17.47,E01010059,E01010059,E01010059,2.0,2.0,738.0,4.0
135234.0,6907.0,George Salter Academy,36.0,198.0,71.0,36.0,1278,685.0,53.6,Urban: Nearer to a major town or city,B70 9UW,West Midlands,333,Sandwell,399266.0,291978.0,E02002060,E01033888,1,0,0,0,0,0,41.3,12.15,35.72,10.83,E01033888,E01032887,E01032887,2.0,5.0,945.0,5.0
135449.0,6908.0,Q3 Academy Great Barr,47.0,173.0,38.0,22.0,1094,521.0,47.62,Urban: Nearer to a major town or city,B43 7SD,West Midlands,333,Sandwell,403796.0,294995.0,E02002048,E01009968,1,0,0,0,0,0,32.99,5.35,53.85,7.82,E01009968,E01009968,E01009968,5.0,1.0,987.0,5.0
135599.0,6909.0,RSA Academy,26.0,162.0,47.0,29.0,1067,515.0,48.27,Urban: Nearer to a major town or city,DY4 0BZ,West Midlands,333,Sandwell,396672.0,294622.0,E02002049,E01010035,1,0,0,0,0,0,8.49,2.25,86.4,2.85,E01010035,E01010035,E01010035,8.0,3.0,1203.0,6.0
135979.0,6910.0,Ormiston Sandwell Community Academy,29.0,188.0,66.0,35.0,1006,489.0,48.61,Urban: Nearer to a major town or city,B69 2HE,West Midlands,333,Sandwell,397390.0,290233.0,E02002063,E01010015,1,0,0,0,0,0,41.63,9.01,39.71,9.65,E01010015,E01010015,E01010015,3.0,3.0,1390.0,7.0
141698.0,4003.0,Q3 Academy Langley,,,,,632,303.0,47.94,Urban: Nearer to a major town or city,B68 8ED,West Midlands,333,Sandwell,400022.0,287468.0,E02002072,E01010005,1,0,0,0,0,0,27.59,10.87,53.53,8.01,E01010005,E01010005,E01010005,4.0,4.0,,
136616.0,4024.0,Wood Green Academy,34.0,247.0,70.0,28.0,1482,708.0,47.77,Urban: Nearer to a major town or city,WS10 9QU,West Midlands,333,Sandwell,399847.0,296198.0,E02002043,E01010085,1,0,0,0,0,0,9.52,3.16,84.0,3.32,E01010085,E01010085,E01010085,4.0,10.0,898.0,5.0
104018.0,4138.0,Holly Lodge High School College of Science,21.0,259.0,95.0,37.0,1482,676.0,45.61,Urban: Nearer to a major town or city,B67 7JG,West Midlands,333,Sandwell,400890.0,288918.0,E02002065,E01010047,1,0,0,0,0,0,62.83,9.01,16.97,11.2,E01010047,E01010047,E01010047,2.5,2.0,972.0,5.0
104019.0,4500.0,St Michael's CE High School,34.0,216.0,76.0,35.0,1167,561.0,48.07,Urban: Nearer to a major town or city,B65 9AN,West Midlands,333,Sandwell,396828.0,287313.0,E02002071,E01010040,1,0,0,0,0,0,6.89,3.3,86.65,3.16,E01010040,E01010040,E01010040,3.0,6.0,822.0,4.0
137007.0,4012.0,Langley School,50.0,199.0,56.0,28.0,1017,484.0,47.59,Urban: Nearer to a major town or city,B92 7ER,West Midlands,334,Solihull,412843.0,281143.0,E02002093,E01010175,1,0,0,0,0,0,17.4,1.28,74.83,6.5,E01010175,E01010175,E01010175,9.0,5.0,1089.0,6.0
136310.0,4014.0,"Tudor Grange Academy, Solihull",76.0,246.0,12.0,5.0,1558,736.0,47.24,Urban: Nearer to a major town or city,B91 3PD,West Midlands,334,Solihull,414178.0,278524.0,E02002102,E01010191,1,0,0,0,0,0,22.35,1.29,70.98,5.38,E01010191,E01010191,E01010191,10.0,1.0,1089.0,6.0
136994.0,4015.0,Alderbrook School,55.0,244.0,34.0,14.0,1479,751.0,50.78,Urban: Nearer to a major town or city,B91 1SN,West Midlands,334,Solihull,413886.0,278705.0,E02002102,E01010191,1,0,0,0,0,0,22.35,1.29,70.98,5.38,E01010191,E01010191,E01010191,10.0,1.0,1089.0,6.0
136333.0,4017.0,Arden,67.0,235.0,20.0,9.0,1703,823.0,48.33,Urban: Nearer to a major town or city,B93 0PT,West Midlands,334,Solihull,417909.0,276383.0,E02002106,E01010152,1,0,0,0,0,0,4.78,0.54,90.51,4.17,E01010152,E01010152,E01010152,10.0,1.0,846.0,5.0
137231.0,4018.0,Light Hall School,48.0,224.0,52.0,23.0,1183,580.0,49.03,Urban: Nearer to a major town or city,B90 2PZ,West Midlands,334,Solihull,411610.0,277942.0,E02002103,E01010210,1,0,0,0,0,0,9.41,0.26,87.79,2.55,E01010210,E01010210,E01010210,10.0,3.0,500.0,3.0
136909.0,4030.0,Heart of England School,48.0,201.0,20.0,10.0,1213,620.0,51.11,Larger rural: Nearer to a major town or city,CV7 7FW,West Midlands,334,Solihull,424082.0,276514.0,E02002105,E01010169,0,0,1,0,0,0,4.77,0.12,92.72,2.39,E01010169,E01010169,E01010169,10.0,1.0,1495.0,7.0
143895.0,4037.0,Smith's Wood Academy,23.0,148.0,67.0,45.0,992,477.0,48.08,Urban: Nearer to a major town or city,B36 0UE,West Midlands,334,Solihull,417428.0,288947.0,E02002084,E01010237,1,0,0,0,0,0,2.74,4.3,87.74,5.22,E01010237,E01010237,E01010237,2.0,8.0,,
136347.0,4661.0,John Henry Newman Catholic College,42.0,199.0,74.0,37.0,1291,657.0,50.89,Urban: Nearer to a major town or city,B37 5GA,West Midlands,334,Solihull,416907.0,287387.0,E02002087,E01010142,1,0,0,0,0,0,2.73,3.47,87.06,6.74,E01010142,E01010142,E01010142,2.33,9.67,1117.0,6.0
129342.0,6905.0,Grace Academy Solihull,45.0,110.0,55.0,50.0,771,425.0,55.12,Urban: Nearer to a major town or city,B37 5JS,West Midlands,334,Solihull,416605.0,286409.0,E02002087,E01010144,1,0,0,0,0,0,2.73,3.47,87.06,6.74,E01010144,E01010144,E01010144,2.33,9.67,423.0,3.0
135971.0,6906.0,Park Hall Academy,39.0,178.0,62.0,35.0,1208,599.0,49.59,Urban: Nearer to a major town or city,B36 9HF,West Midlands,334,Solihull,416124.0,290453.0,E02002081,E01010120,1,0,0,0,0,0,4.47,2.87,87.0,5.66,E01010120,E01010120,E01010120,3.0,9.0,1893.0,9.0
142075.0,4000.0,Lyndon School,38.0,236.0,56.0,24.0,1128,544.0,48.23,Urban: Nearer to a major town or city,B92 8EJ,West Midlands,334,Solihull,414230.0,283392.0,E02002092,E01010158,1,0,0,0,0,0,12.92,2.06,78.47,6.56,E01010158,E01010158,E01010158,1.0,10.0,1390.0,7.0
142900.0,4001.0,WMG Academy for Young Engineers (Solihull),25.0,96.0,38.0,40.0,324,50.0,15.43,Urban: Nearer to a major town or city,B37 5FD,West Midlands,334,Solihull,417598.0,287207.0,E02002087,E01010140,1,0,0,0,0,0,2.73,3.47,87.06,6.74,E01010140,E01010140,E01010140,2.33,9.67,,
137008.0,4019.0,Lode Heath School,31.0,200.0,38.0,19.0,1136,538.0,47.36,Urban: Nearer to a major town or city,B91 2HW,West Midlands,334,Solihull,415119.0,280893.0,E02002096,E01010230,1,0,0,0,0,0,23.84,2.74,67.67,5.75,E01010230,E01010230,E01010230,5.0,8.0,822.0,4.0
137707.0,5400.0,The Streetly Academy,43.0,242.0,52.0,22.0,1450,721.0,49.72,Urban: Nearer to a major town or city,B74 2EX,West Midlands,335,Walsall,408080.0,296870.0,E02002141,E01010389,1,0,0,0,0,0,23.58,2.3,65.95,8.18,E01010389,E01010389,E01010389,8.0,2.0,1390.0,7.0
135769.0,6906.0,Ormiston Shelfield Community Academy,25.0,223.0,99.0,44.0,1381,662.0,47.94,Urban: Nearer to a major town or city,WS4 1BW,West Midlands,335,Walsall,403469.0,302889.0,E02002119,E01010353,1,0,0,0,0,0,4.25,1.83,90.31,3.6,E01010353,E01010353,E01010353,4.0,7.0,987.0,5.0
135956.0,6907.0,Grace Academy Darlaston,32.0,133.0,78.0,59.0,868,444.0,51.15,Urban: Nearer to a major town or city,WS10 8QJ,West Midlands,335,Walsall,396848.0,296817.0,E02002147,E01010310,1,0,0,0,0,0,13.71,6.09,75.31,4.89,E01010310,E01010310,E01010310,1.0,4.0,1173.0,6.0
137706.0,4002.0,Willenhall E-ACT Academy,18.0,165.0,71.0,43.0,797,405.0,50.82,Urban: Nearer to a major town or city,WV12 4BD,West Midlands,335,Walsall,398288.0,300042.0,E02002128,E01010378,1,0,0,0,0,0,18.28,2.55,73.64,5.53,E01010378,E01010378,E01010378,6.0,4.0,1298.0,6.0
138374.0,4003.0,West Walsall E-ACT Academy,26.0,141.0,80.0,57.0,878,447.0,50.91,Urban: Nearer to a major town or city,WS2 9UA,West Midlands,335,Walsall,399434.0,298258.0,E02002135,E01010362,1,0,0,0,0,0,42.99,9.16,40.65,7.19,E01010362,E01010362,E01010362,2.0,4.0,898.0,5.0
138606.0,4004.0,Blue Coat Church of England Academy,18.0,139.0,74.0,53.0,880,434.0,49.32,Urban: Nearer to a major town or city,WS1 2ND,West Midlands,335,Walsall,401737.0,298146.0,E02002139,E01010370,1,0,0,0,0,0,39.17,10.22,42.06,8.56,E01010370,E01010370,E01010370,1.5,7.5,296.0,2.0
142594.0,4106.0,Pool Hayes Academy,25.0,150.0,74.0,49.0,1072,524.0,48.88,Urban: Nearer to a major town or city,WV12 4QZ,West Midlands,335,Walsall,396542.0,300421.0,E02002129,E01010380,1,0,0,0,0,0,5.39,0.98,90.55,3.08,E01010380,E01010380,E01010380,6.0,8.0,1653.0,8.0
104255.0,4606.0,St Francis of Assisi Catholic Technology College,48.0,170.0,35.0,21.0,1065,536.0,50.33,Urban: Nearer to a major town or city,WS9 0RN,West Midlands,335,Walsall,406087.0,300120.0,E02002131,E01010245,1,0,0,0,0,0,6.44,1.84,89.83,1.9,E01010245,E01010245,E01010245,7.0,3.0,950.0,5.0
136620.0,5402.0,Shire Oak Academy,37.0,229.0,51.0,22.0,1448,716.0,49.45,Urban: Nearer to a major town or city,WS9 9PA,West Midlands,335,Walsall,405431.0,304138.0,E02002113,E01010250,1,0,0,0,0,0,4.78,1.14,90.51,3.57,E01010250,E01010250,E01010250,3.0,7.0,1653.0,8.0
137974.0,5405.0,Aldridge School - A Science College,44.0,257.0,99.0,39.0,1502,755.0,50.27,Urban: Nearer to a major town or city,WS9 0BG,West Midlands,335,Walsall,405147.0,300003.0,E02002131,E01010247,1,0,0,0,0,0,6.44,1.84,89.83,1.9,E01010247,E01010247,E01010247,7.0,3.0,658.0,4.0
136885.0,5406.0,Barr Beacon School,44.0,262.0,61.0,23.0,1587,833.0,52.49,Urban: Nearer to a major town or city,WS9 0RF,West Midlands,335,Walsall,405828.0,296082.0,E02002148,E01010357,1,0,0,0,0,0,13.7,6.89,72.65,6.76,E01010357,E01010357,E01010357,7.0,2.0,1117.0,6.0
133697.0,6905.0,Walsall Academy,31.0,173.0,57.0,33.0,1287,644.0,50.04,Urban: Nearer to a major town or city,WS3 3LX,West Midlands,335,Walsall,400180.0,302866.0,E02002115,E01010285,1,0,0,0,0,0,4.26,2.54,89.58,3.62,E01010285,E01010285,E01010285,6.0,6.0,903.0,5.0
139789.0,4005.0,Walsall Studio School,9.0,59.0,31.0,53.0,277,154.0,55.6,Urban: Nearer to a major town or city,WS1 1RL,West Midlands,335,Walsall,401316.0,298297.0,E02002139,E01033896,1,0,0,0,0,0,39.17,10.22,42.06,8.56,E01033896,E01010371,E01010371,1.5,7.5,295.0,2.0
137830.0,4007.0,Joseph Leckie Academy,31.0,201.0,94.0,47.0,1361,674.0,49.52,Urban: Nearer to a major town or city,WS5 4PG,West Midlands,335,Walsall,401369.0,296343.0,E02002146,E01010335,1,0,0,0,0,0,33.39,6.24,53.21,7.16,E01010335,E01010335,E01010335,1.0,5.0,816.0,4.0
104259.0,5401.0,"St Thomas More Catholic School, Willenhall",27.0,238.0,86.0,36.0,1512,740.0,48.94,Urban: Nearer to a major town or city,WV14 7BL,West Midlands,335,Walsall,396475.0,297274.0,E02002175,E01010415,1,0,0,0,0,0,15.98,13.67,58.7,11.64,E01010415,E01010415,E01010415,1.0,7.0,1051.0,5.0
140160.0,4006.0,West Midlands Utc,23.0,56.0,17.0,30.0,189,41.0,21.69,Urban: Nearer to a major town or city,WV10 0JR,West Midlands,336,Wolverhampton,391958.0,299350.0,E02002168,E01034313,1,0,0,0,0,0,27.81,21.88,40.78,9.53,E01034313,E01010521,E01010521,1.0,3.0,673.0,4.0
142080.0,4003.0,The Khalsa Academy Wolverhampton,,1.0,,,465,212.0,45.59,Urban: Nearer to a major town or city,WV4 6JP,West Midlands,336,Wolverhampton,393639.0,296218.0,E02002177,E01010451,1,0,0,0,0,0,30.0,9.99,50.18,9.84,E01010451,E01010451,E01010451,2.0,6.5,,
141245.0,4001.0,Wednesfield High Specialist Engineering Academy,29.0,138.0,42.0,30.0,835,377.0,45.15,Urban: Nearer to a major town or city,WV11 3ES,West Midlands,336,Wolverhampton,395223.0,300649.0,E02002158,E01010562,1,0,0,0,0,0,12.89,5.38,73.19,8.55,E01010562,E01010562,E01010562,1.0,9.0,987.0,5.0
144278.0,4005.0,Moreton School,23.0,129.0,79.0,61.0,712,354.0,49.72,Urban: Nearer to a major town or city,WV10 8BY,West Midlands,336,Wolverhampton,392870.0,302135.0,E02002152,E01010481,1,0,0,0,0,0,5.44,15.27,72.84,6.44,E01010481,E01010481,E01010481,1.0,6.0,,
145008.0,4007.0,Ormiston SWB Academy,25.0,199.0,103.0,52.0,1108,547.0,49.37,Urban: Nearer to a major town or city,WV14 0LN,West Midlands,336,Wolverhampton,394770.0,295993.0,E02002177,E01010450,1,0,0,0,0,0,30.0,9.99,50.18,9.84,E01010450,E01010450,E01010450,2.0,6.5,,
142317.0,4113.0,Highfields School,55.0,242.0,64.0,26.0,1563,773.0,49.46,Urban: Nearer to a major town or city,WV4 4NT,West Midlands,336,Wolverhampton,388091.0,296434.0,E02002176,E01010491,1,0,0,0,0,0,9.07,4.6,78.34,7.99,E01010491,E01010491,E01010491,2.0,5.0,1241.0,6.0
104387.0,4115.0,St Matthias School,16.0,115.0,54.0,47.0,757,370.0,48.88,Urban: Nearer to a major town or city,WV1 2BH,West Midlands,336,Wolverhampton,394166.0,298641.0,E02002171,E01010446,1,0,0,0,0,0,13.98,7.18,70.18,8.67,E01010446,E01010446,E01010446,1.5,7.0,1298.0,6.0
104395.0,4133.0,Colton Hills Community School,26.0,151.0,76.0,50.0,951,430.0,45.22,Urban: Nearer to a major town or city,WV4 5DG,West Midlands,336,Wolverhampton,390845.0,295935.0,E02002178,E01010431,1,0,0,0,0,0,69.39,6.38,13.92,10.31,E01010431,E01010431,E01010431,4.0,2.0,1495.0,7.0
137730.0,4134.0,Heath Park,45.0,190.0,104.0,55.0,1193,610.0,51.13,Urban: Nearer to a major town or city,WV11 1RD,West Midlands,336,Wolverhampton,393326.0,300169.0,E02002163,E01010477,1,0,0,0,0,0,17.56,16.96,57.46,8.03,E01010477,E01010477,E01010477,1.0,5.0,1495.0,7.0
138852.0,4601.0,S.Peter's Collegiate Church of England School,47.0,161.0,26.0,16.0,1206,611.0,50.66,Urban: Nearer to a major town or city,WV3 9DU,West Midlands,336,Wolverhampton,389021.0,298831.0,E02002169,E01010504,1,0,0,0,0,0,37.07,3.35,51.23,8.35,E01010504,E01010504,E01010504,9.0,6.0,1051.0,5.0
139891.0,4605.0,St Edmunds Catholic Academy,32.0,142.0,47.0,33.0,913,474.0,51.92,Urban: Nearer to a major town or city,WV3 9DU,West Midlands,336,Wolverhampton,389109.0,299183.0,E02002169,E01010504,1,0,0,0,0,0,37.07,3.35,51.23,8.35,E01010504,E01010504,E01010504,9.0,6.0,1089.0,6.0
141802.0,4606.0,Our Lady and St Chad Catholic Academy,30.0,127.0,56.0,44.0,889,469.0,52.76,Urban: Nearer to a major town or city,WV10 8BL,West Midlands,336,Wolverhampton,392755.0,301465.0,E02002152,E01010481,1,0,0,0,0,0,5.44,15.27,72.84,6.44,E01010481,E01010481,E01010481,1.0,6.0,1173.0,6.0
138098.0,4000.0,Moseley Park,31.0,147.0,82.0,56.0,980,488.0,49.8,Urban: Nearer to a major town or city,WV14 6LU,West Midlands,336,Wolverhampton,395233.0,297565.0,E02002171,E01010417,1,0,0,0,0,0,13.98,7.18,70.18,8.67,E01010417,E01010417,E01010417,1.5,7.0,1089.0,6.0
145134.0,4009.0,Ormiston NEW Academy,19.0,120.0,66.0,55.0,721,355.0,49.24,Urban: Nearer to a major town or city,WV10 6SE,West Midlands,336,Wolverhampton,390786.0,302792.0,E02002150,E01010499,1,0,0,0,0,0,13.21,9.94,70.66,6.19,E01010499,E01010499,E01010499,4.0,4.0,,
139138.0,5402.0,Aldersley High School,47.0,152.0,69.0,45.0,968,486.0,50.21,Urban: Nearer to a major town or city,WV8 1RT,West Midlands,336,Wolverhampton,389062.0,302240.0,E02002157,E01010544,1,0,0,0,0,0,25.07,3.1,66.36,5.47,E01010544,E01010544,E01010544,7.0,2.0,1893.0,9.0
139614.0,4611.0,Halewood Academy,19.0,165.0,80.0,49.0,971,445.0,45.83,Urban: Nearer to a major town or city,L26 1UU,North West,340,Knowsley,344293.0,385313.0,E02001345,E01006427,1,0,0,0,0,0,2.03,0.42,94.83,2.72,E01006427,E01006427,E01006427,5.0,8.0,1203.0,6.0
140001.0,4000.0,Kirkby High School,16.0,153.0,102.0,67.0,874,426.0,48.74,Urban: Nearer to a major town or city,L32 9PP,North West,340,Knowsley,341004.0,397747.0,E02001329,E01006415,1,0,0,0,0,0,2.11,0.15,95.88,1.86,E01006415,E01006415,E01006415,3.0,10.0,1298.0,6.0
140412.0,4001.0,Lord Derby Academy,22.0,118.0,68.0,58.0,1007,496.0,49.26,Urban: Nearer to a major town or city,L36 6DG,North West,340,Knowsley,344667.0,390829.0,E02001341,E01006481,1,0,0,0,0,0,0.22,0.22,98.23,1.32,E01006481,E01006481,E01006481,2.0,10.0,788.0,4.0
142798.0,4613.0,The Prescot School,18.0,166.0,97.0,58.0,801,390.0,48.69,Urban: Nearer to a major town or city,L34 3NB,North West,340,Knowsley,346181.0,393037.0,E02001333,E01006464,1,0,0,0,0,0,3.45,0.49,94.23,1.84,E01006464,E01006464,E01006464,4.0,10.0,1390.0,7.0
135479.0,4615.0,All Saints Catholic High School,20.0,143.0,83.0,58.0,885,458.0,51.75,Urban: Nearer to a major town or city,L33 8XF,North West,340,Knowsley,341551.0,399114.0,E02001327,E01006495,1,0,0,0,0,0,0.78,0.99,95.03,3.2,E01006495,E01006495,E01006495,1.0,10.0,1203.0,6.0
139589.0,4003.0,The Studio School Liverpool,39.0,69.0,29.0,42.0,309,92.0,29.77,Urban: Nearer to a major town or city,L1 0BS,North West,341,Liverpool,335019.0,389087.0,E02001383,E01034403,1,0,0,0,0,0,12.49,5.43,68.13,13.95,E01034403,E01006515,E01006515,1.0,9.0,134.0,1.0
136735.0,5900.0,St Edward's College,58.0,169.0,31.0,18.0,1093,554.0,50.69,Urban: Nearer to a major town or city,L12 1LF,North West,341,Liverpool,339608.0,392388.0,E02001367,E01006621,1,0,0,0,0,0,4.02,0.35,92.93,2.7,E01006621,E01006621,E01006621,7.0,7.5,846.0,5.0
135174.0,6907.0,The Belvedere Academy,70.0,128.0,40.0,31.0,902,899.0,99.67,Urban: Nearer to a major town or city,L8 3TF,North West,341,Liverpool,336447.0,387971.0,E02001389,E01006675,1,0,0,0,0,0,6.21,8.96,64.81,20.02,E01006675,E01006675,E01006675,1.0,10.0,355.0,2.0
137675.0,4000.0,"King's Leadership Academy, Liverpool",11.0,84.0,60.0,71.0,465,216.0,46.45,Urban: Nearer to a major town or city,L8 9SJ,North West,341,Liverpool,336374.0,387216.0,E02001396,E01032506,1,0,0,0,0,0,2.33,2.26,88.51,6.91,E01032506,E01032506,E01032506,1.0,10.0,965.0,5.0
138696.0,4306.0,West Derby School,44.0,177.0,60.0,34.0,993,,,Urban: Nearer to a major town or city,L13 7HQ,North West,341,Liverpool,338741.0,392465.0,E02001366,E01006761,1,0,0,0,0,0,5.1,3.42,84.07,7.41,E01006761,E01006761,E01006761,1.0,10.0,316.0,2.0
104688.0,4404.0,Holly Lodge Girls' College,47.0,118.0,65.0,55.0,815,815.0,100.0,Urban: Nearer to a major town or city,L12 7LE,North West,341,Liverpool,339077.0,392771.0,E02001367,E01006617,1,0,0,0,0,0,4.02,0.35,92.93,2.7,E01006617,E01006617,E01006617,7.0,7.5,547.0,3.0
104703.0,4690.0,King David High School,68.0,95.0,7.0,7.0,716,358.0,50.0,Urban: Nearer to a major town or city,L15 6WU,North West,341,Liverpool,340227.0,389173.0,E02001387,E01006582,1,0,0,0,0,0,6.34,0.87,88.71,4.07,E01006582,E01006582,E01006582,9.0,5.0,903.0,5.0
138183.0,4787.0,Bellerive FCJ Catholic College,37.0,147.0,66.0,45.0,887,879.0,99.1,Urban: Nearer to a major town or city,L17 3AA,North West,341,Liverpool,337076.0,388150.0,E02001394,E01006522,1,0,0,0,0,0,2.33,3.62,83.25,10.8,E01006522,E01006522,E01006522,2.0,10.0,715.0,4.0
104712.0,4790.0,St Julie's Catholic High School,41.0,165.0,47.0,29.0,1010,1008.0,99.8,Urban: Nearer to a major town or city,L25 7TN,North West,341,Liverpool,342507.0,386517.0,E02001401,E01006533,1,0,0,0,0,0,7.04,0.37,89.26,3.33,E01006533,E01006533,E01006533,5.0,7.0,950.0,5.0
104713.0,4792.0,Broughton Hall Catholic High School,41.0,195.0,74.0,38.0,1166,1166.0,100.0,Urban: Nearer to a major town or city,L12 9HJ,North West,341,Liverpool,341148.0,392293.0,E02001372,E01006568,1,0,0,0,0,0,4.33,1.28,92.73,1.66,E01006568,E01006568,E01006568,6.0,7.5,1203.0,6.0
104714.0,4793.0,Cardinal Heenan Catholic High School,29.0,232.0,81.0,35.0,1315,,,Urban: Nearer to a major town or city,L12 9HZ,North West,341,Liverpool,340959.0,392223.0,E02001372,E01006570,1,0,0,0,0,0,4.33,1.28,92.73,1.66,E01006570,E01006570,E01006570,6.0,7.5,1203.0,6.0
104715.0,4794.0,St John Bosco Arts College,39.0,119.0,69.0,58.0,906,902.0,99.56,Urban: Nearer to a major town or city,L11 9DQ,North West,341,Liverpool,339557.0,395350.0,E02001350,E01006664,1,0,0,0,0,0,2.66,6.97,86.58,3.79,E01006664,E01006664,E01006664,1.0,10.0,1089.0,6.0
104717.0,4796.0,Archbishop Beck Catholic College,26.0,166.0,60.0,36.0,1175,516.0,43.91,Urban: Nearer to a major town or city,L9 7BF,North West,341,Liverpool,336947.0,396592.0,E02001351,E01006654,1,0,0,0,0,0,8.41,0.51,90.42,0.66,E01006654,E01006654,E01006654,4.0,9.0,1653.0,8.0
138850.0,5402.0,St Margaret's Church of England Academy,57.0,150.0,24.0,16.0,996,,,Urban: Nearer to a major town or city,L17 6AB,North West,341,Liverpool,338275.0,386158.0,E02001402,E01006519,1,0,0,0,0,0,1.83,0.61,94.14,3.42,E01006519,E01006519,E01006519,10.0,4.0,464.0,3.0
104721.0,5403.0,St Hilda's Church of England High School,58.0,130.0,28.0,22.0,959,601.0,62.67,Urban: Nearer to a major town or city,L17 3AL,North West,341,Liverpool,337645.0,388348.0,E02001394,E01006551,1,0,0,0,0,0,2.33,3.62,83.25,10.8,E01006551,E01006551,E01006551,2.0,10.0,324.0,2.0
131065.0,6906.0,North Liverpool Academy,25.0,231.0,146.0,63.0,1328,603.0,45.41,Urban: Nearer to a major town or city,L5 0SQ,North West,341,Liverpool,335751.0,392365.0,E02001369,E01006564,1,0,0,0,0,0,7.6,4.41,85.04,2.94,E01006564,E01006564,E01006564,1.0,10.0,430.0,3.0
136119.0,6908.0,The Academy of St Nicholas,16.0,123.0,74.0,60.0,729,341.0,46.78,Urban: Nearer to a major town or city,L19 5NY,North West,341,Liverpool,340919.0,384583.0,E02001404,E01006743,1,0,0,0,0,0,4.3,1.5,89.94,4.25,E01006743,E01006743,E01006743,3.0,9.0,1173.0,6.0
138787.0,4001.0,Childwall Sports & Science Academy,24.0,126.0,75.0,60.0,893,331.0,37.07,Urban: Nearer to a major town or city,L15 6XZ,North West,341,Liverpool,340287.0,389520.0,E02001387,E01006582,1,0,0,0,0,0,6.34,0.87,88.71,4.07,E01006582,E01006582,E01006582,9.0,5.0,567.0,3.0
139588.0,4002.0,Liverpool Life Sciences UTC,32.0,111.0,60.0,54.0,476,275.0,57.77,Urban: Nearer to a major town or city,L1 0BS,North West,341,Liverpool,335019.0,389087.0,E02001383,E01034403,1,0,0,0,0,0,12.49,5.43,68.13,13.95,E01034403,E01006515,E01006515,1.0,9.0,134.0,1.0
144493.0,4009.0,The Academy of St Francis of Assisi,19.0,139.0,96.0,69.0,811,355.0,43.77,Urban: Nearer to a major town or city,L6 7UR,North West,341,Liverpool,337349.0,391568.0,E02001374,E01006695,1,0,0,0,0,0,5.33,13.15,66.32,15.21,E01006695,E01006695,E01006695,1.0,10.0,480.0,3.0
104698.0,4427.0,Calderstones School,33.0,237.0,90.0,38.0,1453,572.0,39.37,Urban: Nearer to a major town or city,L18 3HS,North West,341,Liverpool,340190.0,387778.0,E02001393,E01006539,1,0,0,0,0,0,5.48,0.15,90.5,3.87,E01006539,E01006539,E01006539,8.0,3.0,700.0,4.0
104829.0,4101.0,Cowley International College,38.0,220.0,97.0,44.0,1511,748.0,49.5,Urban: Nearer to a major town or city,WA10 6PN,North West,342,St. Helens,350286.0,396814.0,E02001412,E01006919,1,0,0,0,0,0,1.34,0.89,96.21,1.56,E01006919,E01006919,E01006919,1.0,10.0,1893.0,9.0
136421.0,4803.0,Hope Academy,29.0,172.0,67.0,39.0,1134,556.0,49.03,Urban: Nearer to a major town or city,WA12 0AQ,North West,342,St. Helens,358603.0,396310.0,E02001420,E01006856,1,0,0,0,0,0,1.38,0.2,96.26,2.16,E01006856,E01006856,E01006856,9.0,7.0,846.0,5.0
104835.0,4801.0,St Cuthbert's Catholic High School,30.0,125.0,61.0,49.0,814,400.0,49.14,Urban: Nearer to a major town or city,WA9 3HE,North West,342,St. Helens,353554.0,394324.0,E02001422,E01006875,1,0,0,0,0,0,1.94,0.45,94.86,2.76,E01006875,E01006875,E01006875,1.0,10.0,987.0,5.0
136141.0,6905.0,The Sutton Academy,31.0,217.0,82.0,38.0,1188,593.0,49.92,Urban: Nearer to a major town or city,WA9 5AU,North West,342,St. Helens,351504.0,392479.0,E02006935,E01006912,1,0,0,0,0,0,3.24,0.53,94.29,1.94,E01006912,E01006912,E01006912,1.0,10.0,1390.0,7.0
138260.0,4000.0,The Hawthorne's Free School,15.0,52.0,35.0,67.0,277,131.0,47.29,Urban: Nearer to a major town or city,L20 6AQ,North West,343,Sefton,334845.0,396730.0,E02001463,E01007019,1,0,0,0,0,0,3.59,0.48,92.48,3.45,E01007019,E01007019,E01007019,1.0,10.0,597.0,3.0
141693.0,4002.0,Hillside High School,22.0,141.0,72.0,51.0,655,322.0,49.16,Urban: Nearer to a major town or city,L20 9NU,North West,343,Sefton,335340.0,395078.0,E02001466,E01006962,1,0,0,0,0,0,2.8,1.72,90.61,4.87,E01006962,E01006962,E01006962,2.0,10.0,778.0,4.0
141694.0,4004.0,Litherland High School,29.0,119.0,54.0,45.0,565,297.0,52.57,Urban: Nearer to a major town or city,L21 0DB,North West,343,Sefton,334658.0,398641.0,E02001459,E01006981,1,0,0,0,0,0,2.38,1.44,95.46,0.72,E01006981,E01006981,E01006981,1.0,9.0,972.0,5.0
144618.0,4005.0,Stanley High School,40.0,134.0,35.0,26.0,603,265.0,43.95,Urban: Nearer to a major town or city,PR9 9TF,North West,343,Sefton,335676.0,419668.0,E02001431,E01006948,1,0,0,0,0,0,1.87,1.11,95.02,2.01,E01006948,E01006948,E01006948,3.0,10.0,,
137533.0,4100.0,Deyes High School,42.0,224.0,34.0,15.0,1398,664.0,47.5,Urban: Nearer to a major town or city,L31 6DE,North West,343,Sefton,337737.0,402355.0,E02001447,E01007099,1,0,0,0,0,0,0.78,0.0,97.65,1.57,E01007099,E01007099,E01007099,7.0,10.0,1390.0,7.0
137514.0,4105.0,Chesterfield High School,30.0,171.0,49.0,29.0,1163,565.0,48.58,Urban: Nearer to a major town or city,L23 9YB,North West,343,Sefton,333448.0,399885.0,E02001449,E01007020,1,0,0,0,0,0,0.67,0.04,97.64,1.65,E01007020,E01007020,E01007020,5.5,7.0,547.0,3.0
137612.0,4106.0,Range High School,51.0,193.0,18.0,9.0,1115,527.0,47.26,Urban: Nearer to a major town or city,L37 2YN,North West,343,Sefton,328468.0,405883.0,E02001443,E01006993,1,0,0,0,0,0,1.48,0.21,96.82,1.48,E01006993,E01006993,E01006993,10.0,3.0,1117.0,6.0
137297.0,4108.0,Birkdale High School,48.0,118.0,28.0,24.0,711,,,Urban: Nearer to a major town or city,PR8 3DT,North West,343,Sefton,332347.0,413317.0,E02001439,E01006925,1,0,0,0,0,0,1.65,0.27,95.11,2.97,E01006925,E01006925,E01006925,3.0,7.0,658.0,4.0
137520.0,4113.0,Maghull High School,24.0,177.0,49.0,28.0,871,471.0,54.08,Urban: Nearer to a major town or city,L31 7AW,North West,343,Sefton,337055.0,401489.0,E02001448,E01007073,1,0,0,0,0,0,0.24,0.08,99.03,0.64,E01007073,E01007073,E01007073,9.0,4.0,1495.0,7.0
104960.0,4621.0,Maricourt Catholic High School,33.0,238.0,42.0,18.0,1302,670.0,51.46,Urban: Nearer to a major town or city,L31 3DZ,North West,343,Sefton,337873.0,401644.0,E02001447,E01007099,1,0,0,0,0,0,0.78,0.0,97.65,1.57,E01007099,E01007099,E01007099,7.0,10.0,1495.0,7.0
104962.0,4624.0,Holy Family Catholic High School,37.0,133.0,30.0,23.0,884,440.0,49.77,Urban: Nearer to a major town or city,L23 4UL,North West,343,Sefton,333242.0,400870.0,E02001449,E01007037,1,0,0,0,0,0,0.67,0.04,97.64,1.65,E01007037,E01007037,E01007037,5.5,7.0,1653.0,8.0
104964.0,4800.0,Christ The King Catholic High School and Sixth Form Centre,47.0,176.0,35.0,20.0,1042,490.0,47.02,Urban: Nearer to a major town or city,PR8 4EX,North West,343,Sefton,333816.0,414908.0,E02001438,E01006929,1,0,0,0,0,0,0.81,0.34,97.3,1.55,E01006929,E01006929,E01006929,3.0,7.0,1241.0,6.0
137436.0,4101.0,Formby High School,50.0,163.0,27.0,17.0,1147,570.0,49.69,Urban: Nearer to a major town or city,L37 3HW,North West,343,Sefton,329355.0,407670.0,E02001442,E01007079,1,0,0,0,0,0,1.18,0.33,96.59,1.9,E01007079,E01007079,E01007079,10.0,5.0,987.0,5.0
137604.0,4109.0,Greenbank High School,57.0,199.0,36.0,18.0,991,991.0,100.0,Urban: Nearer to a major town or city,PR8 2LT,North West,343,Sefton,332124.0,414485.0,E02001437,E01006974,1,0,0,0,0,0,0.86,0.33,96.94,1.86,E01006974,E01006974,E01006974,8.0,3.0,1653.0,8.0
143554.0,4001.0,"St Mary's Catholic College, A Voluntary Academy",24.0,250.0,114.0,46.0,1210,523.0,43.22,Urban: Nearer to a major town or city,CH45 3LN,North West,344,Wirral,329336.0,392417.0,E02001469,E01007313,1,0,0,0,0,0,2.3,0.36,95.07,2.27,E01007313,E01007313,E01007313,4.5,9.5,,
138853.0,4012.0,Woodchurch High School,31.0,267.0,92.0,35.0,1413,612.0,43.31,Urban: Nearer to a major town or city,CH49 7NG,North West,344,Wirral,328525.0,387059.0,E02001491,E01007304,1,0,0,0,0,0,2.13,0.32,96.46,1.1,E01007304,E01007304,E01007304,1.0,10.0,1390.0,7.0
105101.0,4058.0,Pensby High School,35.0,94.0,16.0,17.0,693,331.0,47.76,Urban: Nearer to a major town or city,CH61 6XN,North West,344,Wirral,325950.0,383512.0,E02001503,E01007288,1,0,0,0,0,0,0.73,0.79,96.52,1.95,E01007288,E01007288,E01007288,7.0,8.0,987.0,5.0
138355.0,4060.0,Hilbre High School,27.0,179.0,41.0,23.0,1109,415.0,37.42,Urban: Nearer to a major town or city,CH48 6EQ,North West,344,Wirral,322844.0,387198.0,E02001494,E01007260,1,0,0,0,0,0,2.44,0.9,95.32,1.35,E01007260,E01007260,E01007260,9.0,5.0,547.0,3.0
105103.0,4066.0,The Mosslands School,21.0,160.0,62.0,39.0,1076,,,Urban: Nearer to a major town or city,CH45 8PJ,North West,344,Wirral,329205.0,391851.0,E02001469,E01007312,1,0,0,0,0,0,2.3,0.36,95.07,2.27,E01007312,E01007312,E01007312,4.5,9.5,788.0,4.0
137815.0,4069.0,Weatherhead High School,44.0,252.0,88.0,35.0,1570,1552.0,98.85,Urban: Nearer to a major town or city,CH44 3HS,North West,344,Wirral,329817.0,391359.0,E02001473,E01007213,1,0,0,0,0,0,2.37,0.14,95.46,2.03,E01007213,E01007213,E01007213,4.0,9.0,597.0,3.0
139031.0,4605.0,St John Plessington Catholic College,31.0,230.0,74.0,32.0,1559,725.0,46.5,Urban: Nearer to a major town or city,CH63 7LF,North West,344,Wirral,333075.0,385182.0,E02001498,E01007112,1,0,0,0,0,0,1.85,0.66,96.03,1.45,E01007112,E01007112,E01007112,5.0,10.0,700.0,4.0
136411.0,4798.0,Birkenhead Park School,26.0,95.0,68.0,72.0,606,252.0,41.58,Urban: Nearer to a major town or city,CH43 4UY,North West,344,Wirral,330754.0,388709.0,E02001486,E01007155,1,0,0,0,0,0,2.42,1.06,93.68,2.84,E01007155,E01007155,E01007155,2.0,10.0,316.0,2.0
137130.0,4010.0,Prenton High School for Girls,45.0,152.0,55.0,36.0,780,780.0,100.0,Urban: Nearer to a major town or city,CH42 6RR,North West,344,Wirral,331853.0,386266.0,E02001495,E01007177,1,0,0,0,0,0,3.18,1.3,93.58,1.95,E01007177,E01007177,E01007177,5.0,10.0,542.0,3.0
105097.0,4018.0,Ridgeway High School,19.0,137.0,69.0,50.0,734,283.0,38.56,Urban: Nearer to a major town or city,CH43 9EB,North West,344,Wirral,328709.0,387586.0,E02001490,E01007163,1,0,0,0,0,0,6.21,0.75,91.22,1.82,E01007163,E01007163,E01007163,5.0,10.0,1893.0,9.0
136895.0,4067.0,The Oldershaw Academy,27.0,128.0,73.0,57.0,795,337.0,42.39,Urban: Nearer to a major town or city,CH45 4RJ,North West,344,Wirral,330307.0,392270.0,E02001470,E01007314,1,0,0,0,0,0,1.06,0.28,97.1,1.55,E01007314,E01007314,E01007314,7.0,8.0,700.0,4.0
140959.0,4000.0,Eden Boys' School Bolton,64.0,100.0,23.0,23.0,578,,,Urban: Nearer to a major town or city,BL1 3QE,North West,350,Bolton,371235.0,410776.0,E02000994,E01004825,1,0,0,0,0,0,76.64,3.25,15.29,4.82,E01004825,E01004825,E01004825,2.0,6.0,,
141941.0,4002.0,Bolton UTC,23.0,56.0,30.0,54.0,158,96.0,60.76,Urban: Nearer to a major town or city,BL3 5AG,North West,350,Bolton,370974.0,408622.0,E02001004,E01004849,1,0,0,0,0,0,73.51,15.34,5.24,5.91,E01004849,E01004849,E01004849,1.0,2.0,162.0,1.0
134646.0,4805.0,Ladybridge High School,26.0,171.0,55.0,32.0,935,438.0,46.84,Urban: Nearer to a major town or city,BL3 4NG,North West,350,Bolton,368612.0,407869.0,E02001003,E01004836,1,0,0,0,0,0,46.76,0.8,48.25,4.18,E01004836,E01004836,E01004836,6.0,6.0,1203.0,6.0
105252.0,4031.0,Westhoughton High School,38.0,164.0,40.0,24.0,1086,519.0,47.79,Urban: Nearer to a major town or city,BL5 3BZ,North West,350,Bolton,365836.0,405901.0,E02001011,E01004894,1,0,0,0,0,0,3.33,0.78,93.5,2.39,E01004894,E01004894,E01004894,6.0,8.0,1495.0,7.0
105253.0,4034.0,Turton School,40.0,235.0,37.0,16.0,1540,764.0,49.61,Urban: Nearer to a major town or city,BL7 9LT,North West,350,Bolton,372848.0,413175.0,E02000985,E01004806,1,0,0,0,0,0,1.05,0.13,96.91,1.91,E01004806,E01004806,E01004806,8.0,4.0,1351.0,7.0
142296.0,4044.0,Little Lever School,45.0,148.0,51.0,35.0,980,478.0,48.78,Urban: Nearer to a major town or city,BL3 1BT,North West,350,Bolton,374670.0,407318.0,E02001007,E01004912,1,0,0,0,0,0,5.08,0.49,92.55,1.88,E01004912,E01004912,E01004912,5.0,7.0,1653.0,8.0
142232.0,4048.0,Sharples School,59.0,125.0,49.0,39.0,941,460.0,48.88,Urban: Nearer to a major town or city,BL1 8SN,North West,350,Bolton,372028.0,412381.0,E02000986,E01004770,1,0,0,0,0,0,26.71,0.46,70.59,2.24,E01004770,E01004770,E01004770,9.0,4.0,1495.0,7.0
140500.0,4049.0,Smithills School,31.0,176.0,82.0,47.0,877,460.0,52.45,Urban: Nearer to a major town or city,BL1 6JS,North West,350,Bolton,369980.0,411459.0,E02000991,E01004924,1,0,0,0,0,0,6.17,0.83,91.16,1.84,E01004924,E01004924,E01004924,9.0,3.0,872.0,5.0
105262.0,4609.0,St Joseph's RC High School and Sports College,36.0,162.0,32.0,20.0,877,426.0,48.57,Urban: Nearer to a major town or city,BL6 6HW,North West,350,Bolton,365118.0,410119.0,E02000990,E01004781,1,0,0,0,0,0,9.5,2.43,83.72,4.35,E01004781,E01004781,E01004781,6.0,5.0,1298.0,6.0
142340.0,4806.0,Bolton Muslim Girls School,69.0,119.0,34.0,29.0,603,603.0,100.0,Urban: Nearer to a major town or city,BL3 6TQ,North West,350,Bolton,370893.0,407819.0,E02001006,E01004854,1,0,0,0,0,0,70.0,3.7,20.16,6.14,E01004854,E01004854,E01004854,4.0,3.0,230.0,2.0
135770.0,6905.0,Essa Academy,41.0,167.0,93.0,56.0,970,403.0,41.55,Urban: Nearer to a major town or city,BL3 3HH,North West,350,Bolton,370519.0,406744.0,E02001006,E01004878,1,0,0,0,0,0,70.0,3.7,20.16,6.14,E01004878,E01004878,E01004878,4.0,3.0,385.0,2.0
136135.0,6907.0,Kearsley Academy,53.0,101.0,50.0,50.0,596,278.0,46.64,Urban: Nearer to a major town or city,BL4 8HY,North West,350,Bolton,374436.0,404705.0,E02001017,E01004908,1,0,0,0,0,0,1.23,1.0,96.3,1.46,E01004908,E01004908,E01004908,5.0,4.0,1495.0,7.0
105264.0,4612.0,Thornleigh Salesian College,48.0,223.0,65.0,29.0,1493,746.0,49.97,Urban: Nearer to a major town or city,BL1 6PQ,North West,350,Bolton,370735.0,411734.0,E02000988,E01004774,1,0,0,0,0,0,18.42,2.27,75.0,4.31,E01004774,E01004774,E01004774,2.0,8.0,972.0,5.0
143848.0,4000.0,Unsworth Academy,38.0,139.0,41.0,30.0,744,365.0,49.06,Urban: Nearer to a major town or city,BL9 8LP,North West,351,Bury,382083.0,407297.0,E02001035,E01005056,1,0,0,0,0,0,6.05,0.86,91.44,1.65,E01005056,E01005056,E01005056,7.0,2.0,,
105354.0,4004.0,The Elton High School,38.0,193.0,38.0,20.0,1030,508.0,49.32,Urban: Nearer to a major town or city,BL8 1RN,North West,351,Bury,378356.0,411573.0,E02001024,E01004963,1,0,0,0,0,0,1.35,1.08,96.21,1.35,E01004963,E01004963,E01004963,6.0,6.0,779.0,4.0
134195.0,4005.0,Manchester Mesivta School,51.0,35.0,2.0,6.0,175,,,Urban: Nearer to a major town or city,M25 0PH,North West,351,Bury,381751.0,403180.0,E02001041,E01005045,1,0,0,0,0,0,8.77,1.79,84.06,5.37,E01005045,E01005045,E01005045,5.0,4.0,365.0,2.0
105355.0,4007.0,The Derby High School,41.0,170.0,65.0,38.0,948,468.0,49.37,Urban: Nearer to a major town or city,BL9 9NH,North West,351,Bury,379733.0,409617.0,E02001029,E01005025,1,0,0,0,0,0,22.9,1.0,73.45,2.65,E01005025,E01005025,E01005025,4.0,7.0,945.0,5.0
144745.0,4012.0,"Eden Girls' Leadership Academy , Manchester",,,,,240,240.0,100.0,Urban: Nearer to a major town or city,M8 8DT,North West,352,Manchester,384808.0,400209.0,E02006913,E01033676,1,0,0,0,0,0,32.44,16.09,38.66,12.81,E01033676,E01033676,E01033676,1.0,10.0,,
144755.0,4013.0,Manchester Enterprise Academy Central,,,,,422,177.0,41.94,Urban: Nearer to a major town or city,M14 6PL,North West,352,Manchester,386554.0,394397.0,E02001070,E01005280,1,0,0,0,0,0,68.15,7.72,16.59,7.54,E01005280,E01005280,E01005280,2.0,5.0,,
141884.0,4007.0,Dean Trust Ardwick,,,,,893,374.0,41.88,Urban: Nearer to a major town or city,M13 0LF,North West,352,Manchester,386251.0,396193.0,E02001064,E01005239,1,0,0,0,0,0,46.04,21.94,20.39,11.63,E01005239,E01005239,E01005239,1.5,4.5,,
141196.0,4005.0,Levenshulme High School,56.0,199.0,85.0,43.0,996,996.0,100.0,Urban: Nearer to a major town or city,M19 1FS,North West,352,Manchester,387110.0,393429.0,E02001078,E01005217,1,0,0,0,0,0,42.35,2.63,48.83,6.19,E01005217,E01005217,E01005217,5.0,5.0,273.0,2.0
142762.0,4008.0,Co-op Academy North Manchester,19.0,200.0,106.0,53.0,1033,547.0,52.95,Urban: Nearer to a major town or city,M9 7SS,North West,352,Manchester,387622.0,403347.0,E02001047,E01033685,1,0,0,0,0,0,15.95,21.12,54.92,8.01,E01033685,E01033685,E01033685,4.0,6.0,822.0,4.0
144494.0,4010.0,The East Manchester Academy,23.0,177.0,102.0,58.0,970,476.0,49.07,Urban: Nearer to a major town or city,M11 3DS,North West,352,Manchester,387152.0,397900.0,E02001059,E01005105,1,0,0,0,0,0,28.64,15.89,37.74,17.72,E01005105,E01005105,E01005105,3.0,6.0,816.0,4.0
143260.0,4248.0,Parrs Wood High School,46.0,308.0,101.0,33.0,1983,929.0,46.85,Urban: Nearer to a major town or city,M20 5PG,North West,352,Manchester,385464.0,390094.0,E02001089,E01005171,1,0,0,0,0,0,19.81,2.04,68.05,10.11,E01005171,E01005171,E01005171,6.5,4.0,788.0,4.0
141264.0,4257.0,Whalley Range 11-18 High School,39.0,268.0,122.0,46.0,1575,1575.0,100.0,Urban: Nearer to a major town or city,M16 8GW,North West,352,Manchester,383690.0,394025.0,E02001074,E01005181,1,0,0,0,0,0,45.78,6.82,32.9,14.5,E01005181,E01005181,E01005181,4.0,8.0,1.0,1.0
139148.0,4281.0,Chorlton High School,53.0,295.0,100.0,34.0,1491,637.0,42.72,Urban: Nearer to a major town or city,M21 7SL,North West,352,Manchester,382528.0,393334.0,E02001077,E01005156,1,0,0,0,0,0,3.38,0.88,90.8,4.94,E01005156,E01005156,E01005156,10.0,3.0,846.0,5.0
105574.0,4753.0,Loreto High School Chorlton,41.0,144.0,56.0,39.0,728,347.0,47.66,Urban: Nearer to a major town or city,M21 7SW,North West,352,Manchester,382682.0,392995.0,E02001083,E01005081,1,0,0,0,0,0,16.9,12.67,51.51,18.92,E01005081,E01005081,E01005081,2.0,9.0,987.0,5.0
139456.0,4766.0,Saint Paul's Catholic High School,23.0,159.0,94.0,59.0,743,397.0,53.43,Urban: Nearer to a major town or city,M23 2YS,North West,352,Manchester,381566.0,387565.0,E02001095,E01005074,1,0,0,0,0,0,6.53,7.14,81.03,5.3,E01005074,E01005074,E01005074,1.0,10.0,1495.0,7.0
105581.0,4768.0,The Barlow RC High School and Specialist Science College,36.0,173.0,61.0,35.0,882,457.0,51.81,Urban: Nearer to a major town or city,M20 6BX,North West,352,Manchester,385470.0,390981.0,E02001089,E01005168,1,0,0,0,0,0,19.81,2.04,68.05,10.11,E01005168,E01005168,E01005168,6.5,4.0,945.0,5.0
135874.0,6908.0,Manchester Enterprise Academy,23.0,142.0,80.0,56.0,991,469.0,47.33,Urban: Nearer to a major town or city,M22 9RH,North West,352,Manchester,382085.0,387169.0,E02001094,E01005090,1,0,0,0,0,0,4.87,5.72,82.53,6.88,E01005090,E01005090,E01005090,1.0,10.0,1089.0,6.0
138097.0,4002.0,Cedar Mount Academy,26.0,148.0,72.0,49.0,824,367.0,44.54,Urban: Nearer to a major town or city,M18 7DT,North West,352,Manchester,388465.0,394875.0,E02001067,E01034121,1,0,0,0,0,0,23.27,36.16,32.1,8.48,E01034121,E01005196,E01005196,2.0,7.0,626.0,3.0
140703.0,4256.0,Burnage Academy for Boys,44.0,198.0,93.0,47.0,887,,,Urban: Nearer to a major town or city,M19 1ER,North West,352,Manchester,386452.0,392362.0,E02001085,E01005119,1,0,0,0,0,0,23.07,6.62,60.07,10.24,E01005119,E01005119,E01005119,2.0,9.0,1117.0,6.0
105576.0,4761.0,Our Lady's RC High School,34.0,158.0,100.0,63.0,831,463.0,55.72,Urban: Nearer to a major town or city,M9 0RP,North West,352,Manchester,385609.0,404471.0,E02001045,E01005100,1,0,0,0,0,0,6.98,8.84,77.39,6.79,E01005100,E01005100,E01005100,1.0,10.0,1298.0,6.0
137801.0,4765.0,Trinity CofE High School,35.0,243.0,93.0,38.0,1384,690.0,49.86,Urban: Nearer to a major town or city,M15 6HP,North West,352,Manchester,384235.0,396576.0,E02001063,E01034117,1,0,0,0,0,0,34.21,10.36,42.07,13.36,E01034117,E01005209,E01005209,2.0,2.0,166.0,1.0
131880.0,4770.0,St Peter's RC High School,38.0,187.0,113.0,60.0,986,452.0,45.84,Urban: Nearer to a major town or city,M12 4WB,North West,352,Manchester,387325.0,395892.0,E02001064,E01005232,1,0,0,0,0,0,46.04,21.94,20.39,11.63,E01005232,E01005232,E01005232,1.5,4.5,480.0,3.0
137309.0,4810.0,The King David High School,74.0,97.0,6.0,6.0,783,402.0,51.34,Urban: Nearer to a major town or city,M8 5DY,North West,352,Manchester,383831.0,402178.0,E02001052,E01005165,1,0,0,0,0,0,32.31,12.32,44.76,10.61,E01005165,E01005165,E01005165,3.0,10.0,205.0,2.0
134224.0,6905.0,Manchester Academy,32.0,197.0,138.0,70.0,1069,367.0,34.33,Urban: Nearer to a major town or city,M14 4PX,North West,352,Manchester,384510.0,395698.0,E02001069,E01005244,1,0,0,0,0,0,25.96,21.35,37.59,15.1,E01005244,E01005244,E01005244,1.0,2.0,168.0,1.0
136105.0,6913.0,Manchester Communication Academy,28.0,219.0,150.0,69.0,1122,541.0,48.22,Urban: Nearer to a major town or city,M40 8NT,North West,352,Manchester,385777.0,400602.0,E02001053,E01033678,1,0,0,0,0,0,14.47,31.42,42.29,11.82,E01033678,E01033678,E01033678,1.0,10.0,785.0,4.0
136174.0,6914.0,Co-op Academy Manchester,30.0,162.0,95.0,59.0,1149,559.0,48.65,Urban: Nearer to a major town or city,M9 0WQ,North West,352,Manchester,385396.0,403616.0,E02001046,E01005101,1,0,0,0,0,0,7.38,12.19,73.92,6.52,E01005101,E01005101,E01005101,2.0,10.0,1173.0,6.0
144744.0,4011.0,"Eden Boys' Leadership Academy, Manchester",,,,,240,0.0,0.0,Urban: Nearer to a major town or city,M8 8DT,North West,352,Manchester,384752.0,400024.0,E02006913,E01033676,1,0,0,0,0,0,32.44,16.09,38.66,12.81,E01033676,E01033676,E01033676,1.0,10.0,,
144627.0,4006.0,Co-op Academy Failsworth,27.0,271.0,95.0,35.0,1448,710.0,49.03,Urban: Nearer to a major town or city,M35 9HA,North West,353,Oldham,390349.0,401127.0,E02001130,E01005366,1,0,0,0,0,0,1.61,2.38,93.57,2.44,E01005366,E01005366,E01005366,3.0,10.0,,
137039.0,4011.0,The Hathershaw College,35.0,208.0,84.0,40.0,1064,545.0,51.22,Urban: Nearer to a major town or city,OL8 3EP,North West,353,Oldham,392680.0,402873.0,E02001126,E01005438,1,0,0,0,0,0,46.55,4.04,43.89,5.52,E01005438,E01005438,E01005438,2.0,7.0,717.0,4.0
141248.0,4027.0,North Chadderton School,48.0,231.0,47.0,20.0,1493,745.0,49.9,Urban: Nearer to a major town or city,OL9 0BN,North West,353,Oldham,390047.0,406541.0,E02001107,E01005339,1,0,0,0,0,0,6.41,1.01,90.9,1.69,E01005339,E01005339,E01005339,10.0,5.0,1390.0,7.0
137294.0,4605.0,The Crompton House Church of England Academy,45.0,198.0,32.0,16.0,1343,738.0,54.95,Urban: Nearer to a major town or city,OL2 7HS,North West,353,Oldham,392960.0,409441.0,E02001098,E01005359,1,0,0,0,0,0,1.92,0.26,96.81,1.02,E01005359,E01005359,E01005359,8.0,4.0,1390.0,7.0
136115.0,6906.0,The Oldham Academy North,29.0,218.0,121.0,56.0,1138,577.0,50.7,Urban: Nearer to a major town or city,OL2 5BF,North West,353,Oldham,391799.0,407084.0,E02001106,E01005398,1,0,0,0,0,0,6.66,0.65,91.38,1.31,E01005398,E01005398,E01005398,6.0,9.0,987.0,5.0
144508.0,4004.0,Waterhead Academy,28.0,253.0,101.0,40.0,1302,649.0,49.85,Urban: Nearer to a major town or city,OL4 3NY,North West,353,Oldham,395417.0,405999.0,E02001110,E01005417,1,0,0,0,0,0,2.19,0.13,95.88,1.8,E01005417,E01005417,E01005417,9.0,9.0,1089.0,6.0
137133.0,4600.0,The Blue Coat CofE School,63.0,240.0,31.0,13.0,1683,910.0,54.07,Urban: Nearer to a major town or city,OL1 3SQ,North West,353,Oldham,392979.0,405494.0,E02001111,E01005433,1,0,0,0,0,0,27.65,15.16,48.46,8.73,E01005433,E01005433,E01005433,1.0,10.0,421.0,3.0
136027.0,6905.0,Oasis Academy Oldham,25.0,241.0,132.0,55.0,1369,660.0,48.21,Urban: Nearer to a major town or city,OL8 4JZ,North West,353,Oldham,391519.0,402991.0,E02001127,E01005382,1,0,0,0,0,0,9.41,3.05,83.04,4.49,E01005382,E01005382,E01005382,1.0,10.0,371.0,2.0
131726.0,4801.0,Holy Family Roman Catholic and Church of England College,59.0,115.0,25.0,22.0,682,353.0,51.76,Urban: Nearer to a major town or city,OL10 2AA,North West,354,Rochdale,385223.0,410012.0,E02001149,E01005505,1,0,0,0,0,0,2.1,2.65,93.14,2.1,E01005505,E01005505,E01005505,4.0,9.0,717.0,4.0
143319.0,4091.0,Middleton Technology School,40.0,220.0,78.0,36.0,1283,631.0,49.18,Urban: Nearer to a major town or city,M24 2GT,North West,354,Rochdale,388141.0,405686.0,E02001154,E01005542,1,0,0,0,0,0,3.53,8.1,84.29,4.08,E01005542,E01005542,E01005542,3.0,10.0,1653.0,8.0
105844.0,4611.0,Cardinal Langley Roman Catholic High School,30.0,164.0,60.0,37.0,1114,558.0,50.09,Urban: Nearer to a major town or city,M24 2GL,North West,354,Rochdale,387943.0,407507.0,E02001152,E01005543,1,0,0,0,0,0,4.12,5.05,87.85,2.98,E01005543,E01005543,E01005543,4.5,10.0,987.0,5.0
140091.0,5401.0,Hollingworth Academy,51.0,249.0,79.0,32.0,1297,630.0,48.57,Urban: Nearer to a major town or city,OL16 3DR,North West,354,Rochdale,393309.0,412474.0,E02001145,E01005558,1,0,0,0,0,0,1.44,0.88,95.36,2.32,E01005558,E01005558,E01005558,5.0,9.0,1893.0,9.0
135313.0,6905.0,St Anne's Church of England Academy,34.0,103.0,62.0,60.0,732,400.0,54.64,Urban: Nearer to a major town or city,M24 6XN,North West,354,Rochdale,386691.0,407821.0,E02001152,E01005526,1,0,0,0,0,0,4.12,5.05,87.85,2.98,E01005526,E01005526,E01005526,4.5,10.0,1298.0,6.0
140055.0,5400.0,Wardle Academy,44.0,241.0,64.0,27.0,1216,560.0,46.05,Urban: Nearer to a major town or city,OL12 9RD,North West,354,Rochdale,391653.0,416171.0,E02001135,E01005593,1,0,0,0,0,0,7.54,5.01,83.95,3.5,E01005593,E01005593,E01005593,2.0,10.0,1893.0,9.0
136987.0,4050.0,Co-op Academy Swinton,35.0,105.0,46.0,44.0,763,406.0,53.21,Urban: Nearer to a major town or city,M27 6JU,North West,355,Salford,377525.0,402270.0,E02001162,E01005686,1,0,0,0,0,0,3.62,1.92,91.8,2.66,E01005686,E01005686,E01005686,4.5,7.0,1893.0,9.0
105989.0,5400.0,St Ambrose Barlow RC High School,37.0,194.0,47.0,24.0,1105,536.0,48.51,Urban: Nearer to a major town or city,M27 9QP,North West,355,Salford,376362.0,402667.0,E02001162,E01005691,1,0,0,0,0,0,3.62,1.92,91.8,2.66,E01005691,E01005691,E01005691,4.5,7.0,1893.0,9.0
135071.0,6905.0,Salford City Academy,31.0,97.0,56.0,58.0,652,292.0,44.79,Urban: Nearer to a major town or city,M30 7PQ,North West,355,Salford,374824.0,398045.0,E02001181,E01005732,1,0,0,0,0,0,4.24,3.29,89.49,2.98,E01005732,E01005732,E01005732,4.0,7.5,1653.0,8.0
142073.0,4002.0,Irlam and Cadishead Academy,22.0,127.0,57.0,45.0,604,299.0,49.5,Urban: Nearer to a major town or city,M44 5ZR,North West,355,Salford,371338.0,393389.0,E02001186,E01005621,1,0,0,0,0,0,2.82,1.86,92.38,2.94,E01005621,E01005621,E01005621,3.0,10.0,,
138698.0,4018.0,Beis Yaakov High School,59.0,58.0,3.0,5.0,334,334.0,100.0,Urban: Nearer to a major town or city,M7 4FF,North West,355,Salford,382739.0,401413.0,E02001166,E01005650,1,0,0,0,0,0,3.11,2.21,80.63,14.05,E01005650,E01005650,E01005650,6.0,8.0,154.0,1.0
105986.0,4616.0,St Patrick's RC High School and Arts College,56.0,174.0,51.0,29.0,922,467.0,50.65,Urban: Nearer to a major town or city,M30 7JJ,North West,355,Salford,375746.0,398519.0,E02001181,E01005730,1,0,0,0,0,0,4.24,3.29,89.49,2.98,E01005730,E01005730,E01005730,4.0,7.5,1495.0,7.0
131512.0,4620.0,All Hallows RC High School,43.0,118.0,63.0,53.0,628,309.0,49.2,Urban: Nearer to a major town or city,M6 8AA,North West,355,Salford,379216.0,399425.0,E02001177,E01005630,1,0,0,0,0,0,7.89,2.54,84.34,5.22,E01005630,E01005630,E01005630,4.0,9.0,1390.0,7.0
135661.0,6906.0,Oasis Academy MediaCityUK,28.0,104.0,63.0,61.0,617,309.0,50.08,Urban: Nearer to a major town or city,M50 3UQ,North West,355,Salford,381282.0,397646.0,E02006961,E01032912,1,0,0,0,0,0,7.57,17.04,65.87,9.51,E01032912,E01032912,E01032912,1.0,10.0,332.0,2.0
145133.0,4001.0,Reddish Vale High School,20.0,164.0,71.0,43.0,859,415.0,48.31,Urban: Nearer to a major town or city,SK5 7HD,North West,356,Stockport,389908.0,393394.0,E02001189,E01005892,1,0,0,0,0,0,3.39,2.13,90.16,4.33,E01005892,E01005892,E01005892,4.0,7.0,,
106135.0,4034.0,Stockport School,46.0,216.0,61.0,28.0,1197,579.0,48.37,Urban: Nearer to a major town or city,SK2 6BW,North West,356,Stockport,390850.0,388291.0,E02001213,E01005830,1,0,0,0,0,0,5.97,1.49,89.35,3.18,E01005830,E01005830,E01005830,8.0,8.0,581.0,3.0
137923.0,4036.0,Hazel Grove High School,45.0,192.0,39.0,20.0,1414,647.0,45.76,Urban: Nearer to a major town or city,SK7 5JX,North West,356,Stockport,391115.0,385984.0,E02001219,E01005806,1,0,0,0,0,0,2.61,0.17,95.54,1.68,E01005806,E01005806,E01005806,9.0,7.0,577.0,3.0
106139.0,4038.0,Bramhall High School,56.0,202.0,32.0,16.0,1005,487.0,48.46,Urban: Nearer to a major town or city,SK7 2JT,North West,356,Stockport,389956.0,385561.0,E02001223,E01005809,1,0,0,0,0,0,11.32,0.41,82.74,5.54,E01005809,E01005809,E01005809,8.0,4.0,950.0,5.0
137843.0,4039.0,Cheadle Hulme High School,67.0,272.0,43.0,16.0,1663,846.0,50.87,Urban: Nearer to a major town or city,SK8 7JY,North West,356,Stockport,387683.0,385278.0,E02001227,E01005792,1,0,0,0,0,0,5.23,0.13,91.57,3.07,E01005792,E01005792,E01005792,10.0,2.0,464.0,3.0
106142.0,4600.0,St James' Catholic High School,65.0,155.0,16.0,10.0,794,368.0,46.35,Urban: Nearer to a major town or city,SK8 6PZ,North West,356,Stockport,386902.0,384794.0,E02001225,E01005793,1,0,0,0,0,0,12.27,0.98,82.41,4.33,E01005793,E01005793,E01005793,7.0,3.0,491.0,3.0
106143.0,4601.0,Harrytown Catholic High School,36.0,140.0,34.0,24.0,735,379.0,51.56,Urban: Nearer to a major town or city,SK6 3BU,North West,356,Stockport,393153.0,390733.0,E02001198,E01005902,1,0,0,0,0,0,4.26,0.99,92.22,2.53,E01005902,E01005902,E01005902,3.0,10.0,675.0,4.0
135262.0,6905.0,Stockport Academy,30.0,125.0,70.0,56.0,869,446.0,51.32,Urban: Nearer to a major town or city,SK3 0UP,North West,356,Stockport,387880.0,389241.0,E02001204,E01005820,1,0,0,0,0,0,4.23,0.8,91.55,3.42,E01005820,E01005820,E01005820,5.0,10.0,903.0,5.0
142509.0,4040.0,The Kingsway School,48.0,289.0,60.0,21.0,1483,711.0,47.94,Urban: Nearer to a major town or city,SK8 4QX,North West,356,Stockport,385024.0,387817.0,E02001214,E01005772,1,0,0,0,0,0,30.92,2.01,61.13,5.95,E01005772,E01005772,E01005772,8.0,6.0,700.0,4.0
135864.0,6906.0,Droylsden Academy,41.0,145.0,71.0,49.0,894,436.0,48.77,Urban: Nearer to a major town or city,M43 6QD,North West,357,Tameside,389671.0,398410.0,E02001239,E01006002,1,0,0,0,0,0,7.96,6.41,80.17,5.45,E01006002,E01006002,E01006002,2.5,7.5,788.0,4.0
134283.0,4006.0,Alder Community High School,44.0,147.0,33.0,22.0,803,415.0,51.68,Urban: Nearer to a major town or city,SK14 5NJ,North West,357,Tameside,396031.0,393888.0,E02001258,E01006045,1,0,0,0,0,0,0.96,0.4,97.37,1.28,E01006045,E01006045,E01006045,9.0,6.0,1495.0,7.0
106270.0,4602.0,St Damian's RC Science College,58.0,153.0,47.0,31.0,819,422.0,51.53,Smaller rural: Nearer to a major town or city,OL6 8BH,North West,357,Tameside,395017.0,401424.0,E02001230,E01005938,0,0,0,0,1,0,11.61,2.1,84.18,2.1,E01005938,E01005938,E01005938,2.0,9.0,1495.0,7.0
106271.0,4603.0,St Thomas More RC College,55.0,150.0,43.0,29.0,765,400.0,52.29,Urban: Nearer to a major town or city,M34 6AF,North West,357,Tameside,392485.0,394828.0,E02001249,E01005975,1,0,0,0,0,0,3.43,3.36,90.43,2.78,E01005975,E01005975,E01005975,2.0,8.0,987.0,5.0
139735.0,4604.0,All Saints Catholic College,32.0,118.0,42.0,36.0,604,398.0,65.89,Urban: Nearer to a major town or city,SK16 5AP,North West,357,Tameside,395032.0,397247.0,E02001246,E01006013,1,0,0,0,0,0,3.6,0.84,94.34,1.22,E01006013,E01006013,E01006013,5.0,8.0,1203.0,6.0
136273.0,5400.0,Audenshaw School,63.0,182.0,39.0,21.0,997,,,Urban: Nearer to a major town or city,M34 5NB,North West,357,Tameside,392190.0,396667.0,E02001247,E01005966,1,0,0,0,0,0,3.92,3.23,88.54,4.3,E01005966,E01005966,E01005966,2.0,7.0,987.0,5.0
137020.0,5401.0,West Hill School,38.0,168.0,28.0,17.0,837,,,Urban: Nearer to a major town or city,SK15 1LX,North West,357,Tameside,395729.0,398869.0,E02001236,E01006066,1,0,0,0,0,0,3.59,1.27,92.18,2.96,E01006066,E01006066,E01006066,3.0,10.0,700.0,4.0
136593.0,5402.0,Fairfield High School for Girls,58.0,186.0,33.0,18.0,965,965.0,100.0,Urban: Nearer to a major town or city,M43 6AB,North West,357,Tameside,390054.0,397609.0,E02001239,E01005999,1,0,0,0,0,0,7.96,6.41,80.17,5.45,E01005999,E01005999,E01005999,2.5,7.5,788.0,4.0
135508.0,6905.0,Great Academy Ashton,26.0,237.0,101.0,43.0,1261,711.0,56.38,Urban: Nearer to a major town or city,OL6 8RF,North West,357,Tameside,394629.0,400949.0,E02001230,E01005938,1,0,0,0,0,0,11.61,2.1,84.18,2.1,E01005938,E01005938,E01005938,2.0,9.0,457.0,3.0
139294.0,4011.0,Copley Academy,23.0,122.0,47.0,39.0,683,430.0,62.96,Urban: Nearer to a major town or city,SK15 3RR,North West,357,Tameside,397554.0,398878.0,E02001237,E01006069,1,0,0,0,0,0,3.16,1.61,92.25,2.99,E01006069,E01006069,E01006069,1.0,7.0,1117.0,6.0
136965.0,4014.0,Flixton Girls School,33.0,170.0,35.0,21.0,924,924.0,100.0,Urban: Nearer to a major town or city,M41 5DR,North West,358,Trafford,375452.0,394833.0,E02001268,E01006129,1,0,0,0,0,0,4.4,1.3,90.76,3.54,E01006129,E01006129,E01006129,7.0,8.0,521.0,3.0
136378.0,4016.0,Wellacre Technology Academy,32.0,133.0,31.0,23.0,625,,,Urban: Nearer to a major town or city,M41 6AP,North West,358,Trafford,373863.0,394527.0,E02001265,E01006132,1,0,0,0,0,0,1.36,1.49,93.96,3.18,E01006132,E01006132,E01006132,7.0,8.0,950.0,5.0
138124.0,4012.0,Broadoak School,28.0,79.0,36.0,46.0,402,208.0,51.74,Urban: Nearer to a major town or city,M31 4BU,North West,358,Trafford,371534.0,390813.0,E02001275,E01006105,1,0,0,0,0,0,3.12,4.14,87.31,5.44,E01006105,E01006105,E01006105,1.0,10.0,1495.0,7.0
106365.0,4015.0,Lostock High School,30.0,66.0,27.0,41.0,361,144.0,39.89,Urban: Nearer to a major town or city,M32 9PL,North West,358,Trafford,378160.0,395386.0,E02001264,E01006159,1,0,0,0,0,0,16.15,6.34,68.66,8.85,E01006159,E01006159,E01006159,3.0,8.0,1298.0,6.0
138614.0,4024.0,Altrincham College,45.0,161.0,43.0,27.0,947,489.0,51.64,Urban: Nearer to a major town or city,WA15 8QW,North West,358,Trafford,378541.0,387514.0,E02001284,E01006140,1,0,0,0,0,0,15.29,1.59,77.13,6.0,E01006140,E01006140,E01006140,9.0,2.0,521.0,3.0
106370.0,4028.0,Stretford High School,44.0,156.0,63.0,40.0,884,366.0,41.4,Urban: Nearer to a major town or city,M32 0XA,North West,358,Trafford,380595.0,395646.0,E02001261,E01006187,1,0,0,0,0,0,11.54,8.54,72.03,7.89,E01006187,E01006187,E01006187,4.0,7.0,486.0,3.0
136377.0,5400.0,Wellington School,56.0,237.0,23.0,10.0,1394,724.0,51.94,Urban: Nearer to a major town or city,WA15 7RH,North West,358,Trafford,377819.0,388634.0,E02001281,E01006191,1,0,0,0,0,0,7.03,1.17,87.16,4.63,E01006191,E01006191,E01006191,10.0,4.0,297.0,2.0
106376.0,5403.0,Blessed Thomas Holford Catholic College,47.0,193.0,35.0,18.0,1394,687.0,49.28,Urban: Nearer to a major town or city,WA15 8HT,North West,358,Trafford,377419.0,387902.0,E02001282,E01006194,1,0,0,0,0,0,13.17,1.69,79.17,5.97,E01006194,E01006194,E01006194,8.0,4.0,332.0,2.0
138123.0,5401.0,Ashton-on-Mersey School,48.0,253.0,40.0,16.0,1419,624.0,43.97,Urban: Nearer to a major town or city,M33 5BP,North West,358,Trafford,377546.0,391455.0,E02001274,E01006152,1,0,0,0,0,0,18.81,2.44,69.95,8.8,E01006152,E01006152,E01006152,10.0,6.0,547.0,3.0
143104.0,6003.0,North Cestrian School,46.0,69.0,8.0,12.0,519,249.0,47.98,Urban: Nearer to a major town or city,WA14 4AJ,North West,358,Trafford,376425.0,387991.0,E02001283,E01006075,1,0,0,0,0,0,12.2,0.65,83.05,4.1,E01006075,E01006075,E01006075,10.0,3.0,377.0,2.0
106538.0,4615.0,St Mary's Catholic High School,44.0,238.0,42.0,18.0,1549,784.0,50.61,Urban: Nearer to a major town or city,M29 7EE,North West,359,Wigan,369273.0,399922.0,E02001315,E01006251,1,0,0,0,0,0,1.3,0.26,96.7,1.75,E01006251,E01006251,E01006251,10.0,7.0,1203.0,6.0
144519.0,4010.0,Dean Trust Wigan,31.0,129.0,62.0,48.0,665,332.0,49.92,Urban: Nearer to a major town or city,WN5 0DQ,North West,359,Wigan,354454.0,405107.0,E02001297,E01006398,1,0,0,0,0,0,1.89,0.3,97.32,0.5,E01006398,E01006398,E01006398,4.0,9.0,,
138233.0,4005.0,Atherton Community School,17.0,70.0,29.0,41.0,398,186.0,46.73,Urban: Nearer to a major town or city,M46 0AY,North West,359,Wigan,367419.0,402842.0,E02001309,E01006244,1,0,0,0,0,0,2.27,2.51,93.18,2.03,E01006244,E01006244,E01006244,4.0,10.0,822.0,4.0
106529.0,4027.0,Shevington High School,52.0,127.0,9.0,7.0,681,327.0,48.02,Urban: Nearer to a major town or city,WN6 8AB,North West,359,Wigan,354794.0,409473.0,E02001289,E01006318,1,0,0,0,0,0,1.12,0.21,97.34,1.33,E01006318,E01006318,E01006318,8.0,5.0,1241.0,6.0
137783.0,4002.0,Lowton Church of England High School,32.0,91.0,31.0,34.0,623,307.0,49.28,Urban: Nearer to a major town or city,WA3 1DU,North West,359,Wigan,363848.0,397801.0,E02001326,E01006302,1,0,0,0,0,0,1.69,1.2,95.43,1.69,E01006302,E01006302,E01006302,7.0,5.0,1653.0,8.0
106521.0,4015.0,Cansfield High School,37.0,170.0,39.0,23.0,960,473.0,49.27,Urban: Nearer to a major town or city,WN4 9TP,North West,359,Wigan,357307.0,399850.0,E02001322,E01006261,1,0,0,0,0,0,1.2,0.07,98.36,0.38,E01006261,E01006261,E01006261,7.67,8.0,1653.0,8.0
106525.0,4022.0,Golborne High School,57.0,159.0,30.0,19.0,905,433.0,47.85,Urban: Nearer to a major town or city,WA3 3EL,North West,359,Wigan,361131.0,398394.0,E02001325,E01006340,1,0,0,0,0,0,1.96,1.32,95.39,1.32,E01006340,E01006340,E01006340,4.0,8.0,1495.0,7.0
137448.0,4025.0,Fred Longworth High School,45.0,242.0,52.0,22.0,1301,634.0,48.73,Urban: Nearer to a major town or city,M29 8JN,North West,359,Wigan,368403.0,402022.0,E02001308,E01006293,1,0,0,0,0,0,2.22,1.6,94.81,1.36,E01006293,E01006293,E01006293,5.0,9.0,739.0,4.0
138110.0,4035.0,Hawkley Hall High School,42.0,191.0,30.0,16.0,1043,528.0,50.62,Urban: Nearer to a major town or city,WN3 5NY,North West,359,Wigan,357952.0,403148.0,E02001306,E01006407,1,0,0,0,0,0,1.17,0.48,97.25,1.1,E01006407,E01006407,E01006407,6.0,7.0,1653.0,8.0
138699.0,4501.0,The Byrchall High School,53.0,151.0,42.0,28.0,859,440.0,51.22,Urban: Nearer to a major town or city,WN4 9PQ,North West,359,Wigan,357580.0,398486.0,E02001322,E01006225,1,0,0,0,0,0,1.2,0.07,98.36,0.38,E01006225,E01006225,E01006225,7.67,8.0,1653.0,8.0
106534.0,4608.0,The Deanery Church of England High School and Sixth Form College,28.0,225.0,78.0,35.0,1368,734.0,53.65,Urban: Nearer to a major town or city,WN1 1HQ,North West,359,Wigan,357839.0,405856.0,E02001294,E01006369,1,0,0,0,0,0,3.94,2.07,90.05,3.94,E01006369,E01006369,E01006369,3.0,10.0,1051.0,5.0
106535.0,4609.0,St John Fisher Catholic High School,32.0,187.0,58.0,31.0,971,476.0,49.02,Urban: Nearer to a major town or city,WN6 7RN,North West,359,Wigan,356877.0,406969.0,E02001291,E01006256,1,0,0,0,0,0,2.46,1.76,92.79,2.99,E01006256,E01006256,E01006256,7.0,8.0,903.0,5.0
106537.0,4614.0,St Peter's Catholic High School,50.0,182.0,20.0,11.0,980,485.0,49.49,Urban: Nearer to a major town or city,WN5 8NU,North West,359,Wigan,353675.0,405179.0,E02001304,E01006363,1,0,0,0,0,0,0.13,0.2,98.61,1.06,E01006363,E01006363,E01006363,9.0,7.0,1653.0,8.0
106540.0,4805.0,"St Edmund Arrowsmith Catholic High School, Ashton-in-Makerfield",48.0,237.0,19.0,8.0,1201,628.0,52.29,Urban: Nearer to a major town or city,WN4 9PF,North West,359,Wigan,357636.0,398614.0,E02001322,E01006225,1,0,0,0,0,0,1.2,0.07,98.36,0.38,E01006225,E01006225,E01006225,7.67,8.0,1653.0,8.0
106523.0,4019.0,Bedford High School,26.0,180.0,62.0,34.0,975,481.0,49.33,Urban: Nearer to a major town or city,WN7 2LU,North West,359,Wigan,367544.0,399784.0,E02001320,E01006246,1,0,0,0,0,0,0.65,1.7,96.15,1.5,E01006246,E01006246,E01006246,4.0,8.0,1117.0,6.0
139210.0,4002.0,Outwood Academy Carlton,40.0,155.0,80.0,52.0,985,479.0,48.63,Urban: Nearer to a major town or city,S71 3EW,Yorkshire and the Humber,370,Barnsley,436622.0,410296.0,E02001510,E01007436,1,0,0,0,0,0,0.58,0.22,98.41,0.79,E01007436,E01007436,E01007436,3.0,10.0,1241.0,6.0
139211.0,4003.0,Outwood Academy Shafton,39.0,185.0,75.0,41.0,1167,611.0,52.36,Urban: Nearer to a major town or city,S72 8RE,Yorkshire and the Humber,370,Barnsley,439557.0,410204.0,E02001511,E01007331,1,0,0,0,0,0,0.5,0.94,97.63,0.94,E01007331,E01007331,E01007331,4.0,8.0,1653.0,8.0
140979.0,4008.0,Kirk Balk Academy,57.0,197.0,63.0,32.0,1194,567.0,47.49,Urban: Nearer to a major town or city,S74 9HX,Yorkshire and the Humber,370,Barnsley,436621.0,400659.0,E02001536,E01007397,1,0,0,0,0,0,0.33,0.46,97.92,1.3,E01007397,E01007397,E01007397,3.0,10.0,1893.0,9.0
143907.0,4009.0,Netherwood Academy,28.0,209.0,67.0,32.0,1164,584.0,50.17,Urban: Nearer to a major town or city,S73 8FE,Yorkshire and the Humber,370,Barnsley,440008.0,403967.0,E02001531,E01007448,1,0,0,0,0,0,1.55,0.71,95.16,2.58,E01007448,E01007448,E01007448,2.0,9.0,,
106653.0,4027.0,Penistone Grammar School,56.0,272.0,30.0,11.0,1636,798.0,48.78,Smaller rural: Nearer to a major town or city,S36 7BX,Yorkshire and the Humber,370,Barnsley,424232.0,404138.0,E02001524,E01007425,0,0,0,0,1,0,1.3,0.38,97.34,0.98,E01007425,E01007425,E01007425,10.0,4.0,1495.0,7.0
131749.0,6905.0,Barnsley Academy,37.0,165.0,69.0,42.0,805,409.0,50.81,Urban: Nearer to a major town or city,S70 3DL,Yorkshire and the Humber,370,Barnsley,436336.0,404565.0,E02001526,E01007317,1,0,0,0,0,0,0.39,0.07,97.63,1.91,E01007317,E01007317,E01007317,1.0,10.0,1653.0,8.0
140964.0,4003.0,XP School,34.0,50.0,14.0,28.0,250,101.0,40.4,Urban: Nearer to a major town or city,DN4 5NG,Yorkshire and the Humber,371,Doncaster,458485.0,402071.0,E02001557,E01007644,1,0,0,0,0,0,14.46,3.91,75.18,6.45,E01007644,E01007644,E01007644,4.67,7.0,,
140865.0,4606.0,The McAuley Catholic High School,40.0,266.0,44.0,17.0,1593,807.0,50.66,Urban: Nearer to a major town or city,DN3 3QF,Yorkshire and the Humber,371,Doncaster,462444.0,401691.0,E02001564,E01007603,1,0,0,0,0,0,2.68,0.45,94.58,2.3,E01007603,E01007603,E01007603,8.0,6.0,1117.0,6.0
137066.0,4000.0,Ash Hill Academy,35.0,108.0,47.0,44.0,667,335.0,50.22,Urban: Nearer to a major town or city,DN7 6JH,Yorkshire and the Humber,371,Doncaster,465679.0,409152.0,E02001544,E01007555,1,0,0,0,0,0,0.23,0.08,98.55,1.14,E01007555,E01007555,E01007555,2.0,6.0,1298.0,6.0
143938.0,4007.0,Outwood Academy Danum,49.0,185.0,75.0,41.0,1044,548.0,52.49,Urban: Nearer to a major town or city,DN2 5QD,Yorkshire and the Humber,371,Doncaster,460863.0,404544.0,E02001556,E01007566,1,0,0,0,0,0,7.13,0.74,86.66,5.47,E01007566,E01007566,E01007566,1.0,10.0,1893.0,9.0
144364.0,4008.0,Sir Thomas Wharton Academy,41.0,164.0,43.0,26.0,916,473.0,51.64,Urban: Nearer to a major town or city,DN12 1HH,Yorkshire and the Humber,371,Doncaster,454136.0,397738.0,E02001572,E01007545,1,0,0,0,0,0,1.25,1.11,96.68,0.96,E01007545,E01007545,E01007545,3.0,10.0,,
138314.0,4021.0,Armthorpe Academy,33.0,84.0,22.0,26.0,492,224.0,45.53,Urban: Nearer to a major town or city,DN3 2DA,Yorkshire and the Humber,371,Doncaster,462410.0,405237.0,E02001552,E01007480,1,0,0,0,0,0,1.41,0.54,96.05,2.01,E01007480,E01007480,E01007480,3.0,9.0,1495.0,7.0
137472.0,4029.0,Don Valley Academy,41.0,146.0,61.0,42.0,1014,553.0,54.54,Urban: Nearer to a major town or city,DN5 9DD,Yorkshire and the Humber,371,Doncaster,454962.0,405823.0,E02001550,E01007518,1,0,0,0,0,0,1.52,0.35,96.89,1.24,E01007518,E01007518,E01007518,5.0,5.0,1390.0,7.0
137603.0,4033.0,Ridgewood School,48.0,226.0,41.0,18.0,1374,702.0,51.09,Urban: Nearer to a major town or city,DN5 7UB,Yorkshire and the Humber,371,Doncaster,454286.0,404965.0,E02001554,E01007588,1,0,0,0,0,0,1.29,0.25,95.71,2.76,E01007588,E01007588,E01007588,6.0,4.0,1495.0,7.0
137899.0,4040.0,Hungerhill School,38.0,221.0,35.0,16.0,1194,579.0,48.49,Urban: Nearer to a major town or city,DN3 2JY,Yorkshire and the Humber,371,Doncaster,461444.0,406473.0,E02001549,E01007478,1,0,0,0,0,0,0.98,0.49,96.19,2.33,E01007478,E01007478,E01007478,4.0,8.0,1653.0,8.0
137842.0,4062.0,Hall Cross Academy,40.0,260.0,97.0,37.0,1963,1024.0,52.17,Urban: Nearer to a major town or city,DN1 2HY,Yorkshire and the Humber,371,Doncaster,458142.0,403254.0,E02001557,E01034237,1,0,0,0,0,0,14.46,3.91,75.18,6.45,E01034237,E01007648,E01007648,4.67,7.0,339.0,2.0
136675.0,4608.0,Rossington All Saints Academy,53.0,113.0,36.0,32.0,706,362.0,51.27,Urban: Nearer to a major town or city,DN11 0BZ,Yorkshire and the Humber,371,Doncaster,462024.0,397255.0,E02001574,E01007594,1,0,0,0,0,0,1.12,0.66,96.89,1.33,E01007594,E01007594,E01007594,7.0,4.0,1495.0,7.0
136672.0,5400.0,The Hayfield School,59.0,176.0,23.0,13.0,997,503.0,50.45,Larger rural: Nearer to a major town or city,DN9 3HG,Yorkshire and the Humber,371,Doncaster,464839.0,399968.0,E02001576,E01034244,0,0,1,0,0,0,2.52,0.9,92.54,4.04,E01034244,E01007608,E01007608,4.0,4.0,1893.0,9.0
135007.0,6905.0,Trinity Academy,24.0,205.0,46.0,22.0,1220,640.0,52.46,Urban: Nearer to a major town or city,DN8 5BY,Yorkshire and the Humber,371,Doncaster,469388.0,413529.0,E02001541,E01007637,1,0,0,0,0,0,0.98,0.0,96.49,2.54,E01007637,E01007637,E01007637,5.0,8.0,1390.0,7.0
135942.0,6906.0,De Warenne Academy,36.0,121.0,42.0,35.0,727,393.0,54.06,Urban: Nearer to a major town or city,DN12 3JY,Yorkshire and the Humber,371,Doncaster,450597.0,398820.0,E02001573,E01007539,1,0,0,0,0,0,0.28,0.21,98.26,1.25,E01007539,E01007539,E01007539,1.0,10.0,1653.0,8.0
135963.0,6907.0,Outwood Academy Adwick,32.0,193.0,70.0,36.0,1108,533.0,48.1,Urban: Nearer to a major town or city,DN6 7SF,Yorkshire and the Humber,371,Doncaster,453664.0,408087.0,E02001547,E01007464,1,0,0,0,0,0,2.05,1.16,95.82,0.96,E01007464,E01007464,E01007464,2.0,4.0,1495.0,7.0
143916.0,4006.0,XP East,,,,,100,39.0,39.0,Urban: Nearer to a major town or city,DN4 5NG,Yorkshire and the Humber,371,Doncaster,458631.0,402107.0,E02001557,E01007644,1,0,0,0,0,0,14.46,3.91,75.18,6.45,E01007644,E01007644,E01007644,4.67,7.0,,
138116.0,4036.0,Campsmount Academy,38.0,120.0,48.0,40.0,744,374.0,50.27,Smaller rural: Nearer to a major town or city,DN6 9AS,Yorkshire and the Humber,371,Doncaster,453871.0,414591.0,E02001540,E01007493,0,0,0,0,1,0,0.06,0.06,99.24,0.64,E01007493,E01007493,E01007493,8.0,6.0,1241.0,6.0
136042.0,6905.0,Maltby Academy,38.0,181.0,64.0,35.0,1067,511.0,47.89,Urban: Nearer to a major town or city,S66 8AB,Yorkshire and the Humber,372,Rotherham,452674.0,392174.0,E02001595,E01007762,1,0,0,0,0,0,0.28,0.21,98.72,0.78,E01007762,E01007762,E01007762,6.0,10.0,1495.0,7.0
140553.0,4002.0,Rawmarsh Community School,29.0,163.0,62.0,38.0,988,509.0,51.52,Urban: Nearer to a major town or city,S62 7GA,Yorkshire and the Humber,372,Rotherham,443349.0,396775.0,E02001582,E01007781,1,0,0,0,0,0,1.83,0.61,96.2,1.36,E01007781,E01007781,E01007781,3.0,9.0,1298.0,6.0
140459.0,4003.0,Oakwood High School,42.0,203.0,51.0,25.0,1018,518.0,50.88,Urban: Nearer to a major town or city,S60 2UH,Yorkshire and the Humber,372,Rotherham,443584.0,391259.0,E02001600,E01007678,1,0,0,0,0,0,36.12,1.89,58.34,3.65,E01007678,E01007678,E01007678,8.0,5.0,597.0,3.0
143141.0,4004.0,Swinton Academy,49.0,136.0,42.0,31.0,860,446.0,51.86,Urban: Nearer to a major town or city,S64 8JW,Yorkshire and the Humber,372,Rotherham,445130.0,398693.0,E02001580,E01007799,1,0,0,0,0,0,0.48,0.75,97.06,1.71,E01007799,E01007799,E01007799,3.0,8.0,,
141853.0,4010.0,Winterhill School,34.0,201.0,66.0,33.0,1055,514.0,48.72,Urban: Nearer to a major town or city,S61 2BD,Yorkshire and the Humber,372,Rotherham,440095.0,393245.0,E02001592,E01007744,1,0,0,0,0,0,1.87,1.04,95.71,1.38,E01007744,E01007744,E01007744,4.0,9.0,1390.0,7.0
139992.0,4011.0,Wingfield Academy,41.0,143.0,54.0,38.0,745,386.0,51.81,Urban: Nearer to a major town or city,S61 4AU,Yorkshire and the Humber,372,Rotherham,441080.0,394853.0,E02001586,E01007730,1,0,0,0,0,0,1.15,1.15,95.83,1.87,E01007730,E01007730,E01007730,1.0,10.0,1653.0,8.0
140646.0,4018.0,Wickersley School and Sports College,52.0,336.0,56.0,17.0,2087,1061.0,50.84,Urban: Nearer to a major town or city,S66 1JL,Yorkshire and the Humber,372,Rotherham,448329.0,391919.0,E02007002,E01007687,1,0,0,0,0,0,2.77,0.44,95.66,1.13,E01007687,E01007687,E01007687,8.0,8.0,1653.0,8.0
136718.0,4021.0,Aston Academy,54.0,291.0,65.0,22.0,1694,871.0,51.42,Urban: Nearer to a major town or city,S26 4SF,Yorkshire and the Humber,372,Rotherham,445156.0,385958.0,E02001603,E01007666,1,0,0,0,0,0,0.87,0.08,98.18,0.87,E01007666,E01007666,E01007666,5.0,5.0,1241.0,6.0
136331.0,4025.0,Wales High School,41.0,248.0,60.0,24.0,1744,899.0,51.55,Larger rural: Nearer to a major town or city,S26 5QQ,Yorkshire and the Humber,372,Rotherham,448443.0,383188.0,E02001608,E01007747,0,0,1,0,0,0,1.22,0.08,97.86,0.84,E01007747,E01007747,E01007747,3.0,8.0,1173.0,6.0
138329.0,4800.0,St Bernard's Catholic High School,40.0,129.0,26.0,20.0,692,350.0,50.58,Urban: Nearer to a major town or city,S65 3BE,Yorkshire and the Humber,372,Rotherham,445058.0,392116.0,E02001598,E01007710,1,0,0,0,0,0,4.95,0.26,92.87,1.93,E01007710,E01007710,E01007710,10.0,4.0,987.0,5.0
136301.0,4024.0,Brinsworth Academy,30.0,227.0,75.0,33.0,1433,732.0,51.08,Urban: Nearer to a major town or city,S60 5EJ,Yorkshire and the Humber,372,Rotherham,441455.0,389760.0,E02001602,E01007705,1,0,0,0,0,0,4.78,0.62,92.21,2.39,E01007705,E01007705,E01007705,8.0,6.0,1653.0,8.0
142605.0,4010.0,UTC Sheffield Olympic Legacy Park,40.0,98.0,19.0,19.0,403,197.0,48.88,Urban: Nearer to a major town or city,S9 3TU,Yorkshire and the Humber,373,Sheffield,438285.0,389064.0,E02001632,E01033269,1,0,0,0,0,0,20.19,38.5,15.72,25.58,E01033269,E01033269,E01033269,1.0,6.0,,
139695.0,4004.0,Utc Sheffield City Centre,21.0,101.0,28.0,28.0,460,116.0,25.22,Urban: Nearer to a major town or city,S1 4QF,Yorkshire and the Humber,373,Sheffield,435465.0,386618.0,E02001652,E01033274,1,0,0,0,0,0,19.0,7.76,66.94,6.31,E01033274,E01033274,E01033274,8.0,1.0,77.0,1.0
140415.0,4006.0,Outwood Academy City,38.0,165.0,59.0,36.0,1048,536.0,51.15,Urban: Nearer to a major town or city,S13 8SS,Yorkshire and the Humber,373,Sheffield,440558.0,384830.0,E02001659,E01007966,1,0,0,0,0,0,2.53,2.32,91.54,3.62,E01007966,E01007966,E01007966,3.0,9.0,1495.0,7.0
140547.0,4007.0,Forge Valley School,36.0,188.0,37.0,20.0,1269,619.0,48.78,Urban: Nearer to a major town or city,S6 5HG,Yorkshire and the Humber,373,Sheffield,432033.0,389130.0,E02001631,E01007996,1,0,0,0,0,0,2.11,1.75,92.45,3.69,E01007996,E01007996,E01007996,7.0,6.0,822.0,4.0
138841.0,4230.0,King Ecgbert School,60.0,194.0,46.0,24.0,1324,654.0,49.4,Urban: Nearer to a major town or city,S17 3QU,Yorkshire and the Humber,373,Sheffield,430964.0,380507.0,E02001678,E01007923,1,0,0,0,0,0,4.34,1.72,88.26,5.68,E01007923,E01007923,E01007923,10.0,2.0,1241.0,6.0
141495.0,4278.0,Handsworth Grange Community Sports College,37.0,202.0,69.0,34.0,1006,482.0,47.91,Urban: Nearer to a major town or city,S13 9HJ,Yorkshire and the Humber,373,Sheffield,441841.0,385979.0,E02001647,E01007971,1,0,0,0,0,0,6.37,1.68,87.46,4.49,E01007971,E01007971,E01007971,4.0,7.0,1653.0,8.0
138545.0,4279.0,Meadowhead School Academy Trust,42.0,316.0,82.0,26.0,1798,903.0,50.22,Urban: Nearer to a major town or city,S8 8BR,Yorkshire and the Humber,373,Sheffield,435364.0,381190.0,E02001674,E01008079,1,0,0,0,0,0,2.62,1.22,92.07,4.09,E01008079,E01008079,E01008079,9.5,5.0,1495.0,7.0
138361.0,5400.0,Notre Dame High School,63.0,204.0,27.0,13.0,1461,786.0,53.8,Urban: Nearer to a major town or city,S10 3BT,Yorkshire and the Humber,373,Sheffield,432224.0,386313.0,E02001648,E01007862,1,0,0,0,0,0,9.69,2.32,80.25,7.74,E01007862,E01007862,E01007862,10.0,1.0,287.0,2.0
138337.0,5401.0,All Saints' Catholic High School,45.0,202.0,55.0,27.0,1412,770.0,54.53,Urban: Nearer to a major town or city,S2 2RJ,Yorkshire and the Humber,373,Sheffield,436216.0,386404.0,E02001653,E01008095,1,0,0,0,0,0,12.33,10.42,65.71,11.54,E01008095,E01008095,E01008095,2.0,6.0,78.0,1.0
139334.0,4003.0,Firth Park Academy,20.0,181.0,110.0,61.0,1136,599.0,52.73,Urban: Nearer to a major town or city,S5 0SD,Yorkshire and the Humber,373,Sheffield,436934.0,392249.0,E02001620,E01007857,1,0,0,0,0,0,10.49,7.59,76.17,5.75,E01007857,E01007857,E01007857,1.0,10.0,1089.0,6.0
140821.0,4008.0,Newfield Secondary School,35.0,202.0,78.0,39.0,1035,501.0,48.41,Urban: Nearer to a major town or city,S8 9JP,Yorkshire and the Humber,373,Sheffield,435932.0,383506.0,E02001674,E01007827,1,0,0,0,0,0,2.62,1.22,92.07,4.09,E01007827,E01007827,E01007827,9.5,5.0,302.0,2.0
139167.0,4229.0,Silverdale School,64.0,183.0,22.0,12.0,1384,702.0,50.72,Urban: Nearer to a major town or city,S11 9QH,Yorkshire and the Humber,373,Sheffield,431336.0,383974.0,E02001665,E01007927,1,0,0,0,0,0,6.74,0.25,87.79,5.22,E01007927,E01007927,E01007927,10.0,2.0,987.0,5.0
138069.0,4234.0,Tapton School,66.0,223.0,46.0,21.0,1674,846.0,50.54,Urban: Nearer to a major town or city,S10 5RG,Yorkshire and the Humber,373,Sheffield,431989.0,386595.0,E02001643,E01007954,1,0,0,0,0,0,6.24,0.8,88.2,4.76,E01007954,E01007954,E01007954,9.0,2.0,658.0,4.0
107140.0,4259.0,King Edward VII School,51.0,227.0,77.0,34.0,1757,930.0,52.93,Urban: Nearer to a major town or city,S10 2PW,Yorkshire and the Humber,373,Sheffield,433644.0,386714.0,E02001646,E01034843,1,0,0,0,0,0,9.88,2.81,81.59,5.72,E01034843,E01007859,E01007859,8.0,1.0,177.0,1.0
131895.0,6905.0,Sheffield Park Academy,24.0,163.0,102.0,63.0,1136,594.0,52.29,Urban: Nearer to a major town or city,S2 1SN,Yorkshire and the Humber,373,Sheffield,438817.0,386565.0,E02001649,E01008017,1,0,0,0,0,0,8.63,9.43,72.32,9.61,E01008017,E01008017,E01008017,1.0,10.0,1089.0,6.0
131896.0,6906.0,Sheffield Springs Academy,19.0,112.0,72.0,64.0,700,363.0,51.86,Urban: Nearer to a major town or city,S12 2SF,Yorkshire and the Humber,373,Sheffield,437896.0,384649.0,E02001664,E01008003,1,0,0,0,0,0,1.71,2.61,92.55,3.13,E01008003,E01008003,E01008003,9.0,8.0,1173.0,6.0
135934.0,6907.0,Parkwood E-Act Academy,31.0,156.0,91.0,58.0,860,410.0,47.67,Urban: Nearer to a major town or city,S5 8UL,Yorkshire and the Humber,373,Sheffield,434324.0,390770.0,E02001629,E01008094,1,0,0,0,0,0,9.64,9.56,72.9,7.9,E01008094,E01008094,E01008094,1.0,10.0,717.0,4.0
138251.0,4010.0,Dixons Trinity Academy,66.0,111.0,40.0,36.0,575,245.0,42.61,Urban: Nearer to a major town or city,BD5 0BE,Yorkshire and the Humber,380,Bradford,415807.0,432243.0,E02002230,E01010733,1,0,0,0,0,0,68.23,5.15,18.37,8.25,E01010733,E01010733,E01010733,1.33,7.67,132.0,1.0
139474.0,4013.0,One In A Million Free School,8.0,61.0,28.0,46.0,361,121.0,33.52,Urban: Nearer to a major town or city,BD8 7DX,Yorkshire and the Humber,380,Bradford,415875.0,434339.0,E02006947,E01033693,1,0,0,0,0,0,70.66,5.54,15.43,8.37,E01033693,E01033693,E01033693,2.0,5.0,,
139995.0,4019.0,Oasis Academy Lister Park,17.0,151.0,78.0,52.0,1058,447.0,42.25,Urban: Nearer to a major town or city,BD8 7ND,Yorkshire and the Humber,380,Bradford,415553.0,435367.0,E02002216,E01010824,1,0,0,0,0,0,52.69,3.86,35.42,8.03,E01010824,E01010824,E01010824,2.0,8.0,454.0,3.0
141002.0,4024.0,Dixons McMillan Academy,52.0,112.0,39.0,35.0,727,323.0,44.43,Urban: Nearer to a major town or city,BD5 0JD,Yorkshire and the Humber,380,Bradford,415595.0,432301.0,E02002230,E01010733,1,0,0,0,0,0,68.23,5.15,18.37,8.25,E01010733,E01010733,E01010733,1.33,7.67,,
142031.0,4025.0,Beckfoot Upper Heaton,32.0,66.0,25.0,38.0,533,66.0,12.38,Urban: Nearer to a major town or city,BD9 6AL,Yorkshire and the Humber,380,Bradford,412551.0,435819.0,E02002212,E01010674,1,0,0,0,0,0,74.67,1.4,18.22,5.72,E01010674,E01010674,E01010674,2.0,7.0,1495.0,7.0
142761.0,4028.0,Tong Leadership Academy,28.0,177.0,94.0,53.0,925,446.0,48.22,Urban: Nearer to a major town or city,BD4 6NR,Yorkshire and the Humber,380,Bradford,420272.0,429750.0,E02002239,E01010816,1,0,0,0,0,0,6.49,3.35,86.14,4.03,E01010816,E01010816,E01010816,6.0,7.0,,
142825.0,4029.0,Buttershaw Business & Enterprise College Academy,27.0,240.0,87.0,36.0,1413,717.0,50.74,Urban: Nearer to a major town or city,BD6 3PX,Yorkshire and the Humber,380,Bradford,413758.0,429909.0,E02002237,E01010846,1,0,0,0,0,0,17.48,3.08,74.44,5.0,E01010846,E01010846,E01010846,3.0,8.0,1173.0,6.0
143112.0,4032.0,Beckfoot Oakbank,24.0,267.0,101.0,38.0,1551,779.0,50.23,Urban: Nearer to a major town or city,BD22 7DU,Yorkshire and the Humber,380,Bradford,404911.0,439811.0,E02002194,E01010715,1,0,0,0,0,0,3.28,0.38,94.0,2.35,E01010715,E01010715,E01010715,2.0,10.0,972.0,5.0
143114.0,4040.0,Beckfoot Thornton,29.0,250.0,87.0,35.0,1428,679.0,47.55,Urban: Nearer to a major town or city,BD13 3BH,Yorkshire and the Humber,380,Bradford,411847.0,432804.0,E02002225,E01010794,1,0,0,0,0,0,26.45,1.92,65.88,5.75,E01010794,E01010794,E01010794,3.0,10.0,,
138087.0,4041.0,Belle Vue Girls' Academy,37.0,179.0,76.0,43.0,1187,1187.0,100.0,Urban: Nearer to a major town or city,BD9 6NA,Yorkshire and the Humber,380,Bradford,412379.0,435974.0,E02002212,E01010669,1,0,0,0,0,0,74.67,1.4,18.22,5.72,E01010669,E01010669,E01010669,2.0,7.0,1653.0,8.0
139975.0,4064.0,Beckfoot School,46.0,266.0,50.0,19.0,1666,783.0,47.0,Urban: Nearer to a major town or city,BD16 1EE,Yorkshire and the Humber,380,Bradford,411343.0,438346.0,E02002204,E01010596,1,0,0,0,0,0,13.91,0.26,80.62,5.2,E01010596,E01010596,E01010596,8.0,7.0,1390.0,7.0
107395.0,4074.0,Titus Salt School,26.0,244.0,72.0,30.0,1456,685.0,47.05,Urban: Nearer to a major town or city,BD17 5RH,Yorkshire and the Humber,380,Bradford,413756.0,438495.0,E02002200,E01010583,1,0,0,0,0,0,3.73,0.56,92.23,3.49,E01010583,E01010583,E01010583,3.0,10.0,1298.0,6.0
136905.0,4502.0,Ilkley Grammar School,65.0,246.0,20.0,8.0,1746,843.0,48.28,Urban: Further from a major town or city,LS29 8TR,Yorkshire and the Humber,380,Bradford,412318.0,447313.0,E02002183,E01010692,0,1,0,0,0,0,1.67,0.1,96.71,1.51,E01010692,E01010692,E01010692,10.0,4.0,521.0,3.0
136962.0,4613.0,Feversham Academy,49.0,121.0,45.0,37.0,809,809.0,100.0,Urban: Nearer to a major town or city,BD3 0LT,Yorkshire and the Humber,380,Bradford,416891.0,434410.0,E02002217,E01010830,1,0,0,0,0,0,63.97,4.2,25.34,6.5,E01010830,E01010830,E01010830,2.0,6.0,328.0,2.0
142590.0,4616.0,Immanuel College,39.0,200.0,47.0,24.0,1423,716.0,50.32,Urban: Nearer to a major town or city,BD10 9AQ,Yorkshire and the Humber,380,Bradford,418072.0,438376.0,E02002199,E01010685,1,0,0,0,0,0,1.9,0.3,95.78,2.02,E01010685,E01010685,E01010685,8.0,8.0,987.0,5.0
130909.0,6905.0,Dixons City Academy,56.0,165.0,47.0,29.0,1124,540.0,48.04,Urban: Nearer to a major town or city,BD5 7RR,Yorkshire and the Humber,380,Bradford,416098.0,431611.0,E02002230,E01010732,1,0,0,0,0,0,68.23,5.15,18.37,8.25,E01010732,E01010732,E01010732,1.33,7.67,155.0,1.0
136198.0,6909.0,University Academy Keighley,26.0,143.0,53.0,37.0,607,314.0,51.73,Urban: Nearer to a major town or city,BD20 6EB,Yorkshire and the Humber,380,Bradford,405489.0,442660.0,E02002189,E01010727,1,0,0,0,0,0,19.86,0.47,76.8,2.87,E01010727,E01010727,E01010727,7.0,9.0,521.0,3.0
137277.0,4004.0,Dixons Kings Academy,66.0,162.0,61.0,38.0,827,361.0,43.65,Urban: Nearer to a major town or city,BD7 2AN,Yorkshire and the Humber,380,Bradford,414039.0,432737.0,E02002223,E01010658,1,0,0,0,0,0,66.25,1.96,20.93,10.87,E01010658,E01010658,E01010658,2.0,4.0,714.0,4.0
140429.0,4021.0,Bradford Forster Academy,,,,,733,361.0,49.25,Urban: Nearer to a major town or city,BD4 8RG,Yorkshire and the Humber,380,Bradford,418253.0,431516.0,E02002228,E01010609,1,0,0,0,0,0,24.92,2.04,66.36,6.68,E01010609,E01010609,E01010609,1.0,9.0,,
142681.0,4027.0,Laisterdyke Leadership Academy,24.0,170.0,87.0,51.0,965,472.0,48.91,Urban: Nearer to a major town or city,BD3 8HE,Yorkshire and the Humber,380,Bradford,418898.0,433378.0,E02002220,E01010619,1,0,0,0,0,0,87.6,2.48,4.69,5.23,E01010619,E01010619,E01010619,4.0,4.0,816.0,4.0
107439.0,5400.0,Bingley Grammar School,50.0,296.0,57.0,19.0,1818,820.0,45.1,Urban: Nearer to a major town or city,BD16 2RS,Yorkshire and the Humber,380,Bradford,410225.0,439962.0,E02002197,E01010578,1,0,0,0,0,0,3.49,0.44,94.2,1.87,E01010578,E01010578,E01010578,10.0,6.0,581.0,3.0
140204.0,6102.0,Bradford Girls' Grammar School,58.0,106.0,29.0,27.0,1088,944.0,86.76,Urban: Nearer to a major town or city,BD9 6RB,Yorkshire and the Humber,380,Bradford,413518.0,434181.0,E02002219,E01010810,1,0,0,0,0,0,80.28,1.13,13.1,5.49,E01010810,E01010810,E01010810,3.0,5.0,1.0,1.0
137444.0,5402.0,Rastrick High School,51.0,261.0,58.0,22.0,1538,810.0,52.67,Urban: Nearer to a major town or city,HD6 3XB,Yorkshire and the Humber,381,Calderdale,413847.0,422254.0,E02002267,E01010945,1,0,0,0,0,0,2.55,0.7,94.0,2.75,E01010945,E01010945,E01010945,4.0,7.0,675.0,4.0
137036.0,5404.0,Lightcliffe Academy,29.0,249.0,65.0,26.0,1393,679.0,48.74,Urban: Nearer to a major town or city,HX3 8TL,Yorkshire and the Humber,381,Calderdale,414004.0,425157.0,E02002258,E01010905,1,0,0,0,0,0,2.05,0.26,94.82,2.87,E01010905,E01010905,E01010905,10.0,4.0,822.0,4.0
141307.0,5408.0,Ryburn Valley High School,48.0,227.0,57.0,25.0,1469,759.0,51.67,Urban: Nearer to a major town or city,HX6 1DF,Yorkshire and the Humber,381,Calderdale,404604.0,422966.0,E02002263,E01010958,1,0,0,0,0,0,0.15,0.61,98.41,0.83,E01010958,E01010958,E01010958,1.0,10.0,1653.0,8.0
136094.0,6905.0,"Trinity Academy, Halifax",50.0,281.0,99.0,35.0,1773,900.0,50.76,Urban: Nearer to a major town or city,HX2 9TZ,Yorkshire and the Humber,381,Calderdale,408255.0,428545.0,E02002244,E01010915,1,0,0,0,0,0,0.6,0.13,96.61,2.66,E01010915,E01010915,E01010915,7.0,8.0,1390.0,7.0
136604.0,5406.0,Brighouse High School,42.0,220.0,25.0,11.0,1390,717.0,51.58,Urban: Nearer to a major town or city,HD6 2NY,Yorkshire and the Humber,381,Calderdale,413615.0,424116.0,E02002262,E01010875,1,0,0,0,0,0,1.3,0.12,96.46,2.12,E01010875,E01010875,E01010875,10.0,5.0,822.0,4.0
138706.0,4000.0,King James's School,49.0,179.0,29.0,16.0,901,443.0,49.17,Urban: Nearer to a major town or city,HD4 6SG,Yorkshire and the Humber,382,Kirklees,417129.0,414790.0,E02002314,E01011009,1,0,0,0,0,0,3.7,2.3,88.44,5.56,E01011009,E01011009,E01011009,5.0,9.0,1241.0,6.0
139076.0,4002.0,Manor Croft Academy,53.0,102.0,42.0,41.0,730,369.0,50.55,Urban: Nearer to a major town or city,WF12 7DW,Yorkshire and the Humber,382,Kirklees,425485.0,422021.0,E02002288,E01011129,1,0,0,0,0,0,16.73,0.47,79.03,3.77,E01011129,E01011129,E01011129,3.0,7.0,821.0,4.0
140660.0,4004.0,Colne Valley High School,34.0,225.0,56.0,25.0,1225,600.0,48.98,Urban: Nearer to a major town or city,HD7 5SP,Yorkshire and the Humber,382,Kirklees,410254.0,414194.0,E02002319,E01011071,1,0,0,0,0,0,0.88,0.52,96.08,2.53,E01011071,E01011071,E01011071,7.0,4.0,1653.0,8.0
142406.0,4005.0,Upper Batley High School,37.0,124.0,36.0,29.0,673,,,Urban: Nearer to a major town or city,WF17 0BJ,Yorkshire and the Humber,382,Kirklees,424176.0,424932.0,E02002280,E01011029,1,0,0,0,0,0,36.56,1.86,57.3,4.29,E01011029,E01011029,E01011029,2.0,10.0,1089.0,6.0
107756.0,4009.0,Netherhall Learning Campus High School,30.0,98.0,54.0,55.0,671,382.0,56.93,Urban: Nearer to a major town or city,HD5 9PG,Yorkshire and the Humber,382,Kirklees,416145.0,417646.0,E02002305,E01011093,1,0,0,0,0,0,8.04,9.96,66.83,15.18,E01011093,E01011093,E01011093,1.0,9.0,1202.0,6.0
137869.0,4013.0,Salendine Nook High School Academy,51.0,259.0,40.0,15.0,1347,682.0,50.63,Urban: Nearer to a major town or city,HD3 4GN,Yorkshire and the Humber,382,Kirklees,410891.0,417504.0,E02002308,E01011207,1,0,0,0,0,0,10.01,1.08,82.42,6.49,E01011207,E01011207,E01011207,8.0,5.0,1241.0,6.0
137500.0,4021.0,Moor End Academy,34.0,185.0,84.0,45.0,978,535.0,54.7,Urban: Nearer to a major town or city,HD4 5JA,Yorkshire and the Humber,382,Kirklees,412500.0,414846.0,E02002317,E01011085,1,0,0,0,0,0,31.51,3.09,58.24,7.16,E01011085,E01011085,E01011085,3.0,8.0,626.0,3.0
136674.0,4040.0,The Mirfield Free Grammar,40.0,231.0,39.0,17.0,1522,761.0,50.0,Urban: Nearer to a major town or city,WF14 9EZ,Yorkshire and the Humber,382,Kirklees,419744.0,421182.0,E02002291,E01011220,1,0,0,0,0,0,2.24,2.3,91.1,4.37,E01011220,E01011220,E01011220,1.0,6.0,581.0,3.0
138111.0,4045.0,BBG Academy,54.0,158.0,33.0,21.0,917,453.0,49.4,Urban: Nearer to a major town or city,BD19 4BE,Yorkshire and the Humber,382,Kirklees,420530.0,427725.0,E02002271,E01011051,1,0,0,0,0,0,1.72,0.24,95.25,2.79,E01011051,E01011051,E01011051,8.0,7.0,1893.0,9.0
107769.0,4046.0,Holmfirth High School,58.0,263.0,29.0,11.0,1323,667.0,50.42,Urban: Nearer to a major town or city,HD9 7SE,Yorkshire and the Humber,382,Kirklees,415231.0,409597.0,E02002329,E01011187,1,0,0,0,0,0,0.84,0.78,96.65,1.74,E01011187,E01011187,E01011187,5.0,3.0,1653.0,8.0
137352.0,4049.0,Shelley College,59.0,360.0,50.0,14.0,1282,631.0,49.22,Smaller rural: Nearer to a major town or city,HD8 8NL,Yorkshire and the Humber,382,Kirklees,422249.0,410653.0,E02002326,E01011118,0,0,0,0,1,0,1.32,0.39,96.25,2.04,E01011118,E01011118,E01011118,9.0,4.0,1117.0,6.0
107775.0,4057.0,Westborough High School,23.0,181.0,88.0,49.0,898,423.0,47.1,Urban: Nearer to a major town or city,WF13 2JE,Yorkshire and the Humber,382,Kirklees,423351.0,421938.0,E02002286,E01011136,1,0,0,0,0,0,43.8,0.72,51.02,4.46,E01011136,E01011136,E01011136,3.0,9.0,1051.0,5.0
107778.0,4061.0,Spen Valley High School,33.0,177.0,56.0,32.0,923,410.0,44.42,Urban: Nearer to a major town or city,WF15 7LX,Yorkshire and the Humber,382,Kirklees,420040.0,423240.0,E02002285,E01011156,1,0,0,0,0,0,6.23,0.13,91.32,2.32,E01011156,E01011156,E01011156,7.0,10.0,1653.0,8.0
107782.0,4613.0,All Saints Catholic College Specialist in Humanities,32.0,128.0,42.0,33.0,780,362.0,46.41,Urban: Nearer to a major town or city,HD2 2JT,Yorkshire and the Humber,382,Kirklees,415204.0,420194.0,E02002292,E01011102,1,0,0,0,0,0,18.8,4.57,69.74,6.89,E01011102,E01011102,E01011102,6.0,3.0,1241.0,6.0
141470.0,4800.0,St John Fisher Catholic Voluntary Academy,49.0,197.0,38.0,19.0,1154,579.0,50.17,Urban: Nearer to a major town or city,WF13 4LL,Yorkshire and the Humber,382,Kirklees,423603.0,422026.0,E02002287,E01034585,1,0,0,0,0,0,69.12,1.53,26.66,2.69,E01034585,E01033542,E01033542,5.0,6.0,872.0,5.0
136502.0,4801.0,North Huddersfield Trust School,16.0,118.0,63.0,53.0,724,348.0,48.07,Urban: Nearer to a major town or city,HD2 1DJ,Yorkshire and the Humber,382,Kirklees,415373.0,418850.0,E02002299,E01011041,1,0,0,0,0,0,31.03,13.31,42.48,13.18,E01011041,E01011041,E01011041,3.0,10.0,717.0,4.0
137424.0,4048.0,Batley Girls High School,57.0,186.0,57.0,31.0,1229,1229.0,100.0,Urban: Nearer to a major town or city,WF17 0LD,Yorkshire and the Humber,382,Kirklees,423462.0,426219.0,E02002276,E01011054,1,0,0,0,0,0,6.01,0.37,89.38,4.25,E01011054,E01011054,E01011054,8.0,8.0,1653.0,8.0
135935.0,6906.0,Leeds West Academy,38.0,200.0,102.0,51.0,1247,663.0,53.17,Urban: Nearer to a major town or city,LS13 1DQ,Yorkshire and the Humber,383,Leeds,422850.0,435373.0,E02002381,E01011328,1,0,0,0,0,0,0.94,1.07,94.59,3.39,E01011328,E01011328,E01011328,3.0,7.0,1203.0,6.0
139646.0,4061.0,Leeds City Academy,19.0,94.0,41.0,44.0,597,292.0,48.91,Urban: Nearer to a major town or city,LS6 2LG,Yorkshire and the Humber,383,Leeds,429160.0,435791.0,E02006861,E01011668,1,0,0,0,0,0,10.55,5.8,73.15,10.49,E01011668,E01011668,E01011668,1.0,2.0,435.0,3.0
139773.0,4066.0,Leeds Jewish Free School,29.0,14.0,3.0,21.0,110,63.0,57.27,Urban: Nearer to a major town or city,LS17 7TN,Yorkshire and the Humber,383,Leeds,430072.0,439816.0,E02002347,E01011555,1,0,0,0,0,0,21.23,5.38,63.8,9.59,E01011555,E01011555,E01011555,6.0,6.0,,
108088.0,4111.0,Wetherby High School,46.0,81.0,17.0,21.0,619,289.0,46.69,Urban: Nearer to a major town or city,LS22 6JS,Yorkshire and the Humber,383,Leeds,440761.0,448342.0,E02002331,E01011705,1,0,0,0,0,0,0.58,1.02,95.77,2.63,E01011705,E01011705,E01011705,5.0,7.0,1117.0,6.0
139351.0,4601.0,"St. Mary's Menston, a Catholic Voluntary Academy",61.0,188.0,12.0,6.0,1244,614.0,49.36,Urban: Nearer to a major town or city,LS29 6AE,Yorkshire and the Humber,383,Leeds,417987.0,442819.0,E02002337,E01011280,1,0,0,0,0,0,1.98,0.29,95.56,2.17,E01011280,E01011280,E01011280,8.0,2.0,846.0,5.0
136826.0,4000.0,Leeds East Academy,19.0,119.0,84.0,71.0,863,456.0,52.84,Urban: Nearer to a major town or city,LS14 6HA,Yorkshire and the Humber,383,Leeds,435538.0,435560.0,E02002379,E01011663,1,0,0,0,0,0,3.69,11.72,78.49,6.1,E01011663,E01011663,E01011663,1.0,9.0,788.0,4.0
108057.0,4032.0,Allerton High School,69.0,196.0,40.0,20.0,1400,654.0,46.71,Urban: Nearer to a major town or city,LS17 7AG,Yorkshire and the Humber,383,Leeds,429592.0,439439.0,E02002347,E01011559,1,0,0,0,0,0,21.23,5.38,63.8,9.59,E01011559,E01011559,E01011559,6.0,6.0,597.0,3.0
142585.0,4047.0,Cockburn School,35.0,244.0,100.0,41.0,1265,623.0,49.25,Urban: Nearer to a major town or city,LS11 5TT,Yorkshire and the Humber,383,Leeds,429176.0,429391.0,E02002430,E01011493,1,0,0,0,0,0,2.73,7.01,83.82,6.45,E01011493,E01011493,E01011493,1.0,9.0,903.0,5.0
137065.0,4065.0,Co-op Academy Leeds,21.0,160.0,100.0,63.0,900,444.0,49.33,Urban: Nearer to a major town or city,LS9 7HD,Yorkshire and the Humber,383,Leeds,431648.0,434171.0,E02002393,E01033031,1,0,0,0,0,0,14.33,26.36,47.54,11.78,E01033031,E01033031,E01033031,2.0,4.0,1.0,1.0
140565.0,4067.0,The Ruth Gorse Academy,40.0,86.0,53.0,62.0,1050,526.0,50.1,Urban: Nearer to a major town or city,LS10 1HW,Yorkshire and the Humber,383,Leeds,430709.0,432840.0,E02006876,E01035054,1,0,0,0,0,0,11.7,3.93,77.64,6.73,E01035054,E01033018,E01033018,7.5,1.0,,
142056.0,4071.0,Bruntcliffe Academy,40.0,113.0,57.0,50.0,683,331.0,48.46,Urban: Nearer to a major town or city,LS27 0LZ,Yorkshire and the Humber,383,Leeds,425146.0,427757.0,E02002435,E01011530,1,0,0,0,0,0,4.08,0.73,91.63,3.56,E01011530,E01011530,E01011530,6.5,5.0,1653.0,8.0
142604.0,4072.0,University Technical College Leeds,38.0,109.0,31.0,28.0,335,58.0,17.31,Urban: Nearer to a major town or city,LS10 1LA,Yorkshire and the Humber,383,Leeds,430773.0,432536.0,E02006876,E01035054,1,0,0,0,0,0,11.7,3.93,77.64,6.73,E01035054,E01033018,E01033018,7.5,1.0,,
144809.0,4076.0,Bishop Young Church of England Academy,23.0,146.0,83.0,57.0,671,360.0,53.65,Urban: Nearer to a major town or city,LS14 6NU,Yorkshire and the Humber,383,Leeds,434558.0,436116.0,E02002369,E01011662,1,0,0,0,0,0,4.32,11.5,78.02,6.15,E01011662,E01011662,E01011662,1.0,10.0,,
136392.0,4101.0,The Morley Academy,59.0,265.0,52.0,20.0,1542,771.0,50.0,Urban: Nearer to a major town or city,LS27 0PD,Yorkshire and the Humber,383,Leeds,426027.0,427383.0,E02002433,E01011541,1,0,0,0,0,0,4.08,2.65,90.61,2.65,E01011541,E01011541,E01011541,5.0,9.0,1390.0,7.0
108079.0,4102.0,Pudsey Grangefield School,37.0,196.0,52.0,27.0,1196,595.0,49.75,Urban: Nearer to a major town or city,LS28 7ND,Yorkshire and the Humber,383,Leeds,422301.0,433668.0,E02002408,E01011612,1,0,0,0,0,0,3.12,0.64,95.02,1.22,E01011612,E01011612,E01011612,5.5,7.0,1390.0,7.0
138336.0,4103.0,Rodillian Academy,48.0,269.0,63.0,23.0,1567,820.0,52.33,Urban: Nearer to a major town or city,WF3 3PS,Yorkshire and the Humber,383,Leeds,433028.0,426139.0,E02002434,E01011500,1,0,0,0,0,0,1.9,0.7,95.01,2.4,E01011500,E01011500,E01011500,7.0,7.0,1893.0,9.0
108085.0,4108.0,Guiseley School,51.0,223.0,31.0,14.0,1325,652.0,49.21,Urban: Nearer to a major town or city,LS20 8DT,Yorkshire and the Humber,383,Leeds,418674.0,441724.0,E02002338,E01011271,1,0,0,0,0,0,2.39,0.78,94.71,2.12,E01011271,E01011271,E01011271,8.0,2.0,1495.0,7.0
136343.0,4112.0,Garforth Academy,54.0,300.0,38.0,13.0,1888,934.0,49.47,Urban: Nearer to a major town or city,LS25 1LJ,Yorkshire and the Humber,383,Leeds,440216.0,432451.0,E02002416,E01011402,1,0,0,0,0,0,3.27,0.68,94.15,1.9,E01011402,E01011402,E01011402,9.0,9.0,1173.0,6.0
143238.0,4113.0,Brigshaw High School,41.0,219.0,41.0,19.0,1286,635.0,49.38,Larger rural: Nearer to a major town or city,WF10 2HR,Yorkshire and the Humber,383,Leeds,440834.0,429088.0,E02002432,E01011308,0,0,1,0,0,0,0.4,0.13,97.79,1.67,E01011308,E01011308,E01011308,7.0,5.0,1495.0,7.0
137775.0,4115.0,Horsforth School,60.0,222.0,39.0,18.0,1399,685.0,48.96,Urban: Nearer to a major town or city,LS18 5RF,Yorkshire and the Humber,383,Leeds,423730.0,438510.0,E02002350,E01011459,1,0,0,0,0,0,3.21,0.06,93.1,3.63,E01011459,E01011459,E01011459,9.0,5.0,581.0,3.0
108095.0,4751.0,Cardinal Heenan Catholic High School,51.0,177.0,37.0,21.0,908,434.0,47.8,Urban: Nearer to a major town or city,LS6 4QE,Yorkshire and the Humber,383,Leeds,429035.0,438145.0,E02002354,E01011505,1,0,0,0,0,0,32.24,4.05,55.78,7.93,E01011505,E01011505,E01011505,7.0,7.0,1495.0,7.0
108097.0,4753.0,Mount St Mary's Catholic High School,35.0,174.0,84.0,48.0,935,467.0,49.95,Urban: Nearer to a major town or city,LS9 8LA,Yorkshire and the Humber,383,Leeds,431264.0,433165.0,E02002404,E01033021,1,0,0,0,0,0,8.13,13.6,69.41,8.86,E01033021,E01033021,E01033021,2.0,9.0,306.0,2.0
108055.0,4006.0,Lawnswood School,30.0,145.0,62.0,43.0,1138,568.0,49.91,Urban: Nearer to a major town or city,LS16 5AG,Yorkshire and the Humber,383,Leeds,426743.0,437814.0,E02006852,E01011685,1,0,0,0,0,0,9.13,2.35,81.38,7.14,E01011685,E01011685,E01011685,9.0,1.0,581.0,3.0
137577.0,4026.0,The Farnley Academy,58.0,224.0,64.0,29.0,1285,610.0,47.47,Urban: Nearer to a major town or city,LS12 5EU,Yorkshire and the Humber,383,Leeds,425137.0,431969.0,E02002412,E01011738,1,0,0,0,0,0,3.41,0.27,93.91,2.41,E01011738,E01011738,E01011738,7.0,9.0,739.0,4.0
108058.0,4040.0,Allerton Grange School,32.0,239.0,78.0,33.0,1482,718.0,48.45,Urban: Nearer to a major town or city,LS17 6SF,Yorkshire and the Humber,383,Leeds,431414.0,438404.0,E02002352,E01011511,1,0,0,0,0,0,32.44,4.44,54.58,8.53,E01011511,E01011511,E01011511,8.0,4.0,316.0,2.0
108075.0,4062.0,Ralph Thoresby School,30.0,132.0,48.0,36.0,990,484.0,48.89,Urban: Nearer to a major town or city,LS16 7RX,Yorkshire and the Humber,383,Leeds,425895.0,440129.0,E02002346,E01011379,1,0,0,0,0,0,8.87,1.36,80.09,9.68,E01011379,E01011379,E01011379,3.0,8.0,1653.0,8.0
137383.0,4105.0,Woodkirk Academy,53.0,289.0,53.0,18.0,1856,900.0,48.49,Urban: Nearer to a major town or city,WF3 1JQ,Yorkshire and the Humber,383,Leeds,427442.0,426022.0,E02002435,E01011550,1,0,0,0,0,0,4.08,0.73,91.63,3.56,E01011550,E01011550,E01011550,6.5,5.0,1241.0,6.0
138304.0,4107.0,Crawshaw Academy,31.0,182.0,49.0,27.0,993,499.0,50.25,Urban: Nearer to a major town or city,LS28 9HU,Yorkshire and the Humber,383,Leeds,422713.0,432948.0,E02002408,E01011600,1,0,0,0,0,0,3.12,0.64,95.02,1.22,E01011600,E01011600,E01011600,5.5,7.0,1653.0,8.0
137704.0,4501.0,Otley Prince Henry's Grammar School Specialist Language College,59.0,221.0,27.0,12.0,1565,745.0,47.6,Urban: Nearer to a major town or city,LS21 2BB,Yorkshire and the Humber,383,Leeds,420208.0,446325.0,E02002332,E01011583,1,0,0,0,0,0,1.08,0.13,95.74,3.05,E01011583,E01011583,E01011583,6.0,4.0,1089.0,6.0
137083.0,5400.0,Abbey Grange Church of England Academy,53.0,240.0,63.0,26.0,1594,818.0,51.32,Urban: Nearer to a major town or city,LS16 5EA,Yorkshire and the Humber,383,Leeds,425868.0,437592.0,E02002362,E01011686,1,0,0,0,0,0,12.21,5.58,70.91,11.3,E01011686,E01011686,E01011686,2.0,9.0,903.0,5.0
138593.0,4000.0,The Featherstone Academy,28.0,68.0,33.0,49.0,369,176.0,47.7,Urban: Nearer to a major town or city,WF7 5AJ,Yorkshire and the Humber,384,Wakefield,443553.0,420112.0,E02002464,E01011779,1,0,0,0,0,0,0.61,0.34,97.89,1.15,E01011779,E01011779,E01011779,3.0,7.0,1653.0,8.0
108271.0,4006.0,"Kettlethorpe High School, A Specialist Maths and Computing College",53.0,302.0,45.0,15.0,1586,805.0,50.76,Urban: Nearer to a major town or city,WF2 7EL,Yorkshire and the Humber,384,Wakefield,433281.0,416814.0,E02002474,E01011940,1,0,0,0,0,0,0.66,2.05,94.64,2.65,E01011940,E01011940,E01011940,4.0,6.0,1653.0,8.0
138006.0,4031.0,De Lacy Academy,36.0,88.0,32.0,36.0,602,299.0,49.67,Urban: Nearer to a major town or city,WF11 0BZ,Yorkshire and the Humber,384,Wakefield,450118.0,423377.0,E02002447,E01011805,1,0,0,0,0,0,1.11,0.52,97.26,1.11,E01011805,E01011805,E01011805,3.0,10.0,1653.0,8.0
136394.0,4009.0,Outwood Academy City Fields,50.0,125.0,54.0,43.0,681,314.0,46.11,Urban: Nearer to a major town or city,WF1 4SF,Yorkshire and the Humber,384,Wakefield,434698.0,421459.0,E02002457,E01011911,1,0,0,0,0,0,11.28,6.73,74.83,7.16,E01011911,E01011911,E01011911,2.0,9.0,468.0,3.0
136633.0,4015.0,Castleford Academy,54.0,248.0,70.0,28.0,1374,644.0,46.87,Urban: Nearer to a major town or city,WF10 4JQ,Yorkshire and the Humber,384,Wakefield,443440.0,425591.0,E02002439,E01011753,1,0,0,0,0,0,1.19,0.07,97.27,1.47,E01011753,E01011753,E01011753,5.0,10.0,788.0,4.0
139500.0,4020.0,The King's School,44.0,194.0,44.0,23.0,1025,502.0,48.98,Urban: Nearer to a major town or city,WF8 4JF,Yorkshire and the Humber,384,Wakefield,445148.0,421188.0,E02002460,E01011847,1,0,0,0,0,0,0.7,0.21,98.49,0.6,E01011847,E01011847,E01011847,7.0,5.5,903.0,5.0
136462.0,4023.0,Ossett Academy and Sixth Form College,48.0,269.0,51.0,19.0,1705,824.0,48.33,Urban: Nearer to a major town or city,WF5 0DG,Yorkshire and the Humber,384,Wakefield,428018.0,419303.0,E02002462,E01011829,1,0,0,0,0,0,0.72,0.36,97.55,1.37,E01011829,E01011829,E01011829,6.0,4.0,846.0,5.0
136613.0,4026.0,Airedale Academy,26.0,137.0,65.0,47.0,966,520.0,53.83,Urban: Nearer to a major town or city,WF10 3JU,Yorkshire and the Humber,384,Wakefield,445485.0,425204.0,E02002440,E01011743,1,0,0,0,0,0,0.64,0.07,98.36,0.92,E01011743,E01011743,E01011743,9.0,6.0,1390.0,7.0
139501.0,4027.0,Carleton High School,50.0,149.0,45.0,30.0,876,440.0,50.23,Urban: Nearer to a major town or city,WF8 3NW,Yorkshire and the Humber,384,Wakefield,446223.0,420268.0,E02002460,E01011848,1,0,0,0,0,0,0.7,0.21,98.49,0.6,E01011848,E01011848,E01011848,7.0,5.5,1653.0,8.0
138707.0,4028.0,Horbury Academy,44.0,201.0,54.0,27.0,1032,496.0,48.06,Urban: Nearer to a major town or city,WF4 5HE,Yorkshire and the Humber,384,Wakefield,430008.0,418404.0,E02002468,E01011801,1,0,0,0,0,0,1.42,0.07,96.34,2.17,E01011801,E01011801,E01011801,5.0,8.0,903.0,5.0
137001.0,4029.0,Crofton Academy,40.0,188.0,39.0,21.0,1004,486.0,48.41,Larger rural: Nearer to a major town or city,WF4 1NF,Yorkshire and the Humber,384,Wakefield,437805.0,417922.0,E02002469,E01011765,0,0,1,0,0,0,1.41,0.96,96.28,1.36,E01011765,E01011765,E01011765,5.0,5.0,1653.0,8.0
137011.0,4030.0,"Minsthorpe Community College, A Specialist Science College",35.0,239.0,70.0,29.0,1501,717.0,47.77,Urban: Nearer to a major town or city,WF9 2UJ,Yorkshire and the Humber,384,Wakefield,447006.0,411951.0,E02002480,E01011859,1,0,0,0,0,0,0.5,0.72,98.05,0.72,E01011859,E01011859,E01011859,1.0,9.0,1390.0,7.0
138950.0,4800.0,"St Thomas a Becket Catholic Secondary School, A Voluntary Academy",39.0,137.0,40.0,29.0,749,377.0,50.33,Urban: Nearer to a major town or city,WF2 6EQ,Yorkshire and the Humber,384,Wakefield,434241.0,418395.0,E02002470,E01011945,1,0,0,0,0,0,5.74,1.28,90.47,2.5,E01011945,E01011945,E01011945,9.0,7.0,903.0,5.0
135961.0,6905.0,Outwood Grange Academy,64.0,356.0,48.0,14.0,2052,1038.0,50.58,Urban: Nearer to a major town or city,WF1 2PF,Yorkshire and the Humber,384,Wakefield,432265.0,423630.0,E02002451,E01011886,1,0,0,0,0,0,3.53,0.67,93.84,1.96,E01011886,E01011886,E01011886,6.0,5.0,1653.0,8.0
138951.0,4604.0,St Wilfrid's Catholic High School & Sixth Form College: A Voluntary Academy,45.0,242.0,29.0,12.0,1556,789.0,50.71,Urban: Nearer to a major town or city,WF7 6BD,Yorkshire and the Humber,384,Wakefield,442289.0,422383.0,E02002461,E01011777,1,0,0,0,0,0,0.91,0.63,97.49,0.98,E01011777,E01011777,E01011777,4.0,10.0,1893.0,9.0
141185.0,4001.0,Thorp Academy,54.0,150.0,36.0,24.0,975,481.0,49.33,Urban: Nearer to a major town or city,NE40 3AH,North East,390,Gateshead,414507.0,564201.0,E02001683,E01008245,1,0,0,0,0,0,0.76,0.3,98.03,0.91,E01008245,E01008245,E01008245,8.0,7.0,1390.0,7.0
137942.0,4027.0,Lord Lawson of Beamish Academy,35.0,242.0,68.0,28.0,1444,793.0,54.92,Urban: Nearer to a major town or city,DH3 2LP,North East,390,Gateshead,427650.0,555432.0,E02001707,E01008175,1,0,0,0,0,0,5.24,0.49,90.64,3.63,E01008175,E01008175,E01008175,3.0,10.0,903.0,5.0
137360.0,4029.0,Whickham School,50.0,231.0,52.0,23.0,1553,777.0,50.03,Urban: Nearer to a major town or city,NE16 5AR,North East,390,Gateshead,420291.0,560694.0,E02001698,E01008275,1,0,0,0,0,0,1.28,0.21,97.01,1.5,E01008275,E01008275,E01008275,10.0,5.0,581.0,3.0
108410.0,4041.0,Kingsmeadow Community Comprehensive School,23.0,119.0,66.0,56.0,743,364.0,48.99,Urban: Nearer to a major town or city,NE11 9NX,North East,390,Gateshead,422294.0,561782.0,E02001694,E01008208,1,0,0,0,0,0,1.36,0.06,96.66,1.91,E01008208,E01008208,E01008208,5.0,9.0,1493.0,7.0
137852.0,4605.0,Cardinal Hume Catholic School,53.0,208.0,60.0,29.0,1445,776.0,53.7,Urban: Nearer to a major town or city,NE9 6RZ,North East,390,Gateshead,427415.0,560129.0,E02001702,E01008221,1,0,0,0,0,0,2.63,0.55,94.24,2.58,E01008221,E01008221,E01008221,3.0,10.0,1173.0,6.0
137851.0,4606.0,St Thomas More Catholic School,49.0,227.0,38.0,17.0,1508,837.0,55.5,Urban: Nearer to a major town or city,NE21 4BQ,North East,390,Gateshead,417885.0,562988.0,E02001686,E01008179,1,0,0,0,0,0,1.06,0.09,97.63,1.23,E01008179,E01008179,E01008179,5.0,6.0,491.0,3.0
136352.0,4429.0,Gosforth Academy,57.0,363.0,78.0,22.0,1787,882.0,49.36,Urban: Nearer to a major town or city,NE3 2JH,North East,391,Newcastle upon Tyne,424162.0,568788.0,E02001709,E01008358,1,0,0,0,0,0,9.91,1.35,81.36,7.39,E01008358,E01008358,E01008358,7.0,4.0,457.0,3.0
140965.0,4000.0,Studio West,21.0,28.0,22.0,79.0,289,134.0,46.37,Urban: Nearer to a major town or city,NE5 2SZ,North East,391,Newcastle upon Tyne,419387.0,566657.0,E02001722,E01008325,1,0,0,0,0,0,1.82,10.09,85.34,2.76,E01008325,E01008325,E01008325,2.0,8.0,972.0,5.0
138120.0,4485.0,Kenton School,31.0,290.0,134.0,46.0,1769,836.0,47.26,Urban: Nearer to a major town or city,NE3 3RU,North East,391,Newcastle upon Tyne,422076.0,567804.0,E02001715,E01008377,1,0,0,0,0,0,11.41,9.49,72.79,6.31,E01008377,E01008377,E01008377,1.0,7.0,1653.0,8.0
137900.0,4715.0,St Cuthbert's High School,53.0,178.0,47.0,26.0,1150,,,Urban: Nearer to a major town or city,NE15 7PX,North East,391,Newcastle upon Tyne,420876.0,564975.0,E02001734,E01008288,1,0,0,0,0,0,10.88,0.59,85.42,3.11,E01008288,E01008288,E01008288,2.0,8.0,1.0,1.0
137708.0,4716.0,Sacred Heart Catholic High School,42.0,211.0,65.0,31.0,1410,1410.0,100.0,Urban: Nearer to a major town or city,NE4 9YH,North East,391,Newcastle upon Tyne,421933.0,565358.0,E02001726,E01008346,1,0,0,0,0,0,18.79,3.93,70.66,6.62,E01008346,E01008346,E01008346,2.0,3.0,299.0,2.0
140081.0,4714.0,St Mary's Catholic School,65.0,192.0,43.0,22.0,1364,659.0,48.31,Urban: Nearer to a major town or city,NE7 7PE,North East,391,Newcastle upon Tyne,426075.0,568146.0,E02001714,E01008321,1,0,0,0,0,0,14.43,0.99,76.75,7.83,E01008321,E01008321,E01008321,9.0,6.0,697.0,4.0
108645.0,4039.0,Longbenton High School,40.0,130.0,31.0,24.0,795,384.0,48.3,Urban: Nearer to a major town or city,NE12 8ER,North East,392,North Tyneside,427327.0,569417.0,E02001756,E01008471,1,0,0,0,0,0,2.91,0.13,95.02,1.94,E01008471,E01008471,E01008471,3.0,6.0,1651.0,8.0
108627.0,4006.0,Marden High School,56.0,132.0,20.0,15.0,782,378.0,48.34,Urban: Nearer to a major town or city,NE30 3RZ,North East,392,North Tyneside,435807.0,570445.0,E02001750,E01008493,1,0,0,0,0,0,2.32,0.35,96.08,1.25,E01008493,E01008493,E01008493,7.5,7.5,306.0,2.0
108628.0,4008.0,Norham High School,13.0,60.0,37.0,62.0,315,149.0,47.3,Urban: Nearer to a major town or city,NE29 7BU,North East,392,North Tyneside,433812.0,568057.0,E02001760,E01008481,1,0,0,0,0,0,2.45,0.21,96.23,1.12,E01008481,E01008481,E01008481,2.0,9.0,788.0,4.0
108639.0,4030.0,George Stephenson High School,36.0,193.0,44.0,23.0,1203,574.0,47.71,Urban: Nearer to a major town or city,NE12 6SA,North East,392,North Tyneside,427764.0,571048.0,E02001749,E01008505,1,0,0,0,0,0,2.7,0.62,95.61,1.07,E01008505,E01008505,E01008505,9.0,9.0,1203.0,6.0
108640.0,4032.0,Burnside College,30.0,194.0,58.0,30.0,1060,525.0,49.53,Urban: Nearer to a major town or city,NE28 7LQ,North East,392,North Tyneside,430808.0,566795.0,E02001766,E01008572,1,0,0,0,0,0,2.07,1.89,92.9,3.14,E01008572,E01008572,E01008572,1.0,10.0,402.0,3.0
108642.0,4034.0,Monkseaton High School,26.0,113.0,38.0,34.0,465,238.0,51.18,Urban: Nearer to a major town or city,NE25 9EQ,North East,392,North Tyneside,434347.0,570898.0,E02001750,E01008556,1,0,0,0,0,0,2.32,0.35,96.08,1.25,E01008556,E01008556,E01008556,7.5,7.5,521.0,3.0
137734.0,4605.0,St Thomas More Roman Catholic Academy,43.0,263.0,51.0,19.0,1604,843.0,52.56,Urban: Nearer to a major town or city,NE29 8LF,North East,392,North Tyneside,433557.0,569403.0,E02001757,E01008487,1,0,0,0,0,0,2.08,0.47,95.57,1.88,E01008487,E01008487,E01008487,2.0,9.0,822.0,4.0
108638.0,4029.0,Whitley Bay High School,62.0,360.0,32.0,9.0,1640,814.0,49.63,Urban: Nearer to a major town or city,NE25 9AS,North East,392,North Tyneside,434222.0,572755.0,E02001742,E01008517,1,0,0,0,0,0,1.14,0.25,96.77,1.83,E01008517,E01008517,E01008517,10.0,3.0,399.0,3.0
108730.0,4019.0,Boldon School,38.0,112.0,46.0,41.0,664,346.0,52.11,Urban: Nearer to a major town or city,NE35 9DZ,North East,393,South Tyneside,435542.0,561893.0,E02001788,E01008610,1,0,0,0,0,0,0.2,1.27,96.39,2.14,E01008610,E01008610,E01008610,1.0,10.0,1117.0,6.0
108731.0,4026.0,Hebburn Comprehensive School,21.0,112.0,57.0,51.0,648,316.0,48.77,Urban: Nearer to a major town or city,NE31 2QU,North East,393,South Tyneside,431311.0,563763.0,E02001782,E01008646,1,0,0,0,0,0,1.08,0.1,97.13,1.69,E01008646,E01008646,E01008646,5.0,8.5,675.0,4.0
133725.0,4033.0,Jarrow School,25.0,143.0,58.0,41.0,773,368.0,47.61,Urban: Nearer to a major town or city,NE32 5PR,North East,393,South Tyneside,432822.0,564310.0,E02001784,E01008663,1,0,0,0,0,0,0.65,0.0,98.4,0.95,E01008663,E01008663,E01008663,1.0,10.0,1067.0,5.0
139878.0,4603.0,St Joseph's Catholic Academy,38.0,190.0,47.0,25.0,1129,624.0,55.27,Urban: Nearer to a major town or city,NE31 2ET,North East,393,South Tyneside,430671.0,562909.0,E02001782,E01008643,1,0,0,0,0,0,1.08,0.1,97.13,1.69,E01008643,E01008643,E01008643,5.0,8.5,1117.0,6.0
142601.0,4604.0,St Wilfrid's RC College,44.0,171.0,50.0,29.0,1205,612.0,50.79,Urban: Nearer to a major town or city,NE34 0QA,North East,393,South Tyneside,436632.0,564665.0,E02001772,E01008679,1,0,0,0,0,0,4.87,0.99,92.07,2.06,E01008679,E01008679,E01008679,7.0,8.0,1111.0,6.0
136386.0,4605.0,Whitburn Church of England Academy,50.0,191.0,33.0,17.0,1217,620.0,50.94,Urban: Nearer to a major town or city,SR6 7EF,North East,393,South Tyneside,440786.0,562198.0,E02001785,E01008687,1,0,0,0,0,0,0.67,0.11,97.72,1.5,E01008687,E01008687,E01008687,6.0,4.0,1495.0,7.0
108727.0,4006.0,Mortimer Community College,30.0,152.0,82.0,54.0,895,447.0,49.94,Urban: Nearer to a major town or city,NE33 4UG,North East,393,South Tyneside,436817.0,565329.0,E02001772,E01008679,1,0,0,0,0,0,4.87,0.99,92.07,2.06,E01008679,E01008679,E01008679,7.0,8.0,970.0,5.0
141986.0,4001.0,Sandhill View Academy,28.0,166.0,87.0,52.0,762,371.0,48.69,Urban: Nearer to a major town or city,SR3 4EN,North East,394,Sunderland,436708.0,554940.0,E02001813,E01008829,1,0,0,0,0,0,1.25,0.55,95.48,2.73,E01008829,E01008829,E01008829,1.0,10.0,1390.0,7.0
144990.0,4002.0,Thornhill Academy,26.0,114.0,49.0,43.0,572,281.0,49.13,Urban: Nearer to a major town or city,SR2 7NA,North East,394,Sunderland,439078.0,556011.0,E02001812,E01008835,1,0,0,0,0,0,14.09,1.75,80.56,3.6,E01008835,E01008835,E01008835,6.33,6.0,,
138103.0,4055.0,Southmoor Academy,38.0,202.0,72.0,36.0,1281,680.0,53.08,Urban: Nearer to a major town or city,SR2 7TF,North East,394,Sunderland,440112.0,555272.0,E02001812,E01008740,1,0,0,0,0,0,14.09,1.75,80.56,3.6,E01008740,E01008740,E01008740,6.33,6.0,626.0,3.0
138923.0,4063.0,Oxclose Community Academy,39.0,221.0,65.0,29.0,1096,537.0,49.0,Urban: Nearer to a major town or city,NE38 0LN,North East,394,Sunderland,429254.0,555825.0,E02001810,E01008868,1,0,0,0,0,0,0.82,0.18,97.45,1.55,E01008868,E01008868,E01008868,7.0,4.0,675.0,4.0
139839.0,4067.0,Biddick Academy,34.0,216.0,61.0,28.0,1094,518.0,47.35,Urban: Nearer to a major town or city,NE38 8AL,North East,394,Sunderland,430999.0,555287.0,E02001809,E01008843,1,0,0,0,0,0,1.82,0.08,97.43,0.66,E01008843,E01008843,E01008843,9.0,6.0,581.0,3.0
137262.0,4072.0,Kepier,35.0,205.0,62.0,30.0,1018,460.0,45.19,Urban: Nearer to a major town or city,DH4 5BH,North East,394,Sunderland,433897.0,549594.0,E02001824,E01008754,1,0,0,0,0,0,1.18,0.37,97.42,1.03,E01008754,E01008754,E01008754,3.0,10.0,1203.0,6.0
139184.0,4073.0,Venerable Bede Church of England Academy,42.0,172.0,39.0,23.0,903,477.0,52.82,Urban: Nearer to a major town or city,SR2 0SX,North East,394,Sunderland,439318.0,553480.0,E02001821,E01008767,1,0,0,0,0,0,1.33,0.0,97.71,0.96,E01008767,E01008767,E01008767,6.0,8.0,1495.0,7.0
139538.0,4607.0,St Aidan's Catholic Academy,60.0,148.0,23.0,16.0,833,,,Urban: Nearer to a major town or city,SR2 7HJ,North East,394,Sunderland,439327.0,555535.0,E02001806,E01008735,1,0,0,0,0,0,11.18,1.63,82.92,4.27,E01008735,E01008735,E01008735,1.0,10.0,542.0,3.0
138054.0,4610.0,St Anthony's Girls' Catholic Academy,58.0,201.0,54.0,27.0,1308,1308.0,100.0,Urban: Nearer to a major town or city,SR2 7JN,North East,394,Sunderland,439136.0,556366.0,E02001812,E01008835,1,0,0,0,0,0,14.09,1.75,80.56,3.6,E01008835,E01008835,E01008835,6.33,6.0,277.0,2.0
135818.0,6906.0,Castle View Enterprise Academy,45.0,110.0,40.0,36.0,838,394.0,47.02,Urban: Nearer to a major town or city,SR5 3DX,North East,394,Sunderland,435559.0,558325.0,E02001798,E01008693,1,0,0,0,0,0,1.0,1.21,96.79,1.0,E01008693,E01008693,E01008693,1.0,10.0,1390.0,7.0
135878.0,6907.0,Red House Academy,43.0,110.0,62.0,56.0,458,220.0,48.03,Urban: Nearer to a major town or city,SR5 5LN,North East,394,Sunderland,437186.0,559541.0,E02001794,E01008822,1,0,0,0,0,0,1.12,0.0,98.22,0.66,E01008822,E01008822,E01008822,1.0,9.0,1653.0,8.0
138985.0,4001.0,Broadlands Academy,15.0,87.0,39.0,45.0,574,284.0,49.48,Urban: Nearer to a major town or city,BS31 2DY,South West,800,Bath and North East Somerset,364677.0,168789.0,E02002985,E01014399,1,0,0,0,0,0,1.58,0.93,94.73,2.76,E01014399,E01014399,E01014399,4.0,6.0,903.0,5.0
136966.0,4107.0,Hayesfield Girls School,62.0,177.0,17.0,10.0,1299,1250.0,96.23,Urban: Nearer to a major town or city,BA2 3LA,South West,800,Bath and North East Somerset,374213.0,164205.0,E02002996,E01014484,1,0,0,0,0,0,12.88,1.11,80.52,5.49,E01014484,E01014484,E01014484,7.0,1.0,197.0,2.0
136335.0,4128.0,Norton Hill Academy,48.0,220.0,30.0,14.0,1704,850.0,49.88,Urban: Nearer to a major town or city,BA3 4AD,South West,800,Bath and North East Somerset,366551.0,153628.0,E02003011,E01014424,1,0,0,0,0,0,0.61,0.24,97.66,1.48,E01014424,E01014424,E01014424,8.0,4.5,547.0,3.0
138522.0,4132.0,Ralph Allen School,50.0,155.0,31.0,20.0,1241,573.0,46.17,Urban: Nearer to a major town or city,BA2 7AD,South West,800,Bath and North East Somerset,377183.0,162765.0,E02003002,E01014388,1,0,0,0,0,0,2.39,0.69,94.44,2.47,E01014388,E01014388,E01014388,10.0,1.0,1.0,1.0
136311.0,4133.0,Somervale School Specialist Media Arts College,42.0,102.0,19.0,19.0,514,266.0,51.75,Urban: Nearer to a major town or city,BA3 2JD,South West,800,Bath and North East Somerset,366125.0,153995.0,E02003011,E01014425,1,0,0,0,0,0,0.61,0.24,97.66,1.48,E01014425,E01014425,E01014425,8.0,4.5,547.0,3.0
137548.0,4134.0,Writhlington School,40.0,200.0,31.0,16.0,1221,634.0,51.92,Urban: Nearer to a major town or city,BA3 3NQ,South West,800,Bath and North East Somerset,370022.0,154306.0,E02003008,E01014450,1,0,0,0,0,0,0.61,0.41,96.65,2.32,E01014450,E01014450,E01014450,4.0,9.0,1653.0,8.0
137523.0,4138.0,Wellsway School,57.0,202.0,20.0,10.0,1287,607.0,47.16,Urban: Nearer to a major town or city,BS31 1PH,South West,800,Bath and North East Somerset,366181.0,168019.0,E02002987,E01014396,1,0,0,0,0,0,2.05,0.45,94.9,2.61,E01014396,E01014396,E01014396,8.5,4.0,788.0,4.0
109329.0,4608.0,Saint Gregory's Catholic College,46.0,156.0,24.0,15.0,964,510.0,52.9,Urban: Nearer to a major town or city,BA2 8PA,South West,800,Bath and North East Somerset,373516.0,161719.0,E02003003,E01014433,1,0,0,0,0,0,6.01,2.71,84.68,6.6,E01014433,E01014433,E01014433,4.0,5.0,903.0,5.0
136483.0,5401.0,Oldfield School,44.0,218.0,30.0,14.0,1214,628.0,51.73,Urban: Nearer to a major town or city,BA1 9AB,South West,800,Bath and North East Somerset,371937.0,166086.0,E02002992,E01014430,1,0,0,0,0,0,7.21,1.58,88.8,2.4,E01014430,E01014430,E01014430,8.0,4.0,1390.0,7.0
142125.0,4003.0,Mendip Studio School,21.0,58.0,12.0,21.0,145,36.0,24.83,Urban: Nearer to a major town or city,BA3 3NQ,South West,800,Bath and North East Somerset,370006.0,154191.0,E02003008,E01014450,1,0,0,0,0,0,0.61,0.41,96.65,2.32,E01014450,E01014450,E01014450,4.0,9.0,1653.0,8.0
142127.0,4004.0,IKB Academy,33.0,67.0,9.0,13.0,165,37.0,22.42,Urban: Nearer to a major town or city,BS31 1SP,South West,800,Bath and North East Somerset,366226.0,168158.0,E02002987,E01014398,1,0,0,0,0,0,2.05,0.45,94.9,2.61,E01014398,E01014398,E01014398,8.5,4.0,822.0,4.0
136822.0,4001.0,Bristol Free School,51.0,143.0,23.0,16.0,990,476.0,48.08,Urban: Nearer to a major town or city,BS10 6NJ,South West,801,"Bristol, City of",357539.0,178217.0,E02003013,E01014691,1,0,0,0,0,0,7.87,4.18,83.37,4.58,E01014691,E01014691,E01014691,3.0,10.0,288.0,2.0
138448.0,4003.0,Orchard School Bristol,35.0,123.0,50.0,41.0,838,435.0,51.91,Urban: Nearer to a major town or city,BS7 0XZ,South West,801,"Bristol, City of",359776.0,177937.0,E02003016,E01014630,1,0,0,0,0,0,9.53,9.76,71.26,9.44,E01014630,E01014630,E01014630,1.0,8.0,269.0,2.0
141652.0,4007.0,Oasis Academy Brislington,29.0,140.0,53.0,38.0,796,379.0,47.61,Urban: Nearer to a major town or city,BS4 5EY,South West,801,"Bristol, City of",362563.0,169780.0,E02003054,E01014536,1,0,0,0,0,0,4.35,2.49,89.12,4.04,E01014536,E01014536,E01014536,3.0,10.0,819.0,4.0
138204.0,4037.0,Bedminster Down School,28.0,174.0,59.0,34.0,1013,474.0,46.79,Urban: Nearer to a major town or city,BS13 7DQ,South West,801,"Bristol, City of",356952.0,169373.0,E02003057,E01014521,1,0,0,0,0,0,1.44,1.51,92.09,4.96,E01014521,E01014521,E01014521,5.0,9.0,788.0,4.0
109327.0,4603.0,St Mary Redcliffe and Temple School,54.0,213.0,36.0,17.0,1706,906.0,53.11,Urban: Nearer to a major town or city,BS1 6RT,South West,801,"Bristol, City of",359228.0,172090.0,E02006887,E01033370,1,0,0,0,0,0,6.94,27.97,53.14,11.96,E01033370,E01033370,E01033370,1.0,10.0,151.0,1.0
138855.0,4627.0,Redland Green School,74.0,197.0,17.0,9.0,1472,730.0,49.59,Urban: Nearer to a major town or city,BS6 7EH,South West,801,"Bristol, City of",358162.0,175042.0,E02003031,E01014669,1,0,0,0,0,0,3.07,1.69,87.61,7.63,E01014669,E01014669,E01014669,10.0,1.0,175.0,1.0
109331.0,4801.0,St Bernadette Catholic Secondary School,24.0,130.0,28.0,22.0,724,369.0,50.97,Urban: Nearer to a major town or city,BS14 9LS,South West,801,"Bristol, City of",360983.0,168680.0,E02003058,E01014614,1,0,0,0,0,0,5.38,1.15,91.4,2.08,E01014614,E01014614,E01014614,8.0,6.0,366.0,2.0
135300.0,6907.0,Bristol Brunel Academy,33.0,204.0,84.0,41.0,1084,520.0,47.97,Urban: Nearer to a major town or city,BS15 1NU,South West,801,"Bristol, City of",363406.0,174377.0,E02003032,E01014623,1,0,0,0,0,0,16.99,9.5,64.06,9.45,E01014623,E01014623,E01014623,5.0,6.0,332.0,2.0
135663.0,6911.0,Oasis Academy John Williams,37.0,166.0,62.0,37.0,852,420.0,49.3,Urban: Nearer to a major town or city,BS14 9BU,South West,801,"Bristol, City of",360711.0,169127.0,E02003058,E01014614,1,0,0,0,0,0,5.38,1.15,91.4,2.08,E01014614,E01014614,E01014614,8.0,6.0,437.0,3.0
135959.0,6913.0,Bristol Metropolitan Academy,40.0,165.0,60.0,36.0,899,421.0,46.83,Urban: Nearer to a major town or city,BS16 2HD,South West,801,"Bristol, City of",362680.0,175868.0,E02003023,E01014571,1,0,0,0,0,0,6.54,8.79,76.75,7.92,E01014571,E01014571,E01014571,3.0,8.0,255.0,2.0
144509.0,4010.0,The City Academy Bristol,19.0,114.0,81.0,71.0,738,337.0,45.66,Urban: Nearer to a major town or city,BS5 9JH,South West,801,"Bristol, City of",361079.0,173625.0,E02006888,E01014564,1,0,0,0,0,0,16.88,13.44,60.78,8.91,E01014564,E01014564,E01014564,3.0,4.0,88.0,1.0
137440.0,4100.0,Cotham School,42.0,214.0,66.0,31.0,1491,694.0,46.55,Urban: Nearer to a major town or city,BS6 6DT,South West,801,"Bristol, City of",358273.0,174016.0,E02003033,E01014557,1,0,0,0,0,0,3.2,1.36,88.72,6.71,E01014557,E01014557,E01014557,9.0,2.0,140.0,1.0
141705.0,4101.0,Fairfield High School,37.0,146.0,57.0,39.0,1027,467.0,45.47,Urban: Nearer to a major town or city,BS7 9NL,South West,801,"Bristol, City of",360297.0,175316.0,E02003025,E01014664,1,0,0,0,0,0,9.7,12.84,69.49,7.96,E01014664,E01014664,E01014664,4.0,8.0,86.0,1.0
137627.0,4602.0,St Bede's Catholic College,56.0,180.0,19.0,11.0,1091,565.0,51.79,Urban: Nearer to a major town or city,BS11 0SU,South West,801,"Bristol, City of",354530.0,178652.0,E02003014,E01014640,1,0,0,0,0,0,1.98,3.39,89.29,5.35,E01014640,E01014640,E01014640,1.5,9.5,1111.0,6.0
135575.0,6908.0,Bristol Cathedral Choir School,57.0,122.0,26.0,21.0,1069,553.0,51.73,Urban: Nearer to a major town or city,BS1 5TS,South West,801,"Bristol, City of",358349.0,172643.0,E02006952,E01033909,1,0,0,0,0,0,15.95,2.88,71.87,9.3,E01033909,E01033345,E01033345,4.0,3.0,157.0,1.0
135671.0,6912.0,Oasis Academy Brightstowe,23.0,133.0,53.0,40.0,777,375.0,48.26,Urban: Nearer to a major town or city,BS11 0EB,South West,801,"Bristol, City of",353365.0,177134.0,E02003014,E01014497,1,0,0,0,0,0,1.98,3.39,89.29,5.35,E01014497,E01014497,E01014497,1.5,9.5,423.0,3.0
143137.0,4001.0,Worle Community School,32.0,243.0,74.0,31.0,1377,681.0,49.46,Urban: Nearer to a major town or city,BS22 8XX,South West,802,North Somerset,335408.0,162137.0,E02003080,E01014838,1,0,0,0,0,0,2.3,0.29,95.55,1.87,E01014838,E01014838,E01014838,5.0,6.0,,
136856.0,4135.0,Gordano School,55.0,280.0,28.0,10.0,1895,916.0,48.34,Urban: Nearer to a major town or city,BS20 7QR,South West,802,North Somerset,346614.0,175415.0,E02003067,E01014796,1,0,0,0,0,0,0.95,0.34,96.81,1.9,E01014796,E01014796,E01014796,9.0,5.0,1298.0,6.0
137884.0,4136.0,Clevedon School,43.0,189.0,20.0,11.0,1231,621.0,50.45,Urban: Nearer to a major town or city,BS21 6AH,South West,802,North Somerset,341531.0,172297.0,E02003069,E01014752,1,0,0,0,0,0,1.42,0.43,96.6,1.54,E01014752,E01014752,E01014752,7.0,7.0,1173.0,6.0
137300.0,4143.0,Priory Community School,33.0,256.0,47.0,18.0,1330,656.0,49.32,Urban: Nearer to a major town or city,BS22 6BP,South West,802,North Somerset,336749.0,163206.0,E02003079,E01014826,1,0,0,0,0,0,1.22,0.75,95.78,2.24,E01014826,E01014826,E01014826,6.0,7.0,903.0,5.0
136708.0,4145.0,Hans Price Academy,41.0,102.0,50.0,49.0,810,422.0,52.1,Urban: Nearer to a major town or city,BS23 3QP,South West,802,North Somerset,332918.0,160356.0,E02003085,E01014829,1,0,0,0,0,0,2.49,1.93,92.01,3.56,E01014829,E01014829,E01014829,1.0,10.0,547.0,3.0
136722.0,4129.0,Backwell School,56.0,270.0,31.0,12.0,1755,887.0,50.54,Larger rural: Nearer to a major town or city,BS48 3BX,South West,802,North Somerset,348692.0,168840.0,E02003075,E01014737,0,0,1,0,0,0,1.8,0.19,95.64,2.36,E01014737,E01014737,E01014737,9.0,3.0,987.0,5.0
138466.0,4137.0,Nailsea School,37.0,161.0,16.0,10.0,926,474.0,51.19,Urban: Nearer to a major town or city,BS48 2HN,South West,802,North Somerset,347475.0,170384.0,E02003073,E01014779,1,0,0,0,0,0,1.62,0.54,97.12,0.72,E01014779,E01014779,E01014779,9.0,5.0,987.0,5.0
137000.0,4139.0,Churchill Academy & Sixth Form,55.0,222.0,42.0,19.0,1519,766.0,50.43,Larger rural: Nearer to a major town or city,BS25 5QN,South West,802,North Somerset,343655.0,160022.0,E02003088,E01014748,0,0,1,0,0,0,1.15,0.43,95.34,3.08,E01014748,E01014748,E01014748,8.0,4.0,1495.0,7.0
142853.0,4144.0,St Katherine's School,40.0,135.0,38.0,28.0,836,400.0,47.85,Smaller rural: Nearer to a major town or city,BS20 0HU,South West,802,North Somerset,353037.0,175169.0,E02003068,E01014766,0,0,0,0,1,0,2.58,0.35,93.65,3.42,E01014766,E01014766,E01014766,10.0,2.0,547.0,3.0
139067.0,4000.0,Abbeywood Community School,40.0,170.0,37.0,22.0,976,451.0,46.21,Urban: Nearer to a major town or city,BS34 8SF,South West,803,South Gloucestershire,361803.0,179378.0,E02007066,E01035227,1,0,0,0,0,0,5.46,4.02,83.62,6.9,E01035227,E01014981,E01014981,6.0,7.0,1495.0,7.0
141042.0,4002.0,Hanham Woods Academy,30.0,151.0,34.0,23.0,802,383.0,47.76,Urban: Nearer to a major town or city,BS15 3LA,South West,803,South Gloucestershire,364012.0,171717.0,E02003120,E01014918,1,0,0,0,0,0,2.25,0.14,95.37,2.25,E01014918,E01014918,E01014918,8.0,8.0,985.0,5.0
141665.0,4005.0,Sir Bernard Lovell Academy,40.0,186.0,34.0,18.0,964,470.0,48.76,Urban: Nearer to a major town or city,BS30 8TS,South West,803,South Gloucestershire,367334.0,171703.0,E02003119,E01014936,1,0,0,0,0,0,1.13,0.64,96.47,1.77,E01014936,E01014936,E01014936,5.0,7.0,491.0,3.0
142008.0,4006.0,Mangotsfield School,27.0,197.0,35.0,18.0,1084,520.0,47.97,Urban: Nearer to a major town or city,BS16 9LH,South West,803,South Gloucestershire,366520.0,175773.0,E02003108,E01033338,1,0,0,0,0,0,3.41,2.06,90.82,3.71,E01033338,E01033338,E01033338,4.0,2.0,547.0,3.0
142079.0,4007.0,Digitech Studio School,22.0,64.0,16.0,25.0,373,157.0,42.09,Urban: Nearer to a major town or city,BS30 8XQ,South West,803,South Gloucestershire,366749.0,173193.0,E02003118,E01014943,1,0,0,0,0,0,1.6,1.43,95.07,1.9,E01014943,E01014943,E01014943,7.0,4.0,675.0,4.0
145124.0,4008.0,Patchway Community School,27.0,90.0,28.0,31.0,532,261.0,49.06,Urban: Nearer to a major town or city,BS32 4AJ,South West,803,South Gloucestershire,360720.0,182520.0,E02007064,E01014948,1,0,0,0,0,0,3.38,2.95,88.61,5.06,E01014948,E01014948,E01014948,4.0,8.0,,
145135.0,4009.0,Yate Academy,44.0,120.0,28.0,23.0,1030,542.0,52.62,Urban: Nearer to a major town or city,BS37 4DX,South West,803,South Gloucestershire,371274.0,182056.0,E02003099,E01015009,1,0,0,0,0,0,2.4,0.22,95.85,1.53,E01015009,E01015009,E01015009,4.0,8.0,,
139348.0,4120.0,The Castle School,40.0,255.0,35.0,14.0,1605,813.0,50.65,Urban: Nearer to a major town or city,BS35 1HT,South West,803,South Gloucestershire,363804.0,190863.0,E02003090,E01014987,1,0,0,0,0,0,2.44,0.65,92.96,3.95,E01014987,E01014987,E01014987,9.0,7.0,1089.0,6.0
109319.0,4146.0,Brimsham Green School,39.0,140.0,24.0,17.0,914,468.0,51.2,Urban: Nearer to a major town or city,BS37 7LB,South West,803,South Gloucestershire,370601.0,183793.0,E02003095,E01015015,1,0,0,0,0,0,1.39,0.69,95.27,2.65,E01015015,E01015015,E01015015,8.0,9.0,1390.0,7.0
141341.0,4004.0,Marlwood School,36.0,83.0,16.0,19.0,442,201.0,45.48,Urban: Nearer to a major town or city,BS35 3LA,South West,803,South Gloucestershire,362752.0,188386.0,E02003091,E01014991,1,0,0,0,0,0,1.23,0.05,97.13,1.59,E01014991,E01014991,E01014991,4.0,8.0,1390.0,7.0
139345.0,4148.0,Downend School,42.0,164.0,28.0,17.0,1228,632.0,51.47,Urban: Nearer to a major town or city,BS16 6XA,South West,803,South Gloucestershire,365839.0,177156.0,E02003111,E01014898,1,0,0,0,0,0,2.34,1.56,93.98,2.12,E01014898,E01014898,E01014898,9.0,4.0,1.0,1.0
135295.0,6906.0,John Cabot Academy,43.0,144.0,25.0,17.0,1129,549.0,48.63,Urban: Nearer to a major town or city,BS15 8BD,South West,803,South Gloucestershire,364305.0,173284.0,E02003117,E01015005,1,0,0,0,0,0,4.18,3.04,87.56,5.23,E01015005,E01015005,E01015005,5.0,7.0,406.0,3.0
139405.0,4001.0,Dyke House Sports and Technology College,42.0,229.0,107.0,47.0,1240,660.0,53.23,Urban: Nearer to a major town or city,TS24 8NQ,North East,805,Hartlepool,450512.0,533714.0,E02002485,E01033466,1,0,0,0,0,0,1.31,0.22,96.13,2.35,E01033466,E01033466,E01033466,1.0,10.0,332.0,2.0
141686.0,4002.0,Manor Community Academy,41.0,210.0,97.0,46.0,1060,528.0,49.81,Urban: Nearer to a major town or city,TS25 3PS,North East,805,Hartlepool,449048.0,529391.0,E02007059,E01011965,1,0,0,0,0,0,2.17,0.06,96.84,0.93,E01011965,E01011965,E01011965,8.0,9.0,1893.0,9.0
111748.0,4133.0,High Tunstall College of Science,36.0,174.0,56.0,32.0,1107,523.0,47.24,Urban: Nearer to a major town or city,TS26 0LQ,North East,805,Hartlepool,448586.0,532812.0,E02006909,E01011982,1,0,0,0,0,0,2.19,0.41,96.74,0.65,E01011982,E01011982,E01011982,8.0,4.0,1241.0,6.0
140867.0,4603.0,The English Martyrs School and Sixth Form College,43.0,233.0,78.0,34.0,1440,749.0,52.01,Urban: Nearer to a major town or city,TS25 4HA,North East,805,Hartlepool,449335.0,531431.0,E02002491,E01011981,1,0,0,0,0,0,1.02,0.28,97.28,1.42,E01011981,E01011981,E01011981,1.0,10.0,1241.0,6.0
139823.0,4002.0,Outwood Academy Acklam,34.0,139.0,87.0,63.0,1187,585.0,49.28,Urban: Nearer to a major town or city,TS5 7JY,North East,806,Middlesbrough,448906.0,516718.0,E02002507,E01012007,1,0,0,0,0,0,11.45,0.63,86.24,1.69,E01012007,E01012007,E01012007,6.0,6.0,822.0,4.0
133768.0,6905.0,Unity City Academy,10.0,91.0,66.0,73.0,719,388.0,53.96,Urban: Nearer to a major town or city,TS3 8RE,North East,806,Middlesbrough,451986.0,518197.0,E02002499,E01012075,1,0,0,0,0,0,2.3,0.58,94.56,2.56,E01012075,E01012075,E01012075,1.0,10.0,1893.0,9.0
134223.0,6906.0,The King's Academy,35.0,197.0,71.0,36.0,1225,626.0,51.1,Urban: Nearer to a major town or city,TS8 0GA,North East,806,Middlesbrough,450467.0,514591.0,E02002514,E01012031,1,0,0,0,0,0,0.48,0.55,97.27,1.71,E01012031,E01012031,E01012031,3.0,10.0,1495.0,7.0
130908.0,6907.0,Macmillan Academy,43.0,226.0,71.0,31.0,1564,823.0,52.62,Urban: Nearer to a major town or city,TS5 4AG,North East,806,Middlesbrough,447694.0,519237.0,E02002503,E01012014,1,0,0,0,0,0,7.01,3.1,82.56,7.32,E01012014,E01012014,E01012014,1.0,8.0,1089.0,6.0
138711.0,4122.0,Outwood Academy Ormesby,27.0,132.0,92.0,70.0,757,374.0,49.41,Urban: Nearer to a major town or city,TS3 0RH,North East,806,Middlesbrough,453415.0,518005.0,E02002502,E01012016,1,0,0,0,0,0,0.95,1.74,95.74,1.57,E01012016,E01012016,E01012016,1.0,10.0,1893.0,9.0
142382.0,4702.0,Trinity Catholic College,35.0,229.0,82.0,36.0,1342,691.0,51.49,Urban: Nearer to a major town or city,TS4 3JW,North East,806,Middlesbrough,449948.0,516780.0,E02002506,E01012021,1,0,0,0,0,0,2.15,1.56,92.5,3.79,E01012021,E01012021,E01012021,1.0,9.0,987.0,5.0
142273.0,4639.0,Sacred Heart Catholic Secondary,38.0,149.0,34.0,23.0,747,368.0,49.26,Urban: Nearer to a major town or city,TS10 1PJ,North East,807,Redcar and Cleveland,459525.0,524529.0,E02002516,E01012142,1,0,0,0,0,0,0.56,0.25,97.75,1.44,E01012142,E01012142,E01012142,4.0,8.0,1.0,1.0
141399.0,4004.0,Outwood Academy Bydales,70.0,159.0,28.0,18.0,842,369.0,43.82,Larger rural: Nearer to a major town or city,TS11 6AR,North East,807,Redcar and Cleveland,463250.0,522773.0,E02002520,E01012141,0,0,1,0,0,0,0.19,0.1,99.13,0.58,E01012141,E01012141,E01012141,6.0,6.0,1298.0,6.0
138845.0,4121.0,Nunthorpe Academy,48.0,294.0,78.0,27.0,1632,826.0,50.61,Urban: Nearer to a major town or city,TS7 0LA,North East,807,Redcar and Cleveland,454282.0,515447.0,E02006812,E01012152,1,0,0,0,0,0,1.64,0.34,95.82,2.2,E01012152,E01012152,E01012152,7.0,8.0,1653.0,8.0
140751.0,4638.0,Saint Peter's Catholic Voluntary Academy,33.0,95.0,48.0,51.0,523,262.0,50.1,Urban: Nearer to a major town or city,TS6 6SP,North East,807,Redcar and Cleveland,453771.0,520248.0,E02006910,E01033470,1,0,0,0,0,0,13.88,0.81,78.48,6.83,E01033470,E01033470,E01033470,1.0,10.0,1.0,1.0
139606.0,4001.0,All Saints Academy,71.0,140.0,8.0,6.0,733,369.0,50.34,Urban: Nearer to a major town or city,TS17 5BL,North East,808,Stockton-on-Tees,444073.0,513864.0,E02007062,E01033474,1,0,0,0,0,0,5.27,1.06,89.12,4.54,E01033474,E01033474,E01033474,10.0,8.0,1117.0,6.0
140949.0,4004.0,Ingleby Manor Free School & Sixth Form,51.0,105.0,30.0,29.0,585,279.0,47.69,Urban: Nearer to a major town or city,TS17 0FA,North East,808,Stockton-on-Tees,445196.0,512869.0,E02002556,E01012233,1,0,0,0,0,0,3.95,1.58,91.04,3.44,E01012233,E01012233,E01012233,8.0,4.0,,
139656.0,4002.0,St Michael's Catholic Academy,41.0,170.0,41.0,24.0,953,469.0,49.21,Urban: Nearer to a major town or city,TS23 3DX,North East,808,Stockton-on-Tees,447217.0,524520.0,E02002537,E01012216,1,0,0,0,0,0,2.52,0.17,96.89,0.42,E01012216,E01012216,E01012216,2.0,10.0,1117.0,6.0
139673.0,4003.0,The Grangefield Academy,54.0,105.0,63.0,60.0,734,348.0,47.41,Urban: Nearer to a major town or city,TS18 4LE,North East,808,Stockton-on-Tees,442683.0,519247.0,E02002547,E01012207,1,0,0,0,0,0,5.71,0.84,92.04,1.41,E01012207,E01012207,E01012207,8.0,8.0,437.0,3.0
141369.0,4005.0,Ian Ramsey Church of England Academy,46.0,228.0,40.0,18.0,1162,588.0,50.6,Urban: Nearer to a major town or city,TS19 7AJ,North East,808,Stockton-on-Tees,442073.0,518615.0,E02002549,E01012225,1,0,0,0,0,0,2.17,0.74,95.87,1.22,E01012225,E01012225,E01012225,8.0,8.0,739.0,4.0
141370.0,4006.0,Our Lady & St. Bede Catholic Academy,53.0,146.0,41.0,28.0,881,479.0,54.37,Urban: Nearer to a major town or city,TS19 0QH,North East,808,Stockton-on-Tees,442362.0,519737.0,E02002547,E01012207,1,0,0,0,0,0,5.71,0.84,92.04,1.41,E01012207,E01012207,E01012207,8.0,8.0,437.0,3.0
143146.0,4007.0,Outwood Academy Bishopsgarth,30.0,90.0,48.0,53.0,436,202.0,46.33,Urban: Nearer to a major town or city,TS19 8TF,North East,808,Stockton-on-Tees,441165.0,520859.0,E02002545,E01012187,1,0,0,0,0,0,3.54,0.08,94.93,1.45,E01012187,E01012187,E01012187,5.0,10.0,,
139318.0,4023.0,Conyers School,56.0,209.0,39.0,19.0,1294,630.0,48.69,Urban: Nearer to a major town or city,TS15 9ET,North East,808,Stockton-on-Tees,442187.0,511367.0,E02002558,E01012302,1,0,0,0,0,0,5.43,0.16,90.61,3.81,E01012302,E01012302,E01012302,10.0,8.0,987.0,5.0
111731.0,4102.0,Northfield School and Sports College,38.0,252.0,65.0,26.0,1383,697.0,50.4,Larger rural: Nearer to a major town or city,TS22 5EG,North East,808,Stockton-on-Tees,444619.0,524887.0,E02002535,E01012297,0,0,1,0,0,0,1.43,0.0,97.84,0.73,E01012297,E01012297,E01012297,9.0,7.0,1653.0,8.0
142281.0,4632.0,"St Patrick's Catholic College, A Voluntary Catholic Academy",28.0,100.0,39.0,39.0,502,260.0,51.79,Urban: Nearer to a major town or city,TS17 9DE,North East,808,Stockton-on-Tees,445905.0,516696.0,E02002552,E01012239,1,0,0,0,0,0,5.4,2.06,90.2,2.34,E01012239,E01012239,E01012239,3.0,9.0,1495.0,7.0
136146.0,6906.0,North Shore Academy,38.0,123.0,79.0,64.0,664,336.0,50.6,Urban: Nearer to a major town or city,TS20 2AY,North East,808,Stockton-on-Tees,444838.0,520296.0,E02002544,E01012268,1,0,0,0,0,0,1.08,3.01,93.65,2.26,E01012268,E01012268,E01012268,2.0,10.0,597.0,3.0
143063.0,4008.0,Egglescliffe School,54.0,235.0,29.0,12.0,1492,735.0,49.26,Urban: Nearer to a major town or city,TS16 0LA,North East,808,Stockton-on-Tees,441541.0,513641.0,E02002555,E01012201,1,0,0,0,0,0,2.46,0.38,95.93,1.23,E01012201,E01012201,E01012201,9.0,5.0,1241.0,6.0
139629.0,4001.0,Winifred Holtby Academy,34.0,239.0,112.0,47.0,1287,627.0,48.72,Urban: Nearer to a major town or city,HU7 4PW,Yorkshire and the Humber,810,"Kingston upon Hull, City of",510903.0,433085.0,E02002655,E01012906,1,0,0,0,0,0,0.18,0.55,97.92,1.35,E01012906,E01012906,E01012906,1.0,9.0,1298.0,6.0
138246.0,4007.0,Sirius Academy North,18.0,156.0,83.0,53.0,1128,484.0,42.91,Urban: Nearer to a major town or city,HU6 9BP,Yorkshire and the Humber,810,"Kingston upon Hull, City of",507867.0,433331.0,E02002659,E01012881,1,0,0,0,0,0,1.1,2.4,89.81,6.68,E01012881,E01012881,E01012881,1.0,7.0,788.0,4.0
139118.0,4009.0,Kingswood Academy,42.0,88.0,41.0,47.0,903,470.0,52.05,Urban: Nearer to a major town or city,HU7 4WR,Yorkshire and the Humber,810,"Kingston upon Hull, City of",510344.0,434861.0,E02002653,E01012782,1,0,0,0,0,0,0.35,1.74,94.85,3.06,E01012782,E01012782,E01012782,1.0,9.0,1203.0,6.0
139395.0,4010.0,The Boulevard Academy,17.0,71.0,31.0,44.0,550,288.0,52.36,Urban: Nearer to a major town or city,HU3 3QT,Yorkshire and the Humber,810,"Kingston upon Hull, City of",507539.0,428404.0,E02002681,E01012893,1,0,0,0,0,0,3.61,5.91,86.43,4.04,E01012893,E01012893,E01012893,1.0,10.0,,
142391.0,4011.0,The Marvell College,25.0,130.0,59.0,45.0,1020,511.0,50.1,Urban: Nearer to a major town or city,HU9 4EE,Yorkshire and the Humber,810,"Kingston upon Hull, City of",514768.0,431927.0,E02002660,E01012836,1,0,0,0,0,0,0.2,1.29,97.62,0.88,E01012836,E01012836,E01012836,1.0,10.0,1203.0,6.0
144766.0,4013.0,Ron Dearing UTC,41.0,116.0,32.0,28.0,422,59.0,13.98,Urban: Nearer to a major town or city,HU2 8BQ,Yorkshire and the Humber,810,"Kingston upon Hull, City of",509746.0,429238.0,E02002680,E01033109,1,0,0,0,0,0,10.85,6.4,73.45,9.3,E01033109,E01033109,E01033109,1.0,4.0,,
142150.0,4020.0,Malet Lambert,39.0,251.0,56.0,22.0,1455,750.0,51.55,Urban: Nearer to a major town or city,HU8 0JD,Yorkshire and the Humber,810,"Kingston upon Hull, City of",512075.0,431589.0,E02002664,E01012812,1,0,0,0,0,0,0.83,0.08,98.05,1.05,E01012812,E01012812,E01012812,10.0,3.0,626.0,3.0
138082.0,4622.0,Hull Trinity House Academy,61.0,103.0,27.0,26.0,614,,,Urban: Nearer to a major town or city,HU3 1UP,Yorkshire and the Humber,810,"Kingston upon Hull, City of",508982.0,430157.0,E02002675,E01012857,1,0,0,0,0,0,13.48,3.84,73.09,9.58,E01012857,E01012857,E01012857,1.0,9.0,201.0,2.0
135598.0,6905.0,Archbishop Sentamu Academy,25.0,211.0,107.0,51.0,1385,715.0,51.62,Urban: Nearer to a major town or city,HU9 5YB,Yorkshire and the Humber,810,"Kingston upon Hull, City of",513462.0,430512.0,E02002668,E01035464,1,0,0,0,0,0,0.79,2.1,94.8,2.31,E01035464,E01012895,E01012895,1.0,8.5,882.0,5.0
135945.0,6906.0,Sirius Academy West,31.0,232.0,88.0,38.0,1520,758.0,49.87,Urban: Nearer to a major town or city,HU4 7JB,Yorkshire and the Humber,810,"Kingston upon Hull, City of",505195.0,427509.0,E02006813,E01032595,1,0,0,0,0,0,1.41,0.92,94.75,2.93,E01032595,E01032595,E01032595,1.0,9.0,1390.0,7.0
143854.0,4001.0,Driffield School and Sixth Form,45.0,235.0,50.0,21.0,1349,674.0,49.96,Urban: Further from a major town or city,YO25 5HR,Yorkshire and the Humber,811,East Riding of Yorkshire,503257.0,458161.0,E02006891,E01034760,0,1,0,0,0,0,0.84,0.14,98.54,0.49,E01034760,E01012977,E01012977,7.0,2.0,,
118076.0,4055.0,The Market Weighton School,39.0,99.0,15.0,15.0,497,231.0,46.48,Larger rural: Nearer to a major town or city,YO43 3JF,Yorkshire and the Humber,811,East Riding of Yorkshire,488478.0,442075.0,E02002698,E01013120,0,0,1,0,0,0,0.45,0.05,98.05,1.45,E01013120,E01013120,E01013120,10.0,2.0,1653.0,8.0
136667.0,4056.0,South Hunsley School and Sixth Form College,63.0,346.0,31.0,9.0,2156,1072.0,49.72,Urban: Nearer to a major town or city,HU14 3HS,Yorkshire and the Humber,811,East Riding of Yorkshire,496594.0,426766.0,E02002715,E01013092,1,0,0,0,0,0,3.11,0.07,94.83,1.99,E01013092,E01013092,E01013092,10.0,2.0,1653.0,8.0
136921.0,4058.0,Cottingham High School and Sixth Form College,42.0,129.0,26.0,20.0,909,472.0,51.93,Urban: Nearer to a major town or city,HU16 5PX,Yorkshire and the Humber,811,East Riding of Yorkshire,503392.0,433663.0,E02002705,E01012954,1,0,0,0,0,0,4.44,2.08,91.19,2.29,E01012954,E01012954,E01012954,6.0,3.0,1390.0,7.0
118085.0,4064.0,Headlands School,42.0,132.0,32.0,24.0,886,458.0,51.69,Urban: Further from a major town or city,YO16 6UR,Yorkshire and the Humber,811,East Riding of Yorkshire,518880.0,468537.0,E02002685,E01012935,0,1,0,0,0,0,0.08,0.0,99.32,0.61,E01012935,E01012935,E01012935,10.0,7.0,1893.0,9.0
140866.0,4102.0,The Snaith School,44.0,188.0,24.0,13.0,931,441.0,47.37,Larger rural: Nearer to a major town or city,DN14 9LB,Yorkshire and the Humber,811,East Riding of Yorkshire,463728.0,421934.0,E02002725,E01013077,0,0,1,0,0,0,0.53,0.1,98.74,0.63,E01013077,E01013077,E01013077,7.0,8.0,1893.0,9.0
136995.0,4625.0,Beverley Grammar School,59.0,135.0,12.0,9.0,811,,,Urban: Nearer to a major town or city,HU17 8NF,Yorkshire and the Humber,811,East Riding of Yorkshire,502780.0,438617.0,E02002703,E01013042,1,0,0,0,0,0,2.12,0.6,96.23,1.06,E01013042,E01013042,E01013042,10.0,1.0,658.0,4.0
118072.0,4050.0,Beverley High School,50.0,147.0,21.0,14.0,867,867.0,100.0,Urban: Nearer to a major town or city,HU17 9EX,Yorkshire and the Humber,811,East Riding of Yorkshire,503351.0,440076.0,E02002700,E01013071,1,0,0,0,0,0,1.13,0.13,96.76,1.99,E01013071,E01013071,E01013071,4.0,5.0,517.0,3.0
118073.0,4051.0,Longcroft School and Sixth Form College,35.0,202.0,29.0,14.0,1085,545.0,50.23,Urban: Nearer to a major town or city,HU17 7EJ,Yorkshire and the Humber,811,East Riding of Yorkshire,502192.0,440506.0,E02002699,E01013068,1,0,0,0,0,0,1.26,0.3,96.0,2.43,E01013068,E01013068,E01013068,8.0,1.0,1351.0,7.0
118075.0,4054.0,Withernsea High School,32.0,108.0,34.0,32.0,704,367.0,52.13,Larger rural: Further from a major town or city,HU19 2EQ,Yorkshire and the Humber,811,East Riding of Yorkshire,533597.0,428129.0,E02002714,E01013082,0,0,0,1,0,0,0.55,0.06,98.34,1.05,E01013082,E01013082,E01013082,4.0,7.0,1653.0,8.0
118082.0,4061.0,Hornsea School and Language College,37.0,175.0,45.0,26.0,1063,499.0,46.94,Larger rural: Further from a major town or city,HU18 1DW,Yorkshire and the Humber,811,East Riding of Yorkshire,520034.0,447959.0,E02002695,E01013046,0,0,0,1,0,0,0.37,0.06,98.75,0.81,E01013046,E01013046,E01013046,7.0,5.0,903.0,5.0
118111.0,4500.0,Bridlington School,35.0,155.0,66.0,43.0,971,465.0,47.89,Urban: Further from a major town or city,YO16 4QU,Yorkshire and the Humber,811,East Riding of Yorkshire,517065.0,466943.0,E02002686,E01012949,0,1,0,0,0,0,1.28,0.0,97.28,1.43,E01012949,E01012949,E01012949,2.0,10.0,1390.0,7.0
139649.0,4000.0,Beacon Academy,11.0,38.0,26.0,68.0,337,163.0,48.37,Urban: Nearer to a major town or city,DN35 9NF,Yorkshire and the Humber,812,North East Lincolnshire,529362.0,407710.0,E02002743,E01013135,1,0,0,0,0,0,0.33,0.14,99.07,0.47,E01013135,E01013135,E01013135,5.0,6.0,903.0,5.0
136268.0,4078.0,Tollbar Academy,49.0,329.0,47.0,14.0,1991,1009.0,50.68,Urban: Nearer to a major town or city,DN36 4RZ,Yorkshire and the Humber,812,North East Lincolnshire,527370.0,404421.0,E02002747,E01013171,1,0,0,0,0,0,2.94,0.87,93.36,2.83,E01013171,E01013171,E01013171,9.0,3.0,1117.0,6.0
136277.0,4084.0,Healing Science Academy,57.0,155.0,18.0,12.0,939,463.0,49.31,Larger rural: Nearer to a major town or city,DN41 7QD,Yorkshire and the Humber,812,North East Lincolnshire,521615.0,410290.0,E02002732,E01035475,0,0,1,0,0,0,2.04,0.18,94.98,2.8,E01035475,E01013223,E01013223,9.0,1.0,1653.0,8.0
137200.0,4092.0,Humberston Academy,51.0,164.0,16.0,10.0,860,419.0,48.72,Urban: Nearer to a major town or city,DN36 4TF,Yorkshire and the Humber,812,North East Lincolnshire,530636.0,405405.0,E02002745,E01035476,1,0,0,0,0,0,0.97,0.37,97.81,0.85,E01035476,E01013166,E01013166,6.0,5.5,1495.0,7.0
135209.0,6906.0,Oasis Academy Wintringham,25.0,117.0,53.0,45.0,806,384.0,47.64,Urban: Nearer to a major town or city,DN32 0AZ,Yorkshire and the Humber,812,North East Lincolnshire,527381.0,407559.0,E02002741,E01013183,1,0,0,0,0,0,1.95,1.48,94.28,2.29,E01013183,E01013183,E01013183,4.0,3.0,1653.0,8.0
135294.0,6907.0,Havelock Academy,33.0,151.0,64.0,42.0,978,481.0,49.18,Urban: Nearer to a major town or city,DN32 8JH,Yorkshire and the Humber,812,North East Lincolnshire,529194.0,408762.0,E02002737,E01013160,1,0,0,0,0,0,0.15,0.22,98.76,0.87,E01013160,E01013160,E01013160,6.0,4.0,788.0,4.0
136192.0,6908.0,Cleethorpes Academy,33.0,138.0,51.0,37.0,851,420.0,49.35,Urban: Nearer to a major town or city,DN35 9NX,Yorkshire and the Humber,812,North East Lincolnshire,529996.0,407464.0,E02002743,E01013154,1,0,0,0,0,0,0.33,0.14,99.07,0.47,E01013154,E01013154,E01013154,5.0,6.0,903.0,5.0
137196.0,4009.0,Ormiston Maritime Academy,14.0,111.0,51.0,46.0,599,280.0,46.74,Urban: Nearer to a major town or city,DN34 5AH,Yorkshire and the Humber,812,North East Lincolnshire,525932.0,408246.0,E02002740,E01013211,1,0,0,0,0,0,1.06,1.49,96.6,0.85,E01013211,E01013211,E01013211,3.0,4.0,1203.0,6.0
137464.0,4011.0,John Whitgift Academy,39.0,61.0,23.0,38.0,519,249.0,47.98,Urban: Nearer to a major town or city,DN37 9EH,Yorkshire and the Humber,812,North East Lincolnshire,523693.0,409928.0,E02002729,E01013145,1,0,0,0,0,0,0.42,0.08,97.83,1.67,E01013145,E01013145,E01013145,8.0,4.0,1117.0,6.0
135176.0,6905.0,Oasis Academy Immingham,24.0,91.0,25.0,28.0,597,280.0,46.9,Urban: Nearer to a major town or city,DN40 1JU,Yorkshire and the Humber,812,North East Lincolnshire,518249.0,414588.0,E02002726,E01013179,1,0,0,0,0,0,0.57,0.13,98.72,0.57,E01013179,E01013179,E01013179,3.0,9.0,1495.0,7.0
137759.0,4082.0,The Axholme Academy,43.0,80.0,16.0,20.0,531,253.0,47.65,Larger rural: Nearer to a major town or city,DN17 4HU,Yorkshire and the Humber,813,North Lincolnshire,477608.0,412062.0,E02002754,E01013247,0,0,1,0,0,0,0.41,0.0,98.99,0.59,E01013247,E01013247,E01013247,6.0,5.0,1.0,1.0
139059.0,4000.0,Melior Community Academy,34.0,98.0,45.0,46.0,670,326.0,48.66,Urban: Nearer to a major town or city,DN17 1HA,Yorkshire and the Humber,813,North Lincolnshire,488561.0,409123.0,E02002760,E01013316,1,0,0,0,0,0,4.82,0.0,93.65,1.54,E01013316,E01013316,E01013316,10.0,6.0,1203.0,6.0
139277.0,4001.0,Outwood Academy Brumby,53.0,114.0,38.0,33.0,754,375.0,49.73,Urban: Nearer to a major town or city,DN16 1NT,Yorkshire and the Humber,813,North Lincolnshire,489814.0,409924.0,E02002758,E01013314,1,0,0,0,0,0,3.64,0.65,93.18,2.53,E01013314,E01013314,E01013314,5.0,8.0,901.0,5.0
142130.0,4002.0,Engineering UTC Northern Lincolnshire,26.0,43.0,19.0,44.0,130,14.0,10.77,Urban: Nearer to a major town or city,DN15 6TA,Yorkshire and the Humber,813,North Lincolnshire,489962.0,411418.0,E02002755,E01013331,1,0,0,0,0,0,10.08,1.89,85.02,3.0,E01013331,E01013331,E01013331,3.5,10.0,1065.0,5.0
137004.0,4076.0,Outwood Academy Foxhills,48.0,83.0,30.0,36.0,623,335.0,53.77,Urban: Nearer to a major town or city,DN15 8LJ,Yorkshire and the Humber,813,North Lincolnshire,488354.0,412373.0,E02002755,E01013302,1,0,0,0,0,0,10.08,1.89,85.02,3.0,E01013302,E01013302,E01013302,3.5,10.0,1111.0,6.0
137742.0,4083.0,South Axholme Academy,64.0,137.0,26.0,19.0,874,439.0,50.23,Larger rural: Nearer to a major town or city,DN9 1BY,Yorkshire and the Humber,813,North Lincolnshire,477897.0,403755.0,E02002768,E01013244,0,0,1,0,0,0,0.72,0.0,98.4,0.88,E01013244,E01013244,E01013244,5.0,3.0,1495.0,7.0
118097.0,4087.0,Frederick Gough School,34.0,240.0,64.0,27.0,1322,632.0,47.81,Urban: Nearer to a major town or city,DN16 3NG,Yorkshire and the Humber,813,North Lincolnshire,490117.0,407907.0,E02002766,E01013263,1,0,0,0,0,0,0.58,0.07,98.05,1.3,E01013263,E01013263,E01013263,8.0,7.0,846.0,5.0
138831.0,4090.0,Winterton Community Academy,54.0,106.0,22.0,21.0,512,250.0,48.83,Larger rural: Nearer to a major town or city,DN15 9QD,Yorkshire and the Humber,813,North Lincolnshire,492758.0,418984.0,E02002751,E01013288,0,0,1,0,0,0,1.13,0.0,97.73,1.13,E01013288,E01013288,E01013288,6.0,5.0,1117.0,6.0
137453.0,4091.0,The Vale Academy,51.0,127.0,22.0,17.0,752,400.0,53.19,Larger rural: Nearer to a major town or city,DN20 8AR,Yorkshire and the Humber,813,North Lincolnshire,499953.0,408008.0,E02002759,E01013272,0,0,1,0,0,0,1.15,0.21,97.94,0.71,E01013272,E01013272,E01013272,5.0,8.0,1117.0,6.0
118109.0,4491.0,Baysgarth School,38.0,125.0,33.0,26.0,792,392.0,49.49,Urban: Nearer to a major town or city,DN18 6AE,Yorkshire and the Humber,813,North Lincolnshire,503710.0,421649.0,E02002749,E01013258,1,0,0,0,0,0,0.58,0.35,97.26,1.81,E01013258,E01013258,E01013258,4.0,5.0,987.0,5.0
118112.0,4501.0,Sir John Nelthorpe School,48.0,103.0,17.0,17.0,725,356.0,49.1,Larger rural: Nearer to a major town or city,DN20 8AA,Yorkshire and the Humber,813,North Lincolnshire,500164.0,407458.0,E02002759,E01013273,0,0,1,0,0,0,1.15,0.21,97.94,0.71,E01013273,E01013273,E01013273,5.0,8.0,1117.0,6.0
138018.0,4700.0,St Bede's Catholic Voluntary Academy,51.0,122.0,23.0,19.0,685,345.0,50.36,Urban: Nearer to a major town or city,DN16 2TF,Yorkshire and the Humber,813,North Lincolnshire,489816.0,408883.0,E02002762,E01013315,1,0,0,0,0,0,1.14,0.2,97.19,1.47,E01013315,E01013315,E01013315,2.0,10.0,521.0,3.0
135674.0,6905.0,The St Lawrence Academy,38.0,147.0,57.0,39.0,744,349.0,46.91,Urban: Nearer to a major town or city,DN15 7DF,Yorkshire and the Humber,813,North Lincolnshire,488395.0,411296.0,E02002756,E01013298,1,0,0,0,0,0,11.57,2.98,78.1,7.36,E01013298,E01013298,E01013298,1.0,9.0,1065.0,5.0
141179.0,4000.0,The Skipton Academy,25.0,61.0,16.0,26.0,293,143.0,48.81,Urban: Further from a major town or city,BD23 1UQ,Yorkshire and the Humber,815,North Yorkshire,397676.0,451852.0,E02007041,E01027576,0,1,0,0,0,0,1.17,0.19,97.06,1.58,E01027576,E01027576,E01027576,9.0,4.0,675.0,4.0
143138.0,4003.0,Brayton Academy,43.0,74.0,13.0,18.0,402,188.0,46.77,Urban: Further from a major town or city,YO8 9QS,Yorkshire and the Humber,815,North Yorkshire,460481.0,431271.0,E02005815,E01027882,0,1,0,0,0,0,0.23,0.28,98.92,0.57,E01027882,E01027882,E01027882,8.0,2.0,1390.0,7.0
121663.0,4004.0,Risedale Sports and Community College,30.0,84.0,19.0,23.0,512,252.0,49.22,Urban: Nearer to a major town or city,DL9 4BD,Yorkshire and the Humber,815,North Yorkshire,418614.0,498124.0,E02005785,E01034965,1,0,0,0,0,0,4.6,3.53,87.01,4.86,E01034965,E01027754,E01027754,9.0,2.0,1653.0,8.0
121667.0,4039.0,Caedmon College Whitby,38.0,133.0,31.0,23.0,757,398.0,52.58,Urban: Further from a major town or city,YO21 1LA,Yorkshire and the Humber,815,North Yorkshire,489227.0,510489.0,E02005797,E01027865,0,1,0,0,0,0,0.69,0.43,97.84,1.04,E01027865,E01027865,E01027865,3.0,7.0,1495.0,7.0
141930.0,4047.0,Stokesley School,42.0,191.0,21.0,11.0,1180,572.0,48.47,Smaller rural: Nearer to a major town or city,TS9 5AL,Yorkshire and the Humber,815,North Yorkshire,453052.0,508326.0,E02005750,E01027623,0,0,0,0,1,0,0.59,0.08,98.47,0.85,E01027623,E01027623,E01027623,8.0,1.0,1653.0,8.0
121670.0,4052.0,Bedale High School,41.0,124.0,23.0,19.0,499,226.0,45.29,Larger rural: Nearer to a major town or city,DL8 2EQ,Yorkshire and the Humber,815,North Yorkshire,426729.0,487673.0,E02005755,E01027588,0,0,1,0,0,0,0.64,0.35,98.25,0.76,E01027588,E01027588,E01027588,9.0,7.0,1390.0,7.0
143288.0,4073.0,Scalby School,55.0,167.0,25.0,15.0,979,473.0,48.31,Urban: Further from a major town or city,YO12 6TH,Yorkshire and the Humber,815,North Yorkshire,501940.0,489810.0,E02005799,E01027842,0,1,0,0,0,0,2.28,0.74,94.9,2.09,E01027842,E01027842,E01027842,4.0,6.0,739.0,4.0
121679.0,4075.0,The Wensleydale School & Sixth Form,23.0,86.0,12.0,14.0,385,188.0,48.83,Larger rural: Further from a major town or city,DL8 5HY,Yorkshire and the Humber,815,North Yorkshire,411552.0,490869.0,E02005787,E01033185,0,0,0,1,0,0,0.15,0.22,99.05,0.59,E01033185,E01033185,E01033185,6.0,2.0,1893.0,9.0
136728.0,4152.0,Norton College,37.0,127.0,27.0,21.0,783,357.0,45.59,Urban: Further from a major town or city,YO17 9PT,Yorkshire and the Humber,815,North Yorkshire,479633.0,470649.0,E02007045,E01027791,0,1,0,0,0,0,0.18,0.24,97.74,1.83,E01027791,E01027791,E01027791,10.0,4.0,846.0,5.0
121687.0,4202.0,King James's School,59.0,258.0,42.0,16.0,1501,742.0,49.43,Urban: Nearer to a major town or city,HG5 8EB,Yorkshire and the Humber,815,North Yorkshire,435428.0,456695.0,E02005769,E01027673,1,0,0,0,0,0,0.75,0.41,97.22,1.62,E01027673,E01027673,E01027673,8.0,9.0,1298.0,6.0
137412.0,4203.0,Outwood Academy Ripon,57.0,106.0,21.0,20.0,682,326.0,47.8,Urban: Nearer to a major town or city,HG4 2DE,Yorkshire and the Humber,815,North Yorkshire,430220.0,471316.0,E02005762,E01027715,1,0,0,0,0,0,3.0,2.57,91.94,2.49,E01027715,E01027715,E01027715,10.0,3.0,1298.0,6.0
121690.0,4206.0,Upper Wharfedale School,50.0,58.0,8.0,14.0,296,130.0,43.92,Smaller rural: Further from a major town or city,BD23 5BS,Yorkshire and the Humber,815,North Yorkshire,399320.0,463942.0,E02007041,E01027585,0,0,0,0,0,1,1.17,0.19,97.06,1.58,E01027585,E01027585,E01027585,9.0,4.0,1653.0,8.0
136736.0,4210.0,South Craven School,41.0,279.0,37.0,13.0,1745,843.0,48.31,Urban: Nearer to a major town or city,BD20 7RL,Yorkshire and the Humber,815,North Yorkshire,400829.0,444837.0,E02005749,E01027565,1,0,0,0,0,0,1.58,0.06,96.89,1.46,E01027565,E01027565,E01027565,10.0,7.0,1241.0,6.0
136896.0,4217.0,Rossett School,48.0,269.0,33.0,12.0,1449,695.0,47.96,Urban: Nearer to a major town or city,HG2 9JP,Yorkshire and the Humber,815,North Yorkshire,429450.0,453431.0,E02005780,E01027719,1,0,0,0,0,0,3.73,0.26,93.82,2.19,E01027719,E01027719,E01027719,10.0,5.5,1241.0,6.0
138190.0,4219.0,Harrogate High School,35.0,82.0,22.0,27.0,599,325.0,54.26,Urban: Nearer to a major town or city,HG1 4AP,Yorkshire and the Humber,815,North Yorkshire,431512.0,455987.0,E02005773,E01027649,1,0,0,0,0,0,5.08,2.05,89.24,3.63,E01027649,E01027649,E01027649,5.0,9.0,987.0,5.0
121699.0,4221.0,Boroughbridge High School,44.0,110.0,15.0,14.0,491,264.0,53.77,Larger rural: Nearer to a major town or city,YO51 9JX,Yorkshire and the Humber,815,North Yorkshire,439641.0,466037.0,E02005765,E01027644,0,0,1,0,0,0,1.11,0.0,97.56,1.32,E01027644,E01027644,E01027644,8.0,4.0,1653.0,8.0
121702.0,4225.0,Selby High School Specialist School for the Arts and Science,42.0,233.0,39.0,17.0,1164,610.0,52.41,Urban: Nearer to a major town or city,YO8 4HT,Yorkshire and the Humber,815,North Yorkshire,460809.0,431992.0,E02005814,E01034984,1,0,0,0,0,0,0.46,0.08,98.71,0.75,E01034984,E01027911,E01027911,7.5,5.5,1390.0,7.0
137139.0,4611.0,St Aidan's Church of England High School,60.0,247.0,16.0,7.0,1974,1025.0,51.93,Urban: Nearer to a major town or city,HG2 8JR,Yorkshire and the Humber,815,North Yorkshire,431226.0,454660.0,E02005777,E01027733,1,0,0,0,0,0,2.05,0.51,93.98,3.45,E01027733,E01027733,E01027733,10.0,8.0,306.0,2.0
142884.0,4002.0,Scarborough University Technical College,31.0,74.0,20.0,27.0,199,38.0,19.1,Urban: Further from a major town or city,YO11 2JW,Yorkshire and the Humber,815,North Yorkshire,503456.0,487431.0,E02005804,E01027853,0,1,0,0,0,0,0.71,0.27,97.68,1.34,E01027853,E01027853,E01027853,5.0,10.0,,
121666.0,4035.0,Thirsk School & Sixth Form College,38.0,150.0,22.0,15.0,895,453.0,50.61,Urban: Further from a major town or city,YO7 1RZ,Yorkshire and the Humber,815,North Yorkshire,442678.0,481107.0,E02005758,E01034960,0,1,0,0,0,0,0.73,0.2,98.6,0.47,E01034960,E01027621,E01027621,6.0,7.0,987.0,5.0
136497.0,4200.0,Harrogate Grammar School,61.0,254.0,22.0,9.0,1961,979.0,49.92,Urban: Nearer to a major town or city,HG2 0DZ,Yorkshire and the Humber,815,North Yorkshire,429831.0,454195.0,E02005780,E01027717,1,0,0,0,0,0,3.73,0.26,93.82,2.19,E01027717,E01027717,E01027717,10.0,5.5,406.0,3.0
121689.0,4205.0,Settle College,29.0,83.0,13.0,16.0,593,268.0,45.19,Larger rural: Further from a major town or city,BD24 0AU,Yorkshire and the Humber,815,North Yorkshire,381433.0,464056.0,E02005744,E01027571,0,0,0,1,0,0,0.53,0.11,98.56,0.8,E01027571,E01027571,E01027571,9.0,4.0,1203.0,6.0
121673.0,4063.0,Huntington School,56.0,241.0,39.0,16.0,1529,783.0,51.21,Urban: Nearer to a major town or city,YO32 9WT,Yorkshire and the Humber,816,York,461347.0,455309.0,E02002775,E01013404,1,0,0,0,0,0,1.04,0.36,96.99,1.61,E01013404,E01013404,E01013404,6.0,7.5,1203.0,6.0
142648.0,4229.0,Millthorpe School,51.0,201.0,27.0,13.0,1042,511.0,49.04,Urban: Nearer to a major town or city,YO23 1WF,Yorkshire and the Humber,816,York,459791.0,450693.0,E02002788,E01013413,1,0,0,0,0,0,1.5,0.25,95.31,2.94,E01013413,E01013413,E01013413,10.0,2.0,234.0,2.0
136617.0,4500.0,"Archbishop Holgate's School, A Church of England Academy",51.0,224.0,29.0,13.0,1547,807.0,52.17,Urban: Nearer to a major town or city,YO10 5ZA,Yorkshire and the Humber,816,York,463027.0,451121.0,E02002785,E01013402,1,0,0,0,0,0,6.85,1.16,86.3,5.69,E01013402,E01013402,E01013402,9.0,3.0,491.0,3.0
121711.0,4508.0,Joseph Rowntree School,47.0,215.0,41.0,19.0,1266,649.0,51.26,Urban: Nearer to a major town or city,YO32 4BZ,Yorkshire and the Humber,816,York,461019.0,456164.0,E02002775,E01013407,1,0,0,0,0,0,1.04,0.36,96.99,1.61,E01013407,E01013407,E01013407,6.0,7.5,1495.0,7.0
136544.0,4602.0,Manor Church of England Academy,57.0,182.0,19.0,10.0,1072,525.0,48.97,Urban: Nearer to a major town or city,YO26 6PA,Yorkshire and the Humber,816,York,456691.0,453546.0,E02002782,E01013422,1,0,0,0,0,0,1.22,0.58,96.69,1.51,E01013422,E01013422,E01013422,9.0,7.0,1241.0,6.0
143864.0,4000.0,Vale of York Academy,41.0,100.0,30.0,30.0,561,287.0,51.16,Urban: Nearer to a major town or city,YO30 6ZS,Yorkshire and the Humber,816,York,459079.0,453721.0,E02002777,E01013428,1,0,0,0,0,0,2.77,0.87,94.1,2.25,E01013428,E01013428,E01013428,8.0,7.0,,
109707.0,5403.0,Ashcroft High School,35.0,248.0,88.0,36.0,1223,619.0,50.61,Urban: Nearer to a major town or city,LU2 9AG,East of England,821,Luton,511380.0,222627.0,E02003273,E01015807,1,0,0,0,0,0,18.1,9.43,64.67,7.79,E01015807,E01015807,E01015807,3.0,5.0,547.0,3.0
136651.0,4102.0,Challney High School for Boys,49.0,174.0,56.0,32.0,1016,,,Urban: Nearer to a major town or city,LU4 9TJ,East of England,821,Luton,505559.0,222932.0,E02003268,E01015712,1,0,0,0,0,0,59.64,6.7,25.6,8.05,E01015712,E01015712,E01015712,5.0,3.0,788.0,4.0
136319.0,4104.0,Denbigh High School,46.0,219.0,90.0,41.0,1123,513.0,45.68,Urban: Nearer to a major town or city,LU3 1HE,East of England,821,Luton,508462.0,222596.0,E02003267,E01015700,1,0,0,0,0,0,64.74,7.23,20.67,7.37,E01015700,E01015700,E01015700,4.0,4.0,250.0,2.0
109686.0,4111.0,Lealands High School,24.0,194.0,72.0,37.0,995,490.0,49.25,Urban: Nearer to a major town or city,LU3 3AL,East of England,821,Luton,505321.0,225596.0,E02003259,E01015803,1,0,0,0,0,0,11.11,6.15,75.23,7.51,E01015803,E01015803,E01015803,5.0,3.0,1173.0,6.0
142310.0,4606.0,Cardinal Newman Catholic School A Specialist Science College,41.0,239.0,53.0,22.0,1612,777.0,48.2,Urban: Nearer to a major town or city,LU2 7AE,East of England,821,Luton,508484.0,225969.0,E02003258,E01015707,1,0,0,0,0,0,14.88,6.73,72.26,6.13,E01015707,E01015707,E01015707,8.0,3.0,1495.0,7.0
135338.0,6906.0,The Stockwood Park Academy,25.0,232.0,99.0,43.0,1276,633.0,49.61,Urban: Nearer to a major town or city,LU1 5PP,East of England,821,Luton,507801.0,220141.0,E02003277,E01015736,1,0,0,0,0,0,30.34,10.31,49.05,10.31,E01015736,E01015736,E01015736,2.0,9.0,1173.0,6.0
137679.0,5407.0,Icknield High School,50.0,279.0,76.0,27.0,1430,721.0,50.42,Urban: Nearer to a major town or city,LU3 2AH,East of England,821,Luton,508243.0,224427.0,E02003264,E01015745,1,0,0,0,0,0,53.53,5.73,33.03,7.72,E01015745,E01015745,E01015745,7.0,2.0,1089.0,6.0
135337.0,6905.0,The Chalk Hills Academy,40.0,252.0,96.0,38.0,1337,662.0,49.51,Urban: Nearer to a major town or city,LU4 0NE,East of England,821,Luton,504038.0,223100.0,E02003266,E01015761,1,0,0,0,0,0,28.23,12.36,49.18,10.23,E01015761,E01015761,E01015761,3.0,7.0,1173.0,6.0
136471.0,5404.0,Lincroft Academy,17.0,6.0,1.0,17.0,694,331.0,47.69,Larger rural: Nearer to a major town or city,MK43 7RE,East of England,822,Bedford,501276.0,253332.0,E02003618,E01017528,0,0,1,0,0,0,2.78,1.15,92.16,3.9,E01017528,E01017528,E01017528,9.0,3.0,,
138228.0,4001.0,Bedford Free School,42.0,99.0,26.0,26.0,502,265.0,52.79,Urban: Nearer to a major town or city,MK42 9AD,East of England,822,Bedford,505041.0,249345.0,E02003630,E01034420,1,0,0,0,0,0,26.03,7.68,58.35,7.94,E01034420,E01017473,E01017473,5.0,5.0,454.0,3.0
139160.0,4085.0,Mark Rutherford School,32.0,281.0,73.0,26.0,1296,639.0,49.31,Urban: Nearer to a major town or city,MK41 8PX,East of England,822,Bedford,507184.0,252374.0,E02003621,E01017533,1,0,0,0,0,0,12.25,4.8,79.26,3.68,E01017533,E01017533,E01017533,9.0,5.0,658.0,4.0
109690.0,4124.0,Biddenham International School and Sports College,25.0,184.0,49.0,27.0,1055,510.0,48.34,Urban: Nearer to a major town or city,MK40 4AZ,East of England,822,Bedford,502967.0,249781.0,E02003623,E01017460,1,0,0,0,0,0,14.07,4.07,74.11,7.75,E01017460,E01017460,E01017460,9.0,3.0,1117.0,6.0
139517.0,4605.0,St Thomas More Catholic School,41.0,194.0,32.0,17.0,1034,532.0,51.45,Urban: Nearer to a major town or city,MK41 7UL,East of England,822,Bedford,505203.0,252614.0,E02003620,E01017453,1,0,0,0,0,0,8.52,9.77,75.11,6.61,E01017453,E01017453,E01017453,3.0,9.0,597.0,3.0
136470.0,5402.0,Sharnbrook Academy,47.0,398.0,46.0,12.0,1983,995.0,50.18,Larger rural: Nearer to a major town or city,MK44 1JL,East of England,822,Bedford,498653.0,259315.0,E02003616,E01017545,0,0,1,0,0,0,2.41,1.52,92.77,3.31,E01017545,E01017545,E01017545,8.0,3.0,1351.0,7.0
137522.0,5406.0,Wootton Upper School,44.0,290.0,42.0,15.0,885,434.0,49.04,Smaller rural: Nearer to a major town or city,MK43 9HT,East of England,822,Bedford,500055.0,245115.0,E02003635,E01034425,0,0,0,0,1,0,6.0,3.29,86.15,4.56,E01034425,E01017551,E01017551,6.0,3.0,1893.0,9.0
136085.0,6905.0,Bedford Academy,28.0,210.0,73.0,35.0,1173,587.0,50.04,Urban: Nearer to a major town or city,MK42 9TR,East of England,822,Bedford,506020.0,247833.0,E02003630,E01017476,1,0,0,0,0,0,26.03,7.68,58.35,7.94,E01017476,E01017476,E01017476,5.0,5.0,1173.0,6.0
142387.0,4004.0,Kempston Challenger Academy,24.0,144.0,45.0,31.0,525,275.0,52.38,Urban: Nearer to a major town or city,MK42 7EB,East of England,822,Bedford,502194.0,246782.0,E02003633,E01017515,1,0,0,0,0,0,12.07,6.73,76.11,5.09,E01017515,E01017515,E01017515,3.0,7.0,1390.0,7.0
144595.0,4005.0,Wixams Academy,,,,,226,99.0,43.81,Larger rural: Nearer to a major town or city,MK42 6BA,East of England,822,Bedford,505015.0,244336.0,E02007011,E01034433,0,0,1,0,0,0,9.43,4.61,79.05,6.9,E01034433,E01017548,E01017548,6.0,4.0,,
138571.0,4002.0,Queensbury Academy,22.0,131.0,28.0,21.0,1046,501.0,47.9,Urban: Nearer to a major town or city,LU6 3BU,East of England,823,Central Bedfordshire,501408.0,220987.0,E02003647,E01017565,1,0,0,0,0,0,2.73,1.2,93.01,3.06,E01017565,E01017565,E01017565,8.0,4.0,739.0,4.0
137462.0,4011.0,Cedars Upper School,50.0,289.0,34.0,12.0,1105,553.0,50.05,Urban: Nearer to a major town or city,LU7 2AE,East of England,823,Central Bedfordshire,491305.0,224002.0,E02003640,E01017591,1,0,0,0,0,0,2.07,1.43,92.08,4.42,E01017591,E01017591,E01017591,7.0,4.0,1117.0,6.0
109669.0,4078.0,Sandy Secondary School,39.0,143.0,28.0,20.0,731,363.0,49.66,Urban: Nearer to a major town or city,SG19 1BL,East of England,823,Central Bedfordshire,517109.0,250216.0,E02003599,E01017433,1,0,0,0,0,0,4.11,1.87,91.53,2.49,E01017433,E01017433,E01017433,3.0,8.0,1653.0,8.0
137948.0,4079.0,Samuel Whitbread Academy,48.0,400.0,49.0,12.0,1669,783.0,46.91,Urban: Nearer to a major town or city,SG17 5QS,East of England,823,Central Bedfordshire,515448.0,238938.0,E02003611,E01017392,1,0,0,0,0,0,2.35,0.48,93.38,3.79,E01017392,E01017392,E01017392,10.0,3.0,903.0,5.0
137941.0,4083.0,Harlington Upper School,57.0,298.0,36.0,12.0,1158,573.0,49.48,Larger rural: Nearer to a major town or city,LU5 6NX,East of England,823,Central Bedfordshire,504006.0,230993.0,E02003615,E01017409,0,0,1,0,0,0,3.2,0.66,94.51,1.64,E01017409,E01017409,E01017409,8.0,2.0,950.0,5.0
137169.0,4096.0,Vandyke Upper School,52.0,184.0,34.0,19.0,930,461.0,49.57,Urban: Nearer to a major town or city,LU7 3DY,East of England,823,Central Bedfordshire,493278.0,226276.0,E02003638,E01017603,1,0,0,0,0,0,0.95,0.81,95.33,2.91,E01017603,E01017603,E01017603,9.0,6.0,846.0,5.0
136559.0,4003.0,Redborne Upper School and Community College,45.0,390.0,36.0,9.0,1644,824.0,50.12,Urban: Nearer to a major town or city,MK45 2NU,East of England,823,Central Bedfordshire,503215.0,236706.0,E02003610,E01017373,1,0,0,0,0,0,1.59,0.69,95.02,2.71,E01017373,E01017373,E01017373,9.0,4.0,739.0,4.0
137886.0,4005.0,Stratton Upper School,32.0,271.0,54.0,20.0,975,502.0,51.49,Urban: Nearer to a major town or city,SG18 8JB,East of England,823,Central Bedfordshire,519989.0,244587.0,E02003604,E01033808,1,0,0,0,0,0,6.32,1.65,87.82,4.21,E01033808,E01017389,E01017389,7.0,3.0,1117.0,6.0
144342.0,4010.0,Manshead CofE Academy,30.0,198.0,30.0,15.0,984,479.0,48.68,Urban: Nearer to a major town or city,LU1 4BB,East of England,823,Central Bedfordshire,503586.0,220560.0,E02003651,E01017562,1,0,0,0,0,0,8.05,2.95,83.25,5.74,E01017562,E01017562,E01017562,4.0,7.0,,
135946.0,6905.0,All Saints Academy Dunstable,17.0,122.0,37.0,30.0,689,358.0,51.96,Urban: Nearer to a major town or city,LU5 5AB,East of England,823,Central Bedfordshire,501272.0,222973.0,E02003644,E01017578,1,0,0,0,0,0,7.12,5.19,82.34,5.36,E01017578,E01017578,E01017578,7.0,9.0,521.0,3.0
110484.0,4004.0,Buckingham School,29.0,153.0,20.0,13.0,1013,504.0,49.75,Urban: Nearer to a major town or city,MK18 1AT,South East,825,Buckinghamshire,469857.0,233403.0,E02003652,E01017649,1,0,0,0,0,0,5.75,2.87,86.47,4.91,E01017649,E01017649,E01017649,6.0,3.0,675.0,4.0
110488.0,4034.0,The Grange School,33.0,233.0,39.0,17.0,1326,640.0,48.27,Urban: Nearer to a major town or city,HP21 7NH,South East,825,Buckinghamshire,482890.0,212964.0,E02003668,E01017637,1,0,0,0,0,0,8.19,1.27,85.85,4.69,E01017637,E01017637,E01017637,10.0,8.0,239.0,2.0
138058.0,4070.0,Holmer Green Senior School,49.0,150.0,24.0,16.0,892,408.0,45.74,Urban: Nearer to a major town or city,HP15 6SP,South East,825,Buckinghamshire,490146.0,197121.0,E02006823,E01017774,1,0,0,0,0,0,5.78,0.38,91.79,2.05,E01017774,E01017774,E01017774,10.0,1.0,547.0,3.0
110500.0,4072.0,Cressex Community School,44.0,145.0,51.0,35.0,753,389.0,51.66,Urban: Nearer to a major town or city,HP12 4QA,South East,825,Buckinghamshire,484260.0,191364.0,E02003712,E01017845,1,0,0,0,0,0,19.27,9.91,62.49,8.33,E01017845,E01017845,E01017845,7.0,6.0,1089.0,6.0
137343.0,4095.0,Amersham School,60.0,127.0,15.0,12.0,881,429.0,48.69,Urban: Nearer to a major town or city,HP7 9HH,South East,825,Buckinghamshire,497338.0,197463.0,E02003682,E01017740,1,0,0,0,0,0,19.62,0.68,74.49,5.21,E01017740,E01017740,E01017740,10.0,1.0,1298.0,6.0
137355.0,5408.0,Waddesdon Church of England School,56.0,140.0,8.0,6.0,971,500.0,51.49,Larger rural: Nearer to a major town or city,HP18 0LQ,South East,825,Buckinghamshire,474407.0,216576.0,E02003659,E01017719,0,0,1,0,0,0,3.37,1.2,93.49,1.93,E01017719,E01017719,E01017719,9.0,6.0,1893.0,9.0
136964.0,5409.0,Great Marlow School,39.0,201.0,22.0,11.0,1328,632.0,47.59,Urban: Nearer to a major town or city,SL7 1JE,South East,825,Buckinghamshire,485669.0,187545.0,E02003717,E01017889,1,0,0,0,0,0,4.81,1.76,88.41,5.02,E01017889,E01017889,E01017889,4.0,4.0,302.0,2.0
137280.0,4000.0,Chiltern Hills Academy,45.0,135.0,33.0,24.0,910,472.0,51.87,Urban: Nearer to a major town or city,HP5 2RG,South East,825,Buckinghamshire,495275.0,202063.0,E02003677,E01017747,1,0,0,0,0,0,21.97,1.39,70.91,5.74,E01017747,E01017747,E01017747,8.0,2.0,903.0,5.0
136858.0,4001.0,The Highcrest Academy,31.0,150.0,58.0,39.0,967,483.0,49.95,Urban: Nearer to a major town or city,HP13 7NQ,South East,825,Buckinghamshire,488304.0,193061.0,E02003706,E01017926,1,0,0,0,0,0,17.73,10.58,61.72,9.97,E01017926,E01017926,E01017926,3.0,3.0,518.0,3.0
139434.0,4003.0,Buckinghamshire UTC,17.0,75.0,22.0,29.0,185,20.0,10.81,Urban: Nearer to a major town or city,HP21 8PB,South East,825,Buckinghamshire,480998.0,213414.0,E02003669,E01017712,1,0,0,0,0,0,29.61,6.11,57.3,6.98,E01017712,E01017712,E01017712,4.0,4.0,269.0,2.0
139663.0,4005.0,Sir Thomas Fremantle School,37.0,82.0,9.0,11.0,509,263.0,51.67,Larger rural: Nearer to a major town or city,MK18 3GH,South East,825,Buckinghamshire,476375.0,228406.0,E02003656,E01017736,0,0,1,0,0,0,1.58,0.53,94.53,3.36,E01017736,E01017736,E01017736,6.0,5.0,1351.0,7.0
137261.0,4044.0,John Colet School,45.0,161.0,19.0,12.0,1022,506.0,49.51,Larger rural: Nearer to a major town or city,HP22 6HF,South East,825,Buckinghamshire,487087.0,208299.0,E02003675,E01017730,0,0,1,0,0,0,3.14,1.63,91.66,3.58,E01017730,E01017730,E01017730,7.0,5.0,577.0,3.0
139367.0,4082.0,The Beaconsfield School,29.0,144.0,31.0,22.0,832,440.0,52.88,Urban: Nearer to a major town or city,HP9 1SJ,South East,825,Buckinghamshire,494251.0,190217.0,E02003688,E01017799,1,0,0,0,0,0,10.71,1.1,83.18,5.01,E01017799,E01017799,E01017799,9.0,3.0,515.0,3.0
137215.0,5403.0,The Chalfonts Community College,42.0,251.0,39.0,16.0,1481,752.0,50.78,Urban: Nearer to a major town or city,SL9 8TP,South East,825,Buckinghamshire,499104.0,191079.0,E02003687,E01017767,1,0,0,0,0,0,7.65,0.29,87.05,5.0,E01017767,E01017767,E01017767,8.0,6.0,846.0,5.0
110533.0,5407.0,The Cottesloe School,39.0,175.0,29.0,17.0,1069,554.0,51.82,Larger rural: Nearer to a major town or city,LU7 0NY,South East,825,Buckinghamshire,488071.0,222310.0,E02003658,E01017732,0,0,1,0,0,0,2.31,1.46,94.22,2.01,E01017732,E01017732,E01017732,9.0,6.0,1893.0,9.0
138439.0,4002.0,Sir Herbert Leon Academy,16.0,96.0,44.0,46.0,619,303.0,48.95,Urban: Nearer to a major town or city,MK2 3HQ,South East,826,Milton Keynes,487516.0,232076.0,E02003490,E01034454,1,0,0,0,0,0,6.34,20.86,67.35,5.45,E01034454,E01016743,E01016743,2.0,7.0,1495.0,7.0
137052.0,4018.0,Ousedale School,52.0,359.0,48.0,13.0,2179,1068.0,49.01,Urban: Nearer to a major town or city,MK16 0BJ,South East,826,Milton Keynes,486761.0,243164.0,E02003461,E01016787,1,0,0,0,0,0,3.45,3.92,89.01,3.62,E01016787,E01016787,E01016787,4.0,10.0,739.0,4.0
136730.0,4097.0,Shenley Brook End School,49.0,233.0,36.0,16.0,1689,841.0,49.79,Urban: Nearer to a major town or city,MK5 7ZT,South East,826,Milton Keynes,483160.0,235011.0,E02003483,E01016753,1,0,0,0,0,0,16.33,11.41,65.94,6.31,E01016753,E01016753,E01016753,6.0,3.0,1653.0,8.0
110517.0,4702.0,St Paul's Catholic School,40.0,278.0,71.0,26.0,1793,879.0,49.02,Urban: Nearer to a major town or city,MK6 5EN,South East,826,Milton Keynes,485623.0,237130.0,E02003479,E01016847,1,0,0,0,0,0,9.57,16.22,65.67,8.55,E01016847,E01016847,E01016847,2.0,9.0,788.0,4.0
136844.0,4704.0,The Hazeley Academy,47.0,239.0,44.0,18.0,1491,730.0,48.96,Urban: Nearer to a major town or city,MK8 0PT,South East,826,Milton Keynes,481650.0,236327.0,E02007015,E01033522,1,0,0,0,0,0,12.59,15.02,65.84,6.56,E01033522,E01033522,E01033522,6.0,4.0,1495.0,7.0
135665.0,6905.0,The Milton Keynes Academy,26.0,212.0,104.0,49.0,1208,623.0,51.57,Urban: Nearer to a major town or city,MK6 5LA,South East,826,Milton Keynes,485783.0,237375.0,E02003476,E01016848,1,0,0,0,0,0,14.62,12.26,67.23,5.89,E01016848,E01016848,E01016848,4.0,10.0,568.0,3.0
136842.0,4000.0,Walton High,35.0,277.0,63.0,23.0,2065,1031.0,49.93,Urban: Nearer to a major town or city,MK7 7WH,South East,826,Milton Keynes,490091.0,236608.0,E02003480,E01016822,1,0,0,0,0,0,5.78,10.46,77.73,6.03,E01016822,E01016822,E01016822,3.0,4.0,1203.0,6.0
110532.0,5406.0,The Radcliffe School,42.0,208.0,69.0,33.0,1190,569.0,47.82,Urban: Nearer to a major town or city,MK12 5BT,South East,826,Milton Keynes,480805.0,240797.0,E02003468,E01034450,1,0,0,0,0,0,8.81,7.68,75.12,8.39,E01034450,E01016840,E01016840,6.0,2.0,402.0,3.0
136468.0,5410.0,Denbigh School,61.0,190.0,24.0,13.0,1697,847.0,49.91,Urban: Nearer to a major town or city,MK5 6EX,South East,826,Milton Keynes,483107.0,236985.0,E02003478,E01016778,1,0,0,0,0,0,19.71,5.23,67.7,7.36,E01016778,E01016778,E01016778,8.0,1.0,717.0,4.0
136505.0,5401.0,The Ecclesbourne School,72.0,209.0,11.0,5.0,1489,743.0,49.9,Larger rural: Nearer to a major town or city,DE56 4GS,East Midlands,830,Derbyshire,434267.0,343283.0,E02004044,E01019425,0,0,1,0,0,0,4.48,0.18,92.3,3.03,E01019425,E01019425,E01019425,10.0,2.0,1893.0,9.0
142741.0,4000.0,Swanwick Hall School,31.0,194.0,46.0,24.0,1118,543.0,48.57,Urban: Nearer to a major town or city,DE55 1AE,East Midlands,830,Derbyshire,440511.0,353058.0,E02004032,E01019476,1,0,0,0,0,0,0.23,0.15,98.94,0.68,E01019476,E01019476,E01019476,10.0,6.0,1893.0,9.0
137109.0,4002.0,Ormiston Ilkeston Enterprise Academy,28.0,114.0,52.0,46.0,720,362.0,50.28,Urban: Nearer to a major town or city,DE7 5HS,East Midlands,830,Derbyshire,446044.0,341827.0,E02004080,E01019672,1,0,0,0,0,0,2.67,0.34,94.32,2.67,E01019672,E01019672,E01019672,2.0,10.0,846.0,5.0
141377.0,4004.0,Outwood Academy Newbold,50.0,125.0,42.0,34.0,937,447.0,47.71,Urban: Nearer to a major town or city,S41 8BA,East Midlands,830,Derbyshire,437714.0,372942.0,E02004061,E01019570,1,0,0,0,0,0,1.71,0.39,95.19,2.72,E01019570,E01019570,E01019570,2.0,10.0,1893.0,9.0
142042.0,4005.0,St Philip Howard Catholic Voluntary Academy,32.0,85.0,28.0,33.0,477,238.0,49.9,Urban: Nearer to a major town or city,SK13 8DR,East Midlands,830,Derbyshire,402942.0,393906.0,E02004095,E01019738,1,0,0,0,0,0,0.61,0.68,94.81,3.89,E01019738,E01019738,E01019738,6.0,7.0,1893.0,9.0
144391.0,4007.0,Heritage High School,33.0,148.0,52.0,35.0,806,379.0,47.02,Larger rural: Nearer to a major town or city,S43 4QG,East Midlands,830,Derbyshire,448755.0,375888.0,E02004045,E01019491,0,0,1,0,0,0,1.06,0.21,97.66,1.06,E01019491,E01019491,E01019491,4.0,9.0,,
112932.0,4019.0,Chapel-en-le-Frith High School,41.0,181.0,36.0,20.0,944,424.0,44.92,Larger rural: Further from a major town or city,SK23 0TQ,East Midlands,830,Derbyshire,405276.0,380188.0,E02006872,E01019721,0,0,0,1,0,0,0.61,0.13,98.25,1.01,E01019721,E01019721,E01019721,7.0,7.0,1893.0,9.0
136716.0,4052.0,The Long Eaton School,36.0,198.0,51.0,26.0,1090,530.0,48.62,Urban: Nearer to a major town or city,NG10 3NP,East Midlands,830,Derbyshire,448096.0,332989.0,E02004092,E01019709,1,0,0,0,0,0,1.98,0.69,93.05,4.27,E01019709,E01019709,E01019709,1.0,9.0,1893.0,9.0
112936.0,4057.0,New Mills School,37.0,82.0,28.0,34.0,524,251.0,47.9,Urban: Nearer to a major town or city,SK22 4NR,East Midlands,830,Derbyshire,400361.0,385556.0,E02004097,E01019748,1,0,0,0,0,0,0.2,0.07,98.37,1.36,E01019748,E01019748,E01019748,7.0,4.0,1893.0,9.0
142710.0,4172.0,John Flamsteed Community School,42.0,108.0,23.0,21.0,682,354.0,51.91,Smaller rural: Nearer to a major town or city,DE5 8NP,East Midlands,830,Derbyshire,438492.0,346804.0,E02004043,E01019448,0,0,0,0,1,0,0.55,0.0,98.01,1.44,E01019448,E01019448,E01019448,6.0,7.0,1893.0,9.0
112949.0,4173.0,Tibshelf Community School,41.0,168.0,50.0,30.0,879,413.0,46.99,Smaller rural: Nearer to a major town or city,DE55 5LZ,East Midlands,830,Derbyshire,443405.0,360461.0,E02004052,E01019520,0,0,0,0,1,0,2.04,0.46,96.06,1.44,E01019520,E01019520,E01019520,5.0,8.0,1893.0,9.0
112958.0,4192.0,Whittington Green School,30.0,61.0,24.0,39.0,335,164.0,48.96,Urban: Nearer to a major town or city,S41 9LG,East Midlands,830,Derbyshire,438941.0,375212.0,E02004055,E01019528,1,0,0,0,0,0,1.02,0.14,97.75,1.09,E01019528,E01019528,E01019528,7.0,9.0,1893.0,9.0
136548.0,4196.0,Brookfield Community School,41.0,178.0,29.0,16.0,1130,539.0,47.7,Urban: Nearer to a major town or city,S40 3NS,East Midlands,830,Derbyshire,435441.0,370671.0,E02004065,E01019592,1,0,0,0,0,0,1.63,0.6,96.21,1.57,E01019592,E01019592,E01019592,10.0,9.0,1893.0,9.0
138836.0,4197.0,The Bolsover School,42.0,152.0,44.0,29.0,810,427.0,52.72,Urban: Nearer to a major town or city,S44 6XA,East Midlands,830,Derbyshire,448399.0,370232.0,E02004048,E01019485,1,0,0,0,0,0,0.08,0.0,99.16,0.77,E01019485,E01019485,E01019485,5.0,10.0,1893.0,9.0
136972.0,4500.0,Queen Elizabeth's Grammar School,55.0,204.0,26.0,13.0,1312,675.0,51.45,Larger rural: Nearer to a major town or city,DE6 1EP,East Midlands,830,Derbyshire,418251.0,347224.0,E02004076,E01019594,0,0,1,0,0,0,0.5,0.28,97.33,1.89,E01019594,E01019594,E01019594,6.0,6.0,1117.0,6.0
112969.0,4509.0,Dronfield Henry Fanshawe School,59.0,289.0,37.0,13.0,1804,913.0,50.61,Urban: Nearer to a major town or city,S18 2FZ,East Midlands,830,Derbyshire,435660.0,378413.0,E02004108,E01019782,1,0,0,0,0,0,1.91,0.51,95.22,2.35,E01019782,E01019782,E01019782,7.0,9.0,987.0,5.0
137902.0,5400.0,Netherthorpe School,44.0,167.0,44.0,26.0,1179,609.0,51.65,Urban: Nearer to a major town or city,S43 3PU,East Midlands,830,Derbyshire,444034.0,374658.0,E02004056,E01019565,1,0,0,0,0,0,1.46,1.32,95.98,1.24,E01019565,E01019565,E01019565,1.0,10.0,1893.0,9.0
112989.0,5404.0,Belper School and Sixth Form Centre,50.0,215.0,32.0,15.0,1203,597.0,49.63,Urban: Nearer to a major town or city,DE56 0DA,East Midlands,830,Derbyshire,436500.0,347830.0,E02004039,E01019411,1,0,0,0,0,0,1.52,0.72,95.66,2.1,E01019411,E01019411,E01019411,8.0,7.0,1893.0,9.0
137606.0,5408.0,Heanor Gate Science College,44.0,230.0,46.0,20.0,1331,679.0,51.01,Urban: Nearer to a major town or city,DE75 7RA,East Midlands,830,Derbyshire,442304.0,346155.0,E02004040,E01019464,1,0,0,0,0,0,0.59,0.08,98.36,0.98,E01019464,E01019464,E01019464,10.0,8.0,1893.0,9.0
112996.0,5411.0,Lady Manners School,56.0,227.0,24.0,11.0,1309,676.0,51.64,Larger rural: Nearer to a major town or city,DE45 1JA,East Midlands,830,Derbyshire,421229.0,367709.0,E02007029,E01019599,0,0,1,0,0,0,0.44,0.0,98.31,1.25,E01019599,E01019599,E01019599,8.0,3.0,1495.0,7.0
138470.0,5413.0,"St Mary's Catholic High School, A Catholic Voluntary Academy",57.0,195.0,40.0,21.0,1286,696.0,54.12,Urban: Nearer to a major town or city,S41 8AG,East Midlands,830,Derbyshire,436585.0,373056.0,E02004058,E01019541,1,0,0,0,0,0,1.78,0.79,94.25,3.17,E01019541,E01019541,E01019541,3.0,10.0,1893.0,9.0
137908.0,5415.0,Saint John Houghton Catholic Voluntary Academy,59.0,118.0,24.0,20.0,654,333.0,50.92,Urban: Nearer to a major town or city,DE7 4HX,East Midlands,830,Derbyshire,445172.0,340919.0,E02004084,E01019669,1,0,0,0,0,0,0.14,0.34,98.29,1.23,E01019669,E01019669,E01019669,4.0,9.0,1351.0,7.0
141259.0,5416.0,The Ripley Academy,46.0,111.0,39.0,35.0,668,341.0,51.05,Urban: Nearer to a major town or city,DE5 3JQ,East Midlands,830,Derbyshire,440817.0,349915.0,E02004033,E01019457,1,0,0,0,0,0,0.28,0.07,98.51,1.14,E01019457,E01019457,E01019457,7.0,7.0,1893.0,9.0
136127.0,6905.0,Shirebrook Academy,40.0,149.0,61.0,41.0,828,417.0,50.36,Urban: Nearer to a major town or city,NG20 8QF,East Midlands,830,Derbyshire,451648.0,368369.0,E02004050,E01019509,1,0,0,0,0,0,0.37,0.0,97.63,2.0,E01019509,E01019509,E01019509,1.0,10.0,1893.0,9.0
142405.0,4006.0,David Nieper Academy,23.0,78.0,39.0,50.0,472,248.0,52.54,Urban: Nearer to a major town or city,DE55 7JA,East Midlands,830,Derbyshire,441342.0,355405.0,E02004029,E01019404,1,0,0,0,0,0,1.82,0.3,96.82,1.06,E01019404,E01019404,E01019404,3.0,8.0,1893.0,9.0
143934.0,4006.0,Lees Brook Community School,39.0,203.0,45.0,22.0,1138,544.0,47.8,Urban: Nearer to a major town or city,DE21 4QX,East Midlands,831,Derby,438868.0,337555.0,E02002801,E01013506,1,0,0,0,0,0,1.73,0.93,95.35,1.99,E01013506,E01013506,E01013506,4.0,6.0,,
144066.0,4007.0,Da Vinci Academy,22.0,94.0,42.0,45.0,570,277.0,48.6,Urban: Nearer to a major town or city,DE21 4ET,East Midlands,831,Derby,437220.0,338372.0,E02002799,E01013532,1,0,0,0,0,0,4.64,1.59,90.66,3.11,E01013532,E01013532,E01013532,4.0,7.0,,
145132.0,4008.0,City of Derby Academy,17.0,156.0,59.0,38.0,911,438.0,48.08,Urban: Nearer to a major town or city,DE24 3AR,East Midlands,831,Derby,434250.0,330962.0,E02002824,E01013588,1,0,0,0,0,0,23.39,5.24,60.51,10.86,E01013588,E01013588,E01013588,3.0,8.0,,
138622.0,4607.0,"Saint Benedict, A Catholic Voluntary Academy",36.0,222.0,68.0,31.0,1333,702.0,52.66,Urban: Nearer to a major town or city,DE22 1JD,East Midlands,831,Derby,434643.0,338558.0,E02002800,E01013527,1,0,0,0,0,0,1.99,0.58,94.66,2.77,E01013527,E01013527,E01013527,10.0,4.0,521.0,3.0
112991.0,5406.0,Murray Park Community School,29.0,140.0,43.0,31.0,915,438.0,47.87,Urban: Nearer to a major town or city,DE3 9LL,East Midlands,831,Derby,431642.0,335735.0,E02002810,E01013558,1,0,0,0,0,0,16.31,5.68,72.06,5.95,E01013558,E01013558,E01013558,5.0,2.0,987.0,5.0
136634.0,5412.0,West Park School,42.0,249.0,57.0,23.0,1321,625.0,47.31,Urban: Nearer to a major town or city,DE21 7BT,East Midlands,831,Derby,439572.0,336201.0,E02002805,E01013596,1,0,0,0,0,0,0.33,0.8,97.95,0.93,E01013596,E01013596,E01013596,10.0,4.0,1241.0,6.0
137911.0,5414.0,Allestree Woodlands School,45.0,222.0,42.0,19.0,1346,693.0,51.49,Urban: Nearer to a major town or city,DE22 2LW,East Midlands,831,Derby,433675.0,339770.0,E02002797,E01013465,1,0,0,0,0,0,2.05,0.68,94.67,2.6,E01013465,E01013465,E01013465,9.0,3.0,950.0,5.0
135120.0,6905.0,Landau Forte College,59.0,159.0,42.0,26.0,1100,545.0,49.55,Urban: Nearer to a major town or city,DE1 2LF,East Midlands,831,Derby,435517.0,336767.0,E02002803,E01013523,1,0,0,0,0,0,5.44,4.88,83.58,6.1,E01013523,E01013523,E01013523,3.0,10.0,339.0,2.0
143853.0,4005.0,Noel-Baker Academy,20.0,197.0,78.0,40.0,1108,569.0,51.35,Urban: Nearer to a major town or city,DE24 0BR,East Midlands,831,Derby,437848.0,331863.0,E02002823,E01013499,1,0,0,0,0,0,7.65,2.33,85.8,4.22,E01013499,E01013499,E01013499,3.0,8.0,,
112956.0,4182.0,Littleover Community School,61.0,294.0,37.0,13.0,1813,887.0,48.92,Urban: Nearer to a major town or city,DE23 4BZ,East Midlands,831,Derby,432007.0,333693.0,E02002816,E01013544,1,0,0,0,0,0,35.34,3.25,51.94,9.47,E01013544,E01013544,E01013544,9.0,1.0,1653.0,8.0
139376.0,4001.0,The Swanage School,39.0,52.0,16.0,31.0,310,152.0,49.03,Larger rural: Further from a major town or city,BH19 2PH,South West,838,Dorset,401210.0,79026.0,E02004268,E01020480,0,0,0,1,0,0,0.41,0.18,98.06,1.36,E01020480,E01020480,E01020480,5.0,9.0,1495.0,7.0
141735.0,4002.0,The Sir John Colfox Academy,43.0,126.0,20.0,16.0,849,422.0,49.71,Urban: Further from a major town or city,DT6 3DT,South West,838,Dorset,347376.0,94417.0,E02004274,E01020498,0,1,0,0,0,0,0.68,0.1,98.59,0.63,E01020498,E01020498,E01020498,6.0,6.0,1390.0,7.0
113854.0,4022.0,Ferndown Upper School,39.0,167.0,28.0,17.0,789,411.0,52.09,Urban: Nearer to a major town or city,BH22 9EY,South West,838,Dorset,406976.0,100735.0,E02004251,E01020408,1,0,0,0,0,0,0.71,0.35,98.14,0.8,E01020408,E01020408,E01020408,6.0,5.0,675.0,4.0
113863.0,4035.0,Lytchett Minster School,44.0,225.0,40.0,18.0,1454,745.0,51.24,Smaller rural: Nearer to a major town or city,BH16 6JD,South West,838,Dorset,395957.0,93504.0,E02004264,E01020474,0,0,0,0,1,0,0.26,0.16,98.86,0.73,E01020474,E01020474,E01020474,6.0,5.0,1893.0,9.0
113882.0,4503.0,Gillingham School,42.0,270.0,38.0,14.0,1736,887.0,51.09,Urban: Further from a major town or city,SP8 4QP,South West,838,Dorset,381291.0,126572.0,E02004255,E01020443,0,1,0,0,0,0,1.87,0.17,96.31,1.66,E01020443,E01020443,E01020443,5.0,6.0,1390.0,7.0
141526.0,4504.0,Queen Elizabeth's School,41.0,405.0,56.0,14.0,1572,783.0,49.81,Urban: Nearer to a major town or city,BH21 4DT,South West,838,Dorset,399855.0,100731.0,E02004247,E01020410,1,0,0,0,0,0,0.4,0.16,97.78,1.67,E01020410,E01020410,E01020410,8.0,3.0,1298.0,6.0
113888.0,4510.0,The Blandford School,45.0,153.0,29.0,19.0,1003,466.0,46.46,Urban: Nearer to a major town or city,DT11 7SQ,South West,838,Dorset,388144.0,106922.0,E02004261,E01020438,1,0,0,0,0,0,2.44,0.59,94.96,2.0,E01020438,E01020438,E01020438,6.0,7.0,788.0,4.0
140898.0,4511.0,Shaftesbury School,28.0,164.0,30.0,18.0,979,493.0,50.36,Larger rural: Further from a major town or city,SP7 8ER,South West,838,Dorset,386850.0,122548.0,E02004257,E01034375,0,0,0,1,0,0,1.81,0.19,96.96,1.03,E01034375,E01020455,E01020455,4.0,2.0,987.0,5.0
138471.0,4512.0,The Gryphon School,43.0,233.0,39.0,17.0,1555,812.0,52.22,Urban: Further from a major town or city,DT9 4EQ,South West,838,Dorset,363910.0,117845.0,E02004269,E01020543,0,1,0,0,0,0,3.85,0.41,94.02,1.72,E01020543,E01020543,E01020543,2.0,5.0,846.0,5.0
113901.0,5401.0,The Woodroffe School,65.0,164.0,20.0,12.0,1058,560.0,52.93,Larger rural: Further from a major town or city,DT7 3LX,South West,838,Dorset,333129.0,92724.0,E02004273,E01020532,0,0,0,1,0,0,0.76,0.13,98.17,0.94,E01020532,E01020532,E01020532,4.0,4.0,846.0,5.0
140977.0,4003.0,Dorset Studio School,10.0,42.0,10.0,24.0,189,101.0,53.44,Smaller rural: Nearer to a major town or city,DT2 8PX,South West,838,Dorset,371543.0,91045.0,E02004272,E01020509,0,0,0,0,1,0,1.2,0.21,96.93,1.66,E01020509,E01020509,E01020509,8.0,3.0,1495.0,7.0
113884.0,4505.0,Beaminster School,40.0,114.0,16.0,14.0,674,337.0,50.0,Smaller rural: Further from a major town or city,DT8 3EP,South West,838,Dorset,347892.0,101937.0,E02004271,E01020495,0,0,0,0,0,1,1.01,0.14,97.63,1.22,E01020495,E01020495,E01020495,6.0,5.0,1495.0,7.0
137163.0,4615.0,The Thomas Hardye School,54.0,450.0,59.0,13.0,2084,1065.0,51.1,Urban: Further from a major town or city,DT1 2ET,South West,838,Dorset,368059.0,89960.0,E02007007,E01020526,0,1,0,0,0,0,1.74,1.28,95.32,1.66,E01020526,E01020526,E01020526,7.0,6.0,597.0,3.0
139711.0,4001.0,Magna Academy,46.0,123.0,29.0,24.0,838,419.0,50.0,Urban: Nearer to a major town or city,BH17 8RE,South West,839,"Bournemouth, Christchurch and Poole",402452.0,94340.0,E02003198,E01015407,1,0,0,0,0,0,3.51,0.4,93.45,2.65,E01015407,E01015407,E01015407,7.0,6.0,1893.0,9.0
139258.0,4003.0,Carter Community School,23.0,69.0,24.0,35.0,354,176.0,49.72,Urban: Nearer to a major town or city,BH15 4BQ,South West,839,"Bournemouth, Christchurch and Poole",399896.0,90647.0,E02003209,E01034283,1,0,0,0,0,0,3.15,1.05,93.43,2.37,E01034283,E01015423,E01015423,3.0,8.0,1893.0,9.0
140007.0,4004.0,Winton Academy,59.0,113.0,17.0,15.0,835,,,Urban: Nearer to a major town or city,BH10 4HT,South West,839,"Bournemouth, Christchurch and Poole",407781.0,94180.0,E02003183,E01015360,1,0,0,0,0,0,3.19,1.6,90.27,4.94,E01015360,E01015360,E01015360,8.0,2.0,1653.0,8.0
140008.0,4005.0,Glenmoor Academy,68.0,101.0,19.0,19.0,781,781.0,100.0,Urban: Nearer to a major town or city,BH10 4EX,South West,839,"Bournemouth, Christchurch and Poole",407873.0,94225.0,E02003178,E01015358,1,0,0,0,0,0,3.17,1.22,90.79,4.82,E01015358,E01015358,E01015358,5.0,6.0,1653.0,8.0
141378.0,4006.0,The Grange School,34.0,111.0,43.0,39.0,446,200.0,44.84,Urban: Nearer to a major town or city,BH23 3AU,South West,839,"Bournemouth, Christchurch and Poole",417333.0,93508.0,E02004240,E01020348,1,0,0,0,0,0,2.3,0.36,94.55,2.79,E01020348,E01020348,E01020348,1.0,7.0,1495.0,7.0
136649.0,4177.0,Twynham School,49.0,242.0,28.0,12.0,1749,867.0,49.57,Urban: Nearer to a major town or city,BH23 1JF,South West,839,"Bournemouth, Christchurch and Poole",415417.0,92667.0,E02004241,E01020367,1,0,0,0,0,0,1.45,0.06,97.43,1.06,E01020367,E01020367,E01020367,7.0,3.0,1653.0,8.0
139037.0,4189.0,Oak Academy,20.0,85.0,37.0,44.0,464,231.0,49.78,Urban: Nearer to a major town or city,BH11 9JJ,South West,839,"Bournemouth, Christchurch and Poole",405718.0,95893.0,E02003176,E01015312,1,0,0,0,0,0,1.52,0.79,94.25,3.44,E01015312,E01015312,E01015312,2.0,10.0,1.0,1.0
113893.0,4610.0,"St Edward's Roman Catholic/Church of England School, Poole",53.0,173.0,14.0,8.0,1064,530.0,49.81,Urban: Nearer to a major town or city,BH15 3HY,South West,839,"Bournemouth, Christchurch and Poole",402913.0,93185.0,E02003204,E01015449,1,0,0,0,0,0,2.53,0.84,94.43,2.19,E01015449,E01015449,E01015449,2.0,9.0,1893.0,9.0
138193.0,5404.0,Avonbourne Girls Academy,34.0,176.0,42.0,24.0,1367,1112.0,81.35,Urban: Nearer to a major town or city,BH7 6NY,South West,839,"Bournemouth, Christchurch and Poole",412266.0,93233.0,E02003182,E01015314,1,0,0,0,0,0,2.57,0.45,93.82,3.15,E01015314,E01015314,E01015314,8.0,3.0,1653.0,8.0
136763.0,5406.0,Highcliffe School,47.0,196.0,24.0,12.0,1420,719.0,50.63,Urban: Nearer to a major town or city,BH23 4QD,South West,839,"Bournemouth, Christchurch and Poole",419713.0,94145.0,E02004239,E01020369,1,0,0,0,0,0,1.17,0.07,96.79,1.97,E01020369,E01020369,E01020369,8.0,4.0,1893.0,9.0
136574.0,5410.0,Corfe Hills School,49.0,249.0,19.0,8.0,942,490.0,52.02,Urban: Nearer to a major town or city,BH18 9BG,South West,839,"Bournemouth, Christchurch and Poole",399673.0,96672.0,E02003196,E01015401,1,0,0,0,0,0,1.79,0.34,97.72,0.14,E01015401,E01015401,E01015401,10.0,5.0,846.0,5.0
136120.0,6905.0,The Bishop of Winchester Academy,41.0,200.0,39.0,20.0,1118,474.0,42.4,Urban: Nearer to a major town or city,BH8 9PW,South West,839,"Bournemouth, Christchurch and Poole",410739.0,94293.0,E02003179,E01015339,1,0,0,0,0,0,5.85,2.24,83.5,8.41,E01015339,E01015339,E01015339,3.0,7.0,1653.0,8.0
136125.0,6906.0,The Bourne Academy,28.0,168.0,61.0,36.0,965,478.0,49.53,Urban: Nearer to a major town or city,BH10 5HS,South West,839,"Bournemouth, Christchurch and Poole",407078.0,95192.0,E02003178,E01015336,1,0,0,0,0,0,3.17,1.22,90.79,4.82,E01015336,E01015336,E01015336,5.0,6.0,1653.0,8.0
136206.0,6907.0,St Aldhelm's Academy,16.0,64.0,25.0,39.0,472,208.0,44.07,Urban: Nearer to a major town or city,BH12 4HS,South West,839,"Bournemouth, Christchurch and Poole",404791.0,93663.0,E02003200,E01015380,1,0,0,0,0,0,1.11,0.67,94.21,4.01,E01015380,E01015380,E01015380,5.0,8.0,1893.0,9.0
138385.0,4000.0,LeAF Studio,21.0,80.0,15.0,19.0,459,223.0,48.58,Urban: Nearer to a major town or city,BH11 9JW,South West,839,"Bournemouth, Christchurch and Poole",405676.0,96174.0,E02003176,E01015312,1,0,0,0,0,0,1.52,0.79,94.25,3.44,E01015312,E01015312,E01015312,2.0,10.0,1653.0,8.0
144496.0,4007.0,Teesdale School and Sixth Form,62.0,74.0,17.0,23.0,572,292.0,51.05,Larger rural: Nearer to a major town or city,DL12 8HH,North East,840,County Durham,405735.0,517242.0,E02007022,E01020853,0,0,1,0,0,0,0.45,0.06,98.82,0.67,E01020853,E01020853,E01020853,8.0,9.0,675.0,4.0
138717.0,4175.0,Woodham Academy,49.0,119.0,34.0,29.0,734,350.0,47.68,Urban: Nearer to a major town or city,DL5 4AX,North East,840,County Durham,428353.0,525844.0,E02004343,E01020831,1,0,0,0,0,0,0.07,0.07,98.81,1.04,E01020831,E01020831,E01020831,4.0,10.0,1298.0,6.0
137696.0,4190.0,Framwellgate School Durham,50.0,141.0,30.0,21.0,1115,534.0,47.89,Urban: Nearer to a major town or city,DH1 5BQ,North East,840,County Durham,426767.0,544778.0,E02004309,E01020711,1,0,0,0,0,0,6.7,1.33,86.34,5.64,E01020711,E01020711,E01020711,4.0,8.0,1117.0,6.0
136745.0,4000.0,North Durham Academy,28.0,176.0,75.0,43.0,868,449.0,51.73,Urban: Nearer to a major town or city,DH9 0TW,North East,840,County Durham,419948.0,553021.0,E02004301,E01020675,1,0,0,0,0,0,0.59,0.06,99.24,0.12,E01020675,E01020675,E01020675,3.0,9.0,822.0,4.0
137638.0,4001.0,Consett Academy,30.0,230.0,84.0,37.0,1408,699.0,49.64,Urban: Nearer to a major town or city,DH8 6LZ,North East,840,County Durham,411098.0,551472.0,E02004303,E01020641,1,0,0,0,0,0,0.37,0.0,98.94,0.69,E01020641,E01020641,E01020641,6.0,9.0,700.0,4.0
142894.0,4006.0,UTC South Durham,24.0,136.0,45.0,33.0,341,59.0,17.3,Urban: Nearer to a major town or city,DL5 6AP,North East,840,County Durham,427393.0,522398.0,E02004344,E01020826,1,0,0,0,0,0,0.13,0.07,99.13,0.67,E01020826,E01020826,E01020826,3.0,9.0,,
136971.0,4047.0,Park View School,40.0,198.0,44.0,22.0,1472,685.0,46.54,Urban: Nearer to a major town or city,DH3 3QA,North East,840,County Durham,427692.0,551263.0,E02004294,E01020595,1,0,0,0,0,0,0.9,0.0,98.32,0.78,E01020595,E01020595,E01020595,9.0,7.0,697.0,4.0
137903.0,4128.0,Parkside Academy,37.0,135.0,54.0,40.0,824,420.0,50.97,Larger rural: Nearer to a major town or city,DL15 0QF,North East,840,County Durham,420078.0,534680.0,E02004351,E01020901,0,0,1,0,0,0,1.29,0.64,97.21,0.86,E01020901,E01020901,E01020901,1.0,10.0,1495.0,7.0
114308.0,4185.0,Belmont Community School,49.0,152.0,48.0,32.0,757,349.0,46.1,Urban: Nearer to a major town or city,DH1 2AG,North East,840,County Durham,430516.0,543344.0,E02004312,E01020682,1,0,0,0,0,0,1.16,0.0,98.5,0.33,E01020682,E01020682,E01020682,9.0,5.0,1298.0,6.0
114312.0,4200.0,Durham Johnston Comprehensive School,64.0,232.0,37.0,16.0,1640,813.0,49.57,Urban: Nearer to a major town or city,DH1 4SU,North East,840,County Durham,426058.0,542805.0,E02004315,E01020712,1,0,0,0,0,0,7.77,0.28,85.42,6.53,E01020712,E01020712,E01020712,10.0,2.0,468.0,3.0
136451.0,4215.0,The Academy at Shotton Hall,48.0,203.0,67.0,33.0,1208,609.0,50.41,Urban: Nearer to a major town or city,SR8 1AU,North East,840,County Durham,441745.0,539599.0,E02004329,E01020779,1,0,0,0,0,0,0.91,0.26,98.24,0.59,E01020779,E01020779,E01020779,9.0,5.0,1495.0,7.0
138075.0,4280.0,Easington Academy,32.0,136.0,54.0,40.0,733,362.0,49.39,Larger rural: Nearer to a major town or city,SR8 3AY,North East,840,County Durham,441650.0,543150.0,E02004324,E01020756,0,0,1,0,0,0,0.31,0.0,98.9,0.8,E01020756,E01020756,E01020756,8.0,7.0,1.0,1.0
137702.0,4681.0,St John's School & Sixth Form College - A Catholic Academy,48.0,208.0,47.0,23.0,1382,701.0,50.72,Urban: Nearer to a major town or city,DL14 6JT,North East,840,County Durham,420026.0,528428.0,E02004353,E01020870,1,0,0,0,0,0,1.0,0.23,98.23,0.54,E01020870,E01020870,E01020870,9.0,6.0,1298.0,6.0
138172.0,4694.0,"St Bede's Catholic Comprehensive School and Sixth Form College, Lanchester",47.0,225.0,32.0,14.0,1385,681.0,49.17,Larger rural: Nearer to a major town or city,DH7 0RD,North East,840,County Durham,416354.0,548207.0,E02004306,E01020665,0,0,1,0,0,0,1.8,0.14,97.05,1.01,E01020665,E01020665,E01020665,4.0,8.0,1653.0,8.0
136770.0,4178.0,King James I Academy Bishop Auckland,35.0,116.0,49.0,42.0,855,432.0,50.53,Urban: Nearer to a major town or city,DL14 7JZ,North East,840,County Durham,421378.0,529547.0,E02004352,E01020868,1,0,0,0,0,0,1.46,0.09,97.59,0.85,E01020868,E01020868,E01020868,3.0,9.0,1117.0,6.0
143845.0,4002.0,Wyvern Academy,24.0,110.0,51.0,46.0,535,254.0,47.48,Urban: Nearer to a major town or city,DL3 9SH,North East,841,Darlington,426190.0,515899.0,E02002564,E01012314,1,0,0,0,0,0,0.58,0.44,98.04,0.95,E01012314,E01012314,E01012314,1.0,10.0,,
136525.0,4221.0,Hurworth School,46.0,135.0,32.0,24.0,687,318.0,46.29,Larger rural: Nearer to a major town or city,DL2 2JG,North East,841,Darlington,429841.0,509938.0,E02002573,E01012339,0,0,1,0,0,0,0.78,0.52,97.1,1.6,E01012339,E01012339,E01012339,9.0,7.0,1893.0,9.0
138089.0,4285.0,Haughton Academy,37.0,153.0,65.0,43.0,815,426.0,52.27,Urban: Nearer to a major town or city,DL1 2AN,North East,841,Darlington,430650.0,516255.0,E02002563,E01012326,1,0,0,0,0,0,1.62,0.09,96.66,1.62,E01012326,E01012326,E01012326,4.0,9.0,1390.0,7.0
137622.0,4603.0,Carmel College,65.0,192.0,23.0,12.0,1259,694.0,55.12,Urban: Nearer to a major town or city,DL3 8RW,North East,841,Darlington,426883.0,514456.0,E02002569,E01012337,1,0,0,0,0,0,2.92,0.45,94.58,2.05,E01012337,E01012337,E01012337,9.0,7.0,1173.0,6.0
135314.0,6905.0,St Aidan's Church of England Academy,12.0,90.0,43.0,48.0,420,215.0,51.19,Urban: Nearer to a major town or city,DL1 1LL,North East,841,Darlington,430353.0,514603.0,E02002567,E01012342,1,0,0,0,0,0,3.04,1.48,92.29,3.19,E01012342,E01012342,E01012342,1.0,8.0,377.0,2.0
136838.0,4288.0,Hummersknott Academy,49.0,233.0,46.0,20.0,1218,614.0,50.41,Urban: Nearer to a major town or city,DL3 8AR,North East,841,Darlington,426355.0,514079.0,E02002569,E01012336,1,0,0,0,0,0,2.92,0.45,94.58,2.05,E01012336,E01012336,E01012336,9.0,7.0,1893.0,9.0
136106.0,6905.0,The Eastbourne Academy,20.0,133.0,48.0,36.0,696,324.0,46.55,Urban: Nearer to a major town or city,BN22 9RQ,South East,845,East Sussex,559978.0,102694.0,E02004359,E01020921,1,0,0,0,0,0,2.41,0.97,92.65,3.96,E01020921,E01020921,E01020921,4.0,8.5,1893.0,9.0
139821.0,4003.0,Ark Alexandra,42.0,91.0,24.0,26.0,557,0.0,0.0,Urban: Nearer to a major town or city,TN34 2PG,South East,845,East Sussex,580820.0,111655.0,E02004369,E01021007,1,0,0,0,0,0,2.3,0.19,96.4,1.12,E01021007,E01021007,E01021007,9.0,9.0,1495.0,7.0
140679.0,4004.0,Seahaven Academy,27.0,92.0,41.0,45.0,627,286.0,45.61,Urban: Nearer to a major town or city,BN9 9TD,South East,845,East Sussex,543952.0,100605.0,E02004387,E01021044,1,0,0,0,0,0,2.77,1.46,92.25,3.52,E01021044,E01021044,E01021044,3.0,9.0,1893.0,9.0
144505.0,4006.0,King's Academy Ringmer,40.0,89.0,24.0,27.0,417,194.0,46.52,Larger rural: Nearer to a major town or city,BN8 5RB,South East,845,East Sussex,545474.0,112699.0,E02004382,E01021054,0,0,1,0,0,0,0.14,0.21,97.33,2.33,E01021054,E01021054,E01021054,7.0,4.0,,
114584.0,4025.0,Claverham Community College,57.0,223.0,42.0,19.0,1142,576.0,50.44,Smaller rural: Nearer to a major town or city,TN33 0HT,South East,845,East Sussex,573511.0,115839.0,E02004397,E01021086,0,0,0,0,1,0,1.27,0.77,96.08,1.88,E01021086,E01021086,E01021086,7.0,4.0,1893.0,9.0
137982.0,4026.0,Beacon Academy,65.0,204.0,23.0,11.0,1297,622.0,47.96,Urban: Further from a major town or city,TN6 2AS,South East,845,East Sussex,552318.0,130706.0,E02004405,E01021158,0,1,0,0,0,0,1.6,1.26,94.41,2.73,E01021158,E01021158,E01021158,6.0,4.0,1893.0,9.0
114587.0,4028.0,Heathfield Community College,62.0,211.0,26.0,12.0,1439,748.0,51.98,Smaller rural: Nearer to a major town or city,TN21 8RJ,South East,845,East Sussex,560060.0,121082.0,E02004413,E01021189,0,0,0,0,1,0,1.93,0.37,95.91,1.79,E01021189,E01021189,E01021189,10.0,3.0,1893.0,9.0
138473.0,4036.0,Seaford Head School,52.0,221.0,36.0,16.0,1297,643.0,49.58,Urban: Nearer to a major town or city,BN25 4LX,South East,845,East Sussex,549440.0,98936.0,E02004390,E01021078,1,0,0,0,0,0,1.95,0.51,95.88,1.66,E01021078,E01021078,E01021078,8.0,6.0,1893.0,9.0
114592.0,4039.0,Willingdon Community School,41.0,197.0,30.0,15.0,992,471.0,47.48,Urban: Nearer to a major town or city,BN20 9QX,South East,845,East Sussex,557960.0,103728.0,E02004423,E01021236,1,0,0,0,0,0,0.32,0.25,97.39,2.04,E01021236,E01021236,E01021236,5.0,9.0,1495.0,7.0
138895.0,4044.0,Bexhill High Academy,27.0,210.0,69.0,33.0,1243,618.0,49.72,Urban: Nearer to a major town or city,TN39 4BY,South East,845,East Sussex,572910.0,109061.0,E02004400,E01021129,1,0,0,0,0,0,0.93,0.64,96.69,1.74,E01021129,E01021129,E01021129,7.0,8.0,1893.0,9.0
114598.0,4047.0,Priory School,60.0,226.0,34.0,15.0,1128,533.0,47.25,Urban: Nearer to a major town or city,BN7 2XN,South East,845,East Sussex,541971.0,109666.0,E02004383,E01021039,1,0,0,0,0,0,1.88,1.2,92.41,4.51,E01021039,E01021039,E01021039,9.0,3.0,1893.0,9.0
138474.0,4063.0,Ratton School,37.0,227.0,60.0,26.0,1178,604.0,51.27,Urban: Nearer to a major town or city,BN21 2XR,South East,845,East Sussex,559353.0,101483.0,E02004359,E01020945,1,0,0,0,0,0,2.41,0.97,92.65,3.96,E01020945,E01020945,E01020945,4.0,8.5,1893.0,9.0
143035.0,4610.0,St Catherine's College,37.0,199.0,38.0,19.0,1059,506.0,47.78,Urban: Nearer to a major town or city,BN23 7BL,South East,845,East Sussex,563397.0,102455.0,E02004358,E01020956,1,0,0,0,0,0,0.75,0.62,96.51,2.12,E01020956,E01020956,E01020956,6.0,8.0,1653.0,8.0
136401.0,4612.0,The Hastings Academy,29.0,171.0,83.0,49.0,886,386.0,43.57,Urban: Nearer to a major town or city,TN35 5DN,South East,845,East Sussex,584037.0,112252.0,E02004371,E01021004,1,0,0,0,0,0,1.52,0.05,96.53,1.9,E01021004,E01021004,E01021004,4.0,8.0,1893.0,9.0
114590.0,4037.0,Uckfield College,49.0,267.0,28.0,11.0,1677,791.0,47.17,Urban: Further from a major town or city,TN22 3DJ,South East,845,East Sussex,547692.0,121556.0,E02004411,E01021223,0,1,0,0,0,0,1.19,0.73,96.79,1.28,E01021223,E01021223,E01021223,8.0,6.0,1653.0,8.0
114594.0,4042.0,Chailey School,53.0,148.0,24.0,16.0,756,359.0,47.49,Larger rural: Nearer to a major town or city,BN8 4PU,South East,845,East Sussex,538730.0,117387.0,E02004379,E01021024,0,0,1,0,0,0,0.36,0.18,96.75,2.71,E01021024,E01021024,E01021024,6.0,3.0,1893.0,9.0
137063.0,4001.0,Portslade Aldridge Community Academy,34.0,83.0,17.0,21.0,737,329.0,44.64,Urban: Nearer to a major town or city,BN41 2WS,South East,846,Brighton and Hove,524992.0,107180.0,E02003495,E01016918,1,0,0,0,0,0,1.41,1.27,91.34,5.99,E01016918,E01016918,E01016918,2.0,10.0,1653.0,8.0
114579.0,4012.0,Varndean School,62.0,260.0,59.0,23.0,1352,687.0,50.81,Urban: Nearer to a major town or city,BN1 6NP,South East,846,Brighton and Hove,531232.0,107295.0,E02003494,E01017001,1,0,0,0,0,0,3.1,0.81,90.78,5.31,E01017001,E01017001,E01017001,9.5,3.5,294.0,2.0
114580.0,4016.0,Dorothy Stringer School,59.0,322.0,66.0,21.0,1673,797.0,47.64,Urban: Nearer to a major town or city,BN1 6PZ,South East,846,Brighton and Hove,530794.0,107134.0,E02003494,E01017003,1,0,0,0,0,0,3.1,0.81,90.78,5.31,E01017003,E01017003,E01017003,9.5,3.5,846.0,5.0
114606.0,4067.0,Blatchington Mill School,58.0,288.0,48.0,17.0,1521,756.0,49.7,Urban: Nearer to a major town or city,BN3 7BW,South East,846,Brighton and Hove,528137.0,106649.0,E02003497,E01016985,1,0,0,0,0,0,7.03,0.82,81.81,10.33,E01016985,E01016985,E01016985,8.0,3.0,987.0,5.0
114607.0,4068.0,Hove Park School and Sixth Form Centre,42.0,260.0,82.0,32.0,1514,738.0,48.75,Urban: Nearer to a major town or city,BN3 7BN,South East,846,Brighton and Hove,528269.0,106172.0,E02003506,E01016979,1,0,0,0,0,0,3.43,1.8,85.4,9.37,E01016979,E01016979,E01016979,7.0,2.0,500.0,3.0
114608.0,4072.0,Patcham High School,46.0,196.0,45.0,23.0,1048,486.0,46.37,Urban: Nearer to a major town or city,BN1 8PB,South East,846,Brighton and Hove,530717.0,108617.0,E02003491,E01016929,1,0,0,0,0,0,3.1,1.23,89.79,5.88,E01016929,E01016929,E01016929,7.0,3.0,399.0,3.0
114611.0,4605.0,Cardinal Newman Catholic School,52.0,354.0,56.0,16.0,2302,1117.0,48.52,Urban: Nearer to a major town or city,BN3 6ND,South East,846,Brighton and Hove,529812.0,105778.0,E02003501,E01016981,1,0,0,0,0,0,4.23,0.97,86.53,8.28,E01016981,E01016981,E01016981,10.0,3.0,254.0,2.0
136164.0,6905.0,Brighton Aldridge Community Academy,19.0,110.0,60.0,55.0,937,407.0,43.44,Urban: Nearer to a major town or city,BN1 9PW,South East,846,Brighton and Hove,534234.0,108203.0,E02003492,E01016914,1,0,0,0,0,0,6.3,5.13,81.02,7.56,E01016914,E01016914,E01016914,1.0,4.0,1390.0,7.0
139409.0,4002.0,King's School,52.0,106.0,17.0,16.0,529,260.0,49.15,Urban: Nearer to a major town or city,BN3 8BN,South East,846,Brighton and Hove,527377.0,107625.0,E02003496,E01016885,1,0,0,0,0,0,7.6,4.64,75.58,12.17,E01016885,E01016885,E01016885,2.0,8.0,,
114581.0,4018.0,Longhill High School,26.0,183.0,65.0,36.0,888,431.0,48.54,Urban: Nearer to a major town or city,BN2 7FR,South East,846,Brighton and Hove,536239.0,103942.0,E02003523,E01016962,1,0,0,0,0,0,4.31,0.18,90.28,5.22,E01016962,E01016962,E01016962,9.0,3.0,1390.0,7.0
138720.0,4000.0,Eggar's School,53.0,153.0,18.0,12.0,936,431.0,46.05,Urban: Nearer to a major town or city,GU34 4EQ,South East,850,Hampshire,472883.0,140581.0,E02004697,E01022605,1,0,0,0,0,0,0.62,0.38,96.55,2.46,E01022605,E01022605,E01022605,9.0,5.0,464.0,3.0
116430.0,4162.0,The Clere School,37.0,59.0,12.0,20.0,437,200.0,45.77,Smaller rural: Nearer to a major town or city,RG20 9HP,South East,850,Hampshire,447386.0,161364.0,E02004677,E01022489,0,0,0,0,1,0,2.81,0.52,95.03,1.64,E01022489,E01022489,E01022489,10.0,3.0,1893.0,9.0
116436.0,4171.0,Calthorpe Park School,66.0,223.0,34.0,15.0,1248,628.0,50.32,Urban: Nearer to a major town or city,GU51 5JA,South East,850,Hampshire,479448.0,153921.0,E02004758,E01034724,1,0,0,0,0,0,5.72,1.59,88.09,4.6,E01034724,E01022873,E01022873,8.0,5.0,1893.0,9.0
116405.0,4001.0,John Hanson Community School,51.0,183.0,29.0,16.0,882,439.0,49.77,Urban: Nearer to a major town or city,SP10 3PB,South East,850,Hampshire,434755.0,145204.0,E02004818,E01023186,1,0,0,0,0,0,4.79,0.61,92.12,2.48,E01023186,E01023186,E01023186,8.0,8.0,1893.0,9.0
138287.0,4002.0,The Costello School,47.0,216.0,29.0,13.0,1109,564.0,50.86,Urban: Nearer to a major town or city,RG21 4AL,South East,850,Hampshire,464363.0,151819.0,E02004685,E01022502,1,0,0,0,0,0,11.22,2.96,78.37,7.44,E01022502,E01022502,E01022502,9.0,7.0,1298.0,6.0
138437.0,4004.0,Bridgemary School,23.0,128.0,41.0,32.0,615,317.0,51.54,Urban: Nearer to a major town or city,PO13 0JN,South East,850,Hampshire,458178.0,102989.0,E02004741,E01022803,1,0,0,0,0,0,1.21,1.4,95.43,1.97,E01022803,E01022803,E01022803,4.0,9.0,1653.0,8.0
138585.0,4005.0,The New Forest Academy,25.0,59.0,19.0,32.0,437,210.0,48.05,Urban: Nearer to a major town or city,SO45 2PA,South East,850,Hampshire,443192.0,104322.0,E02004792,E01023031,1,0,0,0,0,0,1.09,0.25,97.48,1.18,E01023031,E01023031,E01023031,6.0,7.0,1893.0,9.0
138920.0,4006.0,Winton Community Academy,30.0,74.0,24.0,32.0,556,262.0,47.12,Urban: Nearer to a major town or city,SP10 2PS,South East,850,Hampshire,437524.0,145803.0,E02007078,E01023202,1,0,0,0,0,0,4.73,0.92,91.86,2.49,E01023202,E01023202,E01023202,3.0,10.0,1893.0,9.0
140182.0,4007.0,Mill Chase Academy,33.0,82.0,27.0,33.0,521,248.0,47.6,Urban: Nearer to a major town or city,GU35 0JB,South East,850,Hampshire,480591.0,135438.0,E02004700,E01022639,1,0,0,0,0,0,5.42,1.95,89.58,3.05,E01022639,E01022639,E01022639,8.0,5.0,1390.0,7.0
145125.0,4014.0,Everest Community Academy,27.0,81.0,24.0,30.0,455,228.0,50.11,Urban: Nearer to a major town or city,RG24 9UP,South East,850,Hampshire,463062.0,154442.0,E02004681,E01032844,1,0,0,0,0,0,13.75,4.96,75.83,5.47,E01032844,E01032844,E01032844,7.0,8.0,,
138038.0,4110.0,The Cowplain School,36.0,135.0,24.0,18.0,766,364.0,47.52,Urban: Nearer to a major town or city,PO8 8RY,South East,850,Hampshire,468652.0,110765.0,E02004764,E01022931,1,0,0,0,0,0,1.7,0.38,96.48,1.45,E01022931,E01022931,E01022931,10.0,8.0,1893.0,9.0
116411.0,4113.0,The Toynbee School,45.0,122.0,26.0,21.0,872,413.0,47.36,Urban: Nearer to a major town or city,SO53 2PL,South East,850,Hampshire,444051.0,120097.0,E02004713,E01022659,1,0,0,0,0,0,2.95,1.51,92.93,2.62,E01022659,E01022659,E01022659,8.0,4.0,1893.0,9.0
116412.0,4117.0,Court Moor School,67.0,218.0,14.0,6.0,1099,549.0,49.95,Urban: Nearer to a major town or city,GU52 7RY,South East,850,Hampshire,480620.0,153043.0,E02004757,E01022863,1,0,0,0,0,0,3.0,0.51,93.11,3.38,E01022863,E01022863,E01022863,10.0,3.0,1893.0,9.0
116413.0,4119.0,The Hamble School,48.0,176.0,38.0,22.0,998,479.0,48.0,Urban: Nearer to a major town or city,SO31 4NE,South East,850,Hampshire,447471.0,108416.0,E02004726,E01022689,1,0,0,0,0,0,1.64,1.03,94.81,2.52,E01022689,E01022689,E01022689,9.0,7.0,1893.0,9.0
136654.0,4127.0,Wildern School,51.0,368.0,42.0,11.0,1927,975.0,50.6,Urban: Nearer to a major town or city,SO30 4EJ,South East,850,Hampshire,449205.0,113493.0,E02004722,E01022700,1,0,0,0,0,0,2.87,0.46,94.59,2.08,E01022700,E01022700,E01022700,5.0,9.0,1893.0,9.0
137125.0,4128.0,Noadswood School,53.0,188.0,24.0,13.0,1019,510.0,50.05,Urban: Nearer to a major town or city,SO45 4ZF,South East,850,Hampshire,441096.0,106783.0,E02004787,E01023009,1,0,0,0,0,0,0.83,0.07,97.51,1.59,E01023009,E01023009,E01023009,8.0,5.0,1893.0,9.0
137129.0,4129.0,Priestlands School,54.0,247.0,47.0,19.0,1247,608.0,48.76,Urban: Further from a major town or city,SO41 8FZ,South East,850,Hampshire,431567.0,94933.0,E02004797,E01023061,0,1,0,0,0,0,1.11,0.35,96.52,2.02,E01023061,E01023061,E01023061,5.0,6.0,1893.0,9.0
137128.0,4130.0,Perins School,56.0,216.0,18.0,8.0,1151,576.0,50.04,Larger rural: Nearer to a major town or city,SO24 9BS,South East,850,Hampshire,458469.0,132511.0,E02004832,E01023278,0,0,1,0,0,0,1.31,0.0,97.83,0.85,E01023278,E01023278,E01023278,8.0,2.0,1893.0,9.0
116418.0,4133.0,Portchester Community School,25.0,118.0,26.0,22.0,633,323.0,51.03,Urban: Nearer to a major town or city,PO16 9BD,South East,850,Hampshire,461577.0,105150.0,E02004738,E01022762,1,0,0,0,0,0,1.79,0.62,96.29,1.31,E01022762,E01022762,E01022762,8.0,6.0,1893.0,9.0
116419.0,4136.0,Brookfield Community School,62.0,343.0,19.0,6.0,1771,861.0,48.62,Urban: Nearer to a major town or city,SO31 7DU,South East,850,Hampshire,450481.0,107615.0,E02004732,E01022755,1,0,0,0,0,0,1.38,0.48,95.51,2.63,E01022755,E01022755,E01022755,8.0,3.0,1893.0,9.0
137239.0,4143.0,The Romsey School,55.0,218.0,40.0,18.0,1178,561.0,47.62,Urban: Nearer to a major town or city,SO51 8ZB,South East,850,Hampshire,435108.0,121703.0,E02004824,E01023152,1,0,0,0,0,0,1.63,0.24,96.56,1.57,E01023152,E01023152,E01023152,8.0,5.0,1893.0,9.0
116422.0,4144.0,The Hurst Community College,40.0,187.0,13.0,7.0,980,518.0,52.86,Urban: Nearer to a major town or city,RG26 5NL,South East,850,Hampshire,457615.0,162391.0,E02004678,E01022473,1,0,0,0,0,0,1.81,0.08,95.97,2.14,E01022473,E01022473,E01022473,6.0,7.0,1893.0,9.0
116423.0,4147.0,The Hayling College,26.0,104.0,26.0,25.0,546,267.0,48.9,Urban: Nearer to a major town or city,PO11 0NU,South East,850,Hampshire,472335.0,100123.0,E02004778,E01022938,1,0,0,0,0,0,1.27,0.23,96.24,2.26,E01022938,E01022938,E01022938,7.0,8.0,1653.0,8.0
116424.0,4149.0,Swanmore College,52.0,206.0,28.0,14.0,1262,646.0,51.19,Urban: Nearer to a major town or city,SO32 2RB,South East,850,Hampshire,457114.0,115933.0,E02004839,E01023275,1,0,0,0,0,0,0.53,0.12,98.23,1.12,E01023275,E01023275,E01023275,9.0,3.0,1893.0,9.0
116428.0,4159.0,Crookhorn College,37.0,124.0,32.0,26.0,782,417.0,53.32,Urban: Nearer to a major town or city,PO7 5UD,South East,850,Hampshire,468706.0,107839.0,E02004768,E01022961,1,0,0,0,0,0,5.59,1.0,90.63,2.77,E01022961,E01022961,E01022961,4.0,7.5,1893.0,9.0
138184.0,4161.0,Wyvern College,48.0,247.0,31.0,13.0,1276,581.0,45.53,Urban: Nearer to a major town or city,SO50 7AN,South East,850,Hampshire,449422.0,118187.0,E02004719,E01022686,1,0,0,0,0,0,3.65,0.25,95.02,1.08,E01022686,E01022686,E01022686,9.0,6.0,1893.0,9.0
116431.0,4163.0,Harrow Way Community School,38.0,169.0,36.0,21.0,920,461.0,50.11,Urban: Nearer to a major town or city,SP10 3RH,South East,850,Hampshire,434923.0,146493.0,E02004817,E01023183,1,0,0,0,0,0,2.83,1.77,92.64,2.76,E01023183,E01023183,E01023183,8.0,7.0,1893.0,9.0
116432.0,4164.0,Cranbourne,23.0,180.0,43.0,24.0,706,356.0,50.42,Urban: Nearer to a major town or city,RG21 3NP,South East,850,Hampshire,462911.0,151085.0,E02004686,E01022481,1,0,0,0,0,0,16.74,1.82,74.53,6.91,E01022481,E01022481,E01022481,6.0,7.0,1493.0,7.0
116433.0,4166.0,Yateley School,53.0,230.0,24.0,10.0,1162,588.0,50.6,Urban: Nearer to a major town or city,GU46 6NW,South East,850,Hampshire,481123.0,160528.0,E02004752,E01022897,1,0,0,0,0,0,2.61,0.37,95.16,1.86,E01022897,E01022897,E01022897,8.0,4.0,1893.0,9.0
116437.0,4173.0,Horndean Technology College,44.0,244.0,39.0,16.0,1334,672.0,50.37,Urban: Nearer to a major town or city,PO8 9PQ,South East,850,Hampshire,469810.0,113173.0,E02004710,E01022614,1,0,0,0,0,0,1.34,0.72,96.95,0.99,E01022614,E01022614,E01022614,7.0,7.0,1241.0,6.0
116438.0,4174.0,Henry Beaufort School,60.0,178.0,30.0,17.0,920,463.0,50.33,Urban: Nearer to a major town or city,SO22 6JJ,South East,850,Hampshire,447035.0,131511.0,E02004831,E01023240,1,0,0,0,0,0,7.51,0.96,87.81,3.73,E01023240,E01023240,E01023240,9.0,3.0,1893.0,9.0
116440.0,4180.0,The Vyne Community School,42.0,125.0,34.0,27.0,720,326.0,45.28,Urban: Nearer to a major town or city,RG21 5PB,South East,850,Hampshire,463638.0,153151.0,E02004683,E01022525,1,0,0,0,0,0,8.41,1.45,82.81,7.32,E01022525,E01022525,E01022525,6.0,9.0,1653.0,8.0
116446.0,4203.0,Cove School,35.0,189.0,38.0,20.0,980,489.0,49.9,Urban: Nearer to a major town or city,GU14 9RN,South East,850,Hampshire,485148.0,156379.0,E02004806,E01023132,1,0,0,0,0,0,8.33,1.03,86.83,3.81,E01023132,E01023132,E01023132,6.0,8.0,1893.0,9.0
116448.0,4206.0,The Wavell School,47.0,187.0,29.0,16.0,997,471.0,47.24,Urban: Nearer to a major town or city,GU14 6BH,South East,850,Hampshire,486924.0,153318.0,E02004808,E01023136,1,0,0,0,0,0,11.38,2.41,80.19,6.02,E01023136,E01023136,E01023136,9.0,5.0,1893.0,9.0
116466.0,4307.0,The Henry Cort Community College,49.0,141.0,16.0,11.0,775,374.0,48.26,Urban: Nearer to a major town or city,PO15 6PH,South East,850,Hampshire,455017.0,107235.0,E02004729,E01022732,1,0,0,0,0,0,2.13,0.28,96.29,1.31,E01022732,E01022732,E01022732,4.0,9.0,1653.0,8.0
140069.0,4308.0,Fareham Academy,28.0,148.0,38.0,26.0,754,365.0,48.41,Urban: Nearer to a major town or city,PO14 1JJ,South East,850,Hampshire,456672.0,105549.0,E02004737,E01022736,1,0,0,0,0,0,1.4,0.7,94.97,2.93,E01022736,E01022736,E01022736,10.0,7.0,1893.0,9.0
116468.0,4310.0,Kings' School,69.0,329.0,38.0,12.0,1687,788.0,46.71,Urban: Nearer to a major town or city,SO22 5PN,South East,850,Hampshire,445895.0,129033.0,E02004837,E01023259,1,0,0,0,0,0,5.51,0.53,90.61,3.35,E01023259,E01023259,E01023259,7.0,7.0,1653.0,8.0
116475.0,4318.0,Warblington School,32.0,149.0,34.0,23.0,616,294.0,47.73,Urban: Nearer to a major town or city,PO9 2RR,South East,850,Hampshire,472653.0,106459.0,E02004775,E01022955,1,0,0,0,0,0,1.69,0.25,94.92,3.13,E01022955,E01022955,E01022955,8.0,8.0,1495.0,7.0
138135.0,4511.0,Robert May's School,60.0,238.0,27.0,11.0,1240,603.0,48.63,Larger rural: Nearer to a major town or city,RG29 1NA,South East,850,Hampshire,473191.0,150960.0,E02004761,E01022889,0,0,1,0,0,0,0.65,0.65,95.74,2.95,E01022889,E01022889,E01022889,5.0,6.0,1893.0,9.0
116478.0,4604.0,Bishop Challoner Catholic Secondary School,55.0,163.0,14.0,9.0,864,442.0,51.16,Urban: Nearer to a major town or city,RG22 6SR,South East,850,Hampshire,461306.0,151187.0,E02004688,E01022549,1,0,0,0,0,0,6.41,2.32,87.8,3.48,E01022549,E01022549,E01022549,4.0,9.0,1889.0,9.0
136719.0,5401.0,The Burgate School and Sixth Form,49.0,149.0,14.0,9.0,971,420.0,43.25,Larger rural: Nearer to a major town or city,SP6 1EZ,South East,850,Hampshire,415075.0,115300.0,E02004779,E01023023,0,0,1,0,0,0,0.24,0.12,98.63,1.01,E01023023,E01023023,E01023023,6.0,7.0,1893.0,9.0
136657.0,5403.0,Ringwood School Academy,48.0,241.0,35.0,15.0,1536,749.0,48.76,Urban: Nearer to a major town or city,BH24 1SE,South East,850,Hampshire,415321.0,105386.0,E02004790,E01023068,1,0,0,0,0,0,0.71,0.39,96.86,2.04,E01023068,E01023068,E01023068,6.0,3.0,1893.0,9.0
136643.0,5407.0,Bohunt School,61.0,357.0,27.0,8.0,1854,928.0,50.05,Larger rural: Nearer to a major town or city,GU30 7NY,South East,850,Hampshire,483675.0,131731.0,E02004705,E01022587,0,0,1,0,0,0,1.95,0.71,94.58,2.76,E01022587,E01022587,E01022587,7.0,5.0,1390.0,7.0
137791.0,5408.0,Bay House School,38.0,344.0,59.0,17.0,2152,1049.0,48.75,Urban: Nearer to a major town or city,PO12 2QP,South East,850,Hampshire,458986.0,98907.0,E02004749,E01022795,1,0,0,0,0,0,1.72,1.21,95.21,1.85,E01022795,E01022795,E01022795,6.0,8.0,1893.0,9.0
116502.0,5410.0,Testbourne Community School,54.0,159.0,18.0,11.0,861,427.0,49.59,Larger rural: Nearer to a major town or city,RG28 7JF,South East,850,Hampshire,446523.0,147577.0,E02004694,E01022564,0,0,1,0,0,0,1.53,0.19,96.79,1.49,E01022564,E01022564,E01022564,8.0,5.0,1893.0,9.0
137345.0,5411.0,Oaklands Catholic School,54.0,223.0,24.0,11.0,1352,693.0,51.26,Urban: Nearer to a major town or city,PO7 7BW,South East,850,Hampshire,468947.0,108108.0,E02004768,E01022960,1,0,0,0,0,0,5.59,1.0,90.63,2.77,E01022960,E01022960,E01022960,4.0,7.5,1893.0,9.0
116504.0,5412.0,Applemore College,38.0,131.0,41.0,31.0,618,305.0,49.35,Urban: Nearer to a major town or city,SO45 4RQ,South East,850,Hampshire,440221.0,107007.0,E02004787,E01023009,1,0,0,0,0,0,0.83,0.07,97.51,1.59,E01023009,E01023009,E01023009,8.0,5.0,1893.0,9.0
137538.0,5416.0,Cams Hill School,50.0,230.0,26.0,11.0,1158,587.0,50.69,Urban: Nearer to a major town or city,PO16 8AH,South East,850,Hampshire,459307.0,105996.0,E02004734,E01022766,1,0,0,0,0,0,0.97,0.32,97.49,1.22,E01022766,E01022766,E01022766,10.0,6.0,1893.0,9.0
136903.0,5418.0,The Petersfield School,60.0,235.0,26.0,11.0,1372,693.0,50.51,Urban: Nearer to a major town or city,GU32 3LU,South East,850,Hampshire,474460.0,122828.0,E02004708,E01022622,1,0,0,0,0,0,1.87,0.48,95.35,2.3,E01022622,E01022622,E01022622,9.0,4.0,717.0,4.0
136156.0,6905.0,Havant Academy,10.0,58.0,33.0,57.0,405,216.0,53.33,Urban: Nearer to a major town or city,PO9 5JD,South East,850,Hampshire,472527.0,109047.0,E02004770,E01022914,1,0,0,0,0,0,0.93,1.4,97.13,0.54,E01022914,E01022914,E01022914,2.0,10.0,1351.0,7.0
136640.0,4015.0,The Mountbatten School,53.0,279.0,36.0,13.0,1412,704.0,49.86,Urban: Nearer to a major town or city,SO51 5SY,South East,850,Hampshire,437372.0,120571.0,E02004826,E01035452,1,0,0,0,0,0,3.59,0.33,94.31,1.76,E01035452,E01023199,E01023199,5.0,4.0,1893.0,9.0
137535.0,4100.0,Amery Hill School,49.0,179.0,29.0,16.0,911,469.0,51.48,Urban: Nearer to a major town or city,GU34 2BZ,South East,850,Hampshire,471630.0,139725.0,E02004699,E01022577,1,0,0,0,0,0,1.1,0.97,96.89,1.04,E01022577,E01022577,E01022577,10.0,8.0,432.0,3.0
137229.0,4168.0,Hounsdown School,52.0,260.0,24.0,9.0,1243,589.0,47.39,Urban: Nearer to a major town or city,SO40 9FT,South East,850,Hampshire,435781.0,111810.0,E02004782,E01023085,1,0,0,0,0,0,1.24,0.41,97.11,1.24,E01023085,E01023085,E01023085,4.5,8.0,1893.0,9.0
136715.0,4175.0,Thornden School,70.0,293.0,13.0,4.0,1477,711.0,48.14,Urban: Nearer to a major town or city,SO53 2DW,South East,850,Hampshire,444792.0,121861.0,E02004712,E01022706,1,0,0,0,0,0,7.99,1.18,88.04,2.78,E01022706,E01022706,E01022706,10.0,2.0,1893.0,9.0
116445.0,4191.0,Crestwood Community School,33.0,211.0,53.0,25.0,1109,517.0,46.62,Urban: Nearer to a major town or city,SO50 4FZ,South East,850,Hampshire,445273.0,119981.0,E02004715,E01022673,1,0,0,0,0,0,4.75,2.16,89.09,4.0,E01022673,E01022673,E01022673,5.0,5.0,1495.0,7.0
116473.0,4316.0,Park Community School,15.0,178.0,86.0,48.0,885,452.0,51.07,Urban: Nearer to a major town or city,PO9 4BU,South East,850,Hampshire,470389.0,108308.0,E02004771,E01022900,1,0,0,0,0,0,1.7,1.3,95.58,1.42,E01022900,E01022900,E01022900,2.0,9.0,1893.0,9.0
136652.0,5402.0,The Arnewood School,35.0,176.0,34.0,19.0,1077,533.0,49.49,Urban: Nearer to a major town or city,BH25 6RS,South East,850,Hampshire,423816.0,94609.0,E02004798,E01023055,1,0,0,0,0,0,3.54,0.15,93.98,2.33,E01023055,E01023055,E01023055,2.0,7.0,1653.0,8.0
137315.0,5406.0,Testwood School,39.0,142.0,37.0,26.0,710,364.0,51.27,Urban: Nearer to a major town or city,SO40 3ZW,South East,850,Hampshire,435763.0,114125.0,E02004782,E01023078,1,0,0,0,0,0,1.24,0.41,97.11,1.24,E01023078,E01023078,E01023078,4.5,8.0,1653.0,8.0
116506.0,5414.0,Purbrook Park School,37.0,121.0,29.0,24.0,739,405.0,54.8,Urban: Nearer to a major town or city,PO7 5DS,South East,850,Hampshire,467649.0,107195.0,E02004772,E01022951,1,0,0,0,0,0,0.95,0.29,97.59,1.17,E01022951,E01022951,E01022951,7.0,8.0,1893.0,9.0
139714.0,4002.0,The Portsmouth Academy,46.0,97.0,39.0,40.0,713,511.0,71.67,Urban: Nearer to a major town or city,PO1 5PF,South East,851,Portsmouth,465276.0,100930.0,E02003538,E01017077,1,0,0,0,0,0,7.45,4.42,82.14,5.99,E01017077,E01017077,E01017077,2.0,9.0,480.0,3.0
141175.0,4004.0,Priory School,32.0,224.0,76.0,34.0,1207,530.0,43.91,Urban: Nearer to a major town or city,PO4 0DL,South East,851,Portsmouth,465167.0,99908.0,E02003543,E01017022,1,0,0,0,0,0,6.78,3.25,84.42,5.56,E01017022,E01017022,E01017022,5.0,8.0,239.0,2.0
141875.0,4005.0,Trafalgar School,22.0,59.0,26.0,44.0,665,231.0,34.74,Urban: Nearer to a major town or city,PO2 9RJ,South East,851,Portsmouth,465550.0,103840.0,E02003530,E01017090,1,0,0,0,0,0,5.98,4.0,85.22,4.79,E01017090,E01017090,E01017090,3.0,7.0,1203.0,6.0
143430.0,4006.0,UTC Portsmouth,39.0,80.0,24.0,30.0,319,66.0,20.69,Urban: Nearer to a major town or city,PO2 9DU,South East,851,Portsmouth,465550.0,103840.0,E02003530,E01017090,1,0,0,0,0,0,5.98,4.0,85.22,4.79,E01017090,E01017090,E01017090,3.0,7.0,,
140697.0,4320.0,Admiral Lord Nelson School,38.0,186.0,51.0,27.0,1032,508.0,49.22,Urban: Nearer to a major town or city,PO3 5XT,South East,851,Portsmouth,466915.0,102468.0,E02003531,E01017047,1,0,0,0,0,0,3.74,1.57,92.87,1.81,E01017047,E01017047,E01017047,7.0,5.0,1241.0,6.0
116505.0,5413.0,St Edmund's Catholic School,54.0,161.0,55.0,34.0,999,481.0,48.15,Urban: Nearer to a major town or city,PO1 1RX,South East,851,Portsmouth,464522.0,100311.0,E02006975,E01017032,1,0,0,0,0,0,13.99,12.83,63.31,9.86,E01017032,E01017032,E01017032,1.0,3.0,252.0,2.0
135965.0,6905.0,Ark Charter Academy,37.0,107.0,59.0,55.0,664,318.0,47.89,Urban: Nearer to a major town or city,PO5 4HL,South East,851,Portsmouth,464360.0,100025.0,E02006975,E01017032,1,0,0,0,0,0,13.99,12.83,63.31,9.86,E01017032,E01017032,E01017032,1.0,3.0,230.0,2.0
140605.0,4003.0,Miltoncross Academy,28.0,163.0,58.0,36.0,803,388.0,48.32,Urban: Nearer to a major town or city,PO3 6RB,South East,851,Portsmouth,466296.0,100546.0,E02003537,E01017019,1,0,0,0,0,0,5.05,3.65,88.61,2.69,E01017019,E01017019,E01017019,3.0,10.0,626.0,3.0
116453.0,4270.0,Redbridge Community School,27.0,188.0,84.0,45.0,1007,502.0,49.85,Urban: Nearer to a major town or city,SO16 9RJ,South East,852,Southampton,437586.0,113818.0,E02003560,E01017240,1,0,0,0,0,0,2.34,1.31,92.99,3.36,E01017240,E01017240,E01017240,2.0,9.0,1117.0,6.0
137037.0,4275.0,Upper Shirley High School,40.0,148.0,30.0,20.0,815,366.0,44.91,Urban: Nearer to a major town or city,SO15 7QU,South East,852,Southampton,440600.0,114593.0,E02003559,E01017248,1,0,0,0,0,0,11.5,1.28,82.3,4.92,E01017248,E01017248,E01017248,10.0,3.0,366.0,2.0
116465.0,4306.0,Woodlands Community College,18.0,103.0,55.0,53.0,577,275.0,47.66,Urban: Nearer to a major town or city,SO18 5FW,South East,852,Southampton,446620.0,113481.0,E02003566,E01017205,1,0,0,0,0,0,4.44,2.07,87.72,5.78,E01017205,E01017205,E01017205,1.0,10.0,1893.0,9.0
116469.0,4311.0,Cantell School,38.0,184.0,75.0,41.0,1056,369.0,34.94,Urban: Nearer to a major town or city,SO16 3GJ,South East,852,Southampton,442305.0,115975.0,E02003549,E01017144,1,0,0,0,0,0,18.43,2.62,70.53,8.42,E01017144,E01017144,E01017144,3.0,3.0,432.0,3.0
116507.0,5415.0,Saint George Catholic Voluntary Aided College Southampton,51.0,147.0,36.0,25.0,868,269.0,30.99,Urban: Nearer to a major town or city,SO16 3DQ,South East,852,Southampton,443481.0,116479.0,E02003551,E01017270,1,0,0,0,0,0,6.62,3.94,84.91,4.54,E01017270,E01017270,E01017270,3.0,9.0,658.0,4.0
138476.0,5417.0,St Anne's Catholic School,60.0,207.0,45.0,22.0,1193,1175.0,98.49,Urban: Nearer to a major town or city,SO15 2WZ,South East,852,Southampton,441867.0,112991.0,E02003570,E01032738,1,0,0,0,0,0,13.09,7.6,70.02,9.29,E01032738,E01032738,E01032738,1.0,5.0,316.0,2.0
135628.0,6905.0,Oasis Academy Lord's Hill,22.0,97.0,47.0,49.0,608,287.0,47.2,Urban: Nearer to a major town or city,SO16 8FA,South East,852,Southampton,438478.0,115136.0,E02003555,E01017241,1,0,0,0,0,0,2.47,1.99,92.39,3.15,E01017241,E01017241,E01017241,3.0,10.0,987.0,5.0
135629.0,6906.0,Oasis Academy Mayfield,23.0,147.0,50.0,34.0,865,406.0,46.94,Urban: Nearer to a major town or city,SO19 9NA,South East,852,Southampton,446048.0,110474.0,E02003574,E01017262,1,0,0,0,0,0,2.39,1.23,93.69,2.69,E01017262,E01017262,E01017262,5.0,8.0,491.0,3.0
116458.0,4278.0,Bitterne Park School,46.0,296.0,64.0,22.0,1752,869.0,49.6,Urban: Nearer to a major town or city,SO18 1BU,South East,852,Southampton,444409.0,114688.0,E02003556,E01017175,1,0,0,0,0,0,5.58,1.0,90.57,2.86,E01017175,E01017175,E01017175,8.0,7.0,950.0,5.0
143844.0,4023.0,The Winstanley School,18.0,107.0,38.0,36.0,587,261.0,44.46,Urban: Nearer to a major town or city,LE3 3BD,East Midlands,855,Leicestershire,455190.0,302519.0,E02005336,E01025667,1,0,0,0,0,0,8.31,1.55,84.92,5.22,E01025667,E01025667,E01025667,5.0,6.0,,
138150.0,4503.0,Lutterworth College,43.0,88.0,9.0,10.0,1289,681.0,52.83,Urban: Nearer to a major town or city,LE17 4EW,East Midlands,855,Leicestershire,453849.0,285011.0,E02005376,E01035091,1,0,0,0,0,0,1.32,0.81,95.32,2.55,E01035091,E01025793,E01025793,7.0,7.0,1893.0,9.0
138290.0,4602.0,Saint Martin's Catholic Voluntary Academy,59.0,97.0,16.0,17.0,694,369.0,53.17,Smaller rural: Nearer to a major town or city,CV13 6BF,East Midlands,855,Leicestershire,440719.0,297333.0,E02005384,E01025817,0,0,0,0,1,0,1.58,0.53,95.88,2.0,E01025817,E01025817,E01025817,8.0,7.0,1893.0,9.0
137799.0,4000.0,Humphrey Perkins School,46.0,165.0,21.0,13.0,786,397.0,50.51,Larger rural: Nearer to a major town or city,LE12 8JU,East Midlands,855,Leicestershire,457331.0,317868.0,E02005355,E01025676,0,0,1,0,0,0,2.21,0.04,95.62,2.13,E01025676,E01025676,E01025676,9.0,2.0,1893.0,9.0
138327.0,4011.0,Heath Lane Academy,30.0,113.0,28.0,25.0,570,263.0,46.14,Urban: Nearer to a major town or city,LE9 7PD,East Midlands,855,Leicestershire,445234.0,297741.0,E02005382,E01025840,1,0,0,0,0,0,2.21,0.9,94.8,2.09,E01025840,E01025840,E01025840,6.0,7.0,1893.0,9.0
137367.0,4014.0,Limehurst Academy,53.0,117.0,35.0,30.0,599,286.0,47.75,Urban: Nearer to a major town or city,LE11 1NH,East Midlands,855,Leicestershire,453551.0,320071.0,E02005346,E01025703,1,0,0,0,0,0,27.22,3.72,62.38,6.67,E01025703,E01025703,E01025703,5.0,8.0,1203.0,6.0
137115.0,4015.0,Lutterworth High School,61.0,188.0,16.0,9.0,806,399.0,49.5,Urban: Nearer to a major town or city,LE17 4QH,East Midlands,855,Leicestershire,453830.0,284133.0,E02005376,E01025791,1,0,0,0,0,0,1.32,0.81,95.32,2.55,E01025791,E01025791,E01025791,7.0,7.0,1893.0,9.0
138108.0,4016.0,The Market Bosworth School,65.0,152.0,13.0,9.0,817,416.0,50.92,Larger rural: Nearer to a major town or city,CV13 0JT,East Midlands,855,Leicestershire,440379.0,303161.0,E02005380,E01025838,0,0,1,0,0,0,1.86,0.27,95.95,1.92,E01025838,E01025838,E01025838,7.0,9.0,1893.0,9.0
139442.0,4018.0,South Charnwood High School,54.0,149.0,25.0,17.0,836,399.0,47.73,Smaller rural: Nearer to a major town or city,LE67 9TB,East Midlands,855,Leicestershire,447186.0,309315.0,E02005377,E01025871,0,0,0,0,1,0,1.97,0.99,94.41,2.63,E01025871,E01025871,E01025871,6.0,4.0,1893.0,9.0
138079.0,4022.0,The Roundhill Academy,45.0,161.0,33.0,21.0,825,380.0,46.06,Urban: Nearer to a major town or city,LE4 8GQ,East Midlands,855,Leicestershire,461483.0,310384.0,E02005365,E01025766,1,0,0,0,0,0,15.83,2.57,77.64,3.97,E01025766,E01025766,E01025766,3.0,6.0,1893.0,9.0
140103.0,4026.0,Hastings High School,68.0,167.0,19.0,11.0,832,391.0,47.0,Urban: Nearer to a major town or city,LE10 2QE,East Midlands,855,Leicestershire,443748.0,293273.0,E02005389,E01025827,1,0,0,0,0,0,1.69,0.21,96.61,1.48,E01025827,E01025827,E01025827,3.0,9.0,1117.0,6.0
140787.0,4029.0,The Cedars Academy,38.0,162.0,36.0,22.0,919,484.0,52.67,Urban: Nearer to a major town or city,LE4 4GH,East Midlands,855,Leicestershire,459538.0,310169.0,E02005364,E01025683,1,0,0,0,0,0,19.03,1.34,77.2,2.43,E01025683,E01025683,E01025683,8.0,5.0,1893.0,9.0
138820.0,4031.0,Castle Donington College,47.0,78.0,11.0,14.0,539,249.0,46.2,Larger rural: Nearer to a major town or city,DE74 2LN,East Midlands,855,Leicestershire,444827.0,327131.0,E02005397,E01035099,0,0,1,0,0,0,4.2,1.52,90.09,4.2,E01035099,E01025925,E01025925,7.0,4.0,,
137828.0,4032.0,The Martin High School Anstey,44.0,144.0,36.0,25.0,719,364.0,50.63,Larger rural: Nearer to a major town or city,LE7 7EB,East Midlands,855,Leicestershire,454881.0,309387.0,E02005366,E01025670,0,0,1,0,0,0,2.9,0.86,93.8,2.43,E01025670,E01025670,E01025670,3.0,6.0,1893.0,9.0
138819.0,4036.0,The Priory Belvoir Academy,35.0,96.0,11.0,12.0,579,263.0,45.42,Larger rural: Further from a major town or city,NG13 0AX,East Midlands,855,Leicestershire,480245.0,338420.0,E02005391,E01025885,0,0,0,1,0,0,0.51,0.35,98.28,0.86,E01025885,E01025885,E01025885,10.0,3.0,1893.0,9.0
138155.0,4041.0,Gartree High School,60.0,55.0,6.0,11.0,719,330.0,45.9,Urban: Nearer to a major town or city,LE2 5TQ,East Midlands,855,Leicestershire,462836.0,299354.0,E02005412,E01025970,1,0,0,0,0,0,48.65,2.88,36.25,12.22,E01025970,E01025970,E01025970,9.0,3.0,,
137617.0,4044.0,John Ferneley College,49.0,223.0,35.0,16.0,1174,591.0,50.34,Urban: Further from a major town or city,LE13 1LH,East Midlands,855,Leicestershire,475148.0,320982.0,E02005392,E01025906,0,1,0,0,0,0,0.6,0.3,98.56,0.54,E01025906,E01025906,E01025906,8.0,7.0,1495.0,7.0
137983.0,4049.0,Wreake Valley Academy,41.0,121.0,28.0,23.0,788,379.0,48.1,Urban: Nearer to a major town or city,LE7 1LY,East Midlands,855,Leicestershire,463026.0,312275.0,E02005361,E01025759,1,0,0,0,0,0,8.36,0.21,89.5,1.93,E01025759,E01025759,E01025759,6.0,7.0,1893.0,9.0
137968.0,4053.0,Redmoor Academy,37.0,172.0,27.0,16.0,911,439.0,48.19,Urban: Nearer to a major town or city,LE10 0EP,East Midlands,855,Leicestershire,441739.0,295055.0,E02005384,E01025864,1,0,0,0,0,0,1.58,0.53,95.88,2.0,E01025864,E01025864,E01025864,8.0,7.0,1241.0,6.0
137540.0,4055.0,The Kibworth School,56.0,165.0,24.0,15.0,848,411.0,48.47,Larger rural: Nearer to a major town or city,LE8 0LG,East Midlands,855,Leicestershire,468127.0,293369.0,E02005369,E01025787,0,0,1,0,0,0,1.93,0.79,95.35,1.93,E01025787,E01025787,E01025787,9.0,6.0,1893.0,9.0
138527.0,4057.0,Thomas Estley Community College,37.0,166.0,20.0,12.0,880,396.0,45.0,Larger rural: Nearer to a major town or city,LE9 6PT,East Midlands,855,Leicestershire,452853.0,292718.0,E02005370,E01025774,0,0,1,0,0,0,0.84,1.2,95.57,2.39,E01025774,E01025774,E01025774,9.0,2.0,,
137640.0,4505.0,Rawlins Academy,37.0,230.0,55.0,24.0,1568,784.0,50.0,Larger rural: Nearer to a major town or city,LE12 8DY,East Midlands,855,Leicestershire,456046.0,316708.0,E02005356,E01025732,0,0,1,0,0,0,3.21,0.26,94.64,1.89,E01025732,E01025732,E01025732,8.0,4.0,1893.0,9.0
138298.0,4601.0,De Lisle College Loughborough Leicestershire,42.0,218.0,27.0,12.0,1279,635.0,49.65,Urban: Nearer to a major town or city,LE11 4SQ,East Midlands,855,Leicestershire,451592.0,319512.0,E02005348,E01025698,1,0,0,0,0,0,12.54,2.51,80.0,4.95,E01025698,E01025698,E01025698,7.0,4.0,1203.0,6.0
138628.0,5400.0,Long Field Academy,41.0,105.0,24.0,23.0,645,339.0,52.56,Urban: Further from a major town or city,LE13 0BN,East Midlands,855,Leicestershire,474294.0,318695.0,E02005394,E01025897,0,1,0,0,0,0,1.27,0.18,96.02,2.54,E01025897,E01025897,E01025897,5.0,9.0,1495.0,7.0
137931.0,5402.0,South Wigston High School,24.0,156.0,57.0,37.0,833,380.0,45.62,Urban: Nearer to a major town or city,LE18 4TA,East Midlands,855,Leicestershire,458512.0,298283.0,E02005415,E01025989,1,0,0,0,0,0,3.67,1.75,90.02,4.57,E01025989,E01025989,E01025989,3.0,8.0,1390.0,7.0
137161.0,4003.0,The Robert Smyth Academy,54.0,129.0,14.0,11.0,886,415.0,46.84,Urban: Further from a major town or city,LE16 7JG,East Midlands,855,Leicestershire,473193.0,288153.0,E02005373,E01025794,0,1,0,0,0,0,2.57,0.55,94.14,2.74,E01025794,E01025794,E01025794,10.0,4.0,1893.0,9.0
137170.0,4017.0,Welland Park Academy,65.0,170.0,13.0,8.0,962,458.0,47.61,Urban: Further from a major town or city,LE16 9DR,East Midlands,855,Leicestershire,473212.0,286804.0,E02005374,E01025806,0,1,0,0,0,0,1.6,0.19,95.85,2.36,E01025806,E01025806,E01025806,3.0,9.0,,
141874.0,4021.0,Charnwood College,42.0,90.0,32.0,36.0,518,272.0,52.51,Urban: Nearer to a major town or city,LE11 4SQ,East Midlands,855,Leicestershire,451379.0,319593.0,E02005348,E01025698,1,0,0,0,0,0,12.54,2.51,80.0,4.95,E01025698,E01025698,E01025698,7.0,4.0,1203.0,6.0
139624.0,4045.0,Beauchamp College,63.0,440.0,44.0,10.0,2242,1145.0,51.07,Urban: Nearer to a major town or city,LE2 5TP,East Midlands,855,Leicestershire,462941.0,299336.0,E02005412,E01025970,1,0,0,0,0,0,48.65,2.88,36.25,12.22,E01025970,E01025970,E01025970,9.0,3.0,1653.0,8.0
137969.0,4048.0,Bosworth Academy,44.0,174.0,36.0,21.0,1504,704.0,46.81,Larger rural: Nearer to a major town or city,LE9 9JL,East Midlands,855,Leicestershire,448387.0,303371.0,E02005381,E01025876,0,0,1,0,0,0,5.94,0.25,90.92,2.89,E01025876,E01025876,E01025876,10.0,9.0,1893.0,9.0
137401.0,4268.0,Woodbrook Vale School,58.0,158.0,31.0,20.0,802,413.0,51.5,Urban: Nearer to a major town or city,LE11 2ST,East Midlands,855,Leicestershire,452895.0,317097.0,E02005354,E01025712,1,0,0,0,0,0,8.93,1.0,85.81,4.26,E01025712,E01025712,E01025712,9.0,5.0,1893.0,9.0
138521.0,4506.0,Brockington College,42.0,272.0,49.0,18.0,1252,603.0,48.16,Urban: Nearer to a major town or city,LE19 4AQ,East Midlands,855,Leicestershire,454052.0,299049.0,E02005338,E01025627,1,0,0,0,0,0,7.66,0.74,88.27,3.33,E01025627,E01025627,E01025627,7.0,7.0,1893.0,9.0
137984.0,5403.0,Wigston Academy,21.0,228.0,51.0,22.0,1319,605.0,45.87,Urban: Nearer to a major town or city,LE18 2DT,East Midlands,855,Leicestershire,459962.0,298603.0,E02005416,E01025990,1,0,0,0,0,0,10.48,1.22,86.38,1.91,E01025990,E01025990,E01025990,7.0,7.0,,
138894.0,4033.0,Wigston College,,,,,204,116.0,56.86,Urban: Nearer to a major town or city,LE18 2DS,East Midlands,855,Leicestershire,459776.0,298548.0,E02005414,E01025992,1,0,0,0,0,0,3.62,1.55,90.64,4.19,E01025992,E01025992,E01025992,3.0,10.0,1495.0,7.0
138869.0,4000.0,Madani Boys School,55.0,60.0,24.0,40.0,304,,,Urban: Nearer to a major town or city,LE5 5LL,East Midlands,856,Leicester,461023.0,303753.0,E02002853,E01013766,1,0,0,0,0,0,82.81,1.58,6.81,8.79,E01013766,E01013766,E01013766,6.0,1.0,399.0,3.0
129645.0,4724.0,Madani Girls' School,67.0,60.0,23.0,38.0,304,304.0,100.0,Urban: Nearer to a major town or city,LE5 5LL,East Midlands,856,Leicester,461023.0,303753.0,E02002853,E01013766,1,0,0,0,0,0,82.81,1.58,6.81,8.79,E01013766,E01013766,E01013766,6.0,1.0,716.0,4.0
143857.0,4002.0,The Lancaster Academy,18.0,185.0,52.0,28.0,842,72.0,8.55,Urban: Nearer to a major town or city,LE2 6FU,East Midlands,856,Leicester,459327.0,301176.0,E02006817,E01013705,1,0,0,0,0,0,31.2,6.65,52.44,9.71,E01013705,E01013705,E01013705,4.0,9.0,,
144629.0,4006.0,Orchard Mead Academy,22.0,228.0,74.0,33.0,1135,527.0,46.43,Urban: Nearer to a major town or city,LE5 1RT,East Midlands,856,Leicester,464245.0,306482.0,E02006815,E01034017,1,0,0,0,0,0,61.07,5.34,25.84,7.75,E01034017,E01013695,E01013695,1.0,9.0,,
120277.0,4205.0,Crown Hills Community College,38.0,243.0,56.0,23.0,1399,658.0,47.03,Urban: Nearer to a major town or city,LE5 5FT,East Midlands,856,Leicester,461697.0,303796.0,E02002847,E01013747,1,0,0,0,0,0,82.62,3.75,3.6,10.04,E01013747,E01013747,E01013747,3.0,2.0,879.0,5.0
141916.0,4244.0,Rushey Mead Academy,60.0,319.0,88.0,28.0,1790,848.0,47.37,Urban: Nearer to a major town or city,LE4 7AN,East Midlands,856,Leicester,460229.0,307570.0,E02002833,E01013629,1,0,0,0,0,0,86.34,1.1,6.34,6.23,E01013629,E01013629,E01013629,3.0,3.0,626.0,3.0
120292.0,4267.0,Moat Community College,36.0,215.0,73.0,34.0,1099,521.0,47.41,Urban: Nearer to a major town or city,LE2 0TU,East Midlands,856,Leicester,459664.0,304298.0,E02002844,E01013746,1,0,0,0,0,0,75.39,8.67,5.8,10.14,E01013746,E01013746,E01013746,2.0,1.0,207.0,2.0
120298.0,4274.0,Fullhurst Community College,24.0,176.0,83.0,47.0,1131,561.0,49.6,Urban: Nearer to a major town or city,LE3 1AH,East Midlands,856,Leicester,456926.0,303150.0,E02002854,E01013641,1,0,0,0,0,0,16.95,7.23,68.4,7.42,E01013641,E01013641,E01013641,3.0,6.0,1297.0,6.0
120281.0,4242.0,Beaumont Leys School,38.0,206.0,59.0,29.0,1079,510.0,47.27,Urban: Nearer to a major town or city,LE4 0FL,East Midlands,856,Leicester,456860.0,306720.0,E02002830,E01013623,1,0,0,0,0,0,39.85,8.87,44.37,6.9,E01013623,E01013623,E01013623,5.0,5.0,1298.0,6.0
136629.0,5404.0,Uppingham Community College,52.0,194.0,10.0,5.0,911,453.0,49.73,Smaller rural: Further from a major town or city,LE15 9TJ,East Midlands,857,Rutland,486701.0,298778.0,E02002867,E01013806,0,0,0,0,0,1,4.44,0.99,91.67,2.9,E01013806,E01013806,E01013806,10.0,2.0,1495.0,7.0
137340.0,5405.0,Casterton College Rutland,64.0,138.0,22.0,16.0,686,362.0,52.77,Urban: Nearer to a major town or city,PE9 4AT,East Midlands,857,Rutland,500280.0,309404.0,E02002866,E01013805,1,0,0,0,0,0,0.15,0.59,97.41,1.85,E01013805,E01013805,E01013805,8.0,3.0,1893.0,9.0
136530.0,5406.0,Catmose College,46.0,174.0,17.0,10.0,989,513.0,51.87,Urban: Further from a major town or city,LE15 6RP,East Midlands,857,Rutland,485388.0,309063.0,E02002864,E01035103,0,1,0,0,0,0,0.83,1.83,95.17,2.16,E01035103,E01013801,E01013801,5.0,4.0,739.0,4.0
142277.0,4096.0,Newcastle Academy,22.0,74.0,26.0,35.0,378,184.0,48.68,Urban: Nearer to a major town or city,ST5 2QS,West Midlands,860,Staffordshire,383564.0,345157.0,E02006172,E01029601,1,0,0,0,0,0,7.69,0.7,88.46,3.16,E01029601,E01029601,E01029601,9.0,5.5,1893.0,9.0
136959.0,4153.0,The Cheadle Academy,26.0,73.0,16.0,22.0,462,261.0,56.49,Urban: Nearer to a major town or city,ST10 1LH,West Midlands,860,Staffordshire,400587.0,342676.0,E02006214,E01029787,1,0,0,0,0,0,2.59,0.05,95.23,2.13,E01029787,E01029787,E01029787,2.0,9.0,1495.0,7.0
138729.0,4610.0,Painsley Catholic College,61.0,203.0,16.0,8.0,1322,668.0,50.53,Urban: Nearer to a major town or city,ST10 1LH,West Midlands,860,Staffordshire,400730.0,342629.0,E02006214,E01029787,1,0,0,0,0,0,2.59,0.05,95.23,2.13,E01029787,E01029787,E01029787,2.0,9.0,1495.0,7.0
142313.0,4070.0,Kingsmead School,31.0,200.0,34.0,17.0,1111,553.0,49.77,Urban: Nearer to a major town or city,WS12 1DH,West Midlands,860,Staffordshire,400426.0,311623.0,E02006125,E01029393,1,0,0,0,0,0,0.96,0.57,97.45,1.02,E01029393,E01029393,E01029393,7.0,8.0,1653.0,8.0
137356.0,4143.0,Biddulph High School,39.0,192.0,45.0,23.0,737,370.0,50.2,Urban: Nearer to a major town or city,ST8 7AR,West Midlands,860,Staffordshire,388754.0,356449.0,E02006207,E01029771,1,0,0,0,0,0,0.44,0.13,98.18,1.26,E01029771,E01029771,E01029771,8.0,9.0,1390.0,7.0
137100.0,4002.0,The Hart School,35.0,182.0,50.0,28.0,1121,575.0,51.29,Urban: Nearer to a major town or city,WS15 2UE,West Midlands,860,Staffordshire,403440.0,317957.0,E02006118,E01029370,1,0,0,0,0,0,0.8,0.22,97.81,1.17,E01029370,E01029370,E01029370,9.0,5.0,1893.0,9.0
137146.0,4004.0,"Landau Forte Academy, QEMS",22.0,112.0,25.0,22.0,701,357.0,50.93,Urban: Nearer to a major town or city,B79 8AH,West Midlands,860,Staffordshire,420894.0,304888.0,E02006217,E01029853,1,0,0,0,0,0,1.26,0.46,95.86,2.41,E01029853,E01029853,E01029853,6.0,10.0,1893.0,9.0
137164.0,4005.0,Staffordshire University Academy,17.0,114.0,44.0,39.0,597,313.0,52.43,Urban: Nearer to a major town or city,WS12 4JH,West Midlands,860,Staffordshire,398943.0,312674.0,E02006122,E01034097,1,0,0,0,0,0,1.98,0.17,96.47,1.38,E01034097,E01029384,E01029384,9.0,5.0,1893.0,9.0
138351.0,4007.0,The Rural Enterprise Academy,25.0,48.0,13.0,27.0,154,97.0,62.99,Smaller rural: Nearer to a major town or city,ST19 5PH,West Midlands,860,Staffordshire,392176.0,311645.0,E02006174,E01029658,0,0,0,0,1,0,1.26,0.44,95.54,2.77,E01029658,E01029658,E01029658,4.0,5.0,1893.0,9.0
141342.0,4009.0,Kinver High School and Sixth Form,46.0,101.0,15.0,15.0,583,291.0,49.91,Larger rural: Nearer to a major town or city,DY7 6AA,West Midlands,860,Staffordshire,384385.0,283945.0,E02006187,E01029650,0,0,1,0,0,0,1.09,0.34,96.88,1.7,E01029650,E01029650,E01029650,9.0,4.0,1241.0,6.0
141343.0,4010.0,Wombourne High School,42.0,146.0,20.0,14.0,923,464.0,50.27,Urban: Nearer to a major town or city,WV5 8BJ,West Midlands,860,Staffordshire,386764.0,293104.0,E02006186,E01029674,1,0,0,0,0,0,1.17,0.47,96.72,1.64,E01029674,E01029674,E01029674,10.0,1.0,1117.0,6.0
142015.0,4013.0,Wolstanton High Academy,24.0,168.0,38.0,23.0,820,391.0,47.68,Urban: Nearer to a major town or city,ST5 9JU,West Midlands,860,Staffordshire,385136.0,347781.0,E02006166,E01029612,1,0,0,0,0,0,1.47,0.17,96.97,1.39,E01029612,E01029612,E01029612,7.0,9.0,1653.0,8.0
124392.0,4055.0,Paget High School,35.0,156.0,44.0,28.0,895,459.0,51.28,Urban: Nearer to a major town or city,DE14 3DR,West Midlands,860,Staffordshire,423188.0,321059.0,E02006143,E01029416,1,0,0,0,0,0,10.43,2.15,82.64,4.79,E01029416,E01029416,E01029416,9.0,5.0,903.0,5.0
136323.0,4061.0,John Taylor High School,61.0,223.0,22.0,10.0,1583,811.0,51.23,Larger rural: Nearer to a major town or city,DE13 8AZ,West Midlands,860,Staffordshire,418939.0,318618.0,E02006145,E01029441,0,0,1,0,0,0,1.01,0.57,96.98,1.44,E01029441,E01029441,E01029441,10.0,3.0,1653.0,8.0
124400.0,4075.0,Codsall Community High School,37.0,206.0,34.0,17.0,989,442.0,44.69,Urban: Nearer to a major town or city,WV8 1PQ,West Midlands,860,Staffordshire,387371.0,303130.0,E02006182,E01029628,1,0,0,0,0,0,5.3,0.91,90.57,3.23,E01029628,E01029628,E01029628,10.0,1.0,1351.0,7.0
142755.0,4086.0,Westwood College,44.0,178.0,16.0,9.0,776,393.0,50.64,Urban: Nearer to a major town or city,ST13 8NP,West Midlands,860,Staffordshire,396582.0,356323.0,E02006209,E01029815,1,0,0,0,0,0,0.62,0.14,98.61,0.62,E01029815,E01029815,E01029815,9.0,7.0,1653.0,8.0
140470.0,4093.0,Chesterton Community Sports College,29.0,136.0,47.0,35.0,794,415.0,52.27,Urban: Nearer to a major town or city,ST5 7LP,West Midlands,860,Staffordshire,383091.0,349053.0,E02006164,E01029559,1,0,0,0,0,0,1.97,0.68,95.99,1.36,E01029559,E01029559,E01029559,6.0,10.0,1893.0,9.0
142987.0,4111.0,Walton High School,51.0,208.0,16.0,8.0,1319,692.0,52.46,Urban: Nearer to a major town or city,ST17 0LJ,West Midlands,860,Staffordshire,395348.0,320972.0,E02006201,E01034051,1,0,0,0,0,0,2.6,0.88,94.39,2.14,E01034051,E01029730,E01029730,9.5,2.0,1069.0,5.0
136414.0,4176.0,The de Ferrers Academy,43.0,340.0,75.0,22.0,2167,1113.0,51.36,Urban: Nearer to a major town or city,DE13 0LL,West Midlands,860,Staffordshire,424297.0,325850.0,E02006137,E01029437,1,0,0,0,0,0,9.26,2.16,82.7,5.88,E01029437,E01029437,E01029437,3.0,9.0,1390.0,7.0
142983.0,4180.0,Sir Graham Balfour High School,30.0,162.0,24.0,15.0,946,445.0,47.04,Urban: Nearer to a major town or city,ST16 1NR,West Midlands,860,Staffordshire,391654.0,325668.0,E02006193,E01029718,1,0,0,0,0,0,6.38,1.37,90.56,1.69,E01029718,E01029718,E01029718,9.0,5.0,987.0,5.0
137553.0,4183.0,The Weston Road Academy,46.0,149.0,19.0,13.0,927,437.0,47.14,Urban: Nearer to a major town or city,ST18 0YG,West Midlands,860,Staffordshire,395018.0,324088.0,E02006198,E01034049,1,0,0,0,0,0,3.72,0.78,91.98,3.52,E01034049,E01029732,E01029732,10.0,2.0,1203.0,6.0
124449.0,4500.0,Abbot Beyne School,32.0,110.0,33.0,30.0,756,358.0,47.35,Urban: Nearer to a major town or city,DE15 0JL,West Midlands,860,Staffordshire,426014.0,323358.0,E02006140,E01029471,1,0,0,0,0,0,4.55,1.08,90.8,3.58,E01029471,E01029471,E01029471,9.0,9.0,346.0,2.0
142193.0,4607.0,Blessed William Howard Catholic School,45.0,146.0,26.0,18.0,851,448.0,52.64,Urban: Nearer to a major town or city,ST17 9AB,West Midlands,860,Staffordshire,391824.0,322492.0,E02006199,E01029738,1,0,0,0,0,0,2.64,0.45,94.65,2.26,E01029738,E01029738,E01029738,9.0,5.0,302.0,2.0
137384.0,5401.0,Cannock Chase High School,33.0,129.0,46.0,36.0,841,456.0,54.22,Urban: Nearer to a major town or city,WS11 1JT,West Midlands,860,Staffordshire,398494.0,310725.0,E02006128,E01029367,1,0,0,0,0,0,1.31,1.0,95.11,2.58,E01029367,E01029367,E01029367,5.0,7.0,1653.0,8.0
124467.0,5402.0,Stafford Manor High School,40.0,47.0,18.0,38.0,340,178.0,52.35,Urban: Nearer to a major town or city,ST17 9DJ,West Midlands,860,Staffordshire,392220.0,320909.0,E02006200,E01029727,1,0,0,0,0,0,2.15,1.08,92.07,4.7,E01029727,E01029727,E01029727,2.0,9.0,1298.0,6.0
136886.0,5404.0,Erasmus Darwin Academy,59.0,159.0,13.0,8.0,1038,495.0,47.69,Urban: Nearer to a major town or city,WS7 3QW,West Midlands,860,Staffordshire,404416.0,307845.0,E02006151,E01034104,1,0,0,0,0,0,1.25,0.27,97.02,1.46,E01034104,E01029497,E01029497,5.0,7.0,1893.0,9.0
139234.0,6906.0,The JCB Academy,32.0,189.0,25.0,13.0,697,155.0,22.24,Larger rural: Nearer to a major town or city,ST14 5JX,West Midlands,860,Staffordshire,411020.0,339266.0,E02006131,E01029423,0,0,1,0,0,0,0.58,0.26,96.63,2.53,E01029423,E01029423,E01029423,6.0,8.0,1653.0,8.0
138435.0,4006.0,Tamworth Enterprise College and AET Academy,16.0,137.0,48.0,35.0,593,293.0,49.41,Urban: Nearer to a major town or city,B77 2NE,West Midlands,860,Staffordshire,422493.0,302093.0,E02006226,E01029829,1,0,0,0,0,0,1.09,0.37,96.4,2.14,E01029829,E01029829,E01029829,5.0,7.5,1893.0,9.0
124395.0,4066.0,Norton Canes High School,19.0,72.0,21.0,29.0,485,218.0,44.95,Larger rural: Nearer to a major town or city,WS11 9SP,West Midlands,860,Staffordshire,402344.0,309035.0,E02006130,E01029394,0,0,1,0,0,0,0.79,0.13,97.36,1.72,E01029394,E01029394,E01029394,5.0,4.0,1893.0,9.0
142711.0,4085.0,Leek High School,25.0,93.0,25.0,27.0,366,195.0,53.28,Urban: Nearer to a major town or city,ST13 6EU,West Midlands,860,Staffordshire,399437.0,356669.0,E02006204,E01029806,1,0,0,0,0,0,0.68,0.2,98.29,0.82,E01029806,E01029806,E01029806,7.0,6.0,1298.0,6.0
124408.0,4087.0,King Edward VI School,64.0,209.0,21.0,10.0,1378,702.0,50.94,Urban: Nearer to a major town or city,WS14 9EE,West Midlands,860,Staffordshire,412110.0,308740.0,E02006152,E01029519,1,0,0,0,0,0,3.12,1.21,92.54,3.12,E01029519,E01029519,E01029519,6.0,4.0,1893.0,9.0
140154.0,4090.0,Madeley High School,55.0,115.0,17.0,15.0,641,320.0,49.92,Larger rural: Nearer to a major town or city,CW3 9JJ,West Midlands,860,Staffordshire,377366.0,344914.0,E02006170,E01029573,0,0,1,0,0,0,0.78,0.64,97.24,1.34,E01029573,E01029573,E01029573,9.0,5.0,1893.0,9.0
142278.0,4094.0,Clayton Hall Academy,37.0,192.0,30.0,16.0,966,482.0,49.9,Urban: Nearer to a major town or city,ST5 3DN,West Midlands,860,Staffordshire,385402.0,343521.0,E02006172,E01033257,1,0,0,0,0,0,7.69,0.7,88.46,3.16,E01033257,E01033257,E01033257,9.0,5.5,1653.0,8.0
140123.0,4112.0,Alleyne's Academy,45.0,188.0,26.0,14.0,793,418.0,52.71,Urban: Nearer to a major town or city,ST15 8DT,West Midlands,860,Staffordshire,390635.0,334814.0,E02006190,E01029746,1,0,0,0,0,0,1.01,0.13,97.04,1.82,E01029746,E01029746,E01029746,7.0,4.0,675.0,4.0
138936.0,4123.0,The Wilnecote School,29.0,133.0,33.0,25.0,716,340.0,47.49,Urban: Nearer to a major town or city,B77 5LF,West Midlands,860,Staffordshire,422751.0,300880.0,E02006226,E01029867,1,0,0,0,0,0,1.09,0.37,96.4,2.14,E01029867,E01029867,E01029867,5.0,7.5,1893.0,9.0
138728.0,4158.0,The Rawlett School (An Aet Academy),30.0,195.0,33.0,17.0,1003,466.0,46.46,Smaller rural: Nearer to a major town or city,B79 9AA,West Midlands,860,Staffordshire,420170.0,306074.0,E02006153,E01029517,0,0,0,0,1,0,1.06,0.1,97.31,1.54,E01029517,E01029517,E01029517,8.0,5.0,1893.0,9.0
140802.0,4713.0,St John Fisher Catholic College,30.0,164.0,33.0,20.0,1010,499.0,49.41,Urban: Nearer to a major town or city,ST5 2SJ,West Midlands,860,Staffordshire,384320.0,346549.0,E02006168,E01029555,1,0,0,0,0,0,5.02,2.62,88.35,4.01,E01029555,E01029555,E01029555,3.0,9.0,1653.0,8.0
136136.0,6905.0,"Landau Forte Academy, Amington",24.0,152.0,46.0,30.0,830,371.0,44.7,Urban: Nearer to a major town or city,B77 4FF,West Midlands,860,Staffordshire,423021.0,303889.0,E02006220,E01029844,1,0,0,0,0,0,1.02,0.17,96.27,2.54,E01029844,E01029844,E01029844,9.0,6.0,1653.0,8.0
136102.0,6905.0,Co-op Academy Stoke-On-Trent,33.0,158.0,69.0,44.0,914,436.0,47.7,Urban: Nearer to a major town or city,ST6 4LD,West Midlands,861,Stoke-on-Trent,386069.0,350477.0,E02002955,E01014356,1,0,0,0,0,0,26.51,3.54,63.75,6.21,E01014356,E01014356,E01014356,3.0,9.0,1173.0,6.0
136824.0,4000.0,St Peter's CofE Academy,31.0,194.0,62.0,32.0,948,487.0,51.37,Urban: Nearer to a major town or city,ST4 2RR,West Midlands,861,Stoke-on-Trent,388754.0,345291.0,E02002970,E01014276,1,0,0,0,0,0,5.96,3.45,87.41,3.18,E01014276,E01014276,E01014276,3.0,9.0,972.0,5.0
139068.0,4002.0,Thistley Hough Academy,23.0,133.0,59.0,44.0,806,402.0,49.88,Urban: Nearer to a major town or city,ST4 5JJ,West Midlands,861,Stoke-on-Trent,386524.0,344751.0,E02002973,E01014341,1,0,0,0,0,0,16.5,3.54,74.3,5.67,E01014341,E01014341,E01014341,2.0,7.0,1089.0,6.0
142186.0,4006.0,Ormiston Meridian Academy,35.0,147.0,77.0,52.0,856,451.0,52.69,Urban: Nearer to a major town or city,ST3 7DF,West Midlands,861,Stoke-on-Trent,392186.0,341575.0,E02002981,E01014316,1,0,0,0,0,0,4.59,2.61,90.25,2.55,E01014316,E01014316,E01014316,1.0,9.0,,
140633.0,4038.0,The Excel Academy,49.0,161.0,50.0,31.0,1037,497.0,47.93,Urban: Nearer to a major town or city,ST1 6LG,West Midlands,861,Stoke-on-Trent,389550.0,349865.0,E02002958,E01014271,1,0,0,0,0,0,5.5,1.05,89.27,4.19,E01014271,E01014271,E01014271,3.0,9.0,1203.0,6.0
138549.0,4173.0,Haywood Academy,29.0,194.0,85.0,44.0,1163,590.0,50.73,Urban: Nearer to a major town or city,ST6 7AB,West Midlands,861,Stoke-on-Trent,387470.0,350864.0,E02002956,E01014243,1,0,0,0,0,0,5.53,0.99,90.22,3.26,E01014243,E01014243,E01014243,3.5,9.5,972.0,5.0
140149.0,4711.0,St Margaret Ward Catholic Academy,32.0,202.0,41.0,20.0,1099,586.0,53.32,Urban: Nearer to a major town or city,ST6 6LZ,West Midlands,861,Stoke-on-Trent,386883.0,352285.0,E02002956,E01014241,1,0,0,0,0,0,5.53,0.99,90.22,3.26,E01014241,E01014241,E01014241,3.5,9.5,1.0,1.0
136680.0,4712.0,Ormiston Horizon Academy,25.0,160.0,73.0,46.0,1000,498.0,49.8,Urban: Nearer to a major town or city,ST6 6JZ,West Midlands,861,Stoke-on-Trent,386948.0,352806.0,E02002951,E01014259,1,0,0,0,0,0,1.29,0.19,96.12,2.39,E01014259,E01014259,E01014259,4.0,10.0,1390.0,7.0
136681.0,4714.0,Discovery Academy,28.0,206.0,95.0,46.0,1145,565.0,49.34,Urban: Nearer to a major town or city,ST2 0GA,West Midlands,861,Stoke-on-Trent,392269.0,345517.0,E02002967,E01014223,1,0,0,0,0,0,2.02,3.77,92.3,1.91,E01014223,E01014223,E01014223,1.0,10.0,1495.0,7.0
140304.0,5400.0,St Thomas More Catholic Academy,33.0,164.0,47.0,29.0,1039,536.0,51.59,Urban: Nearer to a major town or city,ST3 2NJ,West Midlands,861,Stoke-on-Trent,390215.0,343403.0,E02002977,E01014313,1,0,0,0,0,0,2.53,2.06,93.48,1.93,E01014313,E01014313,E01014313,3.0,10.0,1111.0,6.0
136145.0,6906.0,Ormiston Sir Stanley Matthews Academy,45.0,200.0,76.0,38.0,1087,556.0,51.15,Urban: Nearer to a major town or city,ST3 3JD,West Midlands,861,Stoke-on-Trent,389187.0,341775.0,E02002982,E01014237,1,0,0,0,0,0,2.45,2.63,93.61,1.31,E01014237,E01014237,E01014237,2.0,10.0,1653.0,8.0
138885.0,4002.0,The Clarendon Academy,28.0,146.0,48.0,33.0,870,426.0,48.97,Urban: Nearer to a major town or city,BA14 0DJ,South West,865,Wiltshire,384913.0,156961.0,E02006688,E01032090,1,0,0,0,0,0,2.81,0.82,93.63,2.74,E01032090,E01032090,E01032090,6.0,7.0,597.0,3.0
137308.0,4064.0,Malmesbury School,54.0,239.0,26.0,11.0,1359,667.0,49.08,Larger rural: Further from a major town or city,SN16 0DF,South West,865,Wiltshire,392478.0,187434.0,E02006645,E01031949,0,0,0,1,0,0,2.02,0.93,94.92,2.13,E01031949,E01031949,E01031949,9.0,2.0,1203.0,6.0
136611.0,4066.0,The Corsham School,43.0,187.0,33.0,18.0,1101,530.0,48.14,Urban: Nearer to a major town or city,SN13 9DF,South West,865,Wiltshire,386724.0,170180.0,E02006660,E01031932,1,0,0,0,0,0,0.76,0.13,98.28,0.83,E01031932,E01031932,E01031932,6.0,5.0,950.0,5.0
143005.0,4071.0,Avon Valley College,30.0,74.0,9.0,12.0,410,189.0,46.1,Urban: Further from a major town or city,SP4 8HH,South West,865,Wiltshire,416123.0,144625.0,E02006662,E01031997,0,1,0,0,0,0,1.33,0.15,97.56,0.96,E01031997,E01031997,E01031997,9.0,5.0,1893.0,9.0
138020.0,4075.0,The John of Gaunt School,32.0,189.0,52.0,28.0,1067,499.0,46.77,Urban: Nearer to a major town or city,BA14 9EH,South West,865,Wiltshire,384744.0,157540.0,E02006686,E01032098,1,0,0,0,0,0,2.47,0.74,94.14,2.65,E01032098,E01032098,E01032098,6.0,3.0,568.0,3.0
137057.0,4537.0,St Laurence School,57.0,224.0,33.0,15.0,1405,722.0,51.39,Larger rural: Nearer to a major town or city,BA15 1DZ,South West,865,Wiltshire,382047.0,161480.0,E02006682,E01032045,0,0,1,0,0,0,0.4,0.17,97.81,1.61,E01032045,E01032045,E01032045,8.0,4.0,846.0,5.0
137375.0,5400.0,St Augustine's Catholic College,60.0,149.0,13.0,9.0,974,489.0,50.21,Urban: Nearer to a major town or city,BA14 9EN,South West,865,Wiltshire,384738.0,157672.0,E02006684,E01032085,1,0,0,0,0,0,2.08,0.94,94.28,2.7,E01032085,E01032085,E01032085,9.0,6.0,568.0,3.0
136389.0,5402.0,Lavington School,60.0,126.0,18.0,14.0,740,356.0,48.11,Smaller rural: Further from a major town or city,SN10 4EB,South West,865,Wiltshire,400821.0,154166.0,E02006641,E01031858,0,0,0,0,0,1,1.13,0.59,96.83,1.45,E01031858,E01031858,E01031858,9.0,1.0,1117.0,6.0
136632.0,5404.0,Sheldon School,46.0,279.0,50.0,18.0,1724,838.0,48.61,Urban: Nearer to a major town or city,SN14 6HJ,South West,865,Wiltshire,390788.0,174252.0,E02006652,E01031919,1,0,0,0,0,0,2.97,1.03,93.64,2.36,E01031919,E01031919,E01031919,8.0,1.0,903.0,5.0
126510.0,5415.0,Matravers School,31.0,131.0,40.0,31.0,851,453.0,53.23,Urban: Further from a major town or city,BA13 3QH,South West,865,Wiltshire,386908.0,150891.0,E02007023,E01032117,0,1,0,0,0,0,1.11,0.33,96.98,1.59,E01032117,E01032117,E01032117,5.0,7.0,846.0,5.0
135804.0,6905.0,The Wellington Academy,20.0,137.0,17.0,12.0,859,431.0,50.17,Smaller rural: Further from a major town or city,SP11 9RR,South West,865,Wiltshire,425265.0,150247.0,E02007025,E01034555,0,0,0,0,0,1,4.04,5.01,86.31,4.64,E01034555,E01031878,E01031878,9.0,4.0,1893.0,9.0
136183.0,6906.0,Sarum Academy,22.0,65.0,30.0,46.0,429,212.0,49.42,Urban: Further from a major town or city,SP2 9HS,South West,865,Wiltshire,411604.0,131859.0,E02006667,E01031981,0,1,0,0,0,0,3.24,0.89,93.34,2.54,E01031981,E01031981,E01031981,2.0,9.0,739.0,4.0
136911.0,4067.0,Royal Wootton Bassett Academy,55.0,297.0,32.0,11.0,1795,918.0,51.14,Urban: Nearer to a major town or city,SN4 7HG,South West,865,Wiltshire,406853.0,183247.0,E02006649,E01031963,1,0,0,0,0,0,3.49,3.77,89.2,3.54,E01031963,E01031963,E01031963,3.0,8.0,1117.0,6.0
126458.0,4070.0,The Stonehenge School,37.0,109.0,13.0,12.0,754,359.0,47.61,Urban: Further from a major town or city,SP4 7PW,South West,865,Wiltshire,416090.0,141740.0,E02006663,E01031974,0,1,0,0,0,0,0.76,1.45,96.57,1.22,E01031974,E01031974,E01031974,7.0,7.0,1653.0,8.0
137230.0,4072.0,Kingdown School,49.0,263.0,52.0,20.0,1542,773.0,50.13,Urban: Further from a major town or city,BA12 9DR,South West,865,Wiltshire,388640.0,144808.0,E02006692,E01032105,0,1,0,0,0,0,1.37,0.48,96.5,1.65,E01032105,E01032105,E01032105,9.0,5.0,987.0,5.0
126473.0,4610.0,St Joseph's Catholic School,33.0,98.0,11.0,11.0,550,203.0,36.91,Urban: Further from a major town or city,SP1 1QY,South West,865,Wiltshire,416173.0,131347.0,E02006672,E01032012,0,1,0,0,0,0,1.84,0.28,96.43,1.45,E01032012,E01032012,E01032012,10.0,5.0,1117.0,6.0
138623.0,5405.0,St John's Marlborough,60.0,260.0,26.0,10.0,1662,863.0,51.93,Larger rural: Nearer to a major town or city,SN8 4AX,South West,865,Wiltshire,418984.0,168509.0,E02006635,E01031865,0,0,1,0,0,0,2.57,0.86,93.27,3.31,E01031865,E01031865,E01031865,9.0,4.0,1390.0,7.0
137650.0,5406.0,Kingsbury Green Academy,41.0,136.0,28.0,21.0,779,380.0,48.78,Urban: Nearer to a major town or city,SN11 8YH,South West,865,Wiltshire,399865.0,169958.0,E02006658,E01031903,1,0,0,0,0,0,0.62,0.35,97.13,1.9,E01031903,E01031903,E01031903,8.0,4.0,987.0,5.0
142316.0,5408.0,Bradon Forest School,48.0,180.0,27.0,15.0,1018,540.0,53.05,Larger rural: Nearer to a major town or city,SN5 4AT,South West,865,Wiltshire,408962.0,187413.0,E02006646,E01031956,0,0,1,0,0,0,0.65,1.09,96.0,2.25,E01031956,E01031956,E01031956,5.0,6.0,1653.0,8.0
138630.0,5411.0,Devizes School,44.0,142.0,29.0,20.0,992,506.0,51.01,Urban: Further from a major town or city,SN10 3AG,South West,865,Wiltshire,400971.0,161271.0,E02006637,E01031852,0,1,0,0,0,0,2.62,0.63,95.0,1.75,E01031852,E01031852,E01031852,6.0,6.0,788.0,4.0
136296.0,5414.0,Hardenhuish School,52.0,255.0,30.0,12.0,1492,724.0,48.53,Urban: Nearer to a major town or city,SN14 6RJ,South West,865,Wiltshire,390942.0,174658.0,E02006652,E01031919,1,0,0,0,0,0,2.97,1.03,93.64,2.36,E01031919,E01031919,E01031919,8.0,1.0,987.0,5.0
145155.0,4004.0,UTC Swindon,18.0,57.0,19.0,33.0,121,15.0,12.4,Urban: Nearer to a major town or city,SN1 5ET,South West,866,Swindon,414387.0,184776.0,E02003226,E01015477,1,0,0,0,0,0,19.48,4.64,67.54,8.35,E01015477,E01015477,E01015477,5.0,9.0,,
137684.0,4060.0,The Dorcan Academy,37.0,147.0,40.0,27.0,744,355.0,47.72,Urban: Nearer to a major town or city,SN3 5DA,South West,866,Swindon,418793.0,184626.0,E02003234,E01015492,1,0,0,0,0,0,7.99,3.21,84.31,4.49,E01015492,E01015492,E01015492,2.0,6.0,987.0,5.0
140515.0,4084.0,Nova Hreod Academy,50.0,147.0,38.0,26.0,789,354.0,44.87,Urban: Nearer to a major town or city,SN2 2NQ,South West,866,Swindon,413422.0,186735.0,E02003217,E01015530,1,0,0,0,0,0,8.56,2.52,85.26,3.66,E01015530,E01015530,E01015530,3.0,9.0,1390.0,7.0
137264.0,4086.0,Lydiard Park Academy,42.0,194.0,40.0,21.0,1208,580.0,48.01,Urban: Nearer to a major town or city,SN5 6HN,South West,866,Swindon,410778.0,184358.0,E02003229,E01015499,1,0,0,0,0,0,5.33,1.42,88.42,4.83,E01015499,E01015499,E01015499,7.0,7.0,658.0,4.0
136980.0,5409.0,St Joseph's Catholic College,35.0,234.0,40.0,17.0,1277,630.0,49.33,Urban: Nearer to a major town or city,SN3 3LR,South West,866,Swindon,416482.0,185122.0,E02003228,E01015479,1,0,0,0,0,0,22.71,3.5,69.6,4.2,E01015479,E01015479,E01015479,7.0,5.5,385.0,2.0
144773.0,4002.0,Lawn Manor Academy,30.0,135.0,44.0,33.0,772,350.0,45.34,Urban: Nearer to a major town or city,SN3 1ER,South West,866,Swindon,416539.0,184052.0,E02003228,E01015576,1,0,0,0,0,0,22.71,3.5,69.6,4.2,E01015576,E01015576,E01015576,7.0,5.5,,
145139.0,4003.0,Kingsdown School,39.0,209.0,45.0,22.0,1026,497.0,48.44,Urban: Nearer to a major town or city,SN2 7SH,South West,866,Swindon,416795.0,188147.0,E02003216,E01015557,1,0,0,0,0,0,4.22,0.89,91.56,3.33,E01015557,E01015557,E01015557,8.0,6.0,,
137190.0,5410.0,The Commonweal School,34.0,224.0,40.0,18.0,1386,711.0,51.3,Urban: Nearer to a major town or city,SN1 4JE,South West,866,Swindon,414807.0,183381.0,E02003232,E01032707,1,0,0,0,0,0,5.73,1.62,88.77,3.87,E01032707,E01032707,E01032707,10.0,4.0,898.0,5.0
137160.0,5417.0,The Ridgeway School & Sixth Form College,52.0,234.0,19.0,8.0,1542,779.0,50.52,Larger rural: Nearer to a major town or city,SN4 9DJ,South West,866,Swindon,414532.0,181173.0,E02003236,E01015584,0,0,1,0,0,0,0.77,0.35,96.56,2.32,E01015584,E01015584,E01015584,7.0,9.0,1495.0,7.0
142577.0,4000.0,The Brakenhale School,31.0,163.0,37.0,23.0,1076,529.0,49.16,Urban: Nearer to a major town or city,RG12 7BA,South East,867,Bracknell Forest,486977.0,168328.0,E02003358,E01016233,1,0,0,0,0,0,11.11,4.21,77.7,6.98,E01016233,E01016233,E01016233,4.5,6.5,297.0,2.0
110069.0,4059.0,Garth Hill College,38.0,254.0,42.0,17.0,1595,734.0,46.02,Urban: Nearer to a major town or city,RG42 2AD,South East,867,Bracknell Forest,487225.0,169706.0,E02003354,E01016238,1,0,0,0,0,0,6.22,1.48,86.88,5.42,E01016238,E01016238,E01016238,7.0,6.0,1117.0,6.0
137267.0,4603.0,Ranelagh School,66.0,160.0,16.0,10.0,985,557.0,56.55,Urban: Nearer to a major town or city,RG12 9DA,South East,867,Bracknell Forest,487301.0,168759.0,E02003358,E01035243,1,0,0,0,0,0,11.11,4.21,77.7,6.98,E01035243,E01016225,E01016225,4.5,6.5,277.0,2.0
138879.0,4000.0,Desborough College,43.0,125.0,21.0,17.0,904,4.0,0.44,Urban: Nearer to a major town or city,SL6 2QB,South East,868,Windsor and Maidenhead,488422.0,180425.0,E02003424,E01016592,1,0,0,0,0,0,19.42,2.05,73.35,5.17,E01016592,E01016592,E01016592,9.0,7.0,415.0,3.0
138823.0,4029.0,Charters School,54.0,245.0,30.0,12.0,1655,819.0,49.49,Urban: Nearer to a major town or city,SL5 9QY,South East,868,Windsor and Maidenhead,493914.0,166793.0,E02003438,E01016604,1,0,0,0,0,0,9.71,0.98,83.79,5.52,E01016604,E01016604,E01016604,9.0,3.0,675.0,4.0
142357.0,4036.0,Newlands Girls' School,62.0,187.0,21.0,11.0,1152,1152.0,100.0,Urban: Nearer to a major town or city,SL6 5JB,South East,868,Windsor and Maidenhead,486268.0,181116.0,E02003426,E01016602,1,0,0,0,0,0,14.27,0.76,80.46,4.5,E01016602,E01016602,E01016602,10.0,1.5,739.0,4.0
141852.0,4046.0,Windsor Girls' School,52.0,166.0,23.0,14.0,692,692.0,100.0,Urban: Nearer to a major town or city,SL4 3RT,South East,868,Windsor and Maidenhead,495294.0,175649.0,E02003434,E01016548,1,0,0,0,0,0,9.2,1.84,83.08,5.89,E01016548,E01016548,E01016548,10.0,1.0,658.0,4.0
137740.0,4055.0,Furze Platt Senior School,53.0,196.0,32.0,16.0,1308,508.0,38.84,Urban: Nearer to a major town or city,SL6 7NQ,South East,868,Windsor and Maidenhead,487440.0,182646.0,E02003421,E01016572,1,0,0,0,0,0,11.99,0.15,83.16,4.71,E01016572,E01016572,E01016572,6.0,2.0,987.0,5.0
137695.0,4056.0,Cox Green School,40.0,162.0,23.0,14.0,1057,537.0,50.8,Urban: Nearer to a major town or city,SL6 3AX,South East,868,Windsor and Maidenhead,486376.0,179567.0,E02003428,E01016560,1,0,0,0,0,0,8.22,2.37,84.6,4.81,E01016560,E01016560,E01016560,5.0,7.0,846.0,5.0
133580.0,4084.0,Churchmead Church of England (VA) School,26.0,57.0,16.0,28.0,317,159.0,50.16,Larger rural: Nearer to a major town or city,SL3 9JQ,South East,868,Windsor and Maidenhead,498699.0,177282.0,E02003431,E01016565,0,0,1,0,0,0,20.23,1.31,70.94,7.52,E01016565,E01016565,E01016565,10.0,3.0,1351.0,7.0
138342.0,4506.0,Altwood CofE Secondary School,33.0,73.0,13.0,18.0,485,193.0,39.79,Urban: Nearer to a major town or city,SL6 4PU,South East,868,Windsor and Maidenhead,486779.0,180447.0,E02003426,E01016534,1,0,0,0,0,0,14.27,0.76,80.46,4.5,E01016534,E01016534,E01016534,10.0,1.5,547.0,3.0
139971.0,4001.0,Holyport College,54.0,87.0,16.0,18.0,503,239.0,47.51,Urban: Nearer to a major town or city,SL6 3LE,South East,868,Windsor and Maidenhead,488449.0,176947.0,E02003429,E01016543,1,0,0,0,0,0,5.84,3.33,87.24,3.59,E01016543,E01016543,E01016543,10.0,2.0,1241.0,6.0
141844.0,4044.0,The Windsor Boys' School,46.0,178.0,21.0,12.0,843,,,Urban: Nearer to a major town or city,SL4 5EH,South East,868,Windsor and Maidenhead,495853.0,176888.0,E02003432,E01016547,1,0,0,0,0,0,5.81,0.57,86.74,6.89,E01016547,E01016547,E01016547,9.0,1.0,341.0,2.0
110048.0,4031.0,The Willink School,64.0,169.0,18.0,11.0,1083,531.0,49.03,Larger rural: Nearer to a major town or city,RG7 3XJ,South East,869,West Berkshire,464767.0,166788.0,E02003381,E01016267,0,0,1,0,0,0,2.36,0.81,93.66,3.17,E01016267,E01016267,E01016267,9.0,2.0,1241.0,6.0
142822.0,4001.0,John O'gaunt School,39.0,70.0,11.0,16.0,364,189.0,51.92,Larger rural: Further from a major town or city,RG17 0AN,South East,869,West Berkshire,433847.0,167463.0,E02003376,E01016297,0,0,0,1,0,0,0.43,0.18,97.13,2.26,E01016297,E01016297,E01016297,6.0,4.0,,
136647.0,4042.0,Kennet School,38.0,279.0,46.0,17.0,1786,881.0,49.33,Urban: Nearer to a major town or city,RG19 4LL,South East,869,West Berkshire,452361.0,167235.0,E02003383,E01016337,1,0,0,0,0,0,3.32,1.38,92.03,3.27,E01016337,E01016337,E01016337,7.0,4.0,491.0,3.0
110063.0,4052.0,Little Heath School,51.0,250.0,41.0,16.0,1602,835.0,52.12,Urban: Nearer to a major town or city,RG31 5TY,South East,869,West Berkshire,465536.0,173322.0,E02003371,E01016258,1,0,0,0,0,0,2.25,1.61,94.46,1.67,E01016258,E01016258,E01016258,10.0,6.0,394.0,3.0
138525.0,4055.0,Trinity School,37.0,159.0,36.0,23.0,956,473.0,49.48,Urban: Nearer to a major town or city,RG14 2DU,South East,869,West Berkshire,447496.0,168458.0,E02003378,E01016324,1,0,0,0,0,0,1.64,0.78,94.65,2.92,E01016324,E01016324,E01016324,8.0,3.0,581.0,3.0
137465.0,5402.0,St Bartholomew's School,60.0,247.0,18.0,7.0,1811,940.0,51.91,Urban: Nearer to a major town or city,RG14 6JP,South East,869,West Berkshire,446597.0,166128.0,E02003387,E01016291,1,0,0,0,0,0,2.05,0.79,93.96,3.21,E01016291,E01016291,E01016291,10.0,2.0,581.0,3.0
137777.0,5404.0,Denefield School,36.0,170.0,33.0,19.0,1146,625.0,54.54,Urban: Nearer to a major town or city,RG31 6XY,South East,869,West Berkshire,465665.0,175151.0,E02003370,E01016315,1,0,0,0,0,0,3.02,1.67,90.62,4.69,E01016315,E01016315,E01016315,9.0,3.0,987.0,5.0
139268.0,4000.0,UTC Reading,47.0,97.0,17.0,18.0,453,69.0,15.23,Urban: Nearer to a major town or city,RG1 5RQ,South East,870,Reading,473728.0,172606.0,E02003400,E01016401,1,0,0,0,0,0,18.07,3.34,71.09,7.51,E01016401,E01016401,E01016401,6.0,8.0,288.0,2.0
141886.0,4001.0,Maiden Erlegh School in Reading,,,,,715,353.0,49.37,Urban: Nearer to a major town or city,RG1 5SL,South East,870,Reading,473724.0,172621.0,E02003400,E01016401,1,0,0,0,0,0,18.07,3.34,71.09,7.51,E01016401,E01016401,E01016401,6.0,8.0,,
142121.0,4002.0,The WREN School,,,,,589,262.0,44.48,Urban: Nearer to a major town or city,RG30 2BB,South East,870,Reading,469589.0,172466.0,E02003403,E01016419,1,0,0,0,0,0,13.63,6.76,73.01,6.6,E01016419,E01016419,E01016419,5.67,5.67,,
144610.0,4003.0,Reading Girls' School,58.0,95.0,27.0,28.0,405,405.0,100.0,Urban: Nearer to a major town or city,RG2 7PY,South East,870,Reading,472269.0,171296.0,E02003405,E01016372,1,0,0,0,0,0,20.73,7.98,61.32,9.97,E01016372,E01016372,E01016372,1.0,7.0,,
136307.0,4020.0,Highdown School and Sixth Form Centre,47.0,220.0,32.0,15.0,1357,685.0,50.48,Urban: Nearer to a major town or city,RG4 8LR,South East,870,Reading,471232.0,176358.0,E02003390,E01016430,1,0,0,0,0,0,7.09,0.96,86.71,5.23,E01016430,E01016430,E01016430,10.0,2.0,987.0,5.0
136876.0,5410.0,Prospect School,20.0,225.0,71.0,32.0,1044,457.0,43.77,Urban: Nearer to a major town or city,RG30 4EX,South East,870,Reading,468327.0,172547.0,E02003403,E01016421,1,0,0,0,0,0,13.63,6.76,73.01,6.6,E01016421,E01016421,E01016421,5.67,5.67,332.0,2.0
110107.0,5411.0,Blessed Hugh Faringdon Catholic School,33.0,150.0,29.0,19.0,815,413.0,50.67,Urban: Nearer to a major town or city,RG30 3EP,South East,870,Reading,469319.0,172237.0,E02003403,E01016419,1,0,0,0,0,0,13.63,6.76,73.01,6.6,E01016419,E01016419,E01016419,5.67,5.67,306.0,2.0
141970.0,4003.0,"Eden Girls' School, Slough",69.0,51.0,19.0,37.0,501,501.0,100.0,Urban: Nearer to a major town or city,SL1 4AA,South East,871,Slough,495905.0,180326.0,E02003414,E01016473,1,0,0,0,0,0,42.36,6.76,38.98,11.9,E01016473,E01016473,E01016473,6.0,1.0,,
141009.0,4002.0,Ditton Park Academy,37.0,116.0,20.0,17.0,816,383.0,46.94,Urban: Nearer to a major town or city,SL3 7UX,South East,871,Slough,499198.0,178611.0,E02003417,E01035250,1,0,0,0,0,0,69.77,9.73,12.39,8.11,E01035250,E01016513,E01016513,7.0,1.0,,
137287.0,4510.0,Slough and Eton Church of England Business and Enterprise College,39.0,171.0,51.0,30.0,1142,408.0,35.73,Urban: Nearer to a major town or city,SL1 2PU,South East,871,Slough,497004.0,179322.0,E02003415,E01016462,1,0,0,0,0,0,56.53,8.04,28.01,7.42,E01016462,E01016462,E01016462,4.0,2.0,342.0,2.0
138012.0,5409.0,The Westgate School,45.0,157.0,39.0,25.0,1081,518.0,47.92,Urban: Nearer to a major town or city,SL1 5AH,South East,871,Slough,495274.0,180393.0,E02003414,E01016473,1,0,0,0,0,0,42.36,6.76,38.98,11.9,E01016473,E01016473,E01016473,6.0,1.0,788.0,4.0
137259.0,4082.0,Baylis Court School,57.0,157.0,41.0,26.0,894,894.0,100.0,Urban: Nearer to a major town or city,SL1 3AH,South East,871,Slough,496659.0,181634.0,E02003410,E01016449,1,0,0,0,0,0,63.78,4.23,24.09,7.9,E01016449,E01016449,E01016449,4.0,2.0,700.0,4.0
110078.0,4089.0,Wexham School,29.0,152.0,55.0,36.0,807,282.0,34.94,Urban: Nearer to a major town or city,SL2 5QP,South East,871,Slough,499110.0,181841.0,E02003411,E01016519,1,0,0,0,0,0,53.45,8.21,27.98,10.36,E01016519,E01016519,E01016519,5.0,7.0,1495.0,7.0
135631.0,6905.0,The Langley Academy,44.0,175.0,53.0,30.0,1117,513.0,45.93,Urban: Nearer to a major town or city,SL3 7EF,South East,871,Slough,500521.0,179401.0,E02003418,E01016505,1,0,0,0,0,0,43.6,6.43,41.4,8.58,E01016505,E01016505,E01016505,5.0,2.0,457.0,3.0
136880.0,4047.0,The Holt School,74.0,200.0,17.0,9.0,1255,1249.0,99.52,Urban: Nearer to a major town or city,RG41 1EE,South East,872,Wokingham,480594.0,169256.0,E02003448,E01016628,1,0,0,0,0,0,12.43,1.98,81.1,4.49,E01016628,E01016628,E01016628,10.0,2.0,521.0,3.0
139853.0,4050.0,The Forest School,44.0,181.0,25.0,14.0,872,,,Urban: Nearer to a major town or city,RG41 5NE,South East,872,Wokingham,478138.0,170889.0,E02003447,E01016704,1,0,0,0,0,0,17.29,3.97,72.88,5.86,E01016704,E01016704,E01016704,5.0,5.0,1241.0,6.0
136637.0,4053.0,Maiden Erlegh School,65.0,276.0,29.0,11.0,1824,914.0,50.11,Urban: Nearer to a major town or city,RG6 7HS,South East,872,Wokingham,474849.0,171491.0,E02003444,E01016664,1,0,0,0,0,0,32.98,0.53,60.97,5.52,E01016664,E01016664,E01016664,10.0,2.0,1298.0,6.0
142166.0,4060.0,Waingels College,44.0,234.0,32.0,14.0,1298,686.0,52.85,Urban: Nearer to a major town or city,RG5 4RF,South East,872,Wokingham,477240.0,174577.0,E02003442,E01016622,1,0,0,0,0,0,6.36,0.34,90.98,2.32,E01016622,E01016622,E01016622,6.0,1.0,1241.0,6.0
142181.0,4001.0,Bohunt School Wokingham,,,,,667,272.0,40.78,Larger rural: Nearer to a major town or city,RG2 9GB,South East,872,Wokingham,477080.0,165100.0,E02003456,E01016611,0,0,1,0,0,0,6.26,3.98,84.33,5.43,E01016611,E01016611,E01016611,9.0,1.0,,
136636.0,4027.0,Parkside Community College,68.0,120.0,15.0,13.0,741,404.0,54.52,Urban: Nearer to a major town or city,CB1 1EH,East of England,873,Cambridgeshire,545550.0,258380.0,E02003725,E01035517,1,0,0,0,0,0,17.94,2.45,70.15,9.46,E01035517,E01032797,E01032797,8.0,1.0,201.0,2.0
137867.0,4000.0,Thomas Clarkson Academy,21.0,203.0,73.0,36.0,1206,612.0,50.75,Urban: Further from a major town or city,PE13 2SE,East of England,873,Cambridgeshire,546583.0,308578.0,E02003744,E01018070,0,1,0,0,0,0,1.05,0.5,96.01,2.44,E01018070,E01018070,E01018070,3.0,7.0,1893.0,9.0
136677.0,4002.0,Bottisham Village College,54.0,236.0,28.0,12.0,1167,550.0,47.13,Larger rural: Nearer to a major town or city,CB25 9DL,East of England,873,Cambridgeshire,554128.0,260928.0,E02003740,E01018012,0,0,1,0,0,0,6.53,1.54,89.1,2.83,E01018012,E01018012,E01018012,8.0,8.0,1351.0,7.0
137826.0,4004.0,Impington Village College,65.0,216.0,26.0,12.0,1308,661.0,50.54,Urban: Nearer to a major town or city,CB24 9LX,East of England,873,Cambridgeshire,544620.0,263168.0,E02003780,E01018259,1,0,0,0,0,0,6.85,1.75,87.49,3.91,E01018259,E01018259,E01018259,8.0,1.0,987.0,5.0
139401.0,4005.0,North Cambridge Academy,27.0,68.0,29.0,43.0,408,204.0,50.0,Urban: Nearer to a major town or city,CB4 2JF,East of England,873,Cambridgeshire,545609.0,260769.0,E02003722,E01018006,1,0,0,0,0,0,6.56,0.94,86.6,5.91,E01018006,E01018006,E01018006,10.0,2.0,277.0,2.0
136580.0,4007.0,Swavesey Village College,55.0,273.0,29.0,11.0,1316,655.0,49.77,Larger rural: Nearer to a major town or city,CB24 4RS,East of England,873,Cambridgeshire,536111.0,268180.0,E02003777,E01018285,0,0,1,0,0,0,4.35,1.09,89.99,4.57,E01018285,E01018285,E01018285,10.0,3.0,1653.0,8.0
142035.0,4011.0,The Netherhall School,49.0,159.0,32.0,20.0,1027,520.0,50.63,Urban: Nearer to a major town or city,CB1 8NN,East of England,873,Cambridgeshire,548080.0,255818.0,E02003731,E01017995,1,0,0,0,0,0,22.6,1.13,68.37,7.89,E01017995,E01017995,E01017995,10.0,1.0,547.0,3.0
143404.0,4012.0,Ely College,39.0,195.0,44.0,23.0,1110,536.0,48.29,Urban: Further from a major town or city,CB6 2SH,East of England,873,Cambridgeshire,553659.0,281128.0,E02003734,E01018032,0,1,0,0,0,0,2.58,1.13,93.23,3.06,E01018032,E01018032,E01018032,9.0,5.0,356.0,2.0
136887.0,4029.0,Chesterton Community College,73.0,178.0,29.0,16.0,977,464.0,47.49,Urban: Nearer to a major town or city,CB4 3NY,East of England,873,Cambridgeshire,544953.0,259804.0,E02003722,E01018007,1,0,0,0,0,0,6.56,0.94,86.6,5.91,E01018007,E01018007,E01018007,10.0,2.0,288.0,2.0
136650.0,4031.0,Coleridge Community College,34.0,112.0,29.0,26.0,536,260.0,48.51,Urban: Nearer to a major town or city,CB1 3RJ,East of England,873,Cambridgeshire,547178.0,257128.0,E02003728,E01017967,1,0,0,0,0,0,20.32,2.66,67.03,9.99,E01017967,E01017967,E01017967,3.0,7.0,275.0,2.0
137434.0,4038.0,Cottenham Village College,58.0,146.0,19.0,13.0,879,403.0,45.85,Smaller rural: Nearer to a major town or city,CB24 8UA,East of England,873,Cambridgeshire,545057.0,267062.0,E02003776,E01018236,0,0,0,0,1,0,3.84,1.7,89.64,4.82,E01018236,E01018236,E01018236,5.0,7.0,1241.0,6.0
137527.0,4040.0,Melbourn Village College,38.0,98.0,17.0,17.0,596,295.0,49.5,Larger rural: Nearer to a major town or city,SG8 6EF,East of England,873,Cambridgeshire,538394.0,245177.0,E02003792,E01018267,0,0,1,0,0,0,2.06,0.31,95.39,2.24,E01018267,E01018267,E01018267,10.0,4.0,1390.0,7.0
138053.0,4051.0,Sir Harry Smith Community College,37.0,172.0,47.0,27.0,1025,504.0,49.17,Urban: Nearer to a major town or city,PE7 1XB,East of England,873,Cambridgeshire,527676.0,297341.0,E02003747,E01018072,1,0,0,0,0,0,1.67,1.46,94.83,2.04,E01018072,E01018072,E01018072,3.0,4.0,1893.0,9.0
137547.0,4055.0,Witchford Village College,40.0,173.0,33.0,19.0,800,386.0,48.25,Larger rural: Further from a major town or city,CB6 2JA,East of England,873,Cambridgeshire,550625.0,279276.0,E02003736,E01018039,0,0,0,1,0,0,2.38,0.69,94.47,2.46,E01018039,E01018039,E01018039,8.0,6.0,1653.0,8.0
137305.0,4064.0,St Ivo Academy,42.0,283.0,37.0,13.0,1747,821.0,46.99,Urban: Nearer to a major town or city,PE27 6RR,East of England,873,Cambridgeshire,530564.0,272046.0,E02003765,E01018169,1,0,0,0,0,0,8.72,0.8,86.87,3.6,E01018169,E01018169,E01018169,5.0,6.0,1893.0,9.0
137475.0,4503.0,Hinchingbrooke School,47.0,295.0,41.0,14.0,1889,975.0,51.61,Urban: Further from a major town or city,PE29 3BN,East of England,873,Cambridgeshire,522663.0,271576.0,E02003764,E01034438,0,1,0,0,0,0,8.69,5.33,79.63,6.36,E01034438,E01018151,E01018151,6.5,6.5,1653.0,8.0
137924.0,4602.0,St Bede's Inter-Church School,70.0,156.0,15.0,10.0,852,456.0,53.52,Urban: Nearer to a major town or city,CB1 3TD,East of England,873,Cambridgeshire,547915.0,256902.0,E02003728,E01017967,1,0,0,0,0,0,20.32,2.66,67.03,9.99,E01017967,E01017967,E01017967,3.0,7.0,377.0,2.0
137427.0,5401.0,Bassingbourn Village College,48.0,113.0,13.0,12.0,641,313.0,48.83,Larger rural: Nearer to a major town or city,SG8 5NJ,East of England,873,Cambridgeshire,533079.0,243671.0,E02003793,E01018228,0,0,1,0,0,0,0.67,0.43,96.77,2.13,E01018228,E01018228,E01018228,8.0,2.0,1893.0,9.0
136974.0,5403.0,Sawtry Village Academy,52.0,134.0,14.0,10.0,854,415.0,48.59,Larger rural: Nearer to a major town or city,PE28 5TQ,East of England,873,Cambridgeshire,517046.0,283486.0,E02003756,E01018195,0,0,1,0,0,0,1.24,1.32,94.11,3.33,E01018195,E01018195,E01018195,5.0,4.0,1893.0,9.0
136775.0,5408.0,Sawston Village College,62.0,210.0,22.0,11.0,1056,508.0,48.11,Larger rural: Nearer to a major town or city,CB22 3BP,East of England,873,Cambridgeshire,548215.0,249780.0,E02003789,E01018280,0,0,1,0,0,0,9.66,1.01,86.62,2.7,E01018280,E01018280,E01018280,9.0,5.0,547.0,3.0
136992.0,5411.0,Longsands Academy,47.0,285.0,46.0,16.0,1823,901.0,49.42,Urban: Nearer to a major town or city,PE19 1LQ,East of England,873,Cambridgeshire,519469.0,260798.0,E02003771,E01018190,1,0,0,0,0,0,2.05,1.02,94.88,2.05,E01018190,E01018190,E01018190,4.0,5.0,1241.0,6.0
137248.0,5412.0,St Peter's School,40.0,165.0,51.0,31.0,1031,497.0,48.21,Urban: Further from a major town or city,PE29 7DD,East of England,873,Cambridgeshire,523717.0,272783.0,E02003764,E01018150,0,1,0,0,0,0,8.69,5.33,79.63,6.36,E01018150,E01018150,E01018150,6.5,6.5,1653.0,8.0
136610.0,5415.0,Soham Village College,49.0,268.0,46.0,17.0,1389,694.0,49.96,Urban: Further from a major town or city,CB7 5AA,East of England,873,Cambridgeshire,559485.0,272750.0,E02003737,E01018052,0,1,0,0,0,0,1.84,0.89,94.01,3.26,E01018052,E01018052,E01018052,5.0,8.0,987.0,5.0
136442.0,5416.0,Linton Village College,52.0,170.0,13.0,8.0,873,423.0,48.45,Larger rural: Nearer to a major town or city,CB21 4JB,East of England,873,Cambridgeshire,555719.0,246911.0,E02003790,E01018263,0,0,1,0,0,0,2.5,0.2,95.13,2.16,E01018263,E01018263,E01018263,8.0,3.0,1241.0,6.0
139272.0,4003.0,Neale-Wade Academy,30.0,237.0,71.0,30.0,1335,670.0,50.19,Urban: Further from a major town or city,PE15 9PX,East of England,873,Cambridgeshire,541755.0,295281.0,E02003750,E01018088,0,1,0,0,0,0,1.5,0.26,95.95,2.29,E01018088,E01018088,E01018088,5.0,10.0,1893.0,9.0
139408.0,4006.0,Cambourne Village College,52.0,190.0,32.0,17.0,1043,517.0,49.57,Urban: Nearer to a major town or city,CB23 6FR,East of England,873,Cambridgeshire,531075.0,259516.0,E02006873,E01033117,1,0,0,0,0,0,9.94,2.2,80.8,7.06,E01033117,E01033117,E01033117,8.0,3.0,,
140265.0,4008.0,Cambridge Academy for Science and Technology,59.0,49.0,8.0,16.0,217,77.0,35.48,Urban: Nearer to a major town or city,CB2 0SZ,East of England,873,Cambridgeshire,546563.0,254923.0,E02003731,E01017995,1,0,0,0,0,0,22.6,1.13,68.37,7.89,E01017995,E01017995,E01017995,10.0,1.0,739.0,4.0
137377.0,4603.0,"Abbey College, Ramsey",51.0,165.0,26.0,16.0,968,468.0,48.35,Smaller rural: Nearer to a major town or city,PE26 1DG,East of England,873,Cambridgeshire,529393.0,284970.0,E02003755,E01018156,0,0,0,0,1,0,0.94,0.37,96.57,2.12,E01018156,E01018156,E01018156,7.0,7.0,1893.0,9.0
136463.0,5406.0,Comberton Village College,68.0,252.0,24.0,10.0,1795,863.0,48.08,Smaller rural: Nearer to a major town or city,CB23 7DU,East of England,873,Cambridgeshire,537565.0,255968.0,E02003784,E01018231,0,0,0,0,1,0,6.66,1.53,88.21,3.59,E01018231,E01018231,E01018231,10.0,3.0,1653.0,8.0
135980.0,6906.0,Ormiston Bushfield Academy,30.0,143.0,56.0,39.0,904,479.0,52.99,Urban: Nearer to a major town or city,PE2 5RQ,East of England,874,Peterborough,515207.0,295348.0,E02003257,E01015647,1,0,0,0,0,0,4.75,9.68,77.81,7.76,E01015647,E01015647,E01015647,1.0,8.0,1173.0,6.0
137082.0,4000.0,Nene Park Academy,22.0,172.0,49.0,29.0,1194,569.0,47.65,Urban: Nearer to a major town or city,PE2 7EA,East of England,874,Peterborough,516318.0,296372.0,E02006877,E01015638,1,0,0,0,0,0,4.19,2.77,89.09,3.95,E01015638,E01015638,E01015638,3.0,9.0,1653.0,8.0
139082.0,4003.0,City of Peterborough Academy,12.0,109.0,47.0,43.0,795,358.0,45.03,Urban: Nearer to a major town or city,PE1 5LQ,East of England,874,Peterborough,520617.0,299995.0,E02003249,E01015615,1,0,0,0,0,0,25.64,4.3,61.98,8.09,E01015615,E01015615,E01015615,2.0,6.0,,
142902.0,4004.0,Greater Peterborough UTC,32.0,94.0,23.0,25.0,261,46.0,17.62,Urban: Nearer to a major town or city,PE1 4DZ,East of England,874,Peterborough,519839.0,300206.0,E02003248,E01015653,1,0,0,0,0,0,34.24,2.62,55.84,7.3,E01015653,E01015653,E01015653,6.0,3.0,,
145051.0,4006.0,Queen Katharine Academy,9.0,106.0,40.0,38.0,1004,557.0,55.48,Urban: Nearer to a major town or city,PE4 6HX,East of England,874,Peterborough,517311.0,302487.0,E02003242,E01015676,1,0,0,0,0,0,8.72,2.91,82.62,5.76,E01015676,E01015676,E01015676,3.0,3.0,,
136266.0,5417.0,Arthur Mellows Village College,52.0,252.0,33.0,13.0,1613,820.0,50.84,Smaller rural: Nearer to a major town or city,PE6 7JX,East of England,874,Peterborough,514971.0,305704.0,E02003237,E01015629,0,0,0,0,1,0,4.24,1.09,91.87,2.8,E01015629,E01015629,E01015629,8.0,7.0,1893.0,9.0
137880.0,4002.0,Stanground Academy,33.0,220.0,59.0,27.0,1335,676.0,50.64,Urban: Nearer to a major town or city,PE7 3BY,East of England,874,Peterborough,520340.0,296032.0,E02003255,E01035549,1,0,0,0,0,0,5.95,6.01,81.64,6.4,E01035549,E01015671,E01015671,4.0,3.0,987.0,5.0
143641.0,4005.0,Hampton Gardens Secondary School,,,,,410,200.0,48.78,Urban: Nearer to a major town or city,PE7 8HR,East of England,874,Peterborough,518292.0,294365.0,E02006878,E01035552,1,0,0,0,0,0,11.35,9.58,72.31,6.76,E01035552,E01033176,E01033176,4.0,10.0,,
136185.0,6905.0,Ormiston Bolingbroke Academy,16.0,144.0,75.0,52.0,1131,569.0,50.31,Urban: Nearer to a major town or city,WA7 6EP,North West,876,Halton,355351.0,380494.0,E02002587,E01012438,1,0,0,0,0,0,1.34,0.0,95.26,3.4,E01012438,E01012438,E01012438,1.0,10.0,1117.0,6.0
140864.0,4001.0,Ormiston Chadwick Academy,32.0,123.0,61.0,50.0,788,410.0,52.03,Urban: Nearer to a major town or city,WA8 7HU,North West,876,Halton,349571.0,386408.0,E02002579,E01012378,1,0,0,0,0,0,0.39,0.59,98.16,0.85,E01012378,E01012378,E01012378,8.0,7.0,1351.0,7.0
136779.0,4103.0,The Heath School,43.0,169.0,57.0,34.0,1121,541.0,48.26,Urban: Nearer to a major town or city,WA7 4SY,North West,876,Halton,351723.0,381137.0,E02002589,E01012418,1,0,0,0,0,0,1.49,0.14,97.74,0.64,E01012418,E01012418,E01012418,7.0,7.0,1351.0,7.0
139368.0,4207.0,Wade Deacon High School,58.0,308.0,98.0,32.0,1591,765.0,48.08,Urban: Nearer to a major town or city,WA8 7TD,North West,876,Halton,351195.0,386733.0,E02002578,E01012426,1,0,0,0,0,0,1.19,0.52,95.98,2.31,E01012426,E01012426,E01012426,7.0,7.0,987.0,5.0
111457.0,4625.0,Saints Peter and Paul Catholic College,39.0,252.0,97.0,39.0,1446,691.0,47.79,Urban: Nearer to a major town or city,WA8 7DW,North West,876,Halton,350811.0,386559.0,E02002578,E01012426,1,0,0,0,0,0,1.19,0.52,95.98,2.31,E01012426,E01012426,E01012426,7.0,7.0,987.0,5.0
138562.0,4000.0,King's Leadership Academy Warrington,71.0,108.0,14.0,13.0,684,360.0,52.63,Urban: Nearer to a major town or city,WA1 4PF,North West,877,Warrington,364226.0,389636.0,E02002603,E01012556,1,0,0,0,0,0,1.95,0.28,96.79,0.98,E01012556,E01012556,E01012556,10.0,6.0,1653.0,8.0
142899.0,4004.0,UTC Warrington,24.0,92.0,30.0,33.0,258,57.0,22.09,Urban: Nearer to a major town or city,WA2 7NG,North West,877,Warrington,360503.0,388585.0,E02002607,E01033300,1,0,0,0,0,0,10.14,2.88,81.4,5.57,E01033300,E01033300,E01033300,3.0,10.0,,
144799.0,4007.0,Sir Thomas Boteler Church of England High School,43.0,109.0,38.0,35.0,516,250.0,48.45,Urban: Nearer to a major town or city,WA4 1JL,North West,877,Warrington,362457.0,387131.0,E02002609,E01012507,1,0,0,0,0,0,2.43,0.9,94.2,2.46,E01012507,E01012507,E01012507,2.5,9.0,,
111430.0,4200.0,Culcheth High School,54.0,224.0,29.0,13.0,1165,600.0,51.5,Urban: Nearer to a major town or city,WA3 5HH,North West,877,Warrington,366175.0,395397.0,E02002590,E01012476,1,0,0,0,0,0,1.36,0.06,95.43,3.15,E01012476,E01012476,E01012476,6.0,5.0,1117.0,6.0
139152.0,4206.0,Great Sankey High School,54.0,296.0,28.0,10.0,1926,918.0,47.66,Urban: Nearer to a major town or city,WA5 3AA,North West,877,Warrington,356152.0,389463.0,E02002598,E01035385,1,0,0,0,0,0,4.83,0.88,90.58,3.7,E01035385,E01012567,E01012567,10.0,2.0,987.0,5.0
139840.0,4226.0,Birchwood Community High School,46.0,169.0,45.0,27.0,955,457.0,47.85,Urban: Nearer to a major town or city,WA3 7PT,North West,877,Warrington,364905.0,391237.0,E02002594,E01012459,1,0,0,0,0,0,3.36,0.33,92.42,3.89,E01012459,E01012459,E01012459,3.0,8.0,739.0,4.0
138732.0,4502.0,Lymm High School,70.0,290.0,27.0,9.0,1848,926.0,50.11,Urban: Nearer to a major town or city,WA13 0RB,North West,877,Warrington,369540.0,387029.0,E02002610,E01012514,1,0,0,0,0,0,1.83,0.16,95.43,2.58,E01012514,E01012514,E01012514,9.0,1.0,1390.0,7.0
111456.0,4624.0,Cardinal Newman Catholic High School,31.0,143.0,27.0,19.0,809,409.0,50.56,Urban: Nearer to a major town or city,WA4 1RX,North West,877,Warrington,362759.0,388138.0,E02002609,E01012506,1,0,0,0,0,0,2.43,0.9,94.2,2.46,E01012506,E01012506,E01012506,2.5,9.0,423.0,3.0
139196.0,4002.0,Beamont Collegiate Academy,32.0,129.0,53.0,41.0,866,420.0,48.5,Urban: Nearer to a major town or city,WA2 8PX,North West,877,Warrington,361050.0,390198.0,E02002600,E01012520,1,0,0,0,0,0,2.4,0.98,92.56,4.06,E01012520,E01012520,E01012520,1.0,10.0,597.0,3.0
145157.0,4009.0,Penketh High School,43.0,161.0,43.0,27.0,885,432.0,48.81,Urban: Nearer to a major town or city,WA5 2BY,North West,877,Warrington,357020.0,388117.0,E02002608,E01012532,1,0,0,0,0,0,2.05,0.45,96.59,0.91,E01012532,E01012532,E01012532,10.0,8.0,,
141598.0,4229.0,Bridgewater High School,58.0,296.0,26.0,9.0,1567,753.0,48.05,Urban: Nearer to a major town or city,WA4 3AE,North West,877,Warrington,361825.0,385250.0,E02002612,E01012450,1,0,0,0,0,0,3.43,0.14,93.93,2.5,E01012450,E01012450,E01012450,9.0,3.0,547.0,3.0
111454.0,4622.0,St Gregory's Catholic High School,49.0,165.0,16.0,10.0,988,512.0,51.82,Urban: Nearer to a major town or city,WA5 1HG,North West,877,Warrington,358803.0,388412.0,E02002605,E01012497,1,0,0,0,0,0,6.08,1.07,90.47,2.38,E01012497,E01012497,E01012497,4.0,8.0,1241.0,6.0
139553.0,4001.0,The Ilfracombe Church of England Academy,29.0,148.0,35.0,24.0,965,493.0,51.09,Urban: Further from a major town or city,EX34 9JB,South West,878,Devon,252390.0,147177.0,E02004175,E01020111,0,1,0,0,0,0,0.45,0.15,98.12,1.28,E01020111,E01020111,E01020111,4.0,9.0,987.0,5.0
136673.0,4005.0,The King's School,54.0,185.0,18.0,10.0,1090,534.0,48.99,Larger rural: Nearer to a major town or city,EX11 1RA,South West,878,Devon,308904.0,95323.0,E02004136,E01019942,0,0,1,0,0,0,1.19,0.16,96.88,1.76,E01019942,E01019942,E01019942,6.0,4.0,1495.0,7.0
136638.0,4009.0,Clyst Vale Community College,37.0,174.0,52.0,30.0,868,419.0,48.27,Larger rural: Nearer to a major town or city,EX5 3AJ,South West,878,Devon,298538.0,96426.0,E02007027,E01034620,0,0,1,0,0,0,1.12,0.17,97.08,1.63,E01034620,E01019892,E01019892,4.0,4.0,1893.0,9.0
136612.0,4012.0,Exmouth Community College,36.0,366.0,69.0,19.0,2236,1097.0,49.06,Urban: Nearer to a major town or city,EX8 3AF,South West,878,Devon,300633.0,81773.0,E02004144,E01019910,1,0,0,0,0,0,0.18,0.12,97.83,1.87,E01019910,E01019910,E01019910,8.0,6.0,468.0,3.0
142805.0,4016.0,St James School,42.0,158.0,43.0,27.0,905,444.0,49.06,Urban: Nearer to a major town or city,EX4 8NN,South West,878,Devon,294581.0,94279.0,E02004150,E01019991,1,0,0,0,0,0,8.03,2.45,85.76,3.76,E01019991,E01019991,E01019991,3.0,3.0,1893.0,9.0
142540.0,4019.0,Bideford College,30.0,227.0,53.0,23.0,1265,610.0,48.22,Urban: Further from a major town or city,EX39 3AR,South West,878,Devon,244378.0,126425.0,E02004223,E01020283,0,1,0,0,0,0,0.57,0.04,98.45,0.94,E01020283,E01020283,E01020283,6.0,7.0,1653.0,8.0
144392.0,4021.0,Axe Valley Academy,39.0,117.0,28.0,24.0,624,310.0,49.68,Larger rural: Further from a major town or city,EX13 5EA,South West,878,Devon,329958.0,98680.0,E02004133,E01019887,0,0,0,1,0,0,0.59,0.06,98.24,1.12,E01019887,E01019887,E01019887,2.0,8.0,,
137024.0,4054.0,Chulmleigh Community College,58.0,109.0,13.0,12.0,604,287.0,47.52,Larger rural: Further from a major town or city,EX18 7AA,South West,878,Devon,268614.0,114681.0,E02004188,E01020098,0,0,0,1,0,0,0.77,0.0,98.36,0.86,E01020098,E01020098,E01020098,4.0,2.0,1495.0,7.0
137228.0,4055.0,Great Torrington School,30.0,145.0,24.0,17.0,738,358.0,48.51,Larger rural: Further from a major town or city,EX38 7DJ,South West,878,Devon,250222.0,119493.0,E02004225,E01020307,0,0,0,1,0,0,0.17,0.17,98.1,1.56,E01020307,E01020307,E01020307,3.0,8.0,1893.0,9.0
113512.0,4057.0,South Molton Community College,51.0,116.0,24.0,21.0,613,304.0,49.59,Larger rural: Further from a major town or city,EX36 4LA,South West,878,Devon,271441.0,125293.0,E02004187,E01020135,0,0,0,1,0,0,1.19,0.0,97.13,1.67,E01020135,E01020135,E01020135,3.0,7.0,1241.0,6.0
136867.0,4060.0,Pilton Community College,33.0,243.0,54.0,22.0,1170,597.0,51.03,Urban: Further from a major town or city,EX31 1RB,South West,878,Devon,255153.0,134114.0,E02004181,E01020132,0,1,0,0,0,0,2.36,0.18,95.81,1.65,E01020132,E01020132,E01020132,7.0,7.0,700.0,4.0
136569.0,4108.0,South Dartmoor Community College,36.0,217.0,44.0,20.0,1184,555.0,46.88,Smaller rural: Nearer to a major town or city,TQ13 7EW,South West,878,Devon,276349.0,70839.0,E02004217,E01020195,0,0,0,0,1,0,0.9,0.17,96.62,2.31,E01020195,E01020195,E01020195,5.0,3.0,1893.0,9.0
136367.0,4110.0,Kingsbridge Academy,58.0,192.0,32.0,17.0,1376,687.0,49.93,Larger rural: Further from a major town or city,TQ7 1PL,South West,878,Devon,273049.0,43827.0,E02004198,E01020189,0,0,0,1,0,0,1.03,0.24,98.09,0.64,E01020189,E01020189,E01020189,5.0,8.0,1893.0,9.0
137176.0,4112.0,Coombeshead Academy,34.0,138.0,41.0,30.0,989,515.0,52.07,Urban: Nearer to a major town or city,TQ12 1PT,South West,878,Devon,285341.0,71830.0,E02004212,E01020210,1,0,0,0,0,0,0.65,0.16,97.35,1.85,E01020210,E01020210,E01020210,7.0,5.5,1893.0,9.0
136495.0,4120.0,"Teignmouth Community School, Exeter Road",32.0,171.0,27.0,16.0,1027,523.0,50.93,Urban: Nearer to a major town or city,TQ14 9HZ,South West,878,Devon,293738.0,73638.0,E02004208,E01020266,1,0,0,0,0,0,0.84,0.18,96.99,1.99,E01020266,E01020266,E01020266,8.0,3.0,1893.0,9.0
136336.0,4184.0,Ivybridge Community College,50.0,396.0,52.0,13.0,2448,1152.0,47.06,Urban: Nearer to a major town or city,PL21 0JA,South West,878,Devon,263900.0,56514.0,E02004193,E01020164,1,0,0,0,0,0,0.41,0.14,97.74,1.71,E01020164,E01020164,E01020164,7.0,6.0,1653.0,8.0
113553.0,4607.0,St Peter's Church of England Aided School,55.0,246.0,38.0,15.0,1270,612.0,48.19,Urban: Nearer to a major town or city,EX2 5AP,South West,878,Devon,295386.0,92055.0,E02004159,E01020026,1,0,0,0,0,0,3.35,0.47,94.42,1.76,E01020026,E01020026,E01020026,10.0,4.0,1893.0,9.0
136494.0,5402.0,Teign School,47.0,143.0,25.0,18.0,943,473.0,50.16,Urban: Nearer to a major town or city,TQ12 3JG,South West,878,Devon,286588.0,73855.0,E02004213,E01020256,1,0,0,0,0,0,0.5,0.15,97.53,1.82,E01020256,E01020256,E01020256,7.0,5.0,1893.0,9.0
137124.0,5404.0,Newton Abbot College,38.0,159.0,34.0,21.0,1129,534.0,47.3,Urban: Nearer to a major town or city,TQ12 2NF,South West,878,Devon,285672.0,71660.0,E02004212,E01020219,1,0,0,0,0,0,0.65,0.16,97.35,1.85,E01020219,E01020219,E01020219,7.0,5.5,1893.0,9.0
136287.0,5405.0,Uffculme School,64.0,199.0,34.0,17.0,1032,506.0,49.03,Larger rural: Nearer to a major town or city,EX15 3AG,South West,878,Devon,306407.0,112895.0,E02004166,E01020063,0,0,1,0,0,0,0.45,0.04,97.96,1.55,E01020063,E01020063,E01020063,6.0,5.0,1390.0,7.0
136646.0,4003.0,Queen Elizabeth's,38.0,248.0,46.0,19.0,1354,715.0,52.81,Larger rural: Nearer to a major town or city,EX17 3LU,South West,878,Devon,282666.0,100475.0,E02004174,E01020061,0,0,1,0,0,0,0.82,0.34,98.17,0.68,E01020061,E01020061,E01020061,6.0,6.0,658.0,4.0
136912.0,4004.0,Honiton Community College,48.0,105.0,10.0,10.0,739,359.0,48.58,Urban: Nearer to a major town or city,EX14 1QT,South West,878,Devon,316181.0,100904.0,E02004130,E01019932,1,0,0,0,0,0,0.97,0.3,96.38,2.36,E01019932,E01019932,E01019932,4.0,6.0,1172.0,6.0
139682.0,4006.0,Isca,41.0,150.0,42.0,28.0,835,445.0,53.29,Urban: Nearer to a major town or city,EX2 6AP,South West,878,Devon,293468.0,90877.0,E02004161,E01020010,1,0,0,0,0,0,5.52,0.45,90.01,4.02,E01020010,E01020010,E01020010,3.0,6.0,1351.0,7.0
141749.0,4017.0,South Devon UTC,31.0,72.0,19.0,26.0,165,30.0,18.18,Urban: Nearer to a major town or city,TQ12 2QA,South West,878,Devon,286290.0,71666.0,E02004214,E01020217,1,0,0,0,0,0,4.04,0.23,94.15,1.58,E01020217,E01020217,E01020217,3.0,9.0,1893.0,9.0
138041.0,4053.0,Braunton Academy,31.0,133.0,17.0,13.0,715,345.0,48.25,Larger rural: Further from a major town or city,EX33 2BP,South West,878,Devon,249131.0,135927.0,E02004179,E01020089,0,0,0,1,0,0,1.0,0.09,98.05,0.86,E01020089,E01020089,E01020089,8.0,3.0,1653.0,8.0
140693.0,4002.0,St Boniface's RC College,24.0,50.0,6.0,12.0,375,,,Urban: Nearer to a major town or city,PL5 3AG,South West,879,Plymouth,248312.0,58355.0,E02003129,E01015071,1,0,0,0,0,0,2.69,0.98,94.96,1.38,E01015071,E01015071,E01015071,5.0,8.0,987.0,5.0
113533.0,4172.0,Sir John Hunt Community Sports College,11.0,115.0,50.0,44.0,739,316.0,42.76,Urban: Nearer to a major town or city,PL5 4AA,South West,879,Plymouth,247758.0,59875.0,E02003128,E01015030,1,0,0,0,0,0,0.8,2.15,94.9,2.15,E01015030,E01015030,E01015030,3.0,10.0,1653.0,8.0
136556.0,4178.0,Plympton Academy,23.0,122.0,33.0,27.0,844,389.0,46.09,Urban: Nearer to a major town or city,PL7 2RS,South West,879,Plymouth,254291.0,56294.0,E02003136,E01015123,1,0,0,0,0,0,0.56,0.09,97.42,1.93,E01015123,E01015123,E01015123,7.0,9.0,658.0,4.0
136557.0,4179.0,Hele's School,50.0,202.0,17.0,8.0,1224,606.0,49.51,Urban: Nearer to a major town or city,PL7 4LT,South West,879,Plymouth,253281.0,56755.0,E02003136,E01015120,1,0,0,0,0,0,0.56,0.09,97.42,1.93,E01015120,E01015120,E01015120,7.0,9.0,846.0,5.0
136568.0,4180.0,Plymstock School,39.0,253.0,48.0,19.0,1515,777.0,51.29,Urban: Nearer to a major town or city,PL9 9AZ,South West,879,Plymouth,251587.0,53450.0,E02003153,E01015134,1,0,0,0,0,0,0.55,0.75,97.33,1.37,E01015134,E01015134,E01015134,7.5,5.5,1495.0,7.0
140104.0,4185.0,Eggbuckland Community College,27.0,139.0,40.0,29.0,958,440.0,45.93,Urban: Nearer to a major town or city,PL6 5YB,South West,879,Plymouth,249202.0,57744.0,E02003133,E01015066,1,0,0,0,0,0,0.66,0.88,97.72,0.74,E01015066,E01015066,E01015066,7.0,8.0,547.0,3.0
137206.0,4186.0,Tor Bridge High,24.0,199.0,57.0,29.0,1248,603.0,48.32,Urban: Nearer to a major town or city,PL6 8UN,South West,879,Plymouth,250912.0,58979.0,E02003126,E01015094,1,0,0,0,0,0,1.64,0.26,96.08,2.03,E01015094,E01015094,E01015094,3.0,9.0,1893.0,9.0
136626.0,4190.0,Stoke Damerel Community College,20.0,223.0,95.0,43.0,1306,603.0,46.17,Urban: Nearer to a major town or city,PL3 4BD,South West,879,Plymouth,246592.0,55719.0,E02003145,E01015170,1,0,0,0,0,0,3.02,1.03,92.29,3.66,E01015170,E01015170,E01015170,2.0,10.0,1495.0,7.0
136142.0,6905.0,All Saints Church of England Academy,14.0,128.0,65.0,51.0,672,321.0,47.77,Urban: Nearer to a major town or city,PL5 3NE,South West,879,Plymouth,246789.0,58032.0,E02003132,E01015074,1,0,0,0,0,0,1.2,0.2,96.55,2.06,E01015074,E01015074,E01015074,2.0,9.0,1051.0,5.0
144760.0,4004.0,Scott Medical and Healthcare College,,,,,275,224.0,81.45,Urban: Nearer to a major town or city,PL3 4BD,South West,879,Plymouth,246591.0,55723.0,E02003145,E01015170,1,0,0,0,0,0,3.02,1.03,92.29,3.66,E01015170,E01015170,E01015170,2.0,10.0,,
136558.0,4181.0,Coombe Dean School,45.0,170.0,39.0,23.0,1024,441.0,43.07,Urban: Nearer to a major town or city,PL9 8ES,South West,879,Plymouth,252286.0,52595.0,E02003153,E01015128,1,0,0,0,0,0,0.55,0.75,97.33,1.37,E01015128,E01015128,E01015128,7.5,5.5,1495.0,7.0
136668.0,4187.0,Lipson Co-operative Academy,28.0,156.0,60.0,39.0,1034,530.0,51.26,Urban: Nearer to a major town or city,PL4 7PG,South West,879,Plymouth,249442.0,55645.0,E02003142,E01015060,1,0,0,0,0,0,1.54,0.94,94.69,2.82,E01015060,E01015060,E01015060,3.0,8.0,1051.0,5.0
140737.0,4605.0,Notre Dame RC School,32.0,94.0,24.0,26.0,711,668.0,93.95,Urban: Nearer to a major town or city,PL6 5HN,South West,879,Plymouth,248977.0,60126.0,E02003122,E01015025,1,0,0,0,0,0,3.52,0.69,93.07,2.71,E01015025,E01015025,E01015025,8.0,9.0,491.0,3.0
138863.0,4001.0,Paignton Academy,23.0,215.0,85.0,40.0,1322,612.0,46.29,Urban: Further from a major town or city,TQ3 3WA,South West,880,Torbay,287454.0,60120.0,E02003166,E01034171,0,1,0,0,0,0,0.6,0.0,98.37,1.03,E01034171,E01015195,E01015195,3.0,8.0,788.0,4.0
113526.0,4117.0,The Spires College,29.0,105.0,33.0,31.0,979,500.0,51.07,Urban: Further from a major town or city,TQ1 3PE,South West,880,Torbay,291992.0,65076.0,E02003158,E01015241,0,1,0,0,0,0,1.64,0.69,95.01,2.65,E01015241,E01015241,E01015241,4.0,8.0,737.0,4.0
137755.0,4118.0,Brixham College,28.0,187.0,48.0,26.0,1084,556.0,51.29,Urban: Further from a major town or city,TQ5 9HF,South West,880,Torbay,292886.0,55868.0,E02003170,E01015187,0,1,0,0,0,0,0.35,0.47,97.71,1.47,E01015187,E01015187,E01015187,5.0,3.0,1.0,1.0
138370.0,4000.0,Torquay Academy,48.0,220.0,68.0,31.0,1373,618.0,45.01,Urban: Further from a major town or city,TQ2 7NU,South West,880,Torbay,290674.0,65594.0,E02003157,E01015258,0,1,0,0,0,0,2.85,0.92,93.38,2.85,E01015258,E01015258,E01015258,4.0,9.0,985.0,5.0
113551.0,4601.0,St Cuthbert Mayne School,17.0,155.0,50.0,32.0,869,458.0,52.7,Urban: Further from a major town or city,TQ1 4RN,South West,880,Torbay,291420.0,66062.0,E02003155,E01015238,0,1,0,0,0,0,1.69,0.07,96.69,1.55,E01015238,E01015238,E01015238,4.0,9.0,1298.0,6.0
138239.0,4005.0,Becket Keys Church of England Free School,59.0,146.0,19.0,13.0,943,437.0,46.34,Urban: Nearer to a major town or city,CM15 9DA,East of England,881,Essex,559451.0,194543.0,E02004467,E01021431,1,0,0,0,0,0,5.03,2.85,88.42,3.7,E01021431,E01021431,E01021431,10.0,3.0,1298.0,6.0
136625.0,5426.0,Davenant Foundation School,65.0,159.0,21.0,13.0,1201,593.0,49.38,Urban: Nearer to a major town or city,IG10 2LD,East of England,881,Essex,544283.0,198031.0,E02004537,E01021774,1,0,0,0,0,0,3.85,4.77,84.94,6.45,E01021774,E01021774,E01021774,4.5,4.0,1893.0,9.0
138834.0,5461.0,Brentwood Ursuline Convent High School,82.0,165.0,12.0,7.0,1070,1037.0,96.92,Urban: Nearer to a major town or city,CM14 4EX,East of England,881,Essex,559629.0,193514.0,E02004470,E01034360,1,0,0,0,0,0,6.52,2.7,84.05,6.73,E01034360,E01021436,E01021436,9.0,2.0,1390.0,7.0
138865.0,4007.0,The James Hornsby School,15.0,160.0,76.0,48.0,879,443.0,50.4,Urban: Nearer to a major town or city,SS15 5NX,East of England,881,Essex,568528.0,189143.0,E02004439,E01021289,1,0,0,0,0,0,4.67,4.77,87.63,2.92,E01021289,E01021289,E01021289,3.0,7.0,1495.0,7.0
141214.0,4014.0,Woodlands School,32.0,277.0,103.0,37.0,1533,669.0,43.64,Urban: Nearer to a major town or city,SS16 5BA,East of England,881,Essex,570340.0,187968.0,E02004443,E01021297,1,0,0,0,0,0,16.62,7.84,70.92,4.61,E01021297,E01021297,E01021297,4.0,7.0,1495.0,7.0
135897.0,6909.0,The Basildon Upper Academy,9.0,157.0,84.0,54.0,505,259.0,51.29,Urban: Nearer to a major town or city,SS13 3HL,East of England,881,Essex,573689.0,188474.0,E02004436,E01021305,1,0,0,0,0,0,3.24,9.39,83.78,3.59,E01021305,E01021305,E01021305,1.0,10.0,1653.0,8.0
135652.0,6906.0,Greensward Academy,48.0,226.0,31.0,14.0,1396,650.0,46.56,Urban: Nearer to a major town or city,SS5 5HG,East of England,881,Essex,584670.0,193125.0,E02006980,E01021940,1,0,0,0,0,0,0.7,0.25,97.39,1.66,E01021940,E01021940,E01021940,10.0,2.0,1893.0,9.0
141947.0,4016.0,The Ongar Academy,,,,,452,239.0,52.88,Larger rural: Nearer to a major town or city,CM5 0AN,East of England,881,Essex,555437.0,204420.0,E02004530,E01021802,0,0,1,0,0,0,1.16,1.38,93.55,3.91,E01021802,E01021802,E01021802,4.0,3.0,,
139248.0,4008.0,"The Ramsey Academy, Halstead",35.0,124.0,24.0,19.0,675,331.0,49.04,Urban: Nearer to a major town or city,CO9 2HR,East of England,881,Essex,581958.0,230936.0,E02004451,E01021390,1,0,0,0,0,0,1.29,0.43,96.82,1.45,E01021390,E01021390,E01021390,8.0,7.0,1893.0,9.0
139402.0,4010.0,Alec Hunter Academy,37.0,148.0,31.0,21.0,783,364.0,46.49,Urban: Nearer to a major town or city,CM7 3NR,East of England,881,Essex,577415.0,222434.0,E02004456,E01021368,1,0,0,0,0,0,2.55,1.46,92.17,3.82,E01021368,E01021368,E01021368,4.0,6.0,1495.0,7.0
139534.0,4011.0,The Sweyne Park School,37.0,252.0,28.0,11.0,1463,802.0,54.82,Urban: Nearer to a major town or city,SS6 9BZ,East of England,881,Essex,580094.0,191719.0,E02004568,E01021959,1,0,0,0,0,0,2.38,0.3,95.55,1.77,E01021959,E01021959,E01021959,5.0,3.0,1893.0,9.0
143639.0,4018.0,The Deanes,16.0,74.0,30.0,41.0,478,243.0,50.84,Urban: Nearer to a major town or city,SS7 2TD,East of England,881,Essex,580256.0,188658.0,E02004474,E01021531,1,0,0,0,0,0,2.2,1.53,94.33,1.93,E01021531,E01021531,E01021531,7.0,2.0,,
137937.0,4020.0,The Thomas Lord Audley School,40.0,144.0,39.0,27.0,781,388.0,49.68,Urban: Nearer to a major town or city,CO2 8NJ,East of England,881,Essex,599951.0,222902.0,E02004523,E01021638,1,0,0,0,0,0,2.61,5.77,88.02,3.6,E01021638,E01021638,E01021638,2.0,9.0,1653.0,8.0
145061.0,4024.0,Harwich and Dovercourt High School,26.0,190.0,70.0,37.0,1068,510.0,47.75,Urban: Nearer to a major town or city,CO12 3TG,East of England,881,Essex,624349.0,230704.0,E02004574,E01022006,1,0,0,0,0,0,0.67,0.39,96.94,2.0,E01022006,E01022006,E01022006,2.0,9.0,,
139153.0,4026.0,Hedingham School and Sixth Form,39.0,174.0,28.0,16.0,1120,575.0,51.34,Larger rural: Further from a major town or city,CO9 3QH,East of England,881,Essex,577867.0,235027.0,E02004448,E01021400,0,0,0,1,0,0,0.64,0.7,97.51,1.16,E01021400,E01021400,E01021400,7.0,3.0,1893.0,9.0
137445.0,4323.0,Passmores Academy,33.0,203.0,57.0,28.0,1116,500.0,44.8,Urban: Nearer to a major town or city,CM18 6JH,East of England,881,Essex,546684.0,208640.0,E02004551,E01021821,1,0,0,0,0,0,3.41,4.74,86.83,5.02,E01021821,E01021821,E01021821,3.0,7.0,1653.0,8.0
136904.0,4390.0,Great Baddow High School,44.0,223.0,55.0,25.0,1461,684.0,46.82,Urban: Nearer to a major town or city,CM2 9RZ,East of England,881,Essex,571846.0,204573.0,E02004498,E01033145,1,0,0,0,0,0,6.84,1.82,88.53,2.8,E01033145,E01033145,E01033145,4.0,5.0,1653.0,8.0
137013.0,4420.0,Notley High School and Braintree Sixth Form,36.0,242.0,31.0,13.0,1468,761.0,51.84,Urban: Nearer to a major town or city,CM7 1WY,East of England,881,Essex,575675.0,221681.0,E02004458,E01021371,1,0,0,0,0,0,1.42,0.95,95.63,2.01,E01021371,E01021371,E01021371,9.0,6.0,1653.0,8.0
139179.0,4470.0,Tabor Academy,29.0,174.0,51.0,29.0,806,402.0,49.88,Urban: Nearer to a major town or city,CM7 5XP,East of England,881,Essex,574917.0,223814.0,E02004453,E01021358,1,0,0,0,0,0,2.28,2.24,91.73,3.74,E01021358,E01021358,E01021358,2.0,5.0,1653.0,8.0
137048.0,4471.0,Mayflower High School,46.0,236.0,16.0,7.0,1561,754.0,48.3,Urban: Nearer to a major town or city,CM12 0RT,East of England,881,Essex,568356.0,196127.0,E02004424,E01021237,1,0,0,0,0,0,4.39,0.73,92.25,2.63,E01021237,E01021237,E01021237,9.0,1.0,1893.0,9.0
115237.0,4680.0,De La Salle School and Language College,37.0,139.0,37.0,27.0,743,388.0,52.22,Urban: Nearer to a major town or city,SS14 2LA,East of England,881,Essex,570983.0,189628.0,E02004438,E01021268,1,0,0,0,0,0,3.08,6.11,86.36,4.45,E01021268,E01021268,E01021268,2.0,10.0,1495.0,7.0
115238.0,4701.0,"St John Payne Catholic School, Chelmsford",49.0,185.0,31.0,17.0,1107,550.0,49.68,Urban: Nearer to a major town or city,CM1 4BS,East of England,881,Essex,570112.0,208776.0,E02004490,E01021589,1,0,0,0,0,0,10.08,7.29,77.88,4.75,E01021589,E01021589,E01021589,5.0,6.0,1495.0,7.0
137790.0,5402.0,Plume School,33.0,296.0,84.0,28.0,1679,805.0,47.95,Urban: Nearer to a major town or city,CM9 6AB,East of England,881,Essex,584943.0,206788.0,E02004558,E01021891,1,0,0,0,0,0,1.51,0.13,96.91,1.45,E01021891,E01021891,E01021891,6.0,6.0,1653.0,8.0
136577.0,5403.0,The King John School,45.0,330.0,36.0,11.0,2135,1041.0,48.76,Urban: Nearer to a major town or city,SS7 1RQ,East of England,881,Essex,579983.0,187332.0,E02004478,E01021482,1,0,0,0,0,0,2.42,1.38,93.98,2.23,E01021482,E01021482,E01021482,8.0,9.0,1893.0,9.0
136758.0,5405.0,West Hatch High School,33.0,183.0,40.0,22.0,1234,623.0,50.49,Urban: Nearer to a major town or city,IG7 5BT,East of England,881,Essex,542935.0,192421.0,E02004542,E01021752,1,0,0,0,0,0,23.3,4.12,63.29,9.29,E01021752,E01021752,E01021752,5.0,1.0,822.0,4.0
115322.0,5406.0,Beauchamps High School,48.0,238.0,29.0,12.0,1355,659.0,48.63,Urban: Nearer to a major town or city,SS11 8LY,East of England,881,Essex,576104.0,193520.0,E02004430,E01021337,1,0,0,0,0,0,1.47,1.2,95.4,1.93,E01021337,E01021337,E01021337,10.0,5.0,1893.0,9.0
139181.0,5407.0,The Bromfords School and Sixth Form College,20.0,152.0,41.0,27.0,1046,508.0,48.57,Urban: Nearer to a major town or city,SS12 0LZ,East of England,881,Essex,573802.0,192550.0,E02004429,E01021330,1,0,0,0,0,0,3.02,1.66,93.72,1.6,E01021330,E01021330,E01021330,8.0,4.0,1653.0,8.0
136776.0,5408.0,Saffron Walden County High School,61.0,288.0,24.0,8.0,2102,1053.0,50.1,Urban: Further from a major town or city,CB11 4UH,East of England,881,Essex,553227.0,237763.0,E02004591,E01022075,0,1,0,0,0,0,1.64,0.44,95.3,2.62,E01022075,E01022075,E01022075,10.0,3.0,1893.0,9.0
137241.0,5413.0,Thurstable School Sports College and Sixth Form Centre,35.0,181.0,26.0,14.0,1160,537.0,46.29,Larger rural: Nearer to a major town or city,CO5 0EW,East of England,881,Essex,589512.0,217007.0,E02004525,E01021726,0,0,1,0,0,0,0.92,1.45,95.39,2.24,E01021726,E01021726,E01021726,4.0,4.0,1893.0,9.0
136342.0,5415.0,King Harold Business & Enterprise Academy,21.0,113.0,35.0,31.0,592,285.0,48.14,Urban: Nearer to a major town or city,EN9 1LF,East of England,881,Essex,539382.0,200896.0,E02004534,E01021807,1,0,0,0,0,0,3.04,5.49,84.5,6.98,E01021807,E01021807,E01021807,7.0,2.0,1893.0,9.0
137874.0,5416.0,The Boswells School,39.0,245.0,33.0,14.0,1472,743.0,50.48,Urban: Nearer to a major town or city,CM1 6LY,East of England,881,Essex,572016.0,208568.0,E02004488,E01021624,1,0,0,0,0,0,5.8,1.8,90.6,1.8,E01021624,E01021624,E01021624,10.0,3.0,1893.0,9.0
136579.0,5418.0,The Appleton School,45.0,251.0,35.0,14.0,1579,771.0,48.83,Urban: Nearer to a major town or city,SS7 5RN,East of England,881,Essex,577050.0,188041.0,E02004475,E01021477,1,0,0,0,0,0,0.26,1.59,96.56,1.59,E01021477,E01021477,E01021477,7.0,3.0,1893.0,9.0
136868.0,5421.0,The King Edmund School,23.0,253.0,57.0,23.0,1583,796.0,50.28,Urban: Nearer to a major town or city,SS4 1TL,East of England,881,Essex,587172.0,192063.0,E02004564,E01021931,1,0,0,0,0,0,1.07,1.13,95.65,2.14,E01021931,E01021931,E01021931,8.0,6.0,1653.0,8.0
141841.0,5422.0,The FitzWimarc School,46.0,268.0,28.0,10.0,1584,761.0,48.04,Urban: Nearer to a major town or city,SS6 8EB,East of England,881,Essex,581060.0,191190.0,E02004570,E01021962,1,0,0,0,0,0,2.58,0.32,94.18,2.91,E01021962,E01021962,E01021962,5.0,6.0,1653.0,8.0
137260.0,5429.0,Chelmer Valley High School,47.0,203.0,34.0,17.0,1196,549.0,45.9,Urban: Nearer to a major town or city,CM1 7ER,East of England,881,Essex,570331.0,210955.0,E02004486,E01021542,1,0,0,0,0,0,10.52,5.74,79.42,4.32,E01021542,E01021542,E01021542,7.0,8.0,1893.0,9.0
137188.0,5432.0,Tendring Technology College,31.0,304.0,61.0,20.0,1789,873.0,48.8,Urban: Further from a major town or city,CO13 0AZ,East of England,881,Essex,624073.0,221035.0,E02004580,E01021994,0,1,0,0,0,0,1.39,0.61,96.97,1.04,E01021994,E01021994,E01021994,5.0,7.0,1653.0,8.0
136875.0,5433.0,St Martin's School Brentwood,50.0,287.0,25.0,9.0,1794,869.0,48.44,Urban: Nearer to a major town or city,CM13 2HG,East of England,881,Essex,562412.0,194110.0,E02004468,E01021447,1,0,0,0,0,0,7.61,1.3,86.93,4.16,E01021447,E01021447,E01021447,10.0,1.0,1893.0,9.0
137926.0,5441.0,The Gilberd School,48.0,267.0,44.0,17.0,1534,743.0,48.44,Urban: Nearer to a major town or city,CO4 9PU,East of England,881,Essex,600742.0,228148.0,E02004507,E01021668,1,0,0,0,0,0,5.06,3.56,87.23,4.15,E01021668,E01021668,E01021668,7.0,7.0,1893.0,9.0
137944.0,5448.0,St Helena School,33.0,161.0,47.0,29.0,946,491.0,51.9,Urban: Nearer to a major town or city,CO3 3LE,East of England,881,Essex,598841.0,225793.0,E02004512,E01021646,1,0,0,0,0,0,7.16,4.05,83.41,5.37,E01021646,E01021646,E01021646,4.0,6.0,1390.0,7.0
137072.0,5455.0,Hylands School,25.0,136.0,46.0,34.0,741,389.0,52.5,Smaller rural: Nearer to a major town or city,CM1 3ET,East of England,881,Essex,568619.0,206179.0,E02004495,E01021634,0,0,0,0,1,0,1.3,0.82,96.38,1.5,E01021634,E01021634,E01021634,9.0,1.0,1893.0,9.0
137927.0,5462.0,The Stanway School,44.0,227.0,28.0,12.0,1267,594.0,46.88,Urban: Nearer to a major town or city,CO3 0QA,East of England,881,Essex,595552.0,224320.0,E02004517,E01021722,1,0,0,0,0,0,2.89,4.38,89.95,2.78,E01021722,E01021722,E01021722,7.0,4.0,1893.0,9.0
115382.0,5466.0,St Benedict's Catholic College,41.0,165.0,30.0,18.0,861,429.0,49.83,Urban: Nearer to a major town or city,CO3 3US,East of England,881,Essex,597973.0,224640.0,E02004514,E01021676,1,0,0,0,0,0,10.57,1.17,83.35,4.91,E01021676,E01021676,E01021676,9.0,5.0,1653.0,8.0
137877.0,5467.0,Shenfield High School,37.0,144.0,26.0,18.0,1285,625.0,48.64,Urban: Nearer to a major town or city,CM15 8RY,East of England,881,Essex,561352.0,195860.0,E02004468,E01021467,1,0,0,0,0,0,7.61,1.3,86.93,4.16,E01021467,E01021467,E01021467,10.0,1.0,1893.0,9.0
136861.0,5468.0,The Billericay School,49.0,262.0,37.0,14.0,1649,776.0,47.06,Urban: Nearer to a major town or city,CM12 9LH,East of England,881,Essex,567611.0,193819.0,E02004427,E01021255,1,0,0,0,0,0,3.77,0.78,92.98,2.47,E01021255,E01021255,E01021255,9.0,3.0,1893.0,9.0
135651.0,6905.0,New Rickstones Academy,40.0,89.0,23.0,26.0,678,358.0,52.8,Urban: Nearer to a major town or city,CM8 2SD,East of England,881,Essex,581747.0,216591.0,E02004460,E01021362,1,0,0,0,0,0,1.56,1.65,92.62,4.16,E01021362,E01021362,E01021362,9.0,5.0,1893.0,9.0
135653.0,6907.0,Maltings Academy,34.0,181.0,58.0,32.0,989,491.0,49.65,Urban: Nearer to a major town or city,CM8 1EP,East of England,881,Essex,581660.0,214171.0,E02004462,E01033462,1,0,0,0,0,0,2.8,5.41,89.19,2.61,E01033462,E01033462,E01033462,7.0,9.0,1653.0,8.0
135957.0,6910.0,Clacton Coastal Academy,13.0,193.0,110.0,57.0,1299,656.0,50.5,Urban: Nearer to a major town or city,CO15 3JL,East of England,881,Essex,616728.0,215861.0,E02004585,E01022022,1,0,0,0,0,0,1.38,0.53,96.31,1.78,E01022022,E01022022,E01022022,4.0,9.0,1893.0,9.0
136195.0,6911.0,Colchester Academy,27.0,135.0,63.0,47.0,758,405.0,53.43,Urban: Nearer to a major town or city,CO4 3JL,East of England,881,Essex,602317.0,225864.0,E02006922,E01021705,1,0,0,0,0,0,2.14,3.67,91.63,2.55,E01021705,E01021705,E01021705,4.0,5.0,1893.0,9.0
136555.0,4001.0,Debden Park High School,44.0,176.0,43.0,24.0,1027,497.0,48.39,Urban: Nearer to a major town or city,IG10 2BQ,East of England,881,Essex,544661.0,197133.0,E02004537,E01021775,1,0,0,0,0,0,3.85,4.77,84.94,6.45,E01021775,E01021775,E01021775,4.5,4.0,1893.0,9.0
137152.0,4004.0,Ormiston Rivers Academy,39.0,161.0,46.0,29.0,1086,564.0,51.93,Smaller rural: Further from a major town or city,CM0 8QB,East of England,881,Essex,594727.0,196910.0,E02004562,E01034094,0,0,0,0,0,1,1.5,0.31,97.0,1.19,E01034094,E01033057,E01033057,6.0,2.0,1653.0,8.0
141328.0,4015.0,Forest Hall School,26.0,78.0,10.0,13.0,486,225.0,46.3,Smaller rural: Nearer to a major town or city,CM24 8TZ,East of England,881,Essex,551997.0,224016.0,E02004596,E01022086,0,0,0,0,1,0,2.83,0.91,90.37,5.89,E01022086,E01022086,E01022086,5.0,3.0,1893.0,9.0
137694.0,4333.0,Burnt Mill Academy,40.0,235.0,54.0,23.0,1163,575.0,49.44,Urban: Nearer to a major town or city,CM20 2NR,East of England,881,Essex,545528.0,210790.0,E02004546,E01021853,1,0,0,0,0,0,6.28,6.78,80.89,6.06,E01021853,E01021853,E01021853,4.0,4.0,1.0,1.0
137552.0,4343.0,"Stewards Academy - Science Specialist, Harlow",27.0,203.0,53.0,26.0,1080,518.0,47.96,Urban: Nearer to a major town or city,CM18 7NQ,East of England,881,Essex,544580.0,207882.0,E02004553,E01021859,1,0,0,0,0,0,5.33,11.64,77.63,5.39,E01021859,E01021859,E01021859,3.0,4.0,1893.0,9.0
136729.0,4400.0,The Honywood Community Science School,34.0,218.0,39.0,18.0,967,479.0,49.53,Larger rural: Nearer to a major town or city,CO6 1PZ,East of England,881,Essex,585191.0,223311.0,E02004459,E01021379,0,0,1,0,0,0,0.33,0.11,98.23,1.33,E01021379,E01021379,E01021379,10.0,4.0,1893.0,9.0
136863.0,4480.0,Moulsham High School,56.0,248.0,35.0,14.0,1530,772.0,50.46,Urban: Nearer to a major town or city,CM2 9ES,East of England,881,Essex,570747.0,205091.0,E02004496,E01021584,1,0,0,0,0,0,6.68,0.64,89.42,3.26,E01021584,E01021584,E01021584,10.0,2.0,1893.0,9.0
136605.0,5427.0,William de Ferrers School,33.0,254.0,38.0,15.0,1284,629.0,48.99,Urban: Nearer to a major town or city,CM3 5JU,East of England,881,Essex,581342.0,197337.0,E02004503,E01021613,1,0,0,0,0,0,1.72,2.2,93.4,2.68,E01021613,E01021613,E01021613,6.0,2.0,1893.0,9.0
138734.0,5436.0,"Joyce Frankland Academy, Newport",52.0,131.0,9.0,7.0,858,407.0,47.44,Smaller rural: Nearer to a major town or city,CB11 3TR,East of England,881,Essex,552013.0,234423.0,E02004593,E01022072,0,0,0,0,1,0,1.45,0.24,95.76,2.56,E01022072,E01022072,E01022072,10.0,2.0,1653.0,8.0
137727.0,5442.0,Anglo European School,56.0,220.0,26.0,12.0,1458,744.0,51.03,Larger rural: Nearer to a major town or city,CM4 0DJ,East of England,881,Essex,565109.0,199850.0,E02004465,E01021458,0,0,1,0,0,0,1.05,1.11,94.92,2.92,E01021458,E01021458,E01021458,8.0,7.0,1893.0,9.0
138084.0,5444.0,Clacton County High School,23.0,262.0,99.0,38.0,1622,818.0,50.43,Urban: Nearer to a major town or city,CO15 6DZ,East of England,881,Essex,618059.0,215632.0,E02004586,E01022049,1,0,0,0,0,0,1.87,0.93,94.87,2.33,E01022049,E01022049,E01022049,2.0,10.0,1893.0,9.0
137058.0,5458.0,St Mark's West Essex Catholic School,35.0,143.0,24.0,17.0,983,525.0,53.41,Urban: Nearer to a major town or city,CM18 6AA,East of England,881,Essex,545258.0,209403.0,E02004549,E01021870,1,0,0,0,0,0,4.91,4.12,86.21,4.77,E01021870,E01021870,E01021870,3.0,5.0,1653.0,8.0
137240.0,5463.0,The Sandon School,46.0,213.0,17.0,8.0,1241,602.0,48.51,Urban: Nearer to a major town or city,CM2 7AQ,East of England,881,Essex,573936.0,204887.0,E02004497,E01021571,1,0,0,0,0,0,3.19,1.3,94.59,0.91,E01021571,E01021571,E01021571,6.0,4.0,1893.0,9.0
137945.0,5470.0,Manningtree High School,44.0,148.0,24.0,16.0,837,479.0,57.23,Larger rural: Nearer to a major town or city,CO11 2BW,East of England,881,Essex,610009.0,231385.0,E02004575,E01022014,0,0,1,0,0,0,0.33,0.2,97.54,1.92,E01022014,E01022014,E01022014,6.0,7.0,1893.0,9.0
137733.0,4034.0,Shoeburyness High School,33.0,271.0,81.0,30.0,1703,819.0,48.09,Urban: Nearer to a major town or city,SS3 9LL,East of England,882,Southend-on-Sea,592621.0,185207.0,E02003295,E01015919,1,0,0,0,0,0,2.36,1.03,93.44,3.17,E01015919,E01015919,E01015919,5.0,5.0,1351.0,7.0
141741.0,4000.0,Chase High School,27.0,168.0,76.0,45.0,1011,500.0,49.46,Urban: Nearer to a major town or city,SS0 0RT,East of England,882,Southend-on-Sea,586545.0,187177.0,E02003282,E01015860,1,0,0,0,0,0,8.83,2.86,83.86,4.45,E01015860,E01015860,E01015860,9.0,6.0,288.0,2.0
137284.0,5414.0,The Eastwood Academy,57.0,168.0,33.0,20.0,985,473.0,48.02,Urban: Nearer to a major town or city,SS9 5UU,East of England,882,Southend-on-Sea,584818.0,188343.0,E02003279,E01015835,1,0,0,0,0,0,3.72,1.6,92.78,1.89,E01015835,E01015835,E01015835,3.0,8.0,675.0,4.0
138174.0,5434.0,Belfairs Academy,39.0,226.0,38.0,17.0,1361,674.0,49.52,Urban: Nearer to a major town or city,SS9 3TG,East of England,882,Southend-on-Sea,583146.0,186788.0,E02003286,E01015913,1,0,0,0,0,0,2.53,0.8,93.85,2.81,E01015913,E01015913,E01015913,7.0,3.0,577.0,3.0
137310.0,5447.0,St Thomas More High School,59.0,146.0,33.0,23.0,1030,,,Urban: Nearer to a major town or city,SS0 0BW,East of England,882,Southend-on-Sea,585234.0,187339.0,E02003283,E01015824,1,0,0,0,0,0,9.91,1.33,83.84,4.92,E01015824,E01015824,E01015824,1.0,9.0,547.0,3.0
137312.0,5465.0,St Bernard's High School,59.0,144.0,16.0,11.0,852,840.0,98.59,Urban: Nearer to a major town or city,SS0 7JS,East of England,882,Southend-on-Sea,587246.0,185508.0,E02003293,E01015856,1,0,0,0,0,0,4.49,5.14,85.6,4.76,E01015856,E01015856,E01015856,4.0,9.0,1.0,1.0
144750.0,4002.0,Harris Academy Riverside,,,,,294,137.0,46.6,Urban: Nearer to a major town or city,RM19 1QY,East of England,883,Thurrock,555641.0,177957.0,E02007005,E01034370,1,0,0,0,0,0,13.97,32.08,46.21,7.75,E01034370,E01016012,E01016012,4.0,2.0,,
135960.0,6906.0,Ormiston Park Academy,23.0,95.0,31.0,33.0,617,282.0,45.71,Larger rural: Nearer to a major town or city,RM15 4RU,East of England,883,Thurrock,556573.0,180893.0,E02003303,E01015923,0,0,1,0,0,0,5.72,13.65,75.12,5.51,E01015923,E01015923,E01015923,3.0,3.0,1653.0,8.0
139578.0,4000.0,The Hathaway Academy,28.0,146.0,54.0,37.0,835,299.0,35.81,Urban: Nearer to a major town or city,RM17 5LL,East of England,883,Thurrock,561722.0,179283.0,E02003309,E01015960,1,0,0,0,0,0,15.93,5.77,73.26,5.04,E01015960,E01015960,E01015960,7.0,6.0,500.0,3.0
137549.0,4394.0,Harris Academy Chafford Hundred,61.0,170.0,16.0,9.0,1297,608.0,46.88,Urban: Nearer to a major town or city,RM16 6SA,East of England,883,Thurrock,559297.0,178393.0,E02006859,E01033610,1,0,0,0,0,0,14.02,23.57,53.8,8.6,E01033610,E01033610,E01033610,7.0,2.0,1173.0,6.0
115239.0,4733.0,Grays Convent High School,44.0,121.0,29.0,24.0,624,624.0,100.0,Urban: Nearer to a major town or city,RM17 5UX,East of England,883,Thurrock,561881.0,178571.0,E02003311,E01015959,1,0,0,0,0,0,15.16,11.42,66.19,7.22,E01015959,E01015959,E01015959,4.0,4.0,700.0,4.0
137214.0,5438.0,William Edwards School,46.0,242.0,38.0,16.0,1262,559.0,44.29,Urban: Nearer to a major town or city,RM16 3NJ,East of England,883,Thurrock,562008.0,180873.0,E02003304,E01015993,1,0,0,0,0,0,4.8,5.41,86.2,3.59,E01015993,E01015993,E01015993,4.0,5.0,1.0,1.0
137456.0,5440.0,St Clere's School,50.0,230.0,44.0,19.0,1293,593.0,45.86,Urban: Nearer to a major town or city,SS17 0NW,East of England,883,Thurrock,567991.0,181846.0,E02003300,E01015991,1,0,0,0,0,0,2.44,3.92,91.31,2.33,E01015991,E01015991,E01015991,5.0,3.0,1.0,1.0
133114.0,6905.0,The Gateway Academy,34.0,196.0,78.0,40.0,1016,504.0,49.61,Urban: Nearer to a major town or city,RM16 4LU,East of England,883,Thurrock,564245.0,177892.0,E02003307,E01015935,1,0,0,0,0,0,4.64,12.78,78.43,4.15,E01015935,E01015935,E01015935,3.0,6.0,491.0,3.0
139189.0,4014.0,Whitecross Hereford,37.0,185.0,32.0,17.0,934,436.0,46.68,Urban: Further from a major town or city,HR4 0RN,West Midlands,884,"Herefordshire, County of",349076.0,241173.0,E02002914,E01014089,0,1,0,0,0,0,0.57,0.14,98.57,0.72,E01014089,E01014089,E01014089,6.0,5.0,658.0,4.0
137703.0,4004.0,Queen Elizabeth High School,65.0,51.0,10.0,20.0,315,149.0,47.3,Larger rural: Nearer to a major town or city,HR7 4QS,West Midlands,884,"Herefordshire, County of",364596.0,254169.0,E02002909,E01014002,0,0,1,0,0,0,1.35,0.0,98.01,0.64,E01014002,E01014002,E01014002,7.0,7.0,1117.0,6.0
116941.0,4027.0,Earl Mortimer College and Sixth Form Centre,21.0,71.0,26.0,37.0,522,270.0,51.72,Urban: Further from a major town or city,HR6 8JJ,West Midlands,884,"Herefordshire, County of",349678.0,258506.0,E02002907,E01014048,0,1,0,0,0,0,1.51,0.42,95.03,3.03,E01014048,E01014048,E01014048,3.0,10.0,1173.0,6.0
140868.0,4032.0,Fairfield High School,49.0,90.0,10.0,11.0,505,253.0,50.1,Smaller rural: Further from a major town or city,HR2 0SG,West Midlands,884,"Herefordshire, County of",334483.0,238123.0,E02002924,E01014019,0,0,0,0,0,1,0.26,0.07,98.16,1.51,E01014019,E01014019,E01014019,6.0,4.0,1653.0,8.0
116936.0,4015.0,Aylestone School,16.0,63.0,15.0,24.0,358,190.0,53.07,Urban: Further from a major town or city,HR1 1HY,West Midlands,884,"Herefordshire, County of",352513.0,240767.0,E02002915,E01013988,0,1,0,0,0,0,2.26,0.44,95.76,1.54,E01013988,E01013988,E01013988,10.0,9.0,437.0,3.0
137073.0,4021.0,Kingstone High School,50.0,56.0,18.0,32.0,433,206.0,47.58,Larger rural: Further from a major town or city,HR2 9HJ,West Midlands,884,"Herefordshire, County of",342036.0,236293.0,E02002925,E01014098,0,0,0,1,0,0,0.66,0.18,97.67,1.49,E01014098,E01014098,E01014098,4.0,2.0,1653.0,8.0
137608.0,4022.0,Lady Hawkins' School,36.0,59.0,10.0,17.0,294,137.0,46.6,Larger rural: Further from a major town or city,HR5 3AR,West Midlands,884,"Herefordshire, County of",329066.0,256522.0,E02002910,E01014034,0,0,0,1,0,0,1.79,0.14,96.77,1.31,E01014034,E01014034,E01014034,4.0,6.0,972.0,5.0
116952.0,4045.0,Weobley High School,43.0,100.0,20.0,20.0,523,258.0,49.33,Larger rural: Further from a major town or city,HR4 8ST,West Midlands,884,"Herefordshire, County of",340593.0,251175.0,E02002911,E01014016,0,0,0,1,0,0,0.39,0.39,98.45,0.78,E01014016,E01014016,E01014016,3.0,4.0,1653.0,8.0
136405.0,4046.0,Wigmore School,42.0,86.0,8.0,9.0,446,210.0,47.09,Smaller rural: Further from a major town or city,HR6 9UW,West Midlands,884,"Herefordshire, County of",341646.0,268877.0,E02002905,E01014051,0,0,0,0,0,1,0.93,0.0,97.6,1.47,E01014051,E01014051,E01014051,6.0,2.0,1893.0,9.0
136803.0,4058.0,John Masefield High School,46.0,126.0,20.0,16.0,909,440.0,48.4,Larger rural: Further from a major town or city,HR8 2HF,West Midlands,884,"Herefordshire, County of",371058.0,237121.0,E02002923,E01014037,0,0,0,1,0,0,0.63,0.28,98.39,0.7,E01014037,E01014037,E01014037,6.0,3.0,987.0,5.0
136399.0,4428.0,John Kyrle High School and Sixth Form Centre Academy,42.0,234.0,36.0,15.0,1446,733.0,50.69,Urban: Further from a major town or city,HR9 7ET,West Midlands,884,"Herefordshire, County of",360340.0,225210.0,E02002926,E01014064,0,1,0,0,0,0,1.01,0.57,95.88,2.54,E01014064,E01014064,E01014064,2.0,8.0,950.0,5.0
116991.0,4600.0,The Bishop of Hereford's Bluecoat School,50.0,222.0,28.0,13.0,1055,508.0,48.15,Urban: Further from a major town or city,HR1 1UU,West Midlands,884,"Herefordshire, County of",353245.0,240107.0,E02002918,E01014090,0,1,0,0,0,0,1.85,0.0,95.75,2.4,E01014090,E01014090,E01014090,10.0,4.0,903.0,5.0
116992.0,4601.0,St Mary's RC High School,60.0,149.0,10.0,7.0,745,386.0,51.81,Smaller rural: Further from a major town or city,HR1 4DR,West Midlands,884,"Herefordshire, County of",354941.0,240836.0,E02002912,E01014022,0,0,0,0,0,1,1.29,0.09,97.12,1.51,E01014022,E01014022,E01014022,9.0,3.0,1653.0,8.0
135662.0,6905.0,The Hereford Academy,17.0,149.0,56.0,38.0,642,315.0,49.07,Urban: Further from a major town or city,HR2 7NG,West Midlands,884,"Herefordshire, County of",350132.0,237991.0,E02002919,E01014072,0,1,0,0,0,0,0.82,0.92,95.81,2.45,E01014072,E01014072,E01014072,3.0,9.0,1298.0,6.0
135035.0,4001.0,The Bewdley School,51.0,176.0,26.0,15.0,942,461.0,48.94,Smaller rural: Further from a major town or city,DY12 1BL,West Midlands,885,Worcestershire,379285.0,274910.0,E02006771,E01032482,0,0,0,0,0,1,1.03,0.22,97.29,1.47,E01032482,E01032482,E01032482,9.0,5.0,1893.0,9.0
140292.0,4003.0,South Bromsgrove High,49.0,324.0,49.0,15.0,1331,672.0,50.49,Urban: Nearer to a major town or city,B60 3NL,West Midlands,885,Worcestershire,395762.0,269699.0,E02006707,E01032158,1,0,0,0,0,0,1.79,0.13,96.36,1.72,E01032158,E01032158,E01032158,10.0,3.0,1653.0,8.0
144367.0,4014.0,Baxter College,26.0,161.0,55.0,34.0,847,420.0,49.59,Urban: Nearer to a major town or city,DY11 5PQ,West Midlands,885,Worcestershire,381676.0,276779.0,E02006772,E01032452,1,0,0,0,0,0,0.58,0.64,96.8,1.98,E01032452,E01032452,E01032452,6.0,8.0,,
137625.0,4028.0,The Chase,52.0,214.0,32.0,15.0,1247,608.0,48.76,Urban: Nearer to a major town or city,WR14 3NZ,West Midlands,885,Worcestershire,378855.0,244964.0,E02006718,E01032184,1,0,0,0,0,0,1.09,0.07,97.61,1.23,E01032184,E01032184,E01032184,5.0,4.0,1495.0,7.0
138107.0,4754.0,Bishop Perowne CofE College,39.0,135.0,50.0,37.0,823,433.0,52.61,Urban: Nearer to a major town or city,WR3 8LE,West Midlands,885,Worcestershire,385260.0,256306.0,E02006737,E01032279,1,0,0,0,0,0,4.67,1.44,91.59,2.31,E01032279,E01032279,E01032279,5.0,5.0,965.0,5.0
137186.0,4801.0,Dyson Perrins CofE Academy,22.0,86.0,42.0,49.0,711,335.0,47.12,Urban: Nearer to a major town or city,WR14 1WD,West Midlands,885,Worcestershire,377561.0,248358.0,E02006715,E01032188,1,0,0,0,0,0,0.79,0.26,96.43,2.52,E01032188,E01032188,E01032188,4.0,5.0,1390.0,7.0
141414.0,4800.0,Hagley Catholic High School,71.0,170.0,18.0,11.0,1108,537.0,48.47,Urban: Nearer to a major town or city,DY8 2XL,West Midlands,885,Worcestershire,389951.0,280485.0,E02006696,E01032139,1,0,0,0,0,0,5.13,0.89,88.56,5.42,E01032139,E01032139,E01032139,10.0,2.0,1893.0,9.0
137162.0,4004.0,The Stourport High School and Sixth Form College,38.0,193.0,47.0,24.0,1111,568.0,51.13,Urban: Nearer to a major town or city,DY13 8AX,West Midlands,885,Worcestershire,381323.0,272407.0,E02006778,E01032459,1,0,0,0,0,0,0.47,0.14,98.51,0.88,E01032459,E01032459,E01032459,5.0,8.0,1893.0,9.0
136927.0,4005.0,Droitwich Spa High School and Sixth Form Centre,39.0,267.0,65.0,24.0,1248,644.0,51.6,Urban: Nearer to a major town or city,WR9 0AA,West Midlands,885,Worcestershire,388632.0,263232.0,E02006751,E01032357,1,0,0,0,0,0,0.81,0.36,97.21,1.62,E01032357,E01032357,E01032357,7.0,9.0,1495.0,7.0
138505.0,4008.0,Arrow Vale RSA Academy,38.0,180.0,55.0,31.0,735,366.0,49.8,Urban: Nearer to a major town or city,B98 0GF,West Midlands,885,Worcestershire,407092.0,266559.0,E02006727,E01032266,1,0,0,0,0,0,2.78,0.9,93.86,2.45,E01032266,E01032266,E01032266,6.0,6.0,1893.0,9.0
136898.0,4010.0,Haybridge High School and Sixth Form,58.0,161.0,23.0,14.0,1218,626.0,51.4,Urban: Nearer to a major town or city,DY8 2XS,West Midlands,885,Worcestershire,389966.0,280666.0,E02006696,E01032139,1,0,0,0,0,0,5.13,0.89,88.56,5.42,E01032139,E01032139,E01032139,10.0,2.0,1893.0,9.0
141169.0,4013.0,Tenbury High Ormiston Academy,40.0,67.0,15.0,22.0,386,184.0,47.67,Smaller rural: Further from a major town or city,WR15 8XA,West Midlands,885,Worcestershire,359316.0,267518.0,E02006710,E01032213,0,0,0,0,0,1,0.11,0.23,97.53,2.13,E01032213,E01032213,E01032213,9.0,6.0,1893.0,9.0
136924.0,4017.0,Woodrush High School,44.0,174.0,35.0,20.0,999,520.0,52.05,Urban: Nearer to a major town or city,B47 5JW,West Midlands,885,Worcestershire,408361.0,276696.0,E02006699,E01032135,1,0,0,0,0,0,2.81,1.6,91.76,3.83,E01032135,E01032135,E01032135,10.0,1.0,1653.0,8.0
136925.0,4030.0,Pershore High School,44.0,221.0,32.0,15.0,1079,532.0,49.3,Smaller rural: Nearer to a major town or city,WR10 2BX,West Midlands,885,Worcestershire,394969.0,247453.0,E02006759,E01032409,0,0,0,0,1,0,1.6,0.29,96.71,1.4,E01032409,E01032409,E01032409,4.0,8.0,1893.0,9.0
138664.0,4044.0,Waseley Hills High School,38.0,120.0,15.0,13.0,719,332.0,46.18,Urban: Nearer to a major town or city,B45 9EL,West Midlands,885,Worcestershire,397972.0,277040.0,E02006698,E01032170,1,0,0,0,0,0,0.29,1.16,95.42,3.12,E01032170,E01032170,E01032170,8.0,7.0,1653.0,8.0
136890.0,4432.0,Christopher Whitehead Language College,44.0,221.0,44.0,20.0,1382,725.0,52.46,Urban: Nearer to a major town or city,WR2 4AF,West Midlands,885,Worcestershire,384156.0,254234.0,E02006745,E01032288,1,0,0,0,0,0,3.21,0.26,94.35,2.18,E01032288,E01032288,E01032288,5.0,4.0,1.0,1.0
137051.0,4434.0,Nunnery Wood High School,48.0,240.0,43.0,18.0,1349,659.0,48.85,Urban: Nearer to a major town or city,WR5 2LT,West Midlands,885,Worcestershire,387109.0,253992.0,E02006746,E01032308,1,0,0,0,0,0,7.08,0.8,89.22,2.9,E01032308,E01032308,E01032308,8.5,5.5,1495.0,7.0
136897.0,4435.0,The Chantry School,47.0,143.0,8.0,6.0,744,369.0,49.6,Smaller rural: Nearer to a major town or city,WR6 6QA,West Midlands,885,Worcestershire,375662.0,260068.0,E02006711,E01032199,0,0,0,0,1,0,0.7,0.1,97.49,1.71,E01032199,E01032199,E01032199,7.0,1.0,1893.0,9.0
137167.0,4437.0,Trinity High School and Sixth Form Centre,25.0,230.0,67.0,29.0,904,457.0,50.55,Urban: Nearer to a major town or city,B98 8HB,West Midlands,885,Worcestershire,404481.0,267865.0,E02006724,E01032224,1,0,0,0,0,0,30.72,2.23,62.9,4.15,E01032224,E01032224,E01032224,5.0,5.0,1653.0,8.0
140731.0,4438.0,Tudor Grange Academy Redditch,21.0,61.0,21.0,34.0,259,135.0,52.12,Urban: Nearer to a major town or city,B98 7UH,West Midlands,885,Worcestershire,406236.0,264956.0,E02006729,E01032253,1,0,0,0,0,0,4.5,1.44,90.19,3.88,E01032253,E01032253,E01032253,10.0,4.0,1893.0,9.0
137101.0,4500.0,Hanley Castle High School,52.0,169.0,22.0,13.0,1068,507.0,47.47,Smaller rural: Nearer to a major town or city,WR8 0BL,West Midlands,885,Worcestershire,383971.0,242020.0,E02006714,E01032217,0,0,0,0,1,0,1.36,0.3,97.57,0.77,E01032217,E01032217,E01032217,7.0,3.0,1893.0,9.0
138032.0,4501.0,King Charles I School,38.0,187.0,44.0,24.0,1053,513.0,48.72,Urban: Nearer to a major town or city,DY10 1XA,West Midlands,885,Worcestershire,384147.0,276175.0,E02006773,E01032466,1,0,0,0,0,0,2.52,0.81,93.93,2.74,E01032466,E01032466,E01032466,8.0,10.0,1893.0,9.0
135061.0,4503.0,Wolverley CofE Secondary School,28.0,81.0,20.0,25.0,675,318.0,47.11,Urban: Further from a major town or city,DY11 5XQ,West Midlands,885,Worcestershire,382823.0,279912.0,E02006767,E01032479,0,1,0,0,0,0,1.86,0.5,96.29,1.36,E01032479,E01032479,E01032479,6.0,6.0,1893.0,9.0
141063.0,5400.0,St Augustine's Catholic High School,58.0,229.0,34.0,15.0,925,449.0,48.54,Urban: Nearer to a major town or city,B97 5LX,West Midlands,885,Worcestershire,403906.0,264124.0,E02006733,E01032230,1,0,0,0,0,0,2.4,0.27,95.74,1.6,E01032230,E01032230,E01032230,10.0,3.0,1653.0,8.0
116999.0,5402.0,Blessed Edward Oldcorne Catholic College,45.0,206.0,38.0,18.0,1050,523.0,49.81,Urban: Nearer to a major town or city,WR5 2XD,West Midlands,885,Worcestershire,385658.0,253699.0,E02006746,E01032284,1,0,0,0,0,0,7.08,0.8,89.22,2.9,E01032284,E01032284,E01032284,8.5,5.5,390.0,2.0
136469.0,5403.0,Prince Henry's High School,52.0,319.0,39.0,12.0,1293,654.0,50.58,Urban: Nearer to a major town or city,WR11 4QH,West Midlands,885,Worcestershire,404113.0,244509.0,E02006762,E01032376,1,0,0,0,0,0,1.05,0.2,96.18,2.57,E01032376,E01032376,E01032376,9.0,4.0,1653.0,8.0
135913.0,6905.0,Tudor Grange Academy Worcester,37.0,185.0,38.0,21.0,1058,540.0,51.04,Urban: Nearer to a major town or city,WR3 8HN,West Midlands,885,Worcestershire,386028.0,257177.0,E02006737,E01032328,1,0,0,0,0,0,4.67,1.44,91.59,2.31,E01032328,E01032328,E01032328,5.0,5.0,658.0,4.0
139554.0,4006.0,Trinity School,55.0,117.0,15.0,13.0,783,337.0,43.04,Urban: Nearer to a major town or city,TN13 3SL,South East,886,Kent,554061.0,156627.0,E02005098,E01024458,1,0,0,0,0,0,1.62,0.99,93.86,3.53,E01024458,E01024458,E01024458,10.0,3.0,,
140987.0,4012.0,The Leigh UTC,14.0,65.0,23.0,35.0,481,118.0,24.53,Urban: Nearer to a major town or city,DA1 5TF,South East,886,Kent,554583.0,175781.0,E02005028,E01035271,1,0,0,0,0,0,18.88,27.63,45.15,8.34,E01035271,E01024149,E01024149,5.0,2.0,1495.0,7.0
144015.0,4016.0,The Charles Dickens School,14.0,185.0,66.0,36.0,1086,554.0,51.01,Urban: Further from a major town or city,CT10 2RL,South East,886,Kent,638334.0,167981.0,E02005142,E01024690,0,1,0,0,0,0,3.55,0.49,93.24,2.72,E01024690,E01024690,E01024690,4.0,7.0,,
118788.0,4040.0,Northfleet School for Girls,36.0,132.0,35.0,27.0,893,884.0,98.99,Urban: Nearer to a major town or city,DA11 8AQ,South East,886,Kent,562828.0,172592.0,E02005060,E01024288,1,0,0,0,0,0,15.46,3.91,75.65,4.98,E01024288,E01024288,E01024288,5.0,4.0,1893.0,9.0
137833.0,5401.0,The Maplesden Noakes School,20.0,178.0,30.0,17.0,1180,559.0,47.37,Urban: Nearer to a major town or city,ME16 0TJ,South East,886,Kent,575149.0,156457.0,E02005073,E01024340,1,0,0,0,0,0,5.6,2.74,87.25,4.4,E01024340,E01024340,E01024340,7.0,6.0,1495.0,7.0
118879.0,5407.0,Thamesview School,22.0,131.0,42.0,32.0,839,397.0,47.32,Urban: Nearer to a major town or city,DA12 4LF,South East,886,Kent,566808.0,172052.0,E02005062,E01024298,1,0,0,0,0,0,8.74,5.13,81.95,4.19,E01024298,E01024298,E01024298,9.0,1.0,1893.0,9.0
137484.0,5408.0,Homewood School and Sixth Form Centre,28.0,340.0,72.0,21.0,2025,1033.0,51.01,Larger rural: Nearer to a major town or city,TN30 6LT,South East,886,Kent,588805.0,134276.0,E02005008,E01024024,0,0,1,0,0,0,1.4,0.45,96.89,1.26,E01024024,E01024024,E01024024,6.0,3.0,1893.0,9.0
139542.0,5409.0,Wrotham School,37.0,126.0,18.0,14.0,807,357.0,44.24,Smaller rural: Nearer to a major town or city,TN15 7RD,South East,886,Kent,561109.0,158269.0,E02005154,E01024786,0,0,0,0,1,0,1.54,0.92,93.91,3.64,E01024786,E01024786,E01024786,6.0,2.0,1893.0,9.0
136324.0,5414.0,Fulston Manor School,21.0,210.0,37.0,18.0,1337,643.0,48.09,Urban: Nearer to a major town or city,ME10 4EG,South East,886,Kent,590750.0,162857.0,E02005127,E01032737,1,0,0,0,0,0,3.9,4.35,89.48,2.27,E01032737,E01032737,E01032737,7.0,6.0,1495.0,7.0
136302.0,5421.0,The Canterbury Academy,25.0,237.0,71.0,30.0,1710,805.0,47.08,Urban: Further from a major town or city,CT2 8QA,South East,886,Kent,613730.0,157724.0,E02006856,E01024122,0,1,0,0,0,0,4.76,3.06,86.68,5.5,E01024122,E01024122,E01024122,5.0,7.0,1653.0,8.0
118897.0,5425.0,The Malling School,24.0,127.0,27.0,21.0,896,387.0,43.19,Urban: Nearer to a major town or city,ME19 6DH,South East,886,Kent,569778.0,157407.0,E02006833,E01024740,1,0,0,0,0,0,1.36,0.6,95.06,2.97,E01024740,E01024740,E01024740,7.0,4.0,1893.0,9.0
118898.0,5426.0,The Archbishop's School,16.0,143.0,37.0,26.0,739,364.0,49.26,Urban: Further from a major town or city,CT2 7AP,South East,886,Kent,614417.0,159483.0,E02005022,E01024100,0,1,0,0,0,0,8.1,4.91,79.15,7.84,E01024100,E01024100,E01024100,3.0,1.0,1893.0,9.0
136603.0,5464.0,Bennett Memorial Diocesan School,56.0,234.0,22.0,9.0,1634,855.0,52.33,Urban: Further from a major town or city,TN4 9SH,South East,886,Kent,557344.0,140560.0,E02005168,E01024838,0,1,0,0,0,0,4.92,1.3,87.85,5.93,E01024838,E01024838,E01024838,10.0,2.0,1893.0,9.0
136128.0,6905.0,Knole Academy,32.0,229.0,43.0,19.0,1309,687.0,52.48,Urban: Nearer to a major town or city,TN13 3LE,South East,886,Kent,552379.0,156485.0,E02005097,E01024467,1,0,0,0,0,0,5.28,0.84,88.93,4.95,E01024467,E01024467,E01024467,10.0,1.0,1653.0,8.0
135297.0,6910.0,The Leigh Academy,37.0,226.0,50.0,22.0,1429,581.0,40.66,Urban: Nearer to a major town or city,DA1 1QE,South East,886,Kent,555487.0,173173.0,E02005035,E01024136,1,0,0,0,0,0,14.37,10.37,68.83,6.43,E01024136,E01024136,E01024136,9.0,2.0,788.0,4.0
136177.0,6918.0,Duke of York's Royal Military School,50.0,91.0,3.0,3.0,503,225.0,44.73,Smaller rural: Further from a major town or city,CT15 5EQ,South East,886,Kent,632730.0,143466.0,E02005052,E01024238,0,0,0,0,0,1,25.38,6.04,60.91,7.66,E01024238,E01024238,E01024238,7.0,3.0,1893.0,9.0
139664.0,4007.0,Wye School,50.0,86.0,14.0,16.0,491,256.0,52.14,Larger rural: Nearer to a major town or city,TN25 5EJ,South East,886,Kent,605615.0,146915.0,E02004996,E01024041,0,0,1,0,0,0,1.28,1.11,94.86,2.74,E01024041,E01024041,E01024041,9.0,5.0,,
136923.0,4000.0,St Augustine Academy,14.0,106.0,38.0,36.0,706,311.0,44.05,Urban: Nearer to a major town or city,ME16 8AE,South East,886,Kent,574440.0,155313.0,E02005075,E01024367,1,0,0,0,0,0,11.72,3.51,78.79,5.98,E01024367,E01024367,E01024367,8.0,7.0,1653.0,8.0
137581.0,4001.0,The Ebbsfleet Academy,32.0,107.0,36.0,34.0,625,266.0,42.56,Urban: Nearer to a major town or city,DA10 0BZ,South East,886,Kent,560829.0,173926.0,E02005031,E01024176,1,0,0,0,0,0,3.68,8.71,83.93,3.68,E01024176,E01024176,E01024176,4.0,2.0,1893.0,9.0
137687.0,4002.0,The Sittingbourne School,21.0,184.0,82.0,45.0,1355,710.0,52.4,Urban: Nearer to a major town or city,ME10 4NL,South East,886,Kent,592123.0,162907.0,E02005125,E01024600,1,0,0,0,0,0,0.75,1.57,96.04,1.64,E01024600,E01024600,E01024600,2.0,7.0,1241.0,6.0
139075.0,4004.0,Meopham School,57.0,85.0,14.0,17.0,698,366.0,52.44,Smaller rural: Nearer to a major town or city,DA13 0AH,South East,886,Kent,564231.0,165820.0,E02005066,E01024271,0,0,0,0,1,0,0.84,0.56,96.55,2.04,E01024271,E01024271,E01024271,7.0,1.0,1893.0,9.0
139697.0,4009.0,Hadlow Rural Community School,30.0,56.0,18.0,32.0,358,142.0,39.66,Smaller rural: Nearer to a major town or city,TN11 0AU,South East,886,Kent,562706.0,149711.0,E02005156,E01024745,0,0,0,0,1,0,3.09,0.92,93.54,2.44,E01024745,E01024745,E01024745,8.0,4.0,,
141217.0,4013.0,St Edmund's Catholic School,17.0,64.0,22.0,34.0,455,211.0,46.37,Urban: Further from a major town or city,CT16 2QB,South East,886,Kent,631515.0,142620.0,E02005051,E01024195,0,1,0,0,0,0,1.88,0.42,94.68,3.02,E01024195,E01024195,E01024195,2.5,4.5,1893.0,9.0
143954.0,4015.0,The Lenham School,21.0,98.0,20.0,20.0,526,261.0,49.62,Larger rural: Nearer to a major town or city,ME17 2LL,South East,886,Kent,589367.0,152380.0,E02005078,E01024362,0,0,1,0,0,0,1.11,0.11,96.89,1.9,E01024362,E01024362,E01024362,6.0,4.0,,
118785.0,4026.0,Dartford Science & Technology College,38.0,97.0,31.0,32.0,741,738.0,99.6,Urban: Nearer to a major town or city,DA1 2LY,South East,886,Kent,553232.0,173727.0,E02005030,E01024185,1,0,0,0,0,0,15.78,11.05,68.62,4.55,E01024185,E01024185,E01024185,7.0,4.0,521.0,3.0
136304.0,4031.0,Orchards Academy,21.0,94.0,44.0,47.0,525,278.0,52.95,Urban: Nearer to a major town or city,BR8 7TE,South East,886,Kent,551053.0,168589.0,E02005088,E01024476,1,0,0,0,0,0,4.56,7.93,83.34,4.16,E01024476,E01024476,E01024476,1.0,7.0,1390.0,7.0
138167.0,4113.0,Astor College (A Specialist College for the Arts),14.0,153.0,67.0,44.0,837,445.0,53.17,Urban: Further from a major town or city,CT17 0AS,South East,886,Kent,630219.0,141531.0,E02005051,E01024248,0,1,0,0,0,0,1.88,0.42,94.68,3.02,E01024248,E01024248,E01024248,2.5,4.5,1893.0,9.0
136584.0,4120.0,King Ethelbert School,22.0,153.0,36.0,24.0,762,376.0,49.34,Urban: Further from a major town or city,CT7 9BL,South East,886,Kent,631297.0,169465.0,E02005139,E01024638,0,1,0,0,0,0,1.01,0.12,96.43,2.44,E01024638,E01024638,E01024638,3.0,5.0,1893.0,9.0
136571.0,4172.0,Hartsdown Academy,7.0,117.0,70.0,60.0,660,315.0,47.73,Urban: Further from a major town or city,CT9 5RE,South East,886,Kent,634567.0,169921.0,E02005136,E01024672,0,1,0,0,0,0,2.63,1.01,93.33,3.03,E01024672,E01024672,E01024672,2.0,9.0,1653.0,8.0
136583.0,4196.0,Towers School and Sixth Form Centre,26.0,149.0,50.0,34.0,1083,536.0,49.49,Urban: Nearer to a major town or city,TN24 9AL,South East,886,Kent,601709.0,145611.0,E02004998,E01023999,1,0,0,0,0,0,2.47,1.54,93.31,2.69,E01023999,E01023999,E01023999,7.0,4.0,1893.0,9.0
136581.0,4249.0,Valley Park School,27.0,240.0,30.0,13.0,1620,808.0,49.88,Urban: Nearer to a major town or city,ME14 5DT,South East,886,Kent,577242.0,155795.0,E02005072,E01024336,1,0,0,0,0,0,5.38,1.84,89.91,2.87,E01024336,E01024336,E01024336,10.0,5.0,1893.0,9.0
141628.0,4633.0,Ursuline College,28.0,108.0,35.0,32.0,838,440.0,52.51,Urban: Further from a major town or city,CT8 8LX,South East,886,Kent,631675.0,169531.0,E02005138,E01024713,0,1,0,0,0,0,1.14,0.65,95.44,2.77,E01024713,E01024713,E01024713,3.0,6.0,1.0,1.0
140537.0,5432.0,St Simon Stock Catholic School,44.0,163.0,21.0,13.0,1123,536.0,47.73,Urban: Nearer to a major town or city,ME16 0JP,South East,886,Kent,574251.0,155595.0,E02005075,E01024367,1,0,0,0,0,0,11.72,3.51,78.79,5.98,E01024367,E01024367,E01024367,8.0,7.0,1653.0,8.0
136286.0,5434.0,Westlands School,39.0,267.0,69.0,26.0,1623,784.0,48.31,Urban: Nearer to a major town or city,ME10 1PF,South East,886,Kent,588904.0,163864.0,E02005126,E01024569,1,0,0,0,0,0,1.61,1.51,94.73,2.15,E01024569,E01024569,E01024569,7.0,8.0,1495.0,7.0
140640.0,5435.0,St Gregory's Catholic School,47.0,174.0,24.0,14.0,1276,551.0,43.18,Urban: Further from a major town or city,TN4 9XL,South East,886,Kent,558104.0,141564.0,E02005163,E01024837,0,1,0,0,0,0,5.44,0.48,89.17,4.9,E01024837,E01024837,E01024837,9.0,3.0,1.0,1.0
136847.0,5439.0,Mascalls Academy,36.0,195.0,34.0,17.0,1269,605.0,47.68,Larger rural: Nearer to a major town or city,TN12 6LT,South East,886,Kent,567107.0,143847.0,E02005162,E01024816,0,0,1,0,0,0,2.05,1.46,93.91,2.58,E01024816,E01024816,E01024816,7.0,6.0,1.0,1.0
140874.0,5446.0,"St Anselm's Catholic School, Canterbury",29.0,181.0,35.0,19.0,1130,552.0,48.85,Urban: Further from a major town or city,CT1 3EN,South East,886,Kent,616376.0,156068.0,E02005025,E01024046,0,1,0,0,0,0,9.13,2.8,81.47,6.6,E01024046,E01024046,E01024046,9.0,3.0,1.0,1.0
136465.0,5448.0,Herne Bay High School,26.0,250.0,55.0,22.0,1561,747.0,47.85,Urban: Further from a major town or city,CT6 7NS,South East,886,Kent,616784.0,167105.0,E02005012,E01024064,0,1,0,0,0,0,2.23,0.77,94.54,2.46,E01024064,E01024064,E01024064,7.0,5.0,1893.0,9.0
137104.0,5450.0,Hillview School for Girls,38.0,174.0,24.0,14.0,1218,1155.0,94.83,Urban: Nearer to a major town or city,TN9 2HE,South East,886,Kent,559690.0,145686.0,E02005160,E01024767,1,0,0,0,0,0,7.78,0.82,88.38,3.02,E01024767,E01024767,E01024767,2.0,8.0,1.0,1.0
136349.0,5455.0,The Hayesbrook School,23.0,116.0,31.0,27.0,489,,,Urban: Nearer to a major town or city,TN9 2PH,South East,886,Kent,558063.0,145659.0,E02005161,E01024757,1,0,0,0,0,0,6.01,0.55,89.56,3.88,E01024757,E01024757,E01024757,8.0,4.0,1495.0,7.0
118928.0,5456.0,Northfleet Technology College,23.0,155.0,51.0,33.0,966,,,Urban: Nearer to a major town or city,DA11 8BG,South East,886,Kent,563003.0,173050.0,E02005060,E01024281,1,0,0,0,0,0,15.46,3.91,75.65,4.98,E01024281,E01024281,E01024281,5.0,4.0,1893.0,9.0
118933.0,5461.0,St John's Catholic Comprehensive,23.0,168.0,45.0,27.0,1187,586.0,49.37,Urban: Nearer to a major town or city,DA12 2JW,South East,886,Kent,565876.0,173278.0,E02005057,E01024293,1,0,0,0,0,0,24.51,13.62,56.02,5.85,E01024293,E01024293,E01024293,4.0,1.0,1653.0,8.0
136317.0,5463.0,Sandwich Technology School,25.0,243.0,71.0,29.0,1414,693.0,49.01,Urban: Further from a major town or city,CT13 0FA,South East,886,Kent,632791.0,157060.0,E02005042,E01024242,0,1,0,0,0,0,0.98,0.17,96.96,1.9,E01024242,E01024242,E01024242,9.0,6.0,1893.0,9.0
137458.0,5466.0,Brockhill Park Performing Arts College,20.0,213.0,45.0,21.0,1383,728.0,52.64,Urban: Nearer to a major town or city,CT21 4HL,South East,886,Kent,614826.0,135838.0,E02005109,E01024550,1,0,0,0,0,0,1.42,0.15,96.71,1.72,E01024550,E01024550,E01024550,7.0,4.0,1893.0,9.0
135290.0,6909.0,The Marsh Academy,14.0,150.0,56.0,37.0,950,446.0,46.95,Larger rural: Nearer to a major town or city,TN28 8BB,South East,886,Kent,607023.0,124940.0,E02005113,E01024539,0,0,1,0,0,0,1.44,0.14,97.11,1.3,E01024539,E01024539,E01024539,2.0,7.0,1351.0,7.0
135305.0,6911.0,Spires Academy,11.0,113.0,50.0,44.0,599,307.0,51.25,Urban: Further from a major town or city,CT2 0HD,South East,886,Kent,619494.0,161797.0,E02005020,E01024110,0,1,0,0,0,0,2.62,1.9,93.39,2.09,E01024110,E01024110,E01024110,6.0,5.0,1653.0,8.0
135372.0,6912.0,New Line Learning Academy,12.0,113.0,52.0,46.0,563,269.0,47.78,Urban: Nearer to a major town or city,ME15 9QL,South East,886,Kent,576813.0,153053.0,E02005079,E01024404,1,0,0,0,0,0,1.69,1.02,95.36,1.93,E01024404,E01024404,E01024404,9.0,2.0,1893.0,9.0
135371.0,6913.0,Cornwallis Academy,38.0,224.0,48.0,21.0,1287,584.0,45.38,Urban: Nearer to a major town or city,ME17 4HX,South East,886,Kent,575978.0,150975.0,E02005083,E01024376,1,0,0,0,0,0,2.84,0.93,93.39,2.84,E01024376,E01024376,E01024376,8.0,5.0,1893.0,9.0
135630.0,6914.0,Longfield Academy,30.0,182.0,36.0,20.0,1017,496.0,48.77,Urban: Nearer to a major town or city,DA3 7PH,South East,886,Kent,560573.0,168906.0,E02005040,E01024158,1,0,0,0,0,0,5.01,1.87,88.8,4.32,E01024158,E01024158,E01024158,7.0,6.0,1893.0,9.0
135888.0,6916.0,Skinners' Kent Academy,43.0,171.0,54.0,32.0,965,458.0,47.46,Urban: Further from a major town or city,TN2 4PY,South East,886,Kent,560482.0,140402.0,E02005166,E01024842,0,1,0,0,0,0,7.85,0.8,88.28,3.07,E01024842,E01024842,E01024842,4.0,7.0,1893.0,9.0
136205.0,6920.0,Wilmington Academy,26.0,187.0,30.0,16.0,1216,438.0,36.02,Urban: Nearer to a major town or city,DA2 7DR,South East,886,Kent,552526.0,172176.0,E02005038,E01024189,1,0,0,0,0,0,2.66,4.48,88.97,3.89,E01024189,E01024189,E01024189,6.0,7.0,1893.0,9.0
118908.0,5436.0,St John Fisher Catholic Comprehensive School,30.0,150.0,46.0,31.0,822,406.0,49.39,Urban: Nearer to a major town or city,ME1 2FA,South East,887,Medway,575287.0,167305.0,E02003334,E01016020,1,0,0,0,0,0,16.89,7.47,70.27,5.37,E01016020,E01016020,E01016020,2.0,8.0,500.0,3.0
135964.0,6905.0,Strood Academy,22.0,227.0,64.0,28.0,1329,685.0,51.54,Urban: Nearer to a major town or city,ME2 2SX,South East,887,Medway,571638.0,169261.0,E02003321,E01016155,1,0,0,0,0,0,2.88,5.77,88.4,2.94,E01016155,E01016155,E01016155,3.0,7.0,1241.0,6.0
136108.0,6907.0,The Victory Academy,25.0,118.0,60.0,51.0,866,440.0,50.81,Urban: Nearer to a major town or city,ME4 5JB,South East,887,Medway,576368.0,166387.0,E02003335,E01016062,1,0,0,0,0,0,5.45,12.75,75.12,6.68,E01016062,E01016062,E01016062,1.0,8.0,658.0,4.0
138511.0,4001.0,The Robert Napier School,10.0,177.0,82.0,46.0,978,492.0,50.31,Urban: Nearer to a major town or city,ME7 2LX,South East,887,Medway,578331.0,167405.0,E02003332,E01016179,1,0,0,0,0,0,6.1,4.37,84.94,4.59,E01016179,E01016179,E01016179,7.0,4.0,739.0,4.0
136456.0,4199.0,Rainham School for Girls,31.0,262.0,66.0,25.0,1623,1592.0,98.09,Urban: Nearer to a major town or city,ME8 0BX,South East,887,Medway,580560.0,165785.0,E02003342,E01016088,1,0,0,0,0,0,6.13,2.62,87.75,3.51,E01016088,E01016088,E01016088,4.0,7.0,1351.0,7.0
137376.0,5451.0,The Thomas Aveling School,30.0,182.0,41.0,23.0,1124,560.0,49.82,Urban: Nearer to a major town or city,ME1 2UW,South East,887,Medway,574327.0,165761.0,E02003339,E01016120,1,0,0,0,0,0,4.91,6.22,84.92,3.94,E01016120,E01016120,E01016120,3.0,8.0,1.0,1.0
141466.0,5457.0,The Howard School,30.0,229.0,41.0,18.0,1459,,,Urban: Nearer to a major town or city,ME8 0BX,South East,887,Medway,580562.0,165928.0,E02003342,E01016088,1,0,0,0,0,0,6.13,2.62,87.75,3.51,E01016088,E01016088,E01016088,4.0,7.0,1.0,1.0
136107.0,6906.0,Brompton Academy,29.0,191.0,77.0,40.0,1312,639.0,48.7,Urban: Nearer to a major town or city,ME7 5HT,South East,887,Medway,576827.0,167905.0,E02003325,E01016045,1,0,0,0,0,0,18.91,7.47,67.16,6.46,E01016045,E01016045,E01016045,4.0,6.0,437.0,3.0
136997.0,4041.0,Bowland High,49.0,109.0,13.0,12.0,568,288.0,50.7,Smaller rural: Nearer to a major town or city,BB7 4QS,North West,888,Lancashire,376943.0,446225.0,E02005270,E01025349,0,0,0,0,1,0,0.36,0.07,98.49,1.08,E01025349,E01025349,E01025349,9.0,3.0,1893.0,9.0
119771.0,4408.0,Fleetwood High School,15.0,131.0,68.0,52.0,869,439.0,50.52,Urban: Nearer to a major town or city,FY7 8HE,North West,888,Lancashire,332099.0,446685.0,E02005323,E01025579,1,0,0,0,0,0,0.26,0.47,97.65,1.62,E01025579,E01025579,E01025579,2.5,9.5,1893.0,9.0
135936.0,6906.0,Fulwood Academy,26.0,138.0,59.0,43.0,776,379.0,48.84,Urban: Nearer to a major town or city,PR2 9YR,North West,888,Lancashire,352690.0,432551.0,E02005255,E01025258,1,0,0,0,0,0,16.23,1.21,80.0,2.56,E01025258,E01025258,E01025258,10.0,6.0,1893.0,9.0
136801.0,4001.0,Preston Muslim Girls High School,57.0,84.0,18.0,21.0,500,500.0,100.0,Urban: Nearer to a major town or city,PR1 5BY,North West,888,Lancashire,354851.0,430290.0,E02005266,E01025295,1,0,0,0,0,0,26.03,3.66,61.78,8.52,E01025295,E01025295,E01025295,2.0,9.0,1653.0,8.0
138948.0,4135.0,Penwortham Priory Academy,42.0,120.0,20.0,17.0,737,326.0,44.23,Urban: Nearer to a major town or city,PR1 0JE,North West,888,Lancashire,351171.0,428386.0,E02005287,E01025424,1,0,0,0,0,0,3.77,0.14,93.73,2.37,E01025424,E01025424,E01025424,10.0,3.0,1893.0,9.0
137342.0,4160.0,Garstang Community Academy,52.0,139.0,14.0,10.0,813,407.0,50.06,Smaller rural: Nearer to a major town or city,PR3 1YE,North West,888,Lancashire,349756.0,443981.0,E02005324,E01025549,0,0,0,0,1,0,0.99,0.37,97.9,0.74,E01025549,E01025549,E01025549,9.0,5.0,1893.0,9.0
119753.0,4184.0,Whitworth Community High School,43.0,120.0,38.0,32.0,637,329.0,51.65,Urban: Nearer to a major town or city,OL12 8TS,North West,888,Lancashire,388072.0,417936.0,E02005286,E01025376,1,0,0,0,0,0,1.09,0.16,97.53,1.22,E01025376,E01025376,E01025376,3.0,8.0,1893.0,9.0
119780.0,4609.0,Corpus Christi Catholic High School,24.0,126.0,63.0,50.0,595,294.0,49.41,Urban: Nearer to a major town or city,PR2 8QY,North West,888,Lancashire,353523.0,432427.0,E02005258,E01025242,1,0,0,0,0,0,36.07,1.06,59.15,3.72,E01025242,E01025242,E01025242,8.0,8.0,1653.0,8.0
137296.0,4626.0,Bishop Rawstorne Church of England Academy,73.0,180.0,17.0,9.0,936,507.0,54.17,Smaller rural: Nearer to a major town or city,PR26 9HH,North West,888,Lancashire,349382.0,418637.0,E02005195,E01024974,0,0,0,0,1,0,0.75,0.13,97.99,1.13,E01024974,E01024974,E01024974,9.0,2.0,1893.0,9.0
119814.0,5405.0,"Archbishop Temple School, A Church of England Specialist College",63.0,150.0,25.0,17.0,766,354.0,46.21,Urban: Nearer to a major town or city,PR2 8RA,North West,888,Lancashire,353710.0,432056.0,E02005258,E01025242,1,0,0,0,0,0,36.07,1.06,59.15,3.72,E01025242,E01025242,E01025242,8.0,8.0,1653.0,8.0
139130.0,4003.0,Colne Primet Academy,19.0,36.0,14.0,39.0,366,171.0,46.72,Urban: Nearer to a major town or city,BB8 8JF,North West,888,Lancashire,387719.0,439221.0,E02005246,E01025228,1,0,0,0,0,0,3.42,0.05,94.53,2.0,E01025228,E01025228,E01025228,7.0,9.0,1893.0,9.0
141028.0,4008.0,Burnley High School,55.0,42.0,13.0,31.0,421,210.0,49.88,Urban: Nearer to a major town or city,BB12 6NX,North West,888,Lancashire,380780.0,433277.0,E02005180,E01024879,1,0,0,0,0,0,1.05,0.06,98.21,0.68,E01024879,E01024879,E01024879,5.0,8.0,,
137111.0,4193.0,Lostock Hall Academy,48.0,114.0,16.0,14.0,571,289.0,50.61,Urban: Nearer to a major town or city,PR5 5UR,North West,888,Lancashire,355067.0,426169.0,E02005295,E01025461,1,0,0,0,0,0,2.87,0.26,95.33,1.54,E01025461,E01025461,E01025461,8.0,5.0,1893.0,9.0
119759.0,4232.0,Broughton High School,68.0,177.0,17.0,10.0,906,451.0,49.78,Urban: Nearer to a major town or city,PR3 5JJ,North West,888,Lancashire,352237.0,434818.0,E02005254,E01025277,1,0,0,0,0,0,16.23,1.3,79.55,2.92,E01025277,E01025277,E01025277,8.0,6.0,1893.0,9.0
119788.0,4627.0,St Bede's Catholic High School,46.0,164.0,24.0,15.0,818,407.0,49.76,Urban: Nearer to a major town or city,FY8 4JL,North West,888,Lancashire,337124.0,427910.0,E02005211,E01025021,1,0,0,0,0,0,1.12,0.07,96.87,1.94,E01025021,E01025021,E01025021,7.0,5.0,1351.0,7.0
119794.0,4685.0,Hutton Church of England Grammar School,52.0,138.0,11.0,8.0,878,,,Urban: Nearer to a major town or city,PR4 5SN,North West,888,Lancashire,349671.0,426490.0,E02005296,E01025453,1,0,0,0,0,0,2.27,0.17,94.44,3.12,E01025453,E01025453,E01025453,8.0,5.0,1893.0,9.0
136893.0,4686.0,St Michael's Church of England High School,75.0,224.0,10.0,5.0,1126,593.0,52.66,Urban: Nearer to a major town or city,PR7 1RS,North West,888,Lancashire,358055.0,418442.0,E02005194,E01024937,1,0,0,0,0,0,1.59,0.73,95.37,2.32,E01024937,E01024937,E01024937,9.0,9.0,1893.0,9.0
119800.0,4721.0,St Cecilia's RC High School,51.0,67.0,14.0,21.0,368,205.0,55.71,Larger rural: Nearer to a major town or city,PR3 2XA,North West,888,Lancashire,360264.0,436679.0,E02005275,E01025317,0,0,1,0,0,0,0.28,0.09,98.6,1.03,E01025317,E01025317,E01025317,8.0,7.0,1893.0,9.0
119707.0,4000.0,Ashton Community Science College,24.0,134.0,49.0,37.0,716,309.0,43.16,Urban: Nearer to a major town or city,PR2 1SL,North West,888,Lancashire,350658.0,430720.0,E02005265,E01025267,1,0,0,0,0,0,6.27,0.74,90.63,2.36,E01025267,E01025267,E01025267,4.0,9.0,1653.0,8.0
136717.0,4010.0,Hodgson Academy,53.0,226.0,36.0,16.0,1137,554.0,48.72,Urban: Nearer to a major town or city,FY6 7EU,North West,888,Lancashire,335543.0,439508.0,E02005331,E01025545,1,0,0,0,0,0,1.51,0.29,96.81,1.39,E01025545,E01025545,E01025545,7.0,9.0,1893.0,9.0
119714.0,4011.0,Millfield Science & Performing Arts College,38.0,160.0,43.0,27.0,847,445.0,52.54,Urban: Nearer to a major town or city,FY5 5DG,North West,888,Lancashire,334279.0,441568.0,E02005330,E01025594,1,0,0,0,0,0,0.67,0.34,97.98,1.01,E01025594,E01025594,E01025594,6.0,9.0,1893.0,9.0
141971.0,4014.0,"Eden Boys' School, Preston",69.0,54.0,11.0,20.0,515,,,Urban: Nearer to a major town or city,PR1 4BD,North West,888,Lancashire,354951.0,429490.0,E02005268,E01025305,1,0,0,0,0,0,54.52,3.19,34.88,7.41,E01025305,E01025305,E01025305,2.0,5.0,,
119722.0,4030.0,Alder Grange School,40.0,136.0,38.0,28.0,839,403.0,48.03,Urban: Nearer to a major town or city,BB4 8HW,North West,888,Lancashire,381405.0,423593.0,E02005278,E01025355,1,0,0,0,0,0,5.53,0.08,92.96,1.42,E01025355,E01025355,E01025355,8.0,1.0,1893.0,9.0
142856.0,4040.0,West Craven High School,27.0,101.0,24.0,24.0,599,268.0,44.74,Urban: Nearer to a major town or city,BB18 5TB,North West,888,Lancashire,388265.0,446270.0,E02005241,E01025198,1,0,0,0,0,0,10.03,0.39,87.48,2.1,E01025198,E01025198,E01025198,5.0,2.0,1893.0,9.0
139290.0,4140.0,Academy@Worden,40.0,65.0,20.0,31.0,511,248.0,48.53,Urban: Nearer to a major town or city,PR25 1RN,North West,888,Lancashire,353036.0,422132.0,E02005301,E01025446,1,0,0,0,0,0,0.35,0.49,97.61,1.55,E01025446,E01025446,E01025446,8.0,9.0,1.0,1.0
137768.0,4178.0,Tarleton Academy,53.0,92.0,15.0,16.0,605,293.0,48.43,Larger rural: Nearer to a major town or city,PR4 6AQ,North West,888,Lancashire,345215.0,421306.0,E02005304,E01025532,0,0,1,0,0,0,0.35,0.12,98.54,0.99,E01025532,E01025532,E01025532,9.0,4.0,1351.0,7.0
138647.0,4311.0,Parklands High School,52.0,204.0,39.0,19.0,1088,532.0,48.9,Urban: Nearer to a major town or city,PR7 1LL,North West,888,Lancashire,357422.0,417911.0,E02005196,E01024934,1,0,0,0,0,0,1.55,0.54,96.07,1.84,E01024934,E01024934,E01024934,10.0,9.0,1653.0,8.0
119765.0,4332.0,Penwortham Girls' High School,69.0,159.0,27.0,17.0,775,775.0,100.0,Urban: Nearer to a major town or city,PR1 0SR,North West,888,Lancashire,352119.0,428190.0,E02005287,E01025466,1,0,0,0,0,0,3.77,0.14,93.73,2.37,E01025466,E01025466,E01025466,10.0,3.0,1893.0,9.0
119767.0,4402.0,Haslingden High School and Sixth Form,50.0,260.0,51.0,20.0,1577,764.0,48.45,Urban: Nearer to a major town or city,BB4 4EY,North West,888,Lancashire,378946.0,421489.0,E02005285,E01025365,1,0,0,0,0,0,2.28,0.07,95.72,1.94,E01025365,E01025365,E01025365,7.0,4.0,1893.0,9.0
138544.0,4403.0,Albany Academy,38.0,128.0,41.0,32.0,685,318.0,46.42,Urban: Nearer to a major town or city,PR7 3AY,North West,888,Lancashire,359158.0,416463.0,E02005198,E01024939,1,0,0,0,0,0,0.82,0.04,96.86,2.28,E01024939,E01024939,E01024939,8.0,6.0,1653.0,8.0
119773.0,4410.0,Moor Park High School and Sixth Form,30.0,99.0,38.0,38.0,591,263.0,44.5,Urban: Nearer to a major town or city,PR1 6DT,North West,888,Lancashire,354449.0,430739.0,E02005263,E01025294,1,0,0,0,0,0,58.41,1.77,33.09,6.73,E01025294,E01025294,E01025294,3.0,3.0,1653.0,8.0
119774.0,4411.0,Lathom High School : A Technology College,30.0,122.0,54.0,44.0,560,264.0,47.14,Urban: Nearer to a major town or city,WN8 6JN,North West,888,Lancashire,347646.0,407469.0,E02005312,E01025522,1,0,0,0,0,0,0.36,1.18,96.9,1.55,E01025522,E01025522,E01025522,4.0,7.0,1351.0,7.0
119775.0,4500.0,Balshaw's Church of England High School,54.0,183.0,23.0,13.0,919,444.0,48.31,Urban: Nearer to a major town or city,PR25 3AH,North West,888,Lancashire,354779.0,421458.0,E02005302,E01025434,1,0,0,0,0,0,1.43,0.17,98.07,0.33,E01025434,E01025434,E01025434,9.0,6.0,1653.0,8.0
119779.0,4606.0,Our Lady's Catholic High School,59.0,175.0,30.0,17.0,896,457.0,51.0,Urban: Nearer to a major town or city,PR2 3SQ,North West,888,Lancashire,352285.0,431936.0,E02005260,E01025240,1,0,0,0,0,0,9.15,0.13,87.5,3.22,E01025240,E01025240,E01025240,10.0,9.0,1653.0,8.0
119784.0,4623.0,Brownedge St Mary's Catholic High School,35.0,130.0,25.0,19.0,713,362.0,50.77,Urban: Nearer to a major town or city,PR5 6PB,North West,888,Lancashire,356506.0,426481.0,E02005294,E01025399,1,0,0,0,0,0,2.28,0.14,95.58,2.0,E01025399,E01025399,E01025399,2.0,8.0,1893.0,9.0
119785.0,4624.0,Ss John Fisher and Thomas More Roman Catholic High School,28.0,145.0,35.0,24.0,749,367.0,49.0,Urban: Nearer to a major town or city,BB8 8JT,North West,888,Lancashire,387681.0,438896.0,E02005246,E01025228,1,0,0,0,0,0,3.42,0.05,94.53,2.0,E01025228,E01025228,E01025228,7.0,9.0,1893.0,9.0
119789.0,4628.0,Saint Aidan's Church of England High School,54.0,165.0,26.0,16.0,844,403.0,47.75,Larger rural: Nearer to a major town or city,FY6 0NP,North West,888,Lancashire,336836.0,447085.0,E02005322,E01025589,0,0,1,0,0,0,0.34,0.17,97.9,1.6,E01025589,E01025589,E01025589,3.0,7.0,1893.0,9.0
137421.0,4630.0,Accrington St Christopher's Church of England High School,50.0,195.0,16.0,8.0,1302,685.0,52.61,Urban: Nearer to a major town or city,BB5 4AY,North West,888,Lancashire,375219.0,429494.0,E02005213,E01025034,1,0,0,0,0,0,9.39,0.74,88.68,1.19,E01025034,E01025034,E01025034,4.0,8.0,1495.0,7.0
119792.0,4631.0,St Bede's Catholic High School,48.0,136.0,18.0,13.0,706,355.0,50.28,Urban: Nearer to a major town or city,L39 4TA,North West,888,Lancashire,340830.0,407764.0,E02005310,E01025500,1,0,0,0,0,0,1.84,0.89,96.44,0.83,E01025500,E01025500,E01025500,6.0,9.0,1117.0,6.0
136731.0,4689.0,Ripley St Thomas Church of England Academy,62.0,263.0,31.0,12.0,1733,859.0,49.57,Urban: Further from a major town or city,LA1 4RS,North West,888,Lancashire,347553.0,460657.0,E02005234,E01033073,0,1,0,0,0,0,11.38,1.99,80.73,5.9,E01033073,E01033073,E01033073,9.0,9.0,1298.0,6.0
119798.0,4717.0,Our Lady's Catholic College,26.0,110.0,52.0,47.0,818,440.0,53.79,Urban: Further from a major town or city,LA1 2RX,North West,888,Lancashire,347608.0,462408.0,E02005231,E01025151,0,1,0,0,0,0,3.82,1.27,90.96,3.94,E01025151,E01025151,E01025151,1.0,10.0,1390.0,7.0
119799.0,4718.0,"Cardinal Allen Catholic High School, Fleetwood",37.0,156.0,33.0,21.0,799,401.0,50.19,Urban: Nearer to a major town or city,FY7 8AY,North West,888,Lancashire,332014.0,445788.0,E02005323,E01025580,1,0,0,0,0,0,0.26,0.47,97.65,1.62,E01025580,E01025580,E01025580,2.5,9.5,1893.0,9.0
119802.0,4741.0,All Hallows Catholic High School,56.0,178.0,14.0,8.0,902,475.0,52.66,Urban: Nearer to a major town or city,PR1 0LN,North West,888,Lancashire,351242.0,427191.0,E02005289,E01025410,1,0,0,0,0,0,5.15,0.45,92.39,2.01,E01025410,E01025410,E01025410,10.0,2.0,1893.0,9.0
119803.0,4742.0,Holy Cross Catholic High School,57.0,151.0,28.0,19.0,868,429.0,49.42,Urban: Nearer to a major town or city,PR7 3LS,North West,888,Lancashire,358423.0,415867.0,E02005198,E01024939,1,0,0,0,0,0,0.82,0.04,96.86,2.28,E01024939,E01024939,E01024939,8.0,6.0,1893.0,9.0
119804.0,4797.0,"Mount Carmel Roman Catholic High School, Hyndburn",33.0,144.0,58.0,40.0,758,352.0,46.44,Urban: Nearer to a major town or city,BB5 0LU,North West,888,Lancashire,375157.0,427681.0,E02005217,E01025082,1,0,0,0,0,0,22.25,0.47,75.1,2.17,E01025082,E01025082,E01025082,1.0,10.0,1653.0,8.0
134989.0,4799.0,Pendle Vale College,32.0,197.0,51.0,26.0,1044,544.0,52.11,Urban: Nearer to a major town or city,BB9 8LF,North West,888,Lancashire,387172.0,438597.0,E02005249,E01025210,1,0,0,0,0,0,19.68,0.2,76.12,4.01,E01025210,E01025210,E01025210,5.0,9.0,1893.0,9.0
134994.0,4801.0,Shuttleworth College,40.0,124.0,55.0,44.0,864,437.0,50.58,Urban: Nearer to a major town or city,BB12 8ST,North West,888,Lancashire,380376.0,433510.0,E02005179,E01024884,1,0,0,0,0,0,0.66,0.18,98.43,0.72,E01024884,E01024884,E01024884,3.0,9.0,1893.0,9.0
134996.0,4803.0,Sir John Thursby Community College,34.0,207.0,78.0,38.0,1095,524.0,47.85,Urban: Nearer to a major town or city,BB10 2AT,North West,888,Lancashire,385744.0,434154.0,E02005176,E01024892,1,0,0,0,0,0,23.82,0.44,72.4,3.34,E01024892,E01024892,E01024892,3.0,8.0,1893.0,9.0
135003.0,4806.0,Unity College,40.0,191.0,66.0,35.0,1140,553.0,48.51,Urban: Nearer to a major town or city,BB11 3DF,North West,888,Lancashire,385489.0,431834.0,E02005183,E01024866,1,0,0,0,0,0,1.11,0.12,97.95,0.82,E01024866,E01024866,E01024866,3.0,8.0,1653.0,8.0
119813.0,5404.0,Baines School,45.0,162.0,22.0,14.0,844,406.0,48.1,Urban: Nearer to a major town or city,FY6 8BE,North West,888,Lancashire,334668.0,438257.0,E02005332,E01025569,1,0,0,0,0,0,1.46,0.31,96.71,1.52,E01025569,E01025569,E01025569,7.0,7.0,1117.0,6.0
119816.0,5407.0,St Mary's Catholic High School,39.0,109.0,29.0,27.0,642,323.0,50.31,Urban: Nearer to a major town or city,PR25 1BS,North West,888,Lancashire,353191.0,421240.0,E02005303,E01025445,1,0,0,0,0,0,1.44,1.19,94.8,2.57,E01025445,E01025445,E01025445,1.0,8.0,1653.0,8.0
135649.0,6905.0,Accrington Academy,34.0,166.0,71.0,43.0,1170,632.0,54.02,Urban: Nearer to a major town or city,BB5 4FF,North West,888,Lancashire,375520.0,429531.0,E02005215,E01025059,1,0,0,0,0,0,8.53,0.17,89.16,2.15,E01025059,E01025059,E01025059,3.0,10.0,1495.0,7.0
139924.0,4002.0,Darwen Aldridge Enterprise Studio,22.0,41.0,22.0,54.0,196,98.0,50.0,Urban: Nearer to a major town or city,BB3 1AF,North West,889,Blackburn with Darwen,369012.0,422319.0,E02002630,E01012653,1,0,0,0,0,0,7.15,0.79,89.53,2.53,E01012653,E01012653,E01012653,3.0,9.5,1495.0,7.0
141165.0,6001.0,Queen Elizabeth's Grammar School,57.0,123.0,22.0,18.0,1141,510.0,44.7,Urban: Nearer to a major town or city,BB2 6DF,North West,889,Blackburn with Darwen,367395.0,428672.0,E02002616,E01012587,1,0,0,0,0,0,77.1,0.6,19.67,2.64,E01012587,E01012587,E01012587,5.0,6.0,257.0,2.0
140879.0,4048.0,Witton Park Academy,31.0,186.0,66.0,36.0,1124,580.0,51.6,Urban: Nearer to a major town or city,BB2 6TD,North West,889,Blackburn with Darwen,366403.0,427415.0,E02002624,E01012584,1,0,0,0,0,0,63.42,0.99,30.75,4.84,E01012584,E01012584,E01012584,8.0,2.0,468.0,3.0
138220.0,4000.0,Tauheedul Islam Boys' High School,67.0,98.0,20.0,20.0,594,,,Urban: Nearer to a major town or city,BB2 2LD,North West,889,Blackburn with Darwen,367849.0,427424.0,E02002620,E01012655,1,0,0,0,0,0,23.6,8.4,61.01,6.99,E01012655,E01012655,E01012655,1.0,10.0,242.0,2.0
141321.0,4004.0,Darwen Vale High School,40.0,126.0,47.0,37.0,764,359.0,46.99,Urban: Nearer to a major town or city,BB3 0AL,North West,889,Blackburn with Darwen,369133.0,424408.0,E02002628,E01012591,1,0,0,0,0,0,2.08,0.91,94.42,2.59,E01012591,E01012591,E01012591,4.0,10.0,987.0,5.0
142088.0,4005.0,Pleckgate High School,46.0,231.0,80.0,35.0,1083,540.0,49.86,Urban: Nearer to a major town or city,BB1 8QA,North West,889,Blackburn with Darwen,367911.0,430283.0,E02002615,E01012633,1,0,0,0,0,0,34.82,0.23,62.65,2.29,E01012633,E01012633,E01012633,4.0,9.0,1203.0,6.0
119793.0,4632.0,"St Bede's Roman Catholic High School, Blackburn",51.0,188.0,35.0,19.0,1031,489.0,47.43,Urban: Nearer to a major town or city,BB2 4SR,North West,889,Blackburn with Darwen,365992.0,425756.0,E02002626,E01012619,1,0,0,0,0,0,1.79,1.86,94.85,1.5,E01012619,E01012619,E01012619,1.0,10.0,1893.0,9.0
141565.0,4800.0,Tauheedul Islam Girls' High School,83.0,120.0,17.0,14.0,809,809.0,100.0,Urban: Nearer to a major town or city,BB2 7AD,North West,889,Blackburn with Darwen,366262.0,428761.0,E02002624,E01012584,1,0,0,0,0,0,63.42,0.99,30.75,4.84,E01012584,E01012584,E01012584,8.0,2.0,437.0,3.0
136900.0,5406.0,St Wilfrid's Church of England Academy,57.0,235.0,47.0,20.0,1432,750.0,52.37,Urban: Nearer to a major town or city,BB2 2JR,North West,889,Blackburn with Darwen,367479.0,427475.0,E02002623,E01012622,1,0,0,0,0,0,18.73,4.64,68.86,7.77,E01012622,E01012622,E01012622,1.0,10.0,204.0,2.0
135580.0,6905.0,Darwen Aldridge Community Academy,34.0,185.0,52.0,28.0,1291,647.0,50.12,Urban: Nearer to a major town or city,BB3 3HD,North West,889,Blackburn with Darwen,369520.0,422055.0,E02002630,E01012654,1,0,0,0,0,0,7.15,0.79,89.53,2.53,E01012654,E01012654,E01012654,3.0,9.5,1495.0,7.0
141132.0,4002.0,Blackpool Aspire Academy,28.0,87.0,61.0,70.0,677,312.0,46.09,Urban: Nearer to a major town or city,FY3 7LS,North West,890,Blackpool,333285.0,438338.0,E02002636,E01012723,1,0,0,0,0,0,2.27,0.07,95.54,2.12,E01012723,E01012723,E01012723,4.0,9.0,739.0,4.0
142469.0,4003.0,Highfield Leadership Academy,25.0,181.0,63.0,35.0,847,419.0,49.47,Urban: Nearer to a major town or city,FY4 3JZ,North West,890,Blackpool,332291.0,432885.0,E02002650,E01012729,1,0,0,0,0,0,0.88,0.38,96.61,2.14,E01012729,E01012729,E01012729,4.0,9.0,1495.0,7.0
137973.0,4057.0,Montgomery High School,29.0,237.0,92.0,39.0,1193,583.0,48.87,Urban: Nearer to a major town or city,FY2 0AZ,North West,890,Blackpool,331843.0,440430.0,E02002634,E01012703,1,0,0,0,0,0,1.72,0.07,96.0,2.21,E01012703,E01012703,E01012703,5.0,9.0,581.0,3.0
140759.0,4405.0,St George's School A Church of England Academy,41.0,179.0,47.0,26.0,1004,517.0,51.49,Urban: Nearer to a major town or city,FY4 4PH,North West,890,Blackpool,333250.0,433984.0,E02002646,E01012688,1,0,0,0,0,0,1.67,0.46,96.95,0.93,E01012688,E01012688,E01012688,1.0,10.0,1241.0,6.0
141257.0,4601.0,St Mary's Catholic Academy,36.0,203.0,54.0,27.0,1199,597.0,49.79,Urban: Nearer to a major town or city,FY3 7EQ,North West,890,Blackpool,332891.0,437217.0,E02002641,E01012722,1,0,0,0,0,0,12.2,0.95,83.22,3.63,E01012722,E01012722,E01012722,8.0,8.0,675.0,4.0
137112.0,4000.0,South Nottinghamshire Academy,60.0,89.0,11.0,12.0,628,304.0,48.41,Larger rural: Nearer to a major town or city,NG12 2FQ,East Midlands,891,Nottinghamshire,465032.0,339129.0,E02005908,E01028414,0,0,1,0,0,0,2.01,0.63,94.92,2.45,E01028414,E01028414,E01028414,9.0,6.0,1893.0,9.0
139063.0,4015.0,Sutton Community Academy,27.0,109.0,41.0,38.0,706,365.0,51.7,Urban: Nearer to a major town or city,NG17 1EE,East Midlands,891,Nottinghamshire,449577.0,358768.0,E02005823,E01027976,1,0,0,0,0,0,2.11,1.14,95.23,1.52,E01027976,E01027976,E01027976,3.0,10.0,1893.0,9.0
140549.0,4017.0,Magnus Church of England Academy,27.0,117.0,43.0,37.0,654,350.0,53.52,Urban: Nearer to a major town or city,NG24 4AB,East Midlands,891,Nottinghamshire,480362.0,353021.0,E02005901,E01028333,1,0,0,0,0,0,0.14,0.88,96.27,2.71,E01028333,E01028333,E01028333,3.0,9.0,1893.0,9.0
144489.0,4022.0,The Newark Academy,39.0,127.0,27.0,21.0,767,374.0,48.76,Urban: Nearer to a major town or city,NG24 3AL,East Midlands,891,Nottinghamshire,481452.0,352403.0,E02005903,E01028285,1,0,0,0,0,0,0.84,0.67,96.73,1.76,E01028285,E01028285,E01028285,7.0,4.0,,
137857.0,4068.0,Quarrydale Academy,28.0,178.0,44.0,25.0,1106,550.0,49.73,Urban: Nearer to a major town or city,NG17 2DU,East Midlands,891,Nottinghamshire,449180.0,360081.0,E02005823,E01027964,1,0,0,0,0,0,2.11,1.14,95.23,1.52,E01027964,E01027964,E01027964,3.0,10.0,1893.0,9.0
136628.0,4328.0,The West Bridgford School,78.0,236.0,12.0,5.0,1643,806.0,49.06,Urban: Nearer to a major town or city,NG2 7FA,East Midlands,891,Nottinghamshire,457934.0,336104.0,E02005912,E01028392,1,0,0,0,0,0,20.03,2.09,71.43,6.46,E01028392,E01028392,E01028392,8.0,4.67,1241.0,6.0
138482.0,4329.0,Rushcliffe School,65.0,234.0,28.0,12.0,1680,808.0,48.1,Urban: Nearer to a major town or city,NG2 7BW,East Midlands,891,Nottinghamshire,458970.0,335686.0,E02005913,E01035509,1,0,0,0,0,0,13.13,0.36,81.18,5.32,E01035509,E01028373,E01028373,10.0,3.0,1.0,1.0
136878.0,4404.0,Toot Hill School,67.0,318.0,37.0,12.0,1967,959.0,48.75,Urban: Nearer to a major town or city,NG13 8BL,East Midlands,891,Nottinghamshire,470367.0,339574.0,E02005907,E01028359,1,0,0,0,0,0,2.75,0.11,95.5,1.64,E01028359,E01028359,E01028359,9.0,2.0,1893.0,9.0
138076.0,4456.0,The Elizabethan Academy,34.0,161.0,38.0,24.0,875,429.0,49.03,Urban: Nearer to a major town or city,DN22 7PY,East Midlands,891,Nottinghamshire,469921.0,382099.0,E02005839,E01028015,1,0,0,0,0,0,1.63,1.13,95.18,2.07,E01028015,E01028015,E01028015,6.0,5.0,1.0,1.0
137763.0,4463.0,The Brunts Academy,46.0,233.0,54.0,23.0,1491,727.0,48.76,Urban: Nearer to a major town or city,NG18 2AT,East Midlands,891,Nottinghamshire,454480.0,362016.0,E02005888,E01028274,1,0,0,0,0,0,2.7,1.44,93.01,2.85,E01028274,E01028274,E01028274,3.0,9.0,1893.0,9.0
136291.0,5401.0,George Spencer Academy and Technology College,49.0,247.0,32.0,13.0,1629,783.0,48.07,Urban: Nearer to a major town or city,NG9 7EW,East Midlands,891,Nottinghamshire,449393.0,336188.0,E02005859,E01028131,1,0,0,0,0,0,2.61,1.57,92.24,3.59,E01028131,E01028131,E01028131,6.0,5.0,1893.0,9.0
144768.0,4024.0,The Suthers School,,,,,99,51.0,51.52,Urban: Nearer to a major town or city,NG24 3NH,East Midlands,891,Nottinghamshire,482155.0,350069.0,E02005904,E01033780,1,0,0,0,0,0,2.53,2.65,92.41,2.41,E01033780,E01033393,E01033393,7.0,5.0,,
122854.0,4121.0,Chilwell School,46.0,109.0,30.0,28.0,800,403.0,50.38,Urban: Nearer to a major town or city,NG9 5AL,East Midlands,891,Nottinghamshire,451769.0,335230.0,E02005863,E01028069,1,0,0,0,0,0,2.21,0.88,92.84,4.07,E01028069,E01028069,E01028069,8.0,3.0,1893.0,9.0
137319.0,4452.0,Tuxford Academy,49.0,251.0,31.0,12.0,1554,766.0,49.29,Smaller rural: Nearer to a major town or city,NG22 0JH,East Midlands,891,Nottinghamshire,474635.0,371222.0,E02005849,E01028037,0,0,0,0,1,0,0.95,0.28,97.21,1.56,E01028037,E01028037,E01028037,8.0,4.0,1.0,1.0
137117.0,4001.0,Retford Oaks Academy,29.0,132.0,35.0,27.0,892,446.0,50.0,Urban: Nearer to a major town or city,DN22 7NJ,East Midlands,891,Nottinghamshire,469560.0,380951.0,E02005844,E01028021,1,0,0,0,0,0,1.21,0.98,96.66,1.15,E01028021,E01028021,E01028021,8.0,8.0,1893.0,9.0
137085.0,4005.0,Carlton Academy,45.0,145.0,50.0,35.0,994,458.0,46.08,Urban: Nearer to a major town or city,NG4 3SH,East Midlands,891,Nottinghamshire,460332.0,342335.0,E02005875,E01028212,1,0,0,0,0,0,3.53,4.08,86.65,5.73,E01028212,E01028212,E01028212,2.0,10.0,1893.0,9.0
137981.0,4009.0,Ashfield Comprehensive School,38.0,373.0,106.0,28.0,2500,1260.0,50.4,Urban: Nearer to a major town or city,NG17 8HP,East Midlands,891,Nottinghamshire,448943.0,357242.0,E02005827,E01027959,1,0,0,0,0,0,3.2,1.25,92.85,2.7,E01027959,E01027959,E01027959,9.0,6.0,1893.0,9.0
138411.0,4010.0,Meden School,48.0,119.0,40.0,34.0,798,402.0,50.38,Larger rural: Further from a major town or city,NG20 0QN,East Midlands,891,Nottinghamshire,456935.0,368332.0,E02005881,E01028223,0,0,0,1,0,0,1.88,0.77,96.31,1.04,E01028223,E01028223,E01028223,6.0,8.0,1893.0,9.0
138247.0,4011.0,Outwood Academy Valley,65.0,269.0,48.0,18.0,1633,788.0,48.25,Urban: Nearer to a major town or city,S81 7EN,East Midlands,891,Nottinghamshire,458145.0,380333.0,E02005840,E01028046,1,0,0,0,0,0,1.3,0.39,96.93,1.37,E01028046,E01028046,E01028046,5.0,7.0,1653.0,8.0
138248.0,4012.0,Outwood Academy Portland,59.0,217.0,59.0,27.0,1417,753.0,53.14,Urban: Nearer to a major town or city,S80 2SF,East Midlands,891,Nottinghamshire,458833.0,377729.0,E02005847,E01028060,1,0,0,0,0,0,3.0,0.74,93.57,2.69,E01028060,E01028060,E01028060,9.0,6.0,1495.0,7.0
139062.0,4014.0,The Dukeries Academy,38.0,130.0,43.0,33.0,753,368.0,48.87,Urban: Further from a major town or city,NG22 9TD,East Midlands,891,Nottinghamshire,466836.0,368454.0,E02005893,E01028302,0,1,0,0,0,0,0.26,0.2,98.88,0.66,E01028302,E01028302,E01028302,6.0,10.0,1893.0,9.0
139956.0,4016.0,Holgate Academy,22.0,153.0,53.0,35.0,964,471.0,48.86,Urban: Nearer to a major town or city,NG15 6HB,East Midlands,891,Nottinghamshire,451958.0,348612.0,E02005834,E01027939,1,0,0,0,0,0,0.65,0.39,96.27,2.68,E01027939,E01027939,E01027939,2.0,10.0,1893.0,9.0
140992.0,4019.0,Hall Park Academy,32.0,106.0,26.0,25.0,767,396.0,51.63,Urban: Nearer to a major town or city,NG16 3EA,East Midlands,891,Nottinghamshire,446227.0,347178.0,E02005851,E01028111,1,0,0,0,0,0,0.81,1.34,95.63,2.22,E01028111,E01028111,E01028111,2.0,10.0,1495.0,7.0
144486.0,4023.0,Queen Elizabeth Academy,19.0,96.0,34.0,35.0,585,274.0,46.84,Urban: Nearer to a major town or city,NG19 7AP,East Midlands,891,Nottinghamshire,453201.0,362301.0,E02005883,E01028283,1,0,0,0,0,0,2.93,1.33,93.44,2.31,E01028283,E01028283,E01028283,7.0,7.0,1893.0,9.0
137158.0,4032.0,The Manor Academy,34.0,134.0,32.0,24.0,868,445.0,51.27,Urban: Nearer to a major town or city,NG19 8QA,East Midlands,891,Nottinghamshire,454359.0,364103.0,E02005882,E01028278,1,0,0,0,0,0,1.38,1.38,95.34,1.9,E01028278,E01028278,E01028278,2.0,7.0,1893.0,9.0
136361.0,4084.0,Redhill Academy,50.0,254.0,66.0,26.0,1532,759.0,49.54,Urban: Nearer to a major town or city,NG5 8GX,East Midlands,891,Nottinghamshire,458431.0,346054.0,E02005870,E01028144,1,0,0,0,0,0,2.81,1.87,91.31,4.01,E01028144,E01028144,E01028144,6.0,8.0,1893.0,9.0
138832.0,4117.0,Alderman White School,51.0,113.0,27.0,24.0,741,395.0,53.31,Urban: Nearer to a major town or city,NG9 3DU,East Midlands,891,Nottinghamshire,451130.0,336987.0,E02005862,E01028100,1,0,0,0,0,0,5.42,1.33,88.56,4.7,E01028100,E01028100,E01028100,5.0,7.0,1653.0,8.0
138837.0,4119.0,Bramcote College,40.0,114.0,30.0,26.0,469,238.0,50.75,Urban: Nearer to a major town or city,NG9 3GA,East Midlands,891,Nottinghamshire,450443.0,338260.0,E02005856,E01028089,1,0,0,0,0,0,12.54,0.23,82.08,5.15,E01028089,E01028089,E01028089,10.0,1.0,1893.0,9.0
138641.0,4226.0,The Kimberley School,50.0,218.0,30.0,14.0,1291,643.0,49.81,Urban: Nearer to a major town or city,NG16 2NJ,East Midlands,891,Nottinghamshire,450278.0,344888.0,E02006906,E01028106,1,0,0,0,0,0,1.5,1.0,96.5,1.0,E01028106,E01028106,E01028106,7.0,8.0,1893.0,9.0
142725.0,4230.0,Selston High School,35.0,156.0,40.0,26.0,795,401.0,50.44,Urban: Nearer to a major town or city,NG16 6BW,East Midlands,891,Nottinghamshire,446509.0,353034.0,E02005829,E01027961,1,0,0,0,0,0,0.6,0.05,98.1,1.25,E01027961,E01027961,E01027961,6.0,7.0,1893.0,9.0
137628.0,4408.0,The Joseph Whitaker School,40.0,218.0,49.0,23.0,1275,654.0,51.29,Urban: Further from a major town or city,NG21 0AG,East Midlands,891,Nottinghamshire,458916.0,357844.0,E02005898,E01028343,0,1,0,0,0,0,0.33,1.47,97.18,1.02,E01028343,E01028343,E01028343,4.0,9.0,1893.0,9.0
138964.0,4413.0,East Leake Academy,47.0,145.0,24.0,17.0,1021,499.0,48.87,Larger rural: Nearer to a major town or city,LE12 6QN,East Midlands,891,Nottinghamshire,455846.0,326868.0,E02005919,E01028387,0,0,1,0,0,0,1.86,0.51,94.19,3.44,E01028387,E01028387,E01028387,5.0,3.0,1.0,1.0
138191.0,4454.0,The South Wolds Academy & Sixth Form,54.0,136.0,24.0,18.0,820,409.0,49.88,Larger rural: Nearer to a major town or city,NG12 5FF,East Midlands,891,Nottinghamshire,461693.0,331055.0,E02005918,E01028382,0,0,1,0,0,0,3.9,0.28,93.31,2.51,E01028382,E01028382,E01028382,9.0,3.0,1.0,1.0
137409.0,4617.0,The Becket School,60.0,168.0,30.0,18.0,1115,569.0,51.03,Urban: Nearer to a major town or city,NG2 7QY,East Midlands,891,Nottinghamshire,456947.0,337043.0,E02005912,E01028365,1,0,0,0,0,0,20.03,2.09,71.43,6.46,E01028365,E01028365,E01028365,8.0,4.67,1.0,1.0
137159.0,4635.0,The National CofE Academy,38.0,206.0,38.0,18.0,1256,602.0,47.93,Urban: Nearer to a major town or city,NG15 7DB,East Midlands,891,Nottinghamshire,452789.0,350021.0,E02005833,E01027943,1,0,0,0,0,0,0.77,0.35,97.49,1.4,E01027943,E01027943,E01027943,4.0,6.0,1.0,1.0
138810.0,4700.0,Christ The King Voluntary Academy,34.0,140.0,36.0,26.0,814,403.0,49.51,Urban: Nearer to a major town or city,NG5 7JZ,East Midlands,891,Nottinghamshire,459718.0,345124.0,E02005871,E01028183,1,0,0,0,0,0,1.76,2.48,92.63,3.12,E01028183,E01028183,E01028183,6.0,5.0,1893.0,9.0
140698.0,4756.0,All Saints Catholic Voluntary Academy,41.0,170.0,39.0,23.0,1032,514.0,49.81,Urban: Nearer to a major town or city,NG19 6BW,East Midlands,891,Nottinghamshire,452630.0,361914.0,E02005887,E01028228,1,0,0,0,0,0,2.18,0.62,94.4,2.8,E01028228,E01028228,E01028228,6.0,10.0,1.0,1.0
135583.0,6905.0,Samworth Church Academy,24.0,196.0,56.0,29.0,1119,555.0,49.6,Urban: Nearer to a major town or city,NG18 2DY,East Midlands,891,Nottinghamshire,455564.0,361472.0,E02005888,E01028275,1,0,0,0,0,0,2.7,1.44,93.01,2.85,E01028275,E01028275,E01028275,3.0,9.0,1893.0,9.0
140369.0,4003.0,Bluecoat Beechdale Academy,19.0,120.0,71.0,59.0,797,343.0,43.04,Urban: Nearer to a major town or city,NG8 3GP,East Midlands,892,Nottingham,453014.0,341306.0,E02002887,E01013861,1,0,0,0,0,0,23.57,5.66,63.71,7.07,E01013861,E01013861,E01013861,3.0,8.67,626.0,3.0
136724.0,4064.0,Fernwood School,56.0,199.0,37.0,19.0,1030,474.0,46.02,Urban: Nearer to a major town or city,NG8 2FT,East Midlands,892,Nottingham,451818.0,339842.0,E02002897,E01013980,1,0,0,0,0,0,16.58,1.4,73.85,8.17,E01013980,E01013980,E01013980,8.0,2.0,1390.0,7.0
139765.0,4462.0,The Nottingham Emmanuel School,38.0,172.0,51.0,30.0,1033,496.0,48.02,Urban: Nearer to a major town or city,NG2 7YF,East Midlands,892,Nottingham,457130.0,337616.0,E02005912,E01028365,1,0,0,0,0,0,20.03,2.09,71.43,6.46,E01028365,E01028365,E01028365,8.0,4.67,1.0,1.0
137798.0,4615.0,Bluecoat Aspley Academy,38.0,187.0,71.0,38.0,1511,715.0,47.32,Urban: Nearer to a major town or city,NG8 5GY,East Midlands,892,Nottingham,454301.0,341590.0,E02002886,E01013931,1,0,0,0,0,0,51.08,5.8,34.18,8.94,E01013931,E01013931,E01013931,7.0,7.0,405.0,3.0
138341.0,5404.0,The Trinity Catholic School A Voluntary Academy,46.0,172.0,36.0,21.0,1143,575.0,50.31,Urban: Nearer to a major town or city,NG8 3EZ,East Midlands,892,Nottingham,453206.0,341605.0,E02002887,E01013929,1,0,0,0,0,0,23.57,5.66,63.71,7.07,E01013929,E01013929,E01013929,3.0,8.67,485.0,3.0
134253.0,6905.0,Djanogly City Academy,37.0,113.0,51.0,45.0,705,311.0,44.11,Urban: Nearer to a major town or city,NG7 6ND,East Midlands,892,Nottingham,456243.0,341384.0,E02002884,E01013847,1,0,0,0,0,0,50.09,7.3,32.79,9.82,E01013847,E01013847,E01013847,3.0,5.0,169.0,1.0
135761.0,6906.0,Nottingham University Samworth Academy,25.0,140.0,69.0,49.0,808,401.0,49.63,Urban: Nearer to a major town or city,NG8 4HY,East Midlands,892,Nottingham,451487.0,340989.0,E02002892,E01013858,1,0,0,0,0,0,6.19,9.81,74.53,9.46,E01013858,E01013858,E01013858,1.0,8.0,970.0,5.0
141010.0,4020.0,Nottingham Free School,59.0,87.0,20.0,23.0,477,220.0,46.12,Urban: Nearer to a major town or city,NG5 1EB,East Midlands,892,Nottingham,456525.0,342816.0,E02002879,E01013837,1,0,0,0,0,0,23.6,9.86,59.14,7.4,E01013837,E01013837,E01013837,6.0,4.0,,
137184.0,4000.0,Nottingham Girls' Academy,31.0,117.0,60.0,51.0,753,753.0,100.0,Urban: Nearer to a major town or city,NG8 3LD,East Midlands,892,Nottingham,453751.0,341467.0,E02002887,E01013929,1,0,0,0,0,0,23.57,5.66,63.71,7.07,E01013929,E01013929,E01013929,3.0,8.67,516.0,3.0
140984.0,4004.0,Nottingham University Academy of Science and Technology,50.0,99.0,31.0,31.0,547,180.0,32.91,Urban: Nearer to a major town or city,NG7 2PL,East Midlands,892,Nottingham,455147.0,338460.0,E02002898,E01013928,1,0,0,0,0,0,21.12,11.78,54.61,12.5,E01013928,E01013928,E01013928,4.0,2.0,1203.0,6.0
141363.0,4006.0,The Oakwood Academy,32.0,114.0,54.0,47.0,687,338.0,49.2,Urban: Nearer to a major town or city,NG5 9PJ,East Midlands,892,Nottingham,456478.0,346760.0,E02006835,E01028146,1,0,0,0,0,0,5.07,4.79,84.72,5.42,E01028146,E01028146,E01028146,8.0,6.0,1351.0,7.0
144487.0,4008.0,Park Vale Academy,32.0,137.0,61.0,45.0,793,392.0,49.43,Urban: Nearer to a major town or city,NG5 9AZ,East Midlands,892,Nottingham,455435.0,345999.0,E02002868,E01013894,1,0,0,0,0,0,8.75,6.75,78.76,5.74,E01013894,E01013894,E01013894,5.0,8.0,1117.0,6.0
138216.0,4368.0,The Priory School,57.0,164.0,13.0,8.0,843,419.0,49.7,Urban: Nearer to a major town or city,SY3 9EE,West Midlands,893,Shropshire,348182.0,311194.0,E02006037,E01028964,1,0,0,0,0,0,1.41,0.16,96.49,1.94,E01028964,E01028964,E01028964,10.0,4.0,1495.0,7.0
136979.0,4437.0,The Marches School,40.0,256.0,44.0,17.0,1458,761.0,52.19,Urban: Further from a major town or city,SY11 2AR,West Midlands,893,Shropshire,328622.0,328902.0,E02006025,E01028907,0,1,0,0,0,0,0.91,0.97,96.02,2.1,E01028907,E01028907,E01028907,8.0,7.0,1111.0,6.0
141176.0,4001.0,Sir John Talbot's School,39.0,79.0,28.0,35.0,576,290.0,50.35,Smaller rural: Further from a major town or city,SY13 2BY,West Midlands,893,Shropshire,354664.0,340319.0,E02006015,E01028895,0,0,0,0,0,1,0.71,0.47,97.51,1.3,E01028895,E01028895,E01028895,6.0,7.0,1653.0,8.0
123564.0,4376.0,"The Community College, Bishop's Castle",54.0,90.0,12.0,13.0,461,246.0,53.36,Larger rural: Further from a major town or city,SY9 5AY,West Midlands,893,Shropshire,332452.0,288305.0,E02006041,E01035071,0,0,0,1,0,0,0.71,0.13,98.31,0.84,E01035071,E01028991,E01028991,6.5,4.5,1495.0,7.0
139455.0,4385.0,Church Stretton School,59.0,114.0,14.0,12.0,548,279.0,50.91,Larger rural: Nearer to a major town or city,SY6 6EX,West Midlands,893,Shropshire,345498.0,294409.0,E02006042,E01028997,0,0,1,0,0,0,0.55,0.17,98.29,0.98,E01028997,E01028997,E01028997,7.0,5.0,1173.0,6.0
139102.0,4387.0,Lakelands Academy,30.0,101.0,21.0,21.0,523,239.0,45.7,Larger rural: Further from a major town or city,SY12 0EA,West Midlands,893,Shropshire,339450.0,334443.0,E02006017,E01028867,0,0,0,1,0,0,0.17,0.17,98.8,0.85,E01028867,E01028867,E01028867,4.0,7.0,1351.0,7.0
139769.0,4391.0,William Brookes School,40.0,155.0,34.0,22.0,911,473.0,51.92,Larger rural: Nearer to a major town or city,TF13 6NB,West Midlands,893,Shropshire,362407.0,300665.0,E02006010,E01028851,0,0,1,0,0,0,0.22,0.11,99.45,0.22,E01028851,E01028851,E01028851,9.0,5.0,1653.0,8.0
140922.0,4394.0,Idsall School,48.0,218.0,25.0,12.0,1316,639.0,48.56,Larger rural: Nearer to a major town or city,TF11 8PD,West Midlands,893,Shropshire,375343.0,308342.0,E02006008,E01028853,0,0,1,0,0,0,0.07,0.37,97.58,1.98,E01028853,E01028853,E01028853,4.0,6.0,1241.0,6.0
141451.0,4412.0,The Lacon Childe School,47.0,89.0,20.0,23.0,551,294.0,53.36,Larger rural: Further from a major town or city,DY14 8PE,West Midlands,893,Shropshire,367125.0,275939.0,E02006046,E01029002,0,0,0,1,0,0,0.71,0.07,97.3,1.91,E01029002,E01029002,E01029002,3.0,5.0,1.0,1.0
142153.0,4427.0,Oldbury Wells School,42.0,147.0,23.0,16.0,915,426.0,46.56,Urban: Nearer to a major town or city,WV16 5JD,West Midlands,893,Shropshire,371158.0,292617.0,E02006011,E01028830,1,0,0,0,0,0,0.57,0.14,98.16,1.13,E01028830,E01028830,E01028830,9.0,6.0,822.0,4.0
139143.0,4500.0,Bridgnorth Endowed School,42.0,118.0,15.0,13.0,539,282.0,52.32,Urban: Nearer to a major town or city,WV16 4ER,West Midlands,893,Shropshire,371560.0,293382.0,E02006012,E01028833,1,0,0,0,0,0,0.64,0.07,98.51,0.78,E01028833,E01028833,E01028833,9.0,8.0,822.0,4.0
137336.0,5401.0,The Corbet School,60.0,140.0,12.0,9.0,711,352.0,49.51,Larger rural: Nearer to a major town or city,SY4 2AX,West Midlands,893,Shropshire,342717.0,322121.0,E02006021,E01028860,0,0,1,0,0,0,0.6,0.51,97.77,1.12,E01028860,E01028860,E01028860,8.0,5.0,1653.0,8.0
139766.0,4408.0,The Telford Langley School,22.0,121.0,56.0,46.0,707,343.0,48.51,Urban: Nearer to a major town or city,TF4 3JS,West Midlands,894,Telford and Wrekin,368682.0,307334.0,E02002944,E01014164,1,0,0,0,0,0,1.72,3.55,92.37,2.37,E01014164,E01014164,E01014164,1.0,10.0,1653.0,8.0
135582.0,6906.0,Haberdashers Abraham Darby,28.0,165.0,77.0,47.0,1068,549.0,51.4,Urban: Nearer to a major town or city,TF7 5HX,West Midlands,894,Telford and Wrekin,368289.0,304102.0,E02002949,E01014161,1,0,0,0,0,0,1.11,0.4,95.74,2.76,E01014161,E01014161,E01014161,3.0,9.5,1390.0,7.0
142067.0,4000.0,Holy Trinity Academy,38.0,81.0,20.0,25.0,637,339.0,53.22,Urban: Nearer to a major town or city,TF2 9SQ,West Midlands,894,Telford and Wrekin,371837.0,309804.0,E02002942,E01014182,1,0,0,0,0,0,14.58,1.86,79.5,4.06,E01014182,E01014182,E01014182,9.0,3.0,846.0,5.0
135149.0,6905.0,Madeley Academy,39.0,153.0,69.0,45.0,1120,579.0,51.7,Urban: Nearer to a major town or city,TF7 5FB,West Midlands,894,Telford and Wrekin,369117.0,305171.0,E02002949,E01014162,1,0,0,0,0,0,1.11,0.4,95.74,2.76,E01014162,E01014162,E01014162,3.0,9.5,1390.0,7.0
142890.0,4004.0,Crewe Engineering and Design UTC,18.0,66.0,21.0,32.0,218,49.0,22.48,Urban: Nearer to a major town or city,CW1 2PZ,North West,895,Cheshire East,370446.0,356055.0,E02003830,E01018462,1,0,0,0,0,0,6.02,1.09,88.16,4.72,E01018462,E01018462,E01018462,2.0,10.0,,
142237.0,4144.0,Shavington Academy,37.0,99.0,9.0,9.0,699,316.0,45.21,Urban: Nearer to a major town or city,CW2 5DH,North West,895,Cheshire East,369418.0,352350.0,E02003835,E01018505,1,0,0,0,0,0,1.35,0.79,95.71,2.15,E01018505,E01018505,E01018505,10.0,5.0,1495.0,7.0
111443.0,4225.0,Wilmslow High School,58.0,309.0,36.0,12.0,1995,962.0,48.22,Urban: Nearer to a major town or city,SK9 1LZ,North West,895,Cheshire East,384776.0,380605.0,E02003858,E01018602,1,0,0,0,0,0,5.79,1.24,88.93,4.05,E01018602,E01018602,E01018602,10.0,3.0,1390.0,7.0
139139.0,4801.0,All Hallows Catholic College,50.0,215.0,31.0,14.0,1184,587.0,49.58,Urban: Nearer to a major town or city,SK11 8LB,North West,895,Cheshire East,390661.0,373279.0,E02003869,E01018632,1,0,0,0,0,0,3.7,0.75,93.58,1.97,E01018632,E01018632,E01018632,9.0,4.0,1089.0,6.0
137491.0,6010.0,Sandbach School,54.0,196.0,25.0,13.0,1278,,,Urban: Nearer to a major town or city,CW11 3NS,North West,895,Cheshire East,375296.0,360699.0,E02003820,E01034666,1,0,0,0,0,0,1.3,0.0,94.97,3.73,E01034666,E01018442,E01018442,7.0,5.0,903.0,5.0
136340.0,4123.0,Sandbach High School and Sixth Form College,62.0,199.0,27.0,14.0,1454,1438.0,98.9,Urban: Nearer to a major town or city,CW11 3NT,North West,895,Cheshire East,375110.0,361020.0,E02003819,E01018437,1,0,0,0,0,0,1.35,0.38,96.28,1.99,E01018437,E01018437,E01018437,5.0,9.0,423.0,3.0
138002.0,4163.0,Knutsford Academy,65.0,150.0,20.0,13.0,1006,506.0,50.3,Urban: Nearer to a major town or city,WA16 0EA,North West,895,Cheshire East,374686.0,378289.0,E02003863,E01018604,1,0,0,0,0,0,1.95,0.43,95.95,1.66,E01018604,E01018604,E01018604,9.0,6.0,547.0,3.0
139953.0,4000.0,Sir William Stanier Community School,15.0,131.0,59.0,45.0,697,382.0,54.81,Urban: Nearer to a major town or city,CW1 4EB,North West,895,Cheshire East,371207.0,356528.0,E02003826,E01018477,1,0,0,0,0,0,1.68,1.33,94.9,2.09,E01018477,E01018477,E01018477,3.0,10.0,500.0,3.0
140813.0,4002.0,Cheshire Studio School,4.0,28.0,9.0,32.0,99,40.0,40.4,Urban: Nearer to a major town or city,CW1 2PZ,North West,895,Cheshire East,370478.0,356080.0,E02003830,E01018462,1,0,0,0,0,0,6.02,1.09,88.16,4.72,E01018462,E01018462,E01018462,2.0,10.0,377.0,2.0
140791.0,4116.0,Tytherington School,54.0,163.0,35.0,22.0,1129,520.0,46.06,Urban: Nearer to a major town or city,SK10 2EE,North West,895,Cheshire East,391626.0,374738.0,E02003866,E01018644,1,0,0,0,0,0,2.21,0.74,94.77,2.28,E01018644,E01018644,E01018644,10.0,5.0,822.0,4.0
140108.0,4121.0,Alsager School,56.0,229.0,28.0,12.0,1400,649.0,46.36,Urban: Nearer to a major town or city,ST7 2HR,North West,895,Cheshire East,378788.0,355809.0,E02003824,E01018386,1,0,0,0,0,0,1.64,0.59,96.62,1.14,E01018386,E01018386,E01018386,10.0,7.0,903.0,5.0
111417.0,4139.0,Ruskin Community High School,46.0,92.0,22.0,24.0,641,312.0,48.67,Urban: Nearer to a major town or city,CW2 7JT,North West,895,Cheshire East,370149.0,354884.0,E02003832,E01018488,1,0,0,0,0,0,2.91,1.12,91.64,4.34,E01018488,E01018488,E01018488,7.0,8.0,521.0,3.0
137449.0,4165.0,Holmes Chapel Comprehensive School,61.0,238.0,27.0,11.0,1299,629.0,48.42,Larger rural: Nearer to a major town or city,CW4 7DX,North West,895,Cheshire East,375444.0,366712.0,E02003812,E01018414,0,0,1,0,0,0,1.14,0.13,96.57,2.16,E01018414,E01018414,E01018414,9.0,4.0,1241.0,6.0
136279.0,4220.0,Brine Leas School,60.0,215.0,36.0,17.0,1388,693.0,49.93,Urban: Nearer to a major town or city,CW5 7DY,North West,895,Cheshire East,365621.0,351154.0,E02003839,E01018503,1,0,0,0,0,0,0.99,0.12,96.86,2.03,E01018503,E01018503,E01018503,9.0,8.0,987.0,5.0
136655.0,4226.0,Congleton High School,43.0,200.0,24.0,12.0,1189,585.0,49.2,Urban: Nearer to a major town or city,CW12 4NS,North West,895,Cheshire East,383548.0,363179.0,E02003817,E01018410,1,0,0,0,0,0,1.19,0.49,96.55,1.78,E01018410,E01018410,E01018410,10.0,6.0,1390.0,7.0
138662.0,4227.0,Eaton Bank Academy,52.0,120.0,15.0,13.0,778,424.0,54.5,Urban: Nearer to a major town or city,CW12 1NT,North West,895,Cheshire East,386572.0,364267.0,E02003816,E01018403,1,0,0,0,0,0,2.3,0.16,96.14,1.4,E01018403,E01018403,E01018403,9.0,7.0,1351.0,7.0
139764.0,4612.0,St Thomas More Catholic High School,58.0,132.0,20.0,15.0,648,315.0,48.61,Urban: Nearer to a major town or city,CW2 8AE,North West,895,Cheshire East,369247.0,354585.0,E02003833,E01018513,1,0,0,0,0,0,4.99,0.71,91.32,2.98,E01018513,E01018513,E01018513,7.0,7.0,521.0,3.0
136278.0,5401.0,The Fallibroome Academy,60.0,238.0,29.0,12.0,1526,790.0,51.77,Urban: Nearer to a major town or city,SK10 4AF,North West,895,Cheshire East,389313.0,374793.0,E02003867,E01018618,1,0,0,0,0,0,4.4,0.79,93.18,1.64,E01018618,E01018618,E01018618,3.0,8.0,1117.0,6.0
143817.0,4002.0,Queen's Park High School,31.0,62.0,20.0,32.0,479,229.0,47.81,Urban: Nearer to a major town or city,CH4 7AE,North West,896,Cheshire West and Chester,340905.0,365622.0,E02003807,E01018340,1,0,0,0,0,0,3.46,1.76,92.53,2.25,E01018340,E01018340,E01018340,5.0,4.67,,
144742.0,4003.0,Chester International School,25.0,56.0,15.0,27.0,133,79.0,59.4,Urban: Nearer to a major town or city,CH4 7AE,North West,896,Cheshire West and Chester,340969.0,365790.0,E02003807,E01018340,1,0,0,0,0,0,3.46,1.76,92.53,2.25,E01018340,E01018340,E01018340,5.0,4.67,,
111429.0,4167.0,The Whitby High School,35.0,273.0,62.0,23.0,1597,777.0,48.65,Urban: Nearer to a major town or city,CH66 2NU,North West,896,Cheshire West and Chester,339286.0,374437.0,E02003852,E01018526,1,0,0,0,0,0,0.75,0.06,97.94,1.25,E01018526,E01018526,E01018526,10.0,5.0,1390.0,7.0
136184.0,6906.0,The Winsford Academy,24.0,153.0,68.0,44.0,917,438.0,47.76,Urban: Further from a major town or city,CW7 2BT,North West,896,Cheshire West and Chester,364297.0,366584.0,E02003888,E01018746,0,1,0,0,0,0,1.8,0.05,97.15,1.0,E01018746,E01018746,E01018746,3.0,10.0,1173.0,6.0
111396.0,4006.0,"Blacon High School, A Specialist Sports College",23.0,69.0,36.0,52.0,526,233.0,44.3,Urban: Nearer to a major town or city,CH1 5JH,North West,896,Cheshire West and Chester,337641.0,367814.0,E02003799,E01018314,1,0,0,0,0,0,0.83,0.65,96.45,2.07,E01018314,E01018314,E01018314,2.0,9.0,950.0,5.0
138483.0,4135.0,Tarporley High School and Sixth Form College,62.0,175.0,15.0,9.0,1172,600.0,51.19,Larger rural: Nearer to a major town or city,CW6 0BL,North West,896,Cheshire West and Chester,355610.0,362026.0,E02003891,E01018724,0,0,1,0,0,0,0.96,0.11,97.51,1.42,E01018724,E01018724,E01018724,8.0,1.0,1893.0,9.0
137582.0,4000.0,The Rudheath Senior Academy,21.0,87.0,16.0,18.0,379,186.0,49.08,Urban: Nearer to a major town or city,CW9 7DT,North West,896,Cheshire West and Chester,367832.0,373359.0,E02003878,E01018718,1,0,0,0,0,0,3.35,0.05,95.4,1.19,E01018718,E01018718,E01018718,6.0,6.0,779.0,4.0
138148.0,4001.0,Hartford Church of England High School,48.0,174.0,36.0,21.0,1010,495.0,49.01,Urban: Nearer to a major town or city,CW8 1LH,North West,896,Cheshire West and Chester,364156.0,372528.0,E02003883,E01018691,1,0,0,0,0,0,1.29,0.37,96.93,1.41,E01018691,E01018691,E01018691,9.0,6.0,950.0,5.0
138318.0,4100.0,Neston High School,42.0,270.0,57.0,21.0,1728,782.0,45.25,Urban: Nearer to a major town or city,CH64 9NH,North West,896,Cheshire West and Chester,329778.0,378283.0,E02003841,E01018535,1,0,0,0,0,0,1.98,0.66,96.21,1.14,E01018535,E01018535,E01018535,3.0,8.0,1117.0,6.0
138743.0,4134.0,"The County High School, Leftwich",73.0,195.0,22.0,11.0,999,494.0,49.45,Urban: Nearer to a major town or city,CW9 8EZ,North West,896,Cheshire West and Chester,366248.0,371771.0,E02003882,E01018701,1,0,0,0,0,0,0.7,0.35,97.98,0.97,E01018701,E01018701,E01018701,3.0,9.0,375.0,2.0
136645.0,4149.0,Christleton High School,65.0,203.0,21.0,10.0,1347,687.0,51.0,Urban: Nearer to a major town or city,CH3 7AD,North West,896,Cheshire West and Chester,344417.0,365445.0,E02003805,E01018324,1,0,0,0,0,0,3.05,0.22,94.41,2.32,E01018324,E01018324,E01018324,9.0,3.0,1351.0,7.0
111422.0,4153.0,Upton-by-Chester High School,45.0,236.0,41.0,17.0,1522,758.0,49.8,Urban: Nearer to a major town or city,CH2 1NN,North West,896,Cheshire West and Chester,341987.0,368929.0,E02003796,E01018380,1,0,0,0,0,0,5.48,0.35,91.69,2.48,E01018380,E01018380,E01018380,5.0,7.0,903.0,5.0
111424.0,4158.0,Bishop Heber High School,57.0,207.0,20.0,10.0,1303,641.0,49.19,Larger rural: Nearer to a major town or city,SY14 8JD,North West,896,Cheshire West and Chester,349092.0,348327.0,E02003810,E01018357,0,0,1,0,0,0,0.16,0.21,98.08,1.55,E01018357,E01018357,E01018357,8.0,2.0,1241.0,6.0
111440.0,4221.0,Helsby High School,50.0,208.0,37.0,18.0,1322,663.0,50.15,Larger rural: Nearer to a major town or city,WA6 0HY,North West,896,Cheshire West and Chester,349941.0,376146.0,E02003877,E01018696,0,0,1,0,0,0,0.94,0.07,97.57,1.42,E01018696,E01018696,E01018696,9.0,3.0,1241.0,6.0
139343.0,4603.0,"The Catholic High School, Chester A Specialist Science College",35.0,126.0,32.0,25.0,876,442.0,50.46,Urban: Nearer to a major town or city,CH4 7HS,North West,896,Cheshire West and Chester,340440.0,364878.0,E02003807,E01018342,1,0,0,0,0,0,3.46,1.76,92.53,2.25,E01018342,E01018342,E01018342,5.0,4.67,717.0,4.0
111450.0,4610.0,St Nicholas Catholic High School,54.0,219.0,28.0,13.0,1246,642.0,51.52,Urban: Nearer to a major town or city,CW8 1JW,North West,896,Cheshire West and Chester,364872.0,372423.0,E02003883,E01018691,1,0,0,0,0,0,1.29,0.37,96.93,1.41,E01018691,E01018691,E01018691,9.0,6.0,1893.0,9.0
136543.0,4623.0,The Bishops' Blue Coat Church of England High School,46.0,175.0,30.0,17.0,1024,515.0,50.29,Urban: Nearer to a major town or city,CH3 5XF,North West,896,Cheshire West and Chester,342202.0,365589.0,E02003806,E01018321,1,0,0,0,0,0,3.45,0.08,94.75,1.72,E01018321,E01018321,E01018321,9.0,5.0,1173.0,6.0
138024.0,4153.0,Wadebridge School,40.0,210.0,38.0,18.0,1085,538.0,49.59,Larger rural: Further from a major town or city,PL27 6BU,South West,908,Cornwall,199538.0,72950.0,E02003939,E01018970,0,0,0,1,0,0,0.37,0.12,97.86,1.65,E01018970,E01018970,E01018970,6.0,4.0,1298.0,6.0
112055.0,4160.0,Richard Lander School,51.0,280.0,39.0,14.0,1440,704.0,48.89,Urban: Further from a major town or city,TR3 6LT,South West,908,Cornwall,178936.0,44586.0,E02003909,E01018822,0,1,0,0,0,0,2.64,0.0,94.23,3.13,E01018822,E01018822,E01018822,8.0,2.0,1495.0,7.0
140675.0,4000.0,St Ives School,45.0,92.0,16.0,17.0,534,280.0,52.43,Larger rural: Further from a major town or city,TR26 2BB,South West,908,Cornwall,151733.0,39332.0,E02003943,E01019011,0,0,0,1,0,0,0.19,0.06,97.09,2.66,E01019011,E01019011,E01019011,5.0,4.0,987.0,5.0
140836.0,4001.0,Fowey River Academy,36.0,118.0,22.0,19.0,593,297.0,50.08,Smaller rural: Further from a major town or city,PL23 1HE,South West,908,Cornwall,211940.0,51681.0,E02003960,E01019025,0,0,0,0,0,1,0.33,0.13,97.82,1.71,E01019025,E01019025,E01019025,5.0,2.0,1893.0,9.0
143649.0,4002.0,Callington Community College,27.0,209.0,44.0,21.0,996,469.0,47.09,Larger rural: Nearer to a major town or city,PL17 7DR,South West,908,Cornwall,236190.0,69985.0,E02003894,E01018751,0,0,1,0,0,0,0.32,0.13,97.46,2.09,E01018751,E01018751,E01018751,2.0,7.0,,
139155.0,4009.0,Launceston College,39.0,193.0,30.0,16.0,1293,671.0,51.89,Urban: Further from a major town or city,PL15 9JR,South West,908,Cornwall,233423.0,83739.0,E02003935,E01034848,0,1,0,0,0,0,1.17,0.05,96.91,1.87,E01034848,E01018947,E01018947,5.0,6.0,987.0,5.0
136575.0,4143.0,Saltash Community School,35.0,197.0,52.0,26.0,1273,637.0,50.04,Urban: Nearer to a major town or city,PL12 4AY,South West,908,Cornwall,242302.0,58163.0,E02003900,E01018789,1,0,0,0,0,0,0.21,0.36,98.64,0.79,E01018789,E01018789,E01018789,7.0,8.0,822.0,4.0
112041.0,4144.0,Torpoint Community College,32.0,101.0,20.0,20.0,641,318.0,49.61,Larger rural: Nearer to a major town or city,PL11 2NH,South West,908,Cornwall,243237.0,55276.0,E02003902,E01018798,0,0,1,0,0,0,0.4,0.2,98.02,1.39,E01018798,E01018798,E01018798,5.0,8.0,1117.0,6.0
136852.0,4149.0,Penryn College,51.0,214.0,37.0,17.0,1145,561.0,49.0,Urban: Further from a major town or city,TR10 8PZ,South West,908,Cornwall,177557.0,34203.0,E02003914,E01018834,0,1,0,0,0,0,1.1,0.15,95.24,3.51,E01018834,E01018834,E01018834,4.0,5.0,987.0,5.0
112045.0,4150.0,Budehaven Community School,36.0,170.0,40.0,24.0,1141,569.0,49.87,Larger rural: Further from a major town or city,EX23 8DQ,South West,908,Cornwall,221536.0,105966.0,E02003931,E01018937,0,0,0,1,0,0,0.48,0.1,97.31,2.11,E01018937,E01018937,E01018937,2.0,6.0,1298.0,6.0
137223.0,4152.0,Falmouth School,40.0,123.0,37.0,30.0,921,453.0,49.19,Urban: Further from a major town or city,TR11 4LH,South West,908,Cornwall,179011.0,33245.0,E02003917,E01018859,0,1,0,0,0,0,0.68,0.62,95.89,2.82,E01018859,E01018859,E01018859,8.0,5.0,903.0,5.0
136383.0,4154.0,Bodmin College,37.0,215.0,60.0,28.0,1421,747.0,52.57,Urban: Further from a major town or city,PL31 1DD,South West,908,Cornwall,207658.0,65727.0,E02003941,E01018934,0,1,0,0,0,0,0.68,0.19,96.84,2.29,E01018934,E01018934,E01018934,6.0,6.0,878.0,5.0
136573.0,4156.0,Penrice Academy,52.0,277.0,44.0,16.0,1407,709.0,50.39,Urban: Further from a major town or city,PL25 3NR,South West,908,Cornwall,203029.0,52273.0,E02003963,E01019043,0,1,0,0,0,0,1.11,0.05,97.12,1.72,E01019043,E01019043,E01019043,4.0,8.0,987.0,5.0
136524.0,4158.0,Camborne Science and International Academy,45.0,200.0,51.0,26.0,1532,753.0,49.15,Urban: Further from a major town or city,TR14 7PP,South West,908,Cornwall,163796.0,40149.0,E02003924,E01018876,0,1,0,0,0,0,0.47,0.27,97.11,2.15,E01018876,E01018876,E01018876,5.0,8.0,1298.0,6.0
112054.0,4159.0,Redruth School,44.0,186.0,40.0,22.0,1126,508.0,45.12,Urban: Further from a major town or city,TR15 1TA,South West,908,Cornwall,169165.0,42173.0,E02003919,E01018911,0,1,0,0,0,0,1.26,0.23,95.15,3.37,E01018911,E01018911,E01018911,4.0,9.0,717.0,4.0
136572.0,4162.0,The Roseland Academy,52.0,123.0,23.0,19.0,639,327.0,51.17,Smaller rural: Further from a major town or city,TR2 5SE,South West,908,Cornwall,193004.0,45305.0,E02003912,E01018845,0,0,0,0,0,1,0.38,0.16,97.14,2.32,E01018845,E01018845,E01018845,6.0,5.0,1893.0,9.0
136614.0,4163.0,Pool Academy,29.0,169.0,40.0,24.0,691,350.0,50.65,Urban: Further from a major town or city,TR15 3PZ,South West,908,Cornwall,166805.0,41631.0,E02003922,E01018897,0,1,0,0,0,0,0.13,0.38,97.91,1.59,E01018897,E01018897,E01018897,3.0,9.0,1390.0,7.0
136533.0,4165.0,Newquay Tretherras,41.0,262.0,62.0,24.0,1658,833.0,50.24,Urban: Further from a major town or city,TR7 3BH,South West,908,Cornwall,182876.0,61920.0,E02003955,E01019019,0,1,0,0,0,0,0.61,0.11,97.13,2.15,E01019019,E01019019,E01019019,6.0,5.0,1893.0,9.0
136567.0,4166.0,Penair School,47.0,182.0,31.0,17.0,917,433.0,47.22,Urban: Further from a major town or city,TR1 1TN,South West,908,Cornwall,184107.0,45237.0,E02003908,E01018853,0,1,0,0,0,0,1.83,0.14,94.42,3.62,E01018853,E01018853,E01018853,4.0,6.0,1298.0,6.0
137839.0,4168.0,Looe Community Academy,40.0,102.0,30.0,29.0,480,264.0,55.0,Larger rural: Further from a major town or city,PL13 1NQ,South West,908,Cornwall,225852.0,54541.0,E02003901,E01018774,0,0,0,1,0,0,0.32,0.11,97.98,1.59,E01018774,E01018774,E01018774,5.0,6.0,1653.0,8.0
136873.0,4172.0,Mounts Bay Academy,42.0,214.0,36.0,17.0,969,484.0,49.95,Urban: Further from a major town or city,TR18 3JT,South West,908,Cornwall,145916.0,31415.0,E02003948,E01018976,0,1,0,0,0,0,0.48,0.24,97.46,1.82,E01018976,E01018976,E01018976,5.0,4.0,903.0,5.0
112067.0,4173.0,Humphry Davy School,32.0,120.0,39.0,33.0,763,351.0,46.0,Urban: Further from a major town or city,TR18 2TG,South West,908,Cornwall,147010.0,30978.0,E02003949,E01018995,0,1,0,0,0,0,1.1,0.05,95.15,3.7,E01018995,E01018995,E01018995,1.0,9.0,437.0,3.0
143749.0,4013.0,Queen Elizabeth Studio School,25.0,88.0,12.0,14.0,238,115.0,48.32,Larger rural: Further from a major town or city,LA6 2HJ,North West,943,Westmorland and Furness,360707.0,478609.0,E02004023,E01019373,0,0,0,1,0,0,0.78,0.47,96.61,2.14,E01019373,E01019373,E01019373,9.33,3.33,,
112379.0,4056.0,The Lakes School,32.0,85.0,12.0,14.0,443,220.0,49.66,Smaller rural: Further from a major town or city,LA23 1HW,North West,943,Westmorland and Furness,340250.0,500009.0,E02004015,E01019395,0,0,0,0,0,1,2.06,0.65,94.75,2.54,E01019395,E01019395,E01019395,9.0,4.0,1893.0,9.0
112385.0,4152.0,Ulverston Victoria High School,50.0,228.0,23.0,10.0,1382,720.0,52.1,Urban: Further from a major town or city,LA12 0EB,North West,943,Westmorland and Furness,328681.0,477517.0,E02004026,E01019388,0,1,0,0,0,0,1.76,0.05,96.59,1.6,E01019388,E01019388,E01019388,6.0,9.0,1889.0,9.0
112393.0,4310.0,Ullswater Community College,28.0,229.0,36.0,16.0,1398,685.0,49.0,Urban: Nearer to a major town or city,CA11 8NG,North West,943,Westmorland and Furness,351766.0,529626.0,E02004010,E01019333,1,0,0,0,0,0,2.46,0.07,96.16,1.3,E01019333,E01019333,E01019333,3.0,8.0,1893.0,9.0
112398.0,4622.0,St Benedict's Catholic High School,32.0,148.0,20.0,14.0,1070,546.0,51.03,Urban: Further from a major town or city,CA28 8UG,North West,942,Cumberland,299114.0,517592.0,E02004002,E01019286,0,1,0,0,0,0,1.29,0.76,96.59,1.36,E01019286,E01019286,E01019286,8.0,10.0,1893.0,9.0
136671.0,5400.0,Kirkbie Kendal School,50.0,135.0,20.0,15.0,943,470.0,49.84,Urban: Further from a major town or city,LA9 7EQ,North West,943,Westmorland and Furness,351883.0,491570.0,E02004020,E01034078,0,1,0,0,0,0,2.13,0.33,95.98,1.56,E01034078,E01019367,E01019367,6.0,7.0,1893.0,9.0
136526.0,5404.0,The Queen Katherine School,47.0,206.0,38.0,18.0,1079,541.0,50.14,Urban: Further from a major town or city,LA9 6PJ,North West,943,Westmorland and Furness,352291.0,494014.0,E02004017,E01019365,0,1,0,0,0,0,0.66,0.19,98.53,0.62,E01019365,E01019365,E01019365,8.0,5.0,1893.0,9.0
136902.0,5414.0,Keswick School,55.0,187.0,13.0,7.0,1288,661.0,51.32,Smaller rural: Further from a major town or city,CA12 5QB,North West,942,Cumberland,326042.0,524264.0,E02003976,E01019104,0,0,0,0,0,1,1.47,0.44,96.11,1.98,E01019104,E01019104,E01019104,7.0,2.0,1893.0,9.0
112375.0,4001.0,Beacon Hill Community School,11.0,18.0,8.0,44.0,110,43.0,39.09,Larger rural: Nearer to a major town or city,CA7 3EZ,North West,942,Cumberland,314261.0,541835.0,E02003967,E01019082,0,0,1,0,0,0,0.47,0.0,98.12,1.41,E01019082,E01019082,E01019082,8.0,7.0,1893.0,9.0
140600.0,4002.0,Energy Coast UTC,15.0,73.0,26.0,36.0,285,99.0,34.74,Smaller rural: Further from a major town or city,CA14 4JW,North West,942,Cumberland,301917.0,525587.0,E02003975,E01019101,0,0,0,0,0,1,0.28,0.03,99.04,0.65,E01019101,E01019101,E01019101,10.0,8.0,1893.0,9.0
112377.0,4008.0,Solway Community School,9.0,23.0,10.0,44.0,121,56.0,46.28,Larger rural: Further from a major town or city,CA7 4DD,North West,942,Cumberland,311264.0,553923.0,E02003965,E01019127,0,0,0,1,0,0,0.18,0.07,99.34,0.42,E01019127,E01019127,E01019127,8.0,7.5,1893.0,9.0
112378.0,4011.0,Samuel King's School,33.0,21.0,7.0,33.0,103,56.0,54.37,Larger rural: Further from a major town or city,CA9 3QU,North West,943,Westmorland and Furness,371823.0,546333.0,E02004008,E01019305,0,0,0,1,0,0,0.2,0.1,98.77,0.94,E01019305,E01019305,E01019305,4.0,4.0,1893.0,9.0
112384.0,4151.0,John Ruskin School,43.0,28.0,8.0,29.0,171,85.0,49.71,Smaller rural: Further from a major town or city,LA21 8EW,North West,943,Westmorland and Furness,330280.0,497393.0,E02004022,E01019350,0,0,0,0,0,1,0.32,0.19,98.84,0.65,E01019350,E01019350,E01019350,10.0,1.0,1893.0,9.0
137338.0,5410.0,Cartmel Priory CofE School,52.0,69.0,5.0,7.0,319,140.0,43.89,Smaller rural: Further from a major town or city,LA11 7SA,North West,943,Westmorland and Furness,338127.0,478474.0,E02004027,E01019349,0,0,0,0,0,1,0.42,0.37,98.47,0.74,E01019349,E01019349,E01019349,8.0,4.0,1893.0,9.0
136357.0,5411.0,Queen Elizabeth School,57.0,131.0,6.0,5.0,1202,606.0,50.42,Larger rural: Further from a major town or city,LA6 2HJ,North West,943,Westmorland and Furness,360707.0,478609.0,E02004023,E01019373,0,0,0,1,0,0,0.78,0.47,96.61,2.14,E01019373,E01019373,E01019373,9.33,3.33,1653.0,8.0
141041.0,4003.0,Walney School,29.0,129.0,38.0,30.0,553,280.0,50.63,Urban: Further from a major town or city,LA14 3JT,North West,943,Westmorland and Furness,317807.0,468386.0,E02003986,E01019185,0,1,0,0,0,0,0.15,0.22,99.19,0.44,E01019185,E01019185,E01019185,8.0,5.0,1893.0,9.0
141499.0,4007.0,Workington Academy,27.0,132.0,45.0,34.0,816,384.0,47.06,Urban: Further from a major town or city,CA14 4EB,North West,942,Cumberland,301171.0,528476.0,E02003975,E01019129,0,1,0,0,0,0,0.28,0.03,99.04,0.65,E01019129,E01019129,E01019129,10.0,8.0,1893.0,9.0
137269.0,4060.0,Settlebeck School,34.0,35.0,7.0,20.0,197,84.0,42.64,Larger rural: Further from a major town or city,LA10 5AL,North West,943,Westmorland and Furness,366264.0,492026.0,E02004023,E01019385,0,0,0,1,0,0,0.78,0.47,96.61,2.14,E01019385,E01019385,E01019385,9.33,3.33,1893.0,9.0
142306.0,4103.0,Cockermouth School,63.0,207.0,29.0,14.0,1316,670.0,50.91,Larger rural: Further from a major town or city,CA13 9HF,North West,942,Cumberland,312959.0,531073.0,E02003971,E01019079,0,0,0,1,0,0,0.22,0.22,98.05,1.51,E01019079,E01019079,E01019079,8.0,3.0,1893.0,9.0
112382.0,4104.0,Netherhall School,33.0,95.0,29.0,31.0,628,310.0,49.36,Larger rural: Further from a major town or city,CA15 6NT,North West,942,Cumberland,304325.0,536908.0,E02003968,E01019114,0,0,0,1,0,0,0.28,0.0,98.47,1.25,E01019114,E01019114,E01019114,5.0,9.0,1893.0,9.0
112383.0,4150.0,Dowdales School,39.0,195.0,32.0,16.0,979,507.0,51.79,Larger rural: Further from a major town or city,LA15 8AH,North West,943,Westmorland and Furness,322761.0,474355.0,E02003977,E01019147,0,0,0,1,0,0,0.27,0.8,97.74,1.2,E01019147,E01019147,E01019147,7.0,7.0,1653.0,8.0
112388.0,4204.0,Millom School,29.0,91.0,24.0,26.0,522,252.0,48.28,Larger rural: Further from a major town or city,LA18 5AB,North West,942,Cumberland,317309.0,480455.0,E02004007,E01019290,0,0,0,1,0,0,0.38,0.1,98.1,1.43,E01019290,E01019290,E01019290,4.0,7.0,1893.0,9.0
112397.0,4501.0,The Nelson Thomlinson School,49.0,226.0,39.0,17.0,1249,624.0,49.96,Larger rural: Nearer to a major town or city,CA7 9PX,North West,942,Cumberland,325838.0,548046.0,E02003965,E01019134,0,0,1,0,0,0,0.18,0.07,99.34,0.42,E01019134,E01019134,E01019134,8.0,7.5,1351.0,7.0
112399.0,4630.0,Newman Catholic School,21.0,97.0,29.0,30.0,525,267.0,50.86,Urban: Nearer to a major town or city,CA2 4NL,North West,942,Cumberland,342694.0,554655.0,E02003998,E01019246,1,0,0,0,0,0,0.41,0.91,98.1,0.58,E01019246,E01019246,E01019246,3.0,10.0,1893.0,9.0
137369.0,5402.0,Trinity School,42.0,270.0,35.0,13.0,1670,852.0,51.02,Urban: Nearer to a major town or city,CA1 1JB,North West,942,Cumberland,340363.0,556171.0,E02003992,E01019206,1,0,0,0,0,0,4.04,1.04,92.33,2.58,E01019206,E01019206,E01019206,5.5,9.5,1653.0,8.0
137205.0,5405.0,Dallam School,50.0,132.0,16.0,12.0,1024,564.0,55.08,Larger rural: Further from a major town or city,LA7 7DD,North West,943,Westmorland and Furness,349998.0,481716.0,E02004025,E01019382,0,0,0,1,0,0,1.03,0.27,97.17,1.53,E01019382,E01019382,E01019382,7.0,7.0,1893.0,9.0
137107.0,5406.0,Kirkby Stephen Grammar School,38.0,69.0,9.0,13.0,401,207.0,51.62,Larger rural: Further from a major town or city,CA17 4HA,North West,943,Westmorland and Furness,377253.0,508812.0,E02004014,E01019318,0,0,0,1,0,0,1.18,0.16,97.65,1.02,E01019318,E01019318,E01019318,7.0,2.0,1653.0,8.0
137251.0,5407.0,Appleby Grammar School,33.0,70.0,8.0,11.0,387,177.0,45.74,Smaller rural: Further from a major town or city,CA16 6XU,North West,943,Westmorland and Furness,368104.0,521037.0,E02004013,E01019307,0,0,0,0,0,1,0.5,0.25,98.45,0.8,E01019307,E01019307,E01019307,7.0,3.0,1893.0,9.0
137252.0,5412.0,William Howard School,41.0,246.0,31.0,13.0,1428,709.0,49.65,Larger rural: Nearer to a major town or city,CA8 1AR,North West,942,Cumberland,352532.0,561293.0,E02003988,E01019202,0,0,1,0,0,0,0.45,0.13,98.13,1.29,E01019202,E01019202,E01019202,6.0,8.0,1893.0,9.0
137254.0,5413.0,Caldew School,41.0,175.0,27.0,15.0,983,487.0,49.54,Larger rural: Nearer to a major town or city,CA5 7NN,North West,942,Cumberland,337121.0,550532.0,E02003999,E01034073,0,0,1,0,0,0,0.84,0.11,98.34,0.72,E01034073,E01019214,E01019214,9.5,7.5,1893.0,9.0
135620.0,6905.0,Richard Rose Morton Academy,23.0,84.0,24.0,29.0,645,339.0,52.56,Urban: Nearer to a major town or city,CA2 6LB,North West,942,Cumberland,337708.0,554487.0,E02003999,E01019253,1,0,0,0,0,0,0.84,0.11,98.34,0.72,E01019253,E01019253,E01019253,9.5,7.5,1893.0,9.0
135621.0,6906.0,Richard Rose Central Academy,24.0,122.0,45.0,37.0,752,410.0,54.52,Urban: Nearer to a major town or city,CA1 1LY,North West,942,Cumberland,340881.0,556068.0,E02003992,E01019237,1,0,0,0,0,0,4.04,1.04,92.33,2.58,E01019237,E01019237,E01019237,5.5,9.5,1653.0,8.0
135632.0,6907.0,West Lakes Academy,43.0,196.0,41.0,21.0,1237,613.0,49.56,Larger rural: Further from a major town or city,CA22 2DQ,North West,942,Cumberland,301019.0,510967.0,E02004005,E01019274,0,0,0,1,0,0,0.98,0.42,98.39,0.21,E01019274,E01019274,E01019274,5.0,9.0,1893.0,9.0
135940.0,6908.0,Furness Academy,24.0,84.0,35.0,42.0,863,393.0,45.54,Urban: Further from a major town or city,LA13 9BB,North West,943,Westmorland and Furness,320952.0,469650.0,E02003981,E01019168,0,1,0,0,0,0,1.45,0.53,96.73,1.29,E01019168,E01019168,E01019168,8.0,8.0,1893.0,9.0
138421.0,4005.0,The Dean Academy,24.0,133.0,33.0,25.0,609,270.0,44.33,Larger rural: Further from a major town or city,GL15 5DZ,South West,916,Gloucestershire,363079.0,202707.0,E02004634,E01022226,0,0,0,1,0,0,1.06,0.07,98.24,0.63,E01022226,E01022226,E01022226,7.0,7.0,1893.0,9.0
144013.0,4009.0,Five Acres High School,42.0,108.0,24.0,22.0,570,266.0,46.67,Urban: Further from a major town or city,GL16 7QW,South West,916,Gloucestershire,358092.0,212419.0,E02004632,E01022229,0,1,0,0,0,0,0.44,0.19,98.8,0.57,E01022229,E01022229,E01022229,6.0,3.0,,
144761.0,4010.0,SGS Berkeley Green UTC,13.0,91.0,28.0,31.0,232,27.0,11.64,Smaller rural: Further from a major town or city,GL13 9FB,South West,916,Gloucestershire,365607.0,199140.0,E02004662,E01022413,0,0,0,0,0,1,0.84,0.35,97.04,1.78,E01022413,E01022413,E01022413,8.0,3.0,,
137097.0,4513.0,Farmor's School,53.0,146.0,9.0,6.0,982,507.0,51.63,Smaller rural: Nearer to a major town or city,GL7 4JQ,South West,916,Gloucestershire,415314.0,201794.0,E02004623,E01022203,0,0,0,0,1,0,1.2,0.65,96.17,1.99,E01022203,E01022203,E01022203,9.0,4.0,1.0,1.0
137752.0,5405.0,Tewkesbury School,47.0,230.0,40.0,17.0,1337,689.0,51.53,Urban: Nearer to a major town or city,GL20 8DF,South West,916,Gloucestershire,391019.0,233074.0,E02004666,E01022455,1,0,0,0,0,0,1.63,0.11,96.89,1.36,E01022455,E01022455,E01022455,7.0,3.0,1893.0,9.0
137634.0,5409.0,Churchdown School,37.0,217.0,30.0,14.0,1354,588.0,43.43,Urban: Nearer to a major town or city,GL3 2RB,South West,916,Gloucestershire,387849.0,220385.0,E02004672,E01022425,1,0,0,0,0,0,0.94,0.42,96.61,2.03,E01022425,E01022425,E01022425,9.0,4.5,1653.0,8.0
136292.0,5410.0,The Cotswold Academy,62.0,217.0,21.0,10.0,1376,705.0,51.24,Larger rural: Nearer to a major town or city,GL54 2BD,South West,916,Gloucestershire,416743.0,221161.0,E02004617,E01034784,0,0,1,0,0,0,0.92,0.42,97.31,1.34,E01034784,E01022180,E01022180,6.0,5.0,1893.0,9.0
137382.0,5415.0,Wyedean School and 6th Form Centre,38.0,141.0,18.0,13.0,1095,555.0,50.68,Urban: Nearer to a major town or city,NP16 7AA,South West,916,Gloucestershire,354413.0,193934.0,E02004635,E01022272,1,0,0,0,0,0,0.37,0.45,97.3,1.87,E01022272,E01022272,E01022272,3.0,4.0,1893.0,9.0
136764.0,5417.0,Winchcombe School,31.0,96.0,15.0,16.0,492,235.0,47.76,Larger rural: Nearer to a major town or city,GL54 5LB,South West,916,Gloucestershire,402518.0,229493.0,E02004668,E01022465,0,0,1,0,0,0,0.9,0.11,97.98,1.01,E01022465,E01022465,E01022465,9.0,2.0,1893.0,9.0
136725.0,5418.0,Cheltenham Bournside School and Sixth Form Centre,35.0,266.0,29.0,11.0,1687,827.0,49.02,Urban: Nearer to a major town or city,GL51 3EF,South West,916,Gloucestershire,393155.0,220915.0,E02004610,E01022174,1,0,0,0,0,0,2.65,0.22,94.77,2.36,E01022174,E01022174,E01022174,9.0,5.0,1893.0,9.0
137387.0,5422.0,Dene Magna School,44.0,165.0,32.0,19.0,855,429.0,50.18,Larger rural: Nearer to a major town or city,GL17 0DU,South West,916,Gloucestershire,366744.0,217954.0,E02004628,E01022259,0,0,1,0,0,0,0.2,0.0,99.48,0.33,E01022259,E01022259,E01022259,10.0,5.0,1893.0,9.0
136985.0,5428.0,Sir William Romney's School,31.0,70.0,13.0,19.0,449,239.0,53.23,Larger rural: Further from a major town or city,GL8 8AE,South West,916,Gloucestershire,388990.0,194212.0,E02004625,E01022217,0,0,0,1,0,0,0.72,0.32,97.14,1.83,E01022217,E01022217,E01022217,6.0,2.0,1.0,1.0
138496.0,4006.0,The Forest High School,23.0,74.0,19.0,26.0,324,153.0,47.22,Urban: Further from a major town or city,GL14 2AZ,South West,916,Gloucestershire,366135.0,214585.0,E02004629,E01022237,0,1,0,0,0,0,0.2,0.27,97.25,2.28,E01022237,E01022237,E01022237,1.0,10.0,1653.0,8.0
136772.0,4024.0,Cleeve School,46.0,235.0,36.0,15.0,1450,727.0,50.14,Urban: Nearer to a major town or city,GL52 8AE,South West,916,Gloucestershire,396272.0,227008.0,E02007035,E01022432,1,0,0,0,0,0,2.37,0.4,95.26,1.97,E01022432,E01022432,E01022432,8.0,4.0,1893.0,9.0
115723.0,4032.0,Archway School,43.0,179.0,40.0,22.0,1044,519.0,49.71,Urban: Nearer to a major town or city,GL5 4AX,South West,916,Gloucestershire,383682.0,205836.0,E02004654,E01022377,1,0,0,0,0,0,0.89,0.33,95.54,3.24,E01022377,E01022377,E01022377,5.0,6.0,1298.0,6.0
137298.0,4064.0,Severn Vale School,44.0,232.0,61.0,26.0,1221,588.0,48.16,Urban: Nearer to a major town or city,GL2 4PR,South West,916,Gloucestershire,380289.0,213982.0,E02004650,E01022336,1,0,0,0,0,0,0.26,1.48,95.3,2.96,E01022336,E01022336,E01022336,6.0,5.0,903.0,5.0
137059.0,4068.0,Thomas Keble School,55.0,133.0,16.0,12.0,666,306.0,45.95,Urban: Nearer to a major town or city,GL6 7DY,South West,916,Gloucestershire,389118.0,204061.0,E02004652,E01022354,1,0,0,0,0,0,0.76,0.04,97.57,1.62,E01022354,E01022354,E01022354,10.0,1.0,1893.0,9.0
136982.0,4600.0,St Peter's Catholic High School and Sixth Form Centre,29.0,231.0,55.0,24.0,1505,655.0,43.52,Urban: Nearer to a major town or city,GL4 0DD,South West,916,Gloucestershire,383193.0,214464.0,E02004647,E01022345,1,0,0,0,0,0,2.31,3.26,89.92,4.51,E01022345,E01022345,E01022345,7.0,7.0,987.0,5.0
137033.0,5406.0,Katharine Lady Berkeley's School,60.0,250.0,18.0,7.0,1472,765.0,51.97,Smaller rural: Further from a major town or city,GL12 8RB,South West,916,Gloucestershire,374892.0,192594.0,E02004665,E01022415,0,0,0,0,0,1,0.71,0.06,97.47,1.75,E01022415,E01022415,E01022415,10.0,2.0,1653.0,8.0
115758.0,5407.0,Rednock School,32.0,174.0,23.0,13.0,1146,556.0,48.52,Urban: Nearer to a major town or city,GL11 4BY,South West,916,Gloucestershire,375444.0,198723.0,E02004664,E01022372,1,0,0,0,0,0,0.65,0.41,97.42,1.51,E01022372,E01022372,E01022372,7.0,6.0,1893.0,9.0
136474.0,5408.0,Balcarras School,70.0,211.0,9.0,4.0,1382,693.0,50.14,Urban: Nearer to a major town or city,GL53 8QF,South West,916,Gloucestershire,397054.0,220310.0,E02004611,E01022112,1,0,0,0,0,0,1.9,0.29,95.18,2.63,E01022112,E01022112,E01022112,10.0,3.0,1893.0,9.0
138746.0,5411.0,Newent Community School and Sixth Form Centre,37.0,154.0,27.0,18.0,845,418.0,49.47,Larger rural: Nearer to a major town or city,GL18 1QF,South West,916,Gloucestershire,371758.0,225433.0,E02004627,E01022261,0,0,1,0,0,0,0.76,0.46,96.37,2.41,E01022261,E01022261,E01022261,5.0,3.0,1653.0,8.0
136623.0,5412.0,Chosen Hill School,36.0,224.0,30.0,13.0,1334,654.0,49.03,Urban: Nearer to a major town or city,GL3 2PL,South West,916,Gloucestershire,389032.0,220149.0,E02004672,E01022426,1,0,0,0,0,0,0.94,0.42,96.61,2.03,E01022426,E01022426,E01022426,9.0,4.5,1653.0,8.0
136960.0,5414.0,Chipping Campden School,57.0,203.0,13.0,6.0,1319,683.0,51.78,Smaller rural: Further from a major town or city,GL55 6HU,South West,916,Gloucestershire,415476.0,239663.0,E02004615,E01022183,0,0,0,0,0,1,1.04,0.19,97.79,0.97,E01022183,E01022183,E01022183,9.0,6.0,1653.0,8.0
137217.0,5419.0,Cirencester Kingshill School,39.0,168.0,20.0,12.0,871,444.0,50.98,Urban: Nearer to a major town or city,GL7 1HS,South West,916,Gloucestershire,403927.0,201996.0,E02004620,E01022188,1,0,0,0,0,0,1.58,1.96,93.74,2.73,E01022188,E01022188,E01022188,5.0,6.0,1653.0,8.0
136527.0,5420.0,Cirencester Deer Park School,53.0,207.0,42.0,20.0,931,462.0,49.62,Urban: Nearer to a major town or city,GL7 1XB,South West,916,Gloucestershire,400928.0,201518.0,E02004621,E01022195,1,0,0,0,0,0,2.51,0.0,95.92,1.57,E01022195,E01022195,E01022195,8.0,5.0,1653.0,8.0
115772.0,5421.0,Pittville School,34.0,119.0,43.0,36.0,733,359.0,48.98,Urban: Nearer to a major town or city,GL52 3JD,South West,916,Gloucestershire,395666.0,223661.0,E02004603,E01022139,1,0,0,0,0,0,3.3,1.17,92.12,3.41,E01022139,E01022139,E01022139,2.0,4.0,1893.0,9.0
115775.0,5424.0,Maidenhill School,31.0,100.0,21.0,21.0,580,294.0,50.69,Urban: Nearer to a major town or city,GL10 2HA,South West,916,Gloucestershire,380802.0,206049.0,E02004655,E01022402,1,0,0,0,0,0,1.94,0.4,95.85,1.81,E01022402,E01022402,E01022402,4.0,4.0,1893.0,9.0
136016.0,6905.0,"All Saints' Academy, Cheltenham",34.0,139.0,58.0,42.0,889,424.0,47.69,Urban: Nearer to a major town or city,GL51 0WH,South West,916,Gloucestershire,392531.0,223930.0,E02004602,E01022160,1,0,0,0,0,0,4.47,1.92,89.93,3.67,E01022160,E01022160,E01022160,2.0,10.0,1893.0,9.0
144402.0,4025.0,Croxley Danes School,,,,,297,153.0,51.52,Urban: Nearer to a major town or city,WD3 3LR,East of England,919,Hertfordshire,508580.0,196053.0,E02004958,E01023824,1,0,0,0,0,0,10.53,0.73,84.75,3.98,E01023824,E01023824,E01023824,10.0,2.0,,
139416.0,4004.0,The Elstree UTC,23.0,92.0,29.0,32.0,392,247.0,63.01,Urban: Nearer to a major town or city,WD6 5NN,East of England,919,Hertfordshire,520350.0,197187.0,E02004904,E01023544,1,0,0,0,0,0,3.99,3.82,84.21,7.98,E01023544,E01023544,E01023544,7.0,3.0,1495.0,7.0
117504.0,4010.0,Fearnhill School,27.0,64.0,17.0,27.0,420,212.0,50.48,Urban: Nearer to a major town or city,SG6 4BA,East of England,919,Hertfordshire,520472.0,232327.0,E02004915,E01023650,1,0,0,0,0,0,5.46,4.41,86.02,4.11,E01023650,E01023650,E01023650,2.0,4.0,1173.0,6.0
137038.0,4011.0,Verulam School,59.0,165.0,16.0,10.0,1097,,,Urban: Nearer to a major town or city,AL1 4PR,East of England,919,Hertfordshire,516318.0,207649.0,E02004934,E01023674,1,0,0,0,0,0,9.81,2.49,79.1,8.59,E01023674,E01023674,E01023674,10.0,1.0,1203.0,6.0
137847.0,4014.0,Stanborough School,41.0,172.0,34.0,20.0,1082,475.0,43.9,Urban: Nearer to a major town or city,AL8 6YR,East of England,919,Hertfordshire,522890.0,211688.0,E02004985,E01023916,1,0,0,0,0,0,6.21,1.95,87.4,4.44,E01023916,E01023916,E01023916,5.0,5.0,1893.0,9.0
140037.0,4017.0,The Thomas Alleyne School,38.0,133.0,35.0,26.0,865,434.0,50.17,Urban: Nearer to a major town or city,SG1 3BE,East of England,919,Hertfordshire,523374.0,225588.0,E02004945,E01023777,1,0,0,0,0,0,14.72,3.65,76.47,5.15,E01023777,E01023777,E01023777,5.0,7.5,1653.0,8.0
137110.0,4080.0,Longdean School,37.0,183.0,42.0,23.0,1273,625.0,49.1,Urban: Nearer to a major town or city,HP3 8JB,East of England,919,Hertfordshire,507604.0,205954.0,E02004875,E01023358,1,0,0,0,0,0,21.09,5.0,68.72,5.19,E01023358,E01023358,E01023358,4.0,5.0,1.0,1.0
117552.0,4499.0,The Astley Cooper School,32.0,74.0,28.0,38.0,566,299.0,52.83,Urban: Nearer to a major town or city,HP2 7HL,East of England,919,Hertfordshire,507193.0,209709.0,E02004862,E01023395,1,0,0,0,0,0,7.5,9.29,77.43,5.78,E01023395,E01023395,E01023395,2.0,6.0,1893.0,9.0
138356.0,4614.0,St George's School,83.0,187.0,10.0,5.0,1375,711.0,51.71,Urban: Nearer to a major town or city,AL5 4TD,East of England,919,Hertfordshire,513565.0,215029.0,E02004925,E01023689,1,0,0,0,0,0,4.55,2.28,88.95,4.22,E01023689,E01023689,E01023689,10.0,2.0,1390.0,7.0
136606.0,5400.0,Rickmansworth School,72.0,193.0,13.0,7.0,1299,651.0,50.12,Urban: Nearer to a major town or city,WD3 3AQ,East of England,919,Hertfordshire,506971.0,195143.0,E02004961,E01023826,1,0,0,0,0,0,11.75,1.89,79.49,6.88,E01023826,E01023826,E01023826,10.0,4.0,987.0,5.0
136276.0,5401.0,Watford Grammar School for Boys,84.0,190.0,11.0,6.0,1369,,,Urban: Nearer to a major town or city,WD18 7JF,East of England,919,Hertfordshire,509789.0,196328.0,E02004975,E01023886,1,0,0,0,0,0,36.67,7.04,46.74,9.55,E01023886,E01023886,E01023886,6.0,2.0,903.0,5.0
136289.0,5403.0,Watford Grammar School for Girls,89.0,179.0,11.0,6.0,1285,1285.0,100.0,Urban: Nearer to a major town or city,WD18 0AE,East of England,919,Hertfordshire,510950.0,196058.0,E02004976,E01023862,1,0,0,0,0,0,25.55,5.0,59.6,9.85,E01023862,E01023862,E01023862,6.0,3.0,1390.0,7.0
136554.0,5407.0,Dame Alice Owen's School,86.0,221.0,10.0,5.0,1451,756.0,52.1,Urban: Nearer to a major town or city,EN6 2DU,East of England,919,Hertfordshire,524019.0,200635.0,E02004897,E01023569,1,0,0,0,0,0,15.04,3.85,71.08,10.03,E01023569,E01023569,E01023569,7.0,4.0,1893.0,9.0
136877.0,5410.0,Queens' School,71.0,258.0,44.0,17.0,1675,804.0,48.0,Urban: Nearer to a major town or city,WD23 2TY,East of England,919,Hertfordshire,512913.0,196782.0,E02004903,E01023553,1,0,0,0,0,0,24.36,2.69,65.61,7.34,E01023553,E01023553,E01023553,9.0,3.0,1390.0,7.0
137895.0,5413.0,The John Henry Newman Catholic School,58.0,227.0,20.0,9.0,1536,762.0,49.61,Urban: Nearer to a major town or city,SG1 4AE,East of England,919,Hertfordshire,522957.0,226079.0,E02004945,E01023800,1,0,0,0,0,0,14.72,3.65,76.47,5.15,E01023800,E01023800,E01023800,5.0,7.5,1653.0,8.0
138042.0,5414.0,The Marlborough Science Academy,35.0,196.0,48.0,25.0,1228,608.0,49.51,Urban: Nearer to a major town or city,AL1 2QA,East of England,919,Hertfordshire,514073.0,205711.0,E02004937,E01023744,1,0,0,0,0,0,3.77,1.85,89.66,4.73,E01023744,E01023744,E01023744,10.0,2.0,1495.0,7.0
137914.0,5418.0,Saint Joan of Arc Catholic School,62.0,207.0,15.0,7.0,1225,556.0,45.39,Urban: Nearer to a major town or city,WD3 1HG,East of England,919,Hertfordshire,506293.0,194608.0,E02004959,E01023851,1,0,0,0,0,0,13.49,2.17,79.38,4.96,E01023851,E01023851,E01023851,8.0,3.0,1390.0,7.0
139873.0,4006.0,Richard Hale School,55.0,161.0,16.0,10.0,1121,,,Urban: Nearer to a major town or city,SG13 8EN,East of England,919,Hertfordshire,532672.0,212172.0,E02004894,E01035597,1,0,0,0,0,0,3.46,1.77,89.85,4.92,E01035597,E01023478,E01023478,8.0,6.0,410.0,3.0
137288.0,4009.0,Hitchin Girls' School,65.0,171.0,23.0,14.0,1151,1151.0,100.0,Urban: Nearer to a major town or city,SG4 9RS,East of England,919,Hertfordshire,519039.0,229130.0,E02004921,E01023609,1,0,0,0,0,0,6.0,2.16,86.69,5.16,E01023609,E01023609,E01023609,10.0,3.0,299.0,2.0
137985.0,4013.0,Presdales School,72.0,169.0,14.0,8.0,1121,1106.0,98.66,Urban: Nearer to a major town or city,SG12 9NX,East of England,919,Hertfordshire,535870.0,213427.0,E02004890,E01023510,1,0,0,0,0,0,2.35,0.61,94.21,2.84,E01023510,E01023510,E01023510,9.0,2.5,423.0,3.0
137270.0,4028.0,Sir John Lawes School,75.0,193.0,21.0,11.0,1277,609.0,47.69,Urban: Nearer to a major town or city,AL5 4QP,East of England,919,Hertfordshire,514095.0,215076.0,E02004925,E01023689,1,0,0,0,0,0,4.55,2.28,88.95,4.22,E01023689,E01023689,E01023689,10.0,2.0,1653.0,8.0
138286.0,4043.0,Beaumont School,73.0,181.0,15.0,8.0,1322,640.0,48.41,Urban: Nearer to a major town or city,AL4 0XB,East of England,919,Hertfordshire,517492.0,207641.0,E02004936,E01023664,1,0,0,0,0,0,12.98,2.3,78.59,6.13,E01023664,E01023664,E01023664,9.0,2.0,1495.0,7.0
136973.0,4070.0,Roundwood Park School,67.0,194.0,12.0,6.0,1297,600.0,46.26,Urban: Nearer to a major town or city,AL5 3AE,East of England,919,Hertfordshire,512259.0,214742.0,E02004924,E01023690,1,0,0,0,0,0,5.01,2.24,87.23,5.52,E01023690,E01023690,E01023690,10.0,1.0,1495.0,7.0
137757.0,4099.0,Bishop's Hatfield Girls' School,61.0,124.0,16.0,13.0,866,863.0,99.65,Urban: Nearer to a major town or city,AL10 8NL,East of England,919,Hertfordshire,522514.0,208173.0,E02004991,E01023923,1,0,0,0,0,0,16.96,9.62,64.62,8.8,E01023923,E01023923,E01023923,4.0,3.0,1.0,1.0
136922.0,4802.0,Yavneh College,61.0,148.0,11.0,7.0,984,450.0,45.73,Urban: Nearer to a major town or city,WD6 1HL,East of England,919,Hertfordshire,519895.0,196470.0,E02004906,E01023541,1,0,0,0,0,0,9.73,7.11,74.76,8.4,E01023541,E01023541,E01023541,7.0,2.0,1067.0,5.0
136899.0,5404.0,Parmiter's School,83.0,205.0,15.0,7.0,1452,716.0,49.31,Urban: Nearer to a major town or city,WD25 0UU,East of England,919,Hertfordshire,511392.0,201727.0,E02004957,E01023832,1,0,0,0,0,0,14.56,5.49,73.62,6.33,E01023832,E01023832,E01023832,5.5,2.5,1893.0,9.0
117577.0,5405.0,The Bishop's Stortford High School,69.0,156.0,4.0,3.0,1191,,,Urban: Nearer to a major town or city,CM23 4SH,East of England,919,Hertfordshire,548441.0,218972.0,E02004885,E01023460,1,0,0,0,0,0,5.5,2.33,87.77,4.4,E01023460,E01023460,E01023460,8.0,1.0,779.0,4.0
136482.0,5427.0,Hockerill Anglo-European College,74.0,119.0,7.0,6.0,839,420.0,50.06,Urban: Nearer to a major town or city,CM23 5HX,East of England,919,Hertfordshire,549575.0,221392.0,E02004882,E01023441,1,0,0,0,0,0,5.13,3.23,84.53,7.1,E01023441,E01023441,E01023441,10.0,1.0,366.0,2.0
117499.0,4000.0,The Priory School,42.0,166.0,22.0,13.0,1169,574.0,49.1,Urban: Nearer to a major town or city,SG5 2UR,East of England,919,Hertfordshire,518064.0,230727.0,E02004918,E01023603,1,0,0,0,0,0,4.84,2.61,87.77,4.78,E01023603,E01023603,E01023603,10.0,3.0,331.0,2.0
138747.0,4001.0,Hertswood Academy,29.0,175.0,53.0,30.0,1241,615.0,49.56,Urban: Nearer to a major town or city,WD6 5LG,East of England,919,Hertfordshire,519998.0,197839.0,E02004899,E01023583,1,0,0,0,0,0,3.97,1.73,89.67,4.62,E01023583,E01023583,E01023583,6.0,8.0,1390.0,7.0
139662.0,4007.0,The Reach Free School,37.0,91.0,17.0,19.0,586,304.0,51.88,Urban: Nearer to a major town or city,WD3 8AB,East of England,919,Hertfordshire,503629.0,193781.0,E02004964,E01023837,1,0,0,0,0,0,8.37,1.34,84.91,5.38,E01023837,E01023837,E01023837,9.0,3.0,,
139154.0,4008.0,Hitchin Boys' School,75.0,158.0,10.0,6.0,1126,,,Urban: Nearer to a major town or city,SG5 1JB,East of England,919,Hertfordshire,518406.0,229474.0,E02004920,E01023616,1,0,0,0,0,0,4.45,2.02,89.4,4.13,E01023616,E01023616,E01023616,8.0,6.0,260.0,2.0
136608.0,4016.0,The Knights Templar School,51.0,204.0,30.0,15.0,1341,655.0,48.84,Urban: Nearer to a major town or city,SG7 6DZ,East of England,919,Hertfordshire,524334.0,233681.0,E02004912,E01023589,1,0,0,0,0,0,3.96,1.36,91.2,3.48,E01023589,E01023589,E01023589,7.0,6.0,1495.0,7.0
142051.0,4022.0,Haileybury Turnford,32.0,145.0,40.0,28.0,865,422.0,48.79,Urban: Nearer to a major town or city,EN8 0JU,East of England,919,Hertfordshire,536456.0,203299.0,E02004850,E01023302,1,0,0,0,0,0,3.42,7.25,77.79,11.55,E01023302,E01023302,E01023302,4.0,6.0,1653.0,8.0
143131.0,4024.0,Robert Barclay Academy,29.0,91.0,20.0,22.0,589,296.0,50.25,Urban: Nearer to a major town or city,EN11 8JY,East of England,919,Hertfordshire,536907.0,208059.0,E02004845,E01023321,1,0,0,0,0,0,3.51,2.16,91.57,2.76,E01023321,E01023321,E01023321,7.0,1.0,1893.0,9.0
117518.0,4066.0,Barnwell School,34.0,157.0,44.0,28.0,1015,491.0,48.37,Urban: Nearer to a major town or city,SG2 9SW,East of England,919,Hertfordshire,525831.0,222832.0,E02004953,E01023793,1,0,0,0,0,0,4.99,6.52,83.31,5.19,E01023793,E01023793,E01023793,2.0,8.0,1893.0,9.0
137339.0,4083.0,St Albans Girls' School,70.0,194.0,19.0,10.0,1251,1251.0,100.0,Urban: Nearer to a major town or city,AL3 6DB,East of England,919,Hertfordshire,515194.0,209265.0,E02004930,E01023713,1,0,0,0,0,0,13.62,4.27,75.47,6.64,E01023713,E01023713,E01023713,8.0,1.0,1893.0,9.0
139036.0,4096.0,Kings Langley School,49.0,171.0,28.0,16.0,1049,544.0,51.86,Urban: Nearer to a major town or city,WD4 9HN,East of England,919,Hertfordshire,506295.0,203029.0,E02004877,E01023408,1,0,0,0,0,0,3.18,1.31,90.96,4.55,E01023408,E01023408,E01023408,9.0,2.0,1495.0,7.0
136396.0,4101.0,The Broxbourne School,65.0,200.0,28.0,14.0,1287,672.0,52.21,Urban: Nearer to a major town or city,EN10 7FU,East of England,919,Hertfordshire,536528.0,206512.0,E02004846,E01023292,1,0,0,0,0,0,3.31,2.1,88.94,5.66,E01023292,E01023292,E01023292,6.0,1.0,1893.0,9.0
117530.0,4104.0,The Nobel School,33.0,232.0,48.0,21.0,1473,715.0,48.54,Urban: Nearer to a major town or city,SG2 0HS,East of England,919,Hertfordshire,526093.0,225230.0,E02007091,E01023769,1,0,0,0,0,0,5.42,5.02,86.15,3.42,E01023769,E01023769,E01023769,5.0,7.0,1893.0,9.0
140049.0,4111.0,Westfield Academy,38.0,167.0,43.0,26.0,1019,472.0,46.32,Urban: Nearer to a major town or city,WD18 6NS,East of England,919,Hertfordshire,509672.0,195452.0,E02004978,E01023866,1,0,0,0,0,0,21.69,10.31,57.58,10.43,E01023866,E01023866,E01023866,1.0,7.0,1117.0,6.0
117534.0,4116.0,Marriotts School,30.0,230.0,79.0,34.0,1410,609.0,43.19,Urban: Nearer to a major town or city,SG2 8UT,East of England,919,Hertfordshire,525561.0,224353.0,E02004950,E01023761,1,0,0,0,0,0,5.92,4.13,84.8,5.14,E01023761,E01023761,E01023761,6.0,5.0,1893.0,9.0
138484.0,4117.0,The Sele School,25.0,76.0,28.0,37.0,385,175.0,45.45,Urban: Nearer to a major town or city,SG14 2DG,East of England,919,Hertfordshire,530913.0,212846.0,E02004892,E01023489,1,0,0,0,0,0,1.68,1.46,92.84,4.02,E01023489,E01023489,E01023489,10.0,4.0,903.0,5.0
138632.0,4118.0,Monk's Walk School,47.0,219.0,25.0,11.0,1329,642.0,48.31,Urban: Nearer to a major town or city,AL8 7NL,East of England,919,Hertfordshire,523379.0,214984.0,E02004982,E01023962,1,0,0,0,0,0,3.65,1.06,90.7,4.58,E01023962,E01023962,E01023962,9.0,6.0,1.0,1.0
137002.0,4141.0,Freman College,60.0,229.0,19.0,8.0,948,465.0,49.05,Larger rural: Nearer to a major town or city,SG9 9BT,East of England,919,Hertfordshire,535631.0,229941.0,E02004878,E01023465,0,0,1,0,0,0,0.73,0.0,97.98,1.29,E01023465,E01023465,E01023465,9.0,3.0,1.0,1.0
136609.0,4197.0,Sandringham School,76.0,181.0,9.0,5.0,1478,661.0,44.72,Urban: Nearer to a major town or city,AL4 9NX,East of England,919,Hertfordshire,516857.0,209364.0,E02004931,E01023711,1,0,0,0,0,0,10.25,0.8,84.28,4.67,E01023711,E01023711,E01023711,9.0,2.0,1893.0,9.0
137637.0,4200.0,Birchwood High School,39.0,232.0,33.0,14.0,1345,626.0,46.54,Urban: Nearer to a major town or city,CM23 5BD,East of England,919,Hertfordshire,550326.0,221778.0,E02004882,E01023440,1,0,0,0,0,0,5.13,3.23,84.53,7.1,E01023440,E01023440,E01023440,10.0,1.0,547.0,3.0
137090.0,4498.0,The Chauncy School,41.0,165.0,29.0,18.0,1103,516.0,46.78,Urban: Nearer to a major town or city,SG12 0DP,East of England,919,Hertfordshire,534833.0,214724.0,E02004890,E01023515,1,0,0,0,0,0,2.35,0.61,94.21,2.84,E01023515,E01023515,E01023515,9.0,2.5,1.0,1.0
138352.0,4504.0,Tring School,56.0,235.0,23.0,10.0,1525,736.0,48.26,Urban: Nearer to a major town or city,HP23 5JD,East of England,919,Hertfordshire,492879.0,211913.0,E02004859,E01023421,1,0,0,0,0,0,1.14,1.01,95.12,2.72,E01023421,E01023421,E01023421,10.0,1.0,1893.0,9.0
117555.0,4606.0,Townsend CofE School,46.0,87.0,21.0,24.0,641,291.0,45.4,Urban: Nearer to a major town or city,AL3 6DR,East of England,919,Hertfordshire,514425.0,209661.0,E02004932,E01023671,1,0,0,0,0,0,15.03,2.62,73.06,9.29,E01023671,E01023671,E01023671,6.0,5.0,1893.0,9.0
138106.0,4620.0,Loreto College,67.0,147.0,14.0,10.0,942,939.0,99.68,Urban: Nearer to a major town or city,AL1 3RQ,East of England,919,Hertfordshire,515408.0,207339.0,E02004935,E01023727,1,0,0,0,0,0,7.53,2.88,83.57,6.02,E01023727,E01023727,E01023727,8.0,3.0,1203.0,6.0
117578.0,5406.0,Ashlyns School,44.0,207.0,25.0,12.0,1337,678.0,50.71,Urban: Nearer to a major town or city,HP4 3AH,East of England,919,Hertfordshire,499207.0,207052.0,E02004869,E01023366,1,0,0,0,0,0,2.0,1.42,92.33,4.26,E01023366,E01023366,E01023366,6.0,6.0,1390.0,7.0
137872.0,5408.0,Bushey Meads School,58.0,166.0,24.0,15.0,1223,535.0,43.74,Urban: Nearer to a major town or city,WD23 4PA,East of England,919,Hertfordshire,514321.0,195727.0,E02004907,E01023561,1,0,0,0,0,0,8.49,4.95,80.55,6.01,E01023561,E01023561,E01023561,6.0,4.0,1390.0,7.0
137938.0,5412.0,Nicholas Breakspear Catholic School,48.0,83.0,11.0,13.0,653,273.0,41.81,Urban: Nearer to a major town or city,AL4 0TT,East of England,919,Hertfordshire,518230.0,206806.0,E02007090,E01023678,1,0,0,0,0,0,7.98,1.35,84.4,6.27,E01023678,E01023678,E01023678,7.0,6.0,1495.0,7.0
137532.0,5415.0,Goffs School,50.0,209.0,40.0,19.0,1419,710.0,50.04,Urban: Nearer to a major town or city,EN7 5QW,East of England,919,Hertfordshire,534350.0,202640.0,E02004853,E01023295,1,0,0,0,0,0,3.22,4.98,82.13,9.68,E01023295,E01023295,E01023295,6.0,4.5,1241.0,6.0
137156.0,5416.0,Leventhorpe,49.0,171.0,14.0,8.0,1269,646.0,50.91,Urban: Nearer to a major town or city,CM21 9BY,East of England,919,Hertfordshire,548235.0,215763.0,E02004888,E01023499,1,0,0,0,0,0,3.34,1.37,91.8,3.48,E01023499,E01023499,E01023499,4.0,3.0,846.0,5.0
137922.0,5417.0,Saint Michael's Catholic High School,41.0,180.0,20.0,11.0,1076,484.0,44.98,Urban: Nearer to a major town or city,WD25 0SS,East of England,919,Hertfordshire,511644.0,201324.0,E02004957,E01023834,1,0,0,0,0,0,14.56,5.49,73.62,6.33,E01023834,E01023834,E01023834,5.5,2.5,1495.0,7.0
140786.0,5420.0,The Hertfordshire & Essex High School and Science College,63.0,185.0,9.0,5.0,1292,1192.0,92.26,Urban: Nearer to a major town or city,CM23 5NJ,East of England,919,Hertfordshire,549579.0,221024.0,E02004882,E01023441,1,0,0,0,0,0,5.13,3.23,84.53,7.1,E01023441,E01023441,E01023441,10.0,1.0,322.0,2.0
136901.0,5421.0,St Clement Danes School,70.0,202.0,11.0,5.0,1455,750.0,51.55,Urban: Nearer to a major town or city,WD3 6EW,East of England,919,Hertfordshire,502870.0,197129.0,E02004960,E01023817,1,0,0,0,0,0,8.52,1.72,85.04,4.72,E01023817,E01023817,E01023817,10.0,2.0,1351.0,7.0
138360.0,5423.0,St Mary's Church of England High School (VA),23.0,191.0,61.0,32.0,1203,610.0,50.71,Urban: Nearer to a major town or city,EN7 5FB,East of England,919,Hertfordshire,534440.0,201468.0,E02004853,E01023293,1,0,0,0,0,0,3.22,4.98,82.13,9.68,E01023293,E01023293,E01023293,6.0,4.5,1.0,1.0
135876.0,6905.0,Francis Combe Academy,25.0,183.0,54.0,30.0,1147,573.0,49.96,Urban: Nearer to a major town or city,WD25 7HW,East of England,919,Hertfordshire,511219.0,201131.0,E02004968,E01023905,1,0,0,0,0,0,14.91,8.09,70.13,6.87,E01023905,E01023905,E01023905,6.0,2.0,1495.0,7.0
140845.0,4004.0,"Cowes Enterprise College, An Ormiston Academy",40.0,157.0,31.0,20.0,1090,544.0,49.91,Urban: Further from a major town or city,PO31 8HB,South East,921,Isle of Wight,449036.0,96137.0,E02003582,E01017301,0,1,0,0,0,0,1.77,0.09,96.55,1.58,E01017301,E01017301,E01017301,9.0,4.0,437.0,3.0
136753.0,4001.0,Ryde Academy,28.0,165.0,48.0,29.0,1152,529.0,45.92,Urban: Further from a major town or city,PO33 3LN,South East,921,Isle of Wight,458390.0,91829.0,E02003586,E01017342,0,1,0,0,0,0,1.47,0.0,97.43,1.1,E01017342,E01017342,E01017342,4.0,9.0,987.0,5.0
140691.0,4002.0,The Island Free School,46.0,121.0,26.0,22.0,620,326.0,52.58,Larger rural: Further from a major town or city,PO38 1BG,South East,921,Isle of Wight,455414.0,78107.0,E02003598,E01017366,0,0,0,1,0,0,0.07,0.14,97.73,2.07,E01017366,E01017366,E01017366,1.0,6.0,,
135552.0,4604.0,Christ The King College,45.0,257.0,46.0,18.0,1527,743.0,48.66,Urban: Further from a major town or city,PO30 5QT,South East,921,Isle of Wight,448795.0,88506.0,E02003591,E01017293,0,1,0,0,0,0,2.31,0.46,96.36,0.87,E01017293,E01017293,E01017293,7.0,4.0,739.0,4.0
137600.0,4067.0,Stamford Welland Academy,20.0,56.0,25.0,45.0,450,209.0,46.44,Urban: Nearer to a major town or city,PE9 1HE,East Midlands,925,Lincolnshire,502891.0,307976.0,E02005490,E01026347,1,0,0,0,0,0,0.7,0.45,96.37,2.48,E01026347,E01026347,E01026347,8.0,9.0,1893.0,9.0
141391.0,4013.0,Thomas Middlecott Academy,8.0,89.0,28.0,32.0,503,251.0,49.9,Larger rural: Further from a major town or city,PE20 1JS,East Midlands,925,Lincolnshire,530550.0,338045.0,E02005423,E01026019,0,0,0,1,0,0,0.53,0.64,96.48,2.35,E01026019,E01026019,E01026019,3.0,5.0,1893.0,9.0
144488.0,4035.0,Spalding Academy,19.0,157.0,41.0,26.0,1019,504.0,49.46,Urban: Nearer to a major town or city,PE11 2EJ,East Midlands,925,Lincolnshire,525707.0,322533.0,E02005471,E01026269,1,0,0,0,0,0,1.65,0.66,95.34,2.35,E01026269,E01026269,E01026269,8.0,3.0,1893.0,9.0
145052.0,4041.0,The Priory Pembroke Academy,21.0,47.0,19.0,40.0,214,111.0,51.87,Larger rural: Nearer to a major town or city,LN3 4JP,East Midlands,925,Lincolnshire,502939.0,373257.0,E02005502,E01026371,0,0,1,0,0,0,2.25,0.08,96.3,1.37,E01026371,E01026371,E01026371,7.0,4.0,,
136491.0,4514.0,De Aston School,33.0,159.0,37.0,23.0,958,498.0,51.98,Smaller rural: Nearer to a major town or city,LN8 3RF,East Midlands,925,Lincolnshire,511471.0,388708.0,E02005494,E01026391,0,0,0,0,1,0,0.56,0.1,97.78,1.57,E01026391,E01026391,E01026391,5.0,4.0,1893.0,9.0
137135.0,5413.0,Sir Robert Pattinson Academy,41.0,211.0,41.0,19.0,1174,529.0,45.06,Urban: Nearer to a major town or city,LN6 9AF,East Midlands,925,Lincolnshire,494220.0,366383.0,E02006867,E01026218,1,0,0,0,0,0,0.26,0.61,98.17,0.96,E01026218,E01026218,E01026218,6.0,7.0,1893.0,9.0
136415.0,5415.0,William Farr CofE Comprehensive School,56.0,235.0,31.0,13.0,1450,699.0,48.21,Larger rural: Nearer to a major town or city,LN2 3JB,East Midlands,925,Lincolnshire,501305.0,379338.0,E02005499,E01026372,0,0,1,0,0,0,0.71,0.63,97.1,1.57,E01026372,E01026372,E01026372,7.0,5.0,1893.0,9.0
135564.0,6906.0,The Priory City of Lincoln Academy,26.0,135.0,49.0,36.0,846,384.0,45.39,Urban: Nearer to a major town or city,LN6 0EP,East Midlands,925,Lincolnshire,495355.0,369401.0,E02005449,E01026136,1,0,0,0,0,0,2.75,0.75,94.18,2.32,E01026136,E01026136,E01026136,6.67,7.0,903.0,5.0
136044.0,6909.0,St George's Academy,31.0,357.0,82.0,23.0,2147,1066.0,49.65,Urban: Further from a major town or city,NG34 7PP,East Midlands,925,Lincolnshire,506527.0,346018.0,E02005462,E01026235,0,1,0,0,0,0,1.38,0.42,96.4,1.8,E01026235,E01026235,E01026235,2.0,7.0,1893.0,9.0
135565.0,6907.0,The Priory Academy LSST,65.0,259.0,21.0,8.0,1806,930.0,51.5,Urban: Nearer to a major town or city,LN5 8PW,East Midlands,925,Lincolnshire,497178.0,368891.0,E02005449,E01026174,1,0,0,0,0,0,2.75,0.75,94.18,2.32,E01026174,E01026174,E01026174,6.67,7.0,521.0,3.0
137572.0,4000.0,Bourne Academy,30.0,214.0,41.0,19.0,1342,697.0,51.94,Urban: Nearer to a major town or city,PE10 9DT,East Midlands,925,Lincolnshire,510072.0,320807.0,E02005486,E01026296,1,0,0,0,0,0,2.11,0.26,96.43,1.19,E01026296,E01026296,E01026296,6.0,5.0,1893.0,9.0
137282.0,4001.0,University Academy Holbeach,28.0,173.0,43.0,25.0,1299,642.0,49.42,Larger rural: Further from a major town or city,PE12 7PU,East Midlands,925,Lincolnshire,536008.0,325426.0,E02005467,E01026252,0,0,0,1,0,0,1.18,0.56,97.01,1.24,E01026252,E01026252,E01026252,6.0,6.0,1893.0,9.0
138783.0,4002.0,King Edward VI Academy,20.0,94.0,24.0,26.0,544,250.0,45.96,Larger rural: Further from a major town or city,PE23 5EW,East Midlands,925,Lincolnshire,539953.0,366437.0,E02005436,E01026101,0,0,0,1,0,0,0.22,0.07,98.71,1.01,E01026101,E01026101,E01026101,2.0,9.0,1893.0,9.0
140950.0,4008.0,Lincoln UTC,38.0,63.0,16.0,25.0,186,43.0,23.12,Urban: Nearer to a major town or city,LN2 1PF,East Midlands,925,Lincolnshire,497911.0,371610.0,E02005444,E01026167,1,0,0,0,0,0,3.17,2.13,91.09,3.61,E01026167,E01026167,E01026167,8.0,9.0,486.0,3.0
137873.0,4010.0,The Deepings School,30.0,241.0,43.0,18.0,1449,762.0,52.59,Urban: Nearer to a major town or city,PE6 8NF,East Midlands,925,Lincolnshire,515249.0,309930.0,E02005489,E01026306,1,0,0,0,0,0,1.3,0.31,96.42,1.97,E01026306,E01026306,E01026306,5.0,8.0,1653.0,8.0
141166.0,4011.0,The Barnes Wallis Academy,18.0,78.0,24.0,31.0,466,254.0,54.51,Larger rural: Further from a major town or city,LN4 4PN,East Midlands,925,Lincolnshire,521873.0,358101.0,E02005439,E01026054,0,0,0,1,0,0,0.81,0.56,97.09,1.55,E01026054,E01026054,E01026054,2.0,8.0,1893.0,9.0
136479.0,4017.0,Charles Read Academy,13.0,40.0,15.0,38.0,251,98.0,39.04,Urban: Further from a major town or city,NG33 4NT,East Midlands,925,Lincolnshire,500164.0,324654.0,E02005479,E01026323,0,1,0,0,0,0,3.87,1.17,92.36,2.6,E01026323,E01026323,E01026323,6.0,9.0,1893.0,9.0
142392.0,4018.0,Somercotes Academy,19.0,63.0,18.0,29.0,366,200.0,54.64,Larger rural: Further from a major town or city,LN11 7PN,East Midlands,925,Lincolnshire,541950.0,396569.0,E02005425,E01026079,0,0,0,1,0,0,0.93,0.15,98.14,0.77,E01026079,E01026079,E01026079,5.0,7.0,1893.0,9.0
136624.0,4019.0,Walton Academy,44.0,108.0,26.0,24.0,699,698.0,99.86,Urban: Further from a major town or city,NG31 7JR,East Midlands,925,Lincolnshire,490471.0,334208.0,E02005481,E01026319,0,1,0,0,0,0,2.06,1.68,93.32,2.94,E01026319,E01026319,E01026319,7.0,7.0,1653.0,8.0
144968.0,4039.0,Louth Academy,18.0,171.0,58.0,34.0,786,377.0,47.96,Urban: Nearer to a major town or city,LN11 9AW,East Midlands,925,Lincolnshire,533462.0,387351.0,E02005427,E01026081,1,0,0,0,0,0,1.67,0.09,96.74,1.5,E01026081,E01026081,E01026081,3.0,9.0,,
136968.0,4048.0,John Spendluffe Foundation Technology College,16.0,94.0,35.0,37.0,598,275.0,45.99,Larger rural: Further from a major town or city,LN13 9BL,East Midlands,925,Lincolnshire,545721.0,375713.0,E02005431,E01026042,0,0,0,1,0,0,0.69,0.17,96.84,2.29,E01026042,E01026042,E01026042,2.0,9.0,1893.0,9.0
136958.0,4049.0,Caistor Yarborough Academy,29.0,59.0,21.0,36.0,363,191.0,52.62,Larger rural: Nearer to a major town or city,LN7 6QZ,East Midlands,925,Lincolnshire,512180.0,401423.0,E02005492,E01026367,0,0,1,0,0,0,1.09,0.18,97.64,1.09,E01026367,E01026367,E01026367,6.0,7.0,1893.0,9.0
141581.0,4050.0,The Banovallum School,22.0,102.0,34.0,33.0,583,288.0,49.4,Larger rural: Further from a major town or city,LN9 6DA,East Midlands,925,Lincolnshire,526368.0,368958.0,E02005434,E01026064,0,0,0,1,0,0,1.03,0.0,97.34,1.63,E01026064,E01026064,E01026064,1.0,10.0,1653.0,8.0
138754.0,4072.0,Haven High Academy,20.0,189.0,56.0,30.0,1058,539.0,50.95,Urban: Further from a major town or city,PE21 9HB,East Midlands,925,Lincolnshire,532637.0,345166.0,E02006864,E01026038,0,1,0,0,0,0,1.6,0.83,95.9,1.67,E01026038,E01026038,E01026038,7.0,4.0,1653.0,8.0
138756.0,4516.0,William Lovell Church of England Academy,29.0,73.0,21.0,29.0,279,151.0,54.12,Smaller rural: Further from a major town or city,PE22 8AA,East Midlands,925,Lincolnshire,534224.0,356742.0,E02005441,E01026102,0,0,0,0,0,1,0.22,0.09,98.79,0.91,E01026102,E01026102,E01026102,4.0,6.0,1.0,1.0
137447.0,5408.0,Lincoln Christ's Hospital School,26.0,199.0,52.0,26.0,1220,639.0,52.38,Urban: Nearer to a major town or city,LN2 4PN,East Midlands,925,Lincolnshire,498762.0,372407.0,E02005445,E01026154,1,0,0,0,0,0,1.99,0.14,95.02,2.84,E01026154,E01026154,E01026154,2.0,7.0,1173.0,6.0
136871.0,5412.0,North Kesteven Academy,22.0,196.0,43.0,22.0,1042,637.0,61.13,Urban: Nearer to a major town or city,LN6 9AG,East Midlands,925,Lincolnshire,493850.0,366405.0,E02006867,E01026218,1,0,0,0,0,0,0.26,0.61,98.17,0.96,E01026218,E01026218,E01026218,6.0,7.0,1893.0,9.0
136358.0,5418.0,Branston Community Academy,38.0,198.0,29.0,15.0,1144,574.0,50.17,Larger rural: Nearer to a major town or city,LN4 1LH,East Midlands,925,Lincolnshire,502566.0,367994.0,E02005456,E01026190,0,0,1,0,0,0,0.63,0.53,96.68,2.16,E01026190,E01026190,E01026190,5.0,6.0,1893.0,9.0
138839.0,5420.0,"Sir William Robertson Academy, Welbourn",35.0,108.0,20.0,19.0,835,394.0,47.19,Smaller rural: Nearer to a major town or city,LN5 0PA,East Midlands,925,Lincolnshire,496134.0,353149.0,E02005458,E01026196,0,0,0,0,1,0,0.34,0.14,98.92,0.61,E01026196,E01026196,E01026196,8.0,6.0,1653.0,8.0
139623.0,5421.0,"St Peter and St Paul, Catholic Voluntary Academy",25.0,99.0,20.0,20.0,558,252.0,45.16,Urban: Nearer to a major town or city,LN6 7SX,East Midlands,925,Lincolnshire,496015.0,369212.0,E02005449,E01026135,1,0,0,0,0,0,2.75,0.75,94.18,2.32,E01026135,E01026135,E01026135,6.67,7.0,822.0,4.0
136194.0,6910.0,The Priory Ruskin Academy,30.0,208.0,46.0,22.0,1339,541.0,40.4,Urban: Further from a major town or city,NG31 8ED,East Midlands,925,Lincolnshire,491325.0,337112.0,E02005478,E01026352,0,1,0,0,0,0,10.11,1.38,86.14,2.37,E01026352,E01026352,E01026352,8.0,6.0,1653.0,8.0
136217.0,6911.0,Skegness Academy,20.0,158.0,75.0,48.0,893,465.0,52.07,Urban: Further from a major town or city,PE25 2QH,East Midlands,925,Lincolnshire,555945.0,364114.0,E02005435,E01026084,0,1,0,0,0,0,1.7,0.0,97.29,1.01,E01026084,E01026084,E01026084,3.0,9.0,1653.0,8.0
135650.0,6905.0,The Open Academy,38.0,85.0,36.0,42.0,608,263.0,43.26,Urban: Nearer to a major town or city,NR7 9DL,East of England,926,Norfolk,625082.0,310392.0,E02005587,E01026805,1,0,0,0,0,0,1.43,0.91,94.85,2.8,E01026805,E01026805,E01026805,3.0,7.0,1495.0,7.0
136186.0,6907.0,Ormiston Victory Academy,45.0,143.0,35.0,25.0,1075,535.0,49.77,Urban: Nearer to a major town or city,NR5 0PX,East of England,926,Norfolk,617338.0,310653.0,E02007054,E01026924,1,0,0,0,0,0,2.15,1.04,94.9,1.9,E01026924,E01026924,E01026924,8.0,7.0,1351.0,7.0
136202.0,6909.0,King's Lynn Academy,28.0,126.0,33.0,26.0,782,374.0,47.83,Urban: Further from a major town or city,PE30 4QG,East of England,926,Norfolk,563223.0,319923.0,E02005559,E01026668,0,1,0,0,0,0,3.98,0.73,92.11,3.18,E01026668,E01026668,E01026668,4.0,9.0,423.0,3.0
141268.0,4002.0,Northgate High School,34.0,190.0,41.0,22.0,1103,538.0,48.78,Urban: Nearer to a major town or city,NR19 2EU,East of England,926,Norfolk,598973.0,314051.0,E02005505,E01026431,1,0,0,0,0,0,1.28,0.68,97.19,0.85,E01026431,E01026431,E01026431,4.0,8.0,1653.0,8.0
140364.0,4011.0,Cliff Park Ormiston Academy,27.0,163.0,52.0,32.0,898,456.0,50.78,Urban: Further from a major town or city,NR31 6TA,East of England,926,Norfolk,652480.0,302582.0,E02005547,E01026611,0,1,0,0,0,0,2.24,0.3,95.15,2.31,E01026611,E01026611,E01026611,7.0,9.0,1893.0,9.0
140557.0,4012.0,St Clement's High School,27.0,119.0,20.0,17.0,632,305.0,48.26,Smaller rural: Further from a major town or city,PE34 4LZ,East of England,926,Norfolk,555165.0,320738.0,E02005558,E01026712,0,0,0,0,0,1,0.32,0.43,98.35,0.9,E01026712,E01026712,E01026712,7.0,5.0,1893.0,9.0
140815.0,4013.0,Jane Austen College,51.0,151.0,30.0,20.0,896,522.0,58.26,Urban: Nearer to a major town or city,NR3 1DD,East of England,926,Norfolk,622950.0,308981.0,E02007053,E01026823,1,0,0,0,0,0,7.55,2.02,84.3,6.13,E01026823,E01026823,E01026823,2.0,9.5,,
141086.0,4014.0,University Technical College Norfolk,38.0,69.0,16.0,23.0,266,49.0,18.42,Urban: Nearer to a major town or city,NR4 6FF,East of England,926,Norfolk,622227.0,305168.0,E02005596,E01026821,1,0,0,0,0,0,2.95,2.96,89.83,4.26,E01026821,E01026821,E01026821,1.5,9.0,1653.0,8.0
142058.0,4020.0,Sewell Park Academy,27.0,88.0,29.0,33.0,481,231.0,48.02,Urban: Nearer to a major town or city,NR3 4BX,East of England,926,Norfolk,623204.0,310576.0,E02005586,E01026843,1,0,0,0,0,0,3.3,1.41,91.1,4.19,E01026843,E01026843,E01026843,4.0,9.0,1241.0,6.0
142059.0,4022.0,"The Hewett Academy, Norwich",24.0,62.0,29.0,47.0,296,155.0,52.36,Urban: Nearer to a major town or city,NR1 2PL,East of England,926,Norfolk,622737.0,306864.0,E02005596,E01026818,1,0,0,0,0,0,2.95,2.96,89.83,4.26,E01026818,E01026818,E01026818,1.5,9.0,1298.0,6.0
142883.0,4025.0,Great Yarmouth Charter Academy,37.0,123.0,77.0,63.0,740,387.0,52.3,Urban: Further from a major town or city,NR30 4LS,East of England,926,Norfolk,652948.0,308934.0,E02005541,E01026639,0,1,0,0,0,0,1.86,1.15,94.95,2.05,E01026639,E01026639,E01026639,2.0,8.0,,
137949.0,4031.0,Wayland Academy Norfolk,37.0,94.0,18.0,19.0,533,270.0,50.66,Urban: Further from a major town or city,IP25 6BA,East of England,926,Norfolk,591525.0,300203.0,E02005511,E01026490,0,1,0,0,0,0,0.21,0.79,98.06,0.94,E01026490,E01026490,E01026490,9.0,5.0,1653.0,8.0
140534.0,4052.0,Attleborough Academy Norfolk,39.0,118.0,16.0,14.0,776,401.0,51.68,Urban: Nearer to a major town or city,NR17 2AJ,East of England,926,Norfolk,604917.0,295591.0,E02005513,E01026449,1,0,0,0,0,0,2.75,1.19,94.03,2.03,E01026449,E01026449,E01026449,7.0,8.0,1893.0,9.0
139487.0,4084.0,Taverham High School,38.0,209.0,25.0,12.0,1186,571.0,48.15,Urban: Nearer to a major town or city,NR8 6HP,East of England,926,Norfolk,615528.0,314617.0,E02005525,E01026566,1,0,0,0,0,0,1.17,0.41,97.3,1.11,E01026566,E01026566,E01026566,7.0,7.0,1653.0,8.0
137913.0,4605.0,"Notre Dame High School, Norwich",62.0,197.0,27.0,14.0,1497,826.0,55.18,Urban: Nearer to a major town or city,NR1 3PB,East of England,926,Norfolk,623235.0,307892.0,E02007053,E01035140,1,0,0,0,0,0,7.55,2.02,84.3,6.13,E01035140,E01026822,E01026822,2.0,9.5,700.0,4.0
137431.0,5401.0,Cromer Academy,34.0,111.0,18.0,16.0,587,285.0,48.55,Larger rural: Further from a major town or city,NR27 0EX,East of England,926,Norfolk,622211.0,341274.0,E02005572,E01026778,0,0,0,1,0,0,0.22,0.29,98.76,0.73,E01026778,E01026778,E01026778,7.0,9.0,1893.0,9.0
138758.0,5405.0,Acle Academy,46.0,92.0,23.0,25.0,466,222.0,47.64,Larger rural: Nearer to a major town or city,NR13 3ER,East of England,926,Norfolk,639676.0,310728.0,E02005537,E01026498,0,0,1,0,0,0,0.6,0.3,97.81,1.28,E01026498,E01026498,E01026498,5.0,5.0,1893.0,9.0
138918.0,4000.0,The Nicholas Hamond Academy,28.0,90.0,26.0,29.0,626,287.0,45.85,Larger rural: Further from a major town or city,PE37 7DZ,East of England,926,Norfolk,582034.0,307993.0,E02005509,E01026457,0,0,0,1,0,0,0.76,0.0,97.73,1.52,E01026457,E01026457,E01026457,9.0,8.0,1893.0,9.0
139572.0,4003.0,Fakenham Academy Norfolk,24.0,96.0,24.0,25.0,781,376.0,48.14,Larger rural: Further from a major town or city,NR21 9QT,East of England,926,Norfolk,591668.0,330810.0,E02005580,E01026746,0,0,0,1,0,0,1.16,0.23,97.55,1.05,E01026746,E01026746,E01026746,7.0,6.0,903.0,5.0
138039.0,4005.0,Hellesdon High School,39.0,235.0,55.0,23.0,1536,724.0,47.14,Urban: Nearer to a major town or city,NR6 5SB,East of England,926,Norfolk,620319.0,311945.0,E02005530,E01026532,1,0,0,0,0,0,1.17,0.18,96.09,2.57,E01026532,E01026532,E01026532,7.0,8.0,1653.0,8.0
139311.0,4006.0,Hobart High School,38.0,128.0,18.0,14.0,666,327.0,49.1,Larger rural: Nearer to a major town or city,NR14 6JU,East of England,926,Norfolk,636068.0,298362.0,E02005604,E01026911,0,0,1,0,0,0,1.69,0.14,96.61,1.56,E01026911,E01026911,E01026911,4.0,5.0,1653.0,8.0
140188.0,4009.0,Hethersett Academy,62.0,98.0,16.0,16.0,728,363.0,49.86,Larger rural: Nearer to a major town or city,NR9 3DB,East of England,926,Norfolk,615682.0,304958.0,E02005599,E01026907,0,0,1,0,0,0,2.89,0.84,94.33,1.94,E01026907,E01026907,E01026907,7.0,3.0,1241.0,6.0
141331.0,4017.0,Caister Academy,29.0,124.0,30.0,24.0,669,343.0,51.27,Larger rural: Further from a major town or city,NR30 5LS,East of England,926,Norfolk,652260.0,312758.0,E02005540,E01026592,0,0,0,1,0,0,0.52,0.52,98.28,0.67,E01026592,E01026592,E01026592,1.0,10.0,1893.0,9.0
141395.0,4018.0,Stalham High School,33.0,75.0,13.0,17.0,344,177.0,51.45,Larger rural: Further from a major town or city,NR12 9DG,East of England,926,Norfolk,637420.0,325229.0,E02005582,E01026776,0,0,0,1,0,0,0.56,0.22,97.65,1.57,E01026776,E01026776,E01026776,7.0,9.0,1495.0,7.0
142396.0,4023.0,Marshland High School,34.0,156.0,49.0,31.0,779,376.0,48.27,Smaller rural: Further from a major town or city,PE14 7HA,East of England,926,Norfolk,547854.0,313181.0,E02005563,E01026721,0,0,0,0,0,1,1.21,0.27,97.03,1.48,E01026721,E01026721,E01026721,3.0,9.0,1653.0,8.0
143520.0,4026.0,Smithdon High School,29.0,83.0,20.0,24.0,571,265.0,46.41,Larger rural: Further from a major town or city,PE36 5HY,East of England,926,Norfolk,567910.0,340572.0,E02005551,E01026681,0,0,0,1,0,0,0.25,0.33,98.26,1.16,E01026681,E01026681,E01026681,6.0,7.0,,
144018.0,4027.0,Long Stratton High School,42.0,115.0,15.0,13.0,587,286.0,48.72,Larger rural: Nearer to a major town or city,NR15 2XR,East of England,926,Norfolk,619349.0,292888.0,E02005607,E01026940,0,0,1,0,0,0,1.0,0.33,97.67,1.0,E01026940,E01026940,E01026940,5.0,8.0,,
138829.0,4042.0,Reepham High School and College,39.0,156.0,27.0,17.0,1055,509.0,48.25,Smaller rural: Nearer to a major town or city,NR10 4JT,East of England,926,Norfolk,609780.0,322345.0,E02005521,E01026547,0,0,0,0,1,0,0.65,0.15,98.26,0.94,E01026547,E01026547,E01026547,7.0,1.0,1653.0,8.0
121164.0,4046.0,Aylsham High School,51.0,210.0,45.0,21.0,1065,553.0,51.92,Smaller rural: Nearer to a major town or city,NR11 6AN,East of England,926,Norfolk,619836.0,327085.0,E02005520,E01026503,0,0,0,0,1,0,0.7,0.19,97.93,1.17,E01026503,E01026503,E01026503,8.0,3.0,1893.0,9.0
137461.0,4060.0,Wymondham High Academy,53.0,252.0,35.0,14.0,1555,763.0,49.07,Urban: Nearer to a major town or city,NR18 0QT,East of England,926,Norfolk,611357.0,302070.0,E02005603,E01035149,1,0,0,0,0,0,1.04,0.71,96.65,1.6,E01035149,E01026945,E01026945,8.0,5.5,739.0,4.0
141269.0,4065.0,"City of Norwich School, An Ormiston Academy",48.0,199.0,40.0,20.0,1597,783.0,49.03,Urban: Nearer to a major town or city,NR4 6PP,East of England,926,Norfolk,621825.0,306657.0,E02005595,E01026811,1,0,0,0,0,0,3.56,1.08,92.06,3.3,E01026811,E01026811,E01026811,9.0,7.0,1.0,1.0
136515.0,4081.0,Springwood High School,37.0,265.0,48.0,18.0,1710,904.0,52.87,Urban: Further from a major town or city,PE30 4AW,East of England,926,Norfolk,564245.0,320925.0,E02005560,E01026714,0,1,0,0,0,0,16.34,1.9,77.95,3.81,E01026714,E01026714,E01026714,8.0,7.0,1653.0,8.0
143278.0,4083.0,Thorpe St Andrew School and Sixth Form,49.0,284.0,36.0,13.0,1829,900.0,49.21,Urban: Nearer to a major town or city,NR7 0XS,East of England,926,Norfolk,627163.0,309552.0,E02005534,E01026570,1,0,0,0,0,0,0.85,0.67,96.24,2.25,E01026570,E01026570,E01026570,8.0,3.0,1653.0,8.0
137092.0,4089.0,Diss High School,44.0,154.0,31.0,20.0,963,455.0,47.25,Urban: Further from a major town or city,IP22 4DH,East of England,926,Norfolk,612113.0,280334.0,E02005611,E01026888,0,1,0,0,0,0,1.88,0.97,94.91,2.24,E01026888,E01026888,E01026888,4.0,7.0,1298.0,6.0
136481.0,5400.0,Wymondham College,65.0,170.0,13.0,8.0,1302,646.0,49.62,Smaller rural: Nearer to a major town or city,NR18 9SZ,East of England,926,Norfolk,607409.0,298509.0,E02005600,E01026948,0,0,0,0,1,0,2.95,7.42,87.01,2.63,E01026948,E01026948,E01026948,10.0,2.0,1653.0,8.0
137621.0,5406.0,Sheringham High School,54.0,114.0,27.0,24.0,712,358.0,50.28,Larger rural: Further from a major town or city,NR26 8ND,East of England,926,Norfolk,615019.0,342440.0,E02005570,E01026772,0,0,0,1,0,0,1.3,0.11,97.4,1.19,E01026772,E01026772,E01026772,6.0,3.0,1089.0,6.0
137541.0,5407.0,Lynn Grove Academy,38.0,201.0,42.0,21.0,1045,523.0,50.05,Urban: Further from a major town or city,NR31 8AP,East of England,926,Norfolk,651362.0,304880.0,E02005545,E01026581,0,1,0,0,0,0,1.37,0.24,97.02,1.37,E01026581,E01026581,E01026581,8.0,5.0,1893.0,9.0
135904.0,6906.0,City Academy Norwich,20.0,115.0,61.0,53.0,571,286.0,50.09,Urban: Nearer to a major town or city,NR4 7LP,East of England,926,Norfolk,619907.0,308305.0,E02005593,E01026861,1,0,0,0,0,0,10.78,3.93,77.77,7.53,E01026861,E01026861,E01026861,2.0,6.0,1893.0,9.0
136187.0,6908.0,Ormiston Venture Academy,45.0,159.0,67.0,42.0,866,451.0,52.08,Urban: Further from a major town or city,NR31 7JJ,East of England,926,Norfolk,651376.0,303153.0,E02005548,E01026620,0,1,0,0,0,0,2.65,0.44,95.51,1.39,E01026620,E01026620,E01026620,2.0,10.0,1893.0,9.0
136204.0,6910.0,The Thetford Academy,33.0,181.0,45.0,25.0,1147,560.0,48.82,Urban: Further from a major town or city,IP24 1LH,East of England,926,Norfolk,587527.0,284635.0,E02005518,E01026472,0,1,0,0,0,0,0.58,0.33,97.16,1.92,E01026472,E01026472,E01026472,8.0,4.0,1351.0,7.0
139058.0,6911.0,Iceni Academy,38.0,95.0,26.0,27.0,616,298.0,48.38,Smaller rural: Further from a major town or city,IP26 4PE,East of England,926,Norfolk,573523.0,295250.0,E02005569,E01026651,0,0,0,0,0,1,0.66,0.31,96.98,2.05,E01026651,E01026651,E01026651,7.0,6.0,1893.0,9.0
136948.0,4000.0,Weston Favell Academy,30.0,248.0,68.0,27.0,1339,619.0,46.23,Urban: Nearer to a major town or city,NN3 3EZ,East Midlands,941,West Northamptonshire,478819.0,262947.0,E02005655,E01027182,1,0,0,0,0,0,12.66,5.02,79.92,2.4,E01027182,E01027182,E01027182,9.0,7.0,468.0,3.0
138235.0,4001.0,The Parker E-ACT Academy,24.0,127.0,40.0,32.0,920,476.0,51.74,Urban: Nearer to a major town or city,NN11 0QE,East Midlands,941,West Northamptonshire,457137.0,263261.0,E02005624,E01026987,1,0,0,0,0,0,2.07,0.17,96.04,1.72,E01026987,E01026987,E01026987,9.0,7.0,500.0,3.0
137087.0,4051.0,Campion School,46.0,211.0,38.0,18.0,1221,619.0,50.7,Larger rural: Nearer to a major town or city,NN7 3QG,East Midlands,941,West Northamptonshire,468443.0,257726.0,E02005681,E01027282,0,0,1,0,0,0,0.63,0.37,96.51,2.49,E01027282,E01027282,E01027282,7.0,5.0,1893.0,9.0
142747.0,4703.0,Thomas Becket Catholic School,18.0,84.0,25.0,30.0,677,337.0,49.78,Urban: Nearer to a major town or city,NN3 6HT,East Midlands,941,West Northamptonshire,477763.0,264160.0,E02005651,E01027219,1,0,0,0,0,0,6.14,2.15,89.13,2.59,E01027219,E01027219,E01027219,6.5,9.0,626.0,3.0
136299.0,5404.0,Northampton School for Boys,72.0,215.0,32.0,15.0,1630,,,Urban: Nearer to a major town or city,NN1 5RT,East Midlands,941,West Northamptonshire,477426.0,260718.0,E02005674,E01027257,1,0,0,0,0,0,7.59,2.18,85.34,4.89,E01027257,E01027257,E01027257,9.0,10.0,521.0,3.0
134814.0,6905.0,Northampton Academy,47.0,229.0,84.0,37.0,1445,699.0,48.37,Urban: Nearer to a major town or city,NN3 8NH,East Midlands,941,West Northamptonshire,479706.0,262873.0,E02005656,E01027198,1,0,0,0,0,0,6.32,17.4,69.17,7.11,E01027198,E01027198,E01027198,2.0,10.0,415.0,3.0
135317.0,6907.0,Brooke Weston Academy,69.0,177.0,32.0,18.0,1176,570.0,48.47,Urban: Further from a major town or city,NN18 8LA,East Midlands,940,North Northamptonshire,487571.0,286279.0,E02006863,E01032963,0,1,0,0,0,0,4.58,3.58,89.85,1.99,E01032963,E01032963,E01032963,8.0,6.0,1298.0,6.0
138254.0,4003.0,Corby Technical School,46.0,74.0,9.0,12.0,564,240.0,42.55,Urban: Further from a major town or city,NN17 1TD,East Midlands,940,North Northamptonshire,488922.0,288534.0,E02005616,E01026949,0,1,0,0,0,0,1.33,2.25,93.33,3.09,E01026949,E01026949,E01026949,2.0,9.0,1390.0,7.0
136488.0,4004.0,Sponne School,53.0,208.0,19.0,9.0,1388,681.0,49.06,Urban: Nearer to a major town or city,NN12 6DJ,East Midlands,941,West Northamptonshire,469005.0,248717.0,E02005684,E01027303,1,0,0,0,0,0,0.91,0.06,97.26,1.77,E01027303,E01027303,E01027303,9.0,4.0,987.0,5.0
138858.0,4007.0,Abbeyfield School,39.0,227.0,54.0,24.0,1308,650.0,49.69,Urban: Nearer to a major town or city,NN4 8BU,East Midlands,941,West Northamptonshire,474941.0,258107.0,E02005676,E01027161,1,0,0,0,0,0,5.02,8.12,80.91,5.95,E01027161,E01027161,E01027161,3.0,9.0,902.0,5.0
139060.0,4009.0,Lodge Park Academy,23.0,122.0,30.0,25.0,889,427.0,48.03,Urban: Further from a major town or city,NN17 2JH,East Midlands,940,North Northamptonshire,486897.0,290101.0,E02005615,E01026974,0,1,0,0,0,0,1.1,0.98,96.24,1.68,E01026974,E01026974,E01026974,5.0,8.5,1495.0,7.0
139690.0,4011.0,Silverstone UTC,20.0,120.0,19.0,16.0,456,75.0,16.45,Larger rural: Nearer to a major town or city,NN12 8TL,East Midlands,941,West Northamptonshire,467106.0,242295.0,E02005687,E01027295,0,0,1,0,0,0,1.06,0.39,96.9,1.66,E01027295,E01027295,E01027295,10.0,5.0,1893.0,9.0
139819.0,4012.0,Weavers Academy,32.0,169.0,47.0,28.0,1140,571.0,50.09,Urban: Nearer to a major town or city,NN8 3JH,East Midlands,940,North Northamptonshire,487848.0,267885.0,E02005698,E01027312,1,0,0,0,0,0,6.25,6.83,82.63,4.29,E01027312,E01027312,E01027312,2.0,9.0,717.0,4.0
139957.0,4013.0,Kingswood Secondary Academy,20.0,182.0,69.0,38.0,1141,573.0,50.22,Urban: Further from a major town or city,NN18 9NS,East Midlands,940,North Northamptonshire,486122.0,287438.0,E02005615,E01026985,0,1,0,0,0,0,1.1,0.98,96.24,1.68,E01026985,E01026985,E01026985,5.0,8.5,1298.0,6.0
139961.0,4014.0,Wrenn School,29.0,189.0,53.0,28.0,1079,538.0,49.86,Urban: Nearer to a major town or city,NN8 2DQ,East Midlands,940,North Northamptonshire,489507.0,267307.0,E02005699,E01027317,1,0,0,0,0,0,3.68,4.56,87.39,4.37,E01027317,E01027317,E01027317,2.0,9.0,972.0,5.0
142063.0,4016.0,Prince William School,52.0,191.0,31.0,16.0,1056,522.0,49.43,Larger rural: Nearer to a major town or city,PE8 4BS,East Midlands,940,North Northamptonshire,504562.0,287679.0,E02005630,E01027049,0,0,1,0,0,0,2.96,0.38,93.51,3.15,E01027049,E01027049,E01027049,9.0,4.0,1241.0,6.0
137614.0,4022.0,Moulton School and Science College,46.0,217.0,47.0,22.0,1335,642.0,48.09,Urban: Nearer to a major town or city,NN3 7SD,East Midlands,941,West Northamptonshire,478047.0,266166.0,E02005623,E01027019,1,0,0,0,0,0,2.57,2.06,91.77,3.6,E01027019,E01027019,E01027019,7.0,5.0,1173.0,6.0
136489.0,4042.0,Guilsborough Academy,62.0,222.0,23.0,10.0,1370,700.0,51.09,Smaller rural: Nearer to a major town or city,NN6 8QE,East Midlands,941,West Northamptonshire,466912.0,273546.0,E02005622,E01027027,0,0,0,0,1,0,0.99,0.4,96.91,1.69,E01027027,E01027027,E01027027,10.0,2.0,1495.0,7.0
122066.0,4055.0,The Latimer Arts College,51.0,189.0,29.0,15.0,1080,501.0,46.39,Urban: Further from a major town or city,NN15 6SW,East Midlands,940,North Northamptonshire,489058.0,276728.0,E02005648,E01027085,0,1,0,0,0,0,3.8,1.2,93.34,1.65,E01027085,E01027085,E01027085,7.0,8.0,987.0,5.0
138932.0,4071.0,Kingsthorpe College,27.0,199.0,52.0,26.0,1331,636.0,47.78,Urban: Nearer to a major town or city,NN2 7HR,East Midlands,941,West Northamptonshire,476127.0,264237.0,E02005650,E01027232,1,0,0,0,0,0,9.28,11.4,72.27,7.05,E01027232,E01027232,E01027232,4.0,5.0,1203.0,6.0
140510.0,4076.0,Northampton School for Girls,51.0,269.0,46.0,17.0,1712,1701.0,99.36,Urban: Nearer to a major town or city,NN3 6DG,East Midlands,941,West Northamptonshire,476930.0,263647.0,E02005651,E01027218,1,0,0,0,0,0,6.14,2.15,89.13,2.59,E01027218,E01027218,E01027218,6.5,9.0,788.0,4.0
137878.0,4089.0,Chenderit School,45.0,154.0,15.0,10.0,1036,582.0,56.18,Larger rural: Further from a major town or city,OX17 2QR,East Midlands,941,West Northamptonshire,450238.0,242350.0,E02005686,E01027292,0,0,0,1,0,0,0.49,0.82,98.2,0.49,E01027292,E01027292,E01027292,7.0,6.0,1893.0,9.0
139988.0,4094.0,The Ferrers School,39.0,168.0,27.0,16.0,1038,541.0,52.12,Urban: Nearer to a major town or city,NN10 8LF,East Midlands,940,North Northamptonshire,496405.0,268215.0,E02005635,E01027034,1,0,0,0,0,0,1.36,0.93,95.87,1.85,E01027034,E01027034,E01027034,6.0,10.0,1653.0,8.0
137086.0,4601.0,Bishop Stopford School,74.0,212.0,14.0,7.0,1488,736.0,49.46,Urban: Further from a major town or city,NN15 6BJ,East Midlands,940,North Northamptonshire,486711.0,277163.0,E02005647,E01027114,0,1,0,0,0,0,4.81,3.14,88.09,3.96,E01027114,E01027114,E01027114,4.0,9.0,788.0,4.0
136976.0,5400.0,Southfield School for Girls,56.0,156.0,32.0,21.0,1054,1048.0,99.43,Urban: Further from a major town or city,NN15 6HE,East Midlands,940,North Northamptonshire,487370.0,277263.0,E02005647,E01027130,0,1,0,0,0,0,4.81,3.14,88.09,3.96,E01027130,E01027130,E01027130,4.0,9.0,500.0,3.0
137613.0,5406.0,Manor School Sports College,41.0,128.0,24.0,19.0,914,434.0,47.48,Urban: Nearer to a major town or city,NN9 6PA,East Midlands,940,North Northamptonshire,500178.0,272655.0,E02005633,E01027053,1,0,0,0,0,0,1.41,1.54,94.96,2.09,E01027053,E01027053,E01027053,8.0,6.0,1069.0,5.0
137912.0,5409.0,Sir Christopher Hatton Academy,55.0,201.0,42.0,21.0,1228,606.0,49.35,Urban: Nearer to a major town or city,NN8 4RP,East Midlands,940,North Northamptonshire,489111.0,268678.0,E02005693,E01027332,1,0,0,0,0,0,16.66,2.99,77.05,3.31,E01027332,E01027332,E01027332,10.0,6.0,626.0,3.0
135306.0,6906.0,Corby Business Academy,31.0,187.0,43.0,23.0,1076,536.0,49.81,Urban: Further from a major town or city,NN17 5EB,East Midlands,940,North Northamptonshire,492245.0,290941.0,E02005614,E01035393,0,1,0,0,0,0,1.63,8.54,85.53,4.3,E01035393,E01026978,E01026978,7.0,6.0,987.0,5.0
135967.0,6909.0,Kettering Science Academy,39.0,186.0,50.0,27.0,1107,460.0,41.55,Urban: Further from a major town or city,NN15 7AA,East Midlands,940,North Northamptonshire,487851.0,278484.0,E02005643,E01027128,0,1,0,0,0,0,5.25,2.54,88.06,4.15,E01027128,E01027128,E01027128,1.0,9.0,518.0,3.0
136201.0,6910.0,Malcolm Arnold Academy,30.0,234.0,66.0,28.0,1307,634.0,48.51,Urban: Nearer to a major town or city,NN2 6JW,East Midlands,941,West Northamptonshire,475781.0,262393.0,E02005664,E01027185,1,0,0,0,0,0,8.93,7.13,77.42,6.53,E01027185,E01027185,E01027185,5.0,9.0,872.0,5.0
122328.0,4130.0,Haydon Bridge Community High School and Sports College,20.0,86.0,16.0,19.0,355,189.0,53.24,Larger rural: Further from a major town or city,NE47 6LR,North East,929,Northumberland,383917.0,564562.0,E02005733,E01027488,0,0,0,1,0,0,0.25,0.04,99.41,0.29,E01027488,E01027488,E01027488,8.0,8.0,1893.0,9.0
143291.0,4417.0,Queen Elizabeth High School,59.0,292.0,50.0,17.0,1290,668.0,51.78,Urban: Nearer to a major town or city,NE46 3JB,North East,929,Northumberland,392556.0,563954.0,E02005730,E01027492,1,0,0,0,0,0,0.48,0.12,98.63,0.77,E01027492,E01027492,E01027492,9.0,4.0,1.0,1.0
137598.0,4437.0,Berwick Academy,21.0,130.0,37.0,29.0,484,227.0,46.9,Urban: Further from a major town or city,TD15 2JF,North East,929,Northumberland,399936.0,651376.0,E02005706,E01027388,0,1,0,0,0,0,1.17,0.21,97.03,1.59,E01027388,E01027388,E01027388,1.0,4.0,903.0,5.0
140002.0,4002.0,The Blyth Academy,48.0,148.0,57.0,39.0,784,399.0,50.89,Urban: Nearer to a major town or city,NE24 4JP,North East,929,Northumberland,428941.0,581126.0,E02005712,E01035633,1,0,0,0,0,0,1.31,1.02,97.09,0.58,E01035633,E01027425,E01027425,5.0,7.0,1653.0,8.0
137457.0,4424.0,Cramlington Learning Village,56.0,336.0,60.0,18.0,2009,995.0,49.53,Urban: Nearer to a major town or city,NE23 6BN,North East,929,Northumberland,426176.0,575865.0,E02005718,E01027410,1,0,0,0,0,0,1.0,0.33,97.74,0.93,E01027410,E01027410,E01027410,10.0,8.0,1.0,1.0
122363.0,4439.0,James Calvert Spence College,38.0,81.0,26.0,32.0,734,375.0,51.09,Larger rural: Further from a major town or city,NE65 0NG,North East,929,Northumberland,425831.0,603775.0,E02005704,E01027364,0,0,0,1,0,0,0.4,0.0,99.15,0.46,E01027364,E01027364,E01027364,6.0,8.0,1117.0,6.0
137746.0,4501.0,The King Edward VI Academy,60.0,318.0,42.0,13.0,1438,711.0,49.44,Urban: Nearer to a major town or city,NE61 1DN,North East,929,Northumberland,419647.0,586766.0,E02005721,E01027457,1,0,0,0,0,0,0.99,0.0,97.78,1.23,E01027457,E01027457,E01027457,10.0,10.0,675.0,4.0
141814.0,4632.0,St Benet Biscop Catholic Academy,38.0,194.0,50.0,26.0,1068,543.0,50.84,Urban: Nearer to a major town or city,NE22 6ED,North East,929,Northumberland,425290.0,582104.0,E02005741,E01027523,1,0,0,0,0,0,0.63,0.0,98.3,1.07,E01027523,E01027523,E01027523,3.0,8.0,1495.0,7.0
122374.0,5400.0,Astley Community High School,43.0,115.0,25.0,22.0,527,264.0,50.09,Larger rural: Nearer to a major town or city,NE25 0FW,North East,929,Northumberland,430485.0,575631.0,E02005719,E01027433,0,0,1,0,0,0,0.66,0.19,97.67,1.47,E01027433,E01027433,E01027433,5.0,9.0,739.0,4.0
135886.0,6906.0,NCEA Duke's Secondary School,19.0,144.0,65.0,45.0,909,443.0,48.73,Urban: Nearer to a major town or city,NE63 9FZ,North East,929,Northumberland,429030.0,586972.0,E02005736,E01027549,1,0,0,0,0,0,2.94,0.21,95.25,1.61,E01027549,E01027549,E01027549,10.0,8.0,1117.0,6.0
140886.0,4006.0,Space Studio Banbury,52.0,29.0,8.0,28.0,73,25.0,34.25,Urban: Further from a major town or city,OX16 9HY,South East,931,Oxfordshire,445092.0,239300.0,E02005926,E01028432,0,1,0,0,0,0,4.15,1.06,91.94,2.85,E01028432,E01028432,E01028432,7.33,7.33,1351.0,7.0
137976.0,4094.0,Langtree School,58.0,116.0,10.0,9.0,594,301.0,50.67,Larger rural: Nearer to a major town or city,RG8 0RA,South East,931,Oxfordshire,464725.0,181974.0,E02005975,E01028686,0,0,1,0,0,0,2.67,2.67,92.05,2.6,E01028686,E01028686,E01028686,10.0,5.0,1241.0,6.0
140653.0,4004.0,Aureus School,,,,,320,111.0,34.69,Urban: Nearer to a major town or city,OX11 6FF,South East,931,Oxfordshire,450553.0,189867.0,E02005992,E01035760,1,0,0,0,0,0,14.35,3.42,76.65,5.59,E01035760,E01028727,E01028727,9.0,5.0,,
142218.0,4007.0,The Warriner School,40.0,225.0,17.0,8.0,1319,629.0,47.69,Smaller rural: Further from a major town or city,OX15 4LJ,South East,931,Oxfordshire,443490.0,236688.0,E02005928,E01028476,0,0,0,0,0,1,1.5,1.05,95.25,2.2,E01028476,E01028476,E01028476,6.0,2.0,1893.0,9.0
141111.0,4008.0,UTC Oxfordshire,31.0,112.0,19.0,17.0,362,77.0,21.27,Urban: Nearer to a major town or city,OX11 6BZ,South East,931,Oxfordshire,450526.0,189702.0,E02005992,E01035760,1,0,0,0,0,0,14.35,3.42,76.65,5.59,E01035760,E01028727,E01028727,9.0,5.0,1893.0,9.0
138289.0,4040.0,Burford School,53.0,196.0,18.0,9.0,1382,709.0,51.3,Larger rural: Further from a major town or city,OX18 4PL,South East,931,Oxfordshire,424805.0,211721.0,E02006004,E01028767,0,0,0,1,0,0,1.26,0.86,95.14,2.73,E01028767,E01028767,E01028767,7.0,3.0,1653.0,8.0
137919.0,4054.0,Bartholomew School,57.0,205.0,19.0,9.0,1279,656.0,51.29,Larger rural: Nearer to a major town or city,OX29 4AP,South East,931,Oxfordshire,442796.0,209461.0,E02006003,E01028786,0,0,1,0,0,0,2.14,0.69,93.5,3.67,E01028786,E01028786,E01028786,10.0,2.0,1390.0,7.0
140580.0,4126.0,John Mason School,41.0,171.0,31.0,18.0,957,480.0,50.16,Urban: Nearer to a major town or city,OX14 1JB,South East,931,Oxfordshire,449304.0,197785.0,E02005983,E01028697,1,0,0,0,0,0,3.73,2.68,89.48,4.11,E01028697,E01028697,E01028697,5.0,8.0,1.0,1.0
137140.0,4142.0,King Alfred's,48.0,279.0,34.0,12.0,1697,803.0,47.32,Urban: Further from a major town or city,OX12 9BY,South East,931,Oxfordshire,439627.0,187676.0,E02005991,E01035758,0,1,0,0,0,0,3.51,0.77,93.23,2.49,E01035758,E01028756,E01028756,7.0,8.0,1.0,1.0
138667.0,4580.0,Lord Williams's School,49.0,314.0,37.0,12.0,2129,1051.0,49.37,Urban: Nearer to a major town or city,OX9 2AQ,South East,931,Oxfordshire,469702.0,205814.0,E02005960,E01028672,1,0,0,0,0,0,1.99,1.08,93.6,3.33,E01028672,E01028672,E01028672,9.0,4.0,1.0,1.0
135365.0,6905.0,North Oxfordshire Academy,46.0,156.0,53.0,34.0,967,476.0,49.22,Urban: Further from a major town or city,OX16 0UD,South East,931,Oxfordshire,443427.0,241708.0,E02005922,E01028443,0,1,0,0,0,0,2.36,1.94,93.0,2.7,E01028443,E01028443,E01028443,7.0,4.0,1241.0,6.0
138499.0,4000.0,Wykham Park,36.0,141.0,35.0,25.0,844,426.0,50.47,Urban: Further from a major town or city,OX16 9HY,South East,931,Oxfordshire,445057.0,239223.0,E02005926,E01028432,0,1,0,0,0,0,4.15,1.06,91.94,2.85,E01028432,E01028432,E01028432,7.33,7.33,1351.0,7.0
137936.0,4010.0,Chipping Norton School,54.0,161.0,18.0,11.0,964,486.0,50.41,Larger rural: Further from a major town or city,OX7 5DY,South East,931,Oxfordshire,431490.0,226616.0,E02005993,E01028783,0,0,0,1,0,0,2.9,1.13,94.27,1.7,E01028783,E01028783,E01028783,7.0,8.0,1390.0,7.0
142024.0,4011.0,The Bicester School,35.0,116.0,18.0,16.0,1007,494.0,49.06,Urban: Nearer to a major town or city,OX26 2NS,South East,931,Oxfordshire,457830.0,222798.0,E02005934,E01028466,1,0,0,0,0,0,8.03,2.96,82.7,6.32,E01028466,E01028466,E01028466,3.0,9.0,1495.0,7.0
141069.0,4032.0,The Cooper School,45.0,215.0,26.0,12.0,1293,691.0,53.44,Urban: Nearer to a major town or city,OX26 4RS,South East,931,Oxfordshire,458915.0,223624.0,E02005933,E01028457,1,0,0,0,0,0,4.96,1.39,91.17,2.48,E01028457,E01028457,E01028457,10.0,4.0,1495.0,7.0
123236.0,4041.0,Carterton Community College,33.0,107.0,15.0,14.0,580,252.0,43.45,Urban: Further from a major town or city,OX18 1BU,South East,931,Oxfordshire,427660.0,207467.0,E02006005,E01032953,0,1,0,0,0,0,1.67,1.06,94.76,2.52,E01032953,E01032953,E01032953,8.0,6.0,739.0,4.0
138210.0,4050.0,The Henry Box School,39.0,222.0,35.0,16.0,1131,570.0,50.4,Urban: Further from a major town or city,OX28 4AX,South East,931,Oxfordshire,435459.0,209293.0,E02006002,E01028819,0,1,0,0,0,0,2.1,0.68,93.5,3.72,E01028819,E01028819,E01028819,5.0,9.0,788.0,4.0
137921.0,4055.0,Gillotts School,62.0,160.0,13.0,8.0,857,451.0,52.63,Urban: Nearer to a major town or city,RG9 1PS,South East,931,Oxfordshire,474927.0,181205.0,E02005974,E01028656,1,0,0,0,0,0,3.83,0.22,93.59,2.36,E01028656,E01028656,E01028656,10.0,1.0,1117.0,6.0
138897.0,4060.0,Gosford Hill School,34.0,122.0,17.0,14.0,881,426.0,48.35,Urban: Nearer to a major town or city,OX5 2NT,South East,931,Oxfordshire,449787.0,213313.0,E02005939,E01028511,1,0,0,0,0,0,7.26,1.59,86.75,4.4,E01028511,E01028511,E01028511,7.0,6.0,1893.0,9.0
140875.0,4077.0,Wheatley Park School,56.0,168.0,44.0,26.0,1076,532.0,49.44,Smaller rural: Nearer to a major town or city,OX33 1QH,South East,931,Oxfordshire,459678.0,206538.0,E02005959,E01028639,0,0,0,0,1,0,2.35,2.01,90.33,5.31,E01028639,E01028639,E01028639,6.0,2.0,1173.0,6.0
137970.0,4116.0,The Cherwell School,64.0,266.0,53.0,20.0,2001,960.0,47.98,Urban: Nearer to a major town or city,OX2 7EE,South East,931,Oxfordshire,451275.0,208809.0,E02005942,E01035740,1,0,0,0,0,0,14.61,2.1,75.26,8.02,E01035740,E01028583,E01028583,10.0,1.5,211.0,2.0
139146.0,4120.0,Cheney School,43.0,221.0,57.0,26.0,1480,725.0,48.99,Urban: Nearer to a major town or city,OX3 7QH,South East,931,Oxfordshire,453790.0,206314.0,E02005949,E01028526,1,0,0,0,0,0,13.67,2.59,76.76,6.97,E01028526,E01028526,E01028526,5.0,2.0,265.0,2.0
142104.0,4128.0,Matthew Arnold School,69.0,177.0,19.0,11.0,1169,562.0,48.08,Urban: Nearer to a major town or city,OX2 9JE,South East,931,Oxfordshire,448238.0,205127.0,E02005978,E01028709,1,0,0,0,0,0,9.11,2.81,81.01,7.08,E01028709,E01028709,E01028709,7.0,2.0,1495.0,7.0
138762.0,4129.0,St Birinus School,53.0,129.0,14.0,11.0,853,,,Urban: Nearer to a major town or city,OX11 8AZ,South East,931,Oxfordshire,452608.0,189451.0,E02005971,E01028635,1,0,0,0,0,0,2.44,0.39,94.73,2.44,E01028635,E01028635,E01028635,4.0,9.0,1495.0,7.0
138490.0,4139.0,Didcot Girls' School,64.0,216.0,27.0,13.0,1422,1422.0,100.0,Urban: Nearer to a major town or city,OX11 7AJ,South East,931,Oxfordshire,451812.0,190093.0,E02005967,E01028624,1,0,0,0,0,0,5.97,2.25,88.51,3.27,E01028624,E01028624,E01028624,9.0,8.0,1495.0,7.0
137357.0,4140.0,Wallingford School,62.0,195.0,20.0,10.0,1242,624.0,50.24,Larger rural: Nearer to a major town or city,OX10 8HH,South East,931,Oxfordshire,460533.0,189993.0,E02005969,E01028676,0,0,1,0,0,0,3.01,0.44,93.71,2.83,E01028676,E01028676,E01028676,5.0,8.0,1.0,1.0
137993.0,4141.0,Faringdon Community College,51.0,175.0,21.0,12.0,1232,595.0,48.3,Larger rural: Nearer to a major town or city,SN7 7LB,South East,931,Oxfordshire,428463.0,194473.0,E02006886,E01028715,0,0,1,0,0,0,2.17,1.62,92.69,3.53,E01028715,E01028715,E01028715,8.0,5.0,1.0,1.0
138817.0,4560.0,The Marlborough Church of England School,45.0,168.0,23.0,14.0,1015,493.0,48.57,Larger rural: Nearer to a major town or city,OX20 1LP,South East,931,Oxfordshire,445462.0,216897.0,E02005996,E01028824,0,0,1,0,0,0,2.43,1.16,93.23,3.17,E01028824,E01028824,E01028824,8.0,1.0,1.0,1.0
141146.0,4600.0,Blessed George Napier Catholic School and Sports College,51.0,140.0,13.0,9.0,866,445.0,51.39,Urban: Further from a major town or city,OX16 9DG,South East,931,Oxfordshire,445298.0,239094.0,E02005926,E01028433,0,1,0,0,0,0,4.15,1.06,91.94,2.85,E01028433,E01028433,E01028433,7.33,7.33,1351.0,7.0
136261.0,6907.0,Oxford Spires Academy,41.0,157.0,54.0,34.0,1209,625.0,51.7,Urban: Nearer to a major town or city,OX4 2AU,South East,931,Oxfordshire,453950.0,205201.0,E02007116,E01028532,1,0,0,0,0,0,24.76,2.8,64.19,8.24,E01028532,E01028532,E01028532,2.0,3.0,235.0,2.0
136913.0,4283.0,Crispin School Academy,45.0,185.0,28.0,15.0,1026,543.0,52.92,Urban: Further from a major town or city,BA16 0AD,South West,933,Somerset,348844.0,137043.0,E02006060,E01029071,0,1,0,0,0,0,1.44,0.96,95.9,1.71,E01029071,E01029071,E01029071,4.0,9.0,1495.0,7.0
136639.0,4355.0,Kingsmead Academy,36.0,184.0,27.0,15.0,910,458.0,50.33,Larger rural: Further from a major town or city,TA4 2NE,South West,933,Somerset,308228.0,127457.0,E02006101,E01029320,0,0,0,1,0,0,0.63,0.12,97.81,1.44,E01029320,E01029320,E01029320,4.0,4.0,1351.0,7.0
137285.0,4504.0,The Blue School,47.0,257.0,39.0,15.0,1514,756.0,49.93,Urban: Further from a major town or city,BA5 2NR,South West,933,Somerset,354410.0,146115.0,E02006054,E01029078,0,1,0,0,0,0,2.38,0.16,94.65,2.81,E01029078,E01029078,E01029078,8.0,5.0,903.0,5.0
137192.0,4282.0,Whitstone,29.0,85.0,12.0,14.0,506,233.0,46.05,Larger rural: Further from a major town or city,BA4 5PF,South West,933,Somerset,362236.0,143458.0,E02006052,E01029064,0,0,0,1,0,0,1.39,0.0,95.95,2.66,E01029064,E01029064,E01029064,10.0,6.0,1241.0,6.0
137313.0,5400.0,Sexey's School,48.0,71.0,9.0,13.0,604,310.0,51.32,Smaller rural: Further from a major town or city,BA10 0DF,South West,933,Somerset,367669.0,134108.0,E02006075,E01029158,0,0,0,0,0,1,1.48,1.62,95.49,1.41,E01029158,E01029158,E01029158,8.0,4.0,1893.0,9.0
139655.0,4003.0,Brymore Academy,12.0,65.0,12.0,19.0,317,,,Smaller rural: Further from a major town or city,TA5 2NB,South West,933,Somerset,324582.0,139416.0,E02006067,E01029122,0,0,0,0,0,1,0.13,0.52,98.51,0.84,E01029122,E01029122,E01029122,9.0,5.0,1653.0,8.0
140416.0,4004.0,Court Fields School,33.0,142.0,26.0,18.0,776,395.0,50.9,Urban: Further from a major town or city,TA21 8SW,South West,933,Somerset,313340.0,120387.0,E02006110,E01029316,0,1,0,0,0,0,1.93,1.64,94.8,1.64,E01029316,E01029316,E01029316,6.0,9.0,903.0,5.0
136851.0,4100.0,Bishop Fox's School,39.0,178.0,43.0,24.0,953,476.0,49.95,Urban: Further from a major town or city,TA1 3HQ,South West,933,Somerset,323394.0,123512.0,E02006112,E01029296,0,1,0,0,0,0,5.06,0.68,92.16,2.1,E01029296,E01029296,E01029296,10.0,8.0,366.0,2.0
137203.0,4201.0,Westfield Academy,40.0,147.0,28.0,19.0,826,442.0,53.51,Urban: Further from a major town or city,BA21 3DB,South West,933,Somerset,354471.0,116838.0,E02006087,E01029247,0,1,0,0,0,0,1.88,0.75,95.62,1.75,E01029247,E01029247,E01029247,2.0,10.0,1111.0,6.0
136839.0,4250.0,Ansford Academy,33.0,120.0,21.0,18.0,570,280.0,49.12,Larger rural: Further from a major town or city,BA7 7JJ,South West,933,Somerset,364173.0,133013.0,E02006076,E01029168,0,0,0,1,0,0,0.63,0.46,98.23,0.68,E01029168,E01029168,E01029168,8.0,4.0,1653.0,8.0
137202.0,4258.0,St Dunstan's School,32.0,89.0,17.0,19.0,328,142.0,43.29,Larger rural: Further from a major town or city,BA6 9BY,South West,933,Somerset,349928.0,139539.0,E02006057,E01029050,0,0,0,1,0,0,1.01,0.49,96.41,2.09,E01029050,E01029050,E01029050,3.0,9.0,1.0,1.0
136295.0,4274.0,Holyrood Academy,40.0,216.0,52.0,24.0,1276,623.0,48.82,Urban: Further from a major town or city,TA20 1JL,South West,933,Somerset,332167.0,108946.0,E02006097,E01029171,0,1,0,0,0,0,0.82,0.56,95.99,2.63,E01029171,E01029171,E01029171,2.0,9.0,987.0,5.0
136791.0,4291.0,West Somerset College,40.0,198.0,47.0,24.0,709,367.0,51.76,Urban: Further from a major town or city,TA24 6AY,South West,933,Somerset,297898.0,145150.0,E02006114,E01029322,0,1,0,0,0,0,0.18,0.12,98.85,0.85,E01029322,E01029322,E01029322,3.0,8.0,1653.0,8.0
123878.0,4300.0,Robert Blake Science College,34.0,146.0,51.0,35.0,800,423.0,52.88,Urban: Nearer to a major town or city,TA6 6AW,South West,933,Somerset,329822.0,136153.0,E02006073,E01029098,1,0,0,0,0,0,3.42,0.93,91.6,4.05,E01029098,E01029098,E01029098,1.0,10.0,675.0,4.0
136917.0,4309.0,Haygrove School,42.0,210.0,34.0,16.0,1063,553.0,52.02,Urban: Nearer to a major town or city,TA6 7HW,South West,933,Somerset,328538.0,136468.0,E02006071,E01029104,1,0,0,0,0,0,1.3,0.05,97.8,0.85,E01029104,E01029104,E01029104,8.0,6.0,1298.0,6.0
136916.0,4358.0,The Castle School,57.0,232.0,21.0,9.0,1188,577.0,48.57,Urban: Further from a major town or city,TA1 5AU,South West,933,Somerset,321677.0,124771.0,E02006109,E01029302,0,1,0,0,0,0,7.99,1.03,88.58,2.4,E01029302,E01029302,E01029302,10.0,4.0,717.0,4.0
137080.0,4450.0,Stanchester Academy,39.0,112.0,20.0,18.0,612,294.0,48.04,Smaller rural: Further from a major town or city,TA14 6UG,South West,933,Somerset,348974.0,117419.0,E02006091,E01029215,0,0,0,0,0,1,0.26,0.26,98.44,1.04,E01029215,E01029215,E01029215,6.0,5.0,1.0,1.0
136894.0,4455.0,Preston School Academy,51.0,191.0,24.0,13.0,952,454.0,47.69,Urban: Further from a major town or city,BA21 3JD,South West,933,Somerset,353945.0,116410.0,E02006090,E01029249,0,1,0,0,0,0,2.16,0.15,96.65,1.04,E01029249,E01029249,E01029249,2.0,9.0,1390.0,7.0
123893.0,4508.0,Wadham School,47.0,141.0,28.0,20.0,465,252.0,54.19,Larger rural: Further from a major town or city,TA18 7NT,South West,933,Somerset,344862.0,110172.0,E02006095,E01029184,0,0,0,1,0,0,0.51,0.22,97.36,1.91,E01029184,E01029184,E01029184,8.0,5.0,1117.0,6.0
136783.0,4583.0,The Kings of Wessex Academy,50.0,260.0,22.0,9.0,1076,544.0,50.56,Larger rural: Nearer to a major town or city,BS27 3AQ,South West,933,Somerset,345738.0,153103.0,E02006061,E01029127,0,0,1,0,0,0,1.31,0.25,97.13,1.31,E01029127,E01029127,E01029127,7.0,6.0,1495.0,7.0
137321.0,4003.0,Felixstowe Academy,32.0,213.0,47.0,22.0,1140,588.0,51.58,Urban: Nearer to a major town or city,IP11 9QR,East of England,935,Suffolk,628956.0,235743.0,E02006300,E01030160,1,0,0,0,0,0,1.15,0.13,96.6,2.12,E01030160,E01030160,E01030160,3.0,8.0,1495.0,7.0
141639.0,4019.0,Thomas Gainsborough School,48.0,223.0,36.0,16.0,1513,768.0,50.76,Urban: Further from a major town or city,CO10 0NH,East of England,935,Suffolk,589068.0,239877.0,E02006234,E01029891,0,1,0,0,0,0,0.14,0.37,98.21,1.28,E01029891,E01029891,E01029891,6.0,7.0,1893.0,9.0
139403.0,4032.0,Ormiston Denes Academy,30.0,171.0,85.0,50.0,873,433.0,49.6,Urban: Further from a major town or city,NR32 4AH,East of England,935,Suffolk,654588.0,294592.0,E02006303,E01030262,0,1,0,0,0,0,0.63,0.66,97.18,1.53,E01030262,E01030262,E01030262,3.0,9.5,1241.0,6.0
140032.0,4034.0,Stoke High School - Ormiston Academy,18.0,125.0,41.0,33.0,678,340.0,50.15,Urban: Nearer to a major town or city,IP2 8PL,East of England,935,Suffolk,616051.0,242981.0,E02006256,E01029969,1,0,0,0,0,0,2.01,6.16,86.37,5.45,E01029969,E01029969,E01029969,3.0,10.0,1241.0,6.0
136782.0,4040.0,Thomas Mills High School,50.0,161.0,16.0,10.0,1123,580.0,51.65,Larger rural: Further from a major town or city,IP13 9HE,East of England,935,Suffolk,627387.0,264111.0,E02006288,E01030172,0,0,0,1,0,0,0.84,0.14,96.98,2.05,E01030172,E01030172,E01030172,7.0,2.0,1241.0,6.0
140669.0,4041.0,Newmarket Academy,32.0,146.0,37.0,25.0,694,325.0,46.83,Urban: Nearer to a major town or city,CB8 0EB,East of England,935,Suffolk,563680.0,264040.0,E02006826,E01029952,1,0,0,0,0,0,3.36,0.16,93.7,2.78,E01029952,E01029952,E01029952,8.0,8.0,987.0,5.0
124856.0,4500.0,King Edward VI Church of England Voluntary Controlled Upper School,48.0,214.0,63.0,29.0,1518,780.0,51.38,Urban: Further from a major town or city,IP33 3BH,East of England,935,Suffolk,584689.0,264863.0,E02006278,E01033043,0,1,0,0,0,0,2.53,2.04,90.85,4.58,E01033043,E01033043,E01033043,5.0,6.0,468.0,3.0
136990.0,4000.0,Bury St Edmunds County Upper School,49.0,264.0,35.0,13.0,1032,545.0,52.81,Urban: Further from a major town or city,IP32 6RF,East of England,935,Suffolk,584528.0,265492.0,E02006278,E01030137,0,1,0,0,0,0,2.53,2.04,90.85,4.58,E01030137,E01030137,E01030137,5.0,6.0,903.0,5.0
136757.0,4001.0,Stour Valley Community School,38.0,105.0,18.0,17.0,570,277.0,48.6,Smaller rural: Further from a major town or city,CO10 8PJ,East of England,935,Suffolk,577578.0,245586.0,E02006282,E01030101,0,0,0,0,0,1,0.44,0.09,98.55,0.92,E01030101,E01030101,E01030101,6.0,6.0,1495.0,7.0
137134.0,4002.0,East Point Academy,38.0,101.0,49.0,49.0,633,299.0,47.24,Urban: Further from a major town or city,NR33 0UQ,East of England,935,Suffolk,653336.0,292129.0,E02006306,E01030255,0,1,0,0,0,0,1.96,0.39,96.24,1.41,E01030255,E01030255,E01030255,2.0,7.0,609.0,3.0
138162.0,4004.0,Castle Manor Academy,24.0,116.0,39.0,34.0,611,304.0,49.75,Urban: Further from a major town or city,CB9 9JE,East of England,935,Suffolk,566450.0,245802.0,E02006284,E01030110,0,1,0,0,0,0,3.51,1.01,92.76,2.72,E01030110,E01030110,E01030110,4.0,8.0,903.0,5.0
137674.0,4006.0,Ormiston Endeavour Academy,29.0,68.0,18.0,27.0,437,203.0,46.45,Urban: Nearer to a major town or city,IP1 6SG,East of England,935,Suffolk,615116.0,247630.0,E02006245,E01030034,1,0,0,0,0,0,0.97,1.25,96.11,1.67,E01030034,E01030034,E01030034,8.0,7.0,1893.0,9.0
138373.0,4007.0,Chantry Academy,16.0,134.0,58.0,43.0,828,388.0,46.86,Urban: Nearer to a major town or city,IP2 9LR,East of England,935,Suffolk,614696.0,243131.0,E02006254,E01029986,1,0,0,0,0,0,2.22,4.18,84.86,8.74,E01029986,E01029986,E01029986,2.0,9.0,1351.0,7.0
138506.0,4008.0,Ormiston Sudbury Academy,18.0,109.0,41.0,38.0,689,374.0,54.28,Urban: Further from a major town or city,CO10 1NW,East of England,935,Suffolk,587555.0,242294.0,E02006233,E01029916,0,1,0,0,0,0,2.46,0.89,92.93,3.72,E01029916,E01029916,E01029916,2.0,8.0,1653.0,8.0
138250.0,4009.0,IES Breckland,28.0,86.0,8.0,9.0,496,254.0,51.21,Larger rural: Further from a major town or city,IP27 0PE,East of England,935,Suffolk,577016.0,285690.0,E02006238,E01029929,0,0,0,1,0,0,0.84,1.12,94.42,3.62,E01029929,E01029929,E01029929,5.0,9.0,1893.0,9.0
138274.0,4016.0,Set Beccles School,28.0,57.0,23.0,40.0,296,159.0,53.72,Urban: Further from a major town or city,NR34 7BQ,East of England,935,Suffolk,642912.0,289675.0,E02006311,E01030227,0,1,0,0,0,0,0.98,0.03,97.43,1.56,E01030227,E01030227,E01030227,4.0,8.5,846.0,5.0
136918.0,4017.0,Hadleigh High School,34.0,133.0,30.0,23.0,723,346.0,47.86,Larger rural: Nearer to a major town or city,IP7 5HU,East of England,935,Suffolk,603451.0,242372.0,E02006230,E01029895,0,0,1,0,0,0,1.45,0.6,96.6,1.36,E01029895,E01029895,E01029895,9.0,3.0,1653.0,8.0
124802.0,4024.0,Thurston Community College,37.0,308.0,49.0,16.0,1674,884.0,52.81,Larger rural: Further from a major town or city,IP31 3PB,East of England,935,Suffolk,591870.0,265552.0,E02006264,E01030084,0,0,0,1,0,0,0.58,0.12,97.62,1.68,E01030084,E01030084,E01030084,9.0,5.0,1298.0,6.0
139867.0,4033.0,Mildenhall College Academy,30.0,168.0,32.0,19.0,1152,599.0,52.0,Urban: Further from a major town or city,IP28 7JX,East of England,935,Suffolk,572175.0,274572.0,E02006241,E01029947,0,1,0,0,0,0,2.13,1.91,90.82,5.15,E01029947,E01029947,E01029947,6.0,8.0,877.0,5.0
140047.0,4035.0,Set Ixworth School,30.0,40.0,11.0,28.0,266,129.0,48.5,Larger rural: Further from a major town or city,IP31 2HS,East of England,935,Suffolk,593795.0,270850.0,E02006274,E01030121,0,0,0,1,0,0,0.83,0.57,97.34,1.26,E01030121,E01030121,E01030121,8.0,8.0,1653.0,8.0
136271.0,4036.0,Hartismere School,50.0,147.0,19.0,13.0,958,467.0,48.75,Larger rural: Further from a major town or city,IP23 7BL,East of England,935,Suffolk,613842.0,274111.0,E02006261,E01030052,0,0,0,1,0,0,1.4,0.41,96.79,1.4,E01030052,E01030052,E01030052,5.0,4.0,1495.0,7.0
140969.0,4042.0,Sybil Andrews Academy,35.0,63.0,15.0,24.0,580,260.0,44.83,Smaller rural: Further from a major town or city,IP32 7QB,East of England,935,Suffolk,588428.0,264234.0,E02006276,E01030138,0,0,0,0,0,1,0.82,0.2,97.43,1.55,E01030138,E01030138,E01030138,6.0,6.0,,
141236.0,4043.0,Alde Valley Academy,25.0,68.0,22.0,32.0,394,194.0,49.24,Larger rural: Further from a major town or city,IP16 4BG,East of England,935,Suffolk,645095.0,262169.0,E02006290,E01030187,0,0,0,1,0,0,2.11,0.12,95.78,1.98,E01030187,E01030187,E01030187,3.0,6.0,1889.0,9.0
142759.0,4045.0,Benjamin Britten Academy of Music and Mathematics,37.0,166.0,45.0,27.0,937,471.0,50.27,Urban: Further from a major town or city,NR32 4PZ,East of England,935,Suffolk,653365.0,295303.0,E02006303,E01030281,0,1,0,0,0,0,0.63,0.66,97.18,1.53,E01030281,E01030281,E01030281,3.0,9.5,950.0,5.0
137901.0,4051.0,Stradbroke High School,49.0,45.0,16.0,36.0,299,140.0,46.82,Larger rural: Further from a major town or city,IP21 5JN,East of England,935,Suffolk,623198.0,273590.0,E02006263,E01034570,0,0,0,1,0,0,0.57,0.34,98.28,0.8,E01034570,E01030082,E01030082,9.0,2.0,1653.0,8.0
137055.0,4056.0,Sir John Leman High School,49.0,238.0,44.0,19.0,1404,717.0,51.07,Urban: Further from a major town or city,NR34 9PG,East of England,935,Suffolk,641882.0,289562.0,E02006311,E01030224,0,1,0,0,0,0,0.98,0.03,97.43,1.56,E01030224,E01030224,E01030224,4.0,8.5,950.0,5.0
136998.0,4075.0,Bungay High School,38.0,173.0,37.0,21.0,878,443.0,50.46,Larger rural: Further from a major town or city,NR35 1RW,East of England,935,Suffolk,634095.0,288623.0,E02006314,E01030232,0,0,0,1,0,0,0.71,0.24,97.21,1.84,E01030232,E01030232,E01030232,3.0,6.0,1241.0,6.0
136834.0,4076.0,Farlingaye High School,56.0,292.0,46.0,16.0,1917,967.0,50.44,Urban: Nearer to a major town or city,IP12 4JX,East of England,935,Suffolk,626393.0,249841.0,E02006294,E01030155,1,0,0,0,0,0,1.3,0.15,96.34,2.2,E01030155,E01030155,E01030155,7.0,4.0,581.0,3.0
124840.0,4090.0,Northgate High School,48.0,218.0,42.0,19.0,1683,850.0,50.51,Urban: Nearer to a major town or city,IP4 3DL,East of England,935,Suffolk,618086.0,246281.0,E02006248,E01030001,1,0,0,0,0,0,7.11,3.14,84.15,5.6,E01030001,E01030001,E01030001,7.0,9.0,1351.0,7.0
136827.0,4092.0,Copleston High School,49.0,288.0,51.0,18.0,1775,835.0,47.04,Urban: Nearer to a major town or city,IP4 5HD,East of England,935,Suffolk,619087.0,244391.0,E02006252,E01030004,1,0,0,0,0,0,9.93,1.43,84.51,4.13,E01030004,E01030004,E01030004,8.0,7.0,1351.0,7.0
139288.0,4095.0,Westbourne Academy,42.0,195.0,49.0,25.0,1001,491.0,49.05,Urban: Nearer to a major town or city,IP1 5JN,East of England,935,Suffolk,614005.0,246342.0,E02006247,E01030029,1,0,0,0,0,0,5.11,2.01,84.61,8.27,E01030029,E01030029,E01030029,1.0,8.0,1653.0,8.0
137218.0,4097.0,East Bergholt High School,41.0,188.0,22.0,12.0,929,452.0,48.65,Larger rural: Nearer to a major town or city,CO7 6RJ,East of England,935,Suffolk,607956.0,235441.0,E02006236,E01029883,0,0,1,0,0,0,0.59,0.2,98.22,0.99,E01029883,E01029883,E01029883,8.0,4.0,1653.0,8.0
137208.0,4098.0,Holbrook Academy,35.0,86.0,10.0,12.0,561,278.0,49.55,Larger rural: Nearer to a major town or city,IP9 2QX,East of England,935,Suffolk,616843.0,236981.0,E02006237,E01029897,0,0,1,0,0,0,1.42,2.24,93.49,2.85,E01029897,E01029897,E01029897,9.0,4.0,1.0,1.0
136969.0,4099.0,Kesgrave High School,41.0,276.0,31.0,11.0,1840,928.0,50.43,Urban: Nearer to a major town or city,IP5 2PB,East of England,935,Suffolk,622453.0,245908.0,E02006295,E01030180,1,0,0,0,0,0,2.54,0.36,94.42,2.68,E01030180,E01030180,E01030180,8.0,3.0,1.0,1.0
136322.0,4102.0,Samuel Ward Academy,35.0,213.0,31.0,15.0,1287,680.0,52.84,Urban: Further from a major town or city,CB9 0LD,East of England,935,Suffolk,567770.0,246274.0,E02006286,E01030108,0,1,0,0,0,0,2.27,1.78,92.71,3.24,E01030108,E01030108,E01030108,5.0,8.0,903.0,5.0
136416.0,4504.0,Debenham High School,71.0,133.0,17.0,13.0,675,345.0,51.11,Larger rural: Nearer to a major town or city,IP14 6BL,East of England,935,Suffolk,616644.0,263143.0,E02006267,E01030048,0,0,1,0,0,0,0.45,0.78,97.62,1.15,E01030048,E01030048,E01030048,7.0,4.0,1653.0,8.0
137849.0,4603.0,St Alban's Catholic High School,44.0,165.0,32.0,19.0,956,458.0,47.91,Urban: Nearer to a major town or city,IP4 3NJ,East of England,935,Suffolk,619441.0,245374.0,E02006253,E01029963,1,0,0,0,0,0,5.55,1.54,88.59,4.32,E01029963,E01029963,E01029963,9.0,5.0,1117.0,6.0
136453.0,4606.0,Ipswich Academy,36.0,152.0,60.0,40.0,787,407.0,51.72,Urban: Nearer to a major town or city,IP3 0SP,East of England,935,Suffolk,618684.0,241660.0,E02006258,E01033128,1,0,0,0,0,0,3.5,2.14,88.46,5.9,E01033128,E01033128,E01033128,3.0,9.0,1117.0,6.0
139948.0,4000.0,Jubilee High School,34.0,129.0,30.0,23.0,645,312.0,48.37,Urban: Nearer to a major town or city,KT15 1TE,South East,936,Surrey,504256.0,164426.0,E02006399,E01030648,1,0,0,0,0,0,7.78,2.05,85.15,5.01,E01030648,E01030648,E01030648,7.67,5.33,1653.0,8.0
141200.0,4001.0,Kings College Guildford,29.0,80.0,30.0,38.0,315,163.0,51.75,Urban: Nearer to a major town or city,GU2 8DU,South East,936,Surrey,497319.0,150387.0,E02006355,E01030496,1,0,0,0,0,0,19.3,1.82,73.84,5.04,E01030496,E01030496,E01030496,3.0,8.0,1653.0,8.0
142490.0,4028.0,"Christ's College, Guildford",41.0,133.0,25.0,19.0,745,380.0,51.01,Urban: Nearer to a major town or city,GU1 1JY,South East,936,Surrey,499114.0,151670.0,E02006350,E01030483,1,0,0,0,0,0,7.86,1.15,86.1,4.88,E01030483,E01030483,E01030483,2.0,9.0,1893.0,9.0
142315.0,4098.0,Oxted School,40.0,291.0,59.0,20.0,1816,943.0,51.93,Urban: Nearer to a major town or city,RH8 0AB,South East,936,Surrey,539535.0,153125.0,E02006433,E01030836,1,0,0,0,0,0,3.67,1.12,91.04,4.17,E01030836,E01030836,E01030836,8.0,4.0,1.0,1.0
125271.0,4463.0,Ash Manor School,48.0,170.0,35.0,21.0,983,525.0,53.41,Urban: Nearer to a major town or city,GU12 6QH,South East,936,Surrey,488854.0,149824.0,E02006357,E01030425,1,0,0,0,0,0,4.45,1.45,91.31,2.79,E01030425,E01030425,E01030425,7.0,2.0,1893.0,9.0
136832.0,4464.0,Thomas Knyvett College,29.0,136.0,34.0,25.0,727,334.0,45.94,Urban: Nearer to a major town or city,TW15 3DU,South East,936,Surrey,506324.0,172274.0,E02006405,E01030707,1,0,0,0,0,0,26.44,4.12,61.4,8.05,E01030707,E01030707,E01030707,5.0,1.0,1.0,1.0
139151.0,5403.0,Gordon's School,69.0,121.0,15.0,12.0,842,394.0,46.79,Urban: Nearer to a major town or city,GU24 9PT,South East,936,Surrey,494365.0,161368.0,E02006421,E01030807,1,0,0,0,0,0,8.46,2.55,82.46,6.53,E01030807,E01030807,E01030807,10.0,2.0,1117.0,6.0
137595.0,5405.0,Epsom and Ewell High School,39.0,141.0,31.0,22.0,943,469.0,49.73,Urban: Nearer to a major town or city,KT19 9JW,South East,936,Surrey,520266.0,164082.0,E02006336,E01030399,1,0,0,0,0,0,10.29,3.12,78.5,8.08,E01030399,E01030399,E01030399,6.0,5.0,1069.0,5.0
142009.0,4002.0,Hoe Valley School,,,,,507,260.0,51.28,Urban: Nearer to a major town or city,GU22 0NH,South East,936,Surrey,499584.0,156507.0,E02006467,E01030986,1,0,0,0,0,0,6.91,0.38,90.21,2.5,E01030986,E01030986,E01030986,10.0,3.0,,
139193.0,5400.0,Guildford County School,63.0,160.0,23.0,14.0,1107,552.0,49.86,Urban: Nearer to a major town or city,GU2 4LU,South East,936,Surrey,498854.0,149282.0,E02006358,E01030452,1,0,0,0,0,0,14.3,2.67,74.78,8.25,E01030452,E01030452,E01030452,7.0,9.0,1069.0,5.0
144503.0,4005.0,Three Rivers Academy,32.0,163.0,32.0,20.0,918,459.0,50.0,Urban: Nearer to a major town or city,KT12 5EJ,South East,936,Surrey,511228.0,164983.0,E02006326,E01030313,1,0,0,0,0,0,5.7,2.21,84.28,7.81,E01030313,E01030313,E01030313,8.0,3.0,1495.0,7.0
144520.0,4006.0,Farnham Heath End,37.0,164.0,24.0,15.0,892,452.0,50.67,Urban: Nearer to a major town or city,GU9 9BN,South East,936,Surrey,485153.0,148719.0,E02006440,E01030892,1,0,0,0,0,0,4.22,0.61,91.09,4.07,E01030892,E01030892,E01030892,9.0,4.0,,
136833.0,4036.0,Howard of Effingham School,53.0,249.0,17.0,7.0,1572,741.0,47.14,Urban: Nearer to a major town or city,KT24 5JR,South East,936,Surrey,512017.0,153905.0,E02006346,E01030447,1,0,0,0,0,0,1.26,0.67,95.99,2.08,E01030447,E01030447,E01030447,8.0,3.0,1893.0,9.0
137314.0,4067.0,Woolmer Hill School,50.0,86.0,14.0,16.0,543,284.0,52.3,Urban: Nearer to a major town or city,GU27 1QB,South East,936,Surrey,487735.0,133362.0,E02006455,E01030929,1,0,0,0,0,0,8.77,0.78,87.98,2.47,E01030929,E01030929,E01030929,10.0,7.0,1893.0,9.0
136531.0,4151.0,Weydon School,74.0,277.0,25.0,9.0,1562,739.0,47.31,Urban: Nearer to a major town or city,GU9 8UG,South East,936,Surrey,482923.0,145462.0,E02006447,E01030905,1,0,0,0,0,0,4.35,1.26,92.38,2.0,E01030905,E01030905,E01030905,5.0,7.0,1298.0,6.0
138928.0,4153.0,Warlingham School,49.0,221.0,40.0,18.0,1411,697.0,49.4,Urban: Nearer to a major town or city,CR6 9YB,South East,936,Surrey,534676.0,159360.0,E02006429,E01030856,1,0,0,0,0,0,5.73,3.35,85.57,5.35,E01030856,E01030856,E01030856,7.0,3.0,987.0,5.0
137116.0,4160.0,The Magna Carta School,46.0,213.0,35.0,16.0,1199,583.0,48.62,Urban: Nearer to a major town or city,TW18 3HJ,South East,936,Surrey,502875.0,170901.0,E02006395,E01030663,1,0,0,0,0,0,11.48,1.58,81.9,5.03,E01030663,E01030663,E01030663,3.0,3.0,1653.0,8.0
137019.0,4165.0,Rodborough,51.0,180.0,19.0,11.0,879,418.0,47.55,Urban: Nearer to a major town or city,GU8 5BZ,South East,936,Surrey,494578.0,141251.0,E02006449,E01030939,1,0,0,0,0,0,1.37,0.51,94.77,3.34,E01030939,E01030939,E01030939,9.0,3.0,1893.0,9.0
140117.0,4190.0,Tomlinscote School,54.0,254.0,24.0,9.0,1502,719.0,47.87,Urban: Nearer to a major town or city,GU16 8PY,South East,936,Surrey,489020.0,158623.0,E02006425,E01030769,1,0,0,0,0,0,12.37,0.73,83.58,3.32,E01030769,E01030769,E01030769,10.0,2.0,432.0,3.0
138765.0,4202.0,The Matthew Arnold School,39.0,153.0,30.0,20.0,674,325.0,48.22,Urban: Nearer to a major town or city,TW18 1PF,South East,936,Surrey,505238.0,170804.0,E02006409,E01030741,1,0,0,0,0,0,11.91,1.85,82.37,3.87,E01030741,E01030741,E01030741,5.0,3.0,1351.0,7.0
136906.0,4456.0,George Abbot School,58.0,298.0,31.0,10.0,1973,920.0,46.63,Urban: Nearer to a major town or city,GU1 1XX,South East,936,Surrey,501433.0,151522.0,E02006354,E01030436,1,0,0,0,0,0,7.03,1.81,84.67,6.5,E01030436,E01030436,E01030436,10.0,5.0,1.0,1.0
142284.0,4457.0,The Bishop David Brown School,25.0,147.0,36.0,25.0,613,345.0,56.28,Urban: Nearer to a major town or city,GU21 5RF,South East,936,Surrey,502881.0,160698.0,E02006459,E01030984,1,0,0,0,0,0,44.98,1.7,47.39,5.94,E01030984,E01030984,E01030984,4.0,1.0,1.0,1.0
139993.0,4462.0,Woking High School,60.0,237.0,34.0,14.0,1196,575.0,48.08,Urban: Nearer to a major town or city,GU21 4TJ,South East,936,Surrey,499680.0,159761.0,E02006458,E01030966,1,0,0,0,0,0,6.64,0.56,88.89,3.91,E01030966,E01030966,E01030966,10.0,5.0,1.0,1.0
125273.0,4465.0,Oakwood School,37.0,193.0,32.0,17.0,1088,535.0,49.17,Urban: Nearer to a major town or city,RH6 9AE,South East,936,Surrey,529037.0,143173.0,E02006391,E01030583,1,0,0,0,0,0,3.72,1.86,90.93,3.48,E01030583,E01030583,E01030583,6.0,2.0,1893.0,9.0
140650.0,4508.0,Esher Church of England High School,50.0,187.0,43.0,23.0,1117,566.0,50.67,Urban: Nearer to a major town or city,KT10 8AP,South East,936,Surrey,513471.0,165285.0,E02006329,E01030310,1,0,0,0,0,0,6.67,1.55,85.17,6.61,E01030310,E01030310,E01030310,5.0,3.0,1893.0,9.0
125278.0,4622.0,St Bede's School,66.0,267.0,24.0,9.0,1751,925.0,52.83,Urban: Nearer to a major town or city,RH1 2LQ,South East,936,Surrey,527487.0,151689.0,E02006384,E01030619,1,0,0,0,0,0,10.99,4.42,78.62,5.97,E01030619,E01030619,E01030619,4.0,6.0,1495.0,7.0
138491.0,4763.0,The Bishop Wand Church of England School,54.0,172.0,14.0,8.0,1006,503.0,50.0,Urban: Nearer to a major town or city,TW16 6LT,South East,936,Surrey,509575.0,169133.0,E02006413,E01030717,1,0,0,0,0,0,6.37,2.1,84.74,6.79,E01030717,E01030717,E01030717,5.0,3.0,1.0,1.0
136828.0,5401.0,Collingwood College,53.0,296.0,48.0,16.0,1720,849.0,49.36,Urban: Nearer to a major town or city,GU15 4AE,South East,936,Surrey,489120.0,161958.0,E02006419,E01030786,1,0,0,0,0,0,11.55,2.04,81.02,5.39,E01030786,E01030786,E01030786,3.0,7.0,1298.0,6.0
143369.0,5402.0,"St John the Baptist Catholic Comprehensive School, Woking",81.0,196.0,15.0,8.0,1311,615.0,46.91,Urban: Nearer to a major town or city,GU22 9AL,South East,936,Surrey,501231.0,157578.0,E02006466,E01030972,1,0,0,0,0,0,13.32,2.9,77.04,6.74,E01030972,E01030972,E01030972,6.0,5.0,1390.0,7.0
136534.0,5404.0,Glyn School,79.0,255.0,23.0,9.0,1726,,,Urban: Nearer to a major town or city,KT17 1NB,South East,936,Surrey,521578.0,161920.0,E02006341,E01030391,1,0,0,0,0,0,11.69,3.33,76.9,8.08,E01030391,E01030391,E01030391,5.5,6.0,1390.0,7.0
137735.0,5406.0,The Beacon School,35.0,214.0,35.0,16.0,1303,673.0,51.65,Urban: Nearer to a major town or city,SM7 1AG,South East,936,Surrey,524493.0,158876.0,E02006377,E01030644,1,0,0,0,0,0,9.6,1.28,83.12,6.0,E01030644,E01030644,E01030644,10.0,2.0,1893.0,9.0
137736.0,5407.0,Rosebery School,74.0,234.0,19.0,8.0,1452,1452.0,100.0,Urban: Nearer to a major town or city,KT18 7NQ,South East,936,Surrey,520081.0,160169.0,E02006342,E01030419,1,0,0,0,0,0,9.2,2.45,81.05,7.3,E01030419,E01030419,E01030419,8.0,3.0,1351.0,7.0
142314.0,5409.0,Heathside School,73.0,200.0,28.0,14.0,1240,584.0,47.1,Urban: Nearer to a major town or city,KT13 8UZ,South East,936,Surrey,506947.0,163962.0,E02006328,E01030376,1,0,0,0,0,0,8.04,0.53,84.37,7.06,E01030376,E01030376,E01030376,10.0,1.0,1653.0,8.0
137237.0,5410.0,Thamesmead School,57.0,198.0,18.0,9.0,1022,537.0,52.54,Urban: Nearer to a major town or city,TW17 9EE,South East,936,Surrey,508486.0,167240.0,E02006415,E01030732,1,0,0,0,0,0,3.74,0.43,92.4,3.43,E01030732,E01030732,E01030732,9.0,6.0,1893.0,9.0
143367.0,5412.0,"Salesian School, Chertsey",72.0,222.0,26.0,12.0,1590,775.0,48.74,Urban: Nearer to a major town or city,KT16 9LU,South East,936,Surrey,503187.0,165789.0,E02006399,E01030655,1,0,0,0,0,0,7.78,2.05,85.15,5.01,E01030655,E01030655,E01030655,7.67,5.33,1893.0,9.0
137003.0,5413.0,Fullbrook School,59.0,277.0,30.0,11.0,1405,667.0,47.47,Urban: Nearer to a major town or city,KT15 3HW,South East,936,Surrey,504130.0,161562.0,E02006402,E01030693,1,0,0,0,0,0,4.7,0.54,91.22,3.54,E01030693,E01030693,E01030693,9.0,2.0,1893.0,9.0
125314.0,5414.0,The Winston Churchill School A Specialist Sports College,49.0,309.0,50.0,16.0,1456,688.0,47.25,Urban: Nearer to a major town or city,GU21 8TL,South East,936,Surrey,497577.0,158022.0,E02006464,E01030960,1,0,0,0,0,0,8.15,1.09,86.11,4.65,E01030960,E01030960,E01030960,8.0,3.0,1653.0,8.0
137855.0,5416.0,Hinchley Wood School,78.0,215.0,16.0,7.0,1343,629.0,46.84,Urban: Nearer to a major town or city,KT10 0AQ,South East,936,Surrey,516190.0,165715.0,E02006325,E01030319,1,0,0,0,0,0,13.97,0.81,77.81,7.41,E01030319,E01030319,E01030319,8.0,2.0,1241.0,6.0
137906.0,5417.0,Blenheim High School,48.0,209.0,32.0,15.0,1236,687.0,55.58,Urban: Nearer to a major town or city,KT19 9BH,South East,936,Surrey,520979.0,162124.0,E02006341,E01030385,1,0,0,0,0,0,11.69,3.33,76.9,8.08,E01030385,E01030385,E01030385,5.5,6.0,987.0,5.0
144741.0,4007.0,Chertsey High School,,,,,267,129.0,48.31,Urban: Nearer to a major town or city,KT15 2EP,South East,936,Surrey,504923.0,165952.0,E02006399,E01030651,1,0,0,0,0,0,7.78,2.05,85.15,5.01,E01030651,E01030651,E01030651,7.67,5.33,,
142881.0,4009.0,Rugby Free Secondary School,,,,,529,277.0,52.36,Urban: Nearer to a major town or city,CV22 5PE,West Midlands,937,Warwickshire,450275.0,273728.0,E02006500,E01031146,1,0,0,0,0,0,4.58,2.13,89.65,3.64,E01031146,E01031146,E01031146,3.0,9.0,,
140371.0,4006.0,Harris Church of England Academy,23.0,95.0,23.0,24.0,632,301.0,47.63,Urban: Nearer to a major town or city,CV22 6EA,West Midlands,937,Warwickshire,449768.0,274117.0,E02006502,E01031176,1,0,0,0,0,0,6.13,3.83,83.79,6.25,E01031176,E01031176,E01031176,3.0,7.0,1495.0,7.0
136459.0,4112.0,The Polesworth School,44.0,244.0,33.0,14.0,1511,804.0,53.21,Larger rural: Nearer to a major town or city,B78 1QT,West Midlands,937,Warwickshire,425794.0,301486.0,E02006468,E01031039,0,0,1,0,0,0,0.58,0.26,98.71,0.45,E01031039,E01031039,E01031039,8.0,6.0,1390.0,7.0
137236.0,4124.0,Stratford Upon Avon School,46.0,233.0,41.0,18.0,1425,734.0,51.51,Urban: Nearer to a major town or city,CV37 9DH,West Midlands,937,Warwickshire,419228.0,255075.0,E02006514,E01031232,1,0,0,0,0,0,2.74,0.43,93.66,3.17,E01031232,E01031232,E01031232,8.0,3.0,1495.0,7.0
136986.0,4233.0,The Coleshill School,52.0,161.0,29.0,18.0,1201,581.0,48.38,Urban: Nearer to a major town or city,B46 3EX,West Midlands,937,Warwickshire,420066.0,287490.0,E02006473,E01031022,1,0,0,0,0,0,0.75,0.48,97.15,1.61,E01031022,E01031022,E01031022,9.0,4.0,1893.0,9.0
141836.0,4803.0,St Thomas More Catholic School and Sixth Form College,43.0,157.0,30.0,19.0,988,529.0,53.54,Urban: Nearer to a major town or city,CV10 7EX,West Midlands,937,Warwickshire,435344.0,291162.0,E02006480,E01031059,1,0,0,0,0,0,9.82,1.65,85.3,3.23,E01031059,E01031059,E01031059,5.0,5.0,1893.0,9.0
125764.0,5400.0,The Avon Valley School and Performing Arts College,37.0,216.0,52.0,24.0,1096,579.0,52.83,Urban: Nearer to a major town or city,CV21 1EH,West Midlands,937,Warwickshire,449544.0,276564.0,E02006494,E01031171,1,0,0,0,0,0,3.34,2.46,89.84,4.37,E01031171,E01031171,E01031171,4.0,4.0,1653.0,8.0
136907.0,5403.0,Myton School,52.0,264.0,28.0,11.0,1598,784.0,49.06,Urban: Nearer to a major town or city,CV34 6PJ,West Midlands,937,Warwickshire,429748.0,264731.0,E02006530,E01031315,1,0,0,0,0,0,20.85,1.18,69.69,8.28,E01031315,E01031315,E01031315,8.0,3.0,626.0,3.0
136786.0,5408.0,Studley High School,55.0,123.0,18.0,15.0,718,363.0,50.56,Urban: Nearer to a major town or city,B80 7QX,West Midlands,937,Warwickshire,407039.0,263437.0,E02006506,E01031241,1,0,0,0,0,0,1.41,0.27,97.1,1.21,E01031241,E01031241,E01031241,7.0,6.0,1893.0,9.0
138767.0,4113.0,Shipston High School,45.0,87.0,13.0,15.0,517,256.0,49.52,Larger rural: Further from a major town or city,CV36 4DY,West Midlands,937,Warwickshire,425228.0,240851.0,E02006518,E01031216,0,0,0,1,0,0,0.87,0.31,97.82,1.0,E01031216,E01031216,E01031216,4.0,8.0,1893.0,9.0
137079.0,4000.0,The George Eliot School,30.0,159.0,39.0,25.0,848,429.0,50.59,Urban: Nearer to a major town or city,CV11 4QP,West Midlands,937,Warwickshire,436870.0,290203.0,E02006483,E01031117,1,0,0,0,0,0,5.33,0.51,90.36,3.79,E01031117,E01031117,E01031117,3.0,10.0,1893.0,9.0
139936.0,4003.0,Nicholas Chamberlaine School,34.0,169.0,50.0,30.0,1107,587.0,53.03,Urban: Nearer to a major town or city,CV12 9EA,West Midlands,937,Warwickshire,436815.0,286996.0,E02006489,E01031095,1,0,0,0,0,0,2.32,3.17,91.74,2.78,E01031095,E01031095,E01031095,2.0,7.0,1893.0,9.0
137771.0,4004.0,Etone College,40.0,113.0,27.0,24.0,771,405.0,52.53,Urban: Nearer to a major town or city,CV11 6AA,West Midlands,937,Warwickshire,436859.0,292166.0,E02006477,E01031102,1,0,0,0,0,0,8.28,1.16,88.0,2.55,E01031102,E01031102,E01031102,7.0,7.0,1893.0,9.0
139937.0,4005.0,The Queen Elizabeth Academy,34.0,107.0,25.0,23.0,620,319.0,51.45,Urban: Nearer to a major town or city,CV9 1LZ,West Midlands,937,Warwickshire,431617.0,297410.0,E02006470,E01031013,1,0,0,0,0,0,1.37,0.29,97.64,0.69,E01031013,E01031013,E01031013,10.0,5.0,903.0,5.0
145019.0,4012.0,Kingsbury School - A Specialist Science and Mathematics Academy,34.0,135.0,27.0,20.0,698,349.0,50.0,Larger rural: Nearer to a major town or city,B78 2LF,West Midlands,937,Warwickshire,421569.0,296546.0,E02006471,E01031033,0,0,1,0,0,0,1.01,0.34,96.87,1.79,E01031033,E01031033,E01031033,6.0,5.0,1653.0,8.0
136991.0,4108.0,Henley In Arden School,47.0,109.0,17.0,16.0,607,325.0,53.54,Larger rural: Nearer to a major town or city,B95 6AF,West Midlands,937,Warwickshire,415188.0,265384.0,E02006505,E01031202,0,0,1,0,0,0,1.23,0.19,97.29,1.3,E01031202,E01031202,E01031202,8.0,4.0,1893.0,9.0
137767.0,4153.0,Higham Lane School,62.0,244.0,31.0,13.0,1413,704.0,49.82,Urban: Nearer to a major town or city,CV10 0BJ,West Midlands,937,Warwickshire,437036.0,292941.0,E02006475,E01031112,1,0,0,0,0,0,1.86,0.96,94.81,2.37,E01031112,E01031112,E01031112,10.0,4.0,1893.0,9.0
137766.0,4192.0,Campion School,36.0,111.0,35.0,32.0,750,396.0,52.8,Urban: Nearer to a major town or city,CV31 1QH,West Midlands,937,Warwickshire,433031.0,264229.0,E02006533,E01031328,1,0,0,0,0,0,12.83,1.02,79.95,6.2,E01031328,E01031328,E01031328,8.0,6.0,468.0,3.0
137172.0,4240.0,Alcester Academy,66.0,56.0,13.0,23.0,536,267.0,49.81,Larger rural: Nearer to a major town or city,B49 6QQ,West Midlands,937,Warwickshire,409853.0,258044.0,E02006510,E01031208,0,0,1,0,0,0,0.42,0.04,98.04,1.5,E01031208,E01031208,E01031208,6.0,6.0,1653.0,8.0
136587.0,4241.0,Ashlawn School,54.0,273.0,39.0,14.0,1834,893.0,48.69,Urban: Nearer to a major town or city,CV22 5ET,West Midlands,937,Warwickshire,452453.0,273521.0,E02006501,E01031179,1,0,0,0,0,0,13.09,1.22,82.36,3.33,E01031179,E01031179,E01031179,10.0,3.0,1893.0,9.0
137781.0,5401.0,Ash Green School,35.0,164.0,44.0,27.0,967,477.0,49.33,Urban: Nearer to a major town or city,CV7 9AH,West Midlands,937,Warwickshire,433511.0,284988.0,E02006806,E01031078,1,0,0,0,0,0,11.68,2.09,81.81,4.42,E01031078,E01031078,E01031078,4.0,9.0,1653.0,8.0
126064.0,4002.0,Tanbridge House School,55.0,295.0,36.0,12.0,1546,656.0,42.43,Urban: Nearer to a major town or city,RH12 1SR,South East,938,West Sussex,515640.0,130782.0,E02006594,E01035338,1,0,0,0,0,0,6.8,1.26,87.59,4.35,E01035338,E01031637,E01031637,4.0,5.0,1653.0,8.0
126066.0,4010.0,Millais School,56.0,301.0,32.0,11.0,1540,1540.0,100.0,Urban: Nearer to a major town or city,RH13 5HR,South East,938,West Sussex,518708.0,130746.0,E02006591,E01031654,1,0,0,0,0,0,4.08,0.93,92.71,2.29,E01031654,E01031654,E01031654,8.0,4.0,1651.0,8.0
137263.0,4029.0,Hazelwick School,46.0,294.0,59.0,20.0,1808,862.0,47.68,Urban: Nearer to a major town or city,RH10 1SX,South East,938,West Sussex,528412.0,137828.0,E02006579,E01031603,1,0,0,0,0,0,20.35,1.95,69.16,8.54,E01031603,E01031603,E01031603,5.0,5.0,1495.0,7.0
138620.0,4044.0,Thomas Bennett Community College,28.0,154.0,55.0,36.0,983,456.0,46.39,Urban: Nearer to a major town or city,RH10 5AD,South East,938,West Sussex,526785.0,134874.0,E02006585,E01031605,1,0,0,0,0,0,10.13,3.01,78.76,8.1,E01031605,E01031605,E01031605,5.0,6.0,1495.0,7.0
137416.0,4103.0,Warden Park School,60.0,292.0,19.0,7.0,1490,686.0,46.04,Smaller rural: Nearer to a major town or city,RH17 5DP,South East,938,West Sussex,531062.0,124408.0,E02006614,E01035349,0,0,0,0,1,0,1.05,0.21,96.56,2.18,E01035349,E01031728,E01031728,10.0,3.0,1893.0,9.0
126094.0,4601.0,St Andrew's CofE High School for Boys,35.0,128.0,26.0,20.0,654,,,Urban: Nearer to a major town or city,BN14 8BG,South East,938,West Sussex,515107.0,103787.0,E02006625,E01031780,1,0,0,0,0,0,5.6,0.82,89.49,4.09,E01031780,E01031780,E01031780,8.0,7.0,1117.0,6.0
140105.0,4001.0,Chichester High School,32.0,241.0,47.0,20.0,1373,711.0,51.78,Urban: Nearer to a major town or city,PO19 8EB,South East,938,West Sussex,486297.0,104031.0,E02006572,E01031492,1,0,0,0,0,0,5.17,0.65,91.46,2.72,E01031492,E01031492,E01031492,3.0,10.0,1653.0,8.0
134042.0,4003.0,Oriel High School,35.0,233.0,28.0,12.0,1383,667.0,48.23,Urban: Nearer to a major town or city,RH10 7XW,South East,938,West Sussex,529045.0,135637.0,E02006583,E01031579,1,0,0,0,0,0,12.8,2.97,77.24,6.99,E01031579,E01031579,E01031579,6.0,4.0,1653.0,8.0
137096.0,4004.0,"The Academy, Selsey",24.0,75.0,20.0,27.0,365,181.0,49.59,Urban: Further from a major town or city,PO20 9EH,South East,938,West Sussex,485405.0,93649.0,E02006574,E01031523,0,1,0,0,0,0,1.15,0.3,97.29,1.27,E01031523,E01031523,E01031523,5.0,9.0,1893.0,9.0
137782.0,4005.0,The Regis School,35.0,244.0,49.0,20.0,1516,715.0,47.16,Urban: Nearer to a major town or city,PO21 5LH,South East,938,West Sussex,492369.0,100173.0,E02006557,E01031451,1,0,0,0,0,0,2.22,0.62,95.17,1.99,E01031451,E01031451,E01031451,3.0,10.0,1893.0,9.0
140199.0,4007.0,Ormiston Six Villages Academy,31.0,93.0,21.0,23.0,479,239.0,49.9,Urban: Nearer to a major town or city,PO20 3UE,South East,938,West Sussex,494159.0,105414.0,E02006544,E01031396,1,0,0,0,0,0,1.48,0.25,96.3,1.98,E01031396,E01031396,E01031396,6.0,7.0,1893.0,9.0
140424.0,4008.0,Bohunt School Worthing,45.0,98.0,20.0,20.0,743,281.0,37.82,Urban: Nearer to a major town or city,BN14 8AH,South East,938,West Sussex,514623.0,104044.0,E02006625,E01031798,1,0,0,0,0,0,5.6,0.82,89.49,4.09,E01031798,E01031798,E01031798,8.0,7.0,,
142089.0,4012.0,The Burgess Hill Academy,42.0,159.0,18.0,11.0,800,381.0,47.62,Urban: Nearer to a major town or city,RH15 9EA,South East,938,West Sussex,531216.0,118619.0,E02006617,E01031709,1,0,0,0,0,0,7.57,0.9,87.68,3.84,E01031709,E01031709,E01031709,8.0,9.0,1653.0,8.0
126068.0,4025.0,"Weald School, The",49.0,273.0,41.0,15.0,1713,801.0,46.76,Larger rural: Nearer to a major town or city,RH14 9RY,South East,938,West Sussex,508521.0,125290.0,E02006597,E01035342,0,0,1,0,0,0,1.07,0.36,96.01,2.56,E01035342,E01031613,E01031613,9.0,2.0,1653.0,8.0
126069.0,4028.0,Bourne Community College,23.0,139.0,18.0,13.0,724,353.0,48.76,Urban: Nearer to a major town or city,PO10 8PJ,South East,938,West Sussex,476518.0,106288.0,E02006567,E01031533,1,0,0,0,0,0,0.86,0.14,97.2,1.79,E01031533,E01031533,E01031533,6.0,7.0,1889.0,9.0
126080.0,4059.0,Felpham Community College,38.0,222.0,36.0,16.0,1319,642.0,48.67,Urban: Nearer to a major town or city,PO22 8EL,South East,938,West Sussex,494807.0,100150.0,E02006556,E01034825,1,0,0,0,0,0,2.04,0.17,96.88,0.91,E01034825,E01031421,E01031421,4.0,7.0,1653.0,8.0
126081.0,4060.0,The Angmering School,39.0,252.0,45.0,18.0,1371,662.0,48.29,Urban: Nearer to a major town or city,BN16 4HH,South East,938,West Sussex,506898.0,103538.0,E02006546,E01034821,1,0,0,0,0,0,1.98,0.84,95.74,1.44,E01034821,E01031388,E01031388,7.0,6.0,1893.0,9.0
140713.0,4065.0,Durrington High School,49.0,324.0,58.0,18.0,1634,757.0,46.33,Urban: Nearer to a major town or city,BN13 1JX,South East,938,West Sussex,512308.0,104335.0,E02006627,E01031782,1,0,0,0,0,0,2.66,0.94,93.73,2.66,E01031782,E01031782,E01031782,5.0,8.0,1.0,1.0
126085.0,4102.0,Oathall Community College,41.0,190.0,31.0,16.0,1014,514.0,50.69,Urban: Nearer to a major town or city,RH16 2AQ,South East,938,West Sussex,533941.0,124728.0,E02006613,E01031753,1,0,0,0,0,0,3.42,0.63,92.18,3.77,E01031753,E01031753,E01031753,6.0,5.0,1390.0,7.0
126087.0,4105.0,Downlands Community School,61.0,206.0,22.0,11.0,1134,557.0,49.12,Urban: Nearer to a major town or city,BN6 8LP,South East,938,West Sussex,530922.0,115188.0,E02006620,E01031747,1,0,0,0,0,0,0.51,0.19,97.14,2.16,E01031747,E01031747,E01031747,9.0,1.0,1893.0,9.0
126088.0,4106.0,Imberhorne School,44.0,267.0,23.0,9.0,1575,769.0,48.83,Urban: Nearer to a major town or city,RH19 1QY,South East,938,West Sussex,537607.0,139072.0,E02006607,E01031740,1,0,0,0,0,0,3.9,0.69,92.28,3.13,E01031740,E01031740,E01031740,10.0,3.0,1653.0,8.0
126089.0,4107.0,Sackville School,42.0,223.0,31.0,14.0,1617,799.0,49.41,Urban: Nearer to a major town or city,RH19 3TY,South East,938,West Sussex,540228.0,138069.0,E02006606,E01031730,1,0,0,0,0,0,3.42,0.62,92.61,3.36,E01031730,E01031730,E01031730,8.0,3.0,1893.0,9.0
139109.0,4110.0,Worthing High School,46.0,184.0,34.0,19.0,1043,431.0,41.32,Urban: Nearer to a major town or city,BN14 7AR,South East,938,West Sussex,514143.0,103889.0,E02006624,E01031800,1,0,0,0,0,0,3.03,0.32,93.81,2.84,E01031800,E01031800,E01031800,9.0,7.0,987.0,5.0
126093.0,4502.0,"Davison Church of England High School for Girls, Worthing",60.0,194.0,25.0,13.0,1237,1237.0,100.0,Urban: Nearer to a major town or city,BN11 2JX,South East,938,West Sussex,515903.0,103498.0,E02006629,E01031834,1,0,0,0,0,0,7.54,0.8,88.2,3.46,E01031834,E01031834,E01031834,4.0,9.0,1653.0,8.0
126095.0,4602.0,"St Wilfrid's Catholic Comprehensive School, Crawley",42.0,155.0,23.0,15.0,959,504.0,52.55,Urban: Nearer to a major town or city,RH11 8PG,South East,938,West Sussex,525810.0,136066.0,E02006581,E01031598,1,0,0,0,0,0,13.62,4.26,73.45,8.68,E01031598,E01031598,E01031598,2.0,8.0,1390.0,7.0
126096.0,4603.0,Chatsmore Catholic High School,39.0,117.0,17.0,15.0,677,314.0,46.38,Urban: Nearer to a major town or city,BN12 5AF,South East,938,West Sussex,510442.0,103005.0,E02006633,E01031802,1,0,0,0,0,0,1.68,0.42,95.39,2.51,E01031802,E01031802,E01031802,5.0,5.0,1893.0,9.0
140472.0,4604.0,"Bishop Luffa School, Chichester",62.0,231.0,23.0,10.0,1469,766.0,52.14,Urban: Nearer to a major town or city,PO19 3HP,South East,938,West Sussex,484727.0,105051.0,E02006571,E01031493,1,0,0,0,0,0,1.49,0.94,94.58,2.99,E01031493,E01031493,E01031493,5.0,8.0,1653.0,8.0
126098.0,4606.0,"Holy Trinity CofE Secondary School, Crawley",32.0,201.0,39.0,19.0,1235,599.0,48.5,Urban: Nearer to a major town or city,RH11 8JE,South East,938,West Sussex,525439.0,135553.0,E02006580,E01031566,1,0,0,0,0,0,11.3,3.39,79.42,5.89,E01031566,E01031566,E01031566,8.0,3.0,1893.0,9.0
135744.0,6911.0,The Sir Robert Woodard Academy,32.0,161.0,38.0,24.0,974,422.0,43.33,Urban: Nearer to a major town or city,BN15 9QZ,South East,938,West Sussex,517667.0,105374.0,E02006539,E01031346,1,0,0,0,0,0,1.03,0.27,96.3,2.4,E01031346,E01031346,E01031346,6.0,9.0,1893.0,9.0
135745.0,6912.0,The Littlehampton Academy,29.0,255.0,69.0,27.0,1366,696.0,50.95,Urban: Nearer to a major town or city,BN17 6FE,South East,938,West Sussex,503273.0,102723.0,E02006550,E01031409,1,0,0,0,0,0,2.5,0.56,95.34,1.6,E01031409,E01031409,E01031409,3.0,8.0,1653.0,8.0
135760.0,6913.0,Midhurst Rother College,44.0,196.0,29.0,15.0,1056,513.0,48.58,Larger rural: Further from a major town or city,GU29 9DT,South East,938,West Sussex,488620.0,121878.0,E02006564,E01035320,0,0,0,1,0,0,0.58,0.42,97.21,1.79,E01035320,E01032717,E01032717,7.0,4.0,1653.0,8.0
135962.0,6914.0,Shoreham Academy,53.0,277.0,54.0,20.0,1688,800.0,47.39,Urban: Nearer to a major town or city,BN43 6YT,South East,938,West Sussex,523634.0,105620.0,E02006537,E01031375,1,0,0,0,0,0,1.54,0.47,94.49,3.49,E01031375,E01031375,E01031375,6.0,6.0,1653.0,8.0
