URN,EstablishmentName,StudentsAchievingGrade5PlusEngMathRate,borda_rank,borda_points_total,NumberOfPupils,PercentOfStudentReceivingFreeSchoolMeals,UrbanRuralClassification,GOR,LA (code),LA (name),LSOA (code),MSOA (code),Postcode,longitude,latitude,Easting,Northing
100849.0,St Saviour's and St Olave's Church of England School,57.0,1.0,9995.0,125.0,48.0,Urban: Nearer to a major town or city,London,210,Southwark,E01003942,E02000812,SE1 4AN,-0.0875518675907312,51.49466531547278,532857.0,179036.0
100458.0,Central Foundation Boys' School,71.0,2.0,9953.0,135.0,59.0,Urban: Nearer to a major town or city,London,206,Islington,E01002704,E02000576,EC2A 4SH,-0.0858228362621441,51.525257365937605,532888.0,182441.0
100282.0,Our Lady's Convent Roman Catholic High School,49.0,3.0,9949.0,121.0,48.0,Urban: Nearer to a major town or city,London,204,Hackney,E01001809,E02000345,N16 5AF,-0.0752071397377516,51.57427298951782,533481.0,187911.0
100055.0,Maria Fidelis Roman Catholic Convent School FCJ,40.0,4.0,9948.0,78.0,62.0,Urban: Nearer to a major town or city,London,202,Camden,E01000955,E02000187,NW1 1LY,-0.1324277644975689,51.529893593586976,529642.0,182873.0
133599.0,Yesodey Hatorah Senior Girls School,68.0,5.0,9947.0,56.0,7.0,Urban: Nearer to a major town or city,London,204,Hackney,E01001826,E02000348,N16 6UB,-0.0683407346650619,51.573521532853185,533959.0,187840.0
137789.0,Green Spring Academy Shoreditch,44.0,5.0,9947.0,176.0,68.0,Urban: Nearer to a major town or city,London,211,Tower Hamlets,E01004312,E02000872,E2 6NW,-0.0695862948442627,51.52739204051351,534008.0,182708.0
137440.0,Cotham School,58.0,7.0,9946.0,213.0,30.0,Urban: Nearer to a major town or city,South West,801,"Bristol, City of",E01014557,E02003033,BS6 6DT,-2.6020421455351137,51.4635666861411,358273.0,174016.0
138202.0,Wapping High School,65.0,8.0,9944.0,37.0,68.0,Urban: Nearer to a major town or city,London,211,Tower Hamlets,E01004321,E02000884,E1 2DA,-0.0609737611380554,51.514974906543046,534642.0,181343.0
136978.0,Stratford School Academy,43.0,9.0,9937.0,180.0,50.0,Urban: Nearer to a major town or city,London,316,Newham,E01003574,E02000730,E7 9PR,0.0235591439902281,51.541010668924976,540427.0,184397.0
135676.0,Pimlico Academy,48.0,10.0,9935.0,198.0,55.0,Urban: Nearer to a major town or city,London,213,Westminster,E01035722,E02000983,SW1V 3AT,-0.137172807784421,51.48817987949495,529431.0,178226.0
135676.0,Pimlico Academy,48.0,10.0,9935.0,198.0,55.0,Urban: Nearer to a major town or city,London,213,Westminster,E01035722,E02000983,SW1V 3AT,-0.137172807784421,51.48817987949495,529431.0,178226.0
135676.0,Pimlico Academy,48.0,10.0,9935.0,198.0,55.0,Urban: Nearer to a major town or city,London,213,Westminster,E01035722,E02000983,SW1V 3AT,-0.137172807784421,51.48817987949495,529431.0,178226.0
135676.0,Pimlico Academy,48.0,10.0,9935.0,198.0,55.0,Urban: Nearer to a major town or city,London,213,Westminster,E01035722,E02000983,SW1V 3AT,-0.137172807784421,51.48817987949495,529431.0,178226.0
135676.0,Pimlico Academy,48.0,10.0,9935.0,198.0,55.0,Urban: Nearer to a major town or city,London,213,Westminster,E01035722,E02000983,SW1V 3AT,-0.137172807784421,51.48817987949495,529431.0,178226.0
135676.0,Pimlico Academy,48.0,10.0,9935.0,198.0,55.0,Urban: Nearer to a major town or city,London,213,Westminster,E01035722,E02000983,SW1V 3AT,-0.137172807784421,51.48817987949495,529431.0,178226.0
135676.0,Pimlico Academy,48.0,10.0,9935.0,198.0,55.0,Urban: Nearer to a major town or city,London,213,Westminster,E01035722,E02000983,SW1V 3AT,-0.137172807784421,51.48817987949495,529431.0,178226.0
135676.0,Pimlico Academy,48.0,10.0,9935.0,198.0,55.0,Urban: Nearer to a major town or city,London,213,Westminster,E01035722,E02000983,SW1V 3AT,-0.137172807784421,51.48817987949495,529431.0,178226.0
135676.0,Pimlico Academy,48.0,10.0,9935.0,198.0,55.0,Urban: Nearer to a major town or city,London,213,Westminster,E01035722,E02000983,SW1V 3AT,-0.137172807784421,51.48817987949495,529431.0,178226.0
135676.0,Pimlico Academy,48.0,10.0,9935.0,198.0,55.0,Urban: Nearer to a major town or city,London,213,Westminster,E01035722,E02000983,SW1V 3AT,-0.137172807784421,51.48817987949495,529431.0,178226.0
135676.0,Pimlico Academy,48.0,10.0,9935.0,198.0,55.0,Urban: Nearer to a major town or city,London,213,Westminster,E01035722,E02000983,SW1V 3AT,-0.137172807784421,51.48817987949495,529431.0,178226.0
135676.0,Pimlico Academy,48.0,10.0,9935.0,198.0,55.0,Urban: Nearer to a major town or city,London,213,Westminster,E01035722,E02000983,SW1V 3AT,-0.137172807784421,51.48817987949495,529431.0,178226.0
135676.0,Pimlico Academy,48.0,10.0,9935.0,198.0,55.0,Urban: Nearer to a major town or city,London,213,Westminster,E01035722,E02000983,SW1V 3AT,-0.137172807784421,51.48817987949495,529431.0,178226.0
135676.0,Pimlico Academy,48.0,10.0,9935.0,198.0,55.0,Urban: Nearer to a major town or city,London,213,Westminster,E01035722,E02000983,SW1V 3AT,-0.137172807784421,51.48817987949495,529431.0,178226.0
135676.0,Pimlico Academy,48.0,10.0,9935.0,198.0,55.0,Urban: Nearer to a major town or city,London,213,Westminster,E01035722,E02000983,SW1V 3AT,-0.137172807784421,51.48817987949495,529431.0,178226.0
135676.0,Pimlico Academy,48.0,10.0,9935.0,198.0,55.0,Urban: Nearer to a major town or city,London,213,Westminster,E01035722,E02000983,SW1V 3AT,-0.137172807784421,51.48817987949495,529431.0,178226.0
135676.0,Pimlico Academy,48.0,10.0,9935.0,198.0,55.0,Urban: Nearer to a major town or city,London,213,Westminster,E01035722,E02000983,SW1V 3AT,-0.137172807784421,51.48817987949495,529431.0,178226.0
135676.0,Pimlico Academy,48.0,10.0,9935.0,198.0,55.0,Urban: Nearer to a major town or city,London,213,Westminster,E01035722,E02000983,SW1V 3AT,-0.137172807784421,51.48817987949495,529431.0,178226.0
135676.0,Pimlico Academy,48.0,10.0,9935.0,198.0,55.0,Urban: Nearer to a major town or city,London,213,Westminster,E01035722,E02000983,SW1V 3AT,-0.137172807784421,51.48817987949495,529431.0,178226.0
135676.0,Pimlico Academy,48.0,10.0,9935.0,198.0,55.0,Urban: Nearer to a major town or city,London,213,Westminster,E01035722,E02000983,SW1V 3AT,-0.137172807784421,51.48817987949495,529431.0,178226.0
135676.0,Pimlico Academy,48.0,10.0,9935.0,198.0,55.0,Urban: Nearer to a major town or city,London,213,Westminster,E01035722,E02000983,SW1V 3AT,-0.137172807784421,51.48817987949495,529431.0,178226.0
135676.0,Pimlico Academy,48.0,10.0,9935.0,198.0,55.0,Urban: Nearer to a major town or city,London,213,Westminster,E01035722,E02000983,SW1V 3AT,-0.137172807784421,51.48817987949495,529431.0,178226.0
135676.0,Pimlico Academy,48.0,10.0,9935.0,198.0,55.0,Urban: Nearer to a major town or city,London,213,Westminster,E01035722,E02000983,SW1V 3AT,-0.137172807784421,51.48817987949495,529431.0,178226.0
135676.0,Pimlico Academy,48.0,10.0,9935.0,198.0,55.0,Urban: Nearer to a major town or city,London,213,Westminster,E01035722,E02000983,SW1V 3AT,-0.137172807784421,51.48817987949495,529431.0,178226.0
135676.0,Pimlico Academy,48.0,10.0,9935.0,198.0,55.0,Urban: Nearer to a major town or city,London,213,Westminster,E01035722,E02000983,SW1V 3AT,-0.137172807784421,51.48817987949495,529431.0,178226.0
135676.0,Pimlico Academy,48.0,10.0,9935.0,198.0,55.0,Urban: Nearer to a major town or city,London,213,Westminster,E01035722,E02000983,SW1V 3AT,-0.137172807784421,51.48817987949495,529431.0,178226.0
135676.0,Pimlico Academy,48.0,10.0,9935.0,198.0,55.0,Urban: Nearer to a major town or city,London,213,Westminster,E01035722,E02000983,SW1V 3AT,-0.137172807784421,51.48817987949495,529431.0,178226.0
135676.0,Pimlico Academy,48.0,10.0,9935.0,198.0,55.0,Urban: Nearer to a major town or city,London,213,Westminster,E01035722,E02000983,SW1V 3AT,-0.137172807784421,51.48817987949495,529431.0,178226.0
135676.0,Pimlico Academy,48.0,10.0,9935.0,198.0,55.0,Urban: Nearer to a major town or city,London,213,Westminster,E01035722,E02000983,SW1V 3AT,-0.137172807784421,51.48817987949495,529431.0,178226.0
135676.0,Pimlico Academy,48.0,10.0,9935.0,198.0,55.0,Urban: Nearer to a major town or city,London,213,Westminster,E01035722,E02000983,SW1V 3AT,-0.137172807784421,51.48817987949495,529431.0,178226.0
135676.0,Pimlico Academy,48.0,10.0,9935.0,198.0,55.0,Urban: Nearer to a major town or city,London,213,Westminster,E01035722,E02000983,SW1V 3AT,-0.137172807784421,51.48817987949495,529431.0,178226.0
135676.0,Pimlico Academy,48.0,10.0,9935.0,198.0,55.0,Urban: Nearer to a major town or city,London,213,Westminster,E01035722,E02000983,SW1V 3AT,-0.137172807784421,51.48817987949495,529431.0,178226.0
137353.0,The St Marylebone CofE School,64.0,26.0,9922.0,149.0,29.0,Urban: Nearer to a major town or city,London,213,Westminster,E01004717,E02000970,W1U 5BA,-0.1521449148519796,51.522211292218536,528296.0,181984.0
141931.0,The Cardinal Vaughan Memorial RC School,67.0,27.0,9917.0,121.0,24.0,Urban: Nearer to a major town or city,London,207,Kensington and Chelsea,E01002869,E02000585,W14 8BZ,-0.2117194570296673,51.503890362229434,524213.0,179844.0
131262.0,Westminster Academy,55.0,28.0,9913.0,172.0,58.0,Urban: Nearer to a major town or city,London,213,Westminster,E01032512,E02000969,W2 5EZ,-0.1923724747179133,51.520877664050865,525509.0,181766.0
100457.0,Elizabeth Garrett Anderson School,55.0,29.0,9910.0,161.0,68.0,Urban: Nearer to a major town or city,London,206,Islington,E01002697,E02000572,N1 9QG,-0.1126214227459916,51.53294891061472,531007.0,183248.0
100051.0,Regent High School,34.0,30.0,9903.0,110.0,62.0,Urban: Nearer to a major town or city,London,202,Camden,E01000952,E02000187,NW1 1RX,-0.1335036629573049,51.534254194848984,529555.0,183356.0
100973.0,Swanlea School,44.0,31.0,9898.0,196.0,64.0,Urban: Nearer to a major town or city,London,211,Tower Hamlets,E01004205,E02000876,E1 5DJ,-0.0600363829136348,51.52075066436236,534690.0,181987.0
100972.0,Oaklands School,46.0,32.0,9897.0,112.0,62.0,Urban: Nearer to a major town or city,London,211,Tower Hamlets,E01004203,E02000868,E2 6PR,-0.0616937686014475,51.52924010482462,534550.0,182928.0
138313.0,The Grey Coat Hospital,72.0,33.0,9896.0,149.0,20.0,Urban: Nearer to a major town or city,London,213,Westminster,E01004731,E02000979,SW1P 2DY,-0.1345042746011027,51.49603306279619,529594.0,179104.0
138312.0,Westminster City School,48.0,33.0,9896.0,124.0,48.0,Urban: Nearer to a major town or city,London,213,Westminster,E01004731,E02000979,SW1E 5HJ,-0.1390644780133617,51.49796700349733,529272.0,179311.0
136172.0,Hammersmith Academy,45.0,35.0,9894.0,115.0,52.0,Urban: Nearer to a major town or city,London,205,Hammersmith and Fulham,E01001858,E02000377,W12 9JD,-0.2357399966211418,51.50201492412597,522551.0,179595.0
131747.0,Harris Academy Bermondsey,47.0,36.0,9892.0,160.0,59.0,Urban: Nearer to a major town or city,London,210,Southwark,E01003977,E02000816,SE16 3TZ,-0.0708996968510468,51.4932593918176,534017.0,178910.0
134222.0,City of London Academy (Southwark),55.0,37.0,9889.0,190.0,57.0,Urban: Nearer to a major town or city,London,210,Southwark,E01004038,E02000816,SE1 5LA,-0.0658660523195077,51.48897680745791,534379.0,178443.0
130912.0,Paddington Academy,64.0,38.0,9883.0,184.0,68.0,Urban: Nearer to a major town or city,London,213,Westminster,E01004676,E02000965,W9 2DR,-0.1920640446300445,51.525387213488905,525518.0,182268.0
102157.0,Gladesmore Community School,49.0,39.0,9880.0,238.0,65.0,Urban: Nearer to a major town or city,London,309,Haringey,E01002052,E02000425,N15 6EB,-0.066057202642454,51.58006648296401,534098.0,188572.0
138960.0,Sacred Heart Catholic School,60.0,39.0,9880.0,132.0,38.0,Urban: Nearer to a major town or city,London,210,Southwark,E01003919,E02000827,SE5 0RP,-0.0972823042524863,51.47513847125868,532238.0,176847.0
141941.0,Bolton UTC,35.0,41.0,9875.0,115.0,38.0,Urban: Nearer to a major town or city,North West,350,Bolton,E01004849,E02001004,BL3 5AG,-2.439799042791799,53.57340588026011,370974.0,408622.0
137181.0,The UCL Academy,60.0,42.0,9874.0,161.0,55.0,Urban: Nearer to a major town or city,London,202,Camden,E01000963,E02000182,NW3 3AQ,-0.1719672887974954,51.5415952645991,526867.0,184105.0
100049.0,Haverstock School,31.0,43.0,9870.0,199.0,63.0,Urban: Nearer to a major town or city,London,202,Camden,E01000902,E02000177,NW3 2BQ,-0.1532039190614447,51.54483557326095,528159.0,184498.0
102786.0,St Angela's Ursuline School,51.0,43.0,9870.0,186.0,49.0,Urban: Nearer to a major town or city,London,316,Newham,E01003571,E02000721,E7 8HU,0.0286028752626131,51.54222741240956,540773.0,184542.0
135587.0,City of London Academy Islington,45.0,45.0,9865.0,88.0,65.0,Urban: Nearer to a major town or city,London,206,Islington,E01002800,E02000571,N1 8PQ,-0.0976193230763775,51.536222627099235,532038.0,183639.0
136137.0,Skinners' Academy,43.0,46.0,9863.0,170.0,65.0,Urban: Nearer to a major town or city,London,204,Hackney,E01035638,E02000346,N4 1SY,-0.0929390488093334,51.57333986358859,532255.0,187775.0
135389.0,Ark Evelyn Grace Academy,32.0,47.0,9861.0,174.0,70.0,Urban: Nearer to a major town or city,London,208,Lambeth,E01003051,E02000635,SE24 0QN,-0.1040681072467482,51.4608149671103,531808.0,175242.0
138609.0,Queens Park Community School,55.0,48.0,9858.0,202.0,36.0,Urban: Nearer to a major town or city,London,304,Brent,E01000489,E02000122,NW6 7BQ,-0.2186167572032705,51.54055926209848,523635.0,183910.0
138337.0,All Saints' Catholic High School,40.0,49.0,9855.0,198.0,33.0,Urban: Nearer to a major town or city,Yorkshire and the Humber,373,Sheffield,E01008095,E02001653,S2 2RJ,-1.457122300803298,53.37327886792022,436216.0,386404.0
137645.0,Hendon School,48.0,50.0,9852.0,192.0,36.0,Urban: Nearer to a major town or city,London,302,Barnet,E01000237,E02000055,NW4 2HP,-0.217817997358137,51.58569893235814,523568.0,188931.0
131752.0,Ark Burlington Danes Academy,33.0,51.0,9850.0,156.0,60.0,Urban: Nearer to a major town or city,London,205,Hammersmith and Fulham,E01035484,E02000372,W12 0HR,-0.2296942366425055,51.5189558497935,522925.0,181489.0
131609.0,The Bridge Academy,39.0,52.0,9848.0,173.0,61.0,Urban: Nearer to a major town or city,London,204,Hackney,E01001773,E02000369,E2 8BA,-0.0729308843996294,51.535585345478154,533752.0,183613.0
100503.0,Sion-Manning Catholic Girls' School,41.0,53.0,9843.0,93.0,56.0,Urban: Nearer to a major town or city,London,207,Kensington and Chelsea,E01002905,E02000578,W10 6EL,-0.2148432650881009,51.5201786278554,523952.0,181650.0
138698.0,Beis Yaakov High School,58.0,54.0,9841.0,45.0,7.0,Urban: Nearer to a major town or city,North West,355,Salford,E01005650,E02001166,M7 4FF,-2.2617346836104404,53.50913130494494,382739.0,401413.0
136944.0,Birmingham Ormiston Academy,44.0,55.0,9839.0,172.0,16.0,Urban: Nearer to a major town or city,West Midlands,330,Birmingham,E01033617,E02001876,B4 7QD,-1.8882174003682777,52.48303471791404,407688.0,287239.0
134693.0,Mossbourne Community Academy,60.0,56.0,9838.0,196.0,46.0,Urban: Nearer to a major town or city,London,204,Hackney,E01001758,E02000360,E5 8JY,-0.0613343921108458,51.551616687544005,534509.0,185417.0
109327.0,St Mary Redcliffe and Temple School,68.0,56.0,9838.0,212.0,17.0,Urban: Nearer to a major town or city,South West,801,"Bristol, City of",E01033370,E02006887,BS1 6RT,-2.588073290097825,51.44631934929403,359228.0,172090.0
141705.0,Fairfield High School,50.0,58.0,9836.0,125.0,38.0,Urban: Nearer to a major town or city,South West,801,"Bristol, City of",E01014664,E02003025,BS7 9NL,-2.573054381110538,51.475401365326235,360297.0,175316.0
100279.0,Stoke Newington School and Sixth Form,45.0,59.0,9835.0,253.0,40.0,Urban: Nearer to a major town or city,London,204,Hackney,E01001737,E02000356,N16 9EX,-0.0845828739696646,51.557889175795744,532879.0,186072.0
136450.0,Platanos College,48.0,60.0,9834.0,178.0,67.0,Urban: Nearer to a major town or city,London,208,Lambeth,E01003126,E02000625,SW9 0AL,-0.1200005038327693,51.4738682673147,530664.0,176665.0
143129.0,Phoenix Academy,23.0,61.0,9830.0,160.0,70.0,Urban: Nearer to a major town or city,London,205,Hammersmith and Fulham,E01001955,E02000373,W12 0RQ,-0.2378196674331393,51.51308908369307,522377.0,180823.0
139695.0,UTC Sheffield,22.0,62.0,9827.0,86.0,19.0,Urban: Nearer to a major town or city,Yorkshire and the Humber,373,Sheffield,E01033274,E02001652,S1 4QF,-1.46838568230268,53.375253059222814,435465.0,386618.0
135970.0,Ark St Alban's Academy,44.0,63.0,9817.0,87.0,72.0,Urban: Nearer to a major town or city,West Midlands,330,Birmingham,E01009362,E02001897,B12 0YH,-1.8897900332286683,52.46635973203008,407584.0,285384.0
100054.0,The Camden School for Girls,80.0,64.0,9816.0,110.0,37.0,Urban: Nearer to a major town or city,London,202,Camden,E01035707,E02000180,NW5 2DB,-0.1346674202714092,51.54599020744854,529441.0,184659.0
100054.0,The Camden School for Girls,80.0,64.0,9816.0,110.0,37.0,Urban: Nearer to a major town or city,London,202,Camden,E01035707,E02000180,NW5 2DB,-0.1346674202714092,51.54599020744854,529441.0,184659.0
100054.0,The Camden School for Girls,80.0,64.0,9816.0,110.0,37.0,Urban: Nearer to a major town or city,London,202,Camden,E01035707,E02000180,NW5 2DB,-0.1346674202714092,51.54599020744854,529441.0,184659.0
100054.0,The Camden School for Girls,80.0,64.0,9816.0,110.0,37.0,Urban: Nearer to a major town or city,London,202,Camden,E01035707,E02000180,NW5 2DB,-0.1346674202714092,51.54599020744854,529441.0,184659.0
100054.0,The Camden School for Girls,80.0,64.0,9816.0,110.0,37.0,Urban: Nearer to a major town or city,London,202,Camden,E01035707,E02000180,NW5 2DB,-0.1346674202714092,51.54599020744854,529441.0,184659.0
100054.0,The Camden School for Girls,80.0,64.0,9816.0,110.0,37.0,Urban: Nearer to a major town or city,London,202,Camden,E01035707,E02000180,NW5 2DB,-0.1346674202714092,51.54599020744854,529441.0,184659.0
100054.0,The Camden School for Girls,80.0,64.0,9816.0,110.0,37.0,Urban: Nearer to a major town or city,London,202,Camden,E01035707,E02000180,NW5 2DB,-0.1346674202714092,51.54599020744854,529441.0,184659.0
100054.0,The Camden School for Girls,80.0,64.0,9816.0,110.0,37.0,Urban: Nearer to a major town or city,London,202,Camden,E01035707,E02000180,NW5 2DB,-0.1346674202714092,51.54599020744854,529441.0,184659.0
100054.0,The Camden School for Girls,80.0,64.0,9816.0,110.0,37.0,Urban: Nearer to a major town or city,London,202,Camden,E01035707,E02000180,NW5 2DB,-0.1346674202714092,51.54599020744854,529441.0,184659.0
100054.0,The Camden School for Girls,80.0,64.0,9816.0,110.0,37.0,Urban: Nearer to a major town or city,London,202,Camden,E01035707,E02000180,NW5 2DB,-0.1346674202714092,51.54599020744854,529441.0,184659.0
100054.0,The Camden School for Girls,80.0,64.0,9816.0,110.0,37.0,Urban: Nearer to a major town or city,London,202,Camden,E01035707,E02000180,NW5 2DB,-0.1346674202714092,51.54599020744854,529441.0,184659.0
100054.0,The Camden School for Girls,80.0,64.0,9816.0,110.0,37.0,Urban: Nearer to a major town or city,London,202,Camden,E01035707,E02000180,NW5 2DB,-0.1346674202714092,51.54599020744854,529441.0,184659.0
100054.0,The Camden School for Girls,80.0,64.0,9816.0,110.0,37.0,Urban: Nearer to a major town or city,London,202,Camden,E01035707,E02000180,NW5 2DB,-0.1346674202714092,51.54599020744854,529441.0,184659.0
100054.0,The Camden School for Girls,80.0,64.0,9816.0,110.0,37.0,Urban: Nearer to a major town or city,London,202,Camden,E01035707,E02000180,NW5 2DB,-0.1346674202714092,51.54599020744854,529441.0,184659.0
100054.0,The Camden School for Girls,80.0,64.0,9816.0,110.0,37.0,Urban: Nearer to a major town or city,London,202,Camden,E01035707,E02000180,NW5 2DB,-0.1346674202714092,51.54599020744854,529441.0,184659.0
100054.0,The Camden School for Girls,80.0,64.0,9816.0,110.0,37.0,Urban: Nearer to a major town or city,London,202,Camden,E01035707,E02000180,NW5 2DB,-0.1346674202714092,51.54599020744854,529441.0,184659.0
100054.0,The Camden School for Girls,80.0,64.0,9816.0,110.0,37.0,Urban: Nearer to a major town or city,London,202,Camden,E01035707,E02000180,NW5 2DB,-0.1346674202714092,51.54599020744854,529441.0,184659.0
100054.0,The Camden School for Girls,80.0,64.0,9816.0,110.0,37.0,Urban: Nearer to a major town or city,London,202,Camden,E01035707,E02000180,NW5 2DB,-0.1346674202714092,51.54599020744854,529441.0,184659.0
100054.0,The Camden School for Girls,80.0,64.0,9816.0,110.0,37.0,Urban: Nearer to a major town or city,London,202,Camden,E01035707,E02000180,NW5 2DB,-0.1346674202714092,51.54599020744854,529441.0,184659.0
100054.0,The Camden School for Girls,80.0,64.0,9816.0,110.0,37.0,Urban: Nearer to a major town or city,London,202,Camden,E01035707,E02000180,NW5 2DB,-0.1346674202714092,51.54599020744854,529441.0,184659.0
100054.0,The Camden School for Girls,80.0,64.0,9816.0,110.0,37.0,Urban: Nearer to a major town or city,London,202,Camden,E01035707,E02000180,NW5 2DB,-0.1346674202714092,51.54599020744854,529441.0,184659.0
100054.0,The Camden School for Girls,80.0,64.0,9816.0,110.0,37.0,Urban: Nearer to a major town or city,London,202,Camden,E01035707,E02000180,NW5 2DB,-0.1346674202714092,51.54599020744854,529441.0,184659.0
100054.0,The Camden School for Girls,80.0,64.0,9816.0,110.0,37.0,Urban: Nearer to a major town or city,London,202,Camden,E01035707,E02000180,NW5 2DB,-0.1346674202714092,51.54599020744854,529441.0,184659.0
100054.0,The Camden School for Girls,80.0,64.0,9816.0,110.0,37.0,Urban: Nearer to a major town or city,London,202,Camden,E01035707,E02000180,NW5 2DB,-0.1346674202714092,51.54599020744854,529441.0,184659.0
100054.0,The Camden School for Girls,80.0,64.0,9816.0,110.0,37.0,Urban: Nearer to a major town or city,London,202,Camden,E01035707,E02000180,NW5 2DB,-0.1346674202714092,51.54599020744854,529441.0,184659.0
100054.0,The Camden School for Girls,80.0,64.0,9816.0,110.0,37.0,Urban: Nearer to a major town or city,London,202,Camden,E01035707,E02000180,NW5 2DB,-0.1346674202714092,51.54599020744854,529441.0,184659.0
100054.0,The Camden School for Girls,80.0,64.0,9816.0,110.0,37.0,Urban: Nearer to a major town or city,London,202,Camden,E01035707,E02000180,NW5 2DB,-0.1346674202714092,51.54599020744854,529441.0,184659.0
100054.0,The Camden School for Girls,80.0,64.0,9816.0,110.0,37.0,Urban: Nearer to a major town or city,London,202,Camden,E01035707,E02000180,NW5 2DB,-0.1346674202714092,51.54599020744854,529441.0,184659.0
100054.0,The Camden School for Girls,80.0,64.0,9816.0,110.0,37.0,Urban: Nearer to a major town or city,London,202,Camden,E01035707,E02000180,NW5 2DB,-0.1346674202714092,51.54599020744854,529441.0,184659.0
100054.0,The Camden School for Girls,80.0,64.0,9816.0,110.0,37.0,Urban: Nearer to a major town or city,London,202,Camden,E01035707,E02000180,NW5 2DB,-0.1346674202714092,51.54599020744854,529441.0,184659.0
100054.0,The Camden School for Girls,80.0,64.0,9816.0,110.0,37.0,Urban: Nearer to a major town or city,London,202,Camden,E01035707,E02000180,NW5 2DB,-0.1346674202714092,51.54599020744854,529441.0,184659.0
100054.0,The Camden School for Girls,80.0,64.0,9816.0,110.0,37.0,Urban: Nearer to a major town or city,London,202,Camden,E01035707,E02000180,NW5 2DB,-0.1346674202714092,51.54599020744854,529441.0,184659.0
131062.0,The Petchey Academy,44.0,80.0,9815.0,168.0,58.0,Urban: Nearer to a major town or city,London,204,Hackney,E01001747,E02000358,E8 2EY,-0.0717325053899596,51.55166230537602,533788.0,185403.0
134225.0,Harris Academy Peckham,16.0,81.0,9810.0,157.0,57.0,Urban: Nearer to a major town or city,London,210,Southwark,E01004066,E02000831,SE15 5DZ,-0.0741275838796775,51.47272789694099,533853.0,176621.0
134226.0,Capital City Academy,36.0,82.0,9804.0,187.0,49.0,Urban: Nearer to a major town or city,London,304,Brent,E01000643,E02000116,NW10 3ST,-0.2347525847674759,51.53909454661011,522520.0,183720.0
101814.0,St Mary's Catholic High School,31.0,83.0,9797.0,129.0,54.0,Urban: Nearer to a major town or city,London,306,Croydon,E01034141,E02000213,CR9 2EE,-0.0980004762147475,51.3806180300427,532461.0,166335.0
136750.0,West London Free School,58.0,84.0,9796.0,119.0,40.0,Urban: Nearer to a major town or city,London,205,Hammersmith and Fulham,E01001932,E02000382,W6 9LP,-0.2378209084847088,51.49252301861017,522432.0,178536.0
100627.0,Saint Gabriel's College,29.0,85.0,9795.0,93.0,60.0,Urban: Nearer to a major town or city,London,208,Lambeth,E01003180,E02000622,SW9 6UL,-0.1023884012406429,51.47597663191152,531881.0,176931.0
144509.0,The City Academy Bristol,31.0,86.0,9793.0,122.0,80.0,Urban: Nearer to a major town or city,South West,801,"Bristol, City of",E01014564,E02006888,BS5 9JH,-2.561608355010645,51.46025172150135,361079.0,173625.0
137935.0,Sacred Heart High School,82.0,87.0,9785.0,158.0,16.0,Urban: Nearer to a major town or city,London,205,Hammersmith and Fulham,E01001898,E02000384,W6 7DG,-0.2233309454508003,51.493581394548066,523435.0,178678.0
143082.0,Bishop Douglass School Finchley,47.0,88.0,9784.0,107.0,48.0,Urban: Nearer to a major town or city,London,302,Barnet,E01000179,E02000052,N2 0SQ,-0.1784095146459066,51.59404086027763,526275.0,189926.0
136636.0,Parkside Community College,63.0,89.0,9783.0,120.0,17.0,Urban: Nearer to a major town or city,East of England,873,Cambridgeshire,E01035517,E02003725,CB1 1EH,0.1285425015754105,52.204446426991225,545550.0,258380.0
102787.0,St Bonaventure's RC School,47.0,90.0,9780.0,181.0,41.0,Urban: Nearer to a major town or city,London,316,Newham,E01003574,E02000730,E7 9QD,0.0247042874737236,51.53886859144168,540513.0,184161.0
139589.0,The Studio School Liverpool,32.0,90.0,9780.0,62.0,34.0,Urban: Nearer to a major town or city,North West,341,Liverpool,E01034403,E02001383,L1 0BS,-2.9786529293983905,53.39461476809947,335019.0,389087.0
139588.0,Liverpool Life Sciences UTC,29.0,90.0,9780.0,75.0,48.0,Urban: Nearer to a major town or city,North West,341,Liverpool,E01034403,E02001383,L1 0BS,-2.9786529293983905,53.39461476809947,335019.0,389087.0
138855.0,Redland Green School,77.0,93.0,9774.0,190.0,7.0,Urban: Nearer to a major town or city,South West,801,"Bristol, City of",E01014669,E02003031,BS6 7EH,-2.6037619906176435,51.47278343765534,358162.0,175042.0
102154.0,Highgate Wood Secondary School,49.0,94.0,9773.0,231.0,39.0,Urban: Nearer to a major town or city,London,309,Haringey,E01001989,E02000429,N8 8RN,-0.1331006938841701,51.581440851373976,529449.0,188604.0
134815.0,Lambeth Academy,41.0,95.0,9770.0,169.0,64.0,Urban: Nearer to a major town or city,London,208,Lambeth,E01003033,E02000636,SW4 9ET,-0.1411608337359959,51.45738931685289,529241.0,174795.0
120292.0,Moat Community College,34.0,96.0,9769.0,207.0,41.0,Urban: Nearer to a major town or city,East Midlands,856,Leicester,E01013746,E02002844,LE2 0TU,-1.1198544128983614,52.633181650579814,459664.0,304298.0
135531.0,Chelsea Academy,56.0,97.0,9762.0,174.0,45.0,Urban: Nearer to a major town or city,London,207,Kensington and Chelsea,E01002841,E02000597,SW10 0AB,-0.1829808632395961,51.47797250196641,526279.0,177011.0
138267.0,Ark Bolingbroke Academy,60.0,97.0,9762.0,115.0,46.0,Urban: Nearer to a major town or city,London,212,Wandsworth,E01004557,E02000937,SW11 6BF,-0.1682590086523847,51.45612512504541,527362.0,174607.0
131690.0,Arts and Media School Islington,39.0,97.0,9762.0,102.0,66.0,Urban: Nearer to a major town or city,London,206,Islington,E01002806,E02000556,N4 3LS,-0.1158690978454197,51.56707419834659,530684.0,187037.0
100455.0,Highbury Fields School,44.0,97.0,9762.0,120.0,74.0,Urban: Nearer to a major town or city,London,206,Islington,E01002745,E02000566,N5 1AR,-0.1015000901867215,51.55280494655066,531721.0,185476.0
102545.0,Gunnersbury Catholic School,64.0,101.0,9759.0,180.0,22.0,Urban: Nearer to a major town or city,London,313,Hounslow,E01002563,E02000531,TW8 9LB,-0.3139225467124582,51.49337158078133,517147.0,178506.0
135575.0,Bristol Cathedral Choir School,56.0,102.0,9758.0,115.0,14.0,Urban: Nearer to a major town or city,South West,801,"Bristol, City of",E01033909,E02006952,BS1 5TS,-2.6007858620581836,51.45122715555294,358349.0,172643.0
136126.0,Sidney Stringer Academy,42.0,103.0,9757.0,205.0,54.0,Urban: Nearer to a major town or city,West Midlands,331,Coventry,E01009638,E02001981,CV1 5LY,-1.5022891614966956,52.411822179123945,433951.0,279428.0
142339.0,Barr's Hill School and Community College,12.0,104.0,9751.0,100.0,50.0,Urban: Nearer to a major town or city,West Midlands,331,Coventry,E01009630,E02001977,CV1 4BU,-1.5160713492132292,52.41523243721037,433011.0,279801.0
100977.0,Sir John Cass Foundation and Redcoat Church of England Secondary School,49.0,104.0,9751.0,195.0,62.0,Urban: Nearer to a major town or city,London,211,Tower Hamlets,E01004288,E02000882,E1 0RH,-0.0439216404571735,51.5163553567925,535821.0,181528.0
101564.0,Newman Catholic College,30.0,106.0,9749.0,105.0,30.0,Urban: Nearer to a major town or city,London,304,Brent,E01000533,E02000123,NW10 3RN,-0.2391644015575004,51.53762307378889,522218.0,183549.0
137539.0,Hasmonean High School,73.0,106.0,9749.0,150.0,14.0,Urban: Nearer to a major town or city,London,302,Barnet,E01000198,E02000048,NW4 1NA,-0.2144071374528878,51.59648290786754,523775.0,190136.0
136966.0,Hayesfield Girls School,57.0,108.0,9747.0,171.0,14.0,Urban: Nearer to a major town or city,South West,800,Bath and North East Somerset,E01014484,E02002996,BA2 3LA,-2.37187633579643,51.376304183442016,374213.0,164205.0
133386.0,Greig City Academy,24.0,109.0,9743.0,163.0,90.0,Urban: Nearer to a major town or city,London,309,Haringey,E01033946,E02000416,N8 7NU,-0.1176708708334471,51.58739010686614,530501.0,189293.0
100967.0,Morpeth School,46.0,109.0,9743.0,226.0,66.0,Urban: Nearer to a major town or city,London,211,Tower Hamlets,E01004259,E02000870,E2 0PX,-0.0476943950173032,51.52654385568221,535529.0,182654.0
100965.0,Bow School,27.0,111.0,9721.0,94.0,69.0,Urban: Nearer to a major town or city,London,211,Tower Hamlets,E01035667,E02000871,E3 3QW,-0.0094691798954275,51.52339281020428,538190.0,182375.0
138082.0,Hull Trinity House Academy,43.0,111.0,9721.0,53.0,38.0,Urban: Nearer to a major town or city,Yorkshire and the Humber,810,"Kingston upon Hull, City of",E01012857,E02002675,HU3 1UP,-0.3485120274474614,53.756406887862816,508982.0,430157.0
134253.0,Djanogly City Academy,37.0,113.0,9716.0,117.0,50.0,Urban: Nearer to a major town or city,East Midlands,892,Nottingham,E01013847,E02002884,NG7 6ND,-1.16403498641598,52.96689620791881,456243.0,341384.0
137309.0,The King David High School,78.0,114.0,9712.0,116.0,9.0,Urban: Nearer to a major town or city,North West,352,Manchester,E01005165,E02001052,M8 5DY,-2.2453089752308135,53.516042223823256,383831.0,402178.0
139842.0,Burntwood School,46.0,115.0,9710.0,272.0,45.0,Urban: Nearer to a major town or city,London,212,Wandsworth,E01004497,E02000946,SW17 0AQ,-0.1797160951610844,51.43804809507786,526616.0,172577.0
138251.0,Dixons Trinity Academy,70.0,116.0,9708.0,111.0,34.0,Urban: Nearer to a major town or city,Yorkshire and the Humber,380,Bradford,E01010733,E02002230,BD5 0BE,-1.7615723163995685,53.78628621120265,415807.0,432243.0
137157.0,The London Oratory School,77.0,117.0,9695.0,177.0,8.0,Urban: Nearer to a major town or city,London,205,Hammersmith and Fulham,E01001883,E02000388,SW6 1RX,-0.1938128309162791,51.48192571166659,525516.0,177432.0
143385.0,Norlington School and 6th Form,44.0,117.0,9695.0,87.0,66.0,Urban: Nearer to a major town or city,London,320,Waltham Forest,E01004370,E02000917,E10 6JZ,-0.0017950551101067,51.56729055846549,538589.0,187271.0
100050.0,Parliament Hill School,53.0,119.0,9694.0,172.0,58.0,Urban: Nearer to a major town or city,London,202,Camden,E01000912,E02000166,NW5 1RL,-0.149622484545996,51.55845692971833,528369.0,186019.0
142340.0,Bolton Muslim Girls School,64.0,119.0,9694.0,118.0,31.0,Urban: Nearer to a major town or city,North West,350,Bolton,E01004854,E02001006,BL3 6TQ,-2.4409470048685895,53.56618409453403,370893.0,407819.0
142648.0,Millthorpe School,39.0,119.0,9694.0,201.0,18.0,Urban: Nearer to a major town or city,Yorkshire and the Humber,816,York,E01013413,E02002788,YO23 1WF,-1.0904769438454307,53.94891081374205,459791.0,450693.0
135965.0,Ark Charter Academy,49.0,119.0,9694.0,110.0,57.0,Urban: Nearer to a major town or city,South East,851,Portsmouth,E01017032,E02006975,PO5 4HL,-1.0881606269885764,50.796213177520194,464360.0,100025.0
100625.0,Lilian Baylis Technology School,51.0,123.0,9692.0,118.0,91.0,Urban: Nearer to a major town or city,London,208,Lambeth,E01003102,E02000621,SE11 5QY,-0.1176372293509271,51.48615932434001,530793.0,178036.0
101811.0,Archbishop Tenison's CofE High School,42.0,124.0,9686.0,110.0,16.0,Urban: Nearer to a major town or city,London,306,Croydon,E01001044,E02000216,CR0 5JQ,-0.0818834429726112,51.3694468237848,533615.0,165122.0
100053.0,Acland Burghley School,54.0,125.0,9681.0,160.0,38.0,Urban: Nearer to a major town or city,London,202,Camden,E01000928,E02000168,NW5 1UJ,-0.1411053008247416,51.55753101540594,528962.0,185931.0
139365.0,Fulham Cross Girls' School and Language College,55.0,126.0,9672.0,114.0,63.0,Urban: Nearer to a major town or city,London,205,Hammersmith and Fulham,E01001903,E02000390,SW6 6BP,-0.2141419743366099,51.48136473341596,524106.0,177335.0
136883.0,Chestnut Grove School,48.0,126.0,9672.0,141.0,43.0,Urban: Nearer to a major town or city,London,212,Wandsworth,E01004545,E02000949,SW12 8JZ,-0.1554639571196889,51.444656645375005,528283.0,173354.0
136900.0,St Wilfrid's Church of England Academy,48.0,128.0,9671.0,231.0,21.0,Urban: Nearer to a major town or city,North West,889,Blackburn with Darwen,E01012622,E02002623,BB2 2JR,-2.4945562736171456,53.742646994995695,367479.0,427475.0
137801.0,Trinity CofE High School,46.0,129.0,9668.0,233.0,48.0,Urban: Nearer to a major town or city,North West,352,Manchester,E01034117,E02001063,M15 6HP,-2.2389338917442276,53.46570243893792,384235.0,396576.0
102239.0,Whitmore High School,57.0,130.0,9665.0,265.0,31.0,Urban: Nearer to a major town or city,London,310,Harrow,E01002136,E02000459,HA2 0AD,-0.3531532410592583,51.57315177320954,514224.0,187316.0
134224.0,Manchester Academy,30.0,130.0,9665.0,155.0,83.0,Urban: Nearer to a major town or city,North West,352,Manchester,E01005244,E02001069,M14 4PX,-2.234748183708063,53.45781882596001,384510.0,395698.0
100284.0,The Urswick School - A Church of England Secondary School,25.0,132.0,9662.0,134.0,78.0,Urban: Nearer to a major town or city,London,204,Hackney,E01001731,E02000361,E9 6NR,-0.0538939084321043,51.544452152469,535046.0,184634.0
135316.0,Ashcroft Technology Academy,67.0,133.0,9660.0,199.0,47.0,Urban: Nearer to a major town or city,London,212,Wandsworth,E01004499,E02000942,SW15 2UT,-0.2074423167712499,51.45644267240112,524639.0,174575.0
130909.0,Dixons City Academy,54.0,134.0,9648.0,166.0,34.0,Urban: Nearer to a major town or city,Yorkshire and the Humber,380,Bradford,E01010732,E02002230,BD5 7RR,-1.7571884114248444,53.78059705894094,416098.0,431611.0
110488.0,The Grange School,37.0,135.0,9643.0,227.0,13.0,Urban: Nearer to a major town or city,South East,825,Buckinghamshire,E01017637,E02003668,HP21 7NH,-0.7990811177772137,51.80918413988774,482890.0,212964.0
140985.0,Harris Academy Battersea,65.0,136.0,9630.0,109.0,87.0,Urban: Nearer to a major town or city,London,212,Wandsworth,E01004539,E02000925,SW11 5AP,-0.1594808550977445,51.473253594082536,527924.0,176527.0
139154.0,Hitchin Boys' School,59.0,137.0,9626.0,162.0,7.0,Urban: Nearer to a major town or city,East of England,919,Hertfordshire,E01023616,E02004920,SG5 1JB,-0.2784831031538001,51.951171091092704,518406.0,229474.0
135835.0,"The City Academy, Hackney",52.0,138.0,9623.0,175.0,58.0,Urban: Nearer to a major town or city,London,204,Hackney,E01001735,E02000363,E9 6EA,-0.0484190442879793,51.54870470208168,535413.0,185117.0
135073.0,Haberdashers' Aske's Hatcham College,50.0,139.0,9621.0,202.0,37.0,Urban: Nearer to a major town or city,London,209,Lewisham,E01003342,E02000662,SE14 5SF,-0.0434783799868452,51.467849586597154,535996.0,176135.0
116505.0,St Edmund's Catholic School,57.0,139.0,9621.0,132.0,39.0,Urban: Nearer to a major town or city,South East,851,Portsmouth,E01017032,E02006975,PO1 1RX,-1.0858121190204029,50.79876674762989,464522.0,100311.0
138222.0,Aston University Engineering Academy,28.0,141.0,9616.0,109.0,48.0,Urban: Nearer to a major town or city,West Midlands,330,Birmingham,E01033561,E02001876,B7 4AG,-1.8864203329696856,52.489020352539704,407809.0,287905.0
136887.0,Chesterton Community College,80.0,141.0,9616.0,167.0,10.0,Urban: Nearer to a major town or city,East of England,873,Cambridgeshire,E01018007,E02003722,CB4 3NY,0.1204220208930687,52.217397173404166,544953.0,259804.0
136418.0,The Compton School,64.0,143.0,9613.0,201.0,35.0,Urban: Nearer to a major town or city,London,302,Barnet,E01000315,E02000045,N12 0QG,-0.1630570671537561,51.60955619294389,527295.0,191678.0
138448.0,Orchard School Bristol,28.0,143.0,9613.0,121.0,50.0,Urban: Nearer to a major town or city,South West,801,"Bristol, City of",E01014630,E02003016,BS7 0XZ,-2.5808553565772603,51.498929615120424,359776.0,177937.0
100638.0,Bishop Thomas Grant Catholic Secondary School,61.0,145.0,9608.0,165.0,24.0,Urban: Nearer to a major town or city,London,208,Lambeth,E01003149,E02000647,SW16 2HY,-0.1187133743022609,51.42497183493602,530893.0,171230.0
102929.0,Christ's Church of England Comprehensive Secondary School,53.0,146.0,9605.0,112.0,31.0,Urban: Nearer to a major town or city,London,318,Richmond upon Thames,E01003875,E02000789,TW10 6HW,-0.2882367753695459,51.45874664330055,519020.0,174697.0
137678.0,The Hollyfield School and Sixth Form Centre,53.0,146.0,9605.0,175.0,18.0,Urban: Nearer to a major town or city,London,314,Kingston upon Thames,E01002990,E02000606,KT6 4TU,-0.2990314982743122,51.39681035985357,518430.0,167792.0
100966.0,Langdon Park Community School,42.0,148.0,9598.0,161.0,72.0,Urban: Nearer to a major town or city,London,211,Tower Hamlets,E01035679,E02000881,E14 0RZ,-0.0122591143650493,51.515274582598664,538021.0,181467.0
138607.0,Lady Margaret School,74.0,149.0,9597.0,116.0,26.0,Urban: Nearer to a major town or city,London,205,Hammersmith and Fulham,E01001922,E02000391,SW6 4UN,-0.1996188961769112,51.474191411498985,525134.0,176562.0
138461.0,Waldegrave School,80.0,149.0,9597.0,202.0,13.0,Urban: Nearer to a major town or city,London,318,Richmond upon Thames,E01003900,E02000798,TW2 5LH,-0.3509744159070762,51.4394401181334,514710.0,172450.0
137442.0,Clapton Girls' Academy,62.0,151.0,9592.0,175.0,53.0,Urban: Nearer to a major town or city,London,204,Hackney,E01001794,E02000355,E5 0RB,-0.0519555575556047,51.55472556985213,535150.0,185780.0
136298.0,The Charter School,61.0,151.0,9592.0,178.0,29.0,Urban: Nearer to a major town or city,London,210,Southwark,E01004048,E02000833,SE24 9JH,-0.0892661819825077,51.45641087439422,532849.0,174779.0
138220.0,Tauheedul Islam Boys' High School,76.0,153.0,9587.0,75.0,19.0,Urban: Nearer to a major town or city,North West,889,Blackburn with Darwen,E01012655,E02002620,BB2 2LD,-2.4889412916496036,53.74221164360196,367849.0,427424.0
141175.0,Priory School,38.0,153.0,9587.0,210.0,37.0,Urban: Nearer to a major town or city,South East,851,Portsmouth,E01017022,E02003543,PO4 0DL,-1.0767322434496882,50.79507107416538,465167.0,99908.0
141019.0,Ark Elvin Academy,21.0,153.0,9587.0,161.0,33.0,Urban: Nearer to a major town or city,London,304,Brent,E01000636,E02000112,HA9 7DU,-0.2909703333690275,51.55236302116075,518587.0,185103.0
131310.0,Elthorne Park High School,62.0,156.0,9580.0,167.0,24.0,Urban: Nearer to a major town or city,London,307,Ealing,E01001248,E02000272,W7 2AH,-0.329599395541181,51.49997151978803,516042.0,179215.0
137221.0,Drayton Manor High School,53.0,157.0,9575.0,236.0,39.0,Urban: Nearer to a major town or city,London,307,Ealing,E01001288,E02000259,W7 1EU,-0.3357178468242537,51.51591214703357,515577.0,180978.0
137094.0,Enfield Grammar School,48.0,157.0,9575.0,178.0,31.0,Urban: Nearer to a major town or city,London,308,Enfield,E01001536,E02000284,EN2 6LN,-0.0831628171132515,51.65300683044603,532700.0,196652.0
136650.0,Coleridge Community College,39.0,159.0,9570.0,108.0,29.0,Urban: Nearer to a major town or city,East of England,873,Cambridgeshire,E01017967,E02003728,CB1 3RJ,0.1518042905006119,52.192766316286225,547178.0,257128.0
139434.0,Buckinghamshire UTC,16.0,159.0,9570.0,25.0,32.0,Urban: Nearer to a major town or city,South East,825,Buckinghamshire,E01017712,E02003669,HP21 8PB,-0.8264135086936154,51.813506023150104,480998.0,213414.0
141617.0,The Hurlingham Academy,61.0,161.0,9565.0,71.0,58.0,Urban: Nearer to a major town or city,London,205,Hammersmith and Fulham,E01001934,E02000396,SW6 3ED,-0.1965003970975918,51.46782165403145,525368.0,175859.0
137388.0,Christ's College Finchley,60.0,161.0,9565.0,144.0,40.0,Urban: Nearer to a major town or city,London,302,Barnet,E01000210,E02000056,N2 0SE,-0.1872370339202829,51.59098531551733,525672.0,189571.0
141741.0,Chase High School,17.0,163.0,9562.0,191.0,48.0,Urban: Nearer to a major town or city,East of England,882,Southend-on-Sea,E01015860,E02003282,SS0 0RT,0.6893544482244367,51.55263830714148,586545.0,187177.0
136822.0,Bristol Free School,40.0,163.0,9562.0,128.0,30.0,Urban: Nearer to a major town or city,South West,801,"Bristol, City of",E01014691,E02003013,BS10 6NJ,-2.6131139297510027,51.50128303953232,357539.0,178217.0
138610.0,Alperton Community School,38.0,165.0,9553.0,213.0,26.0,Urban: Nearer to a major town or city,London,304,Brent,E01000473,E02000121,HA0 4JE,-0.2926770683436112,51.54337736647311,518492.0,184101.0
141165.0,Queen Elizabeth's Grammar School,39.0,165.0,9553.0,99.0,13.0,Urban: Nearer to a major town or city,North West,889,Blackburn with Darwen,E01012587,E02002616,BB2 6DF,-2.4959567857408556,53.7533997885836,367395.0,428672.0
100637.0,La Retraite Roman Catholic Girls' School,61.0,165.0,9553.0,144.0,35.0,Urban: Nearer to a major town or city,London,208,Lambeth,E01003157,E02000640,SW12 0AB,-0.1427762905174991,51.44772972209575,529156.0,173718.0
136147.0,Aylward Academy,28.0,168.0,9543.0,215.0,58.0,Urban: Nearer to a major town or city,London,308,Enfield,E01001465,E02000307,N18 1NB,-0.0815171830736991,51.61772022348798,532917.0,192731.0
137970.0,The Cherwell School,71.0,169.0,9540.0,264.0,17.0,Urban: Nearer to a major town or city,South East,931,Oxfordshire,E01035740,E02005942,OX2 7EE,-1.2582124181016596,51.77561573000859,451275.0,208809.0
137970.0,The Cherwell School,71.0,169.0,9540.0,264.0,17.0,Urban: Nearer to a major town or city,South East,931,Oxfordshire,E01035740,E02005942,OX2 7EE,-1.2582124181016596,51.77561573000859,451275.0,208809.0
137970.0,The Cherwell School,71.0,169.0,9540.0,264.0,17.0,Urban: Nearer to a major town or city,South East,931,Oxfordshire,E01035740,E02005942,OX2 7EE,-1.2582124181016596,51.77561573000859,451275.0,208809.0
137970.0,The Cherwell School,71.0,169.0,9540.0,264.0,17.0,Urban: Nearer to a major town or city,South East,931,Oxfordshire,E01035740,E02005942,OX2 7EE,-1.2582124181016596,51.77561573000859,451275.0,208809.0
137970.0,The Cherwell School,71.0,169.0,9540.0,264.0,17.0,Urban: Nearer to a major town or city,South East,931,Oxfordshire,E01035740,E02005942,OX2 7EE,-1.2582124181016596,51.77561573000859,451275.0,208809.0
137970.0,The Cherwell School,71.0,169.0,9540.0,264.0,17.0,Urban: Nearer to a major town or city,South East,931,Oxfordshire,E01035740,E02005942,OX2 7EE,-1.2582124181016596,51.77561573000859,451275.0,208809.0
137970.0,The Cherwell School,71.0,169.0,9540.0,264.0,17.0,Urban: Nearer to a major town or city,South East,931,Oxfordshire,E01035740,E02005942,OX2 7EE,-1.2582124181016596,51.77561573000859,451275.0,208809.0
137970.0,The Cherwell School,71.0,169.0,9540.0,264.0,17.0,Urban: Nearer to a major town or city,South East,931,Oxfordshire,E01035740,E02005942,OX2 7EE,-1.2582124181016596,51.77561573000859,451275.0,208809.0
137970.0,The Cherwell School,71.0,169.0,9540.0,264.0,17.0,Urban: Nearer to a major town or city,South East,931,Oxfordshire,E01035740,E02005942,OX2 7EE,-1.2582124181016596,51.77561573000859,451275.0,208809.0
137970.0,The Cherwell School,71.0,169.0,9540.0,264.0,17.0,Urban: Nearer to a major town or city,South East,931,Oxfordshire,E01035740,E02005942,OX2 7EE,-1.2582124181016596,51.77561573000859,451275.0,208809.0
137288.0,Hitchin Girls' School,69.0,169.0,9540.0,165.0,13.0,Urban: Nearer to a major town or city,East of England,919,Hertfordshire,E01023609,E02004921,SG4 9RS,-0.2693964872342567,51.94794425871294,519039.0,229130.0
137970.0,The Cherwell School,71.0,169.0,9540.0,264.0,17.0,Urban: Nearer to a major town or city,South East,931,Oxfordshire,E01035740,E02005942,OX2 7EE,-1.2582124181016596,51.77561573000859,451275.0,208809.0
137970.0,The Cherwell School,71.0,169.0,9540.0,264.0,17.0,Urban: Nearer to a major town or city,South East,931,Oxfordshire,E01035740,E02005942,OX2 7EE,-1.2582124181016596,51.77561573000859,451275.0,208809.0
137970.0,The Cherwell School,71.0,169.0,9540.0,264.0,17.0,Urban: Nearer to a major town or city,South East,931,Oxfordshire,E01035740,E02005942,OX2 7EE,-1.2582124181016596,51.77561573000859,451275.0,208809.0
137970.0,The Cherwell School,71.0,169.0,9540.0,264.0,17.0,Urban: Nearer to a major town or city,South East,931,Oxfordshire,E01035740,E02005942,OX2 7EE,-1.2582124181016596,51.77561573000859,451275.0,208809.0
137970.0,The Cherwell School,71.0,169.0,9540.0,264.0,17.0,Urban: Nearer to a major town or city,South East,931,Oxfordshire,E01035740,E02005942,OX2 7EE,-1.2582124181016596,51.77561573000859,451275.0,208809.0
137970.0,The Cherwell School,71.0,169.0,9540.0,264.0,17.0,Urban: Nearer to a major town or city,South East,931,Oxfordshire,E01035740,E02005942,OX2 7EE,-1.2582124181016596,51.77561573000859,451275.0,208809.0
137970.0,The Cherwell School,71.0,169.0,9540.0,264.0,17.0,Urban: Nearer to a major town or city,South East,931,Oxfordshire,E01035740,E02005942,OX2 7EE,-1.2582124181016596,51.77561573000859,451275.0,208809.0
137970.0,The Cherwell School,71.0,169.0,9540.0,264.0,17.0,Urban: Nearer to a major town or city,South East,931,Oxfordshire,E01035740,E02005942,OX2 7EE,-1.2582124181016596,51.77561573000859,451275.0,208809.0
137970.0,The Cherwell School,71.0,169.0,9540.0,264.0,17.0,Urban: Nearer to a major town or city,South East,931,Oxfordshire,E01035740,E02005942,OX2 7EE,-1.2582124181016596,51.77561573000859,451275.0,208809.0
137970.0,The Cherwell School,71.0,169.0,9540.0,264.0,17.0,Urban: Nearer to a major town or city,South East,931,Oxfordshire,E01035740,E02005942,OX2 7EE,-1.2582124181016596,51.77561573000859,451275.0,208809.0
137970.0,The Cherwell School,71.0,169.0,9540.0,264.0,17.0,Urban: Nearer to a major town or city,South East,931,Oxfordshire,E01035740,E02005942,OX2 7EE,-1.2582124181016596,51.77561573000859,451275.0,208809.0
137970.0,The Cherwell School,71.0,169.0,9540.0,264.0,17.0,Urban: Nearer to a major town or city,South East,931,Oxfordshire,E01035740,E02005942,OX2 7EE,-1.2582124181016596,51.77561573000859,451275.0,208809.0
137970.0,The Cherwell School,71.0,169.0,9540.0,264.0,17.0,Urban: Nearer to a major town or city,South East,931,Oxfordshire,E01035740,E02005942,OX2 7EE,-1.2582124181016596,51.77561573000859,451275.0,208809.0
137970.0,The Cherwell School,71.0,169.0,9540.0,264.0,17.0,Urban: Nearer to a major town or city,South East,931,Oxfordshire,E01035740,E02005942,OX2 7EE,-1.2582124181016596,51.77561573000859,451275.0,208809.0
137970.0,The Cherwell School,71.0,169.0,9540.0,264.0,17.0,Urban: Nearer to a major town or city,South East,931,Oxfordshire,E01035740,E02005942,OX2 7EE,-1.2582124181016596,51.77561573000859,451275.0,208809.0
137970.0,The Cherwell School,71.0,169.0,9540.0,264.0,17.0,Urban: Nearer to a major town or city,South East,931,Oxfordshire,E01035740,E02005942,OX2 7EE,-1.2582124181016596,51.77561573000859,451275.0,208809.0
137970.0,The Cherwell School,71.0,169.0,9540.0,264.0,17.0,Urban: Nearer to a major town or city,South East,931,Oxfordshire,E01035740,E02005942,OX2 7EE,-1.2582124181016596,51.77561573000859,451275.0,208809.0
138682.0,Southfields Academy,32.0,169.0,9540.0,117.0,50.0,Urban: Nearer to a major town or city,London,212,Wandsworth,E01004595,E02000947,SW18 5JU,-0.1970608043943822,51.44519547764575,525391.0,173342.0
137970.0,The Cherwell School,71.0,169.0,9540.0,264.0,17.0,Urban: Nearer to a major town or city,South East,931,Oxfordshire,E01035740,E02005942,OX2 7EE,-1.2582124181016596,51.77561573000859,451275.0,208809.0
137970.0,The Cherwell School,71.0,169.0,9540.0,264.0,17.0,Urban: Nearer to a major town or city,South East,931,Oxfordshire,E01035740,E02005942,OX2 7EE,-1.2582124181016596,51.77561573000859,451275.0,208809.0
137272.0,Blue Coat Church of England School and Music College,60.0,169.0,9540.0,205.0,20.0,Urban: Nearer to a major town or city,West Midlands,331,Coventry,E01009633,E02001985,CV1 2BA,-1.491828976577906,52.39964105512442,434672.0,278078.0
136377.0,Wellington School,61.0,169.0,9540.0,233.0,13.0,Urban: Nearer to a major town or city,North West,358,Trafford,E01006191,E02001281,WA15 7RH,-2.335015395214613,53.39408411716439,377819.0,388634.0
137970.0,The Cherwell School,71.0,169.0,9540.0,264.0,17.0,Urban: Nearer to a major town or city,South East,931,Oxfordshire,E01035740,E02005942,OX2 7EE,-1.2582124181016596,51.77561573000859,451275.0,208809.0
137970.0,The Cherwell School,71.0,169.0,9540.0,264.0,17.0,Urban: Nearer to a major town or city,South East,931,Oxfordshire,E01035740,E02005942,OX2 7EE,-1.2582124181016596,51.77561573000859,451275.0,208809.0
137970.0,The Cherwell School,71.0,169.0,9540.0,264.0,17.0,Urban: Nearer to a major town or city,South East,931,Oxfordshire,E01035740,E02005942,OX2 7EE,-1.2582124181016596,51.77561573000859,451275.0,208809.0
107140.0,King Edward VII School,44.0,189.0,9530.0,218.0,30.0,Urban: Nearer to a major town or city,Yorkshire and the Humber,373,Sheffield,E01034843,E02001646,S10 2PW,-1.495746013482596,53.37623448309078,433644.0,386714.0
107140.0,King Edward VII School,44.0,189.0,9530.0,218.0,30.0,Urban: Nearer to a major town or city,Yorkshire and the Humber,373,Sheffield,E01034843,E02001646,S10 2PW,-1.495746013482596,53.37623448309078,433644.0,386714.0
107140.0,King Edward VII School,44.0,189.0,9530.0,218.0,30.0,Urban: Nearer to a major town or city,Yorkshire and the Humber,373,Sheffield,E01034843,E02001646,S10 2PW,-1.495746013482596,53.37623448309078,433644.0,386714.0
107140.0,King Edward VII School,44.0,189.0,9530.0,218.0,30.0,Urban: Nearer to a major town or city,Yorkshire and the Humber,373,Sheffield,E01034843,E02001646,S10 2PW,-1.495746013482596,53.37623448309078,433644.0,386714.0
107140.0,King Edward VII School,44.0,189.0,9530.0,218.0,30.0,Urban: Nearer to a major town or city,Yorkshire and the Humber,373,Sheffield,E01034843,E02001646,S10 2PW,-1.495746013482596,53.37623448309078,433644.0,386714.0
107140.0,King Edward VII School,44.0,189.0,9530.0,218.0,30.0,Urban: Nearer to a major town or city,Yorkshire and the Humber,373,Sheffield,E01034843,E02001646,S10 2PW,-1.495746013482596,53.37623448309078,433644.0,386714.0
139268.0,UTC Reading,50.0,189.0,9530.0,56.0,29.0,Urban: Nearer to a major town or city,South East,870,Reading,E01016401,E02003400,RG1 5RQ,-0.9404355106333904,51.44765268626771,473728.0,172606.0
107140.0,King Edward VII School,44.0,189.0,9530.0,218.0,30.0,Urban: Nearer to a major town or city,Yorkshire and the Humber,373,Sheffield,E01034843,E02001646,S10 2PW,-1.495746013482596,53.37623448309078,433644.0,386714.0
137177.0,Harrow High School,42.0,189.0,9530.0,123.0,32.0,Urban: Nearer to a major town or city,London,310,Harrow,E01002127,E02000455,HA1 2JG,-0.3276515505581861,51.57989522945222,515974.0,188106.0
107140.0,King Edward VII School,44.0,189.0,9530.0,218.0,30.0,Urban: Nearer to a major town or city,Yorkshire and the Humber,373,Sheffield,E01034843,E02001646,S10 2PW,-1.495746013482596,53.37623448309078,433644.0,386714.0
107140.0,King Edward VII School,44.0,189.0,9530.0,218.0,30.0,Urban: Nearer to a major town or city,Yorkshire and the Humber,373,Sheffield,E01034843,E02001646,S10 2PW,-1.495746013482596,53.37623448309078,433644.0,386714.0
107140.0,King Edward VII School,44.0,189.0,9530.0,218.0,30.0,Urban: Nearer to a major town or city,Yorkshire and the Humber,373,Sheffield,E01034843,E02001646,S10 2PW,-1.495746013482596,53.37623448309078,433644.0,386714.0
107140.0,King Edward VII School,44.0,189.0,9530.0,218.0,30.0,Urban: Nearer to a major town or city,Yorkshire and the Humber,373,Sheffield,E01034843,E02001646,S10 2PW,-1.495746013482596,53.37623448309078,433644.0,386714.0
107140.0,King Edward VII School,44.0,189.0,9530.0,218.0,30.0,Urban: Nearer to a major town or city,Yorkshire and the Humber,373,Sheffield,E01034843,E02001646,S10 2PW,-1.495746013482596,53.37623448309078,433644.0,386714.0
107140.0,King Edward VII School,44.0,189.0,9530.0,218.0,30.0,Urban: Nearer to a major town or city,Yorkshire and the Humber,373,Sheffield,E01034843,E02001646,S10 2PW,-1.495746013482596,53.37623448309078,433644.0,386714.0
107140.0,King Edward VII School,44.0,189.0,9530.0,218.0,30.0,Urban: Nearer to a major town or city,Yorkshire and the Humber,373,Sheffield,E01034843,E02001646,S10 2PW,-1.495746013482596,53.37623448309078,433644.0,386714.0
107140.0,King Edward VII School,44.0,189.0,9530.0,218.0,30.0,Urban: Nearer to a major town or city,Yorkshire and the Humber,373,Sheffield,E01034843,E02001646,S10 2PW,-1.495746013482596,53.37623448309078,433644.0,386714.0
107140.0,King Edward VII School,44.0,189.0,9530.0,218.0,30.0,Urban: Nearer to a major town or city,Yorkshire and the Humber,373,Sheffield,E01034843,E02001646,S10 2PW,-1.495746013482596,53.37623448309078,433644.0,386714.0
107140.0,King Edward VII School,44.0,189.0,9530.0,218.0,30.0,Urban: Nearer to a major town or city,Yorkshire and the Humber,373,Sheffield,E01034843,E02001646,S10 2PW,-1.495746013482596,53.37623448309078,433644.0,386714.0
107140.0,King Edward VII School,44.0,189.0,9530.0,218.0,30.0,Urban: Nearer to a major town or city,Yorkshire and the Humber,373,Sheffield,E01034843,E02001646,S10 2PW,-1.495746013482596,53.37623448309078,433644.0,386714.0
107140.0,King Edward VII School,44.0,189.0,9530.0,218.0,30.0,Urban: Nearer to a major town or city,Yorkshire and the Humber,373,Sheffield,E01034843,E02001646,S10 2PW,-1.495746013482596,53.37623448309078,433644.0,386714.0
107140.0,King Edward VII School,44.0,189.0,9530.0,218.0,30.0,Urban: Nearer to a major town or city,Yorkshire and the Humber,373,Sheffield,E01034843,E02001646,S10 2PW,-1.495746013482596,53.37623448309078,433644.0,386714.0
107140.0,King Edward VII School,44.0,189.0,9530.0,218.0,30.0,Urban: Nearer to a major town or city,Yorkshire and the Humber,373,Sheffield,E01034843,E02001646,S10 2PW,-1.495746013482596,53.37623448309078,433644.0,386714.0
107140.0,King Edward VII School,44.0,189.0,9530.0,218.0,30.0,Urban: Nearer to a major town or city,Yorkshire and the Humber,373,Sheffield,E01034843,E02001646,S10 2PW,-1.495746013482596,53.37623448309078,433644.0,386714.0
107140.0,King Edward VII School,44.0,189.0,9530.0,218.0,30.0,Urban: Nearer to a major town or city,Yorkshire and the Humber,373,Sheffield,E01034843,E02001646,S10 2PW,-1.495746013482596,53.37623448309078,433644.0,386714.0
107140.0,King Edward VII School,44.0,189.0,9530.0,218.0,30.0,Urban: Nearer to a major town or city,Yorkshire and the Humber,373,Sheffield,E01034843,E02001646,S10 2PW,-1.495746013482596,53.37623448309078,433644.0,386714.0
107140.0,King Edward VII School,44.0,189.0,9530.0,218.0,30.0,Urban: Nearer to a major town or city,Yorkshire and the Humber,373,Sheffield,E01034843,E02001646,S10 2PW,-1.495746013482596,53.37623448309078,433644.0,386714.0
107140.0,King Edward VII School,44.0,189.0,9530.0,218.0,30.0,Urban: Nearer to a major town or city,Yorkshire and the Humber,373,Sheffield,E01034843,E02001646,S10 2PW,-1.495746013482596,53.37623448309078,433644.0,386714.0
107140.0,King Edward VII School,44.0,189.0,9530.0,218.0,30.0,Urban: Nearer to a major town or city,Yorkshire and the Humber,373,Sheffield,E01034843,E02001646,S10 2PW,-1.495746013482596,53.37623448309078,433644.0,386714.0
107140.0,King Edward VII School,44.0,189.0,9530.0,218.0,30.0,Urban: Nearer to a major town or city,Yorkshire and the Humber,373,Sheffield,E01034843,E02001646,S10 2PW,-1.495746013482596,53.37623448309078,433644.0,386714.0
107140.0,King Edward VII School,44.0,189.0,9530.0,218.0,30.0,Urban: Nearer to a major town or city,Yorkshire and the Humber,373,Sheffield,E01034843,E02001646,S10 2PW,-1.495746013482596,53.37623448309078,433644.0,386714.0
107140.0,King Edward VII School,44.0,189.0,9530.0,218.0,30.0,Urban: Nearer to a major town or city,Yorkshire and the Humber,373,Sheffield,E01034843,E02001646,S10 2PW,-1.495746013482596,53.37623448309078,433644.0,386714.0
107140.0,King Edward VII School,44.0,189.0,9530.0,218.0,30.0,Urban: Nearer to a major town or city,Yorkshire and the Humber,373,Sheffield,E01034843,E02001646,S10 2PW,-1.495746013482596,53.37623448309078,433644.0,386714.0
107140.0,King Edward VII School,44.0,189.0,9530.0,218.0,30.0,Urban: Nearer to a major town or city,Yorkshire and the Humber,373,Sheffield,E01034843,E02001646,S10 2PW,-1.495746013482596,53.37623448309078,433644.0,386714.0
101154.0,St Augustine's CofE High School,54.0,207.0,9524.0,151.0,64.0,Urban: Nearer to a major town or city,London,213,Westminster,E01004710,E02000961,NW6 5SN,-0.192418161990733,51.53427738300092,525469.0,183256.0
139401.0,North Cambridge Academy,36.0,208.0,9523.0,78.0,37.0,Urban: Nearer to a major town or city,East of England,873,Cambridgeshire,E01018006,E02003722,CB4 2JF,0.1304322458957088,52.225894113833355,545609.0,260769.0
100748.0,Addey and Stanhope School,32.0,209.0,9521.0,119.0,57.0,Urban: Nearer to a major town or city,London,209,Lewisham,E01003207,E02000657,SE14 6TJ,-0.02826857705613,51.474654079554206,537032.0,176920.0
138476.0,St Anne's Catholic School,53.0,210.0,9511.0,193.0,24.0,Urban: Nearer to a major town or city,South East,852,Southampton,E01032738,E02003570,SO15 2WZ,-1.4058125167566942,50.91486251730595,441867.0,112991.0
100052.0,Hampstead School,44.0,211.0,9497.0,201.0,51.0,Urban: Nearer to a major town or city,London,202,Camden,E01000871,E02000170,NW2 3RT,-0.2069539633946409,51.55587589367375,524402.0,185633.0
137708.0,Sacred Heart Catholic High School,46.0,211.0,9497.0,217.0,28.0,Urban: Nearer to a major town or city,North East,391,Newcastle upon Tyne,E01008346,E02001726,NE4 9YH,-1.6588342505227995,54.98235141153501,421933.0,565358.0
136964.0,Great Marlow School,41.0,213.0,9496.0,204.0,14.0,Urban: Nearer to a major town or city,South East,825,Buckinghamshire,E01017889,E02003717,SL7 1JE,-0.7650210963846646,51.58026901879705,485669.0,187545.0
142193.0,Blessed William Howard Catholic School,41.0,213.0,9496.0,108.0,16.0,Urban: Nearer to a major town or city,West Midlands,860,Staffordshire,E01029738,E02006199,ST17 9AB,-2.1227034565768657,52.79993895433822,391824.0,322492.0
136799.0,Carshalton Boys Sports College,28.0,213.0,9496.0,204.0,35.0,Urban: Nearer to a major town or city,London,319,Sutton,E01004127,E02000844,SM5 1RW,-0.1748698839418953,51.377667295964216,527120.0,165871.0
138651.0,Orleans Park School,61.0,216.0,9491.0,193.0,16.0,Urban: Nearer to a major town or city,London,318,Richmond upon Thames,E01003895,E02000792,TW1 3BB,-0.3202736849148482,51.44949804834497,516818.0,173617.0
139362.0,St Thomas More Catholic School,36.0,217.0,9489.0,115.0,35.0,Urban: Nearer to a major town or city,London,309,Haringey,E01002102,E02000403,N22 5HN,-0.1087622969598589,51.60447626258816,531069.0,191209.0
138221.0,St Joseph's College,48.0,217.0,9489.0,163.0,32.0,Urban: Nearer to a major town or city,London,306,Croydon,E01001084,E02000195,SE19 3HL,-0.1073891885603322,51.420535817193965,531693.0,170757.0
108627.0,Marden High School,63.0,217.0,9489.0,161.0,16.0,Urban: Nearer to a major town or city,North East,392,North Tyneside,E01008493,E02001750,NE30 3RZ,-1.441421979937679,55.02726188419707,435807.0,570445.0
137075.0,Park High School,55.0,217.0,9489.0,286.0,26.0,Urban: Nearer to a major town or city,London,310,Harrow,E01002107,E02000444,HA7 1PL,-0.3022108008831306,51.599888748726194,517685.0,190370.0
139616.0,Heartlands High School,37.0,217.0,9489.0,186.0,60.0,Urban: Nearer to a major town or city,London,309,Haringey,E01002029,E02000412,N22 7ST,-0.1194955339468264,51.59774267170675,530345.0,190441.0
139293.0,Connaught School for Girls,32.0,222.0,9488.0,116.0,38.0,Urban: Nearer to a major town or city,London,320,Waltham Forest,E01004440,E02000918,E11 4AE,0.0046107971034444,51.56629093081948,539036.0,187172.0
136411.0,Birkenhead Park School,21.0,222.0,9488.0,102.0,72.0,Urban: Nearer to a major town or city,North West,344,Wirral,E01007155,E02001486,CH43 4UY,-3.042695326468427,53.39067462050551,330754.0,388709.0
138326.0,The Frances Bardsley Academy for Girls,46.0,222.0,9488.0,213.0,17.0,Urban: Nearer to a major town or city,London,311,Havering,E01002352,E02000479,RM1 2RR,0.1990884828206921,51.57317587716392,552491.0,188325.0
137531.0,Alexandra Park School,64.0,222.0,9488.0,205.0,28.0,Urban: Nearer to a major town or city,London,309,Haringey,E01001963,E02000405,N11 2AZ,-0.1369338315685483,51.60206740768748,529125.0,190891.0
142577.0,The Brakenhale School,22.0,222.0,9488.0,162.0,30.0,Urban: Nearer to a major town or city,South East,867,Bracknell Forest,E01016233,E02003358,RG12 7BA,-0.750880409078137,51.40731869082263,486977.0,168328.0
136319.0,Denbigh High School,44.0,227.0,9485.0,219.0,36.0,Urban: Nearer to a major town or city,East of England,821,Luton,E01015700,E02003267,LU3 1HE,-0.4252785258606328,51.891382460052554,508462.0,222596.0
135315.0,Ark Walworth Academy,40.0,228.0,9472.0,166.0,58.0,Urban: Nearer to a major town or city,London,210,Southwark,E01033878,E02000821,SE1 5UJ,-0.0794566661032578,51.487095956449515,533441.0,178209.0
140786.0,The Hertfordshire & Essex High School and Science College,66.0,228.0,9472.0,163.0,7.0,Urban: Nearer to a major town or city,East of England,919,Hertfordshire,E01023441,E02004882,CM23 5NJ,0.1711300785371014,51.867751840244026,549579.0,221024.0
140524.0,Bishop Walsh Catholic School,57.0,228.0,9472.0,143.0,10.0,Urban: Nearer to a major town or city,West Midlands,330,Birmingham,E01009437,E02001832,B76 1QT,-1.8113245660547213,52.547305465571725,412891.0,294399.0
100740.0,Deptford Green School,31.0,231.0,9467.0,187.0,56.0,Urban: Nearer to a major town or city,London,209,Lewisham,E01003300,E02006798,SE14 6AN,-0.0365628640695117,51.47834554604386,536445.0,177315.0
137199.0,Canons High School,42.0,231.0,9467.0,158.0,35.0,Urban: Nearer to a major town or city,London,310,Harrow,E01002200,E02000442,HA8 6AN,-0.2874390574129534,51.59951230261807,518709.0,190352.0
137034.0,Holyhead School,25.0,231.0,9467.0,184.0,57.0,Urban: Nearer to a major town or city,West Midlands,330,Birmingham,E01009354,E02001862,B21 0HN,-1.9466188754688871,52.50525411764732,403720.0,289706.0
140575.0,Beal High School,65.0,231.0,9467.0,233.0,18.0,Urban: Nearer to a major town or city,London,317,Redbridge,E01003681,E02006925,IG4 5LP,0.0517512992925592,51.58587084533496,542242.0,189440.0
114579.0,Varndean School,55.0,235.0,9461.0,252.0,27.0,Urban: Nearer to a major town or city,South East,846,Brighton and Hove,E01017001,E02003494,BN1 6NP,-0.1371105817195311,50.85029052876191,531232.0,107295.0
117499.0,The Priory School,42.0,236.0,9457.0,171.0,14.0,Urban: Nearer to a major town or city,East of England,919,Hertfordshire,E01023603,E02004918,SG5 2UR,-0.2830254094147988,51.962504893870296,518064.0,230727.0
137754.0,Norbury Manor Business and Enterprise College for Girls,58.0,236.0,9457.0,187.0,34.0,Urban: Nearer to a major town or city,London,306,Croydon,E01001161,E02000196,CR7 8BT,-0.115144927838849,51.41101168671978,531181.0,169684.0
108097.0,Mount St Mary's Catholic High School,36.0,236.0,9457.0,172.0,48.0,Urban: Nearer to a major town or city,Yorkshire and the Humber,383,Leeds,E01033021,E02002404,LS9 8LA,-1.5268870805535193,53.79387860718,431264.0,433165.0
141196.0,Levenshulme High School,48.0,236.0,9457.0,192.0,43.0,Urban: Nearer to a major town or city,North West,352,Manchester,E01005217,E02001078,M19 1FS,-2.1954980459216076,53.437494502520664,387110.0,393429.0
106376.0,Blessed Thomas Holford Catholic College,46.0,236.0,9457.0,178.0,15.0,Urban: Nearer to a major town or city,North West,358,Trafford,E01006194,E02001282,WA15 8HT,-2.340977368083297,53.38748763782393,377419.0,387902.0
137139.0,St Aidan's Church of England High School,76.0,236.0,9457.0,244.0,7.0,Urban: Nearer to a major town or city,Yorkshire and the Humber,815,North Yorkshire,E01027733,E02005777,HG2 8JR,-1.525282482256214,53.987066675956335,431226.0,454660.0
110107.0,Blessed Hugh Faringdon Catholic School,31.0,236.0,9457.0,147.0,32.0,Urban: Nearer to a major town or city,South East,870,Reading,E01016419,E02003403,RG30 3EP,-1.003940386574644,51.444891553492575,469319.0,172237.0
135300.0,Bristol Brunel Academy,29.0,236.0,9457.0,199.0,47.0,Urban: Nearer to a major town or city,South West,801,"Bristol, City of",E01014623,E02003032,BS15 1NU,-2.5281935179010917,51.467168396708225,363406.0,174377.0
136261.0,Oxford Spires Academy,35.0,236.0,9457.0,102.0,43.0,Urban: Nearer to a major town or city,South East,931,Oxfordshire,E01028532,E02007116,OX4 2AU,-1.2200032418934017,51.74292750569055,453950.0,205201.0
138825.0,Grey Court School,64.0,245.0,9453.0,225.0,20.0,Urban: Nearer to a major town or city,London,318,Richmond upon Thames,E01003817,E02000795,TW10 7HN,-0.3122019760415813,51.43890598612442,517406.0,172452.0
137060.0,Tolworth Girls' School and Sixth Form,49.0,246.0,9449.0,197.0,20.0,Urban: Nearer to a major town or city,London,314,Kingston upon Thames,E01003000,E02000614,KT6 7EY,-0.2957421549715645,51.37466742260173,518716.0,165335.0
104721.0,St Hilda's Church of England High School,60.0,247.0,9446.0,126.0,29.0,Urban: Nearer to a major town or city,North West,341,Liverpool,E01006551,E02001394,L17 3AL,-2.9390226467654337,53.38828988739832,337645.0,388348.0
124449.0,Abbot Beyne School,35.0,248.0,9437.0,115.0,33.0,Urban: Nearer to a major town or city,West Midlands,860,Staffordshire,E01029471,E02006140,DE15 0JL,-1.6155346752650248,52.80716770584029,426014.0,323358.0
137299.0,Richard Challoner School,70.0,248.0,9437.0,141.0,11.0,Urban: Nearer to a major town or city,London,314,Kingston upon Thames,E01002975,E02000609,KT3 5PE,-0.2657115768832728,51.384955142384385,520779.0,166528.0
137267.0,Ranelagh School,74.0,248.0,9437.0,152.0,9.0,Urban: Nearer to a major town or city,South East,867,Bracknell Forest,E01035243,E02003358,RG12 9DA,-0.7461175150871934,51.41114323935063,487301.0,168759.0
100059.0,La Sainte Union Catholic Secondary School,48.0,251.0,9434.0,176.0,39.0,Urban: Nearer to a major town or city,London,202,Camden,E01000910,E02000168,NW5 1RP,-0.1494155708404939,51.56000037789229,528379.0,186191.0
141844.0,The Windsor Boys' School,48.0,251.0,9434.0,184.0,14.0,Urban: Nearer to a major town or city,South East,868,Windsor and Maidenhead,E01016547,E02003432,SL4 5EH,-0.6209904081868282,51.48283583857965,495853.0,176888.0
103509.0,Holte School,33.0,253.0,9432.0,177.0,62.0,Urban: Nearer to a major town or city,West Midlands,330,Birmingham,E01008909,E02001867,B19 2EP,-1.9014890662275297,52.50082883467289,406784.0,289217.0
139146.0,Cheney School,45.0,254.0,9429.0,233.0,29.0,Urban: Nearer to a major town or city,South East,931,Oxfordshire,E01028526,E02005949,OX3 7QH,-1.222148647578132,51.75294919299707,453790.0,206314.0
132058.0,Kingsford Community School,42.0,255.0,9423.0,274.0,65.0,Urban: Nearer to a major town or city,London,316,Newham,E01003479,E02000748,E6 5JG,0.0551251716439625,51.51407653048493,542700.0,181463.0
136669.0,Brampton Manor Academy,62.0,255.0,9423.0,261.0,68.0,Urban: Nearer to a major town or city,London,316,Newham,E01003539,E02000742,E6 3SQ,0.0420872024855052,51.522577715566946,541769.0,182383.0
137287.0,Slough and Eton Church of England Business and Enterprise College,37.0,255.0,9423.0,174.0,36.0,Urban: Nearer to a major town or city,South East,871,Slough,E01016462,E02003415,SL1 2PU,-0.6037514790835218,51.504518468363834,497004.0,179322.0
137995.0,St Mark's Catholic School,66.0,255.0,9423.0,176.0,11.0,Urban: Nearer to a major town or city,London,313,Hounslow,E01034038,E02000542,TW3 3EJ,-0.3744062577742474,51.468407969572965,513010.0,175635.0
135661.0,Oasis Academy MediaCityUK,19.0,259.0,9415.0,70.0,57.0,Urban: Nearer to a major town or city,North West,355,Salford,E01032912,E02006961,M50 3UQ,-2.283479360515996,53.47522316235864,381282.0,397646.0
101362.0,Finchley Catholic High School,63.0,259.0,9415.0,147.0,14.0,Urban: Nearer to a major town or city,London,302,Barnet,E01000284,E02000035,N12 8TA,-0.1809114758472368,51.62283720618204,526022.0,193124.0
136540.0,The Ravensbourne School,35.0,259.0,9415.0,200.0,30.0,Urban: Nearer to a major town or city,London,305,Bromley,E01000671,E02000146,BR2 9EH,0.0207303418082854,51.394017210661666,540682.0,168046.0
137842.0,Hall Cross Academy,38.0,262.0,9412.0,287.0,31.0,Urban: Nearer to a major town or city,Yorkshire and the Humber,371,Doncaster,E01034237,E02001557,DN1 2HY,-1.1244955821512108,53.522766724262226,458142.0,403254.0
114611.0,Cardinal Newman Catholic School,57.0,262.0,9412.0,348.0,16.0,Urban: Nearer to a major town or city,South East,846,Brighton and Hove,E01016981,E02003501,BN3 6ND,-0.1578083832275172,50.83697604338928,529812.0,105778.0
138227.0,Avanti House School,65.0,262.0,9412.0,96.0,10.0,Urban: Nearer to a major town or city,London,310,Harrow,E01002109,E02000440,HA7 2EQ,-0.3037454287782174,51.608300986242305,517557.0,191303.0
137379.0,Harris Girls Academy Bromley,54.0,262.0,9412.0,107.0,34.0,Urban: Nearer to a major town or city,London,305,Bromley,E01000804,E02000130,BR3 1QR,-0.0411969893790859,51.41620124697296,536308.0,170396.0
100857.0,The St Thomas the Apostle College,48.0,262.0,9412.0,129.0,43.0,Urban: Nearer to a major town or city,London,210,Southwark,E01004004,E02000829,SE15 2EB,-0.0563135096474949,51.47074309364907,535096.0,176433.0
138937.0,Handsworth Wood Girls' Academy,35.0,262.0,9412.0,122.0,55.0,Urban: Nearer to a major town or city,West Midlands,330,Birmingham,E01009265,E02001858,B20 2HL,-1.929014548959705,52.51406404341239,404914.0,290687.0
142627.0,Menorah High School for Girls,86.0,262.0,9412.0,35.0,3.0,Urban: Nearer to a major town or city,London,302,Barnet,E01000502,E02000103,NW2 7BZ,-0.2396192772083227,51.56244043383734,522120.0,186308.0
136482.0,Hockerill Anglo-European College,83.0,269.0,9399.0,121.0,2.0,Urban: Nearer to a major town or city,East of England,919,Hertfordshire,E01023441,E02004882,CM23 5HX,0.1712314069153881,51.871059226553,549575.0,221392.0
137037.0,Upper Shirley High School,34.0,269.0,9399.0,145.0,19.0,Urban: Nearer to a major town or city,South East,852,Southampton,E01017248,E02003559,SO15 7QU,-1.423656408518902,50.92935800645239,440600.0,114593.0
138457.0,Wembley High Technology College,77.0,269.0,9399.0,209.0,27.0,Urban: Nearer to a major town or city,London,304,Brent,E01000564,E02000105,HA0 3NT,-0.3105364697308453,51.56309558656336,517203.0,186265.0
140821.0,Newfield Secondary School,38.0,269.0,9399.0,165.0,38.0,Urban: Nearer to a major town or city,Yorkshire and the Humber,373,Sheffield,E01007827,E02001674,S8 9JP,-1.4617187022660838,53.347250386358354,435932.0,383506.0
138495.0,Harris Academy Morden,36.0,273.0,9388.0,89.0,42.0,Urban: Nearer to a major town or city,London,315,Merton,E01003437,E02000710,SM4 6DU,-0.1797897033991115,51.3916554385268,526739.0,167418.0
138696.0,West Derby School,25.0,273.0,9388.0,153.0,42.0,Urban: Nearer to a major town or city,North West,341,Liverpool,E01006761,E02001366,L13 7HQ,-2.923346519670943,53.425419120615544,338741.0,392465.0
137361.0,Whitefield School,39.0,273.0,9388.0,143.0,55.0,Urban: Nearer to a major town or city,London,302,Barnet,E01000221,E02000062,NW2 1TR,-0.2189832944303033,51.57363068099672,523520.0,187587.0
137028.0,Nower Hill High School,62.0,273.0,9388.0,297.0,23.0,Urban: Nearer to a major town or city,London,310,Harrow,E01002155,E02000451,HA5 5RP,-0.3651210003417373,51.590710702829384,513351.0,189250.0
136876.0,Prospect School,31.0,273.0,9388.0,223.0,35.0,Urban: Nearer to a major town or city,South East,870,Reading,E01016421,E02003403,RG30 4EX,-1.0181525351670675,51.44779892720979,468327.0,172547.0
138681.0,Ark Putney Academy,33.0,273.0,9388.0,48.0,54.0,Urban: Nearer to a major town or city,London,212,Wandsworth,E01004643,E02000938,SW15 3DG,-0.2255408248384063,51.454829389313296,523386.0,174365.0
137633.0,Bishopshalt School,39.0,279.0,9371.0,185.0,28.0,Urban: Nearer to a major town or city,London,312,Hillingdon,E01002414,E02000508,UB8 3RF,-0.4596405109297434,51.532505381480995,506940.0,182635.0
138361.0,Notre Dame High School,65.0,279.0,9371.0,208.0,6.0,Urban: Nearer to a major town or city,Yorkshire and the Humber,373,Sheffield,E01007862,E02001648,S10 3BT,-1.517130411299079,53.372718295956766,432224.0,386313.0
135314.0,St Aidan's Church of England Academy,15.0,281.0,9364.0,93.0,47.0,Urban: Nearer to a major town or city,North East,841,Darlington,E01012342,E02002567,DL1 1LL,-1.5325492344309486,54.52582045069881,430353.0,514603.0
102851.0,Wanstead High School,50.0,281.0,9364.0,228.0,24.0,Urban: Nearer to a major town or city,London,317,Redbridge,E01003795,E02000768,E11 2JZ,0.0362982986308759,51.575699594268535,541203.0,188279.0
143104.0,North Cestrian School,45.0,281.0,9364.0,40.0,8.0,Urban: Nearer to a major town or city,North West,358,Trafford,E01006075,E02001283,WA14 4AJ,-2.355928700191612,53.388243934272616,376425.0,387991.0
102048.0,Enfield County School,55.0,281.0,9364.0,181.0,35.0,Urban: Nearer to a major town or city,London,308,Enfield,E01001536,E02000284,EN2 6QG,-0.0836898921699659,51.654220404688225,532660.0,196786.0
137924.0,St Bede's Inter-Church School,71.0,281.0,9364.0,154.0,8.0,Urban: Nearer to a major town or city,East of England,873,Cambridgeshire,E01017967,E02003728,CB1 3TD,0.1624797385094248,52.19053883464929,547915.0,256902.0
136267.0,Chadwell Heath Academy,57.0,286.0,9348.0,179.0,27.0,Urban: Nearer to a major town or city,London,317,Redbridge,E01003770,E02000772,RM6 4RS,0.1180921397709578,51.57180517859583,546883.0,188007.0
134195.0,Manchester Mesivta School,25.0,286.0,9348.0,36.0,3.0,Urban: Nearer to a major town or city,North West,351,Bury,E01005045,E02001041,M25 0PH,-2.276735957492732,53.524980331580814,381751.0,403180.0
102857.0,Valentines High School,61.0,286.0,9348.0,178.0,29.0,Urban: Nearer to a major town or city,London,317,Redbridge,E01003690,E02006924,IG2 6HX,0.0668005506565733,51.574266916696416,543321.0,188179.0
102153.0,Hornsey School for Girls,53.0,286.0,9348.0,145.0,43.0,Urban: Nearer to a major town or city,London,309,Haringey,E01002016,E02000424,N8 9JF,-0.1148966941967881,51.58186914692691,530709.0,188684.0
100974.0,George Green's School,40.0,286.0,9348.0,156.0,73.0,Urban: Nearer to a major town or city,London,211,Tower Hamlets,E01004217,E02000893,E14 3DW,-0.0076073224428221,51.48812679867012,538426.0,178457.0
101939.0,Brentside High School,46.0,286.0,9348.0,213.0,42.0,Urban: Nearer to a major town or city,London,307,Ealing,E01001283,E02000253,W7 1JJ,-0.3398143409802844,51.52651828563051,515266.0,182151.0
136711.0,Queensmead School,59.0,292.0,9336.0,241.0,24.0,Urban: Nearer to a major town or city,London,312,Hillingdon,E01002498,E02006796,HA4 0LS,-0.3892177865012207,51.55759191504957,511763.0,185530.0
135770.0,Essa Academy,31.0,293.0,9326.0,140.0,54.0,Urban: Nearer to a major town or city,North West,350,Bolton,E01004878,E02001006,BL3 3HH,-2.446491975012272,53.55650124562195,370519.0,406744.0
138054.0,St Anthony's Girls' Catholic Academy,53.0,293.0,9326.0,203.0,26.0,Urban: Nearer to a major town or city,North East,394,Sunderland,E01008835,E02001812,SR2 7JN,-1.3912651877181936,54.900502418999615,439136.0,556366.0
135959.0,Bristol Metropolitan Academy,38.0,293.0,9326.0,145.0,48.0,Urban: Nearer to a major town or city,South West,801,"Bristol, City of",E01014571,E02003023,BS16 2HD,-2.5388026464189677,51.48052675011327,362680.0,175868.0
108058.0,Allerton Grange School,25.0,293.0,9326.0,241.0,36.0,Urban: Nearer to a major town or city,Yorkshire and the Humber,383,Leeds,E01011511,E02002352,LS17 6SF,-1.5240783114023204,53.840956019057515,431414.0,438404.0
137558.0,Highams Park School,43.0,293.0,9326.0,230.0,25.0,Urban: Nearer to a major town or city,London,320,Waltham Forest,E01004388,E02000901,E4 9PJ,0.0029573428035956,51.60846673303038,538793.0,191859.0
143404.0,Ely College,41.0,293.0,9326.0,182.0,17.0,Urban: Further from a major town or city,East of England,873,Cambridgeshire,E01018032,E02003734,CB6 2SH,0.2574790774963872,52.40660202171517,553659.0,281128.0
135249.0,Harris Academy South Norwood,44.0,293.0,9326.0,183.0,30.0,Urban: Nearer to a major town or city,London,306,Croydon,E01001142,E02000200,SE25 6AE,-0.0751701073292932,51.40071242794657,533991.0,168611.0
136797.0,Carshalton High School for Girls,30.0,293.0,9326.0,193.0,33.0,Urban: Nearer to a major town or city,London,319,Sutton,E01004100,E02000854,SM5 2QX,-0.169270311902331,51.36963036212486,527532.0,164987.0
140813.0,Knutsford Academy The Studio,6.0,293.0,9326.0,32.0,19.0,Urban: Nearer to a major town or city,North West,895,Cheshire East,E01018462,E02003830,CW1 2PZ,-2.4423745513273856,53.10111103221952,370478.0,356080.0
142126.0,Space Studio West London,39.0,293.0,9326.0,49.0,43.0,Urban: Nearer to a major town or city,London,313,Hounslow,E01002590,E02000547,TW14 9PE,-0.420854653473328,51.45291942583217,509821.0,173842.0
138459.0,The Holy Cross School,63.0,293.0,9326.0,146.0,17.0,Urban: Nearer to a major town or city,London,314,Kingston upon Thames,E01002984,E02000609,KT3 5AR,-0.261670929680805,51.397916745607624,521026.0,167976.0
116999.0,Blessed Edward Oldcorne Catholic College,57.0,293.0,9326.0,199.0,17.0,Urban: Nearer to a major town or city,West Midlands,885,Worcestershire,E01032284,E02006746,WR5 2XD,-2.2111690729668863,52.181364526555456,385658.0,253699.0
138869.0,Madani Boys School,70.0,305.0,9324.0,60.0,30.0,Urban: Nearer to a major town or city,East Midlands,856,Leicester,E01013766,E02002853,LE5 5LL,-1.0998771882388632,52.62813212422758,461023.0,303753.0
136851.0,Bishop Fox's School,37.0,306.0,9317.0,173.0,21.0,Urban: Further from a major town or city,South West,933,Somerset,E01029296,E02006112,TA1 3HQ,-3.093228899136262,51.005867517857254,323394.0,123512.0
137994.0,Convent of Jesus and Mary Language College,38.0,307.0,9316.0,184.0,40.0,Urban: Nearer to a major town or city,London,304,Brent,E01000533,E02000123,NW10 4EP,-0.2465921021412338,51.538336750108506,521701.0,183616.0
101941.0,The Ellen Wilkinson School for Girls,56.0,307.0,9316.0,209.0,42.0,Urban: Nearer to a major town or city,London,307,Ealing,E01001273,E02006968,W3 0HW,-0.2878739215426927,51.516896526519034,518894.0,181164.0
135816.0,Harris Boys' Academy East Dulwich,41.0,307.0,9316.0,131.0,37.0,Urban: Nearer to a major town or city,London,210,Southwark,E01004015,E02000834,SE22 0AT,-0.0652579567462856,51.45706008523223,534515.0,174895.0
108638.0,Whitley Bay High School,61.0,310.0,9315.0,351.0,8.0,Urban: Nearer to a major town or city,North East,392,North Tyneside,E01008517,E02001742,NE25 9AS,-1.465938819501014,55.04812979218102,434222.0,572755.0
139789.0,Walsall Studio School,15.0,311.0,9295.0,55.0,55.0,Urban: Nearer to a major town or city,West Midlands,335,Walsall,E01033896,E02002139,WS1 1RL,-1.9820051706915445,52.58249710357464,401316.0,298297.0
136962.0,Feversham College,49.0,312.0,9291.0,95.0,46.0,Urban: Nearer to a major town or city,Yorkshire and the Humber,380,Bradford,E01010830,E02002217,BD3 0LT,-1.745002654181584,53.8057291865507,416891.0,434410.0
135907.0,Heartlands Academy,38.0,313.0,9286.0,149.0,79.0,Urban: Nearer to a major town or city,West Midlands,330,Birmingham,E01009204,E02001878,B7 4QR,-1.874846159344283,52.48858610225865,408595.0,287858.0
138606.0,Blue Coat Church of England Academy,20.0,313.0,9286.0,118.0,60.0,Urban: Nearer to a major town or city,West Midlands,335,Walsall,E01010370,E02002139,WS1 2ND,-1.9757925207478768,52.58113852362386,401737.0,298146.0
139369.0,St George's Catholic School,56.0,315.0,9282.0,142.0,51.0,Urban: Nearer to a major town or city,London,213,Westminster,E01004711,E02000961,W9 1RB,-0.1877672958624761,51.53302760123272,525795.0,183125.0
138743.0,"The County High School, Leftwich",58.0,316.0,9280.0,190.0,15.0,Urban: Nearer to a major town or city,North West,896,Cheshire West and Chester,E01018701,E02003882,CW9 8EZ,-2.5072075695256184,53.241898019684605,366248.0,371771.0
136027.0,Oasis Academy Oldham,29.0,317.0,9274.0,225.0,54.0,Urban: Nearer to a major town or city,North West,353,Oldham,E01005382,E02001127,OL8 4JZ,-2.1293912972925755,53.52353193960189,391519.0,402991.0
100183.0,Plumstead Manor School,37.0,317.0,9274.0,209.0,48.0,Urban: Nearer to a major town or city,London,203,Greenwich,E01001636,E02000319,SE18 1QF,0.0844168626166048,51.48292976386808,544831.0,178057.0
110532.0,The Radcliffe School,40.0,317.0,9274.0,185.0,37.0,Urban: Nearer to a major town or city,South East,826,Milton Keynes,E01034450,E02003468,MK12 5BT,-0.8227919020946244,52.059681473365366,480805.0,240797.0
135295.0,John Cabot Academy,44.0,317.0,9274.0,150.0,21.0,Urban: Nearer to a major town or city,South West,803,South Gloucestershire,E01015005,E02003117,BS15 8BD,-2.515141316106524,51.45739850168874,364305.0,173284.0
137005.0,Graveney School,70.0,317.0,9274.0,242.0,21.0,Urban: Nearer to a major town or city,London,212,Wandsworth,E01004516,E02000958,SW17 9BU,-0.1518971301802952,51.422855714083184,528592.0,170936.0
108640.0,Burnside Business and Enterprise College,24.0,317.0,9274.0,213.0,40.0,Urban: Nearer to a major town or city,North East,392,North Tyneside,E01008572,E02001766,NE28 7LQ,-1.5200093233030323,54.99479701059314,430808.0,566795.0
139841.0,Broadway Academy,28.0,323.0,9264.0,196.0,53.0,Urban: Nearer to a major town or city,West Midlands,330,Birmingham,E01009051,E02001859,B20 3DP,-1.8955679714110767,52.513041258058664,407184.0,290576.0
135174.0,The Belvedere Academy,76.0,323.0,9264.0,121.0,23.0,Urban: Nearer to a major town or city,North West,341,Liverpool,E01006675,E02001389,L8 3TF,-2.956956832526455,53.384758847343605,336447.0,387971.0
131065.0,North Liverpool Academy,25.0,323.0,9264.0,215.0,67.0,Urban: Nearer to a major town or city,North West,341,Liverpool,E01006564,E02001369,L5 0SQ,-2.9683154905148905,53.42416426705679,335751.0,392365.0
141178.0,The Warren School,45.0,326.0,9263.0,185.0,37.0,Urban: Nearer to a major town or city,London,301,Barking and Dagenham,E01000031,E02000003,RM6 6SB,0.1413186328630479,51.57686071872521,548476.0,188616.0
110063.0,Little Heath School,48.0,326.0,9263.0,250.0,15.0,Urban: Nearer to a major town or city,South East,869,West Berkshire,E01016258,E02003371,RG31 5TY,-1.058165884611503,51.45509574350425,465536.0,173322.0
111456.0,Cardinal Newman Catholic High School,33.0,326.0,9263.0,147.0,27.0,Urban: Nearer to a major town or city,North West,877,Warrington,E01012506,E02002609,WA4 1RX,-2.5614148975253146,53.38877538757802,362759.0,388138.0
129342.0,Grace Academy Solihull,45.0,326.0,9263.0,101.0,41.0,Urban: Nearer to a major town or city,West Midlands,334,Solihull,E01010144,E02002087,B37 5JS,-1.756953276485808,52.47537659241822,416605.0,286409.0
137121.0,Harris Academy Beckenham,38.0,326.0,9263.0,162.0,44.0,Urban: Nearer to a major town or city,London,305,Bromley,E01000770,E02000138,BR3 3SJ,-0.0257691126767316,51.39975525525167,537430.0,168596.0
136202.0,King's Lynn Academy,23.0,326.0,9263.0,94.0,26.0,Urban: Further from a major town or city,East of England,926,Norfolk,E01026668,E02005559,PE30 4QG,0.4170347314175799,52.75229295573869,563223.0,319923.0
135671.0,Oasis Academy Brightstowe,28.0,326.0,9263.0,110.0,53.0,Urban: Nearer to a major town or city,South West,801,"Bristol, City of",E01014497,E02003014,BS11 0EB,-2.6731006954648993,51.49121601020393,353365.0,177134.0
109331.0,St Bernadette Catholic Secondary School,35.0,326.0,9263.0,136.0,28.0,Urban: Nearer to a major town or city,South West,801,"Bristol, City of",E01014614,E02003058,BS14 9LS,-2.5624428867778466,51.41578341629506,360983.0,168680.0
102049.0,Chace Community School,23.0,326.0,9263.0,210.0,32.0,Urban: Nearer to a major town or city,London,308,Enfield,E01001539,E02000285,EN1 3HQ,-0.0765628602283941,51.66070427110627,533134.0,197520.0
103101.0,Leytonstone School,59.0,326.0,9263.0,164.0,34.0,Urban: Nearer to a major town or city,London,320,Waltham Forest,E01004442,E02000915,E11 1JD,0.0068171382346219,51.57576732157141,539160.0,188230.0
137133.0,The Blue Coat CofE School,61.0,336.0,9254.0,216.0,14.0,Urban: Nearer to a major town or city,North West,353,Oldham,E01005433,E02001111,OL1 3SQ,-2.1074258834821737,53.546051532921936,392979.0,405494.0
139646.0,Leeds City Academy,26.0,337.0,9248.0,78.0,54.0,Urban: Nearer to a major town or city,Yorkshire and the Humber,383,Leeds,E01011668,E02006861,LS6 2LG,-1.5585782312464718,53.81760198838301,429160.0,435791.0
139405.0,Dyke House Sports and Technology College,42.0,338.0,9247.0,192.0,46.0,Urban: Nearer to a major town or city,North East,805,Hartlepool,E01033466,E02002485,TS24 8NQ,-1.2178267404684404,54.69594549152639,450512.0,533714.0
134814.0,Northampton Academy,44.0,338.0,9247.0,222.0,36.0,Urban: Nearer to a major town or city,East Midlands,941,West Northamptonshire,E01027198,E02005656,NN3 8NH,-0.8336473617528417,52.2582758339151,479706.0,262873.0
102679.0,Rutlish School,49.0,338.0,9247.0,218.0,25.0,Urban: Nearer to a major town or city,London,315,Merton,E01003423,E02000699,SW20 9AD,-0.2078290745554345,51.40831943498214,524743.0,169223.0
134003.0,St Mark's Church of England Academy,33.0,338.0,9247.0,145.0,34.0,Urban: Nearer to a major town or city,London,315,Merton,E01003387,E02000702,CR4 1SF,-0.1543044167442176,51.40630169515065,528471.0,169091.0
139043.0,Bristnall Hall Academy,37.0,338.0,9247.0,182.0,43.0,Urban: Nearer to a major town or city,West Midlands,333,Sandwell,E01009944,E02002073,B68 9PA,-1.9938980255162209,52.48456209134646,400511.0,287403.0
137729.0,Featherstone High School,58.0,343.0,9243.0,236.0,42.0,Urban: Nearer to a major town or city,London,307,Ealing,E01001367,E02006970,UB2 5HF,-0.3869796009232118,51.49931799611666,512061.0,179053.0
103106.0,Holy Family Catholic School,49.0,343.0,9243.0,173.0,31.0,Urban: Nearer to a major town or city,London,320,Waltham Forest,E01004470,E02000907,E17 3EA,-0.0073260199710398,51.58964093677443,538138.0,189746.0
139276.0,Kingsley Academy,31.0,343.0,9243.0,118.0,36.0,Urban: Nearer to a major town or city,London,313,Hounslow,E01002640,E02000537,TW3 1AX,-0.3587815645719782,51.470905984187304,514089.0,175937.0
137535.0,Amery Hill School,63.0,346.0,9237.0,142.0,12.0,Urban: Nearer to a major town or city,South East,850,Hampshire,E01022577,E02004699,GU34 2BZ,-0.977213714805878,51.152306613155574,471630.0,139725.0
140117.0,Tomlinscote School and Sixth Form College,58.0,346.0,9237.0,258.0,8.0,Urban: Nearer to a major town or city,South East,936,Surrey,E01030769,E02006425,GU16 8PY,-0.7239416603219632,51.31975760900182,489020.0,158623.0
116469.0,Cantell School,31.0,346.0,9237.0,170.0,41.0,Urban: Nearer to a major town or city,South East,852,Southampton,E01017144,E02003549,SO16 3GJ,-1.399236331303641,50.94166257999264,442305.0,115975.0
100975.0,Central Foundation Girls' School,47.0,349.0,9231.0,239.0,64.0,Urban: Nearer to a major town or city,London,211,Tower Hamlets,E01004229,E02000867,E3 2AE,-0.0285412192386783,51.52739275749015,536855.0,182784.0
101928.0,Villiers High School,42.0,350.0,9226.0,191.0,30.0,Urban: Nearer to a major town or city,London,307,Ealing,E01001361,E02000260,UB1 3BT,-0.3740352573428506,51.50880602561861,512936.0,180128.0
138228.0,Bedford Free School,36.0,350.0,9226.0,97.0,29.0,Urban: Nearer to a major town or city,East of England,822,Bedford,E01034420,E02003630,MK42 9AD,-0.4667789410944486,52.13244654721223,505041.0,249345.0
139673.0,The Grangefield Academy,35.0,352.0,9223.0,124.0,47.0,Urban: Nearer to a major town or city,North East,808,Stockton-on-Tees,E01012207,E02002547,TS18 4LE,-1.3413871436505411,54.5666676754318,442683.0,519247.0
112067.0,Humphry Davy School,31.0,352.0,9223.0,113.0,35.0,Urban: Further from a major town or city,South West,908,Cornwall,E01018995,E02003949,TR18 2TG,-5.5409406512907315,50.12481827024368,147010.0,30978.0
136590.0,Kings Norton Girls' School,64.0,352.0,9223.0,137.0,23.0,Urban: Nearer to a major town or city,West Midlands,330,Birmingham,E01008956,E02001938,B30 1HW,-1.9347650130854612,52.42092155898004,404533.0,280326.0
141565.0,Tauheedul Islam Girls' High School,82.0,352.0,9223.0,119.0,20.0,Urban: Nearer to a major town or city,North West,889,Blackburn with Darwen,E01012584,E02002624,BB2 7AD,-2.513148560057345,53.75412735891319,366262.0,428761.0
137701.0,Oldbury Academy,28.0,352.0,9223.0,282.0,39.0,Urban: Nearer to a major town or city,West Midlands,333,Sandwell,E01010000,E02002072,B68 8NE,-2.0100363169850346,52.48018366186268,399415.0,286916.0
102673.0,Ricards Lodge High School,54.0,352.0,9223.0,225.0,29.0,Urban: Nearer to a major town or city,London,315,Merton,E01003465,E02000690,SW19 7HB,-0.2057384658378122,51.42866493212719,524833.0,171489.0
103870.0,Old Swinford Hospital,80.0,352.0,9223.0,81.0,2.0,Urban: Nearer to a major town or city,West Midlands,332,Dudley,E01009858,E02002039,DY8 1QX,-2.144239202658526,52.45076068149596,390294.0,283653.0
137077.0,Rosedale College,57.0,352.0,9223.0,108.0,33.0,Urban: Nearer to a major town or city,London,312,Hillingdon,E01002401,E02000517,UB3 2SE,-0.4291742184990713,51.51998878730195,509083.0,181288.0
141370.0,Our Lady & St. Bede Catholic Academy,60.0,352.0,9223.0,116.0,26.0,Urban: Nearer to a major town or city,North East,808,Stockton-on-Tees,E01012207,E02002547,TS19 0QH,-1.346281008462961,54.57109774646483,442362.0,519737.0
135762.0,Saint John Bosco College,26.0,361.0,9220.0,77.0,43.0,Urban: Nearer to a major town or city,London,212,Wandsworth,E01004579,E02000926,SW11 3DQ,-0.1721371763667159,51.47471951564487,527041.0,176668.0
135120.0,Landau Forte College,51.0,361.0,9220.0,161.0,27.0,Urban: Nearer to a major town or city,East Midlands,831,Derby,E01013523,E02002803,DE1 2LF,-1.4731121857007528,52.927161726429986,435517.0,336767.0
136213.0,Harborne Academy,32.0,363.0,9209.0,105.0,62.0,Urban: Nearer to a major town or city,West Midlands,330,Birmingham,E01008992,E02001905,B15 3JL,-1.938223179467724,52.46186414786196,404294.0,284880.0
139995.0,Oasis Academy Lister Park,24.0,363.0,9209.0,136.0,49.0,Urban: Nearer to a major town or city,Yorkshire and the Humber,380,Bradford,E01010824,E02002216,BD8 7ND,-1.7652713974049663,53.81437187589156,415553.0,435367.0
135508.0,New Charter Academy,27.0,365.0,9207.0,258.0,45.0,Urban: Nearer to a major town or city,North West,357,Tameside,E01005938,E02001230,OL6 8RF,-2.0824462947166693,53.50521947679473,394629.0,400949.0
135631.0,The Langley Academy,36.0,365.0,9207.0,177.0,34.0,Urban: Nearer to a major town or city,South East,871,Slough,E01016505,E02003418,SL3 7EF,-0.5530724240146982,51.50461461403791,500521.0,179401.0
137985.0,Presdales School,60.0,365.0,9207.0,168.0,11.0,Urban: Nearer to a major town or city,East of England,919,Hertfordshire,E01023510,E02004890,SG12 9NX,-0.0308271779616939,51.80299091299772,535870.0,213427.0
137418.0,The Ursuline Academy Ilford,64.0,365.0,9207.0,122.0,29.0,Urban: Nearer to a major town or city,London,317,Redbridge,E01003781,E02000776,IG1 4JU,0.0695599014605243,51.56257268868272,543549.0,186884.0
141035.0,De Salis Studio College,54.0,365.0,9207.0,13.0,46.0,Urban: Nearer to a major town or city,London,312,Hillingdon,E01002423,E02000511,UB4 8JP,-0.4395104483451971,51.528381552709725,508346.0,182206.0
136352.0,Gosforth Academy,56.0,365.0,9207.0,364.0,21.0,Urban: Nearer to a major town or city,North East,391,Newcastle upon Tyne,E01008358,E02001709,NE3 2JH,-1.623718791940184,55.01307079283604,424162.0,568788.0
136785.0,Cheam High School,58.0,365.0,9207.0,296.0,19.0,Urban: Nearer to a major town or city,London,319,Sutton,E01004115,E02000848,SM3 8PW,-0.217973360520092,51.36631650979306,524151.0,164535.0
137078.0,Hewens College,27.0,365.0,9207.0,33.0,36.0,Urban: Nearer to a major town or city,London,312,Hillingdon,E01002423,E02000511,UB4 8JP,-0.4395104483451971,51.528381552709725,508346.0,182206.0
138850.0,St Margaret's Church of England Academy,65.0,373.0,9202.0,146.0,11.0,Urban: Nearer to a major town or city,North West,341,Liverpool,E01006519,E02001402,L17 6AB,-2.9291227405351665,53.36868152547599,338275.0,386158.0
138720.0,Eggar's School,62.0,373.0,9202.0,150.0,13.0,Urban: Nearer to a major town or city,South East,850,Hampshire,E01022605,E02004697,GU34 4EQ,-0.9591284695436898,51.15984466017627,472883.0,140581.0
137843.0,Cheadle Hulme High School,68.0,373.0,9202.0,259.0,12.0,Urban: Nearer to a major town or city,North West,356,Stockport,E01005792,E02001227,SK8 7JY,-2.186552167783094,53.36424342054743,387683.0,385278.0
137053.0,Plantsbrook School,56.0,373.0,9202.0,187.0,18.0,Urban: Nearer to a major town or city,West Midlands,330,Birmingham,E01009451,E02001835,B72 1RB,-1.8185485622603537,52.55871623448417,412398.0,295667.0
139714.0,Portsmouth Academy for Girls,49.0,377.0,9196.0,118.0,81.0,Urban: Nearer to a major town or city,South East,851,Portsmouth,E01017077,E02003538,PO1 5PF,-1.0750044619080523,50.80424813855423,465276.0,100930.0
140950.0,Lincoln UTC,34.0,377.0,9196.0,62.0,18.0,Urban: Nearer to a major town or city,East Midlands,925,Lincolnshire,E01026167,E02005444,LN2 1PF,-0.534609665536406,53.232532792389286,497911.0,371610.0
141668.0,Saltley Academy,34.0,377.0,9196.0,191.0,56.0,Urban: Nearer to a major town or city,West Midlands,330,Birmingham,E01009476,E02001881,B9 5RX,-1.831978337622078,52.48395720758748,411507.0,287349.0
137231.0,Light Hall School,47.0,380.0,9194.0,239.0,26.0,Urban: Nearer to a major town or city,West Midlands,334,Solihull,E01010210,E02002103,B90 2PZ,-1.8307834300884016,52.399386476399386,411610.0,277942.0
136394.0,Wakefield City Academy,39.0,381.0,9185.0,116.0,43.0,Urban: Nearer to a major town or city,Yorkshire and the Humber,384,Wakefield,E01011911,E02002457,WF1 4SF,-1.4760677527355286,53.68845250662985,434698.0,421459.0
124856.0,King Edward VI Church of England Voluntary Controlled Upper School,43.0,381.0,9185.0,306.0,19.0,Urban: Further from a major town or city,East of England,935,Suffolk,E01033043,E02006278,IP33 3BH,0.7042106795639992,52.250956798872,584689.0,264863.0
138859.0,Rushcroft Foundation School,31.0,381.0,9185.0,112.0,46.0,Urban: Nearer to a major town or city,London,320,Waltham Forest,E01004419,E02000902,E4 8SG,-0.0122152278533545,51.60464218366157,537754.0,191405.0
140845.0,Cowes Enterprise College,41.0,381.0,9185.0,165.0,23.0,Urban: Further from a major town or city,South East,921,Isle of Wight,E01017301,E02003582,PO31 8HB,-1.3060919019180732,50.76274882872998,449036.0,96137.0
141835.0,St Thomas Aquinas Catholic School,39.0,381.0,9185.0,193.0,36.0,Urban: Nearer to a major town or city,West Midlands,330,Birmingham,E01009117,E02001952,B38 8AP,-1.9473056700088096,52.4100500414069,403681.0,279116.0
139364.0,Fulham College Boys' School,36.0,381.0,9185.0,72.0,57.0,Urban: Nearer to a major town or city,London,205,Hammersmith and Fulham,E01001904,E02000393,SW6 6SN,-0.2152034417257593,51.47778383273471,524042.0,176935.0
136948.0,Weston Favell Academy,40.0,381.0,9185.0,235.0,30.0,Urban: Nearer to a major town or city,East Midlands,941,West Northamptonshire,E01027182,E02005655,NN3 3EZ,-0.8466227588640953,52.25906875737032,478819.0,262947.0
114312.0,Durham Johnston Comprehensive School,58.0,381.0,9185.0,237.0,24.0,Urban: Nearer to a major town or city,North East,840,County Durham,E01020712,E02004315,DH1 4SU,-1.5964072438332826,54.779492480317394,426058.0,542805.0
140879.0,Witton Park Academy,38.0,381.0,9185.0,132.0,39.0,Urban: Nearer to a major town or city,North West,889,Blackburn with Darwen,E01012584,E02002624,BB2 6TD,-2.510863155860521,53.74203932917853,366403.0,427415.0
136497.0,Harrogate Grammar School,65.0,381.0,9185.0,251.0,6.0,Urban: Nearer to a major town or city,Yorkshire and the Humber,815,North Yorkshire,E01027717,E02005780,HG2 0DZ,-1.5466014376200137,53.98296960500785,429831.0,454195.0
137618.0,Springwest Academy,43.0,381.0,9185.0,155.0,39.0,Urban: Nearer to a major town or city,London,313,Hounslow,E01002611,E02000549,TW13 7EF,-0.4010626345885031,51.44391096964846,511218.0,172870.0
136107.0,Brompton Academy,18.0,381.0,9185.0,181.0,41.0,Urban: Nearer to a major town or city,South East,887,Medway,E01016045,E02003325,ME7 5HT,0.5397007748446636,51.38264707894744,576827.0,167905.0
132711.0,Harris Girls' Academy East Dulwich,52.0,381.0,9185.0,129.0,55.0,Urban: Nearer to a major town or city,London,210,Southwark,E01004020,E02000835,SE22 0NR,-0.0549472087798235,51.45750086890326,535230.0,174963.0
101345.0,Friern Barnet School,32.0,381.0,9185.0,152.0,55.0,Urban: Nearer to a major town or city,London,302,Barnet,E01000158,E02000038,N11 3LS,-0.1547382298072296,51.615963113803595,527853.0,192405.0
137766.0,Campion School,42.0,381.0,9185.0,90.0,39.0,Urban: Nearer to a major town or city,West Midlands,937,Warwickshire,E01031328,E02006533,CV31 1QH,-1.5173010848521058,52.27523963462301,433031.0,264229.0
101364.0,St James' Catholic High School,45.0,396.0,9176.0,177.0,34.0,Urban: Nearer to a major town or city,London,302,Barnet,E01000151,E02000049,NW9 5PE,-0.2409084776274286,51.600794633166,521928.0,190571.0
102858.0,Mayfield School,37.0,397.0,9153.0,236.0,41.0,Urban: Nearer to a major town or city,London,317,Redbridge,E01032581,E02006800,RM8 1XE,0.1206369726475312,51.56446610993964,547083.0,187196.0
100056.0,William Ellis School,56.0,398.0,9145.0,117.0,57.0,Urban: Nearer to a major town or city,London,202,Camden,E01000912,E02000166,NW5 1RN,-0.1510821163113674,51.55874970552546,528267.0,186049.0
137685.0,Kingsbury High School,47.0,398.0,9145.0,313.0,26.0,Urban: Nearer to a major town or city,London,304,Brent,E01000591,E02000095,NW9 9JR,-0.2747001659043929,51.58968626155963,519617.0,189280.0
141665.0,Sir Bernard Lovell Academy,35.0,400.0,9129.0,188.0,15.0,Urban: Nearer to a major town or city,South West,803,South Gloucestershire,E01014936,E02003119,BS30 8TS,-2.4714009623932016,51.44336656113919,367334.0,171703.0
137851.0,St Thomas More Catholic School,45.0,400.0,9129.0,226.0,12.0,Urban: Nearer to a major town or city,North East,390,Gateshead,E01008179,E02001686,NE21 4BQ,-1.7222305714571409,54.96121537237786,417885.0,562988.0
133114.0,The Gateway Academy,31.0,400.0,9129.0,163.0,51.0,Urban: Nearer to a major town or city,East of England,883,Thurrock,E01015935,E02003307,RM16 4LU,0.3636928919068745,51.4761487950898,564245.0,177892.0
136617.0,"Archbishop Holgate's School, A Church of England Academy",54.0,400.0,9129.0,182.0,18.0,Urban: Nearer to a major town or city,Yorkshire and the Humber,816,York,E01013402,E02002785,YO10 5ZA,-1.0410901738823786,53.95237394949349,463027.0,451121.0
106142.0,St James' Catholic High School,47.0,400.0,9129.0,159.0,15.0,Urban: Nearer to a major town or city,North West,356,Stockport,E01005793,E02001225,SK8 6PZ,-2.1982680884534296,53.359873927585234,386902.0,384794.0
136208.0,Richmond Park Academy,42.0,400.0,9129.0,106.0,36.0,Urban: Nearer to a major town or city,London,318,Richmond upon Thames,E01003809,E02000788,SW14 8RG,-0.2592806820865715,51.462367244154095,521022.0,175147.0
137917.0,Southborough High School,42.0,400.0,9129.0,108.0,25.0,Urban: Nearer to a major town or city,London,314,Kingston upon Thames,E01003002,E02000613,KT6 5AS,-0.3018783618774048,51.37580868269987,518286.0,165452.0
136647.0,Kennet School,46.0,400.0,9129.0,262.0,15.0,Urban: Nearer to a major town or city,South East,869,West Berkshire,E01016337,E02003383,RG19 4LL,-1.2486608601731397,51.401736435691696,452361.0,167235.0
135629.0,Oasis Academy Mayfield,29.0,400.0,9129.0,107.0,43.0,Urban: Nearer to a major town or city,South East,852,Southampton,E01017262,E02003574,SO19 9NA,-1.3466582103994305,50.89191142843967,446048.0,110474.0
139367.0,The Beaconsfield School,25.0,409.0,9126.0,142.0,21.0,Urban: Nearer to a major town or city,South East,825,Buckinghamshire,E01017799,E02003688,HP9 1SJ,-0.6404857751149454,51.60291843673484,494251.0,190217.0
106370.0,Stretford High School,31.0,410.0,9123.0,157.0,54.0,Urban: Nearer to a major town or city,North West,358,Trafford,E01006187,E02001261,M32 0XA,-2.293706270992924,53.457221310622685,380595.0,395646.0
138924.0,Heston Community School,50.0,411.0,9122.0,187.0,32.0,Urban: Nearer to a major town or city,London,313,Hounslow,E01002628,E02000536,TW5 0QR,-0.3693899272895815,51.48392231000744,513320.0,177368.0
135955.0,Harris Academy Purley,40.0,411.0,9122.0,161.0,45.0,Urban: Nearer to a major town or city,London,306,Croydon,E01001173,E02000221,CR2 6DT,-0.1082586890212946,51.353122125302654,531826.0,163259.0
118908.0,St John Fisher Catholic Comprehensive School,22.0,411.0,9122.0,113.0,35.0,Urban: Nearer to a major town or city,South East,887,Medway,E01016020,E02003334,ME1 2FA,0.5172980743733571,51.377734604181754,575287.0,167305.0
141808.0,Saint Cecilia's Church of England School,56.0,411.0,9122.0,143.0,26.0,Urban: Nearer to a major town or city,London,212,Wandsworth,E01004629,E02000942,SW18 5JR,-0.2085358544578003,51.44689108602995,524589.0,173511.0
138235.0,The Parker E-ACT Academy,40.0,411.0,9122.0,116.0,22.0,Urban: Nearer to a major town or city,East Midlands,941,West Northamptonshire,E01026987,E02005624,NN11 0QE,-1.1641903148214094,52.26456748976128,457137.0,263261.0
139873.0,Richard Hale School,49.0,411.0,9122.0,162.0,10.0,Urban: Nearer to a major town or city,East of England,919,Hertfordshire,E01035597,E02004894,SG13 8EN,-0.0776589372707137,51.79248044523478,532672.0,212172.0
137772.0,Shirley High School Performing Arts College,24.0,411.0,9122.0,161.0,42.0,Urban: Nearer to a major town or city,London,306,Croydon,E01001062,E02000219,CR0 5EF,-0.0492955411993536,51.36951983342518,535883.0,165190.0
138879.0,Desborough College,46.0,411.0,9122.0,91.0,15.0,Urban: Nearer to a major town or city,South East,868,Windsor and Maidenhead,E01016592,E02003424,SL6 2QB,-0.7270885094905013,51.515840810417345,488422.0,180425.0
136612.0,Exmouth Community College,41.0,411.0,9122.0,382.0,18.0,Urban: Nearer to a major town or city,South West,878,Devon,E01019910,E02004144,EX8 3AF,-3.4062294457087985,50.62715046824684,300633.0,81773.0
102056.0,Broomfield School,29.0,411.0,9122.0,136.0,46.0,Urban: Nearer to a major town or city,London,308,Enfield,E01001535,E02000304,N14 7HY,-0.1251431113961584,51.615224326544826,529904.0,192375.0
139872.0,Redhill School,56.0,411.0,9122.0,237.0,12.0,Urban: Nearer to a major town or city,West Midlands,332,Dudley,E01009856,E02002034,DY8 1JX,-2.139350285431397,52.454272642371194,390627.0,284043.0
137859.0,Coombe Boys' School,54.0,411.0,9122.0,147.0,23.0,Urban: Nearer to a major town or city,London,314,Kingston upon Thames,E01002983,E02000612,KT3 6NU,-0.247018272096693,51.39537833638725,522052.0,167718.0
102860.0,Trinity Catholic High School,65.0,411.0,9122.0,242.0,12.0,Urban: Nearer to a major town or city,London,317,Redbridge,E01003746,E02000751,IG8 0TP,0.0211001710341381,51.61666285138888,540024.0,192805.0
136976.0,Southfield School for Girls,56.0,411.0,9122.0,165.0,17.0,Urban: Further from a major town or city,East Midlands,940,North Northamptonshire,E01027130,E02005647,NN15 6HE,-0.7176595032797479,52.38645037705029,487370.0,277263.0
103013.0,St Philomena's Catholic High School for Girls,58.0,411.0,9122.0,189.0,14.0,Urban: Nearer to a major town or city,London,319,Sutton,E01004100,E02000854,SM5 3PS,-0.1697276121698749,51.36428675382614,527515.0,164392.0
142560.0,St Gregory's Catholic Science College,58.0,411.0,9122.0,166.0,28.0,Urban: Nearer to a major town or city,London,304,Brent,E01000538,E02000096,HA3 0NB,-0.3047350810721019,51.58368513653434,517552.0,188564.0
118785.0,Dartford Science & Technology College,27.0,427.0,9116.0,103.0,34.0,Urban: Nearer to a major town or city,South East,886,Kent,E01024185,E02005030,DA1 2LY,0.203435552539955,51.44181366035381,553232.0,173727.0
100193.0,St Ursula's Convent School,68.0,428.0,9113.0,114.0,17.0,Urban: Nearer to a major town or city,London,203,Greenwich,E01001642,E02006931,SE10 8HN,-0.0057839999214031,51.4757845623955,538590.0,177088.0
136858.0,Highcrest Academy,27.0,428.0,9113.0,139.0,40.0,Urban: Nearer to a major town or city,South East,825,Buckinghamshire,E01017926,E02003706,HP13 7NQ,-0.7256150225126059,51.62944658016328,488304.0,193061.0
135967.0,Kettering Science Academy,31.0,428.0,9113.0,196.0,24.0,Urban: Further from a major town or city,East Midlands,940,North Northamptonshire,E01027128,E02005643,NN15 7AA,-0.7102742928667494,52.397347750379616,487851.0,278484.0
137798.0,Bluecoat Academy,45.0,428.0,9113.0,294.0,34.0,Urban: Nearer to a major town or city,East Midlands,892,Nottingham,E01013931,E02002886,NG8 5GY,-1.1929117139788572,52.968947458676126,454301.0,341590.0
136327.0,Kingsmead School,41.0,428.0,9113.0,216.0,50.0,Urban: Nearer to a major town or city,London,308,Enfield,E01001513,E02000288,EN1 1YQ,-0.061191751030308,51.65091054199792,534226.0,196459.0
136905.0,Ilkley Grammar School,64.0,428.0,9113.0,242.0,10.0,Urban: Further from a major town or city,Yorkshire and the Humber,380,Bradford,E01010692,E02002183,LS29 8TR,-1.813927466867758,53.92182594456522,412318.0,447313.0
140126.0,Bishop Milner Catholic College,37.0,428.0,9113.0,130.0,23.0,Urban: Nearer to a major town or city,West Midlands,332,Dudley,E01009880,E02002008,DY1 3BY,-2.1020215540316234,52.51954278282018,393174.0,291299.0
136198.0,University Academy Keighley,30.0,435.0,9071.0,100.0,44.0,Urban: Nearer to a major town or city,Yorkshire and the Humber,380,Bradford,E01010727,E02002189,BD20 6EB,-1.91799189414212,53.88012127334858,405489.0,442660.0
136980.0,St Joseph's Catholic College,44.0,435.0,9071.0,221.0,14.0,Urban: Nearer to a major town or city,South West,866,Swindon,E01015479,E02003228,SN3 3LR,-1.763602977040865,51.56473726685448,416482.0,185122.0
133561.0,Jo Richardson Community School,35.0,435.0,9071.0,216.0,37.0,Urban: Nearer to a major town or city,London,301,Barking and Dagenham,E01000096,E02000023,RM9 4UN,0.1264148201210251,51.53334542968562,547584.0,183747.0
102156.0,Fortismere School,72.0,435.0,9071.0,242.0,16.0,Urban: Nearer to a major town or city,London,309,Haringey,E01001996,E02000410,N10 1NE,-0.150953800231893,51.59285603857137,528180.0,189842.0
136656.0,Claremont High School,62.0,435.0,9071.0,248.0,19.0,Urban: Nearer to a major town or city,London,304,Brent,E01033463,E02000095,HA3 0UH,-0.2938384628318738,51.584417489365414,518305.0,188663.0
100624.0,Norwood School,31.0,435.0,9071.0,134.0,63.0,Urban: Nearer to a major town or city,London,208,Lambeth,E01003086,E02000648,SE19 3NY,-0.0996422264358056,51.42318015207261,532224.0,171065.0
103531.0,St Paul's School for Girls,68.0,435.0,9071.0,160.0,35.0,Urban: Nearer to a major town or city,West Midlands,330,Birmingham,E01008988,E02001890,B16 9SL,-1.9407510067112117,52.47557526339816,404121.0,286405.0
139578.0,The Hathaway Academy,33.0,442.0,9066.0,124.0,35.0,Urban: Nearer to a major town or city,East of England,883,Thurrock,E01015960,E02003309,RM17 5LL,0.3280302180014541,51.48937098095262,561722.0,179283.0
111417.0,Ruskin Community High School,26.0,442.0,9066.0,85.0,26.0,Urban: Nearer to a major town or city,North West,895,Cheshire East,E01018488,E02003832,CW2 7JT,-2.447176616855004,53.09034207648935,370149.0,354884.0
139764.0,"St Thomas More Catholic High School, A Specialist School for Maths & ICT",57.0,442.0,9066.0,127.0,9.0,Urban: Nearer to a major town or city,North West,895,Cheshire East,E01018513,E02003833,CW2 8AE,-2.460615339851833,53.0876032283571,369247.0,354585.0
108642.0,Monkseaton High School,37.0,442.0,9066.0,104.0,31.0,Urban: Nearer to a major town or city,North East,392,North Tyneside,E01008556,E02001750,NE25 9EQ,-1.4642051053195102,55.03143501395565,434347.0,570898.0
141325.0,The Crestwood School,28.0,442.0,9066.0,113.0,39.0,Urban: Nearer to a major town or city,West Midlands,332,Dudley,E01009828,E02002018,DY6 8QG,-2.151380157104033,52.49064945978223,389818.0,288091.0
136281.0,Kemnal Technology College,35.0,442.0,9066.0,100.0,23.0,Urban: Nearer to a major town or city,London,305,Bromley,E01000735,E02000140,DA14 5AA,0.1101877966507434,51.411873800439345,546848.0,170207.0
137773.0,The Kingswinford School & Science College,37.0,442.0,9066.0,177.0,20.0,Urban: Nearer to a major town or city,West Midlands,332,Dudley,E01009820,E02002011,DY6 7AD,-2.166584786340662,52.49983480456079,388788.0,289115.0
139953.0,Sir William Stanier Community School,17.0,442.0,9066.0,151.0,42.0,Urban: Nearer to a major town or city,North West,895,Cheshire East,E01018477,E02003826,CW1 4EB,-2.431527273928999,53.10517802432365,371207.0,356528.0
138622.0,"Saint Benedict, A Catholic Voluntary Academy",33.0,442.0,9066.0,202.0,31.0,Urban: Nearer to a major town or city,East Midlands,831,Derby,E01013527,E02002800,DE22 1JD,-1.4859222401748555,52.943317617475294,434643.0,338558.0
136965.0,Flixton Girls School,49.0,442.0,9066.0,136.0,22.0,Urban: Nearer to a major town or city,North West,358,Trafford,E01006129,E02001268,M41 5DR,-2.3710933342159004,53.44969733043104,375452.0,394833.0
139095.0,Brentford School for Girls,39.0,452.0,9054.0,106.0,49.0,Urban: Nearer to a major town or city,London,313,Hounslow,E01002567,E02000531,TW8 0PG,-0.3063687889114064,51.48534925289919,517692.0,177626.0
138058.0,Holmer Green Senior School,44.0,453.0,9053.0,134.0,11.0,Urban: Nearer to a major town or city,South East,825,Buckinghamshire,E01017774,E02006823,HP15 6SP,-0.6979641173512685,51.6656504994037,490146.0,197121.0
142035.0,The Netherhall School,56.0,453.0,9053.0,172.0,25.0,Urban: Nearer to a major town or city,East of England,873,Cambridgeshire,E01017995,E02003731,CB1 8NN,0.1644184902121367,52.18075571469672,548080.0,255818.0
136708.0,Hans Price Academy,34.0,453.0,9053.0,82.0,60.0,Urban: Nearer to a major town or city,South West,802,North Somerset,E01014829,E02003085,BS23 3QP,-2.9643924015810157,51.33831390920297,332918.0,160356.0
136775.0,Sawston Village College,63.0,453.0,9053.0,207.0,15.0,Larger rural: Nearer to a major town or city,East of England,873,Cambridgeshire,E01018280,E02003789,CB22 3BP,0.1637596191955783,52.126472768958834,548215.0,249780.0
138002.0,Knutsford Academy,63.0,453.0,9053.0,136.0,16.0,Urban: Nearer to a major town or city,North West,895,Cheshire East,E01018604,E02003863,WA16 0EA,-2.381295049767827,53.30095703404144,374686.0,378289.0
142853.0,St Katherine's School,39.0,453.0,9053.0,136.0,21.0,Smaller rural: Nearer to a major town or city,South West,802,North Somerset,E01014766,E02003068,BS20 0HU,-2.6775620051759144,51.47352198724627,353037.0,175169.0
137310.0,St Thomas More High School,58.0,453.0,9053.0,144.0,16.0,Urban: Nearer to a major town or city,East of England,882,Southend-on-Sea,E01015824,E02003283,SS0 0BW,0.6705517864404202,51.55452499510305,585234.0,187339.0
137514.0,Chesterfield High School,43.0,453.0,9053.0,189.0,31.0,Urban: Nearer to a major town or city,North West,343,Sefton,E01007020,E02001449,L23 9YB,-3.0045594962750015,53.491460607871254,333448.0,399885.0
141598.0,Bridgewater High School,60.0,453.0,9053.0,284.0,7.0,Urban: Nearer to a major town or city,North West,877,Warrington,E01012450,E02002612,WA4 3AE,-2.5751069792423755,53.36275020704019,361825.0,385250.0
109707.0,Ashcroft High School,29.0,453.0,9053.0,205.0,33.0,Urban: Nearer to a major town or city,East of England,821,Luton,E01015807,E02003273,LU2 9AG,-0.3828844234493324,51.891085761847656,511380.0,222627.0
138355.0,Hilbre High School,26.0,453.0,9053.0,168.0,32.0,Urban: Nearer to a major town or city,North West,344,Wirral,E01007260,E02001494,CH48 6EQ,-3.1612400500440216,53.37599770320791,322844.0,387198.0
138123.0,Ashton-on-Mersey School,42.0,453.0,9053.0,256.0,27.0,Urban: Nearer to a major town or city,North West,358,Trafford,E01006152,E02001274,M33 5BP,-2.339323057083321,53.41942857261771,377546.0,391455.0
114608.0,Patcham High School,49.0,453.0,9053.0,197.0,15.0,Urban: Nearer to a major town or city,South East,846,Brighton and Hove,E01016929,E02003491,BN1 8PB,-0.1439505950700955,50.86228867515874,530717.0,108617.0
137637.0,Birchwood High School,48.0,453.0,9053.0,228.0,15.0,Urban: Nearer to a major town or city,East of England,919,Hertfordshire,E01023440,E02004882,CM23 5BD,0.1822996366044648,51.87432550823856,550326.0,221778.0
135070.0,Haberdashers' Aske's Knights Academy,25.0,467.0,9044.0,170.0,43.0,Urban: Nearer to a major town or city,London,209,Lewisham,E01003237,E02006783,BR1 5EB,0.016249045114514,51.42808734137412,540266.0,171826.0
135665.0,The Milton Keynes Academy,21.0,467.0,9044.0,233.0,50.0,Urban: Nearer to a major town or city,South East,826,Milton Keynes,E01016848,E02003476,MK6 5LA,-0.7510584659240712,52.02817433378063,485783.0,237375.0
138449.0,Harris Academy Greenwich,42.0,467.0,9044.0,142.0,51.0,Urban: Nearer to a major town or city,London,203,Greenwich,E01001661,E02000341,SE9 5EQ,0.0394401632474935,51.45138262095235,541806.0,174461.0
137375.0,St Augustine's Catholic College,62.0,467.0,9044.0,149.0,10.0,Urban: Nearer to a major town or city,South West,865,Wiltshire,E01032085,E02006684,BA14 9EN,-2.220377913674906,51.31794426029278,384738.0,157672.0
102052.0,Bishop Stopford's School,46.0,467.0,9044.0,140.0,38.0,Urban: Nearer to a major town or city,London,308,Enfield,E01001513,E02000288,EN1 3PU,-0.0544103552213412,51.65736284338478,534676.0,197189.0
136032.0,North Birmingham Academy,30.0,467.0,9044.0,153.0,59.0,Urban: Nearer to a major town or city,West Midlands,330,Birmingham,E01009123,E02001848,B44 0HF,-1.8783573841827963,52.53400752059142,408348.0,292910.0
138020.0,The John of Gaunt School,32.0,467.0,9044.0,200.0,26.0,Urban: Nearer to a major town or city,South West,865,Wiltshire,E01032098,E02006686,BA14 9EH,-2.2202861371777973,51.31675750038961,384744.0,157540.0
137261.0,John Colet School,50.0,474.0,9034.0,163.0,9.0,Larger rural: Nearer to a major town or city,South East,825,Buckinghamshire,E01017730,E02003675,HP22 6HF,-0.7393877729639271,51.76661321853432,487087.0,208299.0
136709.0,Bullers Wood School,56.0,474.0,9034.0,216.0,14.0,Urban: Nearer to a major town or city,London,305,Bromley,E01000645,E02000133,BR7 5LJ,0.0480028732478257,51.40891257180523,542533.0,169755.0
138174.0,Belfairs Academy,38.0,474.0,9034.0,230.0,19.0,Urban: Nearer to a major town or city,East of England,882,Southend-on-Sea,E01015913,E02003286,SS9 3TG,0.640180776653915,51.55025697020229,583146.0,186788.0
137923.0,Hazel Grove High School,40.0,474.0,9034.0,184.0,26.0,Urban: Nearer to a major town or city,North West,356,Stockport,E01005806,E02001219,SK7 5JX,-2.134999425203391,53.3706590190365,391115.0,385984.0
138885.0,The Clarendon Academy,31.0,478.0,9020.0,151.0,25.0,Urban: Nearer to a major town or city,South West,865,Wiltshire,E01032090,E02006688,BA14 0DJ,-2.2178365208238855,51.31155578270487,384913.0,156961.0
137745.0,Woodside High School,35.0,478.0,9020.0,153.0,54.0,Urban: Nearer to a major town or city,London,309,Haringey,E01002104,E02000404,N22 5QJ,-0.1009325400198863,51.60350445061938,531614.0,191115.0
138260.0,The Hawthorne's Free School,17.0,478.0,9020.0,42.0,60.0,Urban: Nearer to a major town or city,North West,343,Sefton,E01007019,E02001463,L20 6AQ,-2.9828519507218587,53.463281341601686,334845.0,396730.0
137815.0,Weatherhead High School,33.0,478.0,9020.0,199.0,37.0,Urban: Nearer to a major town or city,North West,344,Wirral,E01007213,E02001473,CH44 3HS,-3.0573717136590965,53.414366639675826,329817.0,391359.0
137130.0,Prenton High School for Girls,33.0,478.0,9020.0,121.0,48.0,Urban: Nearer to a major town or city,North West,344,Wirral,E01007177,E02001495,CH42 6RR,-3.0256454234807095,53.368861813444255,331853.0,386266.0
102539.0,The Heathland School,67.0,478.0,9020.0,261.0,37.0,Urban: Nearer to a major town or city,London,313,Hounslow,E01002650,E02000546,TW4 5JD,-0.3761926379416264,51.457830733580415,512912.0,174456.0
135311.0,Harris City Academy Crystal Palace,75.0,478.0,9020.0,164.0,23.0,Urban: Nearer to a major town or city,London,306,Croydon,E01001138,E02000194,SE19 2JH,-0.0767947368223704,51.41167418739673,533846.0,169827.0
137163.0,The Thomas Hardye School,54.0,478.0,9020.0,428.0,12.0,Urban: Further from a major town or city,South West,838,Dorset,E01020526,E02007007,DT1 2ET,-2.4537173478548366,50.708381531650794,368059.0,89960.0
139196.0,Beamont Collegiate Academy,22.0,478.0,9020.0,122.0,41.0,Urban: Nearer to a major town or city,North West,877,Warrington,E01012520,E02002600,WA2 8PX,-2.587364721187538,53.40716726110046,361050.0,390198.0
136299.0,Northampton School for Boys,69.0,478.0,9020.0,216.0,19.0,Urban: Nearer to a major town or city,East Midlands,941,West Northamptonshire,E01027257,E02005674,NN1 5RT,-0.8675378219469503,52.23923075779344,477426.0,260718.0
139538.0,St Aidan's Catholic Academy,49.0,478.0,9020.0,146.0,24.0,Urban: Nearer to a major town or city,North East,394,Sunderland,E01008735,E02001806,SR2 7HJ,-1.3884001126748446,54.89302025817213,439327.0,555535.0
139517.0,St Thomas More Catholic School,35.0,478.0,9020.0,179.0,25.0,Urban: Nearer to a major town or city,East of England,822,Bedford,E01017453,E02003620,MK41 7UL,-0.4634026406521877,52.16179538240897,505203.0,252614.0
137138.0,Bexleyheath Academy,28.0,478.0,9020.0,276.0,34.0,Urban: Nearer to a major town or city,London,303,Bexley,E01000365,E02000079,DA6 7DA,0.1460777691298784,51.45781504586636,549194.0,175388.0
135913.0,Tudor Grange Academy Worcester,49.0,491.0,9015.0,166.0,21.0,Urban: Nearer to a major town or city,West Midlands,885,Worcestershire,E01032328,E02006737,WR3 8HN,-2.2059019221707823,52.21264350150956,386028.0,257177.0
137829.0,Northwood School,43.0,492.0,8988.0,56.0,23.0,Urban: Nearer to a major town or city,London,312,Hillingdon,E01002483,E02000495,HA6 1QN,-0.4072216486137259,51.602557389641866,510406.0,190503.0
137465.0,St Bartholomew's School,65.0,492.0,8988.0,242.0,10.0,Urban: Nearer to a major town or city,South East,869,West Berkshire,E01016291,E02003387,RG14 6JP,-1.3316604339370488,51.39228442921722,446597.0,166128.0
101943.0,Northolt High School,30.0,492.0,8988.0,133.0,42.0,Urban: Nearer to a major town or city,London,307,Ealing,E01001317,E02000240,UB5 4HP,-0.3760727333046437,51.552410942909866,512687.0,184974.0
136834.0,Farlingaye High School,54.0,492.0,8988.0,290.0,15.0,Urban: Nearer to a major town or city,East of England,935,Suffolk,E01030155,E02006294,IP12 4JX,1.3041367253630989,52.10056707328947,626393.0,249841.0
102854.0,Woodbridge High School,49.0,492.0,8988.0,229.0,25.0,Urban: Nearer to a major town or city,London,317,Redbridge,E01003760,E02000759,IG8 7DQ,0.0332261843183637,51.600968123530265,540912.0,191083.0
140748.0,Ruislip High School,51.0,492.0,8988.0,178.0,22.0,Urban: Nearer to a major town or city,London,312,Hillingdon,E01002466,E02000503,HA4 0BY,-0.4079362322301049,51.564789610607015,510448.0,186302.0
138614.0,Altrincham College of Arts,30.0,492.0,8988.0,158.0,34.0,Urban: Nearer to a major town or city,North West,358,Trafford,E01006140,E02001284,WA15 8QW,-2.3240814555203344,53.38404715858943,378541.0,387514.0
139839.0,Biddick Academy,36.0,492.0,8988.0,209.0,31.0,Urban: Nearer to a major town or city,North East,394,Sunderland,E01008843,E02001809,NE38 8AL,-1.5182604169129017,54.891376049955774,430999.0,555287.0
142040.0,Orchard Park High (Croydon),27.0,492.0,8988.0,200.0,44.0,Urban: Nearer to a major town or city,London,306,Croydon,E01001132,E02000211,CR0 7NJ,-0.0387101937907145,51.38356083122667,536578.0,166771.0
135946.0,All Saints Academy Dunstable,17.0,492.0,8988.0,114.0,41.0,Urban: Nearer to a major town or city,East of England,823,Central Bedfordshire,E01017578,E02003644,LU5 5AB,-0.5296095966443298,51.89612193338716,501272.0,222973.0
136674.0,The Mirfield Free Grammar and Sixth Form,48.0,492.0,8988.0,217.0,17.0,Urban: Nearer to a major town or city,Yorkshire and the Humber,382,Kirklees,E01011220,E02002291,WF14 9EZ,-1.7025202432792974,53.68673778026371,419744.0,421182.0
106135.0,Stockport School,46.0,492.0,8988.0,215.0,26.0,Urban: Nearer to a major town or city,North West,356,Stockport,E01005830,E02001213,SK2 6BW,-2.1390494326932767,53.39139084789204,390850.0,388291.0
138525.0,Trinity School,28.0,492.0,8988.0,137.0,26.0,Urban: Nearer to a major town or city,South East,869,West Berkshire,E01016324,E02003378,RG14 2DU,-1.318428710220834,51.41315914883628,447496.0,168458.0
137973.0,Montgomery High School,28.0,492.0,8988.0,249.0,26.0,Urban: Nearer to a major town or city,North West,890,Blackpool,E01012703,E02002634,FY2 0AZ,-3.0376604570960635,53.85561775744595,331843.0,440430.0
108055.0,Lawnswood School,40.0,492.0,8988.0,164.0,46.0,Urban: Nearer to a major town or city,Yorkshire and the Humber,383,Leeds,E01011685,E02006852,LS16 5AG,-1.5951131867220958,53.83591332055658,426743.0,437814.0
137635.0,Vyners School,62.0,492.0,8988.0,177.0,12.0,Urban: Nearer to a major town or city,London,312,Hillingdon,E01002461,E02000506,UB10 8AB,-0.4620655067800133,51.558488969161985,506711.0,185521.0
143927.0,Royal Greenwich Trust School,50.0,508.0,8982.0,10.0,30.0,Urban: Nearer to a major town or city,London,203,Greenwich,E01034198,E02006994,SE7 8LJ,0.0446590094688247,51.49246984561425,542041.0,179040.0
143927.0,Royal Greenwich Trust School,50.0,508.0,8982.0,10.0,30.0,Urban: Nearer to a major town or city,London,203,Greenwich,E01034198,E02006994,SE7 8LJ,0.0446590094688247,51.49246984561425,542041.0,179040.0
143927.0,Royal Greenwich Trust School,50.0,508.0,8982.0,10.0,30.0,Urban: Nearer to a major town or city,London,203,Greenwich,E01034198,E02006994,SE7 8LJ,0.0446590094688247,51.49246984561425,542041.0,179040.0
143927.0,Royal Greenwich Trust School,50.0,508.0,8982.0,10.0,30.0,Urban: Nearer to a major town or city,London,203,Greenwich,E01034198,E02006994,SE7 8LJ,0.0446590094688247,51.49246984561425,542041.0,179040.0
143927.0,Royal Greenwich Trust School,50.0,508.0,8982.0,10.0,30.0,Urban: Nearer to a major town or city,London,203,Greenwich,E01034198,E02006994,SE7 8LJ,0.0446590094688247,51.49246984561425,542041.0,179040.0
143927.0,Royal Greenwich Trust School,50.0,508.0,8982.0,10.0,30.0,Urban: Nearer to a major town or city,London,203,Greenwich,E01034198,E02006994,SE7 8LJ,0.0446590094688247,51.49246984561425,542041.0,179040.0
143927.0,Royal Greenwich Trust School,50.0,508.0,8982.0,10.0,30.0,Urban: Nearer to a major town or city,London,203,Greenwich,E01034198,E02006994,SE7 8LJ,0.0446590094688247,51.49246984561425,542041.0,179040.0
143927.0,Royal Greenwich Trust School,50.0,508.0,8982.0,10.0,30.0,Urban: Nearer to a major town or city,London,203,Greenwich,E01034198,E02006994,SE7 8LJ,0.0446590094688247,51.49246984561425,542041.0,179040.0
140459.0,Oakwood High School,37.0,508.0,8982.0,194.0,31.0,Urban: Nearer to a major town or city,Yorkshire and the Humber,372,Rotherham,E01007678,E02001600,S60 2UH,-1.345718679310422,53.41636128423895,443584.0,391259.0
143927.0,Royal Greenwich Trust School,50.0,508.0,8982.0,10.0,30.0,Urban: Nearer to a major town or city,London,203,Greenwich,E01034198,E02006994,SE7 8LJ,0.0446590094688247,51.49246984561425,542041.0,179040.0
143927.0,Royal Greenwich Trust School,50.0,508.0,8982.0,10.0,30.0,Urban: Nearer to a major town or city,London,203,Greenwich,E01034198,E02006994,SE7 8LJ,0.0446590094688247,51.49246984561425,542041.0,179040.0
136907.0,Myton School,49.0,508.0,8982.0,226.0,16.0,Urban: Nearer to a major town or city,West Midlands,937,Warwickshire,E01031315,E02006530,CV34 6PJ,-1.5653711080371016,52.27993934448857,429748.0,264731.0
143927.0,Royal Greenwich Trust School,50.0,508.0,8982.0,10.0,30.0,Urban: Nearer to a major town or city,London,203,Greenwich,E01034198,E02006994,SE7 8LJ,0.0446590094688247,51.49246984561425,542041.0,179040.0
143927.0,Royal Greenwich Trust School,50.0,508.0,8982.0,10.0,30.0,Urban: Nearer to a major town or city,London,203,Greenwich,E01034198,E02006994,SE7 8LJ,0.0446590094688247,51.49246984561425,542041.0,179040.0
143927.0,Royal Greenwich Trust School,50.0,508.0,8982.0,10.0,30.0,Urban: Nearer to a major town or city,London,203,Greenwich,E01034198,E02006994,SE7 8LJ,0.0446590094688247,51.49246984561425,542041.0,179040.0
103539.0,Cardinal Wiseman Catholic School,22.0,508.0,8982.0,95.0,69.0,Urban: Nearer to a major town or city,West Midlands,330,Birmingham,E01009226,E02001843,B44 9SR,-1.889302579520696,52.54894150851444,407603.0,294570.0
131897.0,Harris Academy Merton,47.0,508.0,8982.0,164.0,40.0,Urban: Nearer to a major town or city,London,315,Merton,E01003433,E02000707,CR4 1BP,-0.1344285644106033,51.40182377489293,529866.0,168628.0
143927.0,Royal Greenwich Trust School,50.0,508.0,8982.0,10.0,30.0,Urban: Nearer to a major town or city,London,203,Greenwich,E01034198,E02006994,SE7 8LJ,0.0446590094688247,51.49246984561425,542041.0,179040.0
143927.0,Royal Greenwich Trust School,50.0,508.0,8982.0,10.0,30.0,Urban: Nearer to a major town or city,London,203,Greenwich,E01034198,E02006994,SE7 8LJ,0.0446590094688247,51.49246984561425,542041.0,179040.0
143927.0,Royal Greenwich Trust School,50.0,508.0,8982.0,10.0,30.0,Urban: Nearer to a major town or city,London,203,Greenwich,E01034198,E02006994,SE7 8LJ,0.0446590094688247,51.49246984561425,542041.0,179040.0
143927.0,Royal Greenwich Trust School,50.0,508.0,8982.0,10.0,30.0,Urban: Nearer to a major town or city,London,203,Greenwich,E01034198,E02006994,SE7 8LJ,0.0446590094688247,51.49246984561425,542041.0,179040.0
101940.0,Greenford High School,56.0,508.0,8982.0,234.0,33.0,Urban: Nearer to a major town or city,London,307,Ealing,E01032744,E02000247,UB1 2GU,-0.3697215961715707,51.531137130167224,513180.0,182618.0
143927.0,Royal Greenwich Trust School,50.0,508.0,8982.0,10.0,30.0,Urban: Nearer to a major town or city,London,203,Greenwich,E01034198,E02006994,SE7 8LJ,0.0446590094688247,51.49246984561425,542041.0,179040.0
143927.0,Royal Greenwich Trust School,50.0,508.0,8982.0,10.0,30.0,Urban: Nearer to a major town or city,London,203,Greenwich,E01034198,E02006994,SE7 8LJ,0.0446590094688247,51.49246984561425,542041.0,179040.0
143927.0,Royal Greenwich Trust School,50.0,508.0,8982.0,10.0,30.0,Urban: Nearer to a major town or city,London,203,Greenwich,E01034198,E02006994,SE7 8LJ,0.0446590094688247,51.49246984561425,542041.0,179040.0
143927.0,Royal Greenwich Trust School,50.0,508.0,8982.0,10.0,30.0,Urban: Nearer to a major town or city,London,203,Greenwich,E01034198,E02006994,SE7 8LJ,0.0446590094688247,51.49246984561425,542041.0,179040.0
136146.0,North Shore Academy,30.0,508.0,8982.0,86.0,65.0,Urban: Nearer to a major town or city,North East,808,Stockton-on-Tees,E01012268,E02002544,TS20 2AY,-1.3079016362263045,54.575908336993606,444838.0,520296.0
143927.0,Royal Greenwich Trust School,50.0,508.0,8982.0,10.0,30.0,Urban: Nearer to a major town or city,London,203,Greenwich,E01034198,E02006994,SE7 8LJ,0.0446590094688247,51.49246984561425,542041.0,179040.0
143927.0,Royal Greenwich Trust School,50.0,508.0,8982.0,10.0,30.0,Urban: Nearer to a major town or city,London,203,Greenwich,E01034198,E02006994,SE7 8LJ,0.0446590094688247,51.49246984561425,542041.0,179040.0
143927.0,Royal Greenwich Trust School,50.0,508.0,8982.0,10.0,30.0,Urban: Nearer to a major town or city,London,203,Greenwich,E01034198,E02006994,SE7 8LJ,0.0446590094688247,51.49246984561425,542041.0,179040.0
143927.0,Royal Greenwich Trust School,50.0,508.0,8982.0,10.0,30.0,Urban: Nearer to a major town or city,London,203,Greenwich,E01034198,E02006994,SE7 8LJ,0.0446590094688247,51.49246984561425,542041.0,179040.0
143927.0,Royal Greenwich Trust School,50.0,508.0,8982.0,10.0,30.0,Urban: Nearer to a major town or city,London,203,Greenwich,E01034198,E02006994,SE7 8LJ,0.0446590094688247,51.49246984561425,542041.0,179040.0
143927.0,Royal Greenwich Trust School,50.0,508.0,8982.0,10.0,30.0,Urban: Nearer to a major town or city,London,203,Greenwich,E01034198,E02006994,SE7 8LJ,0.0446590094688247,51.49246984561425,542041.0,179040.0
143927.0,Royal Greenwich Trust School,50.0,508.0,8982.0,10.0,30.0,Urban: Nearer to a major town or city,London,203,Greenwich,E01034198,E02006994,SE7 8LJ,0.0446590094688247,51.49246984561425,542041.0,179040.0
108057.0,Allerton High School,63.0,508.0,8982.0,179.0,23.0,Urban: Nearer to a major town or city,Yorkshire and the Humber,383,Leeds,E01011559,E02002347,LS17 7AG,-1.5516677090665532,53.8503644935313,429592.0,439439.0
137131.0,Queen Elizabeth's Girls' School,64.0,508.0,8982.0,175.0,26.0,Urban: Nearer to a major town or city,London,302,Barnet,E01000250,E02000024,EN5 5RR,-0.1967680547034935,51.65176731684837,524845.0,196314.0
137912.0,Sir Christopher Hatton Academy,41.0,508.0,8982.0,177.0,24.0,Urban: Nearer to a major town or city,East Midlands,940,North Northamptonshire,E01027332,E02005693,NN8 4RP,-0.6943588652280291,52.309008986975606,489111.0,268678.0
143927.0,Royal Greenwich Trust School,50.0,508.0,8982.0,10.0,30.0,Urban: Nearer to a major town or city,London,203,Greenwich,E01034198,E02006994,SE7 8LJ,0.0446590094688247,51.49246984561425,542041.0,179040.0
143927.0,Royal Greenwich Trust School,50.0,508.0,8982.0,10.0,30.0,Urban: Nearer to a major town or city,London,203,Greenwich,E01034198,E02006994,SE7 8LJ,0.0446590094688247,51.49246984561425,542041.0,179040.0
143927.0,Royal Greenwich Trust School,50.0,508.0,8982.0,10.0,30.0,Urban: Nearer to a major town or city,London,203,Greenwich,E01034198,E02006994,SE7 8LJ,0.0446590094688247,51.49246984561425,542041.0,179040.0
141716.0,St Thomas More Catholic Comprehensive School,64.0,508.0,8982.0,116.0,9.0,Urban: Nearer to a major town or city,London,203,Greenwich,E01001613,E02000340,SE9 2SU,0.0615671771463889,51.44829760115129,543353.0,174161.0
143927.0,Royal Greenwich Trust School,50.0,508.0,8982.0,10.0,30.0,Urban: Nearer to a major town or city,London,203,Greenwich,E01034198,E02006994,SE7 8LJ,0.0446590094688247,51.49246984561425,542041.0,179040.0
141916.0,Rushey Mead Academy,59.0,508.0,8982.0,267.0,28.0,Urban: Nearer to a major town or city,East Midlands,856,Leicester,E01013629,E02002833,LE4 7AN,-1.1109115067387951,52.66253062399967,460229.0,307570.0
136995.0,Beverley Grammar School,69.0,535.0,8961.0,127.0,10.0,Urban: Nearer to a major town or city,Yorkshire and the Humber,811,East Riding of Yorkshire,E01013042,E02002703,HU17 8NF,-0.4397235222735294,53.83367382569356,502780.0,438617.0
137812.0,The Earls High School,47.0,535.0,8961.0,235.0,20.0,Urban: Nearer to a major town or city,West Midlands,332,Dudley,E01009734,E02002033,B63 3SL,-2.0505843949209006,52.45281650189356,396659.0,283873.0
118072.0,Beverley High School,59.0,535.0,8961.0,147.0,9.0,Urban: Nearer to a major town or city,Yorkshire and the Humber,811,East Riding of Yorkshire,E01013071,E02002700,HU17 9EX,-0.4305610143171958,53.846668887671264,503351.0,440076.0
136335.0,Norton Hill Academy,60.0,535.0,8961.0,250.0,13.0,Urban: Nearer to a major town or city,South West,800,Bath and North East Somerset,E01014424,E02003011,BA3 4AD,-2.4809606432449063,51.280799510695246,366551.0,153628.0
136108.0,The Victory Academy,35.0,535.0,8961.0,95.0,55.0,Urban: Nearer to a major town or city,South East,887,Medway,E01016062,E02003335,ME4 5JB,0.5323590375398134,51.36915411682438,576368.0,166387.0
142008.0,Mangotsfield School,33.0,535.0,8961.0,208.0,20.0,Urban: Nearer to a major town or city,South West,803,South Gloucestershire,E01033338,E02003108,BS16 9LH,-2.4834993962551453,51.47991348155713,366520.0,175773.0
139160.0,Mark Rutherford School,36.0,535.0,8961.0,269.0,17.0,Urban: Nearer to a major town or city,East of England,822,Bedford,E01017533,E02003621,MK41 8PX,-0.4345287875717299,52.15925772287429,507184.0,252374.0
138342.0,Altwood CofE Secondary School,42.0,535.0,8961.0,119.0,24.0,Urban: Nearer to a major town or city,South East,868,Windsor and Maidenhead,E01016534,E02003426,SL6 4PU,-0.7507546715466157,51.51629285411325,486779.0,180447.0
136646.0,Queen Elizabeth's,45.0,535.0,8961.0,211.0,18.0,Larger rural: Nearer to a major town or city,South West,878,Devon,E01020061,E02004174,EX17 3LU,-3.666096523771333,50.79192099804592,282666.0,100475.0
137297.0,Birkdale High School,53.0,535.0,8961.0,133.0,20.0,Urban: Nearer to a major town or city,North West,343,Sefton,E01006925,E02001439,PR8 3DT,-3.024061270507969,53.61203168085627,332347.0,413317.0
137974.0,Aldridge School - A Science College,36.0,535.0,8961.0,253.0,36.0,Urban: Nearer to a major town or city,West Midlands,335,Walsall,E01010247,E02002131,WS9 0BG,-1.925439160955865,52.597811679567265,405147.0,300003.0
141852.0,Windsor Girls' School,43.0,535.0,8961.0,179.0,18.0,Urban: Nearer to a major town or city,South East,868,Windsor and Maidenhead,E01016548,E02003434,SL4 3RT,-0.6293722584710972,51.47179273428242,495294.0,175649.0
137198.0,Rooks Heath College,35.0,535.0,8961.0,156.0,35.0,Urban: Nearer to a major town or city,London,310,Harrow,E01002215,E02000463,HA2 9AH,-0.3718552545839786,51.56226210552138,512955.0,186076.0
139189.0,Whitecross Hereford,38.0,535.0,8961.0,173.0,17.0,Urban: Further from a major town or city,West Midlands,884,"Herefordshire, County of",E01014089,E02002914,HR4 0RN,-2.744286363155388,52.06658422855568,349076.0,241173.0
136311.0,Somervale School Specialist Media Arts College,34.0,535.0,8961.0,79.0,32.0,Urban: Nearer to a major town or city,South West,800,Bath and North East Somerset,E01014425,E02003011,BA3 2JD,-2.4871034243674655,51.28407401781118,366125.0,153995.0
116507.0,Saint George Catholic Voluntary Aided College Southampton,52.0,535.0,8961.0,109.0,18.0,Urban: Nearer to a major town or city,South East,852,Southampton,E01017270,E02003551,SO16 3DQ,-1.3824389204384124,50.946107088251885,443481.0,116479.0
137264.0,Lydiard Park Academy,42.0,535.0,8961.0,170.0,26.0,Urban: Nearer to a major town or city,South West,866,Swindon,E01015499,E02003229,SN5 6HN,-1.8459176878243315,51.55800494475077,410778.0,184358.0
138586.0,Nishkam High School,51.0,552.0,8942.0,94.0,29.0,Urban: Nearer to a major town or city,West Midlands,330,Birmingham,E01008911,E02001875,B19 2LF,-1.9073920989264217,52.49570931990609,406384.0,288647.0
136882.0,Aston Manor Academy,29.0,553.0,8930.0,144.0,72.0,Urban: Nearer to a major town or city,West Midlands,330,Birmingham,E01008910,E02001876,B6 4PZ,-1.89012898088153,52.49596417022072,407556.0,288677.0
138787.0,Childwall Sports & Science Academy,25.0,554.0,8919.0,138.0,49.0,Urban: Nearer to a major town or city,North West,341,Liverpool,E01006582,E02001387,L15 6XZ,-2.8995255341656723,53.399128414909015,340287.0,389520.0
116936.0,Aylestone Business and Enterprise College,32.0,554.0,8919.0,95.0,18.0,Urban: Further from a major town or city,West Midlands,884,"Herefordshire, County of",E01013988,E02002915,HR1 1HY,-2.6940950436266475,52.06324057757752,352513.0,240767.0
103486.0,Kings Heath Boys,48.0,554.0,8919.0,92.0,98.0,Urban: Nearer to a major town or city,West Midlands,330,Birmingham,E01008936,E02001937,B13 0QP,-1.880396011964375,52.423441109451005,408230.0,280611.0
104698.0,Calderstones School,42.0,554.0,8919.0,231.0,31.0,Urban: Nearer to a major town or city,North West,341,Liverpool,E01006539,E02001393,L18 3HS,-2.900653541859482,53.383461510925486,340190.0,387778.0
138059.0,Rockwood Academy,34.0,554.0,8919.0,112.0,66.0,Urban: Nearer to a major town or city,West Midlands,330,Birmingham,E01009485,E02001874,B8 3HG,-1.8449997852007576,52.49121184761351,410621.0,288154.0
100745.0,Forest Hill School,34.0,554.0,8919.0,223.0,38.0,Urban: Nearer to a major town or city,London,209,Lewisham,E01003313,E02000679,SE23 2XN,-0.0478880336863428,51.43198750410653,535796.0,172139.0
136867.0,Pilton Community College,37.0,554.0,8919.0,256.0,17.0,Urban: Further from a major town or city,South West,878,Devon,E01020132,E02004181,EX31 1RB,-4.069590982824709,51.08799718813039,255153.0,134114.0
103497.0,Queensbridge School,45.0,554.0,8919.0,131.0,47.0,Urban: Nearer to a major town or city,West Midlands,330,Birmingham,E01009186,E02001914,B13 8QB,-1.8933828635102516,52.441110040666295,407344.0,282575.0
115239.0,Grays Convent High School,53.0,554.0,8919.0,114.0,23.0,Urban: Nearer to a major town or city,East of England,883,Thurrock,E01015959,E02003311,RM17 5UX,0.3299921732494764,51.482928744419056,561881.0,178571.0
136028.0,Dagenham Park CofE School,36.0,554.0,8919.0,208.0,41.0,Urban: Nearer to a major town or city,London,301,Barking and Dagenham,E01000088,E02000021,RM10 9QH,0.1558687926621611,51.534471562641706,549623.0,183932.0
142150.0,Malet Lambert,34.0,554.0,8919.0,282.0,26.0,Urban: Nearer to a major town or city,Yorkshire and the Humber,810,"Kingston upon Hull, City of",E01012812,E02002664,HU8 0JD,-0.3011030412436647,53.768616767282886,512075.0,431589.0
136895.0,The Oldershaw Academy,30.0,554.0,8919.0,91.0,65.0,Urban: Nearer to a major town or city,North West,344,Wirral,E01007314,E02001470,CH45 4RJ,-3.050202768818434,53.42261865799418,330307.0,392270.0
142509.0,The Kingsway School,48.0,554.0,8919.0,284.0,26.0,Urban: Nearer to a major town or city,North West,356,Stockport,E01005772,E02001214,SK8 4QX,-2.226630798101798,53.38699577299131,385024.0,387817.0
137259.0,Baylis Court School,58.0,554.0,8919.0,155.0,37.0,Urban: Nearer to a major town or city,South East,871,Slough,E01016449,E02003410,SL1 3AH,-0.608086942007564,51.52536014563798,496659.0,181634.0
137913.0,"Notre Dame High School, Norwich",57.0,568.0,8917.0,197.0,14.0,Urban: Nearer to a major town or city,East of England,926,Norfolk,E01035140,E02007053,NR1 3PB,1.2966923011734972,52.62289083698249,623235.0,307892.0
136916.0,The Castle School,49.0,568.0,8917.0,238.0,19.0,Urban: Further from a major town or city,South West,933,Somerset,E01029302,E02006109,TA1 5AU,-3.1179687514379717,51.016955071457225,321677.0,124771.0
108731.0,Hebburn Comprehensive School,20.0,570.0,8912.0,150.0,49.0,Urban: Nearer to a major town or city,North East,393,South Tyneside,E01008646,E02001782,NE31 2QU,-1.5124771057746655,54.96752078514433,431311.0,563763.0
137407.0,Bishop Ramsey Church of England School,60.0,570.0,8912.0,184.0,12.0,Urban: Nearer to a major town or city,London,312,Hillingdon,E01002435,E02000500,HA4 8EE,-0.409233994382167,51.57886240183356,510324.0,187865.0
140737.0,Notre Dame RC School,35.0,570.0,8912.0,108.0,23.0,Urban: Nearer to a major town or city,South West,879,Plymouth,E01015025,E02003122,PL6 5HN,-4.1273433929897285,50.421513220967014,248977.0,60126.0
135565.0,The Priory Academy LSST,73.0,570.0,8912.0,263.0,10.0,Urban: Nearer to a major town or city,East Midlands,925,Lincolnshire,E01026174,E02005449,LN5 8PW,-0.5464135202066429,53.20823468630724,497178.0,368891.0
123878.0,Robert Blake Science College,30.0,570.0,8912.0,141.0,35.0,Urban: Nearer to a major town or city,South West,933,Somerset,E01029098,E02006073,TA6 6AW,-3.0040832104426194,51.12034100727908,329822.0,136153.0
106143.0,Harrytown Catholic High School,37.0,570.0,8912.0,166.0,18.0,Urban: Nearer to a major town or city,North West,356,Stockport,E01005902,E02001198,SK6 3BU,-2.104473595133387,53.4133759870438,393153.0,390733.0
137360.0,Whickham School,44.0,570.0,8912.0,234.0,24.0,Urban: Nearer to a major town or city,North East,390,Gateshead,E01008275,E02001698,NE16 5AR,-1.6848165001915627,54.94050969266234,420291.0,560694.0
141163.0,Woolwich Polytechnic School,53.0,570.0,8912.0,225.0,48.0,Urban: Nearer to a major town or city,London,203,Greenwich,E01033745,E02000314,SE28 8AT,0.1084277773790549,51.50354369242009,546432.0,180397.0
138923.0,Oxclose Community Academy,33.0,570.0,8912.0,207.0,32.0,Urban: Nearer to a major town or city,North East,394,Sunderland,E01008868,E02001810,NE38 0LN,-1.5454093585474826,54.89631509529369,429254.0,555825.0
113854.0,Ferndown Upper School,42.0,570.0,8912.0,164.0,18.0,Urban: Nearer to a major town or city,South West,838,Dorset,E01020408,E02004251,BH22 9EY,-1.9023582309146343,50.80612045185997,406976.0,100735.0
136618.0,Windsor High School and Sixth Form,40.0,570.0,8912.0,275.0,28.0,Urban: Nearer to a major town or city,West Midlands,332,Dudley,E01009739,E02002038,B63 4BB,-2.060103581913252,52.45165228384315,396012.0,283744.0
136466.0,Bishop Justus CofE School,39.0,570.0,8912.0,176.0,23.0,Urban: Nearer to a major town or city,London,305,Bromley,E01000661,E02000152,BR2 8HZ,0.0434177521413467,51.381187284589615,542300.0,166663.0
141179.0,The Skipton Academy,32.0,570.0,8912.0,81.0,26.0,Urban: Further from a major town or city,Yorkshire and the Humber,815,North Yorkshire,E01027576,E02007041,BD23 1UQ,-2.036913743172686,53.962758907899826,397676.0,451852.0
142079.0,Digitech Studio School,26.0,570.0,8912.0,66.0,39.0,Urban: Nearer to a major town or city,South West,803,South Gloucestershire,E01014943,E02003118,BS30 8XQ,-2.4799587940166448,51.45672949606374,366749.0,173193.0
144496.0,Teesdale School,49.0,570.0,8912.0,94.0,19.0,Larger rural: Nearer to a major town or city,North East,840,County Durham,E01020853,E02007022,DL12 8HH,-1.9128599832696784,54.550405688517515,405735.0,517242.0
140123.0,Alleyne's Academy,53.0,585.0,8892.0,206.0,14.0,Urban: Nearer to a major town or city,West Midlands,860,Staffordshire,E01029746,E02006190,ST15 8DT,-2.140698526386477,52.91068669418957,390635.0,334814.0
137500.0,Moor End Academy,35.0,586.0,8863.0,168.0,44.0,Urban: Nearer to a major town or city,Yorkshire and the Humber,382,Kirklees,E01011085,E02002317,HD4 5JA,-1.8124574738827008,53.630010644280304,412500.0,414846.0
138137.0,Stockland Green School,26.0,586.0,8863.0,140.0,52.0,Urban: Nearer to a major town or city,West Midlands,330,Birmingham,E01009410,E02001852,B23 7JH,-1.8618357569202884,52.523246207033885,409471.0,291715.0
103560.0,Bishop Challoner Catholic College,62.0,586.0,8863.0,182.0,32.0,Urban: Nearer to a major town or city,West Midlands,330,Birmingham,E01009175,E02001930,B14 7EG,-1.88981320858306,52.4330336896543,407588.0,281677.0
140369.0,The Bluecoat Beechdale Academy,18.0,586.0,8863.0,84.0,68.0,Urban: Nearer to a major town or city,East Midlands,892,Nottingham,E01013861,E02002887,NG8 3GP,-1.2121198729127276,52.966523294878826,453014.0,341306.0
136592.0,Lordswood Girls' School and Sixth Form Centre,50.0,586.0,8863.0,130.0,30.0,Urban: Nearer to a major town or city,West Midlands,330,Birmingham,E01009066,E02001899,B17 8QB,-1.9638407456493976,52.46938155996299,402553.0,285715.0
139031.0,St John Plessington Catholic College,34.0,586.0,8863.0,214.0,36.0,Urban: Nearer to a major town or city,North West,344,Wirral,E01007112,E02001498,CH63 7LF,-3.0070533096866385,53.359276052898096,333075.0,385182.0
136576.0,The Brittons Academy Trust,27.0,586.0,8863.0,179.0,36.0,Urban: Nearer to a major town or city,London,311,Havering,E01002373,E02000490,RM13 7BB,0.1882003504103155,51.53633712736078,551859.0,184206.0
139819.0,Weavers Academy,29.0,586.0,8863.0,139.0,32.0,Urban: Nearer to a major town or city,East Midlands,940,North Northamptonshire,E01027312,E02005698,NN8 3JH,-0.7130854354542253,52.30208471692731,487848.0,267885.0
139791.0,Riverside School,53.0,586.0,8863.0,111.0,49.0,Urban: Nearer to a major town or city,London,301,Barking and Dagenham,E01000094,E02000023,IG11 0FU,0.1181300296107959,51.52166971479992,547047.0,182432.0
136308.0,Ashmole Academy,77.0,586.0,8863.0,223.0,16.0,Urban: Nearer to a major town or city,London,302,Barnet,E01000120,E02000032,N14 5RJ,-0.132907508318232,51.63014952603052,529324.0,194021.0
139343.0,"The Catholic High School, Chester A Specialist Science College",31.0,586.0,8863.0,133.0,21.0,Urban: Nearer to a major town or city,North West,896,Cheshire West and Chester,E01018342,E02003807,CH4 7HS,-2.8925970608770073,53.17767197428978,340440.0,364878.0
131726.0,Holy Family Roman Catholic and Church of England College,52.0,586.0,8863.0,110.0,16.0,Urban: Nearer to a major town or city,North West,354,Rochdale,E01005505,E02001149,OL10 2AA,-2.224690181865721,53.58649755709737,385223.0,410012.0
138341.0,The Trinity Catholic School A Voluntary Academy,53.0,586.0,8863.0,169.0,24.0,Urban: Nearer to a major town or city,East Midlands,892,Nottingham,E01013929,E02002887,NG8 3EZ,-1.2092124648385696,52.969191797881926,453206.0,341605.0
112054.0,Redruth School,41.0,586.0,8863.0,140.0,20.0,Urban: Further from a major town or city,South West,908,Cornwall,E01018911,E02003919,TR15 1TA,-5.238312369170579,50.234372920417215,169165.0,42173.0
137020.0,West Hill School,45.0,586.0,8863.0,162.0,20.0,Urban: Nearer to a major town or city,North West,357,Tameside,E01006066,E02001236,SK15 1LX,-2.065833004248032,53.486533909153344,395729.0,398869.0
136406.0,"Ninestiles, an Academy",40.0,586.0,8863.0,254.0,42.0,Urban: Nearer to a major town or city,West Midlands,330,Birmingham,E01009022,E02001924,B27 7QG,-1.832573325192529,52.43940380537565,411478.0,282393.0
142747.0,Thomas Becket Catholic School,30.0,586.0,8863.0,132.0,24.0,Urban: Nearer to a major town or city,East Midlands,941,West Northamptonshire,E01027219,E02005651,NN3 6HT,-0.8618121599224303,52.2701221406188,477763.0,264160.0
137184.0,Nottingham Girls' Academy,34.0,586.0,8863.0,117.0,45.0,Urban: Nearer to a major town or city,East Midlands,892,Nottingham,E01013929,E02002887,NG8 3LD,-1.2011209222697588,52.96789724915568,453751.0,341467.0
137928.0,"Gumley House RC Convent School, FCJ",45.0,586.0,8863.0,169.0,17.0,Urban: Nearer to a major town or city,London,313,Hounslow,E01002668,E02000539,TW7 6XF,-0.3302813276175161,51.46908277940881,516073.0,175779.0
136502.0,North Huddersfield Trust School,19.0,586.0,8863.0,109.0,50.0,Urban: Nearer to a major town or city,Yorkshire and the Humber,382,Kirklees,E01011041,E02002299,HD2 1DJ,-1.768818260792771,53.6659233382404,415373.0,418850.0
135934.0,Parkwood E-Act Academy,21.0,586.0,8863.0,140.0,58.0,Urban: Nearer to a major town or city,Yorkshire and the Humber,373,Sheffield,E01008094,E02001629,S5 8UL,-1.4850862780941694,53.412646867803595,434324.0,390770.0
138368.0,Parkside Studio College,13.0,586.0,8863.0,23.0,43.0,Urban: Nearer to a major town or city,London,312,Hillingdon,E01002401,E02000517,UB3 2SE,-0.4291165902795701,51.51998801535273,509087.0,181288.0
140014.0,Ark Boulton Academy,33.0,608.0,8852.0,165.0,68.0,Urban: Nearer to a major town or city,West Midlands,330,Birmingham,E01009339,E02007039,B11 2QG,-1.8608509770656976,52.45704259277398,409552.0,284351.0
117577.0,The Bishop's Stortford High School,73.0,609.0,8829.0,154.0,5.0,Urban: Nearer to a major town or city,East of England,919,Hertfordshire,E01023460,E02004885,CM23 4SH,0.1537331794363934,51.84961898589469,548441.0,218972.0
139746.0,Hamstead Hall Academy,50.0,609.0,8829.0,171.0,44.0,Urban: Nearer to a major town or city,West Midlands,330,Birmingham,E01032591,E02006809,B20 1HL,-1.942093320202623,52.53032521148245,404025.0,292495.0
138069.0,Tapton School,68.0,609.0,8829.0,220.0,15.0,Urban: Nearer to a major town or city,Yorkshire and the Humber,373,Sheffield,E01007954,E02001643,S10 5RG,-1.5206339956066892,53.37526719984742,431989.0,386595.0
137444.0,Rastrick High School,56.0,612.0,8820.0,232.0,18.0,Urban: Nearer to a major town or city,Yorkshire and the Humber,381,Calderdale,E01010945,E02002267,HD6 3XB,-1.7917626973982896,53.69656102483089,413847.0,422254.0
137448.0,Fred Longworth High School,37.0,612.0,8820.0,242.0,20.0,Urban: Nearer to a major town or city,North West,359,Wigan,E01006293,E02001308,M29 8JN,-2.47795494037431,53.51393661433642,368403.0,402022.0
137233.0,Sacred Heart of Mary Girls' School,79.0,612.0,8820.0,121.0,3.0,Urban: Nearer to a major town or city,London,311,Havering,E01002386,E02000485,RM14 2QR,0.2435435014279706,51.556857014999025,555627.0,186604.0
136340.0,Sandbach High School and Sixth Form College,53.0,612.0,8820.0,194.0,13.0,Urban: Nearer to a major town or city,North West,895,Cheshire East,E01018437,E02003819,CW11 3NT,-2.37358016794642,53.145753126382026,375110.0,361020.0
104688.0,Holly Lodge Girls' College,41.0,612.0,8820.0,114.0,42.0,Urban: Nearer to a major town or city,North West,341,Liverpool,E01006617,E02001367,L12 7LE,-2.918350049567834,53.428208176100355,339077.0,392771.0
140104.0,Eggbuckland Community College,22.0,612.0,8820.0,158.0,24.0,Urban: Nearer to a major town or city,South West,879,Plymouth,E01015066,E02003133,PL6 5YB,-4.12322115732708,50.40016357259044,249202.0,57744.0
137052.0,Ousedale School,56.0,612.0,8820.0,347.0,15.0,Urban: Nearer to a major town or city,South East,826,Milton Keynes,E01016787,E02003461,MK16 0BJ,-0.7353393717522317,52.08005654822645,486761.0,243164.0
140265.0,UTC Cambridge,53.0,612.0,8820.0,73.0,14.0,Urban: Nearer to a major town or city,East of England,873,Cambridgeshire,E01017995,E02003731,CB2 0SZ,0.1418615568877701,52.17311943718515,546563.0,254923.0
136183.0,Sarum Academy,11.0,612.0,8820.0,45.0,40.0,Urban: Further from a major town or city,South West,865,Wiltshire,E01031981,E02006667,SP2 9HS,-1.8356957182148033,51.08592570171796,411604.0,131859.0
138136.0,The Arthur Terry School,59.0,612.0,8820.0,241.0,15.0,Urban: Nearer to a major town or city,West Midlands,330,Birmingham,E01009422,E02001828,B74 4RZ,-1.836815844272136,52.58898510085957,411152.0,299031.0
136530.0,Catmose College,57.0,612.0,8820.0,177.0,13.0,Urban: Further from a major town or city,East Midlands,857,Rutland,E01035103,E02002864,LE15 6RP,-0.7386173482221168,52.672576557988414,485388.0,309063.0
139840.0,Birchwood Community High School,35.0,612.0,8820.0,199.0,23.0,Urban: Nearer to a major town or city,North West,877,Warrington,E01012459,E02002594,WA3 7PT,-2.5294959393961456,53.416777692393936,364905.0,391237.0
137284.0,The Eastwood Academy,63.0,612.0,8820.0,161.0,17.0,Urban: Nearer to a major town or city,East of England,882,Southend-on-Sea,E01015835,E02003279,SS9 5UU,0.6650854841329907,51.563679253618034,584818.0,188343.0
141257.0,St Mary's Catholic Academy,37.0,612.0,8820.0,207.0,34.0,Urban: Nearer to a major town or city,North West,890,Blackpool,E01012722,E02002641,FY3 7EQ,-3.0210284761199233,53.82688157139449,332891.0,437217.0
136586.0,Langley Park School for Boys,62.0,612.0,8820.0,211.0,9.0,Urban: Nearer to a major town or city,London,305,Bromley,E01000775,E02000150,BR3 3BP,-0.0209572694999169,51.38865815676687,537798.0,167371.0
122374.0,Astley Community High School,29.0,612.0,8820.0,143.0,31.0,Larger rural: Nearer to a major town or city,North East,929,Northumberland,E01027433,E02005719,NE25 0FW,-1.5241188208272405,55.07421467106651,430485.0,575631.0
143288.0,Scalby School,52.0,612.0,8820.0,201.0,20.0,Urban: Further from a major town or city,Yorkshire and the Humber,815,North Yorkshire,E01027842,E02005799,YO12 6TH,-0.4352966790534604,54.29376713405537,501940.0,489810.0
137925.0,The Douay Martyrs Catholic School,46.0,612.0,8820.0,208.0,19.0,Urban: Nearer to a major town or city,London,312,Hillingdon,E01002460,E02000504,UB10 8QY,-0.4445184726060986,51.55906682176823,507926.0,185611.0
141369.0,Ian Ramsey Church of England Academy,45.0,612.0,8820.0,231.0,26.0,Urban: Nearer to a major town or city,North East,808,Stockton-on-Tees,E01012225,E02002549,TS19 7AJ,-1.3509106507819393,54.56103931991354,442073.0,518615.0
137386.0,Mill Hill County High School,66.0,612.0,8820.0,244.0,30.0,Urban: Nearer to a major town or city,London,302,Barnet,E01000228,E02000030,NW7 4LL,-0.2477158910347641,51.62953634960169,521380.0,193756.0
142357.0,Newlands Girls' School,71.0,612.0,8820.0,183.0,17.0,Urban: Nearer to a major town or city,South East,868,Windsor and Maidenhead,E01016602,E02003426,SL6 5JB,-0.757953120642485,51.522384788677506,486268.0,181116.0
137134.0,East Point Academy,43.0,612.0,8820.0,110.0,38.0,Urban: Further from a major town or city,East of England,935,Suffolk,E01030255,E02006306,NR33 0UQ,1.7284264962523763,52.46829072733646,653336.0,292129.0
136559.0,Redborne Upper School and Community College,50.0,612.0,8820.0,381.0,9.0,Urban: Nearer to a major town or city,East of England,823,Central Bedfordshire,E01017373,E02003610,MK45 2NU,-0.4972629702247099,52.019195772659586,503215.0,236706.0
136519.0,Haydon School,53.0,612.0,8820.0,295.0,15.0,Urban: Nearer to a major town or city,London,312,Hillingdon,E01002479,E02000497,HA5 2LX,-0.4138991484324845,51.59492315496794,509962.0,189644.0
129645.0,Madani Girls' School,53.0,636.0,8794.0,58.0,31.0,Urban: Nearer to a major town or city,East Midlands,856,Leicester,E01013766,E02002853,LE5 5LL,-1.0998771882388632,52.62813212422758,461023.0,303753.0
140160.0,West Midlands Construction UTC,21.0,637.0,8792.0,57.0,54.0,Urban: Nearer to a major town or city,West Midlands,336,Wolverhampton,E01034313,E02002168,WV10 0JR,-2.12013922452347,52.59190321700579,391958.0,299350.0
136468.0,Denbigh School,56.0,638.0,8785.0,196.0,17.0,Urban: Nearer to a major town or city,South East,826,Milton Keynes,E01016778,E02003478,MK5 6EX,-0.790148677200783,52.0250753837372,483107.0,236985.0
138012.0,The Westgate School,52.0,638.0,8785.0,159.0,21.0,Urban: Nearer to a major town or city,South East,871,Slough,E01016473,E02003414,SL1 5AH,-0.6283801283554087,51.51444006768029,495274.0,180393.0
103501.0,Wheelers Lane Technology College,50.0,638.0,8785.0,117.0,34.0,Urban: Nearer to a major town or city,West Midlands,330,Birmingham,E01009179,E02001930,B13 0SF,-1.887603874881444,52.428392726963125,407739.0,281161.0
138103.0,Southmoor Academy,37.0,638.0,8785.0,180.0,33.0,Urban: Nearer to a major town or city,North East,394,Sunderland,E01008740,E02001812,SR2 7TF,-1.376198621852603,54.89059492482166,440112.0,555272.0
110517.0,St Paul's Catholic School,43.0,638.0,8785.0,280.0,25.0,Urban: Nearer to a major town or city,South East,826,Milton Keynes,E01016847,E02003479,MK6 5EN,-0.7534512287584275,52.02599673897931,485623.0,237130.0
136651.0,Challney High School for Boys,41.0,638.0,8785.0,164.0,39.0,Urban: Nearer to a major town or city,East of England,821,Luton,E01015712,E02003268,LU4 9TJ,-0.4673432518791537,51.8949592006561,505559.0,222932.0
137523.0,Wellsway School,55.0,638.0,8785.0,201.0,11.0,Urban: Nearer to a major town or city,South West,800,Bath and North East Somerset,E01014396,E02002987,BS31 1PH,-2.4876363172920093,51.410174385722144,366181.0,168019.0
138210.0,The Henry Box School,53.0,638.0,8785.0,221.0,11.0,Urban: Further from a major town or city,South East,931,Oxfordshire,E01028819,E02006002,OX28 4AX,-1.487388006064853,51.781189023289606,435459.0,209293.0
137086.0,Bishop Stopford School,68.0,638.0,8785.0,200.0,4.0,Urban: Further from a major town or city,East Midlands,940,North Northamptonshire,E01027114,E02005647,NN15 6BJ,-0.7273656067699094,52.38565619458952,486711.0,277163.0
136593.0,Fairfield High School for Girls,59.0,638.0,8785.0,189.0,22.0,Urban: Nearer to a major town or city,North West,357,Tameside,E01005999,E02001239,M43 6AB,-2.151316455260304,53.475130479407014,390054.0,397609.0
138246.0,Sirius Academy North,13.0,638.0,8785.0,165.0,61.0,Urban: Nearer to a major town or city,Yorkshire and the Humber,810,"Kingston upon Hull, City of",E01012881,E02002659,HU6 9BP,-0.3643082512266239,53.785154410501384,507867.0,433331.0
137039.0,The Hathershaw College,37.0,638.0,8785.0,204.0,48.0,Urban: Nearer to a major town or city,North West,353,Oldham,E01005438,E02001126,OL8 3EP,-2.1118766262434945,53.52248905346016,392680.0,402873.0
135968.0,Oasis Academy Shirley Park,25.0,638.0,8785.0,175.0,57.0,Urban: Nearer to a major town or city,London,306,Croydon,E01000992,E02000207,CR9 7AL,-0.0632288269524324,51.382871714108354,534874.0,166649.0
138863.0,Paignton Community and Sports Academy,23.0,638.0,8785.0,184.0,31.0,Urban: Further from a major town or city,South West,880,Torbay,E01034171,E02003166,TQ3 3WA,-3.5859457760254347,50.43009976028995,287454.0,60120.0
105103.0,The Mosslands School,17.0,638.0,8785.0,121.0,44.0,Urban: Nearer to a major town or city,North West,344,Wirral,E01007312,E02001469,CH45 8PJ,-3.066687993001429,53.418706341274,329205.0,391851.0
137638.0,Consett Academy,24.0,638.0,8785.0,221.0,35.0,Urban: Nearer to a major town or city,North East,840,County Durham,E01020641,E02004303,DH8 6LZ,-1.828660379188562,54.85792615049299,411098.0,551472.0
138204.0,Bedminster Down School,34.0,638.0,8785.0,157.0,24.0,Urban: Nearer to a major town or city,South West,801,"Bristol, City of",E01014521,E02003057,BS13 7DQ,-2.620491683088336,51.42172181576111,356952.0,169373.0
138630.0,Devizes School,33.0,638.0,8785.0,150.0,25.0,Urban: Further from a major town or city,South West,865,Wiltshire,E01031852,E02006637,SN10 3AG,-1.987436990776202,51.35051256970509,400971.0,161271.0
137546.0,Twyford Church of England High School,69.0,638.0,8785.0,187.0,16.0,Urban: Nearer to a major town or city,London,307,Ealing,E01001354,E02000264,W3 9PP,-0.2774672923925576,51.50964911910026,519635.0,180375.0
114607.0,Hove Park School and Sixth Form Centre,39.0,638.0,8785.0,290.0,22.0,Urban: Nearer to a major town or city,South East,846,Brighton and Hove,E01016979,E02003506,BN3 7BN,-0.1795718256430057,50.840861029963214,528269.0,106172.0
113888.0,The Blandford School,31.0,638.0,8785.0,135.0,17.0,Urban: Nearer to a major town or city,South West,838,Dorset,E01020438,E02004261,DT11 7SQ,-2.1698217273036593,50.86167537186487,388144.0,106922.0
108628.0,Norham High School,20.0,638.0,8785.0,74.0,51.0,Urban: Nearer to a major town or city,North East,392,North Tyneside,E01008481,E02001760,NE29 7BU,-1.472909199831867,55.005943162162346,433812.0,568057.0
134993.0,Sandwell Academy,39.0,660.0,8760.0,180.0,23.0,Urban: Nearer to a major town or city,West Midlands,333,Sandwell,E01010052,E02002065,B71 4LG,-1.9678605321289588,52.50853422891795,402278.0,290070.0
135170.0,Shireland Collegiate Academy,29.0,661.0,8755.0,173.0,60.0,Urban: Nearer to a major town or city,West Midlands,333,Sandwell,E01010059,E02006944,B66 4ND,-1.9647563310498175,52.484233365440645,402490.0,287367.0
102776.0,Little Ilford School,42.0,662.0,8743.0,264.0,61.0,Urban: Nearer to a major town or city,London,316,Newham,E01003575,E02000718,E12 6JB,0.0575450743263778,51.54730750394499,542764.0,185163.0
103103.0,Walthamstow School for Girls,56.0,663.0,8738.0,176.0,36.0,Urban: Nearer to a major town or city,London,320,Waltham Forest,E01004410,E02000907,E17 9RZ,-0.0139396568601025,51.5852929311341,537693.0,189250.0
131757.0,Park View School,27.0,664.0,8732.0,202.0,53.0,Urban: Nearer to a major town or city,London,309,Haringey,E01002084,E02000415,N15 3QR,-0.0905404413481734,51.58719421802847,532381.0,189320.0
137088.0,The Palmer Catholic Academy,59.0,664.0,8732.0,185.0,37.0,Urban: Nearer to a major town or city,London,317,Redbridge,E01003757,E02000770,IG3 8EU,0.0945707567606509,51.564295967054846,545277.0,187125.0
137830.0,Joseph Leckie Academy,31.0,666.0,8721.0,151.0,49.0,Urban: Nearer to a major town or city,West Midlands,335,Walsall,E01010335,E02002146,WS5 4PG,-1.9812302617672048,52.56493072897087,401369.0,296343.0
137036.0,Lightcliffe Academy,28.0,667.0,8709.0,249.0,20.0,Urban: Nearer to a major town or city,Yorkshire and the Humber,381,Calderdale,E01010905,E02002258,HX3 8TL,-1.7892553220824676,53.72264899014214,414004.0,425157.0
137907.0,Chiswick School,44.0,667.0,8709.0,199.0,38.0,Urban: Nearer to a major town or city,London,313,Hounslow,E01002578,E02000532,W4 3UN,-0.259804588143203,51.48190705242055,520934.0,177319.0
139307.0,Bower Park Academy,23.0,667.0,8709.0,129.0,36.0,Urban: Nearer to a major town or city,London,311,Havering,E01002304,E02000466,RM1 4YY,0.1811416567556505,51.60523823330107,551141.0,191853.0
102849.0,Caterham High School,21.0,667.0,8709.0,179.0,30.0,Urban: Nearer to a major town or city,London,317,Redbridge,E01003708,E02000758,IG5 0QW,0.0618126646730183,51.59351820967504,542915.0,190310.0
136880.0,The Holt School,70.0,667.0,8709.0,194.0,6.0,Urban: Nearer to a major town or city,South East,872,Wokingham,E01016628,E02003448,RG41 1EE,-0.842418014798592,51.416602704281445,480594.0,169256.0
107439.0,Bingley Grammar School,50.0,667.0,8709.0,288.0,22.0,Urban: Nearer to a major town or city,Yorkshire and the Humber,380,Bradford,E01010578,E02002197,BD16 2RS,-1.8460391224631187,53.85580163134156,410225.0,439962.0
135297.0,The Leigh Academy,32.0,667.0,8709.0,221.0,21.0,Urban: Nearer to a major town or city,South East,886,Kent,E01024136,E02005035,DA1 1QE,0.2356132491937538,51.43622188624753,555487.0,173173.0
143427.0,Harris Academy Orpington,35.0,667.0,8709.0,165.0,35.0,Urban: Nearer to a major town or city,London,305,Bromley,E01000792,E02000158,BR5 4LG,0.1154416796447982,51.37489083805361,547332.0,166105.0
102053.0,St Anne's Catholic High School for Girls,50.0,667.0,8709.0,167.0,35.0,Urban: Nearer to a major town or city,London,308,Enfield,E01001501,E02000312,N13 5TY,-0.1079672871645277,51.61630646154729,531090.0,192526.0
136604.0,Brighouse High School,42.0,667.0,8709.0,217.0,15.0,Urban: Nearer to a major town or city,Yorkshire and the Humber,381,Calderdale,E01010875,E02002262,HD6 2NY,-1.7951955858942574,53.71330271963121,413615.0,424116.0
102681.0,Wimbledon College,62.0,667.0,8709.0,188.0,16.0,Urban: Nearer to a major town or city,London,315,Merton,E01003403,E02000692,SW19 4NS,-0.221482521569534,51.4192376587497,523764.0,170414.0
103534.0,St John Wall Catholic School,29.0,667.0,8709.0,117.0,54.0,Urban: Nearer to a major town or city,West Midlands,330,Birmingham,E01009272,E02001862,B21 8HH,-1.9515129970459029,52.51607125744743,403387.0,290909.0
135294.0,Havelock Academy,34.0,667.0,8709.0,154.0,48.0,Urban: Nearer to a major town or city,Yorkshire and the Humber,812,North East Lincolnshire,E01013160,E02002737,DN32 8JH,-0.0510161049923838,53.55960776723093,529194.0,408762.0
138018.0,St Bede's Catholic Voluntary Academy,52.0,667.0,8709.0,127.0,20.0,Urban: Nearer to a major town or city,Yorkshire and the Humber,813,North Lincolnshire,E01013315,E02002762,DN16 2TF,-0.6452523055139476,53.56889808334963,489816.0,408883.0
142153.0,Oldbury Wells School,39.0,667.0,8709.0,124.0,19.0,Urban: Nearer to a major town or city,West Midlands,893,Shropshire,E01028830,E02006011,WV16 5JD,-2.426590200359643,52.530665514106225,371158.0,292617.0
137008.0,Lode Heath School,38.0,667.0,8709.0,204.0,17.0,Urban: Nearer to a major town or city,West Midlands,334,Solihull,E01010230,E02002096,B91 2HW,-1.779079085928333,52.42583116454511,415119.0,280893.0
139143.0,Bridgnorth Endowed School,41.0,667.0,8709.0,143.0,12.0,Urban: Nearer to a major town or city,West Midlands,893,Shropshire,E01028833,E02006012,WV16 4ER,-2.420730251266314,52.53756378567702,371560.0,293382.0
135864.0,Droylsden Academy,35.0,667.0,8709.0,178.0,47.0,Urban: Nearer to a major town or city,North West,357,Tameside,E01006002,E02001239,M43 6QD,-2.1571133438665333,53.482322696546206,389671.0,398410.0
139823.0,Outwood Academy Acklam,37.0,667.0,8709.0,140.0,64.0,Urban: Nearer to a major town or city,North East,806,Middlesbrough,E01012007,E02002507,TS5 7JY,-1.245571021754354,54.54338051613587,448906.0,516718.0
140791.0,Tytherington School,57.0,667.0,8709.0,164.0,15.0,Urban: Nearer to a major town or city,North West,895,Cheshire East,E01018644,E02003866,SK10 2EE,-2.127016605988083,53.269581418940234,391626.0,374738.0
137734.0,St Thomas More Roman Catholic Academy,55.0,667.0,8709.0,259.0,22.0,Urban: Nearer to a major town or city,North East,392,North Tyneside,E01008487,E02001757,NE29 8LF,-1.4767387283914073,55.0180552149972,433557.0,569403.0
140081.0,St Mary's Catholic School,58.0,667.0,8709.0,185.0,22.0,Urban: Nearer to a major town or city,North East,391,Newcastle upon Tyne,E01008321,E02001714,NE7 7PE,-1.593863659493814,55.00720586224406,426075.0,568146.0
142127.0,Ikb Academy,32.0,667.0,8709.0,19.0,16.0,Urban: Nearer to a major town or city,South West,800,Bath and North East Somerset,E01014398,E02002987,BS31 1SP,-2.4870026599823793,51.41142688492952,366226.0,168158.0
136575.0,Saltash.net community school,28.0,667.0,8709.0,227.0,25.0,Urban: Nearer to a major town or city,South West,908,Cornwall,E01018789,E02003900,PL12 4AY,-4.220411444628454,50.40211665210619,242302.0,58163.0
100190.0,Thomas Tallis School,34.0,667.0,8709.0,257.0,44.0,Urban: Nearer to a major town or city,London,203,Greenwich,E01034174,E02006927,SE3 9PX,0.0263572249625497,51.464721055083814,540856.0,175919.0
138686.0,Cleeve Park School,43.0,667.0,8709.0,142.0,25.0,Urban: Nearer to a major town or city,London,303,Bexley,E01000382,E02000091,DA14 4JN,0.119642363731341,51.42879905861702,547451.0,172108.0
103854.0,Summerhill School,56.0,667.0,8709.0,198.0,9.0,Urban: Nearer to a major town or city,West Midlands,332,Dudley,E01009827,E02002018,DY6 9XE,-2.181193041696764,52.49511144125352,387795.0,288592.0
134311.0,Oasis Academy Enfield,24.0,667.0,8709.0,175.0,59.0,Urban: Nearer to a major town or city,London,308,Enfield,E01001445,E02000279,EN3 7XH,-0.0232597950268639,51.67317250422971,536783.0,199005.0
136903.0,The Petersfield School,58.0,667.0,8709.0,232.0,11.0,Urban: Nearer to a major town or city,South East,850,Hampshire,E01022622,E02004708,GU32 3LU,-0.9402318059687784,51.000029057912926,474460.0,122828.0
136745.0,North Durham Academy,26.0,667.0,8709.0,172.0,47.0,Urban: Nearer to a major town or city,North East,840,County Durham,E01020675,E02004301,DH9 0TW,-1.6906987692867907,54.87157367135879,419948.0,553021.0
138685.0,Copthall School,48.0,667.0,8709.0,172.0,44.0,Urban: Nearer to a major town or city,London,302,Barnet,E01000256,E02000039,NW7 2EP,-0.2325890548024086,51.608663889591845,522483.0,191460.0
136971.0,Park View School,34.0,667.0,8709.0,213.0,26.0,Urban: Nearer to a major town or city,North East,840,County Durham,E01020595,E02004294,DH3 3QA,-1.570200123301239,54.85540972622684,427692.0,551263.0
138233.0,Atherton Community School,14.0,667.0,8709.0,50.0,62.0,Urban: Nearer to a major town or city,North West,359,Wigan,E01006244,E02001309,M46 0AY,-2.492878952261394,53.52124647550776,367419.0,402842.0
103009.0,The John Fisher School,60.0,667.0,8709.0,153.0,10.0,Urban: Nearer to a major town or city,London,319,Sutton,E01004085,E02000863,CR8 3YP,-0.1338313242316997,51.345492360397785,530067.0,162365.0
144493.0,The Academy of St Francis of Assisi,8.0,701.0,8708.0,130.0,67.0,Urban: Nearer to a major town or city,North West,341,Liverpool,E01006695,E02001374,L6 7UR,-2.9441129839389824,53.41719395196622,337349.0,391568.0
103493.0,Bordesley Green Girls' School & Sixth Form,20.0,701.0,8708.0,116.0,60.0,Urban: Nearer to a major town or city,West Midlands,330,Birmingham,E01034935,E02001884,B9 4TR,-1.8541502567128896,52.480974924565274,410002.0,287014.0
103493.0,Bordesley Green Girls' School & Sixth Form,20.0,701.0,8708.0,116.0,60.0,Urban: Nearer to a major town or city,West Midlands,330,Birmingham,E01034935,E02001884,B9 4TR,-1.8541502567128896,52.480974924565274,410002.0,287014.0
103493.0,Bordesley Green Girls' School & Sixth Form,20.0,701.0,8708.0,116.0,60.0,Urban: Nearer to a major town or city,West Midlands,330,Birmingham,E01034935,E02001884,B9 4TR,-1.8541502567128896,52.480974924565274,410002.0,287014.0
103493.0,Bordesley Green Girls' School & Sixth Form,20.0,701.0,8708.0,116.0,60.0,Urban: Nearer to a major town or city,West Midlands,330,Birmingham,E01034935,E02001884,B9 4TR,-1.8541502567128896,52.480974924565274,410002.0,287014.0
103493.0,Bordesley Green Girls' School & Sixth Form,20.0,701.0,8708.0,116.0,60.0,Urban: Nearer to a major town or city,West Midlands,330,Birmingham,E01034935,E02001884,B9 4TR,-1.8541502567128896,52.480974924565274,410002.0,287014.0
103493.0,Bordesley Green Girls' School & Sixth Form,20.0,701.0,8708.0,116.0,60.0,Urban: Nearer to a major town or city,West Midlands,330,Birmingham,E01034935,E02001884,B9 4TR,-1.8541502567128896,52.480974924565274,410002.0,287014.0
103493.0,Bordesley Green Girls' School & Sixth Form,20.0,701.0,8708.0,116.0,60.0,Urban: Nearer to a major town or city,West Midlands,330,Birmingham,E01034935,E02001884,B9 4TR,-1.8541502567128896,52.480974924565274,410002.0,287014.0
103493.0,Bordesley Green Girls' School & Sixth Form,20.0,701.0,8708.0,116.0,60.0,Urban: Nearer to a major town or city,West Midlands,330,Birmingham,E01034935,E02001884,B9 4TR,-1.8541502567128896,52.480974924565274,410002.0,287014.0
103493.0,Bordesley Green Girls' School & Sixth Form,20.0,701.0,8708.0,116.0,60.0,Urban: Nearer to a major town or city,West Midlands,330,Birmingham,E01034935,E02001884,B9 4TR,-1.8541502567128896,52.480974924565274,410002.0,287014.0
103493.0,Bordesley Green Girls' School & Sixth Form,20.0,701.0,8708.0,116.0,60.0,Urban: Nearer to a major town or city,West Midlands,330,Birmingham,E01034935,E02001884,B9 4TR,-1.8541502567128896,52.480974924565274,410002.0,287014.0
103493.0,Bordesley Green Girls' School & Sixth Form,20.0,701.0,8708.0,116.0,60.0,Urban: Nearer to a major town or city,West Midlands,330,Birmingham,E01034935,E02001884,B9 4TR,-1.8541502567128896,52.480974924565274,410002.0,287014.0
103493.0,Bordesley Green Girls' School & Sixth Form,20.0,701.0,8708.0,116.0,60.0,Urban: Nearer to a major town or city,West Midlands,330,Birmingham,E01034935,E02001884,B9 4TR,-1.8541502567128896,52.480974924565274,410002.0,287014.0
103493.0,Bordesley Green Girls' School & Sixth Form,20.0,701.0,8708.0,116.0,60.0,Urban: Nearer to a major town or city,West Midlands,330,Birmingham,E01034935,E02001884,B9 4TR,-1.8541502567128896,52.480974924565274,410002.0,287014.0
103493.0,Bordesley Green Girls' School & Sixth Form,20.0,701.0,8708.0,116.0,60.0,Urban: Nearer to a major town or city,West Midlands,330,Birmingham,E01034935,E02001884,B9 4TR,-1.8541502567128896,52.480974924565274,410002.0,287014.0
103493.0,Bordesley Green Girls' School & Sixth Form,20.0,701.0,8708.0,116.0,60.0,Urban: Nearer to a major town or city,West Midlands,330,Birmingham,E01034935,E02001884,B9 4TR,-1.8541502567128896,52.480974924565274,410002.0,287014.0
103493.0,Bordesley Green Girls' School & Sixth Form,20.0,701.0,8708.0,116.0,60.0,Urban: Nearer to a major town or city,West Midlands,330,Birmingham,E01034935,E02001884,B9 4TR,-1.8541502567128896,52.480974924565274,410002.0,287014.0
103493.0,Bordesley Green Girls' School & Sixth Form,20.0,701.0,8708.0,116.0,60.0,Urban: Nearer to a major town or city,West Midlands,330,Birmingham,E01034935,E02001884,B9 4TR,-1.8541502567128896,52.480974924565274,410002.0,287014.0
103493.0,Bordesley Green Girls' School & Sixth Form,20.0,701.0,8708.0,116.0,60.0,Urban: Nearer to a major town or city,West Midlands,330,Birmingham,E01034935,E02001884,B9 4TR,-1.8541502567128896,52.480974924565274,410002.0,287014.0
103493.0,Bordesley Green Girls' School & Sixth Form,20.0,701.0,8708.0,116.0,60.0,Urban: Nearer to a major town or city,West Midlands,330,Birmingham,E01034935,E02001884,B9 4TR,-1.8541502567128896,52.480974924565274,410002.0,287014.0
103493.0,Bordesley Green Girls' School & Sixth Form,20.0,701.0,8708.0,116.0,60.0,Urban: Nearer to a major town or city,West Midlands,330,Birmingham,E01034935,E02001884,B9 4TR,-1.8541502567128896,52.480974924565274,410002.0,287014.0
103493.0,Bordesley Green Girls' School & Sixth Form,20.0,701.0,8708.0,116.0,60.0,Urban: Nearer to a major town or city,West Midlands,330,Birmingham,E01034935,E02001884,B9 4TR,-1.8541502567128896,52.480974924565274,410002.0,287014.0
103493.0,Bordesley Green Girls' School & Sixth Form,20.0,701.0,8708.0,116.0,60.0,Urban: Nearer to a major town or city,West Midlands,330,Birmingham,E01034935,E02001884,B9 4TR,-1.8541502567128896,52.480974924565274,410002.0,287014.0
103493.0,Bordesley Green Girls' School & Sixth Form,20.0,701.0,8708.0,116.0,60.0,Urban: Nearer to a major town or city,West Midlands,330,Birmingham,E01034935,E02001884,B9 4TR,-1.8541502567128896,52.480974924565274,410002.0,287014.0
138695.0,George Dixon Academy,28.0,701.0,8708.0,146.0,67.0,Urban: Nearer to a major town or city,West Midlands,330,Birmingham,E01009147,E02001886,B16 9GD,-1.956635631606426,52.47640931117598,403042.0,286497.0
103493.0,Bordesley Green Girls' School & Sixth Form,20.0,701.0,8708.0,116.0,60.0,Urban: Nearer to a major town or city,West Midlands,330,Birmingham,E01034935,E02001884,B9 4TR,-1.8541502567128896,52.480974924565274,410002.0,287014.0
103493.0,Bordesley Green Girls' School & Sixth Form,20.0,701.0,8708.0,116.0,60.0,Urban: Nearer to a major town or city,West Midlands,330,Birmingham,E01034935,E02001884,B9 4TR,-1.8541502567128896,52.480974924565274,410002.0,287014.0
103493.0,Bordesley Green Girls' School & Sixth Form,20.0,701.0,8708.0,116.0,60.0,Urban: Nearer to a major town or city,West Midlands,330,Birmingham,E01034935,E02001884,B9 4TR,-1.8541502567128896,52.480974924565274,410002.0,287014.0
103493.0,Bordesley Green Girls' School & Sixth Form,20.0,701.0,8708.0,116.0,60.0,Urban: Nearer to a major town or city,West Midlands,330,Birmingham,E01034935,E02001884,B9 4TR,-1.8541502567128896,52.480974924565274,410002.0,287014.0
103493.0,Bordesley Green Girls' School & Sixth Form,20.0,701.0,8708.0,116.0,60.0,Urban: Nearer to a major town or city,West Midlands,330,Birmingham,E01034935,E02001884,B9 4TR,-1.8541502567128896,52.480974924565274,410002.0,287014.0
103493.0,Bordesley Green Girls' School & Sixth Form,20.0,701.0,8708.0,116.0,60.0,Urban: Nearer to a major town or city,West Midlands,330,Birmingham,E01034935,E02001884,B9 4TR,-1.8541502567128896,52.480974924565274,410002.0,287014.0
103493.0,Bordesley Green Girls' School & Sixth Form,20.0,701.0,8708.0,116.0,60.0,Urban: Nearer to a major town or city,West Midlands,330,Birmingham,E01034935,E02001884,B9 4TR,-1.8541502567128896,52.480974924565274,410002.0,287014.0
103493.0,Bordesley Green Girls' School & Sixth Form,20.0,701.0,8708.0,116.0,60.0,Urban: Nearer to a major town or city,West Midlands,330,Birmingham,E01034935,E02001884,B9 4TR,-1.8541502567128896,52.480974924565274,410002.0,287014.0
103493.0,Bordesley Green Girls' School & Sixth Form,20.0,701.0,8708.0,116.0,60.0,Urban: Nearer to a major town or city,West Midlands,330,Birmingham,E01034935,E02001884,B9 4TR,-1.8541502567128896,52.480974924565274,410002.0,287014.0
136632.0,Sheldon School,43.0,719.0,8689.0,275.0,13.0,Urban: Nearer to a major town or city,South West,865,Wiltshire,E01031919,E02006652,SN14 6HJ,-2.13400047747537,51.46715897707524,390788.0,174252.0
142067.0,Holy Trinity School,31.0,720.0,8688.0,51.0,37.0,Urban: Nearer to a major town or city,West Midlands,894,Telford and Wrekin,E01014182,E02002942,TF2 9SQ,-2.418052015833035,52.685204071430135,371837.0,309804.0
123236.0,Carterton Community College,33.0,720.0,8688.0,97.0,15.0,Urban: Further from a major town or city,South East,931,Oxfordshire,E01032953,E02006005,OX18 1BU,-1.60058193771917,51.76521057239085,427660.0,207467.0
114580.0,Dorothy Stringer School,59.0,720.0,8688.0,327.0,17.0,Urban: Nearer to a major town or city,South East,846,Brighton and Hove,E01017003,E02003494,BN1 6PZ,-0.1433866174929582,50.848942634153424,530794.0,107134.0
137169.0,Vandyke Upper School and Community College,34.0,720.0,8688.0,188.0,15.0,Urban: Nearer to a major town or city,East of England,823,Central Bedfordshire,E01017603,E02003638,LU7 3DY,-0.6448556034327184,51.927205371043925,493278.0,226276.0
105135.0,St Paul's Academy,48.0,720.0,8688.0,225.0,37.0,Urban: Nearer to a major town or city,London,203,Greenwich,E01001579,E02000315,SE2 9PX,0.1057128103133313,51.492792136517465,546278.0,179196.0
138571.0,Queensbury Academy,34.0,720.0,8688.0,87.0,22.0,Urban: Nearer to a major town or city,East of England,823,Central Bedfordshire,E01017565,E02003647,LU6 3BU,-0.5282164227607212,51.87824764932328,501408.0,220987.0
141132.0,Blackpool Aspire Academy,19.0,720.0,8688.0,100.0,69.0,Urban: Nearer to a major town or city,North West,890,Blackpool,E01012723,E02002636,FY3 7LS,-3.015286895223119,53.83700627475668,333285.0,438338.0
136556.0,Plympton Academy,33.0,720.0,8688.0,98.0,15.0,Urban: Nearer to a major town or city,South West,879,Plymouth,E01015123,E02003136,PL7 2RS,-4.051100793344142,50.38841555803975,254291.0,56294.0
137215.0,The Chalfonts Community College,45.0,720.0,8688.0,273.0,15.0,Urban: Nearer to a major town or city,South East,825,Buckinghamshire,E01017767,E02003687,SL9 8TP,-0.5701919487658662,51.609834467747234,499104.0,191079.0
136557.0,Hele's Trust,45.0,720.0,8688.0,200.0,18.0,Urban: Nearer to a major town or city,South West,879,Plymouth,E01015120,E02003136,PL7 4LT,-4.065479037244638,50.39230752615675,253281.0,56755.0
137156.0,Leventhorpe,55.0,720.0,8688.0,176.0,11.0,Urban: Nearer to a major town or city,East of England,919,Hertfordshire,E01023499,E02004888,CM21 9BY,0.1493714768735455,51.82084157140397,548235.0,215763.0
138511.0,The Robert Napier School,9.0,720.0,8688.0,173.0,39.0,Urban: Nearer to a major town or city,South East,887,Medway,E01016179,E02003332,ME7 2LX,0.5610400299598168,51.3776860597559,578331.0,167405.0
137414.0,Emerson Park Academy,56.0,720.0,8688.0,186.0,15.0,Urban: Nearer to a major town or city,London,311,Havering,E01002273,E02000478,RM11 3AD,0.2431859799895212,51.56953502849641,555559.0,188013.0
135552.0,Christ The King College,47.0,720.0,8688.0,206.0,15.0,Urban: Further from a major town or city,South East,921,Isle of Wight,E01017293,E02003591,PO30 5QT,-1.3105164853329336,50.69415100521515,448795.0,88506.0
136768.0,Uxbridge High School,40.0,720.0,8688.0,178.0,40.0,Urban: Nearer to a major town or city,London,312,Hillingdon,E01002414,E02000508,UB8 2PR,-0.4727834418278985,51.5369756677454,506018.0,183113.0
139148.0,Chorlton High School,43.0,720.0,8688.0,288.0,39.0,Urban: Nearer to a major town or city,North West,352,Manchester,E01005156,E02001077,M21 7SL,-2.2644664760147215,53.43650785838526,382528.0,393334.0
137577.0,The Farnley Academy,37.0,720.0,8688.0,201.0,30.0,Urban: Nearer to a major town or city,Yorkshire and the Humber,383,Leeds,E01011738,E02002412,LS12 5EU,-1.619990899172615,53.78345975149868,425137.0,431969.0
137109.0,Ormiston Ilkeston Enterprise Academy,21.0,720.0,8688.0,114.0,42.0,Urban: Nearer to a major town or city,East Midlands,830,Derbyshire,E01019672,E02004080,DE7 5HS,-1.3158120906635558,52.971847986276686,446044.0,341827.0
113901.0,The Woodroffe School,62.0,720.0,8688.0,157.0,10.0,Larger rural: Further from a major town or city,South West,838,Dorset,E01020532,E02004273,DT7 3LX,-2.9488594399528587,50.730256228681654,333129.0,92724.0
138471.0,The Gryphon School,46.0,720.0,8688.0,233.0,14.0,Urban: Further from a major town or city,South West,838,Dorset,E01020543,E02004269,DT9 4EQ,-2.5152307078851543,50.95888696763963,363910.0,117845.0
136574.0,Corfe Hills School,37.0,720.0,8688.0,302.0,9.0,Urban: Nearer to a major town or city,South West,839,"Bournemouth, Christchurch and Poole",E01015401,E02003196,BH18 9BG,-2.005997401975782,50.769623815434834,399673.0,96672.0
139351.0,"St. Mary's Menston, a Catholic Voluntary Academy",60.0,720.0,8688.0,181.0,9.0,Urban: Nearer to a major town or city,Yorkshire and the Humber,383,Leeds,E01011280,E02002337,LS29 6AE,-1.7278707342253654,53.88127084755044,417987.0,442819.0
126510.0,Matravers School,30.0,720.0,8688.0,130.0,24.0,Urban: Further from a major town or city,South West,865,Wiltshire,E01032117,E02007023,BA13 3QH,-2.1889886454455763,51.25702501366302,386908.0,150891.0
136421.0,Hope Academy,30.0,720.0,8688.0,176.0,37.0,Urban: Nearer to a major town or city,North West,342,St. Helens,E01006856,E02001420,WA12 0AQ,-2.6249759625840725,53.46191462672417,358603.0,396310.0
138274.0,Beccles Free School,42.0,720.0,8688.0,33.0,30.0,Urban: Further from a major town or city,East of England,935,Suffolk,E01030227,E02006311,NR34 7BQ,1.573503318646378,52.45100357957949,642912.0,289675.0
137057.0,St Laurence School,56.0,720.0,8688.0,211.0,13.0,Larger rural: Nearer to a major town or city,South West,865,Wiltshire,E01032045,E02006682,BA15 1DZ,-2.2591845612368204,51.35210552400908,382047.0,161480.0
141652.0,Oasis Academy Brislington,29.0,746.0,8671.0,199.0,30.0,Urban: Nearer to a major town or city,South West,801,"Bristol, City of",E01014536,E02003054,BS4 5EY,-2.5398407830573206,51.42578041667629,362563.0,169780.0
137285.0,The Blue School,53.0,746.0,8671.0,241.0,17.0,Urban: Further from a major town or city,South West,933,Somerset,E01029078,E02006054,BA5 2NR,-2.654065170774448,51.2124027412263,354410.0,146115.0
137223.0,Falmouth School,49.0,746.0,8671.0,162.0,25.0,Urban: Further from a major town or city,South West,908,Cornwall,E01018859,E02003917,TR11 4LH,-5.095269748827067,50.15795745585111,179011.0,33245.0
142681.0,Laisterdyke Leadership Academy,34.0,749.0,8665.0,167.0,47.0,Urban: Nearer to a major town or city,Yorkshire and the Humber,380,Bradford,E01010619,E02002220,BD3 8HE,-1.7145906539464897,53.79638534126952,418898.0,433378.0
139076.0,Manor Croft Academy,49.0,750.0,8657.0,88.0,48.0,Urban: Nearer to a major town or city,Yorkshire and the Humber,382,Kirklees,E01011129,E02002288,WF12 7DW,-1.6155260495897157,53.69403119262399,425485.0,422021.0
139788.0,Waverley Studio College,21.0,750.0,8657.0,52.0,50.0,Urban: Nearer to a major town or city,West Midlands,330,Birmingham,E01009342,E02001889,B9 5SX,-1.8342712546352589,52.47724496166854,411353.0,286602.0
138183.0,Bellerive FCJ Catholic College,49.0,750.0,8657.0,135.0,44.0,Urban: Nearer to a major town or city,North West,341,Liverpool,E01006522,E02001394,L17 3AA,-2.947537226748895,53.38644290620365,337076.0,388150.0
139867.0,Mildenhall College Academy,35.0,753.0,8654.0,165.0,22.0,Urban: Further from a major town or city,East of England,935,Suffolk,E01029947,E02006241,IP28 7JX,0.5260431115704708,52.34221386443587,572175.0,274572.0
136105.0,Manchester Communication Academy,33.0,754.0,8637.0,187.0,65.0,Urban: Nearer to a major town or city,North West,352,Manchester,E01033678,E02001053,M40 8NT,-2.215890023963803,53.50193323476513,385777.0,400602.0
131880.0,St Peter's RC High School,27.0,755.0,8635.0,173.0,69.0,Urban: Nearer to a major town or city,North West,352,Manchester,E01005232,E02001064,M12 4WB,-2.192361932492572,53.45963809270248,387325.0,395892.0
120277.0,Crown Hills Community College,32.0,755.0,8635.0,234.0,29.0,Urban: Nearer to a major town or city,East Midlands,856,Leicester,E01013747,E02002847,LE5 5FT,-1.0899128262830315,52.62844264919535,461697.0,303796.0
144494.0,The East Manchester Academy,17.0,757.0,8625.0,165.0,72.0,Urban: Nearer to a major town or city,North West,352,Manchester,E01005105,E02001059,M11 3DS,-2.195050119643968,53.477682433232495,387152.0,397900.0
141470.0,St John Fisher Catholic Voluntary Academy,38.0,757.0,8625.0,191.0,26.0,Urban: Nearer to a major town or city,Yorkshire and the Humber,382,Kirklees,E01034585,E02002287,WF13 4LL,-1.6440268306861867,53.694163707505936,423603.0,422026.0
137390.0,The Holly Hall Academy,24.0,757.0,8625.0,140.0,45.0,Urban: Nearer to a major town or city,West Midlands,332,Dudley,E01009885,E02002010,DY1 2DU,-2.1046239980598433,52.504599069137335,392995.0,289637.0
136201.0,Malcolm Arnold Academy,27.0,757.0,8625.0,220.0,35.0,Urban: Nearer to a major town or city,East Midlands,941,West Northamptonshire,E01027185,E02005664,NN2 6JW,-0.8912484568348965,52.254515778399806,475781.0,262393.0
138950.0,"St Thomas O Becket Catholic Secondary School, A Voluntary Academy",51.0,761.0,8617.0,142.0,18.0,Urban: Nearer to a major town or city,Yorkshire and the Humber,384,Wakefield,E01011945,E02002470,WF2 6EQ,-1.4833241101715875,53.660944858426845,434241.0,418395.0
138691.0,Chingford Foundation School,52.0,761.0,8617.0,227.0,32.0,Urban: Nearer to a major town or city,London,320,Waltham Forest,E01004357,E02000895,E4 7LT,-0.007205024807032,51.630014819305494,538024.0,194236.0
110484.0,Buckingham School,30.0,761.0,8617.0,164.0,16.0,Urban: Nearer to a major town or city,South East,825,Buckinghamshire,E01017649,E02003652,MK18 1AT,-0.9839554318260378,51.99470020251555,469857.0,233403.0
137942.0,Lord Lawson of Beamish Academy,42.0,761.0,8617.0,238.0,22.0,Urban: Nearer to a major town or city,North East,390,Gateshead,E01008175,E02001707,DH3 2LP,-1.57045550121114,54.89287447023615,427650.0,555432.0
137280.0,Chiltern Hills Academy,35.0,761.0,8617.0,112.0,21.0,Urban: Nearer to a major town or city,South East,825,Buckinghamshire,E01017747,E02003677,HP5 2RG,-0.6224765690293009,51.70922805973624,495275.0,202063.0
138985.0,Broadlands Academy,34.0,761.0,8617.0,105.0,26.0,Urban: Nearer to a major town or city,South West,800,Bath and North East Somerset,E01014399,E02002985,BS31 2DY,-2.5093371593771536,51.41700592124485,364677.0,168789.0
109329.0,Saint Gregory's Catholic College,53.0,761.0,8617.0,148.0,11.0,Urban: Nearer to a major town or city,South West,800,Bath and North East Somerset,E01014433,E02003003,BA2 8PA,-2.3817039540099114,51.353919062817745,373516.0,161719.0
138707.0,Horbury Academy,48.0,761.0,8617.0,202.0,25.0,Urban: Nearer to a major town or city,Yorkshire and the Humber,384,Wakefield,E01011801,E02002468,WF4 5HE,-1.5473781267842208,53.661284260528255,430008.0,418404.0
137948.0,Samuel Whitbread Academy,45.0,761.0,8617.0,424.0,10.0,Urban: Nearer to a major town or city,East of England,823,Central Bedfordshire,E01017392,E02003611,SG17 5QS,-0.3183199186608971,52.03684645682282,515448.0,238938.0
136800.0,Greenshaw High School,49.0,761.0,8617.0,238.0,27.0,Urban: Nearer to a major town or city,London,319,Sutton,E01004147,E02000846,SM1 3DY,-0.1831382189139309,51.37642885759903,526548.0,165719.0
137746.0,The King Edward VI Academy,57.0,761.0,8617.0,323.0,15.0,Urban: Nearer to a major town or city,North East,929,Northumberland,E01027457,E02005721,NE61 1DN,-1.693084315658946,55.174814215058625,419647.0,586766.0
140416.0,Court Fields School,33.0,761.0,8617.0,120.0,15.0,Urban: Further from a major town or city,South West,933,Somerset,E01029316,E02006110,TA21 8SW,-3.235748611442789,50.97634379182027,313340.0,120387.0
140510.0,Northampton School for Girls,49.0,761.0,8617.0,269.0,23.0,Urban: Nearer to a major town or city,East Midlands,941,West Northamptonshire,E01027218,E02005651,NN3 6DG,-0.8741339690207788,52.26562812133515,476930.0,263647.0
136758.0,West Hatch High School,48.0,761.0,8617.0,186.0,21.0,Urban: Nearer to a major town or city,East of England,881,Essex,E01021752,E02004542,IG7 5BT,0.0629607959103772,51.612481635543375,542935.0,192421.0
137598.0,Berwick Academy,24.0,761.0,8617.0,147.0,24.0,Urban: Further from a major town or city,North East,929,Northumberland,E01027388,E02005706,TD15 2JF,-2.0025977608121406,55.75574298254545,399936.0,651376.0
138484.0,The Sele School,43.0,761.0,8617.0,56.0,30.0,Urban: Nearer to a major town or city,East of England,919,Hertfordshire,E01023489,E02004892,SG14 2DG,-0.1028950292834927,51.79895126429041,530913.0,212846.0
101821.0,Thomas More Catholic School,44.0,761.0,8617.0,145.0,31.0,Urban: Nearer to a major town or city,London,306,Croydon,E01001092,E02000230,CR8 2XP,-0.1201478138582068,51.34405982367223,531024.0,162230.0
139989.0,The Green School for Girls,57.0,761.0,8617.0,146.0,32.0,Urban: Nearer to a major town or city,London,313,Hounslow,E01002682,E02000539,TW7 5BB,-0.324918010431554,51.47911392909658,516420.0,176903.0
140108.0,Alsager School,50.0,761.0,8617.0,224.0,11.0,Urban: Nearer to a major town or city,North West,895,Cheshire East,E01018386,E02003824,ST7 2HR,-2.31824598194264,53.09907210184871,378788.0,355809.0
139937.0,The Queen Elizabeth Academy,50.0,761.0,8617.0,104.0,25.0,Urban: Nearer to a major town or city,West Midlands,937,Warwickshire,E01031013,E02006470,CV9 1LZ,-1.534899514606142,52.57361425888079,431617.0,297410.0
136873.0,Mounts Bay Academy,33.0,761.0,8617.0,178.0,21.0,Urban: Further from a major town or city,South West,908,Cornwall,E01018976,E02003948,TR18 3JT,-5.556506581680441,50.12827373197119,145916.0,31415.0
113526.0,The Spires College,30.0,761.0,8617.0,149.0,42.0,Urban: Further from a major town or city,South West,880,Torbay,E01015241,E02003158,TQ1 3PE,-3.523506152501947,50.47550825672603,291992.0,65076.0
138823.0,Charters School,58.0,761.0,8617.0,242.0,8.0,Urban: Nearer to a major town or city,South East,868,Windsor and Maidenhead,E01016604,E02003438,SL5 9QY,-0.6515788930267267,51.39241467607996,493914.0,166793.0
137775.0,Horsforth School,60.0,761.0,8617.0,221.0,15.0,Urban: Nearer to a major town or city,Yorkshire and the Humber,383,Leeds,E01011459,E02002350,LS18 5RF,-1.6408427360717142,53.84231395574852,423730.0,438510.0
139572.0,Fakenham Academy Norfolk,36.0,761.0,8617.0,137.0,20.0,Larger rural: Further from a major town or city,East of England,926,Norfolk,E01026746,E02005580,NR21 9QT,0.8443538818810132,52.84071440720134,591668.0,330810.0
140547.0,Forge Valley School,40.0,761.0,8617.0,206.0,23.0,Urban: Nearer to a major town or city,Yorkshire and the Humber,373,Sheffield,E01007996,E02001631,S6 5HG,-1.5197178222319103,53.39804969251696,432033.0,389130.0
133697.0,Walsall Academy,44.0,761.0,8617.0,170.0,25.0,Urban: Nearer to a major town or city,West Midlands,335,Walsall,E01010285,E02002115,WS3 3LX,-1.9987694146105808,52.6235730393324,400180.0,302866.0
137673.0,Ormiston Forge Academy,19.0,761.0,8617.0,151.0,40.0,Urban: Nearer to a major town or city,West Midlands,333,Sandwell,E01009956,E02002077,B64 6QU,-2.0630528190277113,52.47635559827287,395814.0,286492.0
104019.0,St Michael's CE High School,25.0,761.0,8617.0,220.0,37.0,Urban: Nearer to a major town or city,West Midlands,333,Sandwell,E01010040,E02002071,B65 9AN,-2.048131840022142,52.48374339572987,396828.0,287313.0
104703.0,King David High School,79.0,761.0,8617.0,89.0,8.0,Urban: Nearer to a major town or city,North West,341,Liverpool,E01006582,E02001387,L15 6WU,-2.900361961944533,53.396003002007376,340227.0,389173.0
136990.0,Bury St Edmunds County Upper School,43.0,761.0,8617.0,249.0,17.0,Urban: Further from a major town or city,East of England,935,Suffolk,E01030137,E02006278,IP32 6RF,0.7021982022617715,52.25665941991197,584528.0,265492.0
106535.0,St John Fisher Catholic High School,38.0,761.0,8617.0,195.0,26.0,Urban: Nearer to a major town or city,North West,359,Wigan,E01006256,E02001291,WN6 7RN,-2.6524414124102593,53.55757549792376,356877.0,406969.0
140412.0,Lord Derby Academy,26.0,761.0,8617.0,133.0,59.0,Urban: Nearer to a major town or city,North West,340,Knowsley,E01006481,E02001341,L36 6DG,-2.8338898103004397,53.41137105493597,344667.0,390829.0
124392.0,Paget High School,26.0,761.0,8617.0,164.0,27.0,Urban: Nearer to a major town or city,West Midlands,860,Staffordshire,E01029416,E02006143,DE14 3DR,-1.6576171243663094,52.78662951090043,423188.0,321059.0
135262.0,Stockport Academy,35.0,761.0,8617.0,99.0,46.0,Urban: Nearer to a major town or city,North West,356,Stockport,E01005820,E02001204,SK3 0UP,-2.183744959794386,53.39986942309199,387880.0,389241.0
139048.0,Greenwood Academy,25.0,761.0,8617.0,107.0,57.0,Urban: Nearer to a major town or city,West Midlands,330,Birmingham,E01009097,E02001855,B35 7NL,-1.7822307363545802,52.52017784133476,414873.0,291387.0
103498.0,Selly Park Technology College for Girls,41.0,761.0,8617.0,136.0,57.0,Urban: Nearer to a major town or city,West Midlands,330,Birmingham,E01009293,E02001926,B29 7PH,-1.9186794532394185,52.43660820177783,405625.0,282072.0
135973.0,The Crest Academy,40.0,798.0,8583.0,199.0,43.0,Urban: Nearer to a major town or city,London,304,Brent,E01000502,E02000103,NW2 7SN,-0.2414099266341016,51.56351938742527,521993.0,186425.0
136616.0,Wood Green Academy,34.0,798.0,8583.0,244.0,90.0,Urban: Nearer to a major town or city,West Midlands,333,Sandwell,E01010085,E02002043,WS10 9QU,-2.0036837362044166,52.563628637285035,399847.0,296198.0
138374.0,West Walsall E-ACT Academy,24.0,798.0,8583.0,106.0,59.0,Urban: Nearer to a major town or city,West Midlands,335,Walsall,E01010362,E02002135,WS2 9UA,-2.0097805963295987,52.58214747380771,399434.0,298258.0
138458.0,Salvatorian Roman Catholic College,47.0,798.0,8583.0,125.0,20.0,Urban: Nearer to a major town or city,London,310,Harrow,E01002232,E02000443,HA3 5DY,-0.3391292560059672,51.59997659698176,515128.0,190321.0
136296.0,Hardenhuish School,49.0,802.0,8557.0,218.0,14.0,Urban: Nearer to a major town or city,South West,865,Wiltshire,E01031919,E02006652,SN14 6RJ,-2.1317940252478356,51.47081206622559,390942.0,174658.0
111422.0,Upton-by-Chester High School,41.0,802.0,8557.0,246.0,15.0,Urban: Nearer to a major town or city,North West,896,Cheshire West and Chester,E01018380,E02003796,CH2 1NN,-2.870190560222979,53.214252985218394,341987.0,368929.0
141813.0,Health Futures UTC,24.0,804.0,8556.0,142.0,53.0,Urban: Nearer to a major town or city,West Midlands,333,Sandwell,E01010106,E02002061,B70 8DJ,-1.9994642487269536,52.52126829218179,400133.0,291486.0
138107.0,Bishop Perowne CofE College,36.0,805.0,8548.0,123.0,36.0,Urban: Nearer to a major town or city,West Midlands,885,Worcestershire,E01032279,E02006737,WR3 8LE,-2.2171039653321167,52.2047925879739,385260.0,256306.0
105355.0,The Derby High School,30.0,806.0,8532.0,157.0,41.0,Urban: Nearer to a major town or city,North West,351,Bury,E01005025,E02001029,BL9 9NH,-2.3075947970994912,53.58276227801455,379733.0,409617.0
137277.0,Dixons Kings Academy,58.0,806.0,8532.0,160.0,44.0,Urban: Nearer to a major town or city,Yorkshire and the Humber,380,Bradford,E01010658,E02002223,BD7 2AN,-1.7883835213813544,53.79077637445497,414039.0,432737.0
138245.0,The Greenwich Free School,67.0,806.0,8532.0,93.0,38.0,Urban: Nearer to a major town or city,London,203,Greenwich,E01001701,E02000327,SE18 4LH,0.0527846005565045,51.47195910326635,542669.0,176775.0
101247.0,All Saints Catholic School and Technology College,58.0,806.0,8532.0,179.0,23.0,Urban: Nearer to a major town or city,London,301,Barking and Dagenham,E01000061,E02000007,RM8 1JT,0.151317154625778,51.56272114701965,549215.0,187064.0
103105.0,Kelmscott School,32.0,806.0,8532.0,167.0,58.0,Urban: Nearer to a major town or city,London,320,Waltham Forest,E01004449,E02000912,E17 8DN,-0.0283480011113744,51.57557226877837,536724.0,188142.0
136908.0,Fairfax,60.0,811.0,8513.0,209.0,22.0,Urban: Nearer to a major town or city,West Midlands,330,Birmingham,E01009447,E02001831,B75 7JT,-1.797678948232546,52.56145147418168,413812.0,295975.0
137695.0,Cox Green School,57.0,811.0,8513.0,144.0,13.0,Urban: Nearer to a major town or city,South East,868,Windsor and Maidenhead,E01016560,E02003428,SL6 3AX,-0.7567765891390595,51.508443863322896,486376.0,179567.0
137055.0,Sir John Leman High School,38.0,811.0,8513.0,235.0,20.0,Urban: Further from a major town or city,East of England,935,Suffolk,E01030224,E02006311,NR34 9PG,1.5582951493912307,52.45044606510693,641882.0,289562.0
136611.0,The Corsham School,33.0,811.0,8513.0,201.0,21.0,Urban: Nearer to a major town or city,South West,865,Wiltshire,E01031932,E02006660,SN13 9DF,-2.192351246896835,51.43046344460472,386724.0,170180.0
136399.0,John Kyrle High School and Sixth Form Centre Academy,42.0,811.0,8513.0,198.0,14.0,Urban: Further from a major town or city,West Midlands,884,"Herefordshire, County of",E01014064,E02002926,HR9 7ET,-2.5781263937204493,51.92399539296544,360340.0,225210.0
138178.0,Riddlesdown Collegiate,57.0,811.0,8513.0,322.0,17.0,Urban: Nearer to a major town or city,London,306,Croydon,E01001104,E02000235,CR8 1EX,-0.087883826298154,51.32574072480911,533324.0,160251.0
104255.0,St Francis of Assisi Catholic Technology College,45.0,811.0,8513.0,175.0,19.0,Urban: Nearer to a major town or city,West Midlands,335,Walsall,E01010245,E02002131,WS9 0RN,-1.9115591557125753,52.598853977775185,406087.0,300120.0
142759.0,Benjamin Britten Academy of Music and Mathematics,37.0,811.0,8513.0,131.0,21.0,Urban: Further from a major town or city,East of England,935,Suffolk,E01030281,E02006303,NR32 4PZ,1.7312629545312692,52.49675125545042,653365.0,295303.0
136378.0,Wellacre Technology Academy,39.0,811.0,8513.0,125.0,18.0,Urban: Nearer to a major town or city,North West,358,Trafford,E01006132,E02001265,M41 6AP,-2.3949929361336775,53.446869981187845,373863.0,394527.0
137941.0,Harlington Upper School,59.0,811.0,8513.0,320.0,13.0,Larger rural: Nearer to a major town or city,East of England,823,Central Bedfordshire,E01017409,E02003615,LU5 6NX,-0.487470141192004,51.96770149146413,504006.0,230993.0
106139.0,Bramhall High School,54.0,811.0,8513.0,229.0,14.0,Urban: Nearer to a major town or city,North West,356,Stockport,E01005809,E02001223,SK7 2JT,-2.1524048720850546,53.36683598459952,389956.0,385561.0
137582.0,University of Chester Academy Northwich,31.0,811.0,8513.0,80.0,41.0,Urban: Nearer to a major town or city,North West,896,Cheshire West and Chester,E01018718,E02003878,CW9 7DT,-2.483634617325724,53.25627054818484,367832.0,373359.0
116458.0,Bitterne Park School,40.0,811.0,8513.0,294.0,28.0,Urban: Nearer to a major town or city,South East,852,Southampton,E01017175,E02003556,SO18 1BU,-1.36944805589907,50.92993156765787,444409.0,114688.0
136462.0,Ossett Academy and Sixth Form College,60.0,811.0,8513.0,264.0,16.0,Urban: Nearer to a major town or city,Yorkshire and the Humber,384,Wakefield,E01011829,E02002462,WF5 0DG,-1.577410709082228,53.66947392871509,428018.0,419303.0
137911.0,Allestree Woodlands School,51.0,811.0,8513.0,206.0,18.0,Urban: Nearer to a major town or city,East Midlands,831,Derby,E01013465,E02002797,DE22 2LW,-1.5002009961074978,52.95427350057757,433675.0,339770.0
142960.0,Lyng Hall School,19.0,826.0,8494.0,100.0,47.0,Urban: Nearer to a major town or city,West Midlands,331,Coventry,E01009711,E02001970,CV2 3JS,-1.4696852000049891,52.42380000990967,436159.0,280776.0
139994.0,Yardleys School,43.0,826.0,8494.0,171.0,58.0,Urban: Nearer to a major town or city,West Midlands,330,Birmingham,E01009026,E02001916,B11 3EY,-1.844140416548726,52.4507289335048,410689.0,283651.0
141693.0,Hillside High School,28.0,826.0,8494.0,179.0,50.0,Urban: Nearer to a major town or city,North West,343,Sefton,E01006962,E02001466,L20 9NU,-2.9750572147734564,53.44849575615347,335340.0,395078.0
138858.0,Abbeyfield School,37.0,826.0,8494.0,232.0,22.0,Urban: Nearer to a major town or city,East Midlands,941,West Northamptonshire,E01027161,E02005676,NN4 8BU,-0.9045003340081554,52.21610467534105,474941.0,258107.0
137940.0,Isleworth and Syon School for Boys,37.0,826.0,8494.0,148.0,44.0,Urban: Nearer to a major town or city,London,313,Hounslow,E01002680,E02000534,TW7 5LJ,-0.3414261562967441,51.48058052955885,515270.0,177040.0
136722.0,Backwell School,64.0,831.0,8485.0,262.0,12.0,Larger rural: Nearer to a major town or city,South West,802,North Somerset,E01014737,E02003075,BS48 3BX,-2.7391971813449745,51.41623999361468,348692.0,168840.0
136522.0,Cranford Community College,46.0,831.0,8485.0,198.0,36.0,Urban: Nearer to a major town or city,London,313,Hounslow,E01002633,E02000530,TW5 9PD,-0.4065062990086764,51.48761603328519,510734.0,177722.0
136600.0,The Coopers' Company and Coborn School,72.0,831.0,8485.0,188.0,6.0,Urban: Nearer to a major town or city,London,311,Havering,E01002384,E02000482,RM14 3HS,0.2602354321924345,51.5562758374333,556786.0,186575.0
138928.0,Warlingham School,45.0,831.0,8485.0,233.0,16.0,Urban: Nearer to a major town or city,South East,936,Surrey,E01030856,E02006429,CR6 9YB,-0.068827443980527,51.31741501928155,534676.0,159360.0
137461.0,Wymondham High Academy,57.0,831.0,8485.0,226.0,15.0,Urban: Nearer to a major town or city,East of England,926,Norfolk,E01035149,E02005603,NR18 0QT,1.1177796968224494,52.57537863580744,611357.0,302070.0
135628.0,Oasis Academy Lord's Hill,31.0,831.0,8485.0,93.0,41.0,Urban: Nearer to a major town or city,South East,852,Southampton,E01017241,E02003555,SO16 8FA,-1.453792379191064,50.93438593248021,438478.0,115136.0
137461.0,Wymondham High Academy,57.0,831.0,8485.0,226.0,15.0,Urban: Nearer to a major town or city,East of England,926,Norfolk,E01035149,E02005603,NR18 0QT,1.1177796968224494,52.57537863580744,611357.0,302070.0
137461.0,Wymondham High Academy,57.0,831.0,8485.0,226.0,15.0,Urban: Nearer to a major town or city,East of England,926,Norfolk,E01035149,E02005603,NR18 0QT,1.1177796968224494,52.57537863580744,611357.0,302070.0
137461.0,Wymondham High Academy,57.0,831.0,8485.0,226.0,15.0,Urban: Nearer to a major town or city,East of England,926,Norfolk,E01035149,E02005603,NR18 0QT,1.1177796968224494,52.57537863580744,611357.0,302070.0
137461.0,Wymondham High Academy,57.0,831.0,8485.0,226.0,15.0,Urban: Nearer to a major town or city,East of England,926,Norfolk,E01035149,E02005603,NR18 0QT,1.1177796968224494,52.57537863580744,611357.0,302070.0
137461.0,Wymondham High Academy,57.0,831.0,8485.0,226.0,15.0,Urban: Nearer to a major town or city,East of England,926,Norfolk,E01035149,E02005603,NR18 0QT,1.1177796968224494,52.57537863580744,611357.0,302070.0
137461.0,Wymondham High Academy,57.0,831.0,8485.0,226.0,15.0,Urban: Nearer to a major town or city,East of England,926,Norfolk,E01035149,E02005603,NR18 0QT,1.1177796968224494,52.57537863580744,611357.0,302070.0
136273.0,Audenshaw School,47.0,831.0,8485.0,179.0,21.0,Urban: Nearer to a major town or city,North West,357,Tameside,E01005966,E02001247,M34 5NB,-2.119111551559598,53.466700085514766,392190.0,396667.0
137461.0,Wymondham High Academy,57.0,831.0,8485.0,226.0,15.0,Urban: Nearer to a major town or city,East of England,926,Norfolk,E01035149,E02005603,NR18 0QT,1.1177796968224494,52.57537863580744,611357.0,302070.0
137300.0,Priory Community School,33.0,831.0,8485.0,245.0,24.0,Urban: Nearer to a major town or city,South West,802,North Somerset,E01014826,E02003079,BS22 6BP,-2.9099104292818336,51.36437792271907,336749.0,163206.0
139167.0,Silverdale School,59.0,831.0,8485.0,176.0,21.0,Urban: Nearer to a major town or city,Yorkshire and the Humber,373,Sheffield,E01007927,E02001665,S11 9QH,-1.530707476210496,53.35174776152943,431336.0,383974.0
122066.0,The Latimer Arts College,32.0,831.0,8485.0,173.0,20.0,Urban: Further from a major town or city,East Midlands,940,North Northamptonshire,E01027085,E02005648,NN15 6SW,-0.6930057962959523,52.38137037793767,489058.0,276728.0
135769.0,Ormiston Shelfield Community Academy,23.0,831.0,8485.0,219.0,47.0,Urban: Nearer to a major town or city,West Midlands,335,Walsall,E01010353,E02002119,WS4 1BW,-1.9501833711048149,52.62376930017417,403469.0,302889.0
141210.0,The Archbishop Lanfranc Academy,33.0,831.0,8485.0,143.0,43.0,Urban: Nearer to a major town or city,London,306,Croydon,E01001177,E02000209,CR9 3AS,-0.1305341080998591,51.391213153582264,530167.0,167455.0
137740.0,Furze Platt Senior School,46.0,831.0,8485.0,185.0,12.0,Urban: Nearer to a major town or city,South East,868,Windsor and Maidenhead,E01016572,E02003421,SL6 7NQ,-0.7406854531982208,51.53595865810381,487440.0,182646.0
142983.0,Sir Graham Balfour High School,43.0,831.0,8485.0,156.0,18.0,Urban: Nearer to a major town or city,West Midlands,860,Staffordshire,E01029718,E02006193,ST16 1NR,-2.1253074590384307,52.828486786578864,391654.0,325668.0
138466.0,Nailsea School,52.0,831.0,8485.0,172.0,10.0,Urban: Nearer to a major town or city,South West,802,North Somerset,E01014779,E02003073,BS48 2HN,-2.756925271669855,51.430010319119546,347475.0,170384.0
143413.0,Erdington Academy,28.0,831.0,8485.0,156.0,61.0,Urban: Nearer to a major town or city,West Midlands,330,Birmingham,E01008998,E02001857,B24 8RE,-1.838211922073952,52.51451379262379,411076.0,290747.0
142382.0,Trinity Catholic College,33.0,831.0,8485.0,228.0,40.0,Urban: Nearer to a major town or city,North East,806,Middlesbrough,E01012021,E02002506,TS4 3JW,-1.2294557000806583,54.54383622465075,449948.0,516780.0
140669.0,Newmarket Academy,33.0,831.0,8485.0,123.0,28.0,Urban: Nearer to a major town or city,East of England,935,Suffolk,E01029952,E02006826,CB8 0EB,0.396350172170267,52.25020875379505,563680.0,264040.0
137461.0,Wymondham High Academy,57.0,831.0,8485.0,226.0,15.0,Urban: Nearer to a major town or city,East of England,926,Norfolk,E01035149,E02005603,NR18 0QT,1.1177796968224494,52.57537863580744,611357.0,302070.0
112991.0,Murray Park Community School,29.0,831.0,8485.0,137.0,38.0,Urban: Nearer to a major town or city,East Midlands,831,Derby,E01013558,E02002810,DE3 9LL,-1.5308517456183517,52.918126151134395,431642.0,335735.0
106271.0,St Thomas More RC College Specialising in Mathematics and Computing,49.0,831.0,8485.0,152.0,23.0,Urban: Nearer to a major town or city,North West,357,Tameside,E01005975,E02001249,M34 6AF,-2.114622620261956,53.450174608636225,392485.0,394828.0
137461.0,Wymondham High Academy,57.0,831.0,8485.0,226.0,15.0,Urban: Nearer to a major town or city,East of England,926,Norfolk,E01035149,E02005603,NR18 0QT,1.1177796968224494,52.57537863580744,611357.0,302070.0
136276.0,Watford Grammar School for Boys,84.0,831.0,8485.0,189.0,7.0,Urban: Nearer to a major town or city,East of England,919,Hertfordshire,E01023886,E02004975,WD18 7JF,-0.4143014856839708,51.65503406261661,509789.0,196328.0
137461.0,Wymondham High Academy,57.0,831.0,8485.0,226.0,15.0,Urban: Nearer to a major town or city,East of England,926,Norfolk,E01035149,E02005603,NR18 0QT,1.1177796968224494,52.57537863580744,611357.0,302070.0
139152.0,Great Sankey High School,55.0,831.0,8485.0,291.0,13.0,Urban: Nearer to a major town or city,North West,877,Warrington,E01035385,E02002598,WA5 3AA,-2.66093468477012,53.40017551618602,356152.0,389463.0
137461.0,Wymondham High Academy,57.0,831.0,8485.0,226.0,15.0,Urban: Nearer to a major town or city,East of England,926,Norfolk,E01035149,E02005603,NR18 0QT,1.1177796968224494,52.57537863580744,611357.0,302070.0
137461.0,Wymondham High Academy,57.0,831.0,8485.0,226.0,15.0,Urban: Nearer to a major town or city,East of England,926,Norfolk,E01035149,E02005603,NR18 0QT,1.1177796968224494,52.57537863580744,611357.0,302070.0
140693.0,St Boniface's RC College,26.0,831.0,8485.0,99.0,17.0,Urban: Nearer to a major town or city,South West,879,Plymouth,E01015071,E02003129,PL5 3AG,-4.135982032270974,50.40542568437253,248312.0,58355.0
137461.0,Wymondham High Academy,57.0,831.0,8485.0,226.0,15.0,Urban: Nearer to a major town or city,East of England,926,Norfolk,E01035149,E02005603,NR18 0QT,1.1177796968224494,52.57537863580744,611357.0,302070.0
137461.0,Wymondham High Academy,57.0,831.0,8485.0,226.0,15.0,Urban: Nearer to a major town or city,East of England,926,Norfolk,E01035149,E02005603,NR18 0QT,1.1177796968224494,52.57537863580744,611357.0,302070.0
137461.0,Wymondham High Academy,57.0,831.0,8485.0,226.0,15.0,Urban: Nearer to a major town or city,East of England,926,Norfolk,E01035149,E02005603,NR18 0QT,1.1177796968224494,52.57537863580744,611357.0,302070.0
136753.0,Ryde Academy,29.0,831.0,8485.0,175.0,30.0,Urban: Further from a major town or city,South East,921,Isle of Wight,E01017342,E02003586,PO33 3LN,-1.1741589431951178,50.723147974125936,458390.0,91829.0
137461.0,Wymondham High Academy,57.0,831.0,8485.0,226.0,15.0,Urban: Nearer to a major town or city,East of England,926,Norfolk,E01035149,E02005603,NR18 0QT,1.1177796968224494,52.57537863580744,611357.0,302070.0
139155.0,Launceston College,45.0,831.0,8485.0,222.0,24.0,Urban: Further from a major town or city,South West,908,Cornwall,E01034848,E02003935,PL15 9JR,-4.356664915071907,50.62948139812736,233423.0,83739.0
136982.0,St Peter's Catholic High School and Sixth Form Centre,35.0,831.0,8485.0,239.0,18.0,Urban: Nearer to a major town or city,South West,916,Gloucestershire,E01022345,E02004647,GL4 0DD,-2.245282955182802,51.82854252894117,383193.0,214464.0
137880.0,Stanground Academy,29.0,831.0,8485.0,227.0,32.0,Urban: Nearer to a major town or city,East of England,874,Peterborough,E01035549,E02003255,PE7 3BY,-0.2266729562221025,52.54886154781289,520340.0,296032.0
137461.0,Wymondham High Academy,57.0,831.0,8485.0,226.0,15.0,Urban: Nearer to a major town or city,East of England,926,Norfolk,E01035149,E02005603,NR18 0QT,1.1177796968224494,52.57537863580744,611357.0,302070.0
137298.0,Severn Vale School,38.0,831.0,8485.0,229.0,19.0,Urban: Nearer to a major town or city,South West,916,Gloucestershire,E01022336,E02004650,GL2 4PR,-2.287394697968659,51.82411345760461,380289.0,213982.0
139500.0,The King's School Specialising in Mathematics and Computing,39.0,831.0,8485.0,201.0,23.0,Urban: Nearer to a major town or city,Yorkshire and the Humber,384,Wakefield,E01011847,E02002460,WF8 4JF,-1.317880729561005,53.68522289087458,445148.0,421188.0
137461.0,Wymondham High Academy,57.0,831.0,8485.0,226.0,15.0,Urban: Nearer to a major town or city,East of England,926,Norfolk,E01035149,E02005603,NR18 0QT,1.1177796968224494,52.57537863580744,611357.0,302070.0
138329.0,St Bernard's Catholic High School,44.0,831.0,8485.0,137.0,23.0,Urban: Nearer to a major town or city,Yorkshire and the Humber,372,Rotherham,E01007710,E02001598,S65 3BE,-1.323420857195172,53.4239407374426,445058.0,392116.0
137083.0,Abbey Grange Church of England Academy,55.0,831.0,8485.0,204.0,23.0,Urban: Nearer to a major town or city,Yorkshire and the Humber,383,Leeds,E01011686,E02002362,LS16 5EA,-1.6084271183255474,53.83396209623305,425868.0,437592.0
137461.0,Wymondham High Academy,57.0,831.0,8485.0,226.0,15.0,Urban: Nearer to a major town or city,East of England,926,Norfolk,E01035149,E02005603,NR18 0QT,1.1177796968224494,52.57537863580744,611357.0,302070.0
135564.0,The Priory City of Lincoln Academy,18.0,831.0,8485.0,104.0,28.0,Urban: Nearer to a major town or city,East Midlands,925,Lincolnshire,E01026136,E02005449,LN6 0EP,-0.5735480691071847,53.2131468444104,495355.0,369401.0
141245.0,Wednesfield High Specialist Engineering Academy,30.0,831.0,8485.0,152.0,27.0,Urban: Nearer to a major town or city,West Midlands,336,Wolverhampton,E01010562,E02002158,WV11 3ES,-2.071962210917572,52.603620480408864,395223.0,300649.0
137461.0,Wymondham High Academy,57.0,831.0,8485.0,226.0,15.0,Urban: Nearer to a major town or city,East of England,926,Norfolk,E01035149,E02005603,NR18 0QT,1.1177796968224494,52.57537863580744,611357.0,302070.0
137461.0,Wymondham High Academy,57.0,831.0,8485.0,226.0,15.0,Urban: Nearer to a major town or city,East of England,926,Norfolk,E01035149,E02005603,NR18 0QT,1.1177796968224494,52.57537863580744,611357.0,302070.0
137461.0,Wymondham High Academy,57.0,831.0,8485.0,226.0,15.0,Urban: Nearer to a major town or city,East of England,926,Norfolk,E01035149,E02005603,NR18 0QT,1.1177796968224494,52.57537863580744,611357.0,302070.0
137461.0,Wymondham High Academy,57.0,831.0,8485.0,226.0,15.0,Urban: Nearer to a major town or city,East of England,926,Norfolk,E01035149,E02005603,NR18 0QT,1.1177796968224494,52.57537863580744,611357.0,302070.0
137461.0,Wymondham High Academy,57.0,831.0,8485.0,226.0,15.0,Urban: Nearer to a major town or city,East of England,926,Norfolk,E01035149,E02005603,NR18 0QT,1.1177796968224494,52.57537863580744,611357.0,302070.0
136573.0,Penrice Academy,51.0,831.0,8485.0,266.0,19.0,Urban: Further from a major town or city,South West,908,Cornwall,E01019043,E02003963,PL25 3NR,-4.769345562668297,50.33735510014056,203029.0,52273.0
137461.0,Wymondham High Academy,57.0,831.0,8485.0,226.0,15.0,Urban: Nearer to a major town or city,East of England,926,Norfolk,E01035149,E02005603,NR18 0QT,1.1177796968224494,52.57537863580744,611357.0,302070.0
137461.0,Wymondham High Academy,57.0,831.0,8485.0,226.0,15.0,Urban: Nearer to a major town or city,East of England,926,Norfolk,E01035149,E02005603,NR18 0QT,1.1177796968224494,52.57537863580744,611357.0,302070.0
137461.0,Wymondham High Academy,57.0,831.0,8485.0,226.0,15.0,Urban: Nearer to a major town or city,East of England,926,Norfolk,E01035149,E02005603,NR18 0QT,1.1177796968224494,52.57537863580744,611357.0,302070.0
137461.0,Wymondham High Academy,57.0,831.0,8485.0,226.0,15.0,Urban: Nearer to a major town or city,East of England,926,Norfolk,E01035149,E02005603,NR18 0QT,1.1177796968224494,52.57537863580744,611357.0,302070.0
139623.0,"St Peter and St Paul, Catholic Voluntary Academy",23.0,831.0,8485.0,95.0,27.0,Urban: Nearer to a major town or city,East Midlands,925,Lincolnshire,E01026135,E02005449,LN6 7SX,-0.563724963728044,53.211329983114936,496015.0,369212.0
136852.0,Penryn College,51.0,831.0,8485.0,211.0,20.0,Urban: Further from a major town or city,South West,908,Cornwall,E01018834,E02003914,TR10 8PZ,-5.116154251321854,50.166016698393726,177557.0,34203.0
105574.0,Loreto High School Chorlton,28.0,831.0,8485.0,132.0,49.0,Urban: Nearer to a major town or city,North West,352,Manchester,E01005081,E02001083,M21 7SW,-2.2621296493518317,53.43346581478452,382682.0,392995.0
137461.0,Wymondham High Academy,57.0,831.0,8485.0,226.0,15.0,Urban: Nearer to a major town or city,East of England,926,Norfolk,E01035149,E02005603,NR18 0QT,1.1177796968224494,52.57537863580744,611357.0,302070.0
140675.0,St Ives School,50.0,831.0,8485.0,120.0,24.0,Larger rural: Further from a major town or city,South West,908,Cornwall,E01019011,E02003943,TR26 2BB,-5.480437771464053,50.20180763964678,151733.0,39332.0
137461.0,Wymondham High Academy,57.0,831.0,8485.0,226.0,15.0,Urban: Nearer to a major town or city,East of England,926,Norfolk,E01035149,E02005603,NR18 0QT,1.1177796968224494,52.57537863580744,611357.0,302070.0
137461.0,Wymondham High Academy,57.0,831.0,8485.0,226.0,15.0,Urban: Nearer to a major town or city,East of England,926,Norfolk,E01035149,E02005603,NR18 0QT,1.1177796968224494,52.57537863580744,611357.0,302070.0
136610.0,Soham Village College,40.0,831.0,8485.0,252.0,16.0,Urban: Further from a major town or city,East of England,873,Cambridgeshire,E01018052,E02003737,CB7 5AA,0.3390699627567195,52.3296796917686,559485.0,272750.0
136115.0,The Oldham Academy North,27.0,831.0,8485.0,157.0,68.0,Urban: Nearer to a major town or city,North West,353,Oldham,E01005398,E02001106,OL2 5BF,-2.125275921331309,53.56032543034608,391799.0,407084.0
139649.0,Holy Family Catholic Academy,25.0,831.0,8485.0,28.0,71.0,Urban: Nearer to a major town or city,Yorkshire and the Humber,812,North East Lincolnshire,E01013135,E02002743,DN35 9NF,-0.0489156040716688,53.55011634502004,529362.0,407710.0
139109.0,Worthing High School,41.0,831.0,8485.0,172.0,19.0,Urban: Nearer to a major town or city,South East,938,West Sussex,E01031800,E02006624,BN14 7AR,-0.3808208802937426,50.82329378157595,514143.0,103889.0
136307.0,Highdown School and Sixth Form Centre,59.0,831.0,8485.0,209.0,13.0,Urban: Nearer to a major town or city,South East,870,Reading,E01016430,E02003390,RG4 8LR,-0.9755904376910368,51.4817033962247,471232.0,176358.0
137436.0,Formby High School,55.0,831.0,8485.0,161.0,12.0,Urban: Nearer to a major town or city,North West,343,Sefton,E01007079,E02001442,L37 3HW,-3.067997303679246,53.56088846492155,329355.0,407670.0
136295.0,Holyrood Academy,46.0,831.0,8485.0,210.0,18.0,Urban: Further from a major town or city,South West,933,Somerset,E01029171,E02006097,TA20 1JL,-2.9654898748409746,50.876003563627194,332167.0,108946.0
136914.0,Glenthorne High School,58.0,831.0,8485.0,242.0,22.0,Urban: Nearer to a major town or city,London,319,Sutton,E01004130,E02000842,SM3 9PS,-0.2011911358386269,51.38105984015809,525279.0,166203.0
104835.0,St Cuthbert's Catholic High School,33.0,831.0,8485.0,144.0,53.0,Urban: Nearer to a major town or city,North West,342,St. Helens,E01006875,E02001422,WA9 3HE,-2.7007224580038343,53.443642835409435,353554.0,394324.0
112969.0,Dronfield Henry Fanshawe School,54.0,831.0,8485.0,284.0,11.0,Urban: Nearer to a major town or city,East Midlands,830,Derbyshire,E01019782,E02004108,S18 2FZ,-1.4663755528940736,53.30149155383698,435660.0,378413.0
137230.0,Kingdown School,48.0,831.0,8485.0,265.0,14.0,Urban: Further from a major town or city,South West,865,Wiltshire,E01032105,E02006692,BA12 9DR,-2.1639726555941423,51.20236409953618,388640.0,144808.0
137650.0,The John Bentley School,39.0,831.0,8485.0,136.0,24.0,Urban: Nearer to a major town or city,South West,865,Wiltshire,E01031903,E02006658,SN11 8YH,-2.0033242594912863,51.42862520793289,399865.0,169958.0
137777.0,Denefield School,38.0,831.0,8485.0,164.0,19.0,Urban: Nearer to a major town or city,South East,869,West Berkshire,E01016315,E02003370,RG31 6XY,-1.05597026841551,51.47152423244894,465665.0,175151.0
136192.0,Cleethorpes Academy,30.0,831.0,8485.0,138.0,43.0,Urban: Nearer to a major town or city,Yorkshire and the Humber,812,North East Lincolnshire,E01013154,E02002743,DN35 9NX,-0.0394548017292825,53.54775030665151,529996.0,407464.0
135449.0,Q3 Academy,42.0,831.0,8485.0,173.0,24.0,Urban: Nearer to a major town or city,West Midlands,333,Sandwell,E01009968,E02002048,B43 7SD,-1.945440955291782,52.55280138689763,403796.0,294995.0
105844.0,Cardinal Langley Roman Catholic High School,20.0,831.0,8485.0,167.0,29.0,Urban: Nearer to a major town or city,North West,354,Rochdale,E01005543,E02001152,M24 2GL,-2.18350496452753,53.564052199294046,387943.0,407507.0
118082.0,Hornsea School and Language College,31.0,831.0,8485.0,173.0,31.0,Larger rural: Further from a major town or city,Yorkshire and the Humber,811,East Riding of Yorkshire,E01013046,E02002695,HU18 1DW,-0.1740296872760782,53.9139030102927,520034.0,447959.0
141321.0,Darwen Vale High School,23.0,831.0,8485.0,126.0,29.0,Urban: Nearer to a major town or city,North West,889,Blackburn with Darwen,E01012591,E02002628,BB3 0AL,-2.4691720249699247,53.715182869374395,369133.0,424408.0
136279.0,Brine Leas School,48.0,831.0,8485.0,214.0,12.0,Urban: Nearer to a major town or city,North West,895,Cheshire East,E01018503,E02003839,CW5 7DY,-2.5143836276303406,53.056540994197675,365621.0,351154.0
137491.0,Sandbach School,57.0,831.0,8485.0,194.0,12.0,Urban: Nearer to a major town or city,North West,895,Cheshire East,E01034666,E02003820,CW11 3NS,-2.3707745375343316,53.14287642711524,375296.0,360699.0
140898.0,Shaftesbury School,43.0,831.0,8485.0,120.0,15.0,Larger rural: Further from a major town or city,South West,838,Dorset,E01034375,E02004257,SP7 8ER,-2.1887753488035244,51.00216160228754,386850.0,122548.0
116991.0,The Bishop of Hereford's Bluecoat School,57.0,831.0,8485.0,205.0,7.0,Urban: Further from a major town or city,West Midlands,884,"Herefordshire, County of",E01014090,E02002918,HR1 1UU,-2.683327924168802,52.05736985828377,353245.0,240107.0
136488.0,Sponne School,58.0,831.0,8485.0,207.0,11.0,Urban: Nearer to a major town or city,East Midlands,941,West Northamptonshire,E01027303,E02005684,NN12 6DJ,-0.9932744512420512,52.13246989863251,469005.0,248717.0
138190.0,Harrogate High School,30.0,831.0,8485.0,53.0,30.0,Urban: Nearer to a major town or city,Yorkshire and the Humber,815,North Yorkshire,E01027649,E02005773,HG1 4AP,-1.5207842748847944,53.9989755618865,431512.0,455987.0
121666.0,Thirsk School & Sixth Form College,48.0,831.0,8485.0,149.0,19.0,Urban: Further from a major town or city,Yorkshire and the Humber,815,North Yorkshire,E01034960,E02005758,YO7 1RZ,-1.3469247301403169,54.22392547580895,442678.0,481107.0
137906.0,Blenheim High School,35.0,831.0,8485.0,215.0,15.0,Urban: Nearer to a major town or city,South East,936,Surrey,E01030385,E02006341,KT19 9BH,-0.2643348279853994,51.34533131123037,520979.0,162124.0
136963.0,Finham Park School,55.0,831.0,8485.0,235.0,11.0,Urban: Nearer to a major town or city,West Midlands,331,Coventry,E01009668,E02001998,CV3 6EA,-1.5275523161003324,52.38222189314414,432254.0,276124.0
135306.0,Corby Business Academy,35.0,831.0,8485.0,192.0,30.0,Urban: Further from a major town or city,East Midlands,940,North Northamptonshire,E01035393,E02005614,NN17 5EB,-0.6422768796468656,52.508585065314314,492245.0,290941.0
135951.0,Haberdashers' Aske's Crayford Academy,41.0,912.0,8447.0,167.0,24.0,Urban: Nearer to a major town or city,London,303,Bexley,E01000377,E02000083,DA1 4RS,0.1830796265245347,51.45523434624212,551773.0,175177.0
104018.0,Holly Lodge High School College of Science,21.0,913.0,8431.0,236.0,44.0,Urban: Nearer to a major town or city,West Midlands,333,Sandwell,E01010047,E02002065,B67 7JG,-1.9883134783534175,52.498181529442554,400890.0,288918.0
141694.0,Litherland High School,24.0,913.0,8431.0,169.0,35.0,Urban: Nearer to a major town or city,North West,343,Sefton,E01006981,E02001459,L21 0DB,-2.986066017781574,53.48043252709074,334658.0,398641.0
137675.0,"King's Leadership Academy, Liverpool",20.0,913.0,8431.0,75.0,75.0,Urban: Nearer to a major town or city,North West,341,Liverpool,E01032506,E02001396,L8 9SJ,-2.9579018357143583,53.37796460297847,336374.0,387216.0
139961.0,Wrenn School,37.0,913.0,8431.0,178.0,26.0,Urban: Nearer to a major town or city,East Midlands,940,North Northamptonshire,E01027317,E02005699,NN8 2DQ,-0.6889162603462522,52.29662227347588,489507.0,267307.0
135234.0,George Salter Academy,31.0,913.0,8431.0,174.0,34.0,Urban: Nearer to a major town or city,West Midlands,333,Sandwell,E01033888,E02002060,B70 9UW,-2.012243334238344,52.52569066060068,399266.0,291978.0
137190.0,The Commonweal School,37.0,913.0,8431.0,226.0,19.0,Urban: Nearer to a major town or city,South West,866,Swindon,E01032707,E02003232,SN1 4JE,-1.7878413461512244,51.54912947552142,414807.0,183381.0
140500.0,Smithills School,25.0,913.0,8431.0,208.0,50.0,Urban: Nearer to a major town or city,North West,350,Bolton,E01004924,E02000991,BL1 6JS,-2.4550832993187215,53.59884863811965,369980.0,411459.0
105581.0,The Barlow RC High School and Specialist Science College,41.0,913.0,8431.0,165.0,41.0,Urban: Nearer to a major town or city,North West,352,Manchester,E01005168,E02001089,M20 6BX,-2.2200712360745394,53.41544726932701,385470.0,390981.0
135663.0,Oasis Academy John Williams,24.0,913.0,8431.0,147.0,53.0,Urban: Nearer to a major town or city,South West,801,"Bristol, City of",E01014614,E02003058,BS14 9BU,-2.5664036469112195,51.41978376866962,360711.0,169127.0
132727.0,Walthamstow Academy,46.0,922.0,8429.0,163.0,51.0,Urban: Nearer to a major town or city,London,320,Waltham Forest,E01004346,E02000905,E17 5DP,-0.0243527345380093,51.59949668783425,536929.0,190810.0
139193.0,Guildford County School,60.0,923.0,8414.0,156.0,12.0,Urban: Nearer to a major town or city,South East,936,Surrey,E01030452,E02006358,GU2 4LU,-0.5854466627996814,51.23416586575372,498854.0,149282.0
138097.0,Cedar Mount Academy,16.0,924.0,8375.0,115.0,58.0,Urban: Nearer to a major town or city,North West,352,Manchester,E01034121,E02001067,M18 7DT,-2.175154815678432,53.45052350549812,388465.0,394875.0
106534.0,The Deanery Church of England High School and Sixth Form College,39.0,924.0,8375.0,233.0,26.0,Urban: Nearer to a major town or city,North West,359,Wigan,E01006369,E02001294,WN1 1HQ,-2.6377699474481258,53.54765050417029,357839.0,405856.0
103483.0,Hodge Hill Girls' School,52.0,924.0,8375.0,151.0,36.0,Urban: Nearer to a major town or city,West Midlands,330,Birmingham,E01009082,E02001870,B36 8EY,-1.8177784147384488,52.50259941716083,412466.0,289425.0
135598.0,Archbishop Sentamu Academy,22.0,924.0,8375.0,241.0,51.0,Urban: Nearer to a major town or city,Yorkshire and the Humber,810,"Kingston upon Hull, City of",E01035464,E02002668,HU9 5YB,-0.2804654820686028,53.75864133904418,513462.0,430512.0
139277.0,Outwood Academy Brumby,36.0,924.0,8375.0,103.0,35.0,Urban: Nearer to a major town or city,Yorkshire and the Humber,813,North Lincolnshire,E01013314,E02002758,DN16 1NT,-0.6449837890338229,53.57825269129352,489814.0,409924.0
138852.0,St.Peter's Collegiate Church of England School,48.0,924.0,8375.0,163.0,9.0,Urban: Nearer to a major town or city,West Midlands,336,Wolverhampton,E01010504,E02002169,WV3 9DU,-2.1634772474032973,52.587185393409435,389021.0,298831.0
140965.0,Studio West,33.0,924.0,8375.0,42.0,48.0,Urban: Nearer to a major town or city,North East,391,Newcastle upon Tyne,E01008325,E02001722,NE5 2SZ,-1.698529434038501,54.994129483699375,419387.0,566657.0
100182.0,Eltham Hill School,30.0,924.0,8375.0,144.0,40.0,Urban: Nearer to a major town or city,London,203,Greenwich,E01001655,E02000341,SE9 5EE,0.0458096597850946,51.4509119128931,542250.0,174421.0
140605.0,Miltoncross Academy,38.0,924.0,8375.0,164.0,34.0,Urban: Nearer to a major town or city,South East,851,Portsmouth,E01017019,E02003537,PO3 6RB,-1.06060028686032,50.80067970920979,466296.0,100546.0
103094.0,Frederick Bremer School,33.0,924.0,8375.0,165.0,80.0,Urban: Nearer to a major town or city,London,320,Waltham Forest,E01004348,E02000904,E17 4EY,-0.0034177400532202,51.594493277833905,538394.0,190293.0
138549.0,Haywood Academy,25.0,924.0,8375.0,195.0,38.0,Urban: Nearer to a major town or city,West Midlands,861,Stoke-on-Trent,E01014243,E02002956,ST6 7AB,-2.1883905912504087,53.05489837336378,387470.0,350864.0
104259.0,"St Thomas More Catholic School, Willenhall",31.0,924.0,8375.0,234.0,38.0,Urban: Nearer to a major town or city,West Midlands,335,Walsall,E01010415,E02002175,WV14 7BL,-2.0534394609085784,52.57328968239732,396475.0,297274.0
101241.0,"Barking Abbey School, A Specialist Sports and Humanities College",49.0,924.0,8375.0,272.0,30.0,Urban: Nearer to a major town or city,London,301,Barking and Dagenham,E01000066,E02000012,IG11 9AG,0.101523091333531,51.54264307752962,545828.0,184731.0
136142.0,All Saints Church of England Academy,10.0,924.0,8375.0,136.0,43.0,Urban: Nearer to a major town or city,South West,879,Plymouth,E01015074,E02003132,PL5 3NE,-4.157266717825173,50.40212734988375,246789.0,58032.0
105264.0,Thornleigh Salesian College,37.0,924.0,8375.0,224.0,33.0,Urban: Nearer to a major town or city,North West,350,Bolton,E01004774,E02000988,BL1 6PQ,-2.4437012962870805,53.60136322927283,370735.0,411734.0
135598.0,Archbishop Sentamu Academy,22.0,924.0,8375.0,241.0,51.0,Urban: Nearer to a major town or city,Yorkshire and the Humber,810,"Kingston upon Hull, City of",E01035464,E02002668,HU9 5YB,-0.2804654820686028,53.75864133904418,513462.0,430512.0
135598.0,Archbishop Sentamu Academy,22.0,924.0,8375.0,241.0,51.0,Urban: Nearer to a major town or city,Yorkshire and the Humber,810,"Kingston upon Hull, City of",E01035464,E02002668,HU9 5YB,-0.2804654820686028,53.75864133904418,513462.0,430512.0
135598.0,Archbishop Sentamu Academy,22.0,924.0,8375.0,241.0,51.0,Urban: Nearer to a major town or city,Yorkshire and the Humber,810,"Kingston upon Hull, City of",E01035464,E02002668,HU9 5YB,-0.2804654820686028,53.75864133904418,513462.0,430512.0
135598.0,Archbishop Sentamu Academy,22.0,924.0,8375.0,241.0,51.0,Urban: Nearer to a major town or city,Yorkshire and the Humber,810,"Kingston upon Hull, City of",E01035464,E02002668,HU9 5YB,-0.2804654820686028,53.75864133904418,513462.0,430512.0
135598.0,Archbishop Sentamu Academy,22.0,924.0,8375.0,241.0,51.0,Urban: Nearer to a major town or city,Yorkshire and the Humber,810,"Kingston upon Hull, City of",E01035464,E02002668,HU9 5YB,-0.2804654820686028,53.75864133904418,513462.0,430512.0
135598.0,Archbishop Sentamu Academy,22.0,924.0,8375.0,241.0,51.0,Urban: Nearer to a major town or city,Yorkshire and the Humber,810,"Kingston upon Hull, City of",E01035464,E02002668,HU9 5YB,-0.2804654820686028,53.75864133904418,513462.0,430512.0
137608.0,Lady Hawkins' School,35.0,924.0,8375.0,69.0,12.0,Larger rural: Further from a major town or city,West Midlands,884,"Herefordshire, County of",E01014034,E02002910,HR5 3AR,-3.0393510922172933,52.20235209756031,329066.0,256522.0
135598.0,Archbishop Sentamu Academy,22.0,924.0,8375.0,241.0,51.0,Urban: Nearer to a major town or city,Yorkshire and the Humber,810,"Kingston upon Hull, City of",E01035464,E02002668,HU9 5YB,-0.2804654820686028,53.75864133904418,513462.0,430512.0
135598.0,Archbishop Sentamu Academy,22.0,924.0,8375.0,241.0,51.0,Urban: Nearer to a major town or city,Yorkshire and the Humber,810,"Kingston upon Hull, City of",E01035464,E02002668,HU9 5YB,-0.2804654820686028,53.75864133904418,513462.0,430512.0
138650.0,St Columba's Catholic Boys' School,27.0,924.0,8375.0,110.0,25.0,Urban: Nearer to a major town or city,London,303,Bexley,E01000329,E02000081,DA6 7QB,0.1556167900796679,51.45191150300406,549876.0,174751.0
135598.0,Archbishop Sentamu Academy,22.0,924.0,8375.0,241.0,51.0,Urban: Nearer to a major town or city,Yorkshire and the Humber,810,"Kingston upon Hull, City of",E01035464,E02002668,HU9 5YB,-0.2804654820686028,53.75864133904418,513462.0,430512.0
135598.0,Archbishop Sentamu Academy,22.0,924.0,8375.0,241.0,51.0,Urban: Nearer to a major town or city,Yorkshire and the Humber,810,"Kingston upon Hull, City of",E01035464,E02002668,HU9 5YB,-0.2804654820686028,53.75864133904418,513462.0,430512.0
135598.0,Archbishop Sentamu Academy,22.0,924.0,8375.0,241.0,51.0,Urban: Nearer to a major town or city,Yorkshire and the Humber,810,"Kingston upon Hull, City of",E01035464,E02002668,HU9 5YB,-0.2804654820686028,53.75864133904418,513462.0,430512.0
135598.0,Archbishop Sentamu Academy,22.0,924.0,8375.0,241.0,51.0,Urban: Nearer to a major town or city,Yorkshire and the Humber,810,"Kingston upon Hull, City of",E01035464,E02002668,HU9 5YB,-0.2804654820686028,53.75864133904418,513462.0,430512.0
135598.0,Archbishop Sentamu Academy,22.0,924.0,8375.0,241.0,51.0,Urban: Nearer to a major town or city,Yorkshire and the Humber,810,"Kingston upon Hull, City of",E01035464,E02002668,HU9 5YB,-0.2804654820686028,53.75864133904418,513462.0,430512.0
135598.0,Archbishop Sentamu Academy,22.0,924.0,8375.0,241.0,51.0,Urban: Nearer to a major town or city,Yorkshire and the Humber,810,"Kingston upon Hull, City of",E01035464,E02002668,HU9 5YB,-0.2804654820686028,53.75864133904418,513462.0,430512.0
135598.0,Archbishop Sentamu Academy,22.0,924.0,8375.0,241.0,51.0,Urban: Nearer to a major town or city,Yorkshire and the Humber,810,"Kingston upon Hull, City of",E01035464,E02002668,HU9 5YB,-0.2804654820686028,53.75864133904418,513462.0,430512.0
135598.0,Archbishop Sentamu Academy,22.0,924.0,8375.0,241.0,51.0,Urban: Nearer to a major town or city,Yorkshire and the Humber,810,"Kingston upon Hull, City of",E01035464,E02002668,HU9 5YB,-0.2804654820686028,53.75864133904418,513462.0,430512.0
135598.0,Archbishop Sentamu Academy,22.0,924.0,8375.0,241.0,51.0,Urban: Nearer to a major town or city,Yorkshire and the Humber,810,"Kingston upon Hull, City of",E01035464,E02002668,HU9 5YB,-0.2804654820686028,53.75864133904418,513462.0,430512.0
135598.0,Archbishop Sentamu Academy,22.0,924.0,8375.0,241.0,51.0,Urban: Nearer to a major town or city,Yorkshire and the Humber,810,"Kingston upon Hull, City of",E01035464,E02002668,HU9 5YB,-0.2804654820686028,53.75864133904418,513462.0,430512.0
135598.0,Archbishop Sentamu Academy,22.0,924.0,8375.0,241.0,51.0,Urban: Nearer to a major town or city,Yorkshire and the Humber,810,"Kingston upon Hull, City of",E01035464,E02002668,HU9 5YB,-0.2804654820686028,53.75864133904418,513462.0,430512.0
135598.0,Archbishop Sentamu Academy,22.0,924.0,8375.0,241.0,51.0,Urban: Nearer to a major town or city,Yorkshire and the Humber,810,"Kingston upon Hull, City of",E01035464,E02002668,HU9 5YB,-0.2804654820686028,53.75864133904418,513462.0,430512.0
135598.0,Archbishop Sentamu Academy,22.0,924.0,8375.0,241.0,51.0,Urban: Nearer to a major town or city,Yorkshire and the Humber,810,"Kingston upon Hull, City of",E01035464,E02002668,HU9 5YB,-0.2804654820686028,53.75864133904418,513462.0,430512.0
137681.0,St Catherine's Catholic School,61.0,924.0,8375.0,208.0,17.0,Urban: Nearer to a major town or city,London,303,Bexley,E01000329,E02000081,DA6 7QJ,0.15683345653609,51.45420930729621,549953.0,175009.0
135598.0,Archbishop Sentamu Academy,22.0,924.0,8375.0,241.0,51.0,Urban: Nearer to a major town or city,Yorkshire and the Humber,810,"Kingston upon Hull, City of",E01035464,E02002668,HU9 5YB,-0.2804654820686028,53.75864133904418,513462.0,430512.0
135598.0,Archbishop Sentamu Academy,22.0,924.0,8375.0,241.0,51.0,Urban: Nearer to a major town or city,Yorkshire and the Humber,810,"Kingston upon Hull, City of",E01035464,E02002668,HU9 5YB,-0.2804654820686028,53.75864133904418,513462.0,430512.0
135598.0,Archbishop Sentamu Academy,22.0,924.0,8375.0,241.0,51.0,Urban: Nearer to a major town or city,Yorkshire and the Humber,810,"Kingston upon Hull, City of",E01035464,E02002668,HU9 5YB,-0.2804654820686028,53.75864133904418,513462.0,430512.0
135598.0,Archbishop Sentamu Academy,22.0,924.0,8375.0,241.0,51.0,Urban: Nearer to a major town or city,Yorkshire and the Humber,810,"Kingston upon Hull, City of",E01035464,E02002668,HU9 5YB,-0.2804654820686028,53.75864133904418,513462.0,430512.0
135598.0,Archbishop Sentamu Academy,22.0,924.0,8375.0,241.0,51.0,Urban: Nearer to a major town or city,Yorkshire and the Humber,810,"Kingston upon Hull, City of",E01035464,E02002668,HU9 5YB,-0.2804654820686028,53.75864133904418,513462.0,430512.0
135598.0,Archbishop Sentamu Academy,22.0,924.0,8375.0,241.0,51.0,Urban: Nearer to a major town or city,Yorkshire and the Humber,810,"Kingston upon Hull, City of",E01035464,E02002668,HU9 5YB,-0.2804654820686028,53.75864133904418,513462.0,430512.0
135598.0,Archbishop Sentamu Academy,22.0,924.0,8375.0,241.0,51.0,Urban: Nearer to a major town or city,Yorkshire and the Humber,810,"Kingston upon Hull, City of",E01035464,E02002668,HU9 5YB,-0.2804654820686028,53.75864133904418,513462.0,430512.0
135598.0,Archbishop Sentamu Academy,22.0,924.0,8375.0,241.0,51.0,Urban: Nearer to a major town or city,Yorkshire and the Humber,810,"Kingston upon Hull, City of",E01035464,E02002668,HU9 5YB,-0.2804654820686028,53.75864133904418,513462.0,430512.0
135598.0,Archbishop Sentamu Academy,22.0,924.0,8375.0,241.0,51.0,Urban: Nearer to a major town or city,Yorkshire and the Humber,810,"Kingston upon Hull, City of",E01035464,E02002668,HU9 5YB,-0.2804654820686028,53.75864133904418,513462.0,430512.0
135598.0,Archbishop Sentamu Academy,22.0,924.0,8375.0,241.0,51.0,Urban: Nearer to a major town or city,Yorkshire and the Humber,810,"Kingston upon Hull, City of",E01035464,E02002668,HU9 5YB,-0.2804654820686028,53.75864133904418,513462.0,430512.0
141042.0,Hanham Woods Academy,26.0,957.0,8364.0,162.0,18.0,Urban: Nearer to a major town or city,South West,803,South Gloucestershire,E01014918,E02003120,BS15 3LA,-2.519198313107604,51.443290657087424,364012.0,171717.0
103100.0,Willowfield Humanities College,39.0,958.0,8351.0,110.0,39.0,Urban: Nearer to a major town or city,London,320,Waltham Forest,E01004393,E02000908,E17 6ND,-0.0397542123645539,51.58587979917129,535903.0,189267.0
108727.0,Mortimer Community College,24.0,958.0,8351.0,136.0,46.0,Urban: Nearer to a major town or city,North East,393,South Tyneside,E01008679,E02001772,NE33 4UG,-1.426279634277029,54.98121793108164,436817.0,565329.0
137613.0,Manor School Sports College,27.0,960.0,8342.0,104.0,22.0,Urban: Nearer to a major town or city,East Midlands,940,North Northamptonshire,E01027053,E02005633,NN9 6PA,-0.5309046543347904,52.34284745807173,500178.0,272655.0
137595.0,Epsom and Ewell High School,35.0,960.0,8342.0,138.0,27.0,Urban: Nearer to a major town or city,South East,936,Surrey,E01030399,E02006336,KT19 9JW,-0.2739064753030632,51.36307990669176,520266.0,164082.0
111396.0,"Blacon High School, A Specialist Sports College",35.0,960.0,8342.0,77.0,58.0,Urban: Nearer to a major town or city,North West,896,Cheshire West and Chester,E01018314,E02003799,CH1 5JH,-2.9350431144718736,53.20373884754198,337641.0,367814.0
139318.0,Conyers School,45.0,963.0,8310.0,216.0,19.0,Urban: Nearer to a major town or city,North East,808,Stockton-on-Tees,E01012302,E02002558,TS15 9ET,-1.35018286572537,54.49589645993773,442187.0,511367.0
139656.0,St Michael's Catholic Academy,45.0,963.0,8310.0,157.0,22.0,Urban: Nearer to a major town or city,North East,808,Stockton-on-Tees,E01012216,E02002537,TS23 3DX,-1.27042607189635,54.6136491210833,447217.0,524520.0
142590.0,Immanuel College,29.0,963.0,8310.0,215.0,27.0,Urban: Nearer to a major town or city,Yorkshire and the Humber,380,Bradford,E01010685,E02002199,BD10 9AQ,-1.7268387491330812,53.84133549805861,418072.0,438376.0
137352.0,Shelley College,51.0,963.0,8310.0,331.0,12.0,Smaller rural: Nearer to a major town or city,Yorkshire and the Humber,382,Kirklees,E01011118,E02002326,HD8 8NL,-1.665340587638372,53.59200318623336,422249.0,410653.0
144487.0,Top Valley Academy,14.0,963.0,8310.0,90.0,54.0,Urban: Nearer to a major town or city,East Midlands,892,Nottingham,E01013894,E02002868,NG5 9AZ,-1.1752738237409863,53.00846034680172,455435.0,345999.0
136885.0,Barr Beacon School,46.0,963.0,8310.0,261.0,23.0,Urban: Nearer to a major town or city,West Midlands,335,Walsall,E01010357,E02002148,WS9 0RF,-1.9154528186699464,52.56255577963077,405828.0,296082.0
106523.0,Bedford High School,30.0,963.0,8310.0,123.0,32.0,Urban: Nearer to a major town or city,North West,359,Wigan,E01006246,E02001320,WN7 2LU,-2.490675599340355,53.493768093421586,367544.0,399784.0
118109.0,Baysgarth School,27.0,963.0,8310.0,161.0,27.0,Urban: Nearer to a major town or city,Yorkshire and the Humber,813,North Lincolnshire,E01013258,E02002749,DN18 6AE,-0.4312865820947465,53.68103816411536,503710.0,421649.0
136268.0,Tollbar Academy,44.0,963.0,8310.0,359.0,15.0,Urban: Nearer to a major town or city,Yorkshire and the Humber,812,North East Lincolnshire,E01013171,E02002747,DN36 4RZ,-0.0803006840811062,53.52105654036301,527370.0,404421.0
136389.0,Lavington School,50.0,963.0,8310.0,131.0,22.0,Smaller rural: Further from a major town or city,South West,865,Wiltshire,E01031858,E02006641,SN10 4EB,-1.9896043353945445,51.28662572184203,400821.0,154166.0
110069.0,Garth Hill College,34.0,963.0,8310.0,272.0,20.0,Urban: Nearer to a major town or city,South East,867,Bracknell Forest,E01016238,E02003354,RG42 2AD,-0.746977648824926,51.419667639057266,487225.0,169706.0
136911.0,Royal Wootton Bassett Academy,54.0,963.0,8310.0,281.0,12.0,Urban: Nearer to a major town or city,South West,865,Wiltshire,E01031963,E02006649,SN4 7HG,-1.9025562777631704,51.5480759656855,406853.0,183247.0
136735.0,St Edward's College,55.0,963.0,8310.0,159.0,21.0,Urban: Nearer to a major town or city,North West,341,Liverpool,E01006621,E02001367,L12 1LF,-2.9102861372747433,53.424827092022525,339608.0,392388.0
136309.0,Kingsdale Foundation School,62.0,963.0,8310.0,260.0,27.0,Urban: Nearer to a major town or city,London,210,Southwark,E01003946,E02000839,SE21 8SQ,-0.0849914447469198,51.43232111713834,533216.0,172108.0
136606.0,Rickmansworth School,64.0,963.0,8310.0,187.0,10.0,Urban: Nearer to a major town or city,East of England,919,Hertfordshire,E01023826,E02004961,WD3 3AQ,-0.4553844446035793,51.644925013953205,506971.0,195143.0
126473.0,St Joseph's Catholic School,51.0,963.0,8310.0,72.0,19.0,Urban: Further from a major town or city,South West,865,Wiltshire,E01032012,E02006672,SP1 1QY,-1.770485943498378,51.08121271911352,416173.0,131347.0
137696.0,Framwellgate School Durham,41.0,963.0,8310.0,152.0,16.0,Urban: Nearer to a major town or city,North East,840,County Durham,E01020711,E02004309,DH1 5BQ,-1.585203820194101,54.797185041772416,426767.0,544778.0
136770.0,King James I Academy Bishop Auckland,23.0,963.0,8310.0,107.0,38.0,Urban: Nearer to a major town or city,North East,840,County Durham,E01020868,E02004352,DL14 7JZ,-1.6701338422633225,54.66057066800202,421378.0,529547.0
137612.0,Range High School,55.0,963.0,8310.0,153.0,14.0,Urban: Nearer to a major town or city,North West,343,Sefton,E01006993,E02001443,L37 2YN,-3.080976374361594,53.54470895914324,328468.0,405883.0
136383.0,Bodmin College,25.0,963.0,8310.0,210.0,30.0,Urban: Further from a major town or city,South West,908,Cornwall,E01018934,E02003941,PL31 1DD,-4.711262657456137,50.459746951182595,207658.0,65727.0
137464.0,John Whitgift Academy,40.0,963.0,8310.0,88.0,47.0,Urban: Nearer to a major town or city,Yorkshire and the Humber,812,North East Lincolnshire,E01013145,E02002729,DN37 9EH,-0.1335541963959981,53.571404870847566,523693.0,409928.0
139294.0,Copley Academy,17.0,963.0,8310.0,135.0,42.0,Urban: Nearer to a major town or city,North West,357,Tameside,E01006069,E02001237,SK15 3RR,-2.038329341043454,53.48662711250884,397554.0,398878.0
108088.0,Wetherby High School,32.0,963.0,8310.0,114.0,15.0,Urban: Nearer to a major town or city,Yorkshire and the Humber,383,Leeds,E01011705,E02002331,LS22 6JS,-1.3807191580204423,53.92962501727152,440761.0,448342.0
140103.0,Hastings High School,65.0,963.0,8310.0,167.0,10.0,Urban: Nearer to a major town or city,East Midlands,855,Leicestershire,E01025827,E02005389,LE10 2QE,-1.3564542469680592,52.53558775253165,443748.0,293273.0
138831.0,Winterton Community Academy,25.0,963.0,8310.0,87.0,28.0,Larger rural: Nearer to a major town or city,Yorkshire and the Humber,813,North Lincolnshire,E01013288,E02002751,DN15 9QD,-0.5978405279818092,53.65914949895129,492758.0,418984.0
136728.0,Norton College,42.0,963.0,8310.0,108.0,24.0,Urban: Further from a major town or city,Yorkshire and the Humber,815,North Yorkshire,E01027791,E02007045,YO17 9PT,-0.7829922017907351,54.12555821432875,479633.0,470649.0
105101.0,Pensby High School,33.0,963.0,8310.0,152.0,25.0,Urban: Nearer to a major town or city,North West,344,Wirral,E01007288,E02001503,CH61 6XN,-3.1136979610827176,53.34331563450176,325950.0,383512.0
139151.0,Gordon's School,64.0,963.0,8310.0,119.0,3.0,Urban: Nearer to a major town or city,South East,936,Surrey,E01030807,E02006421,GU24 9PT,-0.6465370206855622,51.34357279750705,494365.0,161368.0
139368.0,Wade Deacon High School,50.0,963.0,8310.0,303.0,24.0,Urban: Nearer to a major town or city,North West,876,Halton,E01012426,E02002578,WA8 7TD,-2.7350587213505704,53.37520286627469,351195.0,386733.0
137849.0,St Alban's Catholic High School,38.0,963.0,8310.0,154.0,25.0,Urban: Nearer to a major town or city,East of England,935,Suffolk,E01029963,E02006253,IP4 3NJ,1.1999349879569567,52.06326692633882,619441.0,245374.0
135886.0,Northumberland CofE Academy,16.0,963.0,8310.0,126.0,50.0,Urban: Nearer to a major town or city,North East,929,Northumberland,E01027549,E02005736,NE63 9FZ,-1.5457507593265918,55.17620655542543,429030.0,586972.0
122363.0,James Calvert Spence College,25.0,963.0,8310.0,84.0,31.0,Larger rural: Further from a major town or city,North East,929,Northumberland,E01027364,E02005704,NE65 0NG,-1.5944440993200033,55.32736507408207,425831.0,603775.0
137009.0,Rivers Academy West London,31.0,963.0,8310.0,127.0,37.0,Urban: Nearer to a major town or city,London,313,Hounslow,E01002590,E02000547,TW14 9PE,-0.420854653473328,51.45291942583217,509821.0,173842.0
140865.0,The McAuley Catholic High School,44.0,963.0,8310.0,269.0,19.0,Urban: Nearer to a major town or city,Yorkshire and the Humber,371,Doncaster,E01007603,E02001564,DN3 3QF,-1.059926399601995,53.50822742901915,462444.0,401691.0
138162.0,Castle Manor Academy,38.0,963.0,8310.0,114.0,26.0,Urban: Further from a major town or city,East of England,935,Suffolk,E01030110,E02006284,CB9 9JE,0.4279534553028062,52.085555485289355,566450.0,245802.0
111430.0,Culcheth High School,56.0,963.0,8310.0,202.0,14.0,Urban: Nearer to a major town or city,North West,877,Warrington,E01012476,E02002590,WA3 5HH,-2.5108361027655546,53.454250750281645,366175.0,395397.0
137692.0,Forest Academy,38.0,963.0,8310.0,141.0,35.0,Urban: Nearer to a major town or city,London,317,Redbridge,E01003722,E02000752,IG6 3TN,0.1150614706616986,51.60877596202891,546554.0,192112.0
116453.0,Redbridge Community School,30.0,963.0,8310.0,181.0,54.0,Urban: Nearer to a major town or city,South East,852,Southampton,E01017240,E02003560,SO16 9RJ,-1.466621303402135,50.92259334773304,437586.0,113818.0
126094.0,St Andrew's CofE High School for Boys,37.0,963.0,8310.0,175.0,13.0,Urban: Nearer to a major town or city,South East,938,West Sussex,E01031780,E02006625,BN14 8BG,-0.3671724629822503,50.82218628079369,515107.0,103787.0
111457.0,Saints Peter and Paul Catholic College,23.0,963.0,8310.0,264.0,37.0,Urban: Nearer to a major town or city,North West,876,Halton,E01012426,E02002578,WA8 7DW,-2.7408030305246793,53.37360326662323,350811.0,386559.0
137703.0,Queen Elizabeth Humanities College,32.0,963.0,8310.0,73.0,21.0,Larger rural: Nearer to a major town or city,West Midlands,884,"Herefordshire, County of",E01014002,E02002909,HR7 4QS,-2.519248340763638,52.18463563996928,364596.0,254169.0
135677.0,Harris Academy Falconwood,51.0,963.0,8310.0,170.0,18.0,Urban: Nearer to a major town or city,London,303,Bexley,E01000410,E02000082,DA16 2PE,0.0883539508445672,51.457823472866856,545184.0,175273.0
136185.0,Ormiston Bolingbroke Academy,33.0,963.0,8310.0,126.0,67.0,Urban: Nearer to a major town or city,North West,876,Halton,E01012438,E02002587,WA7 6EP,-2.6717116300831756,53.31949381616475,355351.0,380494.0
138318.0,Neston High School,27.0,963.0,8310.0,247.0,20.0,Urban: Nearer to a major town or city,North West,896,Cheshire West and Chester,E01018535,E02003841,CH64 9NH,-3.055052007444939,53.296844628727065,329778.0,378283.0
136347.0,John Henry Newman Catholic College,38.0,963.0,8310.0,175.0,44.0,Urban: Nearer to a major town or city,West Midlands,334,Solihull,E01010142,E02002087,B37 5GA,-1.7524573007880375,52.48415951979339,416907.0,287387.0
136322.0,Samuel Ward Academy,33.0,963.0,8310.0,196.0,15.0,Urban: Further from a major town or city,East of England,935,Suffolk,E01030108,E02006286,CB9 0LD,0.4474320876147605,52.089397178405456,567770.0,246274.0
123893.0,Wadham School,38.0,963.0,8310.0,149.0,17.0,Larger rural: Further from a major town or city,South West,933,Somerset,E01029184,E02006095,TA18 7NT,-2.7852567381041435,50.88838159249919,344862.0,110172.0
109690.0,Biddenham International School and Sports College,34.0,963.0,8310.0,172.0,32.0,Urban: Nearer to a major town or city,East of England,822,Bedford,E01017460,E02003623,MK40 4AZ,-0.4969367407953902,52.136755002217534,502967.0,249781.0
137886.0,Stratton Upper School,28.0,963.0,8310.0,258.0,17.0,Urban: Nearer to a major town or city,East of England,823,Central Bedfordshire,E01033808,E02003604,SG18 8JB,-0.2501691415805133,52.086648768811195,519989.0,244587.0
102449.0,Oak Wood School,48.0,963.0,8310.0,58.0,33.0,Urban: Nearer to a major town or city,London,312,Hillingdon,E01002453,E02000507,UB10 9HT,-0.4469317529411841,51.53736440890926,507810.0,183194.0
137462.0,Cedars Upper School,46.0,963.0,8310.0,305.0,15.0,Urban: Nearer to a major town or city,East of England,823,Central Bedfordshire,E01017591,E02003640,LU7 2AE,-0.6741421891691003,51.90709252260958,491305.0,224002.0
119792.0,St Bede's Catholic High School,63.0,963.0,8310.0,129.0,16.0,Urban: Nearer to a major town or city,North West,888,Lancashire,E01025500,E02005310,L39 4TA,-2.8948031232730544,53.56315448939446,340830.0,407764.0
137921.0,Gillotts School,69.0,963.0,8310.0,157.0,10.0,Urban: Nearer to a major town or city,South East,931,Oxfordshire,E01028656,E02005974,RG9 1PS,-0.921362808085516,51.524801221965106,474927.0,181205.0
141343.0,Ounsdale High School,41.0,963.0,8310.0,140.0,16.0,Urban: Nearer to a major town or city,West Midlands,860,Staffordshire,E01029674,E02006186,WV5 8BJ,-2.1965600532752183,52.535649683395825,386764.0,293104.0
136824.0,St Peter's Academy,25.0,1017.0,8297.0,165.0,30.0,Urban: Nearer to a major town or city,West Midlands,861,Stoke-on-Trent,E01014276,E02002970,ST4 2RR,-2.1690368511362017,53.004831180058616,388754.0,345291.0
137704.0,Otley Prince Henry's Grammar School Specialist Language College,53.0,1017.0,8297.0,224.0,16.0,Urban: Nearer to a major town or city,Yorkshire and the Humber,383,Leeds,E01011583,E02002332,LS21 2BB,-1.6938566285226346,53.912700737003554,420208.0,446325.0
138098.0,Moseley Park,26.0,1017.0,8297.0,85.0,55.0,Urban: Nearer to a major town or city,West Midlands,336,Wolverhampton,E01010417,E02002171,WV14 6LU,-2.0717695407507937,52.57589588828895,395233.0,297565.0
139891.0,St Edmunds Catholic Academy,41.0,1017.0,8297.0,146.0,27.0,Urban: Nearer to a major town or city,West Midlands,336,Wolverhampton,E01010504,E02002169,WV3 9DU,-2.162190133516615,52.59035160605446,389109.0,299183.0
101934.0,The Cardinal Wiseman Catholic School,65.0,1017.0,8297.0,292.0,16.0,Urban: Nearer to a major town or city,London,307,Ealing,E01001261,E02000249,UB6 9AW,-0.3519994884707075,51.525224336240434,514424.0,181988.0
133405.0,Oaks Park High School,48.0,1017.0,8297.0,237.0,32.0,Urban: Nearer to a major town or city,London,317,Redbridge,E01003642,E02000763,IG2 7PQ,0.0915994724283011,51.57846756434691,545026.0,188695.0
139348.0,The Castle School,55.0,1017.0,8297.0,247.0,9.0,Urban: Nearer to a major town or city,South West,803,South Gloucestershire,E01014987,E02003090,BS35 1HT,-2.5241652655471385,51.615423261035225,363804.0,190863.0
107775.0,Westborough High School,21.0,1017.0,8297.0,176.0,47.0,Urban: Nearer to a major town or city,Yorkshire and the Humber,382,Kirklees,E01011136,E02002286,WF13 2JE,-1.6478497442628923,53.69338400176155,423351.0,421938.0
130908.0,Macmillan Academy,58.0,1017.0,8297.0,225.0,24.0,Urban: Nearer to a major town or city,North East,806,Middlesbrough,E01012014,E02002503,TS5 4AG,-1.263896157156558,54.56613191078469,447694.0,519237.0
137621.0,Sheringham High School,45.0,1017.0,8297.0,110.0,28.0,Larger rural: Further from a major town or city,East of England,926,Norfolk,E01026772,E02005570,NR26 8ND,1.1981817932558456,52.93629624488004,615019.0,342440.0
104715.0,St John Bosco Arts College,29.0,1017.0,8297.0,108.0,63.0,Urban: Nearer to a major town or city,North West,341,Liverpool,E01006664,E02001350,L11 9DQ,-2.911622939647837,53.45144157164327,339557.0,395350.0
139139.0,All Hallows Catholic College,46.0,1017.0,8297.0,182.0,14.0,Urban: Nearer to a major town or city,North West,895,Cheshire East,E01018632,E02003869,SK11 8LB,-2.141442072343158,53.25645070170162,390661.0,373279.0
140366.0,Ernesford Grange Community Academy,29.0,1017.0,8297.0,87.0,47.0,Urban: Nearer to a major town or city,West Midlands,331,Coventry,E01032528,E02001992,CV3 2QD,-1.4586624001418984,52.395574812162494,436932.0,277642.0
136668.0,Lipson Co-operative Academy,27.0,1017.0,8297.0,168.0,39.0,Urban: Nearer to a major town or city,South West,879,Plymouth,E01015060,E02003142,PL4 7PG,-4.1190056947914915,50.381360693219435,249442.0,55645.0
136341.0,Lampton Academy,49.0,1017.0,8297.0,207.0,33.0,Urban: Nearer to a major town or city,London,313,Hounslow,E01002628,E02000536,TW3 4EP,-0.3679155819435878,51.47721135795996,513439.0,176624.0
139292.0,Caludon Castle School,38.0,1017.0,8297.0,233.0,17.0,Urban: Nearer to a major town or city,West Midlands,331,Coventry,E01009713,E02001976,CV2 5BD,-1.4523037922782494,52.41422749356469,437349.0,279720.0
136538.0,"Trinity Church of England School, Belvedere",43.0,1017.0,8297.0,170.0,19.0,Urban: Nearer to a major town or city,London,303,Bexley,E01000406,E02000069,DA17 6HT,0.1611916879223232,51.486108150771415,550151.0,178565.0
137844.0,Barnhill Community High School,44.0,1017.0,8297.0,230.0,50.0,Urban: Nearer to a major town or city,London,312,Hillingdon,E01002393,E02000513,UB4 9LE,-0.3988706644449422,51.53041455237385,511160.0,182493.0
139334.0,Firth Park Academy,28.0,1017.0,8297.0,163.0,57.0,Urban: Nearer to a major town or city,Yorkshire and the Humber,373,Sheffield,E01007857,E02001620,S5 0SD,-1.4456494567246905,53.42576483624394,436934.0,392249.0
143112.0,Beckfoot Oakbank,18.0,1017.0,8297.0,254.0,33.0,Urban: Nearer to a major town or city,Yorkshire and the Humber,380,Bradford,E01010715,E02002194,BD22 7DU,-1.926828722896998,53.85452035872874,404911.0,439811.0
131895.0,Sheffield Park Academy,34.0,1037.0,8275.0,140.0,60.0,Urban: Nearer to a major town or city,Yorkshire and the Humber,373,Sheffield,E01008017,E02001649,S2 1SN,-1.4180105717711804,53.37454202249637,438817.0,386565.0
141992.0,Cardinal Wiseman Catholic School,37.0,1038.0,8221.0,208.0,36.0,Urban: Nearer to a major town or city,West Midlands,331,Coventry,E01009579,E02001964,CV2 2AJ,-1.452974081449457,52.43615758214987,437285.0,282159.0
137622.0,Carmel College,73.0,1038.0,8221.0,191.0,17.0,Urban: Nearer to a major town or city,North East,841,Darlington,E01012337,E02002569,DL3 8RW,-1.5861744443341486,54.52469442954888,426883.0,514456.0
141712.0,Ridgewood High School,29.0,1038.0,8221.0,144.0,28.0,Urban: Nearer to a major town or city,West Midlands,332,Dudley,E01009847,E02002037,DY8 3NQ,-2.1737996224817944,52.45793090110698,388287.0,284455.0
136085.0,Bedford Academy,24.0,1038.0,8221.0,215.0,43.0,Urban: Nearer to a major town or city,East of England,822,Bedford,E01017476,E02003630,MK42 9TR,-0.4529517832488755,52.11867098096472,506020.0,247833.0
137679.0,Icknield High School,38.0,1038.0,8221.0,274.0,27.0,Urban: Nearer to a major town or city,East of England,821,Luton,E01015745,E02003264,LU3 2AH,-0.4278837298672089,51.90788104922137,508243.0,224427.0
136343.0,Garforth Academy,52.0,1038.0,8221.0,297.0,17.0,Urban: Nearer to a major town or city,Yorkshire and the Humber,383,Leeds,E01011402,E02002416,LS25 1LJ,-1.3910928197849814,53.78684931758771,440216.0,432451.0
135337.0,The Chalk Hills Academy,31.0,1038.0,8221.0,257.0,35.0,Urban: Nearer to a major town or city,East of England,821,Luton,E01015761,E02003266,LU4 0NE,-0.4893882505668193,51.896754583331834,504038.0,223100.0
135338.0,The Stockwood Park Academy,25.0,1038.0,8221.0,220.0,41.0,Urban: Nearer to a major town or city,East of England,821,Luton,E01015736,E02003277,LU1 5PP,-0.435645890789573,51.86944616938806,507801.0,220141.0
103503.0,Hodge Hill College,34.0,1038.0,8221.0,221.0,56.0,Urban: Nearer to a major town or city,West Midlands,330,Birmingham,E01009082,E02001870,B36 8HB,-1.8205080353861585,52.50158771177485,412281.0,289312.0
139455.0,Church Stretton School,48.0,1038.0,8221.0,135.0,14.0,Larger rural: Nearer to a major town or city,West Midlands,893,Shropshire,E01028997,E02006042,SY6 6EX,-2.8051120245270615,52.54480585117783,345498.0,294409.0
117504.0,Fearnhill School,22.0,1038.0,8221.0,94.0,24.0,Urban: Nearer to a major town or city,East of England,919,Hertfordshire,E01023650,E02004915,SG6 4BA,-0.2474337180890528,51.97636757083284,520472.0,232327.0
138460.0,Teddington School,66.0,1038.0,8221.0,237.0,12.0,Urban: Nearer to a major town or city,London,318,Richmond upon Thames,E01003837,E02000805,TW11 9PJ,-0.3122254625182029,51.4226661201084,517446.0,170646.0
116941.0,Earl Mortimer College and Sixth Form Centre,29.0,1038.0,8221.0,92.0,32.0,Urban: Further from a major town or city,West Midlands,884,"Herefordshire, County of",E01014048,E02002907,HR6 8JJ,-2.738075935643155,52.22246071523837,349678.0,258506.0
131896.0,Sheffield Springs Academy,31.0,1038.0,8221.0,135.0,53.0,Urban: Nearer to a major town or city,Yorkshire and the Humber,373,Sheffield,E01008003,E02001664,S12 2SF,-1.4320822383431937,53.35738757212844,437896.0,384649.0
136184.0,The Winsford Academy,22.0,1038.0,8221.0,169.0,47.0,Urban: Further from a major town or city,North West,896,Cheshire West and Chester,E01018746,E02003888,CW7 2BT,-2.5358589253618664,53.19514630500039,364297.0,366584.0
136633.0,Castleford Academy,42.0,1038.0,8221.0,210.0,29.0,Urban: Nearer to a major town or city,Yorkshire and the Humber,384,Wakefield,E01011753,E02002439,WF10 4JQ,-1.343124866538907,53.72493853208049,443440.0,425591.0
136994.0,Alderbrook School,51.0,1038.0,8221.0,245.0,14.0,Urban: Nearer to a major town or city,West Midlands,334,Solihull,E01010191,E02002102,B91 1SN,-1.7973013485185214,52.406193612503955,413886.0,278705.0
136119.0,Enterprise South Liverpool Academy,19.0,1038.0,8221.0,109.0,62.0,Urban: Nearer to a major town or city,North West,341,Liverpool,E01006743,E02001404,L19 5NY,-2.889096760702942,53.35482847185877,340919.0,384583.0
136826.0,Leeds East Academy,19.0,1038.0,8221.0,110.0,59.0,Urban: Nearer to a major town or city,Yorkshire and the Humber,383,Leeds,E01011663,E02002379,LS14 6HA,-1.461734093387243,53.8151308856175,435538.0,435560.0
136543.0,The Bishops' Blue Coat Church of England High School,52.0,1038.0,8221.0,176.0,17.0,Urban: Nearer to a major town or city,North West,896,Cheshire West and Chester,E01018321,E02003806,CH3 5XF,-2.8663662310619347,53.18425702315456,342202.0,365589.0
135874.0,Manchester Enterprise Academy,18.0,1038.0,8221.0,107.0,63.0,Urban: Nearer to a major town or city,North West,352,Manchester,E01005090,E02001094,M22 9RH,-2.2707816675587966,53.38107888165592,382085.0,387169.0
142130.0,Humber UTC,33.0,1038.0,8221.0,78.0,31.0,Urban: Nearer to a major town or city,Yorkshire and the Humber,813,North Lincolnshire,E01013331,E02002755,DN15 6TA,-0.6423194880770473,53.5916521792304,489962.0,411418.0
135674.0,The St Lawrence Academy,43.0,1038.0,8221.0,142.0,25.0,Urban: Nearer to a major town or city,Yorkshire and the Humber,813,North Lincolnshire,E01013298,E02002756,DN15 7DF,-0.66602124410087,53.59082204865047,488395.0,411296.0
137858.0,Hall Green School,45.0,1038.0,8221.0,174.0,34.0,Urban: Nearer to a major town or city,West Midlands,330,Birmingham,E01009046,E02001923,B28 0AA,-1.8489240011544197,52.43293480719398,410368.0,281671.0
136310.0,"Tudor Grange Academy, Solihull",76.0,1038.0,8221.0,242.0,7.0,Urban: Nearer to a major town or city,West Midlands,334,Solihull,E01010191,E02002102,B91 3PD,-1.7930166466881725,52.40455900352719,414178.0,278524.0
137884.0,Clevedon School,37.0,1038.0,8221.0,197.0,11.0,Urban: Nearer to a major town or city,South West,802,North Somerset,E01014752,E02003069,BS21 6AH,-2.8427327275840697,51.446626221749895,341531.0,172297.0
137447.0,Lincoln Christ's Hospital School,38.0,1038.0,8221.0,203.0,26.0,Urban: Nearer to a major town or city,East Midlands,925,Lincolnshire,E01026154,E02005445,LN2 4PN,-0.5216184199399105,53.23953749353691,498762.0,372407.0
140032.0,Stoke High School - Ormiston Academy,27.0,1065.0,8193.0,129.0,29.0,Urban: Nearer to a major town or city,East of England,935,Suffolk,E01029969,E02006256,IP2 8PL,1.1490495178069342,52.04311622292993,616051.0,242981.0
142317.0,Highfields School,48.0,1066.0,8139.0,244.0,30.0,Urban: Nearer to a major town or city,West Midlands,336,Wolverhampton,E01010491,E02002176,WV4 4NT,-2.1771169300716746,52.56561694152343,388091.0,296434.0
111424.0,Bishop Heber High School,46.0,1066.0,8139.0,195.0,12.0,Larger rural: Nearer to a major town or city,North West,896,Cheshire West and Chester,E01018357,E02003810,SY14 8JD,-2.760527194240123,53.02980835157137,349092.0,348327.0
139210.0,Outwood Academy Carlton,50.0,1066.0,8139.0,145.0,41.0,Urban: Nearer to a major town or city,Yorkshire and the Humber,370,Barnsley,E01007436,E02001510,S71 3EW,-1.448246867371464,53.58799170315616,436622.0,410296.0
142166.0,Waingels College,50.0,1066.0,8139.0,222.0,13.0,Urban: Nearer to a major town or city,South East,872,Wokingham,E01016622,E02003442,RG5 4RF,-0.8894791947893466,51.46490455175245,477240.0,174577.0
111454.0,St Gregory's Catholic High School,53.0,1066.0,8139.0,173.0,10.0,Urban: Nearer to a major town or city,North West,877,Warrington,E01012497,E02002605,WA5 1HG,-2.620928123533914,53.39094299319623,358803.0,388412.0
137968.0,Redmoor Academy,31.0,1066.0,8139.0,150.0,20.0,Urban: Nearer to a major town or city,East Midlands,855,Leicestershire,E01025864,E02005384,LE10 0EP,-1.385847565742142,52.5517639283743,441739.0,295055.0
137855.0,Hinchley Wood School,69.0,1066.0,8139.0,208.0,13.0,Urban: Nearer to a major town or city,South East,936,Surrey,E01030319,E02006325,KT10 0AQ,-0.3318932284400285,51.378604829814954,516190.0,165715.0
136998.0,Bungay High School,30.0,1066.0,8139.0,184.0,21.0,Larger rural: Further from a major town or city,East of England,935,Suffolk,E01030232,E02006314,NR35 1RW,1.4432673741991533,52.44540812599819,634095.0,288623.0
136782.0,Thomas Mills High School,54.0,1066.0,8139.0,162.0,10.0,Larger rural: Further from a major town or city,East of England,935,Suffolk,E01030172,E02006288,IP13 9HE,1.3281754114564974,52.22823996204472,627387.0,264111.0
136803.0,John Masefield High School,58.0,1066.0,8139.0,146.0,18.0,Larger rural: Further from a major town or city,West Midlands,884,"Herefordshire, County of",E01014037,E02002923,HR8 2HF,-2.423281397594703,52.03174528607813,371058.0,237121.0
113512.0,South Molton Community College,50.0,1066.0,8139.0,115.0,17.0,Larger rural: Further from a major town or city,South West,878,Devon,E01020135,E02004187,EX36 4LA,-3.8340202635501894,51.0126017141048,271441.0,125293.0
140867.0,The English Martyrs School and Sixth Form College,48.0,1066.0,8139.0,217.0,26.0,Urban: Nearer to a major town or city,North East,805,Hartlepool,E01011981,E02002491,TS25 4HA,-1.2364708805917572,54.67554720695398,449335.0,531431.0
141342.0,Kinver High School and Sixth Form,29.0,1066.0,8139.0,82.0,10.0,Larger rural: Nearer to a major town or city,West Midlands,860,Staffordshire,E01029650,E02006187,DY7 6AA,-2.231200575210274,52.453247561669805,384385.0,283945.0
111748.0,High Tunstall College of Science,32.0,1066.0,8139.0,194.0,32.0,Urban: Nearer to a major town or city,North East,805,Hartlepool,E01011982,E02006909,TS26 0LQ,-1.2478554063293763,54.68802915515288,448586.0,532812.0
139606.0,All Saints Academy,60.0,1066.0,8139.0,134.0,13.0,Urban: Nearer to a major town or city,North East,808,Stockton-on-Tees,E01033474,E02007062,TS17 5BL,-1.3206950301597922,54.518175398481496,444073.0,513864.0
143063.0,Egglescliffe School,58.0,1066.0,8139.0,237.0,11.0,Urban: Nearer to a major town or city,North East,808,Stockton-on-Tees,E01012201,E02002555,TS16 0LA,-1.3598364287493183,54.516384846491135,441541.0,513641.0
136631.0,Swakeleys School for Girls,46.0,1066.0,8139.0,172.0,32.0,Urban: Nearer to a major town or city,London,312,Hillingdon,E01002456,E02000510,UB10 0EJ,-0.4450446223643047,51.53731242101384,507941.0,183191.0
142058.0,Sewell Park Academy,22.0,1066.0,8139.0,106.0,40.0,Urban: Nearer to a major town or city,East of England,926,Norfolk,E01026843,E02005586,NR3 4BX,1.2980471771925086,52.64699211845674,623204.0,310576.0
139403.0,Ormiston Denes Academy,30.0,1066.0,8139.0,161.0,50.0,Urban: Further from a major town or city,East of England,935,Suffolk,E01030262,E02006303,NR32 4AH,1.7486962534620552,52.48980408506752,654588.0,294592.0
140188.0,Hethersett Academy,67.0,1066.0,8139.0,123.0,14.0,Larger rural: Nearer to a major town or city,East of England,926,Norfolk,E01026907,E02005599,NR9 3DB,1.183380898893853,52.599605351491995,615682.0,304958.0
107782.0,All Saints Catholic College Specialist in Humanities,39.0,1066.0,8139.0,122.0,34.0,Urban: Nearer to a major town or city,Yorkshire and the Humber,382,Kirklees,E01011102,E02002292,HD2 2JT,-1.7713106364359272,53.67800816233868,415204.0,420194.0
136278.0,The Fallibroome Academy,60.0,1066.0,8139.0,234.0,13.0,Urban: Nearer to a major town or city,North West,895,Cheshire East,E01018618,E02003867,SK10 4AF,-2.1616991952315616,53.27003370626884,389313.0,374793.0
136634.0,West Park School,49.0,1066.0,8139.0,237.0,20.0,Urban: Nearer to a major town or city,East Midlands,831,Derby,E01013596,E02002805,DE21 7BT,-1.4128646640277465,52.921791653424116,439572.0,336201.0
137976.0,Langtree School,53.0,1066.0,8139.0,109.0,12.0,Larger rural: Nearer to a major town or city,South East,931,Oxfordshire,E01028686,E02005975,RG8 0RA,-1.0682514855592735,51.532973655749714,464725.0,181974.0
140703.0,Burnage Academy for Boys,41.0,1066.0,8139.0,173.0,45.0,Urban: Nearer to a major town or city,North West,352,Manchester,E01005119,E02001085,M19 1ER,-2.205356611513429,53.42788705968971,386452.0,392362.0
136628.0,The West Bridgford School,77.0,1066.0,8139.0,223.0,5.0,Urban: Nearer to a major town or city,East Midlands,891,Nottinghamshire,E01028392,E02005912,NG2 7FA,-1.1398014142981507,52.919258906029015,457934.0,336104.0
135964.0,Strood Academy,19.0,1066.0,8139.0,210.0,28.0,Urban: Nearer to a major town or city,South East,887,Medway,E01016155,E02003321,ME2 2SX,0.4658634542178169,51.396420614769205,571638.0,169261.0
119813.0,Baines School,40.0,1066.0,8139.0,161.0,9.0,Urban: Nearer to a major town or city,North West,888,Lancashire,E01025569,E02005332,FY6 8BE,-2.994256635726916,53.83645439135879,334668.0,438257.0
137687.0,Sittingbourne Community College,15.0,1066.0,8139.0,179.0,42.0,Urban: Nearer to a major town or city,South East,886,Kent,E01024600,E02005125,ME10 4NL,0.756551831237656,51.3327942670786,592123.0,162907.0
136896.0,Rossett School,49.0,1066.0,8139.0,213.0,18.0,Urban: Nearer to a major town or city,Yorkshire and the Humber,815,North Yorkshire,E01027719,E02005780,HG2 9JP,-1.5524846154822252,53.97612497099984,429450.0,453431.0
136736.0,South Craven School,40.0,1066.0,8139.0,265.0,11.0,Urban: Nearer to a major town or city,Yorkshire and the Humber,815,North Yorkshire,E01027565,E02005749,BD20 7RL,-1.98887255596475,53.89971491387337,400829.0,444837.0
136544.0,Manor Church of England Academy Trust,66.0,1066.0,8139.0,177.0,11.0,Urban: Nearer to a major town or city,Yorkshire and the Humber,816,York,E01013422,E02002782,YO26 6PA,-1.1371759549085194,53.974897525343984,456691.0,453546.0
142063.0,Prince William School,49.0,1066.0,8139.0,190.0,13.0,Larger rural: Nearer to a major town or city,East Midlands,940,North Northamptonshire,E01027049,E02005630,PE8 4BS,-0.4618878332514978,52.477050233037865,504562.0,287679.0
138841.0,King Ecgbert School,60.0,1066.0,8139.0,189.0,24.0,Urban: Nearer to a major town or city,Yorkshire and the Humber,373,Sheffield,E01007923,E02001678,S17 3QU,-1.5366334228447638,53.320606999940345,430964.0,380507.0
118112.0,Sir John Nelthorpe School,51.0,1066.0,8139.0,83.0,20.0,Larger rural: Nearer to a major town or city,Yorkshire and the Humber,813,North Lincolnshire,E01013273,E02002759,DN20 8AA,-0.4895100399637043,53.554223228358595,500164.0,407458.0
118097.0,Frederick Gough School,46.0,1066.0,8139.0,238.0,22.0,Urban: Nearer to a major town or city,Yorkshire and the Humber,813,North Lincolnshire,E01013263,E02002766,DN16 3NG,-0.640989473472958,53.560076363340926,490117.0,407907.0
137453.0,The Vale Academy,45.0,1066.0,8139.0,139.0,22.0,Larger rural: Nearer to a major town or city,Yorkshire and the Humber,813,North Lincolnshire,E01013272,E02002759,DN20 8AR,-0.4925183204198105,53.55920527814036,499953.0,408008.0
116437.0,Horndean Technology College,43.0,1066.0,8139.0,225.0,16.0,Urban: Nearer to a major town or city,South East,850,Hampshire,E01022614,E02004710,PO8 9PQ,-1.0083373723112763,50.913801035807,469810.0,113173.0
104964.0,Christ The King Catholic High School and Sixth Form Centre,41.0,1066.0,8139.0,172.0,26.0,Urban: Nearer to a major town or city,North West,343,Sefton,E01006929,E02001438,PR8 4EX,-3.002199877162753,53.626517747112445,333816.0,414908.0
140759.0,St George's School A Church of England Academy,24.0,1066.0,8139.0,186.0,31.0,Urban: Nearer to a major town or city,North West,890,Blackpool,E01012688,E02002646,FY4 4PH,-3.014873807762219,53.797874425860456,333250.0,433984.0
136972.0,Queen Elizabeth's Grammar School,56.0,1066.0,8139.0,189.0,15.0,Larger rural: Nearer to a major town or city,East Midlands,830,Derbyshire,E01019594,E02004076,DE6 1EP,-1.7293603722613229,53.022021035246595,418251.0,347224.0
136992.0,Longsands Academy,41.0,1066.0,8139.0,288.0,18.0,Urban: Nearer to a major town or city,East of England,873,Cambridgeshire,E01018190,E02003771,PE19 1LQ,-0.252059119911697,52.232439383296494,519469.0,260798.0
110048.0,The Willink School,57.0,1066.0,8139.0,166.0,14.0,Larger rural: Nearer to a major town or city,South East,869,West Berkshire,E01016267,E02003381,RG7 3XJ,-1.0704247220149763,51.39644012754435,464767.0,166788.0
137192.0,Whitstone,30.0,1066.0,8139.0,80.0,16.0,Larger rural: Further from a major town or city,South West,933,Somerset,E01029064,E02006052,BA4 5PF,-2.5417488749143304,51.18908447442305,362236.0,143458.0
136333.0,Arden,67.0,1066.0,8139.0,241.0,8.0,Urban: Nearer to a major town or city,West Midlands,334,Solihull,E01010152,E02002106,B93 0PT,-1.7382878957941257,52.38520308898191,417909.0,276383.0
137449.0,Holmes Chapel Comprehensive School,68.0,1066.0,8139.0,209.0,10.0,Larger rural: Nearer to a major town or city,North West,895,Cheshire East,E01018414,E02003812,CW4 7DX,-2.3690246027417645,53.196932315465126,375444.0,366712.0
136453.0,Ipswich Academy,36.0,1066.0,8139.0,106.0,42.0,Urban: Nearer to a major town or city,East of England,935,Suffolk,E01033128,E02006258,IP3 0SP,1.1865355570852298,52.03022615488117,618684.0,241660.0
138148.0,Hartford Church of England High School,34.0,1066.0,8139.0,160.0,23.0,Urban: Nearer to a major town or city,North West,896,Cheshire West and Chester,E01018691,E02003883,CW8 1LH,-2.538639004960919,53.2485645950302,364156.0,372528.0
140922.0,Idsall School,42.0,1066.0,8139.0,211.0,14.0,Larger rural: Nearer to a major town or city,West Midlands,893,Shropshire,E01028853,E02006008,TF11 8PD,-2.3660776007547883,52.672233271445855,375343.0,308342.0
140697.0,Admiral Lord Nelson School,35.0,1066.0,8139.0,199.0,26.0,Urban: Nearer to a major town or city,South East,851,Portsmouth,E01017047,E02003531,PO3 5XT,-1.0514676542187684,50.81789020490933,466915.0,102468.0
139878.0,St Joseph's Catholic Academy,44.0,1066.0,8139.0,185.0,24.0,Urban: Nearer to a major town or city,North East,393,South Tyneside,E01008643,E02001782,NE31 2ET,-1.5225644405057988,54.95988643253674,430671.0,562909.0
137197.0,Hall Mead School,55.0,1066.0,8139.0,186.0,14.0,Urban: Nearer to a major town or city,London,311,Havering,E01002254,E02000482,RM14 1SF,0.2617680408134746,51.564196205925974,556865.0,187459.0
140049.0,Westfield Academy,35.0,1066.0,8139.0,157.0,32.0,Urban: Nearer to a major town or city,East of England,919,Hertfordshire,E01023866,E02004978,WD18 6NS,-0.4162667365177558,51.64718339069804,509672.0,195452.0
137965.0,Blackfen School for Girls,38.0,1066.0,8139.0,189.0,16.0,Urban: Nearer to a major town or city,London,303,Bexley,E01000352,E02000085,DA15 9NU,0.1121702187167791,51.448619638557595,546868.0,174297.0
136718.0,Aston Academy,43.0,1066.0,8139.0,249.0,21.0,Urban: Nearer to a major town or city,Yorkshire and the Humber,372,Rotherham,E01007666,E02001603,S26 4SF,-1.322824400650831,53.36858483987356,445156.0,385958.0
137434.0,Cottenham Village College,63.0,1066.0,8139.0,151.0,11.0,Smaller rural: Nearer to a major town or city,East of England,873,Cambridgeshire,E01018236,E02003776,CB24 8UA,0.1250569346420672,52.28257773078057,545057.0,267062.0
102045.0,Winchmore School,48.0,1066.0,8139.0,221.0,34.0,Urban: Nearer to a major town or city,London,308,Enfield,E01001570,E02000302,N21 3HS,-0.092179844651577,51.62833442333575,532148.0,193892.0
136442.0,Linton Village College,53.0,1066.0,8139.0,160.0,17.0,Larger rural: Nearer to a major town or city,East of England,873,Cambridgeshire,E01018263,E02003790,CB21 4JB,0.2719772239437666,52.09863822644988,555719.0,246911.0
137532.0,Goffs School,55.0,1066.0,8139.0,203.0,19.0,Urban: Nearer to a major town or city,East of England,919,Hertfordshire,E01023295,E02004853,EN7 5QW,-0.0570249521846063,51.70642394829567,534350.0,202640.0
138706.0,King James's School,45.0,1066.0,8139.0,175.0,18.0,Urban: Nearer to a major town or city,Yorkshire and the Humber,382,Kirklees,E01011009,E02002314,HD4 6SG,-1.7424651466503498,53.62937774499397,417129.0,414790.0
108730.0,Boldon School,34.0,1066.0,8139.0,130.0,40.0,Urban: Nearer to a major town or city,North East,393,South Tyneside,E01008610,E02001788,NE35 9DZ,-1.4466250003458725,54.95043488807486,435542.0,561893.0
138116.0,Campsmount (A Co-Operative Academy),28.0,1066.0,8139.0,106.0,32.0,Smaller rural: Nearer to a major town or city,Yorkshire and the Humber,371,Doncaster,E01007493,E02001540,DN6 9AS,-1.1869581177521773,53.62510892060723,453871.0,414591.0
137826.0,Impington Village College,57.0,1066.0,8139.0,215.0,10.0,Urban: Nearer to a major town or city,East of England,873,Cambridgeshire,E01018259,E02003780,CB24 9LX,0.1169888766582115,52.24770759113512,544620.0,263168.0
134646.0,Ladybridge High School,38.0,1129.0,8129.0,162.0,38.0,Urban: Nearer to a major town or city,North West,350,Bolton,E01004836,E02001003,BL3 4NG,-2.47539149454162,53.56650191393536,368612.0,407869.0
135956.0,Grace Academy Darlaston,34.0,1129.0,8129.0,104.0,58.0,Urban: Nearer to a major town or city,West Midlands,335,Walsall,E01010310,E02002147,WS10 8QJ,-2.047931354452569,52.56918369954097,396848.0,296817.0
136979.0,The Marches School,45.0,1129.0,8129.0,219.0,14.0,Urban: Further from a major town or city,West Midlands,893,Shropshire,E01028907,E02006025,SY11 2AR,-3.061418164207077,52.85287732464893,328622.0,328902.0
142391.0,The Marvell College,33.0,1129.0,8129.0,137.0,36.0,Urban: Nearer to a major town or city,Yorkshire and the Humber,810,"Kingston upon Hull, City of",E01012836,E02002660,HU9 4EE,-0.260140691198457,53.77106768103602,514768.0,431927.0
136102.0,The Co-Operative Academy of Stoke-On-Trent,23.0,1129.0,8129.0,137.0,42.0,Urban: Nearer to a major town or city,West Midlands,861,Stoke-on-Trent,E01014356,E02002955,ST6 4LD,-2.2092756964599416,53.05138458769459,386069.0,350477.0
137203.0,Westfield Academy,32.0,1129.0,8129.0,141.0,19.0,Urban: Further from a major town or city,South West,933,Somerset,E01029247,E02006087,BA21 3DB,-2.6494914141431174,50.94916035980901,354471.0,116838.0
136174.0,The Co-operative Academy of Manchester,30.0,1129.0,8129.0,152.0,59.0,Urban: Nearer to a major town or city,North West,352,Manchester,E01005101,E02001046,M9 0WQ,-2.221775543015217,53.529013644636926,385396.0,403616.0
135761.0,Nottingham University Samworth Academy,32.0,1129.0,8129.0,134.0,56.0,Urban: Nearer to a major town or city,East Midlands,892,Nottingham,E01013858,E02002892,NG8 4HY,-1.2349035248831524,52.96382210356513,451487.0,340989.0
100741.0,Sydenham School,49.0,1129.0,8129.0,191.0,38.0,Urban: Nearer to a major town or city,London,209,Lewisham,E01003259,E02000680,SE26 4RD,-0.0591726447724711,51.43423436056109,535005.0,172368.0
137367.0,Limehurst Academy,44.0,1129.0,8129.0,127.0,33.0,Urban: Nearer to a major town or city,East Midlands,855,Leicestershire,E01025703,E02005346,LE11 1NH,-1.2076064193209577,52.775599424661834,453551.0,320071.0
137549.0,Harris Academy Chafford Hundred,53.0,1129.0,8129.0,180.0,10.0,Urban: Nearer to a major town or city,East of England,883,Thurrock,E01033610,E02006859,RM16 6SA,0.2927303691375701,51.48206263921832,559297.0,178393.0
142762.0,Manchester Creative and Media Academy,21.0,1129.0,8129.0,146.0,58.0,Urban: Nearer to a major town or city,North West,352,Manchester,E01033685,E02001047,M9 7SS,-2.1881849992745632,53.52665339687072,387622.0,403347.0
137705.0,The High Arcal School,34.0,1129.0,8129.0,230.0,27.0,Urban: Nearer to a major town or city,West Midlands,332,Dudley,E01009774,E02002004,DY3 1BP,-2.1097636987864807,52.5334342504765,392651.0,292845.0
137308.0,Malmesbury School,55.0,1129.0,8129.0,205.0,12.0,Larger rural: Further from a major town or city,South West,865,Wiltshire,E01031949,E02006645,SN16 0DF,-2.1099572444559827,51.585711166809055,392478.0,187434.0
104713.0,Broughton Hall Catholic High School,38.0,1129.0,8129.0,188.0,34.0,Urban: Nearer to a major town or city,North West,341,Liverpool,E01006568,E02001372,L12 9HJ,-2.887096410662028,53.42414736768136,341148.0,392293.0
139068.0,Thistley Hough Academy,27.0,1129.0,8129.0,120.0,41.0,Urban: Nearer to a major town or city,West Midlands,861,Stoke-on-Trent,E01014341,E02002973,ST4 5JJ,-2.2022457511239835,52.99992527449354,386524.0,344751.0
142406.0,Upper Batley High School,17.0,1129.0,8129.0,102.0,32.0,Urban: Nearer to a major town or city,Yorkshire and the Humber,382,Kirklees,E01011029,E02002280,WF17 0BJ,-1.6351236216763516,53.72025682139165,424176.0,424932.0
135599.0,RSA Academy,29.0,1129.0,8129.0,171.0,41.0,Urban: Nearer to a major town or city,West Midlands,333,Sandwell,E01010035,E02002049,DY4 0BZ,-2.0505054267161937,52.54944974292797,396672.0,294622.0
136658.0,East Barnet School,48.0,1129.0,8129.0,208.0,22.0,Urban: Nearer to a major town or city,London,302,Barnet,E01000172,E02000026,EN4 8PU,-0.1546986429375527,51.64363194487538,527778.0,195482.0
109686.0,Lealands High School,36.0,1129.0,8129.0,121.0,36.0,Urban: Nearer to a major town or city,East of England,821,Luton,E01015803,E02003259,LU3 3AL,-0.4699862909163023,51.91894711407838,505321.0,225596.0
138106.0,Loreto College,65.0,1129.0,8129.0,147.0,8.0,Urban: Nearer to a major town or city,East of England,919,Hertfordshire,E01023727,E02004935,AL1 3RQ,-0.3294693925930763,51.75286985060979,515408.0,207339.0
110500.0,Cressex Community School,44.0,1129.0,8129.0,147.0,33.0,Urban: Nearer to a major town or city,South East,825,Buckinghamshire,E01017845,E02003712,HP12 4QA,-0.7844337931487685,51.614811059536095,484260.0,191364.0
141802.0,Our Lady and St Chad Catholic Academy,30.0,1129.0,8129.0,111.0,46.0,Urban: Nearer to a major town or city,West Midlands,336,Wolverhampton,E01010481,E02002152,WV10 8BL,-2.108421458557283,52.61092814639306,392755.0,301465.0
104714.0,Cardinal Heenan Catholic High School,35.0,1129.0,8129.0,208.0,33.0,Urban: Nearer to a major town or city,North West,341,Liverpool,E01006570,E02001372,L12 9HZ,-2.88992706437137,53.423497123464415,340959.0,392223.0
142601.0,St Wilfrid's RC College,42.0,1129.0,8129.0,130.0,22.0,Urban: Nearer to a major town or city,North East,393,South Tyneside,E01008679,E02001772,NE34 0QA,-1.4292547166331595,54.97526491254449,436632.0,564665.0
140984.0,Nottingham University Academy of Science and Technology,47.0,1129.0,8129.0,43.0,40.0,Urban: Nearer to a major town or city,East Midlands,892,Nottingham,E01013928,E02002898,NG7 2PL,-1.1808475993762095,52.94072855014319,455147.0,338460.0
137553.0,The Weston Road Academy,39.0,1129.0,8129.0,128.0,8.0,Urban: Nearer to a major town or city,West Midlands,860,Staffordshire,E01034049,E02006198,ST18 0YG,-2.0753545236324302,52.814326218722655,395018.0,324088.0
136842.0,Walton High,41.0,1129.0,8129.0,241.0,22.0,Urban: Nearer to a major town or city,South East,826,Milton Keynes,E01016822,E02003480,MK7 7WH,-0.6884854980112175,52.02059848748418,490091.0,236608.0
137627.0,St Bede's Catholic College,58.0,1129.0,8129.0,183.0,13.0,Urban: Nearer to a major town or city,South West,801,"Bristol, City of",E01014640,E02003014,BS11 0SU,-2.656517817774135,51.50495925356676,354530.0,178652.0
137614.0,Moulton School and Science College,40.0,1129.0,8129.0,218.0,18.0,Urban: Nearer to a major town or city,East Midlands,941,West Northamptonshire,E01027019,E02005623,NN3 7SD,-0.8571873940557714,52.28811261152746,478047.0,266166.0
135980.0,Ormiston Bushfield Academy,36.0,1129.0,8129.0,145.0,39.0,Urban: Nearer to a major town or city,East of England,874,Peterborough,E01015647,E02003257,PE2 5RQ,-0.302573407169162,52.54382395540465,515207.0,295348.0
137004.0,Outwood Academy Foxhills,55.0,1129.0,8129.0,93.0,40.0,Urban: Nearer to a major town or city,Yorkshire and the Humber,813,North Lincolnshire,E01013302,E02002755,DN15 8LJ,-0.66633605732174,53.60050674146027,488354.0,412373.0
137852.0,Cardinal Hume Catholic School,60.0,1129.0,8129.0,184.0,24.0,Urban: Nearer to a major town or city,North East,390,Gateshead,E01008221,E02001702,NE9 6RZ,-1.5736743355767684,54.93509449280322,427415.0,560129.0
135335.0,Grace Academy Coventry,31.0,1129.0,8129.0,154.0,31.0,Urban: Nearer to a major town or city,West Midlands,331,Coventry,E01009578,E02001965,CV2 2RH,-1.4454487871421802,52.43801058669017,437795.0,282369.0
142727.0,Southgate School,54.0,1129.0,8129.0,245.0,22.0,Urban: Nearer to a major town or city,London,308,Enfield,E01001418,E02000287,EN4 0BL,-0.1407110946595667,51.6470801499359,528736.0,195890.0
136331.0,Wales High School,42.0,1129.0,8129.0,245.0,20.0,Larger rural: Nearer to a major town or city,Yorkshire and the Humber,372,Rotherham,E01007747,E02001608,S26 5QQ,-1.2738524828260989,53.34339919647223,448443.0,383188.0
137038.0,Verulam School,62.0,1129.0,8129.0,170.0,10.0,Urban: Nearer to a major town or city,East of England,919,Hertfordshire,E01023674,E02004934,AL1 4PR,-0.3161883921037812,51.75546774218813,516318.0,207649.0
137204.0,Hatch End High School,41.0,1129.0,8129.0,203.0,40.0,Urban: Nearer to a major town or city,London,310,Harrow,E01002151,E02000438,HA3 6NR,-0.3561336988370817,51.60611519593195,513935.0,190977.0
139614.0,Halewood Academy,28.0,1129.0,8129.0,152.0,40.0,Urban: Nearer to a major town or city,North West,340,Knowsley,E01006427,E02001345,L26 1UU,-2.8385409063351705,53.36175613975808,344293.0,385313.0
144508.0,Waterhead Academy,25.0,1129.0,8129.0,248.0,48.0,Urban: Nearer to a major town or city,North West,353,Oldham,E01005417,E02001110,OL4 3NY,-2.070640433209658,53.55061861380629,395417.0,405999.0
139918.0,Wodensborough Ormiston Academy,16.0,1129.0,8129.0,159.0,50.0,Urban: Nearer to a major town or city,West Midlands,333,Sandwell,E01009966,E02002045,WS10 0DR,-2.001721163568468,52.54854348169691,399980.0,294520.0
133724.0,JFS,77.0,1129.0,8129.0,286.0,1.0,Urban: Nearer to a major town or city,London,304,Brent,E01000484,E02000098,HA3 9TE,-0.2810622962627688,51.581011880649015,519199.0,188305.0
141875.0,Trafalgar School,24.0,1129.0,8129.0,100.0,43.0,Urban: Nearer to a major town or city,South East,851,Portsmouth,E01017090,E02003530,PO2 9RJ,-1.0705975241363257,50.830382990561475,465550.0,103840.0
121689.0,Settle College,45.0,1129.0,8129.0,110.0,9.0,Larger rural: Further from a major town or city,Yorkshire and the Humber,815,North Yorkshire,E01027571,E02005744,BD24 0AU,-2.285229845009315,54.07210930200794,381433.0,464056.0
137196.0,Ormiston Maritime Academy,13.0,1173.0,8051.0,126.0,48.0,Urban: Nearer to a major town or city,Yorkshire and the Humber,812,North East Lincolnshire,E01013211,E02002740,DN34 5AH,-0.1004397628141564,53.55576342230128,525932.0,408246.0
140875.0,Wheatley Park School,48.0,1174.0,7997.0,149.0,18.0,Smaller rural: Nearer to a major town or city,South East,931,Oxfordshire,E01028639,E02005959,OX33 1QH,-1.136822197466875,51.754367578192856,459678.0,206538.0
121673.0,Huntington School,52.0,1174.0,7997.0,230.0,18.0,Urban: Nearer to a major town or city,Yorkshire and the Humber,816,York,E01013404,E02002775,YO32 9WT,-1.0658457528100431,53.99021015456352,461347.0,455309.0
136917.0,Haygrove School,44.0,1174.0,7997.0,210.0,20.0,Urban: Nearer to a major town or city,South West,933,Somerset,E01029104,E02006071,TA6 7HW,-3.022488685086674,51.123014598970386,328538.0,136468.0
138932.0,Kingsthorpe College,27.0,1174.0,7997.0,184.0,21.0,Urban: Nearer to a major town or city,East Midlands,941,West Northamptonshire,E01027232,E02005650,NN2 7HR,-0.8857653696594252,52.271042987670434,476127.0,264237.0
137346.0,Hillcrest School A Specialist Maths and Computing College and Sixth Form Centre,32.0,1174.0,7997.0,105.0,50.0,Urban: Nearer to a major town or city,West Midlands,330,Birmingham,E01008919,E02001921,B32 3AE,-1.9824272468878088,52.445759938143496,401291.0,283087.0
137007.0,Langley School,47.0,1174.0,7997.0,194.0,23.0,Urban: Nearer to a major town or city,West Midlands,334,Solihull,E01010175,E02002093,B92 7ER,-1.812540714133676,52.42813636835573,412843.0,281143.0
139047.0,Four Dwellings Academy,18.0,1174.0,7997.0,77.0,70.0,Urban: Nearer to a major town or city,West Midlands,330,Birmingham,E01009253,E02001906,B32 1RJ,-2.003614363524655,52.455074883581965,399851.0,284123.0
137343.0,Amersham School,56.0,1174.0,7997.0,135.0,18.0,Urban: Nearer to a major town or city,South East,825,Buckinghamshire,E01017740,E02003682,HP7 9HH,-0.5939117573273487,51.6675258773364,497338.0,197463.0
136531.0,Weydon School,63.0,1174.0,7997.0,251.0,12.0,Urban: Nearer to a major town or city,South East,936,Surrey,E01030905,E02006447,GU9 8UG,-0.8144593362882557,51.20236019684511,482923.0,145462.0
102674.0,Raynes Park High School,45.0,1174.0,7997.0,139.0,41.0,Urban: Nearer to a major town or city,London,315,Merton,E01003447,E02000704,SW20 0JL,-0.239139239699259,51.40328168890046,522579.0,168610.0
137412.0,Outwood Academy Ripon,50.0,1174.0,7997.0,68.0,19.0,Urban: Nearer to a major town or city,Yorkshire and the Humber,815,North Yorkshire,E01027715,E02005762,HG4 2DE,-1.5389712140416418,54.13681678244436,430220.0,471316.0
103097.0,Heathcote School & Science College,50.0,1174.0,7997.0,162.0,36.0,Urban: Nearer to a major town or city,London,320,Waltham Forest,E01004389,E02000897,E4 6ES,0.0120639191773206,51.62627819489958,539369.0,193857.0
137396.0,Redden Court School,55.0,1174.0,7997.0,141.0,23.0,Urban: Nearer to a major town or city,London,311,Havering,E01002268,E02000473,RM3 0TS,0.2319795370164803,51.58647557657243,554725.0,189873.0
140633.0,The Excel Academy,36.0,1174.0,7997.0,146.0,34.0,Urban: Nearer to a major town or city,West Midlands,861,Stoke-on-Trent,E01014271,E02002958,ST1 6LG,-2.1573250569407154,53.0459634227508,389550.0,349865.0
135935.0,Leeds West Academy,22.0,1174.0,7997.0,215.0,40.0,Urban: Nearer to a major town or city,Yorkshire and the Humber,383,Leeds,E01011328,E02002381,LS13 1DQ,-1.6544493352268117,53.81415872872901,422850.0,435373.0
105262.0,St Joseph's RC High School and Sports College,50.0,1174.0,7997.0,161.0,14.0,Urban: Nearer to a major town or city,North West,350,Bolton,E01004781,E02000990,BL6 6HW,-2.528397668870251,53.5865031550579,365118.0,410119.0
141874.0,Charnwood College,40.0,1174.0,7997.0,99.0,22.0,Urban: Nearer to a major town or city,East Midlands,855,Leicestershire,E01025698,E02005348,LE11 4SQ,-1.2398751629589233,52.77151264731393,451379.0,319593.0
139059.0,Melior Community Academy,37.0,1174.0,7997.0,126.0,47.0,Urban: Nearer to a major town or city,Yorkshire and the Humber,813,North Lincolnshire,E01013316,E02002760,DN17 1HA,-0.6641291918104922,53.571267711810854,488561.0,409123.0
121687.0,King James's School,50.0,1174.0,7997.0,229.0,9.0,Urban: Nearer to a major town or city,Yorkshire and the Humber,815,North Yorkshire,E01027673,E02005769,HG5 8EB,-1.4609669104711414,54.005085949201195,435428.0,456695.0
138187.0,Woodcote High School,46.0,1174.0,7997.0,208.0,28.0,Urban: Nearer to a major town or city,London,306,Croydon,E01001028,E02000231,CR5 2EH,-0.1408103413338525,51.330575898155125,529623.0,160694.0
120281.0,Beaumont Leys School,34.0,1174.0,7997.0,192.0,41.0,Urban: Nearer to a major town or city,East Midlands,856,Leicester,E01013623,E02002830,LE4 0FL,-1.1608651574282265,52.65525326277138,456860.0,306720.0
141526.0,Queen Elizabeth's School,36.0,1174.0,7997.0,385.0,11.0,Urban: Nearer to a major town or city,South West,838,Dorset,E01020410,E02004247,BH21 4DT,-2.0034182363927564,50.80612495150044,399855.0,100731.0
103519.0,Moseley School and Sixth Form,23.0,1174.0,7997.0,205.0,54.0,Urban: Nearer to a major town or city,West Midlands,330,Birmingham,E01009395,E02001923,B13 9UU,-1.8640796470511056,52.440648479569894,409336.0,282527.0
137702.0,St John's School & Sixth Form College - A Catholic Academy,53.0,1174.0,7997.0,211.0,22.0,Urban: Nearer to a major town or city,North East,840,County Durham,E01020870,E02004353,DL14 6JT,-1.6911673120148936,54.65056985499458,420026.0,528428.0
138717.0,Woodham Academy,46.0,1174.0,7997.0,137.0,39.0,Urban: Nearer to a major town or city,North East,840,County Durham,E01020831,E02004343,DL5 4AX,-1.5623700379002927,54.626952299775816,428353.0,525844.0
136524.0,Camborne Science and International Academy,35.0,1174.0,7997.0,238.0,30.0,Urban: Further from a major town or city,South West,908,Cornwall,E01018876,E02003924,TR14 7PP,-5.3122085844202855,50.214079914564806,163796.0,40149.0
142088.0,Pleckgate High School,52.0,1174.0,7997.0,222.0,34.0,Urban: Nearer to a major town or city,North West,889,Blackburn with Darwen,E01012633,E02002615,BB1 8QA,-2.488299916352813,53.767910724379846,367911.0,430283.0
140961.0,WMG Academy for Young Engineers,26.0,1174.0,7997.0,92.0,18.0,Urban: Nearer to a major town or city,West Midlands,331,Coventry,E01032533,E02001993,CV4 8DY,-1.5702852888158216,52.39034991434229,429340.0,277010.0
138298.0,De Lisle Catholic School Loughborough Leicestershire,45.0,1174.0,7997.0,209.0,9.0,Urban: Nearer to a major town or city,East Midlands,855,Leicestershire,E01025698,E02005348,LE11 4SQ,-1.23673100834683,52.770764350021715,451592.0,319512.0
137225.0,The Westwood Academy,33.0,1174.0,7997.0,94.0,37.0,Urban: Nearer to a major town or city,West Midlands,331,Coventry,E01032533,E02001993,CV4 8DY,-1.5702852888158216,52.39034991434229,429340.0,277010.0
112045.0,Budehaven Community School,45.0,1174.0,7997.0,161.0,18.0,Larger rural: Further from a major town or city,South West,908,Cornwall,E01018937,E02003931,EX23 8DQ,-4.5353333463186365,50.82565022224694,221536.0,105966.0
136731.0,Ripley St Thomas Church of England Academy,61.0,1174.0,7997.0,259.0,8.0,Urban: Further from a major town or city,North West,888,Lancashire,E01033073,E02005234,LA1 4RS,-2.8023366807018144,54.03921890006815,347553.0,460657.0
137706.0,Willenhall E-ACT Academy,17.0,1174.0,7997.0,237.0,48.0,Urban: Nearer to a major town or city,West Midlands,335,Walsall,E01010378,E02002128,WV12 4BD,-2.0267031907269923,52.598182777852955,398288.0,300042.0
140553.0,Rawmarsh Community School,40.0,1174.0,7997.0,151.0,38.0,Urban: Nearer to a major town or city,Yorkshire and the Humber,372,Rotherham,E01007781,E02001582,S62 7GA,-1.348497341387805,53.46595824017443,443349.0,396775.0
141399.0,Outwood Academy Bydales,75.0,1174.0,7997.0,155.0,17.0,Larger rural: Nearer to a major town or city,North East,807,Redcar and Cleveland,E01012141,E02002520,TS11 6AR,-1.0225836723729826,54.59620271464966,463250.0,522773.0
133725.0,Jarrow School,35.0,1174.0,7997.0,107.0,42.0,Urban: Nearer to a major town or city,North East,393,South Tyneside,E01008663,E02001784,NE32 5PR,-1.488814439233218,54.97233928638923,432822.0,564310.0
142825.0,Buttershaw Business & Enterprise College Academy,28.0,1174.0,7997.0,246.0,39.0,Urban: Nearer to a major town or city,Yorkshire and the Humber,380,Bradford,E01010846,E02002237,BD6 3PX,-1.7927737582291268,53.76536616295409,413758.0,429909.0
135479.0,All Saints Catholic High School,31.0,1174.0,7997.0,145.0,48.0,Urban: Nearer to a major town or city,North West,340,Knowsley,E01006495,E02001327,L33 8XF,-2.882302172902337,53.48549521233373,341551.0,399114.0
135911.0,Shenley Academy,34.0,1174.0,7997.0,159.0,53.0,Urban: Nearer to a major town or city,West Midlands,330,Birmingham,E01009495,E02001932,B29 4HE,-1.9768886769988352,52.429891496078106,401668.0,281322.0
106538.0,St Mary's Catholic High School,42.0,1174.0,7997.0,246.0,12.0,Urban: Nearer to a major town or city,North West,359,Wigan,E01006251,E02001315,M29 7EE,-2.464628957588466,53.495112975368535,369273.0,399922.0
106365.0,Lostock College,22.0,1174.0,7997.0,50.0,32.0,Urban: Nearer to a major town or city,North West,358,Trafford,E01006159,E02001264,M32 9PL,-2.33035815120338,53.45478811279988,378160.0,395386.0
135662.0,The Hereford Academy,27.0,1174.0,7997.0,104.0,35.0,Urban: Further from a major town or city,West Midlands,884,"Herefordshire, County of",E01014072,E02002919,HR2 7NG,-2.7284178084961184,52.03807489071021,350132.0,237991.0
115723.0,Archway School,35.0,1174.0,7997.0,208.0,21.0,Urban: Nearer to a major town or city,South West,916,Gloucestershire,E01022377,E02004654,GL5 4AX,-2.2377780324498975,51.75098202927406,383682.0,205836.0
139735.0,All Saints Catholic College,14.0,1174.0,7997.0,100.0,38.0,Urban: Nearer to a major town or city,North West,357,Tameside,E01006013,E02001246,SK16 5AP,-2.076311720937771,53.47194833641904,395032.0,397247.0
143260.0,Parrs Wood High School,45.0,1174.0,7997.0,280.0,34.0,Urban: Nearer to a major town or city,North West,352,Manchester,E01005171,E02001089,M20 5PG,-2.220120519333529,53.40747462862075,385464.0,390094.0
140001.0,Kirkby High School,19.0,1174.0,7997.0,160.0,61.0,Urban: Nearer to a major town or city,North West,340,Knowsley,E01006415,E02001329,L32 9PP,-2.890287255007678,53.473148370862056,341004.0,397747.0
137092.0,Diss High School,49.0,1174.0,7997.0,143.0,10.0,Urban: Further from a major town or city,East of England,926,Norfolk,E01026888,E02005611,IP22 4DH,1.1151017239301977,52.379965224594535,612113.0,280334.0
104387.0,St Matthias School,30.0,1174.0,7997.0,87.0,64.0,Urban: Nearer to a major town or city,West Midlands,336,Wolverhampton,E01010446,E02002171,WV1 2BH,-2.0875333201770645,52.58555825258229,394166.0,298641.0
138024.0,Wadebridge School,34.0,1174.0,7997.0,190.0,21.0,Larger rural: Further from a major town or city,South West,908,Cornwall,E01018970,E02003939,PL27 6BU,-4.8293943478389965,50.52190579527569,199538.0,72950.0
136856.0,Gordano School,54.0,1174.0,7997.0,290.0,12.0,Urban: Nearer to a major town or city,South West,802,North Somerset,E01014796,E02003067,BS20 7QR,-2.7700691006793883,51.47516229365661,346614.0,175415.0
107756.0,Netherhall Learning Campus High School,33.0,1174.0,7997.0,88.0,44.0,Urban: Nearer to a major town or city,Yorkshire and the Humber,382,Kirklees,E01011093,E02002305,HD5 9PG,-1.7571969516995771,53.65507860847668,416145.0,417646.0
107395.0,Titus Salt School,36.0,1174.0,7997.0,231.0,29.0,Urban: Nearer to a major town or city,Yorkshire and the Humber,380,Bradford,E01010583,E02002200,BD17 5RH,-1.792423496811514,53.842536066523856,413756.0,438495.0
139118.0,Kingswood Academy,27.0,1174.0,7997.0,99.0,63.0,Urban: Nearer to a major town or city,Yorkshire and the Humber,810,"Kingston upon Hull, City of",E01012782,E02002653,HU7 4WR,-0.326184022714352,53.798381330285395,510344.0,434861.0
136567.0,Penair School,50.0,1174.0,7997.0,166.0,20.0,Urban: Further from a major town or city,South West,908,Cornwall,E01018853,E02003908,TR1 1TN,-5.030853066072798,50.26753606900298,184107.0,45237.0
124467.0,Stafford Manor High School,24.0,1174.0,7997.0,45.0,47.0,Urban: Nearer to a major town or city,West Midlands,860,Staffordshire,E01029727,E02006200,ST17 9DJ,-2.1167915612063917,52.7857145926006,392220.0,320909.0
135313.0,St Anne's Church of England Academy,29.0,1174.0,7997.0,108.0,60.0,Urban: Nearer to a major town or city,North West,354,Rochdale,E01005526,E02001152,M24 6XN,-2.2024210082633884,53.56684399658835,386691.0,407821.0
142711.0,Leek High School,25.0,1174.0,7997.0,100.0,21.0,Urban: Nearer to a major town or city,West Midlands,860,Staffordshire,E01029806,E02006204,ST13 6EU,-2.009860319671644,53.10722952339176,399437.0,356669.0
137066.0,Ash Hill Academy,24.0,1174.0,7997.0,110.0,40.0,Urban: Nearer to a major town or city,Yorkshire and the Humber,371,Doncaster,E01007555,E02001544,DN7 6JH,-1.009595722932538,53.57488610120184,465679.0,409152.0
136828.0,Collingwood College,54.0,1174.0,7997.0,290.0,12.0,Urban: Nearer to a major town or city,South East,936,Surrey,E01030786,E02006419,GU15 4AE,-0.7216736140490819,51.349722476474696,489120.0,161958.0
137262.0,Kepier,36.0,1174.0,7997.0,226.0,32.0,Urban: Nearer to a major town or city,North East,394,Sunderland,E01008754,E02001824,DH4 5BH,-1.4737488258863896,54.84003226034764,433897.0,549594.0
124802.0,Thurston Community College,36.0,1174.0,7997.0,263.0,18.0,Larger rural: Further from a major town or city,East of England,935,Suffolk,E01030084,E02006264,IP31 3PB,0.8096667557194014,52.25468931547533,591870.0,265552.0
139629.0,Winifred Holtby Academy,39.0,1174.0,7997.0,241.0,41.0,Urban: Nearer to a major town or city,Yorkshire and the Humber,810,"Kingston upon Hull, City of",E01012906,E02002655,HU7 4PW,-0.3183389501024607,53.78230724799229,510903.0,433085.0
139853.0,The Forest School,54.0,1236.0,7918.0,174.0,10.0,Urban: Nearer to a major town or city,South East,872,Wokingham,E01016704,E02003447,RG41 5NE,-0.8773680947364618,51.43162672395767,478138.0,170889.0
142987.0,Walton High School,54.0,1236.0,7918.0,206.0,9.0,Urban: Nearer to a major town or city,West Midlands,860,Staffordshire,E01034051,E02006201,ST17 0LJ,-2.0704125881607527,52.78631804732024,395348.0,320972.0
137768.0,Tarleton Academy,48.0,1236.0,7918.0,110.0,17.0,Larger rural: Nearer to a major town or city,North West,888,Lancashire,E01025532,E02005304,PR4 6AQ,-2.830995977513959,53.685336906115424,345215.0,421306.0
137733.0,Shoeburyness High School,35.0,1236.0,7918.0,270.0,36.0,Urban: Nearer to a major town or city,East of England,882,Southend-on-Sea,E01015919,E02003295,SS3 9LL,0.7758093247179066,51.53290580334651,592621.0,185207.0
133580.0,Churchmead Church of England (VA) School,24.0,1236.0,7918.0,103.0,39.0,Larger rural: Nearer to a major town or city,South East,868,Windsor and Maidenhead,E01016565,E02003431,SL3 9JQ,-0.5799080691627292,51.485888269562935,498699.0,177282.0
139971.0,Holyport College,62.0,1236.0,7918.0,87.0,9.0,Urban: Nearer to a major town or city,South East,868,Windsor and Maidenhead,E01016543,E02003429,SL6 3LE,-0.7275717681153334,51.48457195807739,488449.0,176947.0
142987.0,Walton High School,54.0,1236.0,7918.0,206.0,9.0,Urban: Nearer to a major town or city,West Midlands,860,Staffordshire,E01034051,E02006201,ST17 0LJ,-2.0704125881607527,52.78631804732024,395348.0,320972.0
105253.0,Turton School,53.0,1236.0,7918.0,238.0,20.0,Urban: Nearer to a major town or city,North West,350,Bolton,E01004806,E02000985,BL7 9LT,-2.4118983172678377,53.6144292581492,372848.0,413175.0
119774.0,Lathom High School : A Technology College,37.0,1236.0,7918.0,120.0,48.0,Urban: Nearer to a major town or city,North West,888,Lancashire,E01025522,E02005312,WN8 6JN,-2.7918599295436364,53.561229310644386,347646.0,407469.0
142987.0,Walton High School,54.0,1236.0,7918.0,206.0,9.0,Urban: Nearer to a major town or city,West Midlands,860,Staffordshire,E01034051,E02006201,ST17 0LJ,-2.0704125881607527,52.78631804732024,395348.0,320972.0
136186.0,Ormiston Victory Academy,34.0,1236.0,7918.0,131.0,34.0,Urban: Nearer to a major town or city,East of England,926,Norfolk,E01026924,E02007054,NR5 0PX,1.2115339784057406,52.650062769886496,617338.0,310653.0
136827.0,Copleston High School,49.0,1236.0,7918.0,287.0,19.0,Urban: Nearer to a major town or city,East of England,935,Suffolk,E01030004,E02006252,IP4 5HD,1.194149229591775,52.05458291369264,619087.0,244391.0
136204.0,The Thetford Academy,25.0,1236.0,7918.0,181.0,38.0,Urban: Further from a major town or city,East of England,926,Norfolk,E01026472,E02005518,IP24 1LH,0.7567569277570029,52.42754889889023,587527.0,284635.0
136901.0,St Clement Danes School,75.0,1236.0,7918.0,202.0,6.0,Urban: Nearer to a major town or city,East of England,919,Hertfordshire,E01023817,E02004960,WD3 6EW,-0.514048168342034,51.66353979670473,502870.0,197129.0
142987.0,Walton High School,54.0,1236.0,7918.0,206.0,9.0,Urban: Nearer to a major town or city,West Midlands,860,Staffordshire,E01034051,E02006201,ST17 0LJ,-2.0704125881607527,52.78631804732024,395348.0,320972.0
141363.0,The Oakwood Academy,29.0,1236.0,7918.0,129.0,35.0,Urban: Nearer to a major town or city,East Midlands,892,Nottingham,E01028146,E02006835,NG5 9PJ,-1.1595986528793767,53.01519157343297,456478.0,346760.0
137736.0,Rosebery School,75.0,1236.0,7918.0,239.0,10.0,Urban: Nearer to a major town or city,South East,936,Surrey,E01030419,E02006342,KT18 7NQ,-0.2778806936162285,51.327950800416545,520081.0,160169.0
138765.0,The Matthew Arnold School,36.0,1236.0,7918.0,159.0,22.0,Urban: Nearer to a major town or city,South East,936,Surrey,E01030741,E02006409,TW18 1PF,-0.4876898554642566,51.42648189750266,505238.0,170804.0
135365.0,North Oxfordshire Academy,34.0,1236.0,7918.0,177.0,36.0,Urban: Further from a major town or city,South East,931,Oxfordshire,E01028443,E02005922,OX16 0UD,-1.3678158251920052,52.07205436180864,443427.0,241708.0
136355.0,Darrick Wood School,46.0,1236.0,7918.0,258.0,14.0,Urban: Nearer to a major town or city,London,305,Bromley,E01000751,E02000162,BR6 8ER,0.0642876699051336,51.365282030850665,543802.0,164935.0
142987.0,Walton High School,54.0,1236.0,7918.0,206.0,9.0,Urban: Nearer to a major town or city,West Midlands,860,Staffordshire,E01034051,E02006201,ST17 0LJ,-2.0704125881607527,52.78631804732024,395348.0,320972.0
140864.0,Ormiston Chadwick Academy,32.0,1236.0,7918.0,128.0,45.0,Urban: Nearer to a major town or city,North West,876,Halton,E01012378,E02002579,WA8 7HU,-2.759415015703173,53.372128868608606,349571.0,386408.0
142987.0,Walton High School,54.0,1236.0,7918.0,206.0,9.0,Urban: Nearer to a major town or city,West Midlands,860,Staffordshire,E01034051,E02006201,ST17 0LJ,-2.0704125881607527,52.78631804732024,395348.0,320972.0
119788.0,St Bede's Catholic High School,45.0,1236.0,7918.0,146.0,18.0,Urban: Nearer to a major town or city,North West,888,Lancashire,E01025021,E02005211,FY8 4JL,-2.9548298556618553,53.74377198100759,337124.0,427910.0
142987.0,Walton High School,54.0,1236.0,7918.0,206.0,9.0,Urban: Nearer to a major town or city,West Midlands,860,Staffordshire,E01034051,E02006201,ST17 0LJ,-2.0704125881607527,52.78631804732024,395348.0,320972.0
135290.0,The Marsh Academy,14.0,1236.0,7918.0,118.0,42.0,Larger rural: Nearer to a major town or city,South East,886,Kent,E01024539,E02005113,TN28 8BB,0.9483199586186488,50.986624812026456,607023.0,124940.0
138373.0,Chantry Academy,31.0,1236.0,7918.0,100.0,35.0,Urban: Nearer to a major town or city,East of England,935,Suffolk,E01029986,E02006254,IP2 9LR,1.1294172044306925,52.04498878073561,614696.0,243131.0
135654.0,Oasis Academy Coulsdon,46.0,1236.0,7918.0,114.0,34.0,Urban: Nearer to a major town or city,London,306,Croydon,E01001022,E02000237,CR5 1ES,-0.1138376282439958,51.30009964043673,531589.0,157353.0
124840.0,Northgate High School,52.0,1236.0,7918.0,244.0,20.0,Urban: Nearer to a major town or city,East of England,935,Suffolk,E01030001,E02006248,IP4 3DL,1.1807799301023023,52.07194326022302,618086.0,246281.0
142987.0,Walton High School,54.0,1236.0,7918.0,206.0,9.0,Urban: Nearer to a major town or city,West Midlands,860,Staffordshire,E01034051,E02006201,ST17 0LJ,-2.0704125881607527,52.78631804732024,395348.0,320972.0
142987.0,Walton High School,54.0,1236.0,7918.0,206.0,9.0,Urban: Nearer to a major town or city,West Midlands,860,Staffordshire,E01034051,E02006201,ST17 0LJ,-2.0704125881607527,52.78631804732024,395348.0,320972.0
142987.0,Walton High School,54.0,1236.0,7918.0,206.0,9.0,Urban: Nearer to a major town or city,West Midlands,860,Staffordshire,E01034051,E02006201,ST17 0LJ,-2.0704125881607527,52.78631804732024,395348.0,320972.0
136156.0,Havant Academy,17.0,1236.0,7918.0,65.0,55.0,Urban: Nearer to a major town or city,South East,850,Hampshire,E01022914,E02004770,PO9 5JD,-0.9705143179018788,50.87636930380432,472527.0,109047.0
136517.0,Ravens Wood School,44.0,1236.0,7918.0,218.0,7.0,Urban: Nearer to a major town or city,London,305,Bromley,E01000666,E02000159,BR2 8HP,0.0356688575649804,51.369442812036056,541797.0,165342.0
118073.0,Longcroft School and Sixth Form College,34.0,1236.0,7918.0,167.0,16.0,Urban: Nearer to a major town or city,Yorkshire and the Humber,811,East Riding of Yorkshire,E01013068,E02002699,HU17 7EJ,-0.4480276801017814,53.85076117301839,502192.0,440506.0
142987.0,Walton High School,54.0,1236.0,7918.0,206.0,9.0,Urban: Nearer to a major town or city,West Midlands,860,Staffordshire,E01034051,E02006201,ST17 0LJ,-2.0704125881607527,52.78631804732024,395348.0,320972.0
142987.0,Walton High School,54.0,1236.0,7918.0,206.0,9.0,Urban: Nearer to a major town or city,West Midlands,860,Staffordshire,E01034051,E02006201,ST17 0LJ,-2.0704125881607527,52.78631804732024,395348.0,320972.0
142987.0,Walton High School,54.0,1236.0,7918.0,206.0,9.0,Urban: Nearer to a major town or city,West Midlands,860,Staffordshire,E01034051,E02006201,ST17 0LJ,-2.0704125881607527,52.78631804732024,395348.0,320972.0
136639.0,Kingsmead Academy,37.0,1236.0,7918.0,147.0,17.0,Larger rural: Further from a major town or city,South West,933,Somerset,E01029320,E02006101,TA4 2NE,-3.3103338732664964,51.039110353210795,308228.0,127457.0
142987.0,Walton High School,54.0,1236.0,7918.0,206.0,9.0,Urban: Nearer to a major town or city,West Midlands,860,Staffordshire,E01034051,E02006201,ST17 0LJ,-2.0704125881607527,52.78631804732024,395348.0,320972.0
139102.0,Lakelands Academy,45.0,1236.0,7918.0,96.0,21.0,Larger rural: Further from a major town or city,West Midlands,893,Shropshire,E01028867,E02006017,SY12 0EA,-2.901677151112642,52.904010380955114,339450.0,334443.0
142987.0,Walton High School,54.0,1236.0,7918.0,206.0,9.0,Urban: Nearer to a major town or city,West Midlands,860,Staffordshire,E01034051,E02006201,ST17 0LJ,-2.0704125881607527,52.78631804732024,395348.0,320972.0
142987.0,Walton High School,54.0,1236.0,7918.0,206.0,9.0,Urban: Nearer to a major town or city,West Midlands,860,Staffordshire,E01034051,E02006201,ST17 0LJ,-2.0704125881607527,52.78631804732024,395348.0,320972.0
142987.0,Walton High School,54.0,1236.0,7918.0,206.0,9.0,Urban: Nearer to a major town or city,West Midlands,860,Staffordshire,E01034051,E02006201,ST17 0LJ,-2.0704125881607527,52.78631804732024,395348.0,320972.0
142987.0,Walton High School,54.0,1236.0,7918.0,206.0,9.0,Urban: Nearer to a major town or city,West Midlands,860,Staffordshire,E01034051,E02006201,ST17 0LJ,-2.0704125881607527,52.78631804732024,395348.0,320972.0
142987.0,Walton High School,54.0,1236.0,7918.0,206.0,9.0,Urban: Nearer to a major town or city,West Midlands,860,Staffordshire,E01034051,E02006201,ST17 0LJ,-2.0704125881607527,52.78631804732024,395348.0,320972.0
142987.0,Walton High School,54.0,1236.0,7918.0,206.0,9.0,Urban: Nearer to a major town or city,West Midlands,860,Staffordshire,E01034051,E02006201,ST17 0LJ,-2.0704125881607527,52.78631804732024,395348.0,320972.0
142987.0,Walton High School,54.0,1236.0,7918.0,206.0,9.0,Urban: Nearer to a major town or city,West Midlands,860,Staffordshire,E01034051,E02006201,ST17 0LJ,-2.0704125881607527,52.78631804732024,395348.0,320972.0
142987.0,Walton High School,54.0,1236.0,7918.0,206.0,9.0,Urban: Nearer to a major town or city,West Midlands,860,Staffordshire,E01034051,E02006201,ST17 0LJ,-2.0704125881607527,52.78631804732024,395348.0,320972.0
138662.0,Eaton Bank Academy,49.0,1236.0,7918.0,113.0,22.0,Urban: Nearer to a major town or city,North West,895,Cheshire East,E01018403,E02003816,CW12 1NT,-2.20235231253324,53.17535547090219,386572.0,364267.0
142987.0,Walton High School,54.0,1236.0,7918.0,206.0,9.0,Urban: Nearer to a major town or city,West Midlands,860,Staffordshire,E01034051,E02006201,ST17 0LJ,-2.0704125881607527,52.78631804732024,395348.0,320972.0
136464.0,Coopers School,38.0,1236.0,7918.0,197.0,29.0,Urban: Nearer to a major town or city,London,305,Bromley,E01000696,E02000133,BR7 5PS,0.0736315924231931,51.407742628631325,544319.0,169675.0
142987.0,Walton High School,54.0,1236.0,7918.0,206.0,9.0,Urban: Nearer to a major town or city,West Midlands,860,Staffordshire,E01034051,E02006201,ST17 0LJ,-2.0704125881607527,52.78631804732024,395348.0,320972.0
142987.0,Walton High School,54.0,1236.0,7918.0,206.0,9.0,Urban: Nearer to a major town or city,West Midlands,860,Staffordshire,E01034051,E02006201,ST17 0LJ,-2.0704125881607527,52.78631804732024,395348.0,320972.0
142987.0,Walton High School,54.0,1236.0,7918.0,206.0,9.0,Urban: Nearer to a major town or city,West Midlands,860,Staffordshire,E01034051,E02006201,ST17 0LJ,-2.0704125881607527,52.78631804732024,395348.0,320972.0
136645.0,Christleton High School,60.0,1236.0,7918.0,207.0,8.0,Urban: Nearer to a major town or city,North West,896,Cheshire West and Chester,E01018324,E02003805,CH3 7AD,-2.8331987320373595,53.18319918067303,344417.0,365445.0
137006.0,Langley Park School for Girls,58.0,1236.0,7918.0,231.0,8.0,Urban: Nearer to a major town or city,London,305,Bromley,E01000775,E02000150,BR3 3BE,-0.0177668289748504,51.38831651681554,538021.0,167339.0
137908.0,Saint John Houghton Catholic Voluntary Academy,52.0,1236.0,7918.0,122.0,20.0,Urban: Nearer to a major town or city,East Midlands,830,Derbyshire,E01019669,E02004084,DE7 4HX,-1.3289223486414208,52.963760189272875,445172.0,340919.0
139663.0,Sir Thomas Fremantle School,45.0,1236.0,7918.0,38.0,16.0,Larger rural: Nearer to a major town or city,South East,825,Buckinghamshire,E01017736,E02003656,MK18 3GH,-0.8901507754026029,51.94892389641415,476375.0,228406.0
142987.0,Walton High School,54.0,1236.0,7918.0,206.0,9.0,Urban: Nearer to a major town or city,West Midlands,860,Staffordshire,E01034051,E02006201,ST17 0LJ,-2.0704125881607527,52.78631804732024,395348.0,320972.0
142987.0,Walton High School,54.0,1236.0,7918.0,206.0,9.0,Urban: Nearer to a major town or city,West Midlands,860,Staffordshire,E01034051,E02006201,ST17 0LJ,-2.0704125881607527,52.78631804732024,395348.0,320972.0
139682.0,Isca,44.0,1236.0,7918.0,116.0,27.0,Urban: Nearer to a major town or city,South West,878,Devon,E01020010,E02004161,EX2 6AP,-3.510117427059356,50.70772609696034,293468.0,90877.0
102058.0,St Ignatius College,55.0,1236.0,7918.0,177.0,29.0,Urban: Nearer to a major town or city,London,308,Enfield,E01001412,E02000280,EN1 4NP,-0.0557243098179667,51.672941395092785,534539.0,198919.0
136677.0,Bottisham Village College,53.0,1236.0,7918.0,205.0,14.0,Larger rural: Nearer to a major town or city,East of England,873,Cambridgeshire,E01018012,E02003740,CB25 9DL,0.2551278137499622,52.2250072263944,554128.0,260928.0
102861.0,Kantor King Solomon High School,57.0,1236.0,7918.0,149.0,26.0,Urban: Nearer to a major town or city,London,317,Redbridge,E01003700,E02000756,IG6 3HB,0.0875733380044481,51.5935933561682,544699.0,190369.0
142987.0,Walton High School,54.0,1236.0,7918.0,206.0,9.0,Urban: Nearer to a major town or city,West Midlands,860,Staffordshire,E01034051,E02006201,ST17 0LJ,-2.0704125881607527,52.78631804732024,395348.0,320972.0
142987.0,Walton High School,54.0,1236.0,7918.0,206.0,9.0,Urban: Nearer to a major town or city,West Midlands,860,Staffordshire,E01034051,E02006201,ST17 0LJ,-2.0704125881607527,52.78631804732024,395348.0,320972.0
136470.0,Sharnbrook Academy,52.0,1236.0,7918.0,396.0,13.0,Larger rural: Nearer to a major town or city,East of England,822,Bedford,E01017545,E02003616,MK44 1JL,-0.5571800704127013,52.2232297222245,498653.0,259315.0
142987.0,Walton High School,54.0,1236.0,7918.0,206.0,9.0,Urban: Nearer to a major town or city,West Midlands,860,Staffordshire,E01034051,E02006201,ST17 0LJ,-2.0704125881607527,52.78631804732024,395348.0,320972.0
142987.0,Walton High School,54.0,1236.0,7918.0,206.0,9.0,Urban: Nearer to a major town or city,West Midlands,860,Staffordshire,E01034051,E02006201,ST17 0LJ,-2.0704125881607527,52.78631804732024,395348.0,320972.0
140886.0,Space Studio Banbury,39.0,1236.0,7918.0,44.0,18.0,Urban: Further from a major town or city,South East,931,Oxfordshire,E01028432,E02005926,OX16 9HY,-1.3438425563413363,52.05027306462585,445092.0,239300.0
136779.0,The Heath School,28.0,1236.0,7918.0,220.0,34.0,Urban: Nearer to a major town or city,North West,876,Halton,E01012418,E02002589,WA7 4SY,-2.726267638320024,53.32495424601428,351723.0,381137.0
141146.0,Blessed George Napier Catholic School and Sports College,52.0,1236.0,7918.0,141.0,11.0,Urban: Further from a major town or city,South East,931,Oxfordshire,E01028433,E02005926,OX16 9DG,-1.3408659449065006,52.04840433503924,445298.0,239094.0
138499.0,Banbury Academy,32.0,1236.0,7918.0,118.0,22.0,Urban: Further from a major town or city,South East,931,Oxfordshire,E01028432,E02005926,OX16 9HY,-1.3443630360276464,52.049583665411014,445057.0,239223.0
137707.0,The Streetly Academy,33.0,1294.0,7894.0,235.0,26.0,Urban: Nearer to a major town or city,West Midlands,335,Walsall,E01010389,E02002141,B74 2EX,-1.8822124437250212,52.56961140122796,408080.0,296870.0
142059.0,"The Hewett Academy, Norwich",29.0,1295.0,7876.0,79.0,57.0,Urban: Nearer to a major town or city,East of England,926,Norfolk,E01026818,E02005596,NR1 2PL,1.288655385283946,52.613868870669535,622737.0,306864.0
136483.0,Oldfield School,42.0,1295.0,7876.0,136.0,18.0,Urban: Nearer to a major town or city,South West,800,Bath and North East Somerset,E01014430,E02002992,BA1 9AB,-2.404724739355874,51.39310880035597,371937.0,166086.0
143138.0,Brayton Academy,43.0,1297.0,7822.0,56.0,29.0,Urban: Further from a major town or city,Yorkshire and the Humber,815,North Yorkshire,E01027882,E02005815,YO8 9QS,-1.08378202127585,53.77429207809275,460481.0,431271.0
136644.0,Hayes School,53.0,1297.0,7822.0,237.0,7.0,Urban: Nearer to a major town or city,London,305,Bromley,E01000765,E02000160,BR2 7DB,0.0189580619659052,51.37397632315044,540620.0,165814.0
136724.0,Fernwood School,51.0,1297.0,7822.0,201.0,22.0,Urban: Nearer to a major town or city,East Midlands,892,Nottingham,E01013980,E02002897,NG8 2FT,-1.230158418553459,52.9534806954149,451818.0,339842.0
136894.0,Preston School Academy,49.0,1297.0,7822.0,198.0,11.0,Urban: Further from a major town or city,South West,933,Somerset,E01029249,E02006090,BA21 3JD,-2.6569246576025187,50.94526994700325,353945.0,116410.0
137527.0,Melbourn Village College,57.0,1297.0,7822.0,108.0,9.0,Larger rural: Nearer to a major town or city,East of England,873,Cambridgeshire,E01018267,E02003792,SG8 6EF,0.0185241832793655,52.08765833047104,538394.0,245177.0
136637.0,Maiden Erlegh School,62.0,1297.0,7822.0,277.0,10.0,Urban: Nearer to a major town or city,South East,872,Wokingham,E01016664,E02003444,RG6 7HS,-0.9245433141723652,51.43748205721229,474849.0,171491.0
142798.0,The Prescot School,16.0,1297.0,7822.0,152.0,52.0,Urban: Nearer to a major town or city,North West,340,Knowsley,E01006464,E02001333,L34 3NB,-2.811493537722451,53.43137295442699,346181.0,393037.0
126095.0,"St Wilfrid's Catholic Comprehensive School, Crawley",38.0,1297.0,7822.0,144.0,17.0,Urban: Nearer to a major town or city,South East,938,West Sussex,E01031598,E02006581,RH11 8PG,-0.2041430940218617,51.11008548826331,525810.0,136066.0
138834.0,Brentwood Ursuline Convent High School,79.0,1297.0,7822.0,162.0,7.0,Urban: Nearer to a major town or city,East of England,881,Essex,E01034360,E02004470,CM14 4EX,0.3043623357658562,51.617820704919644,559629.0,193514.0
113551.0,St Cuthbert Mayne School,34.0,1297.0,7822.0,137.0,34.0,Urban: Further from a major town or city,South West,880,Torbay,E01015238,E02003155,TQ1 4RN,-3.5318509664029136,50.48426669463646,291420.0,66062.0
139553.0,The Ilfracombe Church of England Academy,30.0,1297.0,7822.0,147.0,27.0,Urban: Further from a major town or city,South West,878,Devon,E01020111,E02004175,EX34 9JB,-4.114373038427171,51.20467766332721,252390.0,147177.0
137944.0,St Helena School,35.0,1297.0,7822.0,178.0,34.0,Urban: Nearer to a major town or city,East of England,881,Essex,E01021646,E02004512,CO3 3LE,0.8885089027526007,51.895212410484326,598841.0,225793.0
138287.0,The Costello School,44.0,1297.0,7822.0,217.0,16.0,Urban: Nearer to a major town or city,South East,850,Hampshire,E01022502,E02004685,RG21 4AL,-1.0789316387062178,51.26190555238419,464363.0,151819.0
140515.0,Nova Hreod Academy,39.0,1297.0,7822.0,147.0,25.0,Urban: Nearer to a major town or city,South West,866,Swindon,E01015530,E02003217,SN2 2NQ,-1.8076878313005171,51.579321094585346,413422.0,186735.0
136720.0,Welling School,13.0,1297.0,7822.0,252.0,38.0,Urban: Nearer to a major town or city,London,303,Bexley,E01000454,E02000077,DA16 1LB,0.1141160683208558,51.467982378206514,546941.0,176454.0
136091.0,The Phoenix Collegiate,26.0,1297.0,7822.0,229.0,45.0,Urban: Nearer to a major town or city,West Midlands,333,Sandwell,E01009998,E02002052,B71 2BX,-1.9963539653407825,52.53860075216084,400344.0,293414.0
113882.0,Gillingham School,46.0,1297.0,7822.0,263.0,13.0,Urban: Further from a major town or city,South West,838,Dorset,E01020443,E02004255,SP8 4QP,-2.2682081888040955,51.03819089098863,381291.0,126572.0
135979.0,Ormiston Sandwell Community Academy,40.0,1297.0,7822.0,176.0,41.0,Urban: Nearer to a major town or city,West Midlands,333,Sandwell,E01010015,E02002063,B69 2HE,-2.0398801153360746,52.50999705787317,397390.0,290233.0
135747.0,JCoSS,51.0,1297.0,7822.0,189.0,10.0,Urban: Nearer to a major town or city,London,302,Barnet,E01000167,E02000025,EN4 9GE,-0.1696661911104194,51.65527762402568,526710.0,196751.0
141570.0,Ellowes Hall Sports College,44.0,1297.0,7822.0,198.0,24.0,Urban: Nearer to a major town or city,West Midlands,332,Dudley,E01009782,E02002007,DY3 2JH,-2.1294237983905635,52.52647401776138,391316.0,292073.0
103855.0,The Dormston School,35.0,1297.0,7822.0,187.0,24.0,Urban: Nearer to a major town or city,West Midlands,332,Dudley,E01009773,E02002001,DY3 1SN,-2.1186149330899275,52.5411929224962,392052.0,293709.0
140248.0,President Kennedy School Academy,42.0,1297.0,7822.0,219.0,33.0,Urban: Nearer to a major town or city,West Midlands,331,Coventry,E01009591,E02001959,CV6 4GL,-1.5213061355312807,52.450486078189606,432629.0,283720.0
138089.0,Haughton Academy,31.0,1297.0,7822.0,103.0,50.0,Urban: Nearer to a major town or city,North East,841,Darlington,E01012326,E02002563,DL1 2AN,-1.527789405029614,54.540648401952325,430650.0,516255.0
136141.0,The Sutton Academy,36.0,1297.0,7822.0,165.0,39.0,Urban: Nearer to a major town or city,North West,342,St. Helens,E01006912,E02006935,WA9 5AU,-2.7312984419887134,53.42687533880421,351504.0,392479.0
136614.0,Pool Academy,33.0,1297.0,7822.0,156.0,28.0,Urban: Further from a major town or city,South West,908,Cornwall,E01018897,E02003922,TR15 3PZ,-5.271015726722051,50.22858014259299,166805.0,41631.0
137533.0,Deyes High School,38.0,1297.0,7822.0,225.0,17.0,Urban: Nearer to a major town or city,North West,343,Sefton,E01007099,E02001447,L31 6DE,-2.940415730904795,53.51418466877274,337737.0,402355.0
138853.0,Woodchurch High School,34.0,1297.0,7822.0,274.0,45.0,Urban: Nearer to a major town or city,North West,344,Wirral,E01007304,E02001491,CH49 7NG,-3.075831790512369,53.37554810616037,328525.0,387059.0
141735.0,The Sir John Colfox Academy,40.0,1297.0,7822.0,127.0,16.0,Urban: Further from a major town or city,South West,838,Dorset,E01020498,E02004274,DT6 3DT,-2.7472527553205013,50.74694893165996,347376.0,94417.0
136152.0,King Edward VI Sheldon Heath Academy,38.0,1297.0,7822.0,172.0,56.0,Urban: Nearer to a major town or city,West Midlands,330,Birmingham,E01009322,E02001895,B26 2RZ,-1.7791658133113857,52.46751783971503,415099.0,285530.0
138239.0,Becket Keys Church of England Free School,55.0,1297.0,7822.0,144.0,14.0,Urban: Nearer to a major town or city,East of England,881,Essex,E01021431,E02004467,CM15 9DA,0.3022612813230064,51.62711572063049,559451.0,194543.0
137684.0,The Dorcan Academy,22.0,1297.0,7822.0,157.0,31.0,Urban: Nearer to a major town or city,South West,866,Swindon,E01015492,E02003234,SN3 5DA,-1.7302892828091565,51.56020559301136,418793.0,184626.0
141309.0,Stationers' Crown Woods Academy,34.0,1297.0,7822.0,262.0,42.0,Urban: Nearer to a major town or city,London,203,Greenwich,E01001614,E02000340,SE9 2PT,0.0759112812406051,51.452316011939224,544337.0,174636.0
136877.0,Queens' School,65.0,1297.0,7822.0,258.0,12.0,Urban: Nearer to a major town or city,East of England,919,Hertfordshire,E01023553,E02004903,WD23 2TY,-0.3690135962312552,51.65849602807885,512913.0,196782.0
137472.0,Don Valley Academy and Performing Arts College,33.0,1297.0,7822.0,153.0,41.0,Urban: Nearer to a major town or city,Yorkshire and the Humber,371,Doncaster,E01007518,E02001550,DN5 9DD,-1.1720048838508972,53.54619629817552,454962.0,405823.0
137872.0,Bushey Meads School,54.0,1297.0,7822.0,169.0,14.0,Urban: Nearer to a major town or city,East of England,919,Hertfordshire,E01023561,E02004907,WD23 4PA,-0.3490119981267967,51.648729365840055,514321.0,195727.0
136459.0,The Polesworth School,31.0,1297.0,7822.0,225.0,18.0,Larger rural: Nearer to a major town or city,West Midlands,937,Warwickshire,E01031039,E02006468,B78 1QT,-1.6205026847431203,52.6105616139915,425794.0,301486.0
143369.0,"St John the Baptist Catholic Comprehensive School, Woking",78.0,1297.0,7822.0,197.0,6.0,Urban: Nearer to a major town or city,South East,936,Surrey,E01030972,E02006466,GU22 9AL,-0.5490655156703952,51.30832412859231,501231.0,157578.0
135945.0,Sirius Academy West,20.0,1297.0,7822.0,272.0,43.0,Urban: Nearer to a major town or city,Yorkshire and the Humber,810,"Kingston upon Hull, City of",E01032595,E02006813,HU4 7JB,-0.4068261060812518,53.73339240287918,505195.0,427509.0
118111.0,Bridlington School,44.0,1297.0,7822.0,138.0,33.0,Urban: Further from a major town or city,Yorkshire and the Humber,811,East Riding of Yorkshire,E01012949,E02002686,YO16 4QU,-0.2119165688592723,54.085119435962,517065.0,466943.0
117578.0,Ashlyns School,57.0,1297.0,7822.0,208.0,15.0,Urban: Nearer to a major town or city,East of England,919,Hertfordshire,E01023366,E02004869,HP4 3AH,-0.5641685500816733,51.75339163090147,499207.0,207052.0
136922.0,Yavneh College,59.0,1297.0,7822.0,147.0,12.0,Urban: Nearer to a major town or city,East of England,919,Hertfordshire,E01023541,E02004906,WD6 1HL,-0.2682307966348335,51.654246444467375,519895.0,196470.0
138356.0,St George's School,81.0,1297.0,7822.0,196.0,2.0,Urban: Nearer to a major town or city,East of England,919,Hertfordshire,E01023689,E02004925,AL5 4TD,-0.3536416133192876,51.82235996086526,513565.0,215029.0
136921.0,Cottingham High School and Sixth Form College,36.0,1297.0,7822.0,191.0,21.0,Urban: Nearer to a major town or city,Yorkshire and the Humber,811,East Riding of Yorkshire,E01012954,E02002705,HU16 5PX,-0.4320883762089024,53.789044049829926,503392.0,433663.0
135317.0,Brooke Weston Academy,63.0,1297.0,7822.0,177.0,14.0,Urban: Further from a major town or city,East Midlands,940,North Northamptonshire,E01032963,E02006863,NN18 8LA,-0.7123495356290386,52.46745321380765,487571.0,286279.0
111429.0,The Whitby High School,34.0,1297.0,7822.0,246.0,25.0,Urban: Nearer to a major town or city,North West,896,Cheshire West and Chester,E01018526,E02003852,CH66 2NU,-2.911682106516632,53.2634551049334,339286.0,374437.0
111443.0,Wilmslow High School,53.0,1297.0,7822.0,296.0,17.0,Urban: Nearer to a major town or city,North West,895,Cheshire East,E01018602,E02003858,SK9 1LZ,-2.230009192201764,53.32216319443518,384776.0,380605.0
136756.0,Overton Grange School,44.0,1297.0,7822.0,203.0,20.0,Urban: Nearer to a major town or city,London,319,Sutton,E01004155,E02000857,SM2 6TQ,-0.1961299804041341,51.35224131537844,525710.0,163007.0
135582.0,Abraham Darby Academy,28.0,1297.0,7822.0,173.0,43.0,Urban: Nearer to a major town or city,West Midlands,894,Telford and Wrekin,E01014161,E02002949,TF7 5HX,-2.4699848154527713,52.63375020199906,368289.0,304102.0
135149.0,Madeley Academy,34.0,1297.0,7822.0,161.0,45.0,Urban: Nearer to a major town or city,West Midlands,894,Telford and Wrekin,E01014162,E02002949,TF7 5FB,-2.457851617845149,52.643407807556194,369117.0,305171.0
121702.0,Selby High School Specialist School for the Arts and Science,40.0,1297.0,7822.0,222.0,22.0,Urban: Nearer to a major town or city,Yorkshire and the Humber,815,North Yorkshire,E01034984,E02005814,YO8 4HT,-1.0786640827180936,53.780733499622656,460809.0,431992.0
121702.0,Selby High School Specialist School for the Arts and Science,40.0,1297.0,7822.0,222.0,22.0,Urban: Nearer to a major town or city,Yorkshire and the Humber,815,North Yorkshire,E01034984,E02005814,YO8 4HT,-1.0786640827180936,53.780733499622656,460809.0,431992.0
114606.0,Blatchington Mill School and Sixth Form College,52.0,1297.0,7822.0,287.0,23.0,Urban: Nearer to a major town or city,South East,846,Brighton and Hove,E01016985,E02003497,BN3 7BW,-0.1812789453015698,50.84517755512704,528137.0,106649.0
135007.0,Trinity Academy,35.0,1297.0,7822.0,212.0,28.0,Urban: Nearer to a major town or city,Yorkshire and the Humber,371,Doncaster,E01007637,E02001541,DN8 5BY,-0.9526205279821988,53.61374430498763,469388.0,413529.0
141853.0,Winterhill School,36.0,1297.0,7822.0,217.0,37.0,Urban: Nearer to a major town or city,Yorkshire and the Humber,372,Rotherham,E01007744,E02001592,S61 2BD,-1.3979572407751766,53.43448740187921,440095.0,393245.0
109319.0,Brimsham Green School,49.0,1297.0,7822.0,169.0,10.0,Urban: Nearer to a major town or city,South West,803,South Gloucestershire,E01015015,E02003095,BS37 7LB,-2.425404852341478,51.55225183477823,370601.0,183793.0
136392.0,The Morley Academy,56.0,1297.0,7822.0,253.0,22.0,Urban: Nearer to a major town or city,Yorkshire and the Humber,383,Leeds,E01011541,E02002433,LS27 0PD,-1.606869166286519,53.742197873423464,426027.0,427383.0
108079.0,Pudsey Grangefield School,26.0,1297.0,7822.0,193.0,24.0,Urban: Nearer to a major town or city,Yorkshire and the Humber,383,Leeds,E01011612,E02002408,LS28 7ND,-1.6629095860407124,53.79885821852235,422301.0,433668.0
137011.0,"Minsthorpe Community College, A Specialist Science College",33.0,1297.0,7822.0,233.0,37.0,Urban: Nearer to a major town or city,Yorkshire and the Humber,384,Wakefield,E01011859,E02002480,WF9 2UJ,-1.2911429758390287,53.60204086816621,447006.0,411951.0
136613.0,Airedale Academy,25.0,1297.0,7822.0,99.0,42.0,Urban: Nearer to a major town or city,Yorkshire and the Humber,384,Wakefield,E01011743,E02002440,WF10 3JU,-1.312191061547477,53.721286662196775,445485.0,425204.0
136094.0,"Trinity Academy, Halifax",47.0,1297.0,7822.0,272.0,39.0,Urban: Nearer to a major town or city,Yorkshire and the Humber,381,Calderdale,E01010915,E02002244,HX2 9TZ,-1.8762893667306664,53.75322161836775,408255.0,428545.0
141185.0,Thorp Academy,38.0,1297.0,7822.0,213.0,25.0,Urban: Nearer to a major town or city,North East,390,Gateshead,E01008245,E02001683,NE40 3AH,-1.7749242364724944,54.97222471211589,414507.0,564201.0
139975.0,Beckfoot School,49.0,1297.0,7822.0,261.0,22.0,Urban: Nearer to a major town or city,Yorkshire and the Humber,380,Bradford,E01010596,E02002204,BD16 1EE,-1.8291010141415804,53.84125458105701,411343.0,438346.0
108639.0,George Stephenson High School,42.0,1297.0,7822.0,201.0,29.0,Urban: Nearer to a major town or city,North East,392,North Tyneside,E01008505,E02001749,NE12 6SA,-1.5671758865268646,55.03319264226222,427764.0,571048.0
135818.0,Castle View Enterprise Academy,39.0,1297.0,7822.0,140.0,36.0,Urban: Nearer to a major town or city,North East,394,Sunderland,E01008693,E02001798,SR5 3DX,-1.44679956780167,54.91837262105706,435559.0,558325.0
141986.0,Sandhill View Academy,28.0,1297.0,7822.0,142.0,48.0,Urban: Nearer to a major town or city,North East,394,Sunderland,E01008829,E02001813,SR3 4EN,-1.4293054371717804,54.8878730078994,436708.0,554940.0
137356.0,Biddulph High School,37.0,1297.0,7822.0,192.0,19.0,Urban: Nearer to a major town or city,West Midlands,860,Staffordshire,E01029771,E02006207,ST8 7AR,-2.1694309376486975,53.105130825939945,388754.0,356449.0
136289.0,Watford Grammar School for Girls,81.0,1297.0,7822.0,180.0,8.0,Urban: Nearer to a major town or city,East of England,919,Hertfordshire,E01023862,E02004976,WD18 0AE,-0.3976105459420954,51.652379491453175,510950.0,196058.0
126085.0,Oathall Community College,48.0,1297.0,7822.0,184.0,14.0,Urban: Nearer to a major town or city,South East,938,West Sussex,E01031753,E02006613,RH16 2AQ,-0.0922517634467394,51.00634893469364,533941.0,124728.0
137040.0,The Campion School,63.0,1297.0,7822.0,136.0,10.0,Urban: Nearer to a major town or city,London,311,Havering,E01002268,E02000473,RM11 3BX,0.2317832199975218,51.58217168142435,554726.0,189394.0
105576.0,Our Lady's RC High School,38.0,1297.0,7822.0,130.0,62.0,Urban: Nearer to a major town or city,North West,352,Manchester,E01005100,E02001045,M9 0RP,-2.218602125214115,53.53670461400746,385609.0,404471.0
136534.0,Glyn School,65.0,1297.0,7822.0,252.0,12.0,Urban: Nearer to a major town or city,South East,936,Surrey,E01030391,E02006341,KT17 1NB,-0.255808017720129,51.34337028311656,521578.0,161920.0
102451.0,Harlington School,26.0,1297.0,7822.0,178.0,48.0,Urban: Nearer to a major town or city,London,312,Hillingdon,E01002488,E02000523,UB3 1PB,-0.4364870157991459,51.49711132137504,508630.0,178733.0
140304.0,St Thomas More Catholic Academy,21.0,1297.0,7822.0,175.0,24.0,Urban: Nearer to a major town or city,West Midlands,861,Stoke-on-Trent,E01014313,E02002977,ST3 2NJ,-2.1472073744276012,52.9878884976831,390215.0,343403.0
141341.0,Marlwood School,50.0,1297.0,7822.0,124.0,11.0,Urban: Nearer to a major town or city,South West,803,South Gloucestershire,E01014991,E02003091,BS35 3LA,-2.5390948272006075,51.59308329139593,362752.0,188386.0
121702.0,Selby High School Specialist School for the Arts and Science,40.0,1297.0,7822.0,222.0,22.0,Urban: Nearer to a major town or city,Yorkshire and the Humber,815,North Yorkshire,E01034984,E02005814,YO8 4HT,-1.0786640827180936,53.780733499622656,460809.0,431992.0
121702.0,Selby High School Specialist School for the Arts and Science,40.0,1297.0,7822.0,222.0,22.0,Urban: Nearer to a major town or city,Yorkshire and the Humber,815,North Yorkshire,E01034984,E02005814,YO8 4HT,-1.0786640827180936,53.780733499622656,460809.0,431992.0
142585.0,Cockburn School,43.0,1297.0,7822.0,202.0,50.0,Urban: Nearer to a major town or city,Yorkshire and the Humber,383,Leeds,E01011493,E02002430,LS11 5TT,-1.5589378813302264,53.760079810607266,429176.0,429391.0
121702.0,Selby High School Specialist School for the Arts and Science,40.0,1297.0,7822.0,222.0,22.0,Urban: Nearer to a major town or city,Yorkshire and the Humber,815,North Yorkshire,E01034984,E02005814,YO8 4HT,-1.0786640827180936,53.780733499622656,460809.0,431992.0
121702.0,Selby High School Specialist School for the Arts and Science,40.0,1297.0,7822.0,222.0,22.0,Urban: Nearer to a major town or city,Yorkshire and the Humber,815,North Yorkshire,E01034984,E02005814,YO8 4HT,-1.0786640827180936,53.780733499622656,460809.0,431992.0
121702.0,Selby High School Specialist School for the Arts and Science,40.0,1297.0,7822.0,222.0,22.0,Urban: Nearer to a major town or city,Yorkshire and the Humber,815,North Yorkshire,E01034984,E02005814,YO8 4HT,-1.0786640827180936,53.780733499622656,460809.0,431992.0
121702.0,Selby High School Specialist School for the Arts and Science,40.0,1297.0,7822.0,222.0,22.0,Urban: Nearer to a major town or city,Yorkshire and the Humber,815,North Yorkshire,E01034984,E02005814,YO8 4HT,-1.0786640827180936,53.780733499622656,460809.0,431992.0
121702.0,Selby High School Specialist School for the Arts and Science,40.0,1297.0,7822.0,222.0,22.0,Urban: Nearer to a major town or city,Yorkshire and the Humber,815,North Yorkshire,E01034984,E02005814,YO8 4HT,-1.0786640827180936,53.780733499622656,460809.0,431992.0
121702.0,Selby High School Specialist School for the Arts and Science,40.0,1297.0,7822.0,222.0,22.0,Urban: Nearer to a major town or city,Yorkshire and the Humber,815,North Yorkshire,E01034984,E02005814,YO8 4HT,-1.0786640827180936,53.780733499622656,460809.0,431992.0
138254.0,Corby Technical School,44.0,1297.0,7822.0,70.0,23.0,Urban: Further from a major town or city,East Midlands,940,North Northamptonshire,E01026949,E02005616,NN17 1TD,-0.6918670936658471,52.487502643812,488922.0,288534.0
121702.0,Selby High School Specialist School for the Arts and Science,40.0,1297.0,7822.0,222.0,22.0,Urban: Nearer to a major town or city,Yorkshire and the Humber,815,North Yorkshire,E01034984,E02005814,YO8 4HT,-1.0786640827180936,53.780733499622656,460809.0,431992.0
121702.0,Selby High School Specialist School for the Arts and Science,40.0,1297.0,7822.0,222.0,22.0,Urban: Nearer to a major town or city,Yorkshire and the Humber,815,North Yorkshire,E01034984,E02005814,YO8 4HT,-1.0786640827180936,53.780733499622656,460809.0,431992.0
121702.0,Selby High School Specialist School for the Arts and Science,40.0,1297.0,7822.0,222.0,22.0,Urban: Nearer to a major town or city,Yorkshire and the Humber,815,North Yorkshire,E01034984,E02005814,YO8 4HT,-1.0786640827180936,53.780733499622656,460809.0,431992.0
139957.0,Kingswood Secondary Academy,25.0,1297.0,7822.0,185.0,33.0,Urban: Further from a major town or city,East Midlands,940,North Northamptonshire,E01026985,E02005615,NN18 9NS,-0.7333746553352231,52.478100533913775,486122.0,287438.0
121702.0,Selby High School Specialist School for the Arts and Science,40.0,1297.0,7822.0,222.0,22.0,Urban: Nearer to a major town or city,Yorkshire and the Humber,815,North Yorkshire,E01034984,E02005814,YO8 4HT,-1.0786640827180936,53.780733499622656,460809.0,431992.0
121702.0,Selby High School Specialist School for the Arts and Science,40.0,1297.0,7822.0,222.0,22.0,Urban: Nearer to a major town or city,Yorkshire and the Humber,815,North Yorkshire,E01034984,E02005814,YO8 4HT,-1.0786640827180936,53.780733499622656,460809.0,431992.0
121702.0,Selby High School Specialist School for the Arts and Science,40.0,1297.0,7822.0,222.0,22.0,Urban: Nearer to a major town or city,Yorkshire and the Humber,815,North Yorkshire,E01034984,E02005814,YO8 4HT,-1.0786640827180936,53.780733499622656,460809.0,431992.0
121702.0,Selby High School Specialist School for the Arts and Science,40.0,1297.0,7822.0,222.0,22.0,Urban: Nearer to a major town or city,Yorkshire and the Humber,815,North Yorkshire,E01034984,E02005814,YO8 4HT,-1.0786640827180936,53.780733499622656,460809.0,431992.0
121702.0,Selby High School Specialist School for the Arts and Science,40.0,1297.0,7822.0,222.0,22.0,Urban: Nearer to a major town or city,Yorkshire and the Humber,815,North Yorkshire,E01034984,E02005814,YO8 4HT,-1.0786640827180936,53.780733499622656,460809.0,431992.0
121702.0,Selby High School Specialist School for the Arts and Science,40.0,1297.0,7822.0,222.0,22.0,Urban: Nearer to a major town or city,Yorkshire and the Humber,815,North Yorkshire,E01034984,E02005814,YO8 4HT,-1.0786640827180936,53.780733499622656,460809.0,431992.0
121702.0,Selby High School Specialist School for the Arts and Science,40.0,1297.0,7822.0,222.0,22.0,Urban: Nearer to a major town or city,Yorkshire and the Humber,815,North Yorkshire,E01034984,E02005814,YO8 4HT,-1.0786640827180936,53.780733499622656,460809.0,431992.0
121702.0,Selby High School Specialist School for the Arts and Science,40.0,1297.0,7822.0,222.0,22.0,Urban: Nearer to a major town or city,Yorkshire and the Humber,815,North Yorkshire,E01034984,E02005814,YO8 4HT,-1.0786640827180936,53.780733499622656,460809.0,431992.0
121702.0,Selby High School Specialist School for the Arts and Science,40.0,1297.0,7822.0,222.0,22.0,Urban: Nearer to a major town or city,Yorkshire and the Humber,815,North Yorkshire,E01034984,E02005814,YO8 4HT,-1.0786640827180936,53.780733499622656,460809.0,431992.0
121702.0,Selby High School Specialist School for the Arts and Science,40.0,1297.0,7822.0,222.0,22.0,Urban: Nearer to a major town or city,Yorkshire and the Humber,815,North Yorkshire,E01034984,E02005814,YO8 4HT,-1.0786640827180936,53.780733499622656,460809.0,431992.0
121702.0,Selby High School Specialist School for the Arts and Science,40.0,1297.0,7822.0,222.0,22.0,Urban: Nearer to a major town or city,Yorkshire and the Humber,815,North Yorkshire,E01034984,E02005814,YO8 4HT,-1.0786640827180936,53.780733499622656,460809.0,431992.0
121702.0,Selby High School Specialist School for the Arts and Science,40.0,1297.0,7822.0,222.0,22.0,Urban: Nearer to a major town or city,Yorkshire and the Humber,815,North Yorkshire,E01034984,E02005814,YO8 4HT,-1.0786640827180936,53.780733499622656,460809.0,431992.0
114581.0,Longhill High School,26.0,1297.0,7822.0,210.0,40.0,Urban: Nearer to a major town or city,South East,846,Brighton and Hove,E01016962,E02003523,BN2 7FR,-0.0672704422216399,50.81899940558688,536239.0,103942.0
137294.0,The Crompton House Church of England Academy,60.0,1297.0,7822.0,199.0,17.0,Urban: Nearer to a major town or city,North West,353,Oldham,E01005359,E02001098,OL2 7HS,-2.107803141306548,53.58152811912258,392960.0,409441.0
121702.0,Selby High School Specialist School for the Arts and Science,40.0,1297.0,7822.0,222.0,22.0,Urban: Nearer to a major town or city,Yorkshire and the Humber,815,North Yorkshire,E01034984,E02005814,YO8 4HT,-1.0786640827180936,53.780733499622656,460809.0,431992.0
121702.0,Selby High School Specialist School for the Arts and Science,40.0,1297.0,7822.0,222.0,22.0,Urban: Nearer to a major town or city,Yorkshire and the Humber,815,North Yorkshire,E01034984,E02005814,YO8 4HT,-1.0786640827180936,53.780733499622656,460809.0,431992.0
121702.0,Selby High School Specialist School for the Arts and Science,40.0,1297.0,7822.0,222.0,22.0,Urban: Nearer to a major town or city,Yorkshire and the Humber,815,North Yorkshire,E01034984,E02005814,YO8 4HT,-1.0786640827180936,53.780733499622656,460809.0,431992.0
121702.0,Selby High School Specialist School for the Arts and Science,40.0,1297.0,7822.0,222.0,22.0,Urban: Nearer to a major town or city,Yorkshire and the Humber,815,North Yorkshire,E01034984,E02005814,YO8 4HT,-1.0786640827180936,53.780733499622656,460809.0,431992.0
119798.0,Our Lady's Catholic College,26.0,1297.0,7822.0,107.0,37.0,Urban: Further from a major town or city,North West,888,Lancashire,E01025151,E02005231,LA1 2RX,-2.8018005677331796,54.05496009091514,347608.0,462408.0
137936.0,Chipping Norton School,59.0,1297.0,7822.0,159.0,11.0,Larger rural: Further from a major town or city,South East,931,Oxfordshire,E01028783,E02005993,OX7 5DY,-1.5433472297102244,51.937174109796565,431490.0,226616.0
121670.0,Bedale High School,34.0,1297.0,7822.0,131.0,16.0,Larger rural: Nearer to a major town or city,Yorkshire and the Humber,815,North Yorkshire,E01027588,E02005755,DL8 2EQ,-1.5909533229566133,54.28400924396946,426729.0,487673.0
121702.0,Selby High School Specialist School for the Arts and Science,40.0,1297.0,7822.0,222.0,22.0,Urban: Nearer to a major town or city,Yorkshire and the Humber,815,North Yorkshire,E01034984,E02005814,YO8 4HT,-1.0786640827180936,53.780733499622656,460809.0,431992.0
137919.0,Bartholomew School,64.0,1297.0,7822.0,202.0,6.0,Larger rural: Nearer to a major town or city,South East,931,Oxfordshire,E01028786,E02006003,OX29 4AP,-1.3810182974292382,51.78218797343332,442796.0,209461.0
121702.0,Selby High School Specialist School for the Arts and Science,40.0,1297.0,7822.0,222.0,22.0,Urban: Nearer to a major town or city,Yorkshire and the Humber,815,North Yorkshire,E01034984,E02005814,YO8 4HT,-1.0786640827180936,53.780733499622656,460809.0,431992.0
121702.0,Selby High School Specialist School for the Arts and Science,40.0,1297.0,7822.0,222.0,22.0,Urban: Nearer to a major town or city,Yorkshire and the Humber,815,North Yorkshire,E01034984,E02005814,YO8 4HT,-1.0786640827180936,53.780733499622656,460809.0,431992.0
108085.0,Guiseley School,52.0,1394.0,7651.0,200.0,20.0,Urban: Nearer to a major town or city,Yorkshire and the Humber,383,Leeds,E01011271,E02002338,LS20 8DT,-1.7174866382709737,53.87140512054227,418674.0,441724.0
136675.0,Rossington All Saints Academy,41.0,1394.0,7651.0,99.0,37.0,Urban: Nearer to a major town or city,Yorkshire and the Humber,371,Doncaster,E01007594,E02001574,DN11 0BZ,-1.0671322246422803,53.46840930903167,462024.0,397255.0
138545.0,Meadowhead School Academy Trust,32.0,1394.0,7651.0,316.0,28.0,Urban: Nearer to a major town or city,Yorkshire and the Humber,373,Sheffield,E01008079,E02001674,S8 8BR,-1.470508262125537,53.32647174065839,435364.0,381190.0
108095.0,Cardinal Heenan Catholic High School,56.0,1394.0,7651.0,178.0,28.0,Urban: Nearer to a major town or city,Yorkshire and the Humber,383,Leeds,E01011505,E02002354,LS6 4QE,-1.5602558229296146,53.838765876216456,429035.0,438145.0
135963.0,Outwood Academy Adwick,44.0,1394.0,7651.0,184.0,41.0,Urban: Nearer to a major town or city,Yorkshire and the Humber,371,Doncaster,E01007464,E02001547,DN6 7SF,-1.1912039570277262,53.56667752939562,453664.0,408087.0
112041.0,Torpoint Community College,30.0,1394.0,7651.0,111.0,24.0,Larger rural: Nearer to a major town or city,South West,908,Cornwall,E01018798,E02003902,PL11 2NH,-4.20605971760265,50.37642275912888,243237.0,55276.0
106653.0,Penistone Grammar School,62.0,1394.0,7651.0,267.0,13.0,Smaller rural: Nearer to a major town or city,Yorkshire and the Humber,370,Barnsley,E01007425,E02001524,S36 7BX,-1.6358835117112436,53.53335958375614,424232.0,404138.0
140371.0,Harris Church of England Academy,37.0,1394.0,7651.0,157.0,29.0,Urban: Nearer to a major town or city,West Midlands,937,Warwickshire,E01031176,E02006502,CV22 6EA,-1.2705582688477224,52.36287298326966,449768.0,274117.0
110078.0,Wexham School,21.0,1394.0,7651.0,156.0,49.0,Urban: Nearer to a major town or city,South East,871,Slough,E01016519,E02003411,SL2 5QP,-0.572709307899099,51.52679617917483,499110.0,181841.0
138762.0,St Birinus School,35.0,1394.0,7651.0,139.0,17.0,Urban: Nearer to a major town or city,South East,931,Oxfordshire,E01028635,E02005971,OX11 8AZ,-1.2418056948081249,51.60145329420109,452608.0,189451.0
138314.0,Armthorpe Academy,29.0,1394.0,7651.0,113.0,24.0,Urban: Nearer to a major town or city,Yorkshire and the Humber,371,Doncaster,E01007480,E02001552,DN3 2DA,-1.0597360966660314,53.540100013201254,462410.0,405237.0
137931.0,South Wigston High School,26.0,1394.0,7651.0,153.0,30.0,Urban: Nearer to a major town or city,East Midlands,855,Leicestershire,E01025989,E02005415,LE18 4TA,-1.1379352625497627,52.57923964464848,458512.0,298283.0
142469.0,Highfield Leadership Academy,33.0,1394.0,7651.0,193.0,37.0,Urban: Nearer to a major town or city,North West,890,Blackpool,E01012729,E02002650,FY4 3JZ,-3.0291895933294186,53.787874095640355,332291.0,432885.0
136663.0,Abbs Cross Academy and Arts College,39.0,1394.0,7651.0,163.0,18.0,Urban: Nearer to a major town or city,London,311,Havering,E01002366,E02000486,RM12 4YB,0.2082109694327269,51.55324681327284,553190.0,186128.0
139060.0,Lodge Park Academy,37.0,1394.0,7651.0,131.0,28.0,Urban: Further from a major town or city,East Midlands,940,North Northamptonshire,E01026974,E02005615,NN17 2JH,-0.721273045818463,52.50191255603538,486897.0,290101.0
136271.0,Hartismere School,55.0,1394.0,7651.0,139.0,8.0,Larger rural: Further from a major town or city,East of England,935,Suffolk,E01030052,E02006261,IP23 7BL,1.1365049120423882,52.32343095802289,613842.0,274111.0
137321.0,Felixstowe Academy,25.0,1394.0,7651.0,208.0,30.0,Urban: Nearer to a major town or city,East of England,935,Suffolk,E01030160,E02006300,IP11 9QR,1.3320597169580586,51.972977049797,628956.0,235743.0
136414.0,The de Ferrers Academy,48.0,1394.0,7651.0,333.0,24.0,Urban: Nearer to a major town or city,West Midlands,860,Staffordshire,E01029437,E02006137,DE13 0LL,-1.6408203423954617,52.829648895076254,424297.0,325850.0
136090.0,Drapers' Academy,37.0,1394.0,7651.0,126.0,48.0,Urban: Nearer to a major town or city,London,311,Havering,E01002279,E02000465,RM3 9XR,0.2400587852627766,51.60955960476361,555206.0,192457.0
137603.0,Ridgewood School,48.0,1394.0,7651.0,233.0,15.0,Urban: Nearer to a major town or city,Yorkshire and the Humber,371,Doncaster,E01007588,E02001554,DN5 7UB,-1.1823543091851578,53.53855516713062,454286.0,404965.0
136757.0,Stour Valley Community School,37.0,1394.0,7651.0,115.0,22.0,Smaller rural: Further from a major town or city,East of England,935,Suffolk,E01030101,E02006282,CO10 8PJ,0.5900805891057785,52.08016186926649,577578.0,245586.0
116432.0,Cranbourne Business and Enterprise College,38.0,1394.0,7651.0,127.0,21.0,Urban: Nearer to a major town or city,South East,850,Hampshire,E01022481,E02004686,RG21 3NP,-1.0998678410047191,51.25546803131867,462911.0,151085.0
143428.0,Harris Academy Rainham,51.0,1394.0,7651.0,178.0,25.0,Urban: Nearer to a major town or city,London,311,Havering,E01002344,E02000492,RM13 9XD,0.2049139219008056,51.51545735035195,553088.0,181919.0
137848.0,Coombe Girls' School,71.0,1394.0,7651.0,209.0,22.0,Urban: Nearer to a major town or city,London,314,Kingston upon Thames,E01002961,E02000605,KT3 3TU,-0.2631738628428266,51.41024110994017,520889.0,169344.0
140415.0,Outwood Academy City,48.0,1394.0,7651.0,181.0,36.0,Urban: Nearer to a major town or city,Yorkshire and the Humber,373,Sheffield,E01007966,E02001659,S13 8SS,-1.392065792174478,53.35881764745187,440558.0,384830.0
138490.0,Didcot Girls' School,51.0,1394.0,7651.0,177.0,16.0,Urban: Nearer to a major town or city,South East,931,Oxfordshire,E01028624,E02005967,OX11 7AJ,-1.2532032038091143,51.60729887920585,451812.0,190093.0
136042.0,Maltby Academy,35.0,1394.0,7651.0,138.0,33.0,Urban: Nearer to a major town or city,Yorkshire and the Humber,372,Rotherham,E01007762,E02001595,S66 8AB,-1.2088138296285045,53.42375866953987,452674.0,392174.0
136680.0,Ormiston Horizon Academy,28.0,1394.0,7651.0,109.0,42.0,Urban: Nearer to a major town or city,West Midlands,861,Stoke-on-Trent,E01014259,E02002951,ST6 6JZ,-2.196257805496855,53.072342362493295,386948.0,352806.0
137236.0,Stratford Upon Avon School,45.0,1394.0,7651.0,220.0,13.0,Urban: Nearer to a major town or city,West Midlands,937,Warwickshire,E01031232,E02006514,CV37 9DH,-1.7201166092840294,52.19359545440405,419228.0,255075.0
123564.0,"The Community College, Bishop's Castle",40.0,1394.0,7651.0,63.0,17.0,Larger rural: Further from a major town or city,West Midlands,893,Shropshire,E01035071,E02006041,SY9 5AY,-2.9962139947480426,52.48847495621648,332452.0,288305.0
137186.0,Dyson Perrins CofE Academy,24.0,1394.0,7651.0,84.0,36.0,Urban: Nearer to a major town or city,West Midlands,885,Worcestershire,E01032188,E02006715,WR14 1WD,-2.329233967254439,52.133074727893934,377561.0,248358.0
123564.0,"The Community College, Bishop's Castle",40.0,1394.0,7651.0,63.0,17.0,Larger rural: Further from a major town or city,West Midlands,893,Shropshire,E01035071,E02006041,SY9 5AY,-2.9962139947480426,52.48847495621648,332452.0,288305.0
123564.0,"The Community College, Bishop's Castle",40.0,1394.0,7651.0,63.0,17.0,Larger rural: Further from a major town or city,West Midlands,893,Shropshire,E01035071,E02006041,SY9 5AY,-2.9962139947480426,52.48847495621648,332452.0,288305.0
123564.0,"The Community College, Bishop's Castle",40.0,1394.0,7651.0,63.0,17.0,Larger rural: Further from a major town or city,West Midlands,893,Shropshire,E01035071,E02006041,SY9 5AY,-2.9962139947480426,52.48847495621648,332452.0,288305.0
142310.0,Cardinal Newman Catholic School A Specialist Science College,43.0,1394.0,7651.0,239.0,24.0,Urban: Nearer to a major town or city,East of England,821,Luton,E01015707,E02003258,LU2 7AE,-0.423895537529326,51.92169287279414,508484.0,225969.0
123564.0,"The Community College, Bishop's Castle",40.0,1394.0,7651.0,63.0,17.0,Larger rural: Further from a major town or city,West Midlands,893,Shropshire,E01035071,E02006041,SY9 5AY,-2.9962139947480426,52.48847495621648,332452.0,288305.0
123564.0,"The Community College, Bishop's Castle",40.0,1394.0,7651.0,63.0,17.0,Larger rural: Further from a major town or city,West Midlands,893,Shropshire,E01035071,E02006041,SY9 5AY,-2.9962139947480426,52.48847495621648,332452.0,288305.0
123564.0,"The Community College, Bishop's Castle",40.0,1394.0,7651.0,63.0,17.0,Larger rural: Further from a major town or city,West Midlands,893,Shropshire,E01035071,E02006041,SY9 5AY,-2.9962139947480426,52.48847495621648,332452.0,288305.0
142387.0,Kempston Challenger Academy,18.0,1394.0,7651.0,138.0,28.0,Urban: Nearer to a major town or city,East of England,822,Bedford,E01017515,E02003633,MK42 7EB,-0.5091263112621508,52.10994454636719,502194.0,246782.0
123564.0,"The Community College, Bishop's Castle",40.0,1394.0,7651.0,63.0,17.0,Larger rural: Further from a major town or city,West Midlands,893,Shropshire,E01035071,E02006041,SY9 5AY,-2.9962139947480426,52.48847495621648,332452.0,288305.0
123564.0,"The Community College, Bishop's Castle",40.0,1394.0,7651.0,63.0,17.0,Larger rural: Further from a major town or city,West Midlands,893,Shropshire,E01035071,E02006041,SY9 5AY,-2.9962139947480426,52.48847495621648,332452.0,288305.0
123564.0,"The Community College, Bishop's Castle",40.0,1394.0,7651.0,63.0,17.0,Larger rural: Further from a major town or city,West Midlands,893,Shropshire,E01035071,E02006041,SY9 5AY,-2.9962139947480426,52.48847495621648,332452.0,288305.0
123564.0,"The Community College, Bishop's Castle",40.0,1394.0,7651.0,63.0,17.0,Larger rural: Further from a major town or city,West Midlands,893,Shropshire,E01035071,E02006041,SY9 5AY,-2.9962139947480426,52.48847495621648,332452.0,288305.0
123564.0,"The Community College, Bishop's Castle",40.0,1394.0,7651.0,63.0,17.0,Larger rural: Further from a major town or city,West Midlands,893,Shropshire,E01035071,E02006041,SY9 5AY,-2.9962139947480426,52.48847495621648,332452.0,288305.0
123564.0,"The Community College, Bishop's Castle",40.0,1394.0,7651.0,63.0,17.0,Larger rural: Further from a major town or city,West Midlands,893,Shropshire,E01035071,E02006041,SY9 5AY,-2.9962139947480426,52.48847495621648,332452.0,288305.0
123564.0,"The Community College, Bishop's Castle",40.0,1394.0,7651.0,63.0,17.0,Larger rural: Further from a major town or city,West Midlands,893,Shropshire,E01035071,E02006041,SY9 5AY,-2.9962139947480426,52.48847495621648,332452.0,288305.0
123564.0,"The Community College, Bishop's Castle",40.0,1394.0,7651.0,63.0,17.0,Larger rural: Further from a major town or city,West Midlands,893,Shropshire,E01035071,E02006041,SY9 5AY,-2.9962139947480426,52.48847495621648,332452.0,288305.0
123564.0,"The Community College, Bishop's Castle",40.0,1394.0,7651.0,63.0,17.0,Larger rural: Further from a major town or city,West Midlands,893,Shropshire,E01035071,E02006041,SY9 5AY,-2.9962139947480426,52.48847495621648,332452.0,288305.0
123564.0,"The Community College, Bishop's Castle",40.0,1394.0,7651.0,63.0,17.0,Larger rural: Further from a major town or city,West Midlands,893,Shropshire,E01035071,E02006041,SY9 5AY,-2.9962139947480426,52.48847495621648,332452.0,288305.0
123564.0,"The Community College, Bishop's Castle",40.0,1394.0,7651.0,63.0,17.0,Larger rural: Further from a major town or city,West Midlands,893,Shropshire,E01035071,E02006041,SY9 5AY,-2.9962139947480426,52.48847495621648,332452.0,288305.0
138023.0,Coundon Court,39.0,1394.0,7651.0,245.0,17.0,Urban: Nearer to a major town or city,West Midlands,331,Coventry,E01009526,E02001967,CV6 2AJ,-1.5435173680793406,52.42976150267783,431134.0,281405.0
123564.0,"The Community College, Bishop's Castle",40.0,1394.0,7651.0,63.0,17.0,Larger rural: Further from a major town or city,West Midlands,893,Shropshire,E01035071,E02006041,SY9 5AY,-2.9962139947480426,52.48847495621648,332452.0,288305.0
123564.0,"The Community College, Bishop's Castle",40.0,1394.0,7651.0,63.0,17.0,Larger rural: Further from a major town or city,West Midlands,893,Shropshire,E01035071,E02006041,SY9 5AY,-2.9962139947480426,52.48847495621648,332452.0,288305.0
123564.0,"The Community College, Bishop's Castle",40.0,1394.0,7651.0,63.0,17.0,Larger rural: Further from a major town or city,West Midlands,893,Shropshire,E01035071,E02006041,SY9 5AY,-2.9962139947480426,52.48847495621648,332452.0,288305.0
142075.0,Lyndon School,33.0,1394.0,7651.0,249.0,33.0,Urban: Nearer to a major town or city,West Midlands,334,Solihull,E01010158,E02002092,B92 8EJ,-1.7920477050099173,52.44832062049558,414230.0,283392.0
123564.0,"The Community College, Bishop's Castle",40.0,1394.0,7651.0,63.0,17.0,Larger rural: Further from a major town or city,West Midlands,893,Shropshire,E01035071,E02006041,SY9 5AY,-2.9962139947480426,52.48847495621648,332452.0,288305.0
123564.0,"The Community College, Bishop's Castle",40.0,1394.0,7651.0,63.0,17.0,Larger rural: Further from a major town or city,West Midlands,893,Shropshire,E01035071,E02006041,SY9 5AY,-2.9962139947480426,52.48847495621648,332452.0,288305.0
138732.0,Lymm High School,67.0,1394.0,7651.0,293.0,12.0,Urban: Nearer to a major town or city,North West,877,Warrington,E01012514,E02002610,WA13 0RB,-2.4593527061671883,53.379243665061,369540.0,387029.0
141814.0,St Benet Biscop Catholic Academy,33.0,1394.0,7651.0,231.0,23.0,Urban: Nearer to a major town or city,North East,929,Northumberland,E01027523,E02005741,NE22 6ED,-1.6049043788701165,55.13266938189088,425290.0,582104.0
123564.0,"The Community College, Bishop's Castle",40.0,1394.0,7651.0,63.0,17.0,Larger rural: Further from a major town or city,West Midlands,893,Shropshire,E01035071,E02006041,SY9 5AY,-2.9962139947480426,52.48847495621648,332452.0,288305.0
123564.0,"The Community College, Bishop's Castle",40.0,1394.0,7651.0,63.0,17.0,Larger rural: Further from a major town or city,West Midlands,893,Shropshire,E01035071,E02006041,SY9 5AY,-2.9962139947480426,52.48847495621648,332452.0,288305.0
135650.0,The Open Academy,21.0,1394.0,7651.0,97.0,45.0,Urban: Nearer to a major town or city,East of England,926,Norfolk,E01026805,E02005587,NR7 9DL,1.3256325813216137,52.64456559851613,625082.0,310392.0
139821.0,Ark William Parker Academy,23.0,1394.0,7651.0,151.0,32.0,Urban: Nearer to a major town or city,South East,845,East Sussex,E01021007,E02004369,TN34 2PG,0.5688192044239135,50.87609919432624,580820.0,111655.0
123564.0,"The Community College, Bishop's Castle",40.0,1394.0,7651.0,63.0,17.0,Larger rural: Further from a major town or city,West Midlands,893,Shropshire,E01035071,E02006041,SY9 5AY,-2.9962139947480426,52.48847495621648,332452.0,288305.0
136164.0,Brighton Aldridge Community Academy,35.0,1394.0,7651.0,100.0,59.0,Urban: Nearer to a major town or city,South East,846,Brighton and Hove,E01016914,E02003492,BN1 9PW,-0.0941575332270643,50.85776308778683,534234.0,108203.0
137625.0,The Chase,50.0,1394.0,7651.0,212.0,19.0,Urban: Nearer to a major town or city,West Midlands,885,Worcestershire,E01032184,E02006718,WR14 3NZ,-2.310116398592984,52.1026120978492,378855.0,244964.0
136655.0,Congleton High School,48.0,1394.0,7651.0,163.0,18.0,Urban: Nearer to a major town or city,North West,895,Cheshire East,E01018410,E02003817,CW12 4NS,-2.2475379788644365,53.165489668011595,383548.0,363179.0
123564.0,"The Community College, Bishop's Castle",40.0,1394.0,7651.0,63.0,17.0,Larger rural: Further from a major town or city,West Midlands,893,Shropshire,E01035071,E02006041,SY9 5AY,-2.9962139947480426,52.48847495621648,332452.0,288305.0
137051.0,Nunnery Wood High School,58.0,1394.0,7651.0,257.0,15.0,Urban: Nearer to a major town or city,West Midlands,885,Worcestershire,E01032308,E02006746,WR5 2LT,-2.1899588524025444,52.18403485235116,387109.0,253992.0
142237.0,Shavington Academy,41.0,1394.0,7651.0,99.0,15.0,Urban: Nearer to a major town or city,North West,895,Cheshire East,E01018505,E02003835,CW2 5DH,-2.4578483890113176,53.0675234268373,369418.0,352350.0
138439.0,Sir Herbert Leon Academy,20.0,1394.0,7651.0,122.0,52.0,Urban: Nearer to a major town or city,South East,826,Milton Keynes,E01034454,E02003490,MK2 3HQ,-0.7271565420298574,51.98027348168544,487516.0,232076.0
136589.0,Bartley Green School,36.0,1394.0,7651.0,163.0,48.0,Urban: Nearer to a major town or city,West Midlands,330,Birmingham,E01008920,E02001920,B32 3QJ,-1.999052568258008,52.43749034494006,400161.0,282167.0
136489.0,Guilsborough Academy,51.0,1394.0,7651.0,226.0,11.0,Smaller rural: Nearer to a major town or city,East Midlands,941,West Northamptonshire,E01027027,E02005622,NN6 8QE,-1.018940821306259,52.35591780370516,466912.0,273546.0
138216.0,"The Priory School, A Business and Enterprise College",62.0,1394.0,7651.0,168.0,10.0,Urban: Nearer to a major town or city,West Midlands,893,Shropshire,E01028964,E02006037,SY3 9EE,-2.7681738765829476,52.69594733984843,348182.0,311194.0
143238.0,Brigshaw High School,38.0,1394.0,7651.0,200.0,28.0,Larger rural: Nearer to a major town or city,Yorkshire and the Humber,383,Leeds,E01011308,E02002432,WF10 2HR,-1.38215690071025,53.756577042784805,440834.0,429088.0
123564.0,"The Community College, Bishop's Castle",40.0,1394.0,7651.0,63.0,17.0,Larger rural: Further from a major town or city,West Midlands,893,Shropshire,E01035071,E02006041,SY9 5AY,-2.9962139947480426,52.48847495621648,332452.0,288305.0
123564.0,"The Community College, Bishop's Castle",40.0,1394.0,7651.0,63.0,17.0,Larger rural: Further from a major town or city,West Midlands,893,Shropshire,E01035071,E02006041,SY9 5AY,-2.9962139947480426,52.48847495621648,332452.0,288305.0
123564.0,"The Community College, Bishop's Castle",40.0,1394.0,7651.0,63.0,17.0,Larger rural: Further from a major town or city,West Midlands,893,Shropshire,E01035071,E02006041,SY9 5AY,-2.9962139947480426,52.48847495621648,332452.0,288305.0
123564.0,"The Community College, Bishop's Castle",40.0,1394.0,7651.0,63.0,17.0,Larger rural: Further from a major town or city,West Midlands,893,Shropshire,E01035071,E02006041,SY9 5AY,-2.9962139947480426,52.48847495621648,332452.0,288305.0
136927.0,Droitwich Spa High School and Sixth Form Centre,42.0,1394.0,7651.0,249.0,23.0,Urban: Nearer to a major town or city,West Midlands,885,Worcestershire,E01032357,E02006751,WR9 0AA,-2.1679946334280613,52.26714125133263,388632.0,263232.0
123564.0,"The Community College, Bishop's Castle",40.0,1394.0,7651.0,63.0,17.0,Larger rural: Further from a major town or city,West Midlands,893,Shropshire,E01035071,E02006041,SY9 5AY,-2.9962139947480426,52.48847495621648,332452.0,288305.0
140182.0,Mill Chase Academy,39.0,1394.0,7651.0,98.0,28.0,Urban: Nearer to a major town or city,South East,850,Hampshire,E01022639,E02004700,GU35 0JB,-0.8500725056269678,51.11257403615135,480591.0,135438.0
104395.0,Colton Hills Community School,30.0,1394.0,7651.0,132.0,34.0,Urban: Nearer to a major town or city,West Midlands,336,Wolverhampton,E01010431,E02002178,WV4 5DG,-2.136473542245411,52.56118502489208,390845.0,295935.0
137200.0,Humberston Academy,49.0,1394.0,7651.0,149.0,14.0,Urban: Nearer to a major town or city,Yorkshire and the Humber,812,North East Lincolnshire,E01035476,E02002745,DN36 4TF,-0.0306608946072608,53.52909590859921,530636.0,405405.0
137200.0,Humberston Academy,49.0,1394.0,7651.0,149.0,14.0,Urban: Nearer to a major town or city,Yorkshire and the Humber,812,North East Lincolnshire,E01035476,E02002745,DN36 4TF,-0.0306608946072608,53.52909590859921,530636.0,405405.0
137903.0,Parkside Academy,47.0,1394.0,7651.0,115.0,43.0,Larger rural: Nearer to a major town or city,North East,840,County Durham,E01020901,E02004351,DL15 0QF,-1.6899352209808811,54.70675122639378,420078.0,534680.0
137200.0,Humberston Academy,49.0,1394.0,7651.0,149.0,14.0,Urban: Nearer to a major town or city,Yorkshire and the Humber,812,North East Lincolnshire,E01035476,E02002745,DN36 4TF,-0.0306608946072608,53.52909590859921,530636.0,405405.0
137200.0,Humberston Academy,49.0,1394.0,7651.0,149.0,14.0,Urban: Nearer to a major town or city,Yorkshire and the Humber,812,North East Lincolnshire,E01035476,E02002745,DN36 4TF,-0.0306608946072608,53.52909590859921,530636.0,405405.0
104960.0,Maricourt Catholic High School,36.0,1394.0,7651.0,253.0,19.0,Urban: Nearer to a major town or city,North West,343,Sefton,E01007099,E02001447,L31 3DZ,-2.9382239918168476,53.5078108943354,337873.0,401644.0
137520.0,Maghull High School,27.0,1394.0,7651.0,142.0,30.0,Urban: Nearer to a major town or city,North West,343,Sefton,E01007073,E02001448,L31 7AW,-2.9505248490726306,53.50632047837947,337055.0,401489.0
137200.0,Humberston Academy,49.0,1394.0,7651.0,149.0,14.0,Urban: Nearer to a major town or city,Yorkshire and the Humber,812,North East Lincolnshire,E01035476,E02002745,DN36 4TF,-0.0306608946072608,53.52909590859921,530636.0,405405.0
137200.0,Humberston Academy,49.0,1394.0,7651.0,149.0,14.0,Urban: Nearer to a major town or city,Yorkshire and the Humber,812,North East Lincolnshire,E01035476,E02002745,DN36 4TF,-0.0306608946072608,53.52909590859921,530636.0,405405.0
137200.0,Humberston Academy,49.0,1394.0,7651.0,149.0,14.0,Urban: Nearer to a major town or city,Yorkshire and the Humber,812,North East Lincolnshire,E01035476,E02002745,DN36 4TF,-0.0306608946072608,53.52909590859921,530636.0,405405.0
137200.0,Humberston Academy,49.0,1394.0,7651.0,149.0,14.0,Urban: Nearer to a major town or city,Yorkshire and the Humber,812,North East Lincolnshire,E01035476,E02002745,DN36 4TF,-0.0306608946072608,53.52909590859921,530636.0,405405.0
114308.0,Belmont Community School,32.0,1394.0,7651.0,145.0,39.0,Urban: Nearer to a major town or city,North East,840,County Durham,E01020682,E02004312,DH1 2AG,-1.5270449857295163,54.78408592655138,430516.0,543344.0
137200.0,Humberston Academy,49.0,1394.0,7651.0,149.0,14.0,Urban: Nearer to a major town or city,Yorkshire and the Humber,812,North East Lincolnshire,E01035476,E02002745,DN36 4TF,-0.0306608946072608,53.52909590859921,530636.0,405405.0
137200.0,Humberston Academy,49.0,1394.0,7651.0,149.0,14.0,Urban: Nearer to a major town or city,Yorkshire and the Humber,812,North East Lincolnshire,E01035476,E02002745,DN36 4TF,-0.0306608946072608,53.52909590859921,530636.0,405405.0
137200.0,Humberston Academy,49.0,1394.0,7651.0,149.0,14.0,Urban: Nearer to a major town or city,Yorkshire and the Humber,812,North East Lincolnshire,E01035476,E02002745,DN36 4TF,-0.0306608946072608,53.52909590859921,530636.0,405405.0
137200.0,Humberston Academy,49.0,1394.0,7651.0,149.0,14.0,Urban: Nearer to a major town or city,Yorkshire and the Humber,812,North East Lincolnshire,E01035476,E02002745,DN36 4TF,-0.0306608946072608,53.52909590859921,530636.0,405405.0
137200.0,Humberston Academy,49.0,1394.0,7651.0,149.0,14.0,Urban: Nearer to a major town or city,Yorkshire and the Humber,812,North East Lincolnshire,E01035476,E02002745,DN36 4TF,-0.0306608946072608,53.52909590859921,530636.0,405405.0
137200.0,Humberston Academy,49.0,1394.0,7651.0,149.0,14.0,Urban: Nearer to a major town or city,Yorkshire and the Humber,812,North East Lincolnshire,E01035476,E02002745,DN36 4TF,-0.0306608946072608,53.52909590859921,530636.0,405405.0
138620.0,Thomas Bennett Community College,22.0,1394.0,7651.0,174.0,36.0,Urban: Nearer to a major town or city,South East,938,West Sussex,E01031605,E02006585,RH10 5AD,-0.1906414220068338,51.099158334504835,526785.0,134874.0
137200.0,Humberston Academy,49.0,1394.0,7651.0,149.0,14.0,Urban: Nearer to a major town or city,Yorkshire and the Humber,812,North East Lincolnshire,E01035476,E02002745,DN36 4TF,-0.0306608946072608,53.52909590859921,530636.0,405405.0
137200.0,Humberston Academy,49.0,1394.0,7651.0,149.0,14.0,Urban: Nearer to a major town or city,Yorkshire and the Humber,812,North East Lincolnshire,E01035476,E02002745,DN36 4TF,-0.0306608946072608,53.52909590859921,530636.0,405405.0
137200.0,Humberston Academy,49.0,1394.0,7651.0,149.0,14.0,Urban: Nearer to a major town or city,Yorkshire and the Humber,812,North East Lincolnshire,E01035476,E02002745,DN36 4TF,-0.0306608946072608,53.52909590859921,530636.0,405405.0
137200.0,Humberston Academy,49.0,1394.0,7651.0,149.0,14.0,Urban: Nearer to a major town or city,Yorkshire and the Humber,812,North East Lincolnshire,E01035476,E02002745,DN36 4TF,-0.0306608946072608,53.52909590859921,530636.0,405405.0
137200.0,Humberston Academy,49.0,1394.0,7651.0,149.0,14.0,Urban: Nearer to a major town or city,Yorkshire and the Humber,812,North East Lincolnshire,E01035476,E02002745,DN36 4TF,-0.0306608946072608,53.52909590859921,530636.0,405405.0
137200.0,Humberston Academy,49.0,1394.0,7651.0,149.0,14.0,Urban: Nearer to a major town or city,Yorkshire and the Humber,812,North East Lincolnshire,E01035476,E02002745,DN36 4TF,-0.0306608946072608,53.52909590859921,530636.0,405405.0
137200.0,Humberston Academy,49.0,1394.0,7651.0,149.0,14.0,Urban: Nearer to a major town or city,Yorkshire and the Humber,812,North East Lincolnshire,E01035476,E02002745,DN36 4TF,-0.0306608946072608,53.52909590859921,530636.0,405405.0
137200.0,Humberston Academy,49.0,1394.0,7651.0,149.0,14.0,Urban: Nearer to a major town or city,Yorkshire and the Humber,812,North East Lincolnshire,E01035476,E02002745,DN36 4TF,-0.0306608946072608,53.52909590859921,530636.0,405405.0
135876.0,Francis Combe Academy,32.0,1394.0,7651.0,185.0,24.0,Urban: Nearer to a major town or city,East of England,919,Hertfordshire,E01023905,E02004968,WD25 7HW,-0.3921093471546026,51.69792100527316,511219.0,201131.0
136973.0,Roundwood Park School,63.0,1394.0,7651.0,191.0,10.0,Urban: Nearer to a major town or city,East of England,919,Hertfordshire,E01023690,E02004924,AL5 3AE,-0.3726752878618726,51.82004420054122,512259.0,214742.0
121667.0,Caedmon College Whitby,28.0,1394.0,7651.0,182.0,21.0,Urban: Further from a major town or city,Yorkshire and the Humber,815,North Yorkshire,E01027865,E02005797,YO21 1LA,-0.6243550340144016,54.48192972721851,489227.0,510489.0
140992.0,Hall Park Academy,35.0,1394.0,7651.0,106.0,31.0,Urban: Nearer to a major town or city,East Midlands,891,Nottinghamshire,E01028111,E02005851,NG16 3EA,-1.3123255572235872,53.0199293753554,446227.0,347178.0
138628.0,Long Field Academy,36.0,1394.0,7651.0,118.0,17.0,Urban: Further from a major town or city,East Midlands,855,Leicestershire,E01025897,E02005394,LE13 0BN,-0.9004812579337763,52.76078133114905,474294.0,318695.0
139456.0,Saint Paul's Catholic High School,30.0,1394.0,7651.0,149.0,49.0,Urban: Nearer to a major town or city,North West,352,Manchester,E01005074,E02001095,M23 2YS,-2.278607130566735,53.38462032750761,381566.0,387565.0
120298.0,Fullhurst Community College,26.0,1394.0,7651.0,170.0,51.0,Urban: Nearer to a major town or city,East Midlands,856,Leicester,E01013641,E02002854,LE3 1AH,-1.1605031850253351,52.62315596672501,456926.0,303150.0
136286.0,Westlands School,31.0,1394.0,7651.0,271.0,27.0,Urban: Nearer to a major town or city,South East,886,Kent,E01024569,E02005126,ME10 1PF,0.7109061303278454,51.342466753519446,588904.0,163864.0
142232.0,Sharples School,48.0,1394.0,7651.0,125.0,26.0,Urban: Nearer to a major town or city,North West,350,Bolton,E01004770,E02000986,BL1 8SN,-2.424221388223281,53.60724941849392,372028.0,412381.0
105252.0,Westhoughton High School,38.0,1394.0,7651.0,167.0,22.0,Urban: Nearer to a major town or city,North West,350,Bolton,E01004894,E02001011,BL5 3BZ,-2.5170896309442092,53.5486397698192,365836.0,405901.0
136135.0,Kearsley Academy,29.0,1394.0,7651.0,69.0,48.0,Urban: Nearer to a major town or city,North West,350,Bolton,E01004908,E02001017,BL4 8HY,-2.3871980965187976,53.53838034386051,374436.0,404705.0
136324.0,Fulston Manor School,14.0,1394.0,7651.0,182.0,20.0,Urban: Nearer to a major town or city,South East,886,Kent,E01032737,E02005127,ME10 4EG,0.736840237364577,51.33280664503187,590750.0,162857.0
113884.0,Beaminster School,40.0,1394.0,7651.0,96.0,19.0,Smaller rural: Further from a major town or city,South West,838,Dorset,E01020495,E02004271,DT8 3EP,-2.7410081825067523,50.81461516877116,347892.0,101937.0
137833.0,The Maplesden Noakes School,34.0,1394.0,7651.0,169.0,21.0,Urban: Nearer to a major town or city,South East,886,Kent,E01024340,E02005073,ME16 0TJ,0.5099891537538839,51.280328469620684,575149.0,156457.0
139376.0,The Swanage School,38.0,1394.0,7651.0,48.0,31.0,Larger rural: Further from a major town or city,South West,838,Dorset,E01020480,E02004268,BH19 2PH,-1.9842533234471216,50.61093518575718,401210.0,79026.0
136304.0,Orchards Academy,20.0,1394.0,7651.0,82.0,48.0,Urban: Nearer to a major town or city,South East,886,Kent,E01024476,E02005088,BR8 7TE,0.1699179581045909,51.39623218725108,551053.0,168589.0
140977.0,Dorset Studio School,6.0,1394.0,7651.0,35.0,26.0,Smaller rural: Nearer to a major town or city,South West,838,Dorset,E01020509,E02004272,DT2 8PX,-2.40446107904062,50.7183198235678,371543.0,91045.0
141248.0,North Chadderton School,38.0,1394.0,7651.0,236.0,22.0,Urban: Nearer to a major town or city,North West,353,Oldham,E01005339,E02001107,OL9 0BN,-2.151707642249687,53.55541404752999,390047.0,406541.0
137742.0,South Axholme Academy,52.0,1394.0,7651.0,167.0,14.0,Larger rural: Nearer to a major town or city,Yorkshire and the Humber,813,North Lincolnshire,E01013244,E02002768,DN9 1BY,-0.8264598964779226,53.52471756841216,477897.0,403755.0
136643.0,Bohunt School,59.0,1394.0,7651.0,309.0,7.0,Larger rural: Nearer to a major town or city,South East,850,Hampshire,E01022587,E02004705,GU30 7NY,-0.8068827062349108,51.0788054320151,483675.0,131731.0
140987.0,The Leigh UTC,21.0,1394.0,7651.0,62.0,34.0,Urban: Nearer to a major town or city,South East,886,Kent,E01035271,E02005028,DA1 5TF,0.2237557336292732,51.4599015191304,554583.0,175781.0
116445.0,Crestwood College for Business and Enterprise,36.0,1394.0,7651.0,165.0,28.0,Urban: Nearer to a major town or city,South East,850,Hampshire,E01022673,E02004715,SO50 4FZ,-1.3564973918237888,50.97745915939096,445273.0,119981.0
136545.0,Charles Darwin School,38.0,1394.0,7651.0,167.0,26.0,Urban: Nearer to a major town or city,London,305,Bromley,E01000748,E02006789,TN16 3AU,0.0453756520845439,51.315441019864025,542640.0,159356.0
137200.0,Humberston Academy,49.0,1394.0,7651.0,149.0,14.0,Urban: Nearer to a major town or city,Yorkshire and the Humber,812,North East Lincolnshire,E01035476,E02002745,DN36 4TF,-0.0306608946072608,53.52909590859921,530636.0,405405.0
137617.0,John Ferneley College,42.0,1394.0,7651.0,193.0,15.0,Urban: Further from a major town or city,East Midlands,855,Leicestershire,E01025906,E02005392,LE13 1LH,-0.8873042831285677,52.78121855956721,475148.0,320982.0
138623.0,St John's Marlborough,50.0,1394.0,7651.0,249.0,10.0,Larger rural: Nearer to a major town or city,South West,865,Wiltshire,E01031865,E02006635,SN8 4AX,-1.7283975103732028,51.415282657511966,418984.0,168509.0
136629.0,Uppingham Community College,58.0,1394.0,7651.0,146.0,9.0,Smaller rural: Further from a major town or city,East Midlands,857,Rutland,E01013806,E02002867,LE15 9TJ,-0.721897896301614,52.579930729531725,486701.0,298778.0
137200.0,Humberston Academy,49.0,1394.0,7651.0,149.0,14.0,Urban: Nearer to a major town or city,Yorkshire and the Humber,812,North East Lincolnshire,E01035476,E02002745,DN36 4TF,-0.0306608946072608,53.52909590859921,530636.0,405405.0
106270.0,St Damian's RC Science College,62.0,1394.0,7651.0,156.0,31.0,Smaller rural: Nearer to a major town or city,North West,357,Tameside,E01005938,E02001230,OL6 8BH,-2.076603979229502,53.509492919898136,395017.0,401424.0
137000.0,Churchill Academy,53.0,1394.0,7651.0,213.0,14.0,Larger rural: Nearer to a major town or city,South West,802,North Somerset,E01014748,E02003088,BS25 5QN,-2.810221574124844,51.33647909268727,343655.0,160022.0
134283.0,Alder Community High School,49.0,1394.0,7651.0,150.0,27.0,Urban: Nearer to a major town or city,North West,357,Tameside,E01006045,E02001258,SK14 5NJ,-2.061217097607305,53.44176459744717,396031.0,393888.0
138124.0,Broadoak School,26.0,1394.0,7651.0,54.0,67.0,Urban: Nearer to a major town or city,North West,358,Trafford,E01006105,E02001275,M31 4BU,-2.4297213250191603,53.41336693466667,371534.0,390813.0
137024.0,Chulmleigh Community College,50.0,1394.0,7651.0,116.0,21.0,Larger rural: Further from a major town or city,South West,878,Devon,E01020098,E02004188,EX18 7AA,-3.870464034058102,50.916584367560375,268614.0,114681.0
144503.0,Three Rivers Academy,33.0,1394.0,7651.0,163.0,26.0,Urban: Nearer to a major town or city,South East,936,Surrey,E01030313,E02006326,KT12 5EJ,-0.4033896909725272,51.37301856516406,511228.0,164983.0
132256.0,Highlands School,53.0,1394.0,7651.0,236.0,17.0,Urban: Nearer to a major town or city,London,308,Enfield,E01001473,E02000289,N21 1QQ,-0.1081339776248265,51.64872681018385,530985.0,196131.0
138729.0,Painsley Catholic College,67.0,1394.0,7651.0,193.0,9.0,Urban: Nearer to a major town or city,West Midlands,860,Staffordshire,E01029787,E02006214,ST10 1LH,-1.990573876381381,52.98102222709447,400730.0,342629.0
136558.0,Coombe Dean School Academy Trust,52.0,1394.0,7651.0,161.0,19.0,Urban: Nearer to a major town or city,South West,879,Plymouth,E01015128,E02003153,PL9 8ES,-4.077834040722891,50.35467038845979,252286.0,52595.0
139067.0,Abbeywood Community School,25.0,1394.0,7651.0,139.0,29.0,Urban: Nearer to a major town or city,South West,803,South Gloucestershire,E01035227,E02007066,BS34 8SF,-2.5518128938235223,51.51202704407695,361803.0,179378.0
136626.0,Stoke Damerel Community College,18.0,1394.0,7651.0,222.0,48.0,Urban: Nearer to a major town or city,South West,879,Plymouth,E01015170,E02003145,PL3 4BD,-4.159091827775209,50.38128902265853,246592.0,55719.0
136568.0,Plymstock School,46.0,1394.0,7651.0,229.0,18.0,Urban: Nearer to a major town or city,South West,879,Plymouth,E01015134,E02003153,PL9 9AZ,-4.08799037370857,50.36217878413614,251587.0,53450.0
139184.0,Venerable Bede Church of England Academy,33.0,1394.0,7651.0,136.0,29.0,Urban: Nearer to a major town or city,North East,394,Sunderland,E01008767,E02001821,SR2 0SX,-1.3888198703519952,54.874555151557445,439318.0,553480.0
137914.0,Saint Joan of Arc Catholic School,52.0,1394.0,7651.0,206.0,8.0,Urban: Nearer to a major town or city,East of England,919,Hertfordshire,E01023851,E02004959,WD3 1HG,-0.4653418883222461,51.64024433953731,506293.0,194608.0
137730.0,Heath Park,41.0,1394.0,7651.0,186.0,65.0,Urban: Nearer to a major town or city,West Midlands,336,Wolverhampton,E01010477,E02002163,WV11 1RD,-2.099962188184094,52.599284803538694,393326.0,300169.0
138370.0,Torquay Academy,50.0,1394.0,7651.0,131.0,37.0,Urban: Further from a major town or city,South West,880,Torbay,E01015258,E02003157,TQ2 7NU,-3.542225470506364,50.47992057734599,290674.0,65594.0
139402.0,Alec Hunter Academy,38.0,1394.0,7651.0,200.0,24.0,Urban: Nearer to a major town or city,East of England,881,Essex,E01021368,E02004456,CM7 3NR,0.5757440459032717,51.8722683420852,577415.0,222434.0
137938.0,Nicholas Breakspear Catholic School,45.0,1394.0,7651.0,69.0,25.0,Urban: Nearer to a major town or city,East of England,919,Hertfordshire,E01023678,E02007090,AL4 0TT,-0.2887876962467955,51.74749148812875,518230.0,206806.0
138286.0,Beaumont School,69.0,1394.0,7651.0,179.0,8.0,Urban: Nearer to a major town or city,East of England,919,Hertfordshire,E01023664,E02004936,AL4 0XB,-0.299190462626418,51.75515102619472,517492.0,207641.0
138042.0,The Marlborough Science Academy,43.0,1394.0,7651.0,168.0,17.0,Urban: Nearer to a major town or city,East of England,919,Hertfordshire,E01023744,E02004937,AL1 2QA,-0.3493345574180309,51.7385113892013,514073.0,205711.0
137922.0,Saint Michael's Catholic High School,59.0,1394.0,7651.0,180.0,13.0,Urban: Nearer to a major town or city,East of England,919,Hertfordshire,E01023834,E02004957,WD25 0SS,-0.3859005290894352,51.6995711847374,511644.0,201324.0
136959.0,The Cheadle Academy,29.0,1394.0,7651.0,104.0,24.0,Urban: Nearer to a major town or city,West Midlands,860,Staffordshire,E01029787,E02006214,ST10 1LH,-1.9927036356512016,52.98144486658399,400587.0,342676.0
134223.0,The King's Academy,42.0,1394.0,7651.0,198.0,32.0,Urban: Nearer to a major town or city,North East,806,Middlesbrough,E01012031,E02002514,TS8 0GA,-1.2218077150089228,54.524114183085736,450467.0,514591.0
115238.0,"St John Payne Catholic School, Chelmsford",48.0,1394.0,7651.0,189.0,17.0,Urban: Nearer to a major town or city,East of England,881,Essex,E01021589,E02004490,CM1 4BS,0.4630668407815904,51.751853826313265,570112.0,208776.0
135176.0,Oasis Academy Immingham,24.0,1394.0,7651.0,123.0,30.0,Urban: Nearer to a major town or city,Yorkshire and the Humber,812,North East Lincolnshire,E01013179,E02002726,DN40 1JU,-0.213956303116203,53.61452265729097,518249.0,414588.0
137200.0,Humberston Academy,49.0,1394.0,7651.0,149.0,14.0,Urban: Nearer to a major town or city,Yorkshire and the Humber,812,North East Lincolnshire,E01035476,E02002745,DN36 4TF,-0.0306608946072608,53.52909590859921,530636.0,405405.0
137200.0,Humberston Academy,49.0,1394.0,7651.0,149.0,14.0,Urban: Nearer to a major town or city,Yorkshire and the Humber,812,North East Lincolnshire,E01035476,E02002745,DN36 4TF,-0.0306608946072608,53.52909590859921,530636.0,405405.0
137200.0,Humberston Academy,49.0,1394.0,7651.0,149.0,14.0,Urban: Nearer to a major town or city,Yorkshire and the Humber,812,North East Lincolnshire,E01035476,E02002745,DN36 4TF,-0.0306608946072608,53.52909590859921,530636.0,405405.0
137200.0,Humberston Academy,49.0,1394.0,7651.0,149.0,14.0,Urban: Nearer to a major town or city,Yorkshire and the Humber,812,North East Lincolnshire,E01035476,E02002745,DN36 4TF,-0.0306608946072608,53.52909590859921,530636.0,405405.0
137200.0,Humberston Academy,49.0,1394.0,7651.0,149.0,14.0,Urban: Nearer to a major town or city,Yorkshire and the Humber,812,North East Lincolnshire,E01035476,E02002745,DN36 4TF,-0.0306608946072608,53.52909590859921,530636.0,405405.0
137200.0,Humberston Academy,49.0,1394.0,7651.0,149.0,14.0,Urban: Nearer to a major town or city,Yorkshire and the Humber,812,North East Lincolnshire,E01035476,E02002745,DN36 4TF,-0.0306608946072608,53.52909590859921,530636.0,405405.0
137200.0,Humberston Academy,49.0,1394.0,7651.0,149.0,14.0,Urban: Nearer to a major town or city,Yorkshire and the Humber,812,North East Lincolnshire,E01035476,E02002745,DN36 4TF,-0.0306608946072608,53.52909590859921,530636.0,405405.0
137200.0,Humberston Academy,49.0,1394.0,7651.0,149.0,14.0,Urban: Nearer to a major town or city,Yorkshire and the Humber,812,North East Lincolnshire,E01035476,E02002745,DN36 4TF,-0.0306608946072608,53.52909590859921,530636.0,405405.0
137263.0,Hazelwick School,43.0,1394.0,7651.0,291.0,18.0,Urban: Nearer to a major town or city,South East,938,West Sussex,E01031603,E02006579,RH10 1SX,-0.1663671611165109,51.12534500833048,528412.0,137828.0
125278.0,St Bede's School,62.0,1394.0,7651.0,265.0,9.0,Urban: Nearer to a major town or city,South East,936,Surrey,E01030619,E02006384,RH1 2LQ,-0.1746647713711808,51.25012866410588,527487.0,151689.0
137160.0,The Ridgeway School & Sixth Form College,53.0,1394.0,7651.0,187.0,15.0,Larger rural: Nearer to a major town or city,South West,866,Swindon,E01015584,E02003236,SN4 9DJ,-1.7918985021708325,51.52928351771084,414532.0,181173.0
131512.0,All Hallows RC High School,25.0,1394.0,7651.0,112.0,54.0,Urban: Nearer to a major town or city,North West,355,Salford,E01005630,E02001177,M6 8AA,-2.3147240868241807,53.49113545311339,379216.0,399425.0
142104.0,Matthew Arnold School,66.0,1394.0,7651.0,167.0,14.0,Urban: Nearer to a major town or city,South East,931,Oxfordshire,E01028709,E02005978,OX2 9JE,-1.3027371644942518,51.74278171360539,448238.0,205127.0
105986.0,St Patrick's RC High School and Arts College,65.0,1394.0,7651.0,175.0,26.0,Urban: Nearer to a major town or city,North West,355,Salford,E01005730,E02001181,M30 7JJ,-2.3669518356438584,53.48284212847597,375746.0,398519.0
136608.0,The Knights Templar School,50.0,1394.0,7651.0,203.0,20.0,Urban: Nearer to a major town or city,East of England,919,Hertfordshire,E01023589,E02004912,SG7 6DZ,-0.1907466308235451,51.987685538306835,524334.0,233681.0
138865.0,The James Hornsby School,30.0,1394.0,7651.0,114.0,54.0,Urban: Nearer to a major town or city,East of England,881,Essex,E01021289,E02004439,SS15 5NX,0.4306860770945381,51.57596352438536,568528.0,189143.0
139416.0,The Elstree UTC,26.0,1394.0,7651.0,65.0,32.0,Urban: Nearer to a major town or city,East of England,919,Hertfordshire,E01023544,E02004904,WD6 5NN,-0.2614097363037356,51.660593091383184,520350.0,197187.0
139036.0,Kings Langley School,38.0,1394.0,7651.0,182.0,18.0,Urban: Nearer to a major town or city,East of England,919,Hertfordshire,E01023408,E02004877,WD4 9HN,-0.4627524129380979,51.715933975494266,506295.0,203029.0
112996.0,Lady Manners School,46.0,1394.0,7651.0,226.0,11.0,Larger rural: Nearer to a major town or city,East Midlands,830,Derbyshire,E01019599,E02007029,DE45 1JA,-1.6836203881465812,53.206048356678586,421229.0,367709.0
136673.0,The King's School,56.0,1394.0,7651.0,183.0,13.0,Larger rural: Nearer to a major town or city,South West,878,Devon,E01019942,E02004136,EX11 1RA,-3.292670210634432,50.75032490714393,308904.0,95323.0
136287.0,Uffculme School,65.0,1394.0,7651.0,198.0,14.0,Larger rural: Nearer to a major town or city,South West,878,Devon,E01020063,E02004166,EX15 3AG,-3.332546941980016,50.9079038627713,306407.0,112895.0
142281.0,"St Patrick's Catholic College, A Voluntary Catholic Academy",29.0,1394.0,7651.0,99.0,36.0,Urban: Nearer to a major town or city,North East,808,Stockton-on-Tees,E01012239,E02002552,TS17 9DE,-1.291957023341162,54.54346295861985,445905.0,516696.0
141495.0,Handsworth Grange Community Sports College,30.0,1547.0,7484.0,194.0,37.0,Urban: Nearer to a major town or city,Yorkshire and the Humber,373,Sheffield,E01007971,E02001647,S13 9HJ,-1.3726382074557626,53.36904516847873,441841.0,385979.0
136912.0,Honiton Community College,48.0,1547.0,7484.0,134.0,14.0,Urban: Nearer to a major town or city,South West,878,Devon,E01019932,E02004130,EX14 1QT,-3.190815307894357,50.80160053824986,316181.0,100904.0
139624.0,Beauchamp College,59.0,1549.0,7430.0,580.0,11.0,Urban: Nearer to a major town or city,East Midlands,855,Leicestershire,E01025970,E02005412,LE2 5TP,-1.0723833809542194,52.588211303746725,462941.0,299336.0
138894.0,Wigston College,36.0,1549.0,7430.0,210.0,20.0,Urban: Nearer to a major town or city,East Midlands,855,Leicestershire,E01025992,E02005414,LE18 2DS,-1.11923637731575,52.58148454815801,459776.0,298548.0
138437.0,Bridgemary School,21.0,1549.0,7430.0,107.0,40.0,Urban: Nearer to a major town or city,South East,850,Hampshire,E01022803,E02004741,PO13 0JN,-1.1753980666871875,50.823517677960425,458178.0,102989.0
116468.0,Kings' School,71.0,1549.0,7430.0,329.0,10.0,Urban: Nearer to a major town or city,South East,850,Hampshire,E01023259,E02004837,SO22 5PN,-1.346494979488599,51.058803983174215,445895.0,129033.0
136515.0,Springwood High School,36.0,1549.0,7430.0,264.0,23.0,Urban: Further from a major town or city,East of England,926,Norfolk,E01026714,E02005560,PE30 4AW,0.4326639246018058,52.76098259098461,564245.0,320925.0
136463.0,Comberton Village College,64.0,1549.0,7430.0,297.0,12.0,Smaller rural: Nearer to a major town or city,East of England,873,Cambridgeshire,E01018231,E02003784,CB23 7DU,0.0107938650311477,52.18482307035836,537565.0,255968.0
139288.0,Westbourne Academy,37.0,1549.0,7430.0,169.0,27.0,Urban: Nearer to a major town or city,East of England,935,Suffolk,E01030029,E02006247,IP1 5JN,1.1213666234558892,52.0740819853184,614005.0,246342.0
138289.0,Burford School,61.0,1549.0,7430.0,206.0,11.0,Larger rural: Further from a major town or city,South East,931,Oxfordshire,E01028767,E02006004,OX18 4PL,-1.6416491136757578,51.80359163529527,424805.0,211721.0
142024.0,The Bicester School,38.0,1549.0,7430.0,145.0,17.0,Urban: Nearer to a major town or city,South East,931,Oxfordshire,E01028466,E02005934,OX26 2NS,-1.1608806963910767,51.90074119140602,457830.0,222798.0
141069.0,The Cooper School,56.0,1549.0,7430.0,213.0,14.0,Urban: Nearer to a major town or city,South East,931,Oxfordshire,E01028457,E02005933,OX26 4RS,-1.1449719034126238,51.90805340918261,458915.0,223624.0
139988.0,The Ferrers School,29.0,1549.0,7430.0,155.0,19.0,Urban: Nearer to a major town or city,East Midlands,940,North Northamptonshire,E01027034,E02005635,NN10 8LF,-0.5875406197670596,52.30361742309656,496405.0,268215.0
137315.0,Testwood School,38.0,1549.0,7430.0,128.0,30.0,Urban: Nearer to a major town or city,South East,850,Hampshire,E01023078,E02004782,SO40 3ZW,-1.492526149680265,50.92546987701836,435763.0,114125.0
139487.0,Taverham High School,51.0,1549.0,7430.0,209.0,11.0,Urban: Nearer to a major town or city,East of England,926,Norfolk,E01026566,E02005525,NR8 6HP,1.187412091396436,52.68636473394418,615528.0,314617.0
137218.0,East Bergholt High School,50.0,1549.0,7430.0,183.0,12.0,Larger rural: Nearer to a major town or city,East of England,935,Suffolk,E01029883,E02006236,CO7 6RJ,1.0266162074602665,51.978512570894615,607956.0,235441.0
142396.0,Marshland High School,46.0,1549.0,7430.0,154.0,25.0,Smaller rural: Further from a major town or city,East of England,926,Norfolk,E01026721,E02005563,PE14 7HA,0.1864710614294973,52.69614647601256,547854.0,313181.0
141268.0,Northgate High School,40.0,1549.0,7430.0,155.0,18.0,Urban: Nearer to a major town or city,East of England,926,Norfolk,E01026431,E02005505,NR19 2EU,0.9425004276455532,52.687610683971535,598973.0,314051.0
138039.0,Hellesdon High School,41.0,1549.0,7430.0,201.0,22.0,Urban: Nearer to a major town or city,East of England,926,Norfolk,E01026532,E02005530,NR6 5SB,1.2563889514669262,52.66045778394616,620319.0,311945.0
137949.0,Wayland Academy Norfolk,30.0,1549.0,7430.0,104.0,25.0,Urban: Further from a major town or city,East of England,926,Norfolk,E01026490,E02005511,IP25 6BA,0.8244290273142676,52.56595282767237,591525.0,300203.0
141395.0,Stalham High School,35.0,1549.0,7430.0,82.0,18.0,Larger rural: Further from a major town or city,East of England,926,Norfolk,E01026776,E02005582,NR12 9DG,1.518346072796334,52.772442824776725,637420.0,325229.0
139311.0,Hobart High School,48.0,1549.0,7430.0,147.0,18.0,Larger rural: Nearer to a major town or city,East of England,926,Norfolk,E01026911,E02005604,NR14 6JU,1.479136622485178,52.53195349138563,636068.0,298362.0
143278.0,Thorpe St Andrew School and Sixth Form,43.0,1549.0,7430.0,303.0,16.0,Urban: Nearer to a major town or city,East of England,926,Norfolk,E01026570,E02005534,NR7 0XS,1.3557584395723967,52.636160657877255,627163.0,309552.0
138829.0,Reepham High School and College,49.0,1549.0,7430.0,171.0,13.0,Smaller rural: Nearer to a major town or city,East of England,926,Norfolk,E01026547,E02005521,NR10 4JT,1.107437176632058,52.757989347146925,609780.0,322345.0
136481.0,Wymondham College,65.0,1549.0,7430.0,181.0,9.0,Smaller rural: Nearer to a major town or city,East of England,926,Norfolk,E01026948,E02005600,NR18 9SZ,1.0573819424280133,52.54492922424247,607409.0,298509.0
138506.0,Ormiston Sudbury Academy,25.0,1549.0,7430.0,105.0,37.0,Urban: Further from a major town or city,East of England,935,Suffolk,E01029916,E02006233,CO10 1NW,0.7336985208905183,52.047311634751885,587555.0,242294.0
137901.0,Stradbroke High School,59.0,1549.0,7430.0,61.0,23.0,Larger rural: Further from a major town or city,East of England,935,Suffolk,E01034570,E02006263,IP21 5JN,1.2732120953607604,52.31503383902322,623198.0,273590.0
140047.0,Ixworth Free School,46.0,1549.0,7430.0,35.0,23.0,Larger rural: Further from a major town or city,East of England,935,Suffolk,E01030121,E02006274,IP31 2HS,0.8408745634824786,52.301588199049526,593795.0,270850.0
135760.0,Midhurst Rother College,46.0,1549.0,7430.0,145.0,10.0,Larger rural: Further from a major town or city,South East,938,West Sussex,E01035320,E02006564,GU29 9DT,-0.7387153435758026,50.98948455332014,488620.0,121878.0
126066.0,Millais School,70.0,1549.0,7430.0,293.0,8.0,Urban: Nearer to a major town or city,South East,938,West Sussex,E01031654,E02006591,RH13 5HR,-0.3072944347872907,51.063782456357245,518708.0,130746.0
126093.0,"Davison Church of England High School for Girls, Worthing",55.0,1549.0,7430.0,253.0,15.0,Urban: Nearer to a major town or city,South East,938,West Sussex,E01031834,E02006629,BN11 2JX,-0.3559678756675785,50.81942989690779,515903.0,103498.0
126088.0,Imberhorne School,55.0,1549.0,7430.0,258.0,7.0,Urban: Nearer to a major town or city,South East,938,West Sussex,E01031740,E02006607,RH19 1QY,-0.0345773356454935,51.134392048924816,537607.0,139072.0
126064.0,Tanbridge House School,58.0,1549.0,7430.0,260.0,9.0,Urban: Nearer to a major town or city,South East,938,West Sussex,E01035338,E02006594,RH12 1SR,-0.3510465337699973,51.06473147229612,515640.0,130782.0
135745.0,The Littlehampton Academy,27.0,1549.0,7430.0,260.0,24.0,Urban: Nearer to a major town or city,South East,938,West Sussex,E01031409,E02006550,BN17 6FE,-0.5354189801546744,50.81484897686761,503273.0,102723.0
142089.0,The Burgess Hill Academy,52.0,1549.0,7430.0,147.0,18.0,Urban: Nearer to a major town or city,South East,938,West Sussex,E01031709,E02006617,RH15 9EA,-0.1332726195296595,50.95207090699676,531216.0,118619.0
140105.0,Chichester High School,38.0,1549.0,7430.0,300.0,18.0,Urban: Nearer to a major town or city,South East,938,West Sussex,E01031492,E02006572,PO19 8EB,-0.77602019972832,50.82938330510688,486297.0,104031.0
140472.0,"Bishop Luffa School, Chichester",64.0,1549.0,7430.0,220.0,9.0,Urban: Nearer to a major town or city,South East,938,West Sussex,E01031493,E02006571,PO19 3HP,-0.7980718398249849,50.83878543234753,484727.0,105051.0
134042.0,Oriel High School,41.0,1549.0,7430.0,232.0,15.0,Urban: Nearer to a major town or city,South East,938,West Sussex,E01031579,E02006583,RH10 7XW,-0.1581099141573353,51.10551201973041,529045.0,135637.0
137116.0,The Magna Carta School,47.0,1549.0,7430.0,240.0,23.0,Urban: Nearer to a major town or city,South East,936,Surrey,E01030663,E02006395,TW18 3HJ,-0.5216381277355163,51.427787385053705,502875.0,170901.0
139948.0,Jubilee High School,37.0,1549.0,7430.0,115.0,25.0,Urban: Nearer to a major town or city,South East,936,Surrey,E01030648,E02006399,KT15 1TE,-0.5036818673843788,51.36933348438663,504256.0,164426.0
141200.0,Kings College Guildford,17.0,1549.0,7430.0,70.0,40.0,Urban: Nearer to a major town or city,South East,936,Surrey,E01030496,E02006355,GU2 8DU,-0.6071266284331069,51.24436284032035,497319.0,150387.0
125314.0,The Winston Churchill School A Specialist Sports College,49.0,1549.0,7430.0,303.0,17.0,Urban: Nearer to a major town or city,South East,936,Surrey,E01030960,E02006464,GU21 8TL,-0.601350779317093,51.31295280483313,497577.0,158022.0
142314.0,Heathside School,71.0,1549.0,7430.0,207.0,10.0,Urban: Nearer to a major town or city,South East,936,Surrey,E01030376,E02006328,KT13 8UZ,-0.4651776608856425,51.36466295515233,506947.0,163962.0
136918.0,Hadleigh High School,40.0,1549.0,7430.0,145.0,9.0,Larger rural: Nearer to a major town or city,East of England,935,Suffolk,E01029895,E02006230,IP7 5HU,0.9652302438073004,52.04241104599772,603451.0,242372.0
136416.0,Debenham High School,69.0,1549.0,7430.0,134.0,13.0,Larger rural: Nearer to a major town or city,East of England,935,Suffolk,E01030048,E02006267,IP14 6BL,1.17051479098869,52.22387743511952,616644.0,263143.0
141581.0,The Banovallum School,35.0,1549.0,7430.0,124.0,22.0,Larger rural: Further from a major town or city,East Midlands,925,Lincolnshire,E01026064,E02005434,LN9 6DA,-0.1095550767221383,53.20270940024411,526368.0,368958.0
138839.0,"Sir William Robertson Academy, Welbourn",21.0,1549.0,7430.0,123.0,19.0,Smaller rural: Nearer to a major town or city,East Midlands,925,Lincolnshire,E01026196,E02005458,LN5 0PA,-0.5667519438561018,53.06696459821012,496134.0,353149.0
138754.0,Haven High Academy,15.0,1549.0,7430.0,194.0,25.0,Urban: Further from a major town or city,East Midlands,925,Lincolnshire,E01026038,E02006864,PE21 9HB,-0.0255653254577858,52.987444800484056,532637.0,345166.0
136624.0,Walton Girls' High School & Sixth Form,41.0,1549.0,7430.0,123.0,20.0,Urban: Further from a major town or city,East Midlands,925,Lincolnshire,E01026319,E02005481,NG31 7JR,-0.6565295027115721,52.89773434461657,490471.0,334208.0
139181.0,The Bromfords School and Sixth Form College,33.0,1549.0,7430.0,169.0,24.0,Urban: Nearer to a major town or city,East of England,881,Essex,E01021330,E02004429,SS12 0LZ,0.5084026225291177,51.60496794631089,573802.0,192550.0
137188.0,Tendring Technology College,37.0,1549.0,7430.0,308.0,23.0,Urban: Further from a major town or city,East of England,881,Essex,E01021994,E02004580,CO13 0AZ,1.2515352994491709,51.84293985423287,624073.0,221035.0
137790.0,Plume School,33.0,1549.0,7430.0,281.0,26.0,Urban: Nearer to a major town or city,East of England,881,Essex,E01021891,E02004558,CM9 6AB,0.6766301336324214,51.729303240525155,584943.0,206788.0
138734.0,"Joyce Frankland Academy, Newport",58.0,1549.0,7430.0,157.0,10.0,Smaller rural: Nearer to a major town or city,East of England,881,Essex,E01022072,E02004593,CB11 3TR,0.2123662415894636,51.987474159435784,552013.0,234423.0
136904.0,Great Baddow High School,51.0,1549.0,7430.0,220.0,16.0,Urban: Nearer to a major town or city,East of England,881,Essex,E01033145,E02004498,CM2 9RZ,0.4860880682403259,51.71357023374469,571846.0,204573.0
137937.0,The Thomas Lord Audley School,36.0,1549.0,7430.0,134.0,33.0,Urban: Nearer to a major town or city,East of England,881,Essex,E01021638,E02004523,CO2 8NJ,0.9029444158032686,51.8688562562936,599951.0,222902.0
141214.0,Woodlands School,34.0,1549.0,7430.0,255.0,37.0,Urban: Nearer to a major town or city,East of England,881,Essex,E01021297,E02004443,SS16 5BA,0.4562396748996189,51.56486376896317,570340.0,187968.0
137445.0,Passmores Academy,32.0,1549.0,7430.0,201.0,29.0,Urban: Nearer to a major town or city,East of England,881,Essex,E01021821,E02004551,CM18 6JH,0.1238766632051832,51.75725039319792,546684.0,208640.0
115382.0,St Benedict's Catholic College,56.0,1549.0,7430.0,162.0,16.0,Urban: Nearer to a major town or city,East of England,881,Essex,E01021676,E02004514,CO3 3US,0.8752488053022092,51.88516799343412,597973.0,224640.0
135653.0,Maltings Academy,39.0,1549.0,7430.0,178.0,25.0,Urban: Nearer to a major town or city,East of England,881,Essex,E01033462,E02004462,CM8 1EP,0.6330010992044242,51.79668833639973,581660.0,214171.0
115237.0,De La Salle School and Language College,39.0,1549.0,7430.0,147.0,22.0,Urban: Nearer to a major town or city,East of England,881,Essex,E01021268,E02004438,SS14 2LA,0.4663141287782723,51.57958145052306,570983.0,189628.0
136868.0,The King Edmund School,36.0,1549.0,7430.0,265.0,23.0,Urban: Nearer to a major town or city,East of England,881,Essex,E01021931,E02004564,SS4 1TL,0.7009881665785874,51.59631531820901,587172.0,192063.0
137058.0,St Mark's West Essex Catholic School,38.0,1549.0,7430.0,157.0,20.0,Urban: Nearer to a major town or city,East of England,881,Essex,E01021870,E02004549,CM18 6AA,0.1035495664119437,51.7644772105627,545258.0,209403.0
137082.0,Nene Park Academy,34.0,1549.0,7430.0,162.0,31.0,Urban: Nearer to a major town or city,East of England,874,Peterborough,E01015638,E02006877,PE2 7EA,-0.2858406405104572,52.552789702735346,516318.0,296372.0
137475.0,Hinchingbrooke School,46.0,1549.0,7430.0,297.0,15.0,Urban: Further from a major town or city,East of England,873,Cambridgeshire,E01034438,E02003764,PE29 3BN,-0.2013986977790231,52.32858836851148,522663.0,271576.0
136580.0,Swavesey Village College,58.0,1549.0,7430.0,232.0,11.0,Larger rural: Nearer to a major town or city,East of England,873,Cambridgeshire,E01018285,E02003777,CB24 4RS,-0.0055478897147105,52.294909336944755,536111.0,268180.0
137248.0,St Peter's School,49.0,1549.0,7430.0,163.0,23.0,Urban: Further from a major town or city,East of England,873,Cambridgeshire,E01018150,E02003764,PE29 7DD,-0.1854962670709984,52.33919801237649,523717.0,272783.0
137152.0,Ormiston Rivers Academy,34.0,1549.0,7430.0,125.0,27.0,Smaller rural: Further from a major town or city,East of England,881,Essex,E01034094,E02004562,CM0 8QB,0.8126198465711465,51.63728470604397,594727.0,196910.0
137547.0,Witchford Village College,27.0,1549.0,7430.0,128.0,15.0,Larger rural: Further from a major town or city,East of England,873,Cambridgeshire,E01018039,E02003736,CB6 2JA,0.2120821009294898,52.390807376130915,550625.0,279276.0
135897.0,The Basildon Upper Academy,28.0,1549.0,7430.0,148.0,56.0,Urban: Nearer to a major town or city,East of England,881,Essex,E01021305,E02004436,SS13 3HL,0.5047567756876505,51.56838913872333,573689.0,188474.0
135960.0,Ormiston Park Academy,22.0,1549.0,7430.0,67.0,49.0,Larger rural: Nearer to a major town or city,East of England,883,Thurrock,E01015923,E02003303,RM15 4RU,0.2546417837080276,51.505284362503865,556573.0,180893.0
137873.0,The Deepings School,30.0,1549.0,7430.0,258.0,15.0,Urban: Nearer to a major town or city,East Midlands,925,Lincolnshire,E01026306,E02005489,PE6 8NF,-0.2968807338398024,52.67484730888401,515249.0,309930.0
136194.0,The Priory Ruskin Academy,36.0,1549.0,7430.0,195.0,17.0,Urban: Further from a major town or city,East Midlands,925,Lincolnshire,E01026352,E02005478,NG31 8ED,-0.6430233408824387,52.92368806578072,491325.0,337112.0
136217.0,Skegness Academy,11.0,1549.0,7430.0,180.0,47.0,Urban: Further from a major town or city,East Midlands,925,Lincolnshire,E01026084,E02005435,PE25 2QH,0.3305284059541742,53.151363212189736,555945.0,364114.0
142051.0,Haileybury Turnford,34.0,1549.0,7430.0,141.0,32.0,Urban: Nearer to a major town or city,East of England,919,Hertfordshire,E01023302,E02004850,EN8 0JU,-0.0263077774072339,51.71183887003744,536456.0,203299.0
137895.0,The John Henry Newman Catholic School,61.0,1549.0,7430.0,211.0,10.0,Urban: Nearer to a major town or city,East of England,919,Hertfordshire,E01023800,E02004945,SG1 4AE,-0.2135099583157278,51.919675280132154,522957.0,226079.0
140037.0,The Thomas Alleyne School,43.0,1549.0,7430.0,76.0,29.0,Urban: Nearer to a major town or city,East of England,919,Hertfordshire,E01023777,E02004945,SG1 3BE,-0.2076253160832978,51.91517088394794,523374.0,225588.0
138747.0,Hertswood Academy,38.0,1549.0,7430.0,208.0,32.0,Urban: Nearer to a major town or city,East of England,919,Hertfordshire,E01023583,E02004899,WD6 5LG,-0.2662724683679792,51.66652806371001,519998.0,197839.0
137270.0,Sir John Lawes School,57.0,1549.0,7430.0,189.0,9.0,Urban: Nearer to a major town or city,East of England,919,Hertfordshire,E01023689,E02004925,AL5 4QP,-0.3459397242382758,51.8226745029658,514095.0,215076.0
138832.0,Alderman White School,50.0,1549.0,7430.0,119.0,24.0,Urban: Nearer to a major town or city,East Midlands,891,Nottinghamshire,E01028100,E02005862,NG9 3DU,-1.240846025620802,52.927884195435325,451130.0,336987.0
138248.0,Outwood Academy Portland,60.0,1549.0,7430.0,151.0,34.0,Urban: Nearer to a major town or city,East Midlands,891,Nottinghamshire,E01028060,E02005847,S80 2SF,-1.1188240166306516,53.29328413028702,458833.0,377729.0
136128.0,Knole Academy,28.0,1549.0,7430.0,226.0,21.0,Urban: Nearer to a major town or city,South East,886,Kent,E01024467,E02005097,TN13 3LE,0.1837887812595976,51.28712064336102,552379.0,156485.0
135305.0,Spires Academy,10.0,1549.0,7430.0,112.0,55.0,Urban: Further from a major town or city,South East,886,Kent,E01024110,E02005020,CT2 0HD,1.1481777532921686,51.31293439475443,619494.0,161797.0
136349.0,The Hayesbrook School,39.0,1549.0,7430.0,142.0,21.0,Urban: Nearer to a major town or city,South East,886,Kent,E01024757,E02005161,TN9 2PH,0.2604580314770588,51.1883017935218,558063.0,145659.0
140537.0,St Simon Stock Catholic School,44.0,1549.0,7430.0,163.0,12.0,Urban: Nearer to a major town or city,South East,886,Kent,E01024367,E02005075,ME16 0JP,0.4967072099120812,51.2728599935465,574251.0,155595.0
136923.0,St Augustine Academy,18.0,1549.0,7430.0,101.0,20.0,Urban: Nearer to a major town or city,South East,886,Kent,E01024367,E02005075,ME16 8AE,0.4992765059583578,51.27026897527506,574440.0,155313.0
136571.0,Hartsdown Academy,6.0,1549.0,7430.0,150.0,62.0,Urban: Further from a major town or city,South East,886,Kent,E01024672,E02005136,CT9 5RE,1.369419940548901,51.379850720199286,634567.0,169921.0
136302.0,The Canterbury Academy,23.0,1549.0,7430.0,204.0,32.0,Urban: Further from a major town or city,South East,886,Kent,E01024122,E02006856,CT2 8QA,1.0631626822999345,51.27855586575114,613730.0,157724.0
141841.0,The FitzWimarc School,45.0,1549.0,7430.0,272.0,14.0,Urban: Nearer to a major town or city,East of England,881,Essex,E01021962,E02004570,SS6 8EB,0.61239293455245,51.59046951208781,581060.0,191190.0
116423.0,The Hayling College,32.0,1549.0,7430.0,98.0,33.0,Urban: Nearer to a major town or city,South East,850,Hampshire,E01022938,E02004778,PO11 0NU,-0.97500145444398,50.79615538658973,472335.0,100123.0
137548.0,Writhlington School,36.0,1549.0,7430.0,202.0,19.0,Urban: Nearer to a major town or city,South West,800,Bath and North East Somerset,E01014450,E02003008,BA3 3NQ,-2.43125302840016,51.28708936279302,370022.0,154306.0
141930.0,Stokesley School,52.0,1549.0,7430.0,185.0,9.0,Smaller rural: Nearer to a major town or city,Yorkshire and the Humber,815,North Yorkshire,E01027623,E02005750,TS9 5AL,-1.1829964607105037,54.467553911589256,453052.0,508326.0
137336.0,The Corbet School,60.0,1549.0,7430.0,124.0,11.0,Larger rural: Nearer to a major town or city,West Midlands,893,Shropshire,E01028860,E02006021,SY4 2AX,-2.8509402136777378,52.79361398447229,342717.0,322121.0
139766.0,The Telford Langley School,25.0,1549.0,7430.0,100.0,43.0,Urban: Nearer to a major town or city,West Midlands,894,Telford and Wrekin,E01014164,E02002944,TF4 3JS,-2.464486376194207,52.66282680007606,368682.0,307334.0
111440.0,Helsby High School,53.0,1549.0,7430.0,219.0,13.0,Larger rural: Nearer to a major town or city,North West,896,Cheshire West and Chester,E01018696,E02003877,WA6 0HY,-2.7522288434986804,53.27992949346589,349941.0,376146.0
136125.0,The Bourne Academy,28.0,1549.0,7430.0,144.0,38.0,Urban: Nearer to a major town or city,South West,839,"Bournemouth, Christchurch and Poole",E01015336,E02003178,BH10 5HS,-1.901014599650772,50.75627156139148,407078.0,95192.0
140008.0,Glenmoor Academy,65.0,1549.0,7430.0,99.0,25.0,Urban: Nearer to a major town or city,South West,839,"Bournemouth, Christchurch and Poole",E01015358,E02003178,BH10 4EX,-1.889764647277869,50.74756553694517,407873.0,94225.0
140007.0,Winton Academy,44.0,1549.0,7430.0,100.0,27.0,Urban: Nearer to a major town or city,South West,839,"Bournemouth, Christchurch and Poole",E01015360,E02003183,BH10 4HT,-1.8910695511074525,50.747162052520935,407781.0,94180.0
138385.0,LeAF Studio,29.0,1549.0,7430.0,66.0,18.0,Urban: Nearer to a major town or city,South West,839,"Bournemouth, Christchurch and Poole",E01015312,E02003176,BH11 9JW,-1.920876077617398,50.76511802202508,405676.0,96174.0
137107.0,Kirkby Stephen Grammar School,38.0,1549.0,7430.0,55.0,22.0,Larger rural: Further from a major town or city,North West,943,Westmorland and Furness,E01019318,E02004014,CA17 4HA,-2.3525258696876272,54.47416289540446,377253.0,508812.0
135621.0,Richard Rose Central Academy,28.0,1549.0,7430.0,113.0,31.0,Urban: Nearer to a major town or city,North West,942,Cumberland,E01019237,E02003992,CA1 1LY,-2.9233205122737633,54.89583674962224,340881.0,556068.0
137369.0,Trinity School,37.0,1549.0,7430.0,237.0,20.0,Urban: Nearer to a major town or city,North West,942,Cumberland,E01019206,E02003992,CA1 1JB,-2.9314173503497973,54.896700533022695,340363.0,556171.0
141378.0,The Grange School,24.0,1549.0,7430.0,93.0,39.0,Urban: Nearer to a major town or city,South West,839,"Bournemouth, Christchurch and Poole",E01020348,E02004240,BH23 3AU,-1.7557152012106534,50.74091483054848,417333.0,93508.0
121711.0,Joseph Rowntree School,42.0,1549.0,7430.0,187.0,13.0,Urban: Nearer to a major town or city,Yorkshire and the Humber,816,York,E01013407,E02002775,YO32 4BZ,-1.070676630455868,53.99793216623381,461019.0,456164.0
138172.0,"St Bede's Catholic Comprehensive School and Sixth Form College, Lanchester",52.0,1549.0,7430.0,214.0,19.0,Larger rural: Nearer to a major town or city,North East,840,County Durham,E01020665,E02004306,DH7 0RD,-1.746972003997304,54.82844319519677,416354.0,548207.0
121690.0,Upper Wharfedale School,60.0,1549.0,7430.0,55.0,11.0,Smaller rural: Further from a major town or city,Yorkshire and the Humber,815,North Yorkshire,E01027585,E02007041,BD23 5BS,-2.011888386125995,54.071424092497935,399320.0,463942.0
121663.0,Risedale Sports and Community College,28.0,1549.0,7430.0,85.0,15.0,Urban: Nearer to a major town or city,Yorkshire and the Humber,815,North Yorkshire,E01034965,E02005785,DL9 4BD,-1.7149477373806965,54.37828989130867,418614.0,498124.0
121663.0,Risedale Sports and Community College,28.0,1549.0,7430.0,85.0,15.0,Urban: Nearer to a major town or city,Yorkshire and the Humber,815,North Yorkshire,E01034965,E02005785,DL9 4BD,-1.7149477373806965,54.37828989130867,418614.0,498124.0
121663.0,Risedale Sports and Community College,28.0,1549.0,7430.0,85.0,15.0,Urban: Nearer to a major town or city,Yorkshire and the Humber,815,North Yorkshire,E01034965,E02005785,DL9 4BD,-1.7149477373806965,54.37828989130867,418614.0,498124.0
136357.0,Queen Elizabeth School,57.0,1549.0,7430.0,223.0,7.0,Larger rural: Further from a major town or city,North West,943,Westmorland and Furness,E01019373,E02004023,LA6 2HJ,-2.6038403740577274,54.20172593695309,360707.0,478609.0
121663.0,Risedale Sports and Community College,28.0,1549.0,7430.0,85.0,15.0,Urban: Nearer to a major town or city,Yorkshire and the Humber,815,North Yorkshire,E01034965,E02005785,DL9 4BD,-1.7149477373806965,54.37828989130867,418614.0,498124.0
121663.0,Risedale Sports and Community College,28.0,1549.0,7430.0,85.0,15.0,Urban: Nearer to a major town or city,Yorkshire and the Humber,815,North Yorkshire,E01034965,E02005785,DL9 4BD,-1.7149477373806965,54.37828989130867,418614.0,498124.0
121663.0,Risedale Sports and Community College,28.0,1549.0,7430.0,85.0,15.0,Urban: Nearer to a major town or city,Yorkshire and the Humber,815,North Yorkshire,E01034965,E02005785,DL9 4BD,-1.7149477373806965,54.37828989130867,418614.0,498124.0
121663.0,Risedale Sports and Community College,28.0,1549.0,7430.0,85.0,15.0,Urban: Nearer to a major town or city,Yorkshire and the Humber,815,North Yorkshire,E01034965,E02005785,DL9 4BD,-1.7149477373806965,54.37828989130867,418614.0,498124.0
121663.0,Risedale Sports and Community College,28.0,1549.0,7430.0,85.0,15.0,Urban: Nearer to a major town or city,Yorkshire and the Humber,815,North Yorkshire,E01034965,E02005785,DL9 4BD,-1.7149477373806965,54.37828989130867,418614.0,498124.0
121663.0,Risedale Sports and Community College,28.0,1549.0,7430.0,85.0,15.0,Urban: Nearer to a major town or city,Yorkshire and the Humber,815,North Yorkshire,E01034965,E02005785,DL9 4BD,-1.7149477373806965,54.37828989130867,418614.0,498124.0
112383.0,Dowdales School,45.0,1549.0,7430.0,207.0,18.0,Larger rural: Further from a major town or city,North West,943,Westmorland and Furness,E01019147,E02003977,LA15 8AH,-3.1843335138222972,54.159179675775,322761.0,474355.0
121663.0,Risedale Sports and Community College,28.0,1549.0,7430.0,85.0,15.0,Urban: Nearer to a major town or city,Yorkshire and the Humber,815,North Yorkshire,E01034965,E02005785,DL9 4BD,-1.7149477373806965,54.37828989130867,418614.0,498124.0
121663.0,Risedale Sports and Community College,28.0,1549.0,7430.0,85.0,15.0,Urban: Nearer to a major town or city,Yorkshire and the Humber,815,North Yorkshire,E01034965,E02005785,DL9 4BD,-1.7149477373806965,54.37828989130867,418614.0,498124.0
125764.0,The Avon Valley School and Performing Arts College,30.0,1549.0,7430.0,213.0,25.0,Urban: Nearer to a major town or city,West Midlands,937,Warwickshire,E01031171,E02006494,CV21 1EH,-1.2734858044964965,52.384890164089775,449544.0,276564.0
136451.0,The Academy at Shotton Hall,48.0,1549.0,7430.0,206.0,37.0,Urban: Nearer to a major town or city,North East,840,County Durham,E01020779,E02004329,SR8 1AU,-1.352996385746859,54.7496283177463,441745.0,539599.0
141176.0,Sir John Talbot's Technology College,32.0,1549.0,7430.0,74.0,32.0,Smaller rural: Further from a major town or city,West Midlands,893,Shropshire,E01028895,E02006015,SY13 2BY,-2.6763247343057825,52.958328641220895,354664.0,340319.0
136527.0,Cirencester Deer Park School,46.0,1549.0,7430.0,207.0,18.0,Urban: Nearer to a major town or city,South West,916,Gloucestershire,E01022195,E02004621,GL7 1XB,-1.9879601780628295,51.71239828433569,400928.0,201518.0
116992.0,St Mary's RC High School,61.0,1549.0,7430.0,150.0,11.0,Smaller rural: Further from a major town or city,West Midlands,884,"Herefordshire, County of",E01014022,E02002912,HR1 4DR,-2.65868978007526,52.06406465384149,354941.0,240836.0
136623.0,Chosen Hill School,42.0,1549.0,7430.0,231.0,12.0,Urban: Nearer to a major town or city,South West,916,Gloucestershire,E01022426,E02004672,GL3 2PL,-2.160735792479051,51.879802339700774,389032.0,220149.0
138496.0,The Forest High School,21.0,1549.0,7430.0,47.0,23.0,Urban: Further from a major town or city,South West,916,Gloucestershire,E01022237,E02004629,GL14 2AZ,-2.492815553215051,51.82885353264275,366135.0,214585.0
136924.0,Woodrush Community High School,44.0,1549.0,7430.0,168.0,17.0,Urban: Nearer to a major town or city,West Midlands,885,Worcestershire,E01032135,E02006699,B47 5JW,-1.87856507134622,52.38824301333963,408361.0,276696.0
141063.0,St Augustine's Catholic High School,66.0,1549.0,7430.0,199.0,11.0,Urban: Nearer to a major town or city,West Midlands,885,Worcestershire,E01032230,E02006733,B97 5LX,-1.944166455956753,52.27526728116452,403906.0,264124.0
136469.0,Prince Henry's High School,52.0,1549.0,7430.0,307.0,14.0,Urban: Nearer to a major town or city,West Midlands,885,Worcestershire,E01032376,E02006762,WR11 4QH,-1.941362842163597,52.09891646430113,404113.0,244509.0
138664.0,Waseley Hills High School,28.0,1549.0,7430.0,131.0,15.0,Urban: Nearer to a major town or city,West Midlands,885,Worcestershire,E01032170,E02006698,B45 9EL,-2.031217188108802,52.391392769966465,397972.0,277040.0
137839.0,Looe Community Academy,37.0,1549.0,7430.0,99.0,28.0,Larger rural: Further from a major town or city,South West,908,Cornwall,E01018774,E02003901,PL13 1NQ,-4.449997429197286,50.36492637723,225852.0,54541.0
112055.0,Richard Lander School,44.0,1549.0,7430.0,255.0,19.0,Urban: Further from a major town or city,South West,908,Cornwall,E01018822,E02003909,TR3 6LT,-5.102921469303371,50.25977699075588,178936.0,44586.0
119804.0,"Mount Carmel Roman Catholic High School, Hyndburn",27.0,1549.0,7430.0,149.0,36.0,Urban: Nearer to a major town or city,North West,888,Lancashire,E01025082,E02005217,BB5 0LU,-2.3781647678334217,53.744922355372495,375157.0,427681.0
138041.0,Braunton Academy,43.0,1549.0,7430.0,117.0,13.0,Larger rural: Further from a major town or city,South West,878,Devon,E01020089,E02004179,EX33 2BP,-4.1562715362615,51.102735167280606,249131.0,135927.0
139769.0,William Brookes School,59.0,1549.0,7430.0,152.0,18.0,Larger rural: Nearer to a major town or city,West Midlands,893,Shropshire,E01028851,E02006010,TF13 6NB,-2.5564984186244906,52.6024771753629,362407.0,300665.0
138647.0,Parklands High School,47.0,1549.0,7430.0,214.0,29.0,Urban: Nearer to a major town or city,North West,888,Lancashire,E01024934,E02005196,PR7 1LL,-2.6457114978589797,53.655965044345635,357422.0,417911.0
119707.0,Ashton Community Science College,27.0,1549.0,7430.0,151.0,28.0,Urban: Nearer to a major town or city,North West,888,Lancashire,E01025267,E02005265,PR2 1SL,-2.750092750080202,53.77048739435213,350658.0,430720.0
135649.0,Accrington Academy,26.0,1549.0,7430.0,184.0,36.0,Urban: Nearer to a major town or city,North West,888,Lancashire,E01025059,E02005215,BB5 4FF,-2.3728083930484085,53.761566866158894,375520.0,429531.0
119775.0,Balshaw's Church of England High School,48.0,1549.0,7430.0,185.0,17.0,Urban: Nearer to a major town or city,North West,888,Lancashire,E01025434,E02005302,PR25 3AH,-2.686216549269438,53.68762114897952,354779.0,421458.0
136336.0,Ivybridge Community College,53.0,1549.0,7430.0,353.0,12.0,Urban: Nearer to a major town or city,South West,878,Devon,E01020164,E02004193,PL21 0JA,-3.916089365900132,50.39269668672595,263900.0,56514.0
137421.0,Accrington St Christopher's Church of England High School,52.0,1549.0,7430.0,210.0,10.0,Urban: Nearer to a major town or city,North West,888,Lancashire,E01025034,E02005213,BB5 4AY,-2.377371044496365,53.76122003858041,375219.0,429494.0
139501.0,Carleton Community High School A Specialist Science With Mathematics School,36.0,1549.0,7430.0,146.0,27.0,Urban: Nearer to a major town or city,Yorkshire and the Humber,384,Wakefield,E01011848,E02002460,WF8 3NW,-1.3017419405787514,53.67686086739597,446223.0,420268.0
126458.0,The Stonehenge School,23.0,1549.0,7430.0,113.0,27.0,Urban: Further from a major town or city,South West,865,Wiltshire,E01031974,E02006663,SP4 7PW,-1.7712089411830645,51.17466929013399,416090.0,141740.0
136801.0,Preston Muslim Girls High School,72.0,1549.0,7430.0,75.0,17.0,Urban: Nearer to a major town or city,North West,888,Lancashire,E01025295,E02005266,PR1 5BY,-2.686419206419254,53.7670036310881,354851.0,430290.0
142316.0,Bradon Forest School,50.0,1549.0,7430.0,169.0,13.0,Larger rural: Nearer to a major town or city,South West,865,Wiltshire,E01031956,E02006646,SN5 4AT,-1.8720352696013511,51.585505277513946,408962.0,187413.0
119816.0,St Mary's Catholic High School,54.0,1549.0,7430.0,120.0,18.0,Urban: Nearer to a major town or city,North West,888,Lancashire,E01025445,E02005303,PR25 1BS,-2.7102274844139145,53.6855215984336,353191.0,421240.0
139924.0,Darwen Aldridge Enterprise Studio,16.0,1549.0,7430.0,38.0,55.0,Urban: Nearer to a major town or city,North West,889,Blackburn with Darwen,E01012653,E02002630,BB3 1AF,-2.470795606638604,53.69640029482825,369012.0,422319.0
135580.0,Darwen Aldridge Community Academy,35.0,1549.0,7430.0,191.0,32.0,Urban: Nearer to a major town or city,North West,889,Blackburn with Darwen,E01012654,E02002630,BB3 3HD,-2.4630760695656164,53.69405754264736,369520.0,422055.0
138544.0,Albany Academy,35.0,1549.0,7430.0,120.0,33.0,Urban: Nearer to a major town or city,North West,888,Lancashire,E01024939,E02005198,PR7 3AY,-2.619255606022426,53.64308955681113,359158.0,416463.0
121663.0,Risedale Sports and Community College,28.0,1549.0,7430.0,85.0,15.0,Urban: Nearer to a major town or city,Yorkshire and the Humber,815,North Yorkshire,E01034965,E02005785,DL9 4BD,-1.7149477373806965,54.37828989130867,418614.0,498124.0
145019.0,Kingsbury School - A Specialist Science and Mathematics Academy,36.0,1549.0,7430.0,118.0,19.0,Larger rural: Nearer to a major town or city,West Midlands,937,Warwickshire,E01031033,E02006471,B78 2LF,-1.6832165477383316,52.56633556838753,421569.0,296546.0
137781.0,Ash Green School,36.0,1549.0,7430.0,150.0,27.0,Urban: Nearer to a major town or city,West Midlands,937,Warwickshire,E01031078,E02006806,CV7 9AH,-1.508202344860011,52.46183191754434,433511.0,284988.0
121699.0,Boroughbridge High School,29.0,1549.0,7430.0,125.0,10.0,Larger rural: Nearer to a major town or city,Yorkshire and the Humber,815,North Yorkshire,E01027644,E02005765,YO51 9JX,-1.3954761312180126,54.08873794310658,439641.0,466037.0
140660.0,Colne Valley High School,47.0,1549.0,7430.0,234.0,19.0,Urban: Nearer to a major town or city,Yorkshire and the Humber,382,Kirklees,E01011071,E02002319,HD7 5SP,-1.8464407723766372,53.6241984435339,410254.0,414194.0
135209.0,Oasis Academy Wintringham,35.0,1549.0,7430.0,141.0,47.0,Urban: Nearer to a major town or city,Yorkshire and the Humber,812,North East Lincolnshire,E01013183,E02002741,DN32 0AZ,-0.0788589962503606,53.54924315369761,527381.0,407559.0
136277.0,Healing Science Academy,52.0,1549.0,7430.0,160.0,13.0,Larger rural: Nearer to a major town or city,Yorkshire and the Humber,812,North East Lincolnshire,E01035475,E02002732,DN41 7QD,-0.1647760440685303,53.57514195505341,521615.0,410290.0
118075.0,Withernsea High School,28.0,1549.0,7430.0,117.0,27.0,Larger rural: Further from a major town or city,Yorkshire and the Humber,811,East Riding of Yorkshire,E01013082,E02002714,HU19 2EQ,0.0237225668464889,53.73247093893234,533597.0,428129.0
136667.0,South Hunsley School and Sixth Form College,66.0,1549.0,7430.0,326.0,7.0,Urban: Nearer to a major town or city,Yorkshire and the Humber,811,East Riding of Yorkshire,E01013092,E02002715,HU14 3HS,-0.5373915212242901,53.72837778212525,496594.0,426766.0
137424.0,Batley Girls High School,47.0,1549.0,7430.0,185.0,32.0,Urban: Nearer to a major town or city,Yorkshire and the Humber,382,Kirklees,E01011054,E02002276,WF17 0LD,-1.6458458985360038,53.73185705468335,423462.0,426219.0
107778.0,Spen Valley High School,21.0,1549.0,7430.0,160.0,38.0,Urban: Nearer to a major town or city,Yorkshire and the Humber,382,Kirklees,E01011156,E02002285,WF15 7LX,-1.697906505883134,53.70522400934591,420040.0,423240.0
107769.0,Holmfirth High School,58.0,1549.0,7430.0,259.0,12.0,Urban: Nearer to a major town or city,Yorkshire and the Humber,382,Kirklees,E01011187,E02002329,HD9 7SE,-1.7714157022755814,53.58276054062867,415231.0,409597.0
111731.0,Northfield School and Sports College,33.0,1549.0,7430.0,257.0,26.0,Larger rural: Nearer to a major town or city,North East,808,Stockton-on-Tees,E01012297,E02002535,TS22 5EG,-1.3105940865211316,54.61718237818064,444619.0,524887.0
138845.0,Nunthorpe Academy,48.0,1549.0,7430.0,274.0,24.0,Urban: Nearer to a major town or city,North East,807,Redcar and Cleveland,E01012152,E02006812,TS7 0LA,-1.1627152063633033,54.53141304212452,454282.0,515447.0
137869.0,Salendine Nook High School Academy,47.0,1549.0,7430.0,255.0,20.0,Urban: Nearer to a major town or city,Yorkshire and the Humber,382,Kirklees,E01011207,E02002308,HD3 4GN,-1.8366955349979883,53.653936465629464,410891.0,417504.0
121663.0,Risedale Sports and Community College,28.0,1549.0,7430.0,85.0,15.0,Urban: Nearer to a major town or city,Yorkshire and the Humber,815,North Yorkshire,E01034965,E02005785,DL9 4BD,-1.7149477373806965,54.37828989130867,418614.0,498124.0
142056.0,Bruntcliffe Academy,28.0,1549.0,7430.0,171.0,37.0,Urban: Nearer to a major town or city,Yorkshire and the Humber,383,Leeds,E01011530,E02002435,LS27 0LZ,-1.6201961212011546,53.745602366902745,425146.0,427757.0
142125.0,Mendip Studio School,37.0,1549.0,7430.0,35.0,17.0,Urban: Nearer to a major town or city,South West,800,Bath and North East Somerset,E01014450,E02003008,BA3 3NQ,-2.4314727468200266,51.28605447484949,370006.0,154191.0
126068.0,"Weald School, The",57.0,1549.0,7430.0,239.0,13.0,Larger rural: Nearer to a major town or city,South East,938,West Sussex,E01035342,E02006597,RH14 9RY,-0.4542454583481342,51.01675176322162,508521.0,125290.0
135878.0,Red House Academy,21.0,1549.0,7430.0,102.0,60.0,Urban: Nearer to a major town or city,North East,394,Sunderland,E01008822,E02001794,SR5 5LN,-1.4212621218205517,54.929180857370966,437186.0,559541.0
138304.0,Crawshaw Academy,36.0,1549.0,7430.0,145.0,29.0,Urban: Nearer to a major town or city,Yorkshire and the Humber,383,Leeds,E01011600,E02002408,LS28 9HU,-1.6567073572392228,53.792369323753334,422713.0,432948.0
136386.0,Whitburn Church of England Academy,51.0,1549.0,7430.0,194.0,16.0,Urban: Nearer to a major town or city,North East,393,South Tyneside,E01008687,E02001785,SR6 7EF,-1.3647122258904314,54.9527763380364,440786.0,562198.0
108645.0,Longbenton High School,39.0,1549.0,7430.0,135.0,29.0,Urban: Nearer to a major town or city,North East,392,North Tyneside,E01008471,E02001756,NE12 8ER,-1.57416799645981,55.01856047421765,427327.0,569417.0
108410.0,Kingsmeadow Community Comprehensive School,17.0,1549.0,7430.0,102.0,59.0,Urban: Nearer to a major town or city,North East,390,Gateshead,E01008208,E02001694,NE11 9NX,-1.6534680393713992,54.95020145366141,422294.0,561782.0
137001.0,Crofton Academy,36.0,1549.0,7430.0,202.0,19.0,Larger rural: Nearer to a major town or city,Yorkshire and the Humber,384,Wakefield,E01011765,E02002469,WF4 1NF,-1.429451884388138,53.65644838993954,437805.0,417922.0
137383.0,Woodkirk Academy,51.0,1549.0,7430.0,301.0,18.0,Urban: Nearer to a major town or city,Yorkshire and the Humber,383,Leeds,E01011550,E02002435,WF3 1JQ,-1.58553599814225,53.729893227132536,427442.0,426022.0
108271.0,"Kettlethorpe High School, A Specialist Maths and Computing College",41.0,1549.0,7430.0,275.0,24.0,Urban: Nearer to a major town or city,Yorkshire and the Humber,384,Wakefield,E01011940,E02002474,WF2 7EL,-1.4980198033306262,53.64679731493397,433281.0,416814.0
138006.0,De Lacy Academy,27.0,1549.0,7430.0,104.0,32.0,Urban: Nearer to a major town or city,Yorkshire and the Humber,384,Wakefield,E01011805,E02002447,WF11 0BZ,-1.2422827416834012,53.70444404225152,450118.0,423377.0
138593.0,The Featherstone Academy,27.0,1549.0,7430.0,73.0,38.0,Urban: Nearer to a major town or city,Yorkshire and the Humber,384,Wakefield,E01011779,E02002464,WF7 5AJ,-1.3421798359335957,53.67568701368872,443553.0,420112.0
108075.0,Ralph Thoresby School,32.0,1549.0,7430.0,146.0,36.0,Urban: Nearer to a major town or city,Yorkshire and the Humber,383,Leeds,E01011379,E02002346,LS16 7RX,-1.6078051567861231,53.85676211067028,425895.0,440129.0
121663.0,Risedale Sports and Community College,28.0,1549.0,7430.0,85.0,15.0,Urban: Nearer to a major town or city,Yorkshire and the Humber,815,North Yorkshire,E01034965,E02005785,DL9 4BD,-1.7149477373806965,54.37828989130867,418614.0,498124.0
141307.0,Ryburn Valley High School,35.0,1549.0,7430.0,235.0,25.0,Urban: Nearer to a major town or city,Yorkshire and the Humber,381,Calderdale,E01010958,E02002263,HX6 1DF,-1.9317389266442624,53.7031215285955,404604.0,422966.0
121663.0,Risedale Sports and Community College,28.0,1549.0,7430.0,85.0,15.0,Urban: Nearer to a major town or city,Yorkshire and the Humber,815,North Yorkshire,E01034965,E02005785,DL9 4BD,-1.7149477373806965,54.37828989130867,418614.0,498124.0
137172.0,Alcester Academy,71.0,1549.0,7430.0,107.0,18.0,Larger rural: Nearer to a major town or city,West Midlands,937,Warwickshire,E01031208,E02006510,B49 6QQ,-1.857181397827464,52.22053244806675,409853.0,258044.0
121663.0,Risedale Sports and Community College,28.0,1549.0,7430.0,85.0,15.0,Urban: Nearer to a major town or city,Yorkshire and the Humber,815,North Yorkshire,E01034965,E02005785,DL9 4BD,-1.7149477373806965,54.37828989130867,418614.0,498124.0
139211.0,Outwood Academy Shafton,41.0,1549.0,7430.0,185.0,44.0,Urban: Nearer to a major town or city,Yorkshire and the Humber,370,Barnsley,E01007331,E02001511,S72 8RE,-1.403924148872991,53.5869516444676,439557.0,410204.0
131749.0,Barnsley Academy,28.0,1549.0,7430.0,154.0,53.0,Urban: Nearer to a major town or city,Yorkshire and the Humber,370,Barnsley,E01007317,E02001526,S70 3DL,-1.453228954080683,53.53650348751213,436336.0,404565.0
135942.0,De Warenne Academy,32.0,1549.0,7430.0,107.0,38.0,Urban: Nearer to a major town or city,Yorkshire and the Humber,371,Doncaster,E01007539,E02001573,DN12 3JY,-1.2390004623755786,53.48369385233027,450597.0,398820.0
137899.0,Hungerhill School,52.0,1549.0,7430.0,223.0,15.0,Urban: Nearer to a major town or city,Yorkshire and the Humber,371,Doncaster,E01007478,E02001549,DN3 2JY,-1.0740682296452886,53.5513217120546,461444.0,406473.0
140646.0,Wickersley School and Sports College,50.0,1549.0,7430.0,303.0,18.0,Urban: Nearer to a major town or city,Yorkshire and the Humber,372,Rotherham,E01007687,E02007002,S66 1JL,-1.274231524620666,53.42188188353622,448329.0,391919.0
121663.0,Risedale Sports and Community College,28.0,1549.0,7430.0,85.0,15.0,Urban: Nearer to a major town or city,Yorkshire and the Humber,815,North Yorkshire,E01034965,E02005785,DL9 4BD,-1.7149477373806965,54.37828989130867,418614.0,498124.0
139992.0,Wingfield Academy,32.0,1549.0,7430.0,155.0,41.0,Urban: Nearer to a major town or city,Yorkshire and the Humber,372,Rotherham,E01007730,E02001586,S61 4AU,-1.382923574809141,53.44886452136567,441080.0,394853.0
136301.0,Brinsworth Academy,41.0,1549.0,7430.0,210.0,26.0,Urban: Nearer to a major town or city,Yorkshire and the Humber,372,Rotherham,E01007705,E02001602,S60 5EJ,-1.3779445431526849,53.40305877537709,441455.0,389760.0
142031.0,Beckfoot Upper Heaton,27.0,1549.0,7430.0,63.0,43.0,Urban: Nearer to a major town or city,Yorkshire and the Humber,380,Bradford,E01010674,E02002212,BD9 6AL,-1.810845256093839,53.81851469003904,412551.0,435819.0
138087.0,Belle Vue Girls' Academy,33.0,1549.0,7430.0,177.0,39.0,Urban: Nearer to a major town or city,Yorkshire and the Humber,380,Bradford,E01010669,E02002212,BD9 6NA,-1.813451463231845,53.81991190380528,412379.0,435974.0
121663.0,Risedale Sports and Community College,28.0,1549.0,7430.0,85.0,15.0,Urban: Nearer to a major town or city,Yorkshire and the Humber,815,North Yorkshire,E01034965,E02005785,DL9 4BD,-1.7149477373806965,54.37828989130867,418614.0,498124.0
121663.0,Risedale Sports and Community College,28.0,1549.0,7430.0,85.0,15.0,Urban: Nearer to a major town or city,Yorkshire and the Humber,815,North Yorkshire,E01034965,E02005785,DL9 4BD,-1.7149477373806965,54.37828989130867,418614.0,498124.0
121663.0,Risedale Sports and Community College,28.0,1549.0,7430.0,85.0,15.0,Urban: Nearer to a major town or city,Yorkshire and the Humber,815,North Yorkshire,E01034965,E02005785,DL9 4BD,-1.7149477373806965,54.37828989130867,418614.0,498124.0
121663.0,Risedale Sports and Community College,28.0,1549.0,7430.0,85.0,15.0,Urban: Nearer to a major town or city,Yorkshire and the Humber,815,North Yorkshire,E01034965,E02005785,DL9 4BD,-1.7149477373806965,54.37828989130867,418614.0,498124.0
121663.0,Risedale Sports and Community College,28.0,1549.0,7430.0,85.0,15.0,Urban: Nearer to a major town or city,Yorkshire and the Humber,815,North Yorkshire,E01034965,E02005785,DL9 4BD,-1.7149477373806965,54.37828989130867,418614.0,498124.0
121663.0,Risedale Sports and Community College,28.0,1549.0,7430.0,85.0,15.0,Urban: Nearer to a major town or city,Yorkshire and the Humber,815,North Yorkshire,E01034965,E02005785,DL9 4BD,-1.7149477373806965,54.37828989130867,418614.0,498124.0
121663.0,Risedale Sports and Community College,28.0,1549.0,7430.0,85.0,15.0,Urban: Nearer to a major town or city,Yorkshire and the Humber,815,North Yorkshire,E01034965,E02005785,DL9 4BD,-1.7149477373806965,54.37828989130867,418614.0,498124.0
121663.0,Risedale Sports and Community College,28.0,1549.0,7430.0,85.0,15.0,Urban: Nearer to a major town or city,Yorkshire and the Humber,815,North Yorkshire,E01034965,E02005785,DL9 4BD,-1.7149477373806965,54.37828989130867,418614.0,498124.0
121663.0,Risedale Sports and Community College,28.0,1549.0,7430.0,85.0,15.0,Urban: Nearer to a major town or city,Yorkshire and the Humber,815,North Yorkshire,E01034965,E02005785,DL9 4BD,-1.7149477373806965,54.37828989130867,418614.0,498124.0
121663.0,Risedale Sports and Community College,28.0,1549.0,7430.0,85.0,15.0,Urban: Nearer to a major town or city,Yorkshire and the Humber,815,North Yorkshire,E01034965,E02005785,DL9 4BD,-1.7149477373806965,54.37828989130867,418614.0,498124.0
121663.0,Risedale Sports and Community College,28.0,1549.0,7430.0,85.0,15.0,Urban: Nearer to a major town or city,Yorkshire and the Humber,815,North Yorkshire,E01034965,E02005785,DL9 4BD,-1.7149477373806965,54.37828989130867,418614.0,498124.0
121663.0,Risedale Sports and Community College,28.0,1549.0,7430.0,85.0,15.0,Urban: Nearer to a major town or city,Yorkshire and the Humber,815,North Yorkshire,E01034965,E02005785,DL9 4BD,-1.7149477373806965,54.37828989130867,418614.0,498124.0
121663.0,Risedale Sports and Community College,28.0,1549.0,7430.0,85.0,15.0,Urban: Nearer to a major town or city,Yorkshire and the Humber,815,North Yorkshire,E01034965,E02005785,DL9 4BD,-1.7149477373806965,54.37828989130867,418614.0,498124.0
121663.0,Risedale Sports and Community College,28.0,1549.0,7430.0,85.0,15.0,Urban: Nearer to a major town or city,Yorkshire and the Humber,815,North Yorkshire,E01034965,E02005785,DL9 4BD,-1.7149477373806965,54.37828989130867,418614.0,498124.0
121663.0,Risedale Sports and Community College,28.0,1549.0,7430.0,85.0,15.0,Urban: Nearer to a major town or city,Yorkshire and the Humber,815,North Yorkshire,E01034965,E02005785,DL9 4BD,-1.7149477373806965,54.37828989130867,418614.0,498124.0
137073.0,Kingstone High School,49.0,1549.0,7430.0,70.0,13.0,Larger rural: Further from a major town or city,West Midlands,884,"Herefordshire, County of",E01014098,E02002925,HR2 9HJ,-2.846145781087774,52.022020748043246,342036.0,236293.0
137033.0,Katharine Lady Berkeley's School,51.0,1549.0,7430.0,228.0,10.0,Smaller rural: Further from a major town or city,South West,916,Gloucestershire,E01022415,E02004665,GL12 8RB,-2.364150079076578,51.63159314991702,374892.0,192594.0
135003.0,Unity College,36.0,1549.0,7430.0,174.0,37.0,Urban: Nearer to a major town or city,North West,888,Lancashire,E01024866,E02005183,BB11 3DF,-2.221703682208907,53.7826405634173,385489.0,431834.0
116952.0,Weobley High School,48.0,1549.0,7430.0,91.0,24.0,Larger rural: Further from a major town or city,West Midlands,884,"Herefordshire, County of",E01014016,E02002911,HR4 8ST,-2.8697692276732023,52.15565130475116,340593.0,251175.0
106521.0,Cansfield High School,37.0,1549.0,7430.0,174.0,22.0,Urban: Nearer to a major town or city,North West,359,Wigan,E01006261,E02001322,WN4 9TP,-2.6449780898147472,53.49362732255968,357307.0,399850.0
138699.0,The Byrchall High School,48.0,1549.0,7430.0,193.0,19.0,Urban: Nearer to a major town or city,North West,359,Wigan,E01006225,E02001322,WN4 9PQ,-2.64067825106628,53.48139029875233,357580.0,398486.0
137783.0,Lowton Church of England High School,26.0,1549.0,7430.0,122.0,33.0,Urban: Nearer to a major town or city,North West,359,Wigan,E01006302,E02001326,WA3 1DU,-2.546153882624539,53.47570259999631,363848.0,397801.0
106540.0,"St Edmund Arrowsmith Catholic High School, Ashton-in-Makerfield",48.0,1549.0,7430.0,235.0,11.0,Urban: Nearer to a major town or city,North West,359,Wigan,E01006225,E02001322,WN4 9PF,-2.6398518156427104,53.482545234435214,357636.0,398614.0
143035.0,St Catherine's College,33.0,1549.0,7430.0,203.0,26.0,Urban: Nearer to a major town or city,South East,845,East Sussex,E01020956,E02004358,BN23 7BL,0.3172994370377176,50.79861994201705,563397.0,102455.0
137634.0,Churchdown School,26.0,1549.0,7430.0,204.0,24.0,Urban: Nearer to a major town or city,South West,916,Gloucestershire,E01022425,E02004672,GL3 2RB,-2.177930153169576,51.881899638295806,387849.0,220385.0
112956.0,Littleover Community School,61.0,1549.0,7430.0,279.0,11.0,Urban: Nearer to a major town or city,East Midlands,831,Derby,E01013544,E02002816,DE23 4BZ,-1.525624456002143,52.89974914858584,432007.0,333693.0
139234.0,The JCB Academy,42.0,1549.0,7430.0,178.0,7.0,Larger rural: Nearer to a major town or city,West Midlands,860,Staffordshire,E01029423,E02006131,ST14 5JX,-1.8374286741132648,52.95068132966414,411020.0,339266.0
138110.0,Hawkley Hall High School,45.0,1549.0,7430.0,194.0,22.0,Urban: Nearer to a major town or city,North West,359,Wigan,E01006407,E02001306,WN3 5NY,-2.6357002852497486,53.523320946772536,357952.0,403148.0
136136.0,"Landau Forte Academy, Amington",31.0,1549.0,7430.0,176.0,32.0,Urban: Nearer to a major town or city,West Midlands,860,Staffordshire,E01029844,E02006220,B77 4FF,-1.6612868534451777,52.632287219943514,423021.0,303889.0
140802.0,St John Fisher Catholic College,43.0,1549.0,7430.0,163.0,26.0,Urban: Nearer to a major town or city,West Midlands,860,Staffordshire,E01029555,E02006168,ST5 2SJ,-2.2351740647190694,53.01602734002038,384320.0,346549.0
142278.0,Clayton Hall Academy,37.0,1549.0,7430.0,192.0,18.0,Urban: Nearer to a major town or city,West Midlands,860,Staffordshire,E01033257,E02006172,ST5 3DN,-2.218907910107826,52.988838878973745,385402.0,343521.0
142015.0,Wolstanton High Academy,37.0,1549.0,7430.0,142.0,26.0,Urban: Nearer to a major town or city,West Midlands,860,Staffordshire,E01029612,E02006166,ST5 9JU,-2.2230683440142394,53.027125130071944,385136.0,347781.0
142313.0,Kingsmead School,27.0,1549.0,7430.0,183.0,18.0,Urban: Nearer to a major town or city,West Midlands,860,Staffordshire,E01029393,E02006125,WS12 1DH,-1.9951290644486168,52.70229592890313,400426.0,311623.0
136844.0,The Hazeley Academy,39.0,1549.0,7430.0,232.0,18.0,Urban: Nearer to a major town or city,South East,826,Milton Keynes,E01033522,E02007015,MK8 0PT,-0.8115360422930792,52.019376671534175,481650.0,236327.0
109669.0,Sandy Upper School,44.0,1549.0,7430.0,138.0,18.0,Urban: Nearer to a major town or city,East of England,823,Central Bedfordshire,E01017433,E02003599,SG19 1BL,-0.2902494644452548,52.137850364095,517109.0,250216.0
136323.0,John Taylor High School,64.0,1549.0,7430.0,226.0,12.0,Larger rural: Nearer to a major town or city,West Midlands,860,Staffordshire,E01029441,E02006145,DE13 8AZ,-1.7207579493405805,52.76485097720379,418939.0,318618.0
136681.0,Discovery Academy,23.0,1549.0,7430.0,159.0,55.0,Urban: Nearer to a major town or city,West Midlands,861,Stoke-on-Trent,E01014223,E02002967,ST2 0GA,-2.116661457760641,53.00692549343055,392269.0,345517.0
137384.0,Cannock Chase High School,31.0,1549.0,7430.0,158.0,34.0,Urban: Nearer to a major town or city,West Midlands,860,Staffordshire,E01029367,E02006128,WS11 1JT,-2.0237147217085076,52.69422076985092,398494.0,310725.0
106529.0,Shevington High School,35.0,1549.0,7430.0,106.0,19.0,Urban: Nearer to a major town or city,North West,359,Wigan,E01006318,E02001289,WN6 8AB,-2.6842460664319616,53.57990610432463,354794.0,409473.0
106525.0,Golborne High School,46.0,1549.0,7430.0,151.0,25.0,Urban: Nearer to a major town or city,North West,359,Wigan,E01006340,E02001325,WA3 3EL,-2.5871611662495555,53.480838284000335,361131.0,398394.0
106537.0,St Peter's Catholic High School,43.0,1549.0,7430.0,191.0,12.0,Urban: Nearer to a major town or city,North West,359,Wigan,E01006363,E02001304,WN5 8NU,-2.7005085803414977,53.541215112097085,353675.0,405179.0
137178.0,Bentley Wood High School,48.0,1549.0,7430.0,172.0,42.0,Urban: Nearer to a major town or city,London,310,Harrow,E01002225,E02000433,HA7 3JW,-0.3323567959359808,51.61731700611797,515553.0,192260.0
103563.0,Colmers School and Sixth Form College,30.0,1549.0,7430.0,182.0,44.0,Urban: Nearer to a major town or city,West Midlands,330,Birmingham,E01009159,E02001956,B45 9NY,-2.003298173885081,52.39632402484922,399872.0,277588.0
137209.0,Tile Hill Wood School and Language College,29.0,1549.0,7430.0,157.0,22.0,Urban: Nearer to a major town or city,West Midlands,331,Coventry,E01009701,E02001986,CV4 9PW,-1.589583313019432,52.40422716009133,428018.0,278546.0
136909.0,Heart of England School,56.0,1549.0,7430.0,200.0,11.0,Larger rural: Nearer to a major town or city,West Midlands,334,Solihull,E01010169,E02002105,CV7 7FW,-1.647581692904733,52.3861456819765,424082.0,276514.0
136620.0,Shire Oak Academy,31.0,1549.0,7430.0,232.0,27.0,Urban: Nearer to a major town or city,West Midlands,335,Walsall,E01010250,E02002113,WS9 9PA,-1.9211798546747576,52.63498182960418,405431.0,304138.0
142594.0,Pool Hayes Academy,25.0,1549.0,7430.0,174.0,42.0,Urban: Nearer to a major town or city,West Midlands,335,Walsall,E01010380,E02002129,WV12 4QZ,-2.052484359879156,52.60158119532299,396542.0,300421.0
116475.0,Warblington School,22.0,1549.0,7430.0,130.0,27.0,Urban: Nearer to a major town or city,South East,850,Hampshire,E01022955,E02004775,PO9 2RR,-0.9692369529473456,50.85308418996155,472653.0,106459.0
104712.0,St Julie's Catholic High School,32.0,1549.0,7430.0,145.0,35.0,Urban: Nearer to a major town or city,North West,341,Liverpool,E01006533,E02001401,L25 7TN,-2.865594019332854,53.372385703654246,342507.0,386517.0
137604.0,Greenbank High School,54.0,1549.0,7430.0,164.0,22.0,Urban: Nearer to a major town or city,North West,343,Sefton,E01006974,E02001437,PR8 2LT,-3.027686347311279,53.622499272753615,332124.0,414485.0
136652.0,The Arnewood School Academy,33.0,1549.0,7430.0,157.0,30.0,Urban: Nearer to a major town or city,South East,850,Hampshire,E01023055,E02004798,BH25 6RS,-1.663768570773004,50.750588259157034,423816.0,94609.0
104962.0,Holy Family Catholic High School,38.0,1549.0,7430.0,134.0,33.0,Urban: Nearer to a major town or city,North West,343,Sefton,E01007037,E02001449,L23 4UL,-3.0078736287879786,53.50028669087111,333242.0,400870.0
142296.0,Little Lever School,26.0,1549.0,7430.0,174.0,33.0,Urban: Nearer to a major town or city,North West,350,Bolton,E01004912,E02001007,BL3 1BT,-2.3838801494016986,53.561877538152096,374670.0,407318.0
105354.0,The Elton High School,45.0,1549.0,7430.0,196.0,19.0,Urban: Nearer to a major town or city,North West,351,Bury,E01004963,E02001024,BL8 1RN,-2.328530062623568,53.60028786901702,378356.0,411573.0
116466.0,The Henry Cort Community College,49.0,1549.0,7430.0,168.0,20.0,Urban: Nearer to a major town or city,South East,850,Hampshire,E01022732,E02004729,PO15 6PH,-1.219634231464854,50.862006109998184,455017.0,107235.0
116440.0,The Vyne Community School,34.0,1549.0,7430.0,68.0,35.0,Urban: Nearer to a major town or city,South East,850,Hampshire,E01022525,E02004683,RG21 5PB,-1.0890837680779486,51.27396244000024,463638.0,153151.0
137063.0,Portslade Aldridge Community Academy,50.0,1549.0,7430.0,123.0,26.0,Urban: Nearer to a major town or city,South East,846,Brighton and Hove,E01016918,E02003495,BN41 2WS,-0.2257464676322118,50.850637078369864,524992.0,107180.0
143319.0,Middleton Technology School,37.0,1549.0,7430.0,192.0,39.0,Urban: Nearer to a major town or city,North West,354,Rochdale,E01005542,E02001154,M24 2GT,-2.1804457884113,53.5476891489794,388141.0,405686.0
114590.0,Uckfield Community Technology College,53.0,1549.0,7430.0,261.0,7.0,Urban: Further from a major town or city,South East,845,East Sussex,E01021223,E02004411,TN22 3DJ,0.1023212872072805,50.97448214947116,547692.0,121556.0
135071.0,Salford City Academy,21.0,1549.0,7430.0,101.0,57.0,Urban: Nearer to a major town or city,North West,355,Salford,E01005732,E02001181,M30 7PQ,-2.380807015926608,53.478538144636055,374824.0,398045.0
136783.0,The Kings of Wessex Academy,54.0,1549.0,7430.0,287.0,12.0,Larger rural: Nearer to a major town or city,South West,933,Somerset,E01029127,E02006061,BS27 3AQ,-2.779268346825852,51.27447302348889,345738.0,153103.0
136839.0,Ansford Academy Trust,39.0,1549.0,7430.0,117.0,16.0,Larger rural: Further from a major town or city,South West,933,Somerset,E01029168,E02006076,BA7 7JJ,-2.5129917974002196,51.09529154523593,364173.0,133013.0
142755.0,Westwood College,43.0,1549.0,7430.0,165.0,14.0,Urban: Nearer to a major town or city,West Midlands,860,Staffordshire,E01029815,E02006209,ST13 8NP,-2.0525035219427736,53.104107866289915,396582.0,356323.0
135961.0,Outwood Grange Academy,68.0,1549.0,7430.0,355.0,11.0,Urban: Nearer to a major town or city,Yorkshire and the Humber,384,Wakefield,E01011886,E02002451,WF1 2PF,-1.5126833563091715,53.70812063411312,432265.0,423630.0
140868.0,Fairfield High School,58.0,1549.0,7430.0,88.0,16.0,Smaller rural: Further from a major town or city,West Midlands,884,"Herefordshire, County of",E01014019,E02002924,HR2 0SG,-2.95655554700314,52.03762876723935,334483.0,238123.0
139655.0,Brymore Academy,17.0,1549.0,7430.0,52.0,23.0,Smaller rural: Further from a major town or city,South West,933,Somerset,E01029122,E02006067,TA5 2NB,-3.0796239302501904,51.14901137275624,324582.0,139416.0
138562.0,King's Leadership Academy Warrington,65.0,1549.0,7430.0,43.0,9.0,Urban: Nearer to a major town or city,North West,877,Warrington,E01012556,E02002603,WA1 4PF,-2.53952913857225,53.40234177123923,364226.0,389636.0
140002.0,The Blyth Academy,18.0,1549.0,7430.0,143.0,50.0,Urban: Nearer to a major town or city,North East,929,Northumberland,E01035633,E02005712,NE24 4JP,-1.5477422924891284,55.12368244039086,428941.0,581126.0
136791.0,West Somerset College,43.0,1549.0,7430.0,222.0,22.0,Urban: Further from a major town or city,South West,933,Somerset,E01029322,E02006114,TA24 6AY,-3.462639663432562,51.19641297590165,297898.0,145150.0
136913.0,Crispin School Academy,52.0,1549.0,7430.0,174.0,20.0,Urban: Further from a major town or city,South West,933,Somerset,E01029071,E02006060,BA16 0AD,-2.7324503785678957,51.13036059968118,348844.0,137043.0
137217.0,Cirencester Kingshill School,37.0,1549.0,7430.0,152.0,13.0,Urban: Nearer to a major town or city,South West,916,Gloucestershire,E01022188,E02004620,GL7 1HS,-1.944548243400466,51.71668388106708,403927.0,201996.0
137538.0,Cams Hill School,46.0,1795.0,7196.0,209.0,10.0,Urban: Nearer to a major town or city,South East,850,Hampshire,E01022766,E02004734,PO16 8AH,-1.1588843364601855,50.85044151740368,459307.0,105996.0
138120.0,Kenton School,29.0,1796.0,7178.0,294.0,46.0,Urban: Nearer to a major town or city,North East,391,Newcastle upon Tyne,E01008377,E02001715,NE3 3RU,-1.65641363431106,55.0043250495016,422076.0,567804.0
136106.0,The Eastbourne Academy,27.0,1796.0,7178.0,121.0,50.0,Urban: Nearer to a major town or city,South East,845,East Sussex,E01020921,E02004359,BN22 9RQ,0.2689276117854409,50.8017207930756,559978.0,102694.0
114598.0,Priory School,60.0,1796.0,7178.0,224.0,14.0,Urban: Nearer to a major town or city,South East,845,East Sussex,E01021039,E02004383,BN7 2XN,0.0162656309036036,50.869065113451946,541971.0,109666.0
140292.0,South Bromsgrove High,50.0,1799.0,7124.0,326.0,13.0,Urban: Nearer to a major town or city,West Midlands,885,Worcestershire,E01032158,E02006707,B60 3NL,-2.0636001409935405,52.325383033682805,395762.0,269699.0
143367.0,"Salesian School, Chertsey",81.0,1799.0,7124.0,222.0,11.0,Urban: Nearer to a major town or city,South East,936,Surrey,E01030655,E02006399,KT16 9LU,-0.5186378206555674,51.38178034517117,503187.0,165789.0
136672.0,The Hayfield School,62.0,1799.0,7124.0,179.0,16.0,Larger rural: Nearer to a major town or city,Yorkshire and the Humber,371,Doncaster,E01034244,E02001576,DN9 3HG,-1.024175125874436,53.492453412792145,464839.0,399968.0
143938.0,Outwood Academy Danum,48.0,1799.0,7124.0,224.0,42.0,Urban: Nearer to a major town or city,Yorkshire and the Humber,371,Doncaster,E01007566,E02001556,DN2 5QD,-1.0832100892631868,53.53405283563281,460863.0,404544.0
140204.0,Bradford Girls' Grammar School,46.0,1799.0,7124.0,97.0,31.0,Urban: Nearer to a major town or city,Yorkshire and the Humber,380,Bradford,E01010810,E02002219,BD9 6RB,-1.7962291739587968,53.8037684990085,413518.0,434181.0
141264.0,Whalley Range 11-18 High School,47.0,1799.0,7124.0,265.0,47.0,Urban: Nearer to a major town or city,North West,352,Manchester,E01005181,E02001074,M16 8GW,-2.2470108507245525,53.44275625094293,383690.0,394025.0
137541.0,Lynn Grove Academy,44.0,1799.0,7124.0,206.0,17.0,Urban: Further from a major town or city,East of England,926,Norfolk,E01026581,E02005545,NR31 8AP,1.7090633616873006,52.58359185017352,651362.0,304880.0
138032.0,King Charles I School,38.0,1799.0,7124.0,172.0,30.0,Urban: Nearer to a major town or city,West Midlands,885,Worcestershire,E01032466,E02006773,DY10 1XA,-2.234332127427667,52.383388158464854,384147.0,276175.0
140650.0,Esher Church of England High School,52.0,1799.0,7124.0,207.0,22.0,Urban: Nearer to a major town or city,South East,936,Surrey,E01030310,E02006329,KT10 8AP,-0.3710817625064148,51.37528939059733,513471.0,165285.0
140149.0,St Margaret Ward Catholic Academy,43.0,1799.0,7124.0,196.0,18.0,Urban: Nearer to a major town or city,West Midlands,861,Stoke-on-Trent,E01014241,E02002956,ST6 6LZ,-2.1972066326335677,53.06765750891629,386883.0,352285.0
140534.0,Attleborough Academy Norfolk,39.0,1799.0,7124.0,134.0,14.0,Urban: Nearer to a major town or city,East of England,926,Norfolk,E01026449,E02005513,NR17 2AJ,1.0188886488948532,52.51967543037258,604917.0,295591.0
136897.0,The Chantry School,58.0,1799.0,7124.0,139.0,7.0,Smaller rural: Nearer to a major town or city,West Midlands,885,Worcestershire,E01032199,E02006711,WR6 6QA,-2.3578223691473856,52.23827113313493,375662.0,260068.0
138491.0,The Bishop Wand Church of England School,55.0,1799.0,7124.0,173.0,11.0,Urban: Nearer to a major town or city,South East,936,Surrey,E01030717,E02006413,TW16 6LT,-0.4258489815540953,51.410641878265814,509575.0,169133.0
137101.0,Hanley Castle High School,52.0,1799.0,7124.0,160.0,14.0,Smaller rural: Nearer to a major town or city,West Midlands,885,Worcestershire,E01032217,E02006714,WR8 0BL,-2.2352853787378404,52.07631700346815,383971.0,242020.0
105097.0,Ridgeway High School,25.0,1799.0,7124.0,109.0,59.0,Urban: Nearer to a major town or city,North West,344,Wirral,E01007163,E02001490,CH43 9EB,-3.073185535753886,53.38030930648097,328709.0,387586.0
142490.0,"Christ's College, Guildford",46.0,1799.0,7124.0,110.0,24.0,Urban: Nearer to a major town or city,South East,936,Surrey,E01030483,E02006350,GU1 1JY,-0.5810635427615026,51.25558709532845,499114.0,151670.0
142284.0,The Bishop David Brown School,17.0,1799.0,7124.0,115.0,31.0,Urban: Nearer to a major town or city,South East,936,Surrey,E01030984,E02006459,GU21 5RF,-0.5245026693029882,51.33607380637393,502881.0,160698.0
137314.0,Woolmer Hill School,58.0,1799.0,7124.0,130.0,15.0,Urban: Nearer to a major town or city,South East,936,Surrey,E01030929,E02006455,GU27 1QB,-0.7485433076334264,51.092862330340026,487735.0,133362.0
140979.0,Kirk Balk Academy,43.0,1799.0,7124.0,218.0,27.0,Urban: Nearer to a major town or city,Yorkshire and the Humber,370,Barnsley,E01007397,E02001536,S74 9HX,-1.4493838027427337,53.50137670315293,436621.0,400659.0
137237.0,Thamesmead School,55.0,1799.0,7124.0,191.0,9.0,Urban: Nearer to a major town or city,South East,936,Surrey,E01030732,E02006415,TW17 9EE,-0.4420798281425851,51.39383538695585,508486.0,167240.0
137252.0,William Howard School,49.0,1799.0,7124.0,250.0,9.0,Larger rural: Nearer to a major town or city,North West,942,Cumberland,E01019202,E02003988,CA8 1AR,-2.7425414402969848,54.94403060735405,352532.0,561293.0
112393.0,Ullswater Community College,37.0,1799.0,7124.0,219.0,16.0,Urban: Nearer to a major town or city,North West,943,Westmorland and Furness,E01019333,E02004010,CA11 8NG,-2.7492140437193178,54.65940904667751,351766.0,529626.0
136925.0,Pershore High School,51.0,1799.0,7124.0,220.0,15.0,Smaller rural: Nearer to a major town or city,West Midlands,885,Worcestershire,E01032409,E02006759,WR10 2BX,-2.07489560294754,52.125375787305195,394969.0,247453.0
142306.0,Cockermouth School,52.0,1799.0,7124.0,215.0,16.0,Larger rural: Further from a major town or city,North West,942,Cumberland,E01019079,E02003971,CA13 9HF,-3.3510583785955057,54.667194420134045,312959.0,531073.0
137205.0,Dallam School,44.0,1799.0,7124.0,136.0,9.0,Larger rural: Further from a major town or city,North West,943,Westmorland and Furness,E01019382,E02004025,LA7 7DD,-2.768506644935009,54.22871161328305,349998.0,481716.0
125271.0,Ash Manor School,39.0,1799.0,7124.0,197.0,22.0,Urban: Nearer to a major town or city,South East,936,Surrey,E01030425,E02006357,GU12 6QH,-0.72850791089368,51.24068289923832,488854.0,149824.0
105989.0,St Ambrose Barlow RC High School,37.0,1799.0,7124.0,203.0,18.0,Urban: Nearer to a major town or city,North West,355,Salford,E01005691,E02001162,M27 9QP,-2.3579832860082415,53.52015361221346,376362.0,402667.0
137079.0,The George Eliot School,23.0,1799.0,7124.0,142.0,30.0,Urban: Nearer to a major town or city,West Midlands,937,Warwickshire,E01031117,E02006483,CV11 4QP,-1.4581905485767284,52.50849709946676,436870.0,290203.0
137767.0,Higham Lane School,59.0,1799.0,7124.0,243.0,15.0,Urban: Nearer to a major town or city,West Midlands,937,Warwickshire,E01031112,E02006475,CV10 0BJ,-1.4554403114559114,52.533099155752105,437036.0,292941.0
136991.0,Henley In Arden School,50.0,1799.0,7124.0,119.0,13.0,Larger rural: Nearer to a major town or city,West Midlands,937,Warwickshire,E01031202,E02006505,B95 6AF,-1.7787585737906697,52.286401998790566,415188.0,265384.0
136987.0,The Swinton High School,31.0,1799.0,7124.0,125.0,39.0,Urban: Nearer to a major town or city,North West,355,Salford,E01005686,E02001162,M27 6JU,-2.340414482022648,53.51663699185965,377525.0,402270.0
137771.0,Etone College,49.0,1799.0,7124.0,142.0,30.0,Urban: Nearer to a major town or city,West Midlands,937,Warwickshire,E01031102,E02006477,CV11 6AA,-1.458135383025876,52.526144251890095,436859.0,292166.0
136786.0,Studley High School,52.0,1799.0,7124.0,149.0,13.0,Urban: Nearer to a major town or city,West Midlands,937,Warwickshire,E01031241,E02006506,B80 7QX,-1.8982624856628856,52.26906060931272,407039.0,263437.0
139936.0,Nicholas Chamberlaine Technology College,30.0,1799.0,7124.0,194.0,26.0,Urban: Nearer to a major town or city,West Midlands,937,Warwickshire,E01031095,E02006489,CV12 9EA,-1.4593548692350486,52.47967138569194,436815.0,286996.0
136986.0,The Coleshill School,26.0,1799.0,7124.0,107.0,21.0,Urban: Nearer to a major town or city,West Midlands,937,Warwickshire,E01031022,E02006473,B46 3EX,-1.7059340298325598,52.4849798172055,420066.0,287490.0
141414.0,Hagley Catholic High School,61.0,1799.0,7124.0,167.0,16.0,Urban: Nearer to a major town or city,West Midlands,885,Worcestershire,E01032139,E02006696,DY8 2XL,-2.1491904733589786,52.42227414619958,389951.0,280485.0
141836.0,St Thomas More Catholic School and Sixth Form College,45.0,1799.0,7124.0,154.0,15.0,Urban: Nearer to a major town or city,West Midlands,937,Warwickshire,E01031059,E02006480,CV10 7EX,-1.4805718234501974,52.51721873185406,435344.0,291162.0
140091.0,Hollingworth Academy,53.0,1799.0,7124.0,234.0,28.0,Urban: Nearer to a major town or city,North West,354,Rochdale,E01005558,E02001145,OL16 3DR,-2.1025985611826306,53.60879412212456,393309.0,412474.0
140055.0,Wardle Academy,32.0,1799.0,7124.0,204.0,33.0,Urban: Nearer to a major town or city,North West,354,Rochdale,E01005593,E02001135,OL12 9RD,-2.127728145452411,53.64199899544179,391653.0,416171.0
136587.0,Ashlawn School,64.0,1799.0,7124.0,258.0,16.0,Urban: Nearer to a major town or city,West Midlands,937,Warwickshire,E01031179,E02006501,CV22 5ET,-1.231223093251162,52.35726522115704,452453.0,273521.0
138767.0,Shipston High School,60.0,1799.0,7124.0,91.0,16.0,Larger rural: Further from a major town or city,West Midlands,937,Warwickshire,E01031216,E02006518,CV36 4DY,-1.633389481370091,52.06547515212192,425228.0,240851.0
142315.0,Oxted School,45.0,1799.0,7124.0,280.0,14.0,Urban: Nearer to a major town or city,South East,936,Surrey,E01030836,E02006433,RH8 0AB,-0.0015827462685351,51.260214758592184,539535.0,153125.0
137735.0,The Beacon School,36.0,1799.0,7124.0,192.0,20.0,Urban: Nearer to a major town or city,South East,936,Surrey,E01030644,E02006377,SM7 1AG,-0.2150393010409121,51.31538190042779,524493.0,158876.0
137019.0,Rodborough,55.0,1799.0,7124.0,174.0,14.0,Urban: Nearer to a major town or city,South East,936,Surrey,E01030939,E02006449,GU8 5BZ,-0.6487884554136987,51.16269557529654,494578.0,141251.0
125273.0,Oakwood School,36.0,1799.0,7124.0,167.0,23.0,Urban: Nearer to a major town or city,South East,936,Surrey,E01030583,E02006391,RH6 9AE,-0.1555266232294445,51.17324315262387,529037.0,143173.0
136479.0,Charles Read Academy,30.0,1799.0,7124.0,23.0,35.0,Urban: Further from a major town or city,East Midlands,925,Lincolnshire,E01026323,E02005479,NG33 4NT,-0.5154154529015511,52.81016092109354,500164.0,324654.0
136358.0,Branston Community Academy,45.0,1799.0,7124.0,170.0,18.0,Larger rural: Nearer to a major town or city,East Midlands,925,Lincolnshire,E01026190,E02005456,LN4 1LH,-0.4660569653547585,53.199163565101856,502566.0,367994.0
126081.0,The Angmering School,36.0,1799.0,7124.0,244.0,21.0,Urban: Nearer to a major town or city,South East,938,West Sussex,E01034821,E02006546,BN16 4HH,-0.4837441167373687,50.8215190754349,506898.0,103538.0
141169.0,Tenbury High Ormiston Academy,42.0,1799.0,7124.0,74.0,22.0,Smaller rural: Further from a major town or city,West Midlands,885,Worcestershire,E01032213,E02006710,WR15 8XA,-2.5980827597226113,52.30427712903193,359316.0,267518.0
136958.0,Caistor Yarborough Academy,25.0,1799.0,7124.0,59.0,36.0,Larger rural: Nearer to a major town or city,East Midlands,925,Lincolnshire,E01026367,E02005492,LN7 6QZ,-0.3103722757172836,53.497577063367274,512180.0,401423.0
138336.0,Rodillian Academy,63.0,1799.0,7124.0,236.0,30.0,Urban: Nearer to a major town or city,Yorkshire and the Humber,383,Leeds,E01011500,E02002434,WF3 3PS,-1.5008583666987994,53.73062325569976,433028.0,426139.0
126098.0,"Holy Trinity CofE Secondary School, Crawley",40.0,1799.0,7124.0,205.0,18.0,Urban: Nearer to a major town or city,South East,938,West Sussex,E01031566,E02006580,RH11 8JE,-0.2096182184841139,51.10555609594978,525439.0,135553.0
135971.0,Park Hall Academy,28.0,1799.0,7124.0,180.0,34.0,Urban: Nearer to a major town or city,West Midlands,334,Solihull,E01010120,E02002081,B36 9HF,-1.763839686247615,52.51174617695182,416124.0,290453.0
135744.0,The Sir Robert Woodard Academy,25.0,1799.0,7124.0,161.0,27.0,Urban: Nearer to a major town or city,South East,938,West Sussex,E01031346,E02006539,BN15 9QZ,-0.3303348183727947,50.835938007611325,517667.0,105374.0
144488.0,Spalding Academy,25.0,1799.0,7124.0,212.0,22.0,Urban: Nearer to a major town or city,East Midlands,925,Lincolnshire,E01026269,E02005471,PE11 2EJ,-0.1374722086242941,52.78576241204232,525707.0,322533.0
140713.0,Durrington High School,53.0,1799.0,7124.0,349.0,19.0,Urban: Nearer to a major town or city,South East,938,West Sussex,E01031782,E02006627,BN13 1JX,-0.406725835679865,50.82766158898988,512308.0,104335.0
136968.0,John Spendluffe Foundation Technology College,25.0,1799.0,7124.0,104.0,35.0,Larger rural: Further from a major town or city,East Midlands,925,Lincolnshire,E01026042,E02005431,LN13 9BL,0.1830561440163428,53.25843913552416,545721.0,375713.0
138111.0,BBG Academy,59.0,1799.0,7124.0,96.0,11.0,Urban: Nearer to a major town or city,Yorkshire and the Humber,382,Kirklees,E01011051,E02002271,BD19 4BE,-1.6901887467489598,53.74551596923896,420530.0,427725.0
136415.0,William Farr CofE Comprehensive School,66.0,1799.0,7124.0,233.0,11.0,Larger rural: Nearer to a major town or city,East Midlands,925,Lincolnshire,E01026372,E02005499,LN2 3JB,-0.4813240872598052,53.30133887943785,501305.0,379338.0
136405.0,Wigmore School,54.0,1799.0,7124.0,91.0,12.0,Smaller rural: Further from a major town or city,West Midlands,884,"Herefordshire, County of",E01014051,E02002905,HR6 9UW,-2.857439288339078,52.314895682405805,341646.0,268877.0
137135.0,Sir Robert Pattinson Academy,38.0,1799.0,7124.0,206.0,14.0,Urban: Nearer to a major town or city,East Midlands,925,Lincolnshire,E01026218,E02006867,LN6 9AF,-0.5914268016482019,53.18622886861902,494220.0,366383.0
126080.0,Felpham Community College,41.0,1799.0,7124.0,224.0,19.0,Urban: Nearer to a major town or city,South East,938,West Sussex,E01034825,E02006556,PO22 8EL,-0.6562201377441714,50.793163034950695,494807.0,100150.0
137065.0,The Co-operative Academy of Leeds,19.0,1799.0,7124.0,175.0,59.0,Urban: Nearer to a major town or city,Yorkshire and the Humber,383,Leeds,E01033031,E02002393,LS9 7HD,-1.5209549559899354,53.80289701774693,431648.0,434171.0
136871.0,North Kesteven School,32.0,1799.0,7124.0,200.0,16.0,Urban: Nearer to a major town or city,East Midlands,925,Lincolnshire,E01026218,E02006867,LN6 9AG,-0.596955740238958,53.186491770422165,493850.0,366405.0
135004.0,The Harefield Academy,30.0,1799.0,7124.0,135.0,29.0,Urban: Nearer to a major town or city,London,312,Hillingdon,E01002440,E02000496,UB9 6ET,-0.4731683822484505,51.60643657530138,505830.0,190837.0
136203.0,The Quest Academy,49.0,1799.0,7124.0,86.0,48.0,Urban: Nearer to a major town or city,London,306,Croydon,E01001061,E02000227,CR2 8HD,-0.0497987523566244,51.35091317163364,535903.0,163120.0
126096.0,Chatsmore Catholic High School,30.0,1799.0,7124.0,120.0,18.0,Urban: Nearer to a major town or city,South East,938,West Sussex,E01031802,E02006633,BN12 5AF,-0.4336106310811652,50.81606384172986,510442.0,103005.0
136467.0,Chislehurst School for Girls,46.0,1799.0,7124.0,183.0,27.0,Urban: Nearer to a major town or city,London,305,Bromley,E01000693,E02000136,BR7 6HE,0.0892117241210134,51.41861688341223,545368.0,170915.0
126089.0,Sackville School,43.0,1799.0,7124.0,236.0,14.0,Urban: Nearer to a major town or city,South East,938,West Sussex,E01031730,E02006606,RH19 3TY,0.0024693268303684,51.124743477067845,540228.0,138069.0
126069.0,Bourne Community College,43.0,1799.0,7124.0,141.0,17.0,Urban: Nearer to a major town or city,South East,938,West Sussex,E01031533,E02006567,PO10 8PJ,-0.9143763473992658,50.85104902180388,476518.0,106288.0
136832.0,Thomas Knyvett College,30.0,1799.0,7124.0,81.0,30.0,Urban: Nearer to a major town or city,South East,936,Surrey,E01030707,E02006405,TW15 3DU,-0.4716341092414933,51.43949243859451,506324.0,172274.0
137572.0,Bourne Academy,36.0,1799.0,7124.0,211.0,20.0,Urban: Nearer to a major town or city,East Midlands,925,Lincolnshire,E01026296,E02005486,PE10 9DT,-0.369776763875896,52.773664090475165,510072.0,320807.0
137208.0,Holbrook Academy,54.0,1799.0,7124.0,102.0,13.0,Larger rural: Nearer to a major town or city,East of England,935,Suffolk,E01029897,E02006237,IP9 2QX,1.156782525541693,51.98894411247011,616843.0,236981.0
135061.0,Wolverley CofE Secondary School,37.0,1799.0,7124.0,91.0,26.0,Urban: Further from a major town or city,West Midlands,885,Worcestershire,E01032479,E02006767,DY11 5XQ,-2.2539770388962825,52.416943749203995,382823.0,279912.0
137282.0,University Academy Holbeach,27.0,1799.0,7124.0,173.0,22.0,Larger rural: Further from a major town or city,East Midlands,925,Lincolnshire,E01026252,E02005467,PE12 7PU,0.0163724367885736,52.80925863261311,536008.0,325426.0
138667.0,Lord Williams's School,58.0,1799.0,7124.0,314.0,9.0,Urban: Nearer to a major town or city,South East,931,Oxfordshire,E01028672,E02005960,OX9 2AQ,-0.991769761872424,51.74670360743087,469702.0,205814.0
136491.0,De Aston School,26.0,1799.0,7124.0,140.0,21.0,Smaller rural: Nearer to a major town or city,East Midlands,925,Lincolnshire,E01026391,E02005494,LN8 3RF,-0.325550437717204,53.3834881780986,511471.0,388708.0
137416.0,Warden Park School,56.0,1799.0,7124.0,299.0,10.0,Smaller rural: Nearer to a major town or city,South East,938,West Sussex,E01035349,E02006614,RH17 5DP,-0.1333778920871613,51.00413568712077,531062.0,124408.0
136898.0,Haybridge High School and Sixth Form,68.0,1799.0,7124.0,167.0,5.0,Urban: Nearer to a major town or city,West Midlands,885,Worcestershire,E01032139,E02006696,DY8 2XS,-2.14897538267029,52.42390162458832,389966.0,280666.0
137096.0,"The Academy, Selsey",27.0,1799.0,7124.0,86.0,31.0,Urban: Further from a major town or city,South East,938,West Sussex,E01031523,E02006574,PO20 9EH,-0.7910910519488881,50.7361738901134,485405.0,93649.0
140199.0,Ormiston Six Villages Academy,38.0,1799.0,7124.0,120.0,24.0,Urban: Nearer to a major town or city,South East,938,West Sussex,E01031396,E02006544,PO20 3UE,-0.6640620142330752,50.840593380770144,494159.0,105414.0
136044.0,St George's Academy,30.0,1799.0,7124.0,327.0,22.0,Urban: Further from a major town or city,East Midlands,925,Lincolnshire,E01026235,E02005462,NG34 7PP,-0.4140612894696747,53.00091962960706,506527.0,346018.0
141166.0,The Barnes Wallis Academy,19.0,1799.0,7124.0,47.0,47.0,Larger rural: Further from a major town or city,East Midlands,925,Lincolnshire,E01026054,E02005439,LN4 4PN,-0.1809396550728087,53.106213363212234,521873.0,358101.0
141639.0,Thomas Gainsborough School,40.0,1799.0,7124.0,197.0,23.0,Urban: Further from a major town or city,East of England,935,Suffolk,E01029891,E02006234,CO10 0NH,0.7544000487932154,52.025092172133846,589068.0,239877.0
137782.0,The Regis School,42.0,1799.0,7124.0,213.0,24.0,Urban: Nearer to a major town or city,South East,938,West Sussex,E01031451,E02006557,PO21 5LH,-0.6907957153347949,50.793763200790096,492369.0,100173.0
104717.0,Archbishop Beck Catholic Sports College,31.0,1799.0,7124.0,171.0,37.0,Urban: Nearer to a major town or city,North West,341,Liverpool,E01006654,E02001351,L9 7BF,-2.951168131388679,53.46229727509054,336947.0,396592.0
137357.0,Wallingford School,58.0,1799.0,7124.0,191.0,13.0,Larger rural: Nearer to a major town or city,South East,931,Oxfordshire,E01028676,E02005969,OX10 8HH,-1.1273004161425062,51.60553205806081,460533.0,189993.0
142392.0,Somercotes Academy,24.0,1799.0,7124.0,49.0,45.0,Larger rural: Further from a major town or city,East Midlands,925,Lincolnshire,E01026079,E02005425,LN11 7PN,0.135909697161507,53.44679853051642,541950.0,396569.0
138756.0,William Lovell Church of England School,21.0,1799.0,7124.0,67.0,25.0,Smaller rural: Further from a major town or city,East Midlands,925,Lincolnshire,E01026102,E02005441,PE22 8AA,0.0028723968500342,53.09104648848253,534224.0,356742.0
139138.0,Aldersley High School,37.0,1799.0,7124.0,130.0,52.0,Urban: Nearer to a major town or city,West Midlands,336,Wolverhampton,E01010544,E02002157,WV8 1RT,-2.1629867490659307,52.617832473667775,389062.0,302240.0
135962.0,Shoreham Academy,42.0,1799.0,7124.0,249.0,24.0,Urban: Nearer to a major town or city,South East,938,West Sussex,E01031375,E02006537,BN43 6YT,-0.2455540455168517,50.83690672917646,523634.0,105620.0
141391.0,Thomas Middlecott Academy,13.0,1799.0,7124.0,97.0,25.0,Larger rural: Further from a major town or city,East Midlands,925,Lincolnshire,E01026019,E02005423,PE20 1JS,-0.0595008394574094,52.92397991938845,530550.0,338045.0
137600.0,Stamford Welland Academy,26.0,1799.0,7124.0,76.0,37.0,Urban: Nearer to a major town or city,East Midlands,925,Lincolnshire,E01026347,E02005490,PE9 1HE,-0.4801934786644796,52.6597718001518,502891.0,307976.0
138783.0,King Edward VI Academy,19.0,1799.0,7124.0,58.0,33.0,Larger rural: Further from a major town or city,East Midlands,925,Lincolnshire,E01026101,E02005436,PE23 5EW,0.0925878975525064,53.17666646988617,539953.0,366437.0
138897.0,Gosford Hill School,49.0,1799.0,7124.0,127.0,14.0,Urban: Nearer to a major town or city,South East,931,Oxfordshire,E01028511,E02005939,OX5 2NT,-1.279132775656855,51.81624280962316,449787.0,213313.0
104829.0,Cowley International College,34.0,1799.0,7124.0,210.0,45.0,Urban: Nearer to a major town or city,North West,342,St. Helens,E01006919,E02001412,WA10 6PN,-2.750313788344074,53.465723318475334,350286.0,396814.0
137167.0,Trinity High School and Sixth Form Centre,33.0,1799.0,7124.0,240.0,32.0,Urban: Nearer to a major town or city,West Midlands,885,Worcestershire,E01032224,E02006724,B98 8HB,-1.9356897162245097,52.30889622986895,404481.0,267865.0
119753.0,Whitworth Community High School,42.0,1799.0,7124.0,90.0,24.0,Urban: Nearer to a major town or city,North West,888,Lancashire,E01025376,E02005286,OL12 8TS,-2.1819616306718914,53.657792822029194,388072.0,417936.0
112382.0,Netherhall School,31.0,1799.0,7124.0,98.0,40.0,Larger rural: Further from a major town or city,North West,942,Cumberland,E01019114,E02003968,CA15 6NT,-3.486792578026808,54.71804703577894,304325.0,536908.0
119794.0,Hutton Church of England Grammar School,69.0,1799.0,7124.0,147.0,7.0,Urban: Nearer to a major town or city,North West,888,Lancashire,E01025453,E02005296,PR4 5SN,-2.764375678482104,53.732376828786954,349671.0,426490.0
136969.0,Kesgrave High School,39.0,1799.0,7124.0,287.0,10.0,Urban: Nearer to a major town or city,East of England,935,Suffolk,E01030180,E02006295,IP5 2PB,1.2441472810983225,52.06685994977988,622453.0,245908.0
138351.0,The Rural Enterprise Academy,15.0,1799.0,7124.0,40.0,13.0,Smaller rural: Nearer to a major town or city,West Midlands,860,Staffordshire,E01029658,E02006174,ST19 5PH,-2.1172189969971664,52.70243498822101,392176.0,311645.0
137100.0,The Hart School,29.0,1799.0,7124.0,195.0,21.0,Urban: Nearer to a major town or city,West Midlands,860,Staffordshire,E01029370,E02006118,WS15 2UE,-1.95045990501048,52.759226343381265,403440.0,317957.0
119765.0,Penwortham Girls' High School,67.0,1799.0,7124.0,118.0,11.0,Urban: Nearer to a major town or city,North West,888,Lancashire,E01025466,E02005287,PR1 0SR,-2.7275350701571757,53.74788618191288,352119.0,428190.0
124400.0,Codsall Community High School,43.0,1799.0,7124.0,201.0,18.0,Urban: Nearer to a major town or city,West Midlands,860,Staffordshire,E01029628,E02006182,WV8 1PQ,-2.187997737475151,52.62579616410439,387371.0,303130.0
139130.0,Colne Primet Academy,23.0,1799.0,7124.0,73.0,38.0,Urban: Nearer to a major town or city,North West,888,Lancashire,E01025228,E02005246,BB8 8JF,-2.1881600657719487,53.84909189424641,387719.0,439221.0
139290.0,Academy@Worden,33.0,1799.0,7124.0,48.0,40.0,Urban: Nearer to a major town or city,North West,888,Lancashire,E01025446,E02005301,PR25 1RN,-2.7127094011895254,53.6935244393973,353036.0,422132.0
119784.0,Brownedge St Mary's Catholic High School,37.0,1799.0,7124.0,155.0,26.0,Urban: Nearer to a major town or city,North West,888,Lancashire,E01025399,E02005294,PR5 6PB,-2.660775709089265,53.732911812602225,356506.0,426481.0
137674.0,Ormiston Endeavour Academy,25.0,1799.0,7124.0,64.0,39.0,Urban: Nearer to a major town or city,East of England,935,Suffolk,E01030034,E02006245,IP1 6SG,1.1383641002710718,52.08521419863207,615116.0,247630.0
137087.0,Campion School,50.0,1799.0,7124.0,214.0,21.0,Larger rural: Nearer to a major town or city,East Midlands,941,West Northamptonshire,E01027282,E02005681,NN7 3QG,-0.999670786555817,52.21352407785606,468443.0,257726.0
136997.0,Bowland High,62.0,1799.0,7124.0,106.0,6.0,Smaller rural: Nearer to a major town or city,North West,888,Lancashire,E01025349,E02005270,BB7 4QS,-2.352483810693085,53.91167217768239,376943.0,446225.0
119793.0,"St Bede's Roman Catholic High School, Blackburn",43.0,1799.0,7124.0,181.0,21.0,Urban: Nearer to a major town or city,North West,889,Blackburn with Darwen,E01012619,E02002626,BB2 4SR,-2.5169109391557254,53.72710228309096,365992.0,425756.0
139690.0,Silverstone UTC,20.0,1799.0,7124.0,92.0,9.0,Larger rural: Nearer to a major town or city,East Midlands,941,West Northamptonshire,E01027295,E02005687,NN12 8TL,-1.0222754003324512,52.07497336586602,467106.0,242295.0
140470.0,Chesterton Community Sports College,31.0,1799.0,7124.0,118.0,40.0,Urban: Nearer to a major town or city,West Midlands,860,Staffordshire,E01029559,E02006164,ST5 7LP,-2.2536259527739873,53.0384974345894,383091.0,349053.0
137878.0,Chenderit School,44.0,1799.0,7124.0,160.0,14.0,Larger rural: Further from a major town or city,East Midlands,941,West Northamptonshire,E01027292,E02005686,OX17 2QR,-1.268358960106813,52.07725105254181,450238.0,242350.0
141236.0,Alde Valley School,42.0,1799.0,7124.0,79.0,20.0,Larger rural: Further from a major town or city,East of England,935,Suffolk,E01030187,E02006290,IP16 4BG,1.5855334927044238,52.20322906471409,645095.0,262169.0
137164.0,Staffordshire University Academy,15.0,1799.0,7124.0,91.0,37.0,Urban: Nearer to a major town or city,West Midlands,860,Staffordshire,E01034097,E02006122,WS12 4JH,-2.01707966189731,52.71174290105473,398943.0,312674.0
119779.0,Our Lady's Catholic High School,48.0,1799.0,7124.0,171.0,20.0,Urban: Nearer to a major town or city,North West,888,Lancashire,E01025240,E02005260,PR2 3SQ,-2.7255989350344936,53.781567443434824,352285.0,431936.0
119773.0,Moor Park High School and Sixth Form,28.0,1799.0,7124.0,94.0,41.0,Urban: Nearer to a major town or city,North West,888,Lancashire,E01025294,E02005263,PR1 6DT,-2.692583781816688,53.77100385029191,354449.0,430739.0
141451.0,The Lacon Childe School,32.0,1799.0,7124.0,96.0,19.0,Larger rural: Further from a major town or city,West Midlands,893,Shropshire,E01029002,E02006046,DY14 8PE,-2.4843896603578672,52.380505512654175,367125.0,275939.0
136717.0,Hodgson Academy,55.0,1799.0,7124.0,192.0,18.0,Urban: Nearer to a major town or city,North West,888,Lancashire,E01025545,E02005331,FY6 7EU,-2.981225434164481,53.84780595342032,335543.0,439508.0
136886.0,Erasmus Darwin Academy,53.0,1799.0,7124.0,150.0,12.0,Urban: Nearer to a major town or city,West Midlands,860,Staffordshire,E01034104,E02006151,WS7 3QW,-1.936128580328743,52.66831604283376,404416.0,307845.0
119722.0,Alder Grange School,40.0,1799.0,7124.0,140.0,26.0,Urban: Nearer to a major town or city,North West,888,Lancashire,E01025355,E02005278,BB4 8HW,-2.2831824734389348,53.708441387612154,381405.0,423593.0
119789.0,Saint Aidan's Church of England High School,55.0,1799.0,7124.0,150.0,13.0,Larger rural: Nearer to a major town or city,North West,888,Lancashire,E01025589,E02005322,FY6 0NP,-2.9631389647087616,53.916054864573674,336836.0,447085.0
137111.0,Lostock Hall Academy Trust,58.0,1799.0,7124.0,113.0,15.0,Urban: Nearer to a major town or city,North West,888,Lancashire,E01025461,E02005295,PR5 5UR,-2.682541316342025,53.72998558893073,355067.0,426169.0
119802.0,All Hallows Catholic High School,58.0,1799.0,7124.0,175.0,10.0,Urban: Nearer to a major town or city,North West,888,Lancashire,E01025410,E02005289,PR1 0LN,-2.740674616659387,53.738826524965646,351242.0,427191.0
142218.0,The Warriner School,41.0,1799.0,7124.0,229.0,20.0,Smaller rural: Further from a major town or city,South East,931,Oxfordshire,E01028476,E02005928,OX15 4LJ,-1.367533472746186,52.02691843700278,443490.0,236688.0
138948.0,Penwortham Priory Academy,35.0,1799.0,7124.0,122.0,20.0,Urban: Nearer to a major town or city,North West,888,Lancashire,E01025424,E02005287,PR1 0JE,-2.7419401889580826,53.74955965513846,351171.0,428386.0
119785.0,Ss John Fisher and Thomas More Roman Catholic High School,38.0,1799.0,7124.0,141.0,24.0,Urban: Nearer to a major town or city,North West,888,Lancashire,E01025228,E02005246,BB8 8JT,-2.188724485359211,53.84616995669803,387681.0,438896.0
141111.0,UTC Oxfordshire,34.0,1799.0,7124.0,85.0,18.0,Urban: Nearer to a major town or city,South East,931,Oxfordshire,E01035760,E02005992,OX11 6BZ,-1.2718283798095968,51.6039000205691,450526.0,189702.0
137140.0,King Alfred's,41.0,1799.0,7124.0,295.0,18.0,Urban: Further from a major town or city,South East,931,Oxfordshire,E01035758,E02005991,OX12 9BY,-1.4294201354237828,51.58655337095851,439627.0,187676.0
119799.0,"Cardinal Allen Catholic High School, Fleetwood",32.0,1799.0,7124.0,154.0,37.0,Urban: Nearer to a major town or city,North West,888,Lancashire,E01025580,E02005323,FY7 8AY,-3.0362503319955,53.9037881958591,332014.0,445788.0
119771.0,Fleetwood High School,18.0,1799.0,7124.0,100.0,55.0,Urban: Nearer to a major town or city,North West,888,Lancashire,E01025579,E02005323,FY7 8HE,-3.0351563650687243,53.91185997643472,332099.0,446685.0
137296.0,Bishop Rawstorne Church of England Academy,65.0,1799.0,7124.0,180.0,6.0,Smaller rural: Nearer to a major town or city,North West,888,Lancashire,E01024974,E02005195,PR26 9HH,-2.7674714949129995,53.66177118523285,349382.0,418637.0
137342.0,Garstang Community Academy,44.0,1799.0,7124.0,154.0,10.0,Smaller rural: Nearer to a major town or city,North West,888,Lancashire,E01025549,E02005324,PR3 1YE,-2.7659484765215656,53.88957707687547,349756.0,443981.0
135936.0,Fulwood Academy,21.0,1799.0,7124.0,125.0,52.0,Urban: Nearer to a major town or city,North West,888,Lancashire,E01025258,E02005255,PR2 9YR,-2.719547961563666,53.787131515480695,352690.0,432551.0
119714.0,Millfield Science & Performing Arts College,45.0,1799.0,7124.0,152.0,25.0,Urban: Nearer to a major town or city,North West,888,Lancashire,E01025594,E02005330,FY5 5DG,-3.000876370533026,53.86615915117848,334279.0,441568.0
140154.0,Madeley High School,65.0,1799.0,7124.0,128.0,11.0,Larger rural: Nearer to a major town or city,West Midlands,860,Staffordshire,E01029573,E02006170,CW3 9JJ,-2.338713298962934,53.00107922577209,377366.0,344914.0
119767.0,Haslingden High School and Sixth Form,51.0,1799.0,7124.0,249.0,18.0,Urban: Nearer to a major town or city,North West,888,Lancashire,E01025365,E02005285,BB4 4EY,-2.320290538678519,53.68943720689513,378946.0,421489.0
119780.0,Corpus Christi Catholic High School,23.0,1799.0,7124.0,147.0,40.0,Urban: Nearer to a major town or city,North West,888,Lancashire,E01025242,E02005258,PR2 8QY,-2.7068871383567874,53.78609224389878,353523.0,432427.0
136893.0,St Michael's Church of England High School,69.0,1799.0,7124.0,215.0,7.0,Urban: Nearer to a major town or city,North West,888,Lancashire,E01024937,E02005194,PR7 1RS,-2.636206111950132,53.660788758967655,358055.0,418442.0
119803.0,"Holy Cross Catholic High School, A Sports and Science College",49.0,1799.0,7124.0,162.0,15.0,Urban: Nearer to a major town or city,North West,888,Lancashire,E01024939,E02005198,PR7 3LS,-2.6302928164486907,53.63767483835626,358423.0,415867.0
138728.0,The Rawlett School (An Aet Academy),40.0,1799.0,7124.0,171.0,16.0,Smaller rural: Nearer to a major town or city,West Midlands,860,Staffordshire,E01029517,E02006153,B79 9AA,-1.7032790858505995,52.6520423236881,420170.0,306074.0
134996.0,Sir John Thursby Community College,30.0,1799.0,7124.0,205.0,39.0,Urban: Nearer to a major town or city,North West,888,Lancashire,E01024892,E02005176,BB10 2AT,-2.217942468277321,53.80349958581571,385744.0,434154.0
124395.0,Norton Canes High School,22.0,1799.0,7124.0,68.0,34.0,Larger rural: Nearer to a major town or city,West Midlands,860,Staffordshire,E01029394,E02006130,WS11 9SP,-1.9667598352364388,52.679026302679546,402344.0,309035.0
119814.0,"Archbishop Temple School, A Church of England Specialist College",78.0,1799.0,7124.0,152.0,6.0,Urban: Nearer to a major town or city,North West,888,Lancashire,E01025242,E02005258,PR2 8RA,-2.7039932895334435,53.78277470266126,353710.0,432056.0
137993.0,Faringdon Community College,48.0,1799.0,7124.0,186.0,14.0,Larger rural: Nearer to a major town or city,South East,931,Oxfordshire,E01028715,E02006886,SN7 7LB,-1.590003480987199,51.648339735111946,428463.0,194473.0
138817.0,The Marlborough Church of England School,49.0,1799.0,7124.0,178.0,12.0,Larger rural: Nearer to a major town or city,South East,931,Oxfordshire,E01028824,E02005996,OX20 1LP,-1.341401084867453,51.84883226814746,445462.0,216897.0
119759.0,Broughton High School,68.0,1799.0,7124.0,179.0,8.0,Urban: Nearer to a major town or city,North West,888,Lancashire,E01025277,E02005254,PR3 5JJ,-2.7267753763655764,53.80746388341344,352237.0,434818.0
140580.0,John Mason School,41.0,1799.0,7124.0,160.0,18.0,Urban: Nearer to a major town or city,South East,931,Oxfordshire,E01028697,E02005983,OX14 1JB,-1.2883360585036785,51.67668008522957,449304.0,197785.0
142856.0,West Craven High School,23.0,1799.0,7124.0,87.0,16.0,Urban: Nearer to a major town or city,North West,888,Lancashire,E01025198,E02005241,BB18 5TB,-2.180133744636136,53.91245939643614,388265.0,446270.0
119800.0,St Cecilia's RC High School,36.0,1799.0,7124.0,67.0,19.0,Larger rural: Nearer to a major town or city,North West,888,Lancashire,E01025317,E02005275,PR3 2XA,-2.6051337084125974,53.824865089787416,360264.0,436679.0
138483.0,Tarporley High School and Sixth Form College,48.0,1799.0,7124.0,168.0,7.0,Larger rural: Nearer to a major town or city,North West,896,Cheshire West and Chester,E01018724,E02003891,CW6 0BL,-2.665243398008598,53.15352224841764,355610.0,362026.0
134994.0,Shuttleworth College,37.0,1799.0,7124.0,145.0,41.0,Urban: Nearer to a major town or city,North West,888,Lancashire,E01024884,E02005179,BB12 8ST,-2.299406056749797,53.79753553233997,380376.0,433510.0
138758.0,Acle Academy,37.0,1799.0,7124.0,100.0,17.0,Larger rural: Nearer to a major town or city,East of England,926,Norfolk,E01026498,E02005537,NR13 3ER,1.5411629103610731,52.641337101941915,639676.0,310728.0
140731.0,Tudor Grange Academy Redditch,35.0,1799.0,7124.0,148.0,25.0,Urban: Nearer to a major town or city,West Midlands,885,Worcestershire,E01032253,E02006729,B98 7UH,-1.9100021526368856,52.282726498214565,406236.0,264956.0
112379.0,The Lakes School,37.0,1799.0,7124.0,71.0,10.0,Smaller rural: Further from a major town or city,North West,943,Westmorland and Furness,E01019395,E02004015,LA23 1HW,-2.9216867014030483,54.39204462879498,340250.0,500009.0
137162.0,The Stourport High School and Sixth Form Centre,42.0,1799.0,7124.0,190.0,21.0,Urban: Nearer to a major town or city,West Midlands,885,Worcestershire,E01032459,E02006778,DY13 8AX,-2.2756110864611103,52.34942402026292,381323.0,272407.0
137338.0,Cartmel Priory CofE School,50.0,1799.0,7124.0,68.0,9.0,Smaller rural: Further from a major town or city,North West,943,Westmorland and Furness,E01019349,E02004027,LA11 7SA,-2.9499080097284853,54.198279437324395,338127.0,478474.0
137003.0,Fullbrook School,63.0,1799.0,7124.0,269.0,16.0,Urban: Nearer to a major town or city,South East,936,Surrey,E01030693,E02006402,KT15 3HW,-0.5063271762882909,51.34361270823047,504130.0,161562.0
138936.0,The Wilnecote School,25.0,1799.0,7124.0,139.0,22.0,Urban: Nearer to a major town or city,West Midlands,860,Staffordshire,E01029867,E02006226,B77 5LF,-1.6654824223323823,52.6052490613465,422751.0,300880.0
112398.0,St Benedict's Catholic High School,33.0,1799.0,7124.0,155.0,25.0,Urban: Further from a major town or city,North West,942,Cumberland,E01019286,E02004002,CA28 8UG,-3.5609951650031153,54.543506509456265,299114.0,517592.0
141086.0,University Technical College Norfolk,40.0,1799.0,7124.0,85.0,22.0,Urban: Nearer to a major town or city,East of England,926,Norfolk,E01026821,E02005596,NR4 6FF,1.2799969209375552,52.5988556950654,622227.0,305168.0
135035.0,The Bewdley School and Sixth Form Centre,40.0,1799.0,7124.0,162.0,19.0,Smaller rural: Further from a major town or city,West Midlands,885,Worcestershire,E01032482,E02006771,DY12 1BL,-2.305685196836434,52.37185233385437,379285.0,274910.0
138250.0,IES Breckland,30.0,1799.0,7124.0,71.0,20.0,Larger rural: Further from a major town or city,East of England,935,Suffolk,E01029929,E02006238,IP27 0PE,0.6028962481937483,52.440524214588926,577016.0,285690.0
137431.0,Cromer Academy,31.0,1799.0,7124.0,70.0,24.0,Larger rural: Further from a major town or city,East of England,926,Norfolk,E01026778,E02005572,NR27 0EX,1.3042155639448734,52.92290667073823,622211.0,341274.0
137254.0,Caldew School,36.0,1799.0,7124.0,170.0,16.0,Larger rural: Nearer to a major town or city,North West,942,Cumberland,E01034073,E02003999,CA5 7NN,-2.9807292863042285,54.845636070871706,337121.0,550532.0
139058.0,Iceni Academy,42.0,1799.0,7124.0,131.0,18.0,Smaller rural: Further from a major town or city,East of England,926,Norfolk,E01026651,E02005569,IP26 4PE,0.5565354120593003,52.52750273913697,573523.0,295250.0
135904.0,City Academy Norwich,20.0,1799.0,7124.0,135.0,63.0,Urban: Nearer to a major town or city,East of England,926,Norfolk,E01026861,E02005593,NR4 7LP,1.2478827978291058,52.62795442970407,619907.0,308305.0
139993.0,Woking High School,57.0,1799.0,7124.0,230.0,17.0,Urban: Nearer to a major town or city,South East,936,Surrey,E01030966,E02006458,GU21 4TJ,-0.5707010198132436,51.32822118413716,499680.0,159761.0
121164.0,Aylsham High School,55.0,1799.0,7124.0,206.0,18.0,Smaller rural: Nearer to a major town or city,East of England,926,Norfolk,E01026503,E02005520,NR11 6AN,1.2593846732184366,52.79653805139307,619836.0,327085.0
135940.0,Furness Academy,22.0,1799.0,7124.0,157.0,38.0,Urban: Further from a major town or city,North West,943,Westmorland and Furness,E01019168,E02003981,LA13 9BB,-3.210793792570166,54.116627281182325,320952.0,469650.0
112399.0,Newman Catholic School,43.0,1799.0,7124.0,95.0,25.0,Urban: Nearer to a major town or city,North West,942,Cumberland,E01019246,E02003998,CA2 4NL,-2.894774687552509,54.88335237553101,342694.0,554655.0
136890.0,Christopher Whitehead Language College,44.0,1799.0,7124.0,228.0,18.0,Urban: Nearer to a major town or city,West Midlands,885,Worcestershire,E01032288,E02006745,WR2 4AF,-2.233161403396981,52.18613322680963,384156.0,254234.0
136833.0,Howard of Effingham School,59.0,1799.0,7124.0,249.0,9.0,Urban: Nearer to a major town or city,South East,936,Surrey,E01030447,E02006346,KT24 5JR,-0.3955358811616241,51.27329120965413,512017.0,153905.0
138505.0,Arrow Vale RSA Academy,22.0,1799.0,7124.0,161.0,39.0,Urban: Nearer to a major town or city,West Midlands,885,Worcestershire,E01032266,E02006727,B98 0GF,-1.897420958534496,52.297127952957574,407092.0,266559.0
141499.0,Workington Academy,34.0,1799.0,7124.0,130.0,32.0,Urban: Further from a major town or city,North West,942,Cumberland,E01019129,E02003975,CA14 4EB,-3.5328787658076375,54.64168961019732,301171.0,528476.0
138918.0,The Nicholas Hamond Academy,31.0,1799.0,7124.0,102.0,26.0,Larger rural: Further from a major town or city,East of England,926,Norfolk,E01026457,E02005509,PE37 7DZ,0.6888483021532802,52.63916215711935,582034.0,307993.0
140364.0,Cliff Park Ormiston Academy,35.0,1799.0,7124.0,176.0,27.0,Urban: Further from a major town or city,East of England,926,Norfolk,E01026611,E02005547,NR31 6TA,1.7237799089759007,52.56246008130221,652480.0,302582.0
140557.0,St Clement's High School,28.0,1799.0,7124.0,111.0,27.0,Smaller rural: Further from a major town or city,East of England,926,Norfolk,E01026712,E02005558,PE34 4LZ,0.2981321279843444,52.761984123866426,555165.0,320738.0
135620.0,Richard Rose Morton Academy,37.0,1799.0,7124.0,127.0,24.0,Urban: Nearer to a major town or city,North West,942,Cumberland,E01019253,E02003999,CA2 6LB,-2.972443990621588,54.88124537548258,337708.0,554487.0
142277.0,Newcastle Academy,24.0,1799.0,7124.0,63.0,32.0,Urban: Nearer to a major town or city,West Midlands,860,Staffordshire,E01029601,E02006172,ST5 2QS,-2.246371347634903,53.00349170786538,383564.0,345157.0
111450.0,St Nicholas Catholic High School,44.0,1799.0,7124.0,190.0,12.0,Urban: Nearer to a major town or city,North West,896,Cheshire West and Chester,E01018691,E02003883,CW8 1JW,-2.5278973676552217,53.247668881612285,364872.0,372423.0
137251.0,Appleby Grammar School,31.0,1799.0,7124.0,75.0,17.0,Smaller rural: Further from a major town or city,North West,943,Westmorland and Furness,E01019307,E02004013,CA16 6XU,-2.495028288271607,54.58352760974539,368104.0,521037.0
112375.0,Beacon Hill Community School,20.0,1799.0,7124.0,35.0,46.0,Larger rural: Nearer to a major town or city,North West,942,Cumberland,E01019082,E02003967,CA7 3EZ,-3.3340490956170967,54.764105121388376,314261.0,541835.0
112384.0,John Ruskin School,34.0,1799.0,7124.0,32.0,19.0,Smaller rural: Further from a major town or city,North West,943,Westmorland and Furness,E01019350,E02004022,LA21 8EW,-3.0745870313744135,54.36726844025285,330280.0,497393.0
136902.0,Keswick School,58.0,1799.0,7124.0,177.0,7.0,Smaller rural: Further from a major town or city,North West,942,Cumberland,E01019104,E02003976,CA12 5QB,-3.1465394308857793,54.60810947898205,326042.0,524264.0
138435.0,Tamworth Enterprise College and AET Academy,22.0,1799.0,7124.0,180.0,30.0,Urban: Nearer to a major town or city,West Midlands,860,Staffordshire,E01029829,E02006226,B77 2NE,-1.6692097317601828,52.61616400867213,422493.0,302093.0
112377.0,Solway Community Technology College,17.0,1799.0,7124.0,29.0,31.0,Larger rural: Further from a major town or city,North West,942,Cumberland,E01019127,E02003965,CA7 4DD,-3.3843220019519644,54.87217932675025,311264.0,553923.0
137146.0,"Landau Forte Academy, QEMS",25.0,1799.0,7124.0,131.0,24.0,Urban: Nearer to a major town or city,West Midlands,860,Staffordshire,E01029853,E02006217,B79 8AH,-1.6926517158250798,52.641353485569624,420894.0,304888.0
136526.0,The Queen Katherine School,48.0,1799.0,7124.0,200.0,12.0,Urban: Further from a major town or city,North West,943,Westmorland and Furness,E01019365,E02004017,LA9 6PJ,-2.735305026437168,54.33944582411424,352291.0,494014.0
112388.0,Millom School,49.0,1799.0,7124.0,82.0,21.0,Larger rural: Further from a major town or city,North West,942,Cumberland,E01019290,E02004007,LA18 5AB,-3.269483421558736,54.213139105796984,317309.0,480455.0
124408.0,King Edward VI School,63.0,1799.0,7124.0,208.0,12.0,Urban: Nearer to a major town or city,West Midlands,860,Staffordshire,E01029519,E02006152,WS14 9EE,-1.8223223872328151,52.676246492458176,412110.0,308740.0
140600.0,Energy Coast UTC,31.0,1799.0,7124.0,119.0,18.0,Smaller rural: Further from a major town or city,North West,942,Cumberland,E01019101,E02003975,CA14 4JW,-3.52035549823426,54.615881922796646,301917.0,525587.0
136187.0,Ormiston Venture Academy,27.0,1799.0,7124.0,111.0,47.0,Urban: Further from a major town or city,East of England,926,Norfolk,E01026620,E02005548,NR31 7JJ,1.7079607457515107,52.568092965430175,651376.0,303153.0
112378.0,Samuel King's School,47.0,1799.0,7124.0,17.0,41.0,Larger rural: Further from a major town or city,North West,943,Westmorland and Furness,E01019305,E02004008,CA9 3QU,-2.4399437863747044,54.81106674893011,371823.0,546333.0
141331.0,Caister Academy,42.0,1799.0,7124.0,123.0,27.0,Larger rural: Further from a major town or city,East of England,926,Norfolk,E01026592,E02005540,NR30 5LS,1.728295856826102,52.653850535931355,652260.0,312758.0
141041.0,Walney School,17.0,1799.0,7124.0,127.0,37.0,Urban: Further from a major town or city,North West,943,Westmorland and Furness,E01019185,E02003986,LA14 3JT,-3.2585499249254335,54.10477620995993,317807.0,468386.0
141269.0,City of Norwich School,47.0,1799.0,7124.0,230.0,23.0,Urban: Nearer to a major town or city,East of England,926,Norfolk,E01026811,E02005595,NR4 6PP,1.27506874286821,52.6123838505863,621825.0,306657.0
136671.0,Kirkbie Kendal School,48.0,1799.0,7124.0,108.0,14.0,Urban: Further from a major town or city,North West,943,Westmorland and Furness,E01034078,E02004020,LA9 7EQ,-2.741183959473798,54.31744486828315,351883.0,491570.0
137269.0,Settlebeck High School,48.0,1799.0,7124.0,29.0,21.0,Larger rural: Further from a major town or city,North West,943,Westmorland and Furness,E01019385,E02004023,LA10 5AL,-2.5201774471986877,54.3226993419494,366264.0,492026.0
112397.0,The Nelson Thomlinson School,53.0,1799.0,7124.0,217.0,15.0,Larger rural: Nearer to a major town or city,North West,942,Cumberland,E01019134,E02003965,CA7 9PX,-3.1557601287920507,54.821754005335755,325838.0,548046.0
112385.0,Ulverston Victoria High School,53.0,1799.0,7124.0,204.0,10.0,Urban: Further from a major town or city,North West,943,Westmorland and Furness,E01019388,E02004026,LA12 0EB,-3.0944450574727687,54.18845071482375,328681.0,477517.0
135632.0,West Lakes Academy,49.0,1799.0,7124.0,152.0,22.0,Larger rural: Further from a major town or city,North West,942,Cumberland,E01019274,E02004005,CA22 2DQ,-3.529333724291592,54.48436797707873,301019.0,510967.0
134989.0,Pendle Vale College,37.0,1799.0,7124.0,197.0,33.0,Urban: Nearer to a major town or city,North West,888,Lancashire,E01025210,E02005249,BB9 8LF,-2.196448171545561,53.84347017974256,387172.0,438597.0
136145.0,Ormiston Sir Stanley Matthews Academy,45.0,1799.0,7124.0,165.0,42.0,Urban: Nearer to a major town or city,West Midlands,861,Stoke-on-Trent,E01014237,E02002982,ST3 3JD,-2.1624657532143052,52.97323401192741,389187.0,341775.0
136906.0,George Abbot School,67.0,1799.0,7124.0,294.0,9.0,Urban: Nearer to a major town or city,South East,936,Surrey,E01030436,E02006354,GU1 1XX,-0.5478848645655059,51.253849378162045,501433.0,151522.0
116431.0,Harrow Way Community School,45.0,1799.0,7124.0,177.0,24.0,Urban: Nearer to a major town or city,South East,850,Hampshire,E01023183,E02004817,SP10 3RH,-1.5013578742962423,51.21657083581761,434923.0,146493.0
137339.0,St Albans Girls' School,75.0,1799.0,7124.0,194.0,13.0,Urban: Nearer to a major town or city,East of England,919,Hertfordshire,E01023713,E02004930,AL3 6DB,-0.3319298705109451,51.770223519457694,515194.0,209265.0
122328.0,Haydon Bridge Community High School and Sports College,23.0,1799.0,7124.0,83.0,14.0,Larger rural: Further from a major town or city,North East,929,Northumberland,E01027488,E02005733,NE47 6LR,-2.2527998601545085,54.9754118037755,383917.0,564562.0
137457.0,Cramlington Learning Village,46.0,1799.0,7124.0,325.0,19.0,Urban: Nearer to a major town or city,North East,929,Northumberland,E01027410,E02005718,NE23 6BN,-1.591579644262905,55.07656223230545,426176.0,575865.0
143291.0,Queen Elizabeth High School,63.0,1799.0,7124.0,302.0,11.0,Urban: Nearer to a major town or city,North East,929,Northumberland,E01027492,E02005730,NE46 3JB,-2.117820560175778,54.9701548444116,392556.0,563954.0
136764.0,Winchcombe School,50.0,1799.0,7124.0,94.0,21.0,Larger rural: Nearer to a major town or city,South West,916,Gloucestershire,E01022465,E02004668,GL54 5LB,-1.96475240985,51.96391993917736,402518.0,229493.0
137752.0,Tewkesbury School,30.0,1799.0,7124.0,207.0,17.0,Urban: Nearer to a major town or city,South West,916,Gloucestershire,E01022455,E02004666,GL20 8DF,-2.132209859395744,51.99604668593673,391019.0,233074.0
136292.0,The Cotswold Academy,63.0,1799.0,7124.0,193.0,10.0,Larger rural: Nearer to a major town or city,South West,916,Gloucestershire,E01034784,E02004617,GL54 2BD,-1.7581180256903328,51.88876488248499,416743.0,221161.0
137080.0,Stanchester Academy,46.0,1799.0,7124.0,102.0,16.0,Smaller rural: Further from a major town or city,South West,933,Somerset,E01029215,E02006091,TA14 6UG,-2.727819728998273,50.9539228567676,348974.0,117419.0
137305.0,St Ivo School,39.0,1799.0,7124.0,294.0,16.0,Urban: Nearer to a major town or city,East of England,873,Cambridgeshire,E01018169,E02003765,PE27 6RR,-0.085339626224616,52.33099135227564,530564.0,272046.0
137382.0,Wyedean School and 6th Form Centre,52.0,1799.0,7124.0,164.0,10.0,Urban: Nearer to a major town or city,South West,916,Gloucestershire,E01022272,E02004635,NP16 7AA,-2.660193758019357,51.64234990904155,354413.0,193934.0
136016.0,"All Saints' Academy, Cheltenham",31.0,1799.0,7124.0,144.0,34.0,Urban: Nearer to a major town or city,South West,916,Gloucestershire,E01022160,E02004602,GL51 0WH,-2.1099870184082725,51.91385634941875,392531.0,223930.0
138746.0,Newent Community School and Sixth Form Centre,34.0,1799.0,7124.0,164.0,14.0,Larger rural: Nearer to a major town or city,South West,916,Gloucestershire,E01022261,E02004627,GL18 1QF,-2.4121136032990917,51.92669957099267,371758.0,225433.0
138053.0,Sir Harry Smith Community College,40.0,1799.0,7124.0,161.0,24.0,Urban: Nearer to a major town or city,East of England,873,Cambridgeshire,E01018072,E02003747,PE7 1XB,-0.1180389419620243,52.55895369012904,527676.0,297341.0
136960.0,Chipping Campden School,45.0,1799.0,7124.0,204.0,7.0,Smaller rural: Further from a major town or city,South West,916,Gloucestershire,E01022183,E02004615,GL55 6HU,-1.775699426112558,52.05514994162866,415476.0,239663.0
136772.0,Cleeve School,39.0,1799.0,7124.0,239.0,15.0,Urban: Nearer to a major town or city,South West,916,Gloucestershire,E01022432,E02007035,GL52 8AE,-2.0556329169099836,51.941569278376264,396272.0,227008.0
137867.0,Thomas Clarkson Academy,25.0,1799.0,7124.0,212.0,37.0,Urban: Further from a major town or city,East of England,873,Cambridgeshire,E01018070,E02003744,PE13 2SE,0.1656321628106486,52.65514107210465,546583.0,308578.0
137313.0,Sexey's School,52.0,1799.0,7124.0,64.0,17.0,Smaller rural: Further from a major town or city,South West,933,Somerset,E01029158,E02006075,BA10 0DF,-2.4631676291950733,51.10534595335559,367669.0,134108.0
137202.0,St Dunstan's School,19.0,1799.0,7124.0,67.0,25.0,Larger rural: Further from a major town or city,South West,933,Somerset,E01029050,E02006057,BA6 9BY,-2.717307986389722,51.152899064821696,349928.0,139539.0
137522.0,Wootton Upper School,50.0,1799.0,7124.0,319.0,11.0,Smaller rural: Nearer to a major town or city,East of England,822,Bedford,E01034425,E02003635,MK43 9HT,-0.5408389803683333,52.09535258856379,500055.0,245115.0
137340.0,Casterton College Rutland,59.0,1799.0,7124.0,150.0,12.0,Urban: Nearer to a major town or city,East Midlands,857,Rutland,E01013805,E02002866,PE9 4AT,-0.5183489620380208,52.67309368212573,500280.0,309404.0
112958.0,Whittington Green School,23.0,1799.0,7124.0,81.0,41.0,Urban: Nearer to a major town or city,East Midlands,830,Derbyshire,E01019528,E02004055,S41 9LG,-1.417535925133003,53.272490074864365,438941.0,375212.0
112936.0,New Mills School & Sixth Form,44.0,1799.0,7124.0,86.0,16.0,Urban: Nearer to a major town or city,East Midlands,830,Derbyshire,E01019748,E02004097,SK22 4NR,-1.996037536980393,53.36688762453488,400361.0,385556.0
141377.0,Outwood Academy Newbold,49.0,1799.0,7124.0,123.0,33.0,Urban: Nearer to a major town or city,East Midlands,830,Derbyshire,E01019570,E02004061,S41 8BA,-1.4362032242754048,53.25217497042901,437714.0,372942.0
141259.0,The Ripley Academy,20.0,1799.0,7124.0,90.0,36.0,Urban: Nearer to a major town or city,East Midlands,830,Derbyshire,E01019457,E02004033,DE5 3JQ,-1.3926233149415326,53.04497001698505,440817.0,349915.0
142042.0,St Philip Howard Catholic Voluntary Academy,32.0,1799.0,7124.0,91.0,30.0,Urban: Nearer to a major town or city,East Midlands,830,Derbyshire,E01019738,E02004095,SK13 8DR,-1.9571735153422425,53.4419348279061,402942.0,393906.0
136127.0,Shirebrook Academy,23.0,1799.0,7124.0,149.0,46.0,Urban: Nearer to a major town or city,East Midlands,830,Derbyshire,E01019509,E02004050,NG20 8QF,-1.2281187346392135,53.20990299834905,451648.0,368369.0
142741.0,Swanwick Hall School,38.0,1799.0,7124.0,208.0,21.0,Urban: Nearer to a major town or city,East Midlands,830,Derbyshire,E01019476,E02004032,DE55 1AE,-1.396793416815287,53.07324427805132,440511.0,353058.0
136505.0,The Ecclesbourne School,73.0,1799.0,7124.0,210.0,11.0,Larger rural: Nearer to a major town or city,East Midlands,830,Derbyshire,E01019425,E02004044,DE56 4GS,-1.4910192016052537,52.9858144406472,434267.0,343283.0
136548.0,Brookfield Academy Trust,57.0,1799.0,7124.0,183.0,17.0,Urban: Nearer to a major town or city,East Midlands,830,Derbyshire,E01019592,E02004065,S40 3NS,-1.4705212250210111,53.231918501020125,435441.0,370671.0
112949.0,Tibshelf Community School,41.0,1799.0,7124.0,153.0,25.0,Smaller rural: Nearer to a major town or city,East Midlands,830,Derbyshire,E01019520,E02004052,DE55 5LZ,-1.3526038916313925,53.13955949550953,443405.0,360461.0
137902.0,Netherthorpe School,49.0,1799.0,7124.0,168.0,29.0,Urban: Nearer to a major town or city,East Midlands,830,Derbyshire,E01019565,E02004056,S43 3PU,-1.3412498250367864,53.26711562158786,444034.0,374658.0
136730.0,Shenley Brook End School,58.0,1799.0,7124.0,226.0,13.0,Urban: Nearer to a major town or city,South East,826,Milton Keynes,E01016753,E02003483,MK5 7ZT,-0.789854712646195,52.0073234467368,483160.0,235011.0
110533.0,The Cottesloe School,35.0,1799.0,7124.0,165.0,15.0,Larger rural: Nearer to a major town or city,South East,825,Buckinghamshire,E01017732,E02003658,LU7 0NY,-0.7215729025978944,51.89240283341175,488071.0,222310.0
137355.0,Waddesdon Church of England School,63.0,1799.0,7124.0,141.0,4.0,Larger rural: Nearer to a major town or city,South East,825,Buckinghamshire,E01017719,E02003659,HP18 0LQ,-0.9213269085751216,51.84284490359649,474407.0,216576.0
115772.0,Pittville School,24.0,1799.0,7124.0,83.0,46.0,Urban: Nearer to a major town or city,South West,916,Gloucestershire,E01022139,E02004603,GL52 3JD,-2.0644051617178256,51.91147175557726,395666.0,223661.0
142405.0,David Nieper Academy,31.0,1799.0,7124.0,74.0,41.0,Urban: Nearer to a major town or city,East Midlands,830,Derbyshire,E01019404,E02004029,DE55 7JA,-1.3840899405707965,53.09427689099888,441342.0,355405.0
137059.0,Thomas Keble School,51.0,1799.0,7124.0,138.0,7.0,Urban: Nearer to a major town or city,South West,916,Gloucestershire,E01022354,E02004652,GL6 7DY,-2.158975924766369,51.735155662861295,389118.0,204061.0
137097.0,Farmor's School,55.0,1799.0,7124.0,119.0,7.0,Smaller rural: Nearer to a major town or city,South West,916,Gloucestershire,E01022203,E02004623,GL7 4JQ,-1.779729455285689,51.71467438682832,415314.0,201794.0
136569.0,South Dartmoor Community College,41.0,1799.0,7124.0,245.0,16.0,Smaller rural: Nearer to a major town or city,South West,878,Devon,E01020195,E02004217,TQ13 7EW,-3.745771316821241,50.524219224719005,276349.0,70839.0
139248.0,"The Ramsey Academy, Halstead",37.0,1799.0,7124.0,90.0,22.0,Urban: Nearer to a major town or city,East of England,881,Essex,E01021390,E02004451,CO9 2HR,0.6461492316306003,51.947165537837314,581958.0,230936.0
137013.0,Notley High School and Braintree Sixth Form,40.0,1799.0,7124.0,236.0,21.0,Urban: Nearer to a major town or city,East of England,881,Essex,E01021371,E02004458,CM7 1WY,0.5501132452203761,51.866055014703896,575675.0,221681.0
137240.0,The Sandon School,42.0,1799.0,7124.0,212.0,15.0,Urban: Nearer to a major town or city,East of England,881,Essex,E01021571,E02004497,CM2 7AQ,0.5164663258484551,51.71574726247781,573936.0,204887.0
142540.0,Bideford College,33.0,1799.0,7124.0,231.0,24.0,Urban: Further from a major town or city,South West,878,Devon,E01020283,E02004223,EX39 3AR,-4.220015355054253,51.01608277563994,244378.0,126425.0
137176.0,Coombeshead Academy,25.0,1799.0,7124.0,158.0,25.0,Urban: Nearer to a major town or city,South West,878,Devon,E01020210,E02004212,TQ12 1PT,-3.619275220830068,50.53495956016378,285341.0,71830.0
115322.0,Beauchamps High School,45.0,1799.0,7124.0,233.0,13.0,Urban: Nearer to a major town or city,East of England,881,Essex,E01021337,E02004430,SS11 8LY,0.5420949671780296,51.61296720254012,576104.0,193520.0
136729.0,The Honywood Community Science School,40.0,1799.0,7124.0,210.0,15.0,Larger rural: Nearer to a major town or city,East of England,881,Essex,E01021379,E02004459,CO6 1PZ,0.689036258958153,51.87762044661281,585191.0,223311.0
136494.0,Teign School,36.0,1799.0,7124.0,195.0,13.0,Urban: Nearer to a major town or city,South West,878,Devon,E01020256,E02004213,TQ12 3JG,-3.6023029154164945,50.55340686817486,286588.0,73855.0
137945.0,Manningtree High School,59.0,1799.0,7124.0,146.0,19.0,Larger rural: Nearer to a major town or city,East of England,881,Essex,E01022014,E02004575,CO11 2BW,1.0539860130995218,51.941326215481666,610009.0,231385.0
141328.0,Forest Hall School,28.0,1799.0,7124.0,64.0,22.0,Smaller rural: Nearer to a major town or city,East of England,881,Essex,E01022086,E02004596,CM24 8TZ,0.2075387924951422,51.89397982410417,551997.0,224016.0
141749.0,South Devon UTC,30.0,1799.0,7124.0,46.0,26.0,Urban: Nearer to a major town or city,South West,878,Devon,E01020217,E02004214,TQ12 2QA,-3.6058396747586174,50.53367051507015,286290.0,71666.0
137877.0,Shenfield High School,37.0,1799.0,7124.0,143.0,20.0,Urban: Nearer to a major town or city,East of England,881,Essex,E01021467,E02004468,CM15 8RY,0.330307626840336,51.63840592546034,561352.0,195860.0
138084.0,Clacton County High School,32.0,1799.0,7124.0,231.0,37.0,Urban: Nearer to a major town or city,East of England,881,Essex,E01022049,E02004586,CO15 6DZ,1.160977408978682,51.79681410476516,618059.0,215632.0
139153.0,Hedingham School and Sixth Form,49.0,1799.0,7124.0,190.0,18.0,Larger rural: Further from a major town or city,East of England,881,Essex,E01021400,E02004448,CO9 3QH,0.5888077465655321,51.98523120355563,577867.0,235027.0
136555.0,Debden Park High School,42.0,1799.0,7124.0,169.0,28.0,Urban: Nearer to a major town or city,East of England,881,Essex,E01021775,E02004537,IG10 2BQ,0.0898160438952823,51.654380824573536,544661.0,197133.0
137206.0,Tor Bridge High,22.0,1799.0,7124.0,178.0,30.0,Urban: Nearer to a major town or city,South West,879,Plymouth,E01015094,E02003126,PL6 8UN,-4.099667028334302,50.411699093429306,250912.0,58979.0
113533.0,Sir John Hunt Community Sports College,18.0,1799.0,7124.0,79.0,47.0,Urban: Nearer to a major town or city,South West,879,Plymouth,E01015030,E02003128,PL5 4AA,-4.144389291193176,50.41894246956385,247758.0,59875.0
139272.0,Neale-Wade Academy,22.0,1799.0,7124.0,250.0,28.0,Urban: Further from a major town or city,East of England,873,Cambridgeshire,E01018088,E02003750,PE15 9PX,0.0886220097959798,52.536964803680526,541755.0,295281.0
138421.0,The Dean Academy,28.0,1799.0,7124.0,137.0,21.0,Larger rural: Further from a major town or city,South West,916,Gloucestershire,E01022226,E02004634,GL15 5DZ,-2.535891924912869,51.72186582903774,363079.0,202707.0
136474.0,Balcarras School,78.0,1799.0,7124.0,194.0,8.0,Urban: Nearer to a major town or city,South West,916,Gloucestershire,E01022112,E02004611,GL53 8QF,-2.044197053023021,51.881352250925325,397054.0,220310.0
137427.0,Bassingbourn Village College,51.0,1799.0,7124.0,125.0,18.0,Larger rural: Nearer to a major town or city,East of England,873,Cambridgeshire,E01018228,E02003793,SG8 5NJ,-0.0595879440629999,52.075428140031995,533079.0,243671.0
136974.0,Sawtry Community College Academy,49.0,1799.0,7124.0,192.0,12.0,Larger rural: Nearer to a major town or city,East of England,873,Cambridgeshire,E01018195,E02003756,PE28 5TQ,-0.2796302641128674,52.436841042672015,517046.0,283486.0
137387.0,Dene Magna School,40.0,1799.0,7124.0,144.0,14.0,Larger rural: Nearer to a major town or city,South West,916,Gloucestershire,E01022259,E02004628,GL17 0DU,-2.4843036877439295,51.85918046119365,366744.0,217954.0
136725.0,Cheltenham Bournside School and Sixth Form Centre,40.0,1799.0,7124.0,247.0,13.0,Urban: Nearer to a major town or city,South West,916,Gloucestershire,E01022174,E02004610,GL51 3EF,-2.100853958597671,51.886756427863325,393155.0,220915.0
115775.0,Maidenhill School,27.0,1799.0,7124.0,95.0,38.0,Urban: Nearer to a major town or city,South West,916,Gloucestershire,E01022402,E02004655,GL10 2HA,-2.279509565555802,51.752804916404976,380802.0,206049.0
115758.0,Rednock School,33.0,1799.0,7124.0,218.0,15.0,Urban: Nearer to a major town or city,South West,916,Gloucestershire,E01022372,E02004664,GL11 4BY,-2.3566088847605866,51.68672489685964,375444.0,198723.0
136533.0,Newquay Tretherras,38.0,1799.0,7124.0,281.0,18.0,Urban: Further from a major town or city,South West,908,Cornwall,E01019019,E02003955,TR7 3BH,-5.0577115951296046,50.41690795684309,182876.0,61920.0
137377.0,"Abbey College, Ramsey",45.0,1799.0,7124.0,198.0,18.0,Smaller rural: Nearer to a major town or city,East of England,873,Cambridgeshire,E01018156,E02003755,PE26 1DG,-0.0975287186014664,52.44739479563538,529393.0,284970.0
136572.0,The Roseland Academy,51.0,1799.0,7124.0,117.0,19.0,Smaller rural: Further from a major town or city,South West,908,Cornwall,E01018845,E02003912,TR2 5SE,-4.9062176270677105,50.27133279719224,193004.0,45305.0
136266.0,Arthur Mellows Village College,50.0,1799.0,7124.0,256.0,16.0,Smaller rural: Nearer to a major town or city,East of England,874,Peterborough,E01015629,E02003237,PE6 7JX,-0.3024614789029587,52.63693242120276,514971.0,305704.0
140836.0,Fowey River Academy,42.0,1799.0,7124.0,107.0,23.0,Smaller rural: Further from a major town or city,South West,908,Cornwall,E01019025,E02003960,PL23 1HE,-4.643970994309096,50.33494979273707,211940.0,51681.0
137755.0,Brixham College,40.0,1799.0,7124.0,158.0,16.0,Urban: Further from a major town or city,South West,880,Torbay,E01015187,E02003170,TQ5 9HF,-3.5082785800496743,50.392890586187974,292886.0,55868.0
136985.0,Sir William Romney's School,38.0,1799.0,7124.0,95.0,24.0,Larger rural: Further from a major town or city,South West,916,Gloucestershire,E01022217,E02004625,GL8 8AE,-2.1605155462249144,51.64659704445182,388990.0,194212.0
113553.0,St Peter's Church of England Aided School,60.0,1799.0,7124.0,250.0,18.0,Urban: Nearer to a major town or city,South West,878,Devon,E01020026,E02004159,EX2 5AP,-3.4832978208069023,50.718664789387894,295386.0,92055.0
112932.0,Chapel-en-le-Frith High School,44.0,1799.0,7124.0,199.0,12.0,Larger rural: Further from a major town or city,East Midlands,830,Derbyshire,E01019721,E02006872,SK23 0TQ,-1.92226202498544,53.3186113442849,405276.0,380188.0
137606.0,Heanor Gate Science College,38.0,1799.0,7124.0,228.0,23.0,Urban: Nearer to a major town or city,East Midlands,830,Derbyshire,E01019464,E02004040,DE75 7RA,-1.370935587042366,53.01105778712939,442304.0,346155.0
138184.0,Wyvern College,54.0,1799.0,7124.0,235.0,12.0,Urban: Nearer to a major town or city,South East,850,Hampshire,E01022686,E02004719,SO50 7AN,-1.2976464087489508,50.9609881129079,449422.0,118187.0
137239.0,The Romsey School,41.0,1799.0,7124.0,193.0,16.0,Urban: Nearer to a major town or city,South East,850,Hampshire,E01023152,E02004824,SO51 8ZB,-1.5011149355942377,50.99365152488509,435108.0,121703.0
116418.0,Portchester Community School,34.0,1799.0,7124.0,130.0,15.0,Urban: Nearer to a major town or city,South East,850,Hampshire,E01022762,E02004738,PO16 9BD,-1.126784284178843,50.8425973406133,461577.0,105150.0
116506.0,Purbrook Park School,48.0,1799.0,7124.0,132.0,20.0,Urban: Nearer to a major town or city,South East,850,Hampshire,E01022951,E02004772,PO7 5DS,-1.0401779528651087,50.86030735898618,467649.0,107195.0
136657.0,Ringwood School Academy,47.0,1799.0,7124.0,257.0,13.0,Urban: Nearer to a major town or city,South East,850,Hampshire,E01023068,E02004790,BH24 1SE,-1.7837373392428022,50.84778521972969,415321.0,105386.0
116473.0,Park Community School,13.0,1799.0,7124.0,159.0,47.0,Urban: Nearer to a major town or city,South East,850,Hampshire,E01022900,E02004771,PO9 4BU,-1.001039194147576,50.86998832506377,470389.0,108308.0
116504.0,Applemore College,29.0,1799.0,7124.0,134.0,27.0,Urban: Nearer to a major town or city,South East,850,Hampshire,E01023009,E02004787,SO45 4RQ,-1.4298826251256669,50.861171019353904,440221.0,107007.0
137791.0,Bay House School,43.0,1799.0,7124.0,351.0,17.0,Urban: Nearer to a major town or city,South East,850,Hampshire,E01022795,E02004749,PO12 2QP,-1.1645832730369117,50.78673178581477,458986.0,98907.0
138038.0,The Cowplain School,33.0,1799.0,7124.0,189.0,17.0,Urban: Nearer to a major town or city,South East,850,Hampshire,E01022931,E02004764,PO8 8RY,-1.025258934389706,50.89228852498495,468652.0,110765.0
116438.0,Henry Beaufort School,51.0,1799.0,7124.0,183.0,13.0,Urban: Nearer to a major town or city,South East,850,Hampshire,E01023240,E02004831,SO22 6JJ,-1.3299070253895051,51.080993439029655,447035.0,131511.0
137345.0,Oaklands Catholic School,47.0,1799.0,7124.0,221.0,9.0,Urban: Nearer to a major town or city,South East,850,Hampshire,E01022960,E02004768,PO7 7BW,-1.0215663344481622,50.86836330543939,468947.0,108108.0
136719.0,The Burgate School and Sixth Form,44.0,1799.0,7124.0,134.0,11.0,Larger rural: Nearer to a major town or city,South East,850,Hampshire,E01023023,E02004779,SP6 1EZ,-1.7868250586750865,50.93694333326408,415075.0,115300.0
116430.0,The Clere School,40.0,1799.0,7124.0,82.0,26.0,Smaller rural: Nearer to a major town or city,South East,850,Hampshire,E01022489,E02004677,RG20 9HP,-1.3209553331254131,51.34938578427773,447386.0,161364.0
138920.0,Winton Community Academy,43.0,1799.0,7124.0,81.0,44.0,Urban: Nearer to a major town or city,South East,850,Hampshire,E01023202,E02007078,SP10 2PS,-1.464190463756626,51.21020213289993,437524.0,145803.0
136654.0,Wildern School,51.0,1799.0,7124.0,367.0,12.0,Urban: Nearer to a major town or city,South East,850,Hampshire,E01022700,E02004722,SO30 4EJ,-1.3013687684454869,50.918798598963136,449205.0,113493.0
136715.0,Thornden School,66.0,1799.0,7124.0,279.0,5.0,Urban: Nearer to a major town or city,South East,850,Hampshire,E01022706,E02004712,SO53 2DW,-1.3631170719600685,50.99440147223827,444792.0,121861.0
116502.0,Testbourne Community School,58.0,1799.0,7124.0,149.0,14.0,Larger rural: Nearer to a major town or city,South East,850,Hampshire,E01022564,E02004694,RG28 7JF,-1.3351407208583526,51.22549291552289,446523.0,147577.0
137129.0,Priestlands School,58.0,1799.0,7124.0,219.0,19.0,Urban: Further from a major town or city,South East,850,Hampshire,E01023061,E02004797,SO41 8FZ,-1.5538725658435355,50.75313343951165,431567.0,94933.0
116446.0,Cove School,38.0,1799.0,7124.0,192.0,14.0,Urban: Nearer to a major town or city,South East,850,Hampshire,E01023132,E02004806,GU14 9RN,-0.7800250181344707,51.30017736298044,485148.0,156379.0
138135.0,Robert May's School,61.0,1799.0,7124.0,240.0,11.0,Larger rural: Nearer to a major town or city,South East,850,Hampshire,E01022889,E02004761,RG29 1NA,-0.9526094011743296,51.25311896298397,473191.0,150960.0
116436.0,Calthorpe Park School,53.0,1799.0,7124.0,223.0,10.0,Urban: Nearer to a major town or city,South East,850,Hampshire,E01034724,E02004758,GU51 5JA,-0.8623143008893264,51.278901921617326,479448.0,153921.0
138585.0,The New Forest Academy,37.0,1799.0,7124.0,71.0,28.0,Urban: Nearer to a major town or city,South East,850,Hampshire,E01023031,E02004792,SO45 2PA,-1.3879859508487904,50.83681397682219,443192.0,104322.0
116419.0,Brookfield Community School,61.0,1799.0,7124.0,343.0,10.0,Urban: Nearer to a major town or city,South East,850,Hampshire,E01022755,E02004732,SO31 7DU,-1.2840290203359987,50.86583486508806,450481.0,107615.0
116412.0,Court Moor School,73.0,1799.0,7124.0,218.0,7.0,Urban: Nearer to a major town or city,South East,850,Hampshire,E01022863,E02004757,GU52 7RY,-0.8457123711710897,51.270844170241205,480620.0,153043.0
116428.0,Crookhorn College,37.0,1799.0,7124.0,164.0,30.0,Urban: Nearer to a major town or city,South East,850,Hampshire,E01022961,E02004768,PO7 5UD,-1.0250411367951215,50.86597330129961,468706.0,107839.0
137229.0,Hounsdown School,58.0,1799.0,7124.0,241.0,11.0,Urban: Nearer to a major town or city,South East,850,Hampshire,E01023085,E02004782,SO40 9FT,-1.4924971458612786,50.90465178553984,435781.0,111810.0
136640.0,The Mountbatten School,56.0,1799.0,7124.0,284.0,12.0,Urban: Nearer to a major town or city,South East,850,Hampshire,E01035452,E02004826,SO51 5SY,-1.468973668344436,50.983330272638575,437372.0,120571.0
137128.0,Perins School A Community Sports College,58.0,1799.0,7124.0,196.0,8.0,Larger rural: Nearer to a major town or city,South East,850,Hampshire,E01023278,E02004832,SO24 9BS,-1.1665308332117992,51.08893626288818,458469.0,132511.0
116422.0,The Hurst Community College,37.0,1799.0,7124.0,165.0,12.0,Urban: Nearer to a major town or city,South East,850,Hampshire,E01022473,E02004678,RG26 5NL,-1.173925352934695,51.357677244373974,457615.0,162391.0
116433.0,Yateley School,41.0,1799.0,7124.0,243.0,11.0,Urban: Nearer to a major town or city,South East,850,Hampshire,E01022897,E02004752,GU46 6NW,-0.8368042195940726,51.33806404941454,481123.0,160528.0
116478.0,Bishop Challoner Catholic Secondary School,57.0,1799.0,7124.0,185.0,9.0,Urban: Nearer to a major town or city,South East,850,Hampshire,E01022549,E02004688,RG22 6SR,-1.1228466977758995,51.256559518898285,461306.0,151187.0
140069.0,Fareham Academy,27.0,1799.0,7124.0,161.0,25.0,Urban: Nearer to a major town or city,South East,850,Hampshire,E01022736,E02004737,PO14 1JJ,-1.1963813062164812,50.8466862053035,456672.0,105549.0
116411.0,The Toynbee School,56.0,1799.0,7124.0,159.0,14.0,Urban: Nearer to a major town or city,South East,850,Hampshire,E01022659,E02004713,SO53 2PL,-1.373888504257866,50.978596795781804,444051.0,120097.0
116424.0,Swanmore College,63.0,1799.0,7124.0,229.0,11.0,Urban: Nearer to a major town or city,South East,850,Hampshire,E01023275,E02004839,SO32 2RB,-1.1884819602355023,50.94001248775324,457114.0,115933.0
138470.0,"St Mary's Catholic High School, A Catholic Voluntary Academy",59.0,1799.0,7124.0,195.0,10.0,Urban: Nearer to a major town or city,East Midlands,830,Derbyshire,E01019541,E02004058,S41 8AG,-1.453111087521767,53.253278425841515,436585.0,373056.0
116405.0,John Hanson Community School,34.0,1799.0,7124.0,161.0,17.0,Urban: Nearer to a major town or city,South East,850,Hampshire,E01023186,E02004818,SP10 3PB,-1.5038875003352037,51.204990596681505,434755.0,145204.0
116413.0,The Hamble School,41.0,1799.0,7124.0,156.0,22.0,Urban: Nearer to a major town or city,South East,850,Hampshire,E01022689,E02004726,SO31 4NE,-1.3266941473506093,50.87329127085132,447471.0,108416.0
137799.0,Humphrey Perkins School,44.0,1799.0,7124.0,200.0,14.0,Larger rural: Nearer to a major town or city,East Midlands,855,Leicestershire,E01025676,E02005355,LE12 8JU,-1.1519630137258698,52.755409858611905,457331.0,317868.0
137983.0,Wreake Valley Academy,45.0,1799.0,7124.0,128.0,20.0,Urban: Nearer to a major town or city,East Midlands,855,Leicestershire,E01025759,E02005361,LE7 1LY,-1.0686644179941045,52.704504808206934,463026.0,312275.0
137982.0,Beacon Academy,59.0,1799.0,7124.0,184.0,17.0,Urban: Further from a major town or city,South East,845,East Sussex,E01021158,E02004405,TN6 2AS,0.1720028963868999,51.05549874868994,552318.0,130706.0
140787.0,The Cedars Academy,30.0,1799.0,7124.0,174.0,21.0,Urban: Nearer to a major town or city,East Midlands,855,Leicestershire,E01025683,E02005364,LE4 4GH,-1.1206588028663915,52.68596857899646,459538.0,310169.0
138290.0,Saint Martin's Catholic Voluntary Academy,62.0,1799.0,7124.0,101.0,12.0,Smaller rural: Nearer to a major town or city,East Midlands,855,Leicestershire,E01025817,E02005384,CV13 6BF,-1.4006111256979676,52.572318677862754,440719.0,297333.0
138521.0,Brockington College,48.0,1799.0,7124.0,283.0,16.0,Urban: Nearer to a major town or city,East Midlands,855,Leicestershire,E01025627,E02005338,LE19 4AQ,-1.2036214584492215,52.58658558537665,454052.0,299049.0
137969.0,Bosworth Academy,57.0,1799.0,7124.0,117.0,15.0,Larger rural: Nearer to a major town or city,East Midlands,855,Leicestershire,E01025876,E02005381,LE9 9JL,-1.286597005130452,52.62596896564443,448387.0,303371.0
138327.0,Heath Lane Academy,17.0,1799.0,7124.0,82.0,35.0,Urban: Nearer to a major town or city,East Midlands,855,Leicestershire,E01025840,E02005382,LE9 7PD,-1.3339407769993612,52.575630840277235,445234.0,297741.0
138150.0,Lutterworth College,56.0,1799.0,7124.0,185.0,9.0,Urban: Nearer to a major town or city,East Midlands,855,Leicestershire,E01035091,E02005376,LE17 4EW,-1.208884067214829,52.4604170421201,453849.0,285011.0
137828.0,The Martin High School Anstey,43.0,1799.0,7124.0,177.0,14.0,Larger rural: Nearer to a major town or city,East Midlands,855,Leicestershire,E01025670,E02005366,LE7 7EB,-1.1896744236948014,52.67942996253428,454881.0,309387.0
112989.0,Belper School and Sixth Form Centre,46.0,1799.0,7124.0,212.0,16.0,Urban: Nearer to a major town or city,East Midlands,830,Derbyshire,E01019411,E02004039,DE56 0DA,-1.4572480604304026,53.02653951482282,436500.0,347830.0
138836.0,The Bolsover School,39.0,1799.0,7124.0,142.0,38.0,Urban: Nearer to a major town or city,East Midlands,830,Derbyshire,E01019485,E02004048,S44 6XA,-1.2764805528483396,53.226952803799186,448399.0,370232.0
142710.0,John Flamsteed Community School,33.0,1799.0,7124.0,109.0,28.0,Smaller rural: Nearer to a major town or city,East Midlands,830,Derbyshire,E01019448,E02004043,DE5 8NP,-1.42767111680901,53.01717807338,438492.0,346804.0
136716.0,The Long Eaton School,40.0,1799.0,7124.0,193.0,20.0,Urban: Nearer to a major town or city,East Midlands,830,Derbyshire,E01019709,E02004092,NG10 3NP,-1.286564406640031,52.892226985126086,448096.0,332989.0
137640.0,Rawlins Academy,35.0,1799.0,7124.0,142.0,25.0,Larger rural: Nearer to a major town or city,East Midlands,855,Leicestershire,E01025732,E02005356,LE12 8DY,-1.1711983819785523,52.745117307229435,456046.0,316708.0
137115.0,Lutterworth High School,59.0,1799.0,7124.0,145.0,10.0,Urban: Nearer to a major town or city,East Midlands,855,Leicestershire,E01025791,E02005376,LE17 4QH,-1.2093047672632795,52.45252636866503,453830.0,284133.0
138473.0,Seaford Head School,47.0,1799.0,7124.0,214.0,15.0,Urban: Nearer to a major town or city,South East,845,East Sussex,E01021078,E02004390,BN25 4LX,0.1179671693790585,50.77076094101411,549440.0,98936.0
137401.0,Woodbrook Vale School,63.0,1799.0,7124.0,151.0,17.0,Urban: Nearer to a major town or city,East Midlands,855,Leicestershire,E01025712,E02005354,LE11 2ST,-1.2178078776445154,52.74893052062986,452895.0,317097.0
138895.0,Bexhill High Academy,29.0,1799.0,7124.0,218.0,32.0,Urban: Nearer to a major town or city,South East,845,East Sussex,E01021129,E02004400,TN39 4BY,0.4552756062718312,50.85521242336337,572910.0,109061.0
140679.0,Seahaven Academy,35.0,1799.0,7124.0,81.0,28.0,Urban: Nearer to a major town or city,South East,845,East Sussex,E01021044,E02004387,BN9 9TD,0.0408449304680764,50.78714645766704,543952.0,100605.0
114594.0,Chailey School,52.0,1799.0,7124.0,150.0,13.0,Larger rural: Nearer to a major town or city,South East,845,East Sussex,E01021024,E02004379,BN8 4PU,-0.0268338215718602,50.939241250831195,538730.0,117387.0
116465.0,Woodlands Community College,14.0,1799.0,7124.0,99.0,51.0,Urban: Nearer to a major town or city,South East,852,Southampton,E01017205,E02003566,SO18 5FW,-1.3381426462293282,50.91890449969888,446620.0,113481.0
138474.0,Ratton School,35.0,1799.0,7124.0,241.0,21.0,Urban: Nearer to a major town or city,South East,845,East Sussex,E01020945,E02004359,BN21 2XR,0.2595404175777899,50.79101125652871,559353.0,101483.0
114587.0,Heathfield Community College,49.0,1799.0,7124.0,219.0,11.0,Smaller rural: Nearer to a major town or city,South East,845,East Sussex,E01021189,E02004413,TN21 8RJ,0.2781365006390186,50.966920942514065,560060.0,121082.0
114584.0,Claverham Community College,38.0,1799.0,7124.0,220.0,18.0,Smaller rural: Nearer to a major town or city,South East,845,East Sussex,E01021086,E02004397,TN33 0HT,0.4670209455787212,50.915927272076274,573511.0,115839.0
139442.0,South Charnwood High School,50.0,1799.0,7124.0,115.0,10.0,Smaller rural: Nearer to a major town or city,East Midlands,855,Leicestershire,E01025871,E02005377,LE67 9TB,-1.3034907061121124,52.679505195243216,447186.0,309315.0
138079.0,The Roundhill Academy,48.0,1799.0,7124.0,151.0,21.0,Urban: Nearer to a major town or city,East Midlands,855,Leicestershire,E01025766,E02005365,LE4 8GQ,-1.091849430243072,52.68768422162905,461483.0,310384.0
137540.0,The Kibworth School,69.0,1799.0,7124.0,148.0,7.0,Larger rural: Nearer to a major town or city,East Midlands,855,Leicestershire,E01025787,E02005369,LE8 0LG,-0.997069410428724,52.53395174113508,468127.0,293369.0
114592.0,Willingdon Community School,49.0,1799.0,7124.0,200.0,14.0,Urban: Nearer to a major town or city,South East,845,East Sussex,E01021236,E02004423,BN20 9QX,0.2407578765942221,50.81156508194003,557960.0,103728.0
138108.0,The Market Bosworth School,54.0,1799.0,7124.0,162.0,10.0,Larger rural: Nearer to a major town or city,East Midlands,855,Leicestershire,E01025838,E02005380,CV13 0JT,-1.4049185734407708,52.624733648659785,440379.0,303161.0
138819.0,Belvoir High School,54.0,1799.0,7124.0,121.0,13.0,Larger rural: Further from a major town or city,East Midlands,855,Leicestershire,E01025885,E02005391,NG13 0AX,-0.8074687148295643,52.93721010077971,480245.0,338420.0
137161.0,The Robert Smyth Academy,49.0,1799.0,7124.0,241.0,12.0,Urban: Further from a major town or city,East Midlands,855,Leicestershire,E01025794,E02005373,LE16 7JG,-0.9235428537872836,52.4864122254549,473193.0,288153.0
136401.0,The Hastings Academy,19.0,1799.0,7124.0,152.0,52.0,Urban: Nearer to a major town or city,South East,845,East Sussex,E01021004,E02004371,TN35 5DN,0.6147948258334865,50.88044732741539,584037.0,112252.0
116448.0,The Wavell School,40.0,1799.0,7124.0,192.0,10.0,Urban: Nearer to a major town or city,South East,850,Hampshire,E01023136,E02004808,GU14 6BH,-0.7553008195048305,51.27239089019614,486924.0,153318.0
137847.0,Stanborough School,34.0,1799.0,7124.0,177.0,19.0,Urban: Nearer to a major town or city,East of England,919,Hertfordshire,E01023916,E02004985,AL8 6YR,-0.2195944855703988,51.79036387442625,522890.0,211688.0
137072.0,Hylands School,24.0,1799.0,7124.0,110.0,43.0,Smaller rural: Nearer to a major town or city,East of England,881,Essex,E01021634,E02004495,CM1 3ET,0.4402006903961514,51.728975355589675,568619.0,206179.0
137228.0,Great Torrington School,48.0,1799.0,7124.0,112.0,14.0,Larger rural: Further from a major town or city,South West,878,Devon,E01020307,E02004225,EX38 7DJ,-4.133904646094524,50.95534370248368,250222.0,119493.0
137158.0,The Manor Academy,36.0,1799.0,7124.0,151.0,23.0,Urban: Nearer to a major town or city,East Midlands,891,Nottinghamshire,E01028278,E02005882,NG19 8QA,-1.1882545253776964,53.17129066971208,454359.0,364103.0
142725.0,Selston High School,40.0,1799.0,7124.0,123.0,30.0,Urban: Nearer to a major town or city,East Midlands,891,Nottinghamshire,E01027961,E02005829,NG16 6BW,-1.3072792865381666,53.07254154503695,446509.0,353034.0
137409.0,The Becket School,65.0,1799.0,7124.0,167.0,17.0,Urban: Nearer to a major town or city,East Midlands,891,Nottinghamshire,E01028365,E02005912,NG2 7QY,-1.154315007073898,52.92780411818739,456947.0,337043.0
137159.0,The National CofE Academy,37.0,1799.0,7124.0,194.0,20.0,Urban: Nearer to a major town or city,East Midlands,891,Nottinghamshire,E01027943,E02005833,NG15 7DB,-1.2140480433170775,53.044877361668966,452789.0,350021.0
138482.0,Rushcliffe School,66.0,1799.0,7124.0,231.0,13.0,Urban: Nearer to a major town or city,East Midlands,891,Nottinghamshire,E01035509,E02005913,NG2 7BW,-1.1244708959776952,52.91538971703578,458970.0,335686.0
137857.0,Quarrydale Academy,32.0,1799.0,7124.0,172.0,28.0,Urban: Nearer to a major town or city,East Midlands,891,Nottinghamshire,E01027964,E02005823,NG17 2DU,-1.2663400587217162,53.13564242092875,449180.0,360081.0
137319.0,Tuxford Academy,55.0,1799.0,7124.0,243.0,12.0,Smaller rural: Nearer to a major town or city,East Midlands,891,Nottinghamshire,E01028037,E02005849,NG22 0JH,-0.8833231110593275,53.23282057181246,474635.0,371222.0
138191.0,The South Wolds Academy & Sixth Form,53.0,1799.0,7124.0,140.0,14.0,Larger rural: Nearer to a major town or city,East Midlands,891,Nottinghamshire,E01028382,E02005918,NG12 5FF,-1.084856999923787,52.87346090758619,461693.0,331055.0
138964.0,East Leake Academy,52.0,1799.0,7124.0,152.0,20.0,Larger rural: Nearer to a major town or city,East Midlands,891,Nottinghamshire,E01028387,E02005919,LE12 6QN,-1.1724323431770545,52.83646253833066,455846.0,326868.0
137085.0,Carlton Academy,36.0,1799.0,7124.0,149.0,28.0,Urban: Nearer to a major town or city,East Midlands,891,Nottinghamshire,E01028212,E02005875,NG4 3SH,-1.1029839830065007,52.97500043237595,460332.0,342335.0
137117.0,Retford Oaks Academy,34.0,1799.0,7124.0,111.0,29.0,Urban: Nearer to a major town or city,East Midlands,891,Nottinghamshire,E01028021,E02005844,DN22 7NJ,-0.957214419031292,53.32094491933282,469560.0,380951.0
137763.0,The Brunts Academy,50.0,1799.0,7124.0,235.0,26.0,Urban: Nearer to a major town or city,East Midlands,891,Nottinghamshire,E01028274,E02005888,NG18 2AT,-1.1867989120022786,53.15252032301705,454480.0,362016.0
138076.0,The Elizabethan Academy,44.0,1799.0,7124.0,185.0,13.0,Urban: Nearer to a major town or city,East Midlands,891,Nottinghamshire,E01028015,E02005839,DN22 7PY,-0.9515435782794208,53.33121485683968,469921.0,382099.0
137981.0,Ashfield Comprehensive School,36.0,1799.0,7124.0,336.0,26.0,Urban: Nearer to a major town or city,East Midlands,891,Nottinghamshire,E01027959,E02005827,NG17 8HP,-1.270314312810218,53.11014691224707,448943.0,357242.0
136291.0,George Spencer Academy and Technology College,56.0,1799.0,7124.0,218.0,18.0,Urban: Nearer to a major town or city,East Midlands,891,Nottinghamshire,E01028131,E02005859,NG9 7EW,-1.2668036373778233,52.9208642416716,449393.0,336188.0
144486.0,Queen Elizabeth Academy,17.0,1799.0,7124.0,92.0,49.0,Urban: Nearer to a major town or city,East Midlands,891,Nottinghamshire,E01028283,E02005883,NG19 7AP,-1.205874914417191,53.15521083925279,453201.0,362301.0
138247.0,Outwood Academy Valley,63.0,1799.0,7124.0,241.0,15.0,Urban: Nearer to a major town or city,East Midlands,891,Nottinghamshire,E01028046,E02005840,S81 7EN,-1.1286683493092764,53.31676415982857,458145.0,380333.0
136361.0,Redhill Academy,57.0,1799.0,7124.0,220.0,23.0,Urban: Nearer to a major town or city,East Midlands,891,Nottinghamshire,E01028144,E02005870,NG5 8GX,-1.130619164922318,53.00863695411246,458431.0,346054.0
140874.0,"St Anselm's Catholic School, Canterbury",19.0,1799.0,7124.0,178.0,20.0,Urban: Further from a major town or city,South East,886,Kent,E01024046,E02005025,CT1 3EN,1.1000406295263911,51.262689151181,616376.0,156068.0
137484.0,Homewood School and Sixth Form Centre,24.0,1799.0,7124.0,327.0,22.0,Larger rural: Nearer to a major town or city,South East,886,Kent,E01024024,E02005008,TN30 6LT,0.6939274705760505,51.07673898766448,588805.0,134276.0
136465.0,Herne Bay High School,26.0,1799.0,7124.0,253.0,27.0,Urban: Further from a major town or city,South East,886,Kent,E01024064,E02005012,CT6 7NS,1.1125830552843785,51.361629996014265,616784.0,167105.0
137376.0,The Thomas Aveling School,22.0,1799.0,7124.0,185.0,33.0,Urban: Nearer to a major town or city,South East,887,Medway,E01016120,E02003339,ME1 2UW,0.5027620932671915,51.36416016240939,574327.0,165761.0
136456.0,Rainham School for Girls,33.0,1799.0,7124.0,248.0,22.0,Urban: Nearer to a major town or city,South East,887,Medway,E01016088,E02003342,ME8 0BX,0.5922107079539044,51.36243094338083,580560.0,165785.0
141466.0,The Howard School,26.0,1799.0,7124.0,227.0,22.0,Urban: Nearer to a major town or city,South East,887,Medway,E01016088,E02003342,ME8 0BX,0.5923119687406498,51.36371479072122,580562.0,165928.0
139062.0,The Dukeries Academy,30.0,1799.0,7124.0,142.0,42.0,Urban: Further from a major town or city,East Midlands,891,Nottinghamshire,E01028302,E02005893,NG22 9TD,-1.000720467906857,53.20897915282567,466836.0,368454.0
138641.0,The Kimberley School,46.0,1799.0,7124.0,181.0,19.0,Urban: Nearer to a major town or city,East Midlands,891,Nottinghamshire,E01028106,E02006906,NG16 2NJ,-1.2522978704952716,52.99898141831599,450278.0,344888.0
139956.0,Holgate Academy,40.0,1799.0,7124.0,158.0,30.0,Urban: Nearer to a major town or city,East Midlands,891,Nottinghamshire,E01027939,E02005834,NG15 6HB,-1.226669098275268,53.032293920002346,451958.0,348612.0
140549.0,Magnus Church of England Academy,29.0,1799.0,7124.0,144.0,38.0,Urban: Nearer to a major town or city,East Midlands,891,Nottinghamshire,E01028333,E02005901,NG24 4AB,-0.8021029320226036,53.06841400088311,480362.0,353021.0
140698.0,All Saints Catholic Voluntary Academy,39.0,1799.0,7124.0,175.0,21.0,Urban: Nearer to a major town or city,East Midlands,891,Nottinghamshire,E01028228,E02005887,NG19 6BW,-1.2144763302800297,53.15178900896826,452630.0,361914.0
138837.0,The Bramcote School,29.0,1799.0,7124.0,103.0,34.0,Urban: Nearer to a major town or city,East Midlands,891,Nottinghamshire,E01028089,E02005856,NG9 3GA,-1.2508675253409507,52.93939129122592,450443.0,338260.0
138810.0,Christ The King Voluntary Academy,34.0,1799.0,7124.0,148.0,20.0,Urban: Nearer to a major town or city,East Midlands,891,Nottinghamshire,E01028183,E02005871,NG5 7JZ,-1.1116126508895714,53.00013653581219,459718.0,345124.0
138411.0,Meden School,38.0,1799.0,7124.0,116.0,39.0,Larger rural: Further from a major town or city,East Midlands,891,Nottinghamshire,E01028223,E02005881,NG20 0QN,-1.148970768524048,53.209032444284176,456935.0,368332.0
122854.0,Chilwell School,47.0,1799.0,7124.0,139.0,19.0,Urban: Nearer to a major town or city,East Midlands,891,Nottinghamshire,E01028069,E02005863,NG9 5AL,-1.2316207301526272,52.912030334716725,451769.0,335230.0
135583.0,Samworth Church Academy,40.0,1799.0,7124.0,221.0,28.0,Urban: Nearer to a major town or city,East Midlands,891,Nottinghamshire,E01028275,E02005888,NG18 2DY,-1.170685513235783,53.14751914500528,455564.0,361472.0
138167.0,Astor College (A Specialist College for the Arts),9.0,1799.0,7124.0,164.0,44.0,Urban: Further from a major town or city,South East,886,Kent,E01024248,E02005051,CT17 0AS,1.2888055493798205,51.1267741527098,630219.0,141531.0
137112.0,South Nottinghamshire Academy,35.0,1799.0,7124.0,79.0,22.0,Larger rural: Nearer to a major town or city,East Midlands,891,Nottinghamshire,E01028414,E02005908,NG12 2FQ,-1.033644814915825,52.94563679723895,465032.0,339129.0
136878.0,Toot Hill School,64.0,1799.0,7124.0,283.0,11.0,Urban: Nearer to a major town or city,East Midlands,891,Nottinghamshire,E01028359,E02005907,NG13 8BL,-0.9541668212046408,52.94896455701616,470367.0,339574.0
136899.0,Parmiter's School,83.0,1799.0,7124.0,205.0,7.0,Urban: Nearer to a major town or city,East of England,919,Hertfordshire,E01023832,E02004957,WD25 0UU,-0.3894169167786235,51.703243268275855,511392.0,201727.0
140751.0,Saint Peter's Catholic Voluntary Academy,33.0,1799.0,7124.0,86.0,55.0,Urban: Nearer to a major town or city,North East,807,Redcar and Cleveland,E01033470,E02006910,TS6 6SP,-1.1697355308234172,54.574608926402526,453771.0,520248.0
138711.0,Outwood Academy Ormesby,34.0,1799.0,7124.0,124.0,69.0,Urban: Nearer to a major town or city,North East,806,Middlesbrough,E01012016,E02002502,TS3 0RH,-1.1756484218126588,54.55449112014016,453415.0,518005.0
133768.0,Unity City Academy,5.0,1799.0,7124.0,119.0,78.0,Urban: Nearer to a major town or city,North East,806,Middlesbrough,E01012075,E02002499,TS3 8RE,-1.1977070960880436,54.55636508759713,451986.0,518197.0
141686.0,Manor Community Academy,32.0,1799.0,7124.0,214.0,41.0,Urban: Nearer to a major town or city,North East,805,Hartlepool,E01011965,E02007059,TS25 3PS,-1.2412630739152704,54.65724435167749,449048.0,529391.0
139345.0,Downend School,47.0,1799.0,7124.0,133.0,10.0,Urban: Nearer to a major town or city,South West,803,South Gloucestershire,E01014898,E02003111,BS16 6XA,-2.4934392420981544,51.49230749439867,365839.0,177156.0
142273.0,Sacred Heart Secondary Catholic Voluntary Academy,48.0,1799.0,7124.0,144.0,24.0,Urban: Nearer to a major town or city,North East,807,Redcar and Cleveland,E01012142,E02002516,TS10 1PJ,-1.07987257282768,54.612432472256515,459525.0,524529.0
137757.0,Bishop's Hatfield Girls' School,53.0,1799.0,7124.0,109.0,18.0,Urban: Nearer to a major town or city,East of England,919,Hertfordshire,E01023923,E02004991,AL10 8NL,-0.2262830142279088,51.75885712608191,522514.0,208173.0
138522.0,Ralph Allen School,53.0,1799.0,7124.0,142.0,18.0,Urban: Nearer to a major town or city,South West,800,Bath and North East Somerset,E01014388,E02003002,BA2 7AD,-2.329112818515158,51.363484111058455,377183.0,162765.0
138360.0,St Mary's Church of England High School (VA),26.0,1799.0,7124.0,163.0,32.0,Urban: Nearer to a major town or city,East of England,919,Hertfordshire,E01023293,E02004853,EN7 5FB,-0.0561744173006842,51.69587045196732,534440.0,201468.0
137090.0,The Chauncy School,49.0,1799.0,7124.0,154.0,13.0,Urban: Nearer to a major town or city,East of England,919,Hertfordshire,E01023515,E02004890,SG12 0DP,-0.0453529908062445,51.81489638140639,534833.0,214724.0
137900.0,St Cuthbert's High School,38.0,1799.0,7124.0,161.0,33.0,Urban: Nearer to a major town or city,North East,391,Newcastle upon Tyne,E01008288,E02001734,NE15 7PX,-1.6753774813490596,54.9789549427295,420876.0,564975.0
117555.0,Townsend CofE School,41.0,1799.0,7124.0,101.0,25.0,Urban: Nearer to a major town or city,East of England,919,Hertfordshire,E01023671,E02004932,AL3 6DR,-0.3429393404158353,51.773940196390384,514425.0,209661.0
138951.0,St Wilfrid's Catholic High School & Sixth Form College: A Voluntary Academy,47.0,1799.0,7124.0,278.0,10.0,Urban: Nearer to a major town or city,Yorkshire and the Humber,384,Wakefield,E01011777,E02002461,WF7 6BD,-1.3610042474641864,53.69620119896685,442289.0,422383.0
136554.0,Dame Alice Owen's School,83.0,1799.0,7124.0,206.0,4.0,Urban: Nearer to a major town or city,East of England,919,Hertfordshire,E01023569,E02004897,EN6 2DU,-0.2071702290143096,51.690782685062224,524019.0,200635.0
138632.0,Monk's Walk School,52.0,1799.0,7124.0,204.0,16.0,Urban: Nearer to a major town or city,East of England,919,Hertfordshire,E01023962,E02004982,AL8 7NL,-0.2113365142095841,51.81987666034892,523379.0,214984.0
143131.0,Robert Barclay Academy,18.0,1799.0,7124.0,104.0,25.0,Urban: Nearer to a major town or city,East of England,919,Hertfordshire,E01023321,E02004845,EN11 8JY,-0.017913521542162,51.75450230355832,536907.0,208059.0
136396.0,The Broxbourne School,63.0,1799.0,7124.0,202.0,19.0,Urban: Nearer to a major town or city,East of England,919,Hertfordshire,E01023292,E02004846,EN10 7FU,-0.0240080323713887,51.740693365098245,536528.0,206512.0
139063.0,Sutton Community Academy,23.0,1799.0,7124.0,93.0,49.0,Urban: Nearer to a major town or city,East Midlands,891,Nottinghamshire,E01027976,E02005823,NG17 1EE,-1.2606089073087334,53.12380426775091,449577.0,358768.0
139765.0,The Nottingham Emmanuel School,42.0,1799.0,7124.0,156.0,35.0,Urban: Nearer to a major town or city,East Midlands,892,Nottingham,E01028365,E02005912,NG2 7YF,-1.1514924878401,52.93293500250676,457130.0,337616.0
136609.0,Sandringham School,76.0,1799.0,7124.0,194.0,8.0,Urban: Nearer to a major town or city,East of England,919,Hertfordshire,E01023711,E02004931,AL4 9NX,-0.3078068463676583,51.770768918241586,516857.0,209364.0
117534.0,Marriotts School,27.0,1799.0,7124.0,128.0,41.0,Urban: Nearer to a major town or city,East of England,919,Hertfordshire,E01023761,E02004950,SG2 8UT,-0.1762944023193352,51.903585100404605,525561.0,224353.0
117552.0,The Astley Cooper School,37.0,1799.0,7124.0,70.0,39.0,Urban: Nearer to a major town or city,East of England,919,Hertfordshire,E01023395,E02004862,HP2 7HL,-0.4477008898470507,51.77580285233504,507193.0,209709.0
138352.0,Tring School,55.0,1799.0,7124.0,234.0,12.0,Urban: Nearer to a major town or city,East of England,919,Hertfordshire,E01023421,E02004859,HP23 5JD,-0.6545136439110701,51.79816970502663,492879.0,211913.0
137110.0,Longdean School,41.0,1799.0,7124.0,201.0,26.0,Urban: Nearer to a major town or city,East of England,919,Hertfordshire,E01023358,E02004875,HP3 8JB,-0.4429084140987248,51.74197456299392,507604.0,205954.0
137002.0,Freman College,60.0,1799.0,7124.0,207.0,11.0,Larger rural: Nearer to a major town or city,East of England,919,Hertfordshire,E01023465,E02004878,SG9 9BT,-0.0278083146074621,51.95143909606255,535631.0,229941.0
137125.0,Noadswood School,45.0,1799.0,7124.0,214.0,13.0,Urban: Nearer to a major town or city,South East,850,Hampshire,E01023009,E02004787,SO45 4ZF,-1.4174752914247672,50.8590957585305,441096.0,106783.0
137759.0,The Axholme Academy,47.0,1799.0,7124.0,66.0,29.0,Larger rural: Nearer to a major town or city,Yorkshire and the Humber,813,North Lincolnshire,E01013247,E02002754,DN17 4HU,-0.8287589340438523,53.59941074039929,477608.0,412062.0
117518.0,Barnwell School,34.0,1799.0,7124.0,196.0,30.0,Urban: Nearer to a major town or city,East of England,919,Hertfordshire,E01023793,E02004953,SG2 9SW,-0.1729263409012164,51.889856057233665,525831.0,222832.0
118085.0,Headlands School,32.0,1799.0,7124.0,157.0,20.0,Urban: Further from a major town or city,Yorkshire and the Humber,811,East Riding of Yorkshire,E01012935,E02002685,YO16 6UR,-0.1835599078843399,54.0990230341813,518880.0,468537.0
118076.0,The Market Weighton School,45.0,1799.0,7124.0,75.0,20.0,Larger rural: Nearer to a major town or city,Yorkshire and the Humber,811,East Riding of Yorkshire,E01013120,E02002698,YO43 3JF,-0.6559796630742069,53.86737457319642,488478.0,442075.0
117530.0,The Nobel School,38.0,1799.0,7124.0,225.0,17.0,Urban: Nearer to a major town or city,East of England,919,Hertfordshire,E01023769,E02007091,SG2 0HS,-0.1682450788888258,51.91134618728831,526093.0,225230.0
140866.0,The Snaith School,45.0,1799.0,7124.0,178.0,16.0,Larger rural: Nearer to a major town or city,Yorkshire and the Humber,811,East Riding of Yorkshire,E01013077,E02002725,DN14 9LB,-1.036440246307476,53.689996396105805,463728.0,421934.0
137628.0,The Joseph Whitaker School,38.0,1799.0,7124.0,201.0,24.0,Urban: Further from a major town or city,East Midlands,891,Nottinghamshire,E01028343,E02005898,NG21 0AG,-1.121239153090842,53.11455147885234,458916.0,357844.0
137926.0,The Gilberd School,52.0,1799.0,7124.0,263.0,17.0,Urban: Nearer to a major town or city,East of England,881,Essex,E01021668,E02004507,CO4 9PU,0.9174707444845296,51.91567774799779,600742.0,228148.0
140640.0,St Gregory's Catholic School,55.0,1799.0,7124.0,180.0,18.0,Urban: Further from a major town or city,South East,886,Kent,E01024837,E02005163,TN4 9XL,0.2592441767336255,51.15149706986784,558104.0,141564.0
139542.0,Wrotham School,39.0,1799.0,7124.0,116.0,21.0,Smaller rural: Nearer to a major town or city,South East,886,Kent,E01024786,E02005154,TN15 7RD,0.3096769456745813,51.30074836762645,561109.0,158269.0
136776.0,Saffron Walden County High School,54.0,1799.0,7124.0,296.0,9.0,Urban: Further from a major town or city,East of England,881,Essex,E01022075,E02004591,CB11 4UH,0.231524204887337,52.01714788784255,553227.0,237763.0
136838.0,Hummersknott Academy,50.0,1799.0,7124.0,231.0,26.0,Urban: Nearer to a major town or city,North East,841,Darlington,E01012336,E02002569,DL3 8AR,-1.5943654814790398,54.521334047275616,426355.0,514079.0
137552.0,"Stewards Academy - Science Specialist, Harlow",34.0,1799.0,7124.0,199.0,30.0,Urban: Nearer to a major town or city,East of England,881,Essex,E01021859,E02004553,CM18 7NQ,0.0930994739831297,51.75098613511159,544580.0,207882.0
137260.0,Chelmer Valley High School,42.0,1799.0,7124.0,194.0,20.0,Urban: Nearer to a major town or city,East of England,881,Essex,E01021542,E02004486,CM1 7ER,0.4673045948054996,51.77136112929354,570331.0,210955.0
135651.0,New Rickstones Academy,16.0,1799.0,7124.0,92.0,39.0,Urban: Nearer to a major town or city,East of England,881,Essex,E01021362,E02004460,CM8 2SD,0.6355299065174974,51.81839572805568,581747.0,216591.0
136525.0,Hurworth School,57.0,1799.0,7124.0,122.0,15.0,Larger rural: Nearer to a major town or city,North East,841,Darlington,E01012339,E02002573,DL2 2JG,-1.540929598075644,54.48392821743177,429841.0,509938.0
136342.0,King Harold Business & Enterprise Academy,35.0,1799.0,7124.0,94.0,36.0,Urban: Nearer to a major town or city,East of England,881,Essex,E01021807,E02004534,EN9 1LF,0.0150561173684143,51.68952742758206,539382.0,200896.0
136863.0,Moulsham High School,51.0,1799.0,7124.0,245.0,15.0,Urban: Nearer to a major town or city,East of England,881,Essex,E01021584,E02004496,CM2 9ES,0.4704496381406716,51.718558632294986,570747.0,205091.0
137727.0,Anglo European School,46.0,1799.0,7124.0,201.0,14.0,Larger rural: Nearer to a major town or city,East of England,881,Essex,E01021458,E02004465,CM4 0DJ,0.3864312547500412,51.67316142906318,565109.0,199850.0
136605.0,William de Ferrers School,39.0,1799.0,7124.0,287.0,13.0,Urban: Nearer to a major town or city,East of England,881,Essex,E01021613,E02004503,CM3 5JU,0.6196383644978374,51.64559051975016,581342.0,197337.0
136579.0,The Appleton School,46.0,1799.0,7124.0,231.0,21.0,Urban: Nearer to a major town or city,East of England,881,Essex,E01021477,E02004475,SS7 5RN,0.5529810975757831,51.56345597107778,577050.0,188041.0
136861.0,The Billericay School,40.0,1799.0,7124.0,277.0,12.0,Urban: Nearer to a major town or city,East of England,881,Essex,E01021255,E02004427,CM12 9LH,0.4196957378451747,51.61824271392665,567611.0,193819.0
139179.0,Tabor Academy,34.0,1799.0,7124.0,176.0,22.0,Urban: Nearer to a major town or city,East of England,881,Essex,E01021358,E02004453,CM7 5XP,0.5401951792708535,51.885451530284655,574917.0,223814.0
138075.0,Easington Academy,29.0,1799.0,7124.0,127.0,36.0,Larger rural: Nearer to a major town or city,North East,840,County Durham,E01020756,E02004324,SR8 3AY,-1.3539651111521531,54.78154504894419,441650.0,543150.0
137694.0,Burnt Mill Academy,47.0,1799.0,7124.0,214.0,31.0,Urban: Nearer to a major town or city,East of England,881,Essex,E01021853,E02004546,CM20 2NR,0.1080398002897716,51.77686950922448,545528.0,210790.0
139534.0,The Sweyne Park School,44.0,1799.0,7124.0,247.0,19.0,Urban: Nearer to a major town or city,East of England,881,Essex,E01021959,E02004568,SS6 9BZ,0.5987342591460925,51.59553041612834,580094.0,191719.0
136577.0,The King John School,54.0,1799.0,7124.0,318.0,12.0,Urban: Nearer to a major town or city,East of England,881,Essex,E01021482,E02004478,SS7 1RQ,0.5948879398204314,51.55616003344209,579983.0,187332.0
143005.0,Avon Valley College,15.0,1799.0,7124.0,100.0,24.0,Urban: Further from a major town or city,South West,865,Wiltshire,E01031997,E02006662,SP4 8HH,-1.7706085104135625,51.20061031497582,416123.0,144625.0
137048.0,Mayflower High School,51.0,1799.0,7124.0,243.0,9.0,Urban: Nearer to a major town or city,East of England,881,Essex,E01021237,E02004424,CM12 0RT,0.4315538411132728,51.6387536482469,568356.0,196127.0
142805.0,St James School,45.0,1799.0,7124.0,132.0,33.0,Urban: Nearer to a major town or city,South West,878,Devon,E01019991,E02004150,EX4 8NN,-3.49533387581464,50.73851238640895,294581.0,94279.0
137927.0,The Stanway School,47.0,1799.0,7124.0,222.0,14.0,Urban: Nearer to a major town or city,East of England,881,Essex,E01021722,E02004517,CO3 0QA,0.8399358441375516,51.88314832012543,595552.0,224320.0
137124.0,Newton Abbot College,48.0,1799.0,7124.0,126.0,20.0,Urban: Nearer to a major town or city,South West,878,Devon,E01020219,E02004212,TQ12 2NF,-3.614554386322542,50.53349610608148,285672.0,71660.0
136367.0,Kingsbridge Academy,62.0,1799.0,7124.0,201.0,14.0,Larger rural: Further from a major town or city,South West,878,Devon,E01020189,E02004198,TQ7 1PL,-3.7831692227044447,50.28070020244286,273049.0,43827.0
136638.0,Clyst Vale Community College,47.0,1799.0,7124.0,140.0,24.0,Larger rural: Nearer to a major town or city,South West,878,Devon,E01034620,E02007027,EX5 3AJ,-3.4398677425195436,50.758519437493256,298538.0,96426.0
136195.0,Colchester Academy,36.0,1799.0,7124.0,112.0,47.0,Urban: Nearer to a major town or city,East of England,881,Essex,E01021705,E02006922,CO4 3JL,0.9389983248338166,51.89460024108772,602317.0,225864.0
135652.0,Greensward Academy,50.0,1799.0,7124.0,256.0,14.0,Urban: Nearer to a major town or city,East of England,881,Essex,E01021940,E02006980,SS5 5HG,0.6654648117572481,51.60667866526491,584670.0,193125.0
136875.0,St Martin's School Brentwood,65.0,1799.0,7124.0,277.0,8.0,Urban: Nearer to a major town or city,East of England,881,Essex,E01021447,E02004468,CM13 2HG,0.3448012035501017,51.622379629429005,562412.0,194110.0
135957.0,Clacton Coastal Academy,13.0,1799.0,7124.0,248.0,54.0,Urban: Nearer to a major town or city,East of England,881,Essex,E01022022,E02004585,CO15 3JL,1.1418496879609858,51.79938702779382,616728.0,215861.0
137874.0,The Boswells School,52.0,1799.0,7124.0,244.0,15.0,Urban: Nearer to a major town or city,East of England,881,Essex,E01021624,E02004488,CM1 6LY,0.4905193020782638,51.74940487082093,572016.0,208568.0
136495.0,"Teignmouth Community School, Exeter Road",31.0,1799.0,7124.0,154.0,21.0,Urban: Nearer to a major town or city,South West,878,Devon,E01020266,E02004208,TQ14 9HZ,-3.5013486538138427,50.552800459934275,293738.0,73638.0
135804.0,The Wellington Academy,30.0,1799.0,7124.0,151.0,19.0,Smaller rural: Further from a major town or city,South West,865,Wiltshire,E01034555,E02007025,SP11 9RR,-1.6393702463906006,51.250833460993235,425265.0,150247.0
136625.0,Davenant Foundation School,67.0,1799.0,7124.0,166.0,8.0,Urban: Nearer to a major town or city,East of England,881,Essex,E01021774,E02004537,IG10 2LD,0.0847259482802704,51.662546962589616,544283.0,198031.0
137241.0,Thurstable School Sports College and Sixth Form Centre,38.0,1799.0,7124.0,158.0,18.0,Larger rural: Nearer to a major town or city,East of England,881,Essex,E01021726,E02004525,CO5 0EW,0.7482806385571351,51.81955521111879,589512.0,217007.0
137312.0,St Bernard's High School,61.0,1799.0,7124.0,143.0,13.0,Urban: Nearer to a major town or city,East of England,882,Southend-on-Sea,E01015856,E02003293,SS0 7JS,0.6985662402052863,51.53741582363982,587246.0,185508.0
118879.0,Thamesview School,27.0,1799.0,7124.0,126.0,37.0,Urban: Nearer to a major town or city,South East,886,Kent,E01024298,E02005062,DA12 4LF,0.3978126048571117,51.422933992915,566808.0,172052.0
139037.0,Oak Academy,20.0,1799.0,7124.0,110.0,43.0,Urban: Nearer to a major town or city,South West,839,"Bournemouth, Christchurch and Poole",E01015312,E02003176,BH11 9JJ,-1.9202847188843968,50.76259057510518,405718.0,95893.0
137456.0,St Clere's School,51.0,1799.0,7124.0,199.0,22.0,Urban: Nearer to a major town or city,East of England,883,Thurrock,E01015991,E02003300,SS17 0NW,0.4194639070653112,51.51057049160432,567991.0,181846.0
136847.0,Mascalls Academy,39.0,1799.0,7124.0,230.0,16.0,Larger rural: Nearer to a major town or city,South East,886,Kent,E01024816,E02005162,TN12 6LT,0.3889157311686593,51.16945278898896,567107.0,143847.0
136603.0,Bennett Memorial Diocesan School,65.0,1799.0,7124.0,226.0,10.0,Urban: Further from a major town or city,South East,886,Kent,E01024838,E02005168,TN4 9SH,0.2479480820507818,51.14268533657565,557344.0,140560.0
141217.0,St Edmund's Catholic School,19.0,1799.0,7124.0,111.0,30.0,Urban: Further from a major town or city,South East,886,Kent,E01024195,E02005051,CT16 2QB,1.307993085153608,51.13602859193836,631515.0,142620.0
118898.0,The Archbishop's School,19.0,1799.0,7124.0,148.0,20.0,Urban: Further from a major town or city,South East,886,Kent,E01024100,E02005022,CT2 7AP,1.074052991336918,51.29409172225917,614417.0,159483.0
135372.0,New Line Learning Academy,15.0,1799.0,7124.0,112.0,42.0,Urban: Nearer to a major town or city,South East,886,Kent,E01024404,E02005079,ME15 9QL,0.5321420249971971,51.24923630318728,576813.0,153053.0
137104.0,Hillview School for Girls,43.0,1799.0,7124.0,188.0,17.0,Urban: Nearer to a major town or city,South East,886,Kent,E01024767,E02005160,TN9 2HE,0.2837324759742884,51.18809249487265,559690.0,145686.0
136177.0,Duke of York's Royal Military School,37.0,1799.0,7124.0,76.0,5.0,Smaller rural: Further from a major town or city,South East,886,Kent,E01024238,E02005052,CT15 5EQ,1.3258753009011628,51.14313117813506,632730.0,143466.0
136583.0,Towers School and Sixth Form Centre,26.0,1799.0,7124.0,163.0,26.0,Urban: Nearer to a major town or city,South East,886,Kent,E01023999,E02004998,TN24 9AL,0.8842321734984869,51.17415101497511,601709.0,145611.0
136205.0,Wilmington Academy,38.0,1799.0,7124.0,160.0,18.0,Urban: Nearer to a major town or city,South East,886,Kent,E01024189,E02005038,DA2 7DR,0.1926170708144211,51.42806840346088,552526.0,172176.0
135630.0,Longfield Academy,24.0,1799.0,7124.0,161.0,28.0,Urban: Nearer to a major town or city,South East,886,Kent,E01024158,E02005040,DA3 7PH,0.3067916569448068,51.39646766802747,560573.0,168906.0
121679.0,The Wensleydale School & Sixth Form,39.0,1799.0,7124.0,84.0,5.0,Larger rural: Further from a major town or city,Yorkshire and the Humber,815,North Yorkshire,E01033185,E02005787,DL8 5HY,-1.8239448156421751,54.3132960723599,411552.0,490869.0
118788.0,Northfleet School for Girls,31.0,1799.0,7124.0,143.0,27.0,Urban: Nearer to a major town or city,South East,886,Kent,E01024288,E02005060,DA11 8AQ,0.3408694764414751,51.42894112054768,562828.0,172592.0
135371.0,Cornwallis Academy,19.0,1799.0,7124.0,241.0,23.0,Urban: Nearer to a major town or city,South East,886,Kent,E01024376,E02005083,ME17 4HX,0.5191694115710497,51.23082738314984,575978.0,150975.0
118928.0,Northfleet Technology College,11.0,1799.0,7124.0,160.0,29.0,Urban: Nearer to a major town or city,South East,886,Kent,E01024281,E02005060,DA11 8BG,0.3435951354270927,51.433005652685395,563003.0,173050.0
136649.0,Twynham School,48.0,1799.0,7124.0,240.0,14.0,Urban: Nearer to a major town or city,South West,839,"Bournemouth, Christchurch and Poole",E01020367,E02004241,BH23 1JF,-1.7829033518912845,50.73340610796481,415417.0,92667.0
137581.0,The Ebbsfleet Academy,37.0,1799.0,7124.0,108.0,27.0,Urban: Nearer to a major town or city,South East,886,Kent,E01024176,E02005031,DA10 0BZ,0.3127445159097189,51.44149647976692,560829.0,173926.0
113863.0,Lytchett Minster School,41.0,1799.0,7124.0,229.0,17.0,Smaller rural: Nearer to a major town or city,South West,838,Dorset,E01020474,E02004264,BH16 6JD,-2.0586573299246944,50.74112001993455,395957.0,93504.0
118933.0,St John's Catholic Comprehensive,28.0,1799.0,7124.0,162.0,30.0,Urban: Nearer to a major town or city,South East,886,Kent,E01024293,E02005057,DA12 2JW,0.3849942124338096,51.43422151567051,565876.0,173278.0
136120.0,The Bishop of Winchester Academy,52.0,1799.0,7124.0,145.0,23.0,Urban: Nearer to a major town or city,South West,839,"Bournemouth, Christchurch and Poole",E01015339,E02003179,BH8 9PW,-1.8491410613099917,50.7481323982576,410739.0,94293.0
137214.0,William Edwards School,43.0,1799.0,7124.0,233.0,18.0,Urban: Nearer to a major town or city,East of England,883,Thurrock,E01015993,E02003304,RM16 3NJ,0.3328756617774491,51.50357412932886,562008.0,180873.0
136581.0,Valley Park School,30.0,1799.0,7124.0,207.0,13.0,Urban: Nearer to a major town or city,South East,886,Kent,E01024336,E02005072,ME14 5DT,0.5396392553838092,51.27373498563599,577242.0,155795.0
136206.0,St Aldhelm's Academy,30.0,1799.0,7124.0,61.0,51.0,Urban: Nearer to a major town or city,South West,839,"Bournemouth, Christchurch and Poole",E01015380,E02003200,BH12 4HS,-1.9334563768921629,50.74254473648273,404791.0,93663.0
136317.0,Sandwich Technology School,21.0,1799.0,7124.0,248.0,26.0,Urban: Further from a major town or city,South East,886,Kent,E01024242,E02005042,CT13 0FA,1.3355541987726,51.26513583969052,632791.0,157060.0
118897.0,The Malling School,19.0,1799.0,7124.0,120.0,25.0,Urban: Nearer to a major town or city,South East,886,Kent,E01024740,E02006833,ME19 6DH,0.4335045550247821,51.29048735986729,569778.0,157407.0
139075.0,Meopham School,29.0,1799.0,7124.0,82.0,22.0,Smaller rural: Nearer to a major town or city,South East,886,Kent,E01024271,E02005066,DA13 0AH,0.3579003893125414,51.36769664994456,564231.0,165820.0
139711.0,Magna Academy,40.0,1799.0,7124.0,78.0,29.0,Urban: Nearer to a major town or city,South West,839,"Bournemouth, Christchurch and Poole",E01015407,E02003198,BH17 8RE,-1.9666028929004016,50.74864776068649,402452.0,94340.0
113893.0,"St Edward's Roman Catholic/Church of England School, Poole",50.0,1799.0,7124.0,177.0,15.0,Urban: Nearer to a major town or city,South West,839,"Bournemouth, Christchurch and Poole",E01015449,E02003204,BH15 3HY,-1.96007692227527,50.73825898756865,402913.0,93185.0
136584.0,King Ethelbert School,16.0,1799.0,7124.0,143.0,28.0,Urban: Further from a major town or city,South East,886,Kent,E01024638,E02005139,CT7 9BL,1.3222186187214373,51.377097675476726,631297.0,169465.0
135888.0,Skinners' Kent Academy,31.0,1799.0,7124.0,131.0,31.0,Urban: Further from a major town or city,South East,886,Kent,E01024842,E02005166,TN2 4PY,0.2926989081324289,51.14039558539771,560482.0,140402.0
141628.0,Ursuline College,27.0,1799.0,7124.0,105.0,23.0,Urban: Further from a major town or city,South East,886,Kent,E01024713,E02005138,CT8 8LX,1.3276833304728657,51.37753618372385,631675.0,169531.0
139258.0,Carter Community School,26.0,1799.0,7124.0,58.0,43.0,Urban: Nearer to a major town or city,South West,839,"Bournemouth, Christchurch and Poole",E01034283,E02003209,BH15 4BQ,-2.002831145334146,50.71544312198554,399896.0,90647.0
137458.0,Brockhill Park Performing Arts College,29.0,1799.0,7124.0,199.0,24.0,Urban: Nearer to a major town or city,South East,886,Kent,E01024550,E02005109,CT21 4HL,1.065782950948335,51.08162680242299,614826.0,135838.0
136763.0,Highcliffe School,42.0,1799.0,7124.0,226.0,14.0,Urban: Nearer to a major town or city,South West,839,"Bournemouth, Christchurch and Poole",E01020369,E02004239,BH23 4QD,-1.7219522750908327,50.746568013225314,419713.0,94145.0
138193.0,Avonbourne College,28.0,1799.0,7124.0,195.0,29.0,Urban: Nearer to a major town or city,South West,839,"Bournemouth, Christchurch and Poole",E01015314,E02003182,BH7 6NY,-1.8275324303572216,50.7385701040868,412266.0,93233.0
126087.0,Downlands Community School,65.0,1799.0,7124.0,180.0,14.0,Urban: Nearer to a major town or city,South East,938,West Sussex,E01031747,E02006620,BN6 8LP,-0.1386871070180515,50.9213011690563,530922.0,115188.0
