"MSOA21CD","MSOA21NM","MSOA21NMW","BNG_E","BNG_N","LAT","LONG","GlobalID","SAMHI","PercentOfStudentReceivingFreeSchoolMeals","PercentFemale","AsianPopulationRate","BlackPopulationRate","OtherRacePopulationRate","UrbanRuralClass","LargeFringeMetro","MediumMetro","SmallMetro","Micropolitan","Noncore","GOR","BordaAccessibilityDecile","MSOA (name)","MSOA_GCSE_Mean","MSOA_SchoolCount","TotalPupils_GCSE","TotalAchievers","MSOA_TotalPupils","RateofStudentAchievers","RateOFFemaleStudents","RateOfStudentReceivingFreeSchoolMeals","FSMRate","YPAccessibilityDecile","RateOfStudentUnderAchievers","Grade5Underperformance","Expected","id_area_structured","id_area_unstructured","RR","LL","UL","RelativeRiskCat","Significance","ExceedProb","ProbCat","RiskCategoryLabelMapA","SignificanceLabelMapB","ProbCategoryLabelMapC"
"E02000003","Barking and Dagenham 002",NA,548259,188520,51.5761,0.138149,"62ded9d9-f53a-454d-af35-04404d9dbe9b",1,34.15,50.51,0.3495,0.1561,0.0879,"LargeCentralMetro",0,0,0,0,0,"London",2,"Barking and Dagenham 002",44.9,1,205,92,1374,0.449,0.5051,0.3415,0.3415,2,0.551219512195122,113,112,1,1,0.989599925199293,0.837645047662671,1.16106460517055,-1,0,0.433,4,"0.76 to 0.99","Not Significant","0.40-0.59"
"E02000007","Barking and Dagenham 006",NA,549698,186609,51.5585,0.158087,"a33c6add-d70a-4737-ade5-3460d7016ca1",4,24.89,44.05,0.1467,0.2614,0.0817,"LargeCentralMetro",0,0,0,0,0,"London",5,"Barking and Dagenham 006",60.3,1,229,138,1353,0.603,0.4405,0.2489,0.2489,5,0.397379912663755,91,125,2,2,0.773347859773577,0.648506911752743,0.915086712236984,-1,-1,0.001,1,"0.76 to 0.99","Significant Decrease","<0.01"
"E02000012","Barking and Dagenham 011",NA,545549,184914,51.5444,0.097578,"ccc82abf-d69f-4095-89cf-1fa29223dca8",1,24.65,48.33,0.5876,0.0897,0.064,"LargeCentralMetro",0,0,0,0,0,"London",5,"Barking and Dagenham 011",50.7,1,353,179,2336,0.507,0.4833,0.2465,0.2465,5,0.492917847025496,174,193,3,3,0.899614502544207,0.783057094516124,1.02853897951685,-1,0,0.06,2,"0.76 to 0.99","Not Significant","0.01-0.20"
"E02000021","Barking and Dagenham 020",NA,549348,182750,51.5239,0.151407,"43ba9b8d-74f4-4c1b-9651-19819236eaee",2,34.42,45.68,0.1844,0.2827,0.0781,"LargeCentralMetro",0,0,0,0,0,"London",3,"Barking and Dagenham 020",34,1,215,73,1458,0.34,0.4568,0.3442,0.3442,3,0.66046511627907,142,117,4,4,1.16558225346946,0.999581205681688,1.35118230536192,1,0,0.975,6,"1.01 to 1.25","Not Significant","0.80-1.00"
"E02000023","Barking and Dagenham 022",NA,546590,183107,51.5279,0.111828,"b3575ebe-2672-4560-a584-a5e4ea9211f1",1,32.53,47.71,0.2141,0.372,0.0892,"LargeCentralMetro",0,0,0,0,0,"London",3,"Barking and Dagenham 022",53.73,2,538,289,3228,0.5373,0.4771,0.3253,0.3253,3,0.462825278810409,249,293,5,5,0.861234288457314,0.765385072515124,0.965681757909766,-1,-1,0.005,1,"0.76 to 0.99","Significant Decrease","<0.01"
"E02000025","Barnet 002",NA,526350,196719,51.6551,-0.17488,"949ce95b-238f-4e59-ac0f-abacd3475f46",2,5.79,46.99,0.1121,0.0735,0.112,"LargeCentralMetro",0,0,0,0,0,"London",7,"Barnet 002",76.8,1,190,146,1381,0.768,0.4699,0.0579,0.0579,7,0.231578947368421,44,104,6,6,0.512226492873331,0.412503167173543,0.628620067792653,-2,-1,0,1,"0.51 to 0.75","Significant Decrease","<0.01"
"E02000026","Barnet 003",NA,527705,196159,51.6497,-0.15551,"13c64bb5-060d-4a66-9c07-eb16129bad71",2,18.18,44.29,0.1255,0.0415,0.136,"LargeCentralMetro",0,0,0,0,0,"London",6,"Barnet 003",57.3,1,220,126,1427,0.573,0.4429,0.1818,0.1818,6,0.427272727272727,94,120,7,7,0.770537394608558,0.64442910041613,0.914047697419665,-1,-1,0.001,1,"0.76 to 0.99","Significant Decrease","<0.01"
"E02000030","Barnet 007",NA,522859,195100,51.6413,-0.22589,"53268035-c44f-4c82-81a9-c930644b235a",2,25,44.8,0.19,0.0522,0.1073,"LargeCentralMetro",0,0,0,0,0,"London",3,"Barnet 007",73.56,2,416,306,2654,0.7356,0.448,0.25,0.25,3,0.264423076923077,110,227,8,8,0.544357578574312,0.463974972626862,0.634539184977959,-2,-1,0,1,"0.51 to 0.75","Significant Decrease","<0.01"
"E02000032","Barnet 009",NA,528801,194138,51.6313,-0.14042,"bd08965b-cf54-48da-8632-f3c0a7fb74da",1,11.15,48.55,0.2088,0.0357,0.1668,"LargeCentralMetro",0,0,0,0,0,"London",3,"Barnet 009",68.8,1,260,179,1823,0.688,0.4855,0.1115,0.1115,3,0.311538461538462,81,142,9,9,0.581119037441844,0.482182461622988,0.694315105750114,-2,-1,0,1,"0.51 to 0.75","Significant Decrease","<0.01"
"E02000035","Barnet 012",NA,525836,193099,51.6227,-0.18361,"9777c9ab-d07f-49f5-9383-4937ee31f4bf",2,12.14,7.47,0.2227,0.0448,0.1379,"LargeCentralMetro",0,0,0,0,0,"London",2,"Barnet 012",78.6,1,173,136,1192,0.786,0.0747,0.1214,0.1214,2,0.213872832369942,37,94,10,10,0.493429448497414,0.392965435517193,0.61158491728493,-3,-1,0,1,"0.26 to 0.5","Significant Decrease","<0.01"
"E02000038","Barnet 015",NA,527744,192433,51.6162,-0.1563,"3690c44c-bfc9-4c80-8065-5473895a8994",2,35.21,49.3,0.1847,0.0727,0.142,"LargeCentralMetro",0,0,0,0,0,"London",2,"Barnet 015",29.6,1,142,42,641,0.296,0.493,0.3521,0.3521,2,0.704225352112676,100,77,11,11,1.16166471926225,0.969311412774306,1.3810074403904,1,0,0.947,6,"1.01 to 1.25","Not Significant","0.80-1.00"
"E02000045","Barnet 022",NA,528270,191198,51.605,-0.14916,"e601d54c-5393-4097-9dd1-3ac98d76ab03",2,33.01,45.78,0.1472,0.1006,0.1548,"LargeCentralMetro",0,0,0,0,0,"London",1,"Barnet 022",51.5,1,206,106,1352,0.515,0.4578,0.3301,0.3301,1,0.485436893203884,100,112,12,12,0.86902402404706,0.729329609238283,1.02761393329011,-1,0,0.049,2,"0.76 to 0.99","Not Significant","0.01-0.20"
"E02000049","Barnet 026",NA,521567,190755,51.6025,-0.24605,"5705d21a-e8fb-44f4-9a6a-a187b85334cd",2,28.16,45.77,0.2238,0.2365,0.1761,"LargeCentralMetro",0,0,0,0,0,"London",2,"Barnet 026",55.8,1,206,115,1254,0.558,0.4577,0.2816,0.2816,2,0.441747572815534,91,112,13,13,0.796131391648654,0.664176502175076,0.946561762868202,-1,-1,0.005,1,"0.76 to 0.99","Significant Decrease","<0.01"
"E02000052","Barnet 029",NA,526967,189648,51.5914,-0.16853,"06e97bbd-90e6-4608-a976-65958d509ecb",1,23.93,48.13,0.1292,0.0598,0.1315,"LargeCentralMetro",0,0,0,0,0,"London",1,"Barnet 029",55.73,2,280,156,1822,0.5573,0.4813,0.2393,0.2393,1,0.442857142857143,124,153,14,14,0.794097068325226,0.676183990919774,0.926587196561416,-1,-1,0.002,1,"0.76 to 0.99","Significant Decrease","<0.01"
"E02000055","Barnet 032",NA,523213,189171,51.5879,-0.22285,"3071dd8c-c524-412e-a7de-f0347c9b08b1",2,42.79,43.29,0.1576,0.0764,0.1606,"LargeCentralMetro",0,0,0,0,0,"London",1,"Barnet 032",45.2,1,208,94,1222,0.452,0.4329,0.4279,0.4279,1,0.548076923076923,114,113,15,15,0.980912052783213,0.830240244340916,1.15094232184788,-1,0,0.392,3,"0.76 to 0.99","Not Significant","0.20-0.39"
"E02000056","Barnet 033",NA,526463,188326,51.5796,-0.17627,"fed7627a-b1b9-44a3-8f04-7d0014a050c8",1,29.94,36.97,0.1125,0.0253,0.1628,"LargeCentralMetro",0,0,0,0,0,"London",1,"Barnet 033",67.5,1,157,106,990,0.675,0.3697,0.2994,0.2994,1,0.32484076433121,51,86,16,16,0.649641669510281,0.524733804340824,0.795213807745154,-2,-1,0,1,"0.51 to 0.75","Significant Decrease","<0.01"
"E02000062","Barnet 039",NA,523299,187266,51.5708,-0.22228,"37db878f-67fe-4357-833b-0e14762c9caa",2,46.23,42.15,0.2081,0.1387,0.2289,"LargeCentralMetro",0,0,0,0,0,"London",2,"Barnet 039",36.8,1,106,39,688,0.368,0.4215,0.4623,0.4623,2,0.632075471698113,67,58,17,17,1.0361715878613,0.841079632580333,1.26299997557551,1,0,0.614,5,"1.01 to 1.25","Not Significant","0.60-0.79"
"E02000069","Bexley 005",NA,550013,178199,51.4829,0.159051,"673e99b4-62e0-4891-8714-e38e1221ff49",4,38.15,45.86,0.1253,0.1918,0.0696,"LargeCentralMetro",0,0,0,0,0,"London",4,"Bexley 005",24.9,1,173,43,1051,0.249,0.4586,0.3815,0.3815,4,0.751445086705202,130,94,18,18,1.30996642084648,1.1163730680233,1.52739784801208,2,1,1,6,"1.26 to 1.50","Significant Increase","0.80-1.00"
"E02000077","Bexley 013",NA,547045,176511,51.4685,0.115636,"c5c2174b-fd0c-46c0-b9fe-b84dc7bdee08",3,31.41,47.93,0.166,0.0662,0.0702,"LargeCentralMetro",0,0,0,0,0,"London",7,"Bexley 013",26.7,1,191,51,1087,0.267,0.4793,0.3141,0.3141,7,0.732984293193717,140,104,19,19,1.26798488938395,1.08541493161649,1.4723918396296,2,1,0.999,6,"1.26 to 1.50","Significant Increase","0.80-1.00"
"E02000079","Bexley 015",NA,548807,175389,51.4579,0.140512,"f9f7e283-fba2-4d2f-b51b-e242b020f830",6,28.49,46.2,0.1271,0.0528,0.0573,"LargeCentralMetro",0,0,0,0,0,"London",3,"Bexley 015",30.2,1,179,54,1487,0.302,0.462,0.2849,0.2849,3,0.698324022346369,125,98,20,20,1.19770188147084,1.01765631716436,1.4003540518141,1,1,0.985,6,"1.01 to 1.25","Significant Increase","0.80-1.00"
"E02000081","Bexley 017",NA,550310,174780,51.4521,0.16187,"0efa6a1f-7822-43bf-a995-fedac32129ad",4,20.92,56.25,0.0964,0.0665,0.0517,"LargeCentralMetro",0,0,0,0,0,"London",5,"Bexley 017",56.28,2,368,207,1849,0.5628,0.5625,0.2092,0.2092,5,0.4375,161,201,21,21,0.81572993547578,0.707722021433154,0.935464170758332,-1,-1,0.002,1,"0.76 to 0.99","Significant Decrease","<0.01"
"E02000082","Bexley 018",NA,545439,174980,51.4551,0.091902,"dbec1e5d-45b9-4313-ad8d-db9b9d0d4cf1",1,15,42.99,0.1065,0.0613,0.0631,"LargeCentralMetro",0,0,0,0,0,"London",6,"Bexley 018",50,1,200,100,1284,0.5,0.4299,0.15,0.15,6,0.5,100,109,22,22,0.885828397838538,0.743099066883986,1.04792177529758,-1,0,0.076,2,"0.76 to 0.99","Not Significant","0.01-0.20"
"E02000083","Bexley 019",NA,551768,174981,51.4535,0.182924,"896b654b-be6b-4489-bce7-441a824f5744",4,28.93,50.28,0.0706,0.1017,0.0579,"LargeCentralMetro",0,0,0,0,0,"London",5,"Bexley 019",39.6,1,159,63,1078,0.396,0.5028,0.2893,0.2893,5,0.60377358490566,96,87,23,23,1.06824232988123,0.893845340686069,1.26665488325928,1,0,0.757,5,"1.01 to 1.25","Not Significant","0.60-0.79"
"E02000085","Bexley 021",NA,546895,174317,51.4488,0.112567,"dc785a56-a2a2-49a4-af65-c3636dd4cdf8",2,13.16,93.3,0.077,0.0436,0.0426,"LargeCentralMetro",0,0,0,0,0,"London",6,"Bexley 021",38.6,1,228,88,1402,0.386,0.933,0.1316,0.1316,6,0.614035087719298,140,124,24,24,1.05639338709625,0.903287978304849,1.22794763933503,1,0,0.745,5,"1.01 to 1.25","Not Significant","0.60-0.79"
"E02000091","Bexley 027",NA,546953,171748,51.4257,0.112335,"0537f52d-2303-4cba-a3a9-45e4fb17f916",4,34.12,46.58,0.0729,0.0465,0.0538,"LargeCentralMetro",0,0,0,0,0,"London",4,"Bexley 027",31.2,1,170,53,1009,0.312,0.4658,0.3412,0.3412,4,0.688235294117647,117,93,25,25,1.20048702398505,1.0167534597429,1.40774949310519,1,1,0.985,6,"1.01 to 1.25","Significant Increase","0.80-1.00"
"E02000095","Brent 003",NA,519175,188738,51.5849,-0.28126,"00f46769-ca74-411f-b4e7-0e06254d7ee0",1,26.06,47.7,0.4764,0.0769,0.1114,"LargeCentralMetro",0,0,0,0,0,"London",3,"Brent 003",52.09,2,568,296,3654,0.5209,0.477,0.2606,0.2606,3,0.47887323943662,272,310,26,26,0.869394377800178,0.775489740445817,0.9714624128796,-1,-1,0.007,1,"0.76 to 0.99","Significant Decrease","<0.01"
"E02000096","Brent 004",NA,517611,188187,51.5803,-0.30401,"70c7f7f5-5c08-4825-98fa-a9a0f8f7cccd",1,12.43,44.74,0.5579,0.0334,0.0954,"LargeCentralMetro",0,0,0,0,0,"London",2,"Brent 004",67.6,1,185,125,1160,0.676,0.4474,0.1243,0.1243,2,0.324324324324324,60,101,27,27,0.626564228340732,0.510600593735087,0.760907014867215,-2,-1,0,1,"0.51 to 0.75","Significant Decrease","<0.01"
"E02000098","Brent 006",NA,518847,187564,51.5744,-0.28639,"890fa9a0-89e0-4643-949c-7b62e61b1bca",2,7.52,48.73,0.3535,0.1349,0.1844,"LargeCentralMetro",0,0,0,0,0,"London",6,"Brent 006",79,1,319,252,2040,0.79,0.4873,0.0752,0.0752,6,0.210031347962382,67,174,28,28,0.444308195621718,0.366891666652255,0.533113675972008,-3,-1,0,1,"0.26 to 0.5","Significant Decrease","<0.01"
"E02000103","Brent 011",NA,522543,186528,51.5643,-0.23344,"22c6d364-9cd0-4552-af48-db492fb8fa06",2,41.7,58.33,0.1947,0.2132,0.2285,"LargeCentralMetro",0,0,0,0,0,"London",3,"Brent 011",46.84,2,271,127,1608,0.4684,0.5833,0.417,0.417,3,0.531365313653137,144,148,29,29,0.941035869004706,0.808063107339616,1.08956630657279,-1,0,0.201,3,"0.76 to 0.99","Not Significant","0.20-0.39"
"E02000105","Brent 013",NA,517090,185785,51.5588,-0.31233,"b0fefc8e-590e-4b1f-a243-caf9f7b6e110",1,18.3,47.01,0.4984,0.1327,0.1146,"LargeCentralMetro",0,0,0,0,0,"London",2,"Brent 013",75.5,1,306,231,1553,0.755,0.4701,0.183,0.183,2,0.245098039215686,75,167,30,30,0.51817576532687,0.431333228343034,0.617232685008154,-2,-1,0,1,"0.51 to 0.75","Significant Decrease","<0.01"
"E02000112","Brent 020",NA,519017,184703,51.5487,-0.28491,"9de3d0e1-ee2e-4766-8064-d87191691aa6",1,48.24,43.91,0.5689,0.1388,0.0927,"LargeCentralMetro",0,0,0,0,0,"London",1,"Brent 020",43.2,1,199,86,1305,0.432,0.4391,0.4824,0.4824,1,0.5678391959799,113,109,31,31,1.04351854033692,0.884830637125443,1.22233278025372,1,0,0.682,5,"1.01 to 1.25","Not Significant","0.60-0.79"
"E02000116","Brent 024",NA,522336,184447,51.5457,-0.23715,"f9b9b59d-9b2c-4cc1-81bb-01e10dc588c8",3,52.02,43.39,0.2062,0.2123,0.2278,"LargeCentralMetro",0,0,0,0,0,"London",1,"Brent 024",39.9,1,173,69,1120,0.399,0.4339,0.5202,0.5202,1,0.601156069364162,104,94,32,32,1.05515054984983,0.886395296850785,1.24661850145432,1,0,0.716,5,"1.01 to 1.25","Not Significant","0.60-0.79"
"E02000121","Brent 029",NA,517883,183622,51.5392,-0.30162,"5744db35-dbe9-41f5-a62f-c3010e9b99a2",1,16.98,46.05,0.6418,0.1072,0.1048,"LargeCentralMetro",0,0,0,0,0,"London",1,"Brent 029",50.6,1,324,164,1924,0.506,0.4605,0.1698,0.1698,1,0.493827160493827,160,177,33,33,0.866801976348271,0.748877398661396,0.997956471196694,-1,-1,0.023,2,"0.76 to 0.99","Significant Decrease","0.01-0.20"
"E02000122","Brent 030",NA,523579,183869,51.5402,-0.21944,"dc89a727-e2d6-47fb-9345-a007a7bafa0c",1,21.33,49.24,0.1533,0.0985,0.1768,"LargeCentralMetro",0,0,0,0,0,"London",1,"Brent 030",57.3,1,211,121,1310,0.573,0.4924,0.2133,0.2133,1,0.42654028436019,90,115,34,34,0.747325805275067,0.62185748523961,0.890639529131098,-2,-1,0.001,1,"0.51 to 0.75","Significant Decrease","<0.01"
"E02000123","Brent 031",NA,521657,183446,51.5368,-0.24728,"0aa93b57-8f2e-4538-847c-2977eef8606a",2,39.33,60.19,0.1381,0.3063,0.1737,"LargeCentralMetro",0,0,0,0,0,"London",1,"Brent 031",34.3,2,239,82,1643,0.343,0.6019,0.3933,0.3933,1,0.656903765690377,157,130,35,35,1.13573953255568,0.97884015103404,1.31055505426406,1,0,0.953,6,"1.01 to 1.25","Not Significant","0.80-1.00"
"E02000133","Bromley 007",NA,543153,169926,51.4103,0.05698,"f8a3a241-1a37-4a0e-b36d-4f777b079104",2,19.56,68.02,0.097,0.0374,0.0707,"LargeCentralMetro",0,0,0,0,0,"London",5,"Bromley 007",58.2,2,455,265,2889,0.582,0.6802,0.1956,0.1956,5,0.417582417582418,190,248,36,36,0.774832767569938,0.678480210284526,0.880948366758092,-1,-1,0,1,"0.76 to 0.99","Significant Decrease","<0.01"
"E02000138","Bromley 012",NA,538069,169443,51.4072,-0.01626,"79fbf68a-1502-4e30-9fbc-84fab455d980",3,25.68,36.55,0.0679,0.0483,0.0802,"LargeCentralMetro",0,0,0,0,0,"London",2,"Bromley 012",58.5,1,183,107,1264,0.585,0.3655,0.2568,0.2568,2,0.415300546448087,76,100,37,37,0.787000655362315,0.651108042869689,0.94278547370353,-1,-1,0.005,1,"0.76 to 0.99","Significant Decrease","<0.01"
"E02000140","Bromley 014",NA,546780,169358,51.4043,0.10886,"fe48a486-357a-47ef-a1f6-1e8cc88f7b9d",7,40.66,39.1,0.0702,0.1172,0.0694,"LargeCentralMetro",0,0,0,0,0,"London",3,"Bromley 014",19.8,1,91,18,509,0.198,0.391,0.4066,0.4066,3,0.802197802197802,73,50,38,38,1.33441453991304,1.09168884946449,1.61506097897432,2,1,0.998,6,"1.26 to 1.50","Significant Increase","0.80-1.00"
"E02000146","Bromley 020",NA,541313,168006,51.3935,0.029778,"3effea76-bd26-4c5d-8b27-d0b0360f72dd",5,30.65,44.15,0.0917,0.058,0.0825,"LargeCentralMetro",0,0,0,0,0,"London",2,"Bromley 020",40.7,1,199,81,1531,0.407,0.4415,0.3065,0.3065,2,0.592964824120603,118,109,39,39,1.04355415334421,0.884883470124701,1.22238607583109,1,0,0.682,5,"1.01 to 1.25","Not Significant","0.60-0.79"
"E02000150","Bromley 024",NA,537212,167300,51.3882,-0.0294,"6f6966ae-43d9-4ea7-88ca-36e98ac412b8",3,10.02,52.96,0.0627,0.0737,0.0839,"LargeCentralMetro",0,0,0,0,0,"London",5,"Bromley 024",64.25,2,459,295,3527,0.6425,0.5296,0.1002,0.1002,5,0.357298474945534,164,250,40,40,0.667981972606554,0.580160451007229,0.765263099124248,-2,-1,0,1,"0.51 to 0.75","Significant Decrease","<0.01"
"E02000152","Bromley 026",NA,542081,166810,51.3826,0.040332,"2222f7c8-4f36-47ca-813a-80cf33c9c297",4,30.59,47.4,0.0829,0.0901,0.0955,"LargeCentralMetro",0,0,0,0,0,"London",3,"Bromley 026",29.2,1,219,64,1171,0.292,0.474,0.3059,0.3059,3,0.707762557077626,155,119,41,41,1.21802335769153,1.048808862864,1.4066864955191,1,1,0.995,6,"1.01 to 1.25","Significant Increase","0.80-1.00"
"E02000158","Bromley 032",NA,547218,165445,51.369,0.113532,"0293700b-309d-4c97-8662-364e3e488b77",3,51.56,39.72,0.0959,0.0978,0.0603,"LargeCentralMetro",0,0,0,0,0,"London",4,"Bromley 032",37.5,1,64,24,501,0.375,0.3972,0.5156,0.5156,4,0.625,40,35,42,42,1.1928290832952,0.945250301123307,1.48533275509785,1,0,0.929,6,"1.01 to 1.25","Not Significant","0.80-1.00"
"E02000159","Bromley 033",NA,542383,164655,51.3631,0.043807,"beab62f9-b1d8-479a-8999-e25480f082d1",3,13.45,8.42,0.0748,0.0289,0.0535,"LargeCentralMetro",0,0,0,0,0,"London",7,"Bromley 033",46.2,1,223,103,1592,0.462,0.0842,0.1345,0.1345,7,0.538116591928251,120,122,43,43,0.946066053265057,0.802531545657936,1.10779248654499,-1,0,0.236,3,"0.76 to 0.99","Not Significant","0.20-0.39"
"E02000160","Bromley 034",NA,540010,164924,51.3661,0.00985,"e7f8e953-0230-42f3-b04c-51dd1e9a9488",3,9.96,48.5,0.0414,0.0274,0.0588,"LargeCentralMetro",0,0,0,0,0,"London",7,"Bromley 034",61.4,1,241,148,1771,0.614,0.485,0.0996,0.0996,7,0.385892116182573,93,131,44,44,0.727954029234487,0.610156102067733,0.861768761066402,-2,-1,0,1,"0.51 to 0.75","Significant Decrease","<0.01"
"E02000162","Bromley 036",NA,544284,162800,51.346,0.070342,"c349516f-0297-41a5-9c22-8757a9149fb8",4,15.38,55.48,0.0894,0.0409,0.0435,"LargeCentralMetro",0,0,0,0,0,"London",7,"Bromley 036",56.5,1,260,147,1687,0.565,0.5548,0.1538,0.1538,7,0.434615384615385,113,142,45,45,0.811307337785624,0.688513873507764,0.949583602621602,-1,-1,0.005,1,"0.76 to 0.99","Significant Decrease","<0.01"
"E02000166","Camden 001",NA,528094,186523,51.563,-0.1534,"b59c0a98-9665-4b86-9359-f94785c50b3c",3,43.48,61.44,0.0679,0.0717,0.1293,"LargeCentralMetro",0,0,0,0,0,"London",1,"Camden 001",56.88,2,276,157,2046,0.5688,0.6144,0.4348,0.4348,1,0.431159420289855,119,151,46,46,0.822668337230482,0.701446774700967,0.958701789708117,-1,-1,0.006,1,"0.76 to 0.99","Significant Decrease","<0.01"
"E02000168","Camden 003",NA,528869,185775,51.5561,-0.1425,"75855f61-ad06-4643-9c24-e6a565fa59eb",2,47.97,54.38,0.0843,0.0658,0.1139,"LargeCentralMetro",0,0,0,0,0,"London",1,"Camden 003",48.74,2,271,132,1804,0.4874,0.5438,0.4797,0.4797,1,0.512915129151292,139,148,47,47,0.956512648760618,0.822360267462451,1.10619473382345,-1,0,0.265,3,"0.76 to 0.99","Not Significant","0.20-0.39"
"E02000170","Camden 005",NA,524736,185497,51.5546,-0.20219,"f79047e4-5a62-4297-8be1-26a6afab6e69",1,54.95,49.1,0.1372,0.0522,0.1413,"LargeCentralMetro",0,0,0,0,0,"London",1,"Camden 005",42.6,1,202,86,1228,0.426,0.491,0.5495,0.5495,1,0.574257425742574,116,110,48,48,1.05552704078663,0.89603794634446,1.2351064126837,1,0,0.732,5,"1.01 to 1.25","Not Significant","0.60-0.79"
"E02000177","Camden 012",NA,528128,184660,51.5463,-0.15359,"e78b4fcc-5373-439c-bd56-1fa0586df4ea",5,80.14,43.89,0.176,0.1258,0.1284,"LargeCentralMetro",0,0,0,0,0,"London",1,"Camden 012",37,1,146,54,909,0.37,0.4389,0.8014,0.8014,1,0.63013698630137,92,80,49,49,1.24391084675426,1.04521530923526,1.46915983364434,1,1,0.993,6,"1.01 to 1.25","Significant Increase","0.80-1.00"
"E02000180","Camden 015",NA,529688,184541,51.5449,-0.13115,"08b78dd7-5b18-41ed-8841-73e6b9ae57a0",2,38.46,84.85,0.1613,0.1155,0.124,"LargeCentralMetro",0,0,0,0,0,"London",1,"Camden 015",78.6,1,117,92,1076,0.786,0.8485,0.3846,0.3846,1,0.213675213675214,25,64,50,50,0.604784734794278,0.475912954442815,0.757478117115357,-2,-1,0,1,"0.51 to 0.75","Significant Decrease","<0.01"
"E02000182","Camden 017",NA,526950,184106,51.5416,-0.17077,"3e087199-ef45-49fe-ab8b-fea680f1ca0c",1,51.69,47,0.2495,0.0757,0.1505,"LargeCentralMetro",0,0,0,0,0,"London",1,"Camden 017",46.1,1,178,82,1015,0.461,0.47,0.5169,0.5169,1,0.539325842696629,96,97,51,51,0.993768501308144,0.833398609342806,1.17589918161926,-1,0,0.453,4,"0.76 to 0.99","Not Significant","0.40-0.59"
"E02000187","Camden 022",NA,529745,183065,51.5316,-0.13087,"428888dd-308c-46d4-998c-60a7dc6f3980",2,67.38,44.57,0.3252,0.1592,0.133,"LargeCentralMetro",0,0,0,0,0,"London",1,"Camden 022",36.96,2,325,120,1898,0.3696,0.4457,0.6738,0.6738,1,0.630769230769231,205,177,52,52,1.17541044237252,1.03390704046626,1.33074716424952,1,1,0.993,6,"1.01 to 1.25","Significant Increase","0.80-1.00"
"E02000194","Croydon 001",NA,532998,170270,51.4159,-0.08881,"e6bf2f0a-2d29-48e9-9007-de4d08d83771",3,42.33,39.07,0.0673,0.2015,0.1286,"LargeCentralMetro",0,0,0,0,0,"London",2,"Croydon 001",57.1,1,163,93,1162,0.571,0.3907,0.4233,0.4233,2,0.429447852760736,70,89,53,53,0.843737721970633,0.695682458619145,1.01383336726879,-1,0,0.034,2,"0.76 to 0.99","Not Significant","0.01-0.20"
"E02000200","Croydon 007",NA,533678,168811,51.4026,-0.07959,"4f558fc0-47d7-4359-b01f-59640a30bfa4",2,45.96,45.97,0.0861,0.307,0.1259,"LargeCentralMetro",0,0,0,0,0,"London",2,"Croydon 007",43.5,1,161,70,1018,0.435,0.4597,0.4596,0.4596,2,0.565217391304348,91,88,54,54,1.0340448543155,0.863646314156455,1.22812426785415,1,0,0.628,5,"1.01 to 1.25","Not Significant","0.60-0.79"
"E02000207","Croydon 014",NA,534691,167130,51.3872,-0.06567,"d4660fa2-ca3c-4b83-aba9-1e86c4a85de0",1,53.05,50.27,0.1055,0.3346,0.1346,"LargeCentralMetro",0,0,0,0,0,"London",4,"Croydon 014",32.3,1,164,53,1659,0.323,0.5027,0.5305,0.5305,4,0.676829268292683,111,89,55,55,1.21975610795808,1.03072444429921,1.43331357005098,1,1,0.99,6,"1.01 to 1.25","Significant Increase","0.80-1.00"
"E02000209","Croydon 016",NA,530610,166832,51.3855,-0.1244,"6e3eeb66-e209-4fee-9eec-f60b6a5e28c1",1,52.47,42.99,0.397,0.2547,0.1306,"LargeCentralMetro",0,0,0,0,0,"London",5,"Croydon 016",31.5,1,162,51,777,0.315,0.4299,0.5247,0.5247,5,0.685185185185185,111,88,56,56,1.23176952984418,1.04095958421887,1.44732696591285,1,1,0.993,6,"1.01 to 1.25","Significant Increase","0.80-1.00"
"E02000211","Croydon 018",NA,535994,166743,51.3834,-0.04711,"7b531973-d663-4fa1-8201-801f79f59931",2,52.43,42.27,0.1421,0.1337,0.094,"LargeCentralMetro",0,0,0,0,0,"London",3,"Croydon 018",44.7,1,103,46,634,0.447,0.4227,0.5243,0.5243,3,0.553398058252427,57,56,57,57,1.0723966066718,0.871001457299854,1.30626422627552,1,0,0.733,5,"1.01 to 1.25","Not Significant","0.60-0.79"
"E02000213","Croydon 020",NA,532435,166416,51.3814,-0.09834,"55c34647-7ea2-43b7-89bc-0f24e1127e5c",2,50.38,46.76,0.2094,0.328,0.1409,"LargeCentralMetro",0,0,0,0,0,"London",1,"Croydon 020",36.97,2,260,96,1544,0.3697,0.4676,0.5038,0.5038,1,0.630769230769231,164,142,58,58,1.13660630662829,0.984982187232049,1.30485714440274,1,0,0.96,6,"1.01 to 1.25","Not Significant","0.80-1.00"
"E02000216","Croydon 023",NA,533830,165116,51.3693,-0.0788,"20e84cfe-edbd-4511-a1bd-fa23296d6ae9",1,32.77,48.34,0.3784,0.1233,0.1056,"LargeCentralMetro",0,0,0,0,0,"London",1,"Croydon 023",38.7,1,119,46,784,0.387,0.4834,0.3277,0.3277,1,0.61344537815126,73,65,59,59,1.03207493640715,0.844676220825844,1.24868388687856,1,0,0.604,5,"1.01 to 1.25","Not Significant","0.60-0.79"
"E02000219","Croydon 026",NA,536246,164638,51.3645,-0.0443,"02187c2b-440d-438b-bf36-6789871824e9",2,49.17,56.05,0.1703,0.1069,0.0783,"LargeCentralMetro",0,0,0,0,0,"London",3,"Croydon 026",23.3,1,120,28,785,0.233,0.5605,0.4917,0.4917,3,0.766666666666667,92,65,60,60,1.33703966450771,1.11365450875243,1.59203984843138,2,1,0.999,6,"1.26 to 1.50","Significant Increase","0.80-1.00"
"E02000221","Croydon 028",NA,531605,163861,51.3586,-0.11121,"d036c29f-aaf9-41d7-a16a-69035d5a3fcf",4,45.65,40.51,0.1963,0.2496,0.1264,"LargeCentralMetro",0,0,0,0,0,"London",2,"Croydon 028",50.5,1,184,93,1022,0.505,0.4051,0.4565,0.4565,2,0.494565217391304,91,100,61,61,0.943917841329266,0.790462860259471,1.11833766564291,-1,0,0.242,3,"0.76 to 0.99","Not Significant","0.20-0.39"
"E02000227","Croydon 034",NA,536628,162712,51.3471,-0.03955,"f32ffdcd-3e79-4475-b939-bbd6d154c6a4",2,47.41,47.51,0.0952,0.1383,0.0859,"LargeCentralMetro",0,0,0,0,0,"London",10,"Croydon 034",23,1,135,31,903,0.23,0.4751,0.4741,0.4741,10,0.77037037037037,104,74,62,62,1.36064931173895,1.14441586100561,1.60576280381448,2,1,1,6,"1.26 to 1.50","Significant Increase","0.80-1.00"
"E02000230","Croydon 037",NA,531518,161683,51.339,-0.11326,"185d217f-fb83-4abf-84d2-ba5173562d0c",2,31.86,41.52,0.1945,0.1222,0.0999,"LargeCentralMetro",0,0,0,0,0,"London",5,"Croydon 037",38.1,1,113,43,631,0.381,0.4152,0.3186,0.3186,5,0.619469026548673,70,62,63,63,1.05670101943647,0.863528333624437,1.28020103721598,1,0,0.69,5,"1.01 to 1.25","Not Significant","0.60-0.79"
"E02000231","Croydon 038",NA,530139,161190,51.3349,-0.13323,"932fddd2-1bde-4e3f-b6c8-3e6d9f0f952f",2,27.57,49.1,0.2694,0.085,0.0978,"LargeCentralMetro",0,0,0,0,0,"London",7,"Croydon 038",46.3,1,214,99,1273,0.463,0.491,0.2757,0.2757,7,0.537383177570093,115,117,64,64,0.963518763352502,0.816533429715061,1.12923714221293,-1,0,0.311,3,"0.76 to 0.99","Not Significant","0.20-0.39"
"E02000235","Croydon 042",NA,532887,159153,51.316,-0.09456,"74d71133-987c-4a0b-a744-22a7c79a9897",3,20.94,45.23,0.112,0.0814,0.081,"LargeCentralMetro",0,0,0,0,0,"London",5,"Croydon 042",55,1,320,176,2067,0.55,0.4523,0.2094,0.2094,5,0.45,144,175,65,65,0.826223649551224,0.711378185065373,0.954240235014892,-1,-1,0.005,1,"0.76 to 0.99","Significant Decrease","<0.01"
"E02000237","Croydon 044",NA,531467,157638,51.3027,-0.11548,"625db5ec-1a4a-4c38-97c5-6ecf7a00496e",4,32.07,51.39,0.0646,0.0656,0.0735,"LargeCentralMetro",0,0,0,0,0,"London",6,"Croydon 044",51.6,1,184,95,934,0.516,0.5139,0.3207,0.3207,6,0.483695652173913,89,100,66,66,0.917897957578031,0.767396072836137,1.08916879938423,-1,0,0.157,2,"0.76 to 0.99","Not Significant","0.01-0.20"
"E02000240","Ealing 003",NA,512233,184611,51.5492,-0.38273,"d6d4057d-d44a-4ef6-bf37-a31758324c39",2,41.01,41.72,0.2791,0.1634,0.152,"LargeCentralMetro",0,0,0,0,0,"London",3,"Ealing 003",29.5,1,139,41,858,0.295,0.4172,0.4101,0.4101,3,0.705035971223022,98,76,67,67,1.18019189740398,0.985104953242303,1.40258105547528,1,0,0.963,6,"1.01 to 1.25","Not Significant","0.80-1.00"
"E02000247","Ealing 010",NA,513251,183102,51.5355,-0.36854,"c843f4d6-272f-4aec-b62f-c1b1f2f66079",4,31.56,49.73,0.3079,0.163,0.1748,"LargeCentralMetro",0,0,0,0,0,"London",3,"Ealing 010",53.2,1,301,160,2015,0.532,0.4973,0.3156,0.3156,3,0.46843853820598,141,164,68,68,0.848876488116392,0.729053043573463,0.982691053671989,-1,-1,0.014,2,"0.76 to 0.99","Significant Decrease","0.01-0.20"
"E02000249","Ealing 012",NA,514352,182184,51.527,-0.35297,"9a67fc8a-0d40-4253-a4ab-cd54cd9aff7c",4,13.44,51.65,0.3057,0.1276,0.1761,"LargeCentralMetro",0,0,0,0,0,"London",4,"Ealing 012",67.9,1,305,207,1994,0.679,0.5165,0.1344,0.1344,4,0.321311475409836,98,166,69,69,0.604877081764156,0.508536799170981,0.714082302408787,-2,-1,0,1,"0.51 to 0.75","Significant Decrease","<0.01"
"E02000253","Ealing 016",NA,515487,181749,51.5229,-0.33676,"d8511c08-ca84-4cd5-87a6-ef71fec25ca6",5,45.63,47.01,0.2012,0.1744,0.1797,"LargeCentralMetro",0,0,0,0,0,"London",1,"Ealing 016",41.4,1,263,109,1589,0.414,0.4701,0.4563,0.4563,1,0.585551330798479,154,143,70,70,1.04904064138427,0.905094277285742,1.20928173362866,1,0,0.729,5,"1.01 to 1.25","Not Significant","0.60-0.79"
"E02000259","Ealing 022",NA,515234,180809,51.5145,-0.34071,"1f8ce651-f0cc-4a59-8373-4a5d63e98a78",2,31.44,45.86,0.1372,0.0868,0.1419,"LargeCentralMetro",0,0,0,0,0,"London",1,"Ealing 022",62,1,229,142,1413,0.62,0.4586,0.3144,0.3144,1,0.379912663755459,87,125,71,71,0.724672160213508,0.605221004182226,0.860697996759326,-2,-1,0,1,"0.51 to 0.75","Significant Decrease","<0.01"
"E02000260","Ealing 023",NA,513044,180556,51.5126,-0.37234,"1a11869a-2176-4dee-b026-9aae666c00a4",1,38.37,50.31,0.7555,0.0655,0.1072,"LargeCentralMetro",0,0,0,0,0,"London",2,"Ealing 023",51.2,1,258,132,1445,0.512,0.5031,0.3837,0.3837,2,0.488372093023256,126,141,72,72,0.90163653292752,0.769819789661055,1.04944731437947,-1,0,0.088,2,"0.76 to 0.99","Not Significant","0.01-0.20"
"E02000264","Ealing 027",NA,519092,180164,51.5079,-0.28536,"f6460334-620d-4c5d-a215-62999ad7f29e",1,16.4,47.05,0.1804,0.0666,0.1424,"LargeCentralMetro",0,0,0,0,0,"London",4,"Ealing 027",82,1,189,155,1626,0.82,0.4705,0.164,0.164,4,0.17989417989418,34,103,73,73,0.462188724607074,0.369246939455027,0.571185952658051,-3,-1,0,1,"0.26 to 0.5","Significant Decrease","<0.01"
"E02000272","Ealing 035",NA,516039,179245,51.5002,-0.32963,"9df963e9-9eec-4871-b7e3-34f5025dae2e",2,23.01,48.99,0.1436,0.0539,0.1081,"LargeCentralMetro",0,0,0,0,0,"London",1,"Ealing 035",68.6,1,239,164,1580,0.686,0.4899,0.2301,0.2301,1,0.313807531380753,75,130,74,74,0.628823304273164,0.521562495474789,0.751527194883714,-2,-1,0,1,"0.51 to 0.75","Significant Decrease","<0.01"
"E02000279","Enfield 003",NA,536769,199098,51.674,-0.02343,"5d8f972f-ffa8-49dd-b3cd-8936e9681084",2,52.1,48.54,0.0745,0.3068,0.2073,"LargeCentralMetro",0,0,0,0,0,"London",4,"Enfield 003",35.3,1,119,42,717,0.353,0.4854,0.521,0.521,4,0.647058823529412,77,65,75,75,1.12149157484376,0.922576037244098,1.3505494835739,1,0,0.871,6,"1.01 to 1.25","Not Significant","0.80-1.00"
"E02000284","Enfield 008",NA,532722,197250,51.6584,-0.08262,"d47c8599-217c-473c-ba0f-152f84277a75",2,28.45,50.29,0.068,0.0924,0.1232,"LargeCentralMetro",0,0,0,0,0,"London",2,"Enfield 008",53.75,2,348,187,2040,0.5375,0.5029,0.2845,0.2845,2,0.46264367816092,161,190,76,76,0.841278672982682,0.728756268622072,0.966171075811635,-1,-1,0.007,1,"0.76 to 0.99","Significant Decrease","<0.01"
"E02000285","Enfield 009",NA,533379,197314,51.6588,-0.0731,"962ce7d1-7ed5-4182-b030-2d04a17d39ba",2,39.88,50.83,0.084,0.07,0.1152,"LargeCentralMetro",0,0,0,0,0,"London",2,"Enfield 009",38.7,1,168,65,966,0.387,0.5083,0.3988,0.3988,2,0.613095238095238,103,92,77,77,1.07287713249715,0.901279362975399,1.26756918112571,1,0,0.777,5,"1.01 to 1.25","Not Significant","0.60-0.79"
"E02000287","Enfield 011",NA,527644,197746,51.664,-0.15581,"0d6d1a2e-2bae-45ba-80f9-4e553b83d757",1,18.64,46.95,0.151,0.0456,0.1647,"LargeCentralMetro",0,0,0,0,0,"London",6,"Enfield 011",52.1,1,236,123,1410,0.521,0.4695,0.1864,0.1864,6,0.478813559322034,113,129,78,78,0.829981787042844,0.700828658506866,0.975989372248499,-1,-1,0.012,2,"0.76 to 0.99","Significant Decrease","0.01-0.20"
"E02000288","Enfield 012",NA,535090,196483,51.6509,-0.0487,"f655ec19-ae27-439e-9ea3-efdf6bf39550",3,41.7,48.05,0.188,0.2963,0.1754,"LargeCentralMetro",0,0,0,0,0,"London",2,"Enfield 012",37.56,3,578,217,3353,0.3756,0.4805,0.417,0.417,2,0.624567474048443,361,315,79,79,1.12299104743419,1.01512071328091,1.23912413052677,1,1,0.988,6,"1.01 to 1.25","Significant Increase","0.80-1.00"
"E02000289","Enfield 013",NA,530647,196851,51.6553,-0.11275,"0935cabf-e739-4094-91d5-595744230a4b",1,16.17,49.76,0.1396,0.0556,0.1724,"LargeCentralMetro",0,0,0,0,0,"London",8,"Enfield 013",64.7,1,235,152,1650,0.647,0.4976,0.1617,0.1617,8,0.353191489361702,83,128,80,80,0.659477941458651,0.547961144708559,0.786944203166025,-2,-1,0,1,"0.51 to 0.75","Significant Decrease","<0.01"
"E02000302","Enfield 026",NA,532233,193478,51.6246,-0.09111,"a8e87beb-2b6d-44c3-8f00-8470efae69fa",1,27.04,51.79,0.1257,0.1187,0.1831,"LargeCentralMetro",0,0,0,0,0,"London",4,"Enfield 026",41.6,1,233,97,1788,0.416,0.5179,0.2704,0.2704,4,0.583690987124464,136,127,81,81,0.990717236630345,0.845351994350675,1.1538489332271,-1,0,0.437,4,"0.76 to 0.99","Not Significant","0.40-0.59"
"E02000304","Enfield 028",NA,529997,193482,51.6251,-0.12339,"2be8d6ed-eae3-4fe9-b033-bb60ff93c5a8",1,44.74,43.41,0.1375,0.0377,0.1707,"LargeCentralMetro",0,0,0,0,0,"London",2,"Enfield 028",28.9,1,114,33,539,0.289,0.4341,0.4474,0.4474,2,0.710526315789474,81,62,82,82,1.16449623483925,0.957270223080693,1.40330816340599,1,0,0.935,6,"1.01 to 1.25","Not Significant","0.80-1.00"
"E02000307","Enfield 031",NA,532597,192919,51.6195,-0.08607,"bd1456f6-0af8-4dd5-9ab4-7e0f806a597a",2,43.67,48.04,0.1463,0.1992,0.2118,"LargeCentralMetro",0,0,0,0,0,"London",1,"Enfield 031",36.7,1,229,84,1401,0.367,0.4804,0.4367,0.4367,1,0.633187772925764,145,125,83,83,1.08904522343638,0.9339045632153,1.26252114985091,1,0,0.857,6,"1.01 to 1.25","Not Significant","0.80-1.00"
"E02000314","Greenwich 002",NA,545957,180217,51.502,0.101515,"36a972cf-178d-4ed3-b682-a60f3dd3d512",2,32.91,10.8,0.104,0.4391,0.113,"LargeCentralMetro",0,0,0,0,0,"London",3,"Greenwich 002",46.6,1,234,109,1592,0.466,0.108,0.3291,0.3291,3,0.534188034188034,125,128,84,84,0.968173561494512,0.824488850024311,1.12959958541675,-1,0,0.328,3,"0.76 to 0.99","Not Significant","0.20-0.39"
"E02000315","Greenwich 003",NA,546736,179405,51.4945,0.112392,"a138f40f-1b89-4327-8d09-c3d2be7c2b94",3,33.19,41.64,0.0904,0.375,0.0804,"LargeCentralMetro",0,0,0,0,0,"London",4,"Greenwich 003",26.9,1,238,64,1119,0.269,0.4164,0.3319,0.3319,4,0.73109243697479,174,130,85,85,1.27609172701633,1.10731189708859,1.46322404060175,2,1,1,6,"1.26 to 1.50","Significant Increase","0.80-1.00"
"E02000319","Greenwich 007",NA,544763,178168,51.4839,0.083484,"07eab601-90e2-4cff-bef0-22a400162ee9",1,46.9,50.83,0.2073,0.2674,0.1216,"LargeCentralMetro",0,0,0,0,0,"London",2,"Greenwich 007",21.7,1,226,49,1454,0.217,0.5083,0.469,0.469,2,0.783185840707965,177,123,86,86,1.36351870605638,1.184380458352,1.5619969287519,2,1,1,6,"1.26 to 1.50","Significant Increase","0.80-1.00"
"E02000327","Greenwich 015",NA,543046,177579,51.4791,0.058535,"d2bbc989-5d8d-4e1d-a1e0-930f1897e98f",2,27.45,44.09,0.1255,0.3421,0.0938,"LargeCentralMetro",0,0,0,0,0,"London",5,"Greenwich 015",90.2,1,102,92,601,0.902,0.4409,0.2745,0.2745,5,0.0980392156862745,10,56,87,87,0.521385040599524,0.402422745516335,0.663974643693028,-2,-1,0,1,"0.51 to 0.75","Significant Decrease","<0.01"
"E02000340","Greenwich 028",NA,543271,174212,51.4488,0.060409,"e9d481ba-aae6-4df0-9392-7a1015d8394f",3,18.23,41.56,0.082,0.0736,0.0629,"LargeCentralMetro",0,0,0,0,0,"London",5,"Greenwich 028",65.15,2,373,243,2353,0.6515,0.4156,0.1823,0.1823,5,0.348525469168901,130,203,88,88,0.67654913593735,0.580603171536808,0.783716058547004,-2,-1,0,1,"0.51 to 0.75","Significant Decrease","<0.01"
"E02000341","Greenwich 029",NA,541471,173967,51.447,0.034425,"8ea9608e-b40c-448a-abc9-4a893b3a390b",4,30.85,68.26,0.0741,0.1666,0.0964,"LargeCentralMetro",0,0,0,0,0,"London",4,"Greenwich 029",56.32,2,389,219,2476,0.5632,0.6826,0.3085,0.3085,4,0.437017994858612,170,212,89,89,0.8213910832267,0.715096021498413,0.938933497127574,-1,-1,0.002,1,"0.76 to 0.99","Significant Decrease","<0.01"
"E02000345","Hackney 001",NA,533788,187895,51.5741,-0.07079,"dbf70b1b-ae4e-4ad5-a04f-366247b1d244",1,56.19,88.98,0.0483,0.0703,0.1951,"LargeCentralMetro",0,0,0,0,0,"London",1,"Hackney 001",37.1,1,105,39,499,0.371,0.8898,0.5619,0.5619,1,0.628571428571429,66,57,90,90,1.09085486559036,0.886295174821144,1.3284822250685,1,0,0.785,5,"1.01 to 1.25","Not Significant","0.60-0.79"
"E02000346","Hackney 002",NA,532521,187468,51.5705,-0.08922,"2674d186-99b4-451c-86f5-9f5bb17a6bb8",5,55.68,45.39,0.1444,0.2568,0.1761,"LargeCentralMetro",0,0,0,0,0,"London",1,"Hackney 002",42,1,176,74,987,0.42,0.4539,0.5568,0.5568,1,0.579545454545455,102,96,91,91,1.06410116548234,0.895894675068411,1.25460105182035,1,0,0.751,5,"1.01 to 1.25","Not Significant","0.60-0.79"
"E02000356","Hackney 012",NA,532874,185834,51.5558,-0.08474,"c13f7e2a-3cfa-4cec-ab0c-f8350d435d39",3,46.85,45.05,0.059,0.1065,0.1446,"LargeCentralMetro",0,0,0,0,0,"London",1,"Hackney 012",46.1,1,254,117,1647,0.461,0.4505,0.4685,0.4685,1,0.539370078740158,137,139,92,92,0.984642990527145,0.844769165721426,1.14095733243143,-1,0,0.404,4,"0.76 to 0.99","Not Significant","0.40-0.59"
"E02000358","Hackney 014",NA,533443,185660,51.5541,-0.07661,"e763f67c-9989-4f68-b314-e97f9dc9a7d7",4,59.32,39.42,0.0951,0.1956,0.1706,"LargeCentralMetro",0,0,0,0,0,"London",1,"Hackney 014",39.5,1,177,70,992,0.395,0.3942,0.5932,0.5932,1,0.604519774011299,107,97,93,93,1.10640854165143,0.934476806768629,1.30069203467215,1,0,0.876,6,"1.01 to 1.25","Not Significant","0.80-1.00"
"E02000360","Hackney 016",NA,534494,185322,51.5508,-0.06159,"72cd0149-c517-4956-b0b8-6b9b48df3a44",4,52.43,47.81,0.1387,0.3177,0.1639,"LargeCentralMetro",0,0,0,0,0,"London",1,"Hackney 016",70.4,1,206,145,1441,0.704,0.4781,0.5243,0.5243,1,0.296116504854369,61,112,94,94,0.67904289585988,0.560066723169358,0.815565513776314,-2,-1,0,1,"0.51 to 0.75","Significant Decrease","<0.01"
"E02000361","Hackney 017",NA,534917,184950,51.5473,-0.05563,"3559186b-481f-4ffd-aea2-c2ee000375f3",2,72.34,41.47,0.099,0.2161,0.1546,"LargeCentralMetro",0,0,0,0,0,"London",1,"Hackney 017",28.4,1,141,40,803,0.284,0.4147,0.7234,0.7234,1,0.716312056737589,101,77,95,95,1.31507577887297,1.10638237058925,1.55155527985722,2,1,0.999,6,"1.26 to 1.50","Significant Increase","0.80-1.00"
"E02000363","Hackney 019",NA,535581,185050,51.5481,-0.04602,"0288ae62-f451-4610-94ff-fd412f46dba0",6,59.04,41.32,0.1176,0.3734,0.1569,"LargeCentralMetro",0,0,0,0,0,"London",1,"Hackney 019",48.4,1,188,91,1152,0.484,0.4132,0.5904,0.5904,1,0.515957446808511,97,103,96,96,0.999823997195396,0.841771068061166,1.17876803234651,-1,0,0.481,4,"0.76 to 0.99","Not Significant","0.40-0.59"
"E02000369","Hackney 025",NA,533229,183672,51.5362,-0.08044,"3ed6aef5-a45e-468b-a2cc-56fae84291ad",3,56.18,47.91,0.105,0.2212,0.1683,"LargeCentralMetro",0,0,0,0,0,"London",1,"Hackney 025",61.03,2,267,163,1960,0.6103,0.4791,0.5618,0.5618,1,0.389513108614232,104,146,97,97,0.784954351231876,0.665745352455138,0.919185510900719,-1,-1,0.001,1,"0.76 to 0.99","Significant Decrease","<0.01"
"E02000372","Hammersmith and Fulham 001",NA,522457,181963,51.5233,-0.23627,"bca321e5-ed0f-4372-80aa-c82bcf538186",3,47.2,48.72,0.1832,0.1859,0.1817,"LargeCentralMetro",0,0,0,0,0,"London",1,"Hammersmith and Fulham 001",44.1,1,161,71,819,0.441,0.4872,0.472,0.472,1,0.559006211180124,90,88,98,98,0.996599424652131,0.830551394418462,1.18604307463508,-1,0,0.466,4,"0.76 to 0.99","Not Significant","0.40-0.59"
"E02000373","Hammersmith and Fulham 002",NA,522550,180577,51.5108,-0.23541,"9a2d7674-a565-4180-839d-4dd58ecb6141",2,46.74,44.61,0.1315,0.3588,0.1877,"LargeCentralMetro",0,0,0,0,0,"London",1,"Hammersmith and Fulham 002",54.3,1,92,50,538,0.543,0.4461,0.4674,0.4674,1,0.456521739130435,42,50,99,99,0.879316872986453,0.698622003633208,1.092400567176,-1,0,0.117,2,"0.76 to 0.99","Not Significant","0.01-0.20"
"E02000377","Hammersmith and Fulham 006",NA,522265,179702,51.503,-0.23982,"ef965dac-978e-4085-be81-0eef71606f6d",3,44.6,46.74,0.093,0.16,0.1431,"LargeCentralMetro",0,0,0,0,0,"London",1,"Hammersmith and Fulham 006",56.1,1,139,78,950,0.561,0.4674,0.446,0.446,1,0.438848920863309,61,76,100,100,0.855869141249804,0.698896500793946,1.03744819765322,-1,0,0.055,2,"0.76 to 0.99","Not Significant","0.01-0.20"
"E02000382","Hammersmith and Fulham 011",NA,522343,178520,51.4924,-0.23911,"7c99e2cc-4148-48b3-9b36-a35521176c76",2,21.64,50.6,0.1155,0.088,0.1399,"LargeCentralMetro",0,0,0,0,0,"London",1,"Hammersmith and Fulham 011",85.1,1,134,114,921,0.851,0.506,0.2164,0.2164,1,0.149253731343284,20,73,101,101,0.470442709023066,0.367793778193223,0.592562464690321,-3,-1,0,1,"0.26 to 0.5","Significant Decrease","<0.01"
"E02000388","Hammersmith and Fulham 017",NA,525322,177577,51.4833,-0.19655,"54c85766-6630-49bb-a582-0c5b776ab5df",3,16.39,9.16,0.1097,0.085,0.1107,"LargeCentralMetro",0,0,0,0,0,"London",1,"Hammersmith and Fulham 017",77.6,1,183,142,1398,0.776,0.0916,0.1639,0.1639,1,0.224043715846995,41,100,102,102,0.520014591362716,0.417562735888227,0.639804306083512,-2,-1,0,1,"0.51 to 0.75","Significant Decrease","<0.01"
"E02000393","Hammersmith and Fulham 022",NA,524208,176746,51.4761,-0.21288,"fd9c0d66-b3db-4361-ab01-8f9868a51cc5",1,47.78,41.11,0.0523,0.0482,0.0898,"LargeCentralMetro",0,0,0,0,0,"London",2,"Hammersmith and Fulham 022",45.6,1,90,41,596,0.456,0.4111,0.4778,0.4778,2,0.544444444444444,49,49,103,103,1.03100801873554,0.827418587465597,1.26944099031959,1,0,0.588,4,"1.01 to 1.25","Not Significant","0.40-0.59"
"E02000396","Hammersmith and Fulham 025",NA,525545,175951,51.4686,-0.19392,"dd1548c4-2240-477c-b89f-c4cf7112a08a",2,39.46,43.68,0.0721,0.097,0.124,"LargeCentralMetro",0,0,0,0,0,"London",1,"Hammersmith and Fulham 025",64.6,1,147,95,728,0.646,0.4368,0.3946,0.3946,1,0.353741496598639,52,80,104,104,0.741318830071556,0.601496952789248,0.903718630587205,-2,-1,0.002,1,"0.51 to 0.75","Significant Decrease","<0.01"
"E02000403","Haringey 007",NA,531143,191338,51.6056,-0.10765,"2e2e05c3-6c11-4801-a578-92e6ceadebbe",2,36.02,46.66,0.0988,0.1133,0.1584,"LargeCentralMetro",0,0,0,0,0,"London",1,"Haringey 007",54,1,211,114,1271,0.54,0.4666,0.3602,0.3602,1,0.459715639810427,97,115,105,105,0.839990955557601,0.704578458423103,0.993761059625062,-1,-1,0.021,2,"0.76 to 0.99","Significant Decrease","0.01-0.20"
"E02000404","Haringey 008",NA,531678,190897,51.6015,-0.10009,"a2a5e619-bd13-4523-b400-23d188b9667e",1,39.19,46.02,0.1197,0.1702,0.1922,"LargeCentralMetro",0,0,0,0,0,"London",3,"Haringey 008",47.7,1,222,106,1156,0.477,0.4602,0.3919,0.3919,3,0.522522522522523,116,121,106,106,0.928748263765186,0.786730690279676,1.08892149997638,-1,0,0.175,2,"0.76 to 0.99","Not Significant","0.01-0.20"
"E02000405","Haringey 009",NA,529738,190292,51.5965,-0.12831,"d504dfd1-c4db-47fe-b4e5-3b7311afa2ac",1,21.49,51.65,0.0579,0.0575,0.1176,"LargeCentralMetro",0,0,0,0,0,"London",2,"Haringey 009",76.8,1,228,175,1880,0.768,0.5165,0.2149,0.2149,2,0.232456140350877,53,124,107,107,0.523771250136164,0.427555512190415,0.63499746451292,-2,-1,0,1,"0.51 to 0.75","Significant Decrease","<0.01"
"E02000410","Haringey 014",NA,528549,190129,51.5953,-0.14552,"afeb2b9b-0286-4e8e-9e2e-49724e2b49d3",1,14.61,46.74,0.0588,0.0364,0.1155,"LargeCentralMetro",0,0,0,0,0,"London",3,"Haringey 014",65.9,1,267,176,1765,0.659,0.4674,0.1461,0.1461,3,0.340823970037453,91,146,108,108,0.641495275281182,0.536979809924751,0.760328890764426,-2,-1,0,1,"0.51 to 0.75","Significant Decrease","<0.01"
"E02000412","Haringey 016",NA,531073,189949,51.5932,-0.10917,"c06ea67d-c834-4811-aaa2-0fe53ce9e65f",2,43.35,49.58,0.129,0.2133,0.1712,"LargeCentralMetro",0,0,0,0,0,"London",1,"Haringey 016",45.1,1,233,105,1178,0.451,0.4958,0.4335,0.4335,1,0.549356223175966,128,127,109,109,0.984028117723993,0.839426563435263,1.14630090852343,-1,0,0.403,4,"0.76 to 0.99","Not Significant","0.40-0.59"
"E02000415","Haringey 019",NA,532042,189712,51.5908,-0.09528,"f2c757d2-565f-4ca4-8540-f4794f52b7eb",1,49.55,45.73,0.1162,0.1354,0.1841,"LargeCentralMetro",0,0,0,0,0,"London",4,"Haringey 019",28.4,1,222,63,1041,0.284,0.4573,0.4955,0.4955,4,0.716216216216216,159,121,110,110,1.24414993319601,1.07361550852955,1.43398484254656,1,1,0.998,6,"1.01 to 1.25","Significant Increase","0.80-1.00"
"E02000416","Haringey 020",NA,530420,189352,51.5879,-0.11882,"748b967e-346d-41a1-92c4-7699acb04678",3,40.66,43.1,0.0746,0.1513,0.1535,"LargeCentralMetro",0,0,0,0,0,"London",1,"Haringey 020",26.4,1,182,48,1181,0.264,0.431,0.4066,0.4066,1,0.736263736263736,134,99,111,111,1.24240716270764,1.05869206185465,1.44877858571688,1,1,0.996,6,"1.01 to 1.25","Significant Increase","0.80-1.00"
"E02000425","Haringey 029",NA,533896,188539,51.5798,-0.06898,"a97dc580-3c24-413d-aa56-1ec2099dc6e9",1,53.31,47.57,0.0505,0.1143,0.2018,"LargeCentralMetro",0,0,0,0,0,"London",1,"Haringey 029",33.5,1,257,86,1236,0.335,0.4757,0.5331,0.5331,1,0.665369649805447,171,140,112,112,1.16881429433735,1.01366835108668,1.3408968487995,1,1,0.984,6,"1.01 to 1.25","Significant Increase","0.80-1.00"
"E02000429","Haringey 033",NA,529283,188266,51.5784,-0.13562,"b4582c33-dc74-4644-974d-1742b6383c3f",1,21.8,44.78,0.0603,0.0528,0.1191,"LargeCentralMetro",0,0,0,0,0,"London",1,"Haringey 033",62.4,1,266,166,1543,0.624,0.4478,0.218,0.218,1,0.37593984962406,100,145,113,113,0.700641179009476,0.589681133793494,0.826329373387747,-2,-1,0,1,"0.51 to 0.75","Significant Decrease","<0.01"
"E02000438","Harrow 006",NA,513876,191036,51.6067,-0.35697,"d73ef236-0d25-460b-812c-1f6f872ee518",4,33.68,44.19,0.3603,0.1118,0.1017,"LargeCentralMetro",0,0,0,0,0,"London",6,"Harrow 006",38.9,1,193,75,1265,0.389,0.4419,0.3368,0.3368,6,0.61139896373057,118,105,114,114,1.08806436937709,0.922869298391974,1.27421138025387,1,0,0.837,6,"1.01 to 1.25","Not Significant","0.80-1.00"
"E02000440","Harrow 008",NA,516902,190665,51.6027,-0.31341,"6128596b-363f-4e71-8907-bc31e00af092",1,11.67,49.41,0.5225,0.0436,0.0874,"LargeCentralMetro",0,0,0,0,0,"London",2,"Harrow 008",73.9,1,180,133,1182,0.739,0.4941,0.1167,0.1167,2,0.261111111111111,47,98,115,115,0.556184902843635,0.448562987288028,0.681703231924434,-2,-1,0,1,"0.51 to 0.75","Significant Decrease","<0.01"
"E02000442","Harrow 010",NA,518408,190497,51.6009,-0.29173,"ef0f01ad-52e7-4928-8967-75843174576e",1,37.82,43.22,0.523,0.0439,0.0971,"LargeCentralMetro",0,0,0,0,0,"London",1,"Harrow 010",35.2,1,193,68,1217,0.352,0.4322,0.3782,0.3782,1,0.647668393782383,125,105,116,116,1.12732150731056,0.958247600592931,1.31756281203482,1,0,0.924,6,"1.01 to 1.25","Not Significant","0.80-1.00"
"E02000444","Harrow 012",NA,517540,190255,51.5989,-0.30434,"b2f391c9-6485-48f9-a3a0-71fce0b50697",1,28.35,42.56,0.5556,0.0435,0.0809,"LargeCentralMetro",0,0,0,0,0,"London",1,"Harrow 012",49,1,261,128,1471,0.49,0.4256,0.2835,0.2835,1,0.509578544061303,133,142,117,117,0.918037403248035,0.785208171438648,1.0668174688977,-1,0,0.128,2,"0.76 to 0.99","Not Significant","0.01-0.20"
"E02000451","Harrow 019",NA,513206,188992,51.5884,-0.3673,"b805491d-9efa-4643-840a-3e071061bd39",1,17.19,45.18,0.5006,0.0328,0.0846,"LargeCentralMetro",0,0,0,0,0,"London",2,"Harrow 019",67.8,1,320,217,2023,0.678,0.4518,0.1719,0.1719,2,0.321875,103,175,118,118,0.623324472742659,0.527017730475,0.732035281477611,-2,-1,0,1,"0.51 to 0.75","Significant Decrease","<0.01"
"E02000455","Harrow 023",NA,516097,188249,51.5812,-0.32583,"0a60ebc2-8a09-4222-ba82-0f182d658087",3,25.44,43.53,0.4739,0.0695,0.1123,"LargeCentralMetro",0,0,0,0,0,"London",1,"Harrow 023",47.3,1,169,80,1013,0.473,0.4353,0.2544,0.2544,1,0.526627218934911,89,92,119,119,0.914936490153961,0.760345623676371,1.09168628599308,-1,0,0.156,2,"0.76 to 0.99","Not Significant","0.01-0.20"
"E02000459","Harrow 027",NA,514339,186946,51.5698,-0.35161,"61230571-29e0-4210-8c04-9ecd20e79aab",3,33.46,48.36,0.4335,0.106,0.1351,"LargeCentralMetro",0,0,0,0,0,"London",1,"Harrow 027",56.5,1,269,152,1739,0.565,0.4836,0.3346,0.3346,1,0.434944237918216,117,147,120,120,0.806680549710553,0.685837537679753,0.942588966486097,-1,-1,0.004,1,"0.76 to 0.99","Significant Decrease","<0.01"
"E02000463","Harrow 031",NA,512835,185808,51.5599,-0.37367,"2b96f4d6-dfa8-4c4b-9903-0caab0231ecd",3,36.45,46.33,0.4409,0.1112,0.1329,"LargeCentralMetro",0,0,0,0,0,"London",3,"Harrow 031",36,1,214,77,1198,0.36,0.4633,0.3645,0.3645,3,0.64018691588785,137,117,121,121,1.11134109500691,0.950445258460812,1.29159508077323,1,0,0.905,6,"1.01 to 1.25","Not Significant","0.80-1.00"
"E02000465","Havering 002",NA,555391,192167,51.6069,0.2426,"83c1105b-952a-4f01-a522-f2eec4224e21",5,40.84,50.5,0.0988,0.11,0.0522,"LargeCentralMetro",0,0,0,0,0,"London",8,"Havering 002",35.1,1,191,67,1206,0.351,0.505,0.4084,0.4084,8,0.649214659685864,124,104,122,122,1.1947293826544,1.01883321440045,1.39214426590281,1,1,0.986,6,"1.01 to 1.25","Significant Increase","0.80-1.00"
"E02000466","Havering 003",NA,551434,192863,51.6142,0.185806,"981614d8-ea97-45c1-830b-20442ecd1ef6",5,30.37,48.33,0.0814,0.0858,0.0602,"LargeCentralMetro",0,0,0,0,0,"London",4,"Havering 003",31.4,1,191,60,1016,0.314,0.4833,0.3037,0.3037,4,0.68586387434555,131,104,123,123,1.19567577302422,1.01973627246855,1.39317333085644,1,1,0.986,6,"1.01 to 1.25","Significant Increase","0.80-1.00"
"E02000473","Havering 010",NA,554711,189474,51.5829,0.231602,"8b04d774-da9d-48f5-be36-ae81b912b5e3",2,17.09,26.77,0.1206,0.0608,0.0575,"LargeCentralMetro",0,0,0,0,0,"London",7,"Havering 010",54.91,2,357,196,2305,0.5491,0.2677,0.1709,0.1709,7,0.450980392156863,161,195,124,124,0.830040790665404,0.71949869675291,0.952669647972649,-1,-1,0.004,1,"0.76 to 0.99","Significant Decrease","<0.01"
"E02000478","Havering 015",NA,554948,188255,51.5719,0.234483,"9bc1617e-4879-45aa-9b72-9df2872819a3",2,18.84,44.78,0.2692,0.0445,0.071,"LargeCentralMetro",0,0,0,0,0,"London",4,"Havering 015",44.9,1,207,93,1034,0.449,0.4478,0.1884,0.1884,4,0.550724637681159,114,113,125,125,0.958208451429253,0.809920233786062,1.12572832214662,-1,0,0.29,3,"0.76 to 0.99","Not Significant","0.20-0.39"
"E02000482","Havering 019",NA,556485,187616,51.5657,0.25636,"fd396fb5-2cd8-409f-842b-ed3b4d6320d3",2,12.41,46.06,0.0535,0.0149,0.0355,"LargeCentralMetro",0,0,0,0,0,"London",6,"Havering 019",61.13,2,419,256,2616,0.6113,0.4606,0.1241,0.1241,6,0.389021479713604,163,229,126,126,0.728634609147559,0.63280392825172,0.834788990993986,-2,-1,0,1,"0.51 to 0.75","Significant Decrease","<0.01"
"E02000486","Havering 023",NA,553126,186063,51.5527,0.207261,"43ff97ab-c740-4a7d-8073-1f36adaec4b3",3,29.14,48.93,0.0889,0.0509,0.0469,"LargeCentralMetro",0,0,0,0,0,"London",6,"Havering 023",45.7,1,175,80,887,0.457,0.4893,0.2914,0.2914,6,0.542857142857143,95,95,127,127,0.998937131405274,0.837037590741758,1.18291822861461,-1,0,0.477,4,"0.76 to 0.99","Not Significant","0.40-0.59"
"E02000490","Havering 027",NA,552416,183987,51.5342,0.196131,"16c47f02-f1ff-4f79-a249-a118d5a8e367",4,50,49.37,0.1006,0.1162,0.0407,"LargeCentralMetro",0,0,0,0,0,"London",4,"Havering 027",27.9,1,140,39,711,0.279,0.4937,0.5,0.5,4,0.721428571428571,101,76,128,128,1.31856138647069,1.10870353734837,1.55646763639681,2,1,0.999,6,"1.26 to 1.50","Significant Increase","0.80-1.00"
"E02000492","Havering 029",NA,553466,180322,51.501,0.209663,"015804a4-75ac-4ae6-ace2-9257ae2c7418",2,26.59,44.84,0.0806,0.087,0.0432,"LargeCentralMetro",0,0,0,0,0,"London",8,"Havering 029",50.3,1,173,87,901,0.503,0.4484,0.2659,0.2659,8,0.497109826589595,86,94,129,129,0.936916545873554,0.781091327887825,1.11460534273284,-1,0,0.222,3,"0.76 to 0.99","Not Significant","0.20-0.39"
"E02000495","Hillingdon 002",NA,509589,190756,51.605,-0.41893,"7321c02c-d22a-4f51-adca-0d4c10df55f9",2,18.64,45.39,0.2963,0.0496,0.0888,"LargeCentralMetro",0,0,0,0,0,"London",3,"Hillingdon 002",74.6,1,177,132,1031,0.746,0.4539,0.1864,0.1864,3,0.254237288135593,45,97,130,130,0.570314382736416,0.460461994110256,0.698288305431677,-2,-1,0,1,"0.51 to 0.75","Significant Decrease","<0.01"
"E02000496","Hillingdon 003",NA,506013,189746,51.5966,-0.47086,"2b02f327-b7f5-47b8-87c0-b7f9823fd1c9",4,46.67,46.85,0.0938,0.0273,0.0612,"LargeCentralMetro",0,0,0,0,0,"London",10,"Hillingdon 003",20,1,45,9,254,0.2,0.4685,0.4667,0.4667,10,0.8,36,25,131,131,1.35981939419455,1.06333537578389,1.71354458063061,2,1,0.993,6,"1.26 to 1.50","Significant Increase","0.80-1.00"
"E02000497","Hillingdon 004",NA,510180,189070,51.5897,-0.41093,"4d940a6b-a7eb-4e34-8ac3-1744d15d4791",3,24.28,49.06,0.2616,0.0461,0.0827,"LargeCentralMetro",0,0,0,0,0,"London",4,"Hillingdon 004",44,1,243,107,1549,0.44,0.4906,0.2428,0.2428,4,0.559670781893004,136,133,132,132,0.98592385407529,0.843663266428368,1.14522584473749,-1,0,0.412,4,"0.76 to 0.99","Not Significant","0.40-0.59"
"E02000500","Hillingdon 007",NA,509459,187947,51.5798,-0.42169,"7686010e-9bee-4da3-9224-65c34dfbd8ba",2,12.57,50.72,0.1916,0.0209,0.076,"LargeCentralMetro",0,0,0,0,0,"London",3,"Hillingdon 007",59,1,183,108,1256,0.59,0.5072,0.1257,0.1257,3,0.40983606557377,75,100,133,133,0.743506572459428,0.612808312261556,0.893771996860299,-2,-1,0.001,1,"0.51 to 0.75","Significant Decrease","<0.01"
"E02000503","Hillingdon 010",NA,510563,186311,51.5648,-0.40627,"4d381a97-3bf2-41ec-9229-154298cb5e16",1,20.28,47.86,0.1799,0.0346,0.0797,"LargeCentralMetro",0,0,0,0,0,"London",3,"Hillingdon 010",59,1,212,125,1283,0.59,0.4786,0.2028,0.2028,3,0.410377358490566,87,116,134,134,0.761395720375983,0.634931307194291,0.905583348385171,-1,-1,0.001,1,"0.76 to 0.99","Significant Decrease","<0.01"
"E02000504","Hillingdon 011",NA,507436,186038,51.563,-0.45145,"582fa7ad-a949-4b9c-8c7f-135e0bfab2b3",1,16.32,43.7,0.213,0.0156,0.0682,"LargeCentralMetro",0,0,0,0,0,"London",4,"Hillingdon 011",54.4,1,239,130,1437,0.544,0.437,0.1632,0.1632,4,0.456066945606695,109,130,135,135,0.823816020927253,0.695829293530424,0.968451895896963,-1,-1,0.009,1,"0.76 to 0.99","Significant Decrease","<0.01"
"E02000506","Hillingdon 013",NA,506379,185617,51.5594,-0.46682,"82d7322c-1611-48e8-b217-5adb943fe2c3",2,9.84,48.32,0.3377,0.0291,0.1086,"LargeCentralMetro",0,0,0,0,0,"London",3,"Hillingdon 013",60.7,1,244,148,1515,0.607,0.4832,0.0984,0.0984,3,0.39344262295082,96,133,136,136,0.707159241302211,0.592131140310268,0.837952801849084,-2,-1,0,1,"0.51 to 0.75","Significant Decrease","<0.01"
"E02000507","Hillingdon 014",NA,508777,184124,51.5455,-0.43271,"65ca2acb-8aa8-4fb0-8030-ec3c196b0536",1,35.53,36.91,0.282,0.0559,0.106,"LargeCentralMetro",0,0,0,0,0,"London",6,"Hillingdon 014",33.3,1,228,76,1287,0.333,0.3691,0.3553,0.3553,6,0.666666666666667,152,124,137,137,1.16994344384588,1.00743512521324,1.35111475815409,1,1,0.98,6,"1.01 to 1.25","Significant Increase","0.80-1.00"
"E02000508","Hillingdon 015",NA,506168,183469,51.5401,-0.47051,"d9d71d01-b375-4ce0-8828-26e5bad62415",2,32.6,44.79,0.2688,0.0773,0.1262,"LargeCentralMetro",0,0,0,0,0,"London",3,"Hillingdon 015",53.53,2,411,220,2639,0.5353,0.4479,0.326,0.326,3,0.464720194647202,191,224,138,138,0.854161137702166,0.747800353396256,0.971320395356723,-1,-1,0.008,1,"0.76 to 0.99","Significant Decrease","<0.01"
"E02000511","Hillingdon 018",NA,509228,182695,51.5326,-0.42665,"5cb57776-ee75-40e5-8250-6bceba7f8152",1,42.86,41.19,0.3793,0.0842,0.1277,"LargeCentralMetro",0,0,0,0,0,"London",2,"Hillingdon 018",26.03,2,119,31,590,0.2603,0.4119,0.4286,0.4286,2,0.739495798319328,88,65,139,139,1.2233441327296,1.01282805829575,1.46472275605195,1,1,0.982,6,"1.01 to 1.25","Significant Increase","0.80-1.00"
"E02000513","Hillingdon 020",NA,511196,182219,51.5279,-0.39844,"de877a05-387a-409c-8d65-4a2a95396d20",2,32.14,48.82,0.3963,0.1676,0.1232,"LargeCentralMetro",0,0,0,0,0,"London",5,"Hillingdon 020",57.9,1,252,146,1569,0.579,0.4882,0.3214,0.3214,5,0.420634920634921,106,137,140,140,0.801829070280747,0.678307081924106,0.941226172421454,-1,-1,0.004,1,"0.76 to 0.99","Significant Decrease","<0.01"
"E02000517","Hillingdon 024",NA,508504,181434,51.5214,-0.43747,"ab4a9dd7-2719-4cf4-9f6e-181a284aa892",3,32.47,41.23,0.4037,0.1427,0.1298,"LargeCentralMetro",0,0,0,0,0,"London",3,"Hillingdon 024",45.5,2,154,70,992,0.455,0.4123,0.3247,0.3247,3,0.545454545454545,84,84,141,141,0.960811919746131,0.796285414470915,1.14927073230539,-1,0,0.317,3,"0.76 to 0.99","Not Significant","0.20-0.39"
"E02000523","Hillingdon 030",NA,509514,178982,51.4992,-0.42368,"c4a02615-13dc-4d7d-b39a-08e177cd24b7",1,41.88,46.2,0.5876,0.0852,0.128,"LargeCentralMetro",0,0,0,0,0,"London",7,"Hillingdon 030",40.6,1,234,95,1368,0.406,0.462,0.4188,0.4188,7,0.594017094017094,139,128,142,142,1.0703174860888,0.918265225074305,1.24025443619172,1,0,0.801,6,"1.01 to 1.25","Not Significant","0.80-1.00"
"E02000530","Hounslow 005",NA,511449,178032,51.4903,-0.39611,"86cd4f48-e853-4627-8756-8d099a07a86d",1,24.52,47.94,0.5011,0.1573,0.1451,"LargeCentralMetro",0,0,0,0,0,"London",4,"Hounslow 005",53.8,1,208,112,1554,0.538,0.4794,0.2452,0.2452,4,0.461538461538462,96,113,143,143,0.826839861757158,0.691988384027406,0.980234733143932,-1,-1,0.014,2,"0.76 to 0.99","Significant Decrease","0.01-0.20"
"E02000531","Hounslow 006",NA,517044,176915,51.4791,-0.31593,"763768e5-6ba2-49d9-b96d-639226876389",4,22.16,43.95,0.1348,0.0851,0.1206,"LargeCentralMetro",0,0,0,0,0,"London",1,"Hounslow 006",62.29,2,334,208,2073,0.6229,0.4395,0.2216,0.2216,1,0.377245508982036,126,182,144,144,0.706164428540889,0.603494886049003,0.821205727266896,-2,-1,0,1,"0.51 to 0.75","Significant Decrease","<0.01"
"E02000532","Hounslow 007",NA,520995,177055,51.4795,-0.25902,"16963dbb-9271-41bf-a286-c3f294ddc964",1,35.9,47.86,0.0925,0.0498,0.1189,"LargeCentralMetro",0,0,0,0,0,"London",3,"Hounslow 007",63.2,1,234,148,1590,0.632,0.4786,0.359,0.359,3,0.367521367521368,86,128,145,145,0.727690577870379,0.608851977132887,0.862812256079443,-2,-1,0,1,"0.51 to 0.75","Significant Decrease","<0.01"
"E02000536","Hounslow 011",NA,513022,176756,51.4785,-0.37388,"e81278b1-b9c4-428f-a7fc-e95704c5e2cc",1,30.34,46.21,0.5992,0.0526,0.1309,"LargeCentralMetro",0,0,0,0,0,"London",4,"Hounslow 011",53.78,2,435,234,2833,0.5378,0.4621,0.3034,0.3034,4,0.462068965517241,201,237,146,146,0.845744769309898,0.742341095637106,0.959439718339073,-1,-1,0.005,1,"0.76 to 0.99","Significant Decrease","<0.01"
"E02000537","Hounslow 012",NA,514278,176993,51.4804,-0.35572,"f0a202c4-c763-40f3-99de-5a2e38e0eb07",1,37.06,49.18,0.5815,0.0298,0.1218,"LargeCentralMetro",0,0,0,0,0,"London",2,"Hounslow 012",45.5,1,143,65,980,0.455,0.4918,0.3706,0.3706,2,0.545454545454545,78,78,147,147,0.964581978061515,0.795404528512441,1.15905219436224,-1,0,0.335,3,"0.76 to 0.99","Not Significant","0.20-0.39"
"E02000539","Hounslow 014",NA,516085,176148,51.4724,-0.32999,"0b0b74c1-08e3-4d5f-8af7-bf2f1c66f768",3,24.17,71.09,0.2179,0.0749,0.1328,"LargeCentralMetro",0,0,0,0,0,"London",4,"Hounslow 014",57.54,3,480,276,2746,0.5754,0.7109,0.2417,0.2417,4,0.425,204,262,148,148,0.779343354510459,0.684752733209152,0.883270917031241,-1,-1,0,1,"0.76 to 0.99","Significant Decrease","<0.01"
"E02000542","Hounslow 017",NA,513032,175661,51.4686,-0.37408,"c81b3c92-7374-49cc-8e47-d01fc0fb1553",1,16.67,47.98,0.5968,0.0661,0.1123,"LargeCentralMetro",0,0,0,0,0,"London",2,"Hounslow 017",72,1,186,134,1215,0.72,0.4798,0.1667,0.1667,2,0.279569892473118,52,101,149,149,0.58148326361496,0.471384546798522,0.709448859809965,-2,-1,0,1,"0.51 to 0.75","Significant Decrease","<0.01"
"E02000546","Hounslow 021",NA,512330,174572,51.459,-0.38453,"6036df9c-79aa-4b24-b2f0-a9939695bd50",1,28.25,49.13,0.591,0.0583,0.1051,"LargeCentralMetro",0,0,0,0,0,"London",3,"Hounslow 021",57.2,1,269,154,1830,0.572,0.4913,0.2825,0.2825,3,0.427509293680297,115,147,150,150,0.794495244107719,0.674759931206737,0.929258290416946,-1,-1,0.002,1,"0.76 to 0.99","Significant Decrease","<0.01"
"E02000547","Hounslow 022",NA,509901,174512,51.4589,-0.4195,"21286411-ecb3-403b-868d-d24fedb0cc94",3,38.62,47.33,0.3655,0.0834,0.0972,"LargeCentralMetro",0,0,0,0,0,"London",4,"Hounslow 022",56.06,2,189,106,1236,0.5606,0.4733,0.3862,0.3862,4,0.439153439153439,83,103,151,151,0.855722200818541,0.713478962066212,1.01787324364979,-1,0,0.039,2,"0.76 to 0.99","Not Significant","0.01-0.20"
"E02000549","Hounslow 024",NA,511329,173351,51.4482,-0.39931,"aef4a5a4-df3f-40f1-b484-f4736198a0b9",3,36.74,46.78,0.3489,0.0546,0.1113,"LargeCentralMetro",0,0,0,0,0,"London",2,"Hounslow 024",26.06,2,215,56,1242,0.2606,0.4678,0.3674,0.3674,2,0.73953488372093,159,117,152,152,1.2667692467731,1.09223584012754,1.46117942589315,2,1,0.999,6,"1.26 to 1.50","Significant Increase","0.80-1.00"
"E02000556","Islington 003",NA,530821,186942,51.5662,-0.11393,"f2da2c5e-70e0-443d-a556-2e13e8c9e46c",2,62.31,46.39,0.1149,0.1259,0.1421,"LargeCentralMetro",0,0,0,0,0,"London",1,"Islington 003",27.7,1,130,36,595,0.277,0.4639,0.6231,0.6231,1,0.723076923076923,94,71,153,153,1.28405810749292,1.07284459469857,1.52460593387862,2,1,0.997,6,"1.26 to 1.50","Significant Increase","0.80-1.00"
"E02000571","Islington 018",NA,532322,183849,51.538,-0.09345,"6ffa30a9-5398-4068-81de-0858af0b375a",4,63.69,44.98,0.0811,0.1173,0.1334,"LargeCentralMetro",0,0,0,0,0,"London",1,"Islington 018",37.6,1,157,59,896,0.376,0.4498,0.6369,0.6369,1,0.624203821656051,98,86,154,154,1.16526865337837,0.979762056670525,1.37554061205437,1,0,0.958,6,"1.01 to 1.25","Not Significant","0.80-1.00"
"E02000576","Islington 023",NA,532333,182412,51.5251,-0.09383,"111c35c2-1a2e-4d08-8dc4-fb352b17953e",2,48.24,7.15,0.1294,0.1519,0.1547,"LargeCentralMetro",0,0,0,0,0,"London",1,"Islington 023",68.8,1,170,117,1133,0.688,0.0715,0.4824,0.4824,1,0.311764705882353,53,93,155,155,0.696195805021781,0.567547364769823,0.845061113612168,-2,-1,0,1,"0.51 to 0.75","Significant Decrease","<0.01"
"E02000578","Kensington and Chelsea 002",NA,523745,181861,51.5221,-0.21775,"1fc0e058-a8ef-4583-8fdf-263bad20aeac",8,35.66,48.11,0.075,0.1804,0.2157,"LargeCentralMetro",0,0,0,0,0,"London",1,"Kensington and Chelsea 002",53.8,1,143,77,846,0.538,0.4811,0.3566,0.3566,1,0.461538461538462,66,78,156,156,0.829388111475412,0.676417729136784,1.00657674387539,-1,0,0.029,2,"0.76 to 0.99","Not Significant","0.01-0.20"
"E02000585","Kensington and Chelsea 009",NA,524455,179580,51.5015,-0.20833,"325d9e5c-6dcb-40c6-b0f8-c82e82b8c97c",1,20.63,15.72,0.1658,0.0659,0.1831,"LargeCentralMetro",0,0,0,0,0,"London",1,"Kensington and Chelsea 009",80.2,1,126,101,1024,0.802,0.1572,0.2063,0.2063,1,0.198412698412698,25,69,157,157,0.496298365141493,0.38737357308335,0.626165142657345,-3,-1,0,1,"0.26 to 0.5","Significant Decrease","<0.01"
"E02000597","Kensington and Chelsea 021",NA,526293,177312,51.4807,-0.18267,"20e91689-34b3-46b7-abfd-0c272988cc54",4,38.42,44.4,0.1339,0.1099,0.1995,"LargeCentralMetro",0,0,0,0,0,"London",1,"Kensington and Chelsea 021",53.1,1,177,94,1126,0.531,0.444,0.3842,0.3842,1,0.468926553672316,83,97,158,158,0.842197655891274,0.698295356110878,1.00695845969328,-1,0,0.029,2,"0.76 to 0.99","Not Significant","0.01-0.20"
"E02000605","Kingston upon Thames 008",NA,520635,168135,51.3994,-0.26723,"307cc713-8800-44dc-80d8-83a2b813bf51",3,23.46,91.09,0.22,0.0181,0.1163,"LargeCentralMetro",0,0,0,0,0,"London",7,"Kingston upon Thames 008",64.2,1,243,156,1538,0.642,0.9109,0.2346,0.2346,7,0.358024691358025,87,133,159,159,0.697163441466777,0.582635878152059,0.82750651477054,-2,-1,0,1,"0.51 to 0.75","Significant Decrease","<0.01"
"E02000606","Kingston upon Thames 009",NA,518168,168133,51.3999,-0.30268,"d0eb85b3-278d-4dfb-93e9-f9db61c5c97f",1,23.35,35.52,0.135,0.0231,0.1179,"LargeCentralMetro",0,0,0,0,0,"London",1,"Kingston upon Thames 009",60.9,1,197,120,1205,0.609,0.3552,0.2335,0.2335,1,0.390862944162437,77,107,160,160,0.728181197258352,0.601970207723487,0.8729664957205,-2,-1,0,1,"0.51 to 0.75","Significant Decrease","<0.01"
"E02000609","Kingston upon Thames 012",NA,521074,167010,51.3892,-0.26131,"c4148047-9fe2-4a2a-a956-b1eaf464096d",2,12.3,49.71,0.3122,0.0278,0.132,"LargeCentralMetro",0,0,0,0,0,"London",2,"Kingston upon Thames 012",74.45,2,309,230,2066,0.7445,0.4971,0.123,0.123,2,0.255663430420712,79,169,161,161,0.514857795687121,0.428778705277038,0.613041004979459,-2,-1,0,1,"0.51 to 0.75","Significant Decrease","<0.01"
"E02000612","Kingston upon Thames 015",NA,521702,167091,51.3898,-0.25226,"a45ccd64-ccd0-487b-8b71-3bcbfdba96c7",2,14.53,6.7,0.2314,0.0195,0.1118,"LargeCentralMetro",0,0,0,0,0,"London",3,"Kingston upon Thames 015",67.4,1,172,116,1030,0.674,0.067,0.1453,0.1453,3,0.325581395348837,56,94,162,162,0.634936254436363,0.514784104862537,0.774620633689315,-2,-1,0,1,"0.51 to 0.75","Significant Decrease","<0.01"
"E02000621","Lambeth 004",NA,530380,177660,51.4829,-0.12372,"69204145-abc8-402c-be43-2ff3536491ac",4,55.74,49.88,0.1247,0.1746,0.1405,"LargeCentralMetro",0,0,0,0,0,"London",1,"Lambeth 004",42.6,1,122,52,836,0.426,0.4988,0.5574,0.5574,1,0.573770491803279,70,67,163,163,1.06918014604563,0.878924331304055,1.28828751358496,1,0,0.737,5,"1.01 to 1.25","Not Significant","0.60-0.79"
"E02000622","Lambeth 005",NA,531131,177340,51.4798,-0.11303,"70e9a872-ccfb-4049-a294-5fe8a0756a39",3,48.6,47.14,0.0654,0.2299,0.1486,"LargeCentralMetro",0,0,0,0,0,"London",1,"Lambeth 005",43,1,107,46,594,0.43,0.4714,0.486,0.486,1,0.570093457943925,61,58,164,164,1.03717267055124,0.842425483707565,1.26339543879051,1,0,0.618,5,"1.01 to 1.25","Not Significant","0.60-0.79"
"E02000625","Lambeth 008",NA,529728,176440,51.4721,-0.13355,"b15720a4-f4ef-477d-9d40-fbd7027f8086",3,67.11,48.91,0.0752,0.3238,0.1614,"LargeCentralMetro",0,0,0,0,0,"London",1,"Lambeth 008",35.6,1,149,53,916,0.356,0.4891,0.6711,0.6711,1,0.644295302013423,96,81,165,165,1.20382366964856,1.01006920615034,1.42377598747744,1,1,0.981,6,"1.01 to 1.25","Significant Increase","0.80-1.00"
"E02000635","Lambeth 018",NA,531610,174342,51.4528,-0.10725,"08cebabc-00e6-4769-a6e6-7b506b4574c5",3,69.14,48.28,0.0585,0.2532,0.1275,"LargeCentralMetro",0,0,0,0,0,"London",1,"Lambeth 018",25.9,1,81,21,348,0.259,0.4828,0.6914,0.6914,1,0.740740740740741,60,44,166,166,1.36061890064734,1.10445320750428,1.65830241336863,2,1,0.998,6,"1.26 to 1.50","Significant Increase","0.80-1.00"
"E02000636","Lambeth 019",NA,529326,174577,51.4554,-0.14002,"8d5970a6-985c-446e-ab00-9bb64181cc05",2,53.85,45.81,0.0541,0.0883,0.0851,"LargeCentralMetro",0,0,0,0,0,"London",1,"Lambeth 019",48.7,1,117,57,836,0.487,0.4581,0.5385,0.5385,1,0.512820512820513,60,64,167,167,1.01426730083683,0.828037861985254,1.22971183163638,1,0,0.535,4,"1.01 to 1.25","Not Significant","0.40-0.59"
"E02000640","Lambeth 023",NA,529399,173745,51.4479,-0.13927,"9effc727-51c9-4015-a2f3-b3dc705824cf",1,41.67,92.45,0.0715,0.1341,0.1021,"LargeCentralMetro",0,0,0,0,0,"London",1,"Lambeth 023",45.2,1,168,76,1219,0.452,0.9245,0.4167,0.4167,1,0.547619047619048,92,92,168,168,0.991676404176741,0.827881596480362,1.17830637124699,-1,0,0.444,4,"0.76 to 0.99","Not Significant","0.40-0.59"
"E02000647","Lambeth 030",NA,531296,171603,51.4282,-0.11278,"2b9008b5-84a7-480e-baed-f97c60096dcd",2,27.12,45.63,0.0814,0.1886,0.1407,"LargeCentralMetro",0,0,0,0,0,"London",1,"Lambeth 030",61.6,1,177,109,1179,0.616,0.4563,0.2712,0.2712,1,0.384180790960452,68,97,169,169,0.725045793050284,0.595244789232335,0.874655617803683,-2,-1,0,1,"0.51 to 0.75","Significant Decrease","<0.01"
"E02000648","Lambeth 031",NA,532112,171289,51.4252,-0.10117,"b21752e0-9415-44e6-94ca-faba5991d9bf",3,31.74,50.7,0.0556,0.3547,0.1485,"LargeCentralMetro",0,0,0,0,0,"London",2,"Lambeth 031",46.1,1,167,77,1069,0.461,0.507,0.3174,0.3174,2,0.538922155688623,90,91,170,170,0.947895655311402,0.788660636195041,1.12979010953068,-1,0,0.264,3,"0.76 to 0.99","Not Significant","0.20-0.39"
"E02000657","Lewisham 005",NA,536845,176528,51.4712,-0.03111,"572deccc-e215-443e-a45d-655f497da377",1,45.45,44.67,0.0744,0.2771,0.1327,"LargeCentralMetro",0,0,0,0,0,"London",1,"Lewisham 005",33.9,1,121,41,600,0.339,0.4467,0.4545,0.4545,1,0.661157024793388,80,66,171,171,1.13919216463051,0.939364384508487,1.36892561440664,1,0,0.904,6,"1.01 to 1.25","Not Significant","0.80-1.00"
"E02000662","Lewisham 010",NA,536033,175598,51.463,-0.04315,"e50d9ff4-3ab5-4a8e-b9c1-0bca8048addb",3,30.04,49.11,0.0633,0.3361,0.1249,"LargeCentralMetro",0,0,0,0,0,"London",1,"Lewisham 010",54.3,1,223,121,1401,0.543,0.4911,0.3004,0.3004,1,0.457399103139013,102,122,172,172,0.840179686885891,0.707224900784212,0.990775416354468,-1,-1,0.019,2,"0.76 to 0.99","Significant Decrease","0.01-0.20"
"E02000702","Merton 014",NA,528808,168321,51.3993,-0.14974,"99d6ec62-e32b-45f4-a731-5f603cab9658",3,39.85,47.78,0.1757,0.2643,0.1256,"LargeCentralMetro",0,0,0,0,0,"London",2,"Merton 014",41.4,1,133,55,944,0.414,0.4778,0.3985,0.3985,2,0.586466165413534,78,73,173,173,1.03530494359613,0.854070180665831,1.24356876742791,1,0,0.623,5,"1.01 to 1.25","Not Significant","0.60-0.79"
"E02000704","Merton 016",NA,523273,168928,51.406,-0.22906,"d844f57a-a6c5-42b7-8bfa-3ec81d6fa7b2",2,44.62,47.82,0.1471,0.0565,0.1059,"LargeCentralMetro",0,0,0,0,0,"London",7,"Merton 016",46.7,1,195,91,1190,0.467,0.4782,0.4462,0.4462,7,0.533333333333333,104,106,174,174,1.0070095685833,0.850285719148285,1.18412156876279,0,0,0.515,4,"1.00-1.009 (null value)","Not Significant","0.40-0.59"
"E02000707","Merton 019",NA,529915,168175,51.3977,-0.13389,"35f19bf0-fb06-44e6-8c2f-2caa55593018",3,45.5,41.76,0.1718,0.3518,0.1096,"LargeCentralMetro",0,0,0,0,0,"London",3,"Merton 019",59,1,200,118,1341,0.59,0.4176,0.455,0.455,3,0.41,82,109,175,175,0.836133902510466,0.698179204379106,0.993188072389336,-1,-1,0.021,2,"0.76 to 0.99","Significant Decrease","0.01-0.20"
"E02000710","Merton 022",NA,527617,167920,51.396,-0.167,"da458665-84d5-42c9-b5b7-dc835ad0e228",4,48.52,48.81,0.2191,0.1475,0.1055,"LargeCentralMetro",0,0,0,0,0,"London",2,"Merton 022",43.2,1,169,73,879,0.432,0.4881,0.4852,0.4852,2,0.568047337278107,96,92,176,176,1.05861824691977,0.888553819214772,1.2516300044557,1,0,0.728,5,"1.01 to 1.25","Not Significant","0.60-0.79"
"E02000718","Newham 005",NA,542943,185065,51.5464,0.060085,"66d469d7-c859-403e-97aa-0132d58d943a",2,45.76,39.12,0.547,0.2119,0.0811,"LargeCentralMetro",0,0,0,0,0,"London",4,"Newham 005",50.5,1,295,149,1700,0.505,0.3912,0.4576,0.4576,4,0.494915254237288,146,161,177,177,0.945522053845945,0.816433609963719,1.08909269785424,-1,0,0.211,3,"0.76 to 0.99","Not Significant","0.20-0.39"
"E02000721","Newham 008",NA,540613,184800,51.5446,0.0264,"1c759665-c96f-4e10-a874-ffdac6ace5ac",1,43.41,93.59,0.6454,0.1205,0.072,"LargeCentralMetro",0,0,0,0,0,"London",1,"Newham 008",53.3,1,182,97,1295,0.533,0.9359,0.4341,0.4341,1,0.467032967032967,85,99,178,178,0.906622845797256,0.755688783852571,1.07873329039319,-1,0,0.13,2,"0.76 to 0.99","Not Significant","0.01-0.20"
"E02000730","Newham 017",NA,540764,184040,51.5377,0.028273,"5aa98446-5b52-4b4d-baa0-43f902e9a2c0",1,49.27,22.81,0.7341,0.0745,0.0616,"LargeCentralMetro",0,0,0,0,0,"London",1,"Newham 017",56.37,2,479,270,2828,0.5637,0.2281,0.4927,0.4927,1,0.436325678496868,209,261,179,179,0.841095394074225,0.741853191016913,0.949806954620698,-1,-1,0.003,1,"0.76 to 0.99","Significant Decrease","<0.01"
"E02000742","Newham 029",NA,542484,182415,51.5227,0.052399,"b9890818-46be-4ba3-b077-cbaed2710c99",1,47.09,52.3,0.4015,0.1852,0.0881,"LargeCentralMetro",0,0,0,0,0,"London",2,"Newham 029",65.4,1,361,236,2914,0.654,0.523,0.4709,0.4709,2,0.346260387811634,125,197,180,180,0.709142196952627,0.609051259472399,0.820834438050569,-2,-1,0,1,"0.51 to 0.75","Significant Decrease","<0.01"
"E02000748","Newham 035",NA,542562,181252,51.5122,0.053053,"cca793fc-f0ec-44b6-8f67-1fb00bc05e84",1,51.75,44.76,0.1898,0.1695,0.0972,"LargeCentralMetro",0,0,0,0,0,"London",2,"Newham 035",47.71,2,400,191,2292,0.4771,0.4476,0.5175,0.5175,2,0.5225,209,218,181,181,0.981574051218583,0.864766825340619,1.1096495971581,-1,0,0.372,3,"0.76 to 0.99","Not Significant","0.20-0.39"
"E02000751","Redbridge 001",NA,540278,192651,51.6152,0.024705,"f625cbd7-f3b4-4833-9c8f-d73920e44ff7",1,11.49,50.94,0.1944,0.0506,0.0849,"LargeCentralMetro",0,0,0,0,0,"London",2,"Redbridge 001",66,1,235,155,1598,0.66,0.5094,0.1149,0.1149,2,0.340425531914894,80,128,182,182,0.64507458037367,0.535470991050361,0.770429831129593,-2,-1,0,1,"0.51 to 0.75","Significant Decrease","<0.01"
"E02000752","Redbridge 002",NA,547523,192308,51.6103,0.129127,"2a962c18-6d23-4fb6-9a78-8c823bafb5a3",3,33.11,47.14,0.2332,0.1165,0.0888,"LargeCentralMetro",0,0,0,0,0,"London",6,"Redbridge 002",37.1,1,151,56,823,0.371,0.4714,0.3311,0.3311,6,0.629139072847682,95,82,183,183,1.10792787011043,0.925667094713772,1.31551849866098,1,0,0.864,6,"1.01 to 1.25","Not Significant","0.80-1.00"
"E02000756","Redbridge 006",NA,544368,190945,51.5989,0.083035,"efe45e84-792b-40fb-a8bc-4b586e6ac878",1,14.86,47.48,0.3233,0.0765,0.0896,"LargeCentralMetro",0,0,0,0,0,"London",6,"Redbridge 006",42.3,1,175,74,872,0.423,0.4748,0.1486,0.1486,6,0.577142857142857,101,95,184,184,0.975324316253405,0.815881740856357,1.15679823321487,-1,0,0.372,3,"0.76 to 0.99","Not Significant","0.20-0.39"
"E02000758","Redbridge 008",NA,542845,190528,51.5955,0.060892,"e9fee74b-e808-4bb6-a38e-af3f45b4024e",1,44.68,46.12,0.4615,0.0966,0.1129,"LargeCentralMetro",0,0,0,0,0,"London",4,"Redbridge 008",43.3,1,141,61,991,0.433,0.4612,0.4468,0.4468,4,0.567375886524823,80,77,185,185,1.03636232658437,0.858253002568777,1.24045016301581,1,0,0.63,5,"1.01 to 1.25","Not Significant","0.60-0.79"
"E02000759","Redbridge 009",NA,541347,190292,51.5938,0.039185,"135b560f-fa4c-417f-b706-0e27db0cb387",1,22.71,48.9,0.2441,0.1058,0.1101,"LargeCentralMetro",0,0,0,0,0,"London",3,"Redbridge 009",58.3,1,295,172,2000,0.583,0.489,0.2271,0.2271,3,0.416949152542373,123,161,186,186,0.767514696675559,0.65432679517484,0.894572424052516,-1,-1,0,1,"0.76 to 0.99","Significant Decrease","<0.01"
"E02000763","Redbridge 013",NA,546333,190199,51.5916,0.111075,"0e32b842-f793-4184-8797-070cee46dae7",1,22.41,47.62,0.5179,0.0774,0.0981,"LargeCentralMetro",0,0,0,0,0,"London",5,"Redbridge 013",57.6,1,290,167,1783,0.576,0.4762,0.2241,0.2241,5,0.424137931034483,123,158,187,187,0.78613789496059,0.670340939182203,0.9161024505854,-1,-1,0.001,1,"0.76 to 0.99","Significant Decrease","<0.01"
"E02000768","Redbridge 018",NA,541109,188410,51.5769,0.034995,"ac82be99-b119-4df2-9f20-7be56b51edb9",2,18.78,47.56,0.2059,0.0551,0.0947,"LargeCentralMetro",0,0,0,0,0,"London",2,"Redbridge 018",61.1,1,229,140,1434,0.611,0.4756,0.1878,0.1878,2,0.388646288209607,89,125,188,188,0.723652444206904,0.604427010524508,0.859431393813789,-2,-1,0,1,"0.51 to 0.75","Significant Decrease","<0.01"
"E02000770","Redbridge 020",NA,545041,188053,51.5727,0.091551,"a98eb5d2-e161-44db-ab03-b4dd0a18ff01",1,26.56,42.86,0.6063,0.0762,0.1068,"LargeCentralMetro",0,0,0,0,0,"London",4,"Redbridge 020",47.4,1,192,91,1155,0.474,0.4286,0.2656,0.2656,4,0.526041666666667,101,105,189,189,0.927044370099727,0.777931298422824,1.09635007092924,-1,0,0.181,2,"0.76 to 0.99","Not Significant","0.01-0.20"
"E02000772","Redbridge 022",NA,546491,188252,51.5741,0.112542,"f8988334-aa70-45e4-96f3-1ac89c828bb9",1,23.89,47.84,0.5954,0.1034,0.0952,"LargeCentralMetro",0,0,0,0,0,"London",2,"Redbridge 022",55,1,180,99,1250,0.55,0.4784,0.2389,0.2389,2,0.45,81,98,190,190,0.819304398302772,0.678659989302033,0.980439838190957,-1,-1,0.015,2,"0.76 to 0.99","Significant Decrease","0.01-0.20"
"E02000788","Richmond upon Thames 005",NA,520974,175158,51.4625,-0.25997,"020d57d9-aeb2-40fd-ae69-5276a96c7e27",1,22.35,48.51,0.0592,0.0108,0.1019,"LargeCentralMetro",0,0,0,0,0,"London",2,"Richmond upon Thames 005",66.5,1,170,113,1039,0.665,0.4851,0.2235,0.2235,2,0.335294117647059,57,93,191,191,0.665399443238288,0.541481569772911,0.809074264256475,-2,-1,0,1,"0.51 to 0.75","Significant Decrease","<0.01"
"E02000789","Richmond upon Thames 006",NA,518896,174322,51.4554,-0.29015,"c9d5e09f-68e2-4365-9ed1-5c1dc3913ff3",2,23.13,42.14,0.0992,0.0138,0.0936,"LargeCentralMetro",0,0,0,0,0,"London",1,"Richmond upon Thames 006",63.9,1,147,94,1037,0.639,0.4214,0.2313,0.2313,1,0.360544217687075,53,80,192,192,0.706799487099555,0.571680792598266,0.864146918826164,-2,-1,0,1,"0.51 to 0.75","Significant Decrease","<0.01"
"E02000792","Richmond upon Thames 009",NA,517159,174028,51.4531,-0.31523,"62bcc5b7-4ed2-4929-86e8-6ed1f896a906",2,9.09,42.4,0.0564,0.0133,0.0803,"LargeCentralMetro",0,0,0,0,0,"London",1,"Richmond upon Thames 009",79.5,1,220,175,1394,0.795,0.424,0.0909,0.0909,1,0.204545454545455,45,120,193,193,0.475017900381131,0.384266983370465,0.580574738806356,-3,-1,0,1,"0.26 to 0.5","Significant Decrease","<0.01"
"E02000795","Richmond upon Thames 012",NA,519655,172867,51.4422,-0.27972,"7c5a582d-a30e-419a-bcc3-7f702df85391",1,9.28,42.8,0.0602,0.0107,0.0861,"LargeCentralMetro",0,0,0,0,0,"London",1,"Richmond upon Thames 012",78.9,1,237,187,1631,0.789,0.428,0.0928,0.0928,1,0.210970464135021,50,129,194,194,0.4756502969948,0.386734803611284,0.578723985104383,-3,-1,0,1,"0.26 to 0.5","Significant Decrease","<0.01"
"E02000798","Richmond upon Thames 015",NA,514146,172481,51.4398,-0.35908,"213ef4f0-b360-4c90-bf1d-c0438823b911",3,8.45,93.59,0.0928,0.0202,0.0904,"LargeCentralMetro",0,0,0,0,0,"London",1,"Richmond upon Thames 015",82.2,1,213,175,1467,0.822,0.9359,0.0845,0.0845,1,0.178403755868545,38,116,195,195,0.444076854054176,0.356118037526484,0.54698228046937,-3,-1,0,1,"0.26 to 0.5","Significant Decrease","<0.01"
"E02000805","Richmond upon Thames 022",NA,517064,170551,51.4219,-0.31775,"0d1d1164-5c70-40ef-84ac-58658d65b039",2,17.37,41.42,0.0651,0.0181,0.0766,"LargeCentralMetro",0,0,0,0,0,"London",6,"Richmond upon Thames 022",66.5,1,236,157,1381,0.665,0.4142,0.1737,0.1737,6,0.334745762711864,79,129,196,196,0.664132163483106,0.55260481373438,0.791435206553436,-2,-1,0,1,"0.51 to 0.75","Significant Decrease","<0.01"
"E02000816","Southwark 010",NA,534459,178535,51.4898,-0.06468,"2cc2f8f0-4b51-4cd9-9f39-7c615c6471bc",4,50.91,66.16,0.0876,0.2126,0.1328,"LargeCentralMetro",0,0,0,0,0,"London",1,"Southwark 010",57.4,2,385,221,2411,0.574,0.6616,0.5091,0.5091,1,0.425974025974026,164,210,197,197,0.824080273786956,0.717120631761354,0.942374001410571,-1,-1,0.002,1,"0.76 to 0.99","Significant Decrease","<0.01"
"E02000821","Southwark 015",NA,533418,178125,51.4864,-0.07982,"f82bc42f-03cf-45cb-90e6-2ad3ada51e85",2,71.15,45.01,0.0782,0.3862,0.2357,"LargeCentralMetro",0,0,0,0,0,"London",1,"Southwark 015",43.6,1,156,68,971,0.436,0.4501,0.7115,0.7115,1,0.564102564102564,88,85,198,198,1.06848841849208,0.891998478791874,1.26953756529934,1,0,0.755,5,"1.01 to 1.25","Not Significant","0.60-0.79"
"E02000827","Southwark 021",NA,532201,176940,51.476,-0.09778,"2744917d-731b-4d03-9391-a6cc3a00950f",2,48.56,52.09,0.0835,0.3859,0.1696,"LargeCentralMetro",0,0,0,0,0,"London",1,"Southwark 021",56.38,2,243,137,1484,0.5638,0.5209,0.4856,0.4856,1,0.436213991769547,106,133,199,199,0.838660313048618,0.709823373761922,0.983989692343759,-1,-1,0.015,2,"0.76 to 0.99","Significant Decrease","0.01-0.20"
"E02000829","Southwark 023",NA,534959,176794,51.474,-0.05815,"aae54779-2258-4967-bcab-bd7fad1c1471",4,45.34,8.01,0.0798,0.3503,0.1308,"LargeCentralMetro",0,0,0,0,0,"London",1,"Southwark 023",72,1,161,116,1111,0.72,0.0801,0.4534,0.4534,1,0.279503105590062,45,88,200,200,0.676750957688498,0.548044820363274,0.826307191214836,-2,-1,0,1,"0.51 to 0.75","Significant Decrease","<0.01"
"E02000831","Southwark 025",NA,534089,175900,51.4662,-0.071,"9d05d7cd-9663-4d22-80fb-3008995f2e85",2,58.09,43.95,0.0552,0.2309,0.1202,"LargeCentralMetro",0,0,0,0,0,"London",1,"Southwark 025",35.3,1,136,48,537,0.353,0.4395,0.5809,0.5809,1,0.647058823529412,88,74,201,201,1.18823269934496,0.99029626037206,1.41402314748723,1,0,0.968,6,"1.01 to 1.25","Not Significant","0.80-1.00"
"E02000833","Southwark 027",NA,533095,175339,51.4614,-0.08552,"d64cb56d-0a3a-4c99-9c01-58ba86cc3975",1,25.13,49.1,0.0997,0.3287,0.1332,"LargeCentralMetro",0,0,0,0,0,"London",1,"Southwark 027",78.6,1,187,147,1330,0.786,0.491,0.2513,0.2513,1,0.213903743315508,40,102,202,202,0.523544896296198,0.421252211174481,0.642940814278936,-2,-1,0,1,"0.51 to 0.75","Significant Decrease","<0.01"
"E02000834","Southwark 028",NA,534540,175115,51.459,-0.06481,"ae717115-0914-4a86-a3fa-dad38e9f7d89",2,37.46,29.94,0.0443,0.124,0.1013,"LargeCentralMetro",0,0,0,0,0,"London",2,"Southwark 028",59.49,2,331,197,2251,0.5949,0.2994,0.3746,0.3746,2,0.404833836858006,134,181,203,203,0.778295433780327,0.668913046762069,0.900345279529421,-1,-1,0,1,"0.76 to 0.99","Significant Decrease","<0.01"
"E02000839","Southwark 033",NA,533672,172042,51.4316,-0.07846,"a1dd2969-3337-4dad-b96d-8d1cd0147729",1,14.69,50.65,0.0972,0.1989,0.1271,"LargeCentralMetro",0,0,0,0,0,"London",6,"Southwark 033",66.7,1,429,286,2547,0.667,0.5065,0.1469,0.1469,6,0.333333333333333,143,234,204,204,0.631434534283521,0.544295094119345,0.728471614861037,-2,-1,0,1,"0.51 to 0.75","Significant Decrease","<0.01"
"E02000842","Sutton 003",NA,524726,166097,51.3802,-0.20917,"13b60410-773e-4957-a141-4cf231fb08fc",4,18.52,51.57,0.2072,0.0458,0.0833,"LargeCentralMetro",0,0,0,0,0,"London",4,"Sutton 003",75.2,1,270,203,1782,0.752,0.5157,0.1852,0.1852,4,0.248148148148148,67,147,205,205,0.545800795624358,0.452062182979401,0.653074530828772,-2,-1,0,1,"0.51 to 0.75","Significant Decrease","<0.01"
"E02000846","Sutton 007",NA,525863,165658,51.376,-0.193,"88e5c84e-75d5-46e9-9879-7e9e008e8bb9",4,27.48,44.82,0.2118,0.0503,0.0796,"LargeCentralMetro",0,0,0,0,0,"London",5,"Sutton 007",70.5,1,302,213,1961,0.705,0.4482,0.2748,0.2748,5,0.294701986754967,89,165,206,206,0.620298721970594,0.522241326452083,0.731255588797007,-2,-1,0,1,"0.51 to 0.75","Significant Decrease","<0.01"
"E02000848","Sutton 009",NA,524023,164998,51.3705,-0.21965,"d1370384-c778-4866-bb95-75a2cb080ca1",2,16.67,47.12,0.1897,0.027,0.0713,"LargeCentralMetro",0,0,0,0,0,"London",2,"Sutton 009",56.9,1,318,181,2103,0.569,0.4712,0.1667,0.1667,2,0.430817610062893,137,173,207,207,0.786534063303331,0.674622341852621,0.911626769316959,-1,-1,0.001,1,"0.76 to 0.99","Significant Decrease","<0.01"
"E02000857","Sutton 018",NA,525574,163676,51.3583,-0.19785,"a68df205-121e-4bc0-b9c4-9d29e8c20e07",3,24.48,46.43,0.2103,0.0638,0.0898,"LargeCentralMetro",0,0,0,0,0,"London",7,"Sutton 018",35.9,1,192,69,1120,0.359,0.4643,0.2448,0.2448,7,0.640625,123,105,208,208,1.10101294849682,0.934581965834072,1.28847108931606,1,0,0.871,6,"1.01 to 1.25","Not Significant","0.80-1.00"
"E02000868","Tower Hamlets 005",NA,534610,183086,51.5307,-0.06077,"a8a1b284-c55e-4d18-ae8f-50ba1987ddd6",3,57.89,41.48,0.3639,0.0576,0.0957,"LargeCentralMetro",0,0,0,0,0,"London",1,"Tower Hamlets 005",53.9,1,152,82,880,0.539,0.4148,0.5789,0.5789,1,0.460526315789474,70,83,209,209,0.946276682390254,0.782629673102824,1.1338326782391,-1,0,0.263,3,"0.76 to 0.99","Not Significant","0.20-0.39"
"E02000870","Tower Hamlets 007",NA,535403,182832,51.5282,-0.04944,"f8a043f2-8ce2-4950-bbc6-3186f5cfbae0",2,54.08,44.02,0.3887,0.0711,0.0751,"LargeCentralMetro",0,0,0,0,0,"London",1,"Tower Hamlets 007",43.3,1,233,101,1513,0.433,0.4402,0.5408,0.5408,1,0.566523605150215,132,127,210,210,1.06905302814337,0.91668745205608,1.23936856592015,1,0,0.796,5,"1.01 to 1.25","Not Significant","0.60-0.79"
"E02000871","Tower Hamlets 008",NA,537853,182540,51.525,-0.01426,"d9749cee-bbd2-46af-9cd3-21f5aad041e7",2,56.82,35.81,0.5278,0.1091,0.089,"LargeCentralMetro",0,0,0,0,0,"London",1,"Tower Hamlets 008",33.2,1,220,73,1173,0.332,0.3581,0.5682,0.5682,1,0.668181818181818,147,120,211,211,1.22062850466715,1.05171411360186,1.40882592240476,1,1,0.996,6,"1.01 to 1.25","Significant Increase","0.80-1.00"
"E02000872","Tower Hamlets 009",NA,534154,182465,51.5252,-0.06758,"a51d6b0c-3a9a-4794-813e-4fe840b5adbe",2,67.66,46.72,0.437,0.0604,0.091,"LargeCentralMetro",0,0,0,0,0,"London",1,"Tower Hamlets 009",39.5,1,167,66,1419,0.395,0.4672,0.6766,0.6766,1,0.604790419161677,101,91,212,212,1.16878473108905,0.986462912719784,1.37485843493771,1,0,0.964,6,"1.01 to 1.25","Not Significant","0.80-1.00"
"E02000876","Tower Hamlets 013",NA,534621,182234,51.523,-0.06094,"7e18f360-3a52-42fc-a80f-b9ec05f5f063",2,58.45,38.41,0.5309,0.052,0.0862,"LargeCentralMetro",0,0,0,0,0,"London",1,"Tower Hamlets 013",63.8,1,207,132,1281,0.638,0.3841,0.5845,0.5845,1,0.36231884057971,75,113,213,213,0.795683771837046,0.663869508945609,0.945756797035846,-1,-1,0.005,1,"0.76 to 0.99","Significant Decrease","<0.01"
"E02000881","Tower Hamlets 018",NA,538068,181789,51.5182,-0.01146,"ab70098b-e0f6-43f6-82a1-b95b71664812",2,62.92,43.64,0.4781,0.1215,0.0907,"LargeCentralMetro",0,0,0,0,0,"London",1,"Tower Hamlets 018",46.1,1,178,82,1061,0.461,0.4364,0.6292,0.6292,1,0.539325842696629,96,97,214,214,1.0616465267448,0.894151928142359,1.25122073625235,1,0,0.743,5,"1.01 to 1.25","Not Significant","0.60-0.79"
"E02000882","Tower Hamlets 019",NA,536113,181597,51.5169,-0.03969,"9532d0bd-baae-4a7b-b3d9-997e4a1c0878",2,53.17,41.01,0.5842,0.0771,0.0644,"LargeCentralMetro",0,0,0,0,0,"London",1,"Tower Hamlets 019",60,1,205,123,1373,0.6,0.4101,0.5317,0.5317,1,0.4,82,112,215,215,0.841201174200726,0.704114880820226,0.996967551429703,-1,-1,0.023,2,"0.76 to 0.99","Significant Decrease","0.01-0.20"
"E02000884","Tower Hamlets 021",NA,534186,181288,51.5146,-0.06756,"0cb2ce24-a27a-4839-af03-d00a774ec074",1,45.86,33.43,0.5137,0.0444,0.0905,"LargeCentralMetro",0,0,0,0,0,"London",1,"Tower Hamlets 021",48.41,2,157,76,709,0.4841,0.3343,0.4586,0.4586,1,0.515923566878981,81,86,216,216,0.968923914908174,0.804558182539913,1.1568759209996,-1,0,0.349,3,"0.76 to 0.99","Not Significant","0.20-0.39"
"E02000893","Tower Hamlets 030",NA,538296,178711,51.4904,-0.00938,"66015edd-f4d3-4e92-9de4-6e9e0e4dad78",1,67.36,48.45,0.3386,0.0611,0.0972,"LargeCentralMetro",0,0,0,0,0,"London",2,"Tower Hamlets 030",51.8,1,193,100,1261,0.518,0.4845,0.6736,0.6736,2,0.481865284974093,93,105,217,217,0.987964088581041,0.832374209951412,1.16397730239496,-1,0,0.426,4,"0.76 to 0.99","Not Significant","0.40-0.59"
"E02000895","Waltham Forest 001",NA,537936,194880,51.6358,-0.00822,"f656c86c-5cc9-4626-9ed7-83ea5a3ec8f7",4,21.67,48.11,0.1021,0.1161,0.124,"LargeCentralMetro",0,0,0,0,0,"London",5,"Waltham Forest 001",49.2,1,240,118,1401,0.492,0.4811,0.2167,0.2167,5,0.508333333333333,122,131,218,218,0.89983923841547,0.764758312685837,1.05183588561755,-1,0,0.09,2,"0.76 to 0.99","Not Significant","0.01-0.20"
"E02000897","Waltham Forest 003",NA,539355,193522,51.6233,0.011729,"19fcfc7f-a921-409e-bbdb-474297ffb777",3,34.57,47.94,0.0956,0.1243,0.1131,"LargeCentralMetro",0,0,0,0,0,"London",7,"Waltham Forest 003",44.4,1,162,72,1116,0.444,0.4794,0.3457,0.3457,7,0.555555555555556,90,88,219,219,1.00807649428046,0.840843597044368,1.1987449312912,0,0,0.517,4,"1.00-1.009 (null value)","Not Significant","0.40-0.59"
"E02000901","Waltham Forest 007",NA,539062,191671,51.6067,0.006765,"a2ab8e1b-e377-4616-98fe-22ef37160087",2,26.5,48.55,0.0984,0.0977,0.1127,"LargeCentralMetro",0,0,0,0,0,"London",2,"Waltham Forest 007",44.9,1,234,105,1547,0.449,0.4855,0.265,0.265,2,0.551282051282051,129,128,220,220,0.961813836939417,0.819748737640831,1.12135640573583,-1,0,0.298,3,"0.76 to 0.99","Not Significant","0.20-0.39"
"E02000902","Waltham Forest 008",NA,537859,191221,51.603,-0.01077,"af9c1a7f-97a7-47a0-a6db-bc7b309c9c70",1,40,44.41,0.1928,0.1682,0.1425,"LargeCentralMetro",0,0,0,0,0,"London",2,"Waltham Forest 008",29.2,1,120,35,617,0.292,0.4441,0.4,0.4,2,0.708333333333333,85,65,221,221,1.17295691299914,0.968324980106028,1.40807059579352,1,0,0.948,6,"1.01 to 1.25","Not Significant","0.80-1.00"
"E02000904","Waltham Forest 010",NA,538939,190623,51.5973,0.004576,"9c0f397c-8883-49f1-900f-48abfb9c9b23",1,29.07,34.85,0.1997,0.1607,0.1168,"LargeCentralMetro",0,0,0,0,0,"London",5,"Waltham Forest 010",47.1,1,172,81,881,0.471,0.3485,0.2907,0.2907,5,0.52906976744186,91,94,222,222,0.938918903572455,0.782832619543556,1.11694418888108,-1,0,0.229,3,"0.76 to 0.99","Not Significant","0.20-0.39"
"E02000905","Waltham Forest 011",NA,537329,190287,51.5947,-0.01879,"70f2316c-2d1b-496e-88c3-d65192fb3034",1,46.24,42.58,0.2025,0.133,0.1151,"LargeCentralMetro",0,0,0,0,0,"London",5,"Waltham Forest 011",54.3,1,173,94,1071,0.543,0.4258,0.4624,0.4624,5,0.456647398843931,79,94,223,223,0.901688725346563,0.749702867394985,1.07527955920472,-1,0,0.12,2,"0.76 to 0.99","Not Significant","0.01-0.20"
"E02000907","Waltham Forest 013",NA,538116,189471,51.5872,-0.00775,"b86ae260-778e-471f-8749-44569f018db8",2,30.61,69.59,0.1701,0.2495,0.1349,"LargeCentralMetro",0,0,0,0,0,"London",1,"Waltham Forest 013",56.98,2,379,216,2101,0.5698,0.6959,0.3061,0.3061,1,0.430079155672823,163,207,224,224,0.793385184022168,0.688237121495123,0.909967239773243,-1,-1,0,1,"0.76 to 0.99","Significant Decrease","<0.01"
"E02000908","Waltham Forest 014",NA,535520,189802,51.5908,-0.04507,"0ef3c7e5-2c76-4f80-a5ea-b40ff68635d3",1,34.68,61.58,0.1687,0.154,0.1286,"LargeCentralMetro",0,0,0,0,0,"London",3,"Waltham Forest 014",62.66,2,297,186,1624,0.6266,0.6158,0.3468,0.3468,3,0.373737373737374,111,162,225,225,0.725636480643145,0.616523896737923,0.848377535815912,-2,-1,0,1,"0.51 to 0.75","Significant Decrease","<0.01"
"E02000912","Waltham Forest 018",NA,535819,188095,51.5754,-0.04142,"eedc699d-dd51-4706-8f32-d721caf1bad7",1,36.22,41.02,0.2941,0.1455,0.1243,"LargeCentralMetro",0,0,0,0,0,"London",3,"Waltham Forest 018",37.8,1,196,74,1097,0.378,0.4102,0.3622,0.3622,3,0.622448979591837,122,107,226,226,1.08296281523051,0.919405658989538,1.26715557173602,1,0,0.824,6,"1.01 to 1.25","Not Significant","0.80-1.00"
"E02000915","Waltham Forest 021",NA,539118,187676,51.5708,0.005993,"85a8c3ae-a522-4fcf-a52f-ac6d13db4e0d",1,23.04,40.62,0.2085,0.1265,0.1058,"LargeCentralMetro",0,0,0,0,0,"London",2,"Waltham Forest 021",50,1,204,102,1029,0.5,0.4062,0.2304,0.2304,2,0.5,102,111,227,227,0.882098202248242,0.740651783921193,1.04263407377671,-1,0,0.069,2,"0.76 to 0.99","Not Significant","0.01-0.20"
"E02000925","Wandsworth 003",NA,527683,176386,51.472,-0.163,"ad3f68c3-730b-420d-a3f8-697c87973003",2,60.76,45.81,0.0919,0.2208,0.1267,"LargeCentralMetro",0,0,0,0,0,"London",1,"Wandsworth 003",55.7,1,158,88,895,0.557,0.4581,0.6076,0.6076,1,0.443037974683544,70,86,228,228,0.921194022585331,0.762235518579306,1.1033046921494,-1,0,0.179,2,"0.76 to 0.99","Not Significant","0.01-0.20"
"E02000926","Wandsworth 004",NA,526772,176431,51.4726,-0.17609,"f494f8df-5190-4c2a-bb22-6503009818ff",1,40,45.53,0.0945,0.1048,0.1201,"LargeCentralMetro",0,0,0,0,0,"London",2,"Wandsworth 004",30,1,130,39,828,0.3,0.4553,0.4,0.4,2,0.7,91,71,229,229,1.17334510819367,0.97450590652854,1.40081421945422,1,0,0.953,6,"1.01 to 1.25","Not Significant","0.80-1.00"
"E02000937","Wandsworth 015",NA,527394,174183,51.4523,-0.16795,"32189b19-c28c-45fc-99b8-a152d86a0b5a",1,30,45.32,0.0511,0.0566,0.0774,"LargeCentralMetro",0,0,0,0,0,"London",1,"Wandsworth 015",79.1,1,110,87,770,0.791,0.4532,0.3,0.3,1,0.209090909090909,23,60,230,230,0.598630241948659,0.469462022030824,0.752031589109896,-2,-1,0,1,"0.51 to 0.75","Significant Decrease","<0.01"
"E02000938","Wandsworth 016",NA,522961,173907,51.4508,-0.23181,"5eea4fb6-e916-4288-9efb-756602c1fb17",2,52.48,46.43,0.1312,0.1115,0.141,"LargeCentralMetro",0,0,0,0,0,"London",2,"Wandsworth 016",42.6,1,141,60,784,0.426,0.4643,0.5248,0.5248,2,0.574468085106383,81,77,231,231,1.05494506718195,0.874644765831886,1.26136960690962,1,0,0.7,5,"1.01 to 1.25","Not Significant","0.60-0.79"
"E02000942","Wandsworth 020",NA,524687,173938,51.4507,-0.20698,"8b055895-89fb-4efb-a6b8-897c631865f9",1,28.79,44.02,0.112,0.0343,0.0866,"LargeCentralMetro",0,0,0,0,0,"London",2,"Wandsworth 020",73.28,2,389,285,2617,0.7328,0.4402,0.2879,0.2879,2,0.267352185089974,104,212,232,232,0.559199384512602,0.475319129146918,0.653478939865744,-2,-1,0,1,"0.51 to 0.75","Significant Decrease","<0.01"
"E02000947","Wandsworth 025",NA,525335,173314,51.445,-0.19788,"d87480d2-b617-4074-bb2a-6bbc6a926dbd",1,42.11,39.02,0.0918,0.0408,0.0807,"LargeCentralMetro",0,0,0,0,0,"London",1,"Wandsworth 025",47.9,1,190,91,1179,0.479,0.3902,0.4211,0.4211,1,0.521052631578947,99,104,233,233,0.965849042856535,0.812240429215211,1.13994821510842,-1,0,0.327,3,"0.76 to 0.99","Not Significant","0.20-0.39"
"E02000949","Wandsworth 027",NA,527296,172907,51.4409,-0.16982,"25b499f9-2168-4e00-86bd-25cb3f30d95e",2,26.5,48.68,0.0717,0.0376,0.0698,"LargeCentralMetro",0,0,0,0,0,"London",1,"Wandsworth 027",63.5,1,200,127,1321,0.635,0.4868,0.265,0.265,1,0.365,73,109,234,234,0.722329627465128,0.597620713645916,0.865256265817436,-2,-1,0,1,"0.51 to 0.75","Significant Decrease","<0.01"
"E02000958","Wandsworth 036",NA,528700,171166,51.4249,-0.15026,"2271d5c3-9921-4bdf-a68a-97d9e093ef37",1,18.88,48.87,0.1703,0.1242,0.1008,"LargeCentralMetro",0,0,0,0,0,"London",2,"Wandsworth 036",78.7,1,286,225,2343,0.787,0.4887,0.1888,0.1888,2,0.213286713286713,61,156,235,235,0.48569703030263,0.400655463279211,0.583270889735525,-3,-1,0,1,"0.26 to 0.5","Significant Decrease","<0.01"
"E02000961","Westminster 002",NA,525921,183257,51.5342,-0.1859,"8ea734bd-4a14-4864-95bb-53bbc4b77ad0",1,39.33,47.41,0.1381,0.0508,0.2358,"LargeCentralMetro",0,0,0,0,0,"London",2,"Westminster 002",48.58,2,356,173,2164,0.4858,0.4741,0.3933,0.3933,2,0.514044943820225,183,194,236,236,0.909590643310507,0.792274112966082,1.03930860152911,-1,0,0.08,2,"0.76 to 0.99","Not Significant","0.01-0.20"
"E02000965","Westminster 006",NA,525587,182427,51.5268,-0.19101,"4294b1aa-42a1-41e7-92a7-2f8828103f85",2,51.35,47.9,0.1208,0.0673,0.1766,"LargeCentralMetro",0,0,0,0,0,"London",1,"Westminster 006",77.3,1,185,143,1259,0.773,0.479,0.5135,0.5135,1,0.227027027027027,42,101,237,237,0.584726717519618,0.473818972825855,0.713494976615,-2,-1,0,1,"0.51 to 0.75","Significant Decrease","<0.01"
"E02000969","Westminster 010",NA,525484,181831,51.5215,-0.19271,"92619676-5178-413a-a56d-71ba974bbd80",4,43.62,48.28,0.1507,0.1617,0.3158,"LargeCentralMetro",0,0,0,0,0,"London",1,"Westminster 010",48.4,1,188,91,1073,0.484,0.4828,0.4362,0.4362,1,0.515957446808511,97,103,238,238,0.872799058125738,0.727444009652906,1.03865496931457,-1,0,0.061,2,"0.76 to 0.99","Not Significant","0.01-0.20"
"E02000970","Westminster 011",NA,528411,181557,51.5183,-0.15064,"99ca1d2f-0d42-4acf-b996-2d204bde84c4",1,25.61,94.96,0.1611,0.025,0.1496,"LargeCentralMetro",0,0,0,0,0,"London",1,"Westminster 011",67.1,1,164,110,1170,0.671,0.9496,0.2561,0.2561,1,0.329268292682927,54,89,239,239,0.647625237555173,0.523488552328454,0.792252123531906,-2,-1,0,1,"0.51 to 0.75","Significant Decrease","<0.01"
"E02000979","Westminster 020",NA,529780,179631,51.5007,-0.13163,"a8d0b1d8-1451-45b6-94bc-0d624938a367",5,25.79,66.1,0.1609,0.061,0.1495,"LargeCentralMetro",0,0,0,0,0,"London",1,"Westminster 020",69.04,2,252,174,1932,0.6904,0.661,0.2579,0.2579,1,0.30952380952381,78,137,240,240,0.619395513016362,0.514857034747386,0.738805502881644,-2,-1,0,1,"0.51 to 0.75","Significant Decrease","<0.01"
"E02000983","Westminster 024",NA,529699,178209,51.488,-0.13332,"0bafebc8-df90-47f9-9f40-fb2d041bccf1",3,54.5,46.12,0.1697,0.0802,0.1846,"LargeCentralMetro",0,0,0,0,0,"London",1,"Westminster 024",57.7,1,189,109,1095,0.577,0.4612,0.545,0.545,1,0.423280423280423,80,103,241,241,0.835844212842542,0.695474005364719,0.996081594809399,-1,-1,0.022,2,"0.76 to 0.99","Significant Decrease","0.01-0.20"
"E02000985","Bolton 002",NA,373170,413001,53.6129,-2.40702,"1b17cf24-9845-4f82-be3c-932d4687e914",5,19.76,51.12,0.0174,0.0028,0.0193,"LargeCentralMetro",0,0,0,0,0,"North West",7,"Bolton 002",31.2,1,253,79,1606,0.312,0.5112,0.1976,0.1976,7,0.687747035573123,174,138,242,242,1.20382589577772,1.04522914832595,1.37959486580918,1,1,0.995,6,"1.01 to 1.25","Significant Increase","0.80-1.00"
"E02000986","Bolton 003",NA,371724,412733,53.6104,-2.42885,"c178c690-5186-40fb-a341-577e14cabd93",4,29.96,56.16,0.1631,0.0069,0.0241,"LargeCentralMetro",0,0,0,0,0,"North West",8,"Bolton 003",61.9,1,247,153,1218,0.619,0.5616,0.2996,0.2996,8,0.380566801619433,94,135,243,243,0.778700061377421,0.656773264271107,0.916521890961576,-1,-1,0.001,1,"0.76 to 0.99","Significant Decrease","<0.01"
"E02000988","Bolton 005",NA,371364,411523,53.5995,-2.43418,"6f388957-eeaf-42f9-bb5b-a2e032522df2",6,28.52,51.27,0.3315,0.0295,0.0376,"LargeCentralMetro",0,0,0,0,0,"North West",5,"Bolton 005",41.1,1,263,108,1576,0.411,0.5127,0.2852,0.2852,5,0.5893536121673,155,143,244,244,1.0711828959124,0.925514912125565,1.23316765170592,1,0,0.816,6,"1.01 to 1.25","Not Significant","0.80-1.00"
"E02000990","Bolton 007",NA,365588,412513,53.6081,-2.52156,"c315cf73-4c03-4bda-8e3f-dfbd7a6d1d70",6,19.32,48.33,0.0408,0.0112,0.0269,"LargeCentralMetro",0,0,0,0,0,"North West",7,"Bolton 007",49.8,1,207,103,1051,0.498,0.4833,0.1932,0.1932,7,0.502415458937198,104,113,245,245,0.927378342413645,0.782159737785252,1.09163696249271,-1,0,0.176,2,"0.76 to 0.99","Not Significant","0.01-0.20"
"E02000991","Bolton 008",NA,368740,412342,53.6067,-2.47391,"c84708ad-570b-46b5-ab1f-7b3c5d0a3897",5,38.89,51.29,0.1768,0.0134,0.0319,"LargeCentralMetro",0,0,0,0,0,"North West",4,"Bolton 008",20.1,1,234,47,1201,0.201,0.5129,0.3889,0.3889,4,0.799145299145299,187,128,246,246,1.40432081243625,1.22500035347684,1.60239318127955,2,1,1,6,"1.26 to 1.50","Significant Increase","0.80-1.00"
"E02001003","Bolton 020",NA,368340,408596,53.573,-2.47957,"cf168f5a-6fa2-4e0c-b239-06b4b3082419",4,39.34,45.86,0.3492,0.0106,0.0391,"LargeCentralMetro",0,0,0,0,0,"North West",6,"Bolton 020",33.2,1,211,70,1123,0.332,0.4586,0.3934,0.3934,6,0.66824644549763,141,115,247,247,1.2105169547657,1.03971135553953,1.40126049510931,1,1,0.993,6,"1.01 to 1.25","Significant Increase","0.80-1.00"
"E02001004","Bolton 021",NA,370538,408264,53.5702,-2.44635,"87b9f769-02a4-4053-8bdc-c61682a3ebf5",3,52.75,41.89,0.557,0.1688,0.0789,"LargeCentralMetro",0,0,0,0,0,"North West",1,"Bolton 021",30.8,1,91,28,604,0.308,0.4189,0.5275,0.5275,1,0.692307692307692,63,50,248,248,1.23635386548253,1.00582842164194,1.50384839296004,1,1,0.978,6,"1.01 to 1.25","Significant Increase","0.80-1.00"
"E02001006","Bolton 023",NA,370383,407466,53.563,-2.44861,"99fdd822-52c9-467e-9031-1043a7a5439b",3,38,67.63,0.5851,0.0632,0.0693,"LargeCentralMetro",0,0,0,0,0,"North West",1,"Bolton 023",56.57,2,350,198,1829,0.5657,0.6763,0.38,0.38,1,0.434285714285714,152,191,249,249,0.828324146108416,0.716907416844198,0.952036868500629,-1,-1,0.004,1,"0.76 to 0.99","Significant Decrease","<0.01"
"E02001007","Bolton 024",NA,375486,407166,53.5606,-2.37155,"f8e5a84a-a063-45ca-ba4c-62d53c2c4470",7,26.6,47.27,0.0284,0.0088,0.0173,"LargeCentralMetro",0,0,0,0,0,"North West",9,"Bolton 024",56.7,1,203,115,1064,0.567,0.4727,0.266,0.266,9,0.433497536945813,88,111,250,250,0.865393979563393,0.725626187947553,1.02406492029301,-1,0,0.045,2,"0.76 to 0.99","Not Significant","0.01-0.20"
"E02001011","Bolton 028",NA,366665,406204,53.5514,-2.50461,"895df993-a321-4a15-922c-7dd673e6264d",5,21.4,48.13,0.034,0.0086,0.0285,"LargeCentralMetro",0,0,0,0,0,"North West",8,"Bolton 028",40.5,1,257,104,1338,0.405,0.4813,0.214,0.214,8,0.595330739299611,153,140,251,251,1.07008816573809,0.923338840595569,1.23343642165757,1,0,0.81,6,"1.01 to 1.25","Not Significant","0.80-1.00"
"E02001017","Bolton 034",NA,375811,404887,53.5401,-2.36647,"91cc3dd1-1b45-440e-aac2-e73345bb251a",5,39.16,46.54,0.0207,0.0134,0.0255,"LargeCentralMetro",0,0,0,0,0,"North West",8,"Bolton 034",59.4,1,143,85,780,0.594,0.4654,0.3916,0.3916,8,0.405594405594406,58,78,252,252,0.884331764805867,0.724931401998881,1.06809702525656,-1,0,0.098,2,"0.76 to 0.99","Not Significant","0.01-0.20"
"E02001024","Bury 006",NA,378395,412032,53.6044,-2.32797,"9ffad348-8825-412e-b55e-9089815681d2",6,24.49,46.93,0.0205,0.0093,0.0184,"LargeCentralMetro",0,0,0,0,0,"North West",4,"Bury 006",37.2,1,196,73,1025,0.372,0.4693,0.2449,0.2449,4,0.627551020408163,123,107,253,253,1.11089570974233,0.944687190416526,1.29784145431099,1,0,0.895,6,"1.01 to 1.25","Not Significant","0.80-1.00"
"E02001029","Bury 011",NA,380253,410097,53.5871,-2.29977,"66b5e145-69fb-4b89-b58d-27ee105322bd",6,31.87,50.26,0.3797,0.0217,0.0505,"LargeCentralMetro",0,0,0,0,0,"North West",5,"Bury 011",39.6,1,182,72,951,0.396,0.5026,0.3187,0.3187,5,0.604395604395604,110,99,254,254,1.09211069052424,0.922956217931693,1.28319628085924,1,0,0.842,6,"1.01 to 1.25","Not Significant","0.80-1.00"
"E02001045","Manchester 001",NA,385188,404213,53.5344,-2.22494,"f7a445f2-679d-43e4-afb0-821e85398792",9,43.96,51.71,0.0559,0.1173,0.0595,"LargeCentralMetro",0,0,0,0,0,"North West",7,"Manchester 001",45.9,1,207,95,1050,0.459,0.5171,0.4396,0.4396,7,0.541062801932367,112,113,255,255,1.04812791112634,0.890980334618882,1.22484358697582,1,0,0.704,5,"1.01 to 1.25","Not Significant","0.60-0.79"
"E02001046","Manchester 002",NA,385907,403291,53.5261,-2.21405,"a6f950fe-b91a-477f-a955-ace217224d5a",8,46.3,50.99,0.1097,0.1563,0.0786,"LargeCentralMetro",0,0,0,0,0,"North West",6,"Manchester 002",37,1,324,120,1610,0.37,0.5099,0.463,0.463,6,0.62962962962963,204,177,256,256,1.16428882382585,1.02360568738577,1.31878453870039,1,1,0.99,6,"1.01 to 1.25","Significant Increase","0.80-1.00"
"E02001047","Manchester 003",NA,387903,403122,53.5246,-2.18394,"54064a31-01cf-4a8f-895e-1a4e2f8b8a81",8,57.81,48.25,0.0807,0.1657,0.0597,"LargeCentralMetro",0,0,0,0,0,"North West",4,"Manchester 003",35.9,1,237,85,1258,0.359,0.4825,0.5781,0.5781,4,0.641350210970464,152,129,257,257,1.2210566849498,1.05668946354579,1.40358332838357,1,1,0.997,6,"1.01 to 1.25","Significant Increase","0.80-1.00"
"E02001052","Manchester 008",NA,384698,401544,53.5104,-2.2322,"2b7c72ee-64b0-40ef-b146-e0770747a42b",4,12.71,53.34,0.6296,0.0685,0.1176,"LargeCentralMetro",0,0,0,0,0,"North West",1,"Manchester 008",59.3,1,118,70,778,0.593,0.5334,0.1271,0.1271,1,0.406779661016949,48,64,258,258,0.71888021431161,0.573010819548414,0.890592580741929,-2,-1,0.001,1,"0.51 to 0.75","Significant Decrease","<0.01"
"E02001053","Manchester 009",NA,386374,400916,53.5048,-2.2069,"ea0dd4d5-523d-4dd4-9d36-624680079d64",9,61.83,50.35,0.1178,0.2874,0.0998,"LargeCentralMetro",0,0,0,0,0,"North West",4,"Manchester 009",35.9,1,262,94,1299,0.359,0.5035,0.6183,0.6183,4,0.641221374045801,168,143,259,259,1.215628991941,1.05807983142092,1.38986788428791,1,1,0.997,6,"1.01 to 1.25","Significant Increase","0.80-1.00"
"E02001059","Manchester 015",NA,387429,398270,53.481,-2.19089,"ea557b7f-58a9-4a30-b747-ab2d52bf0df5",7,65.09,49.27,0.1452,0.2325,0.1276,"LargeCentralMetro",0,0,0,0,0,"North West",4,"Manchester 015",25,1,212,53,1031,0.25,0.4927,0.6509,0.6509,4,0.75,159,116,260,260,1.37447498477315,1.1903235563695,1.57890138833547,2,1,1,6,"1.26 to 1.50","Significant Increase","0.80-1.00"
"E02001063","Manchester 019",NA,383860,396318,53.4634,-2.24457,"0f603170-11c2-40cd-aa47-3c7c1e6e4331",1,39.84,50.17,0.1852,0.1753,0.1578,"LargeCentralMetro",0,0,0,0,0,"North West",1,"Manchester 019",53.5,1,256,137,1503,0.535,0.5017,0.3984,0.3984,1,0.46484375,119,140,261,261,0.854373093007779,0.726797443283906,0.997801756788864,-1,-1,0.023,2,"0.76 to 0.99","Significant Decrease","0.01-0.20"
"E02001064","Manchester 020",NA,387130,396335,53.4636,-2.19532,"50c4cc4f-dd52-4d7a-983a-b14142900f87",7,52.05,44.36,0.3692,0.2108,0.1118,"LargeCentralMetro",0,0,0,0,0,"North West",2,"Manchester 020",40.77,2,488,199,2374,0.4077,0.4436,0.5205,0.5205,2,0.592213114754098,289,266,262,262,1.09626177552141,0.981752965792766,1.22036084676416,1,0,0.948,6,"1.01 to 1.25","Not Significant","0.80-1.00"
"E02001067","Manchester 023",NA,388297,395436,53.4556,-2.17771,"83f1a4e3-ed35-4d87-bf49-7484b48ae5ae",5,62.12,51.95,0.2455,0.2355,0.0968,"LargeCentralMetro",0,0,0,0,0,"North West",3,"Manchester 023",30.8,1,198,61,820,0.308,0.5195,0.6212,0.6212,3,0.691919191919192,137,108,263,263,1.2882102003116,1.106274501235,1.49137611555463,2,1,0.999,6,"1.26 to 1.50","Significant Increase","0.80-1.00"
"E02001069","Manchester 025",NA,384733,395151,53.4529,-2.23136,"fa5a51ba-d2f5-4704-83de-771728e879c3",2,55.9,38.14,0.2999,0.2063,0.1772,"LargeCentralMetro",0,0,0,0,0,"North West",1,"Manchester 025",38,1,229,87,1117,0.38,0.3814,0.559,0.559,1,0.620087336244541,142,125,264,264,1.11662942561271,0.959196783522104,1.29242456520803,1,0,0.921,6,"1.01 to 1.25","Not Significant","0.80-1.00"
"E02001077","Manchester 033",NA,382324,393518,53.4381,-2.26755,"53107c67-7c2c-4c1c-b04e-842fccb8a90e",5,37.12,45.06,0.2002,0.0284,0.0748,"LargeCentralMetro",0,0,0,0,0,"North West",4,"Manchester 033",61.2,1,299,183,1529,0.612,0.4506,0.3712,0.3712,4,0.387959866220736,116,163,265,265,0.772622602082185,0.659393994639218,0.899569510444131,-1,-1,0,1,"0.76 to 0.99","Significant Decrease","<0.01"
"E02001083","Manchester 039",NA,383693,392504,53.4291,-2.24689,"81e1a797-7938-4382-bc32-1790ee2e1ed8",4,55.7,46.48,0.0967,0.0442,0.1027,"LargeCentralMetro",0,0,0,0,0,"North West",5,"Manchester 039",48.3,1,149,72,766,0.483,0.4648,0.557,0.557,5,0.516778523489933,77,81,266,266,1.03027448746858,0.85564945405553,1.22987129828016,1,0,0.608,5,"1.01 to 1.25","Not Significant","0.60-0.79"
"E02001089","Manchester 045",NA,385012,390507,53.4112,-2.22694,"5c5f07a1-f247-48b3-8770-f497ad43e7cb",4,40.51,46.68,0.2182,0.0168,0.0961,"LargeCentralMetro",0,0,0,0,0,"North West",4,"Manchester 045",49.78,2,474,236,2785,0.4978,0.4668,0.4051,0.4051,4,0.50210970464135,238,259,267,267,0.931625494305693,0.826187209879215,1.04669724642949,-1,0,0.114,2,"0.76 to 0.99","Not Significant","0.01-0.20"
"E02001094","Manchester 050",NA,382170,387671,53.3856,-2.26953,"ae0abad9-0133-40ed-9c31-6a4ef2602b1c",10,60.89,48.31,0.0777,0.09,0.0725,"LargeCentralMetro",0,0,0,0,0,"North West",5,"Manchester 050",27.6,1,225,62,1186,0.276,0.4831,0.6089,0.6089,5,0.724444444444444,163,123,268,268,1.35206815480577,1.17395145649549,1.54941445069076,2,1,1,6,"1.26 to 1.50","Significant Increase","0.80-1.00"
"E02001095","Manchester 051",NA,381245,387333,53.3825,-2.28342,"a478fa3b-ad09-437e-a725-300c55c2f1aa",10,56.89,51.89,0.0686,0.0666,0.0593,"LargeCentralMetro",0,0,0,0,0,"North West",8,"Manchester 051",25.7,1,167,43,952,0.257,0.5189,0.5689,0.5689,8,0.74251497005988,124,91,269,269,1.39249600621219,1.18888750275568,1.62079970032648,2,1,1,6,"1.26 to 1.50","Significant Increase","0.80-1.00"
"E02001098","Oldham 001",NA,392843,410049,53.587,-2.10958,"e2dfa8a8-1c96-4153-ac05-98160a7717a1",8,19.76,50.94,0.0182,0.0044,0.0155,"LargeCentralMetro",0,0,0,0,0,"North West",7,"Oldham 001",42.6,1,329,140,1859,0.426,0.5094,0.1976,0.1976,7,0.574468085106383,189,179,270,270,1.04569946198337,0.914340871522829,1.19053217529187,1,0,0.735,5,"1.01 to 1.25","Not Significant","0.60-0.79"
"E02001106","Oldham 009",NA,392829,406969,53.5593,-2.10972,"1257ee10-a4ae-4281-80fc-9e7b807bbd43",9,43.05,48.68,0.0985,0.0128,0.0234,"LargeCentralMetro",0,0,0,0,0,"North West",5,"Oldham 009",43.7,1,295,129,1284,0.437,0.4868,0.4305,0.4305,5,0.56271186440678,166,161,271,271,1.07000340196614,0.930969160983591,1.22380697994796,1,0,0.825,6,"1.01 to 1.25","Not Significant","0.80-1.00"
"E02001107","Oldham 010",NA,389809,406645,53.5563,-2.1553,"838162b1-25d5-45d7-8535-d33fb7fab4a1",6,25.65,52.07,0.3477,0.0209,0.0342,"LargeCentralMetro",0,0,0,0,0,"North West",7,"Oldham 010",32,1,269,86,1569,0.32,0.5207,0.2565,0.2565,7,0.680297397769517,183,147,272,272,1.20467293678091,1.04989142830503,1.37574749375221,1,1,0.996,6,"1.01 to 1.25","Significant Increase","0.80-1.00"
"E02001110","Oldham 013",NA,398109,405845,53.5493,-2.03001,"74657f3a-24e0-4221-951b-a7ff777ab09d",5,49.81,51.11,0.0108,0.0031,0.0181,"LargeCentralMetro",0,0,0,0,0,"North West",5,"Oldham 013",22,1,259,57,947,0.22,0.5111,0.4981,0.4981,5,0.77992277992278,202,141,273,273,1.41989504285212,1.24626058202982,1.61082043271578,2,1,1,6,"1.26 to 1.50","Significant Increase","0.80-1.00"
"E02001111","Oldham 014",NA,392741,405737,53.5482,-2.11102,"def1e639-388e-4019-b551-a3832d8116a2",10,16,51.95,0.3194,0.1637,0.0797,"LargeCentralMetro",0,0,0,0,0,"North West",2,"Oldham 014",73.6,1,250,184,1669,0.736,0.5195,0.16,0.16,2,0.264,66,136,274,274,0.574860785403757,0.474977720666977,0.68937324071622,-2,-1,0,1,"0.51 to 0.75","Significant Decrease","<0.01"
"E02001126","Oldham 029",NA,393078,402830,53.5221,-2.10587,"0c8565b1-64eb-48cd-a2fb-3207975046ff",9,43.19,46.43,0.2345,0.0544,0.0536,"LargeCentralMetro",0,0,0,0,0,"North West",4,"Oldham 029",26.8,1,213,57,1051,0.268,0.4643,0.4319,0.4319,4,0.732394366197183,156,116,275,275,1.3183087804786,1.13891624750287,1.51781789605869,2,1,1,6,"1.26 to 1.50","Significant Increase","0.80-1.00"
"E02001127","Oldham 030",NA,391651,402236,53.5168,-2.12738,"9b801bec-caa5-4719-9e8b-2c7f8010fb04",9,56.64,49.18,0.0972,0.0436,0.0401,"LargeCentralMetro",0,0,0,0,0,"North West",2,"Oldham 030",32.9,1,286,94,1411,0.329,0.4918,0.5664,0.5664,2,0.671328671328671,192,156,276,276,1.25631894113933,1.10134430987413,1.42685120798134,2,1,1,6,"1.26 to 1.50","Significant Increase","0.80-1.00"
"E02001135","Rochdale 004",NA,391328,414461,53.6266,-2.1326,"21890d8f-cd41-4479-af35-acf53f459f04",9,31.76,50.44,0.2914,0.0336,0.0602,"LargeCentralMetro",0,0,0,0,0,"North West",10,"Rochdale 004",39.1,1,233,91,1364,0.391,0.5044,0.3176,0.3176,10,0.609442060085837,142,127,277,277,1.1187560443533,0.962053552310033,1.29358941847792,1,0,0.926,6,"1.01 to 1.25","Not Significant","0.80-1.00"
"E02001145","Rochdale 014",NA,395373,412780,53.6116,-2.07141,"2d971ec7-f6b7-460a-b00c-8f9e6df3b8de",9,28.95,50.11,0.0124,0.0044,0.023,"LargeCentralMetro",0,0,0,0,0,"North West",10,"Rochdale 014",59.8,1,266,159,1339,0.598,0.5011,0.2895,0.2895,10,0.402255639097744,107,145,278,278,0.818370998698967,0.695710263194026,0.956255645387025,-1,-1,0.006,1,"0.76 to 0.99","Significant Decrease","<0.01"
"E02001149","Rochdale 018",NA,385337,410732,53.593,-2.223,"0fcdb211-f8aa-4c0b-ba55-d3f69e6a5063",10,24.83,50.59,0.0333,0.0371,0.0285,"LargeCentralMetro",0,0,0,0,0,"North West",4,"Rochdale 018",44.3,1,149,66,763,0.443,0.5059,0.2483,0.2483,4,0.557046979865772,83,81,279,279,1.02090011690924,0.847472848220085,1.21928997888869,1,0,0.569,4,"1.01 to 1.25","Not Significant","0.40-0.59"
"E02001152","Rochdale 021",NA,388305,407918,53.5677,-2.17805,"673edb4c-43ee-4cce-86c8-72a6bc37e77f",10,39.35,51.13,0.0396,0.0721,0.0386,"LargeCentralMetro",0,0,0,0,0,"North West",6,"Rochdale 021",30.47,2,371,113,1985,0.3047,0.5113,0.3935,0.3935,6,0.695417789757412,258,202,280,280,1.27125033295446,1.13109720871486,1.4238602719934,2,1,1,6,"1.26 to 1.50","Significant Increase","0.80-1.00"
"E02001154","Rochdale 023",NA,388153,405916,53.5498,-2.18027,"41e526d9-66b0-496c-90f0-42846012a1a2",9,33.2,48.01,0.0251,0.0395,0.0319,"LargeCentralMetro",0,0,0,0,0,"North West",9,"Rochdale 023",33.6,1,259,87,1333,0.336,0.4801,0.332,0.332,9,0.664092664092664,172,141,281,281,1.21390928568769,1.05585619108326,1.38882662201349,1,1,0.997,6,"1.01 to 1.25","Significant Increase","0.80-1.00"
"E02001162","Salford 006",NA,377531,402563,53.5193,-2.34034,"2d844736-5ea5-4dfa-9a3d-7bd38fc6bea0",8,34.81,49.34,0.0352,0.0389,0.0321,"LargeCentralMetro",0,0,0,0,0,"North West",10,"Salford 006",34.54,2,405,140,2059,0.3454,0.4934,0.3481,0.3481,10,0.654320987654321,265,221,282,282,1.20067275818875,1.07013259558823,1.34263712303146,1,1,0.999,6,"1.01 to 1.25","Significant Increase","0.80-1.00"
"E02001177","Salford 021",NA,379342,399047,53.4877,-2.3128,"702e5d98-3a9a-4296-90b6-bb559679a551",8,45.67,48.17,0.0702,0.0705,0.0581,"LargeCentralMetro",0,0,0,0,0,"North West",7,"Salford 021",55.1,1,127,70,737,0.551,0.4817,0.4567,0.4567,7,0.448818897637795,57,69,283,283,0.964235117435447,0.788558489256488,1.16712856426037,-1,0,0.339,3,"0.76 to 0.99","Not Significant","0.20-0.39"
"E02001181","Salford 025",NA,374409,397873,53.477,-2.38705,"b81b5b45-2eff-40a6-9d8c-8a4e13af0d24",9,32.68,50.69,0.0434,0.0589,0.043,"LargeCentralMetro",0,0,0,0,0,"North West",8,"Salford 025",48.86,2,358,175,1819,0.4886,0.5069,0.3268,0.3268,8,0.511173184357542,183,195,284,284,0.967352517011379,0.846181182042624,1.10088737686037,-1,0,0.298,3,"0.76 to 0.99","Not Significant","0.20-0.39"
"E02001198","Stockport 012",NA,392818,390370,53.4101,-2.1095,"77fd4af6-8b88-4d2c-9c2e-77ba4029a487",10,26.06,52.93,0.025,0.0094,0.0266,"LargeCentralMetro",0,0,0,0,0,"North West",3,"Stockport 012",35.2,1,165,58,803,0.352,0.5293,0.2606,0.2606,3,0.648484848484848,107,90,285,285,1.14277486164648,0.962585661030863,1.34682388896876,1,0,0.935,6,"1.01 to 1.25","Not Significant","0.80-1.00"
"E02001204","Stockport 018",NA,387418,389429,53.4016,-2.1907,"d3510809-da02-4e18-9649-ee913f0368b3",8,36.76,50.15,0.046,0.0109,0.0407,"LargeCentralMetro",0,0,0,0,0,"North West",5,"Stockport 018",47,1,185,87,1011,0.47,0.5015,0.3676,0.3676,5,0.52972972972973,98,101,286,286,1.01007175740604,0.850398720761548,1.19087326836765,1,0,0.529,4,"1.01 to 1.25","Not Significant","0.40-0.59"
"E02001213","Stockport 027",NA,390693,387819,53.3871,-2.1414,"1c98a5c7-c2ff-45ae-a4a6-89c17cba544a",9,29.28,49.96,0.0614,0.0099,0.0419,"LargeCentralMetro",0,0,0,0,0,"North West",3,"Stockport 027",50.2,1,263,132,1349,0.502,0.4996,0.2928,0.2928,3,0.498098859315589,131,143,287,287,0.935627523370489,0.801623764019572,1.08551003132097,-1,0,0.184,2,"0.76 to 0.99","Not Significant","0.01-0.20"
"E02001214","Stockport 028",NA,385522,387955,53.3882,-2.21915,"c38e7ecc-2a1b-4745-8aa7-2e4648b22a11",6,22.78,51.39,0.2395,0.014,0.0844,"LargeCentralMetro",0,0,0,0,0,"North West",3,"Stockport 028",50.6,1,259,131,1292,0.506,0.5139,0.2278,0.2278,3,0.494208494208494,128,141,288,288,0.894330952494075,0.763378487468626,1.04121738607156,-1,0,0.073,2,"0.76 to 0.99","Not Significant","0.01-0.20"
"E02001219","Stockport 033",NA,391152,386194,53.3726,-2.13445,"4a745b7c-91aa-4bb8-885b-5adbdd7be66f",6,19.62,48.22,0.0339,0.0044,0.0203,"LargeCentralMetro",0,0,0,0,0,"North West",3,"Stockport 033",47.3,1,260,123,1435,0.473,0.4822,0.1962,0.1962,3,0.526923076923077,137,142,289,289,0.953651267894946,0.817717045327948,1.10563233599903,-1,0,0.255,3,"0.76 to 0.99","Not Significant","0.20-0.39"
"E02001223","Stockport 037",NA,390071,385760,53.3686,-2.15068,"ed028edf-7c2a-417a-b3a4-bac35934fe45",6,19.92,49.06,0.0854,0.0048,0.0447,"LargeCentralMetro",0,0,0,0,0,"North West",5,"Stockport 037",57.8,1,251,145,1282,0.578,0.4906,0.1992,0.1992,5,0.422310756972112,106,137,290,290,0.802310161917644,0.678810214674098,0.94166829988647,-1,-1,0.004,1,"0.76 to 0.99","Significant Decrease","<0.01"
"E02001225","Stockport 039",NA,387321,385002,53.3618,-2.19198,"2f6ee60d-3614-440e-a84d-737e51fd0e73",5,15.15,50.85,0.0695,0.0084,0.0342,"LargeCentralMetro",0,0,0,0,0,"North West",2,"Stockport 039",46.1,1,165,76,824,0.461,0.5085,0.1515,0.1515,2,0.539393939393939,89,90,291,291,0.93867463850705,0.780396364744287,1.11958476379458,-1,0,0.231,3,"0.76 to 0.99","Not Significant","0.20-0.39"
"E02001227","Stockport 041",NA,388267,384424,53.3566,-2.17774,"327058c8-8ce6-4b78-a622-a86c6b09cad7",4,13.06,48.76,0.0546,0.0035,0.0299,"LargeCentralMetro",0,0,0,0,0,"North West",2,"Stockport 041",75,1,268,201,1690,0.75,0.4876,0.1306,0.1306,2,0.25,67,146,292,292,0.547217787590909,0.453076600561554,0.65498256606658,-2,-1,0,1,"0.51 to 0.75","Significant Decrease","<0.01"
"E02001230","Tameside 002",NA,395030,401463,53.5098,-2.07641,"b43c42d0-911d-47ee-aa86-69ab2e5cba9e",8,35.29,54.19,0.2257,0.0204,0.0221,"LargeCentralMetro",0,0,0,0,0,"North West",5,"Tameside 002",42.49,2,391,166,2126,0.4249,0.5419,0.3529,0.3529,5,0.575447570332481,225,213,293,293,1.06864904082886,0.944709945497069,1.20422074944319,1,0,0.851,6,"1.01 to 1.25","Not Significant","0.80-1.00"
"E02001237","Tameside 009",NA,399670,399712,53.4941,-2.00644,"7a5652ed-78fa-40e2-b125-b0e21032fac9",8,41.9,61.67,0.0317,0.0109,0.0215,"LargeCentralMetro",0,0,0,0,0,"North West",6,"Tameside 009",13.3,1,105,14,574,0.133,0.6167,0.419,0.419,6,0.866666666666667,91,57,294,294,1.49685967044208,1.24517656506351,1.78443439498165,2,1,1,6,"1.26 to 1.50","Significant Increase","0.80-1.00"
"E02001239","Tameside 011",NA,390107,398482,53.483,-2.15055,"b0dc627c-f39f-4dce-bec9-56041dc640a1",8,35.97,74.31,0.0508,0.0433,0.0423,"LargeCentralMetro",0,0,0,0,0,"North West",4,"Tameside 011",53.96,2,367,198,1927,0.5396,0.7431,0.3597,0.3597,4,0.460490463215259,169,200,295,295,0.883545121684651,0.769828109919329,1.00920844962894,-1,0,0.034,2,"0.76 to 0.99","Not Significant","0.01-0.20"
"E02001246","Tameside 018",NA,395202,397195,53.4715,-2.07375,"6a79a2f9-df74-4311-9ee5-decd024ed213",9,37.86,59.8,0.034,0.0204,0.025,"LargeCentralMetro",0,0,0,0,0,"North West",6,"Tameside 018",22.1,1,140,31,816,0.221,0.598,0.3786,0.3786,6,0.778571428571429,109,76,296,296,1.37694655076669,1.16118398305001,1.62108093569418,2,1,1,6,"1.26 to 1.50","Significant Increase","0.80-1.00"
"E02001249","Tameside 021",NA,392752,395770,53.4586,-2.11062,"4f1009fa-5c92-4be6-9939-7898c294ad53",8,29.33,50.38,0.0444,0.0322,0.0338,"LargeCentralMetro",0,0,0,0,0,"North West",5,"Tameside 021",42,1,150,63,792,0.42,0.5038,0.2933,0.2933,5,0.58,87,82,297,297,1.05879010590824,0.881913363626015,1.26064111207532,1,0,0.719,5,"1.01 to 1.25","Not Significant","0.60-0.79"
"E02001258","Tameside 030",NA,396211,393304,53.4365,-2.0585,"9ad7f89b-b9c4-426f-bebf-a7c0a3293129",8,32.95,53.57,0.0312,0.0069,0.0219,"LargeCentralMetro",0,0,0,0,0,"North West",8,"Tameside 030",39.2,1,176,69,924,0.392,0.5357,0.3295,0.3295,8,0.607954545454545,107,96,298,298,1.12714007620958,0.952655543538345,1.32420399747239,1,0,0.916,6,"1.01 to 1.25","Not Significant","0.80-1.00"
"E02001261","Trafford 003",NA,380239,395667,53.4574,-2.29907,"ca8fc7b7-3a7a-4ee6-972b-cb3bb75850fa",7,42.16,45.25,0.1798,0.0963,0.1015,"LargeCentralMetro",0,0,0,0,0,"North West",2,"Trafford 003",36.8,1,185,68,979,0.368,0.4525,0.4216,0.4216,2,0.632432432432432,117,101,299,299,1.13288377904187,0.960962584937465,1.3265903640003,1,0,0.93,6,"1.01 to 1.25","Not Significant","0.80-1.00"
"E02001264","Trafford 006",NA,379543,396337,53.4634,-2.30959,"93a98dce-d2e6-4434-a535-af9937f3e3cf",7,26.55,46.55,0.1898,0.0563,0.0759,"LargeCentralMetro",0,0,0,0,0,"North West",7,"Trafford 006",39.8,1,113,45,522,0.398,0.4655,0.2655,0.2655,7,0.601769911504425,68,62,300,300,1.05084797711816,0.858382530966596,1.27357123075854,1,0,0.67,5,"1.01 to 1.25","Not Significant","0.60-0.79"
"E02001274","Trafford 016",NA,377064,391462,53.4195,-2.34658,"fc60281f-14f9-4ae0-bfee-aa89e8a2cb70",7,19.29,44.62,0.1443,0.0212,0.0575,"LargeCentralMetro",0,0,0,0,0,"North West",3,"Trafford 016",58.3,1,254,148,1600,0.583,0.4462,0.1929,0.1929,3,0.417322834645669,106,139,301,301,0.784920734486225,0.663747991165848,0.921709570468903,-1,-1,0.002,1,"0.76 to 0.99","Significant Decrease","<0.01"
"E02001275","Trafford 017",NA,373983,392124,53.4253,-2.39299,"46cc000f-15e5-48c4-a518-d51083c8f80e",10,43.36,50,0.0236,0.0265,0.0429,"LargeCentralMetro",0,0,0,0,0,"North West",8,"Trafford 017",28.3,1,113,32,546,0.283,0.5,0.4336,0.4336,8,0.716814159292035,81,62,302,302,1.30657084755929,1.08310306730839,1.56245240411098,2,1,0.998,6,"1.26 to 1.50","Significant Increase","0.80-1.00"
"E02001281","Trafford 023",NA,378592,388390,53.3919,-2.32337,"76adbc8f-dd8d-4dbf-b621-6064d96092f1",3,11.2,49.64,0.0797,0.0091,0.0389,"LargeCentralMetro",0,0,0,0,0,"North West",1,"Trafford 023",63.3,1,259,164,1507,0.633,0.4964,0.112,0.112,1,0.366795366795367,95,141,303,303,0.693229142360404,0.581950813101804,0.819497645471106,-2,-1,0,1,"0.51 to 0.75","Significant Decrease","<0.01"
"E02001282","Trafford 024",NA,377224,388572,53.3935,-2.34396,"b15c8ade-57c5-481c-914e-cc9951ce5fd6",3,16.09,48.88,0.1257,0.0121,0.0567,"LargeCentralMetro",0,0,0,0,0,"North West",2,"Trafford 024",42.1,1,261,110,1614,0.421,0.4888,0.1609,0.1609,2,0.578544061302682,151,142,304,304,1.00395547353426,0.863591397486563,1.16056275399979,0,0,0.505,4,"1.00-1.009 (null value)","Not Significant","0.40-0.59"
"E02001283","Trafford 025",NA,373626,388509,53.3928,-2.39806,"f2c65bb6-6a80-4968-9f53-13c1c0b69514",3,20.95,48.52,0.1342,0.0105,0.0613,"LargeCentralMetro",0,0,0,0,0,"North West",2,"Trafford 025",60.1,1,148,89,777,0.601,0.4852,0.2095,0.2095,2,0.398648648648649,59,81,305,305,0.762045665495126,0.62018383552048,0.926552894086762,-1,-1,0.003,1,"0.76 to 0.99","Significant Decrease","<0.01"
"E02001284","Trafford 026",NA,377926,387038,53.3797,-2.33329,"2d4175a7-fcf9-4f45-bf61-9603da8bfe64",2,24.71,50.51,0.0739,0.0078,0.0463,"LargeCentralMetro",0,0,0,0,0,"North West",3,"Trafford 026",48.3,1,174,84,982,0.483,0.5051,0.2471,0.2471,3,0.517241379310345,90,95,306,306,0.931471576739948,0.776806553066773,1.10783613812079,-1,0,0.203,3,"0.76 to 0.99","Not Significant","0.20-0.39"
"E02001289","Wigan 003",NA,354374,408931,53.575,-2.69051,"6657080b-8b8e-4ac5-87a9-aaf63ee445d1",6,17.05,51.94,0.0097,0.0026,0.0125,"LargeCentralMetro",0,0,0,0,0,"North West",6,"Wigan 003",51.7,1,176,91,878,0.517,0.5194,0.1705,0.1705,6,0.482954545454545,85,96,307,307,0.898380037387685,0.747972407554874,1.0700610753788,-1,0,0.111,2,"0.76 to 0.99","Not Significant","0.01-0.20"
"E02001291","Wigan 005",NA,356640,407257,53.5601,-2.65606,"0b993991-55b7-4474-ab6a-7a6ff968b9b8",7,29.69,49.9,0.0183,0.013,0.0228,"LargeCentralMetro",0,0,0,0,0,"North West",5,"Wigan 005",34.9,1,192,67,994,0.349,0.499,0.2969,0.2969,5,0.651041666666667,125,105,308,308,1.16230562527945,0.990100458549934,1.35575236409094,1,0,0.967,6,"1.01 to 1.25","Not Significant","0.80-1.00"
"E02001294","Wigan 008",NA,357641,406124,53.55,-2.64079,"f547b926-d456-47f4-9140-f673b3a16cc2",8,24.9,48.18,0.0314,0.014,0.0303,"LargeCentralMetro",0,0,0,0,0,"North West",5,"Wigan 008",40.2,1,249,100,1372,0.402,0.4818,0.249,0.249,5,0.598393574297189,149,136,309,309,1.07736357231055,0.928322437318452,1.24342463017324,1,0,0.832,6,"1.01 to 1.25","Not Significant","0.80-1.00"
"E02001304","Wigan 018",NA,354112,401640,53.5094,-2.6934,"be30f335-4aae-476c-ac94-f7c9cf3aa111",6,11.59,51.98,0.0079,0.0031,0.0114,"LargeCentralMetro",0,0,0,0,0,"North West",9,"Wigan 018",51.7,1,207,107,1033,0.517,0.5198,0.1159,0.1159,9,0.483091787439614,100,113,310,310,0.89130647819563,0.749780364988415,1.05168380811284,-1,0,0.084,2,"0.76 to 0.99","Not Significant","0.01-0.20"
"E02001306","Wigan 020",NA,357715,402983,53.5218,-2.63925,"f560bb9d-8dd6-45b3-9197-b85808eb2936",7,25.45,49.4,0.0089,0.0057,0.0137,"LargeCentralMetro",0,0,0,0,0,"North West",9,"Wigan 020",36.8,1,220,81,1164,0.368,0.494,0.2545,0.2545,9,0.631818181818182,139,120,311,311,1.14363248374269,0.981439291643918,1.32486620156099,1,0,0.957,6,"1.01 to 1.25","Not Significant","0.80-1.00"
"E02001308","Wigan 022",NA,368278,402734,53.5203,-2.47991,"259d9928-4fb1-4328-b91b-ab9afef36cc2",8,19.83,48.99,0.0126,0.0127,0.0159,"LargeCentralMetro",0,0,0,0,0,"North West",4,"Wigan 022",44.6,1,242,108,1288,0.446,0.4899,0.1983,0.1983,4,0.553719008264463,134,132,312,312,1.00180235246668,0.857709075415959,1.16307995322595,0,0,0.493,4,"1.00-1.009 (null value)","Not Significant","0.40-0.59"
"E02001309","Wigan 023",NA,366543,402329,53.5166,-2.50604,"1ca5a355-7678-4162-a726-60172782d52f",8,39.33,45.52,0.0193,0.0125,0.0204,"LargeCentralMetro",0,0,0,0,0,"North West",4,"Wigan 023",25.8,1,89,23,547,0.258,0.4552,0.3933,0.3933,4,0.741573033707865,66,49,313,313,1.29412397653184,1.05511888916033,1.57106735555643,2,1,0.994,6,"1.26 to 1.50","Significant Increase","0.80-1.00"
"E02001315","Wigan 029",NA,369878,398491,53.4823,-2.45537,"435050d3-efe5-4804-a200-61d62d863cc1",6,17.79,53.11,0.0284,0.0151,0.0258,"LargeCentralMetro",0,0,0,0,0,"North West",6,"Wigan 029",37.9,1,253,96,1561,0.379,0.5311,0.1779,0.1779,6,0.620553359683794,157,138,314,314,1.09471719999813,0.945055984947796,1.26125966877306,1,0,0.883,6,"1.01 to 1.25","Not Significant","0.80-1.00"
"E02001320","Wigan 034",NA,367067,399170,53.4882,-2.4978,"058fa1e9-033e-464d-8631-55c5ba83414a",7,36.23,51.59,0.0191,0.0119,0.021,"LargeCentralMetro",0,0,0,0,0,"North West",6,"Wigan 034",47.8,1,207,99,1101,0.478,0.5159,0.3623,0.3623,6,0.521739130434783,108,113,315,315,1.00335419720597,0.85058604834504,1.17548675096412,0,0,0.499,4,"1.00-1.009 (null value)","Not Significant","0.40-0.59"
"E02001322","Wigan 036",NA,357509,399009,53.4861,-2.64182,"f126467f-1ac4-4258-9707-faab20afcee6",8,25.78,48.57,0.0093,0.0011,0.0079,"LargeCentralMetro",0,0,0,0,0,"North West",9,"Wigan 036",44.03,3,640,282,3313,0.4403,0.4857,0.2578,0.2578,9,0.559375,358,349,316,316,1.03290772128165,0.934555172879609,1.13871432906482,1,0,0.731,5,"1.01 to 1.25","Not Significant","0.60-0.79"
"E02001325","Wigan 039",NA,361086,396441,53.4633,-2.5876,"c736927b-fdac-4c67-a51d-e0621b9c54e3",6,19.46,47.52,0.0151,0.0075,0.0134,"LargeCentralMetro",0,0,0,0,0,"North West",8,"Wigan 039",45.7,1,221,101,1147,0.457,0.4752,0.1946,0.1946,8,0.542986425339366,120,121,317,317,0.990728168037872,0.842959939112875,1.15684202311987,-1,0,0.437,4,"0.76 to 0.99","Not Significant","0.40-0.59"
"E02001326","Wigan 040",NA,363172,397877,53.4763,-2.55635,"c3598a34-9390-4fc6-a6d5-0d9ed6e8ca2f",6,24.18,50.92,0.0129,0.0067,0.0164,"LargeCentralMetro",0,0,0,0,0,"North West",9,"Wigan 040",38.6,1,153,59,819,0.386,0.5092,0.2418,0.2418,9,0.61437908496732,94,83,318,318,1.11102469931065,0.92915577135552,1.31800258445704,1,0,0.872,6,"1.01 to 1.25","Not Significant","0.80-1.00"
"E02001327","Knowsley 001",NA,341829,399871,53.4923,-2.87825,"96b14b07-5470-43a8-8941-2795c4377d36",10,54.12,48.38,0.0065,0.01,0.026,"LargeCentralMetro",0,0,0,0,0,"North West",6,"Knowsley 001",33.5,1,194,65,1110,0.335,0.4838,0.5412,0.5412,6,0.664948453608247,129,106,319,319,1.26901584403427,1.08756225540087,1.47190882557435,2,1,0.999,6,"1.26 to 1.50","Significant Increase","0.80-1.00"
"E02001329","Knowsley 003",NA,341114,398056,53.4759,-2.88869,"df2acb46-6153-4633-88ec-314a7798f272",10,63.24,47.22,0.0123,0.0068,0.0215,"LargeCentralMetro",0,0,0,0,0,"North West",7,"Knowsley 003",20,1,185,37,1027,0.2,0.4722,0.6324,0.6324,7,0.8,148,101,320,320,1.50701471103383,1.30143239687025,1.73566166156427,3,1,1,6,"1.51 to 1.75","Significant Increase","0.80-1.00"
"E02001333","Knowsley 007",NA,346405,392311,53.4249,-2.808,"35f323fb-f90b-4198-81a4-c21f18f8276c",10,55.48,47.98,0.0287,0.0109,0.0207,"LargeCentralMetro",0,0,0,0,0,"North West",7,"Knowsley 007",22.6,1,146,33,915,0.226,0.4798,0.5548,0.5548,7,0.773972602739726,113,80,321,321,1.44351696841887,1.22512707231819,1.68943224861182,2,1,1,6,"1.26 to 1.50","Significant Increase","0.80-1.00"
"E02001341","Knowsley 015",NA,345101,390407,53.4076,-2.82729,"23930e4b-5fd5-4bc6-a075-5ab11ef40f01",10,45.1,52.23,0.0083,0.0075,0.0173,"LargeCentralMetro",0,0,0,0,0,"North West",4,"Knowsley 015",27.5,1,204,56,1078,0.275,0.5223,0.451,0.451,4,0.725490196078431,148,111,322,322,1.33031660796707,1.14679716154972,1.53471541004368,2,1,1,6,"1.26 to 1.50","Significant Increase","0.80-1.00"
"E02001345","Knowsley 019",NA,344538,385670,53.365,-2.83492,"2f6accc6-fea4-4bb6-99f7-3c12493597ac",8,42.6,41.84,0.0122,0.0039,0.0198,"LargeCentralMetro",0,0,0,0,0,"North West",6,"Knowsley 019",37.7,1,223,84,1140,0.377,0.4184,0.426,0.426,6,0.623318385650224,139,122,323,323,1.16636399438435,1.00316471196116,1.34840175462217,1,1,0.977,6,"1.01 to 1.25","Significant Increase","0.80-1.00"
"E02001351","Liverpool 005",NA,338167,396274,53.4596,-2.93273,"5e7e4f02-4784-4d65-abe8-ebd20800e446",10,39.55,42.97,0.0317,0.0302,0.027,"LargeCentralMetro",0,0,0,0,0,"North West",9,"Liverpool 005",35,1,177,62,1159,0.35,0.4297,0.3955,0.3955,9,0.649717514124294,115,97,324,324,1.2113213833278,1.02923790187593,1.41618663162037,1,1,0.99,6,"1.01 to 1.25","Significant Increase","0.80-1.00"
"E02001367","Liverpool 021",NA,340150,392625,53.427,-2.90218,"87ef5c8a-58bc-45fe-bb70-32938303b1b3",8,38.23,71.67,0.0307,0.0051,0.0211,"LargeCentralMetro",0,0,0,0,0,"North West",3,"Liverpool 021",54.44,2,327,178,2160,0.5444,0.7167,0.3823,0.3823,3,0.45565749235474,149,178,325,325,0.88815628369726,0.768697558198659,1.02078204729943,-1,0,0.047,2,"0.76 to 0.99","Not Significant","0.01-0.20"
"E02001369","Liverpool 023",NA,335376,392090,53.4216,-2.9739,"911703d6-dae0-46bd-9905-32dcb0affb8c",10,61.54,41.99,0.0694,0.0504,0.0729,"LargeCentralMetro",0,0,0,0,0,"North West",2,"Liverpool 023",38,1,221,84,1286,0.38,0.4199,0.6154,0.6154,2,0.619909502262443,137,121,326,326,1.18546740283897,1.01999617870082,1.36996388747986,1,1,0.987,6,"1.01 to 1.25","Significant Increase","0.80-1.00"
"E02001372","Liverpool 026",NA,340999,391566,53.4176,-2.8892,"07051de7-622a-42db-8d08-d67cdcb289db",10,37.44,48.46,0.0345,0.0168,0.0285,"LargeCentralMetro",0,0,0,0,0,"North West",6,"Liverpool 026",26.49,2,438,116,2540,0.2649,0.4846,0.3744,0.3744,6,0.735159817351598,322,239,327,327,1.33362462996129,1.19961603735795,1.47840627622918,2,1,1,6,"1.26 to 1.50","Significant Increase","0.80-1.00"
"E02001374","Liverpool 028",NA,337993,391012,53.4123,-2.93432,"bc23649d-96c8-490e-af93-8e10ef08af05",10,58.54,41.37,0.0793,0.0951,0.1208,"LargeCentralMetro",0,0,0,0,0,"North West",2,"Liverpool 028",23.2,1,164,38,892,0.232,0.4137,0.5854,0.5854,2,0.768292682926829,126,89,328,328,1.38466946195138,1.18002028189515,1.61449088392612,2,1,1,6,"1.26 to 1.50","Significant Increase","0.80-1.00"
"E02001383","Liverpool 037",NA,335499,389245,53.3961,-2.97147,"fc21c50c-98b1-4f18-951e-af289bdf20cb",8,47.45,49.71,0.1294,0.0892,0.1493,"LargeCentralMetro",0,0,0,0,0,"North West",1,"Liverpool 037",43.85,2,196,86,859,0.4385,0.4971,0.4745,0.4745,1,0.561224489795918,110,107,329,329,1.02693090081994,0.86866141212837,1.20558938207269,1,0,0.608,5,"1.01 to 1.25","Not Significant","0.60-0.79"
"E02001387","Liverpool 041",NA,340041,388568,53.3905,-2.90304,"1f03c04d-128d-4395-a209-475d605f93c1",5,35.49,40.34,0.0446,0.0114,0.0561,"LargeCentralMetro",0,0,0,0,0,"North West",4,"Liverpool 041",43,2,293,126,1790,0.43,0.4034,0.3549,0.3549,4,0.569965870307167,167,160,330,330,1.04397970062762,0.906744874740185,1.19600940621537,1,0,0.716,5,"1.01 to 1.25","Not Significant","0.60-0.79"
"E02001393","Liverpool 047",NA,340639,387654,53.3824,-2.89388,"794796b8-83f5-47f8-9a3b-4974078aeee9",4,26.24,42.79,0.0621,0.0079,0.039,"LargeCentralMetro",0,0,0,0,0,"North West",3,"Liverpool 047",43.3,1,263,114,1575,0.433,0.4279,0.2624,0.2624,3,0.566539923954373,149,143,331,331,1.0208954064222,0.879525692556351,1.17842829079973,1,0,0.594,4,"1.01 to 1.25","Not Significant","0.40-0.59"
"E02001394","Liverpool 048",NA,338032,388017,53.3854,-2.93314,"7c51d6fb-7858-4a28-ad86-2c59d556e25b",7,26.2,66.55,0.0411,0.0212,0.0843,"LargeCentralMetro",0,0,0,0,0,"North West",2,"Liverpool 048",54.65,2,313,171,2063,0.5465,0.6655,0.262,0.262,2,0.453674121405751,142,171,332,332,0.83926504666229,0.722151975994431,0.969864159033764,-1,-1,0.009,1,"0.76 to 0.99","Significant Decrease","<0.01"
"E02001396","Liverpool 050",NA,336012,387405,53.3796,-2.96338,"1183b9f4-2988-4f04-8f44-d56b1183d959",8,68,40.42,0.032,0.0278,0.072,"LargeCentralMetro",0,0,0,0,0,"North West",5,"Liverpool 050",21.6,1,125,27,898,0.216,0.4042,0.68,0.68,5,0.784,98,68,333,333,1.47642933160629,1.24145916445529,1.74275808191203,2,1,1,6,"1.26 to 1.50","Significant Increase","0.80-1.00"
"E02001404","Liverpool 058",NA,341872,383272,53.3432,-2.87454,"e3a81ec8-25b0-426c-896b-099aebc990fb",10,58.91,50,0.0258,0.0171,0.0343,"LargeCentralMetro",0,0,0,0,0,"North West",6,"Liverpool 058",20.2,1,129,26,924,0.202,0.5,0.5891,0.5891,6,0.798449612403101,103,70,334,334,1.49283144110747,1.25872094077285,1.75768336857751,2,1,1,6,"1.26 to 1.50","Significant Increase","0.80-1.00"
"E02001412","St. Helens 007",NA,349493,397058,53.4678,-2.7623,"45c659d5-2bd8-4842-9b5d-396284006407",9,42.5,48.13,0.0099,0.0047,0.013,"LargeCentralMetro",0,0,0,0,0,"North West",10,"St. Helens 007",30.4,1,240,73,1498,0.304,0.4813,0.425,0.425,10,0.695833333333333,167,131,335,335,1.29277949592028,1.12371881249105,1.47995000841965,2,1,1,6,"1.26 to 1.50","Significant Increase","0.80-1.00"
"E02001420","St. Helens 015",NA,359625,395081,53.451,-2.60943,"91904984-6bbf-43bf-bfc7-f1dca916275a",8,26.64,50,0.0124,0.0035,0.021,"LargeCentralMetro",0,0,0,0,0,"North West",4,"St. Helens 015",32.5,1,274,89,1288,0.325,0.5,0.2664,0.2664,4,0.675182481751825,185,149,336,336,1.20442708351093,1.05053826934779,1.37441382786051,1,1,0.996,6,"1.01 to 1.25","Significant Increase","0.80-1.00"
"E02001422","St. Helens 017",NA,353878,394411,53.4445,-2.69586,"a56f26fe-fc76-45e2-9519-ef3562d3b469",10,44.79,49.66,0.0133,0.0066,0.0218,"LargeCentralMetro",0,0,0,0,0,"North West",5,"St. Helens 017",24.5,1,163,40,876,0.245,0.4966,0.4479,0.4479,5,0.754601226993865,123,89,337,337,1.36837095218159,1.16540385596328,1.59639248315847,2,1,1,6,"1.26 to 1.50","Significant Increase","0.80-1.00"
"E02001438","Sefton 010",NA,332846,414113,53.6193,-3.01669,"9e146548-a868-4a8c-875a-6d2826494952",6,26.55,48.56,0.0079,0.0039,0.0253,"LargeCentralMetro",0,0,0,0,0,"North West",6,"Sefton 010",37.2,1,113,42,834,0.372,0.4856,0.2655,0.2655,6,0.628318584070796,71,62,338,338,1.10396831659095,0.904853293522362,1.33382944316278,1,0,0.828,6,"1.01 to 1.25","Not Significant","0.80-1.00"
"E02001442","Sefton 014",NA,330171,407591,53.5603,-3.05566,"3ea5449a-9abe-4afa-b563-977c99fcf650",5,16.04,46.78,0.0124,0.0023,0.0172,"LargeCentralMetro",0,0,0,0,0,"North West",5,"Sefton 014",66.3,1,187,124,1103,0.663,0.4678,0.1604,0.1604,5,0.336898395721925,63,102,339,339,0.699081752053574,0.574469247320741,0.842538825024262,-2,-1,0,1,"0.51 to 0.75","Significant Decrease","<0.01"
"E02001443","Sefton 015",NA,328190,406080,53.5464,-3.08522,"0e18a541-28cb-426e-b311-bf828b9f72b2",4,15.52,51.71,0.0087,0.0018,0.0147,"LargeCentralMetro",0,0,0,0,0,"North West",6,"Sefton 015",39.1,1,174,68,1021,0.391,0.5171,0.1552,0.1552,6,0.609195402298851,106,95,340,340,1.05606159902325,0.888144599341888,1.24643778839513,1,0,0.721,5,"1.01 to 1.25","Not Significant","0.60-0.79"
"E02001447","Sefton 019",NA,338742,401749,53.5089,-2.92514,"d5622a5f-e53a-4122-8915-0d8ce9c3d56e",8,19.95,47.82,0.0071,0.0023,0.0135,"LargeCentralMetro",0,0,0,0,0,"North West",8,"Sefton 019",39.42,2,416,164,2476,0.3942,0.4782,0.1995,0.1995,8,0.605769230769231,252,227,341,341,1.09776166518742,0.975198287804974,1.2313725317098,1,0,0.938,6,"1.01 to 1.25","Not Significant","0.80-1.00"
"E02001448","Sefton 020",NA,336860,401633,53.5076,-2.95349,"b3c1ad6f-861a-4204-84e0-b3628863432f",7,31.03,52.08,0.0052,0.0019,0.0111,"LargeCentralMetro",0,0,0,0,0,"North West",8,"Sefton 020",30,1,203,61,1104,0.3,0.5208,0.3103,0.3103,8,0.699507389162562,142,111,342,342,1.25311028447464,1.07630838407983,1.45055531050853,2,1,0.998,6,"1.26 to 1.50","Significant Increase","0.80-1.00"
"E02001449","Sefton 021",NA,334732,401987,53.5105,-2.98565,"e6a82b31-9c7f-4b0d-b94c-d5811890f20f",8,29.14,47.77,0.0087,0.0019,0.0162,"LargeCentralMetro",0,0,0,0,0,"North West",6,"Sefton 021",49.17,2,429,211,2665,0.4917,0.4777,0.2914,0.2914,6,0.508158508158508,218,234,343,343,0.951949249796327,0.840560319393599,1.07388842059414,-1,0,0.206,3,"0.76 to 0.99","Not Significant","0.20-0.39"
"E02001459","Sefton 031",NA,334100,398194,53.4763,-2.99438,"0dfabd9c-1596-4064-8f66-a75f6c7c316b",9,39.55,49.25,0.0101,0.0067,0.0106,"LargeCentralMetro",0,0,0,0,0,"North West",5,"Sefton 031",37.3,1,134,50,733,0.373,0.4925,0.3955,0.3955,5,0.626865671641791,84,73,344,344,1.17859533593436,0.981039479798009,1.40412209421145,1,0,0.96,6,"1.01 to 1.25","Not Significant","0.80-1.00"
"E02001463","Sefton 035",NA,335441,396666,53.4628,-2.97386,"20ac5af2-3486-47c0-8df5-d3727d60089a",10,58.49,47.16,0.0255,0.0043,0.0193,"LargeCentralMetro",0,0,0,0,0,"North West",3,"Sefton 035",17,1,106,18,668,0.17,0.4716,0.5849,0.5849,3,0.830188679245283,88,58,345,345,1.5197035967875,1.2668746147025,1.80806194388306,3,1,1,6,"1.51 to 1.75","Significant Increase","0.80-1.00"
"E02001466","Sefton 038",NA,334983,395546,53.4527,-2.98053,"3122c179-725e-42c6-be82-71fa0d30195b",10,50.77,52.9,0.0196,0.0168,0.0417,"LargeCentralMetro",0,0,0,0,0,"North West",4,"Sefton 038",34.6,1,130,45,741,0.346,0.529,0.5077,0.5077,4,0.653846153846154,85,71,346,346,1.23966095405047,1.03337627497535,1.47489627875071,1,1,0.99,6,"1.01 to 1.25","Significant Increase","0.80-1.00"
"E02001469","Wirral 003",NA,329198,392707,53.4264,-3.06699,"da0c82f3-3438-47f1-8c6b-4ab4865233c4",8,45.26,22.81,0.0172,0.0028,0.0191,"LargeCentralMetro",0,0,0,0,0,"North West",4,"Wirral 003",18.45,2,380,70,2021,0.1845,0.2281,0.4526,0.4526,4,0.81578947368421,310,207,347,347,1.47612475115899,1.32495787448868,1.63969783047664,2,1,1,6,"1.26 to 1.50","Significant Increase","0.80-1.00"
"E02001470","Wirral 004",NA,330052,392652,53.426,-3.05412,"d875f245-586c-4f75-8cd0-bb1d0b806cf6",8,62.18,37.82,0.0078,0.003,0.0165,"LargeCentralMetro",0,0,0,0,0,"North West",3,"Wirral 004",12.2,1,156,19,825,0.122,0.3782,0.6218,0.6218,3,0.878205128205128,137,85,348,348,1.60451058924868,1.3761809340256,1.85973836784616,3,1,1,6,"1.51 to 1.75","Significant Increase","0.80-1.00"
"E02001486","Wirral 020",NA,330091,388223,53.3862,-3.05255,"c226ec66-bc4e-4080-b765-b730f9302935",10,68.12,37.68,0.0296,0.0057,0.0332,"LargeCentralMetro",0,0,0,0,0,"North West",2,"Wirral 020",30.4,1,138,42,767,0.304,0.3768,0.6812,0.6812,2,0.695652173913043,96,75,349,349,1.36687863733522,1.15077996210909,1.61154110611147,2,1,1,6,"1.26 to 1.50","Significant Increase","0.80-1.00"
"E02001490","Wirral 024",NA,329375,386331,53.3691,-3.06289,"d54bea26-15f6-4a01-ae75-112d6b4fe4a6",9,53.14,44.96,0.0342,0.0027,0.0143,"LargeCentralMetro",0,0,0,0,0,"North West",10,"Wirral 024",25.1,1,175,44,903,0.251,0.4496,0.5314,0.5314,10,0.748571428571429,131,95,350,350,1.41695251286286,1.21440364861455,1.64344540101833,2,1,1,6,"1.26 to 1.50","Significant Increase","0.80-1.00"
"E02001491","Wirral 025",NA,327972,386901,53.3741,-3.08411,"0839b448-9fc9-4ab4-80bd-4638f705d790",10,33.45,41.91,0.026,0.005,0.011,"LargeCentralMetro",0,0,0,0,0,"North West",7,"Wirral 025",27.8,1,281,78,1415,0.278,0.4191,0.3345,0.3345,7,0.722419928825623,203,153,351,351,1.30862020315603,1.14861929969942,1.48455471979669,2,1,1,6,"1.26 to 1.50","Significant Increase","0.80-1.00"
"E02001494","Wirral 028",NA,323040,385696,53.3625,-3.15793,"80613489-fca1-41dc-abfc-ce61d35308c4",4,28.12,44.55,0.0252,0.0047,0.0236,"LargeCentralMetro",0,0,0,0,0,"North West",3,"Wirral 028",24.5,1,192,47,1174,0.245,0.4455,0.2812,0.2812,3,0.755208333333333,145,105,352,352,1.29297177413801,1.10877667970924,1.49894034019632,2,1,1,6,"1.26 to 1.50","Significant Increase","0.80-1.00"
"E02001498","Wirral 032",NA,332280,385273,53.36,-3.01902,"d2842c60-b225-4e91-aa0e-a9540fb12983",8,35.21,44.82,0.0221,0.0022,0.018,"LargeCentralMetro",0,0,0,0,0,"North West",3,"Wirral 032",28.5,1,267,76,1544,0.285,0.4482,0.3521,0.3521,3,0.715355805243446,191,146,353,353,1.27887818737905,1.11804881403889,1.45623443185488,2,1,1,6,"1.26 to 1.50","Significant Increase","0.80-1.00"
"E02001503","Wirral 037",NA,326250,382848,53.3374,-3.10904,"32f07bc8-e8d2-436f-be1b-bc5e5aa331e2",7,13.45,41.52,0.0149,0.0037,0.0213,"LargeCentralMetro",0,0,0,0,0,"North West",5,"Wirral 037",42.7,1,171,73,920,0.427,0.4152,0.1345,0.1345,5,0.573099415204678,98,93,354,354,1.00364736143654,0.840001450548866,1.18981012877692,0,0,0.498,4,"1.00-1.009 (null value)","Not Significant","0.40-0.59"
"E02001510","Barnsley 002",NA,436816,410608,53.5908,-1.44528,"7f3b428a-059e-41db-b0b2-2f01f20a58a6",9,34.74,49.91,0.0069,0.0027,0.0086,"LargeCentralMetro",0,0,0,0,0,"Yorkshire and the Humber",6,"Barnsley 002",39.9,1,213,85,1130,0.399,0.4991,0.3474,0.3474,6,0.60093896713615,128,116,355,355,1.12295802009761,0.96051674676584,1.3048681236976,1,0,0.926,6,"1.01 to 1.25","Not Significant","0.80-1.00"
"E02001511","Barnsley 003",NA,439050,410638,53.5909,-1.41153,"08195183-2a0f-48ee-a729-6612d9de2df8",10,37.26,49.49,0.0036,0.0039,0.0077,"LargeCentralMetro",0,0,0,0,0,"Yorkshire and the Humber",9,"Barnsley 003",44.9,1,263,118,1380,0.449,0.4949,0.3726,0.3726,9,0.551330798479088,145,143,356,356,1.06291930482645,0.917880018054203,1.22421610586119,1,0,0.786,5,"1.01 to 1.25","Not Significant","0.60-0.79"
"E02001524","Barnsley 016",NA,425891,405774,53.548,-1.61072,"ba7fe887-c607-4bbf-bb07-d1ae7f820fb5",6,14.59,50.52,0.0084,0.0018,0.0108,"Micropolitan",0,0,0,1,0,"Yorkshire and the Humber",8,"Barnsley 016",59.6,1,329,196,1922,0.596,0.5052,0.1459,0.1459,8,0.404255319148936,133,179,357,357,0.780149612279248,0.669887927271151,0.90326543534047,-1,-1,0,1,"0.76 to 0.99","Significant Decrease","<0.01"
"E02001526","Barnsley 018",NA,436424,405114,53.5414,-1.45184,"c83653ac-8d55-4084-b68e-2c397153cc1b",9,42.65,49.07,0.0059,0.0149,0.0222,"LargeCentralMetro",0,0,0,0,0,"Yorkshire and the Humber",9,"Barnsley 018",44.1,1,204,90,915,0.441,0.4907,0.4265,0.4265,9,0.558823529411765,114,111,358,358,1.09184101442406,0.929540496162457,1.27415078479957,1,0,0.853,6,"1.01 to 1.25","Not Significant","0.80-1.00"
"E02001536","Barnsley 028",NA,434721,400664,53.5015,-1.47802,"3f629913-d016-4010-b4ff-118b8d5f948c",10,30.08,48.91,0.0056,0.0047,0.0096,"LargeCentralMetro",0,0,0,0,0,"Yorkshire and the Humber",10,"Barnsley 028",54.7,1,256,140,1327,0.547,0.4891,0.3008,0.3008,10,0.453125,116,140,359,359,0.900194308417074,0.768253233677424,1.04812364883946,-1,0,0.085,2,"0.76 to 0.99","Not Significant","0.01-0.20"
"E02001540","Doncaster 002",NA,457809,412888,53.6094,-1.12774,"0839e12c-9e30-48a2-8179-d9bf07076809",6,30.66,49.13,0.007,0.0034,0.0127,"Micropolitan",0,0,0,1,0,"Yorkshire and the Humber",6,"Doncaster 002",40.1,1,137,55,745,0.401,0.4913,0.3066,0.3066,6,0.598540145985402,82,75,360,360,1.100936126401,0.91309383187623,1.31594294925673,1,0,0.837,6,"1.01 to 1.25","Not Significant","0.80-1.00"
"E02001541","Doncaster 003",NA,468389,413693,53.6153,-0.96768,"28d70b6d-3423-4852-8025-02b7064f91bf",6,35.68,51.34,0.0066,0.0033,0.0131,"LargeCentralMetro",0,0,0,0,0,"Yorkshire and the Humber",7,"Doncaster 003",41.2,1,199,82,1231,0.412,0.5134,0.3568,0.3568,7,0.587939698492462,117,109,361,361,1.09770608454522,0.933836758617832,1.28191806315008,1,0,0.867,6,"1.01 to 1.25","Not Significant","0.80-1.00"
"E02001544","Doncaster 006",NA,464939,409544,53.5785,-1.02069,"466d03de-34bc-4b47-8599-4863dd4ecda0",4,37.84,48.41,0.0122,0.002,0.0138,"LargeCentralMetro",0,0,0,0,0,"Yorkshire and the Humber",7,"Doncaster 006",49.3,1,148,73,820,0.493,0.4841,0.3784,0.3784,7,0.506756756756757,75,81,362,362,1.0005178939152,0.82931960823862,1.19647069206513,0,0,0.483,4,"1.00-1.009 (null value)","Not Significant","0.40-0.59"
"E02001547","Doncaster 009",NA,453750,407733,53.5635,-1.18997,"4656618e-b565-4a9b-b38d-1f1710102d38",7,35.11,52.01,0.0122,0.0109,0.0177,"LargeCentralMetro",0,0,0,0,0,"Yorkshire and the Humber",8,"Doncaster 009",41.5,1,188,78,1117,0.415,0.5201,0.3511,0.3511,8,0.585106382978723,110,103,363,363,1.09707771300257,0.929845952607258,1.28555971601138,1,0,0.86,6,"1.01 to 1.25","Not Significant","0.80-1.00"
"E02001549","Doncaster 011",NA,462352,406169,53.5485,-1.06043,"4f29f6b7-0f43-4dc8-aa85-b1fe3ba0adde",6,17.05,53.54,0.0178,0.0045,0.0133,"LargeCentralMetro",0,0,0,0,0,"Yorkshire and the Humber",9,"Doncaster 011",50.2,1,217,109,1173,0.502,0.5354,0.1705,0.1705,9,0.497695852534562,108,118,364,364,0.928158815500073,0.785105037084529,1.08962952366025,-1,0,0.175,2,"0.76 to 0.99","Not Significant","0.01-0.20"
"E02001550","Doncaster 012",NA,455244,405721,53.5452,-1.16777,"93c83ffd-fbf7-4c3d-a206-3490ef988e57",5,34.85,50.23,0.0083,0.0053,0.0147,"LargeCentralMetro",0,0,0,0,0,"Yorkshire and the Humber",7,"Doncaster 012",55.1,1,198,109,1101,0.551,0.5023,0.3485,0.3485,7,0.44949494949495,89,108,365,365,0.903317643213012,0.758196398846301,1.06794352931918,-1,0,0.113,2,"0.76 to 0.99","Not Significant","0.01-0.20"
"E02001552","Doncaster 014",NA,464440,405085,53.5385,-1.02914,"18275d50-e27e-41e3-bd55-f8cce68e8359",7,35.16,46.78,0.0227,0.0082,0.0226,"LargeCentralMetro",0,0,0,0,0,"Yorkshire and the Humber",8,"Doncaster 014",28.9,1,128,37,684,0.289,0.4678,0.3516,0.3516,8,0.7109375,91,70,366,366,1.26836891950261,1.05809462975018,1.50810417274906,2,1,0.995,6,"1.26 to 1.50","Significant Increase","0.80-1.00"
"E02001554","Doncaster 016",NA,454928,404247,53.532,-1.17279,"e45801cc-a997-4040-9d8b-def9d12fd53e",4,19.2,53.61,0.0158,0.003,0.0157,"LargeCentralMetro",0,0,0,0,0,"Yorkshire and the Humber",8,"Doncaster 016",54.5,1,224,122,1453,0.545,0.5361,0.192,0.192,8,0.455357142857143,102,122,367,367,0.865136073796084,0.729984265683765,1.01793743963148,-1,0,0.04,2,"0.76 to 0.99","Not Significant","0.01-0.20"
"E02001556","Doncaster 018",NA,460114,404083,53.53,-1.0946,"3f0b815d-5f14-47da-af50-b335147db44f",6,41.15,50.91,0.0864,0.0156,0.0548,"LargeCentralMetro",0,0,0,0,0,"Yorkshire and the Humber",10,"Doncaster 018",42.9,1,226,97,1157,0.429,0.5091,0.4115,0.4115,10,0.570796460176991,129,123,368,368,1.08428171794198,0.928781993563423,1.25822321412551,1,0,0.842,6,"1.01 to 1.25","Not Significant","0.80-1.00"
"E02001557","Doncaster 019",NA,459542,402910,53.5195,-1.10345,"6d3a4f28-dbbf-4520-b169-6167a85960fe",7,25.06,50.41,0.1208,0.0347,0.0552,"LargeCentralMetro",0,0,0,0,0,"Yorkshire and the Humber",2,"Doncaster 019",40.59,3,399,162,2567,0.4059,0.5041,0.2506,0.2506,2,0.593984962406015,237,218,369,369,1.06361300726869,0.941216448188989,1.19741750278748,1,0,0.834,6,"1.01 to 1.25","Not Significant","0.80-1.00"
"E02001564","Doncaster 026",NA,466674,401255,53.5038,-0.99625,"b30cf237-222e-4339-86b5-4649282e3c0c",4,29,51.97,0.0176,0.0044,0.0207,"LargeCentralMetro",0,0,0,0,0,"Yorkshire and the Humber",6,"Doncaster 026",34.6,1,231,80,1445,0.346,0.5197,0.29,0.29,6,0.653679653679654,151,126,370,370,1.16790619407188,1.00661975707299,1.34758233501668,1,1,0.98,6,"1.01 to 1.25","Significant Increase","0.80-1.00"
"E02001573","Doncaster 035",NA,450323,398318,53.4792,-1.24321,"e3bbbbd0-e434-456a-b681-25caab05e986",8,33.82,48.88,0.006,0.0023,0.0107,"LargeCentralMetro",0,0,0,0,0,"Yorkshire and the Humber",9,"Doncaster 035",54.4,1,136,74,757,0.544,0.4888,0.3382,0.3382,9,0.455882352941176,62,74,371,371,0.952300146585664,0.781897164593183,1.14858725115415,-1,0,0.291,3,"0.76 to 0.99","Not Significant","0.20-0.39"
"E02001574","Doncaster 036",NA,462921,397827,53.4734,-1.05351,"aa229acc-8f2f-4c51-9b87-739dc6a123fa",5,27.08,49.18,0.011,0.0048,0.0153,"LargeCentralMetro",0,0,0,0,0,"Yorkshire and the Humber",8,"Doncaster 036",56.3,1,144,81,858,0.563,0.4918,0.2708,0.2708,8,0.4375,63,79,372,372,0.880793024834082,0.722551151214904,1.06321532136185,-1,0,0.09,2,"0.76 to 0.99","Not Significant","0.01-0.20"
"E02001576","Doncaster 038",NA,464781,396586,53.4621,-1.02574,"1db4c531-5414-4d3a-b054-cda4390ef309",3,12.68,50.55,0.0228,0.0062,0.0234,"MediumMetro",0,1,0,0,0,"Yorkshire and the Humber",10,"Doncaster 038",60.5,1,205,124,1082,0.605,0.5055,0.1268,0.1268,10,0.395121951219512,81,112,373,373,0.764094774605576,0.635616749662877,0.910799833248068,-1,-1,0.001,1,"0.76 to 0.99","Significant Decrease","<0.01"
"E02001582","Rotherham 005",NA,442975,397541,53.4729,-1.35403,"2d4f95b5-cd57-4d08-abdd-96fd93136f4c",9,36.23,51.15,0.0114,0.0029,0.0113,"LargeCentralMetro",0,0,0,0,0,"Yorkshire and the Humber",7,"Rotherham 005",35.7,1,207,74,1091,0.357,0.5115,0.3623,0.3623,7,0.642512077294686,133,113,374,374,1.18821068948526,1.01827886175125,1.37825883707592,1,1,0.986,6,"1.01 to 1.25","Significant Increase","0.80-1.00"
"E02001586","Rotherham 009",NA,441633,395132,53.4513,-1.37456,"5c2b7a18-8caf-4e2a-b62a-260c00cf9995",10,31.86,45.3,0.0081,0.0114,0.022,"LargeCentralMetro",0,0,0,0,0,"Yorkshire and the Humber",9,"Rotherham 009",49.5,1,204,101,1011,0.495,0.453,0.3186,0.3186,9,0.504901960784314,103,111,375,375,0.986363435695819,0.834223707033082,1.15805931363266,-1,0,0.418,4,"0.76 to 0.99","Not Significant","0.40-0.59"
"E02001592","Rotherham 015",NA,439537,393181,53.4339,-1.40636,"d3f29a4f-9bad-405e-bbb5-8b05c9dcb4a7",8,36.13,50.6,0.0197,0.0107,0.0173,"LargeCentralMetro",0,0,0,0,0,"Yorkshire and the Humber",7,"Rotherham 015",36.8,1,155,57,919,0.368,0.506,0.3613,0.3613,7,0.632258064516129,98,85,376,376,1.16690802209909,0.980634125052123,1.378140181438,1,0,0.959,6,"1.01 to 1.25","Not Significant","0.80-1.00"
"E02001595","Rotherham 018",NA,451117,392012,53.4225,-1.23227,"861acc6a-b6bd-450d-a0ae-f234d719d46d",8,26.46,52.54,0.0093,0.0024,0.0089,"LargeCentralMetro",0,0,0,0,0,"Yorkshire and the Humber",8,"Rotherham 018",33.9,1,189,64,1121,0.339,0.5254,0.2646,0.2646,8,0.661375661375661,125,103,377,377,1.18868767970798,1.01275606751284,1.38629263239055,1,1,0.983,6,"1.01 to 1.25","Significant Increase","0.80-1.00"
"E02001598","Rotherham 021",NA,445913,392285,53.4254,-1.31053,"c18c2191-f306-454b-97ce-f72cad1abb26",8,24.54,49.39,0.0823,0.0093,0.0241,"LargeCentralMetro",0,0,0,0,0,"Yorkshire and the Humber",5,"Rotherham 021",42.9,1,163,70,820,0.429,0.4939,0.2454,0.2454,5,0.570552147239264,93,89,378,378,1.03457867889921,0.8651459785919,1.22740623303002,1,0,0.631,5,"1.01 to 1.25","Not Significant","0.60-0.79"
"E02001600","Rotherham 023",NA,443851,391103,53.4149,-1.34172,"32f1dd44-237f-46c7-b782-6b927a72f28d",8,24.64,51.46,0.3654,0.0133,0.0511,"LargeCentralMetro",0,0,0,0,0,"Yorkshire and the Humber",3,"Rotherham 023",37.7,1,207,78,1063,0.377,0.5146,0.2464,0.2464,3,0.623188405797101,129,113,379,379,1.09410469772585,0.932644131511094,1.27540710359222,1,0,0.861,6,"1.01 to 1.25","Not Significant","0.80-1.00"
"E02001602","Rotherham 025",NA,441766,390489,53.4096,-1.37317,"04e3351d-b28a-4cba-8592-5515519290c7",8,28.39,52.89,0.0448,0.0137,0.0252,"LargeCentralMetro",0,0,0,0,0,"Yorkshire and the Humber",9,"Rotherham 025",38.6,1,236,91,1384,0.386,0.5289,0.2839,0.2839,9,0.614406779661017,145,129,380,380,1.1222024748785,0.966209737437991,1.29609289548252,1,0,0.933,6,"1.01 to 1.25","Not Significant","0.80-1.00"
"E02001603","Rotherham 026",NA,448743,388283,53.3892,-1.26856,"d44f7a3b-d411-4bd2-a2c1-ab25413a821b",9,20.65,50.6,0.0107,0.0089,0.0132,"LargeCentralMetro",0,0,0,0,0,"Yorkshire and the Humber",6,"Rotherham 026",44.9,1,276,124,1508,0.449,0.506,0.2065,0.2065,6,0.550724637681159,152,151,381,381,1.00571258992164,0.868492749754976,1.158351720987,0,0,0.515,4,"1.00-1.009 (null value)","Not Significant","0.40-0.59"
"E02001608","Rotherham 031",NA,446782,383667,53.3479,-1.29873,"bdc6c58d-f093-47ad-9345-accfa9793987",8,24.13,51.18,0.015,0.0079,0.0188,"MediumMetro",0,1,0,0,0,"Yorkshire and the Humber",6,"Rotherham 031",41.3,1,315,130,1815,0.413,0.5118,0.2413,0.2413,6,0.587301587301587,185,172,382,382,1.06430771457104,0.929282727379378,1.2133357566988,1,0,0.811,6,"1.01 to 1.25","Not Significant","0.80-1.00"
"E02001620","Sheffield 010",NA,436916,392180,53.4252,-1.44593,"59c471c8-72ca-41ce-a627-b5c74bd753c6",9,53.12,48.28,0.1317,0.0809,0.0773,"LargeCentralMetro",0,0,0,0,0,"Yorkshire and the Humber",5,"Sheffield 010",24.6,1,224,55,1164,0.246,0.4828,0.5312,0.5312,5,0.754464285714286,169,122,383,383,1.37546200962474,1.19495660530899,1.57539876384584,2,1,1,6,"1.26 to 1.50","Significant Increase","0.80-1.00"
"E02001629","Sheffield 019",NA,435050,390098,53.4066,-1.47424,"cf8c6c7c-3417-4c8f-8a02-20eede63f09f",10,50.64,47.78,0.1653,0.1271,0.1239,"LargeCentralMetro",0,0,0,0,0,"Yorkshire and the Humber",4,"Sheffield 019",26.9,1,156,42,856,0.269,0.4778,0.5064,0.5064,4,0.730769230769231,114,85,384,384,1.30424147774474,1.10391238320533,1.53031010125752,2,1,0.999,6,"1.26 to 1.50","Significant Increase","0.80-1.00"
"E02001631","Sheffield 021",NA,432238,389562,53.4019,-1.51659,"bc1dc757-5cdf-4cea-be13-f50372887a71",7,22.27,49.77,0.0126,0.0105,0.0369,"LargeCentralMetro",0,0,0,0,0,"Yorkshire and the Humber",4,"Sheffield 021",55.1,1,256,141,1533,0.551,0.4977,0.2227,0.2227,4,0.44921875,115,140,385,385,0.845950575858527,0.719200920799557,0.988492894728389,-1,-1,0.018,2,"0.76 to 0.99","Significant Decrease","0.01-0.20"
"E02001643","Sheffield 033",NA,431096,387215,53.3809,-1.534,"956de073-b446-4033-a507-f7583c32a41a",4,18.22,50.54,0.0686,0.0143,0.059,"LargeCentralMetro",0,0,0,0,0,"Yorkshire and the Humber",3,"Sheffield 033",67.7,1,269,182,1763,0.677,0.5054,0.1822,0.1822,3,0.323420074349442,87,147,386,386,0.647152127011354,0.542278031333825,0.766262024639165,-2,-1,0,1,"0.51 to 0.75","Significant Decrease","<0.01"
"E02001646","Sheffield 036",NA,433616,386411,53.3735,-1.4962,"25d35531-f508-4cda-8477-32ebf86bae2d",2,29.33,51.58,0.0759,0.029,0.064,"LargeCentralMetro",0,0,0,0,0,"Yorkshire and the Humber",1,"Sheffield 036",55.1,1,225,124,1706,0.551,0.5158,0.2933,0.2933,1,0.448888888888889,101,123,387,387,0.838390705761992,0.706331251145602,0.98786930543137,-1,-1,0.018,2,"0.76 to 0.99","Significant Decrease","0.01-0.20"
"E02001647","Sheffield 037",NA,440119,386367,53.3727,-1.39847,"c070bfe1-f81a-4d26-95c7-6acd1134425f",8,33.33,47.58,0.0757,0.0169,0.0448,"LargeCentralMetro",0,0,0,0,0,"Yorkshire and the Humber",9,"Sheffield 037",27,1,204,55,992,0.27,0.4758,0.3333,0.3333,9,0.730392156862745,149,111,388,388,1.30258282558025,1.12146569003644,1.50451236613594,2,1,1,6,"1.26 to 1.50","Significant Increase","0.80-1.00"
"E02001648","Sheffield 038",NA,431888,386016,53.3701,-1.52221,"e5eb6306-f022-4757-ac49-cb6f1423d14b",1,20.28,54.42,0.071,0.0143,0.0624,"LargeCentralMetro",0,0,0,0,0,"Yorkshire and the Humber",1,"Sheffield 038",53.8,1,212,114,1492,0.538,0.5442,0.2028,0.2028,1,0.462264150943396,98,116,389,389,0.830431179077762,0.696493100540629,0.982548387428384,-1,-1,0.015,2,"0.76 to 0.99","Significant Decrease","0.01-0.20"
"E02001649","Sheffield 039",NA,438555,386386,53.373,-1.42197,"23a5965b-9bfe-4ea6-9109-613859f339ae",9,57.79,51.9,0.0749,0.0946,0.0908,"LargeCentralMetro",0,0,0,0,0,"Yorkshire and the Humber",5,"Sheffield 039",23.6,1,199,47,1212,0.236,0.519,0.5779,0.5779,5,0.763819095477387,152,109,390,390,1.39093270485646,1.20099251267283,1.60223922042001,2,1,1,6,"1.26 to 1.50","Significant Increase","0.80-1.00"
"E02001652","Sheffield 042",NA,435237,386051,53.3702,-1.47188,"14adf501-d3d1-476b-a435-7c307368e084",2,29.29,29.1,0.2933,0.0674,0.0697,"LargeCentralMetro",0,0,0,0,0,"Yorkshire and the Humber",1,"Sheffield 042",23.2,1,99,23,536,0.232,0.291,0.2929,0.2929,1,0.767676767676768,76,54,391,391,1.20913527872995,0.987616166236501,1.46560690108528,1,0,0.967,6,"1.01 to 1.25","Not Significant","0.80-1.00"
"E02001653","Sheffield 043",NA,436709,385588,53.3659,-1.44981,"06f97929-bd89-48e7-902d-6d1dff995e5e",7,28.29,56.86,0.1043,0.0966,0.1122,"LargeCentralMetro",0,0,0,0,0,"Yorkshire and the Humber",1,"Sheffield 043",53.7,1,205,110,1400,0.537,0.5686,0.2829,0.2829,1,0.463414634146341,95,112,392,392,0.850211672513649,0.712478112953398,1.00671745344883,-1,0,0.03,2,"0.76 to 0.99","Not Significant","0.01-0.20"
"E02001659","Sheffield 049",NA,441500,384845,53.3589,-1.37791,"d243df7e-d588-4fb8-ac3b-ead658ba199c",10,40.77,48,0.0234,0.027,0.0419,"LargeCentralMetro",0,0,0,0,0,"Yorkshire and the Humber",8,"Sheffield 049",39.5,1,233,92,1177,0.395,0.48,0.4077,0.4077,8,0.605150214592275,141,127,393,393,1.13909963910009,0.9806872398293,1.31567094179138,1,0,0.955,6,"1.01 to 1.25","Not Significant","0.80-1.00"
"E02001664","Sheffield 054",NA,437897,384116,53.3526,-1.43213,"a8e9735b-a30f-4092-a441-1e4f063afa6e",6,58.67,49.95,0.018,0.0482,0.0512,"LargeCentralMetro",0,0,0,0,0,"Yorkshire and the Humber",6,"Sheffield 054",38.3,1,196,75,1047,0.383,0.4995,0.5867,0.5867,6,0.61734693877551,121,107,394,394,1.19476588762327,1.02060498785467,1.38993840287459,1,1,0.987,6,"1.01 to 1.25","Significant Increase","0.80-1.00"
"E02001665","Sheffield 055",NA,432898,383450,53.3469,-1.5073,"bee2f335-e8c0-41d7-a2c2-986982243cfb",2,14.37,49.07,0.0706,0.0124,0.0472,"LargeCentralMetro",0,0,0,0,0,"Yorkshire and the Humber",5,"Sheffield 055",70.1,1,174,122,1451,0.701,0.4907,0.1437,0.1437,5,0.298850574712644,52,95,395,395,0.633973157601002,0.514990438688469,0.772043573629673,-2,-1,0,1,"0.51 to 0.75","Significant Decrease","<0.01"
"E02001674","Sheffield 064",NA,435873,382861,53.3415,-1.46268,"1049112b-1c76-4363-939f-a11b52735143",6,34.56,52.04,0.0232,0.0133,0.0348,"LargeCentralMetro",0,0,0,0,0,"Yorkshire and the Humber",4,"Sheffield 064",41.12,2,518,213,3017,0.4112,0.5204,0.3456,0.3456,4,0.588803088803089,305,283,396,396,1.07811407882631,0.96772105268149,1.19755966682428,1,0,0.912,6,"1.01 to 1.25","Not Significant","0.80-1.00"
"E02001678","Sheffield 068",NA,430119,381191,53.3268,-1.54925,"4ac49f8d-2c89-4e49-86a6-f3cf956f40ee",4,20.87,48.34,0.0514,0.013,0.0478,"LargeCentralMetro",0,0,0,0,0,"Yorkshire and the Humber",6,"Sheffield 068",64.1,1,206,132,1504,0.641,0.4834,0.2087,0.2087,6,0.359223300970874,74,112,397,397,0.726603826042037,0.602498186104767,0.868598621415658,-2,-1,0,1,"0.51 to 0.75","Significant Decrease","<0.01"
"E02001683","Gateshead 002",NA,413278,563095,54.9623,-1.79417,"c6a82a61-d45a-4071-86a3-1e598bb540ab",8,27.09,47.46,0.0075,0.0018,0.0111,"LargeCentralMetro",0,0,0,0,0,"North East",7,"Gateshead 002",54.2,1,251,136,1496,0.542,0.4746,0.2709,0.2709,7,0.458167330677291,115,137,398,398,0.890347658732838,0.758343745661414,1.03857880900187,-1,0,0.068,2,"0.76 to 0.99","Not Significant","0.01-0.20"
"E02001686","Gateshead 005",NA,418569,560894,54.9424,-1.71168,"2b54cd13-3b40-4f71-80bc-b74b0cef0d75",9,20.87,51.14,0.007,0.0012,0.0115,"LargeCentralMetro",0,0,0,0,0,"North East",2,"Gateshead 005",60.4,1,230,139,1400,0.604,0.5114,0.2087,0.2087,2,0.395652173913043,91,125,399,399,0.781665841807032,0.656122463177796,0.924095896237986,-1,-1,0.002,1,"0.76 to 0.99","Significant Decrease","<0.01"
"E02001694","Gateshead 013",NA,422437,561130,54.9443,-1.65129,"a6302529-536a-4478-b582-f1b07dfab2e3",10,39.88,52.58,0.0172,0.0035,0.0187,"LargeCentralMetro",0,0,0,0,0,"North East",7,"Gateshead 013",36.4,1,173,63,911,0.364,0.5258,0.3988,0.3988,7,0.635838150289017,110,94,400,400,1.19606763325991,1.01340148638534,1.40200157541058,1,1,0.983,6,"1.01 to 1.25","Significant Increase","0.80-1.00"
"E02001698","Gateshead 017",NA,420145,560556,54.9393,-1.6871,"82243627-be95-4825-9c86-233c8f62f3f9",7,19.62,49.1,0.0089,0.0022,0.0115,"LargeCentralMetro",0,0,0,0,0,"North East",3,"Gateshead 017",60,1,265,159,1721,0.6,0.491,0.1962,0.1962,3,0.4,106,145,401,401,0.774728774862974,0.656350626946806,0.908163484146514,-1,-1,0.001,1,"0.76 to 0.99","Significant Decrease","<0.01"
"E02001702","Gateshead 021",NA,427529,559177,54.9265,-1.57199,"86897783-ca0c-469d-8bf5-07cc70d85799",10,23.69,48.4,0.0216,0.0138,0.0333,"LargeCentralMetro",0,0,0,0,0,"North East",6,"Gateshead 021",55.4,1,249,138,1496,0.554,0.484,0.2369,0.2369,6,0.44578313253012,111,136,402,402,0.858112852774716,0.728784839674237,1.0036439900854,-1,0,0.028,2,"0.76 to 0.99","Not Significant","0.01-0.20"
"E02001707","Gateshead 026",NA,427564,554979,54.8888,-1.57184,"e0f56c38-bdb0-40b2-87cb-fc73ead75b2c",10,32.49,50.43,0.0258,0.0027,0.0169,"LargeCentralMetro",0,0,0,0,0,"North East",5,"Gateshead 026",49.4,1,237,117,1293,0.494,0.5043,0.3249,0.3249,5,0.506329113924051,120,129,403,403,0.97312015881504,0.830348118835828,1.1332516480904,-1,0,0.35,3,"0.76 to 0.99","Not Significant","0.20-0.39"
"E02001709","Newcastle upon Tyne 002",NA,424583,570141,55.0252,-1.61702,"a5ac612f-a680-4785-8ed6-ca819bb37e18",4,18.7,49.82,0.0943,0.0124,0.043,"LargeCentralMetro",0,0,0,0,0,"North East",2,"Newcastle upon Tyne 002",63.3,1,401,254,1927,0.633,0.4982,0.187,0.187,2,0.366583541147132,147,219,404,404,0.699340685153519,0.604221157399734,0.805086376458565,-2,-1,0,1,"0.51 to 0.75","Significant Decrease","<0.01"
"E02001714","Newcastle upon Tyne 007",NA,426307,567317,54.9997,-1.59031,"4427620c-83d7-4cd1-b039-4fd700005fde",5,27.19,47.36,0.1391,0.0138,0.0467,"LargeCentralMetro",0,0,0,0,0,"North East",3,"Newcastle upon Tyne 007",68.9,1,228,157,1459,0.689,0.4736,0.2719,0.2719,3,0.31140350877193,71,124,405,405,0.668159745527011,0.554647462338904,0.797881993840543,-2,-1,0,1,"0.51 to 0.75","Significant Decrease","<0.01"
"E02001715","Newcastle upon Tyne 008",NA,422576,567113,54.9981,-1.64865,"ced4d7d6-ad16-45ec-a5a2-0234900cf81c",7,58.49,52.01,0.0871,0.0597,0.0654,"LargeCentralMetro",0,0,0,0,0,"North East",9,"Newcastle upon Tyne 008",40.3,1,318,128,1713,0.403,0.5201,0.5849,0.5849,9,0.59748427672956,190,173,406,406,1.15030945042597,1.00924561251929,1.30541969827244,1,1,0.982,6,"1.01 to 1.25","Significant Increase","0.80-1.00"
"E02001722","Newcastle upon Tyne 015",NA,419063,566270,54.9907,-1.70362,"9184fdb1-467d-4a05-8c26-fd83b785dfc4",9,65.05,47.62,0.0255,0.0266,0.0179,"LargeCentralMetro",0,0,0,0,0,"North East",5,"Newcastle upon Tyne 015",28.2,1,103,29,546,0.282,0.4762,0.6505,0.6505,5,0.718446601941748,74,56,407,407,1.42621167107344,1.18089544827955,1.70722171735161,2,1,1,6,"1.26 to 1.50","Significant Increase","0.80-1.00"
"E02001742","North Tyneside 005",NA,433821,572122,55.0425,-1.47229,"cbb29858-642b-4f3d-a886-4f6deb874749",6,11.96,48.3,0.0156,0.0014,0.0121,"LargeCentralMetro",0,0,0,0,0,"North East",2,"North Tyneside 005",62.8,1,368,231,1762,0.628,0.483,0.1196,0.1196,2,0.372282608695652,137,201,408,408,0.708241034878464,0.609138920091032,0.818772402522694,-2,-1,0,1,"0.51 to 0.75","Significant Decrease","<0.01"
"E02001749","North Tyneside 012",NA,428514,570870,55.0316,-1.55546,"e4d9fbe4-6d0e-48e1-afe0-f9f0f5da4458",10,20.21,52.41,0.0222,0.0042,0.013,"LargeCentralMetro",0,0,0,0,0,"North East",6,"North Tyneside 012",42,1,193,81,1160,0.42,0.5241,0.2021,0.2021,6,0.580310880829015,112,105,409,409,1.05192787641501,0.890239195398449,1.23439579674861,1,0,0.713,5,"1.01 to 1.25","Not Significant","0.60-0.79"
"E02001750","North Tyneside 013",NA,434205,570554,55.0284,-1.46647,"ace7d084-2f0d-47dc-991e-d247bf8ed988",8,21.56,49.44,0.0349,0.0032,0.0139,"LargeCentralMetro",0,0,0,0,0,"North East",2,"North Tyneside 013",47.85,2,320,153,1424,0.4785,0.4944,0.2156,0.2156,2,0.521875,167,175,410,410,0.953068740063543,0.827683199264637,1.09198489512664,-1,0,0.236,3,"0.76 to 0.99","Not Significant","0.20-0.39"
"E02001756","North Tyneside 019",NA,426622,569376,55.0182,-1.5852,"550fef21-53f6-47d9-8869-909a32675ad6",10,25.9,49.16,0.0522,0.01,0.0319,"LargeCentralMetro",0,0,0,0,0,"North East",8,"North Tyneside 019",28.3,1,166,47,950,0.283,0.4916,0.259,0.259,8,0.716867469879518,119,91,411,411,1.25069003707271,1.06051195100761,1.46504291783735,2,1,0.996,6,"1.26 to 1.50","Significant Increase","0.80-1.00"
"E02001757","North Tyneside 020",NA,434132,569064,55.015,-1.46779,"4bd8ffab-1209-4e08-8764-91bd63ca8467",9,19.29,50.86,0.0219,0.0017,0.0151,"LargeCentralMetro",0,0,0,0,0,"North East",4,"North Tyneside 020",46.1,1,254,117,1622,0.461,0.5086,0.1929,0.1929,4,0.539370078740158,137,139,412,412,0.979163521286326,0.839843521707987,1.1348934994426,-1,0,0.376,3,"0.76 to 0.99","Not Significant","0.20-0.39"
"E02001760","North Tyneside 023",NA,433492,568183,55.0071,-1.4779,"a5b1c77f-9c07-478e-9a7a-b47d66659a3c",10,55.56,47.59,0.0286,0.0147,0.0208,"LargeCentralMetro",0,0,0,0,0,"North East",4,"North Tyneside 023",24.1,1,54,13,456,0.241,0.4759,0.5556,0.5556,4,0.759259259259259,41,29,413,413,1.44801987475843,1.14789473651333,1.80256128086668,2,1,0.999,6,"1.26 to 1.50","Significant Increase","0.80-1.00"
"E02001766","North Tyneside 029",NA,430369,566902,54.9958,-1.52686,"a1a927ac-e60c-4247-aaf9-89554aeb5874",10,32.06,49.43,0.0286,0.0106,0.0272,"LargeCentralMetro",0,0,0,0,0,"North East",2,"North Tyneside 029",30.5,1,131,40,959,0.305,0.4943,0.3206,0.3206,2,0.694656488549618,91,71,414,414,1.22021508570404,1.01610674622799,1.45324106390768,1,1,0.984,6,"1.01 to 1.25","Significant Increase","0.80-1.00"
"E02001772","South Tyneside 005",NA,436783,564961,54.9779,-1.42686,"a0e3ba8e-c402-49ab-a3e1-c0185ca61586",10,34.46,51.45,0.0387,0.0079,0.0348,"LargeCentralMetro",0,0,0,0,0,"North East",5,"South Tyneside 005",43.03,2,444,191,2449,0.4303,0.5145,0.3446,0.3446,5,0.56981981981982,253,242,415,415,1.05587518768157,0.939222023752296,1.18291220676755,1,0,0.814,6,"1.01 to 1.25","Not Significant","0.80-1.00"
"E02001782","South Tyneside 015",NA,431387,563444,54.9646,-1.51132,"ded51153-14e5-42f3-ab26-91a52d28d03d",10,38.71,48.43,0.0096,0.0033,0.014,"LargeCentralMetro",0,0,0,0,0,"North East",4,"South Tyneside 015",42.46,2,403,171,2265,0.4246,0.4843,0.3871,0.3871,4,0.575682382133995,232,220,416,416,1.07481278636402,0.952115751231296,1.20882312186995,1,0,0.876,6,"1.01 to 1.25","Not Significant","0.80-1.00"
"E02001784","South Tyneside 017",NA,433130,563625,54.9662,-1.48408,"f1ffc9bf-d1f3-443b-be01-910f3417b268",10,39.22,49.04,0.0062,0.0018,0.0154,"LargeCentralMetro",0,0,0,0,0,"North East",5,"South Tyneside 017",35.9,1,153,55,836,0.359,0.4904,0.3922,0.3922,5,0.640522875816993,98,83,417,417,1.197320541413,1.00629758931653,1.41392003614858,1,1,0.979,6,"1.01 to 1.25","Significant Increase","0.80-1.00"
"E02001785","South Tyneside 018",NA,440080,562646,54.9569,-1.37567,"8427333c-6b03-488a-95e7-f2231f83edde",7,21.89,53.2,0.0086,0.0021,0.0167,"LargeCentralMetro",0,0,0,0,0,"North East",8,"South Tyneside 018",50.2,1,201,101,1205,0.502,0.532,0.2189,0.2189,8,0.497512437810945,100,110,418,418,0.935488253996627,0.788062288941156,1.10236450878541,-1,0,0.205,3,"0.76 to 0.99","Not Significant","0.20-0.39"
"E02001788","South Tyneside 021",NA,434641,562057,54.952,-1.46067,"40174c0b-eddb-49a1-83c0-797a023d8f99",8,51.96,47.93,0.0227,0.0074,0.0177,"LargeCentralMetro",0,0,0,0,0,"North East",6,"South Tyneside 021",24,1,204,49,1064,0.24,0.4793,0.5196,0.5196,6,0.759803921568627,155,111,419,419,1.40520499496979,1.21540129675523,1.61609294378348,2,1,1,6,"1.26 to 1.50","Significant Increase","0.80-1.00"
"E02001794","Sunderland 004",NA,437684,559598,54.9297,-1.41348,"9f4f367d-8a8e-4b2a-8e70-56b8f755f64a",10,48.72,49.21,0.0052,0.0009,0.0087,"LargeCentralMetro",0,0,0,0,0,"North East",9,"Sunderland 004",51.3,1,78,40,445,0.513,0.4921,0.4872,0.4872,9,0.487179487179487,38,43,420,420,1.11703466847645,0.893271389215376,1.37945216140924,1,0,0.827,6,"1.01 to 1.25","Not Significant","0.80-1.00"
"E02001798","Sunderland 008",NA,435582,558015,54.9156,-1.44648,"9ec90695-83ec-4221-9a0e-e9e5c6616956",10,48.26,48.28,0.0054,0.0049,0.0101,"LargeCentralMetro",0,0,0,0,0,"North East",7,"Sunderland 008",38.8,1,201,78,1019,0.388,0.4828,0.4826,0.4826,7,0.611940298507463,123,110,421,421,1.1811903376329,1.01007336320866,1.37280864211626,1,1,0.982,6,"1.01 to 1.25","Significant Increase","0.80-1.00"
"E02001809","Sunderland 019",NA,430593,555974,54.8976,-1.52452,"68bdd9d1-e3b8-4bec-a25b-620db4583af7",8,35.68,45.65,0.0105,0.0018,0.0108,"LargeCentralMetro",0,0,0,0,0,"North East",3,"Sunderland 019",39,1,213,83,1069,0.39,0.4565,0.3568,0.3568,3,0.610328638497653,130,116,422,422,1.12652735025682,0.963741136310894,1.30881249595771,1,0,0.931,6,"1.01 to 1.25","Not Significant","0.80-1.00"
"E02001810","Sunderland 020",NA,429203,555457,54.893,-1.54624,"884195e1-badc-4f75-8d51-ca34c499bbc6",7,40.85,47.31,0.0088,0.0029,0.0125,"LargeCentralMetro",0,0,0,0,0,"North East",3,"Sunderland 020",31,1,213,66,1078,0.31,0.4731,0.4085,0.4085,3,0.690140845070423,147,116,423,423,1.25596181695848,1.08183017846762,1.45002131184949,2,1,0.999,6,"1.26 to 1.50","Significant Increase","0.80-1.00"
"E02001812","Sunderland 022",NA,439159,555397,54.8918,-1.39104,"8db093b1-eb00-418a-87c3-61bba45fe9ab",7,26.33,70.26,0.0566,0.0064,0.0169,"LargeCentralMetro",0,0,0,0,0,"North East",2,"Sunderland 022",45.55,3,562,256,3262,0.4555,0.7026,0.2633,0.2633,2,0.544483985765125,306,307,424,424,0.995736187468968,0.893815871345619,1.10601157359631,-1,0,0.457,4,"0.76 to 0.99","Not Significant","0.40-0.59"
"E02001813","Sunderland 023",NA,436945,554600,54.8848,-1.42565,"6370c8fc-d5d5-4a13-a530-fa320e974563",9,44.44,48.95,0.0128,0.007,0.0152,"LargeCentralMetro",0,0,0,0,0,"North East",7,"Sunderland 023",48.6,1,144,70,760,0.486,0.4895,0.4444,0.4444,7,0.513888888888889,74,79,425,425,1.04772699539515,0.869683069701927,1.25126764922131,1,0,0.675,5,"1.01 to 1.25","Not Significant","0.60-0.79"
"E02001821","Sunderland 031",NA,438496,551353,54.8555,-1.40191,"7c9678eb-ff2c-4634-ab23-7190ef15ad34",8,29.21,51.13,0.0089,0.0018,0.0087,"LargeCentralMetro",0,0,0,0,0,"North East",8,"Sunderland 031",38.8,1,178,69,843,0.388,0.5113,0.2921,0.2921,8,0.612359550561798,109,97,426,426,1.12800069673573,0.954066746496204,1.32435086820587,1,0,0.919,6,"1.01 to 1.25","Not Significant","0.80-1.00"
"E02001824","Sunderland 034",NA,434207,549495,54.8391,-1.46893,"652904d7-1ff8-4847-9ae5-75a7d615874e",9,36.36,49.56,0.0076,0.0085,0.0118,"LargeCentralMetro",0,0,0,0,0,"North East",6,"Sunderland 034",37.3,1,220,82,1144,0.373,0.4956,0.3636,0.3636,6,0.627272727272727,138,120,427,427,1.16306252039531,0.999146554623942,1.34606516721373,1,0,0.974,6,"1.01 to 1.25","Not Significant","0.80-1.00"
"E02001828","Birmingham 002",NA,411262,299161,52.5901,-1.83519,"b83ec024-943d-4ba6-9f64-8c2e758c9208",4,17.41,46.75,0.0916,0.0185,0.0377,"LargeCentralMetro",0,0,0,0,0,"West Midlands",3,"Birmingham 002",61.1,1,270,165,1741,0.611,0.4675,0.1741,0.1741,3,0.388888888888889,105,147,428,428,0.743852221426614,0.629125711408489,0.873339340912597,-2,-1,0,1,"0.51 to 0.75","Significant Decrease","<0.01"
"E02001831","Birmingham 005",NA,414235,296369,52.565,-1.79142,"71682dd9-db7d-4f38-8b3c-954c2e278681",8,23.92,53.79,0.0765,0.0465,0.0656,"LargeCentralMetro",0,0,0,0,0,"West Midlands",5,"Birmingham 005",52.5,1,255,134,1571,0.525,0.5379,0.2392,0.2392,5,0.474509803921569,121,139,429,429,0.883895516422643,0.753207902190721,1.03063657895731,-1,0,0.056,2,"0.76 to 0.99","Not Significant","0.01-0.20"
"E02001832","Birmingham 006",NA,413084,295239,52.5549,-1.80845,"443c570b-0d2f-4bad-bc5f-449fd8a7f8f7",5,15.12,47.27,0.0756,0.0279,0.0502,"LargeCentralMetro",0,0,0,0,0,"West Midlands",2,"Birmingham 006",64.5,1,172,111,1081,0.645,0.4727,0.1512,0.1512,2,0.354651162790698,61,94,430,430,0.698638895912556,0.570957063600848,0.84624415298147,-2,-1,0,1,"0.51 to 0.75","Significant Decrease","<0.01"
"E02001835","Birmingham 009",NA,412018,295473,52.557,-1.82416,"0413b1bb-a03d-4c85-b494-43a8f8adcba5",5,14.16,49.11,0.0804,0.0214,0.0542,"LargeCentralMetro",0,0,0,0,0,"West Midlands",2,"Birmingham 009",59.7,1,233,139,1570,0.597,0.4911,0.1416,0.1416,2,0.40343347639485,94,127,431,431,0.751849898481739,0.630218160088198,0.890022784867624,-1,-1,0.001,1,"0.76 to 0.99","Significant Decrease","<0.01"
"E02001843","Birmingham 017",NA,407882,293242,52.537,-1.88522,"96e16929-0911-4da5-84e7-5c0ca5f8b854",6,45.64,51.03,0.1241,0.087,0.0622,"LargeCentralMetro",0,0,0,0,0,"West Midlands",3,"Birmingham 017",49,1,149,73,778,0.49,0.5103,0.4564,0.4564,3,0.51006711409396,76,81,432,432,1.0046959395506,0.833142068557531,1.20100638297759,0,0,0.501,4,"1.00-1.009 (null value)","Not Significant","0.40-0.59"
"E02001848","Birmingham 022",NA,408358,292347,52.5289,-1.87822,"5f5225cc-5416-4180-aab2-f40503974349",8,53.76,46.94,0.2024,0.2261,0.0888,"LargeCentralMetro",0,0,0,0,0,"West Midlands",3,"Birmingham 022",41,1,173,71,1112,0.41,0.4694,0.5376,0.5376,3,0.589595375722543,102,94,433,433,1.13244389193366,0.955919612648696,1.33195453413979,1,0,0.923,6,"1.01 to 1.25","Not Significant","0.80-1.00"
"E02001852","Birmingham 026",NA,409555,291956,52.5254,-1.86059,"f1487346-ce94-4e1f-a1ab-5b1b1148533b",8,56.64,53.25,0.233,0.1518,0.0852,"LargeCentralMetro",0,0,0,0,0,"West Midlands",4,"Birmingham 026",32.9,1,143,47,753,0.329,0.5325,0.5664,0.5664,4,0.671328671328671,96,78,434,434,1.26040095637825,1.05848613634661,1.48946450726055,2,1,0.996,6,"1.26 to 1.50","Significant Increase","0.80-1.00"
"E02001855","Birmingham 029",NA,414612,291119,52.5178,-1.78609,"45aef96c-3326-45a2-ba1a-2861de07e535",10,63.37,46.6,0.0264,0.081,0.0967,"LargeCentralMetro",0,0,0,0,0,"West Midlands",4,"Birmingham 029",18.6,1,172,32,942,0.186,0.466,0.6337,0.6337,4,0.813953488372093,140,94,435,435,1.48144177239391,1.27235120031327,1.71493889049608,2,1,1,6,"1.26 to 1.50","Significant Increase","0.80-1.00"
"E02001857","Birmingham 031",NA,410539,290667,52.5138,-1.84613,"b7dc981e-7c4c-48b9-b481-a083fcfd22ae",9,56.78,49.73,0.2564,0.1753,0.0984,"LargeCentralMetro",0,0,0,0,0,"West Midlands",5,"Birmingham 031",29.1,1,199,58,931,0.291,0.4973,0.5678,0.5678,5,0.708542713567839,141,109,436,436,1.30571861262202,1.12296631166222,1.50958904881523,2,1,1,6,"1.26 to 1.50","Significant Increase","0.80-1.00"
"E02001859","Birmingham 033",NA,407317,291124,52.518,-1.8936,"0d4a150e-fd68-4da1-9e41-be4154ed15d4",3,54.03,36.16,0.6913,0.1542,0.0586,"LargeCentralMetro",0,0,0,0,0,"West Midlands",2,"Birmingham 033",49.56,2,335,166,1889,0.4956,0.3616,0.5403,0.5403,2,0.504477611940298,169,183,437,437,0.973422053869031,0.848420747864477,1.11151562952059,-1,0,0.334,3,"0.76 to 0.99","Not Significant","0.20-0.39"
"E02001862","Birmingham 036",NA,403430,290351,52.5111,-1.95088,"308cddbb-4fee-47a7-a162-5a230a1da6e0",2,54.33,45.53,0.5506,0.2006,0.12,"LargeCentralMetro",0,0,0,0,0,"West Midlands",3,"Birmingham 036",35.25,2,335,118,1891,0.3525,0.4553,0.5433,0.5433,3,0.647761194029851,217,183,438,438,1.18192834768028,1.0418834673192,1.33543987427463,1,1,0.995,6,"1.01 to 1.25","Significant Increase","0.80-1.00"
"E02001867","Birmingham 041",NA,407069,289286,52.5014,-1.89729,"8025d498-acae-4967-9e12-b3a1d4c3671e",1,61.47,49.01,0.5507,0.2856,0.0876,"LargeCentralMetro",0,0,0,0,0,"West Midlands",2,"Birmingham 041",23.8,1,231,55,1159,0.238,0.4901,0.6147,0.6147,2,0.761904761904762,176,126,439,439,1.38415964517895,1.20492852694066,1.58240186732151,2,1,1,6,"1.26 to 1.50","Significant Increase","0.80-1.00"
"E02001870","Birmingham 044",NA,411921,288944,52.4983,-1.82582,"7a5238fe-0d64-4d05-84c2-5fab7eee3427",4,53.12,57.22,0.6434,0.0844,0.0781,"LargeCentralMetro",0,0,0,0,0,"West Midlands",5,"Birmingham 044",42.15,2,384,162,1954,0.4215,0.5722,0.5312,0.5312,5,0.578125,222,209,440,440,1.08698452465211,0.960706677745524,1.22512865089507,1,0,0.905,6,"1.01 to 1.25","Not Significant","0.80-1.00"
"E02001874","Birmingham 048",NA,410400,288857,52.4975,-1.84823,"9eef0d06-007e-4edb-99c4-51545130c786",3,65.2,50.37,0.7012,0.1181,0.0825,"LargeCentralMetro",0,0,0,0,0,"West Midlands",3,"Birmingham 048",22.5,1,204,46,1078,0.225,0.5037,0.652,0.652,3,0.774509803921569,158,111,441,441,1.42111037707032,1.22973564663044,1.63368121427953,2,1,1,6,"1.26 to 1.50","Significant Increase","0.80-1.00"
"E02001875","Birmingham 049",NA,406055,288377,52.4933,-1.91224,"faa6bf0c-98de-4d53-a908-0f6ab683cf8c",2,36.11,46.72,0.3306,0.3604,0.1054,"LargeCentralMetro",0,0,0,0,0,"West Midlands",3,"Birmingham 049",54.6,1,108,59,670,0.546,0.4672,0.3611,0.3611,3,0.453703703703704,49,59,442,442,0.884623504611526,0.71074587238972,1.08805799971144,-1,0,0.118,2,"0.76 to 0.99","Not Significant","0.01-0.20"
"E02001876","Birmingham 050",NA,407476,287661,52.4868,-1.89133,"5e9a5764-9f8a-4497-b8ad-87c4c995a3d3",2,43.17,54.59,0.267,0.3508,0.1079,"LargeCentralMetro",0,0,0,0,0,"West Midlands",1,"Birmingham 050",50.84,3,417,212,2918,0.5084,0.5459,0.4317,0.4317,1,0.491606714628297,205,227,443,443,0.919130112066685,0.808443296001139,1.0406391921194,-1,0,0.089,2,"0.76 to 0.99","Not Significant","0.01-0.20"
"E02001878","Birmingham 052",NA,409080,287389,52.4844,-1.86772,"becd865c-6677-4ef7-b61c-8adde6ef1daa",3,69.86,49.64,0.5828,0.2122,0.1165,"LargeCentralMetro",0,0,0,0,0,"West Midlands",2,"Birmingham 052",47.3,1,146,69,826,0.473,0.4964,0.6986,0.6986,2,0.527397260273973,77,80,444,444,1.07579528894416,0.895015630754133,1.2821335373027,1,0,0.773,5,"1.01 to 1.25","Not Significant","0.60-0.79"
"E02001881","Birmingham 055",NA,412073,287611,52.4863,-1.82363,"23396ae4-2557-49a6-b4c2-c76342b60c19",3,56.11,41.81,0.6663,0.0835,0.0993,"LargeCentralMetro",0,0,0,0,0,"West Midlands",2,"Birmingham 055",28.6,1,262,75,1380,0.286,0.4181,0.5611,0.5611,2,0.713740458015267,187,143,445,445,1.29100336210309,1.12776007644089,1.47111617187254,2,1,1,6,"1.26 to 1.50","Significant Increase","0.80-1.00"
"E02001886","Birmingham 060",NA,404400,286710,52.4783,-1.93664,"f1d99ee8-3135-4a3c-a988-cf0cf49477e0",3,71.75,48.11,0.4198,0.15,0.126,"LargeCentralMetro",0,0,0,0,0,"West Midlands",4,"Birmingham 060",15.3,1,177,27,1031,0.153,0.4811,0.7175,0.7175,4,0.847457627118644,150,97,446,446,1.52623349849313,1.31581222676063,1.76059051155893,3,1,1,6,"1.51 to 1.75","Significant Increase","0.80-1.00"
"E02001889","Birmingham 063",NA,411264,286243,52.474,-1.83559,"32ff422f-e9c0-4425-b6c7-88987776e354",4,63.64,49,0.6863,0.101,0.1112,"LargeCentralMetro",0,0,0,0,0,"West Midlands",3,"Birmingham 063",12.7,1,55,7,251,0.127,0.49,0.6364,0.6364,3,0.872727272727273,48,30,447,447,1.47712606371158,1.17445665445139,1.83412667284876,2,1,1,6,"1.26 to 1.50","Significant Increase","0.80-1.00"
"E02001895","Birmingham 069",NA,415609,285793,52.4699,-1.77165,"2ccba98b-73f6-461c-8f8b-ecc5badaaf0e",9,50,47.73,0.1449,0.0655,0.0811,"LargeCentralMetro",0,0,0,0,0,"West Midlands",7,"Birmingham 069",45.1,1,204,92,1192,0.451,0.4773,0.5,0.5,7,0.549019607843137,112,111,448,448,1.06960907378075,0.909391595284159,1.24975333008761,1,0,0.785,5,"1.01 to 1.25","Not Significant","0.60-0.79"
"E02001897","Birmingham 071",NA,408816,285589,52.4682,-1.87165,"ac6c4f0b-6029-4752-abd7-9943ef92db58",6,72.44,43.46,0.4057,0.2871,0.1993,"LargeCentralMetro",0,0,0,0,0,"West Midlands",1,"Birmingham 071",52.6,1,156,82,826,0.526,0.4346,0.7244,0.7244,1,0.474358974358974,74,85,449,449,0.979748960518269,0.813210991500116,1.17013397535371,-1,0,0.394,3,"0.76 to 0.99","Not Significant","0.20-0.39"
"E02001899","Birmingham 073",NA,401998,285177,52.4646,-1.97201,"63c76f8c-bfd0-4ac7-88df-286901175a21",4,43.72,55.92,0.3141,0.04,0.1004,"LargeCentralMetro",0,0,0,0,0,"West Midlands",3,"Birmingham 073",54.27,2,247,134,1622,0.5427,0.5592,0.4372,0.4372,3,0.45748987854251,113,135,450,450,0.880534546930855,0.748706228894517,1.02875572914729,-1,0,0.053,2,"0.76 to 0.99","Not Significant","0.01-0.20"
"E02001905","Birmingham 079",NA,405213,284176,52.4555,-1.92471,"b4ce5d25-e9c1-47d1-96e1-a9877b703504",2,55.46,36.47,0.2768,0.0487,0.1015,"LargeCentralMetro",0,0,0,0,0,"West Midlands",2,"Birmingham 079",43.7,1,119,52,606,0.437,0.3647,0.5546,0.5546,2,0.563025210084034,67,65,451,451,1.07311050452884,0.880536088374227,1.29514758568568,1,0,0.747,5,"1.01 to 1.25","Not Significant","0.60-0.79"
"E02001906","Birmingham 080",NA,400101,284448,52.458,-1.99994,"09405f51-85ee-42bc-b051-04b9c70aad5c",6,65.18,38.88,0.1567,0.0913,0.1006,"LargeCentralMetro",0,0,0,0,0,"West Midlands",7,"Birmingham 080",34.8,1,112,39,553,0.348,0.3888,0.6518,0.6518,7,0.651785714285714,73,61,452,452,1.27894962923581,1.05727200034209,1.53317919329967,2,1,0.995,6,"1.26 to 1.50","Significant Increase","0.80-1.00"
"E02001914","Birmingham 088",NA,406784,283020,52.4451,-1.90161,"478db158-a19e-4b1d-a47c-e09c38ca3efb",6,33.71,41.89,0.4554,0.06,0.1667,"LargeCentralMetro",0,0,0,0,0,"West Midlands",3,"Birmingham 088",46.1,1,178,82,900,0.461,0.4189,0.3371,0.3371,3,0.539325842696629,96,97,453,453,0.948463226386459,0.79275694640443,1.1257549769398,-1,0,0.262,3,"0.76 to 0.99","Not Significant","0.20-0.39"
"E02001916","Birmingham 090",NA,411259,283297,52.4475,-1.83576,"936b2152-886c-479b-909e-9c453552374b",7,50,43.6,0.5038,0.0589,0.0903,"LargeCentralMetro",0,0,0,0,0,"West Midlands",5,"Birmingham 090",46,1,176,81,929,0.46,0.436,0.5,0.5,5,0.539772727272727,95,96,454,454,1.0454255939018,0.879023119232258,1.23400416104863,1,0,0.68,5,"1.01 to 1.25","Not Significant","0.60-0.79"
"E02001920","Birmingham 094",NA,400024,282998,52.445,-2.00107,"1c69af6f-d301-496d-a987-87f2c6e97079",8,55.43,46.44,0.0996,0.1219,0.1,"LargeCentralMetro",0,0,0,0,0,"West Midlands",8,"Birmingham 094",30.4,1,184,56,928,0.304,0.4644,0.5543,0.5543,8,0.695652173913043,128,100,455,455,1.29729220150711,1.10928230756109,1.50788715521126,2,1,0.999,6,"1.26 to 1.50","Significant Increase","0.80-1.00"
"E02001923","Birmingham 097",NA,410071,282417,52.4397,-1.85327,"de3ceccd-fc0f-40ef-b967-23b63d9174a7",5,55.69,40.64,0.6722,0.0372,0.0844,"LargeCentralMetro",0,0,0,0,0,"West Midlands",6,"Birmingham 097",28.9,2,422,122,2335,0.289,0.4064,0.5569,0.5569,6,0.710900473933649,300,230,456,456,1.30544086202541,1.17071939624934,1.45130411621464,2,1,1,6,"1.26 to 1.50","Significant Increase","0.80-1.00"
"E02001924","Birmingham 098",NA,411249,282218,52.4378,-1.83595,"1062a4c2-6a55-40e2-94e5-7b9bdeed1ec0",6,57.64,45.16,0.4893,0.049,0.0863,"LargeCentralMetro",0,0,0,0,0,"West Midlands",3,"Birmingham 098",39.6,1,288,114,1488,0.396,0.4516,0.5764,0.5764,3,0.604166666666667,174,157,457,457,1.13750947059643,0.991791584686738,1.29847376517419,1,0,0.967,6,"1.01 to 1.25","Not Significant","0.80-1.00"
"E02001930","Birmingham 104",NA,407554,281647,52.4328,-1.89031,"b2520a38-dd7e-43ef-bd68-a743bcbe7850",6,36.65,28.59,0.2022,0.0345,0.0832,"LargeCentralMetro",0,0,0,0,0,"West Midlands",2,"Birmingham 104",54.99,2,322,177,1910,0.5499,0.2859,0.3665,0.3665,2,0.450310559006211,145,176,458,458,0.853963562013601,0.736885514090182,0.98424185041899,-1,-1,0.015,2,"0.76 to 0.99","Significant Decrease","0.01-0.20"
"E02001932","Birmingham 106",NA,400819,281187,52.4287,-1.98938,"8402ad9e-9f03-4963-969d-ddcfe66392d3",9,64.75,42.78,0.0845,0.1006,0.1014,"LargeCentralMetro",0,0,0,0,0,"West Midlands",7,"Birmingham 106",17.3,1,139,24,790,0.173,0.4278,0.6475,0.6475,7,0.827338129496403,115,76,459,459,1.51381164115249,1.28438437161967,1.77224122726512,3,1,1,6,"1.51 to 1.75","Significant Increase","0.80-1.00"
"E02001938","Birmingham 112",NA,404918,280643,52.4238,-1.9291,"96852e79-c66f-482c-a080-bbeb5e80f562",8,28.93,90.21,0.0667,0.0427,0.0751,"LargeCentralMetro",0,0,0,0,0,"West Midlands",2,"Birmingham 112",61,1,159,97,1083,0.61,0.9021,0.2893,0.2893,2,0.389937106918239,62,87,460,460,0.781126073766654,0.639071459787104,0.94520915279246,-1,-1,0.006,1,"0.76 to 0.99","Significant Decrease","<0.01"
"E02001952","Birmingham 126",NA,402936,278260,52.4024,-1.95826,"97c085f4-cead-4af2-83db-821ccec52426",10,49.47,47.23,0.0504,0.1152,0.0785,"LargeCentralMetro",0,0,0,0,0,"West Midlands",2,"Birmingham 126",49.5,1,190,94,1190,0.495,0.4723,0.4947,0.4947,2,0.505263157894737,96,104,461,461,0.993846380785947,0.837322174433623,1.17095757989397,-1,0,0.453,4,"0.76 to 0.99","Not Significant","0.40-0.59"
"E02001956","Birmingham 130",NA,399510,277426,52.3949,-2.00862,"d23a17f4-60a0-4e78-ac3b-c4cda3524155",9,50.71,47.89,0.0368,0.0521,0.0608,"LargeCentralMetro",0,0,0,0,0,"West Midlands",9,"Birmingham 130",30.8,1,211,65,1184,0.308,0.4789,0.5071,0.5071,9,0.691943127962085,146,115,462,462,1.29280166947117,1.11489762483163,1.49086952405938,2,1,1,6,"1.26 to 1.50","Significant Increase","0.80-1.00"
"E02001959","Coventry 002",NA,431925,283762,52.4509,-1.53166,"9f8c8b6e-0c61-4e4f-98d5-7f5c7a34f0f8",6,31.19,50.51,0.1943,0.0554,0.0726,"LargeCentralMetro",0,0,0,0,0,"West Midlands",7,"Coventry 002",37.6,1,327,123,1845,0.376,0.5051,0.3119,0.3119,7,0.623853211009174,204,178,463,463,1.12672111331768,0.989099408713272,1.27803420233712,1,0,0.963,6,"1.01 to 1.25","Not Significant","0.80-1.00"
"E02001964","Coventry 007",NA,436987,283311,52.4465,-1.45723,"29d6151e-6f02-472f-ba6b-c293ee9424b9",8,29.44,52.12,0.0614,0.2062,0.0719,"LargeCentralMetro",0,0,0,0,0,"West Midlands",6,"Coventry 007",45.9,1,231,106,1439,0.459,0.5212,0.2944,0.2944,6,0.541125541125541,125,126,464,464,0.998970254750701,0.852441165576633,1.16334523915127,-1,0,0.478,4,"0.76 to 0.99","Not Significant","0.40-0.59"
"E02001965","Coventry 008",NA,438186,281834,52.4332,-1.43976,"a3896f64-4927-4900-9400-61d0886e7e0d",6,40.7,49.12,0.1474,0.07,0.0525,"LargeCentralMetro",0,0,0,0,0,"West Midlands",6,"Coventry 008",29.1,1,172,50,1022,0.291,0.4912,0.407,0.407,6,0.709302325581395,122,94,465,465,1.2690269243583,1.0794338299722,1.482226003541,2,1,0.998,6,"1.26 to 1.50","Significant Increase","0.80-1.00"
"E02001967","Coventry 010",NA,429630,282408,52.4389,-1.56555,"18c99b53-586f-40bd-8e1a-5f5894680500",6,26.14,49.41,0.0485,0.0129,0.0293,"LargeCentralMetro",0,0,0,0,0,"West Midlands",8,"Coventry 010",38.9,1,329,128,1878,0.389,0.4941,0.2614,0.2614,8,0.610942249240122,201,179,466,466,1.11068868992585,0.974531400903618,1.26044234351242,1,0,0.941,6,"1.01 to 1.25","Not Significant","0.80-1.00"
"E02001970","Coventry 013",NA,436255,281078,52.4265,-1.46824,"0f2542a1-fd8b-4229-b247-17400aa0ab83",7,43.26,46.21,0.1502,0.0766,0.0517,"LargeCentralMetro",0,0,0,0,0,"West Midlands",5,"Coventry 013",17.7,1,141,25,989,0.177,0.4621,0.4326,0.4326,5,0.822695035460993,116,77,467,467,1.43117945591004,1.21109460526013,1.67960588654349,2,1,1,6,"1.26 to 1.50","Significant Increase","0.80-1.00"
"E02001976","Coventry 019",NA,437927,280055,52.4172,-1.44377,"932ea6f3-853f-47c1-9f21-b1ed923df986",6,20.25,50.07,0.1753,0.0889,0.0617,"LargeCentralMetro",0,0,0,0,0,"West Midlands",5,"Coventry 019",41.8,1,237,99,1514,0.418,0.5007,0.2025,0.2025,5,0.582278481012658,138,129,468,468,1.03029172173545,0.882371329188196,1.19583402989305,1,0,0.635,5,"1.01 to 1.25","Not Significant","0.60-0.79"
"E02001977","Coventry 020",NA,432948,280081,52.4178,-1.51697,"20d15c60-eda5-4762-8726-554fca91d5bd",6,37.82,45.18,0.2044,0.1631,0.0837,"LargeCentralMetro",0,0,0,0,0,"West Midlands",1,"Coventry 020",46.8,1,156,73,1038,0.468,0.4518,0.3782,0.3782,1,0.532051282051282,83,85,469,469,0.986885720243039,0.820017043845119,1.1776287080443,-1,0,0.424,4,"0.76 to 0.99","Not Significant","0.40-0.59"
"E02001981","Coventry 024",NA,434172,279577,52.4132,-1.49902,"e5977b8f-dd28-4a2c-bf7e-95106d6fec83",4,50,44.21,0.3356,0.2105,0.1269,"LargeCentralMetro",0,0,0,0,0,"West Midlands",1,"Coventry 024",35,1,206,72,1495,0.35,0.4421,0.5,0.5,1,0.650485436893204,134,112,470,470,1.1709099594722,1.00194301588764,1.36010844075989,1,1,0.976,6,"1.01 to 1.25","Significant Increase","0.80-1.00"
"E02001985","Coventry 028",NA,434639,278528,52.4037,-1.49227,"0a86f0c1-785f-4384-b35f-95356048b51f",3,23.95,51.63,0.1852,0.164,0.0957,"LargeCentralMetro",0,0,0,0,0,"West Midlands",1,"Coventry 028",56.3,1,263,148,1749,0.563,0.5163,0.2395,0.2395,1,0.437262357414449,115,143,471,471,0.806071641001166,0.68406538152358,0.943474320141874,-1,-1,0.004,1,"0.76 to 0.99","Significant Decrease","<0.01"
"E02001986","Coventry 029",NA,428334,278785,52.4064,-1.58492,"4cd64b24-a727-4ab1-8506-1989aaa505ac",8,28.24,51.77,0.0463,0.0697,0.0448,"LargeCentralMetro",0,0,0,0,0,"West Midlands",8,"Coventry 029",33.8,1,216,73,1300,0.338,0.5177,0.2824,0.2824,8,0.662037037037037,143,118,472,472,1.1825158758132,1.01583146926677,1.36864409879582,1,1,0.985,6,"1.01 to 1.25","Significant Increase","0.80-1.00"
"E02001992","Coventry 035",NA,436286,277619,52.3954,-1.46816,"db5e1098-4ae8-4362-b7be-1e5133fe844c",7,41.14,52.28,0.0796,0.1792,0.0535,"LargeCentralMetro",0,0,0,0,0,"West Midlands",5,"Coventry 035",34.9,1,175,61,1163,0.349,0.5228,0.4114,0.4114,5,0.651428571428571,114,95,473,473,1.19753784709423,1.01534594115163,1.40286203012181,1,1,0.984,6,"1.01 to 1.25","Significant Increase","0.80-1.00"
"E02001993","Coventry 036",NA,428668,277197,52.3921,-1.58014,"5051b35d-6b51-4a8f-b85b-7678e20c5a5b",7,30.26,42.12,0.1762,0.0784,0.0619,"LargeCentralMetro",0,0,0,0,0,"West Midlands",7,"Coventry 036",38.18,3,380,145,2146,0.3818,0.4212,0.3026,0.3026,7,0.618421052631579,235,207,474,474,1.12276549175262,0.993704443630222,1.26383577451007,1,0,0.968,6,"1.01 to 1.25","Not Significant","0.80-1.00"
"E02001998","Coventry 041",NA,432484,276022,52.3813,-1.52418,"130d9509-28fc-4265-8ea6-1c4a9aae8e5a",3,13.5,48.74,0.2325,0.0326,0.0689,"LargeCentralMetro",0,0,0,0,0,"West Midlands",5,"Coventry 041",61.6,1,237,146,1705,0.616,0.4874,0.135,0.135,5,0.383966244725738,91,129,475,475,0.724283473785237,0.606247826695237,0.858497650102311,-2,-1,0,1,"0.51 to 0.75","Significant Decrease","<0.01"
"E02002001","Dudley 002",NA,392096,294175,52.5454,-2.11798,"87b3e273-ea2f-4e3e-b9c2-870f4e62d462",7,18.72,51.23,0.0296,0.012,0.0247,"LargeCentralMetro",0,0,0,0,0,"West Midlands",7,"Dudley 002",42.5,1,219,93,1138,0.425,0.5123,0.1872,0.1872,7,0.575342465753425,126,119,476,476,1.0355770218231,0.88265549897754,1.2072896260295,1,0,0.654,5,"1.01 to 1.25","Not Significant","0.60-0.79"
"E02002004","Dudley 005",NA,392661,292624,52.5314,-2.10961,"182b7730-1d89-4399-b7a7-0ea4b054469b",7,37.84,47.78,0.0375,0.0354,0.0353,"LargeCentralMetro",0,0,0,0,0,"West Midlands",6,"Dudley 005",45.9,1,185,85,1080,0.459,0.4778,0.3784,0.3784,6,0.540540540540541,100,101,477,477,1.03308255855638,0.871058087853431,1.21635245994765,1,0,0.632,5,"1.01 to 1.25","Not Significant","0.60-0.79"
"E02002007","Dudley 008",NA,390785,291434,52.5207,-2.13723,"10b6b62c-2520-468f-8222-ea5586f39027",7,24.88,48.92,0.0084,0.0092,0.0207,"LargeCentralMetro",0,0,0,0,0,"West Midlands",7,"Dudley 008",40.7,1,209,85,1065,0.407,0.4892,0.2488,0.2488,7,0.593301435406699,124,114,478,478,1.07645707322135,0.917308572463624,1.25517822638226,1,0,0.81,6,"1.01 to 1.25","Not Significant","0.80-1.00"
"E02002008","Dudley 009",NA,392676,290811,52.5151,-2.10935,"a7156daf-fb8c-473e-b45e-2a6cb172d5e3",6,25.17,51.25,0.1135,0.0332,0.0362,"LargeCentralMetro",0,0,0,0,0,"West Midlands",3,"Dudley 009",39.5,1,147,58,837,0.395,0.5125,0.2517,0.2517,3,0.605442176870748,89,80,479,479,1.064510480807,0.885537178653558,1.26898295676789,1,0,0.737,5,"1.01 to 1.25","Not Significant","0.60-0.79"
"E02002010","Dudley 011",NA,393628,290295,52.5105,-2.09531,"44e7e173-ac62-4790-86bb-e6c5050ce917",9,44.12,48.67,0.2765,0.1128,0.0707,"LargeCentralMetro",0,0,0,0,0,"West Midlands",4,"Dudley 011",41.2,1,102,42,637,0.412,0.4867,0.4412,0.4412,4,0.588235294117647,60,56,480,480,1.11331541342995,0.906473922409189,1.35311428093177,1,0,0.841,6,"1.01 to 1.25","Not Significant","0.80-1.00"
"E02002011","Dudley 012",NA,389190,289844,52.5064,-2.16069,"35cac97b-ed97-4408-9622-94ebdfa1ee3c",7,26.82,48.53,0.0264,0.0051,0.019,"LargeCentralMetro",0,0,0,0,0,"West Midlands",3,"Dudley 012",41.3,1,179,74,919,0.413,0.4853,0.2682,0.2682,3,0.58659217877095,105,98,481,481,1.05498480049364,0.889031583525047,1.2428321884712,1,0,0.72,5,"1.01 to 1.25","Not Significant","0.60-0.79"
"E02002018","Dudley 019",NA,388925,288019,52.49,-2.16453,"659dd333-86e3-4f5e-ac33-36b08a0f5c12",8,24.88,49.74,0.0176,0.0031,0.0187,"LargeCentralMetro",0,0,0,0,0,"West Midlands",3,"Dudley 019",43.3,2,402,174,2119,0.433,0.4974,0.2488,0.2488,3,0.567164179104478,228,219,482,482,1.0345603615569,0.914364614939586,1.16606917285084,1,0,0.697,5,"1.01 to 1.25","Not Significant","0.60-0.79"
"E02002033","Dudley 034",NA,396282,284318,52.4568,-2.05614,"bcf329f6-ae01-4393-bd03-e272a9a0a2ec",6,19.17,50.04,0.0476,0.0152,0.0586,"LargeCentralMetro",0,0,0,0,0,"West Midlands",3,"Dudley 034",46.7,1,240,112,1293,0.467,0.5004,0.1917,0.1917,3,0.533333333333333,128,131,483,483,0.94782766046568,0.808287440613773,1.10446150336477,-1,0,0.237,3,"0.76 to 0.99","Not Significant","0.20-0.39"
"E02002034","Dudley 035",NA,390085,284192,52.4556,-2.14733,"714e8c51-c273-41c4-8139-4f512f67277f",6,23.55,50.04,0.0409,0.0127,0.025,"LargeCentralMetro",0,0,0,0,0,"West Midlands",2,"Dudley 035",54.1,1,242,131,1211,0.541,0.5004,0.2355,0.2355,2,0.458677685950413,111,132,484,484,0.861909776609399,0.730844720209421,1.00958417037644,-1,0,0.032,2,"0.76 to 0.99","Not Significant","0.01-0.20"
"E02002037","Dudley 038",NA,388775,283632,52.4505,-2.16659,"44af6f50-4dad-4659-a9ac-331ea02a8ba4",5,26.73,54.56,0.0193,0.0049,0.0289,"LargeCentralMetro",0,0,0,0,0,"West Midlands",6,"Dudley 038",41.6,1,101,42,603,0.416,0.5456,0.2673,0.2673,6,0.584158415841584,59,55,485,485,1.04897081781445,0.849804689785992,1.28076156357988,1,0,0.656,5,"1.01 to 1.25","Not Significant","0.60-0.79"
"E02002038","Dudley 039",NA,396689,283211,52.4469,-2.05014,"178867df-7307-4110-a729-90d841f25c34",7,25.45,49.15,0.0531,0.0241,0.0689,"LargeCentralMetro",0,0,0,0,0,"West Midlands",3,"Dudley 039",42.9,1,275,118,1760,0.429,0.4915,0.2545,0.2545,3,0.570909090909091,157,150,486,486,1.0202183678357,0.88142702968306,1.17457135610671,1,0,0.593,4,"1.01 to 1.25","Not Significant","0.40-0.59"
"E02002039","Dudley 040",NA,391129,283165,52.4464,-2.13194,"eca296ba-ad3f-41ef-b0ba-6c9276d374b1",6,6.45,38.86,0.0852,0.0127,0.0309,"LargeCentralMetro",0,0,0,0,0,"West Midlands",2,"Dudley 040",71,1,93,66,947,0.71,0.3886,0.0645,0.0645,2,0.290322580645161,27,51,487,487,0.638434659818252,0.497673534549542,0.806518691712014,-2,-1,0,1,"0.51 to 0.75","Significant Decrease","<0.01"
"E02002043","Sandwell 001",NA,399044,295933,52.5612,-2.01553,"a24e8c0a-d216-4764-9ad6-e612c6a1d5a0",7,33.59,46.85,0.1626,0.0326,0.0463,"LargeCentralMetro",0,0,0,0,0,"West Midlands",4,"Sandwell 001",37.8,1,259,98,1522,0.378,0.4685,0.3359,0.3359,4,0.621621621621622,161,141,488,488,1.12714528360655,0.97606651414527,1.29487772045343,1,0,0.948,6,"1.01 to 1.25","Not Significant","0.80-1.00"
"E02002045","Sandwell 003",NA,400331,295846,52.5605,-1.99654,"98883e85-5489-4aa7-a097-444427e508ab",6,49.78,48.47,0.1179,0.0425,0.0426,"LargeCentralMetro",0,0,0,0,0,"West Midlands",6,"Sandwell 003",29,1,231,67,1141,0.29,0.4847,0.4978,0.4978,6,0.70995670995671,164,126,489,489,1.30613342133131,1.13343602502473,1.49756747328935,2,1,1,6,"1.26 to 1.50","Significant Increase","0.80-1.00"
"E02002048","Sandwell 006",NA,404095,294952,52.5524,-1.94103,"94246e55-f0af-42c7-a0a5-4785cbe9e6db",2,25.46,49.01,0.299,0.0527,0.0707,"LargeCentralMetro",0,0,0,0,0,"West Midlands",5,"Sandwell 006",44.9,1,216,97,1163,0.449,0.4901,0.2546,0.2546,5,0.550925925925926,119,118,490,490,0.980941304915032,0.83271990589069,1.14785721717416,-1,0,0.39,3,"0.76 to 0.99","Not Significant","0.20-0.39"
"E02002049","Sandwell 007",NA,395681,294241,52.546,-2.06511,"8d2758ba-4eba-44b0-9dd5-028b7c24ac95",6,38.43,48.43,0.0763,0.0642,0.0423,"LargeCentralMetro",0,0,0,0,0,"West Midlands",6,"Sandwell 007",17.6,1,216,38,1210,0.176,0.4843,0.3843,0.3843,6,0.824074074074074,178,118,491,491,1.44508431846073,1.25664491003435,1.65369471205608,2,1,1,6,"1.26 to 1.50","Significant Increase","0.80-1.00"
"E02002052","Sandwell 010",NA,400400,293560,52.5399,-1.99553,"7f11a330-dbe1-44fe-8c35-748984f184e2",6,42.3,49.38,0.2015,0.112,0.0733,"LargeCentralMetro",0,0,0,0,0,"West Midlands",7,"Sandwell 010",24.8,1,331,82,1920,0.248,0.4938,0.423,0.423,7,0.75226586102719,249,181,492,492,1.34965865108041,1.19769988928893,1.51544535076179,2,1,1,6,"1.26 to 1.50","Significant Increase","0.80-1.00"
"E02002060","Sandwell 018",NA,398576,291823,52.5243,-2.02241,"e35ba2d6-996d-4b3e-8c86-785451783a75",4,39.06,47.71,0.3446,0.0873,0.1053,"LargeCentralMetro",0,0,0,0,0,"West Midlands",5,"Sandwell 018",30.9,1,256,79,1438,0.309,0.4771,0.3906,0.3906,5,0.69140625,177,140,493,493,1.2196904272771,1.06072584835685,1.39565669777955,1,1,0.997,6,"1.01 to 1.25","Significant Increase","0.80-1.00"
"E02002063","Sandwell 021",NA,398294,289795,52.5061,-2.02656,"c41a74e9-b236-44dd-a2c4-abb8bf45fdab",3,33.91,46.42,0.3301,0.1118,0.0903,"LargeCentralMetro",0,0,0,0,0,"West Midlands",7,"Sandwell 021",37.3,1,233,87,1159,0.373,0.4642,0.3391,0.3391,7,0.626609442060086,146,127,494,494,1.11949967432976,0.962842120078487,1.29428462282001,1,0,0.927,6,"1.01 to 1.25","Not Significant","0.80-1.00"
"E02002065","Sandwell 023",NA,401571,289342,52.502,-1.97828,"835e304a-bf67-4e35-8ef2-290ab80df7c2",1,35.7,47.26,0.641,0.1036,0.1134,"LargeCentralMetro",0,0,0,0,0,"West Midlands",4,"Sandwell 023",42,2,479,201,3104,0.42,0.4726,0.357,0.357,4,0.580375782881002,278,261,495,495,1.04844130084888,0.935891917764588,1.17071257329146,1,0,0.788,5,"1.01 to 1.25","Not Significant","0.60-0.79"
"E02002071","Sandwell 029",NA,396988,287822,52.4883,-2.04578,"20463881-4e0c-4979-82ae-2b362dbe3a42",6,36.73,48.81,0.0657,0.041,0.0551,"LargeCentralMetro",0,0,0,0,0,"West Midlands",4,"Sandwell 029",38.5,1,226,87,1178,0.385,0.4881,0.3673,0.3673,4,0.615044247787611,139,123,496,496,1.11926800732872,0.960745629256171,1.29636893075324,1,0,0.924,6,"1.01 to 1.25","Not Significant","0.80-1.00"
"E02002072","Sandwell 030",NA,399185,287545,52.4858,-2.01342,"528d59e9-68d0-41f5-a5bf-6569ba61ab0b",4,45.16,49.57,0.2374,0.0921,0.0888,"LargeCentralMetro",0,0,0,0,0,"West Midlands",2,"Sandwell 030",39.83,2,527,210,2782,0.3983,0.4957,0.4516,0.4516,2,0.601518026565465,317,287,497,497,1.10216821079797,0.991062783341846,1.22223286263176,1,0,0.963,6,"1.01 to 1.25","Not Significant","0.80-1.00"
"E02002073","Sandwell 031",NA,400939,287643,52.4867,-1.98759,"aca448c1-9f94-46fa-ac3e-ab13b7333e00",4,43.93,44.26,0.2948,0.0898,0.1113,"LargeCentralMetro",0,0,0,0,0,"West Midlands",2,"Sandwell 031",38.3,1,214,82,1098,0.383,0.4426,0.4393,0.4393,2,0.616822429906542,132,117,498,498,1.10573757485215,0.945385801655717,1.28539483946764,1,0,0.893,6,"1.01 to 1.25","Not Significant","0.80-1.00"
"E02002077","Sandwell 035",NA,395731,286568,52.477,-2.06428,"8739f8c4-fab8-4dc2-9f77-437cb2579f05",8,37.07,49.7,0.1408,0.0491,0.0718,"LargeCentralMetro",0,0,0,0,0,"West Midlands",4,"Sandwell 035",30.6,1,294,90,1686,0.306,0.497,0.3707,0.3707,4,0.693877551020408,204,160,499,499,1.24312511873977,1.0907436136242,1.4107310421751,1,1,0.999,6,"1.01 to 1.25","Significant Increase","0.80-1.00"
"E02002081","Solihull 001",NA,414694,290012,52.5078,-1.78493,"cd844e7b-59bb-485e-a2b8-14b9fa811ae7",6,29.15,50.39,0.0899,0.0261,0.0481,"LargeCentralMetro",0,0,0,0,0,"West Midlands",10,"Solihull 001",41.2,1,199,82,1270,0.412,0.5039,0.2915,0.2915,10,0.587939698492462,117,109,500,500,1.07427657923793,0.912645803544198,1.25617051409745,1,0,0.799,5,"1.01 to 1.25","Not Significant","0.60-0.79"
"E02002087","Solihull 007",NA,417029,286932,52.4801,-1.75068,"0623614c-cc95-4d23-87e2-8e65f719c25f",10,42.57,48.5,0.0315,0.0334,0.0726,"LargeCentralMetro",0,0,0,0,0,"West Midlands",4,"Solihull 007",32.09,3,505,162,2594,0.3209,0.485,0.4257,0.4257,4,0.679207920792079,343,275,501,501,1.23946864882713,1.11850223076349,1.36985636351363,1,1,1,6,"1.01 to 1.25","Significant Increase","0.80-1.00"
"E02002092","Solihull 012",NA,414151,282684,52.442,-1.79324,"d279e17c-a175-4f46-8d09-590f6b051ced",5,29.34,50.68,0.1324,0.0142,0.0465,"LargeCentralMetro",0,0,0,0,0,"West Midlands",7,"Solihull 012",48.3,1,242,117,1184,0.483,0.5068,0.2934,0.2934,7,0.516528925619835,125,132,502,502,0.963407428825998,0.822821165962982,1.12100891115094,-1,0,0.304,3,"0.76 to 0.99","Not Significant","0.20-0.39"
"E02002093","Solihull 013",NA,412656,281659,52.4328,-1.81527,"5542e1b0-1311-4be1-851d-2a41acd8c94b",6,24.17,47.18,0.1686,0.0214,0.0617,"LargeCentralMetro",0,0,0,0,0,"West Midlands",5,"Solihull 013",46.4,1,211,98,1047,0.464,0.4718,0.2417,0.2417,5,0.535545023696682,113,115,503,503,0.968289839954641,0.819959096373243,1.13561051054252,-1,0,0.333,3,"0.76 to 0.99","Not Significant","0.20-0.39"
"E02002096","Solihull 016",NA,414853,280366,52.4211,-1.78301,"de284aeb-459f-47a8-b2b9-f7485a3d3265",4,19.56,48.4,0.2028,0.016,0.0634,"LargeCentralMetro",0,0,0,0,0,"West Midlands",4,"Solihull 016",46.2,1,225,104,1155,0.462,0.484,0.1956,0.1956,4,0.537777777777778,121,123,504,504,0.949921841288765,0.80691571431114,1.11089511575593,-1,0,0.25,3,"0.76 to 0.99","Not Significant","0.20-0.39"
"E02002102","Solihull 022",NA,413133,278086,52.4007,-1.80839,"f1106a67-0506-44a8-83ec-307358b5a265",4,14.95,46.98,0.1717,0.0124,0.0599,"LargeCentralMetro",0,0,0,0,0,"West Midlands",5,"Solihull 022",68.78,2,535,368,3372,0.6878,0.4698,0.1495,0.1495,5,0.31214953271028,167,292,505,505,0.605872381737281,0.52799236257313,0.691913914477771,-2,-1,0,1,"0.51 to 0.75","Significant Decrease","<0.01"
"E02002103","Solihull 023",NA,411447,277966,52.3996,-1.83318,"1c44f14d-a2e1-4df7-82a9-fa060305fbcf",5,26.96,48.93,0.1026,0.0084,0.0348,"LargeCentralMetro",0,0,0,0,0,"West Midlands",2,"Solihull 023",58.3,1,230,134,1024,0.583,0.4893,0.2696,0.2696,2,0.417391304347826,96,125,506,506,0.810987563508422,0.682482452340365,0.956528776658082,-1,-1,0.007,1,"0.76 to 0.99","Significant Decrease","<0.01"
"E02002105","Solihull 025",NA,424584,277984,52.3993,-1.6401,"fa2768d0-7bed-4fbc-8879-1ec87f01390d",3,18.31,47.04,0.0525,0.0063,0.0299,"MediumMetro",0,1,0,0,0,"West Midlands",8,"Solihull 025",46.5,1,213,99,1216,0.465,0.4704,0.1831,0.1831,8,0.535211267605634,114,116,507,507,0.963067115552471,0.815543422049619,1.12948106083525,-1,0,0.31,3,"0.76 to 0.99","Not Significant","0.20-0.39"
"E02002106","Solihull 026",NA,417726,276979,52.3906,-1.74095,"dc4e4863-1949-4194-a97d-3c387323274a",4,11.49,48.65,0.0566,0.0079,0.0366,"LargeCentralMetro",0,0,0,0,0,"West Midlands",4,"Solihull 026",73.3,1,296,217,1817,0.733,0.4865,0.1149,0.1149,4,0.266891891891892,79,161,508,508,0.563897992866478,0.47098942298944,0.669623249612181,-2,-1,0,1,"0.51 to 0.75","Significant Decrease","<0.01"
"E02002113","Walsall 004",NA,404633,304153,52.6351,-1.93297,"e101b37a-39e3-4e82-82cb-50fe9f7f568a",8,38.11,50.12,0.0365,0.0218,0.0337,"LargeCentralMetro",0,0,0,0,0,"West Midlands",9,"Walsall 004",25.8,1,244,63,1297,0.258,0.5012,0.3811,0.3811,9,0.741803278688525,181,133,509,509,1.34061164280405,1.16888348606162,1.53034411531754,2,1,1,6,"1.26 to 1.50","Significant Increase","0.80-1.00"
"E02002115","Walsall 006",NA,400440,303396,52.6283,-1.99493,"9ca16228-509d-4c92-b6e9-2e83786175f8",9,36.23,48.94,0.0325,0.0239,0.0309,"LargeCentralMetro",0,0,0,0,0,"West Midlands",5,"Walsall 006",37.7,1,207,78,1418,0.377,0.4894,0.3623,0.3623,5,0.623188405797101,129,113,510,510,1.14581585941408,0.979709584658758,1.33189204030166,1,0,0.955,6,"1.01 to 1.25","Not Significant","0.80-1.00"
"E02002119","Walsall 010",NA,403133,302250,52.618,-1.95515,"7116c762-4bfd-4f5b-9019-6fbd4e5ca50c",8,44.21,46.49,0.0854,0.0262,0.0398,"LargeCentralMetro",0,0,0,0,0,"West Midlands",5,"Walsall 010",25.8,1,233,60,1437,0.258,0.4649,0.4421,0.4421,5,0.742489270386266,173,127,511,511,1.34388999637777,1.16868745267205,1.53782213537271,2,1,1,6,"1.26 to 1.50","Significant Increase","0.80-1.00"
"E02002128","Walsall 019",NA,398044,300421,52.6016,-2.03031,"e6ff5770-7b66-4e99-8f1c-f61ccde2b20a",8,37.28,48.34,0.083,0.0245,0.038,"LargeCentralMetro",0,0,0,0,0,"West Midlands",7,"Walsall 019",19.5,1,169,33,1057,0.195,0.4834,0.3728,0.3728,7,0.804733727810651,136,92,512,512,1.41296012913644,1.20840390974041,1.64212220217275,2,1,1,6,"1.26 to 1.50","Significant Increase","0.80-1.00"
"E02002129","Walsall 020",NA,396890,300195,52.5995,-2.04734,"2984fc7e-651d-44d1-ab4f-0925e809c953",8,41.99,49.04,0.0998,0.0123,0.0471,"LargeCentralMetro",0,0,0,0,0,"West Midlands",9,"Walsall 020",30.4,1,181,55,1150,0.304,0.4904,0.4199,0.4199,9,0.696132596685083,126,99,513,513,1.27162774611732,1.085330792403,1.48059387041971,2,1,0.999,6,"1.26 to 1.50","Significant Increase","0.80-1.00"
"E02002131","Walsall 022",NA,405833,299030,52.5891,-1.91533,"397892ca-69f5-4cb6-8326-3a28c3c9c524",4,25.56,50.3,0.0935,0.0148,0.0345,"LargeCentralMetro",0,0,0,0,0,"West Midlands",4,"Walsall 022",48.04,2,450,216,2698,0.4804,0.503,0.2556,0.2556,4,0.52,234,245,514,514,0.954592483018645,0.845157852854678,1.07417500020633,-1,0,0.214,3,"0.76 to 0.99","Not Significant","0.20-0.39"
"E02002135","Walsall 026",NA,400091,298685,52.586,-2.00008,"036826d7-ccde-48cb-829b-1913f9d3532b",6,52.4,50.76,0.4303,0.0917,0.083,"LargeCentralMetro",0,0,0,0,0,"West Midlands",4,"Walsall 026",34.6,1,208,72,1186,0.346,0.5076,0.524,0.524,4,0.653846153846154,136,113,515,515,1.21276187347603,1.0405687102028,1.40517661675238,1,1,0.993,6,"1.01 to 1.25","Significant Increase","0.80-1.00"
"E02002139","Walsall 030",NA,401417,298133,52.581,-1.98051,"0203a2e0-5fb1-4838-96b2-6139acf0f05d",6,49.53,54.51,0.3829,0.1065,0.0831,"LargeCentralMetro",0,0,0,0,0,"West Midlands",1,"Walsall 030",15.57,2,212,33,1152,0.1557,0.5451,0.4953,0.4953,1,0.844339622641509,179,116,516,516,1.47262192347861,1.28066264932201,1.68512283066416,2,1,1,6,"1.26 to 1.50","Significant Increase","0.80-1.00"
"E02002141","Walsall 032",NA,407305,297126,52.5719,-1.89364,"bf843b7c-b6b7-404e-82ef-79bbc83639e5",3,25,49.67,0.1517,0.0161,0.0503,"LargeCentralMetro",0,0,0,0,0,"West Midlands",7,"Walsall 032",35.8,1,232,83,1500,0.358,0.4967,0.25,0.25,7,0.642241379310345,149,127,517,517,1.12709936859057,0.969792877092283,1.30256443361542,1,0,0.94,6,"1.01 to 1.25","Not Significant","0.80-1.00"
"E02002146","Walsall 037",NA,402177,296230,52.5639,-1.96931,"a929f8d6-e72e-487b-bf2b-d81ff80e538a",4,54.22,50.26,0.4657,0.0455,0.0676,"LargeCentralMetro",0,0,0,0,0,"West Midlands",4,"Walsall 037",30.5,1,249,76,1520,0.305,0.5026,0.5422,0.5422,4,0.694779116465863,173,136,518,518,1.27345842826076,1.10836577037984,1.45607804398087,2,1,1,6,"1.26 to 1.50","Significant Increase","0.80-1.00"
"E02002147","Walsall 038",NA,396871,295977,52.5616,-2.04758,"74cdac24-b189-40cb-9160-57e3ffcad2ad",8,45.35,48.22,0.1279,0.0559,0.0498,"LargeCentralMetro",0,0,0,0,0,"West Midlands",6,"Walsall 038",29.7,1,172,51,1068,0.297,0.4822,0.4535,0.4535,6,0.703488372093023,121,94,519,519,1.28315140642637,1.09220686213144,1.49774468747409,2,1,0.999,6,"1.26 to 1.50","Significant Increase","0.80-1.00"
"E02002148","Walsall 039",NA,405449,296358,52.565,-1.92104,"b17f29f9-6c71-4651-86e1-4defedfc5085",5,20.31,50.7,0.11,0.0331,0.0451,"LargeCentralMetro",0,0,0,0,0,"West Midlands",6,"Walsall 039",62.1,1,261,162,1501,0.621,0.507,0.2031,0.2031,6,0.379310344827586,99,142,520,520,0.745418717434944,0.629111719745968,0.876865846761377,-2,-1,0,1,"0.51 to 0.75","Significant Decrease","<0.01"
"E02002152","Wolverhampton 004",NA,393457,302311,52.6185,-2.09807,"a4bdd690-99ad-48e8-9bc1-142439083583",10,55.58,50.95,0.0544,0.0987,0.079,"LargeCentralMetro",0,0,0,0,0,"West Midlands",6,"Wolverhampton 004",25.73,2,385,99,2269,0.2573,0.5095,0.5558,0.5558,6,0.742857142857143,286,210,521,521,1.36585158747357,1.22217551715543,1.521657373343,2,1,1,6,"1.26 to 1.50","Significant Increase","0.80-1.00"
"E02002157","Wolverhampton 009",NA,389244,300968,52.6064,-2.16026,"2c52e32e-68ba-449f-bd6c-d9c9c54bbc59",6,51.96,48.8,0.1894,0.0489,0.0585,"LargeCentralMetro",0,0,0,0,0,"West Midlands",10,"Wolverhampton 009",32.4,1,204,66,1293,0.324,0.488,0.5196,0.5196,10,0.676470588235294,138,111,522,522,1.27325692961027,1.09458898102342,1.4726154000349,2,1,0.999,6,"1.26 to 1.50","Significant Increase","0.80-1.00"
"E02002158","Wolverhampton 010",NA,396073,300853,52.6055,-2.05941,"38b224b1-a19d-4045-a465-022223fd2bfc",10,47.16,47.65,0.1019,0.0387,0.0607,"LargeCentralMetro",0,0,0,0,0,"West Midlands",5,"Wolverhampton 010",41.5,1,176,73,1020,0.415,0.4765,0.4716,0.4716,5,0.585227272727273,103,96,523,523,1.11930122790049,0.945536039777616,1.31559034188167,1,0,0.902,6,"1.01 to 1.25","Not Significant","0.80-1.00"
"E02002163","Wolverhampton 015",NA,393174,299941,52.5972,-2.1022,"18a10377-653c-4f2a-a41d-97e4c0ff8872",8,50,49.03,0.1922,0.1918,0.1222,"LargeCentralMetro",0,0,0,0,0,"West Midlands",8,"Wolverhampton 015",37.8,1,196,74,1187,0.378,0.4903,0.5,0.5,8,0.622448979591837,122,107,524,524,1.16062171707192,0.989514040080479,1.35267662481356,1,0,0.966,6,"1.01 to 1.25","Not Significant","0.80-1.00"
"E02002168","Wolverhampton 020",NA,391590,298847,52.5874,-2.12556,"0c9c5fee-2fb4-483a-ae26-84f3380284f7",6,56.05,44.44,0.2999,0.1912,0.1086,"LargeCentralMetro",0,0,0,0,0,"West Midlands",3,"Wolverhampton 020",61.1,1,157,96,945,0.611,0.4444,0.5605,0.5605,3,0.388535031847134,61,86,525,525,0.858494744001359,0.706884890988263,1.03270998417382,-1,0,0.052,2,"0.76 to 0.99","Not Significant","0.01-0.20"
"E02002169","Wolverhampton 021",NA,389123,298204,52.5816,-2.16195,"3c367f64-6abf-44ce-9b38-1dad8125893f",5,38.01,49.47,0.2651,0.0344,0.0619,"LargeCentralMetro",0,0,0,0,0,"West Midlands",5,"Wolverhampton 021",40.98,2,371,152,2434,0.4098,0.4947,0.3801,0.3801,5,0.590296495956873,219,202,526,526,1.08396509513264,0.956243104617396,1.22389183058715,1,0,0.894,6,"1.01 to 1.25","Not Significant","0.80-1.00"
"E02002171","Wolverhampton 023",NA,394471,297865,52.5786,-2.08302,"561f9918-c9b0-4637-bf93-f4090a4af17e",9,56.84,50.16,0.1921,0.0639,0.0867,"LargeCentralMetro",0,0,0,0,0,"West Midlands",6,"Wolverhampton 023",35.08,2,373,131,1918,0.3508,0.5016,0.5684,0.5684,6,0.648793565683646,242,203,527,527,1.21388741628696,1.0776725737139,1.36242937854224,1,1,0.999,6,"1.01 to 1.25","Significant Increase","0.80-1.00"
"E02002175","Wolverhampton 027",NA,395511,296633,52.5675,-2.06765,"d69d3c25-49a4-4d9e-b17c-ae766f8b6b0a",9,43.88,47.36,0.2124,0.0919,0.0886,"LargeCentralMetro",0,0,0,0,0,"West Midlands",5,"Wolverhampton 027",31.6,1,237,75,1461,0.316,0.4736,0.4388,0.4388,5,0.683544303797468,162,129,528,528,1.23923664531034,1.07347666613718,1.4232271305133,1,1,0.998,6,"1.01 to 1.25","Significant Increase","0.80-1.00"
"E02002176","Wolverhampton 028",NA,388292,296551,52.5667,-2.17416,"5e349073-fec7-497f-9cfa-e0f8be28cde2",5,30.07,50.59,0.1231,0.0449,0.0872,"LargeCentralMetro",0,0,0,0,0,"West Midlands",6,"Wolverhampton 028",59.1,1,276,163,1781,0.591,0.5059,0.3007,0.3007,6,0.409420289855072,113,151,529,529,0.790924853790106,0.672766925655827,0.923735137041111,-1,-1,0.002,1,"0.76 to 0.99","Significant Decrease","<0.01"
"E02002178","Wolverhampton 030",NA,391172,296046,52.5622,-2.13165,"59e2b12d-635f-476e-9d5f-397bd7167ed2",6,57.76,47.92,0.5061,0.0548,0.1167,"LargeCentralMetro",0,0,0,0,0,"West Midlands",8,"Wolverhampton 030",24.8,1,161,40,1131,0.248,0.4792,0.5776,0.5776,8,0.751552795031056,121,88,530,530,1.3639176634539,1.16021037714153,1.59296511105465,2,1,1,6,"1.26 to 1.50","Significant Increase","0.80-1.00"
"E02002183","Bradford 001",NA,407856,448370,53.9314,-1.88184,"cfb663d9-4684-4ecd-90b9-d859bc8b65e2",4,7.07,50.78,0.01,0.003,0.0126,"LargeFringeMetro",1,0,0,0,0,"Yorkshire and the Humber",3,"Bradford 001",66.9,1,311,208,2172,0.669,0.5078,0.0707,0.0707,3,0.331189710610932,103,170,531,531,0.655352880596585,0.554782117721984,0.768762408933963,-2,-1,0,1,"0.51 to 0.75","Significant Decrease","<0.01"
"E02002189","Bradford 007",NA,405315,442409,53.8779,-1.92064,"68fd512a-a4f4-4774-9f0d-514f9e360a65",8,31.25,49.75,0.5473,0.0045,0.0395,"LargeCentralMetro",0,0,0,0,0,"Yorkshire and the Humber",3,"Bradford 007",36.8,1,144,53,790,0.368,0.4975,0.3125,0.3125,3,0.631944444444444,91,79,532,532,1.11807292924529,0.932003791708751,1.3303312945817,1,0,0.882,6,"1.01 to 1.25","Not Significant","0.80-1.00"
"E02002194","Bradford 012",NA,404719,439697,53.8535,-1.92975,"2256d4f1-3468-479d-8adf-92e74caa12cb",10,42.22,50.37,0.0551,0.0036,0.0265,"LargeCentralMetro",0,0,0,0,0,"Yorkshire and the Humber",5,"Bradford 012",25.9,1,270,70,1503,0.259,0.5037,0.4222,0.4222,5,0.740740740740741,200,147,533,533,1.34662562683537,1.18123133200898,1.52857055004218,2,1,1,6,"1.26 to 1.50","Significant Increase","0.80-1.00"
"E02002197","Bradford 015",NA,409618,439352,53.8503,-1.85529,"35537358-6edc-4525-a41b-243a8a4c9337",8,24.35,48.12,0.0287,0.0071,0.0254,"LargeCentralMetro",0,0,0,0,0,"Yorkshire and the Humber",3,"Bradford 015",45.5,1,308,140,1966,0.455,0.4812,0.2435,0.2435,3,0.545454545454545,168,168,534,534,0.995658861144506,0.86483983137882,1.1405766726075,-1,0,0.461,4,"0.76 to 0.99","Not Significant","0.40-0.59"
"E02002199","Bradford 017",NA,418327,439384,53.8504,-1.7229,"05a6a658-0bbb-400f-9f38-24580e1d9483",6,26.22,48.54,0.0312,0.0051,0.0326,"LargeCentralMetro",0,0,0,0,0,"Yorkshire and the Humber",5,"Bradford 017",41.6,1,286,119,1716,0.416,0.4854,0.2622,0.2622,5,0.583916083916084,167,156,535,535,1.05693719546741,0.917311041362176,1.21170811905489,1,0,0.771,5,"1.01 to 1.25","Not Significant","0.60-0.79"
"E02002200","Bradford 018",NA,413043,437851,53.8368,-1.80329,"91ca2bd9-eb79-460f-ab00-5b39100ae05e",7,32.53,48.74,0.1224,0.0069,0.0363,"LargeCentralMetro",0,0,0,0,0,"Yorkshire and the Humber",7,"Bradford 018",34.5,1,249,86,1430,0.345,0.4874,0.3253,0.3253,7,0.654618473895582,163,136,536,536,1.18208615465484,1.02436765679301,1.35710287231658,1,1,0.989,6,"1.01 to 1.25","Significant Increase","0.80-1.00"
"E02002204","Bradford 022",NA,410173,436905,53.8283,-1.84693,"fb713384-cbc0-4029-8486-c5ec4af4fb2d",8,16.54,49.97,0.0835,0.0041,0.0314,"LargeCentralMetro",0,0,0,0,0,"Yorkshire and the Humber",7,"Bradford 022",57.7,1,272,157,1605,0.577,0.4997,0.1654,0.1654,7,0.422794117647059,115,148,537,537,0.808347993012645,0.687657297051185,0.94400891607923,-1,-1,0.004,1,"0.76 to 0.99","Significant Decrease","<0.01"
"E02002212","Bradford 030",NA,412078,435209,53.813,-1.81805,"7c06dfe4-59b6-48b1-90af-e0afe6d21521",5,40.06,73.44,0.738,0.0135,0.0634,"LargeCentralMetro",0,0,0,0,0,"Yorkshire and the Humber",8,"Bradford 030",31.65,2,322,102,1638,0.3165,0.7344,0.4006,0.4006,8,0.683229813664596,220,176,538,538,1.23574989334948,1.08937843018608,1.39619682847481,1,1,1,6,"1.01 to 1.25","Significant Increase","0.80-1.00"
"E02002216","Bradford 034",NA,415428,434849,53.8097,-1.7672,"5090bb56-a166-46f0-8d73-6c8fb05d93da",6,53.16,39.74,0.7623,0.033,0.0575,"LargeCentralMetro",0,0,0,0,0,"Yorkshire and the Humber",2,"Bradford 034",25.9,1,158,41,760,0.259,0.3974,0.5316,0.5316,2,0.740506329113924,117,86,539,539,1.34058075723311,1.13720252311866,1.56971517791917,2,1,1,6,"1.26 to 1.50","Significant Increase","0.80-1.00"
"E02002220","Bradford 038",NA,418956,433979,53.8018,-1.71367,"034038ce-d876-4e2c-8fda-3bb4dc6731a3",4,52.15,43.34,0.7689,0.0164,0.0534,"LargeCentralMetro",0,0,0,0,0,"Yorkshire and the Humber",4,"Bradford 038",32.5,1,163,53,886,0.325,0.4334,0.5215,0.5215,4,0.674846625766871,110,89,540,540,1.24530302711498,1.05365296207535,1.4615960157184,1,1,0.995,6,"1.01 to 1.25","Significant Increase","0.80-1.00"
"E02002223","Bradford 041",NA,414619,433322,53.796,-1.77955,"ab1b846f-757b-4c55-9786-0c2746879027",4,27.54,45.43,0.7305,0.0327,0.0777,"LargeCentralMetro",0,0,0,0,0,"Yorkshire and the Humber",3,"Bradford 041",54.5,1,167,91,832,0.545,0.4543,0.2754,0.2754,3,0.455089820359281,76,91,541,541,0.85261275741855,0.704376842881055,1.02273778102868,-1,0,0.042,2,"0.76 to 0.99","Not Significant","0.01-0.20"
"E02002230","Bradford 048",NA,416027,431865,53.7829,-1.75825,"8b6cf2ee-09af-4201-8c07-fe0902960b47",3,32.89,44.59,0.6054,0.0611,0.1013,"LargeCentralMetro",0,0,0,0,0,"Yorkshire and the Humber",1,"Bradford 048",50.34,3,453,228,2256,0.5034,0.4459,0.3289,0.3289,1,0.496688741721854,225,247,542,542,0.907498820851709,0.801542909322034,1.0234802682532,-1,0,0.056,2,"0.76 to 0.99","Not Significant","0.01-0.20"
"E02002237","Bradford 055",NA,413425,430375,53.7696,-1.79781,"359905c4-9bc2-424a-9357-e5864964d2b2",6,42.2,49.19,0.2891,0.0199,0.0496,"LargeCentralMetro",0,0,0,0,0,"Yorkshire and the Humber",6,"Bradford 055",31.2,1,282,88,1415,0.312,0.4919,0.422,0.422,6,0.687943262411348,194,154,543,543,1.24924627490694,1.09403449742091,1.42018663253089,1,1,1,6,"1.01 to 1.25","Significant Increase","0.80-1.00"
"E02002244","Calderdale 001",NA,407700,430195,53.7681,-1.88467,"a950c8e6-613f-4d53-9df1-c2c270335a55",8,38.74,48.84,0.0053,0.004,0.0194,"LargeCentralMetro",0,0,0,0,0,"Yorkshire and the Humber",7,"Calderdale 001",41.4,1,302,125,1599,0.414,0.4884,0.3874,0.3874,7,0.586092715231788,177,165,544,544,1.09818262080879,0.958403804651679,1.25248447770541,1,0,0.909,6,"1.01 to 1.25","Not Significant","0.80-1.00"
"E02002258","Calderdale 015",NA,415738,423842,53.7108,-1.76304,"f847a2da-7378-4bc9-bcec-037db8d42c32",6,20.57,52.8,0.0161,0.0047,0.0267,"LargeCentralMetro",0,0,0,0,0,"Yorkshire and the Humber",4,"Calderdale 015",25.1,1,175,44,820,0.251,0.528,0.2057,0.2057,4,0.748571428571429,131,95,545,545,1.26561537668785,1.07699105549454,1.47771008162337,2,1,0.998,6,"1.26 to 1.50","Significant Increase","0.80-1.00"
"E02002262","Calderdale 019",NA,413415,423231,53.7053,-1.79826,"6fd993fa-dfab-4ae0-ab0a-6ce6c5970af4",8,23.15,53.3,0.018,0.0053,0.0226,"LargeCentralMetro",0,0,0,0,0,"Yorkshire and the Humber",4,"Calderdale 019",31,1,203,63,1302,0.31,0.533,0.2315,0.2315,4,0.689655172413793,140,111,546,546,1.19878028405951,1.0267386650894,1.39131846152788,1,1,0.989,6,"1.01 to 1.25","Significant Increase","0.80-1.00"
"E02002263","Calderdale 020",NA,403087,423373,53.7068,-1.95471,"8e1d485b-ba21-498d-ab0b-265ef558855a",7,26.98,50.74,0.0068,0.0037,0.0189,"LargeCentralMetro",0,0,0,0,0,"Yorkshire and the Humber",9,"Calderdale 020",56.1,1,278,156,1614,0.561,0.5074,0.2698,0.2698,9,0.438848920863309,122,152,547,547,0.857645252183273,0.73357544002618,0.996544172385631,-1,-1,0.022,2,"0.76 to 0.99","Significant Decrease","0.01-0.20"
"E02002267","Calderdale 024",NA,412968,421302,53.688,-1.80511,"f9d065f1-804e-4be7-8adc-9379b09c3b4c",7,22.16,50.45,0.0265,0.0074,0.0269,"LargeCentralMetro",0,0,0,0,0,"Yorkshire and the Humber",3,"Calderdale 024",60.5,1,352,213,1780,0.605,0.5045,0.2216,0.2216,3,0.394886363636364,139,192,548,548,0.761108797055391,0.655679087827557,0.878552919156185,-1,-1,0,1,"0.76 to 0.99","Significant Decrease","<0.01"
"E02002271","Kirklees 001",NA,419785,428304,53.7508,-1.70145,"1c73f1fa-13ad-426e-b37b-e77df4acc68b",6,22.5,47.61,0.0251,0.006,0.0269,"LargeCentralMetro",0,0,0,0,0,"Yorkshire and the Humber",10,"Kirklees 001",54,1,200,108,1046,0.54,0.4761,0.225,0.225,10,0.46,92,109,549,549,0.889429875990004,0.746276285291828,1.05190445261492,-1,0,0.083,2,"0.76 to 0.99","Not Significant","0.01-0.20"
"E02002285","Kirklees 015",NA,418763,422266,53.6965,-1.71731,"1983eedf-3775-4867-a81f-2dd995b48b2d",6,31.22,47.6,0.0641,0.0045,0.0179,"LargeCentralMetro",0,0,0,0,0,"Yorkshire and the Humber",9,"Kirklees 015",24.3,1,189,46,960,0.243,0.476,0.3122,0.3122,9,0.756613756613757,143,103,550,550,1.33732163915515,1.14792783678581,1.54893653452113,2,1,1,6,"1.26 to 1.50","Significant Increase","0.80-1.00"
"E02002286","Kirklees 016",NA,422893,422529,53.6987,-1.65474,"9d62285d-925e-447d-b070-684b50c52452",7,47.43,42.66,0.4303,0.0084,0.0505,"LargeCentralMetro",0,0,0,0,0,"Yorkshire and the Humber",5,"Kirklees 016",36,1,175,63,919,0.36,0.4266,0.4743,0.4743,5,0.64,112,95,551,551,1.1976302987495,1.01542508072307,1.40295162772866,1,1,0.984,6,"1.01 to 1.25","Significant Increase","0.80-1.00"
"E02002287","Kirklees 017",NA,424095,422068,53.6945,-1.63657,"0819ff39-41f4-4a86-a228-c48b7837cbc8",8,37.93,47.31,0.5577,0.0138,0.049,"LargeCentralMetro",0,0,0,0,0,"Yorkshire and the Humber",4,"Kirklees 017",25.3,1,174,44,928,0.253,0.4731,0.3793,0.3793,4,0.747126436781609,130,95,552,552,1.31160075103051,1.11845188519701,1.52842948078558,2,1,1,6,"1.26 to 1.50","Significant Increase","0.80-1.00"
"E02002288","Kirklees 018",NA,425889,421283,53.6874,-1.60947,"7b958f31-c096-4140-9517-182b742b9aa4",8,35.53,49.08,0.1012,0.0093,0.0313,"LargeCentralMetro",0,0,0,0,0,"Yorkshire and the Humber",4,"Kirklees 018",54.8,1,197,108,1037,0.548,0.4908,0.3553,0.3553,4,0.451776649746193,89,107,553,553,0.901279761859042,0.755906240286726,1.06629341607165,-1,0,0.109,2,"0.76 to 0.99","Not Significant","0.01-0.20"
"E02002291","Kirklees 021",NA,419160,421047,53.6856,-1.71137,"d07223c6-4038-413f-b538-6cb1f216495f",7,16.2,50.72,0.028,0.0098,0.0273,"LargeCentralMetro",0,0,0,0,0,"Yorkshire and the Humber",3,"Kirklees 021",48.6,1,216,105,1323,0.486,0.5072,0.162,0.162,3,0.513888888888889,111,118,554,554,0.923715300730746,0.781083854506992,1.08477431582727,-1,0,0.161,2,"0.76 to 0.99","Not Significant","0.01-0.20"
"E02002292","Kirklees 022",NA,415870,420709,53.6826,-1.7612,"40454c8e-9475-4b13-bd95-36972578d0ec",6,33.9,50.28,0.1854,0.0546,0.0721,"LargeCentralMetro",0,0,0,0,0,"Yorkshire and the Humber",6,"Kirklees 022",37.9,1,177,67,901,0.379,0.5028,0.339,0.339,6,0.621468926553672,110,97,555,555,1.11086941994283,0.938681947462047,1.30540267698134,1,0,0.886,6,"1.01 to 1.25","Not Significant","0.80-1.00"
"E02002299","Kirklees 029",NA,415537,418398,53.6619,-1.76636,"423f7370-63ce-4e28-9947-a031dacf9add",7,60.1,49.95,0.2771,0.1381,0.145,"LargeCentralMetro",0,0,0,0,0,"Yorkshire and the Humber",4,"Kirklees 029",25.8,1,198,51,1039,0.258,0.4995,0.601,0.601,4,0.742424242424242,147,108,556,556,1.33986851826801,1.1535294948184,1.54761211583067,2,1,1,6,"1.26 to 1.50","Significant Increase","0.80-1.00"
"E02002305","Kirklees 035",NA,416163,417322,53.6522,-1.75694,"75e7b125-031d-4ef7-a8b5-a74fe5458569",8,54.36,49.82,0.1331,0.09,0.1122,"LargeCentralMetro",0,0,0,0,0,"Yorkshire and the Humber",6,"Kirklees 035",37.6,1,149,56,855,0.376,0.4982,0.5436,0.5436,6,0.624161073825503,93,81,557,557,1.18056483492799,0.989575930159067,1.39751587554328,1,0,0.967,6,"1.01 to 1.25","Not Significant","0.80-1.00"
"E02002308","Kirklees 038",NA,411004,417000,53.6494,-1.835,"8d0c54e4-9bed-49b9-ba6b-28a8ea81657e",7,26.95,50.68,0.0646,0.0209,0.0631,"LargeCentralMetro",0,0,0,0,0,"Yorkshire and the Humber",6,"Kirklees 038",54.6,1,282,154,1401,0.546,0.5068,0.2695,0.2695,6,0.453900709219858,128,154,558,558,0.859042010026726,0.735497722849893,0.997283741702467,-1,-1,0.023,2,"0.76 to 0.99","Significant Decrease","0.01-0.20"
"E02002314","Kirklees 044",NA,416990,414988,53.6312,-1.74456,"ecccc090-6627-4633-b668-0594b8228770",8,25.24,47.84,0.0467,0.0379,0.0544,"LargeCentralMetro",0,0,0,0,0,"Yorkshire and the Humber",6,"Kirklees 044",47.1,1,210,99,1064,0.471,0.4784,0.2524,0.2524,6,0.528571428571429,111,115,559,559,0.968859656609054,0.82044922527129,1.13625326025256,-1,0,0.336,3,"0.76 to 0.99","Not Significant","0.20-0.39"
"E02002317","Kirklees 047",NA,411931,414878,53.6303,-1.82106,"d29015b7-7773-40d2-99c2-700c6e002c79",6,44.93,49.77,0.3201,0.0577,0.078,"LargeCentralMetro",0,0,0,0,0,"Yorkshire and the Humber",3,"Kirklees 047",44.9,1,207,93,1065,0.449,0.4977,0.4493,0.4493,3,0.550724637681159,114,113,560,560,1.03523215925261,0.879404714466273,1.2105816794724,1,0,0.649,5,"1.01 to 1.25","Not Significant","0.60-0.79"
"E02002319","Kirklees 049",NA,408764,413247,53.6157,-1.86899,"fb48eb28-56da-420a-81fa-7e558852e692",5,28.91,49.03,0.0102,0.0057,0.0251,"LargeCentralMetro",0,0,0,0,0,"Yorkshire and the Humber",9,"Kirklees 049",34,1,294,100,1440,0.34,0.4903,0.2891,0.2891,9,0.659863945578231,194,160,561,561,1.19317171049236,1.04447203176986,1.35699582892227,1,1,0.996,6,"1.01 to 1.25","Significant Increase","0.80-1.00"
"E02002326","Kirklees 056",NA,420355,410788,53.5933,-1.69394,"0c443612-9545-455d-844a-bc55b7c88ba6",4,17.98,49.49,0.0153,0.0045,0.0136,"Micropolitan",0,0,0,1,0,"Yorkshire and the Humber",6,"Kirklees 056",59.6,1,356,212,1279,0.596,0.4949,0.1798,0.1798,6,0.404494382022472,144,194,562,562,0.775941090021428,0.669406686493013,0.894502034190332,-1,-1,0,1,"0.76 to 0.99","Significant Decrease","<0.01"
"E02002329","Kirklees 059",NA,416360,407186,53.5611,-1.75449,"5ae1d84b-262a-4da4-8800-21540322d216",4,12.64,50.26,0.0065,0.0068,0.0171,"LargeCentralMetro",0,0,0,0,0,"Yorkshire and the Humber",9,"Kirklees 059",74.7,1,261,195,1329,0.747,0.5026,0.1264,0.1264,9,0.252873563218391,66,142,563,563,0.572614276166081,0.474623557826365,0.684673427765571,-2,-1,0,1,"0.51 to 0.75","Significant Decrease","<0.01"
"E02002331","Leeds 002",NA,442708,447639,53.9231,-1.35117,"66ed12f3-996a-4060-9580-8c5ac5ec838b",7,25.38,51.98,0.0215,0.0099,0.0206,"LargeCentralMetro",0,0,0,0,0,"Yorkshire and the Humber",6,"Leeds 002",53.1,1,130,69,783,0.531,0.5198,0.2538,0.2538,6,0.469230769230769,61,71,564,564,0.915091704445762,0.74732271841682,1.10915206920972,-1,0,0.175,2,"0.76 to 0.99","Not Significant","0.01-0.20"
"E02002332","Leeds 003",NA,419730,446090,53.9106,-1.70115,"082ebeee-3ed8-4ca7-9f7a-60ba02edee74",4,14.29,46.28,0.0158,0.0051,0.0176,"LargeCentralMetro",0,0,0,0,0,"Yorkshire and the Humber",5,"Leeds 003",61.9,1,252,156,1638,0.619,0.4628,0.1429,0.1429,5,0.380952380952381,96,137,565,565,0.739659256136959,0.622434961160796,0.872426905848969,-2,-1,0,1,"0.51 to 0.75","Significant Decrease","<0.01"
"E02002337","Leeds 008",NA,416431,442679,53.8801,-1.75155,"a4ccad12-eb76-407f-bf21-0f0388afcd4f",2,7.29,48.97,0.0206,0.0038,0.0255,"LargeCentralMetro",0,0,0,0,0,"Yorkshire and the Humber",4,"Leeds 008",59.9,1,192,115,1213,0.599,0.4897,0.0729,0.0729,4,0.401041666666667,77,105,566,566,0.740455047839011,0.61212152679572,0.887677095656707,-2,-1,0.001,1,"0.51 to 0.75","Significant Decrease","<0.01"
"E02002338","Leeds 009",NA,419207,441545,53.8698,-1.70939,"3bdd8938-9fb7-4978-8ab6-b889faec170e",4,13.51,50.11,0.0194,0.0043,0.0224,"LargeCentralMetro",0,0,0,0,0,"Yorkshire and the Humber",8,"Leeds 009",52.3,1,222,116,1427,0.523,0.5011,0.1351,0.1351,8,0.477477477477477,106,121,567,567,0.878230532195653,0.741406724566233,1.0328942398429,-1,0,0.057,2,"0.76 to 0.99","Not Significant","0.01-0.20"
"E02002346","Leeds 017",NA,424892,439381,53.8501,-1.62311,"2ce87cb0-c7a5-4d5f-a2de-f1afb78b2584",4,29.31,48.31,0.0649,0.0099,0.0849,"LargeCentralMetro",0,0,0,0,0,"Yorkshire and the Humber",9,"Leeds 017",35.6,1,174,62,1004,0.356,0.4831,0.2931,0.2931,9,0.64367816091954,112,95,568,568,1.12764466335901,0.952395294203752,1.3257260772944,1,0,0.916,6,"1.01 to 1.25","Not Significant","0.80-1.00"
"E02002347","Leeds 018",NA,429641,439364,53.8497,-1.55093,"3088a06a-a445-4997-8c2f-65932b2d1ab4",6,24.8,48.79,0.2039,0.0618,0.1372,"LargeCentralMetro",0,0,0,0,0,"Yorkshire and the Humber",3,"Leeds 018",67.7,2,254,172,1824,0.677,0.4879,0.248,0.248,3,0.322834645669291,82,139,569,569,0.642536432697252,0.536044922445601,0.763862998294472,-2,-1,0,1,"0.51 to 0.75","Significant Decrease","<0.01"
"E02002350","Leeds 021",NA,423369,439052,53.8472,-1.64629,"7b3d1c0f-a70b-45b9-bdaf-99c25e88f94e",4,22.71,47.49,0.0272,0.0032,0.0303,"LargeCentralMetro",0,0,0,0,0,"Yorkshire and the Humber",3,"Leeds 021",62.2,1,251,156,1773,0.622,0.4749,0.2271,0.2271,3,0.378486055776892,95,137,570,570,0.743909766738526,0.626232509844047,0.877143783008985,-2,-1,0,1,"0.51 to 0.75","Significant Decrease","<0.01"
"E02002352","Leeds 023",NA,430940,438599,53.8427,-1.53126,"c9590df7-f954-4dd5-a387-5bc815604014",2,29.93,48.11,0.2008,0.0298,0.069,"LargeCentralMetro",0,0,0,0,0,"Yorkshire and the Humber",2,"Leeds 023",50,1,304,152,1742,0.5,0.4811,0.2993,0.2993,2,0.5,152,166,571,571,0.912260799615706,0.787735355551866,1.05078634906592,-1,0,0.099,2,"0.76 to 0.99","Not Significant","0.01-0.20"
"E02002354","Leeds 025",NA,429734,437951,53.837,-1.54965,"cf34faaa-384f-4579-8a72-39ae7b921e8e",4,14.29,51.69,0.2736,0.0395,0.0841,"LargeCentralMetro",0,0,0,0,0,"Yorkshire and the Humber",8,"Leeds 025",73.1,1,175,128,919,0.731,0.5169,0.1429,0.1429,8,0.268571428571429,47,95,572,572,0.60031474210093,0.485713872938687,0.733634623459662,-2,-1,0,1,"0.51 to 0.75","Significant Decrease","<0.01"
"E02002362","Leeds 033",NA,425477,437486,53.833,-1.61438,"8ff41a2f-4ba1-4b00-84a3-448df3b06c13",7,25.1,51.83,0.0896,0.0484,0.0975,"LargeCentralMetro",0,0,0,0,0,"Yorkshire and the Humber",5,"Leeds 033",62.3,1,239,149,1615,0.623,0.5183,0.251,0.251,5,0.376569037656904,90,130,573,573,0.739916037370323,0.620441206584504,0.875562531937345,-2,-1,0,1,"0.51 to 0.75","Significant Decrease","<0.01"
"E02002379","Leeds 050",NA,435250,435459,53.8142,-1.46612,"44921258-23cc-496b-90bb-c7cd0bbce666",8,63.01,49.51,0.0385,0.0765,0.0503,"LargeCentralMetro",0,0,0,0,0,"Yorkshire and the Humber",4,"Leeds 050",21.5,1,219,47,1016,0.215,0.4951,0.6301,0.6301,4,0.785388127853881,172,119,574,574,1.45974972865043,1.2707472888963,1.66878034734314,2,1,1,6,"1.26 to 1.50","Significant Increase","0.80-1.00"
"E02002381","Leeds 052",NA,422656,435612,53.8163,-1.65738,"1c411653-68b4-497d-be52-b782588258a6",5,35.82,53.17,0.0199,0.0105,0.029,"LargeCentralMetro",0,0,0,0,0,"Yorkshire and the Humber",6,"Leeds 052",38.3,1,282,108,1450,0.383,0.5317,0.3582,0.3582,6,0.617021276595745,174,154,575,575,1.12983532083181,0.98369700971444,1.29144929370898,1,0,0.957,6,"1.01 to 1.25","Not Significant","0.80-1.00"
"E02002393","Leeds 064",NA,431412,434362,53.8046,-1.52452,"4743627f-8681-427f-b080-7f4f15a54066",2,62.79,48.3,0.1648,0.3629,0.1512,"LargeCentralMetro",0,0,0,0,0,"Yorkshire and the Humber",10,"Leeds 064",18,1,172,31,969,0.18,0.483,0.6279,0.6279,10,0.819767441860465,141,94,576,576,1.47402671969104,1.26510248667425,1.70746425649972,2,1,1,6,"1.26 to 1.50","Significant Increase","0.80-1.00"
"E02002404","Leeds 075",NA,431764,432886,53.7913,-1.51933,"e064c232-2502-498b-94cf-ebd1124e29e0",5,42.11,50,0.0972,0.1174,0.0818,"LargeCentralMetro",0,0,0,0,0,"Yorkshire and the Humber",1,"Leeds 075",38.9,1,190,74,940,0.389,0.5,0.4211,0.4211,1,0.610526315789474,116,104,577,577,1.10087071756234,0.933895113389635,1.28898388313769,1,0,0.87,6,"1.01 to 1.25","Not Significant","0.80-1.00"
"E02002408","Leeds 079",NA,422976,432671,53.7899,-1.65274,"a20ad2a0-ce3a-430d-83c6-5890af6e3599",6,23.82,48.85,0.0312,0.0074,0.0208,"LargeCentralMetro",0,0,0,0,0,"Yorkshire and the Humber",8,"Leeds 079",44.08,2,445,196,2471,0.4408,0.4885,0.2382,0.2382,8,0.559550561797753,249,243,578,578,1.02499438003263,0.910546672133524,1.14975321462695,1,0,0.649,5,"1.01 to 1.25","Not Significant","0.60-0.79"
"E02002412","Leeds 083",NA,425919,431238,53.7769,-1.60818,"229aac43-7589-4571-b74c-eb783284ae35",7,29.69,48.17,0.0454,0.0241,0.0329,"LargeCentralMetro",0,0,0,0,0,"Yorkshire and the Humber",4,"Leeds 083",50.9,1,293,149,1501,0.509,0.4817,0.2969,0.2969,4,0.491467576791809,144,160,579,579,0.924008164586858,0.796629925966964,1.06584446745008,-1,0,0.135,2,"0.76 to 0.99","Not Significant","0.01-0.20"
"E02002416","Leeds 087",NA,438594,430347,53.7681,-1.41597,"bde32f3b-6dd3-4bc2-b86e-649ce6275395",7,19.6,49.79,0.018,0.0057,0.0214,"LargeCentralMetro",0,0,0,0,0,"Yorkshire and the Humber",6,"Leeds 087",65.4,1,301,197,1880,0.654,0.4979,0.196,0.196,6,0.345514950166113,104,164,580,580,0.699208504169564,0.593119500759649,0.818652168769978,-2,-1,0,1,"0.51 to 0.75","Significant Decrease","<0.01"
"E02002430","Leeds 101",NA,429549,427555,53.7436,-1.55345,"3ef3bc47-bd9d-4276-8880-17d7d0639a1b",9,40.15,51.14,0.0213,0.0924,0.0506,"LargeCentralMetro",0,0,0,0,0,"Yorkshire and the Humber",5,"Leeds 101",45.3,1,274,124,1277,0.453,0.5114,0.4015,0.4015,5,0.547445255474453,150,149,581,581,1.03785119559737,0.897206908693345,1.19415435552554,1,0,0.681,5,"1.01 to 1.25","Not Significant","0.60-0.79"
"E02002432","Leeds 103",NA,440124,427273,53.7403,-1.39316,"729c47c2-c2da-4d8c-ba61-21de9ef26e45",8,17.6,49.62,0.0094,0.0061,0.0199,"MediumMetro",0,1,0,0,0,"Yorkshire and the Humber",8,"Leeds 103",46.4,1,233,108,1332,0.464,0.4962,0.176,0.176,8,0.536480686695279,125,127,582,582,0.977357504873065,0.833291666981174,1.13907918204027,-1,0,0.371,3,"0.76 to 0.99","Not Significant","0.20-0.39"
"E02002433","Leeds 104",NA,426529,427330,53.7417,-1.59926,"ba2d2122-aa71-4240-8614-6c6db6c2a5db",7,25.64,48.73,0.0356,0.0134,0.0304,"LargeCentralMetro",0,0,0,0,0,"Yorkshire and the Humber",7,"Leeds 104",60.1,1,273,164,1422,0.601,0.4873,0.2564,0.2564,7,0.399267399267399,109,149,583,583,0.791641590911807,0.672805568456658,0.925274194482146,-1,-1,0.002,1,"0.76 to 0.99","Significant Decrease","<0.01"
"E02002434","Leeds 105",NA,431826,426554,53.7344,-1.51903,"0c999d3d-28bf-44f6-bc09-15cd7a2b799c",4,19.43,49.7,0.0313,0.0329,0.0288,"LargeCentralMetro",0,0,0,0,0,"Yorkshire and the Humber",10,"Leeds 105",52.2,1,314,164,1654,0.522,0.497,0.1943,0.1943,10,0.477707006369427,150,171,584,584,0.893927384833048,0.7722555079515,1.02922023494503,-1,0,0.058,2,"0.76 to 0.99","Not Significant","0.01-0.20"
"E02002435","Leeds 106",NA,425470,426462,53.734,-1.61539,"444b4b9e-f01f-42cd-be41-c131c1ec1ec2",5,23.56,46.74,0.0522,0.0128,0.0325,"LargeCentralMetro",0,0,0,0,0,"Yorkshire and the Humber",7,"Leeds 106",53.61,2,556,298,3149,0.5361,0.4674,0.2356,0.2356,7,0.464028776978417,258,303,585,585,0.865621091335555,0.771052393520948,0.968502119793268,-1,-1,0.006,1,"0.76 to 0.99","Significant Decrease","<0.01"
"E02002439","Wakefield 002",NA,442759,425710,53.7261,-1.35343,"3f4ce253-93fe-47f5-a998-0afe8415f825",9,26.44,48.34,0.0167,0.006,0.0174,"LargeCentralMetro",0,0,0,0,0,"Yorkshire and the Humber",4,"Wakefield 002",50.5,1,295,149,1477,0.505,0.4834,0.2644,0.2644,4,0.494915254237288,146,161,586,586,0.930181948956451,0.802570702578241,1.07220070225334,-1,0,0.154,2,"0.76 to 0.99","Not Significant","0.01-0.20"
"E02002440","Wakefield 003",NA,444916,425182,53.7211,-1.32082,"64328565-4a5f-45d6-9741-54b8e263fbb1",9,48.21,51.36,0.0057,0.0105,0.0096,"LargeCentralMetro",0,0,0,0,0,"Yorkshire and the Humber",7,"Wakefield 003",25.1,1,195,49,1063,0.251,0.5136,0.4821,0.4821,7,0.748717948717949,146,106,587,587,1.3879671138782,1.1962029618899,1.6015755570486,2,1,1,6,"1.26 to 1.50","Significant Increase","0.80-1.00"
"E02002447","Wakefield 010",NA,450872,423339,53.704,-1.23087,"855a2c81-cb80-41ab-aa0d-46c9c2428b40",8,36.73,50.4,0.0099,0.0045,0.012,"LargeCentralMetro",0,0,0,0,0,"Yorkshire and the Humber",9,"Wakefield 010",46.9,1,147,69,869,0.469,0.504,0.3673,0.3673,9,0.530612244897959,78,80,588,588,1.0525025510167,0.874752383403844,1.25557213388421,1,0,0.694,5,"1.01 to 1.25","Not Significant","0.60-0.79"
"E02002451","Wakefield 014",NA,431046,423248,53.7048,-1.53119,"ec03930d-2fee-4f80-a91e-516a79f91259",6,19.01,49.12,0.0221,0.0072,0.0194,"LargeCentralMetro",0,0,0,0,0,"Yorkshire and the Humber",9,"Wakefield 014",52.9,1,342,181,1932,0.529,0.4912,0.1901,0.1901,9,0.470760233918129,161,187,589,589,0.881165286711821,0.764704377211052,1.010241626164,-1,0,0.034,2,"0.76 to 0.99","Not Significant","0.01-0.20"
"E02002457","Wakefield 020",NA,434502,421366,53.6876,-1.47905,"c6bc794e-bf95-4da9-a245-c9e70527f491",8,41.26,53.78,0.1707,0.0559,0.0576,"LargeCentralMetro",0,0,0,0,0,"Yorkshire and the Humber",2,"Wakefield 020",29.4,1,143,42,900,0.294,0.5378,0.4126,0.4126,2,0.706293706293706,101,78,590,590,1.24890068500061,1.04825831239197,1.47667870253829,1,1,0.994,6,"1.01 to 1.25","Significant Increase","0.80-1.00"
"E02002460","Wakefield 023",NA,445365,420489,53.6789,-1.3147,"627719ba-362b-49e9-a7c3-b7983a32a12f",7,26.62,49.88,0.0092,0.0035,0.0115,"LargeCentralMetro",0,0,0,0,0,"Yorkshire and the Humber",6,"Wakefield 023",53.23,2,402,214,2059,0.5323,0.4988,0.2662,0.2662,6,0.467661691542289,188,219,591,591,0.886340095188399,0.776591436538361,1.0071437023763,-1,0,0.032,2,"0.76 to 0.99","Not Significant","0.01-0.20"
"E02002461","Wakefield 024",NA,439902,420878,53.6829,-1.39735,"cd1730ad-9304-4088-b523-70529e7cb02a",8,20.9,47.94,0.0158,0.0076,0.0153,"LargeCentralMetro",0,0,0,0,0,"Yorkshire and the Humber",10,"Wakefield 024",49.6,1,268,133,1481,0.496,0.4794,0.209,0.209,10,0.503731343283582,135,146,592,592,0.948306455144809,0.814230288688988,1.09803821039895,-1,0,0.231,3,"0.76 to 0.99","Not Significant","0.20-0.39"
"E02002462","Wakefield 025",NA,427284,419551,53.6717,-1.5885,"652f5711-23a7-442b-ab0e-c8bfa4980580",8,17.97,47.28,0.0112,0.0044,0.0133,"LargeCentralMetro",0,0,0,0,0,"Yorkshire and the Humber",4,"Wakefield 025",55.3,1,295,163,1728,0.553,0.4728,0.1797,0.1797,4,0.447457627118644,132,161,593,593,0.841510829059732,0.721521305363511,0.975642864902609,-1,-1,0.011,2,"0.76 to 0.99","Significant Decrease","0.01-0.20"
"E02002464","Wakefield 027",NA,442940,420073,53.6754,-1.35146,"88b9b83b-981b-480c-91be-6996d8d9b450",9,35.63,43.89,0.0114,0.0065,0.0139,"LargeCentralMetro",0,0,0,0,0,"Yorkshire and the Humber",9,"Wakefield 027",35.6,1,87,31,524,0.356,0.4389,0.3563,0.3563,9,0.64367816091954,56,47,594,594,1.21497894712387,0.983527919526765,1.48443028023715,1,0,0.964,6,"1.01 to 1.25","Not Significant","0.80-1.00"
"E02002468","Wakefield 031",NA,430015,418147,53.659,-1.5473,"4977aa04-406e-4e55-bda3-c34b29d75ee2",6,20.41,50.23,0.013,0.0029,0.02,"LargeCentralMetro",0,0,0,0,0,"Yorkshire and the Humber",5,"Wakefield 031",52.6,1,196,103,1075,0.526,0.5023,0.2041,0.2041,5,0.474489795918367,93,107,595,595,0.888778902248781,0.744824324121584,1.05233197662376,-1,0,0.083,2,"0.76 to 0.99","Not Significant","0.01-0.20"
"E02002469","Wakefield 032",NA,437995,415645,53.636,-1.42685,"5391462d-4790-4672-ad17-ca296a4ec8a2",4,33.33,46.36,0.0107,0.0093,0.0139,"MediumMetro",0,1,0,0,0,"Yorkshire and the Humber",9,"Wakefield 032",47,1,198,93,1059,0.47,0.4636,0.3333,0.3333,9,0.53030303030303,105,108,596,596,1.01067536269042,0.854496398658183,1.18699720538519,1,0,0.533,4,"1.01 to 1.25","Not Significant","0.40-0.59"
"E02002470","Wakefield 033",NA,433830,417469,53.6526,-1.48964,"6c5259ef-b0e1-4185-bc35-40561eaa65c3",5,22.3,49.54,0.0537,0.0101,0.0242,"LargeCentralMetro",0,0,0,0,0,"Yorkshire and the Humber",5,"Wakefield 033",45.3,1,148,67,763,0.453,0.4954,0.223,0.223,5,0.547297297297297,81,81,597,597,0.985556080959507,0.816290140905054,1.17950417990858,-1,0,0.419,4,"0.76 to 0.99","Not Significant","0.40-0.59"
"E02002474","Wakefield 037",NA,432479,415808,53.6378,-1.51026,"74394821-17f6-4201-b3b0-fff1d075268f",6,22.22,50.6,0.0174,0.0138,0.0247,"LargeCentralMetro",0,0,0,0,0,"Yorkshire and the Humber",9,"Wakefield 037",47.3,1,315,149,1672,0.473,0.506,0.2222,0.2222,9,0.526984126984127,166,172,598,598,0.973415324544722,0.8455793972684,1.11501242676908,-1,0,0.337,3,"0.76 to 0.99","Not Significant","0.20-0.39"
"E02002480","Wakefield 043",NA,446238,411258,53.5959,-1.30285,"54fbf7e1-5305-449d-8b64-e8db1ee8b10e",8,30.8,50.1,0.0055,0.0064,0.0115,"LargeCentralMetro",0,0,0,0,0,"Yorkshire and the Humber",7,"Wakefield 043",36.4,1,250,91,1575,0.364,0.501,0.308,0.308,7,0.636,159,136,599,599,1.16441565712568,1.00812137729114,1.33795873355383,1,1,0.981,6,"1.01 to 1.25","Significant Increase","0.80-1.00"
"E02002485","Hartlepool 003",NA,449809,533772,54.6965,-1.22872,"2914d187-efae-4f73-be59-9a6b64cc84e5",10,51.48,50.85,0.0188,0.0029,0.0129,"LargeCentralMetro",0,0,0,0,0,"North East",2,"Hartlepool 003",57.4,1,237,136,1294,0.574,0.5085,0.5148,0.5148,2,0.426160337552743,101,129,600,600,0.899077902322253,0.763050964996491,1.05213157044386,-1,0,0.09,2,"0.76 to 0.99","Not Significant","0.01-0.20"
"E02002491","Hartlepool 009",NA,449016,531030,54.672,-1.24148,"eb766a66-0518-4f58-84a9-97c6677abf40",10,30.08,50.75,0.0105,0.0053,0.0134,"LargeCentralMetro",0,0,0,0,0,"North East",6,"Hartlepool 009",33.8,1,266,90,1472,0.338,0.5075,0.3008,0.3008,6,0.661654135338346,176,145,601,601,1.20050965598615,1.04523599269629,1.37223433575472,1,1,0.995,6,"1.01 to 1.25","Significant Increase","0.80-1.00"
"E02002499","Middlesbrough 004",NA,451595,518719,54.5611,-1.20366,"1b483a22-77de-49c5-90a3-d1c992b2ee3b",9,65.81,48.88,0.0172,0.0202,0.0242,"LargeCentralMetro",0,0,0,0,0,"North East",10,"Middlesbrough 004",20.6,1,155,32,1027,0.206,0.4888,0.6581,0.6581,10,0.793548387096774,123,85,602,602,1.51805559805315,1.29745159732534,1.76519529909383,3,1,1,6,"1.51 to 1.75","Significant Increase","0.80-1.00"
"E02002502","Middlesbrough 007",NA,453094,518518,54.5591,-1.18052,"862c257f-92b9-4dc7-a0ab-b48bfc7cd4a2",10,66.14,50.41,0.008,0.0134,0.0188,"LargeCentralMetro",0,0,0,0,0,"North East",10,"Middlesbrough 007",29.9,1,127,38,738,0.299,0.5041,0.6614,0.6614,10,0.700787401574803,89,69,603,603,1.42089794234592,1.19273928430193,1.67970310420826,2,1,1,6,"1.26 to 1.50","Significant Increase","0.80-1.00"
"E02002503","Middlesbrough 008",NA,447425,518311,54.5578,-1.2682,"1acef1ea-8e39-4828-93f0-30e1081852b9",8,38.89,51.12,0.0811,0.0176,0.0534,"LargeCentralMetro",0,0,0,0,0,"North East",5,"Middlesbrough 008",44.4,1,234,104,1565,0.444,0.5112,0.3889,0.3889,5,0.555555555555556,130,128,604,604,1.04040005710296,0.891118059254008,1.2074052131262,1,0,0.681,5,"1.01 to 1.25","Not Significant","0.60-0.79"
"E02002506","Middlesbrough 011",NA,450289,517491,54.5502,-1.22406,"7492d404-a364-4903-b7e7-4afe31bd705e",10,40.09,49.81,0.0682,0.0186,0.0454,"LargeCentralMetro",0,0,0,0,0,"North East",5,"Middlesbrough 011",40.1,1,222,89,1303,0.401,0.4981,0.4009,0.4009,5,0.599099099099099,133,121,605,605,1.11851014537164,0.959012190576363,1.29681986608366,1,0,0.921,6,"1.01 to 1.25","Not Significant","0.80-1.00"
"E02002507","Middlesbrough 012",NA,448762,516832,54.5444,-1.24778,"f307c191-7111-4118-a7e6-b1ddc7582897",4,47.55,49.62,0.1262,0.0037,0.0367,"LargeCentralMetro",0,0,0,0,0,"North East",4,"Middlesbrough 012",47.1,1,204,96,1185,0.471,0.4962,0.4755,0.4755,4,0.529411764705882,108,111,606,606,1.02987771223422,0.873461591021363,1.20605641407979,1,0,0.624,5,"1.01 to 1.25","Not Significant","0.60-0.79"
"E02002514","Middlesbrough 019",NA,450807,514280,54.5213,-1.21661,"faeaa2f9-03a7-4b55-a36d-b4ea715d0a38",9,41.78,51.13,0.0144,0.0038,0.0191,"LargeCentralMetro",0,0,0,0,0,"North East",8,"Middlesbrough 019",30.5,1,213,65,1416,0.305,0.5113,0.4178,0.4178,8,0.694835680751174,148,116,607,607,1.28400283058859,1.10748087468672,1.48052262401383,2,1,1,6,"1.26 to 1.50","Significant Increase","0.80-1.00"
"E02002516","Redcar and Cleveland 002",NA,459812,524195,54.6094,-1.0755,"72016103-21ed-4cfb-81a5-e25eca57b837",9,24.31,53.3,0.0073,0.0014,0.014,"LargeCentralMetro",0,0,0,0,0,"North East",10,"Redcar and Cleveland 002",56.3,1,144,81,743,0.563,0.533,0.2431,0.2431,10,0.4375,63,79,608,608,0.890545829890035,0.731102969606145,1.07424395479512,-1,0,0.109,2,"0.76 to 0.99","Not Significant","0.01-0.20"
"E02002520","Redcar and Cleveland 006",NA,463069,521528,54.585,-1.02565,"e34a3aa4-6465-4f97-8e17-0888b9c7dfdc",8,14.69,50.18,0.0041,0.0011,0.0092,"MediumMetro",0,1,0,0,0,"North East",7,"Redcar and Cleveland 006",55.9,1,143,80,823,0.559,0.5018,0.1469,0.1469,7,0.440559440559441,63,78,609,609,0.84586539090353,0.691239915668969,1.02465949820692,-1,0,0.043,2,"0.76 to 0.99","Not Significant","0.01-0.20"
"E02002535","Stockton-on-Tees 001",NA,445722,525557,54.6231,-1.29341,"b95f56cf-7a95-4b87-abf5-3a1ac0eacc13",8,25.69,49.45,0.0074,0.0015,0.0071,"MediumMetro",0,1,0,0,0,"North East",9,"Stockton-on-Tees 001",49.3,1,288,142,1541,0.493,0.4945,0.2569,0.2569,9,0.506944444444444,146,157,610,610,0.958202691222848,0.826852030718704,1.10436717053979,-1,0,0.268,3,"0.76 to 0.99","Not Significant","0.20-0.39"
"E02002537","Stockton-on-Tees 003",NA,450047,523715,54.6061,-1.22675,"83d09a47-6202-4ba6-86e8-af15e981cfeb",10,34.36,54.93,0.0098,0.002,0.0114,"LargeCentralMetro",0,0,0,0,0,"North East",6,"Stockton-on-Tees 003",35.9,1,195,70,943,0.359,0.5493,0.3436,0.3436,6,0.641025641025641,125,106,611,611,1.18349433951454,1.00984838796942,1.37830139853857,1,1,0.981,6,"1.01 to 1.25","Significant Increase","0.80-1.00"
"E02002544","Stockton-on-Tees 010",NA,445436,520567,54.5783,-1.29861,"d6b3ddd9-55cb-4261-a3af-0813241d0a5e",10,54.92,48.28,0.0129,0.0177,0.0181,"LargeCentralMetro",0,0,0,0,0,"North East",3,"Stockton-on-Tees 010",48.4,1,122,59,816,0.484,0.4828,0.5492,0.5492,3,0.516393442622951,63,67,612,612,1.09080922637076,0.897671724798669,1.31290020720339,1,0,0.801,6,"1.01 to 1.25","Not Significant","0.80-1.00"
"E02002547","Stockton-on-Tees 013",NA,442334,519371,54.5678,-1.34677,"a4c87334-5f19-4f62-94f0-c33789881457",8,33.33,46.77,0.0342,0.0061,0.0128,"LargeCentralMetro",0,0,0,0,0,"North East",2,"Stockton-on-Tees 013",44.13,2,399,176,2042,0.4413,0.4677,0.3333,0.3333,2,0.558897243107769,223,218,613,613,1.032456571702,0.912161711159418,1.16410036837674,1,0,0.685,5,"1.01 to 1.25","Not Significant","0.60-0.79"
"E02002549","Stockton-on-Tees 015",NA,441034,518650,54.5614,-1.36697,"ca59652b-9dd0-48aa-9777-b339663d5de5",8,22.32,51.42,0.0184,0.0054,0.0105,"LargeCentralMetro",0,0,0,0,0,"North East",4,"Stockton-on-Tees 015",47.8,1,224,107,1165,0.478,0.5142,0.2232,0.2232,4,0.522321428571429,117,122,614,614,0.965707920544025,0.820730400204511,1.12881046793542,-1,0,0.318,3,"0.76 to 0.99","Not Significant","0.20-0.39"
"E02002552","Stockton-on-Tees 018",NA,446295,516789,54.5443,-1.28591,"a690e5a6-0e68-4114-9183-af4d44ff9fb5",9,42.05,51.82,0.0348,0.0099,0.0185,"LargeCentralMetro",0,0,0,0,0,"North East",8,"Stockton-on-Tees 018",30.7,1,88,27,550,0.307,0.5182,0.4205,0.4205,8,0.693181818181818,61,48,615,615,1.29054614504274,1.05048602111776,1.56894938825073,2,1,0.993,6,"1.26 to 1.50","Significant Increase","0.80-1.00"
"E02002555","Stockton-on-Tees 021",NA,441419,514429,54.5235,-1.36161,"ce98c224-a1f5-4875-8e1b-8dbe6ebf20e5",6,14.59,49.11,0.0267,0.0053,0.0234,"LargeCentralMetro",0,0,0,0,0,"North East",6,"Stockton-on-Tees 021",60.1,1,233,140,1511,0.601,0.4911,0.1459,0.1459,6,0.399141630901288,93,127,616,616,0.770375687195291,0.646794147096835,0.910574417109491,-1,-1,0.001,1,"0.76 to 0.99","Significant Decrease","<0.01"
"E02002558","Stockton-on-Tees 024",NA,443193,510520,54.4882,-1.33478,"97a6272b-395d-41d1-87c3-88f02af9d0af",5,21.97,49.33,0.0428,0.0035,0.0289,"LargeCentralMetro",0,0,0,0,0,"North East",5,"Stockton-on-Tees 024",54.7,1,223,122,1340,0.547,0.4933,0.2197,0.2197,5,0.452914798206278,101,122,617,617,0.854522605173427,0.72048858779427,1.00614250856769,-1,0,0.029,2,"0.76 to 0.99","Not Significant","0.01-0.20"
"E02002563","Darlington 005",NA,430922,516083,54.5391,-1.5236,"e66c3567-8214-4d3a-ba71-23c5f7b594c1",10,41.67,46.97,0.0115,0.0038,0.0171,"LargeCentralMetro",0,0,0,0,0,"North East",7,"Darlington 005",33.9,1,168,57,890,0.339,0.4697,0.4167,0.4167,7,0.660714285714286,111,92,618,618,1.23162989421868,1.04406107243838,1.4430166115964,1,1,0.994,6,"1.01 to 1.25","Significant Increase","0.80-1.00"
"E02002567","Darlington 009",NA,430817,515123,54.5305,-1.52533,"870c0109-5dd5-4ed4-a9bb-ed20d5a1a50f",10,37.27,48.82,0.0248,0.0108,0.024,"LargeCentralMetro",0,0,0,0,0,"North East",2,"Darlington 009",40.9,1,110,45,594,0.409,0.4882,0.3727,0.3727,2,0.590909090909091,65,60,619,619,1.10607462835585,0.904502223327241,1.33907656675653,1,0,0.83,6,"1.01 to 1.25","Not Significant","0.80-1.00"
"E02002569","Darlington 011",NA,427055,514276,54.5231,-1.58353,"2afe9635-4cfc-4ce7-8264-04c16701735b",7,20.04,51.37,0.0271,0.0044,0.019,"LargeCentralMetro",0,0,0,0,0,"North East",8,"Darlington 011",58.6,2,449,263,2595,0.586,0.5137,0.2004,0.2004,8,0.414253897550111,186,245,620,620,0.790831382175417,0.692838815259831,0.898696610111889,-1,-1,0,1,"0.76 to 0.99","Significant Decrease","<0.01"
"E02002573","Darlington 015",NA,431408,510881,54.4923,-1.51664,"fe44a4b9-8195-4cd1-a65b-8c102dbbe355",7,27.78,44.81,0.0127,0.0044,0.0159,"MediumMetro",0,1,0,0,0,"North East",10,"Darlington 015",52.4,1,126,66,645,0.524,0.4481,0.2778,0.2778,10,0.476190476190476,60,69,621,621,0.947225431471873,0.773547513966179,1.1480999024921,-1,0,0.277,3,"0.76 to 0.99","Not Significant","0.20-0.39"
"E02002578","Halton 005",NA,350975,386649,53.3744,-2.73835,"24bae8de-4b71-455d-b921-95005f6cef7e",8,34.21,50.45,0.0173,0.0026,0.0202,"LargeCentralMetro",0,0,0,0,0,"North West",5,"Halton 005",50.34,2,532,268,2920,0.5034,0.5045,0.3421,0.3421,5,0.496240601503759,264,290,622,622,0.933899410764543,0.833236401803994,1.04327675307095,-1,0,0.11,2,"0.76 to 0.99","Not Significant","0.01-0.20"
"E02002579","Halton 006",NA,349582,386042,53.3688,-2.75919,"8663a379-3e91-47ae-bebf-c0b54ed843a3",10,51.96,46.91,0.0052,0.0022,0.0166,"LargeCentralMetro",0,0,0,0,0,"North West",7,"Halton 006",38.5,1,179,69,921,0.385,0.4691,0.5196,0.5196,7,0.614525139664804,110,98,623,623,1.19949495398267,1.01914054869139,1.40236773640509,1,1,0.986,6,"1.01 to 1.25","Significant Increase","0.80-1.00"
"E02002587","Halton 014",NA,355750,380689,53.3213,-2.66575,"d193060f-5e46-456b-8b7b-fc42c3ed1102",9,56.3,50.3,0.0073,0.0017,0.0239,"LargeCentralMetro",0,0,0,0,0,"North West",6,"Halton 014",33.3,1,135,45,829,0.333,0.503,0.563,0.563,6,0.666666666666667,90,74,624,624,1.29150887809702,1.08249169101046,1.5289081270221,2,1,0.998,6,"1.26 to 1.50","Significant Increase","0.80-1.00"
"E02002589","Halton 016",NA,352284,380498,53.3193,-2.71775,"29ce87fa-afd0-48ac-a352-b2f58bf80192",8,36.05,48.95,0.0077,0.0016,0.0082,"LargeCentralMetro",0,0,0,0,0,"North West",7,"Halton 016",36.9,1,233,86,1185,0.369,0.4895,0.3605,0.3605,7,0.630901287553648,147,127,625,625,1.16989932434155,1.00892394760536,1.349124631833,1,1,0.981,6,"1.01 to 1.25","Significant Increase","0.80-1.00"
"E02002590","Warrington 001",NA,364648,395153,53.452,-2.5338,"4be17a6d-5a00-4237-8f71-87510fad314b",4,13.6,50.34,0.0213,0.0098,0.0265,"LargeCentralMetro",0,0,0,0,0,"North West",6,"Warrington 001",55.3,1,228,126,1168,0.553,0.5034,0.136,0.136,6,0.447368421052632,102,124,626,626,0.830922220075575,0.70005957912251,0.979051700434393,-1,-1,0.013,2,"0.76 to 0.99","Significant Decrease","0.01-0.20"
"E02002594","Warrington 005",NA,366654,392002,53.4238,-2.50326,"f1cda571-a8fc-47fc-beea-1cb1929f4390",8,33.12,45.33,0.027,0.0078,0.0303,"LargeCentralMetro",0,0,0,0,0,"North West",4,"Warrington 005",42.9,1,154,66,889,0.429,0.4533,0.3312,0.3312,4,0.571428571428571,88,84,627,627,1.05971463479549,0.884167589157708,1.25979619198703,1,0,0.724,5,"1.01 to 1.25","Not Significant","0.60-0.79"
"E02002598","Warrington 009",NA,356376,390160,53.4065,-2.65766,"43f1eea7-d573-4bad-8adb-ac6830e932a4",4,11.32,48.87,0.0793,0.0077,0.0285,"LargeCentralMetro",0,0,0,0,0,"North West",5,"Warrington 009",48.5,1,371,180,2087,0.485,0.4887,0.1132,0.1132,5,0.514824797843666,191,202,628,628,0.924830662613221,0.808568978207582,1.05303375102345,-1,0,0.116,2,"0.76 to 0.99","Not Significant","0.01-0.20"
"E02002600","Warrington 011",NA,361267,389990,53.4053,-2.58407,"723e9376-77e5-424f-b1d8-c08cb74b2dd7",9,37.85,50.95,0.0171,0.0086,0.0284,"LargeCentralMetro",0,0,0,0,0,"North West",3,"Warrington 011",38.4,1,177,68,897,0.384,0.5095,0.3785,0.3785,3,0.615819209039548,109,97,629,629,1.13102089862967,0.956775370515696,1.32769751641826,1,0,0.924,6,"1.01 to 1.25","Not Significant","0.80-1.00"
"E02002603","Warrington 014",NA,365119,389503,53.4012,-2.52608,"3ccfb2f3-c0ca-483b-b76a-d93001ee505b",7,16,46.78,0.0281,0.0035,0.0118,"LargeCentralMetro",0,0,0,0,0,"North West",9,"Warrington 014",64.7,1,150,97,808,0.647,0.4678,0.16,0.16,9,0.353333333333333,53,82,630,630,0.752279165120415,0.612084665769271,0.914776551056904,-1,-1,0.002,1,"0.76 to 0.99","Significant Decrease","<0.01"
"E02002605","Warrington 016",NA,358102,388054,53.3877,-2.63142,"cceb81c6-3417-4c96-8df8-3c0b1b4ac4bc",6,17.02,48.8,0.0392,0.0084,0.0176,"LargeCentralMetro",0,0,0,0,0,"North West",6,"Warrington 016",52.8,1,235,124,1205,0.528,0.488,0.1702,0.1702,6,0.472340425531915,111,128,631,631,0.879913949558775,0.745672526267504,1.03123850520116,-1,0,0.056,2,"0.76 to 0.99","Not Significant","0.01-0.20"
"E02002609","Warrington 020",NA,363328,387613,53.3841,-2.5528,"e92a1b51-ec75-4892-ace6-033f9bc4fea6",8,31.42,50.87,0.0269,0.0094,0.0283,"LargeCentralMetro",0,0,0,0,0,"North West",2,"Warrington 020",32.03,2,331,106,1716,0.3203,0.5087,0.3142,0.3142,2,0.6797583081571,225,181,632,632,1.21428308313875,1.07140653348188,1.37080563477171,1,1,0.999,6,"1.01 to 1.25","Significant Increase","0.80-1.00"
"E02002610","Warrington 021",NA,368935,386668,53.376,-2.46841,"90e7fc32-4285-4954-a119-407107e49db6",2,10.6,50.55,0.0192,0.0026,0.0257,"LargeCentralMetro",0,0,0,0,0,"North West",7,"Warrington 021",68.9,1,302,208,1923,0.689,0.5055,0.106,0.106,7,0.311258278145695,94,165,633,633,0.62586974216992,0.527288072145593,0.737402213638282,-2,-1,0,1,"0.51 to 0.75","Significant Decrease","<0.01"
"E02002612","Warrington 023",NA,361914,385677,53.3666,-2.57382,"b2df3cbb-171d-410b-aa0c-82cce76f6ce0",4,12.23,47.67,0.0178,0.0029,0.0218,"LargeCentralMetro",0,0,0,0,0,"North West",3,"Warrington 023",57.5,1,327,188,1674,0.575,0.4767,0.1223,0.1223,3,0.425076452599388,139,178,634,634,0.787170762774101,0.67637807492844,0.91084593483474,-1,-1,0.001,1,"0.76 to 0.99","Significant Decrease","<0.01"
"E02002615","Blackburn with Darwen 001",NA,368884,430505,53.77,-2.47356,"41d403ca-cca8-4d56-82ad-4a42079de123",5,24.45,45.42,0.4561,0.0055,0.037,"LargeCentralMetro",0,0,0,0,0,"North West",6,"Blackburn with Darwen 001",47.1,1,274,129,1354,0.471,0.4542,0.2445,0.2445,6,0.529197080291971,145,149,635,635,0.972497887096576,0.837291735616166,1.12321896457278,-1,0,0.34,3,"0.76 to 0.99","Not Significant","0.20-0.39"
"E02002616","Blackburn with Darwen 002",NA,367037,429450,53.7604,-2.50147,"a8d64420-5279-4007-93a6-c7303f2295fd",4,17.73,46.86,0.6929,0.0051,0.0391,"LargeCentralMetro",0,0,0,0,0,"North West",1,"Blackburn with Darwen 002",36.9,1,141,52,875,0.369,0.4686,0.1773,0.1773,1,0.631205673758865,89,77,636,636,1.04781644217897,0.867850471635742,1.25410355313953,1,0,0.673,5,"1.01 to 1.25","Not Significant","0.60-0.79"
"E02002623","Blackburn with Darwen 009",NA,367349,426733,53.736,-2.49645,"41dc208c-a312-4e52-ab01-d3cf5c5dbd08",9,21.46,52.45,0.1134,0.0173,0.0383,"LargeCentralMetro",0,0,0,0,0,"North West",1,"Blackburn with Darwen 009",53.4,1,247,132,1489,0.534,0.5245,0.2146,0.2146,1,0.465587044534413,115,135,637,637,0.863239407059188,0.733072601213539,1.00975527525442,-1,0,0.033,2,"0.76 to 0.99","Not Significant","0.01-0.20"
"E02002624","Blackburn with Darwen 010",NA,364879,426787,53.7363,-2.5339,"78b0abeb-62be-458e-b086-9ab820a85761",6,32.12,68.37,0.1315,0.0037,0.0184,"LargeCentralMetro",0,0,0,0,0,"North West",2,"Blackburn with Darwen 010",54.62,2,386,211,2166,0.5462,0.6837,0.3212,0.3212,2,0.453367875647668,175,211,638,638,0.860932271851423,0.75139047953613,0.981841474019463,-1,-1,0.013,2,"0.76 to 0.99","Significant Decrease","0.01-0.20"
"E02002626","Blackburn with Darwen 012",NA,366458,425605,53.7258,-2.50983,"7fe0656a-425f-4d81-8ead-c75d99c04b97",10,23.76,49.76,0.0275,0.0102,0.0191,"LargeCentralMetro",0,0,0,0,0,"North West",10,"Blackburn with Darwen 012",53.5,1,202,108,1043,0.535,0.4976,0.2376,0.2376,10,0.465346534653465,94,110,639,639,0.912410314990176,0.767252212058864,1.076890084687,-1,0,0.134,2,"0.76 to 0.99","Not Significant","0.01-0.20"
"E02002628","Blackburn with Darwen 014",NA,368348,423810,53.7098,-2.481,"ac154447-ffea-4622-be70-c4c21940e5de",10,31.19,46.59,0.0324,0.0045,0.0218,"LargeCentralMetro",0,0,0,0,0,"North West",5,"Blackburn with Darwen 014",40.4,1,218,88,1071,0.404,0.4659,0.3119,0.3119,5,0.596330275229358,130,119,640,640,1.09765532065664,0.939029512058698,1.27528355508971,1,0,0.876,6,"1.01 to 1.25","Not Significant","0.80-1.00"
"E02002630","Blackburn with Darwen 016",NA,368225,421846,53.6921,-2.48267,"8dce6105-e92e-403c-9119-e6dfffefc9ce",10,37.69,49.81,0.0643,0.0077,0.0206,"LargeCentralMetro",0,0,0,0,0,"North West",8,"Blackburn with Darwen 016",24.64,2,260,64,1329,0.2464,0.4981,0.3769,0.3769,8,0.753846153846154,196,142,641,641,1.36247420929456,1.19354360373586,1.54848833226693,2,1,1,6,"1.26 to 1.50","Significant Increase","0.80-1.00"
"E02002634","Blackpool 002",NA,332501,440590,53.8571,-3.02769,"eb133d22-e264-400b-890a-cf02c1317b34",9,38.91,50.43,0.0089,0.0036,0.0176,"LargeCentralMetro",0,0,0,0,0,"North West",3,"Blackpool 002",31.7,1,221,70,1174,0.317,0.5043,0.3891,0.3891,3,0.683257918552036,151,121,642,642,1.23745177794492,1.06767827889029,1.42642785962656,1,1,0.998,6,"1.01 to 1.25","Significant Increase","0.80-1.00"
"E02002636","Blackpool 004",NA,332433,439017,53.843,-3.02838,"5a229cf5-cd38-4811-85ac-bec5563fe9de",10,61.39,52.34,0.0158,0.003,0.0184,"LargeCentralMetro",0,0,0,0,0,"North West",4,"Blackpool 004",28.5,1,158,45,835,0.285,0.5234,0.6139,0.6139,4,0.715189873417722,113,86,643,643,1.37533114107757,1.16896976166379,1.60742875404269,2,1,1,6,"1.26 to 1.50","Significant Increase","0.80-1.00"
"E02002641","Blackpool 009",NA,333195,436822,53.8234,-3.01632,"539f9aac-1d12-4fba-8f78-8f0baf08f95a",10,42.31,50.59,0.08,0.0059,0.0282,"LargeCentralMetro",0,0,0,0,0,"North West",3,"Blackpool 009",28.8,1,208,60,1184,0.288,0.5059,0.4231,0.4231,3,0.711538461538462,148,113,644,644,1.29450709786596,1.11528869352661,1.49420549291747,2,1,1,6,"1.26 to 1.50","Significant Increase","0.80-1.00"
"E02002646","Blackpool 014",NA,334056,434471,53.8023,-3.00274,"d8065fd7-22f0-4c85-a632-70ac0523dc4e",10,32.63,48.55,0.0195,0.0042,0.013,"LargeCentralMetro",0,0,0,0,0,"North West",6,"Blackpool 014",70.5,1,190,134,1032,0.705,0.4855,0.3263,0.3263,6,0.294736842105263,56,104,645,645,0.704893235415491,0.580038629323323,0.848352040135394,-2,-1,0,1,"0.51 to 0.75","Significant Decrease","<0.01"
"E02002650","Blackpool 018",NA,333003,432428,53.7839,-3.01828,"d6f3135a-67cf-4815-8082-5bd17c1a68d1",10,52.34,50.07,0.0136,0.004,0.0155,"LargeCentralMetro",0,0,0,0,0,"North West",8,"Blackpool 018",19.6,1,107,21,681,0.196,0.5007,0.5234,0.5234,8,0.803738317757009,86,58,646,646,1.49461271817888,1.24450646370555,1.78008789547193,2,1,1,6,"1.26 to 1.50","Significant Increase","0.80-1.00"
"E02002653","Kingston upon Hull 002",NA,510238,433993,53.7906,-0.3281,"fde7272a-fe2e-4678-a0e4-b6d692adf251",9,31.88,51.69,0.0041,0.0084,0.0204,"LargeCentralMetro",0,0,0,0,0,"Yorkshire and the Humber",6,"Kingston upon Hull 002",57.6,1,229,132,1534,0.576,0.5169,0.3188,0.3188,6,0.423580786026201,97,125,647,647,0.853562257563623,0.720655610182815,1.00370279782955,-1,0,0.027,2,"0.76 to 0.99","Not Significant","0.01-0.20"
"E02002655","Kingston upon Hull 004",NA,511370,434555,53.7954,-0.31072,"6fec457c-9c24-4486-b21f-e63357890369",9,37.34,48.71,0.0038,0.0089,0.0127,"LargeCentralMetro",0,0,0,0,0,"Yorkshire and the Humber",7,"Kingston upon Hull 004",29,1,241,70,1320,0.29,0.4871,0.3734,0.3734,7,0.70954356846473,171,131,648,648,1.29561603827674,1.12638422866868,1.48297150645159,2,1,1,6,"1.26 to 1.50","Significant Increase","0.80-1.00"
"E02002659","Kingston upon Hull 008",NA,507262,432736,53.7799,-0.37369,"bc753fe2-5337-42fe-8a36-9b20c1a0cd34",7,46.61,46.32,0.0202,0.0323,0.0562,"LargeCentralMetro",0,0,0,0,0,"Yorkshire and the Humber",4,"Kingston upon Hull 008",33.5,1,236,79,1237,0.335,0.4632,0.4661,0.4661,4,0.665254237288136,157,129,649,649,1.21816794617931,1.05415410772794,1.40034028849369,1,1,0.996,6,"1.01 to 1.25","Significant Increase","0.80-1.00"
"E02002660","Kingston upon Hull 009",NA,514682,432230,53.7738,-0.26133,"f0709b1c-b600-4b73-abed-51b632fbc6e3",7,44.64,48.26,0.0047,0.0088,0.0128,"LargeCentralMetro",0,0,0,0,0,"Yorkshire and the Humber",6,"Kingston upon Hull 009",25.4,1,224,57,1237,0.254,0.4826,0.4464,0.4464,6,0.745535714285714,167,122,650,650,1.36046138618545,1.18115451719481,1.55916219217186,2,1,1,6,"1.26 to 1.50","Significant Increase","0.80-1.00"
"E02002664","Kingston upon Hull 013",NA,511457,431891,53.7715,-0.31037,"5b084449-b75e-42ef-ae45-29676bb2fa8c",4,24.56,52.18,0.004,0.0026,0.0081,"LargeCentralMetro",0,0,0,0,0,"Yorkshire and the Humber",3,"Kingston upon Hull 013",36.1,1,285,103,1652,0.361,0.5218,0.2456,0.2456,3,0.63859649122807,182,155,651,651,1.13877263142289,0.99227492557192,1.30071128817857,1,0,0.968,6,"1.01 to 1.25","Not Significant","0.80-1.00"
"E02002668","Kingston upon Hull 017",NA,513813,430765,53.7608,-0.27505,"acf2c027-8dfb-4f83-8b4d-8101f6770cf3",8,49.23,48,0.0068,0.0142,0.0181,"LargeCentralMetro",0,0,0,0,0,"Yorkshire and the Humber",4,"Kingston upon Hull 017",14.9,1,195,29,1252,0.149,0.48,0.4923,0.4923,4,0.851282051282051,166,106,652,652,1.52840939522759,1.32502156666766,1.75404932464475,3,1,1,6,"1.51 to 1.75","Significant Increase","0.80-1.00"
"E02002675","Kingston upon Hull 024",NA,509209,430214,53.7569,-0.34505,"7d47766a-71fe-44bb-983c-3c38d9e716d1",7,33.91,25.25,0.1062,0.0435,0.1,"LargeCentralMetro",0,0,0,0,0,"Yorkshire and the Humber",1,"Kingston upon Hull 024",51.3,1,115,59,895,0.513,0.2525,0.3391,0.3391,1,0.48695652173913,56,63,653,653,0.905600713893052,0.732661285308959,1.10701039892063,-1,0,0.159,2,"0.76 to 0.99","Not Significant","0.01-0.20"
"E02002685","East Riding of Yorkshire 002",NA,523559,470348,54.1142,-0.11131,"a7ec8d24-1260-4cc7-a9a4-ded6a2cb6632",7,35.06,49.19,0.005,0.0006,0.0066,"LargeFringeMetro",1,0,0,0,0,"Yorkshire and the Humber",10,"East Riding of Yorkshire 002",35.6,1,174,62,1047,0.356,0.4919,0.3506,0.3506,10,0.64367816091954,112,95,654,654,1.21774912696444,1.033521671887,1.42518177025254,1,1,0.991,6,"1.01 to 1.25","Significant Increase","0.80-1.00"
"E02002686","East Riding of Yorkshire 003",NA,516324,466723,54.0833,-0.22332,"21c5e2e4-c585-4278-bf1c-4735a2e05e51",10,53.16,46.53,0.0104,0.0012,0.0132,"LargeFringeMetro",1,0,0,0,0,"Yorkshire and the Humber",7,"East Riding of Yorkshire 003",15.2,1,158,24,952,0.152,0.4653,0.5316,0.5316,7,0.848101265822785,134,86,655,655,1.57683252026217,1.35191993695467,1.82828957883508,3,1,1,6,"1.51 to 1.75","Significant Increase","0.80-1.00"
"E02002695","East Riding of Yorkshire 012",NA,521790,443593,53.8743,-0.14904,"93f9397d-6b3e-4d7a-9c6b-39a69e7790b6",7,27.54,51.63,0.0039,0.0018,0.0132,"SmallMetro",0,0,1,0,0,"Yorkshire and the Humber",5,"East Riding of Yorkshire 012",42.5,1,207,88,1257,0.425,0.5163,0.2754,0.2754,5,0.57487922705314,119,113,656,656,1.07014068049711,0.910726635917313,1.24930352513564,1,0,0.788,5,"1.01 to 1.25","Not Significant","0.60-0.79"
"E02002698","East Riding of Yorkshire 015",NA,489147,440323,53.8515,-0.64632,"2772da04-cc2a-4d1f-b566-672cdc625140",4,24.44,47.28,0.0044,0.0012,0.0121,"MediumMetro",0,1,0,0,0,"Yorkshire and the Humber",9,"East Riding of Yorkshire 015",41.1,1,90,37,626,0.411,0.4728,0.2444,0.2444,9,0.588888888888889,53,49,657,657,1.05905499814367,0.851440683605433,1.30197234000702,1,0,0.682,5,"1.01 to 1.25","Not Significant","0.60-0.79"
"E02002699","East Riding of Yorkshire 016",NA,502355,441011,53.8553,-0.44538,"ab28bb29-4a14-4162-aa00-6648b64b5368",2,15.28,56.87,0.0105,0.0038,0.0138,"LargeCentralMetro",0,0,0,0,0,"Yorkshire and the Humber",7,"East Riding of Yorkshire 016",54.9,1,144,79,728,0.549,0.5687,0.1528,0.1528,7,0.451388888888889,65,79,658,658,0.844366889676552,0.690722277208348,1.02191781200402,-1,0,0.04,2,"0.76 to 0.99","Not Significant","0.01-0.20"
"E02002705","East Riding of Yorkshire 022",NA,501550,432723,53.781,-0.46035,"23a0c8f9-0b3e-4fd8-9bd1-9cff5e401ad3",4,29.25,50.86,0.0288,0.0077,0.022,"LargeCentralMetro",0,0,0,0,0,"Yorkshire and the Humber",7,"East Riding of Yorkshire 022",42.2,1,147,62,869,0.422,0.5086,0.2925,0.2925,7,0.578231292517007,85,80,659,659,1.06177679453103,0.883074177145916,1.26592595183096,1,0,0.727,5,"1.01 to 1.25","Not Significant","0.60-0.79"
"E02002714","East Riding of Yorkshire 031",NA,526961,425228,53.7081,-0.078,"a57f24e4-0b31-44f2-ad39-55c89c64c337",5,42.28,45.28,0.0039,0.0011,0.0067,"SmallMetro",0,0,1,0,0,"Yorkshire and the Humber",9,"East Riding of Yorkshire 031",24.4,1,123,30,731,0.244,0.4528,0.4228,0.4228,9,0.75609756097561,93,67,660,660,1.39792862429087,1.16972701716169,1.65750381816661,2,1,1,6,"1.26 to 1.50","Significant Increase","0.80-1.00"
"E02002715","East Riding of Yorkshire 032",NA,495394,428196,53.7415,-0.55513,"8aad3ea0-f990-418e-8dca-2ee7aae13249",3,11.01,48.77,0.0247,0.0044,0.0182,"LargeCentralMetro",0,0,0,0,0,"Yorkshire and the Humber",9,"East Riding of Yorkshire 032",56,1,336,188,2106,0.56,0.4877,0.1101,0.1101,9,0.44047619047619,148,183,661,661,0.819622113641901,0.707243859478682,0.944687499526643,-1,-1,0.003,1,"0.76 to 0.99","Significant Decrease","<0.01"
"E02002725","East Riding of Yorkshire 042",NA,464453,420958,53.6811,-1.02567,"0d90894d-b9ad-42fc-9d5b-8acc2e255bac",6,18.93,47.59,0.0045,0.001,0.008,"MediumMetro",0,1,0,0,0,"Yorkshire and the Humber",10,"East Riding of Yorkshire 042",40.8,1,169,69,788,0.408,0.4759,0.1893,0.1893,10,0.591715976331361,100,92,662,662,1.06325435379109,0.892523904556376,1.25704817521054,1,0,0.744,5,"1.01 to 1.25","Not Significant","0.60-0.79"
"E02002726","North East Lincolnshire 001",NA,516815,414318,53.6124,-0.23572,"bdf1889f-5556-4b2c-92b4-c6feb6001168",6,32.76,46.74,0.0075,0.0017,0.0131,"LargeCentralMetro",0,0,0,0,0,"Yorkshire and the Humber",8,"North East Lincolnshire 001",33.6,1,116,39,582,0.336,0.4674,0.3276,0.3276,8,0.663793103448276,77,63,663,663,1.20293168858766,0.992797888968545,1.44431365331559,1,0,0.97,6,"1.01 to 1.25","Not Significant","0.80-1.00"
"E02002729","North East Lincolnshire 004",NA,524639,410474,53.5761,-0.11906,"2c556677-d74a-4b20-982d-2ae621a37a29",6,35.85,50.24,0.0037,0.002,0.015,"LargeCentralMetro",0,0,0,0,0,"Yorkshire and the Humber",6,"North East Lincolnshire 004",56.6,1,159,90,1055,0.566,0.5024,0.3585,0.3585,6,0.433962264150943,69,87,664,664,0.896741186519732,0.741395138310832,1.07481884552085,-1,0,0.115,2,"0.76 to 0.99","Not Significant","0.01-0.20"
"E02002732","North East Lincolnshire 007",NA,520896,409938,53.5722,-0.17576,"c6b966ef-d7d0-4bb5-840d-99861528efbd",4,12,52.19,0.014,0.0011,0.0128,"MediumMetro",0,1,0,0,0,"Yorkshire and the Humber",9,"North East Lincolnshire 007",61.7,1,175,108,778,0.617,0.5219,0.12,0.12,9,0.382857142857143,67,95,665,665,0.758080761618603,0.623281364685406,0.913260532987528,-1,-1,0.002,1,"0.76 to 0.99","Significant Decrease","<0.01"
"E02002737","North East Lincolnshire 012",NA,528716,408094,53.5537,-0.0585,"6a00ef82-652c-4173-8d82-cace6c9fa4e0",6,48.3,48.85,0.0164,0.002,0.0126,"LargeCentralMetro",0,0,0,0,0,"Yorkshire and the Humber",4,"North East Lincolnshire 012",34,1,147,50,911,0.34,0.4885,0.483,0.483,4,0.659863945578231,97,80,666,666,1.24195441354998,1.04369657298326,1.46676258802409,1,1,0.993,6,"1.01 to 1.25","Significant Increase","0.80-1.00"
"E02002740","North East Lincolnshire 015",NA,525155,407980,53.5536,-0.11227,"ba0df664-dcda-45e2-9aab-751a0845a513",7,56.93,48.65,0.0064,0.0114,0.0138,"LargeCentralMetro",0,0,0,0,0,"Yorkshire and the Humber",6,"North East Lincolnshire 015",23.4,1,137,32,812,0.234,0.4865,0.5693,0.5693,6,0.766423357664234,105,75,667,667,1.43135094736307,1.20900956494403,1.68256388192699,2,1,1,6,"1.26 to 1.50","Significant Increase","0.80-1.00"
"E02002741","North East Lincolnshire 016",NA,526801,407721,53.5508,-0.08754,"2187e0d4-b6b3-48ce-84d8-17aa4692eec5",6,52.83,47.96,0.0294,0.0119,0.0236,"LargeCentralMetro",0,0,0,0,0,"Yorkshire and the Humber",9,"North East Lincolnshire 016",27,1,159,43,857,0.27,0.4796,0.5283,0.5283,9,0.729559748427673,116,87,668,668,1.36539015379043,1.16091646704671,1.59533716780807,2,1,1,6,"1.26 to 1.50","Significant Increase","0.80-1.00"
"E02002743","North East Lincolnshire 018",NA,529689,407140,53.5449,-0.04422,"137e357b-9d29-4c4e-b7e4-6a8fc7d8ca10",7,39.62,49.83,0.0052,0.0031,0.0102,"LargeCentralMetro",0,0,0,0,0,"Yorkshire and the Humber",5,"North East Lincolnshire 018",23.82,2,260,62,1509,0.2382,0.4983,0.3962,0.3962,5,0.761538461538461,198,142,669,669,1.36865681543936,1.1992968762272,1.55511016845301,2,1,1,6,"1.26 to 1.50","Significant Increase","0.80-1.00"
"E02002745","North East Lincolnshire 020",NA,531997,405584,53.5304,-0.01007,"3d085b77-2045-4400-8c06-37ac9628ba6a",6,15.12,47.3,0.0082,0.0017,0.0102,"LargeCentralMetro",0,0,0,0,0,"Yorkshire and the Humber",8,"North East Lincolnshire 020",43.6,1,172,75,890,0.436,0.473,0.1512,0.1512,8,0.563953488372093,97,94,670,670,1.00722788030539,0.843819066393017,1.19297221523855,0,0,0.514,4,"1.00-1.009 (null value)","Not Significant","0.40-0.59"
"E02002747","North East Lincolnshire 022",NA,528835,405836,53.5334,-0.05764,"6b89e690-b6b2-4b5a-b177-d7ca71658852",5,20.54,51.56,0.0216,0.0066,0.0178,"LargeCentralMetro",0,0,0,0,0,"Yorkshire and the Humber",6,"North East Lincolnshire 022",45.9,1,331,152,1730,0.459,0.5156,0.2054,0.2054,6,0.540785498489426,179,181,671,671,0.983546571821251,0.857493400678827,1.12281652127426,-1,0,0.391,3,"0.76 to 0.99","Not Significant","0.20-0.39"
"E02002749","North Lincolnshire 001",NA,502658,420261,53.6688,-0.44767,"73ce4fd1-b36f-4cf8-b6b3-a9d52976ec27",6,34.5,49.32,0.0096,0.0023,0.0123,"LargeCentralMetro",0,0,0,0,0,"Yorkshire and the Humber",5,"North Lincolnshire 001",40,1,200,80,1024,0.4,0.4932,0.345,0.345,5,0.6,120,109,672,672,1.10910270341983,0.944146235356316,1.29446615196825,1,0,0.893,6,"1.01 to 1.25","Not Significant","0.80-1.00"
"E02002751","North Lincolnshire 003",NA,492293,421174,53.6789,-0.60422,"e08fbcb1-0961-4740-afcb-fe1ef2061c1e",6,34.31,50.79,0.0074,0.0017,0.0098,"MediumMetro",0,1,0,0,0,"Yorkshire and the Humber",6,"North Lincolnshire 003",37.3,1,102,38,504,0.373,0.5079,0.3431,0.3431,6,0.627450980392157,64,56,673,673,1.13993602480415,0.929448665291622,1.38377971834255,1,0,0.892,6,"1.01 to 1.25","Not Significant","0.80-1.00"
"E02002754","North Lincolnshire 006",NA,479880,414908,53.6246,-0.79371,"caf26734-77a7-4852-a829-dc4bbaeb5035",6,21.78,47.92,0.0047,0.0012,0.0082,"MediumMetro",0,1,0,0,0,"Yorkshire and the Humber",10,"North Lincolnshire 006",33.7,1,101,34,528,0.337,0.4792,0.2178,0.2178,10,0.663366336633663,67,55,674,674,1.15100508416848,0.938033169562902,1.39787678883155,1,0,0.908,6,"1.01 to 1.25","Not Significant","0.80-1.00"
"E02002755","North Lincolnshire 007",NA,489686,412778,53.6039,-0.6461,"42c0ef2a-fb85-4ef3-b5f5-6af439396b69",9,32.26,46.12,0.1289,0.0158,0.0506,"LargeCentralMetro",0,0,0,0,0,"Yorkshire and the Humber",5,"North Lincolnshire 007",35.98,2,217,78,1056,0.3598,0.4612,0.3226,0.3226,5,0.640552995391705,139,118,675,675,1.15542002667476,0.991113087055563,1.33907938585458,1,0,0.967,6,"1.01 to 1.25","Not Significant","0.80-1.00"
"E02002756","North Lincolnshire 008",NA,488859,411544,53.593,-0.65894,"dd636da1-6589-4d08-96a9-25bc8553a73c",8,40.62,49.26,0.1879,0.0284,0.0791,"LargeCentralMetro",0,0,0,0,0,"Yorkshire and the Humber",5,"North Lincolnshire 008",29.4,1,160,47,806,0.294,0.4926,0.4062,0.4062,5,0.70625,113,87,676,676,1.25352780251298,1.05999984065712,1.47207391236152,2,1,0.996,6,"1.26 to 1.50","Significant Increase","0.80-1.00"
"E02002758","North Lincolnshire 010",NA,491114,410157,53.5801,-0.62529,"62e26a61-3646-4bf5-b7b0-28c57e817c65",8,38.28,51.7,0.0326,0.0039,0.0281,"LargeCentralMetro",0,0,0,0,0,"Yorkshire and the Humber",4,"North Lincolnshire 010",47.7,1,128,61,737,0.477,0.517,0.3828,0.3828,4,0.5234375,67,70,677,677,1.02155360268519,0.839722521988215,1.23091814792439,1,0,0.567,4,"1.01 to 1.25","Not Significant","0.40-0.59"
"E02002759","North Lincolnshire 011",NA,501548,412551,53.5997,-0.46697,"5def8a5d-2144-4db0-aa95-e65e89c00ea0",6,21.9,51.96,0.0108,0.0019,0.0099,"MediumMetro",0,1,0,0,0,"Yorkshire and the Humber",6,"North Lincolnshire 011",54.36,2,274,149,1557,0.5436,0.5196,0.219,0.219,6,0.456204379562044,125,149,678,678,0.865885917319288,0.740068441345683,1.00684748163212,-1,0,0.03,2,"0.76 to 0.99","Not Significant","0.01-0.20"
"E02002760","North Lincolnshire 012",NA,488097,409792,53.5774,-0.67095,"c4f08692-fdc7-4a84-84d8-622a26c3eadd",8,39.26,50.43,0.0333,0.0033,0.0155,"LargeCentralMetro",0,0,0,0,0,"Yorkshire and the Humber",6,"North Lincolnshire 012",43.6,1,163,71,817,0.436,0.5043,0.3926,0.3926,6,0.56441717791411,92,89,679,679,1.08504874887878,0.910185610655085,1.283554191682,1,0,0.812,6,"1.01 to 1.25","Not Significant","0.80-1.00"
"E02002762","North Lincolnshire 014",NA,489569,409284,53.5725,-0.64887,"539c74fc-1581-441d-8756-eb67f86e191d",9,33.8,49.79,0.0192,0.0025,0.013,"LargeCentralMetro",0,0,0,0,0,"Yorkshire and the Humber",3,"North Lincolnshire 014",51.4,1,142,73,707,0.514,0.4979,0.338,0.338,3,0.485915492957746,69,77,680,680,0.965104573421806,0.795305654077003,1.16026044995512,-1,0,0.338,3,"0.76 to 0.99","Not Significant","0.20-0.39"
"E02002766","North Lincolnshire 018",NA,490150,407630,53.5576,-0.64057,"31a0e898-1da3-428b-a447-d5c02ad2537f",7,30.08,48.76,0.0211,0.0037,0.0142,"LargeCentralMetro",0,0,0,0,0,"Yorkshire and the Humber",4,"North Lincolnshire 018",36.5,1,266,97,1333,0.365,0.4876,0.3008,0.3008,4,0.635338345864662,169,145,681,681,1.14892177557653,0.997740923917787,1.31643057943798,1,0,0.973,6,"1.01 to 1.25","Not Significant","0.80-1.00"
"E02002768","North Lincolnshire 020",NA,477601,406576,53.5501,-0.83023,"e0044839-621e-4923-b174-03ebbee2bce9",3,14.61,48.14,0.0108,0.0025,0.0117,"MediumMetro",0,1,0,0,0,"Yorkshire and the Humber",8,"North Lincolnshire 020",60.7,1,178,108,914,0.607,0.4814,0.1461,0.1461,8,0.393258426966292,70,97,682,682,0.771261705364204,0.635748301658794,0.926987327379329,-1,-1,0.003,1,"0.76 to 0.99","Significant Decrease","<0.01"
"E02002775","York 004",NA,461141,455620,53.993,-1.06892,"4d34e45f-7c19-4dc7-aae2-a0913f033423",6,17.14,51.06,0.0129,0.0035,0.0144,"LargeCentralMetro",0,0,0,0,0,"Yorkshire and the Humber",7,"York 004",48.15,2,461,222,2734,0.4815,0.5106,0.1714,0.1714,7,0.518438177874187,239,251,683,683,0.951037838233137,0.842934598875988,1.06907302577348,-1,0,0.195,2,"0.76 to 0.99","Not Significant","0.01-0.20"
"E02002782","York 011",NA,454756,451493,53.9567,-1.16704,"5c949ac7-66d9-4fb5-8ac0-bb52661a3e0a",4,13.97,48.2,0.0121,0.0023,0.0138,"LargeCentralMetro",0,0,0,0,0,"Yorkshire and the Humber",6,"York 011",64.6,1,229,148,1141,0.646,0.482,0.1397,0.1397,6,0.353711790393013,81,125,684,684,0.707262739114535,0.589749248927052,0.841192556235399,-2,-1,0,1,"0.51 to 0.75","Significant Decrease","<0.01"
"E02002785","York 014",NA,464106,452456,53.9642,-1.02437,"53980569-aab7-4bb5-960b-558339bc5275",4,24.04,48.95,0.0345,0.0067,0.0371,"LargeCentralMetro",0,0,0,0,0,"Yorkshire and the Humber",2,"York 014",62,1,287,178,1818,0.62,0.4895,0.2404,0.2404,2,0.37979094076655,109,157,685,685,0.738067398624474,0.626557907783519,0.86357690997488,-2,-1,0,1,"0.51 to 0.75","Significant Decrease","<0.01"
"E02002788","York 017",NA,459296,451794,53.9589,-1.0978,"368b5ed0-dabe-4c0d-9a2d-e44486a2282d",4,19.19,48.31,0.0237,0.0049,0.0265,"LargeCentralMetro",0,0,0,0,0,"Yorkshire and the Humber",1,"York 017",62.6,1,198,124,1033,0.626,0.4831,0.1919,0.1919,1,0.373737373737374,74,108,686,686,0.733474465726539,0.60707474997942,0.878306959424337,-2,-1,0,1,"0.51 to 0.75","Significant Decrease","<0.01"
"E02002797","Derby 002",NA,433475,338468,52.9426,-1.50331,"13c8cf32-1d36-4261-acea-e24f543c26bb",4,22.98,49.64,0.0268,0.005,0.0237,"LargeCentralMetro",0,0,0,0,0,"East Midlands",5,"Derby 002",40,1,235,94,1400,0.4,0.4964,0.2298,0.2298,5,0.6,141,128,687,687,1.07029663990161,0.91841358447233,1.24003332857684,1,0,0.802,6,"1.01 to 1.25","Not Significant","0.80-1.00"
"E02002800","Derby 005",NA,435059,338376,52.9417,-1.47975,"5bb9812f-68a7-4c58-b7e1-a2f77f53e8cb",6,26.75,55.14,0.0327,0.0157,0.0372,"LargeCentralMetro",0,0,0,0,0,"East Midlands",3,"Derby 005",37,1,243,90,1507,0.37,0.5514,0.2675,0.2675,3,0.62962962962963,153,133,688,688,1.11372170896558,0.960297988840092,1.28459482909396,1,0,0.921,6,"1.01 to 1.25","Not Significant","0.80-1.00"
"E02002803","Derby 008",NA,435435,337399,52.9328,-1.47426,"fccc7728-98d2-4be2-ab0c-8b562a380eb6",8,35.9,45.79,0.0585,0.0469,0.0548,"LargeCentralMetro",0,0,0,0,0,"East Midlands",2,"Derby 008",65.1,1,195,127,1247,0.651,0.4579,0.359,0.359,2,0.348717948717949,68,106,689,689,0.751857928535022,0.622443007538661,0.900032432510689,-1,-1,0.001,1,"0.76 to 0.99","Significant Decrease","<0.01"
"E02002805","Derby 010",NA,440125,336534,52.9247,-1.4046,"aec2bebe-f221-4dbd-8ef5-c29716f4e3ad",8,23.02,51.33,0.0089,0.0064,0.0138,"LargeCentralMetro",0,0,0,0,0,"East Midlands",6,"Derby 010",51.5,1,291,150,1463,0.515,0.5133,0.2302,0.2302,6,0.484536082474227,141,159,690,690,0.911034790312177,0.784444435003353,1.0521212103104,-1,0,0.099,2,"0.76 to 0.99","Not Significant","0.01-0.20"
"E02002810","Derby 015",NA,431248,335535,52.9164,-1.53673,"cc9635d1-1162-40a6-a118-94e2c28edbcd",4,36.15,49.5,0.0961,0.0254,0.0425,"LargeCentralMetro",0,0,0,0,0,"East Midlands",5,"Derby 015",33.3,1,213,71,1210,0.333,0.495,0.3615,0.3615,5,0.666666666666667,142,116,691,691,1.19515996067905,1.02635063162834,1.38370512251223,1,1,0.989,6,"1.01 to 1.25","Significant Increase","0.80-1.00"
"E02002816","Derby 021",NA,432067,333914,52.9017,-1.52471,"48a67653-be89-4fea-b97f-903b35c68a9a",3,16.84,51.7,0.3421,0.0336,0.1,"LargeCentralMetro",0,0,0,0,0,"East Midlands",9,"Derby 021",58.4,1,291,170,1822,0.584,0.517,0.1684,0.1684,9,0.415807560137457,121,159,692,692,0.771839243212031,0.657607740883855,0.900118720306866,-1,-1,0.001,1,"0.76 to 0.99","Significant Decrease","<0.01"
"E02002830","Leicester 004",NA,456549,306745,52.6555,-1.16546,"9141e4a4-4051-4c62-be4e-e68747c5e624",7,32.69,48.5,0.2582,0.176,0.0854,"LargeCentralMetro",0,0,0,0,0,"East Midlands",7,"Leicester 004",38.9,1,208,81,1068,0.389,0.485,0.3269,0.3269,7,0.610576923076923,127,113,693,693,1.105978280163,0.943407123201395,1.28841802260849,1,0,0.89,6,"1.01 to 1.25","Not Significant","0.80-1.00"
"E02002833","Leicester 007",NA,460298,306731,52.655,-1.11004,"45a34897-ebb9-4fd5-9bd4-f4c965763c10",1,21.12,48.17,0.8421,0.0118,0.0428,"LargeCentralMetro",0,0,0,0,0,"East Midlands",3,"Leicester 007",51.9,1,322,167,1779,0.519,0.4817,0.2112,0.2112,3,0.481366459627329,155,176,694,694,0.875134024649717,0.756078779925392,1.00752730508433,-1,0,0.031,2,"0.76 to 0.99","Not Significant","0.01-0.20"
"E02002844","Leicester 018",NA,459670,304739,52.6371,-1.11969,"ba84abad-428e-4748-8d1b-de3ef41bc7d2",2,33.8,48.03,0.6883,0.1885,0.0753,"LargeCentralMetro",0,0,0,0,0,"East Midlands",1,"Leicester 018",34.3,1,213,73,1093,0.343,0.4803,0.338,0.338,1,0.657276995305164,140,116,695,695,1.14931804692376,0.984161485931552,1.33417665355454,1,0,0.96,6,"1.01 to 1.25","Not Significant","0.80-1.00"
"E02002847","Leicester 021",NA,461134,304255,52.6326,-1.09814,"2d5a291e-95f5-4c5d-8b9f-46c0da3f8b9b",1,25.69,45.22,0.8445,0.0214,0.081,"LargeCentralMetro",0,0,0,0,0,"East Midlands",4,"Leicester 021",47.2,1,288,136,1497,0.472,0.4522,0.2569,0.2569,4,0.527777777777778,152,157,696,696,0.946094328663934,0.815607880571403,1.09143504950373,-1,0,0.216,3,"0.76 to 0.99","Not Significant","0.20-0.39"
"E02002853","Leicester 027",NA,460911,303091,52.6222,-1.10165,"1314ea77-2994-4d4c-ab57-29f2aebfa11b",1,25.82,50.33,0.7223,0.0502,0.0944,"LargeCentralMetro",0,0,0,0,0,"East Midlands",3,"Leicester 027",67.6,2,182,123,902,0.676,0.5033,0.2582,0.2582,3,0.324175824175824,59,99,697,697,0.668943064133189,0.546638596930055,0.81030751242707,-2,-1,0,1,"0.51 to 0.75","Significant Decrease","<0.01"
"E02002854","Leicester 028",NA,456884,303116,52.6228,-1.16113,"92363e51-e164-47da-9caf-0c1aefe0c970",9,37.63,46.89,0.1012,0.076,0.0811,"LargeCentralMetro",0,0,0,0,0,"East Midlands",6,"Leicester 028",35.2,1,287,101,1512,0.352,0.4689,0.3763,0.3763,6,0.64808362369338,186,157,698,698,1.17208421738137,1.0238125950211,1.33568386664883,1,1,0.99,6,"1.01 to 1.25","Significant Increase","0.80-1.00"
"E02002864","Rutland 002",NA,483350,312347,52.7024,-0.76792,"3425ec7b-250b-4014-ac28-621c561f6c00",4,15.76,48.8,0.0126,0.0058,0.0188,"LargeFringeMetro",1,0,0,0,0,"East Midlands",4,"Rutland 002",60.1,1,203,122,1121,0.601,0.488,0.1576,0.1576,4,0.399014778325123,81,111,699,699,0.784334272067121,0.653205065875434,0.933928275690234,-1,-1,0.003,1,"0.76 to 0.99","Significant Decrease","<0.01"
"E02002866","Rutland 004",NA,498179,306892,52.6509,-0.55016,"03a74e26-765b-46f4-8769-bb242a8f8eb8",3,21.76,50.57,0.0084,0.0041,0.0182,"LargeCentralMetro",0,0,0,0,0,"East Midlands",10,"Rutland 004",50.3,1,193,97,872,0.503,0.5057,0.2176,0.2176,10,0.49740932642487,96,105,700,700,0.937128864189245,0.787072077192921,1.10734823332735,-1,0,0.214,3,"0.76 to 0.99","Not Significant","0.20-0.39"
"E02002867","Rutland 005",NA,486584,299764,52.5888,-0.72337,"6c98e982-fdd5-4a9a-b739-6887549bcc7c",4,16.76,49.84,0.0166,0.0054,0.0237,"Noncore",0,0,0,0,1,"East Midlands",8,"Rutland 005",52.5,1,179,94,919,0.525,0.4984,0.1676,0.1676,8,0.474860335195531,85,98,701,701,0.895084671520685,0.745115590197906,1.0662695764722,-1,0,0.104,2,"0.76 to 0.99","Not Significant","0.01-0.20"
"E02002868","Nottingham 001",NA,455372,346211,53.0104,-1.17618,"d6c55a14-342a-4414-810e-b270e256b3e6",8,36.46,46.21,0.0799,0.0943,0.0796,"LargeCentralMetro",0,0,0,0,0,"East Midlands",6,"Nottingham 001",37,1,181,67,898,0.37,0.4621,0.3646,0.3646,6,0.629834254143646,114,99,702,702,1.13595127320979,0.962499844274635,1.33152687960976,1,0,0.933,6,"1.01 to 1.25","Not Significant","0.80-1.00"
"E02002884","Nottingham 017",NA,456453,341815,52.9707,-1.16083,"20c2b119-b3cf-4d94-a8c4-36ac80a9181d",5,45.89,41.25,0.3739,0.0772,0.1102,"LargeCentralMetro",0,0,0,0,0,"East Midlands",1,"Nottingham 017",30.3,1,231,70,1246,0.303,0.4125,0.4589,0.4589,1,0.696969696969697,161,126,703,703,1.23294491755746,1.06616213418509,1.41831780950191,1,1,0.998,6,"1.01 to 1.25","Significant Increase","0.80-1.00"
"E02002886","Nottingham 019",NA,454693,341140,52.9649,-1.18715,"56d5f0d0-31be-4456-ba26-60a21c736121",5,40.86,48.41,0.4442,0.0775,0.1026,"LargeCentralMetro",0,0,0,0,0,"East Midlands",2,"Nottingham 019",46.8,1,186,87,1351,0.468,0.4841,0.4086,0.4086,2,0.532258064516129,99,101,704,704,0.98741641157895,0.830000177958834,1.1658968367314,-1,0,0.424,4,"0.76 to 0.99","Not Significant","0.40-0.59"
"E02002887","Nottingham 020",NA,453187,341345,52.9669,-1.20954,"4889fa54-e8ca-48ff-b28d-82c4caf65354",10,41.14,63.65,0.1809,0.0554,0.0711,"LargeCentralMetro",0,0,0,0,0,"East Midlands",3,"Nottingham 020",41.9,3,525,220,2990,0.419,0.6365,0.4114,0.4114,3,0.580952380952381,305,286,705,705,1.07277866882124,0.963151238181522,1.19137389734386,1,0,0.897,6,"1.01 to 1.25","Not Significant","0.80-1.00"
"E02002892","Nottingham 025",NA,451599,340494,52.9594,-1.23331,"654c2ab6-e990-4834-bc7d-b35b1557b0a5",8,49.09,46.47,0.136,0.0862,0.0961,"LargeCentralMetro",0,0,0,0,0,"East Midlands",5,"Nottingham 025",35.2,1,165,58,921,0.352,0.4647,0.4909,0.4909,5,0.648484848484848,107,90,706,706,1.19457391796524,1.00922087235732,1.40398267051141,1,1,0.981,6,"1.01 to 1.25","Significant Increase","0.80-1.00"
"E02002897","Nottingham 030",NA,451834,339316,52.9487,-1.23,"169e808b-7207-467f-ab61-727cfd0628cb",2,24.58,47.07,0.198,0.0243,0.0901,"LargeCentralMetro",0,0,0,0,0,"East Midlands",7,"Nottingham 030",63,1,297,187,1536,0.63,0.4707,0.2458,0.2458,7,0.37037037037037,110,162,707,707,0.719783167710307,0.611283941473438,0.8418713499431,-2,-1,0,1,"0.51 to 0.75","Significant Decrease","<0.01"
"E02002898","Nottingham 031",NA,455064,337575,52.9328,-1.18223,"b5716a5c-365d-4d0b-9967-74cc57abef5c",1,45.08,40.42,0.1621,0.0808,0.0944,"LargeCentralMetro",0,0,0,0,0,"East Midlands",6,"Nottingham 031",52.5,1,122,64,913,0.525,0.4042,0.4508,0.4508,6,0.475409836065574,58,67,708,708,0.943419955502121,0.768847820107672,1.14561713478205,-1,0,0.266,3,"0.76 to 0.99","Not Significant","0.20-0.39"
"E02002905","Herefordshire 001",NA,340792,269522,52.3206,-2.87008,"69191dba-6a59-4015-8040-bf6666e266db",4,12.5,47.95,0.005,0.0008,0.0102,"Noncore",0,0,0,0,1,"West Midlands",10,"Herefordshire 001",39.8,1,88,35,463,0.398,0.4795,0.125,0.125,10,0.602272727272727,53,48,709,709,1.04827641626386,0.839501957966795,1.29325142704399,1,0,0.645,5,"1.01 to 1.25","Not Significant","0.60-0.79"
"E02002907","Herefordshire 003",NA,349727,257342,52.212,-2.73718,"7c94c04a-d5cb-45ad-9d10-10429c482ecf",7,23.81,45.4,0.0107,0.0018,0.0181,"LargeFringeMetro",1,0,0,0,0,"West Midlands",6,"Herefordshire 003",31,1,84,26,522,0.31,0.454,0.2381,0.2381,6,0.69047619047619,58,46,710,710,1.19608196413676,0.96554264497152,1.46509693617051,1,0,0.948,6,"1.01 to 1.25","Not Significant","0.80-1.00"
"E02002909","Herefordshire 005",NA,364567,253617,52.1797,-2.51961,"8a651233-3a10-4fa1-8bc4-517b22d2f553",6,30.99,51.16,0.0073,0.0015,0.0126,"MediumMetro",0,1,0,0,0,"West Midlands",6,"Herefordshire 005",40.8,1,71,29,432,0.408,0.5116,0.3099,0.3099,6,0.591549295774648,42,39,711,711,1.08024044968422,0.856337712739388,1.34476649402544,1,0,0.729,5,"1.01 to 1.25","Not Significant","0.60-0.79"
"E02002910","Herefordshire 006",NA,330788,254495,52.1843,-3.01374,"74acf090-c633-4f6c-a09c-2520b0d93f62",5,19.61,56.92,0.0085,0.0014,0.0113,"SmallMetro",0,0,1,0,0,"West Midlands",5,"Herefordshire 006",49,1,51,25,253,0.49,0.5692,0.1961,0.1961,5,0.509803921568627,26,28,712,712,0.973803243080026,0.750410669112167,1.2428967108545,-1,0,0.393,3,"0.76 to 0.99","Not Significant","0.20-0.39"
"E02002911","Herefordshire 007",NA,344706,247097,52.1194,-2.80899,"e79731df-cf9e-4885-8aa4-0826b3e85e76",6,14.71,46.5,0.0067,0.0027,0.013,"SmallMetro",0,0,1,0,0,"West Midlands",9,"Herefordshire 007",45.1,1,102,46,529,0.451,0.465,0.1471,0.1471,9,0.549019607843137,56,56,713,713,1.00553064441322,0.812670023966805,1.23032379553498,0,0,0.499,4,"1.00-1.009 (null value)","Not Significant","0.40-0.59"
"E02002912","Herefordshire 008",NA,354693,244689,52.0987,-2.66282,"db753210-9748-45a9-82a0-1d41c373d297",5,13.42,50.47,0.0087,0.0021,0.0128,"Noncore",0,0,0,0,1,"West Midlands",9,"Herefordshire 008",59.7,1,149,89,749,0.597,0.5047,0.1342,0.1342,9,0.402684563758389,60,81,714,714,0.814607802130798,0.664781415155764,0.987973212154476,-1,-1,0.019,2,"0.76 to 0.99","Significant Decrease","0.01-0.20"
"E02002914","Herefordshire 010",NA,349372,241261,52.0674,-2.73998,"eb32ac00-3d7c-44d0-b1e4-feb9704c7882",7,12.09,50.11,0.0065,0.0028,0.0148,"LargeFringeMetro",1,0,0,0,0,"West Midlands",3,"Herefordshire 010",41.8,1,182,76,940,0.418,0.5011,0.1209,0.1209,3,0.582417582417582,106,99,715,715,1.02990493669683,0.866896465501009,1.21458946552844,1,0,0.617,5,"1.01 to 1.25","Not Significant","0.60-0.79"
"E02002915","Herefordshire 011",NA,351388,242626,52.0798,-2.71077,"f658fb99-e0cf-4cb4-ade5-2173212fbf15",8,33.71,45.43,0.0265,0.0091,0.0213,"LargeFringeMetro",1,0,0,0,0,"West Midlands",2,"Herefordshire 011",29.2,1,89,26,449,0.292,0.4543,0.3371,0.3371,2,0.707865168539326,63,49,716,716,1.24553536536658,1.01254889042056,1.51604449601037,1,1,0.981,6,"1.01 to 1.25","Significant Increase","0.80-1.00"
"E02002918","Herefordshire 014",NA,353040,239915,52.0556,-2.68629,"b42cf20c-47e0-4378-986d-3b8c504298ab",6,11.82,51.97,0.0198,0.0029,0.0171,"LargeFringeMetro",1,0,0,0,0,"West Midlands",5,"Herefordshire 014",46.8,1,203,95,1091,0.468,0.5197,0.1182,0.1182,5,0.532019704433498,108,111,717,717,0.961114992776944,0.811446802793561,1.13030103375694,-1,0,0.304,3,"0.76 to 0.99","Not Significant","0.20-0.39"
"E02002919","Herefordshire 015",NA,350622,238325,52.0411,-2.72132,"d7859b2d-fc38-4b1b-bc51-afe4e3c06d37",9,41.57,45.31,0.0208,0.0072,0.0237,"LargeFringeMetro",1,0,0,0,0,"West Midlands",7,"Herefordshire 015",25.8,1,89,23,618,0.258,0.4531,0.4157,0.4157,7,0.741573033707865,66,49,718,718,1.36304477730992,1.11478109592532,1.65000883193396,2,1,0.999,6,"1.26 to 1.50","Significant Increase","0.80-1.00"
"E02002923","Herefordshire 019",NA,372257,237217,52.0327,-2.40581,"b349724a-8e65-479e-a3b6-1bf666422c2a",7,21.48,50.65,0.0083,0.0022,0.0162,"SmallMetro",0,0,1,0,0,"West Midlands",5,"Herefordshire 019",38.9,1,149,58,841,0.389,0.5065,0.2148,0.2148,5,0.610738255033557,91,81,719,719,1.10161117931752,0.918827710274617,1.31002238597193,1,0,0.847,6,"1.01 to 1.25","Not Significant","0.80-1.00"
"E02002924","Herefordshire 020",NA,332946,235857,52.0171,-2.97851,"803be687-eb56-44c6-a753-40e5b376b17c",3,17.6,48.86,0.004,0.001,0.0127,"Noncore",0,0,0,0,1,"West Midlands",9,"Herefordshire 020",51.2,1,125,64,612,0.512,0.4886,0.176,0.176,9,0.488,61,68,720,720,0.933126544736746,0.759468734393714,1.13450905710596,-1,0,0.233,3,"0.76 to 0.99","Not Significant","0.20-0.39"
"E02002925","Herefordshire 021",NA,349156,229269,51.9596,-2.74135,"ec9c36ab-7414-44ab-9aa8-00e25a291067",5,26.15,48.24,0.0061,0.0028,0.013,"SmallMetro",0,0,1,0,0,"West Midlands",9,"Herefordshire 021",41.5,1,130,54,595,0.415,0.4824,0.2615,0.2615,9,0.584615384615385,76,71,721,721,1.0960136351086,0.905688772355717,1.31440149272009,1,0,0.82,6,"1.01 to 1.25","Not Significant","0.80-1.00"
"E02002926","Herefordshire 022",NA,360416,224040,51.9135,-2.57689,"cc17b296-91f7-4bcc-8bec-8c89f21bdd4a",7,14.93,49.61,0.0077,0.0022,0.0166,"LargeFringeMetro",1,0,0,0,0,"West Midlands",5,"Herefordshire 022",48.4,1,221,107,1292,0.484,0.4961,0.1493,0.1493,5,0.515837104072398,114,121,722,722,0.948741335085645,0.804852780676695,1.11082632093581,-1,0,0.247,3,"0.76 to 0.99","Not Significant","0.20-0.39"
"E02002942","Telford and Wrekin 015",NA,371788,310748,52.6937,-2.41886,"59813c30-e829-4ce0-ab5e-109103a9768f",5,16.89,52.36,0.1133,0.0206,0.043,"LargeCentralMetro",0,0,0,0,0,"West Midlands",4,"Telford and Wrekin 015",48,1,148,71,932,0.48,0.5236,0.1689,0.1689,4,0.52027027027027,77,81,723,723,0.918294407610068,0.7569358559926,1.10382661387053,-1,0,0.175,2,"0.76 to 0.99","Not Significant","0.01-0.20"
"E02002944","Telford and Wrekin 017",NA,368823,307810,52.6671,-2.46245,"9dc1f470-15b0-44db-bf3e-2a5a20f14021",9,39.6,49.35,0.0343,0.0439,0.0367,"LargeCentralMetro",0,0,0,0,0,"West Midlands",9,"Telford and Wrekin 017",21.8,1,202,44,1151,0.218,0.4935,0.396,0.396,9,0.782178217821782,158,110,724,724,1.40527411384556,1.21483436080228,1.61697325790017,2,1,1,6,"1.26 to 1.50","Significant Increase","0.80-1.00"
"E02002949","Telford and Wrekin 022",NA,369114,303902,52.632,-2.45778,"d4ae4eb6-d0f7-4b2c-bc8a-aa263966eaba",8,38.63,50.24,0.0177,0.0043,0.0241,"LargeCentralMetro",0,0,0,0,0,"West Midlands",7,"Telford and Wrekin 022",34.28,2,365,125,2331,0.3428,0.5024,0.3863,0.3863,7,0.657534246575342,240,199,725,725,1.20897835907918,1.07199791724121,1.35849768496975,1,1,0.999,6,"1.01 to 1.25","Significant Increase","0.80-1.00"
"E02002951","Stoke-on-Trent 001",NA,387263,353818,53.0815,-2.1916,"8d8c518c-3174-4634-98ae-7343f5093f31",9,32.83,50.44,0.0163,0.0089,0.0195,"LargeCentralMetro",0,0,0,0,0,"West Midlands",7,"Stoke-on-Trent 001",29.3,1,198,58,1029,0.293,0.5044,0.3283,0.3283,7,0.707070707070707,140,108,726,726,1.26957085691423,1.08945811264615,1.47084328706833,2,1,0.999,6,"1.26 to 1.50","Significant Increase","0.80-1.00"
"E02002955","Stoke-on-Trent 005",NA,385868,350949,53.0556,-2.21229,"7671d63f-0fbe-4b38-9205-38d2e26c92cf",9,50.23,51.68,0.3104,0.0384,0.0557,"LargeCentralMetro",0,0,0,0,0,"West Midlands",6,"Stoke-on-Trent 005",37.7,1,215,81,1248,0.377,0.5168,0.5023,0.5023,6,0.623255813953488,134,117,727,727,1.18201109801137,1.01474777639946,1.36881912748182,1,1,0.984,6,"1.01 to 1.25","Significant Increase","0.80-1.00"
"E02002956","Stoke-on-Trent 006",NA,387277,351277,53.0586,-2.19129,"feec7ca2-6659-4051-80bf-862f5937c970",10,39.56,50.6,0.0905,0.0213,0.0403,"LargeCentralMetro",0,0,0,0,0,"West Midlands",7,"Stoke-on-Trent 006",28.65,2,412,118,2251,0.2865,0.506,0.3956,0.3956,7,0.713592233009709,294,225,728,728,1.29898330134033,1.16347612768469,1.44583253967661,2,1,1,6,"1.26 to 1.50","Significant Increase","0.80-1.00"
"E02002958","Stoke-on-Trent 008",NA,388883,350100,53.0481,-2.16728,"79238c20-2a4d-4e0a-9eda-3600c667f943",9,31.4,48.92,0.0527,0.0164,0.0355,"LargeCentralMetro",0,0,0,0,0,"West Midlands",6,"Stoke-on-Trent 008",29.3,1,242,71,1208,0.293,0.4892,0.314,0.314,6,0.706611570247934,171,132,729,729,1.26034742744159,1.09439378499071,1.4442476109465,2,1,0.999,6,"1.26 to 1.50","Significant Increase","0.80-1.00"
"E02002967","Stoke-on-Trent 017",NA,392237,345751,53.009,-2.11714,"cf53c4b3-ba4e-44f8-884c-254eee55ebe9",10,42.56,47.95,0.0177,0.0465,0.0277,"LargeCentralMetro",0,0,0,0,0,"West Midlands",8,"Stoke-on-Trent 017",28,1,289,81,1437,0.28,0.4795,0.4256,0.4256,8,0.719723183391003,208,158,730,730,1.31891665641877,1.16028311591754,1.49305367050832,2,1,1,6,"1.26 to 1.50","Significant Increase","0.80-1.00"
"E02002970","Stoke-on-Trent 020",NA,389283,344670,52.9993,-2.16113,"73493f34-4931-4637-b5ee-89d73964df49",9,44.66,49.81,0.0563,0.0305,0.0323,"LargeCentralMetro",0,0,0,0,0,"West Midlands",5,"Stoke-on-Trent 020",19.4,1,206,40,1052,0.194,0.4981,0.4466,0.4466,5,0.805825242718447,166,112,731,731,1.44633547083241,1.25390556615221,1.65981428627481,2,1,1,6,"1.26 to 1.50","Significant Increase","0.80-1.00"
"E02002973","Stoke-on-Trent 023",NA,386962,343847,52.9918,-2.19568,"f5ca791b-dc5f-481f-b3ff-5ae3f3595a8a",8,36.5,47.67,0.1288,0.0261,0.0404,"LargeCentralMetro",0,0,0,0,0,"West Midlands",5,"Stoke-on-Trent 023",51.5,1,200,103,1095,0.515,0.4767,0.365,0.365,5,0.485,97,109,732,732,0.946978428348548,0.797893224144673,1.1156761010619,-1,0,0.248,3,"0.76 to 0.99","Not Significant","0.20-0.39"
"E02002977","Stoke-on-Trent 027",NA,390229,342797,52.9824,-2.14698,"08ce5f0b-24c7-427d-bd17-b538dab0f274",10,38.46,54.16,0.0524,0.0172,0.0286,"LargeCentralMetro",0,0,0,0,0,"West Midlands",5,"Stoke-on-Trent 027",35.9,1,195,70,1119,0.359,0.5416,0.3846,0.3846,5,0.641025641025641,125,106,733,733,1.18534621242856,1.01154258090684,1.38031281438896,1,1,0.982,6,"1.01 to 1.25","Significant Increase","0.80-1.00"
"E02002982","Stoke-on-Trent 032",NA,389279,341264,52.9686,-2.16108,"00abbc3f-0c55-4ad2-a51f-3bf660ff9a20",9,29.74,50.67,0.0555,0.019,0.0355,"LargeCentralMetro",0,0,0,0,0,"West Midlands",9,"Stoke-on-Trent 032",35.3,1,232,82,1190,0.353,0.5067,0.2974,0.2974,9,0.646551724137931,150,127,734,734,1.17030129013618,1.00925578575651,1.34962371476802,1,1,0.981,6,"1.01 to 1.25","Significant Increase","0.80-1.00"
"E02002985","Bath and North East Somerset 001",NA,364450,169049,51.4193,-2.51263,"df068edd-f63a-401b-ac28-8bf3147c4d16",5,30,47.79,0.0147,0.0084,0.0291,"LargeCentralMetro",0,0,0,0,0,"South West",5,"Bath and North East Somerset 001",24,1,50,12,362,0.24,0.4779,0.3,0.3,5,0.76,38,27,735,735,1.21150452290953,0.945452851066901,1.52950968517863,1,0,0.933,6,"1.01 to 1.25","Not Significant","0.80-1.00"
"E02002987","Bath and North East Somerset 003",NA,366729,167849,51.4087,-2.47974,"b0a8460f-fb09-465f-b286-ed0e9720397f",4,13.77,46.34,0.0166,0.0036,0.0198,"LargeCentralMetro",0,0,0,0,0,"South West",4,"Bath and North East Somerset 003",50.72,2,276,140,1461,0.5072,0.4634,0.1377,0.1377,4,0.492753623188406,136,151,736,736,0.888892979657294,0.761753037522674,1.03110010601519,-1,0,0.059,2,"0.76 to 0.99","Not Significant","0.01-0.20"
"E02002992","Bath and North East Somerset 008",NA,372516,165618,51.3889,-2.39637,"88338362-616a-4a32-a654-5c1d7e23108c",2,26.03,48.16,0.0515,0.0169,0.0377,"LargeCentralMetro",0,0,0,0,0,"South West",7,"Bath and North East Somerset 008",47.9,1,219,105,1275,0.479,0.4816,0.2603,0.2603,7,0.520547945205479,114,119,737,737,0.961673655062935,0.815764601556795,1.12604557136751,-1,0,0.302,3,"0.76 to 0.99","Not Significant","0.20-0.39"
"E02003002","Bath and North East Somerset 018",NA,375965,162621,51.3621,-2.3466,"121c816f-58c9-47d5-9a86-d91f05746c55",4,17.54,41.61,0.0419,0.009,0.0507,"LargeCentralMetro",0,0,0,0,0,"South West",10,"Bath and North East Somerset 018",63,1,211,133,1382,0.63,0.4161,0.1754,0.1754,10,0.369668246445498,78,115,738,738,0.740109641883566,0.615528902563441,0.882355902706085,-2,-1,0,1,"0.51 to 0.75","Significant Decrease","<0.01"
"E02003003","Bath and North East Somerset 019",NA,373320,162606,51.3619,-2.38459,"a3337edb-5c73-4fcd-8e28-0c3b232b05e0",3,21.82,48.06,0.0579,0.0187,0.0522,"LargeCentralMetro",0,0,0,0,0,"South West",5,"Bath and North East Somerset 019",43,1,165,71,1005,0.43,0.4806,0.2182,0.2182,5,0.56969696969697,94,90,739,739,0.998819194756692,0.833919467449977,1.1867292714734,-1,0,0.476,4,"0.76 to 0.99","Not Significant","0.40-0.59"
"E02003008","Bath and North East Somerset 024",NA,368927,154781,51.2913,-2.447,"6a5ee5ce-30c9-493b-b29e-7037465ce938",7,31.9,48.92,0.0081,0.0062,0.0205,"LargeCentralMetro",0,0,0,0,0,"South West",9,"Bath and North East Somerset 024",23.91,2,163,39,1063,0.2391,0.4892,0.319,0.319,9,0.760736196319018,124,89,740,740,1.33883081093128,1.13868032973311,1.56393708544582,2,1,1,6,"1.26 to 1.50","Significant Increase","0.80-1.00"
"E02003011","Bath and North East Somerset 027",NA,365896,153592,51.2804,-2.49035,"045bb409-c6ba-4a8b-8c2a-4db74a431a00",6,20.1,49.16,0.0097,0.002,0.0152,"LargeCentralMetro",0,0,0,0,0,"South West",3,"Bath and North East Somerset 027",49.04,2,418,205,2559,0.4904,0.4916,0.201,0.201,3,0.509569377990431,213,228,741,741,0.932720114756075,0.821477536145119,1.05473577588383,-1,0,0.13,2,"0.76 to 0.99","Not Significant","0.01-0.20"
"E02003013","Bristol 002",NA,358536,178546,51.5043,-2.59879,"f65c1396-45f0-4037-911e-1f9dd563072d",9,19.8,48.14,0.105,0.0725,0.0613,"LargeCentralMetro",0,0,0,0,0,"South West",1,"Bristol 002",66.3,1,202,134,1292,0.663,0.4814,0.198,0.198,1,0.336633663366337,68,110,742,742,0.686939730386422,0.56662765373919,0.825094799525226,-2,-1,0,1,"0.51 to 0.75","Significant Decrease","<0.01"
"E02003014","Bristol 003",NA,353792,179784,51.5151,-2.6673,"6c3f730d-e517-4fd9-ad8d-800584f32a95",8,22.69,48,0.0194,0.0409,0.0516,"LargeCentralMetro",0,0,0,0,0,"South West",4,"Bristol 003",50.77,2,335,170,2054,0.5077,0.48,0.2269,0.2269,4,0.492537313432836,165,183,743,743,0.906321054427198,0.786845759848957,1.03871351145354,-1,0,0.077,2,"0.76 to 0.99","Not Significant","0.01-0.20"
"E02003016","Bristol 005",NA,360276,177463,51.4947,-2.5736,"7a2958b5-14d4-493e-891b-1d3854e5d13b",8,44.07,45.09,0.0943,0.1092,0.0804,"LargeCentralMetro",0,0,0,0,0,"South West",1,"Bristol 005",48.6,1,177,86,947,0.486,0.4509,0.4407,0.4407,1,0.514124293785311,91,97,744,744,0.982053553625503,0.823013335206111,1.16271804069442,-1,0,0.401,4,"0.76 to 0.99","Not Significant","0.40-0.59"
"E02003023","Bristol 012",NA,362060,176564,51.4867,-2.54781,"22c980b1-7ad4-4342-b02a-2d2ffbc03ebe",7,32.09,45.89,0.1254,0.0546,0.0699,"LargeCentralMetro",0,0,0,0,0,"South West",1,"Bristol 012",39.5,1,215,85,1096,0.395,0.4589,0.3209,0.3209,1,0.604651162790698,130,117,745,745,1.07782672453726,0.920031823061119,1.25483086245928,1,0,0.817,6,"1.01 to 1.25","Not Significant","0.80-1.00"
"E02003025","Bristol 014",NA,361461,177055,51.4911,-2.55649,"b4e675e9-1075-4f0f-9aed-eaf6ef344917",8,28.3,44.09,0.1323,0.1264,0.0769,"LargeCentralMetro",0,0,0,0,0,"South West",1,"Bristol 014",46.2,1,212,98,1082,0.462,0.4409,0.283,0.283,1,0.537735849056604,114,116,746,746,0.969046308703723,0.821034033619851,1.13594400624666,-1,0,0.336,3,"0.76 to 0.99","Not Significant","0.20-0.39"
"E02003031","Bristol 020",NA,359019,174940,51.4719,-2.59141,"a3fe635b-6cc6-4f9a-8672-de5b913af229",3,10.3,45.53,0.0333,0.0198,0.0632,"LargeCentralMetro",0,0,0,0,0,"South West",1,"Bristol 020",68.7,1,233,160,1676,0.687,0.4553,0.103,0.103,1,0.313304721030043,73,127,747,747,0.614735912717542,0.508298607729496,0.736778316974046,-2,-1,0,1,"0.51 to 0.75","Significant Decrease","<0.01"
"E02003032","Bristol 021",NA,363071,174926,51.4721,-2.53307,"eab58dd4-5513-48f8-93f9-07829f8d08e7",7,36.65,45.96,0.1282,0.0983,0.0831,"LargeCentralMetro",0,0,0,0,0,"South West",2,"Bristol 021",40.6,1,251,102,1299,0.406,0.4596,0.3665,0.3665,2,0.593625498007968,149,137,748,748,1.07334785459308,0.925082330954308,1.23851375589831,1,0,0.819,6,"1.01 to 1.25","Not Significant","0.80-1.00"
"E02003033","Bristol 022",NA,358042,174334,51.4664,-2.60541,"99aad249-4920-48c0-b66b-35b98a8ba8a2",2,35.93,47.37,0.0511,0.0137,0.0668,"LargeCentralMetro",0,0,0,0,0,"South West",1,"Bristol 022",54.1,1,231,125,1655,0.541,0.4737,0.3593,0.3593,1,0.458874458874459,106,126,749,749,0.868394069824719,0.734402979322838,1.01964088968722,-1,0,0.042,2,"0.76 to 0.99","Not Significant","0.01-0.20"
"E02003054","Bristol 043",NA,361647,170413,51.4314,-2.55308,"2aaeccde-34ac-43fd-9d6a-0506cfcd3cfb",8,28.4,48.1,0.0407,0.0213,0.0456,"LargeCentralMetro",0,0,0,0,0,"South West",4,"Bristol 043",40.8,1,250,102,1366,0.408,0.481,0.284,0.284,4,0.592,148,136,750,750,1.07190113434636,0.923333154460544,1.23746969717881,1,0,0.813,6,"1.01 to 1.25","Not Significant","0.80-1.00"
"E02003057","Bristol 046",NA,356771,169510,51.4229,-2.62311,"08926f8f-cdf7-43f6-9487-5cd7a9392a6d",8,39.23,45.29,0.0191,0.0142,0.0352,"LargeCentralMetro",0,0,0,0,0,"South West",4,"Bristol 046",38.7,1,181,70,1029,0.387,0.4529,0.3923,0.3923,4,0.613259668508287,111,99,751,751,1.13155650405914,0.95857519653896,1.32660822285235,1,0,0.926,6,"1.01 to 1.25","Not Significant","0.80-1.00"
"E02003058","Bristol 047",NA,360213,169051,51.4191,-2.57356,"b6b67370-ad84-4a0b-8bcd-870976efaf42",8,30.94,50.81,0.0349,0.0229,0.0372,"LargeCentralMetro",0,0,0,0,0,"South West",2,"Bristol 047",38.43,2,307,118,1614,0.3843,0.5081,0.3094,0.3094,2,0.615635179153095,189,167,752,752,1.11419840740035,0.973891976742344,1.26893959728713,1,0,0.941,6,"1.01 to 1.25","Not Significant","0.80-1.00"
"E02003067","North Somerset 003",NA,346889,175655,51.4773,-2.76615,"0c7f4cc1-e36d-426a-9acf-9142a8496d93",5,7.72,48.12,0.0161,0.0028,0.0264,"LargeCentralMetro",0,0,0,0,0,"South West",7,"North Somerset 003",50.6,1,324,164,2097,0.506,0.4812,0.0772,0.0772,7,0.493827160493827,160,177,753,753,0.887545761076084,0.768039459574624,1.02029469014806,-1,0,0.046,2,"0.76 to 0.99","Not Significant","0.01-0.20"
"E02003068","North Somerset 004",NA,352966,175166,51.4735,-2.67858,"2ea5cfad-ea77-43f4-9c37-360fef150b62",5,19.41,47.09,0.0106,0.0047,0.0277,"Micropolitan",0,0,0,1,0,"South West",3,"North Somerset 004",47.1,1,170,80,998,0.471,0.4709,0.1941,0.1941,3,0.529411764705882,90,93,754,754,0.949275635213574,0.790891316016742,1.13000779227192,-1,0,0.268,3,"0.76 to 0.99","Not Significant","0.20-0.39"
"E02003069","North Somerset 005",NA,342051,171181,51.4366,-2.83507,"d27b560a-0b5a-4e2f-831b-6dcbfa8ccb1d",6,10.78,50.99,0.0072,0.0049,0.0141,"LargeCentralMetro",0,0,0,0,0,"South West",6,"North Somerset 005",48.3,1,232,112,1367,0.483,0.5099,0.1078,0.1078,6,0.517241379310345,120,127,755,755,0.925433891340107,0.786394186162675,1.08189281414442,-1,0,0.16,2,"0.76 to 0.99","Not Significant","0.01-0.20"
"E02003073","North Somerset 009",NA,347499,169981,51.4264,-2.75652,"9185f11d-4af8-41ff-8e73-4ca309d8a358",3,12.3,48.87,0.0126,0.0038,0.0178,"LargeCentralMetro",0,0,0,0,0,"South West",5,"North Somerset 009",55.6,1,187,104,1154,0.556,0.4887,0.123,0.123,5,0.443850267379679,83,102,756,756,0.819933423106411,0.681207288736187,0.978523698361353,-1,-1,0.014,2,"0.76 to 0.99","Significant Decrease","0.01-0.20"
"E02003075","North Somerset 011",NA,350131,168165,51.4103,-2.71841,"5639b51f-16c5-4e15-b928-15fbcb26449c",3,14.93,47.71,0.0137,0.0035,0.0216,"MediumMetro",0,1,0,0,0,"South West",5,"North Somerset 011",56,1,268,150,1597,0.56,0.4771,0.1493,0.1493,5,0.440298507462687,118,146,757,757,0.815352876121715,0.693308566444455,0.952602779617217,-1,-1,0.005,1,"0.76 to 0.99","Significant Decrease","<0.01"
"E02003079","North Somerset 015",NA,336124,163552,51.3674,-2.91895,"82c1ab91-fb81-4bda-bbae-ff0c0713af0c",6,18.62,50.71,0.0137,0.0042,0.0189,"LargeCentralMetro",0,0,0,0,0,"South West",5,"North Somerset 015",36.2,1,290,105,1485,0.362,0.5071,0.1862,0.1862,5,0.637931034482759,185,158,758,758,1.12835116959812,0.983809150676471,1.28806004474951,1,0,0.957,6,"1.01 to 1.25","Not Significant","0.80-1.00"
"E02003085","North Somerset 021",NA,333095,160133,51.3363,-2.96181,"c973ca5f-ecfd-43fe-b837-b1824271e1b4",10,31.91,51.17,0.02,0.0085,0.0323,"LargeCentralMetro",0,0,0,0,0,"South West",3,"North Somerset 021",42.6,1,188,80,1026,0.426,0.5117,0.3191,0.3191,3,0.574468085106383,108,103,759,759,1.05514763139733,0.892018126421828,1.23936078320777,1,0,0.724,5,"1.01 to 1.25","Not Significant","0.60-0.79"
"E02003088","North Somerset 024",NA,346688,159427,51.3314,-2.7666,"1bad4c92-04a0-49b6-928f-20062b694b5d",5,11.74,49.32,0.009,0.0031,0.0199,"MediumMetro",0,1,0,0,0,"South West",8,"North Somerset 024",53.4,1,264,141,1547,0.534,0.4932,0.1174,0.1174,8,0.465909090909091,123,144,760,760,0.855732996683994,0.729273703850755,0.997727935967762,-1,-1,0.023,2,"0.76 to 0.99","Significant Decrease","0.01-0.20"
"E02003090","South Gloucestershire 001",NA,366954,192091,51.6267,-2.47879,"fbd6c9ca-323b-44fd-b5ad-95186b191b45",6,13.9,52.1,0.0138,0.0072,0.0259,"LargeCentralMetro",0,0,0,0,0,"South West",5,"South Gloucestershire 001",58.3,1,223,130,1449,0.583,0.521,0.139,0.139,5,0.417040358744395,93,122,761,761,0.787949529148276,0.660783288602637,0.932348354491039,-1,-1,0.003,1,"0.76 to 0.99","Significant Decrease","<0.01"
"E02003091","South Gloucestershire 002",NA,366854,188109,51.5909,-2.47985,"547b00ba-3d53-42e7-8926-bb03078f1afd",6,15.6,44.35,0.0097,0.003,0.0174,"LargeCentralMetro",0,0,0,0,0,"South West",7,"South Gloucestershire 002",39.4,1,109,43,566,0.394,0.4435,0.156,0.156,7,0.605504587155963,66,59,762,762,1.04564887998306,0.850964606518429,1.27155607705702,1,0,0.649,5,"1.01 to 1.25","Not Significant","0.60-0.79"
"E02003095","South Gloucestershire 006",NA,371970,183888,51.5532,-2.40567,"f6e26607-eb16-4a74-a1b1-3e242c6237dd",6,11.84,50.62,0.0179,0.0096,0.025,"LargeCentralMetro",0,0,0,0,0,"South West",7,"South Gloucestershire 006",43.4,1,152,66,1051,0.434,0.5062,0.1184,0.1184,7,0.56578947368421,86,83,763,763,0.984480212686838,0.816658411998607,1.17659939154695,-1,0,0.414,4,"0.76 to 0.99","Not Significant","0.40-0.59"
"E02003108","South Gloucestershire 019",NA,368643,178276,51.5025,-2.45315,"326671df-814e-4135-b3c4-02b4ea805325",6,22.22,50.17,0.0338,0.021,0.0376,"LargeCentralMetro",0,0,0,0,0,"South West",3,"South Gloucestershire 019",34.8,1,207,72,1158,0.348,0.5017,0.2222,0.2222,3,0.652173913043478,135,113,764,764,1.13041794105576,0.965682801748368,1.31512201190815,1,0,0.935,6,"1.01 to 1.25","Not Significant","0.80-1.00"
"E02003111","South Gloucestershire 022",NA,365102,176878,51.4898,-2.50403,"68505f8c-1b71-4319-ab06-6c978ac35a50",6,11.16,50.03,0.0372,0.0201,0.0312,"LargeCentralMetro",0,0,0,0,0,"South West",10,"South Gloucestershire 022",53.6,1,233,125,1429,0.536,0.5003,0.1116,0.1116,10,0.463519313304721,108,127,765,765,0.859662648716705,0.726955507698871,1.0094875273231,-1,0,0.032,2,"0.76 to 0.99","Not Significant","0.01-0.20"
"E02003117","South Gloucestershire 028",NA,364521,173048,51.4553,-2.51201,"98d53e76-b01b-4c87-97d0-ab498c7e5231",7,27.5,46.01,0.0312,0.021,0.0408,"LargeCentralMetro",0,0,0,0,0,"South West",2,"South Gloucestershire 028",60,1,160,96,1278,0.6,0.4601,0.275,0.275,2,0.4,64,87,766,766,0.806144414417543,0.661730738701435,0.972559067697669,-1,-1,0.012,2,"0.76 to 0.99","Significant Decrease","0.01-0.20"
"E02003118","South Gloucestershire 029",NA,366864,172971,51.4547,-2.47828,"907ae1fa-beaf-4273-8d3b-3eb04c64683a",6,29.11,46.71,0.0167,0.0094,0.0263,"LargeCentralMetro",0,0,0,0,0,"South West",3,"South Gloucestershire 029",17.7,1,79,14,593,0.177,0.4671,0.2911,0.2911,3,0.822784810126582,65,43,767,767,1.30831281026057,1.0580229593866,1.60013860147863,2,1,0.994,6,"1.26 to 1.50","Significant Increase","0.80-1.00"
"E02003119","South Gloucestershire 030",NA,367717,171953,51.4456,-2.46591,"ea69c48a-b923-43ab-8cd4-519fa31c998e",7,19.61,44.57,0.0135,0.0076,0.0229,"LargeCentralMetro",0,0,0,0,0,"South West",2,"South Gloucestershire 030",43.1,1,204,88,1261,0.431,0.4457,0.1961,0.1961,2,0.568627450980392,116,111,768,768,1.0104282153816,0.855961791429129,1.18463927122859,1,0,0.533,4,"1.01 to 1.25","Not Significant","0.40-0.59"
"E02003120","South Gloucestershire 031",NA,364150,171394,51.4404,-2.51718,"f59cee8c-11d3-4ff0-b677-10c01a1bfcf3",6,16.89,47.39,0.0192,0.0073,0.0247,"LargeCentralMetro",0,0,0,0,0,"South West",5,"South Gloucestershire 031",38.5,1,148,57,844,0.385,0.4739,0.1689,0.1689,5,0.614864864864865,91,81,769,769,1.0555345329328,0.878287429892144,1.25801594639752,1,0,0.706,5,"1.01 to 1.25","Not Significant","0.60-0.79"
"E02003126","Plymouth 005",NA,250392,59527,50.4165,-4.1072,"fa380071-ce9a-45fc-8fa3-e1e6e0913225",8,32.61,47.95,0.0245,0.007,0.0209,"LargeCentralMetro",0,0,0,0,0,"South West",10,"Plymouth 005",41.8,1,184,77,1122,0.418,0.4795,0.3261,0.3261,10,0.581521739130435,107,100,770,770,1.09952497569315,0.930258120544369,1.29054143519372,1,0,0.863,6,"1.01 to 1.25","Not Significant","0.80-1.00"
"E02003128","Plymouth 007",NA,247448,59043,50.4114,-4.14841,"4973eb0c-c3eb-4a52-a996-4fcb90fc23d3",9,34.48,47.98,0.0208,0.0069,0.0197,"LargeCentralMetro",0,0,0,0,0,"South West",9,"Plymouth 007",29.3,1,116,34,767,0.293,0.4798,0.3448,0.3448,9,0.706896551724138,82,63,771,771,1.27815791369281,1.05919022583348,1.52897073349411,2,1,0.995,6,"1.26 to 1.50","Significant Increase","0.80-1.00"
"E02003132","Plymouth 011",NA,247124,57454,50.397,-4.15232,"8d738685-8af5-443e-882b-c0d1472084cd",6,44.76,49.38,0.0284,0.0041,0.0213,"LargeCentralMetro",0,0,0,0,0,"South West",5,"Plymouth 011",37.1,1,105,39,648,0.371,0.4938,0.4476,0.4476,5,0.628571428571429,66,57,772,772,1.19500609603582,0.979009546973694,1.44434759044617,1,0,0.96,6,"1.01 to 1.25","Not Significant","0.80-1.00"
"E02003133","Plymouth 012",NA,249768,57083,50.3944,-4.115,"279cc98a-8cb6-4dd7-bb80-4c683b1857af",8,21.3,46.56,0.01,0.0049,0.0184,"LargeCentralMetro",0,0,0,0,0,"South West",3,"Plymouth 012",37.9,1,169,64,1031,0.379,0.4656,0.213,0.213,3,0.621301775147929,105,92,773,773,1.09047850086021,0.917066047931779,1.28708085681774,1,0,0.831,6,"1.01 to 1.25","Not Significant","0.80-1.00"
"E02003136","Plymouth 015",NA,253509,57351,50.3977,-4.06251,"b842ae81-89f3-423e-82c5-9936226c5664",6,18.1,48.89,0.0052,0.0006,0.015,"LargeCentralMetro",0,0,0,0,0,"South West",4,"Plymouth 015",49.63,2,431,214,2471,0.4963,0.4889,0.181,0.181,4,0.503480278422274,217,235,774,774,0.922133413235592,0.813012570516038,1.04173118265327,-1,0,0.094,2,"0.76 to 0.99","Not Significant","0.01-0.20"
"E02003142","Plymouth 021",NA,250122,55833,50.3832,-4.10952,"94e46819-423d-4a3c-a143-c18024b157c2",8,44.12,49.18,0.0168,0.0065,0.0275,"LargeCentralMetro",0,0,0,0,0,"South West",5,"Plymouth 021",41.8,1,170,71,1096,0.418,0.4918,0.4412,0.4412,5,0.582352941176471,99,93,775,775,1.11334832281954,0.938233855154252,1.31149756975454,1,0,0.887,6,"1.01 to 1.25","Not Significant","0.80-1.00"
"E02003145","Plymouth 024",NA,246560,55671,50.3809,-4.15952,"ee39e6b5-50f5-4e01-ae66-359421f29132",8,35.5,56.64,0.0381,0.012,0.0349,"LargeCentralMetro",0,0,0,0,0,"South West",8,"Plymouth 024",26.74,2,262,70,1522,0.2674,0.5664,0.355,0.355,8,0.732824427480916,192,143,776,776,1.31616271019719,1.15117899476254,1.49803816440914,2,1,1,6,"1.26 to 1.50","Significant Increase","0.80-1.00"
"E02003153","Plymouth 032",NA,251665,52571,50.3543,-4.08655,"c98b851d-8d75-468f-9640-6ee4df6b033a",5,17.78,46.78,0.0043,0.01,0.0149,"LargeCentralMetro",0,0,0,0,0,"South West",8,"Plymouth 032",49.56,2,450,223,2610,0.4956,0.4678,0.1778,0.1778,8,0.504444444444444,227,245,777,777,0.9302494779943,0.82244313763467,1.04816954630759,-1,0,0.115,2,"0.76 to 0.99","Not Significant","0.01-0.20"
"E02003155","Torbay 002",NA,292143,67196,50.4946,-3.52199,"0077ebd6-2a31-4ad7-bdf2-5566def70c57",8,36.24,50.5,0.0173,0.002,0.0156,"LargeFringeMetro",1,0,0,0,0,"South West",7,"Torbay 002",26.2,1,149,39,992,0.262,0.505,0.3624,0.3624,7,0.738255033557047,110,81,778,778,1.34694040246358,1.13887491682756,1.58189065107968,2,1,1,6,"1.26 to 1.50","Significant Increase","0.80-1.00"
"E02003157","Torbay 004",NA,290856,65634,50.4803,-3.53967,"3da020ee-8ccd-4b7f-b62d-f247b21ff5fc",8,28.99,49.28,0.0273,0.007,0.0259,"LargeFringeMetro",1,0,0,0,0,"South West",5,"Torbay 004",48.7,1,238,116,1453,0.487,0.4928,0.2899,0.2899,5,0.512605042016807,122,130,779,779,0.979808447768128,0.836764180125257,1.14015077080767,-1,0,0.382,3,"0.76 to 0.99","Not Significant","0.20-0.39"
"E02003158","Torbay 005",NA,292444,65205,50.4767,-3.51718,"304b249d-7946-4df9-836c-324fba7e1788",8,31.15,48.54,0.0134,0.0045,0.0203,"LargeFringeMetro",1,0,0,0,0,"South West",4,"Torbay 005",51.4,1,183,94,1131,0.514,0.4854,0.3115,0.3115,4,0.486338797814208,89,100,780,780,0.958707747996275,0.803636677466105,1.13480432005881,-1,0,0.3,3,"0.76 to 0.99","Not Significant","0.20-0.39"
"E02003166","Torbay 013",NA,286265,60066,50.4294,-3.60266,"b03e8df2-875f-466f-b0a3-05640d2641a3",8,33.33,45.32,0.011,0.0019,0.0205,"LargeFringeMetro",1,0,0,0,0,"South West",4,"Torbay 013",24.6,1,264,65,1582,0.246,0.4532,0.3333,0.3333,4,0.753787878787879,199,144,781,781,1.35411425284017,1.18670217193084,1.53840756633886,2,1,1,6,"1.26 to 1.50","Significant Increase","0.80-1.00"
"E02003170","Torbay 017",NA,293554,56362,50.3974,-3.49902,"c2b819f7-b4e9-426c-86bd-f36f37b987ee",6,29.19,51.66,0.0071,0.0032,0.0153,"LargeFringeMetro",1,0,0,0,0,"South West",10,"Torbay 017",22.4,1,161,36,1053,0.224,0.5166,0.2919,0.2919,10,0.77639751552795,125,88,782,782,1.37712490782717,1.17233918082805,1.6072835293266,2,1,1,6,"1.26 to 1.50","Significant Increase","0.80-1.00"
"E02003176","Bournemouth, Christchurch and Poole 010",NA,406065,95122,50.7556,-1.91538,"9c7692f8-65ac-4798-80b0-5abd9b4c0ffb",8,36.14,52.94,0.02,0.0085,0.0415,"LargeCentralMetro",0,0,0,0,0,"South West",9,"Bournemouth, Christchurch and Poole 010",21.68,2,166,36,1107,0.2168,0.5294,0.3614,0.3614,9,0.783132530120482,130,91,783,783,1.3745347891659,1.17268443506827,1.6010513120157,2,1,1,6,"1.26 to 1.50","Significant Increase","0.80-1.00"
"E02003178","Bournemouth, Christchurch and Poole 011",NA,407006,94770,50.7525,-1.90204,"568b91a9-9bdd-4d11-9125-00df1a2450ff",6,30.09,74.09,0.0312,0.0118,0.0463,"LargeCentralMetro",0,0,0,0,0,"South West",9,"Bournemouth, Christchurch and Poole 011",62,2,329,204,1837,0.62,0.7409,0.3009,0.3009,9,0.379939209726444,125,179,784,784,0.763004791285857,0.65437495747539,0.884369915115334,-1,-1,0,1,"0.76 to 0.99","Significant Decrease","<0.01"
"E02003179","Bournemouth, Christchurch and Poole 012",NA,411918,94747,50.7522,-1.83242,"2a2f521a-cf88-4f21-9ef5-c791f1247bc8",6,20.92,46.69,0.0611,0.0172,0.0643,"LargeCentralMetro",0,0,0,0,0,"South West",9,"Bournemouth, Christchurch and Poole 012",52.6,1,196,103,1178,0.526,0.4669,0.2092,0.2092,9,0.474489795918367,93,107,785,785,0.885795805014759,0.742123488249545,1.04906213307415,-1,0,0.078,2,"0.76 to 0.99","Not Significant","0.01-0.20"
"E02003182","Bournemouth, Christchurch and Poole 020",NA,412289,93444,50.7405,-1.8272,"079d649b-5f9e-4d82-b4fa-40cee92a64be",3,24.32,94.53,0.0529,0.0161,0.0447,"LargeCentralMetro",0,0,0,0,0,"South West",9,"Bournemouth, Christchurch and Poole 020",61.7,1,222,137,1188,0.617,0.9453,0.2432,0.2432,9,0.382882882882883,85,121,786,786,0.768467485642709,0.642312386136858,0.912008004048176,-1,-1,0.001,1,"0.76 to 0.99","Significant Decrease","<0.01"
"E02003196","Bournemouth, Christchurch and Poole 004",NA,400426,96154,50.765,-1.99532,"309a8d1b-f425-407b-8730-f2ca104fb217",6,17.52,49.62,0.0228,0.002,0.0176,"LargeCentralMetro",0,0,0,0,0,"South West",4,"Bournemouth, Christchurch and Poole 004",46.2,1,234,108,931,0.462,0.4962,0.1752,0.1752,4,0.538461538461538,126,128,787,787,0.966408817143395,0.823923135472026,1.12636942777563,-1,0,0.319,3,"0.76 to 0.99","Not Significant","0.20-0.39"
"E02003198","Bournemouth, Christchurch and Poole 016",NA,402695,94060,50.7461,-1.96316,"9429143a-35ae-431e-be3c-8b401abbfd11",7,24,46.69,0.025,0.005,0.0225,"LargeCentralMetro",0,0,0,0,0,"South West",10,"Bournemouth, Christchurch and Poole 016",41.1,1,175,72,966,0.411,0.4669,0.24,0.24,10,0.588571428571429,103,95,788,788,1.07955895853267,0.909229202042474,1.27242601533273,1,0,0.802,6,"1.01 to 1.25","Not Significant","0.80-1.00"
"E02003200","Bournemouth, Christchurch and Poole 022",NA,405514,93753,50.7434,-1.92321,"eda8875a-3047-401a-b6fc-8d8ad2b2a4fb",8,39.74,46.85,0.0271,0.0078,0.0342,"LargeCentralMetro",0,0,0,0,0,"South West",10,"Bournemouth, Christchurch and Poole 022",22.4,1,156,35,841,0.224,0.4685,0.3974,0.3974,10,0.775641025641026,121,85,789,789,1.39025937173632,1.18173611699182,1.62486258535016,2,1,1,6,"1.26 to 1.50","Significant Increase","0.80-1.00"
"E02003204","Bournemouth, Christchurch and Poole 030",NA,402777,92351,50.7308,-1.96201,"4bd9fea7-067b-4b20-bb8c-36858ca12060",7,16.57,48.35,0.024,0.0044,0.0278,"LargeCentralMetro",0,0,0,0,0,"South West",10,"Bournemouth, Christchurch and Poole 030",50.9,1,175,89,1059,0.509,0.4835,0.1657,0.1657,10,0.491428571428571,86,95,790,790,0.921292603814339,0.767756137700615,1.09642820179856,-1,0,0.171,2,"0.76 to 0.99","Not Significant","0.01-0.20"
"E02003209","Bournemouth, Christchurch and Poole 046",NA,399971,90508,50.7142,-2.00177,"3b1512dd-0737-4dda-aa86-49c6dfbac1e4",8,37.25,49.71,0.0168,0.0038,0.0196,"LargeCentralMetro",0,0,0,0,0,"South West",10,"Bournemouth, Christchurch and Poole 046",37.3,1,102,38,682,0.373,0.4971,0.3725,0.3725,10,0.627450980392157,64,56,791,791,1.18540949497831,0.969451190940709,1.43500575828472,1,0,0.95,6,"1.01 to 1.25","Not Significant","0.80-1.00"
"E02003217","Swindon 006",NA,413405,187262,51.5841,-1.80791,"e63c2f46-8915-4c35-a366-95d3b6ac0de0",8,22.91,50.14,0.0509,0.0337,0.0367,"LargeCentralMetro",0,0,0,0,0,"South West",7,"Swindon 006",52.5,1,179,94,1059,0.525,0.5014,0.2291,0.2291,7,0.474860335195531,85,98,792,792,0.901811534402055,0.752003110116058,1.07259610771882,-1,0,0.117,2,"0.76 to 0.99","Not Significant","0.01-0.20"
"E02003228","Swindon 017",NA,416135,184887,51.5626,-1.76862,"453b4119-0bc6-4bbb-9cb9-4cac54124586",3,31.29,50.4,0.311,0.029,0.042,"LargeCentralMetro",0,0,0,0,0,"South West",2,"Swindon 017",28.46,2,425,121,2373,0.2846,0.504,0.3129,0.3129,2,0.715294117647059,304,232,793,793,1.2709028538015,1.13879752581918,1.41403257437932,2,1,1,6,"1.26 to 1.50","Significant Increase","0.80-1.00"
"E02003229","Swindon 018",NA,410739,184381,51.5582,-1.84648,"34c74c1a-e69d-47a4-9da5-d6993d1a7923",6,18.69,51.05,0.0563,0.0175,0.0581,"LargeCentralMetro",0,0,0,0,0,"South West",3,"Swindon 018",43,1,214,92,1287,0.43,0.5105,0.1869,0.1869,3,0.570093457943925,122,117,794,794,0.994661178733403,0.844665159651136,1.16354734530005,-1,0,0.457,4,"0.76 to 0.99","Not Significant","0.40-0.59"
"E02003232","Swindon 021",NA,414374,183677,51.5518,-1.79407,"658b4386-a8ea-4996-ba9f-ee50ededff1a",5,18.69,55.72,0.0787,0.0235,0.0498,"LargeCentralMetro",0,0,0,0,0,"South West",4,"Swindon 021",38.3,1,214,82,1382,0.383,0.5572,0.1869,0.1869,4,0.616822429906542,132,117,795,795,1.06564824395728,0.908959827968404,1.24152262409657,1,0,0.776,5,"1.01 to 1.25","Not Significant","0.60-0.79"
"E02003234","Swindon 023",NA,418666,183741,51.5522,-1.73217,"7f7d7ddf-d01b-4f42-9227-67a17e98376a",6,30.67,47.41,0.093,0.0233,0.0403,"LargeCentralMetro",0,0,0,0,0,"South West",5,"Swindon 023",44.8,1,163,73,888,0.448,0.4741,0.3067,0.3067,5,0.552147239263804,90,89,796,796,1.01831511892927,0.850654891265034,1.20924869954313,1,0,0.562,4,"1.01 to 1.25","Not Significant","0.40-0.59"
"E02003236","Swindon 025",NA,415497,179902,51.5178,-1.77804,"f35debde-7b10-4642-a594-1624ec593de8",7,15.19,48.32,0.052,0.0173,0.0304,"MediumMetro",0,1,0,0,0,"South West",8,"Swindon 025",61.9,1,270,167,1573,0.619,0.4832,0.1519,0.1519,8,0.381481481481481,103,147,797,797,0.744857972158135,0.629883974080731,0.874622811378834,-2,-1,0,1,"0.51 to 0.75","Significant Decrease","<0.01"
"E02003237","Peterborough 001",NA,513988,306389,52.6433,-0.31674,"fb81a5a0-941b-4579-b004-afe133774f1c",6,18.15,49.67,0.0268,0.0094,0.0258,"Micropolitan",0,0,0,1,0,"East of England",10,"Peterborough 001",45.2,1,259,117,1651,0.452,0.4967,0.1815,0.1815,10,0.548262548262548,142,141,798,798,1.00429959398134,0.863152614005845,1.16184227760737,0,0,0.507,4,"1.00-1.009 (null value)","Not Significant","0.40-0.59"
"E02003255","Peterborough 019",NA,521214,296795,52.5555,-0.21351,"6e6fff91-1c05-4716-a86a-674e445066a5",5,26.34,47.77,0.0597,0.0433,0.0443,"LargeCentralMetro",0,0,0,0,0,"East of England",5,"Peterborough 019",43.3,1,224,97,1526,0.433,0.4777,0.2634,0.2634,5,0.566964285714286,127,122,799,799,1.02559622254252,0.875063459324104,1.19449494059032,1,0,0.609,5,"1.01 to 1.25","Not Significant","0.60-0.79"
"E02003257","Peterborough 021",NA,515659,295372,52.5439,-0.2959,"0f2b1201-f7d5-4433-8d99-96b78559549f",6,33.66,50.65,0.0338,0.0745,0.0707,"LargeCentralMetro",0,0,0,0,0,"East of England",6,"Peterborough 021",43.9,1,205,90,1230,0.439,0.5065,0.3366,0.3366,6,0.560975609756098,115,112,800,800,1.03016402167447,0.874344863052496,1.20563217371951,1,0,0.625,5,"1.01 to 1.25","Not Significant","0.60-0.79"
"E02003258","Luton 001",NA,507346,225826,51.9206,-0.44048,"d4bfee4a-c1a1-4cb9-986c-d37c8974531f",2,18.12,47.71,0.1995,0.0857,0.0604,"LargeCentralMetro",0,0,0,0,0,"East of England",8,"Luton 001",46.4,1,276,128,1641,0.464,0.4771,0.1812,0.1812,8,0.536231884057971,148,151,801,801,0.958286465263996,0.825077942674575,1.10679192927262,-1,0,0.271,3,"0.76 to 0.99","Not Significant","0.20-0.39"
"E02003259","Luton 002",NA,505295,225542,51.9185,-0.47038,"334e3a9a-9859-4e10-a0dc-c7ee13f1ed80",4,30.57,52.63,0.1565,0.1402,0.0769,"LargeCentralMetro",0,0,0,0,0,"East of England",6,"Luton 002",33.7,1,193,65,1026,0.337,0.5263,0.3057,0.3057,6,0.663212435233161,128,105,802,802,1.16400098753283,0.99158448636998,1.35769711174865,1,0,0.968,6,"1.01 to 1.25","Not Significant","0.80-1.00"
"E02003264","Luton 007",NA,508685,224072,51.9046,-0.42157,"5e9285f3-7826-45a1-97a2-6949f7ed2151",1,25.62,51.18,0.4583,0.0614,0.0769,"LargeCentralMetro",0,0,0,0,0,"East of England",5,"Luton 007",57.7,1,281,162,1446,0.577,0.5118,0.2562,0.2562,5,0.423487544483986,119,153,803,803,0.798525316568481,0.680184645542149,0.931432551253327,-1,-1,0.002,1,"0.76 to 0.99","Significant Decrease","<0.01"
"E02003266","Luton 009",NA,504069,223659,51.9018,-0.48877,"67fe87d3-132f-4209-8d28-041ab707438a",5,32.31,50.31,0.2681,0.1497,0.0857,"LargeCentralMetro",0,0,0,0,0,"East of England",6,"Luton 009",45.2,1,294,133,1614,0.452,0.5031,0.3231,0.3231,6,0.547619047619048,161,160,804,804,1.00488800311179,0.870767160106738,1.1537150551303,0,0,0.512,4,"1.00-1.009 (null value)","Not Significant","0.40-0.59"
"E02003267","Luton 010",NA,507978,223189,51.8968,-0.43212,"e1388450-8a60-4834-b97a-e75b75fbbe01",1,27.4,51.65,0.7665,0.0423,0.0577,"LargeCentralMetro",0,0,0,0,0,"East of England",1,"Luton 010",56.2,1,219,123,1123,0.562,0.5165,0.274,0.274,1,0.438356164383562,96,119,805,805,0.823617958583639,0.691224925883768,0.973883039058518,-1,-1,0.012,2,"0.76 to 0.99","Significant Decrease","0.01-0.20"
"E02003273","Luton 016",NA,510763,221495,51.881,-0.39221,"f27b69ea-3012-4863-a743-1fa9f36d8fef",4,35.5,47.94,0.2233,0.1154,0.0784,"LargeCentralMetro",0,0,0,0,0,"East of England",3,"Luton 016",34.5,1,200,69,1264,0.345,0.4794,0.355,0.355,3,0.655,131,109,806,806,1.1552368001261,0.986040284261641,1.34504730829576,1,0,0.963,6,"1.01 to 1.25","Not Significant","0.80-1.00"
"E02003277","Luton 020",NA,507894,220391,51.8717,-0.43422,"a1f44bf3-43a6-4276-a8ae-be334210411d",3,43.54,50.99,0.2999,0.107,0.1037,"LargeCentralMetro",0,0,0,0,0,"East of England",6,"Luton 020",20.7,1,271,56,1471,0.207,0.5099,0.4354,0.4354,6,0.793357933579336,215,148,807,807,1.39453242343338,1.22613009357707,1.57949358327193,2,1,1,6,"1.26 to 1.50","Significant Increase","0.80-1.00"
"E02003279","Southend-on-Sea 001",NA,583786,188981,51.5698,0.650547,"770fb8df-09a9-4b9e-a3a3-e353727d0a54",4,18.47,48.47,0.0283,0.0124,0.0226,"LargeCentralMetro",0,0,0,0,0,"East of England",3,"Southend-on-Sea 001",54.5,1,222,121,1143,0.545,0.4847,0.1847,0.1847,3,0.454954954954955,101,121,808,808,0.845358923031327,0.711841090724169,0.996549152289828,-1,-1,0.023,2,"0.76 to 0.99","Significant Decrease","0.01-0.20"
"E02003282","Southend-on-Sea 004",NA,586800,187293,51.5536,0.69309,"b5995a94-07fb-43b6-9d8e-319b3b0fffe4",6,39.37,49.05,0.1082,0.0317,0.0423,"LargeCentralMetro",0,0,0,0,0,"East of England",1,"Southend-on-Sea 004",31.7,1,221,70,1321,0.317,0.4905,0.3937,0.3937,1,0.683257918552036,151,121,809,809,1.21673604760289,1.04871366737257,1.40391498099747,1,1,0.995,6,"1.01 to 1.25","Significant Increase","0.80-1.00"
"E02003283","Southend-on-Sea 005",NA,585109,187393,51.555,0.668779,"3f4b55f6-c15f-4a0d-a851-85ef39133d97",6,15.08,7.38,0.0528,0.0141,0.0337,"LargeCentralMetro",0,0,0,0,0,"East of England",3,"Southend-on-Sea 005",63.7,1,179,114,1206,0.637,0.0738,0.1508,0.1508,3,0.363128491620112,65,98,810,810,0.72006302897694,0.590705522089852,0.869199803513571,-2,-1,0,1,"0.51 to 0.75","Significant Decrease","<0.01"
"E02003286","Southend-on-Sea 008",NA,582908,186492,51.5477,0.636598,"037432ce-5e4f-4f2b-81bd-d612a2feada0",3,14.08,50.75,0.0161,0.0051,0.0266,"LargeCentralMetro",0,0,0,0,0,"East of England",3,"Southend-on-Sea 008",44.7,1,284,127,1606,0.447,0.5075,0.1408,0.1408,3,0.552816901408451,157,155,811,811,0.973350128974328,0.840244502096844,1.12147386705596,-1,0,0.342,3,"0.76 to 0.99","Not Significant","0.20-0.39"
"E02003295","Southend-on-Sea 017",NA,592689,185305,51.5338,0.776842,"837fa258-4300-46b6-9533-185bf259280b",5,33.89,47.97,0.0402,0.0251,0.034,"LargeCentralMetro",0,0,0,0,0,"East of England",7,"Southend-on-Sea 017",33.6,1,301,101,1747,0.336,0.4797,0.3389,0.3389,7,0.664451827242525,200,164,812,812,1.20315947731337,1.05522102422456,1.36592165519031,1,1,0.997,6,"1.01 to 1.25","Significant Increase","0.80-1.00"
"E02003300","Thurrock 005",NA,570468,182096,51.5121,0.455244,"0c700e53-c323-44bb-b1bd-d96a34dfae89",4,19.92,48.89,0.0319,0.045,0.0306,"LargeCentralMetro",0,0,0,0,0,"East of England",10,"Thurrock 005",41.4,1,256,106,1438,0.414,0.4889,0.1992,0.1992,10,0.5859375,150,140,813,813,1.0530391688023,0.907702053564616,1.21493018410191,1,0,0.744,5,"1.01 to 1.25","Not Significant","0.60-0.79"
"E02003303","Thurrock 008",NA,555570,180081,51.4983,0.239844,"279391b9-93da-4d66-8938-f5e0dad5f097",3,39.37,43.5,0.0592,0.1096,0.0441,"MediumMetro",0,1,0,0,0,"East of England",9,"Thurrock 008",28.3,1,127,36,669,0.283,0.435,0.3937,0.3937,9,0.716535433070866,91,69,814,814,1.27648038486423,1.06384174540511,1.51908399643745,2,1,0.996,6,"1.26 to 1.50","Significant Increase","0.80-1.00"
"E02003304","Thurrock 009",NA,561531,180745,51.5026,0.325951,"1310256b-e5b7-4ce0-874f-2b31096b917d",5,16.31,44.07,0.0841,0.0663,0.0407,"LargeCentralMetro",0,0,0,0,0,"East of England",10,"Thurrock 009",34.8,1,233,81,1105,0.348,0.4407,0.1631,0.1631,10,0.652360515021459,152,127,815,815,1.14182319188813,0.983184973638397,1.31868488830249,1,0,0.958,6,"1.01 to 1.25","Not Significant","0.80-1.00"
"E02003307","Thurrock 012",NA,564744,179359,51.4892,0.371556,"7383b63d-5cb6-4783-840a-0649dc75143b",6,38.58,50.34,0.0411,0.1035,0.0434,"LargeCentralMetro",0,0,0,0,0,"East of England",2,"Thurrock 012",48.2,1,197,95,1033,0.482,0.5034,0.3858,0.3858,2,0.517766497461929,102,107,816,816,0.98805526013412,0.833770687162489,1.1624760364551,-1,0,0.426,4,"0.76 to 0.99","Not Significant","0.40-0.59"
"E02003309","Thurrock 014",NA,562652,178447,51.4816,0.34103,"08d9641a-2e71-43d9-8b03-5b97b261d287",3,29.41,39.14,0.0989,0.0832,0.0485,"LargeCentralMetro",0,0,0,0,0,"East of England",2,"Thurrock 014",37,1,119,44,608,0.37,0.3914,0.2941,0.2941,2,0.630252100840336,75,65,817,817,1.08364749333731,0.889862779092575,1.30708796723747,1,0,0.779,5,"1.01 to 1.25","Not Significant","0.60-0.79"
"E02003321","Medway 008",NA,572575,169046,51.3942,0.479215,"3edd291f-cb34-4bcf-8b0b-681caa61404a",7,35.11,51.34,0.0424,0.0519,0.0416,"LargeCentralMetro",0,0,0,0,0,"South East",6,"Medway 008",23.1,1,225,52,1305,0.231,0.5134,0.3511,0.3511,6,0.768888888888889,173,123,818,818,1.35456906771102,1.17633357592222,1.55207158084418,2,1,1,6,"1.26 to 1.50","Significant Increase","0.80-1.00"
"E02003325","Medway 012",NA,577353,168185,51.385,0.547392,"e7667ab8-9ac8-4f91-a817-1ba24a95c63b",8,33.19,47.32,0.1272,0.0976,0.0739,"LargeCentralMetro",0,0,0,0,0,"South East",2,"Medway 012",24.7,1,235,58,1382,0.247,0.4732,0.3319,0.3319,2,0.753191489361702,177,128,819,819,1.30993534497254,1.13794223816822,1.50048543110308,2,1,1,6,"1.26 to 1.50","Significant Increase","0.80-1.00"
"E02003332","Medway 019",NA,578634,167009,51.374,0.56519,"ca891a28-d240-4e95-900e-37c7bcc41c65",7,47.03,47.77,0.0694,0.0557,0.0395,"LargeCentralMetro",0,0,0,0,0,"South East",4,"Medway 019",16.2,1,185,30,1011,0.162,0.4777,0.4703,0.4703,4,0.837837837837838,155,101,820,820,1.4824783900629,1.27909632334673,1.70888835511997,2,1,1,6,"1.26 to 1.50","Significant Increase","0.80-1.00"
"E02003334","Medway 021",NA,575376,166596,51.3713,0.518226,"c730d83b-3d86-4762-92c5-c18b3ce4112b",6,30.17,46.52,0.1499,0.0715,0.0652,"LargeCentralMetro",0,0,0,0,0,"South East",2,"Medway 021",32.4,1,179,58,1105,0.324,0.4652,0.3017,0.3017,2,0.675977653631285,121,98,821,821,1.16479981915288,0.987950341337412,1.36410169626422,1,0,0.965,6,"1.01 to 1.25","Not Significant","0.80-1.00"
"E02003335","Medway 022",NA,576534,166617,51.3712,0.534856,"9e03d42e-559d-4b86-bb2d-546319c05ce9",7,38.81,52.91,0.058,0.1265,0.064,"LargeCentralMetro",0,0,0,0,0,"South East",3,"Medway 022",22.4,1,219,49,1221,0.224,0.5291,0.3881,0.3881,3,0.776255707762557,170,119,822,822,1.3652236162868,1.18373693320337,1.56655778620776,2,1,1,6,"1.26 to 1.50","Significant Increase","0.80-1.00"
"E02003339","Medway 026",NA,574641,165432,51.3611,0.507107,"a05065ec-e968-4425-98ad-7e4f8065f564",6,31.34,49.34,0.1378,0.0477,0.0463,"LargeCentralMetro",0,0,0,0,0,"South East",10,"Medway 026",25.8,1,217,56,1212,0.258,0.4934,0.3134,0.3134,10,0.741935483870968,161,118,823,823,1.31603023745206,1.13799004680576,1.5139181199052,2,1,1,6,"1.26 to 1.50","Significant Increase","0.80-1.00"
"E02003342","Medway 029",NA,581215,165538,51.36,0.601483,"d8b24d20-2697-472f-bc14-f7cba8a3d8bb",4,16.82,52.26,0.036,0.0164,0.0251,"LargeCentralMetro",0,0,0,0,0,"South East",8,"Medway 029",31.25,2,541,169,3159,0.3125,0.5226,0.1682,0.1682,8,0.687615526802218,372,295,824,824,1.2275089112933,1.11085315689617,1.35299998073066,1,1,1,6,"1.01 to 1.25","Significant Increase","0.80-1.00"
"E02003354","Bracknell Forest 003",NA,487677,170212,51.4241,-0.74035,"76d6b943-8ef1-436a-8b45-968a2fa8e120",4,18.66,48.58,0.0642,0.0156,0.0412,"LargeCentralMetro",0,0,0,0,0,"South East",6,"Bracknell Forest 003",37.3,1,268,100,1474,0.373,0.4858,0.1866,0.1866,6,0.626865671641791,168,146,825,825,1.10061829740134,0.953727447692336,1.26364336204427,1,0,0.903,6,"1.01 to 1.25","Not Significant","0.80-1.00"
"E02003358","Bracknell Forest 007",NA,486910,168623,51.41,-0.75177,"2a05ab55-0ab4-44db-95d5-16f63af54323",5,16.22,49.84,0.106,0.0406,0.0631,"LargeCentralMetro",0,0,0,0,0,"South East",1,"Bracknell Forest 007",48.64,2,370,180,2209,0.4864,0.4984,0.1622,0.1622,1,0.513513513513513,190,202,826,826,0.914471478600719,0.798977479256715,1.04189160872552,-1,0,0.087,2,"0.76 to 0.99","Not Significant","0.01-0.20"
"E02003370","West Berkshire 004",NA,464351,174546,51.4662,-1.075,"728dbd5e-02cc-4c50-bb9a-37eb56259f14",4,13.11,49.74,0.0464,0.0218,0.0433,"LargeCentralMetro",0,0,0,0,0,"South East",5,"West Berkshire 004",49.7,1,183,91,1142,0.497,0.4974,0.1311,0.1311,5,0.502732240437158,92,100,827,827,0.890337452457133,0.742887772170936,1.05842587121592,-1,0,0.091,2,"0.76 to 0.99","Not Significant","0.01-0.20"
"E02003371","West Berkshire 005",NA,465895,174319,51.464,-1.05281,"459e0a7b-300b-4e44-8ef6-5c7d0bef8ac6",5,16.27,52,0.0407,0.0146,0.0318,"LargeCentralMetro",0,0,0,0,0,"South East",2,"West Berkshire 005",46.8,1,252,118,1679,0.468,0.52,0.1627,0.1627,2,0.531746031746032,134,137,828,828,0.94739221462305,0.8101584974687,1.10113491822421,-1,0,0.232,3,"0.76 to 0.99","Not Significant","0.20-0.39"
"E02003378","West Berkshire 012",NA,447295,169188,51.4197,-1.32122,"35f112f5-7c37-4f3e-8c4e-8414801f084f",5,22.17,48.27,0.0451,0.0099,0.033,"LargeCentralMetro",0,0,0,0,0,"South East",3,"West Berkshire 012",38.9,1,203,79,1355,0.389,0.4827,0.2217,0.2217,3,0.610837438423645,124,111,829,829,1.0680624115366,0.908108408840521,1.2480027842246,1,0,0.779,5,"1.01 to 1.25","Not Significant","0.60-0.79"
"E02003381","West Berkshire 015",NA,467297,168838,51.4146,-1.03368,"84137647-b363-4592-b990-8b062f12f763",2,17.73,51.74,0.0284,0.0111,0.0348,"MediumMetro",0,1,0,0,0,"South East",6,"West Berkshire 015",57.1,1,203,116,1233,0.571,0.5174,0.1773,0.1773,6,0.428571428571429,87,111,830,830,0.802735862130158,0.669622206337464,0.954464013583039,-1,-1,0.007,1,"0.76 to 0.99","Significant Decrease","<0.01"
"E02003383","West Berkshire 017",NA,452747,168135,51.4098,-1.24298,"881fa096-36f1-4f37-935d-0cb7453843e8",6,18.58,49.06,0.0305,0.0078,0.0256,"LargeCentralMetro",0,0,0,0,0,"South East",2,"West Berkshire 017",45.6,1,296,135,1814,0.456,0.4906,0.1858,0.1858,2,0.543918918918919,161,161,831,831,0.977366370548447,0.845840894535384,1.12346015296145,-1,0,0.361,3,"0.76 to 0.99","Not Significant","0.20-0.39"
"E02003387","West Berkshire 021",NA,446265,165577,51.3874,-1.3365,"a88880c3-ae2a-451f-a464-fb20b8db616b",4,7.78,51.61,0.0264,0.0073,0.0237,"LargeCentralMetro",0,0,0,0,0,"South East",3,"West Berkshire 021",58.1,1,270,157,1930,0.581,0.5161,0.0778,0.0778,3,0.418518518518519,113,147,832,832,0.768469879702815,0.651311476735138,0.900536050367636,-1,-1,0.001,1,"0.76 to 0.99","Significant Decrease","<0.01"
"E02003390","Reading 002",NA,470213,175823,51.477,-0.99037,"699b9f9e-a853-4808-b6ea-abfdee37ff87",2,9.27,45.31,0.0703,0.0107,0.0454,"LargeCentralMetro",0,0,0,0,0,"South East",5,"Reading 002",57.3,1,248,142,1545,0.573,0.4531,0.0927,0.0927,5,0.42741935483871,106,135,833,833,0.779095965471268,0.657270771366462,0.916878198744455,-1,-1,0.001,1,"0.76 to 0.99","Significant Decrease","<0.01"
"E02003400","Reading 012",NA,473420,172564,51.4473,-0.94488,"b6c4307c-b24b-4102-b25c-f07275cfbc47",2,24.32,36.46,0.1884,0.0519,0.0729,"LargeCentralMetro",0,0,0,0,0,"South East",1,"Reading 012",44.05,2,259,114,1171,0.4405,0.3646,0.2432,0.2432,1,0.55984555984556,145,141,834,834,0.986638785003307,0.847389366473505,1.14216421787974,-1,0,0.414,4,"0.76 to 0.99","Not Significant","0.40-0.59"
"E02003403","Reading 015",NA,468761,172038,51.4432,-1.01201,"9541092a-34a0-47c3-a1a4-9a9f56c2d9ca",6,29.25,47.05,0.1426,0.0823,0.0739,"LargeCentralMetro",0,0,0,0,0,"South East",2,"Reading 015",36,3,547,197,3284,0.36,0.4705,0.2925,0.2925,2,0.639853747714808,350,298,835,835,1.15014380828593,1.03818176212942,1.27080672459031,1,1,0.996,6,"1.01 to 1.25","Significant Increase","0.80-1.00"
"E02003411","Slough 005",NA,498794,181437,51.5232,-0.57738,"b6b53bf0-f750-42e1-a046-2dcee0829917",1,24.51,45.96,0.5531,0.0641,0.1133,"LargeCentralMetro",0,0,0,0,0,"South East",8,"Slough 005",32.8,1,204,67,1188,0.328,0.4596,0.2451,0.2451,8,0.67156862745098,137,111,836,836,1.14218998170854,0.975075472473725,1.32966474965626,1,0,0.949,6,"1.01 to 1.25","Not Significant","0.80-1.00"
"E02003414","Slough 008",NA,494953,179706,51.5083,-0.63319,"97b25689-d171-4988-8b42-b31f7dbd7c3b",1,21.59,62.11,0.4169,0.0843,0.1049,"LargeCentralMetro",0,0,0,0,0,"South East",4,"Slough 008",46.57,2,352,164,1903,0.4657,0.6211,0.2159,0.2159,4,0.534090909090909,188,192,837,837,0.945787449378841,0.825459989005461,1.07864410720683,-1,0,0.197,2,"0.76 to 0.99","Not Significant","0.01-0.20"
"E02003415","Slough 009",NA,496838,179540,51.5065,-0.60608,"ef1a87c2-ac16-46df-9f6e-6da370d862ad",1,29.67,35.06,0.5208,0.0964,0.0918,"LargeCentralMetro",0,0,0,0,0,"South East",2,"Slough 009",37.9,1,182,69,1178,0.379,0.3506,0.2967,0.2967,2,0.620879120879121,113,99,838,838,1.0690141973516,0.902062181535365,1.25785313116903,1,0,0.771,5,"1.01 to 1.25","Not Significant","0.60-0.79"
"E02003418","Slough 012",NA,500525,178890,51.5,-0.55316,"faefd043-6e4c-4388-9bb8-78b67602c47c",1,22.1,44.94,0.4744,0.0637,0.1075,"LargeCentralMetro",0,0,0,0,0,"South East",2,"Slough 012",60.2,1,181,109,1155,0.602,0.4494,0.221,0.221,2,0.397790055248619,72,99,839,839,0.738619648072977,0.608021527900568,0.88888197766308,-2,-1,0.001,1,"0.51 to 0.75","Significant Decrease","<0.01"
"E02003421","Windsor and Maidenhead 001",NA,486538,182585,51.5355,-0.7537,"99bff857-7abb-4581-8258-2ca8acfaebdb",1,20.72,36.97,0.2107,0.0127,0.0488,"LargeCentralMetro",0,0,0,0,0,"South East",5,"Windsor and Maidenhead 001",49,1,251,123,1547,0.49,0.3697,0.2072,0.2072,5,0.50996015936255,128,137,840,840,0.918729155477457,0.784084191640406,1.06977468580385,-1,0,0.133,2,"0.76 to 0.99","Not Significant","0.01-0.20"
"E02003426","Windsor and Maidenhead 006",NA,486276,181025,51.5216,-0.75786,"a797cd31-6ab2-4394-a020-8efe4baa9146",1,15.99,79.17,0.1111,0.0109,0.0481,"LargeCentralMetro",0,0,0,0,0,"South East",3,"Windsor and Maidenhead 006",50.47,2,319,161,2036,0.5047,0.7917,0.1599,0.1599,3,0.495297805642633,158,174,841,841,0.885128362862802,0.764834264270091,1.01889501456386,-1,0,0.044,2,"0.76 to 0.99","Not Significant","0.01-0.20"
"E02003428","Windsor and Maidenhead 008",NA,486859,178604,51.4997,-0.75006,"df899eb6-54cc-4a8c-beb9-16071169123c",1,11.27,47.93,0.1229,0.0133,0.0535,"LargeCentralMetro",0,0,0,0,0,"South East",4,"Windsor and Maidenhead 008",47.1,1,204,96,1183,0.471,0.4793,0.1127,0.1127,4,0.529411764705882,108,111,842,842,0.912742580904799,0.768113431746459,1.07664567372556,-1,0,0.134,2,"0.76 to 0.99","Not Significant","0.01-0.20"
"E02003429","Windsor and Maidenhead 009",NA,490079,176862,51.4836,-0.70412,"950b626d-1a68-4248-b36c-2a46cbed5921",1,14.29,50.78,0.1282,0.0174,0.0465,"LargeCentralMetro",0,0,0,0,0,"South East",6,"Windsor and Maidenhead 009",58.2,1,91,53,640,0.582,0.5078,0.1429,0.1429,6,0.417582417582418,38,50,843,843,0.783401438370684,0.618299217233915,0.979018772037347,-1,-1,0.016,2,"0.76 to 0.99","Significant Decrease","0.01-0.20"
"E02003431","Windsor and Maidenhead 011",NA,500520,176173,51.4756,-0.554,"6cb47007-abcd-41e4-a4c9-e86e6518ee50",2,27.43,50.6,0.2224,0.013,0.0743,"MediumMetro",0,1,0,0,0,"South East",7,"Windsor and Maidenhead 011",38.1,1,113,43,666,0.381,0.506,0.2743,0.2743,7,0.619469026548673,70,62,844,844,1.05041897625121,0.857639477204046,1.27361014263722,1,0,0.668,5,"1.01 to 1.25","Not Significant","0.60-0.79"
"E02003438","Windsor and Maidenhead 018",NA,494047,167402,51.3979,-0.64951,"dc46de20-98d9-45cf-b645-42a6e6b72661",2,12.69,46.47,0.0757,0.0111,0.0534,"LargeCentralMetro",0,0,0,0,0,"South East",3,"Windsor and Maidenhead 018",57.1,1,268,153,1715,0.571,0.4647,0.1269,0.1269,3,0.42910447761194,115,146,845,845,0.78131925778834,0.662651328278886,0.915027954857017,-1,-1,0.001,1,"0.76 to 0.99","Significant Decrease","<0.01"
"E02003442","Wokingham 004",NA,478480,173908,51.4587,-0.87178,"c702c232-52f4-44ba-930a-5ac3da810dde",2,13.39,49.89,0.0901,0.0175,0.0453,"LargeCentralMetro",0,0,0,0,0,"South East",6,"Wokingham 004",53.6,1,239,128,1421,0.536,0.4989,0.1339,0.1339,6,0.464435146443515,111,130,846,846,0.843666634827107,0.71370998192445,0.990362459471689,-1,-1,0.019,2,"0.76 to 0.99","Significant Decrease","0.01-0.20"
"E02003444","Wokingham 006",NA,474863,171565,51.4381,-0.92433,"624a6cd4-e950-48d1-a39b-fb3b602cb234",2,7.89,47.44,0.3568,0.0334,0.0579,"LargeCentralMetro",0,0,0,0,0,"South East",7,"Wokingham 006",64.5,1,279,180,1872,0.645,0.4744,0.0789,0.0789,7,0.354838709677419,99,152,847,847,0.675936060027636,0.569306509719613,0.796642117419964,-2,-1,0,1,"0.51 to 0.75","Significant Decrease","<0.01"
"E02003447","Wokingham 009",NA,477548,170747,51.4304,-0.88588,"a59b4768-b427-4150-ae03-11b97c5122b0",4,11.9,8.95,0.1976,0.0335,0.0608,"LargeCentralMetro",0,0,0,0,0,"South East",6,"Wokingham 009",59.5,1,126,75,927,0.595,0.0895,0.119,0.119,6,0.404761904761905,51,69,848,848,0.761577406480173,0.612216571198293,0.936291684906701,-1,-1,0.005,1,"0.76 to 0.99","Significant Decrease","<0.01"
"E02003461","Milton Keynes 003",NA,486369,244210,52.0895,-0.74079,"e5096361-fadf-486f-a8c2-573e1e283d3d",3,12.57,50.68,0.0335,0.0215,0.0305,"LargeCentralMetro",0,0,0,0,0,"South East",4,"Milton Keynes 003",50,1,366,183,2267,0.5,0.5068,0.1257,0.1257,4,0.5,183,200,849,849,0.897491891284057,0.782838936023039,1.02413046842524,-1,0,0.053,2,"0.76 to 0.99","Not Significant","0.01-0.20"
"E02003468","Milton Keynes 010",NA,479625,240971,52.0614,-0.83996,"f669e231-c71a-4535-a73c-36b227dbea8f",3,30.33,51.07,0.08,0.047,0.0502,"LargeCentralMetro",0,0,0,0,0,"South East",2,"Milton Keynes 010",32.2,1,211,68,1210,0.322,0.5107,0.3033,0.3033,2,0.677725118483412,143,115,850,850,1.17909789731934,1.01108491651112,1.36696918099921,1,1,0.982,6,"1.01 to 1.25","Significant Increase","0.80-1.00"
"E02003476","Milton Keynes 018",NA,486737,237206,52.0265,-0.7372,"8d542f14-eac6-476c-93d3-6bef8a7c36da",5,47.88,51.68,0.1215,0.2326,0.0672,"LargeCentralMetro",0,0,0,0,0,"South East",3,"Milton Keynes 018",33.9,1,236,80,1010,0.339,0.5168,0.4788,0.4788,3,0.661016949152542,156,129,851,851,1.20975249128425,1.04625129443523,1.39143189885564,1,1,0.995,6,"1.01 to 1.25","Significant Increase","0.80-1.00"
"E02003478","Milton Keynes 020",NA,483670,237208,52.027,-0.78189,"87b42020-fe99-4871-9520-7dea7dde9ef7",2,17.29,51.46,0.1826,0.0601,0.0721,"LargeCentralMetro",0,0,0,0,0,"South East",4,"Milton Keynes 020",68,1,266,181,1784,0.68,0.5146,0.1729,0.1729,4,0.319548872180451,85,145,852,852,0.637798123519769,0.533445469093134,0.75647535344283,-2,-1,0,1,"0.51 to 0.75","Significant Decrease","<0.01"
"E02003479","Milton Keynes 021",NA,485290,237329,52.0278,-0.75825,"e2ae4ad9-b2f2-48f4-a897-3357c61fb8aa",3,25.49,47.61,0.2035,0.1435,0.0816,"LargeCentralMetro",0,0,0,0,0,"South East",4,"Milton Keynes 021",37.6,1,306,115,1886,0.376,0.4761,0.2549,0.2549,4,0.624183006535948,191,167,853,853,1.09883914523226,0.959667622201711,1.25243256967304,1,0,0.912,6,"1.01 to 1.25","Not Significant","0.80-1.00"
"E02003480","Milton Keynes 022",NA,489709,235783,52.0132,-0.69427,"527d944e-3244-4f4a-bc0f-9c1c38f20d25",3,21.12,51.14,0.0826,0.0772,0.0579,"LargeCentralMetro",0,0,0,0,0,"South East",6,"Milton Keynes 022",46.8,1,483,226,3037,0.468,0.5114,0.2112,0.2112,6,0.532091097308489,257,263,854,854,0.96628762760223,0.859307282974116,1.08282253423382,-1,0,0.27,3,"0.76 to 0.99","Not Significant","0.20-0.39"
"E02003483","Milton Keynes 025",NA,483205,235116,52.0083,-0.78917,"206b4810-6ce5-48be-a5b0-cbc0a77355b1",2,21.05,47.21,0.1911,0.0937,0.0655,"LargeCentralMetro",0,0,0,0,0,"South East",9,"Milton Keynes 025",44.4,1,304,135,1883,0.444,0.4721,0.2105,0.2105,9,0.555921052631579,169,166,855,855,0.998354602343928,0.866694931249326,1.14427134452824,-1,0,0.476,4,"0.76 to 0.99","Not Significant","0.40-0.59"
"E02003490","Milton Keynes 032",NA,486991,232093,51.9805,-0.73479,"1d69f792-aaa2-4ed6-bf6f-c73584967926",5,58.33,48.53,0.1119,0.1574,0.0598,"LargeCentralMetro",0,0,0,0,0,"South East",8,"Milton Keynes 032",24.3,1,144,35,647,0.243,0.4853,0.5833,0.5833,8,0.756944444444444,109,79,856,856,1.40336126488174,1.18781369786994,1.64654868173175,2,1,1,6,"1.26 to 1.50","Significant Increase","0.80-1.00"
"E02003491","Brighton and Hove 001",NA,531408,109241,50.8677,-0.13391,"9b89aef0-53ae-4c08-bb0d-2199c3d3d119",3,25.23,49.59,0.0381,0.0101,0.0548,"LargeCentralMetro",0,0,0,0,0,"South East",2,"Brighton and Hove 001",45.4,1,218,99,1099,0.454,0.4959,0.2523,0.2523,2,0.545871559633027,119,119,857,857,0.971580314514634,0.824729607574752,1.13695961595279,-1,0,0.346,3,"0.76 to 0.99","Not Significant","0.20-0.39"
"E02003492","Brighton and Hove 002",NA,533974,108986,50.8649,-0.09756,"63cdb351-0ef2-4d57-987e-3cab5ecfdd54",4,52.59,43.3,0.0858,0.0488,0.0892,"LargeCentralMetro",0,0,0,0,0,"South East",7,"Brighton and Hove 002",23.3,1,116,27,813,0.233,0.433,0.5259,0.5259,7,0.767241379310345,89,63,858,858,1.3688834664156,1.13948071497071,1.63083447579589,2,1,1,6,"1.26 to 1.50","Significant Increase","0.80-1.00"
"E02003494","Brighton and Hove 004",NA,530911,107472,50.852,-0.1416,"98a2755b-0006-4dea-852f-9a4e62ea371d",3,21.46,49.12,0.0298,0.0087,0.056,"LargeCentralMetro",0,0,0,0,0,"South East",3,"Brighton and Hove 004",58.84,2,629,370,3123,0.5884,0.4912,0.2146,0.2146,3,0.411764705882353,259,343,859,859,0.765537861566889,0.681943987620227,0.856476578143085,-1,-1,0,1,"0.76 to 0.99","Significant Decrease","<0.01"
"E02003495","Brighton and Hove 005",NA,524913,108703,50.8643,-0.22635,"3748bdd3-026d-4481-b039-30edad16c28b",6,29.69,48.17,0.025,0.011,0.0515,"LargeCentralMetro",0,0,0,0,0,"South East",9,"Brighton and Hove 005",42.7,1,192,82,928,0.427,0.4817,0.2969,0.2969,9,0.572916666666667,110,105,860,860,1.05081741165466,0.889282548376266,1.23309806822959,1,0,0.709,5,"1.01 to 1.25","Not Significant","0.60-0.79"
"E02003497","Brighton and Hove 007",NA,528684,106970,50.8479,-0.1734,"370690a7-eded-4a82-a14f-d2d304d73667",3,20.12,50.03,0.0679,0.0071,0.0926,"LargeCentralMetro",0,0,0,0,0,"South East",5,"Brighton and Hove 007",61.9,1,328,203,1635,0.619,0.5003,0.2012,0.2012,5,0.38109756097561,125,179,861,861,0.719897175648545,0.615321797857042,0.837055040524776,-2,-1,0,1,"0.51 to 0.75","Significant Decrease","<0.01"
"E02003501","Brighton and Hove 011",NA,529912,106360,50.8422,-0.15618,"436ba648-3394-4740-a42d-b749d3dce728",3,20.27,46.86,0.0442,0.0135,0.0745,"LargeCentralMetro",0,0,0,0,0,"South East",1,"Brighton and Hove 011",47.9,1,365,175,2625,0.479,0.4686,0.2027,0.2027,1,0.520547945205479,190,199,862,862,0.927158883716567,0.810008759053583,1.05641280476138,-1,0,0.124,2,"0.76 to 0.99","Not Significant","0.01-0.20"
"E02003506","Brighton and Hove 016",NA,528207,105701,50.8366,-0.18062,"b165e4bf-e2f5-47d1-aa22-80c48514d7a5",3,35.84,47.68,0.0341,0.0148,0.0801,"LargeCentralMetro",0,0,0,0,0,"South East",2,"Brighton and Hove 016",34.7,1,173,60,948,0.347,0.4768,0.3584,0.3584,2,0.653179190751445,113,94,863,863,1.13967302646523,0.962537611562742,1.33989578913939,1,0,0.934,6,"1.01 to 1.25","Not Significant","0.80-1.00"
"E02003523","Brighton and Hove 033",NA,537694,103401,50.8138,-0.04683,"388f029f-08da-445e-8e52-60ce0a8b173d",3,40.12,47.3,0.0294,0.007,0.0461,"LargeCentralMetro",0,0,0,0,0,"South East",7,"Brighton and Hove 033",22.2,1,162,36,723,0.222,0.473,0.4012,0.4012,7,0.777777777777778,126,88,864,864,1.36537905450462,1.1618098897456,1.594259792987,2,1,1,6,"1.26 to 1.50","Significant Increase","0.80-1.00"
"E02003530","Portsmouth 007",NA,465412,103720,50.8293,-1.07258,"51fe7f26-ba01-49ec-8f2a-684bf049641b",8,27.53,43.02,0.0539,0.0451,0.0322,"LargeCentralMetro",0,0,0,0,0,"South East",6,"Portsmouth 007",40.37,2,287,116,1534,0.4037,0.4302,0.2753,0.2753,6,0.59581881533101,171,157,865,865,1.0826263018014,0.941277835853537,1.23910305890836,1,0,0.863,6,"1.01 to 1.25","Not Significant","0.80-1.00"
"E02003531","Portsmouth 008",NA,466628,102944,50.8222,-1.05545,"77a6dc06-c928-422c-961b-5b8bd7fb8e3a",7,27.8,48.47,0.0426,0.0124,0.0233,"LargeCentralMetro",0,0,0,0,0,"South East",6,"Portsmouth 008",34,1,241,82,1244,0.34,0.4847,0.278,0.278,6,0.659751037344398,159,131,866,866,1.1836931426435,1.02352602770237,1.36171181054407,1,1,0.989,6,"1.01 to 1.25","Significant Increase","0.80-1.00"
"E02003537","Portsmouth 014",NA,466602,101117,50.8058,-1.05615,"cf52d780-f624-4b4f-8d32-f77e4d18a4de",7,40,50.69,0.0265,0.0163,0.0283,"LargeCentralMetro",0,0,0,0,0,"South East",3,"Portsmouth 014",26.9,1,160,43,937,0.269,0.5069,0.4,0.4,3,0.73125,117,87,867,867,1.3013444486417,1.10315452726232,1.52476133827573,2,1,0.999,6,"1.26 to 1.50","Significant Increase","0.80-1.00"
"E02003538","Portsmouth 015",NA,465581,100840,50.8034,-1.07069,"51a67915-1441-4e79-910d-9ad3b4cbc6e9",8,51.88,49.88,0.0967,0.0429,0.0497,"LargeCentralMetro",0,0,0,0,0,"South East",2,"Portsmouth 015",20.5,1,239,49,1243,0.205,0.4988,0.5188,0.5188,2,0.794979079497908,190,130,868,868,1.4349862415899,1.25443806524051,1.63409451893364,2,1,1,6,"1.26 to 1.50","Significant Increase","0.80-1.00"
"E02003543","Portsmouth 020",NA,465253,99493,50.7913,-1.07559,"ebef90d2-27bb-406b-b2cb-a570149911df",5,35.54,47.79,0.0901,0.0477,0.0614,"LargeCentralMetro",0,0,0,0,0,"South East",1,"Portsmouth 020",43.8,1,242,106,1247,0.438,0.4779,0.3554,0.3554,1,0.56198347107438,136,132,869,869,1.02366190364574,0.877638042458901,1.18693436984049,1,0,0.604,5,"1.01 to 1.25","Not Significant","0.60-0.79"
"E02003549","Southampton 001",NA,441733,116518,50.9466,-1.40731,"2907bca6-030c-43a9-9f78-d203fd93219b",4,43.95,39.29,0.1939,0.0232,0.0816,"LargeCentralMetro",0,0,0,0,0,"South East",2,"Southampton 001",49.2,1,248,122,1288,0.492,0.3929,0.4395,0.4395,2,0.508064516129032,126,135,870,870,0.960512086245574,0.821291898025254,1.11644456587128,-1,0,0.289,3,"0.76 to 0.99","Not Significant","0.20-0.39"
"E02003551","Southampton 003",NA,444472,115986,50.9416,-1.36839,"c79fafb2-c566-4399-8f4b-71b4b1e4ef22",7,20.1,44.15,0.1221,0.0342,0.0496,"LargeCentralMetro",0,0,0,0,0,"South East",3,"Southampton 003",69.3,1,199,138,1026,0.693,0.4415,0.201,0.201,3,0.306532663316583,61,109,871,871,0.652557877839368,0.536160009731223,0.786542452108939,-2,-1,0,1,"0.51 to 0.75","Significant Decrease","<0.01"
"E02003555","Southampton 007",NA,438295,115046,50.9336,-1.45641,"9a4b6efe-ab98-4f66-b5db-0e3410f90323",9,48.54,45.14,0.0676,0.0299,0.0375,"LargeCentralMetro",0,0,0,0,0,"South East",5,"Southampton 007",31,1,171,53,762,0.31,0.4514,0.4854,0.4854,5,0.690058479532164,118,93,872,872,1.28384541803897,1.09201603496366,1.49952589843223,2,1,0.999,6,"1.26 to 1.50","Significant Increase","0.80-1.00"
"E02003556","Southampton 008",NA,444479,114833,50.9312,-1.36843,"54032ae8-8ee2-499c-92f3-a19132d588e2",7,27.73,48.98,0.0381,0.0153,0.0357,"LargeCentralMetro",0,0,0,0,0,"South East",5,"Southampton 008",35.6,1,357,127,2015,0.356,0.4898,0.2773,0.2773,5,0.644257703081233,230,195,873,873,1.15706652030089,1.02241381887288,1.30442335638993,1,1,0.99,6,"1.01 to 1.25","Significant Increase","0.80-1.00"
"E02003559","Southampton 011",NA,440918,114308,50.9268,-1.41916,"1cd62b83-acae-4d55-a23d-ffbf6aaa3ddd",5,29.03,46.16,0.1109,0.018,0.0523,"LargeCentralMetro",0,0,0,0,0,"South East",2,"Southampton 011",49.3,1,217,107,1081,0.493,0.4616,0.2903,0.2903,2,0.506912442396313,110,118,874,874,0.935298969304489,0.791555208556873,1.09749805178272,-1,0,0.199,2,"0.76 to 0.99","Not Significant","0.01-0.20"
"E02003560","Southampton 012",NA,437650,113649,50.9211,-1.46573,"ee27c0d8-34b1-4c32-beae-fe40ab82c410",10,50.46,46.16,0.0341,0.0209,0.0292,"LargeCentralMetro",0,0,0,0,0,"South East",6,"Southampton 012",24.5,1,216,53,1120,0.245,0.4616,0.5046,0.5046,6,0.75462962962963,163,118,875,875,1.38805855499826,1.20415539514378,1.59195817371424,2,1,1,6,"1.26 to 1.50","Significant Increase","0.80-1.00"
"E02003566","Southampton 018",NA,446192,113548,50.9195,-1.34422,"da68ef04-a48a-4935-8c51-ccd69db7d27e",10,52.84,48.39,0.0414,0.0184,0.0433,"LargeCentralMetro",0,0,0,0,0,"South East",10,"Southampton 018",15.9,1,176,28,901,0.159,0.4839,0.5284,0.5284,10,0.840909090909091,148,96,876,876,1.5352603156734,1.3232585124062,1.77141119012209,3,1,1,6,"1.51 to 1.75","Significant Increase","0.80-1.00"
"E02003574","Southampton 026",NA,445974,111508,50.9012,-1.34758,"b275aee9-979a-4cc3-9b1e-8f12db4e5acd",8,34.5,45.14,0.024,0.0106,0.0247,"LargeCentralMetro",0,0,0,0,0,"South East",2,"Southampton 026",30.4,1,171,52,884,0.304,0.4514,0.345,0.345,2,0.695906432748538,119,93,877,877,1.23430525981192,1.04722541837658,1.44507163393935,1,1,0.994,6,"1.01 to 1.25","Significant Increase","0.80-1.00"
"E02003582","Isle of Wight 002",NA,448195,94278,50.7461,-1.31826,"dcdd13a1-fca6-44d4-b0d8-5f466c44bd46",4,19.79,47.4,0.0086,0.0029,0.0147,"LargeFringeMetro",1,0,0,0,0,"South East",2,"Isle of Wight 002",38.5,1,192,74,1192,0.385,0.474,0.1979,0.1979,2,0.614583333333333,118,105,878,878,1.08542496273355,0.92034068325269,1.27149051645509,1,0,0.829,6,"1.01 to 1.25","Not Significant","0.80-1.00"
"E02003586","Isle of Wight 006",NA,457611,90172,50.7083,-1.18545,"1d71f7f6-0dfa-4c05-9af6-8ae0c2f3ecf7",8,27.73,50.73,0.0118,0.0029,0.0143,"LargeFringeMetro",1,0,0,0,0,"South East",5,"Isle of Wight 006",41.2,1,238,98,1431,0.412,0.5073,0.2773,0.2773,5,0.588235294117647,140,130,879,879,1.09109200511266,0.93816649682047,1.26171301493709,1,0,0.867,6,"1.01 to 1.25","Not Significant","0.80-1.00"
"E02003591","Isle of Wight 011",NA,452332,86301,50.674,-1.26076,"d490e80d-a17c-4ac5-857e-7f9d199b3806",9,21.81,53.58,0.0126,0.0035,0.0126,"LargeFringeMetro",1,0,0,0,0,"South East",4,"Isle of Wight 011",42,1,188,79,1047,0.42,0.5358,0.2181,0.2181,4,0.579787234042553,109,103,880,880,1.06080051843667,0.896987388650846,1.24576174460362,1,0,0.746,5,"1.01 to 1.25","Not Significant","0.60-0.79"
"E02003599","Central Bedfordshire 001",NA,517016,250121,52.137,-0.29164,"a5081910-cb64-4a8d-9ea7-64dbcf64d37b",4,19.57,48.68,0.0263,0.0146,0.0359,"LargeCentralMetro",0,0,0,0,0,"East of England",9,"Central Bedfordshire 001",37,1,184,68,1214,0.37,0.4868,0.1957,0.1957,9,0.630434782608696,116,100,881,881,1.10647881818793,0.936558970452867,1.29824199740704,1,0,0.879,6,"1.01 to 1.25","Not Significant","0.80-1.00"
"E02003604","Central Bedfordshire 006",NA,520806,243390,52.0757,-0.23867,"464fb330-61f3-4e0d-b0a6-0d6d2746667b",4,23.15,48.58,0.0322,0.0211,0.0409,"LargeCentralMetro",0,0,0,0,0,"East of England",6,"Central Bedfordshire 006",29.6,1,203,60,986,0.296,0.4858,0.2315,0.2315,6,0.704433497536946,143,111,882,882,1.21061501470204,1.03753700283667,1.40423215772768,1,1,0.993,6,"1.01 to 1.25","Significant Increase","0.80-1.00"
"E02003610","Central Bedfordshire 012",NA,502234,238477,52.0353,-0.51103,"e207cbc1-5bd8-470b-acde-164f510a6bc8",5,9.92,55.09,0.0134,0.0092,0.0264,"LargeCentralMetro",0,0,0,0,0,"East of England",4,"Central Bedfordshire 012",44.8,1,393,176,1592,0.448,0.5509,0.0992,0.0992,4,0.552162849872774,217,214,883,883,0.981879957754057,0.864177211805051,1.11105976648819,-1,0,0.375,3,"0.76 to 0.99","Not Significant","0.20-0.39"
"E02003611","Central Bedfordshire 013",NA,515408,235328,52.0044,-0.32012,"6c1302a8-dcf7-47a9-a045-82d4485e3ff0",3,13.89,46.51,0.0294,0.0155,0.0387,"LargeCentralMetro",0,0,0,0,0,"East of England",5,"Central Bedfordshire 013",48,1,396,190,1660,0.48,0.4651,0.1389,0.1389,5,0.52020202020202,206,216,884,884,0.933698533775768,0.819906552622398,1.05878505847821,-1,0,0.139,2,"0.76 to 0.99","Not Significant","0.01-0.20"
"E02003615","Central Bedfordshire 017",NA,505769,233153,51.9868,-0.46115,"d81b0e37-3e7f-45f7-8b31-9d6cb219300e",3,11.47,48.83,0.0241,0.0091,0.0335,"MediumMetro",0,1,0,0,0,"East of England",5,"Central Bedfordshire 017",48.4,1,279,135,1198,0.484,0.4883,0.1147,0.1147,5,0.516129032258065,144,152,885,885,0.914404360372529,0.785235050864436,1.05868337392132,-1,0,0.112,2,"0.76 to 0.99","Not Significant","0.01-0.20"
"E02003616","Bedford 001",NA,504506,263664,52.2612,-0.47018,"b1f0e1c4-2345-44de-af9c-ceff66a9d6af",4,11.03,49.67,0.0097,0.0086,0.0254,"MediumMetro",0,1,0,0,0,"East of England",7,"Bedford 001",58.9,1,263,155,1685,0.589,0.4967,0.1103,0.1103,7,0.4106463878327,108,143,886,886,0.771568035651074,0.652848069999223,0.905537448061218,-1,-1,0.001,1,"0.76 to 0.99","Significant Decrease","<0.01"
"E02003620","Bedford 005",NA,505313,252238,52.1584,-0.46191,"31717fff-923b-43c2-824e-4ee1b6decc6b",5,20.25,50.81,0.092,0.043,0.056,"LargeCentralMetro",0,0,0,0,0,"East of England",3,"Bedford 005",45.6,1,158,72,929,0.456,0.5081,0.2025,0.2025,3,0.544303797468354,86,86,887,887,0.956568716826588,0.793893074340993,1.1427261564882,-1,0,0.299,3,"0.76 to 0.99","Not Significant","0.20-0.39"
"E02003621","Bedford 006",NA,506818,251876,52.1549,-0.44003,"cd50e617-4e8c-43c2-9827-5f527fb54a19",4,22.73,48.64,0.088,0.0384,0.0506,"LargeCentralMetro",0,0,0,0,0,"East of England",3,"Bedford 006",39.5,1,220,87,1180,0.395,0.4864,0.2273,0.2273,3,0.604545454545454,133,120,888,888,1.05734109460445,0.902917570245057,1.23052428813669,1,0,0.747,5,"1.01 to 1.25","Not Significant","0.60-0.79"
"E02003623","Bedford 008",NA,500709,251553,52.1531,-0.52939,"991ad9c9-c1cd-405d-80fc-870bc41cdd8a",3,35.86,52.1,0.1067,0.0464,0.0682,"LargeCentralMetro",0,0,0,0,0,"East of England",6,"Bedford 008",35.9,1,198,71,1357,0.359,0.521,0.3586,0.3586,6,0.641414141414141,127,108,889,889,1.14555630005089,0.976669731907845,1.33516119732185,1,0,0.952,6,"1.01 to 1.25","Not Significant","0.80-1.00"
"E02003630","Bedford 015",NA,505236,248059,52.1208,-0.46433,"c0a63396-86e6-432e-aa8d-3f9228f04673",5,34.6,49.68,0.2746,0.0836,0.0866,"LargeCentralMetro",0,0,0,0,0,"East of England",4,"Bedford 015",37.46,2,315,118,1900,0.3746,0.4968,0.346,0.346,4,0.625396825396825,197,172,890,890,1.12044060801908,0.981337987516735,1.27363524050828,1,0,0.953,6,"1.01 to 1.25","Not Significant","0.80-1.00"
"E02003633","Bedford 018",NA,502600,246119,52.1039,-0.5034,"f9b80d35-43f8-4c63-8228-884bbbd33f53",4,25.3,47.21,0.1377,0.0739,0.0706,"LargeCentralMetro",0,0,0,0,0,"East of England",7,"Bedford 018",35.5,1,166,59,824,0.355,0.4721,0.253,0.253,7,0.644578313253012,107,91,891,891,1.11140692620108,0.935236197265219,1.31105928039527,1,0,0.881,6,"1.01 to 1.25","Not Significant","0.80-1.00"
"E02003635","Bedford 020",NA,501454,243713,52.0825,-0.52084,"0d13839a-a4d4-4695-bc99-414a92b4c619",5,19.65,48.56,0.061,0.0392,0.0583,"Micropolitan",0,0,0,1,0,"East of England",10,"Bedford 020",45.3,1,285,129,867,0.453,0.4856,0.1965,0.1965,10,0.547368421052632,156,155,892,892,0.99607996116963,0.86069028249843,1.14662587287137,-1,0,0.463,4,"0.76 to 0.99","Not Significant","0.40-0.59"
"E02003638","Central Bedfordshire 020",NA,492417,226914,51.9331,-0.6572,"46d5fd41-f02c-457c-a72a-9786c7b0cefa",4,16.19,49.1,0.0153,0.0114,0.0286,"LargeCentralMetro",0,0,0,0,0,"East of England",4,"Central Bedfordshire 020",48,1,352,169,1507,0.48,0.491,0.1619,0.1619,4,0.519886363636364,183,192,893,893,0.937122951675241,0.817517459009081,1.06921786760523,-1,0,0.162,2,"0.76 to 0.99","Not Significant","0.01-0.20"
"E02003640","Central Bedfordshire 022",NA,490843,226245,51.9273,-0.68027,"1ac01db2-5da9-4020-b3e0-d2e1d21d25ba",3,14.55,51.28,0.0218,0.0091,0.0364,"LargeCentralMetro",0,0,0,0,0,"East of England",6,"Central Bedfordshire 022",49.5,1,220,109,1055,0.495,0.5128,0.1455,0.1455,6,0.504545454545455,111,120,894,894,0.904821092483547,0.764953355536592,1.06278448120585,-1,0,0.108,2,"0.76 to 0.99","Not Significant","0.01-0.20"
"E02003644","Central Bedfordshire 026",NA,501579,223923,51.9046,-0.52487,"fb8d2823-cbcb-4a9c-9291-2af680613a39",6,33.59,47.7,0.0509,0.0552,0.0558,"LargeCentralMetro",0,0,0,0,0,"East of England",3,"Central Bedfordshire 026",25.2,1,131,33,564,0.252,0.477,0.3359,0.3359,3,0.748091603053435,98,71,895,895,1.2742994921754,1.0643732263695,1.51348478394914,2,1,0.996,6,"1.26 to 1.50","Significant Increase","0.80-1.00"
"E02003647","Central Bedfordshire 029",NA,501681,221791,51.8854,-0.52402,"0d085e20-9ded-486f-80f0-8eaaad0860d7",4,17.48,49.31,0.0571,0.0436,0.0581,"LargeCentralMetro",0,0,0,0,0,"East of England",4,"Central Bedfordshire 029",33.5,1,206,69,1154,0.335,0.4931,0.1748,0.1748,4,0.66504854368932,137,112,896,896,1.12942930085767,0.964228565374821,1.31475282035287,1,0,0.933,6,"1.01 to 1.25","Not Significant","0.80-1.00"
"E02003652","Buckinghamshire 001",NA,472292,237700,52.033,-0.94759,"a8360bdb-24a8-4c84-bd8e-28716112e2cb",3,22.78,47.72,0.0495,0.0276,0.0359,"LargeCentralMetro",0,0,0,0,0,"South East",3,"Buckinghamshire 001",32.8,1,180,59,1073,0.328,0.4772,0.2278,0.2278,3,0.672222222222222,121,98,897,897,1.14881587696422,0.973485386494794,1.34654641314505,1,0,0.949,6,"1.01 to 1.25","Not Significant","0.80-1.00"
"E02003656","Buckinghamshire 005",NA,473174,229385,51.9581,-0.93651,"fdc488c6-722b-4bdf-bb38-645591c6b5d5",4,19.19,47.15,0.0164,0.0077,0.0297,"MediumMetro",0,1,0,0,0,"South East",7,"Buckinghamshire 005",24.2,1,99,24,632,0.242,0.4715,0.1919,0.1919,7,0.757575757575758,75,54,898,898,1.20793600392115,0.986397201124978,1.46447052611555,1,0,0.966,6,"1.01 to 1.25","Not Significant","0.80-1.00"
"E02003658","Buckinghamshire 007",NA,486989,219666,51.8688,-0.73796,"ef33e4e4-580d-4cda-8c04-6b19d818fce4",5,13.41,48.12,0.0533,0.0219,0.0309,"MediumMetro",0,1,0,0,0,"South East",10,"Buckinghamshire 007",44.1,1,179,79,1141,0.441,0.4812,0.1341,0.1341,10,0.558659217877095,100,98,899,899,0.98485325845095,0.825978143942943,1.16531432599977,-1,0,0.413,4,"0.76 to 0.99","Not Significant","0.40-0.59"
"E02003659","Buckinghamshire 009",NA,476186,218346,51.8585,-0.89512,"ba682f6d-e061-423b-8971-079ae8af49bd",4,13.79,52.41,0.0601,0.0309,0.0372,"MediumMetro",0,1,0,0,0,"South East",10,"Buckinghamshire 009",46.2,1,145,67,1015,0.462,0.5241,0.1379,0.1379,10,0.537931034482759,78,79,900,900,0.95152148895775,0.784601584693556,1.1434035528361,-1,0,0.285,3,"0.76 to 0.99","Not Significant","0.20-0.39"
"E02003668","Buckinghamshire 018",NA,483810,212702,51.8067,-0.7858,"13673657-a363-42d3-bd27-474eb85fadcd",4,16.8,52.83,0.0962,0.0164,0.0413,"LargeCentralMetro",0,0,0,0,0,"South East",1,"Buckinghamshire 018",28.7,1,244,70,1429,0.287,0.5283,0.168,0.168,1,0.713114754098361,174,133,901,901,1.20598689819451,1.04480529586181,1.38491614350887,1,1,0.995,6,"1.01 to 1.25","Significant Increase","0.80-1.00"
"E02003669","Buckinghamshire 017",NA,481486,212870,51.8086,-0.81946,"982df7f4-9d1b-4074-a08f-0bd2a17a7b43",6,43.86,53.1,0.2671,0.0485,0.0705,"LargeCentralMetro",0,0,0,0,0,"South East",1,"Buckinghamshire 017",14,1,57,8,145,0.14,0.531,0.4386,0.4386,1,0.859649122807018,49,31,902,902,1.35120174061858,1.07115901642336,1.68231722588065,2,1,0.995,6,"1.26 to 1.50","Significant Increase","0.80-1.00"
"E02003675","Buckinghamshire 024",NA,487588,207014,51.755,-0.73245,"d73408a3-9ff3-4249-be81-3f21e69ae2eb",3,13.73,46.67,0.0248,0.0102,0.0428,"MediumMetro",0,1,0,0,0,"South East",3,"Buckinghamshire 024",47.1,1,204,96,1067,0.471,0.4667,0.1373,0.1373,3,0.529411764705882,108,111,903,903,0.920760342211563,0.775138881846705,1.08574011781734,-1,0,0.157,2,"0.76 to 0.99","Not Significant","0.01-0.20"
"E02003677","Buckinghamshire 027",NA,495304,202897,51.7167,-0.62183,"35a6ebf6-47f4-4f0f-9d96-6067dfd60f17",3,19.77,52.38,0.1691,0.0166,0.0464,"LargeCentralMetro",0,0,0,0,0,"South East",4,"Buckinghamshire 027",30.8,1,172,53,1073,0.308,0.5238,0.1977,0.1977,4,0.691860465116279,119,94,904,904,1.15780432739343,0.978904128236627,1.3598939210808,1,0,0.956,6,"1.01 to 1.25","Not Significant","0.80-1.00"
"E02003682","Buckinghamshire 034",NA,495516,197027,51.6639,-0.62037,"b1424bbd-c604-43f2-9dbe-74cf0a0d074c",1,17.18,47.34,0.1373,0.0103,0.0489,"LargeCentralMetro",0,0,0,0,0,"South East",7,"Buckinghamshire 034",54.6,1,163,89,1052,0.546,0.4734,0.1718,0.1718,7,0.45398773006135,74,89,905,905,0.83644458669315,0.689431481400006,1.00545073736767,-1,0,0.028,2,"0.76 to 0.99","Not Significant","0.01-0.20"
"E02003687","Buckinghamshire 054",NA,498239,190280,51.6028,-0.5829,"fbb5ed58-c0ff-41b3-bf0c-805a2eace35d",1,23.33,47.53,0.0798,0.0058,0.0412,"LargeCentralMetro",0,0,0,0,0,"South East",4,"Buckinghamshire 054",34.3,1,210,72,1134,0.343,0.4753,0.2333,0.2333,4,0.657142857142857,138,115,906,906,1.12897331195644,0.965400969568432,1.31224801740876,1,0,0.934,6,"1.01 to 1.25","Not Significant","0.80-1.00"
"E02003688","Buckinghamshire 053",NA,494417,190772,51.6079,-0.63794,"6d4d6571-836a-48bc-8533-e8c08a866f7d",2,19.73,53.04,0.1,0.0116,0.0592,"LargeCentralMetro",0,0,0,0,0,"South East",3,"Buckinghamshire 053",44.9,1,147,66,871,0.449,0.5304,0.1973,0.1973,3,0.551020408163265,81,80,907,907,0.949723911438547,0.783953258817443,1.14016637998067,-1,0,0.278,3,"0.76 to 0.99","Not Significant","0.20-0.39"
"E02003706","Buckinghamshire 043",NA,488337,193424,51.6327,-0.72505,"54355b94-b488-4ff9-887f-58d2fe504f08",3,36.93,51.12,0.2311,0.0588,0.0833,"LargeCentralMetro",0,0,0,0,0,"South East",3,"Buckinghamshire 043",27.8,1,176,49,1072,0.278,0.5112,0.3693,0.3693,3,0.721590909090909,127,96,908,908,1.24122699088831,1.05567126554626,1.44993669682414,1,1,0.996,6,"1.01 to 1.25","Significant Increase","0.80-1.00"
"E02003712","Buckinghamshire 052",NA,481138,191600,51.6174,-0.82946,"a58361bf-e00a-40f1-9802-281a6ae0e609",5,28.57,51.44,0.1437,0.0491,0.0559,"LargeCentralMetro",0,0,0,0,0,"South East",5,"Buckinghamshire 052",52.4,1,147,77,762,0.524,0.5144,0.2857,0.2857,5,0.476190476190476,70,80,909,909,0.906987496702121,0.746355421603329,1.0918324143455,-1,0,0.145,2,"0.76 to 0.99","Not Significant","0.01-0.20"
"E02003717","Buckinghamshire 062",NA,484560,186461,51.5707,-0.78128,"bd5120ae-703c-4ef1-9a70-b9b5fd9759b6",2,16.02,49.37,0.0303,0.0087,0.0351,"LargeCentralMetro",0,0,0,0,0,"South East",1,"Buckinghamshire 062",47.6,1,231,110,1428,0.476,0.4937,0.1602,0.1602,1,0.523809523809524,121,126,910,910,0.920563254023576,0.781542165051293,1.07711697396411,-1,0,0.146,2,"0.76 to 0.99","Not Significant","0.01-0.20"
"E02003722","Cambridge 004",NA,545462,259928,52.2184,0.127921,"5329148c-d3a6-4ff6-a131-a6ceba13c850",2,30.48,51.21,0.0829,0.0113,0.0678,"LargeCentralMetro",0,0,0,0,0,"East of England",1,"Cambridge 004",64.45,2,315,203,1818,0.6445,0.5121,0.3048,0.3048,1,0.355555555555556,112,172,911,911,0.70018754625688,0.595847139972543,0.81741708500949,-2,-1,0,1,"0.51 to 0.75","Significant Decrease","<0.01"
"E02003725","Cambridge 007",NA,544152,258117,52.2024,0.107988,"e439fb1c-09a9-4381-9a95-7969248cd22d",1,17.19,50.14,0.1464,0.0218,0.0819,"LargeCentralMetro",0,0,0,0,0,"East of England",1,"Cambridge 007",78.1,1,128,100,694,0.781,0.5014,0.1719,0.1719,1,0.21875,28,70,912,912,0.546118637816045,0.430146318203444,0.683514856001365,-2,-1,0,1,"0.51 to 0.75","Significant Decrease","<0.01"
"E02003728","Cambridge 010",NA,546999,256844,52.1903,0.149065,"4101b2e9-1fb5-4f7d-8bc2-e090b3f3ce36",2,24.83,49.57,0.1751,0.0197,0.0868,"LargeCentralMetro",0,0,0,0,0,"East of England",2,"Cambridge 010",71.06,2,290,206,1509,0.7106,0.4957,0.2483,0.2483,2,0.289655172413793,84,158,913,913,0.599499013553298,0.502162840160219,0.710053238339718,-2,-1,0,1,"0.51 to 0.75","Significant Decrease","<0.01"
"E02003731","Cambridge 013",NA,546955,255318,52.1766,0.147761,"1d6a7cd3-cb2f-4c4d-9edc-92acce02b38b",2,29.43,44.33,0.1915,0.0272,0.0769,"LargeCentralMetro",0,0,0,0,0,"East of England",3,"Cambridge 013",47.91,2,282,135,1721,0.4791,0.4433,0.2943,0.2943,3,0.521276595744681,147,154,914,914,0.943720607093459,0.81277892990032,1.08966085458621,-1,0,0.208,3,"0.76 to 0.99","Not Significant","0.20-0.39"
"E02003734","East Cambridgeshire 003",NA,554841,282458,52.4182,0.275455,"4f1205a4-b583-4c74-b4c2-7f0192872f99",4,15.49,48.76,0.0282,0.012,0.0389,"LargeFringeMetro",1,0,0,0,0,"East of England",2,"East Cambridgeshire 003",53.5,1,284,152,1649,0.535,0.4876,0.1549,0.1549,2,0.464788732394366,132,155,915,915,0.856889395248621,0.733750010491345,0.994685653263013,-1,-1,0.021,2,"0.76 to 0.99","Significant Decrease","0.01-0.20"
"E02003736","East Cambridgeshire 005",NA,547556,276645,52.368,0.165861,"d74942bc-e1ed-4e1c-a5a8-ca6e971e71fe",2,28.93,49.41,0.0153,0.004,0.0235,"SmallMetro",0,0,1,0,0,"East of England",9,"East Cambridgeshire 005",38.8,1,121,47,767,0.388,0.4941,0.2893,0.2893,9,0.611570247933884,74,66,916,916,1.12741358735326,0.928735693309475,1.35590934954198,1,0,0.884,6,"1.01 to 1.25","Not Significant","0.80-1.00"
"E02003737","East Cambridgeshire 006",NA,557720,275994,52.3593,0.314712,"8aa20817-0c95-427a-b7f9-0f429e0a1894",3,18.05,49.23,0.0125,0.011,0.0286,"LargeFringeMetro",1,0,0,0,0,"East of England",5,"East Cambridgeshire 006",54.5,1,277,151,1432,0.545,0.4923,0.1805,0.1805,5,0.454873646209386,126,151,917,917,0.857998309605771,0.733546623877131,0.997402051954705,-1,-1,0.023,2,"0.76 to 0.99","Significant Decrease","0.01-0.20"
"E02003740","East Cambridgeshire 009",NA,556434,261768,52.2319,0.289248,"16352465-915f-425c-b9ac-6d41b5f9accc",5,23.21,49.62,0.031,0.0068,0.0274,"MediumMetro",0,1,0,0,0,"East of England",7,"East Cambridgeshire 009",57.7,1,293,169,1465,0.577,0.4962,0.2321,0.2321,7,0.42320819112628,124,160,918,918,0.811940878201477,0.694273370037151,0.943717489260557,-1,-1,0.003,1,"0.76 to 0.99","Significant Decrease","<0.01"
"E02003744","Fenland 003",NA,544203,308796,52.6577,0.130569,"6ab3e62c-b81e-4eba-9865-247a2c10e371",8,40,50.7,0.0184,0.0069,0.0278,"LargeFringeMetro",1,0,0,0,0,"East of England",10,"Fenland 003",28.2,1,255,72,1349,0.282,0.507,0.4,0.4,10,0.717647058823529,183,139,919,919,1.32967253321689,1.16164537981296,1.51503282698528,2,1,1,6,"1.26 to 1.50","Significant Increase","0.80-1.00"
"E02003747","Fenland 006",NA,525103,297812,52.5638,-0.1558,"06a9231f-a7d7-459c-bd98-0467008783e9",7,26.5,49.28,0.0141,0.0109,0.0215,"LargeCentralMetro",0,0,0,0,0,"East of England",10,"Fenland 006",33.5,1,200,67,1104,0.335,0.4928,0.265,0.265,10,0.665,133,109,920,920,1.19468911160264,1.02184477312653,1.38828976284005,1,1,0.987,6,"1.01 to 1.25","Significant Increase","0.80-1.00"
"E02003750","Fenland 009",NA,539060,295288,52.5377,0.048918,"bd9b5dab-3f49-4b64-bab0-1c7c21803b5e",10,35.34,49.26,0.0108,0.006,0.0164,"LargeFringeMetro",1,0,0,0,0,"East of England",10,"Fenland 009",23.7,1,232,55,1222,0.237,0.4926,0.3534,0.3534,10,0.762931034482759,177,127,921,921,1.39108722487467,1.21210031349421,1.58892083607595,2,1,1,6,"1.26 to 1.50","Significant Increase","0.80-1.00"
"E02003755","Huntingdonshire 003",NA,528820,288221,52.4767,-0.1047,"282bd6f0-ce59-4404-8bf6-6b3aab6241b0",8,25.4,50.57,0.0147,0.0101,0.0183,"Micropolitan",0,0,0,1,0,"East of England",10,"Huntingdonshire 003",45.5,1,189,86,1056,0.455,0.5057,0.254,0.254,10,0.544973544973545,103,103,922,922,1.02848238185476,0.867456779719677,1.21059971231344,1,0,0.613,5,"1.01 to 1.25","Not Significant","0.60-0.79"
"E02003756","Huntingdonshire 004",NA,515705,282800,52.431,-0.29958,"3b818bdc-f584-42e3-b3ae-2a95ede18c56",6,16.98,48.66,0.0117,0.009,0.0205,"MediumMetro",0,1,0,0,0,"East of England",10,"Huntingdonshire 004",47.8,1,159,76,1085,0.478,0.4866,0.1698,0.1698,10,0.522012578616352,83,87,923,923,0.953854366328074,0.791872663001659,1.13913886872456,-1,0,0.288,3,"0.76 to 0.99","Not Significant","0.20-0.39"
"E02003764","Huntingdonshire 012",NA,522980,272218,52.3343,-0.19651,"3f8b4d33-457b-4137-b148-75828df29f6f",6,25.63,50.22,0.0799,0.0371,0.0511,"LargeFringeMetro",1,0,0,0,0,"East of England",9,"Huntingdonshire 012",42.82,2,558,239,3634,0.4282,0.5022,0.2563,0.2563,9,0.57168458781362,319,304,924,924,1.05384346665786,0.948147525632922,1.16801294095444,1,0,0.831,6,"1.01 to 1.25","Not Significant","0.80-1.00"
"E02003765","Huntingdonshire 013",NA,532044,271230,52.3233,-0.06395,"3c45bf81-01e0-4269-b01a-1901bc6bb597",6,18.31,48.36,0.0875,0.0105,0.0295,"LargeCentralMetro",0,0,0,0,0,"East of England",10,"Huntingdonshire 013",47.2,1,284,134,1493,0.472,0.4836,0.1831,0.1831,10,0.528169014084507,150,155,925,925,0.968675824389596,0.83592684563291,1.11641339325397,-1,0,0.319,3,"0.76 to 0.99","Not Significant","0.20-0.39"
"E02003771","Huntingdonshire 019",NA,518985,261182,52.236,-0.25901,"d31ca150-b1e7-493f-b879-f89ebbfb9d2c",5,19.64,50.97,0.0328,0.0124,0.0289,"LargeCentralMetro",0,0,0,0,0,"East of England",6,"Huntingdonshire 019",54.9,1,275,151,1554,0.549,0.5097,0.1964,0.1964,6,0.450909090909091,124,150,926,926,0.847162641948321,0.723499296125076,0.985792271615809,-1,-1,0.016,2,"0.76 to 0.99","Significant Decrease","0.01-0.20"
"E02003776","South Cambridgeshire 002",NA,544889,268659,52.297,0.123281,"d10c5613-bc0b-4b42-8ce8-82e04ccf9437",2,13.53,49.26,0.0285,0.0078,0.0311,"Micropolitan",0,0,0,1,0,"East of England",6,"South Cambridgeshire 002",56.5,1,170,96,877,0.565,0.4926,0.1353,0.1353,6,0.435294117647059,74,93,927,927,0.811062325049318,0.668511936089529,0.974928985441233,-1,-1,0.013,2,"0.76 to 0.99","Significant Decrease","0.01-0.20"
"E02003777","South Cambridgeshire 003",NA,538011,266829,52.2823,0.021742,"87b189b0-302d-403d-a808-cd63b68d3451",2,15.51,49.44,0.0712,0.0171,0.0499,"MediumMetro",0,1,0,0,0,"East of England",9,"South Cambridgeshire 003",58.8,1,245,144,1246,0.588,0.4944,0.1551,0.1551,9,0.412244897959184,101,134,928,928,0.775478822520076,0.653537171357249,0.913468133159343,-1,-1,0.001,1,"0.76 to 0.99","Significant Decrease","<0.01"
"E02003780","South Cambridgeshire 006",NA,544266,263423,52.2501,0.111916,"abcc9774-4f61-4090-bb24-805469b104f6",3,13.98,45.07,0.0673,0.0184,0.0483,"LargeCentralMetro",0,0,0,0,0,"East of England",5,"South Cambridgeshire 006",66.1,1,236,156,1449,0.661,0.4507,0.1398,0.1398,5,0.338983050847458,80,129,929,929,0.670201462875041,0.558015186258063,0.798201362455096,-2,-1,0,1,"0.51 to 0.75","Significant Decrease","<0.01"
"E02003784","South Cambridgeshire 010",NA,535951,255963,52.1852,-0.0128,"bd4078a8-d4cc-4d84-a4d3-f50e95425f2c",3,9.09,48.06,0.0469,0.0092,0.0363,"Micropolitan",0,0,0,1,0,"East of England",9,"South Cambridgeshire 010",58.6,1,297,174,1962,0.586,0.4806,0.0909,0.0909,9,0.414141414141414,123,162,930,930,0.775228462591699,0.661211694947667,0.903164948980094,-1,-1,0.001,1,"0.76 to 0.99","Significant Decrease","<0.01"
"E02003789","South Cambridgeshire 015",NA,548093,249828,52.1269,0.162,"916815cc-fe26-44cc-99ce-27ca8e86f296",5,15.97,49.41,0.0797,0.0146,0.0395,"MediumMetro",0,1,0,0,0,"East of England",3,"South Cambridgeshire 015",61.3,1,238,146,1194,0.613,0.4941,0.1597,0.1597,3,0.38655462184874,92,130,931,931,0.734713630750954,0.615771789821321,0.869825909180863,-2,-1,0,1,"0.51 to 0.75","Significant Decrease","<0.01"
"E02003790","South Cambridgeshire 016",NA,559271,250072,52.126,0.325266,"2496e0fd-dbef-483f-8a29-3cefc7a04a89",4,16.46,51.06,0.0148,0.0043,0.0201,"MediumMetro",0,1,0,0,0,"East of England",6,"South Cambridgeshire 016",56.1,1,164,92,803,0.561,0.5106,0.1646,0.1646,6,0.439024390243902,72,89,932,932,0.830634673065671,0.684194758361818,0.999042316507708,-1,-1,0.024,2,"0.76 to 0.99","Significant Decrease","0.01-0.20"
"E02003792","South Cambridgeshire 018",NA,539943,242770,52.0656,0.040131,"76ff7e7f-adbf-4f29-82ba-c0e6ca2c1024",4,24.77,46.67,0.0168,0.0061,0.0289,"MediumMetro",0,1,0,0,0,"East of England",7,"South Cambridgeshire 018",37.6,1,109,41,585,0.376,0.4667,0.2477,0.2477,7,0.623853211009174,68,59,933,933,1.08807284196757,0.887590347471707,1.32031188263796,1,0,0.783,5,"1.01 to 1.25","Not Significant","0.60-0.79"
"E02003793","South Cambridgeshire 019",NA,531260,243974,52.0786,-0.086,"d2746d93-5a13-43ef-85fd-bd372dabc80e",2,16.39,48.78,0.0142,0.0061,0.0202,"MediumMetro",0,1,0,0,0,"East of England",10,"South Cambridgeshire 019",51.6,1,122,63,658,0.516,0.4878,0.1639,0.1639,10,0.483606557377049,59,67,934,934,0.892103736026298,0.724088320502223,1.0873451477387,-1,0,0.124,2,"0.76 to 0.99","Not Significant","0.01-0.20"
"E02003796","Cheshire West and Chester 027",NA,341825,368794,53.213,-2.87259,"e9757d67-dbec-46a7-86e8-6e1b2d4609d0",6,17.39,48.34,0.0553,0.0049,0.0244,"LargeCentralMetro",0,0,0,0,0,"North West",4,"Cheshire West and Chester 027",43.1,1,276,119,1752,0.431,0.4834,0.1739,0.1739,4,0.568840579710145,157,151,935,935,1.01131444157217,0.873640053521327,1.16443847429749,1,0,0.546,4,"1.01 to 1.25","Not Significant","0.40-0.59"
"E02003799","Cheshire West and Chester 031",NA,337988,367595,53.2018,-2.92981,"8011114f-cd34-4ab8-9fd0-52130bac2fee",9,44.36,46.24,0.0144,0.0068,0.0248,"LargeCentralMetro",0,0,0,0,0,"North West",5,"Cheshire West and Chester 031",17.3,1,133,23,705,0.173,0.4624,0.4436,0.4436,5,0.827067669172932,110,73,936,936,1.45305902377303,1.22648989691935,1.7092500393495,2,1,1,6,"1.26 to 1.50","Significant Increase","0.80-1.00"
"E02003805","Cheshire West and Chester 039",NA,345321,365968,53.188,-2.81976,"e2ccccde-e54f-452c-b16d-6fa6fe086748",4,12.04,49.78,0.0197,0.0025,0.0216,"LargeCentralMetro",0,0,0,0,0,"North West",7,"Cheshire West and Chester 039",63.4,1,216,137,1386,0.634,0.4978,0.1204,0.1204,7,0.365740740740741,79,118,937,937,0.720137673937515,0.598897427287838,0.858585962010245,-2,-1,0,1,"0.51 to 0.75","Significant Decrease","<0.01"
"E02003806","Cheshire West and Chester 041",NA,342411,363699,53.1673,-2.8629,"f90f9a6c-bf5d-4124-94f1-b871097bf316",5,16.06,47.63,0.0363,0.0069,0.0266,"LargeCentralMetro",0,0,0,0,0,"North West",6,"Cheshire West and Chester 041",58.5,1,193,113,1203,0.585,0.4763,0.1606,0.1606,6,0.414507772020725,80,105,938,938,0.797726514789969,0.66285592225971,0.951858844709436,-1,-1,0.006,1,"0.76 to 0.99","Significant Decrease","<0.01"
"E02003807","Cheshire West and Chester 043",NA,340368,365068,53.1794,-2.89371,"878f4388-ad0a-4310-849c-af17b3bfdef8",4,31.45,51.86,0.0462,0.0097,0.0298,"LargeCentralMetro",0,0,0,0,0,"North West",4,"Cheshire West and Chester 043",38.36,3,318,122,1851,0.3836,0.5186,0.3145,0.3145,4,0.616352201257862,196,173,939,939,1.11705220076007,0.97851870151929,1.26959908134803,1,0,0.949,6,"1.01 to 1.25","Not Significant","0.80-1.00"
"E02003810","Cheshire West and Chester 047",NA,347468,349889,53.0437,-2.78499,"bb963db2-fa75-4319-84c9-16cc48f51749",3,8.82,49.69,0.0028,0.002,0.0132,"MediumMetro",0,1,0,0,0,"North West",6,"Cheshire West and Chester 047",55.4,1,204,113,1282,0.554,0.4969,0.0882,0.0882,6,0.446078431372549,91,111,940,940,0.815018934881694,0.680579146363633,0.968170684547444,-1,-1,0.01,2,"0.76 to 0.99","Significant Decrease","0.01-0.20"
"E02003812","Cheshire East 023",NA,375924,366892,53.1986,-2.36185,"a01b4e78-b032-4d6d-a9f8-255274ed7540",6,12.61,48.49,0.0127,0.0024,0.0195,"MediumMetro",0,1,0,0,0,"North West",6,"Cheshire East 023",43.5,1,230,100,1322,0.435,0.4849,0.1261,0.1261,6,0.565217391304348,130,125,941,941,0.998010880450557,0.851160506718176,1.16284729649379,-1,0,0.473,4,"0.76 to 0.99","Not Significant","0.40-0.59"
"E02003816","Cheshire East 027",NA,385875,363154,53.1653,-2.21273,"8fcdecbc-7df1-4e6b-8bd0-bd17e7a525ea",8,20,48.93,0.0242,0.0047,0.0129,"LargeCentralMetro",0,0,0,0,0,"North West",7,"Cheshire East 027",40,1,175,70,1077,0.4,0.4893,0.2,0.2,7,0.6,105,95,942,942,1.07772446234765,0.907593592624436,1.27040005203852,1,0,0.796,5,"1.01 to 1.25","Not Significant","0.60-0.79"
"E02003817","Cheshire East 028",NA,384387,362986,53.1638,-2.23498,"55eb001d-5d62-4a09-a2cd-d5da9f399961",7,12.31,48.89,0.0095,0.0034,0.0161,"LargeCentralMetro",0,0,0,0,0,"North West",7,"Cheshire East 028",41,1,195,80,1211,0.41,0.4889,0.1231,0.1231,7,0.58974358974359,115,106,943,943,1.03731163226327,0.877648267366166,1.2175511494205,1,0,0.654,5,"1.01 to 1.25","Not Significant","0.60-0.79"
"E02003824","Cheshire East 042",NA,378713,355085,53.0926,-2.31932,"d52baf71-5d4b-4460-a605-d09f14d3c18c",7,13.23,50.43,0.014,0.0031,0.0164,"LargeCentralMetro",0,0,0,0,0,"North West",4,"Cheshire East 042",51.8,1,257,133,1519,0.518,0.5043,0.1323,0.1323,4,0.482490272373541,124,140,944,944,0.881662530917889,0.751550527375697,1.02773858446415,-1,0,0.053,2,"0.76 to 0.99","Not Significant","0.01-0.20"
"E02003826","Cheshire East 035",NA,370963,357399,53.113,-2.43525,"b09e3ace-1964-4b44-9a57-3d94e77a0611",9,46.46,50.29,0.0158,0.0111,0.0263,"LargeCentralMetro",0,0,0,0,0,"North West",2,"Cheshire East 035",11,1,127,14,688,0.11,0.5029,0.4646,0.4646,2,0.889763779527559,113,69,945,945,1.54203433406112,1.30172303832033,1.8137713617374,3,1,1,6,"1.51 to 1.75","Significant Increase","0.80-1.00"
"E02003830","Cheshire East 039",NA,369114,355685,53.0975,-2.46271,"2ab6a424-1360-4126-9f60-d4edc6d42749",10,33.33,32.22,0.0464,0.0133,0.0483,"LargeCentralMetro",0,0,0,0,0,"North West",2,"Cheshire East 039",15.44,2,123,19,360,0.1544,0.3222,0.3333,0.3333,2,0.845528455284553,104,67,946,946,1.40552995454097,1.1767769354328,1.66574418073203,2,1,1,6,"1.26 to 1.50","Significant Increase","0.80-1.00"
"E02003832","Cheshire East 043",NA,370214,354876,53.0903,-2.44621,"7fd9aa0a-dc60-41d3-9588-880bbee881a4",9,32.84,50.35,0.1281,0.0226,0.1061,"LargeCentralMetro",0,0,0,0,0,"North West",3,"Cheshire East 043",26.1,1,134,35,715,0.261,0.5035,0.3284,0.3284,3,0.738805970149254,99,73,947,947,1.23351900462774,1.02969236390115,1.46586466687586,1,1,0.989,6,"1.01 to 1.25","Significant Increase","0.80-1.00"
"E02003833","Cheshire East 044",NA,367627,354807,53.0895,-2.48482,"d67470a4-539b-4238-8352-8e94ece05435",8,22.05,49.61,0.0247,0.0052,0.0239,"LargeCentralMetro",0,0,0,0,0,"North West",3,"Cheshire East 044",45.7,1,127,58,647,0.457,0.4961,0.2205,0.2205,3,0.543307086614173,69,69,948,948,0.982834635605383,0.805018974420566,1.18818423188835,-1,0,0.411,4,"0.76 to 0.99","Not Significant","0.40-0.59"
"E02003835","Cheshire East 046",NA,368264,353065,53.0739,-2.47514,"77b6bb71-b85f-474d-8f63-0d408fd8f725",7,13.58,45.59,0.0156,0.0045,0.0242,"LargeCentralMetro",0,0,0,0,0,"North West",8,"Cheshire East 046",42.6,1,162,69,908,0.426,0.4559,0.1358,0.1358,8,0.574074074074074,93,88,949,949,1.01417531884537,0.84625020587439,1.2056075718367,1,0,0.543,4,"1.01 to 1.25","Not Significant","0.40-0.59"
"E02003839","Cheshire East 050",NA,364793,351772,53.062,-2.5268,"533eafb6-f2c1-4e7c-aa47-e7176d8d0541",9,17.54,48.83,0.0097,0.0017,0.0185,"LargeCentralMetro",0,0,0,0,0,"North West",5,"Cheshire East 050",52.6,1,228,120,1411,0.526,0.4883,0.1754,0.1754,5,0.473684210526316,108,124,950,950,0.887251087787128,0.750686719809563,1.04136604803286,-1,0,0.07,2,"0.76 to 0.99","Not Significant","0.01-0.20"
"E02003841","Cheshire West and Chester 001",NA,329209,377981,53.294,-3.06352,"d604d97f-cb3b-4282-8cb3-4d1c42399ead",5,22.74,45.82,0.0125,0.0034,0.0188,"LargeCentralMetro",0,0,0,0,0,"North West",6,"Cheshire West and Chester 001",36.8,1,299,110,1724,0.368,0.4582,0.2274,0.2274,6,0.632107023411371,189,163,951,951,1.12971687118106,0.98687184923168,1.28733064464708,1,0,0.961,6,"1.01 to 1.25","Not Significant","0.80-1.00"
"E02003852","Cheshire West and Chester 016",NA,338703,374203,53.2613,-2.92038,"73270ef6-07d3-40e5-ab6f-fc448bac0ce6",6,27.01,49.29,0.0097,0.0012,0.0128,"LargeCentralMetro",0,0,0,0,0,"North West",7,"Cheshire West and Chester 016",31,1,274,85,1477,0.31,0.4929,0.2701,0.2701,7,0.68978102189781,189,149,952,952,1.23503830287712,1.07883156300224,1.40740103261203,1,1,0.999,6,"1.01 to 1.25","Significant Increase","0.80-1.00"
"E02003858","Cheshire East 006",NA,385666,380555,53.3217,-2.21665,"3305de24-0f53-460d-8cc3-58a7cacbe4f8",4,14.37,46.7,0.0572,0.0073,0.0444,"LargeCentralMetro",0,0,0,0,0,"North West",7,"Cheshire East 006",53.4,1,341,182,2212,0.534,0.467,0.1437,0.1437,7,0.466275659824047,159,186,953,953,0.853876682917769,0.739402492149816,0.98096479208172,-1,-1,0.013,2,"0.76 to 0.99","Significant Decrease","0.01-0.20"
"E02003863","Cheshire East 010",NA,376050,377946,53.2979,-2.3608,"6b691bad-d530-4036-9fb9-d6a25dd53045",4,9.91,52.6,0.0265,0.004,0.0231,"LargeCentralMetro",0,0,0,0,0,"North West",3,"Cheshire East 010",67.5,1,212,143,1325,0.675,0.526,0.0991,0.0991,3,0.325471698113208,69,116,954,954,0.651095274117568,0.537141103329859,0.781947844454547,-2,-1,0,1,"0.51 to 0.75","Significant Decrease","<0.01"
"E02003866","Cheshire East 014",NA,391419,375540,53.2768,-2.13014,"7417dd72-f425-4d76-9d76-79aa6fce7c13",5,16.23,48.16,0.0265,0.0067,0.0197,"LargeCentralMetro",0,0,0,0,0,"North West",4,"Cheshire East 014",53.5,1,228,122,1416,0.535,0.4816,0.1623,0.1623,4,0.464912280701754,106,124,955,955,0.860517913803811,0.726650003317898,1.01180800156723,-1,0,0.034,2,"0.76 to 0.99","Not Significant","0.01-0.20"
"E02003867","Cheshire East 015",NA,389400,374242,53.2651,-2.16038,"b942789d-be51-4f7a-88dc-22dc00049c66",6,15.83,50.48,0.0299,0.0117,0.027,"LargeCentralMetro",0,0,0,0,0,"North West",6,"Cheshire East 015",55.8,1,240,134,1551,0.558,0.5048,0.1583,0.1583,6,0.441666666666667,106,131,956,956,0.829342229615307,0.70115093277246,0.974081452279594,-1,-1,0.011,2,"0.76 to 0.99","Significant Decrease","0.01-0.20"
"E02003869","Cheshire East 017",NA,390894,374162,53.2644,-2.13798,"d2104202-f018-4a44-9495-814c7ca1535b",7,16.27,53.16,0.0272,0.0112,0.0205,"LargeCentralMetro",0,0,0,0,0,"North West",5,"Cheshire East 017",53.1,1,209,111,1251,0.531,0.5316,0.1627,0.1627,5,0.4688995215311,98,114,957,957,0.871546348311818,0.732497299502611,1.02921139894857,-1,0,0.051,2,"0.76 to 0.99","Not Significant","0.01-0.20"
"E02003877","Cheshire West and Chester 015",NA,354866,374197,53.2629,-2.67809,"ac700b85-40d1-4dd1-a41a-fddcd09c8f3f",4,23.61,51.01,0.0119,0.0007,0.0142,"MediumMetro",0,1,0,0,0,"North West",6,"Cheshire West and Chester 015",51.9,1,216,112,1235,0.519,0.5101,0.2361,0.2361,6,0.481481481481481,104,118,958,958,0.902156188646831,0.761534986506222,1.06110600510361,-1,0,0.103,2,"0.76 to 0.99","Not Significant","0.01-0.20"
"E02003878","Cheshire West and Chester 017",NA,371537,370384,53.2297,-2.42783,"d85ef82b-8886-4733-8110-9d608c46f9ff",8,33.06,46.61,0.0221,0.0048,0.0135,"LargeCentralMetro",0,0,0,0,0,"North West",4,"Cheshire West and Chester 017",28.1,1,121,34,590,0.281,0.4661,0.3306,0.3306,4,0.71900826446281,87,66,959,959,1.25910075189398,1.04565417222494,1.50325054212515,2,1,0.993,6,"1.26 to 1.50","Significant Increase","0.80-1.00"
"E02003882","Cheshire West and Chester 021",NA,367409,372719,53.2505,-2.48991,"ac310b85-a320-4c27-b463-67fff316ae71",9,17.56,50.19,0.0201,0.0036,0.0228,"LargeCentralMetro",0,0,0,0,0,"North West",2,"Cheshire West and Chester 021",57.6,1,205,118,1048,0.576,0.5019,0.1756,0.1756,2,0.424390243902439,87,112,960,960,0.808182100006851,0.674964344917348,0.959887637934435,-1,-1,0.008,1,"0.76 to 0.99","Significant Decrease","<0.01"
"E02003883","Cheshire West and Chester 023",NA,364359,371992,53.2438,-2.53554,"ed9a7fd9-7ddc-4d19-9fff-6077e3178568",5,15.52,47.9,0.0222,0.0035,0.0204,"LargeCentralMetro",0,0,0,0,0,"North West",7,"Cheshire West and Chester 023",50.89,2,393,200,2290,0.5089,0.479,0.1552,0.1552,7,0.491094147582697,193,214,961,961,0.902489236757421,0.790542649383371,1.02575397854532,-1,0,0.057,2,"0.76 to 0.99","Not Significant","0.01-0.20"
"E02003888","Cheshire West and Chester 038",NA,365142,366437,53.1939,-2.5232,"6510dabe-e1b4-4231-80e4-73474a710ef7",10,45.79,49.17,0.0165,0.0031,0.0165,"LargeFringeMetro",1,0,0,0,0,"North West",6,"Cheshire West and Chester 038",13.7,1,190,26,1023,0.137,0.4917,0.4579,0.4579,6,0.863157894736842,164,104,962,962,1.55970494825281,1.35213299795169,1.78997668086705,3,1,1,6,"1.51 to 1.75","Significant Increase","0.80-1.00"
"E02003891","Cheshire West and Chester 045",NA,358233,366420,53.1932,-2.6266,"bbc962a4-7a60-4c4d-b0dd-bb2c2cafa882",3,12.44,49.75,0.0087,0.0008,0.0129,"MediumMetro",0,1,0,0,0,"North West",10,"Cheshire West and Chester 045",68.4,1,193,132,1186,0.684,0.4975,0.1244,0.1244,10,0.316062176165803,61,105,963,963,0.671495054959661,0.551177340569009,0.810101474383621,-2,-1,0,1,"0.51 to 0.75","Significant Decrease","<0.01"
"E02003900","Cornwall 026",NA,242415,59827,50.4171,-4.21952,"7a4455a0-04cd-40a1-af1d-127cfb607453",8,23.56,48.56,0.0039,0.0014,0.0213,"LargeCentralMetro",0,0,0,0,0,"South West",4,"Cornwall 026",39.3,1,191,75,1149,0.393,0.4856,0.2356,0.2356,4,0.607329842931937,116,104,964,964,1.08401406610865,0.918664697789766,1.27044285571846,1,0,0.824,6,"1.01 to 1.25","Not Significant","0.80-1.00"
"E02003901","Cornwall 028",NA,220733,57829,50.3929,-4.52347,"c5db6c76-5b3a-4533-a83f-e317ed38266e",7,28.83,51.15,0.0033,0.0008,0.0151,"SmallMetro",0,0,1,0,0,"South West",9,"Cornwall 028",24.3,1,111,27,524,0.243,0.5115,0.2883,0.2883,9,0.756756756756757,84,61,965,965,1.32669537426023,1.0992672866098,1.58724764621905,2,1,0.999,6,"1.26 to 1.50","Significant Increase","0.80-1.00"
"E02003902","Cornwall 029",NA,243298,55492,50.3784,-4.20529,"23dee190-3054-4687-b8d9-60b7eb51e91d",9,26.67,50.2,0.0036,0.0013,0.0159,"MediumMetro",0,1,0,0,0,"South West",6,"Cornwall 029",37.8,1,135,51,739,0.378,0.502,0.2667,0.2667,6,0.622222222222222,84,74,966,966,1.11023953574462,0.921013654330444,1.32682767553176,1,0,0.859,6,"1.01 to 1.25","Not Significant","0.80-1.00"
"E02003908","Cornwall 042",NA,183516,44863,50.264,-5.03892,"a0dbb1e8-6643-44d4-8c38-c197e2ddf0f1",5,15.09,47.46,0.0158,0.0017,0.0374,"LargeFringeMetro",1,0,0,0,0,"South West",7,"Cornwall 042",56,1,232,130,1239,0.56,0.4746,0.1509,0.1509,7,0.439655172413793,102,127,967,967,0.836480895560056,0.706011266570778,0.983952292311702,-1,-1,0.016,2,"0.76 to 0.99","Significant Decrease","0.01-0.20"
"E02003909","Cornwall 043",NA,179341,45209,50.2655,-5.09761,"31104201-b339-4b09-b91e-0e5d36fb6a58",6,17.14,46.75,0.0379,0.0078,0.0324,"LargeFringeMetro",1,0,0,0,0,"South West",8,"Cornwall 043",55.4,1,280,155,1525,0.554,0.4675,0.1714,0.1714,8,0.446428571428571,125,153,968,968,0.853242151805692,0.729810607169218,0.991446220779125,-1,-1,0.019,2,"0.76 to 0.99","Significant Decrease","0.01-0.20"
"E02003912","Cornwall 048",NA,189079,45916,50.2754,-4.96156,"e643d1cf-7118-4245-937e-43cbcde159e1",3,19.33,51.66,0.0042,0.0011,0.0217,"Noncore",0,0,0,0,1,"South West",10,"Cornwall 048",45.4,1,119,54,662,0.454,0.5166,0.1933,0.1933,10,0.546218487394958,65,65,969,969,1.0076083908794,0.821908097646183,1.2226592618396,0,0,0.509,4,"1.00-1.009 (null value)","Not Significant","0.40-0.59"
"E02003914","Cornwall 060",NA,178306,34658,50.1704,-5.10595,"be8b9b8e-ad7c-4ebf-a096-3459757ca9ab",3,21.24,49.52,0.0114,0.004,0.0404,"LargeFringeMetro",1,0,0,0,0,"South West",5,"Cornwall 060",48.7,1,226,110,1153,0.487,0.4952,0.2124,0.2124,5,0.513274336283186,116,123,970,970,0.948926157477773,0.805874617118468,1.10994616279935,-1,0,0.247,3,"0.76 to 0.99","Not Significant","0.20-0.39"
"E02003917","Cornwall 064",NA,179541,31402,50.1416,-5.08679,"61488db4-8911-4540-9f98-6639c8152a2c",4,19.86,44.68,0.0066,0.0029,0.0241,"LargeFringeMetro",1,0,0,0,0,"South West",4,"Cornwall 064",46.6,1,146,68,893,0.466,0.4468,0.1986,0.1986,4,0.534246575342466,78,80,971,971,0.975544234328563,0.80653213824513,1.16943293206552,-1,0,0.378,3,"0.76 to 0.99","Not Significant","0.20-0.39"
"E02003919","Cornwall 046",NA,169924,43947,50.2506,-5.22876,"6afec024-f39b-49d4-88b6-23af6f94b9b0",8,21.56,48.4,0.0075,0.0022,0.0251,"LargeFringeMetro",1,0,0,0,0,"South West",4,"Cornwall 046",42,1,269,113,1465,0.42,0.484,0.2156,0.2156,4,0.579925650557621,156,147,972,972,1.05618190559822,0.913217611046891,1.21507233115632,1,0,0.762,5,"1.01 to 1.25","Not Significant","0.60-0.79"
"E02003922","Cornwall 051",NA,167781,40155,50.2157,-5.25645,"14be8150-90c0-4339-976d-9a7be1473e04",8,34.95,47.58,0.005,0.0018,0.0208,"LargeFringeMetro",1,0,0,0,0,"South West",7,"Cornwall 051",37.9,1,103,39,681,0.379,0.4758,0.3495,0.3495,7,0.621359223300971,64,56,973,973,1.18805899960354,0.971555308768955,1.43829382938278,1,0,0.953,6,"1.01 to 1.25","Not Significant","0.80-1.00"
"E02003924","Cornwall 053",NA,162807,40480,50.2167,-5.32625,"cf68a6d2-eea4-4a4e-b69d-21eeb0cfe42f",9,24.5,50.64,0.0091,0.0014,0.0205,"LargeFringeMetro",1,0,0,0,0,"South West",7,"Cornwall 053",46.7,1,302,141,1783,0.467,0.5064,0.245,0.245,7,0.533112582781457,161,165,974,974,1.00182018720449,0.869482207065617,1.14848325065117,0,0,0.495,4,"1.00-1.009 (null value)","Not Significant","0.40-0.59"
"E02003931","Cornwall 001",NA,222267,106762,50.833,-4.52535,"47b73a7d-d545-49f9-8b5e-a93c1d7d1130",4,14.69,49.47,0.0071,0.0009,0.0227,"SmallMetro",0,0,1,0,0,"South West",7,"Cornwall 001",35.6,1,177,63,1140,0.356,0.4947,0.1469,0.1469,7,0.64406779661017,114,97,975,975,1.11826750530817,0.944982938915524,1.31405710327036,1,0,0.901,6,"1.01 to 1.25","Not Significant","0.80-1.00"
"E02003935","Cornwall 005",NA,233325,83875,50.6307,-4.35811,"9dd8ff23-33a1-4540-8d94-14e5c0d69bcc",6,21.2,46.09,0.0121,0.0015,0.0199,"LargeFringeMetro",1,0,0,0,0,"South West",5,"Cornwall 005",55.2,1,250,138,1280,0.552,0.4609,0.212,0.212,5,0.448,112,136,976,976,0.867429192762814,0.737149041988217,1.01396653129528,-1,0,0.037,2,"0.76 to 0.99","Not Significant","0.01-0.20"
"E02003939","Cornwall 009",NA,198439,72240,50.5151,-4.84449,"c0f7d691-eac0-4fbc-bdd7-b63e6a3b9341",6,25.93,49.33,0.0047,0.0013,0.0175,"SmallMetro",0,0,1,0,0,"South West",7,"Cornwall 009",43.1,1,216,93,1050,0.431,0.4933,0.2593,0.2593,7,0.569444444444444,123,118,977,977,1.05919681829407,0.903352414330741,1.23408082580683,1,0,0.752,5,"1.01 to 1.25","Not Significant","0.60-0.79"
"E02003941","Cornwall 014",NA,208312,66611,50.4679,-4.70251,"fe933564-3680-4c86-bf51-f6d5ac9cb47b",7,23.11,51.74,0.0071,0.0013,0.024,"LargeFringeMetro",1,0,0,0,0,"South West",4,"Cornwall 014",45.4,1,238,108,1438,0.454,0.5174,0.2311,0.2311,4,0.546218487394958,130,130,978,978,1.00907118839918,0.86339717487732,1.17217201412417,0,0,0.53,4,"1.00-1.009 (null value)","Not Significant","0.40-0.59"
"E02003943","Cornwall 054",NA,150612,39554,50.2033,-5.49626,"7b7702ab-596e-4111-9a55-6b2543fe8fea",4,17.43,48.87,0.0115,0.002,0.0328,"SmallMetro",0,0,1,0,0,"South West",5,"Cornwall 054",45,1,109,49,573,0.45,0.4887,0.1743,0.1743,5,0.55045871559633,60,59,979,979,0.988004573111316,0.800394652201648,1.20635565922214,-1,0,0.433,4,"0.76 to 0.99","Not Significant","0.40-0.59"
"E02003948","Cornwall 067",NA,145910,31019,50.1247,-5.55633,"f10449d0-76d9-4b99-8217-b26c231899fe",6,19.37,51.49,0.006,0.0028,0.0254,"LargeFringeMetro",1,0,0,0,0,"South West",4,"Cornwall 067",37.7,1,191,72,975,0.377,0.5149,0.1937,0.1937,4,0.62303664921466,119,104,980,980,1.1064925132246,0.938836470730051,1.29536574811635,1,0,0.883,6,"1.01 to 1.25","Not Significant","0.80-1.00"
"E02003949","Cornwall 068",NA,147252,30346,50.1193,-5.53714,"17f8d1e4-153c-400e-98e7-7fb1c5c0864c",8,39.04,51.82,0.0114,0.0012,0.0336,"LargeFringeMetro",1,0,0,0,0,"South West",2,"Cornwall 068",36.3,1,146,53,770,0.363,0.5182,0.3904,0.3904,2,0.636986301369863,93,80,981,981,1.17897426689235,0.98722443275519,1.39696597288724,1,0,0.965,6,"1.01 to 1.25","Not Significant","0.80-1.00"
"E02003955","Cornwall 021",NA,181827,61211,50.4101,-5.07204,"2d42144d-87e8-4ec3-8565-eae4bdc10169",5,17.86,47.85,0.0091,0.0015,0.0289,"LargeFringeMetro",1,0,0,0,0,"South West",10,"Cornwall 021",46.8,1,280,131,1653,0.468,0.4785,0.1786,0.1786,10,0.532142857142857,149,153,982,982,0.985237670175568,0.850325158413432,1.13536166004442,-1,0,0.405,4,"0.76 to 0.99","Not Significant","0.40-0.59"
"E02003960","Cornwall 035",NA,209956,53213,50.3481,-4.67259,"e31e68c4-1539-4d05-9760-16b6bcae7297",4,31.78,49.17,0.0037,0.0012,0.0207,"Noncore",0,0,0,0,1,"South West",10,"Cornwall 035",32.6,1,129,42,661,0.326,0.4917,0.3178,0.3178,10,0.674418604651163,87,70,983,983,1.23190214431862,1.02424436343232,1.46919428273433,1,1,0.987,6,"1.01 to 1.25","Significant Increase","0.80-1.00"
"E02003963","Cornwall 039",NA,202766,52585,50.3401,-4.7732,"8af746e1-32e4-4e24-b629-2442ca4e9647",7,18.01,47.47,0.01,0.0015,0.0223,"LargeFringeMetro",1,0,0,0,0,"South West",5,"Cornwall 039",52.2,1,272,142,1422,0.522,0.4747,0.1801,0.1801,5,0.477941176470588,130,148,984,984,0.90188580385311,0.772522694685487,1.04659882106956,-1,0,0.085,2,"0.76 to 0.99","Not Significant","0.01-0.20"
"E02003965","Allerdale 001",NA,323279,551274,54.8504,-3.19644,"a637fd66-1cc1-4966-9c29-03dddc940147",6,16.97,52.3,0.0031,0.0004,0.007,"MediumMetro",0,1,0,0,0,"North West",8,"Allerdale 001",42.65,2,218,93,1306,0.4265,0.523,0.1697,0.1697,8,0.573394495412844,125,119,985,985,1.02719059461295,0.87490821541538,1.19826878953448,1,0,0.615,5,"1.01 to 1.25","Not Significant","0.60-0.79"
"E02003967","Allerdale 003",NA,314644,544298,54.7863,-3.32882,"4c7ae854-8fa9-4df7-a5ea-630d6c22c4b4",6,36.67,47.45,0.0025,0.0011,0.006,"MediumMetro",0,1,0,0,0,"North West",10,"Allerdale 003",13.3,1,30,4,137,0.133,0.4745,0.3667,0.3667,10,0.866666666666667,26,16,986,986,1.38907402416117,1.05839437680414,1.79091149489737,2,1,0.991,6,"1.26 to 1.50","Significant Increase","0.80-1.00"
"E02003968","Allerdale 004",NA,306359,537486,54.7236,-3.45541,"c0c8bf3a-45a0-41a0-91db-f42299f67564",7,43.24,50.69,0.0033,0.0014,0.0075,"SmallMetro",0,0,1,0,0,"North West",10,"Allerdale 004",28.4,1,148,42,874,0.284,0.5069,0.4324,0.4324,10,0.716216216216216,106,81,987,987,1.34936974472979,1.14071631328723,1.58496691566876,2,1,1,6,"1.26 to 1.50","Significant Increase","0.80-1.00"
"E02003971","Allerdale 007",NA,315343,526346,54.6251,-3.31274,"de03a17e-378f-4f8d-9355-d8931ecc969f",3,13,49.49,0.0083,0.0021,0.0132,"SmallMetro",0,0,1,0,0,"North West",10,"Allerdale 007",57.8,1,223,129,1285,0.578,0.4949,0.13,0.13,10,0.42152466367713,94,122,988,988,0.819895524744239,0.689086937982908,0.968175114713632,-1,-1,0.01,2,"0.76 to 0.99","Significant Decrease","0.01-0.20"
"E02003975","Allerdale 011",NA,304085,527198,54.6308,-3.48732,"485d1556-e4f2-4480-8ca6-36b0ae7093df",8,29.18,46.82,0.0029,0.0008,0.0077,"LargeFringeMetro",1,0,0,0,0,"North West",10,"Allerdale 011",24.58,2,305,75,1653,0.2458,0.4682,0.2918,0.2918,10,0.754098360655738,230,166,989,989,1.37029106175089,1.21126839702326,1.54426650275649,2,1,1,6,"1.26 to 1.50","Significant Increase","0.80-1.00"
"E02003976","Allerdale 012",NA,326849,516131,54.5351,-3.13202,"9cd01a97-2465-4e95-9873-243a1b1f14d8",3,8.85,49.87,0.0126,0.0014,0.018,"Noncore",0,0,0,0,1,"North West",10,"Allerdale 012",56.3,1,192,108,1191,0.563,0.4987,0.0885,0.0885,10,0.4375,84,105,990,990,0.828573631963959,0.689348670142119,0.987555669897427,-1,-1,0.018,2,"0.76 to 0.99","Significant Decrease","0.01-0.20"
"E02003977","Barrow-in-Furness 001",NA,321741,477417,54.1865,-3.20075,"2563df7c-5288-4b02-bc15-2914eff66cad",6,16.67,49.94,0.0042,0.0024,0.0076,"SmallMetro",0,0,1,0,0,"North West",9,"Barrow-in-Furness 001",26,1,150,39,827,0.26,0.4994,0.1667,0.1667,9,0.74,111,82,991,991,1.27340070875681,1.07331259381704,1.49989893444254,2,1,0.997,6,"1.26 to 1.50","Significant Increase","0.80-1.00"
"E02003981","Barrow-in-Furness 005",NA,320482,470209,54.1216,-3.21813,"949c1e53-68e5-4d84-a152-d9c247b02582",8,30.22,47.64,0.0158,0.0039,0.0111,"LargeFringeMetro",1,0,0,0,0,"North West",10,"Barrow-in-Furness 005",35.6,1,225,80,1188,0.356,0.4764,0.3022,0.3022,10,0.644444444444444,145,123,992,992,1.19760160812466,1.03213691241635,1.38190644671343,1,1,0.992,6,"1.01 to 1.25","Significant Increase","0.80-1.00"
"E02003986","Barrow-in-Furness 010",NA,320452,463415,54.0605,-3.2168,"f32daace-9674-4d7b-9c39-641b36ade4bb",8,21.05,47.68,0.0058,0.006,0.0076,"LargeFringeMetro",1,0,0,0,0,"North West",10,"Barrow-in-Furness 010",21.9,1,114,25,518,0.219,0.4768,0.2105,0.2105,10,0.780701754385965,89,62,993,993,1.34892079715828,1.12043212816072,1.61026493401037,2,1,0.999,6,"1.26 to 1.50","Significant Increase","0.80-1.00"
"E02003988","Carlisle 002",NA,359134,566120,54.988,-2.64018,"ccc518b1-3964-4b1a-b17c-42ad502e9373",7,18.75,48.81,0.0054,0.0008,0.0125,"MediumMetro",0,1,0,0,0,"North West",10,"Carlisle 002",42.8,1,208,89,1303,0.428,0.4881,0.1875,0.1875,10,0.572115384615385,119,113,994,994,1.04016020673597,0.883731124169085,1.21620268403174,1,0,0.67,5,"1.01 to 1.25","Not Significant","0.60-0.79"
"E02003992","Carlisle 006",NA,339543,556503,54.8996,-2.94427,"6b8c69dc-150d-48c7-addc-028cac90323b",9,22.22,49.91,0.0357,0.0069,0.0257,"LargeCentralMetro",0,0,0,0,0,"North West",9,"Carlisle 006",32.2,2,441,142,2709,0.322,0.4991,0.2222,0.2222,9,0.678004535147392,299,241,995,995,1.21846490511528,1.09160202228791,1.35592938898257,1,1,1,6,"1.01 to 1.25","Significant Increase","0.80-1.00"
"E02003998","Carlisle 012",NA,340921,553636,54.874,-2.9222,"36e07239-532f-42e0-8ca2-1c687d45b42e",9,27.56,50.43,0.0096,0.005,0.0153,"LargeCentralMetro",0,0,0,0,0,"North West",10,"Carlisle 012",29.9,1,127,38,694,0.299,0.5043,0.2756,0.2756,10,0.700787401574803,89,69,996,996,1.24843665034239,1.03926646195633,1.48727875003983,1,1,0.991,6,"1.01 to 1.25","Significant Increase","0.80-1.00"
"E02003999","Carlisle 013",NA,338677,549023,54.8323,-2.95618,"faf1f883-bb7d-44ef-9281-dfc6a54b506c",8,24.41,50.59,0.0115,0.0028,0.0095,"LargeCentralMetro",0,0,0,0,0,"North West",10,"Carlisle 013",36.17,2,340,123,1872,0.3617,0.5059,0.2441,0.2441,10,0.638235294117647,217,185,997,997,1.16345343506407,1.02537825074841,1.31483228232416,1,1,0.991,6,"1.01 to 1.25","Significant Increase","0.80-1.00"
"E02004002","Copeland 003",NA,298791,517553,54.5431,-3.56597,"7603ea60-9c4a-4874-9721-b1a9fb5e3a29",8,22.15,50.3,0.0136,0.0047,0.0085,"LargeFringeMetro",1,0,0,0,0,"North West",10,"Copeland 003",32.9,1,149,49,992,0.329,0.503,0.2215,0.2215,10,0.671140939597315,100,81,998,998,1.21655291415312,1.02170781120358,1.43763446554882,1,1,0.986,6,"1.01 to 1.25","Significant Increase","0.80-1.00"
"E02004005","Copeland 006",NA,300014,512293,54.4961,-3.54529,"95ee2caf-ae72-45b4-9f4c-b7e932f5cd96",9,28.73,48.93,0.005,0.001,0.0065,"SmallMetro",0,0,1,0,0,"North West",10,"Copeland 006",32,1,181,58,1124,0.32,0.4893,0.2873,0.2873,10,0.679558011049724,123,99,999,999,1.24853406294838,1.0640226878216,1.45571197709553,1,1,0.997,6,"1.01 to 1.25","Significant Increase","0.80-1.00"
"E02004007","Copeland 008",NA,317615,488556,54.286,-3.26702,"bf56b65a-7ea7-43eb-bda0-23c1220b268b",6,19.23,51.81,0.0066,0.0017,0.0083,"SmallMetro",0,0,1,0,0,"North West",10,"Copeland 008",41,1,78,32,469,0.41,0.5181,0.1923,0.1923,10,0.58974358974359,46,43,1000,1000,1.08085568150763,0.862154946603523,1.33811008696479,1,0,0.737,5,"1.01 to 1.25","Not Significant","0.60-0.79"
"E02004008","Eden 001",NA,367561,539757,54.7517,-2.50552,"733fef8e-440a-4cc0-9967-0a2e7ef231ab",3,30.77,49.53,0.0022,0.0008,0.0076,"SmallMetro",0,0,1,0,0,"North West",10,"Eden 001",23.1,1,13,3,107,0.231,0.4953,0.3077,0.3077,10,0.769230769230769,10,7,1001,1001,1.26968893812057,0.927505270329073,1.69749648626955,2,0,0.929,6,"1.26 to 1.50","Not Significant","0.80-1.00"
"E02004010","Eden 003",NA,350886,530058,54.6632,-2.76293,"a2993c90-8cb4-4cf4-98d6-9b7c6524bc68",6,18.7,50.49,0.0238,0.0048,0.0136,"LargeCentralMetro",0,0,0,0,0,"North West",10,"Eden 003",43.5,1,262,114,1535,0.435,0.5049,0.187,0.187,10,0.564885496183206,148,143,1002,1002,1.02909721636577,0.88697463036524,1.18741080214894,1,0,0.635,5,"1.01 to 1.25","Not Significant","0.60-0.79"
"E02004013","Eden 006",NA,362726,519357,54.5681,-2.57802,"e47f0f13-d82c-4435-81ab-f67b95dde4a7",3,19.67,47.5,0.0022,0.0016,0.0061,"Noncore",0,0,0,0,1,"North West",10,"Eden 006",29.5,1,61,18,360,0.295,0.475,0.1967,0.1967,10,0.704918032786885,43,33,1003,1003,1.1843074537558,0.932123258780422,1.48387977839154,1,0,0.914,6,"1.01 to 1.25","Not Significant","0.80-1.00"
"E02004014","Eden 007",NA,372425,510456,54.4887,-2.42718,"8154e422-a0c7-49f0-84ab-b0163b0d7e51",3,16.67,51.03,0.006,0.0006,0.008,"SmallMetro",0,0,1,0,0,"North West",9,"Eden 007",40.9,1,66,27,388,0.409,0.5103,0.1667,0.1667,9,0.590909090909091,39,36,1004,1004,1.05232789666014,0.828037423597408,1.31872321750158,1,0,0.644,5,"1.01 to 1.25","Not Significant","0.60-0.79"
"E02004015","South Lakeland 001",NA,334139,507762,54.4609,-3.01751,"5ee00db0-4e04-4588-a6b7-148d8f442a22",4,11.9,48.52,0.0114,0.0054,0.0211,"Noncore",0,0,0,0,1,"North West",10,"South Lakeland 001",41.7,1,84,35,439,0.417,0.4852,0.119,0.119,10,0.583333333333333,49,46,1005,1005,1.01296174282559,0.8069504208047,1.2555830843672,1,0,0.522,4,"1.01 to 1.25","Not Significant","0.40-0.59"
"E02004017","South Lakeland 003",NA,349477,495873,54.3559,-2.7789,"a2bc9290-5c68-41f2-a174-75f79442f691",4,18.18,53.44,0.0079,0.0032,0.0146,"LargeFringeMetro",1,0,0,0,0,"North West",10,"South Lakeland 003",49.7,1,165,82,917,0.497,0.5344,0.1818,0.1818,10,0.503030303030303,83,90,1006,1006,0.959001410280415,0.798229332872165,1.1425226622049,-1,0,0.307,3,"0.76 to 0.99","Not Significant","0.20-0.39"
"E02004020","South Lakeland 006",NA,352675,490618,54.309,-2.72886,"8da5652f-5835-4610-92ac-d2bbac6ae633",5,15.34,48.99,0.0102,0.0018,0.0125,"LargeFringeMetro",1,0,0,0,0,"North West",10,"South Lakeland 006",57.4,1,176,101,1041,0.574,0.4899,0.1534,0.1534,10,0.426136363636364,75,96,1007,1007,0.850758603009162,0.705455944398044,1.0170171199528,-1,0,0.037,2,"0.76 to 0.99","Not Significant","0.01-0.20"
"E02004022","South Lakeland 008",NA,328289,491377,54.3129,-3.10377,"f11a79ed-879f-4715-ac54-90d146c369cb",4,12.5,47.11,0.0029,0.0009,0.0067,"Noncore",0,0,0,0,1,"North West",10,"South Lakeland 008",50,1,48,24,242,0.5,0.4711,0.125,0.125,10,0.5,24,26,1008,1008,0.953325586038006,0.728743094552137,1.22537992299321,-1,0,0.334,3,"0.76 to 0.99","Not Significant","0.20-0.39"
"E02004023","South Lakeland 009",NA,368850,489783,54.3027,-2.48019,"0c91cbf6-24e5-49c9-9e15-d2248352cb21",3,11.35,48.91,0.0063,0.003,0.0153,"SmallMetro",0,0,1,0,0,"North West",9,"South Lakeland 009",47.89,3,282,135,1691,0.4789,0.4891,0.1135,0.1135,9,0.521276595744681,147,154,1009,1009,0.952260621374087,0.820352323988309,1.09924433826847,-1,0,0.244,3,"0.76 to 0.99","Not Significant","0.20-0.39"
"E02004025","South Lakeland 011",NA,350585,479344,54.2075,-2.75911,"43a3f249-8c4e-4136-a903-cf0787d84a6e",6,12.29,46.58,0.0048,0.0023,0.0105,"SmallMetro",0,0,1,0,0,"North West",10,"South Lakeland 011",34.6,1,179,62,878,0.346,0.4658,0.1229,0.1229,10,0.653631284916201,117,98,1010,1010,1.14722647844721,0.971708804598653,1.34520495245566,1,0,0.947,6,"1.01 to 1.25","Not Significant","0.80-1.00"
"E02004026","South Lakeland 012",NA,329750,478109,54.1939,-3.0782,"ba5b5f8b-3bf2-4bca-988b-f9b91d09f66f",8,12.92,52.84,0.0136,0.0011,0.0132,"LargeFringeMetro",1,0,0,0,0,"North West",9,"South Lakeland 012",37.3,1,209,78,1336,0.373,0.5284,0.1292,0.1292,9,0.626794258373206,131,114,1011,1011,1.12029025967675,0.956882436615842,1.30350469182812,1,0,0.919,6,"1.01 to 1.25","Not Significant","0.80-1.00"
"E02004027","South Lakeland 013",NA,337393,477513,54.1895,-2.96096,"42f4d7bc-e30e-45af-9aee-8b591ef0270e",6,15.94,50.85,0.0043,0.0038,0.0068,"Noncore",0,0,0,0,1,"North West",10,"South Lakeland 013",37.7,1,69,26,354,0.377,0.5085,0.1594,0.1594,10,0.623188405797101,43,38,1012,1012,1.08785721329386,0.859463703760509,1.35838112497819,1,0,0.746,5,"1.01 to 1.25","Not Significant","0.60-0.79"
"E02004029","Amber Valley 001",NA,441282,355982,53.0995,-1.38491,"ae0febd4-4dee-4ee8-b66f-5dbc4f67465c",10,50.82,49.51,0.0151,0.0031,0.017,"LargeCentralMetro",0,0,0,0,0,"East Midlands",10,"Amber Valley 001",29.5,1,122,36,810,0.295,0.4951,0.5082,0.5082,10,0.704918032786885,86,67,1013,1013,1.34938823353761,1.12673845582443,1.60296161300999,2,1,0.999,6,"1.26 to 1.50","Significant Increase","0.80-1.00"
"E02004032","Amber Valley 004",NA,441082,353274,53.0751,-1.38824,"d37629e4-ef72-4a1b-b24b-3750ce790ab5",8,35.23,51.69,0.0068,0.0015,0.009,"LargeCentralMetro",0,0,0,0,0,"East Midlands",10,"Amber Valley 004",41.5,1,193,80,1095,0.415,0.5169,0.3523,0.3523,10,0.585492227979275,113,105,1014,1014,1.11600114263097,0.94806539307769,1.30495757364395,1,0,0.904,6,"1.01 to 1.25","Not Significant","0.80-1.00"
"E02004033","Amber Valley 005",NA,442534,350758,53.0524,-1.3669,"6f336183-726e-4b10-b143-cc5b35beb6e5",9,39.32,50.22,0.0073,0.0037,0.0154,"LargeCentralMetro",0,0,0,0,0,"East Midlands",10,"Amber Valley 005",42.7,1,117,50,900,0.427,0.5022,0.3932,0.3932,10,0.572649572649573,67,64,1015,1015,1.13115417237293,0.930485590363426,1.3620754395855,1,0,0.888,6,"1.01 to 1.25","Not Significant","0.80-1.00"
"E02004039","Amber Valley 011",NA,436626,345613,53.0066,-1.45562,"6b1c0869-38db-4bf0-9c86-62e318d25b13",7,16.91,50.17,0.0093,0.0032,0.0154,"LargeCentralMetro",0,0,0,0,0,"East Midlands",10,"Amber Valley 011",44.4,1,207,92,1186,0.444,0.5017,0.1691,0.1691,10,0.555555555555556,115,113,1016,1016,1.01089342468306,0.857437746358276,1.18378803369856,1,0,0.535,4,"1.01 to 1.25","Not Significant","0.40-0.59"
"E02004040","Amber Valley 012",NA,442831,346786,53.0167,-1.363,"2e829349-b450-4eae-b77e-a8e5d7211718",8,33.8,50.32,0.0069,0.0015,0.0127,"LargeCentralMetro",0,0,0,0,0,"East Midlands",10,"Amber Valley 012",50.5,1,216,109,1423,0.505,0.5032,0.338,0.338,10,0.49537037037037,107,118,1017,1017,0.974616766938316,0.826937280090572,1.14088919760261,-1,0,0.361,3,"0.76 to 0.99","Not Significant","0.20-0.39"
"E02004043","Amber Valley 015",NA,439408,345615,53.0064,-1.41416,"592dac45-aa7b-4b0d-a881-de9e2d3c64d3",9,15.38,50.72,0.0074,0.0025,0.013,"Micropolitan",0,0,0,1,0,"East Midlands",10,"Amber Valley 015",60.9,1,156,95,834,0.609,0.5072,0.1538,0.1538,10,0.391025641025641,61,85,1018,1018,0.807179419959452,0.660802144680786,0.976156065954291,-1,-1,0.014,2,"0.76 to 0.99","Significant Decrease","0.01-0.20"
"E02004044","Amber Valley 016",NA,431213,341003,52.9655,-1.53673,"e4b916a6-a312-4a41-a12e-afa219d0c3ac",3,5.04,50.63,0.0325,0.0052,0.0307,"MediumMetro",0,1,0,0,0,"East Midlands",10,"Amber Valley 016",71,1,238,169,1576,0.71,0.5063,0.0504,0.0504,10,0.289915966386555,69,130,1019,1019,0.601234977734709,0.497021834874425,0.720704253986352,-2,-1,0,1,"0.51 to 0.75","Significant Decrease","<0.01"
"E02004048","Bolsover 004",NA,446951,372142,53.2443,-1.29789,"a81dd744-a867-443f-ab05-24aff58d469e",9,35.33,49.01,0.0072,0.005,0.0138,"LargeCentralMetro",0,0,0,0,0,"East Midlands",10,"Bolsover 004",42.7,1,150,64,908,0.427,0.4901,0.3533,0.3533,10,0.573333333333333,86,82,1020,1020,1.10539290576014,0.923291815043284,1.31273534597626,1,0,0.858,6,"1.01 to 1.25","Not Significant","0.80-1.00"
"E02004050","Bolsover 006",NA,452012,368255,53.2088,-1.22269,"6ac4e5e6-f771-4cbd-9a0b-d99be91a41e4",8,42.48,50.25,0.0065,0.0095,0.0155,"LargeCentralMetro",0,0,0,0,0,"East Midlands",10,"Bolsover 006",31.4,1,153,48,812,0.314,0.5025,0.4248,0.4248,10,0.686274509803922,105,83,1021,1021,1.28897908651782,1.08856975004568,1.51544247042166,2,1,0.998,6,"1.26 to 1.50","Significant Increase","0.80-1.00"
"E02004052","Bolsover 008",NA,445645,364405,53.1748,-1.31856,"b0b7ee4f-be6f-433c-8d41-03360010a8fa",9,28.75,47.86,0.012,0.0031,0.011,"Micropolitan",0,0,0,1,0,"East Midlands",10,"Bolsover 008",44.4,1,160,71,819,0.444,0.4786,0.2875,0.2875,10,0.55625,89,87,1022,1022,1.06695127983193,0.891921657312682,1.2661418577583,1,0,0.751,5,"1.01 to 1.25","Not Significant","0.60-0.79"
"E02004055","Chesterfield 001",NA,438606,374995,53.2706,-1.42259,"68cb7deb-d6b0-4fb6-b321-9c7f8ed5dd4d",10,35.11,47.15,0.0085,0.0055,0.0183,"LargeCentralMetro",0,0,0,0,0,"East Midlands",10,"Chesterfield 001",31.9,1,94,30,649,0.319,0.4715,0.3511,0.3511,10,0.680851063829787,64,51,1023,1023,1.25875540548284,1.02710340666562,1.52696692803257,2,1,0.987,6,"1.26 to 1.50","Significant Increase","0.80-1.00"
"E02004056","Chesterfield 002",NA,444459,375146,53.2715,-1.33481,"76ab01ba-8931-495b-9991-7461a379c424",10,30.67,54.95,0.0073,0.0087,0.0215,"LargeCentralMetro",0,0,0,0,0,"East Midlands",10,"Chesterfield 002",33.1,1,163,54,1041,0.331,0.5495,0.3067,0.3067,10,0.668711656441718,109,89,1024,1024,1.21664628605549,1.02829090858175,1.42939858129334,1,1,0.989,6,"1.01 to 1.25","Significant Increase","0.80-1.00"
"E02004058","Chesterfield 004",NA,436387,374125,53.2629,-1.45596,"4c7e336f-a835-406a-b6bb-c904c061de5e",10,15.05,52.87,0.0187,0.0089,0.0251,"LargeCentralMetro",0,0,0,0,0,"East Midlands",10,"Chesterfield 004",73.3,1,206,151,1358,0.733,0.5287,0.1505,0.1505,10,0.266990291262136,55,112,1025,1025,0.626525623213554,0.51401712118936,0.75609371775126,-2,-1,0,1,"0.51 to 0.75","Significant Decrease","<0.01"
"E02004061","Chesterfield 007",NA,437855,372732,53.2503,-1.43411,"a6fdda3c-c06a-4e48-915f-8c4dab7b2f0b",10,34.68,49.36,0.0245,0.0105,0.0242,"LargeCentralMetro",0,0,0,0,0,"East Midlands",10,"Chesterfield 007",50.9,1,173,88,1011,0.509,0.4936,0.3468,0.3468,10,0.491329479768786,85,94,1026,1026,0.98842567561907,0.82688826818175,1.17210803332735,-1,0,0.43,4,"0.76 to 0.99","Not Significant","0.40-0.59"
"E02004065","Chesterfield 011",NA,435329,370375,53.2293,-1.47223,"21acfcb0-76ba-4c89-92cc-cc87f1e71a15",7,17.61,53.42,0.0148,0.0059,0.0149,"LargeCentralMetro",0,0,0,0,0,"East Midlands",10,"Chesterfield 011",58,1,176,102,1168,0.58,0.5342,0.1761,0.1761,10,0.420454545454545,74,96,1027,1027,0.834330241094893,0.691076388669748,0.998376824716996,-1,-1,0.024,2,"0.76 to 0.99","Significant Decrease","0.01-0.20"
"E02004076","Derbyshire Dales 009",NA,418281,346037,53.0113,-1.72898,"eda40ff5-6074-445a-befa-3da3bed3eda2",6,16.51,51.31,0.0062,0.0024,0.0171,"MediumMetro",0,1,0,0,0,"East Midlands",6,"Derbyshire Dales 009",44.5,1,218,97,1298,0.445,0.5131,0.1651,0.1651,6,0.555045871559633,121,119,1028,1028,0.989766667522199,0.841039794437478,1.15713480982722,-1,0,0.433,4,"0.76 to 0.99","Not Significant","0.40-0.59"
"E02004080","Erewash 003",NA,446968,341929,52.9727,-1.30204,"a292114e-452c-4313-8d09-c6ff2b78fc94",10,40.11,45.68,0.0171,0.0047,0.0206,"LargeCentralMetro",0,0,0,0,0,"East Midlands",4,"Erewash 003",38,1,187,71,972,0.38,0.4568,0.4011,0.4011,4,0.620320855614973,116,102,1029,1029,1.15819421183299,0.984434972382478,1.3536497394077,1,0,0.961,6,"1.01 to 1.25","Not Significant","0.80-1.00"
"E02004084","Erewash 007",NA,445343,340217,52.9574,-1.32647,"80b5ddc8-e7e0-4a55-ab65-a8e93ab5868d",9,20.27,52.8,0.0042,0.0047,0.0127,"LargeCentralMetro",0,0,0,0,0,"East Midlands",7,"Erewash 007",50,1,148,74,678,0.5,0.528,0.2027,0.2027,7,0.5,74,81,1030,1030,0.942958777756189,0.77858986154618,1.13165931739412,-1,0,0.253,3,"0.76 to 0.99","Not Significant","0.20-0.39"
"E02004092","Erewash 015",NA,447645,331879,52.8823,-1.29343,"dc3fe188-16c8-4487-b76f-425c3c1d8d87",7,31.21,49.08,0.0166,0.0052,0.0282,"LargeCentralMetro",0,0,0,0,0,"East Midlands",10,"Erewash 015",36.4,1,173,63,1088,0.364,0.4908,0.3121,0.3121,10,0.635838150289017,110,94,1031,1031,1.16588804081255,0.986221622067363,1.36870123222725,1,0,0.964,6,"1.01 to 1.25","Not Significant","0.80-1.00"
"E02004095","High Peak 003",NA,403595,394003,53.4428,-1.94734,"d21ad7c8-9045-4e60-a04e-4fe8a16ab59e",8,24.32,47.55,0.009,0.0033,0.0214,"LargeCentralMetro",0,0,0,0,0,"East Midlands",10,"High Peak 003",25.2,1,111,28,572,0.252,0.4755,0.2432,0.2432,10,0.747747747747748,83,61,1032,1032,1.27063647164503,1.0502166446757,1.52363746580108,2,1,0.993,6,"1.26 to 1.50","Significant Increase","0.80-1.00"
"E02004097","High Peak 005",NA,401349,389013,53.398,-1.98118,"15042445-be44-4370-9b88-f855d50d0149",6,30.08,51.62,0.0049,0.002,0.019,"LargeCentralMetro",0,0,0,0,0,"East Midlands",10,"High Peak 005",30.1,1,123,37,680,0.301,0.5162,0.3008,0.3008,10,0.699186991869919,86,67,1033,1033,1.24147774082801,1.03105326636071,1.48215045803728,1,1,0.989,6,"1.01 to 1.25","Significant Increase","0.80-1.00"
"E02004108","North East Derbyshire 004",NA,437574,378158,53.2991,-1.43769,"7cc1bb00-c408-4d1d-baff-7a0086092777",9,16.61,51.56,0.0118,0.0033,0.0177,"LargeCentralMetro",0,0,0,0,0,"East Midlands",5,"North East Derbyshire 004",52.6,1,289,152,1854,0.526,0.5156,0.1661,0.1661,5,0.474048442906574,137,158,1034,1034,0.879752439426425,0.755529224494273,1.01846811624658,-1,0,0.042,2,"0.76 to 0.99","Not Significant","0.01-0.20"
"E02004130","East Devon 002",NA,316994,100710,50.8,-3.17924,"6784c164-0874-43f3-b30f-6bf668fe5b7f",8,24.17,50.51,0.0157,0.0034,0.0156,"LargeCentralMetro",0,0,0,0,0,"South West",6,"East Devon 002",35.8,1,120,43,691,0.358,0.5051,0.2417,0.2417,6,0.641666666666667,77,65,1035,1035,1.13443008768123,0.934518483823759,1.36440291619782,1,0,0.896,6,"1.01 to 1.25","Not Significant","0.80-1.00"
"E02004136","East Devon 008",NA,308177,93174,50.7309,-3.30244,"287004f8-a537-400c-ab15-eb8fafe369aa",6,14.61,48.83,0.0091,0.0012,0.0178,"MediumMetro",0,1,0,0,0,"South West",8,"East Devon 008",55.6,1,178,99,1108,0.556,0.4883,0.1461,0.1461,8,0.443820224719101,79,97,1036,1036,0.840203106180016,0.6966467725237,1.00452751856972,-1,0,0.028,2,"0.76 to 0.99","Not Significant","0.01-0.20"
"E02004144","East Devon 016",NA,300541,82558,50.6342,-3.40774,"c65d594c-4746-4fe7-875a-0bc25bd1eb71",8,21.64,49.69,0.0034,0.0013,0.0112,"LargeCentralMetro",0,0,0,0,0,"South West",2,"East Devon 016",41.4,1,365,151,2103,0.414,0.4969,0.2164,0.2164,2,0.586301369863014,214,199,1037,1037,1.05742114313335,0.930743792864232,1.19643510324853,1,0,0.799,5,"1.01 to 1.25","Not Significant","0.60-0.79"
"E02004150","Exeter 002",NA,294117,94955,50.7445,-3.5021,"f2e179e4-f375-4acf-81a9-8f197005350f",7,24.24,46.51,0.0582,0.0125,0.0445,"LargeCentralMetro",0,0,0,0,0,"South West",10,"Exeter 002",53,1,198,105,989,0.53,0.4651,0.2424,0.2424,10,0.46969696969697,93,108,1038,1038,0.90259919652822,0.75757883251894,1.0671591477137,-1,0,0.111,2,"0.76 to 0.99","Not Significant","0.01-0.20"
"E02004159","Exeter 011",NA,295430,91298,50.7119,-3.48246,"f8d92acc-8760-4d3e-8e8e-ca4a3e8eb1ef",4,14.07,50.73,0.0398,0.006,0.0305,"LargeCentralMetro",0,0,0,0,0,"South West",10,"Exeter 011",61.2,1,263,161,1305,0.612,0.5073,0.1407,0.1407,10,0.387832699619772,102,143,1039,1039,0.755936214894262,0.63883363607384,0.888166058439494,-1,-1,0,1,"0.76 to 0.99","Significant Decrease","<0.01"
"E02004161","Exeter 013",NA,293852,91512,50.7135,-3.50486,"958b8cb2-906c-4710-a77d-39de8dba55da",8,18.95,49.56,0.062,0.0078,0.036,"LargeCentralMetro",0,0,0,0,0,"South West",7,"Exeter 013",46.8,1,190,89,914,0.468,0.4956,0.1895,0.1895,7,0.531578947368421,101,104,1040,1040,0.964951419265074,0.811515542552827,1.13887063063434,-1,0,0.323,3,"0.76 to 0.99","Not Significant","0.20-0.39"
"E02004166","Mid Devon 003",NA,311366,113233,50.9117,-3.26212,"c935043c-3029-4abd-9b3a-df78fc06af60",5,17.35,49.4,0.0037,0.0004,0.0122,"MediumMetro",0,1,0,0,0,"South West",7,"Mid Devon 003",57.5,1,219,126,1085,0.575,0.494,0.1735,0.1735,7,0.424657534246575,93,119,1041,1041,0.816406938140298,0.684973757932896,0.965593013598084,-1,-1,0.009,1,"0.76 to 0.99","Significant Decrease","<0.01"
"E02004174","Mid Devon 011",NA,283495,99989,50.7877,-3.65419,"02e71834-6755-4168-8323-da31468b0e5a",6,14.87,51.67,0.0076,0.002,0.014,"MediumMetro",0,1,0,0,0,"South West",3,"Mid Devon 011",49.7,1,195,97,1138,0.497,0.5167,0.1487,0.1487,3,0.502564102564103,98,106,1042,1042,0.904806966050847,0.758477184638569,1.07106399218609,-1,0,0.118,2,"0.76 to 0.99","Not Significant","0.01-0.20"
"E02004175","North Devon 001",NA,253249,146186,51.196,-4.10168,"387105dd-73db-439b-ac14-4337121533cf",7,28.65,51.04,0.0056,0.0021,0.02,"LargeFringeMetro",1,0,0,0,0,"South West",5,"North Devon 001",50.6,1,178,90,1011,0.506,0.5104,0.2865,0.2865,5,0.49438202247191,88,97,1043,1043,0.966054260578215,0.808591311159715,1.145067860882,-1,0,0.332,3,"0.76 to 0.99","Not Significant","0.20-0.39"
"E02004179","North Devon 005",NA,251236,135605,51.1004,-4.12609,"55cb49fb-15c7-4ae8-af9c-6a30c8902adb",3,10.53,48.33,0.0155,0.0081,0.0214,"SmallMetro",0,0,1,0,0,"South West",9,"North Devon 005",61.2,1,152,93,840,0.612,0.4833,0.1053,0.1053,9,0.388157894736842,59,83,1044,1044,0.780227535668729,0.63658454224736,0.946460632922116,-1,-1,0.006,1,"0.76 to 0.99","Significant Decrease","<0.01"
"E02004181","North Devon 007",NA,255316,134032,51.0873,-4.06723,"e8571fd0-ee8b-410e-b372-4e2997dc2817",7,24.89,48.71,0.0236,0.0072,0.0182,"LargeFringeMetro",1,0,0,0,0,"South West",3,"North Devon 007",45.3,1,225,102,1160,0.453,0.4871,0.2489,0.2489,3,0.546666666666667,123,123,1045,1045,1.0136934727094,0.864542570909661,1.18106807844598,1,0,0.551,4,"1.01 to 1.25","Not Significant","0.40-0.59"
"E02004187","North Devon 013",NA,270774,131798,51.0709,-3.84585,"c2b73b11-79b8-4d27-8d28-1dad8ec5b1b5",4,19.66,50.76,0.009,0.0034,0.0152,"SmallMetro",0,0,1,0,0,"South West",6,"North Devon 013",49.6,1,117,58,662,0.496,0.5076,0.1966,0.1966,6,0.504273504273504,59,64,1046,1046,0.953116682678201,0.774529958670968,1.16044602652116,-1,0,0.302,3,"0.76 to 0.99","Not Significant","0.20-0.39"
"E02004188","North Devon 014",NA,274022,120579,50.9708,-3.79561,"14556ca3-d1f1-4d36-94ab-7e7f5afe4079",4,20.69,53.37,0.0068,0.0014,0.0086,"SmallMetro",0,0,1,0,0,"South West",8,"North Devon 014",61.4,1,145,89,742,0.614,0.5337,0.2069,0.2069,8,0.386206896551724,56,79,1047,1047,0.82075530082812,0.669648357683214,0.995571214840202,-1,-1,0.022,2,"0.76 to 0.99","Significant Decrease","0.01-0.20"
"E02004193","South Hams 005",NA,263297,56350,50.3911,-3.92451,"1950eb45-a185-4e88-a4eb-50cba08d56f2",4,14.86,47.61,0.0042,0.0009,0.0117,"LargeCentralMetro",0,0,0,0,0,"South West",9,"South Hams 005",71.6,1,370,265,2323,0.716,0.4761,0.1486,0.1486,9,0.283783783783784,105,202,1048,1048,0.595151260367846,0.506329090252054,0.694919505997439,-2,-1,0,1,"0.51 to 0.75","Significant Decrease","<0.01"
"E02004198","South Hams 010",NA,272439,42779,50.2711,-3.79137,"c5e54c73-c6b6-4d7a-b706-486a754c9991",5,12.5,51.04,0.0083,0.0021,0.0099,"SmallMetro",0,0,1,0,0,"South West",10,"South Hams 010",54.5,1,200,109,1248,0.545,0.5104,0.125,0.125,10,0.455,91,109,1049,1049,0.875456957599151,0.733480582856522,1.03676765297634,-1,0,0.06,2,"0.76 to 0.99","Not Significant","0.01-0.20"
"E02004208","Teignbridge 008",NA,293759,74518,50.5607,-3.5013,"3a20cfb7-70fe-4906-a456-341ae4104cde",4,18.38,49.64,0.0076,0.0019,0.0132,"LargeCentralMetro",0,0,0,0,0,"South West",10,"Teignbridge 008",37.5,1,136,51,830,0.375,0.4964,0.1838,0.1838,10,0.625,85,74,1050,1050,1.0973735425068,0.909879452121868,1.31207940633622,1,0,0.828,6,"1.01 to 1.25","Not Significant","0.80-1.00"
"E02004212","Teignbridge 012",NA,285291,71949,50.536,-3.62002,"030ffd2e-029a-43cc-9baa-b821692c60f7",7,19.79,48.59,0.0089,0.0019,0.0193,"LargeCentralMetro",0,0,0,0,0,"South West",10,"Teignbridge 012",37.44,2,374,140,2085,0.3744,0.4859,0.1979,0.1979,10,0.625668449197861,234,204,1051,1051,1.13191735717921,1.00132444804015,1.2747141855117,1,1,0.976,6,"1.01 to 1.25","Significant Increase","0.80-1.00"
"E02004213","Teignbridge 013",NA,284126,74183,50.5559,-3.63714,"2b8fee18-2712-4b0e-b3d1-73f889ac32f6",6,21.91,52.46,0.0072,0.006,0.0165,"LargeCentralMetro",0,0,0,0,0,"South West",10,"Teignbridge 013",39.9,1,178,71,1077,0.399,0.5246,0.2191,0.2191,10,0.601123595505618,107,97,1052,1052,1.0870693447358,0.917229841409554,1.27914284586781,1,0,0.826,6,"1.01 to 1.25","Not Significant","0.80-1.00"
"E02004214","Teignbridge 014",NA,286513,71416,50.5315,-3.60262,"cdf393b2-384f-467c-8464-f33804e0769e",8,37.88,39.9,0.0253,0.0016,0.0177,"LargeCentralMetro",0,0,0,0,0,"South West",10,"Teignbridge 014",10.6,1,66,7,193,0.106,0.399,0.3788,0.3788,10,0.893939393939394,59,36,1053,1053,1.49608845697157,1.20614915471991,1.83479443796068,2,1,1,6,"1.26 to 1.50","Significant Increase","0.80-1.00"
"E02004217","Teignbridge 017",NA,275170,71544,50.5303,-3.76263,"f8a09462-24ba-49c4-aa82-b8d4e366991b",4,13.33,47.8,0.0063,0.0013,0.0209,"Micropolitan",0,0,0,1,0,"South West",10,"Teignbridge 017",51.7,1,120,62,795,0.517,0.478,0.1333,0.1333,10,0.483333333333333,58,65,1054,1054,0.904489395181407,0.732788240120809,1.10427280276181,-1,0,0.155,2,"0.76 to 0.99","Not Significant","0.01-0.20"
"E02004223","Torridge 004",NA,250786,124328,50.9989,-4.12787,"fc7c1168-3d13-4d08-9a56-b53bf3230627",6,30.7,50.73,0.0042,0.0014,0.0108,"LargeFringeMetro",1,0,0,0,0,"South West",9,"Torridge 004",50.4,1,228,115,1447,0.504,0.5073,0.307,0.307,9,0.495614035087719,113,124,1055,1055,0.97803353694437,0.832573142566704,1.14142762231518,-1,0,0.375,3,"0.76 to 0.99","Not Significant","0.20-0.39"
"E02004225","Torridge 006",NA,249793,120211,50.9617,-4.1403,"40c81719-dce6-4cbf-9c44-4fc97900ccb3",5,23.12,48.03,0.004,0.001,0.0114,"SmallMetro",0,0,1,0,0,"South West",10,"Torridge 006",35.3,1,173,61,887,0.353,0.4803,0.2312,0.2312,10,0.647398843930636,112,94,1056,1056,1.17758701150701,0.996439072439478,1.38203399451043,1,0,0.972,6,"1.01 to 1.25","Not Significant","0.80-1.00"
"E02004239","Bournemouth, Christchurch and Poole 018",NA,419296,93864,50.7441,-1.72788,"4693fae4-cfdd-4810-b724-6ef167aa736f",2,10.24,48.43,0.0107,0.0014,0.0147,"LargeCentralMetro",0,0,0,0,0,"South West",10,"Bournemouth, Christchurch and Poole 018",45.7,1,254,116,1565,0.457,0.4843,0.1024,0.1024,10,0.543307086614173,138,139,1057,1057,0.966944742914088,0.828665450560287,1.12161748067638,-1,0,0.317,3,"0.76 to 0.99","Not Significant","0.20-0.39"
"E02004240","Bournemouth, Christchurch and Poole 024",NA,417415,93381,50.7398,-1.75456,"7f95a0e7-3ed6-441f-877a-41fd9288b40f",5,51.9,46.17,0.0157,0.0029,0.0218,"LargeCentralMetro",0,0,0,0,0,"South West",8,"Bournemouth, Christchurch and Poole 024",32.9,1,79,26,470,0.329,0.4617,0.519,0.519,8,0.670886075949367,53,43,1058,1058,1.30618964000716,1.05591117655712,1.59777879996422,2,1,0.993,6,"1.26 to 1.50","Significant Increase","0.80-1.00"
"E02004241","Bournemouth, Christchurch and Poole 031",NA,415498,92931,50.7358,-1.78174,"93e56d7b-4b63-4a03-8039-eb421c7c67bc",4,16.47,46.62,0.0175,0.0017,0.0241,"LargeCentralMetro",0,0,0,0,0,"South West",9,"Bournemouth, Christchurch and Poole 031",62.4,1,255,159,1703,0.624,0.4662,0.1647,0.1647,9,0.376470588235294,96,139,1059,1059,0.74462223240659,0.6274495487709,0.877188287056945,-2,-1,0,1,"0.51 to 0.75","Significant Decrease","<0.01"
"E02004247","Dorset 013",NA,398316,106653,50.8594,-2.02529,"b0e6821e-58fe-492b-b346-f80f99d97b86",4,17.39,50.76,0.0039,0.001,0.0104,"LargeCentralMetro",0,0,0,0,0,"South West",7,"Dorset 013",37.5,1,368,138,1452,0.375,0.5076,0.1739,0.1739,7,0.625,230,201,1060,1060,1.11435232074225,0.984271855363536,1.25675015908024,1,0,0.956,6,"1.01 to 1.25","Not Significant","0.80-1.00"
"E02004251","Dorset 020",NA,405666,100922,50.8078,-1.92095,"0b45bf98-e2ca-4522-af38-c43532fbc0b6",2,19.68,50.3,0.0112,0.0009,0.0077,"LargeCentralMetro",0,0,0,0,0,"South West",3,"Dorset 020",45.4,1,249,113,1169,0.454,0.503,0.1968,0.1968,3,0.546184738955823,136,136,1061,1061,0.978044437032269,0.837616884095235,1.1351921282952,-1,0,0.372,3,"0.76 to 0.99","Not Significant","0.20-0.39"
"E02004255","Dorset 001",NA,380340,126244,51.0352,-2.28175,"fcea16b8-62ed-4f33-8624-edcc125658d4",5,22.73,48.92,0.0103,0.0018,0.0115,"LargeFringeMetro",1,0,0,0,0,"South West",7,"Dorset 001",42.4,1,264,112,1670,0.424,0.4892,0.2273,0.2273,7,0.575757575757576,152,144,1062,1062,1.06143810883682,0.916893707721709,1.22218505643813,1,0,0.781,5,"1.01 to 1.25","Not Significant","0.60-0.79"
"E02004257","Dorset 003",NA,386032,123146,51.0075,-2.20046,"969867a6-5934-44b9-9e3e-aec5cb1a22b3",4,27.54,50.81,0.0143,0.0023,0.0179,"SmallMetro",0,0,1,0,0,"South West",5,"Dorset 003",27.5,1,138,38,864,0.275,0.5081,0.2754,0.2754,5,0.72463768115942,100,75,1063,1063,1.26599361487923,1.06036868108041,1.49979104215152,2,1,0.996,6,"1.26 to 1.50","Significant Increase","0.80-1.00"
"E02004261","Dorset 011",NA,388883,107111,50.8634,-2.15933,"c15c5dc6-f0a4-4be3-ac68-6f342717b739",5,19.78,48.81,0.0151,0.0017,0.0144,"LargeCentralMetro",0,0,0,0,0,"South West",4,"Dorset 011",46.2,1,182,84,1135,0.462,0.4881,0.1978,0.1978,4,0.538461538461538,98,99,1064,1064,0.972695759278343,0.815827040993186,1.1508550580892,-1,0,0.359,3,"0.76 to 0.99","Not Significant","0.20-0.39"
"E02004264","Dorset 028",NA,396918,93844,50.7442,-2.04504,"2bee07b3-59f1-4935-b0b9-9d3b8d6598c5",8,17.79,51.45,0.0075,0.0017,0.0154,"Micropolitan",0,0,0,1,0,"South West",10,"Dorset 028",47.4,1,253,120,1590,0.474,0.5145,0.1779,0.1779,10,0.525691699604743,133,138,1065,1065,0.975790299776757,0.83595011354505,1.13222102917204,-1,0,0.36,3,"0.76 to 0.99","Not Significant","0.20-0.39"
"E02004268","Dorset 042",NA,402323,79081,50.6114,-1.96852,"02d9d646-44c8-4e78-af13-37931ccd020e",7,33.33,51.62,0.0083,0.0023,0.0194,"SmallMetro",0,0,1,0,0,"South West",8,"Dorset 042",20.3,1,69,14,339,0.203,0.5162,0.3333,0.3333,8,0.797101449275362,55,38,1066,1066,1.36883218523577,1.10026184489681,1.68317496489434,2,1,0.998,6,"1.26 to 1.50","Significant Increase","0.80-1.00"
"E02004269","Dorset 004",NA,363277,116859,50.95,-2.52414,"7ac669ac-7c51-47f0-a584-8e3bd70e5f10",4,19.23,51,0.0196,0.0034,0.0162,"LargeFringeMetro",1,0,0,0,0,"South West",4,"Dorset 004",44.4,1,234,104,1555,0.444,0.51,0.1923,0.1923,4,0.555555555555556,130,128,1067,1067,1.00850375314054,0.862028698209239,1.17263381226746,0,0,0.527,4,"1.00-1.009 (null value)","Not Significant","0.40-0.59"
"E02004271","Dorset 019",NA,348303,100971,50.806,-2.73504,"c21cb1b7-09ae-4f54-867b-6c991006dc1c",5,23.93,50.22,0.0058,0.0016,0.0122,"Noncore",0,0,0,0,1,"South West",8,"Dorset 019",43.6,1,117,51,679,0.436,0.5022,0.2393,0.2393,8,0.564102564102564,66,64,1068,1068,1.05077206657923,0.858750482358555,1.27283420347998,1,0,0.671,5,"1.01 to 1.25","Not Significant","0.60-0.79"
"E02004272","Dorset 022",NA,367444,99373,50.793,-2.46326,"fd2730b3-3d77-46f7-b22b-fd072e93393e",4,24.64,51.38,0.0062,0.0012,0.0106,"Micropolitan",0,0,0,1,0,"South West",8,"Dorset 022",14.5,1,69,10,325,0.145,0.5138,0.2464,0.2464,8,0.855072463768116,59,38,1069,1069,1.33752753404627,1.07268429835469,1.64812935713968,2,1,0.995,6,"1.26 to 1.50","Significant Increase","0.80-1.00"
"E02004273","Dorset 023",NA,338214,99437,50.7912,-2.87795,"2b7ad033-f9dd-482d-a82b-3fa932416589",6,16.67,52.35,0.0052,0.0021,0.012,"SmallMetro",0,0,1,0,0,"South West",4,"Dorset 023",54.9,1,162,89,978,0.549,0.5235,0.1667,0.1667,4,0.450617283950617,73,88,1070,1070,0.871096302793362,0.719008225532452,1.04572279785575,-1,0,0.067,2,"0.76 to 0.99","Not Significant","0.01-0.20"
"E02004274","Dorset 026",NA,347348,93973,50.743,-2.74759,"5b43ff87-9955-4be8-a844-7efdd1679b06",8,24.09,50.51,0.0101,0.0014,0.0145,"LargeFringeMetro",1,0,0,0,0,"South West",7,"Dorset 026",34.3,1,137,47,792,0.343,0.5051,0.2409,0.2409,7,0.656934306569343,90,75,1071,1071,1.18080859475061,0.984659431341393,1.40449225734548,1,0,0.963,6,"1.01 to 1.25","Not Significant","0.80-1.00"
"E02004294","County Durham 013",NA,426734,550168,54.8456,-1.58522,"2fe101b5-0d88-4c4b-80fc-4532f492e9ae",7,23.93,46.75,0.0127,0.0011,0.0108,"LargeCentralMetro",0,0,0,0,0,"North East",3,"County Durham 013",39.7,1,234,93,1617,0.397,0.4675,0.2393,0.2393,3,0.602564102564103,141,128,1072,1072,1.07760052278319,0.925049560162973,1.24803045896692,1,0,0.826,6,"1.01 to 1.25","Not Significant","0.80-1.00"
"E02004301","County Durham 008",NA,420740,551561,54.8584,-1.67846,"237a0fc0-21c8-41e6-ae54-058b0ba17cd7",9,50.56,48.67,0.011,0.001,0.0082,"LargeCentralMetro",0,0,0,0,0,"North East",4,"County Durham 008",31.7,1,180,57,976,0.317,0.4867,0.5056,0.5056,4,0.683333333333333,123,98,1073,1073,1.28824364615189,1.09963244899716,1.49975930823388,2,1,0.999,6,"1.26 to 1.50","Significant Increase","0.80-1.00"
"E02004303","County Durham 010",NA,411077,551835,54.8612,-1.82897,"867f893f-f279-42c1-a7df-f0afd271f8ed",9,34.52,49.3,0.0054,0.0012,0.0096,"LargeCentralMetro",0,0,0,0,0,"North East",3,"County Durham 010",43.7,1,252,110,1491,0.437,0.493,0.3452,0.3452,3,0.563492063492063,142,137,1074,1074,1.05651208854978,0.909641878056516,1.22021683749732,1,0,0.756,5,"1.01 to 1.25","Not Significant","0.60-0.79"
"E02004306","County Durham 020",NA,416978,546992,54.8175,-1.73733,"3949a8b6-5c0a-4f08-82c6-fd9eb1276214",7,20.98,50.32,0.0093,0.0018,0.0103,"MediumMetro",0,1,0,0,0,"North East",9,"County Durham 020",42.4,1,224,95,1258,0.424,0.5032,0.2098,0.2098,9,0.575892857142857,129,122,1075,1075,1.04810833990643,0.89532184052312,1.21938883546715,1,0,0.711,5,"1.01 to 1.25","Not Significant","0.60-0.79"
"E02004309","County Durham 023",NA,426682,545001,54.7992,-1.58651,"f744fa6c-0159-4e23-af1e-abdea27e5d2b",6,23.19,49.48,0.0583,0.0119,0.0405,"LargeCentralMetro",0,0,0,0,0,"North East",6,"County Durham 023",40.1,1,207,83,1247,0.401,0.4948,0.2319,0.2319,6,0.599033816425121,124,113,1076,1076,1.06547599339014,0.906820556388194,1.24381678476765,1,0,0.772,5,"1.01 to 1.25","Not Significant","0.60-0.79"
"E02004312","County Durham 028",NA,430121,544057,54.7905,-1.53311,"926eaf79-0185-419a-8143-22691f65eadb",5,35.21,48.64,0.0181,0.0038,0.0137,"LargeCentralMetro",0,0,0,0,0,"North East",7,"County Durham 028",59.2,1,142,84,847,0.592,0.4864,0.3521,0.3521,7,0.408450704225352,58,77,1077,1077,0.878922188151613,0.719588300074523,1.06279686651262,-1,0,0.088,2,"0.76 to 0.99","Not Significant","0.01-0.20"
"E02004315","County Durham 033",NA,426360,540812,54.7616,-1.59189,"38cfc9a4-82eb-4338-b79e-708b12c2d209",3,19.7,49.35,0.0707,0.0102,0.0486,"LargeCentralMetro",0,0,0,0,0,"North East",2,"County Durham 033",62.1,1,264,164,1688,0.621,0.4935,0.197,0.197,2,0.378787878787879,100,144,1078,1078,0.726456996013665,0.612632155137306,0.855186964671602,-2,-1,0,1,"0.51 to 0.75","Significant Decrease","<0.01"
"E02004324","County Durham 025",NA,441715,544679,54.7953,-1.35273,"6cf04a3c-5b1d-4406-8f07-449f800f041e",9,26.12,47.08,0.005,0.0014,0.0087,"MediumMetro",0,1,0,0,0,"North East",10,"County Durham 025",56.7,1,134,76,788,0.567,0.4708,0.2612,0.2612,10,0.432835820895522,58,73,1079,1079,0.897693291619952,0.733142423038454,1.08796115125071,-1,0,0.13,2,"0.76 to 0.99","Not Significant","0.01-0.20"
"E02004329","County Durham 037",NA,442199,539794,54.7513,-1.34592,"d8856dbc-c0a7-494a-a6f1-0e75dbfbfd19",9,28.35,52.58,0.0085,0.0025,0.0081,"LargeCentralMetro",0,0,0,0,0,"North East",8,"County Durham 037",52.6,1,194,102,1164,0.526,0.5258,0.2835,0.2835,8,0.474226804123711,92,106,1080,1080,0.932765963218288,0.783625584213531,1.10186474723329,-1,0,0.199,2,"0.76 to 0.99","Not Significant","0.01-0.20"
"E02004343","County Durham 062",NA,429294,525559,54.6243,-1.54782,"3b93f114-36e0-431e-b4ab-0d3ef5f4d354",10,33.33,50.05,0.0016,0.0018,0.0125,"LargeCentralMetro",0,0,0,0,0,"North East",7,"County Durham 062",46.2,1,171,79,1027,0.462,0.5005,0.3333,0.3333,7,0.538011695906433,92,93,1081,1081,1.04093153956617,0.87329139672867,1.23121685402944,1,0,0.66,5,"1.01 to 1.25","Not Significant","0.60-0.79"
"E02004351","County Durham 051",NA,422270,531261,54.6759,-1.65618,"a9b8a393-108b-4336-9fc6-4398fcc5683f",9,23.56,48.01,0.0064,0.0025,0.0109,"MediumMetro",0,1,0,0,0,"North East",8,"County Durham 051",56.3,1,174,98,881,0.563,0.4801,0.2356,0.2356,8,0.436781609195402,76,95,1082,1082,0.868442218881509,0.720552206257611,1.0375951001835,-1,0,0.059,2,"0.76 to 0.99","Not Significant","0.01-0.20"
"E02004352","County Durham 055",NA,423434,528918,54.6548,-1.63831,"08b68afe-61a1-4292-8896-d64acda75e9c",10,44.76,51.84,0.0101,0.0032,0.0106,"LargeCentralMetro",0,0,0,0,0,"North East",6,"County Durham 055",28.7,1,143,41,926,0.287,0.5184,0.4476,0.4476,6,0.713286713286713,102,78,1083,1083,1.32159634777124,1.11342461493394,1.55724443332348,2,1,0.999,6,"1.26 to 1.50","Significant Increase","0.80-1.00"
"E02004353","County Durham 056",NA,420231,528939,54.6552,-1.68795,"864e608e-f5a1-4356-b355-4e3de5b929cc",9,27.67,54.89,0.0168,0.0017,0.0089,"LargeCentralMetro",0,0,0,0,0,"North East",7,"County Durham 056",41.3,1,206,85,1268,0.413,0.5489,0.2767,0.2767,7,0.587378640776699,121,112,1084,1084,1.08769209080934,0.926375827403179,1.26890275776884,1,0,0.843,6,"1.01 to 1.25","Not Significant","0.80-1.00"
"E02004358","Eastbourne 003",NA,563391,102705,50.8009,0.317326,"7f6b368c-1d07-40a5-bf9a-a7a2506ae386",9,21.86,50.84,0.0175,0.0066,0.0387,"LargeCentralMetro",0,0,0,0,0,"South East",9,"Eastbourne 003",45.6,1,215,98,1072,0.456,0.5084,0.2186,0.2186,9,0.544186046511628,117,117,1085,1085,1.00300404723478,0.852188129746358,1.17271223519543,0,0,0.498,4,"1.00-1.009 (null value)","Not Significant","0.40-0.59"
"E02004359","Eastbourne 004",NA,560334,102035,50.7957,0.273688,"a08a7dde-d768-498e-bc6d-09d9cf9eda74",9,30.81,49.67,0.0277,0.0093,0.0346,"LargeCentralMetro",0,0,0,0,0,"South East",10,"Eastbourne 004",35.85,2,396,142,1997,0.3585,0.4967,0.3081,0.3081,10,0.641414141414141,254,216,1086,1086,1.17352876482062,1.04343788638637,1.31524988248136,1,1,0.996,6,"1.01 to 1.25","Significant Increase","0.80-1.00"
"E02004369","Hastings 002",NA,581625,111699,50.8762,0.580271,"fd9da2fe-bcaa-47c8-b68f-d53eaf9d2844",8,32.13,47.52,0.0235,0.0072,0.0244,"LargeCentralMetro",0,0,0,0,0,"South East",8,"Hastings 002",40.7,1,221,90,1431,0.407,0.4752,0.3213,0.3213,8,0.592760180995475,131,121,1087,1087,1.09656537455717,0.939050829721527,1.27281450156426,1,0,0.875,6,"1.01 to 1.25","Not Significant","0.80-1.00"
"E02004371","Hastings 004",NA,584625,111374,50.8724,0.622701,"d1725b71-e106-4fa9-b608-f1af3f7553ae",9,34.46,49.26,0.0173,0.0045,0.0258,"LargeCentralMetro",0,0,0,0,0,"South East",10,"Hastings 004",27,1,148,40,808,0.27,0.4926,0.3446,0.3446,10,0.72972972972973,108,81,1088,1088,1.30677002619101,1.10285267080258,1.53735344062602,2,1,0.999,6,"1.26 to 1.50","Significant Increase","0.80-1.00"
"E02004379","Lewes 001",NA,540365,117717,50.9418,-0.00345,"056998a8-5b65-4933-8b9a-6af11705f5e9",2,10.71,47.6,0.005,0.0037,0.0225,"MediumMetro",0,1,0,0,0,"South East",10,"Lewes 001",52.4,1,168,88,855,0.524,0.476,0.1071,0.1071,10,0.476190476190476,80,92,1089,1089,0.862680861638999,0.714006458822657,1.03311443323722,-1,0,0.053,2,"0.76 to 0.99","Not Significant","0.01-0.20"
"E02004383","Lewes 005",NA,540221,109852,50.8712,-0.00852,"2f627af7-a5ca-4cf6-82cb-c485a36fac93",4,20.89,47.46,0.0207,0.0113,0.039,"LargeCentralMetro",0,0,0,0,0,"South East",10,"Lewes 005",52.4,1,225,118,1163,0.524,0.4746,0.2089,0.2089,10,0.475555555555556,107,123,1090,1090,0.892695271745107,0.755204223441722,1.04786212838556,-1,0,0.08,2,"0.76 to 0.99","Not Significant","0.01-0.20"
"E02004387","Lewes 009",NA,543924,101154,50.7921,0.040663,"0f988fcf-8ee3-4ce6-8a85-9b4caa8d8c5e",8,30.22,47.38,0.0214,0.017,0.0321,"LargeCentralMetro",0,0,0,0,0,"South East",10,"Lewes 009",39.6,1,139,55,745,0.396,0.4738,0.3022,0.3022,10,0.60431654676259,84,76,1091,1091,1.11610382086817,0.928145720840688,1.3308327918617,1,0,0.874,6,"1.01 to 1.25","Not Significant","0.80-1.00"
"E02004390","Lewes 012",NA,550253,99071,50.7718,0.129544,"9a181387-a339-4f2a-892a-1544b214a56f",7,14.22,48.27,0.0113,0.003,0.0243,"LargeCentralMetro",0,0,0,0,0,"South East",10,"Lewes 012",50,1,232,116,1448,0.5,0.4827,0.1422,0.1422,10,0.5,116,127,1092,1092,0.919716477803461,0.781201132388971,1.07561103392391,-1,0,0.142,2,"0.76 to 0.99","Not Significant","0.01-0.20"
"E02004397","Rother 006",NA,572831,114238,50.9017,0.4566,"d2c8122d-ca6b-44a4-99db-57db924be79b",6,21.56,49.22,0.0103,0.0037,0.0221,"Micropolitan",0,0,0,1,0,"South East",10,"Rother 006",56.4,1,218,123,1148,0.564,0.4922,0.2156,0.2156,10,0.435779816513761,95,119,1093,1093,0.854899117244501,0.71909882115662,1.00874424466642,-1,0,0.031,2,"0.76 to 0.99","Not Significant","0.01-0.20"
"E02004400","Rother 009",NA,570480,108254,50.8487,0.420409,"468b007a-57df-4a16-b67e-87dd5c8cc566",8,32.99,49.59,0.01,0.0042,0.0192,"LargeCentralMetro",0,0,0,0,0,"South East",10,"Rother 009",34.4,1,291,100,1454,0.344,0.4959,0.3299,0.3299,10,0.656357388316151,191,159,1094,1094,1.2022635206391,1.05250067484106,1.36723943577129,1,1,0.997,6,"1.01 to 1.25","Significant Increase","0.80-1.00"
"E02004405","Wealden 003",NA,552552,131099,51.059,0.175505,"0b8be2fe-5a5a-4e52-b46f-491374f42687",5,15.48,50.84,0.0234,0.0065,0.0251,"LargeFringeMetro",1,0,0,0,0,"South East",10,"Wealden 003",61.1,1,252,154,1662,0.611,0.5084,0.1548,0.1548,10,0.388888888888889,98,137,1095,1095,0.780494477758194,0.658963070205762,0.917792267608509,-1,-1,0.001,1,"0.76 to 0.99","Significant Decrease","<0.01"
"E02004411","Wealden 009",NA,547616,121997,50.9785,0.101419,"c27798b6-63fa-43b0-ba30-edbcd5d50bd5",5,13.87,48.13,0.0186,0.004,0.0203,"LargeFringeMetro",1,0,0,0,0,"South East",9,"Wealden 009",46.2,1,238,110,1602,0.462,0.4813,0.1387,0.1387,9,0.53781512605042,128,130,1096,1096,0.985490461138541,0.841949160786904,1.1463821146583,-1,0,0.41,4,"0.76 to 0.99","Not Significant","0.40-0.59"
"E02004413","Wealden 011",NA,561122,121470,50.9701,0.29342,"1d9f5055-0073-43ad-978c-ea6b4d080b1e",4,17.67,49.97,0.0082,0.0018,0.0182,"Micropolitan",0,0,0,1,0,"South East",10,"Wealden 011",53.9,1,232,125,1437,0.539,0.4997,0.1767,0.1767,10,0.461206896551724,107,127,1097,1097,0.873573314572829,0.739089896994171,1.02533041995157,-1,0,0.048,2,"0.76 to 0.99","Not Significant","0.01-0.20"
"E02004423","Wealden 021",NA,556383,102015,50.7966,0.217663,"dff152d7-e6ac-470b-ad14-e795f91155a6",7,18.18,46.39,0.0147,0.003,0.0187,"LargeCentralMetro",0,0,0,0,0,"South East",8,"Wealden 021",48.5,1,198,96,1093,0.485,0.4639,0.1818,0.1818,8,0.515151515151515,102,108,1098,1098,0.951012524785492,0.801052741518415,1.12079029578743,-1,0,0.264,3,"0.76 to 0.99","Not Significant","0.20-0.39"
"E02004424","Basildon 001",NA,568470,196652,51.6434,0.433452,"8ec69350-7ffe-40b0-8c75-6fc11d983eb6",1,8.18,47.16,0.0308,0.007,0.0283,"LargeCentralMetro",0,0,0,0,0,"East of England",10,"Basildon 001",46.5,1,269,125,1620,0.465,0.4716,0.0818,0.0818,10,0.535315985130111,144,147,1099,1099,0.946549517525388,0.812949035800223,1.09576285300109,-1,0,0.223,3,"0.76 to 0.99","Not Significant","0.20-0.39"
"E02004427","Basildon 004",NA,566614,194324,51.6231,0.405548,"a82066cb-1c7f-4997-a02f-53d5022e5491",2,11.41,46.36,0.0264,0.0094,0.0228,"LargeCentralMetro",0,0,0,0,0,"East of England",10,"Basildon 004",48.3,1,263,127,1702,0.483,0.4636,0.1141,0.1141,10,0.517110266159696,136,143,1100,1100,0.934355404350805,0.80045011805267,1.08416779972632,-1,0,0.179,2,"0.76 to 0.99","Not Significant","0.01-0.20"
"E02004429","Basildon 006",NA,572739,192867,51.6081,0.493225,"8d6ea51d-1b4a-4279-8ef9-416a2da8618e",4,25.77,49.16,0.0241,0.0139,0.0172,"LargeCentralMetro",0,0,0,0,0,"East of England",9,"Basildon 006",24.7,1,194,48,1135,0.247,0.4916,0.2577,0.2577,9,0.752577319587629,146,106,1101,1101,1.30802307434982,1.12318644100858,1.51450288511669,2,1,1,6,"1.26 to 1.50","Significant Increase","0.80-1.00"
"E02004430","Basildon 007",NA,576468,192820,51.6066,0.546995,"42a8d99d-e49e-45f1-9fd5-30c626cc7f61",4,13.11,47.52,0.0203,0.02,0.0248,"LargeCentralMetro",0,0,0,0,0,"East of England",10,"Basildon 007",52.5,1,244,128,1469,0.525,0.4752,0.1311,0.1311,10,0.475409836065574,116,133,1102,1102,0.879289784415486,0.746910428586727,1.02827033284304,-1,0,0.053,2,"0.76 to 0.99","Not Significant","0.01-0.20"
"E02004436","Basildon 013",NA,573291,189140,51.5745,0.499349,"d8f76ea5-72f6-4704-a5ce-f6d1145a56e5",9,45.55,47.1,0.0273,0.0879,0.0411,"LargeCentralMetro",0,0,0,0,0,"East of England",9,"Basildon 013",20.9,1,292,61,913,0.209,0.471,0.4555,0.4555,9,0.791095890410959,231,159,1103,1103,1.44131515123819,1.27462705057068,1.62361551480245,2,1,1,6,"1.26 to 1.50","Significant Increase","0.80-1.00"
"E02004438","Basildon 015",NA,570691,190187,51.5847,0.462376,"26270ec7-973c-476a-8f17-712aaa791671",7,37.5,47.71,0.0586,0.0918,0.0526,"LargeCentralMetro",0,0,0,0,0,"East of England",8,"Basildon 015",39.5,1,152,60,765,0.395,0.4771,0.375,0.375,8,0.605263157894737,92,83,1104,1104,1.12568394108905,0.942243086444519,1.33428247872478,1,0,0.901,6,"1.01 to 1.25","Not Significant","0.80-1.00"
"E02004439","Basildon 016",NA,568411,188830,51.5732,0.42885,"f9504242-1237-467c-9670-9dcad1a8f4af",7,41.58,50.92,0.0525,0.0731,0.0492,"LargeCentralMetro",0,0,0,0,0,"East of England",8,"Basildon 016",26.2,1,202,53,1037,0.262,0.5092,0.4158,0.4158,8,0.737623762376238,149,110,1105,1105,1.33179976956637,1.14754408775629,1.53709951489326,2,1,1,6,"1.26 to 1.50","Significant Increase","0.80-1.00"
"E02004443","Basildon 020",NA,570267,187199,51.558,0.454816,"e7e83b99-9316-4408-812d-984935f5ed5a",5,36.99,46.51,0.1335,0.068,0.0466,"LargeCentralMetro",0,0,0,0,0,"East of England",8,"Basildon 020",32.9,1,292,96,1492,0.329,0.4651,0.3699,0.3699,8,0.671232876712329,196,159,1106,1106,1.22049825667851,1.0693957547979,1.38685384374001,1,1,0.999,6,"1.01 to 1.25","Significant Increase","0.80-1.00"
"E02004448","Braintree 003",NA,578698,232867,51.9656,0.599772,"e391eac1-0237-4000-9bda-4362a95b62c7",5,18.23,49.35,0.0086,0.0049,0.0165,"SmallMetro",0,0,1,0,0,"East of England",10,"Braintree 003",27.1,1,192,52,1155,0.271,0.4935,0.1823,0.1823,10,0.729166666666667,140,105,1107,1107,1.2730946410329,1.09041589034838,1.47752915854721,2,1,0.999,6,"1.26 to 1.50","Significant Increase","0.80-1.00"
"E02004451","Braintree 006",NA,584844,228988,51.9287,0.687045,"ac5e45e3-9066-4375-b1c9-0cfefa85a9ef",6,25.33,47.85,0.0092,0.0026,0.0165,"LargeCentralMetro",0,0,0,0,0,"East of England",10,"Braintree 006",29.3,1,150,44,744,0.293,0.4785,0.2533,0.2533,10,0.706666666666667,106,82,1108,1108,1.23750305987999,1.04151509643202,1.45957718382798,1,1,0.993,6,"1.01 to 1.25","Significant Increase","0.80-1.00"
"E02004453","Braintree 008",NA,575197,224063,51.8876,0.544386,"48e9b00b-c1c4-46f8-b92f-d03edb2cc4a6",6,32.21,44.76,0.0212,0.0175,0.0302,"LargeCentralMetro",0,0,0,0,0,"East of England",9,"Braintree 008",31.5,1,149,47,963,0.315,0.4476,0.3221,0.3221,9,0.684563758389262,102,81,1109,1109,1.22742103299668,1.0316506020832,1.449439975429,1,1,0.99,6,"1.01 to 1.25","Significant Increase","0.80-1.00"
"E02004456","Braintree 011",NA,576683,222417,51.8723,0.565114,"4dfa9b69-323b-4e1d-8015-09ce590e3350",6,18.75,46.95,0.0312,0.0186,0.0315,"LargeCentralMetro",0,0,0,0,0,"East of England",8,"Braintree 011",48.6,1,208,101,1067,0.486,0.4695,0.1875,0.1875,8,0.514423076923077,107,113,1110,1110,0.947343365129126,0.800149825224345,1.11367240106488,-1,0,0.246,3,"0.76 to 0.99","Not Significant","0.20-0.39"
"E02004458","Braintree 013",NA,575359,220049,51.8515,0.544701,"2153f4d3-abbb-40ff-9d69-3eed99f11156",3,16.74,53.23,0.0148,0.0095,0.0208,"LargeCentralMetro",0,0,0,0,0,"East of England",9,"Braintree 013",37.6,1,221,83,1255,0.376,0.5323,0.1674,0.1674,9,0.624434389140271,138,121,1111,1111,1.09421833011011,0.936873876311793,1.27034354850706,1,0,0.868,6,"1.01 to 1.25","Not Significant","0.80-1.00"
"E02004459","Braintree 014",NA,585457,221645,51.8626,0.692002,"26f0912a-0f80-4a6f-a913-7916b0e015a0",5,20.86,48.72,0.0063,0.0028,0.0195,"MediumMetro",0,1,0,0,0,"East of England",10,"Braintree 014",47.5,1,139,66,821,0.475,0.4872,0.2086,0.2086,10,0.525179856115108,73,76,1112,1112,0.970253496170334,0.799060380522265,1.16717089993271,-1,0,0.358,3,"0.76 to 0.99","Not Significant","0.20-0.39"
"E02004460","Braintree 015",NA,582299,217775,51.8288,0.644153,"78aa9228-545f-4d00-b873-88127c838ec5",6,30.11,46.68,0.0174,0.0128,0.0344,"LargeCentralMetro",0,0,0,0,0,"East of England",10,"Braintree 015",35.2,1,176,62,1204,0.352,0.4668,0.3011,0.3011,10,0.647727272727273,114,96,1113,1113,1.17026987576221,0.991536732888048,1.3718083217818,1,0,0.968,6,"1.01 to 1.25","Not Significant","0.80-1.00"
"E02004462","Braintree 017",NA,581820,214051,51.7956,0.635256,"22680bfd-6d8d-460c-aafc-8bb0e164e601",6,24.1,51.25,0.0294,0.0279,0.0353,"LargeCentralMetro",0,0,0,0,0,"East of England",9,"Braintree 017",42.2,1,166,70,841,0.422,0.5125,0.241,0.241,9,0.578313253012048,96,91,1114,1114,1.04590637209676,0.876508500459129,1.23839853650837,1,0,0.678,5,"1.01 to 1.25","Not Significant","0.60-0.79"
"E02004465","Brentwood 002",NA,563811,198971,51.6656,0.367266,"e68fe80d-2d12-401a-a308-4971af1dee1e",4,9.79,51.88,0.0247,0.0138,0.0288,"MediumMetro",0,1,0,0,0,"East of England",10,"Brentwood 002",57,1,235,134,1488,0.57,0.5188,0.0979,0.0979,10,0.429787234042553,101,128,1115,1115,0.802643948902652,0.675961933166698,0.946077345773107,-1,-1,0.004,1,"0.76 to 0.99","Significant Decrease","<0.01"
"E02004467","Brentwood 004",NA,559249,194742,51.629,0.299436,"f1b4c937-e58e-4dd4-8886-8525df376623",4,13.21,48.33,0.05,0.0285,0.0417,"LargeCentralMetro",0,0,0,0,0,"East of England",7,"Brentwood 004",68.6,1,159,109,1140,0.686,0.4833,0.1321,0.1321,7,0.314465408805031,50,87,1116,1116,0.666987276064613,0.540406704453329,0.814140640745466,-2,-1,0,1,"0.51 to 0.75","Significant Decrease","<0.01"
"E02004468","Brentwood 005",NA,561530,195754,51.6374,0.332829,"44b0c08e-ef48-489e-ae15-3f6acd8a3d48",1,13.84,46.92,0.0685,0.0122,0.0434,"LargeCentralMetro",0,0,0,0,0,"East of England",10,"Brentwood 005",42.94,2,484,208,3235,0.4294,0.4692,0.1384,0.1384,10,0.570247933884298,276,264,1117,1117,1.02266234943702,0.912274734536738,1.14264452104572,1,0,0.64,5,"1.01 to 1.25","Not Significant","0.60-0.79"
"E02004475","Castle Point 003",NA,577090,187957,51.5627,0.553515,"efbff148-2b01-4fa3-aa43-ef28a2c814f3",4,18.88,50.29,0.0237,0.0258,0.0198,"LargeCentralMetro",0,0,0,0,0,"East of England",10,"Castle Point 003",31.5,1,286,90,1561,0.315,0.5029,0.1888,0.1888,10,0.685314685314685,196,156,1118,1118,1.21020486337611,1.05867184578476,1.37724289381917,1,1,0.998,6,"1.01 to 1.25","Significant Increase","0.80-1.00"
"E02004478","Castle Point 006",NA,580957,186629,51.5495,0.608562,"57799704-19dd-48ad-9ceb-923fe11c8690",7,16.67,49.57,0.0211,0.0114,0.0236,"LargeCentralMetro",0,0,0,0,0,"East of England",10,"Castle Point 006",50.3,1,324,163,2108,0.503,0.4957,0.1667,0.1667,10,0.496913580246914,161,177,1119,1119,0.920188020563177,0.798007133683305,1.05568043566765,-1,0,0.114,2,"0.76 to 0.99","Not Significant","0.01-0.20"
"E02004486","Chelmsford 002",NA,569875,210508,51.7675,0.460484,"dae1eb1b-4bf1-481e-ae3a-7d589cc9258d",4,17.44,49.26,0.0957,0.0369,0.0334,"LargeCentralMetro",0,0,0,0,0,"East of England",10,"Chelmsford 002",43.1,1,195,84,1155,0.431,0.4926,0.1744,0.1744,10,0.569230769230769,111,106,1120,1120,1.02101520571554,0.862961243906087,1.19955388833417,1,0,0.581,4,"1.01 to 1.25","Not Significant","0.40-0.59"
"E02004488","Chelmsford 004",NA,572058,209276,51.7557,0.491477,"bb529706-8d33-4a0d-a904-2fb637cec71f",3,16.67,49.89,0.084,0.0398,0.0415,"LargeCentralMetro",0,0,0,0,0,"East of England",10,"Chelmsford 004",46.3,1,240,111,1409,0.463,0.4989,0.1667,0.1667,10,0.5375,129,131,1121,1121,0.968702611668267,0.8272008131726,1.12737662787518,-1,0,0.328,3,"0.76 to 0.99","Not Significant","0.20-0.39"
"E02004490","Chelmsford 006",NA,570071,208417,51.7486,0.462298,"305ab451-e2aa-402d-9ca5-beae6c31ba5b",7,16.4,49.67,0.0926,0.0564,0.0465,"LargeCentralMetro",0,0,0,0,0,"East of England",8,"Chelmsford 006",50.8,1,189,96,1210,0.508,0.4967,0.164,0.164,8,0.492063492063492,93,103,1122,1122,0.905077132769838,0.757444397418675,1.07298974736419,-1,0,0.121,2,"0.76 to 0.99","Not Significant","0.01-0.20"
"E02004495","Chelmsford 011",NA,565444,205400,51.7229,0.393902,"db4251d0-1164-4286-8c5c-fe26f6a78e45",3,34.44,47.03,0.0248,0.0088,0.0254,"Micropolitan",0,0,0,1,0,"East of England",10,"Chelmsford 011",37.8,1,90,34,640,0.378,0.4703,0.3444,0.3444,10,0.622222222222222,56,49,1123,1123,1.15669567500412,0.934673853794286,1.41550842967393,1,0,0.907,6,"1.01 to 1.25","Not Significant","0.80-1.00"
"E02004496","Chelmsford 012",NA,570193,205225,51.7199,0.462503,"a9e8b92e-5e85-41b2-8448-c7fb1f6d14ae",3,16.6,48.92,0.0705,0.0173,0.038,"LargeCentralMetro",0,0,0,0,0,"East of England",10,"Chelmsford 012",66.4,1,259,172,1670,0.664,0.4892,0.166,0.166,10,0.335907335907336,87,141,1124,1124,0.686156860749252,0.575572642028585,0.81164395218379,-2,-1,0,1,"0.51 to 0.75","Significant Decrease","<0.01"
"E02004497","Chelmsford 013",NA,574541,204752,51.7144,0.525148,"1d73ae0e-9497-4abd-be6b-4d0c8cef679f",4,12.5,49.72,0.0389,0.013,0.0231,"LargeCentralMetro",0,0,0,0,0,"East of England",10,"Chelmsford 013",42.3,1,208,88,1231,0.423,0.4972,0.125,0.125,10,0.576923076923077,120,113,1125,1125,1.02295721466773,0.868276940302513,1.19716979983288,1,0,0.593,4,"1.01 to 1.25","Not Significant","0.40-0.59"
"E02004498","Chelmsford 014",NA,572263,204677,51.7144,0.49217,"1b79194a-d3c5-41e2-826f-e036ed00a0e2",6,17.27,45.62,0.0479,0.0259,0.0365,"LargeCentralMetro",0,0,0,0,0,"East of England",9,"Chelmsford 014",55.8,1,249,139,1528,0.558,0.4562,0.1727,0.1727,9,0.441767068273092,110,136,1126,1126,0.83731726577537,0.710034946132736,0.980714739079372,-1,-1,0.014,2,"0.76 to 0.99","Significant Decrease","0.01-0.20"
"E02004503","Chelmsford 019",NA,580283,198127,51.653,0.604756,"4c02f57d-b868-4f05-817d-cfcdd72d328c",1,19.44,49.4,0.0117,0.0117,0.0197,"LargeCentralMetro",0,0,0,0,0,"East of England",10,"Chelmsford 019",38.9,1,216,84,1247,0.389,0.494,0.1944,0.1944,10,0.611111111111111,132,118,1127,1127,1.08295835381832,0.92510550937711,1.25993444765218,1,0,0.834,6,"1.01 to 1.25","Not Significant","0.80-1.00"
"E02004507","Colchester 002",NA,600999,227868,51.9131,0.921039,"6e8c946d-fb2a-4386-bb6d-12f69394992a",6,11.44,48.92,0.0627,0.0367,0.0502,"LargeCentralMetro",0,0,0,0,0,"East of England",10,"Colchester 002",58.2,1,306,178,1574,0.582,0.4892,0.1144,0.1144,10,0.418300653594771,128,167,1128,1128,0.786142127519824,0.672713771933467,0.91311901790839,-1,-1,0.001,1,"0.76 to 0.99","Significant Decrease","<0.01"
"E02004512","Colchester 007",NA,599780,225682,51.8939,0.902073,"c36fab21-d37f-429a-8740-1e72c1a19e51",8,25,49.54,0.0782,0.0367,0.0655,"LargeCentralMetro",0,0,0,0,0,"East of England",7,"Colchester 007",36.3,1,204,74,987,0.363,0.4954,0.25,0.25,7,0.637254901960784,130,111,1129,1129,1.12599120710407,0.960594252204936,1.31160555876987,1,0,0.927,6,"1.01 to 1.25","Not Significant","0.80-1.00"
"E02004514","Colchester 009",NA,597419,225348,51.8917,0.867615,"5f64c0f5-8644-4a3b-ae0b-c5245da043a3",5,15,46.13,0.066,0.0208,0.0403,"LargeCentralMetro",0,0,0,0,0,"East of England",9,"Colchester 009",61.7,1,180,111,891,0.617,0.4613,0.15,0.15,9,0.383333333333333,69,98,1130,1130,0.76121001436303,0.627504381268728,0.914838031029073,-1,-1,0.002,1,"0.76 to 0.99","Significant Decrease","<0.01"
"E02004517","Colchester 012",NA,595708,223601,51.8766,0.841792,"aca53a5c-346e-4fa6-9e4c-7e927267804c",7,15.81,49.24,0.0403,0.026,0.0276,"LargeCentralMetro",0,0,0,0,0,"East of England",10,"Colchester 012",54.4,1,272,148,1383,0.544,0.4924,0.1581,0.1581,10,0.455882352941176,124,148,1131,1131,0.862031511110427,0.736324676706822,1.00293154528915,-1,0,0.027,2,"0.76 to 0.99","Not Significant","0.01-0.20"
"E02004523","Colchester 018",NA,599627,222036,51.8612,0.897745,"9e61381a-650a-4367-808c-62082994f5d5",8,26.95,47.67,0.0354,0.0473,0.0399,"LargeCentralMetro",0,0,0,0,0,"East of England",9,"Colchester 018",41.9,1,167,70,921,0.419,0.4767,0.2695,0.2695,9,0.580838323353293,97,91,1132,1132,1.06777448964079,0.896085908606157,1.26266704321765,1,0,0.759,5,"1.01 to 1.25","Not Significant","0.60-0.79"
"E02004525","Colchester 020",NA,588806,216137,51.812,0.737576,"89545a87-1e3d-4d83-839f-22e718253184",4,15.12,50.92,0.0086,0.0057,0.0173,"MediumMetro",0,1,0,0,0,"East of England",10,"Colchester 020",42,1,205,86,1031,0.42,0.5092,0.1512,0.1512,10,0.580487804878049,119,112,1133,1133,1.02827390733348,0.872488008221548,1.20377173898083,1,0,0.617,5,"1.01 to 1.25","Not Significant","0.60-0.79"
"E02004534","Epping Forest 008",NA,539006,200103,51.6825,0.009305,"1083adaf-57f9-408f-a895-0bf36d2ddb77",3,29.55,47.55,0.0346,0.0622,0.0841,"LargeCentralMetro",0,0,0,0,0,"East of England",10,"Epping Forest 008",31.8,1,132,42,797,0.318,0.4755,0.2955,0.2955,10,0.681818181818182,90,72,1134,1134,1.17167005083419,0.973928768624493,1.39772783039912,1,0,0.953,6,"1.01 to 1.25","Not Significant","0.80-1.00"
"E02004537","Epping Forest 011",NA,544340,196850,51.6519,0.085063,"e1f8c554-f758-4e72-bb82-b43588e4b989",3,15.75,49.1,0.0414,0.0391,0.0659,"LargeCentralMetro",0,0,0,0,0,"East of England",10,"Epping Forest 011",59.15,2,362,214,2289,0.5915,0.491,0.1575,0.1575,10,0.408839779005525,148,197,1135,1135,0.770875399008706,0.66565023141815,0.887913266203121,-1,-1,0,1,"0.76 to 0.99","Significant Decrease","<0.01"
"E02004542","Epping Forest 016",NA,544705,194403,51.6298,0.089324,"ef3f85bd-c0e6-4544-8aba-3ecde22672f3",2,20.16,50.06,0.2628,0.027,0.0843,"LargeCentralMetro",0,0,0,0,0,"East of England",4,"Epping Forest 016",50.8,1,248,126,1564,0.508,0.5006,0.2016,0.2016,4,0.491935483870968,122,135,1136,1136,0.880139067502665,0.748426406881191,1.0282832898508,-1,0,0.053,2,"0.76 to 0.99","Not Significant","0.01-0.20"
"E02004546","Harlow 003",NA,545164,210661,51.7758,0.102714,"8a2748c6-be2f-4e64-8478-79321af2c02c",5,27.65,56.15,0.0807,0.0647,0.0524,"LargeCentralMetro",0,0,0,0,0,"East of England",10,"Harlow 003",44.1,1,170,75,951,0.441,0.5615,0.2765,0.2765,10,0.558823529411765,95,93,1137,1137,1.02733600877506,0.861113589293738,1.21617920864832,1,0,0.603,5,"1.01 to 1.25","Not Significant","0.60-0.79"
"E02004549","Harlow 006",NA,545554,209006,51.7608,0.10767,"c3f21175-574b-4404-b66f-d8a2f874546b",6,18.24,49.17,0.0478,0.048,0.048,"LargeCentralMetro",0,0,0,0,0,"East of England",9,"Harlow 006",38.8,1,170,66,1082,0.388,0.4917,0.1824,0.1824,9,0.611764705882353,104,93,1138,1138,1.06835696191798,0.897930128447319,1.26165537317034,1,0,0.763,5,"1.01 to 1.25","Not Significant","0.60-0.79"
"E02004551","Harlow 008",NA,547077,208517,51.756,0.129515,"a35dddf9-9ee8-462a-967d-4ce3e1ef81c4",6,28.63,49.54,0.0326,0.0466,0.0509,"LargeCentralMetro",0,0,0,0,0,"East of England",9,"Harlow 008",21.4,1,234,50,1205,0.214,0.4954,0.2863,0.2863,9,0.786324786324786,184,128,1139,1139,1.36795238177721,1.19142731915705,1.5631587776774,2,1,1,6,"1.26 to 1.50","Significant Increase","0.80-1.00"
"E02004553","Harlow 010",NA,545433,207697,51.7491,0.10537,"55741b64-768a-49a4-a983-005110c19676",6,27.62,47.72,0.0408,0.075,0.0562,"LargeCentralMetro",0,0,0,0,0,"East of England",10,"Harlow 010",31,1,210,65,989,0.31,0.4772,0.2762,0.2762,10,0.69047619047619,145,115,1140,1140,1.217123362487,1.04576069315959,1.40845777492907,1,1,0.995,6,"1.01 to 1.25","Significant Increase","0.80-1.00"
"E02004558","Maldon 004",NA,585842,206483,51.7263,0.68947,"dfc481a4-2fed-419d-bb82-8d853cb66512",7,22.49,48.99,0.0197,0.003,0.0242,"LargeCentralMetro",0,0,0,0,0,"East of England",9,"Maldon 004",37,1,289,107,1786,0.37,0.4899,0.2249,0.2249,9,0.629757785467128,182,158,1141,1141,1.13119339233103,0.986439507270303,1.29110796306916,1,0,0.961,6,"1.01 to 1.25","Not Significant","0.80-1.00"
"E02004562","Maldon 008",NA,597781,196909,51.6362,0.856694,"715d965f-d5b2-4ac7-a83f-22fb2c1cb5e9",4,16.37,46.8,0.011,0.0036,0.0176,"Noncore",0,0,0,0,1,"East of England",9,"Maldon 008",29.2,1,171,50,1077,0.292,0.468,0.1637,0.1637,9,0.707602339181287,121,93,1142,1142,1.22322908091931,1.03625400205263,1.43412188312762,1,1,0.992,6,"1.01 to 1.25","Significant Increase","0.80-1.00"
"E02004564","Rochford 002",NA,585899,194207,51.616,0.683766,"1271e62d-71f0-4aac-91b6-a9a5e8cc4d02",5,27.54,51.26,0.0121,0.0057,0.0169,"LargeCentralMetro",0,0,0,0,0,"East of England",9,"Rochford 002",22.5,1,236,53,1354,0.225,0.5126,0.2754,0.2754,9,0.775423728813559,183,129,1143,1143,1.35945767882368,1.18413795481378,1.55331463303262,2,1,1,6,"1.26 to 1.50","Significant Increase","0.80-1.00"
"E02004568","Rochford 006",NA,578633,192951,51.6071,0.578292,"a6658c46-c88d-4315-8b40-48ec59a32a3e",4,17.41,51.55,0.0164,0.0079,0.0253,"LargeCentralMetro",0,0,0,0,0,"East of England",10,"Rochford 006",46.6,1,247,115,1422,0.466,0.5155,0.1741,0.1741,10,0.534412955465587,132,135,1144,1144,0.972027586675902,0.831823000548407,1.12899987843209,-1,0,0.343,3,"0.76 to 0.99","Not Significant","0.20-0.39"
"E02004570","Rochford 008",NA,579773,190531,51.585,0.593497,"17621e26-5782-4f07-8c09-0448cd30d570",4,12.8,48.96,0.0165,0.0087,0.0244,"LargeCentralMetro",0,0,0,0,0,"East of England",9,"Rochford 008",41.2,1,289,119,1787,0.412,0.4896,0.128,0.128,9,0.588235294117647,170,158,1145,1145,1.04143758593771,0.903709498333216,1.19413440561422,1,0,0.703,5,"1.01 to 1.25","Not Significant","0.60-0.79"
"E02004575","Tendring 003",NA,612833,227039,51.9012,1.09232,"586f367c-616d-41f6-b57c-6dc859b8f012",5,12.64,52.13,0.0051,0.0031,0.0183,"MediumMetro",0,1,0,0,0,"East of England",10,"Tendring 003",52.7,1,182,96,917,0.527,0.5213,0.1264,0.1264,10,0.472527472527473,86,99,1146,1146,0.876757534924264,0.730069428548629,1.04418253748726,-1,0,0.068,2,"0.76 to 0.99","Not Significant","0.01-0.20"
"E02004580","Tendring 008",NA,622202,220200,51.8362,1.22389,"f66c4139-f8f9-4254-b5ce-b9e0c36ad035",5,28.62,51.93,0.0092,0.0042,0.0153,"LargeFringeMetro",1,0,0,0,0,"East of England",9,"Tendring 008",30.6,1,297,91,1554,0.306,0.5193,0.2862,0.2862,9,0.693602693602694,206,162,1147,1147,1.2603311190067,1.10740463081461,1.42835615210449,2,1,1,6,"1.26 to 1.50","Significant Increase","0.80-1.00"
"E02004585","Tendring 013",NA,615678,216952,51.8096,1.12733,"e0e01b04-6025-492c-b9e9-3d801343af86",8,54.66,50.59,0.0124,0.0083,0.0182,"LargeCentralMetro",0,0,0,0,0,"East of England",10,"Tendring 013",15,1,247,37,1516,0.15,0.5059,0.5466,0.5466,10,0.850202429149798,210,135,1148,1148,1.55868992149816,1.3719135178747,1.76364625795772,3,1,1,6,"1.51 to 1.75","Significant Increase","0.80-1.00"
"E02004586","Tendring 014",NA,618313,215878,51.7989,1.16481,"e972df20-feb3-4010-b655-3e6d5b6b6ed5",9,30.07,49.62,0.0179,0.0087,0.0207,"LargeCentralMetro",0,0,0,0,0,"East of England",10,"Tendring 014",30.1,1,276,83,1854,0.301,0.4962,0.3007,0.3007,10,0.699275362318841,193,151,1149,1149,1.2617928745058,1.10439852613602,1.4352100505486,2,1,1,6,"1.26 to 1.50","Significant Increase","0.80-1.00"
"E02004591","Uttlesford 001",NA,556520,241260,52.0476,0.281071,"de159e88-5b70-4fff-8544-616729e09b71",2,10.89,51.68,0.0189,0.0045,0.0236,"LargeFringeMetro",1,0,0,0,0,"East of England",10,"Uttlesford 001",66.3,1,303,201,2119,0.663,0.5168,0.1089,0.1089,10,0.336633663366337,102,165,1150,1150,0.682989832182837,0.57858734601123,0.800644749649821,-2,-1,0,1,"0.51 to 0.75","Significant Decrease","<0.01"
"E02004593","Uttlesford 003",NA,549114,236256,52.0047,0.170978,"07da7f6a-3442-4768-bb8e-9a6e01019fdc",2,15.08,43.29,0.0104,0.0045,0.0231,"Micropolitan",0,0,0,1,0,"East of England",9,"Uttlesford 003",47.5,1,179,85,968,0.475,0.4329,0.1508,0.1508,9,0.525139664804469,94,98,1151,1151,0.946646721641987,0.791407306899019,1.1233568901623,-1,0,0.254,3,"0.76 to 0.99","Not Significant","0.20-0.39"
"E02004596","Uttlesford 006",NA,557219,223156,51.8848,0.282974,"ce6caafc-4c26-4730-addd-4dae889eddf2",3,37.18,50.42,0.0256,0.0131,0.0394,"Micropolitan",0,0,0,1,0,"East of England",10,"Uttlesford 006",34.6,1,78,27,472,0.346,0.5042,0.3718,0.3718,10,0.653846153846154,51,43,1152,1152,1.18793380133924,0.952977793112758,1.46323211018923,1,0,0.936,6,"1.01 to 1.25","Not Significant","0.80-1.00"
"E02004602","Cheltenham 003",NA,391910,223567,51.9106,-2.11901,"c5cd3cd1-3310-4f6d-bde9-85068c9d6675",7,36.93,50.64,0.0343,0.0156,0.0316,"LargeCentralMetro",0,0,0,0,0,"South West",10,"Cheltenham 003",32.4,1,176,57,1102,0.324,0.5064,0.3693,0.3693,10,0.676136363636364,119,96,1153,1153,1.23742725039523,1.05221401940579,1.44572827451831,1,1,0.995,6,"1.01 to 1.25","Significant Increase","0.80-1.00"
"E02004603","Cheltenham 004",NA,394518,223337,51.9086,-2.08109,"0bee7801-f7de-41c0-86ad-ccb42adcbd0e",6,26.35,50.82,0.0596,0.0178,0.0455,"LargeCentralMetro",0,0,0,0,0,"South West",10,"Cheltenham 004",44.3,1,167,74,858,0.443,0.5082,0.2635,0.2635,10,0.55688622754491,93,91,1154,1154,1.02796122803554,0.860496081202426,1.21839505685958,1,0,0.604,5,"1.01 to 1.25","Not Significant","0.60-0.79"
"E02004610","Cheltenham 011",NA,393731,221128,51.8887,-2.09249,"8c1f211d-d4dc-43ea-b49c-fa16a3900fad",4,20.13,50.54,0.0347,0.0084,0.0302,"LargeCentralMetro",0,0,0,0,0,"South West",10,"Cheltenham 011",47.2,1,303,143,1862,0.472,0.5054,0.2013,0.2013,10,0.528052805280528,160,165,1155,1155,0.970500848445348,0.840787150795701,1.11445851388644,-1,0,0.325,3,"0.76 to 0.99","Not Significant","0.20-0.39"
"E02004611","Cheltenham 012",NA,397525,220382,51.882,-2.03735,"559460d4-ef46-44d8-bd38-9a89050bba54",4,7.73,51.29,0.0326,0.0067,0.0321,"LargeCentralMetro",0,0,0,0,0,"South West",10,"Cheltenham 012",66.5,1,194,129,1429,0.665,0.5129,0.0773,0.0773,10,0.335051546391753,65,106,1156,1156,0.679178685915006,0.558467005872334,0.818102169039745,-2,-1,0,1,"0.51 to 0.75","Significant Decrease","<0.01"
"E02004615","Cotswold 001",NA,416027,239838,52.0567,-1.76766,"53b077ea-4b93-47dd-88e0-8009e1fa10d9",3,17.26,51.45,0.0056,0.0025,0.0128,"Noncore",0,0,0,0,1,"South West",9,"Cotswold 001",51.8,1,226,117,1479,0.518,0.5145,0.1726,0.1726,9,0.482300884955752,109,123,1157,1157,0.911388295720157,0.771337053922575,1.06939884411299,-1,0,0.124,2,"0.76 to 0.99","Not Significant","0.01-0.20"
"E02004617","Cotswold 003",NA,414225,222653,51.9022,-1.79464,"a5b65878-3d25-4bde-991c-4ce52516b050",4,17.96,50.87,0.0124,0.0045,0.0194,"MediumMetro",0,1,0,0,0,"South West",10,"Cotswold 003",54.9,1,206,113,1500,0.549,0.5087,0.1796,0.1796,10,0.451456310679612,93,112,1158,1158,0.86001302455822,0.721140962149812,1.01771564906037,-1,0,0.039,2,"0.76 to 0.99","Not Significant","0.01-0.20"
"E02004620","Cotswold 006",NA,402027,202848,51.7243,-1.97205,"f6b8eca3-8157-487a-8807-1e03e4f41b0d",3,15.82,49.88,0.0126,0.0068,0.0195,"LargeCentralMetro",0,0,0,0,0,"South West",9,"Cotswold 006",45.6,1,158,72,806,0.456,0.4988,0.1582,0.1582,9,0.544303797468354,86,86,1159,1159,0.976388239992987,0.811407406236697,1.16498994497152,-1,0,0.379,3,"0.76 to 0.99","Not Significant","0.20-0.39"
"E02004621","Cotswold 007",NA,399553,202282,51.7193,-2.00786,"cb28db83-8fb6-4ae3-8724-e586f75cb975",5,14.81,49.16,0.0318,0.0083,0.0225,"LargeCentralMetro",0,0,0,0,0,"South West",9,"Cotswold 007",56.1,1,189,106,1017,0.561,0.4916,0.1481,0.1481,9,0.439153439153439,83,103,1160,1160,0.837376855235627,0.697143638897404,0.997427995833105,-1,-1,0.023,2,"0.76 to 0.99","Significant Decrease","0.01-0.20"
"E02004623","Cotswold 009",NA,417350,201199,51.7093,-1.75029,"9cd30f77-5084-4939-b9ab-ca64dbfc843d",3,11.9,49.04,0.0131,0.0031,0.0185,"Micropolitan",0,0,0,1,0,"South West",10,"Cotswold 009",48.8,1,168,82,1042,0.488,0.4904,0.119,0.119,10,0.511904761904762,86,92,1161,1161,0.92605178475965,0.769732181148584,1.10471470608251,-1,0,0.189,2,"0.76 to 0.99","Not Significant","0.01-0.20"
"E02004625","Cotswold 011",NA,386155,193694,51.6419,-2.20147,"46300059-f158-47e0-aab9-1f58bba5b1e0",3,19.39,50.6,0.0099,0.0033,0.0216,"SmallMetro",0,0,1,0,0,"South West",10,"Cotswold 011",42.9,1,98,42,500,0.429,0.506,0.1939,0.1939,10,0.571428571428571,56,53,1162,1162,1.05135619988928,0.849078124348217,1.28726191636604,1,0,0.662,5,"1.01 to 1.25","Not Significant","0.60-0.79"
"E02004627","Forest of Dean 002",NA,371234,226314,51.9346,-2.41981,"45c7790c-8d06-4d4f-8d6a-5296dd0d5529",3,20.65,47.22,0.0064,0.0049,0.0226,"MediumMetro",0,1,0,0,0,"South West",9,"Forest of Dean 002",34.2,1,184,63,1063,0.342,0.4722,0.2065,0.2065,9,0.657608695652174,121,100,1163,1163,1.14662071944395,0.972607122127689,1.34271219629229,1,0,0.947,6,"1.01 to 1.25","Not Significant","0.80-1.00"
"E02004628","Forest of Dean 003",NA,363820,217919,51.8587,-2.52676,"316aa098-d6a0-4a45-a983-ece5b3918b3d",6,19.16,49.4,0.0052,0.0018,0.0096,"MediumMetro",0,1,0,0,0,"South West",10,"Forest of Dean 003",59.9,1,167,100,1006,0.599,0.494,0.1916,0.1916,10,0.401197604790419,67,91,1164,1164,0.812893009381548,0.669506376755807,0.977730928991507,-1,-1,0.014,2,"0.76 to 0.99","Significant Decrease","0.01-0.20"
"E02004629","Forest of Dean 004",NA,364926,212755,51.8123,-2.51017,"ee20d9f6-0515-4f48-a300-a11a58e5fd06",7,35.56,47.86,0.0104,0.0021,0.0191,"LargeFringeMetro",1,0,0,0,0,"South West",9,"Forest of Dean 004",33.3,1,45,15,257,0.333,0.4786,0.3556,0.3556,9,0.666666666666667,30,25,1165,1165,1.26061876941612,0.980805629398199,1.59544368225766,2,0,0.964,6,"1.26 to 1.50","Not Significant","0.80-1.00"
"E02004634","Forest of Dean 009",NA,362089,202952,51.724,-2.55025,"c4bdb576-993f-435f-95b0-5ce1d4f89cb4",8,31.11,49.32,0.0077,0.0027,0.0131,"SmallMetro",0,0,1,0,0,"South West",10,"Forest of Dean 009",32.2,1,90,29,734,0.322,0.4932,0.3111,0.3111,10,0.677777777777778,61,49,1166,1166,1.25781109099062,1.02282118215095,1.53053198558985,2,1,0.985,6,"1.26 to 1.50","Significant Increase","0.80-1.00"
"E02004635","Forest of Dean 010",NA,356823,199543,51.693,-2.62606,"f6d0bb29-eb19-4426-acb6-2126ad08fda7",4,11.76,55.24,0.0117,0.008,0.0199,"LargeCentralMetro",0,0,0,0,0,"South West",10,"Forest of Dean 010",44.7,1,170,76,1068,0.447,0.5524,0.1176,0.1176,10,0.552941176470588,94,93,1167,1167,0.978065525902838,0.817170051993582,1.16131093476276,-1,0,0.384,3,"0.76 to 0.99","Not Significant","0.20-0.39"
"E02004647","Gloucester 012",NA,383163,214970,51.8331,-2.24574,"b7cfbfe3-8af8-4c0e-bca2-cdcb19948b3a",8,23.63,45.7,0.0235,0.0338,0.0462,"LargeCentralMetro",0,0,0,0,0,"South West",5,"Gloucester 012",43,1,237,102,1534,0.43,0.457,0.2363,0.2363,5,0.569620253164557,135,129,1168,1168,1.02870355918593,0.880947132559327,1.19405655122322,1,0,0.627,5,"1.01 to 1.25","Not Significant","0.60-0.79"
"E02004650","Gloucester 015",NA,381346,213378,51.8187,-2.27203,"693ce326-0c2a-4f19-b9bd-6be1071784a3",6,22.27,48.85,0.0276,0.0343,0.0534,"LargeCentralMetro",0,0,0,0,0,"South West",4,"Gloucester 015",46.5,1,256,119,1347,0.465,0.4885,0.2227,0.2227,4,0.53515625,137,140,1169,1169,0.962968255509014,0.8254939671902,1.11670229157801,-1,0,0.298,3,"0.76 to 0.99","Not Significant","0.20-0.39"
"E02004652","Stroud 002",NA,389415,208436,51.7745,-2.15481,"7ac46d30-c029-4776-8546-d1ea89287ac5",3,17.04,45.71,0.0088,0.0028,0.0198,"LargeCentralMetro",0,0,0,0,0,"South West",10,"Stroud 002",52.6,1,135,71,722,0.526,0.4571,0.1704,0.1704,10,0.474074074074074,64,74,1170,1170,0.89199085276815,0.729164218887843,1.0802401091692,-1,0,0.116,2,"0.76 to 0.99","Not Significant","0.01-0.20"
"E02004654","Stroud 004",NA,383193,205939,51.7519,-2.24487,"992e8855-295b-4cb4-a620-33ad16f6ffe8",4,23.29,50.33,0.0115,0.0037,0.0237,"LargeCentralMetro",0,0,0,0,0,"South West",7,"Stroud 004",40.4,1,146,59,1045,0.404,0.5033,0.2329,0.2329,7,0.595890410958904,87,80,1171,1171,1.05524489781073,0.877377858083954,1.25851151310569,1,0,0.704,5,"1.01 to 1.25","Not Significant","0.60-0.79"
"E02004655","Stroud 005",NA,380309,205442,51.7473,-2.28662,"7a6da050-5d55-4dfb-b7ea-4a1d25dc9623",5,15.56,49.45,0.0164,0.0076,0.0243,"LargeCentralMetro",0,0,0,0,0,"South West",10,"Stroud 005",41.5,1,135,56,726,0.415,0.4945,0.1556,0.1556,10,0.585185185185185,79,74,1172,1172,1.02680411741719,0.847541320212928,1.23272915545392,1,0,0.59,4,"1.01 to 1.25","Not Significant","0.40-0.59"
"E02004664","Stroud 014",NA,375675,198127,51.6814,-2.35323,"d3bb54e2-1931-42ae-b6d6-bf76938bbed2",7,14.8,48.86,0.0104,0.0042,0.0214,"LargeCentralMetro",0,0,0,0,0,"South West",10,"Stroud 014",42.9,1,196,84,1232,0.429,0.4886,0.148,0.148,10,0.571428571428571,112,107,1173,1173,1.02392337631484,0.866089672483253,1.20211283786927,1,0,0.594,4,"1.01 to 1.25","Not Significant","0.40-0.59"
"E02004665","Stroud 015",NA,376579,192601,51.6317,-2.33978,"f674768a-5dac-4ac9-ad41-a3d1b8738f74",3,11.57,50.66,0.0063,0.0023,0.0165,"Noncore",0,0,0,0,1,"South West",9,"Stroud 015",59.9,1,242,145,1510,0.599,0.5066,0.1157,0.1157,9,0.400826446280992,97,132,1174,1174,0.77919523667394,0.655663156379415,0.919113298911563,-1,-1,0.002,1,"0.76 to 0.99","Significant Decrease","<0.01"
"E02004666","Tewkesbury 001",NA,392624,232693,51.9926,-2.10882,"fab97208-0661-495f-8f26-d87b8bda1cdb",3,18.52,44.4,0.0159,0.0054,0.0158,"LargeCentralMetro",0,0,0,0,0,"South West",10,"Tewkesbury 001",39.2,1,189,74,1108,0.392,0.444,0.1852,0.1852,10,0.608465608465608,115,103,1175,1175,1.08108834267811,0.915387036666431,1.26803210709858,1,0,0.815,6,"1.01 to 1.25","Not Significant","0.80-1.00"
"E02004668","Tewkesbury 003",NA,404376,230083,51.9692,-1.9377,"55d5cb34-efe4-4295-b190-e5a4b3300013",3,27.55,48.48,0.0053,0.0016,0.0145,"MediumMetro",0,1,0,0,0,"South West",10,"Tewkesbury 003",31.6,1,98,31,528,0.316,0.4848,0.2755,0.2755,10,0.683673469387755,67,53,1176,1176,1.1918681284716,0.971160942283892,1.44774126517057,1,0,0.953,6,"1.01 to 1.25","Not Significant","0.80-1.00"
"E02004672","Tewkesbury 007",NA,387884,220287,51.881,-2.17742,"8e2edd71-7b51-40f5-a69d-d21064761e61",5,15.16,48.74,0.036,0.0094,0.0275,"LargeCentralMetro",0,0,0,0,0,"South West",9,"Tewkesbury 007",53.48,2,488,261,2739,0.5348,0.4874,0.1516,0.1516,9,0.46516393442623,227,266,1177,1177,0.861438317998399,0.76182743227065,0.970368639086544,-1,-1,0.007,1,"0.76 to 0.99","Significant Decrease","<0.01"
"E02004677","Basingstoke and Deane 003",NA,445028,158190,51.321,-1.35521,"1a7e259d-bcda-43d2-ab67-d096ff17521c",4,23.86,52.14,0.0153,0.0045,0.0226,"Micropolitan",0,0,0,1,0,"South East",10,"Basingstoke and Deane 003",42,1,88,37,468,0.42,0.5214,0.2386,0.2386,10,0.579545454545455,51,48,1178,1178,1.05743444170582,0.848087671213728,1.30277380687773,1,0,0.675,5,"1.01 to 1.25","Not Significant","0.60-0.79"
"E02004678","Basingstoke and Deane 004",NA,454225,158248,51.3208,-1.22323,"bfd9a5e8-2a8e-4be7-b614-8f68493cb007",6,13.33,47.83,0.0176,0.0065,0.014,"LargeCentralMetro",0,0,0,0,0,"South East",10,"Basingstoke and Deane 004",40.6,1,180,73,1014,0.406,0.4783,0.1333,0.1333,10,0.594444444444444,107,98,1179,1179,1.05255082385435,0.886790679180228,1.24022665365089,1,0,0.71,5,"1.01 to 1.25","Not Significant","0.60-0.79"
"E02004683","Basingstoke and Deane 009",NA,463132,153065,51.2733,-1.09635,"07f57b04-b9a7-4843-aa8b-298ef1eabf56",9,31.25,49.87,0.1227,0.0327,0.0585,"LargeCentralMetro",0,0,0,0,0,"South East",9,"Basingstoke and Deane 009",37.5,1,144,54,746,0.375,0.4987,0.3125,0.3125,9,0.625,90,79,1180,1180,1.12898461130216,0.942006960305677,1.34211133367337,1,0,0.903,6,"1.01 to 1.25","Not Significant","0.80-1.00"
"E02004685","Basingstoke and Deane 011",NA,464329,151670,51.2606,-1.07945,"fa523d69-efce-4cd3-95ea-a02b805e4a4a",9,15.2,48.61,0.1364,0.026,0.0589,"LargeCentralMetro",0,0,0,0,0,"South East",7,"Basingstoke and Deane 011",49.6,1,250,124,1222,0.496,0.4861,0.152,0.152,7,0.504,126,136,1181,1181,0.916223887384698,0.781415549569083,1.06752190864455,-1,0,0.127,2,"0.76 to 0.99","Not Significant","0.01-0.20"
"E02004686","Basingstoke and Deane 012",NA,463219,151762,51.2615,-1.09534,"b76030ac-5eee-433d-9dee-6303129e10c1",8,35.04,49.44,0.1663,0.0258,0.0669,"LargeCentralMetro",0,0,0,0,0,"South East",7,"Basingstoke and Deane 012",41.9,1,117,49,987,0.419,0.4944,0.3504,0.3504,7,0.581196581196581,68,64,1182,1182,1.07324462219528,0.879814237717425,1.29646241359372,1,0,0.747,5,"1.01 to 1.25","Not Significant","0.60-0.79"
"E02004688","Basingstoke and Deane 014",NA,461844,151327,51.2578,-1.11511,"00e676c3-9451-49fb-b9af-f0fdcf64442e",9,12.28,51.74,0.0772,0.0183,0.0415,"LargeCentralMetro",0,0,0,0,0,"South East",9,"Basingstoke and Deane 014",68.4,1,171,117,891,0.684,0.5174,0.1228,0.1228,9,0.31578947368421,54,93,1183,1183,0.681632676413793,0.555489279256375,0.827671653903019,-2,-1,0,1,"0.51 to 0.75","Significant Decrease","<0.01"
"E02004694","Basingstoke and Deane 020",NA,443766,151521,51.2612,-1.37414,"640c2ee1-6925-45b1-b6df-daa6bbd47157",8,10.44,50.96,0.0106,0.0021,0.0167,"MediumMetro",0,1,0,0,0,"South East",10,"Basingstoke and Deane 020",53.8,1,182,98,940,0.538,0.5096,0.1044,0.1044,10,0.461538461538462,84,99,1184,1184,0.863378404170831,0.718116607766904,1.02930028700528,-1,0,0.05,2,"0.76 to 0.99","Not Significant","0.01-0.20"
"E02004697","East Hampshire 001",NA,474073,142376,51.1758,-0.94174,"4858dfbd-7736-42d5-8b9c-9554fb461674",6,21.05,48.78,0.0108,0.0066,0.0184,"LargeCentralMetro",0,0,0,0,0,"South East",2,"East Hampshire 001",51.5,1,171,88,781,0.515,0.4878,0.2105,0.2105,2,0.485380116959064,83,93,1185,1185,0.899465607413527,0.747305247049863,1.07341087243481,-1,0,0.116,2,"0.76 to 0.99","Not Significant","0.01-0.20"
"E02004699","East Hampshire 003",NA,470687,139181,51.1475,-0.9908,"76bbb55b-e4c0-4700-94dd-13b68b9fda5d",7,16.67,50.15,0.0188,0.0046,0.0183,"LargeCentralMetro",0,0,0,0,0,"South East",2,"East Hampshire 003",50,1,198,99,991,0.5,0.5015,0.1667,0.1667,2,0.5,99,108,1186,1186,0.9063248761054,0.760934365157988,1.07132393808039,-1,0,0.12,2,"0.76 to 0.99","Not Significant","0.01-0.20"
"E02004700","East Hampshire 004",NA,483730,137514,51.1308,-0.80476,"70abbf29-3c95-45a6-b69f-82701158ecca",7,31.85,46.94,0.0553,0.0168,0.0375,"LargeCentralMetro",0,0,0,0,0,"South East",7,"East Hampshire 004",32.6,1,135,44,882,0.326,0.4694,0.3185,0.3185,7,0.674074074074074,91,74,1187,1187,1.19176902016351,0.993740335577234,1.41762258652664,1,0,0.971,6,"1.01 to 1.25","Not Significant","0.80-1.00"
"E02004705","East Hampshire 009",NA,483884,132836,51.0887,-0.80364,"7c4717ee-6a8c-4d5d-9c47-caad2f01c173",6,8.55,50.32,0.0194,0.0042,0.0254,"MediumMetro",0,1,0,0,0,"South East",7,"East Hampshire 009",68.1,1,304,207,1870,0.681,0.5032,0.0855,0.0855,7,0.319078947368421,97,166,1188,1188,0.635886455770325,0.53641081612787,0.748337394762384,-2,-1,0,1,"0.51 to 0.75","Significant Decrease","<0.01"
"E02004708","East Hampshire 012",NA,475440,122979,51.0013,-0.92624,"d8afe79a-13ad-491e-830a-48b48b20f039",6,8.63,48.73,0.0232,0.0068,0.0212,"LargeCentralMetro",0,0,0,0,0,"South East",3,"East Hampshire 012",63.5,1,255,162,1381,0.635,0.4873,0.0863,0.0863,3,0.364705882352941,93,139,1189,1189,0.700090544693779,0.587542256428667,0.827813279471993,-2,-1,0,1,"0.51 to 0.75","Significant Decrease","<0.01"
"E02004710","East Hampshire 014",NA,468768,114636,50.9271,-1.02288,"35fcb557-3b1d-42f8-932e-dbda63971d0f",6,20.35,47.87,0.0143,0.0021,0.0117,"LargeCentralMetro",0,0,0,0,0,"South East",6,"East Hampshire 014",45.6,1,226,103,1268,0.456,0.4787,0.2035,0.2035,6,0.544247787610619,123,123,1190,1190,0.993871929862344,0.846691239137599,1.15918315013352,-1,0,0.453,4,"0.76 to 0.99","Not Significant","0.40-0.59"
"E02004712","Eastleigh 001",NA,443675,121878,50.9946,-1.37903,"6d422320-acd9-4bdd-bd9f-9bc6114bb057",4,8.28,48.04,0.0793,0.0063,0.0364,"LargeCentralMetro",0,0,0,0,0,"South East",10,"Eastleigh 001",72.8,1,290,211,1451,0.728,0.4804,0.0828,0.0828,10,0.272413793103448,79,158,1191,1191,0.578748038430809,0.483593227064253,0.686992441341395,-2,-1,0,1,"0.51 to 0.75","Significant Decrease","<0.01"
"E02004713","Eastleigh 002",NA,445288,120964,50.9863,-1.35616,"175858ef-f6a7-4206-8be3-2156ca707d67",6,16.98,50.37,0.0549,0.0102,0.028,"LargeCentralMetro",0,0,0,0,0,"South East",10,"Eastleigh 002",46.2,1,212,98,1094,0.462,0.5037,0.1698,0.1698,10,0.537735849056604,114,116,1192,1192,0.977336702057363,0.828570975926626,1.14500396677658,-1,0,0.374,3,"0.76 to 0.99","Not Significant","0.20-0.39"
"E02004715","Eastleigh 004",NA,445710,120005,50.9776,-1.35027,"230163d7-55cc-4381-9d1f-ba8d4dcb49df",7,41.16,51.65,0.0453,0.0098,0.0326,"LargeCentralMetro",0,0,0,0,0,"South East",8,"Eastleigh 004",27.2,1,294,80,1489,0.272,0.5165,0.4116,0.4116,8,0.727891156462585,214,160,1193,1193,1.32617261600694,1.16784463179744,1.49985652247744,2,1,1,6,"1.26 to 1.50","Significant Increase","0.80-1.00"
"E02004719","Eastleigh 008",NA,449742,118035,50.9596,-1.29311,"25e92c9b-b374-4e99-8baf-a04ea0b32fc3",6,18.87,49.74,0.0192,0.0042,0.0141,"LargeCentralMetro",0,0,0,0,0,"South East",10,"Eastleigh 008",43.8,1,265,116,1331,0.438,0.4974,0.1887,0.1887,10,0.562264150943396,149,145,1194,1194,1.02339735354282,0.882515014734309,1.18027082203453,1,0,0.608,5,"1.01 to 1.25","Not Significant","0.60-0.79"
"E02004722","Eastleigh 011",NA,450756,112813,50.9126,-1.2794,"1422868d-0054-4a68-99a7-17aa417d9279",9,17.8,50.33,0.0241,0.0041,0.0204,"LargeCentralMetro",0,0,0,0,0,"South East",10,"Eastleigh 011",51.3,1,427,219,1800,0.513,0.5033,0.178,0.178,10,0.48711943793911,208,233,1195,1195,0.908182593806988,0.799623185736793,1.0272705613848,-1,0,0.062,2,"0.76 to 0.99","Not Significant","0.01-0.20"
"E02004726","Eastleigh 015",NA,447195,108285,50.8721,-1.33063,"fb8d6a3d-ecb5-4b3e-8c07-735b3b889501",7,17.35,45.68,0.0143,0.007,0.0191,"LargeCentralMetro",0,0,0,0,0,"South East",10,"Eastleigh 015",52.6,1,196,103,1099,0.526,0.4568,0.1735,0.1735,10,0.474489795918367,93,107,1196,1196,0.899296367557076,0.754182487699272,1.06407126702022,-1,0,0.105,2,"0.76 to 0.99","Not Significant","0.01-0.20"
"E02004729","Fareham 003",NA,455478,107298,50.8625,-1.21307,"f4462015-2dee-4777-8b29-8c171a91c320",8,22.78,50.58,0.0224,0.0061,0.0166,"LargeCentralMetro",0,0,0,0,0,"South East",9,"Fareham 003",43,1,158,68,856,0.43,0.5058,0.2278,0.2278,9,0.569620253164557,90,86,1197,1197,1.04896376516363,0.875952718069548,1.24604490668519,1,0,0.686,5,"1.01 to 1.25","Not Significant","0.60-0.79"
"E02004732","Fareham 006",NA,450742,104708,50.8397,-1.28072,"34be7e6e-0a83-486b-af44-1c64dce3f858",6,13.13,49.92,0.0137,0.0024,0.0196,"LargeCentralMetro",0,0,0,0,0,"South East",10,"Fareham 006",53.9,1,358,193,1805,0.539,0.4992,0.1313,0.1313,10,0.460893854748603,165,195,1198,1198,0.85950944441812,0.746663147550724,0.984494803854384,-1,-1,0.014,2,"0.76 to 0.99","Significant Decrease","0.01-0.20"
"E02004734","Fareham 008",NA,459072,106228,50.8526,-1.16218,"ba8a5da1-0acf-4415-85bb-fff5ecebfb8a",8,12.86,48.34,0.0255,0.0074,0.0221,"LargeCentralMetro",0,0,0,0,0,"South East",10,"Fareham 008",63.1,1,241,152,1237,0.631,0.4834,0.1286,0.1286,10,0.369294605809129,89,131,1199,1199,0.741008551859372,0.621723045181224,0.876366387049348,-2,-1,0,1,"0.51 to 0.75","Significant Decrease","<0.01"
"E02004737","Fareham 011",NA,456742,105541,50.8466,-1.19539,"b12d81c5-21de-4fe8-a4b8-ceb3236e7d02",8,33.89,49.89,0.0317,0.0075,0.0226,"LargeCentralMetro",0,0,0,0,0,"South East",10,"Fareham 011",31.1,1,180,56,884,0.311,0.4989,0.3389,0.3389,10,0.688888888888889,124,98,1200,1200,1.25404554935277,1.06867696972017,1.46220598377515,2,1,0.997,6,"1.26 to 1.50","Significant Increase","0.80-1.00"
"E02004738","Fareham 012",NA,461580,104899,50.8403,-1.12678,"b123abb2-3dcc-46b8-9998-e935c3321cff",8,28.68,50.58,0.0101,0.006,0.0154,"LargeCentralMetro",0,0,0,0,0,"South East",10,"Fareham 012",33.8,1,136,46,692,0.338,0.5058,0.2868,0.2868,10,0.661764705882353,90,74,1201,1201,1.19843538757669,0.999616467476761,1.42512089687978,1,0,0.975,6,"1.01 to 1.25","Not Significant","0.80-1.00"
"E02004741","Gosport 001",NA,458292,103706,50.8299,-1.17367,"d2f5a764-f5c7-4f85-a6fc-5303359431dc",9,31.43,48.67,0.0137,0.0067,0.0156,"LargeCentralMetro",0,0,0,0,0,"South East",9,"Gosport 001",20.7,1,140,29,791,0.207,0.4867,0.3143,0.3143,9,0.792857142857143,111,76,1202,1202,1.38991614336531,1.1728734415417,1.63539621254322,2,1,1,6,"1.26 to 1.50","Significant Increase","0.80-1.00"
"E02004749","Gosport 009",NA,459307,99033,50.7878,-1.16001,"98aba8dd-2ad0-4ea2-96a2-14cbdde302f7",9,20.64,49.13,0.013,0.0063,0.0169,"LargeCentralMetro",0,0,0,0,0,"South East",10,"Gosport 009",40.7,1,344,140,2003,0.407,0.4913,0.2064,0.2064,10,0.593023255813954,204,188,1203,1203,1.08032696041796,0.94901624743011,1.22462369825465,1,0,0.876,6,"1.01 to 1.25","Not Significant","0.80-1.00"
"E02004752","Hart 002",NA,478555,160724,51.3402,-0.87362,"e9d2c53d-4e04-4738-b964-8bd7b26d1f71",2,12.25,50.56,0.0189,0.0052,0.0223,"LargeCentralMetro",0,0,0,0,0,"South East",10,"Hart 002",47.5,1,204,97,1329,0.475,0.5056,0.1225,0.1225,10,0.524509803921569,107,111,1204,1204,0.942710070291452,0.794982520924655,1.10984791545466,-1,0,0.23,3,"0.76 to 0.99","Not Significant","0.20-0.39"
"E02004757","Hart 007",NA,481634,154142,51.2806,-0.83093,"9b94dcd4-2783-4ed3-bd4a-ade4b3053080",2,8.81,47.57,0.0288,0.0043,0.0288,"LargeCentralMetro",0,0,0,0,0,"South East",10,"Hart 007",59.9,1,227,136,1133,0.599,0.4757,0.0881,0.0881,10,0.400881057268722,91,124,1205,1205,0.759689623965075,0.636147775541934,0.900117186322437,-1,-1,0.001,1,"0.76 to 0.99","Significant Decrease","<0.01"
"E02004758","Hart 008",NA,476680,151441,51.257,-0.90252,"8d88c68a-ff9e-4682-868d-c6e90835e866",2,12.19,49.45,0.0384,0.0082,0.0303,"LargeCentralMetro",0,0,0,0,0,"South East",10,"Hart 008",62.7,1,279,175,1644,0.627,0.4945,0.1219,0.1219,10,0.372759856630824,104,152,1206,1206,0.724650553101739,0.61311985055813,0.850483553633198,-2,-1,0,1,"0.51 to 0.75","Significant Decrease","<0.01"
"E02004761","Hart 011",NA,473857,148614,51.2319,-0.94355,"fe04e8ea-c9b6-433d-85ed-ca4e456e5e1c",5,16.87,51.71,0.017,0.0081,0.0241,"MediumMetro",0,1,0,0,0,"South East",10,"Hart 011",51.8,1,249,129,1319,0.518,0.5171,0.1687,0.1687,10,0.481927710843373,120,136,1207,1207,0.894106556768252,0.76132473434909,1.04328261872011,-1,0,0.076,2,"0.76 to 0.99","Not Significant","0.01-0.20"
"E02004764","Havant 003",NA,467950,110632,50.8912,-1.03526,"e5ddb2b1-a5e7-4051-b492-cd64cbe8b6f0",9,25.41,49.26,0.0174,0.0032,0.0117,"LargeCentralMetro",0,0,0,0,0,"South East",10,"Havant 003",38.4,1,185,71,1011,0.384,0.4926,0.2541,0.2541,10,0.616216216216216,114,101,1208,1208,1.12794363895333,0.95651340347204,1.32111404124337,1,0,0.922,6,"1.01 to 1.25","Not Significant","0.80-1.00"
"E02004768","Havant 007",NA,468765,108410,50.8711,-1.0241,"ff1d3f62-5416-4a90-ad02-5411c2a23097",9,15.96,50.9,0.042,0.0073,0.0245,"LargeCentralMetro",0,0,0,0,0,"South East",10,"Havant 007",43.65,2,401,175,2279,0.4365,0.509,0.1596,0.1596,10,0.56359102244389,226,219,1209,1209,1.02502605701728,0.905457061367417,1.15589911957304,1,0,0.642,5,"1.01 to 1.25","Not Significant","0.60-0.79"
"E02004770","Havant 009",NA,472587,108137,50.8682,-0.96984,"5d47a456-a444-4193-a276-6176c6ade5a2",10,55.86,44.38,0.008,0.0098,0.0146,"LargeCentralMetro",0,0,0,0,0,"South East",7,"Havant 009",18.9,1,111,21,534,0.189,0.4438,0.5586,0.5586,7,0.810810810810811,90,61,1210,1210,1.50255794212084,1.25590798534588,1.78331714415423,3,1,1,6,"1.51 to 1.75","Significant Increase","0.80-1.00"
"E02004771","Havant 010",NA,471246,107642,50.8639,-0.98899,"c0ee81e8-9f5e-47d6-87b9-9843ef31fd4b",10,61.19,50.61,0.0143,0.0084,0.0182,"LargeCentralMetro",0,0,0,0,0,"South East",10,"Havant 010",13.9,1,201,28,988,0.139,0.5061,0.6119,0.6119,10,0.860696517412935,173,110,1211,1211,1.59935223429535,1.39324630712047,1.82717822768107,3,1,1,6,"1.51 to 1.75","Significant Increase","0.80-1.00"
"E02004772","Havant 011",NA,468149,107316,50.8613,-1.03305,"e3f06d01-f3a7-47e7-8e65-4400d50ecfa8",8,21.39,47.81,0.0253,0.0057,0.0148,"LargeCentralMetro",0,0,0,0,0,"South East",10,"Havant 011",49.7,1,173,86,912,0.497,0.4781,0.2139,0.2139,10,0.502890173410405,87,94,1212,1212,0.960043498043494,0.801678018997219,1.14040923450723,-1,0,0.308,3,"0.76 to 0.99","Not Significant","0.20-0.39"
"E02004775","Havant 014",NA,472046,106293,50.8517,-0.97789,"40aff487-fd4a-4f67-b47e-32d1a2fcbb42",9,29.66,50.66,0.0251,0.0076,0.026,"LargeCentralMetro",0,0,0,0,0,"South East",8,"Havant 014",33.9,1,118,40,758,0.339,0.5066,0.2966,0.2966,8,0.661016949152542,78,64,1213,1213,1.18912988044519,0.981662003908408,1.42741692359698,1,0,0.961,6,"1.01 to 1.25","Not Significant","0.80-1.00"
"E02004778","Havant 017",NA,473454,99148,50.7873,-0.95932,"aeadb563-0f00-40e1-a998-e3b3430fc8b6",9,25.26,51.36,0.0076,0.0032,0.021,"LargeCentralMetro",0,0,0,0,0,"South East",9,"Havant 017",35.8,1,95,34,553,0.358,0.5136,0.2526,0.2526,9,0.642105263157895,61,52,1214,1214,1.1420925987274,0.927000974485568,1.39209263749347,1,0,0.89,6,"1.01 to 1.25","Not Significant","0.80-1.00"
"E02004779","New Forest 001",NA,414557,116729,50.9498,-1.79414,"940722a1-e2d7-4d62-9f64-08ef9b4918d0",5,11.23,47.09,0.0056,0.0021,0.0115,"MediumMetro",0,1,0,0,0,"South East",10,"New Forest 001",44.9,1,187,84,1098,0.449,0.4709,0.1123,0.1123,10,0.550802139037433,103,102,1215,1215,0.97919689401901,0.823104143737818,1.15620873512929,-1,0,0.387,3,"0.76 to 0.99","Not Significant","0.20-0.39"
"E02004782","New Forest 004",NA,435827,114086,50.9251,-1.49162,"f1b8e604-1972-45b2-8909-d912ccc4cf31",9,23.58,49.41,0.0194,0.0034,0.016,"LargeCentralMetro",0,0,0,0,0,"South East",9,"New Forest 004",40.82,2,424,173,2135,0.4082,0.4941,0.2358,0.2358,9,0.591981132075472,251,231,1216,1216,1.08543185861012,0.964552919005243,1.21717113567694,1,0,0.912,6,"1.01 to 1.25","Not Significant","0.80-1.00"
"E02004787","New Forest 009",NA,441365,107955,50.8696,-1.41352,"a0942c8b-8ce8-4c79-b889-6ce379830d53",8,25,49.17,0.0081,0.0018,0.0146,"LargeCentralMetro",0,0,0,0,0,"South East",10,"New Forest 009",39.22,2,288,113,1568,0.3922,0.4917,0.25,0.25,10,0.607638888888889,175,157,1217,1217,1.11279101787874,0.969082402615369,1.2716927990668,1,0,0.934,6,"1.01 to 1.25","Not Significant","0.80-1.00"
"E02004790","New Forest 012",NA,415163,102637,50.8231,-1.78609,"ec7dfdde-463a-4b5b-bfa2-61961ece32f2",3,15.62,49.08,0.0113,0.0033,0.0224,"LargeCentralMetro",0,0,0,0,0,"South East",10,"New Forest 012",68,1,256,174,1626,0.68,0.4908,0.1562,0.1562,10,0.3203125,82,140,1218,1218,0.665878111606606,0.557135042911418,0.789480636187877,-2,-1,0,1,"0.51 to 0.75","Significant Decrease","<0.01"
"E02004792","New Forest 014",NA,445617,101713,50.8132,-1.35387,"b52a489f-4ba5-4848-af30-5f9a3e2851d5",8,41.32,48.18,0.0083,0.003,0.0142,"LargeCentralMetro",0,0,0,0,0,"South East",10,"New Forest 014",37.2,1,121,45,548,0.372,0.4818,0.4132,0.4132,10,0.628099173553719,76,66,1219,1219,1.20844773257947,1.00068670709423,1.44645913223745,1,1,0.975,6,"1.01 to 1.25","Significant Increase","0.80-1.00"
"E02004797","New Forest 019",NA,430884,95794,50.7609,-1.56348,"887e337c-8a71-4168-999c-534e63082cb0",5,20.08,47.73,0.0115,0.0033,0.0188,"LargeFringeMetro",1,0,0,0,0,"South East",10,"New Forest 019",50.6,1,239,121,1236,0.506,0.4773,0.2008,0.2008,10,0.493723849372385,118,130,1220,1220,0.944146722178336,0.804383784675728,1.10107985894727,-1,0,0.224,3,"0.76 to 0.99","Not Significant","0.20-0.39"
"E02004798","New Forest 020",NA,423491,95062,50.7547,-1.66835,"3db14d8f-e140-477e-b69c-ae404f96c96e",6,25.14,50.33,0.0215,0.0023,0.0195,"LargeCentralMetro",0,0,0,0,0,"South East",9,"New Forest 020",22.3,1,179,40,900,0.223,0.5033,0.2514,0.2514,9,0.776536312849162,139,98,1221,1221,1.33747450576193,1.14444394837091,1.55365409109653,2,1,1,6,"1.26 to 1.50","Significant Increase","0.80-1.00"
"E02004806","Rushmoor 005",NA,484578,155415,51.2916,-0.78843,"2542edba-1349-487f-907d-0ec722ea6ef5",2,23.66,51.68,0.0595,0.0142,0.0404,"LargeCentralMetro",0,0,0,0,0,"South East",10,"Rushmoor 005",35.5,1,186,66,1010,0.355,0.5168,0.2366,0.2366,10,0.645161290322581,120,101,1222,1222,1.13788285085302,0.965460389044395,1.33213513372619,1,0,0.937,6,"1.01 to 1.25","Not Significant","0.80-1.00"
"E02004808","Rushmoor 007",NA,485958,153570,51.2748,-0.76908,"56243d91-01c1-4896-bc52-f5d7399826c4",4,13.3,50.44,0.0969,0.0308,0.0509,"LargeCentralMetro",0,0,0,0,0,"South East",10,"Rushmoor 007",35,1,203,71,1029,0.35,0.5044,0.133,0.133,10,0.650246305418719,132,111,1223,1223,1.11239499103121,0.948209685481216,1.29677631410254,1,0,0.902,6,"1.01 to 1.25","Not Significant","0.80-1.00"
"E02004817","Test Valley 004",NA,435696,146072,51.2127,-1.49033,"e24554af-da38-407b-bd10-7213e2dc8ec4",9,24.6,49.5,0.0442,0.0104,0.0211,"LargeCentralMetro",0,0,0,0,0,"South East",10,"Test Valley 004",36.9,1,187,69,998,0.369,0.495,0.246,0.246,10,0.631016042780749,118,102,1224,1224,1.14307108957709,0.970813481033702,1.33697615396755,1,0,0.945,6,"1.01 to 1.25","Not Significant","0.80-1.00"
"E02004818","Test Valley 005",NA,432688,143140,51.1866,-1.53366,"54ee7de3-b655-4f82-a378-dcbeb7ea06d2",8,18.32,49.65,0.0403,0.0098,0.0219,"LargeCentralMetro",0,0,0,0,0,"South East",10,"Test Valley 005",39.3,1,191,75,993,0.393,0.4965,0.1832,0.1832,10,0.607329842931937,116,104,1225,1225,1.0889296199633,0.92306216092942,1.27590536117133,1,0,0.839,6,"1.01 to 1.25","Not Significant","0.80-1.00"
"E02004824","Test Valley 011",NA,435416,121324,50.9902,-1.49676,"f0ce3f5a-2f1d-4715-aea7-c5de8b85c323",8,16.96,50.44,0.0203,0.0027,0.0172,"LargeCentralMetro",0,0,0,0,0,"South East",10,"Test Valley 011",48.3,1,230,111,1130,0.483,0.5044,0.1696,0.1696,10,0.517391304347826,119,125,1226,1226,0.961434376659966,0.818130306036486,1.12250746587557,-1,0,0.298,3,"0.76 to 0.99","Not Significant","0.20-0.39"
"E02004826","Test Valley 013",NA,430719,120646,50.9844,-1.56374,"f1400454-d42c-4f08-9a7e-5716cd65f355",5,13.07,48.29,0.0185,0.0068,0.0238,"LargeCentralMetro",0,0,0,0,0,"South East",10,"Test Valley 013",55.8,1,283,158,1458,0.558,0.4829,0.1307,0.1307,10,0.441696113074205,125,154,1227,1227,0.832089317664226,0.710975424020821,0.967813240129105,-1,-1,0.009,1,"0.76 to 0.99","Significant Decrease","<0.01"
"E02004831","Winchester 003",NA,444660,133012,51.0947,-1.36362,"2b0bb171-126c-471b-9ca2-105afeff607b",6,19.51,49.25,0.0396,0.0064,0.0308,"LargeCentralMetro",0,0,0,0,0,"South East",10,"Winchester 003",54.6,1,205,112,1005,0.546,0.4925,0.1951,0.1951,10,0.453658536585366,93,112,1228,1228,0.868442214544502,0.728799067067595,1.02691933473551,-1,0,0.049,2,"0.76 to 0.99","Not Significant","0.01-0.20"
"E02004832","Winchester 004",NA,459174,130170,51.0678,-1.15685,"30d006c4-836e-4e8e-abeb-6033d8015640",4,8.48,49.66,0.0092,0.003,0.0151,"MediumMetro",0,1,0,0,0,"South East",10,"Winchester 004",53.1,1,224,119,1166,0.531,0.4966,0.0848,0.0848,10,0.46875,105,122,1229,1229,0.85807293371076,0.723524870373111,1.01029773836507,-1,0,0.033,2,"0.76 to 0.99","Not Significant","0.01-0.20"
"E02004837","Winchester 009",NA,443339,126120,51.0328,-1.38331,"255b3ed0-be4b-4f15-9b8e-7133404104a6",5,15.21,49.49,0.0406,0.0049,0.0338,"LargeCentralMetro",0,0,0,0,0,"South East",9,"Winchester 009",65.1,1,355,231,1780,0.651,0.4949,0.1521,0.1521,9,0.349295774647887,124,194,1230,1230,0.687831951426232,0.589193733813583,0.79813825222932,-2,-1,0,1,"0.51 to 0.75","Significant Decrease","<0.01"
"E02004839","Winchester 011",NA,462031,119260,50.9694,-1.11794,"a84a5008-183c-4f0d-95fd-885b58fce7c1",5,14.62,51.2,0.0061,0.0019,0.0173,"LargeCentralMetro",0,0,0,0,0,"South East",10,"Winchester 011",50.8,1,260,132,1332,0.508,0.512,0.1462,0.1462,10,0.492307692307692,128,142,1231,1231,0.909862223694583,0.777824343582236,1.05778836859911,-1,0,0.106,2,"0.76 to 0.99","Not Significant","0.01-0.20"
"E02004845","Broxbourne 003",NA,536601,208544,51.7589,-0.02215,"f42489d2-b9e7-46ad-90b5-89ac9c3fdc4d",2,26.17,47.73,0.0237,0.0343,0.0537,"LargeCentralMetro",0,0,0,0,0,"East of England",10,"Broxbourne 003",39.3,1,107,42,792,0.393,0.4773,0.2617,0.2617,10,0.607476635514019,65,58,1232,1232,1.07414490874897,0.874629475555234,1.30554046602485,1,0,0.741,5,"1.01 to 1.25","Not Significant","0.60-0.79"
"E02004846","Broxbourne 004",NA,536345,206859,51.7439,-0.02652,"99c50fed-d525-432f-849e-52d0cc622040",1,11.37,50.53,0.0288,0.0231,0.045,"LargeCentralMetro",0,0,0,0,0,"East of England",10,"Broxbourne 004",66.8,1,211,141,1415,0.668,0.5053,0.1137,0.1137,10,0.33175355450237,70,115,1233,1233,0.67159157393468,0.554841497723506,0.805513056720943,-2,-1,0,1,"0.51 to 0.75","Significant Decrease","<0.01"
"E02004850","Broxbourne 008",NA,536256,203589,51.7145,-0.02909,"c383ba53-2335-4985-85fd-9f529260aac8",4,28.69,50.78,0.0407,0.0643,0.1019,"LargeCentralMetro",0,0,0,0,0,"East of England",9,"Broxbourne 008",36.9,1,122,45,967,0.369,0.5078,0.2869,0.2869,9,0.631147540983607,77,67,1234,1234,1.08194270732206,0.890130211189051,1.30281522569114,1,0,0.776,5,"1.01 to 1.25","Not Significant","0.60-0.79"
"E02004853","Broxbourne 011",NA,534199,201456,51.6958,-0.05966,"7b2131cc-8488-443f-bdcf-c8fb5d8c9715",5,25.41,51.31,0.0349,0.0606,0.1017,"LargeCentralMetro",0,0,0,0,0,"East of England",8,"Broxbourne 011",44.96,2,429,193,2588,0.4496,0.5131,0.2541,0.2541,8,0.55011655011655,236,234,1235,1235,0.994916716223597,0.880611000911185,1.11985358439627,-1,0,0.454,4,"0.76 to 0.99","Not Significant","0.40-0.59"
"E02004859","Dacorum 004",NA,494646,210529,51.7854,-0.62928,"633267e9-c5e2-42b6-b377-7abc6cdc87aa",3,11.49,52.15,0.0122,0.0058,0.0284,"LargeCentralMetro",0,0,0,0,0,"East of England",10,"Dacorum 004",53.6,1,235,126,1584,0.536,0.5215,0.1149,0.1149,10,0.463829787234043,109,128,1236,1236,0.855981862584223,0.724039280462937,1.00491930329415,-1,0,0.028,2,"0.76 to 0.99","Not Significant","0.01-0.20"
"E02004862","Dacorum 007",NA,506637,209555,51.7745,-0.4558,"06fe2f9f-92c0-43f5-8303-53b9e8f6bc26",5,32.92,47.41,0.0691,0.0718,0.0503,"LargeCentralMetro",0,0,0,0,0,"East of England",10,"Dacorum 007",26.7,1,161,43,947,0.267,0.4741,0.3292,0.3292,10,0.732919254658385,118,88,1237,1237,1.28737998169955,1.09132722138097,1.50839296858957,2,1,0.999,6,"1.26 to 1.50","Significant Increase","0.80-1.00"
"E02004869","Dacorum 014",NA,499989,206599,51.7492,-0.55297,"bc297119-06b8-4d2a-a1c4-a83dbe54e967",3,12.55,51.99,0.0255,0.0075,0.0362,"LargeCentralMetro",0,0,0,0,0,"East of England",7,"Dacorum 014",70.7,1,239,169,1535,0.707,0.5199,0.1255,0.1255,7,0.292887029288703,70,130,1238,1238,0.617397758237856,0.511414995871893,0.738711798085142,-2,-1,0,1,"0.51 to 0.75","Significant Decrease","<0.01"
"E02004875","Dacorum 020",NA,507439,205447,51.7374,-0.44545,"a94a7769-c7d3-4737-ae73-86c9e32c92e3",4,28.22,51,0.1296,0.0366,0.0558,"LargeCentralMetro",0,0,0,0,0,"East of England",10,"Dacorum 020",35.3,1,241,85,1443,0.353,0.51,0.2822,0.2822,10,0.647302904564315,156,131,1239,1239,1.16043396044227,1.00215801218441,1.33650815974739,1,1,0.977,6,"1.01 to 1.25","Significant Increase","0.80-1.00"
"E02004877","Dacorum 022",NA,506310,202779,51.7137,-0.46261,"0944a9a4-dfd8-437a-be07-ac61948c64fc",4,14.53,46.11,0.0384,0.0091,0.0388,"LargeCentralMetro",0,0,0,0,0,"East of England",8,"Dacorum 022",53.1,1,179,95,1104,0.531,0.4611,0.1453,0.1453,8,0.46927374301676,84,98,1240,1240,0.86131223367191,0.71605783124437,1.02729093870923,-1,0,0.047,2,"0.76 to 0.99","Not Significant","0.01-0.20"
"E02004878","East Hertfordshire 001",NA,540277,231279,51.9623,0.040298,"d698d0d6-aebb-4a9e-90b0-f94dd7e0167f",4,9.27,47.06,0.0113,0.0061,0.0189,"MediumMetro",0,1,0,0,0,"East of England",10,"East Hertfordshire 001",52.5,1,259,136,1022,0.525,0.4706,0.0927,0.0927,10,0.474903474903475,123,141,1241,1241,0.868336497525965,0.73968954582149,1.01283756434955,-1,0,0.036,2,"0.76 to 0.99","Not Significant","0.01-0.20"
"E02004882","East Hertfordshire 005",NA,550196,221483,51.8717,0.180285,"7bbf4d53-a4e5-43cf-815f-9d23cd78fe61",1,11.09,62.9,0.0482,0.0246,0.0643,"LargeCentralMetro",0,0,0,0,0,"East of England",2,"East Hertfordshire 005",60.13,3,559,336,3830,0.6013,0.629,0.1109,0.1109,2,0.398926654740608,223,305,1242,1242,0.728876151683441,0.643501232182834,0.822357211616817,-2,-1,0,1,"0.51 to 0.75","Significant Decrease","<0.01"
"E02004885","East Hertfordshire 008",NA,548316,219430,51.8538,0.152116,"4f51c71b-319e-4b2f-b8b9-7ee8fb5c7ed8",1,5.33,10.56,0.0513,0.0175,0.0412,"LargeCentralMetro",0,0,0,0,0,"East of England",4,"East Hertfordshire 008",69.2,1,169,117,1260,0.692,0.1056,0.0533,0.0533,4,0.307692307692308,52,92,1243,1243,0.619698929941848,0.500951557871844,0.758011948191475,-2,-1,0,1,"0.51 to 0.75","Significant Decrease","<0.01"
"E02004888","East Hertfordshire 011",NA,548112,215192,51.8157,0.147344,"206f7475-82f8-4414-919f-5987f7aeb9a8",2,9.75,50.78,0.0252,0.012,0.0277,"LargeCentralMetro",0,0,0,0,0,"East of England",4,"East Hertfordshire 011",47,1,236,111,1471,0.47,0.5078,0.0975,0.0975,4,0.529661016949153,125,129,1244,1244,0.92357110515599,0.785470984575141,1.07889801435803,-1,0,0.153,2,"0.76 to 0.99","Not Significant","0.01-0.20"
"E02004890","East Hertfordshire 013",NA,535690,213618,51.8047,-0.03336,"c8b3b5a6-5cb0-427e-8c33-0a5da96b5b54",2,14.13,68.22,0.026,0.0105,0.0339,"LargeCentralMetro",0,0,0,0,0,"East of England",6,"East Hertfordshire 013",57.09,2,375,214,2681,0.5709,0.6822,0.1413,0.1413,6,0.429333333333333,161,205,1245,1245,0.793351264273573,0.687895631389615,0.910311057335705,-1,-1,0.001,1,"0.76 to 0.99","Significant Decrease","<0.01"
"E02004892","East Hertfordshire 015",NA,530778,213534,51.8052,-0.10459,"f64a77d0-9b70-4250-856b-81ba610ca88b",4,32.88,52.02,0.024,0.022,0.0464,"LargeCentralMetro",0,0,0,0,0,"East of England",4,"East Hertfordshire 015",20.5,1,73,15,396,0.205,0.5202,0.3288,0.3288,4,0.794520547945205,58,40,1246,1246,1.26591838554813,1.01643750875734,1.55825169494543,2,1,0.983,6,"1.26 to 1.50","Significant Increase","0.80-1.00"
"E02004894","East Hertfordshire 017",NA,532499,212005,51.791,-0.08023,"14946f42-9bb1-418f-bd95-edf8a72137cc",3,8.57,5.71,0.0318,0.0181,0.0445,"LargeCentralMetro",0,0,0,0,0,"East of England",2,"East Hertfordshire 017",65.7,1,175,115,1209,0.657,0.0571,0.0857,0.0857,2,0.342857142857143,60,95,1247,1247,0.667030515860837,0.543063838542767,0.810737013767804,-2,-1,0,1,"0.51 to 0.75","Significant Decrease","<0.01"
"E02004897","Hertsmere 002",NA,523840,201118,51.6952,-0.20959,"667c895f-f20c-4130-9ed5-e47d683b1856",2,9.5,50.27,0.1077,0.033,0.0806,"LargeCentralMetro",0,0,0,0,0,"East of England",10,"Hertsmere 002",87.5,1,200,175,1468,0.875,0.5027,0.095,0.095,10,0.125,25,109,1248,1248,0.419672723849597,0.334135681782093,0.520088743631324,-3,-1,0,1,"0.26 to 0.5","Significant Decrease","<0.01"
"E02004899","Hertsmere 004",NA,521005,201144,51.696,-0.25058,"c50cca4a-b04b-4610-9100-78f4503a13ff",5,31.39,45.1,0.0587,0.0191,0.0594,"LargeCentralMetro",0,0,0,0,0,"East of England",7,"Hertsmere 004",27.4,1,223,61,1173,0.274,0.451,0.3139,0.3139,7,0.726457399103139,162,122,1249,1249,1.26965437363337,1.09776861508025,1.46072231130353,2,1,0.999,6,"1.26 to 1.50","Significant Increase","0.80-1.00"
"E02004903","Hertsmere 008",NA,513177,197048,51.6608,-0.36511,"9f02a3dc-961b-4080-9ee3-fcb6855d8bb5",4,10.49,49.64,0.1827,0.0447,0.066,"LargeCentralMetro",0,0,0,0,0,"East of England",7,"Hertsmere 008",67.8,1,267,181,1660,0.678,0.4964,0.1049,0.1049,7,0.322097378277154,86,146,1250,1250,0.637229521902345,0.533173406850943,0.755542033659561,-2,-1,0,1,"0.51 to 0.75","Significant Decrease","<0.01"
"E02004904","Hertsmere 009",NA,520797,196937,51.6582,-0.25504,"70252cf9-291e-41e1-b1d8-97850a2b1fea",4,22.77,68.27,0.0825,0.0716,0.0681,"LargeCentralMetro",0,0,0,0,0,"East of England",8,"Hertsmere 009",31.7,1,101,32,498,0.317,0.6827,0.2277,0.2277,8,0.683168316831683,69,55,1251,1251,1.12891540667214,0.918870079383487,1.37266422885944,1,0,0.871,6,"1.01 to 1.25","Not Significant","0.80-1.00"
"E02004906","Hertsmere 011",NA,520064,196206,51.6518,-0.26588,"d4ce23ef-74be-4c65-98f5-61b49b59d4ab",4,5.26,46.45,0.0944,0.0741,0.0857,"LargeCentralMetro",0,0,0,0,0,"East of England",5,"Hertsmere 011",75,1,152,114,1042,0.75,0.4645,0.0526,0.0526,5,0.25,38,83,1252,1252,0.552097730006992,0.440163337430709,0.683671998781261,-2,-1,0,1,"0.51 to 0.75","Significant Decrease","<0.01"
"E02004907","Hertsmere 012",NA,513280,195065,51.643,-0.36427,"4cdc5f96-8a33-4cfe-b43a-463c29cd8928",3,21.81,44.82,0.1178,0.0409,0.0717,"LargeCentralMetro",0,0,0,0,0,"East of England",7,"Hertsmere 012",41,1,188,77,1236,0.41,0.4482,0.2181,0.2181,7,0.590425531914894,111,103,1253,1253,1.02760225652547,0.867290027604726,1.20889290300677,1,0,0.609,5,"1.01 to 1.25","Not Significant","0.60-0.79"
"E02004912","North Hertfordshire 004",NA,524716,233500,51.986,-0.18525,"31455cca-a77b-4b9e-aa56-064842ea7e27",6,21.18,49.58,0.0291,0.0136,0.0359,"LargeCentralMetro",0,0,0,0,0,"East of England",8,"North Hertfordshire 004",45.8,1,203,93,1414,0.458,0.4958,0.2118,0.2118,8,0.541871921182266,110,111,1254,1254,0.985770178109989,0.833806082682732,1.15732044569339,-1,0,0.415,4,"0.76 to 0.99","Not Significant","0.40-0.59"
"E02004915","North Hertfordshire 007",NA,520599,232733,51.98,-0.24544,"2c1fd898-44b8-4058-8dcb-cef5d42d1f28",4,29.52,48.25,0.076,0.0378,0.0556,"LargeCentralMetro",0,0,0,0,0,"East of England",6,"North Hertfordshire 007",26.7,1,105,28,601,0.267,0.4825,0.2952,0.2952,6,0.733333333333333,77,57,1255,1255,1.22508444551306,1.00547166735727,1.4784429315203,1,1,0.978,6,"1.01 to 1.25","Significant Increase","0.80-1.00"
"E02004918","North Hertfordshire 010",NA,519007,230642,51.9615,-0.26934,"c3a57f3d-e55d-4d5e-baa4-20b2c641dd7d",3,18.46,48.47,0.1053,0.0346,0.0652,"LargeCentralMetro",0,0,0,0,0,"East of England",2,"North Hertfordshire 010",49.2,1,195,96,1242,0.492,0.4847,0.1846,0.1846,2,0.507692307692308,99,106,1256,1256,0.896445738007924,0.751221663165929,1.06149900250951,-1,0,0.099,2,"0.76 to 0.99","Not Significant","0.01-0.20"
"E02004924","St Albans 001",NA,512726,215672,51.8283,-0.3656,"33228d44-e94f-43be-88ed-de4c57ccec42",2,8.76,46.97,0.0505,0.0162,0.0497,"LargeCentralMetro",0,0,0,0,0,"East of England",8,"St Albans 001",67,1,194,130,1437,0.67,0.4697,0.0876,0.0876,8,0.329896907216495,64,106,1257,1257,0.65926593808569,0.541019986933717,0.795552724919751,-2,-1,0,1,"0.51 to 0.75","Significant Decrease","<0.01"
"E02004925","St Albans 002",NA,514422,215246,51.8241,-0.34114,"cafbdb3d-0c87-4d39-a39d-ebf7d9c05975",3,7.63,48.31,0.0526,0.0257,0.053,"LargeCentralMetro",0,0,0,0,0,"East of England",8,"St Albans 002",76.04,2,380,289,2718,0.7604,0.4831,0.0763,0.0763,8,0.239473684210526,91,207,1258,1258,0.509055864846861,0.429379898428428,0.599089304267245,-2,-1,0,1,"0.51 to 0.75","Significant Decrease","<0.01"
"E02004931","St Albans 008",NA,517201,208874,51.7663,-0.30299,"50d257d2-d070-4aba-affc-0873b55bb4f1",3,11.86,46.23,0.0991,0.0142,0.0574,"LargeCentralMetro",0,0,0,0,0,"East of England",10,"St Albans 008",83.5,1,236,197,1817,0.835,0.4623,0.1186,0.1186,10,0.165254237288136,39,129,1259,1259,0.459441984501273,0.372445062389686,0.560368839968759,-3,-1,0,1,"0.26 to 0.5","Significant Decrease","<0.01"
"E02004932","St Albans 009",NA,514179,208497,51.7635,-0.34689,"4cd9be44-a2d6-4605-b8c8-ae762962eb3d",4,19.71,47.49,0.0973,0.0293,0.0816,"LargeCentralMetro",0,0,0,0,0,"East of England",10,"St Albans 009",40.1,1,137,55,756,0.401,0.4749,0.1971,0.1971,10,0.598540145985402,82,75,1260,1260,1.02714688593844,0.848570544168361,1.23217859612095,1,0,0.592,4,"1.01 to 1.25","Not Significant","0.40-0.59"
"E02004936","St Albans 013",NA,517309,207332,51.7524,-0.30194,"cbfa49d7-8338-4495-bd1d-025bacdde908",2,6.73,47,0.101,0.02,0.0729,"LargeCentralMetro",0,0,0,0,0,"East of England",8,"St Albans 013",73.6,1,208,153,1651,0.736,0.47,0.0673,0.0673,8,0.264423076923077,55,113,1261,1261,0.565167201142081,0.460863599273241,0.685874382058232,-2,-1,0,1,"0.51 to 0.75","Significant Decrease","<0.01"
"E02004937","St Albans 014",NA,513414,206588,51.7465,-0.35859,"aff3d944-0535-4109-b0f0-76542eb52fa3",2,17.51,46.74,0.0521,0.0122,0.052,"LargeCentralMetro",0,0,0,0,0,"East of England",8,"St Albans 014",36.4,1,217,79,1335,0.364,0.4674,0.1751,0.1751,8,0.63594470046083,138,118,1262,1262,1.10055388867614,0.941151678583061,1.27914890547394,1,0,0.882,6,"1.01 to 1.25","Not Significant","0.80-1.00"
"E02004945","Stevenage 002",NA,524051,226143,51.92,-0.19759,"c390d8c8-1185-4a91-9b30-33bbb9280662",4,14.25,48.75,0.1083,0.0398,0.0536,"LargeCentralMetro",0,0,0,0,0,"East of England",9,"Stevenage 002",59.41,2,414,246,2591,0.5941,0.4875,0.1425,0.1425,9,0.405797101449275,168,226,1263,1263,0.761966174136417,0.66299180981414,0.871456037557812,-1,-1,0,1,"0.76 to 0.99","Significant Decrease","<0.01"
"E02004950","Stevenage 007",NA,525988,224511,51.9049,-0.17003,"49d78a20-d4e0-4297-9851-e9c2e9981c60",5,33.05,49.22,0.0645,0.0422,0.0497,"LargeCentralMetro",0,0,0,0,0,"East of England",10,"Stevenage 007",39,1,236,92,1410,0.39,0.4922,0.3305,0.3305,10,0.610169491525424,144,129,1264,1264,1.1168062245283,0.961317665546308,1.29016406482839,1,0,0.924,6,"1.01 to 1.25","Not Significant","0.80-1.00"
"E02004953","Stevenage 010",NA,525467,223053,51.8919,-0.17813,"9d2ea8cf-6bc4-4a49-ab3b-356b9d490e6e",6,23.3,51.18,0.0564,0.0559,0.0482,"LargeCentralMetro",0,0,0,0,0,"East of England",10,"Stevenage 010",37.4,1,206,77,1315,0.374,0.5118,0.233,0.233,10,0.62621359223301,129,112,1265,1265,1.11946641580469,0.955197479072289,1.30378307671065,1,0,0.916,6,"1.01 to 1.25","Not Significant","0.80-1.00"
"E02004957","Three Rivers 002",NA,509454,201153,51.6985,-0.41763,"d942ff8e-f84f-4c4e-a84b-37b20b1ef2c2",4,11.4,47.31,0.1334,0.0463,0.0606,"LargeCentralMetro",0,0,0,0,0,"East of England",9,"Three Rivers 002",66.6,2,386,257,2585,0.666,0.4731,0.114,0.114,9,0.33419689119171,129,211,1266,1266,0.649585142351359,0.557361501353143,0.752604172933578,-2,-1,0,1,"0.51 to 0.75","Significant Decrease","<0.01"
"E02004959","Three Rivers 004",NA,504969,196260,51.6553,-0.48397,"4d97bb27-9478-4d5e-be31-be55ecdc613d",4,7.8,48.62,0.2643,0.0214,0.0555,"LargeCentralMetro",0,0,0,0,0,"East of England",7,"Three Rivers 004",56.1,1,205,115,1199,0.561,0.4862,0.078,0.078,7,0.439024390243902,90,112,1267,1267,0.794028338502438,0.662415495641427,0.944065153045865,-1,-1,0.005,1,"0.76 to 0.99","Significant Decrease","<0.01"
"E02004960","Three Rivers 005",NA,502571,196401,51.6571,-0.51858,"deed0ba9-3098-43c0-8376-79f8a99d0489",2,4.66,48.3,0.0714,0.0087,0.0525,"LargeCentralMetro",0,0,0,0,0,"East of England",7,"Three Rivers 005",83.9,1,236,198,1592,0.839,0.483,0.0466,0.0466,7,0.161016949152542,38,129,1268,1268,0.432604174977947,0.349320814847248,0.529511599014508,-3,-1,0,1,"0.26 to 0.5","Significant Decrease","<0.01"
"E02004961","Three Rivers 006",NA,507493,195564,51.6486,-0.44771,"ba0707ee-9c04-4831-b478-dcb3ee1059d3",2,11.95,50.32,0.1285,0.0158,0.0472,"LargeCentralMetro",0,0,0,0,0,"East of England",5,"Three Rivers 006",80.5,1,226,182,1550,0.805,0.5032,0.1195,0.1195,5,0.194690265486726,44,123,1269,1269,0.488806944259098,0.396842350262916,0.59545450535112,-3,-1,0,1,"0.26 to 0.5","Significant Decrease","<0.01"
"E02004968","Watford 001",NA,510795,200546,51.6927,-0.39843,"0d6af240-72fd-4ddc-a301-3f920acbef8a",4,33.15,49.31,0.138,0.0634,0.0674,"LargeCentralMetro",0,0,0,0,0,"East of England",8,"Watford 001",32.1,1,184,59,1018,0.321,0.4931,0.3315,0.3315,8,0.679347826086957,125,100,1270,1270,1.20344779175716,1.0242075676833,1.40494051548674,1,1,0.988,6,"1.01 to 1.25","Significant Increase","0.80-1.00"
"E02004978","Watford 011",NA,509707,195405,51.6468,-0.41578,"805057a2-5bda-4eb3-897f-e99b4b06ccfe",7,29.23,47.87,0.3399,0.0789,0.0913,"LargeCentralMetro",0,0,0,0,0,"East of England",6,"Watford 011",38.5,1,195,75,1335,0.385,0.4787,0.2923,0.2923,6,0.615384615384615,120,106,1271,1271,1.09162873769425,0.92658641183559,1.27750843568144,1,0,0.848,6,"1.01 to 1.25","Not Significant","0.80-1.00"
"E02004982","Welwyn Hatfield 003",NA,523438,214556,51.816,-0.21063,"f23c861c-c340-43ca-ab8e-bfb770dd26df",4,17.65,47.7,0.0475,0.0221,0.0551,"LargeCentralMetro",0,0,0,0,0,"East of England",10,"Welwyn Hatfield 003",51.6,1,221,114,1436,0.516,0.477,0.1765,0.1765,10,0.484162895927602,107,121,1272,1272,0.889690195262456,0.751697788091709,1.04558117970741,-1,0,0.076,2,"0.76 to 0.99","Not Significant","0.01-0.20"
"E02004985","Welwyn Hatfield 006",NA,523121,212093,51.7939,-0.2161,"22283cac-2950-4a60-bb3d-46ded23ebd40",6,19.41,47.18,0.0572,0.0222,0.0504,"LargeCentralMetro",0,0,0,0,0,"East of England",10,"Welwyn Hatfield 006",52.9,1,170,90,1261,0.529,0.4718,0.1941,0.1941,10,0.470588235294118,80,93,1273,1273,0.886456310483329,0.735740805704327,1.05885240964027,-1,0,0.089,2,"0.76 to 0.99","Not Significant","0.01-0.20"
"E02004998","Ashford 003",NA,602480,144524,51.1641,0.894636,"973fedcb-ac32-4859-acc4-abd71bc42d59",6,27.44,53.82,0.0501,0.0253,0.0262,"LargeCentralMetro",0,0,0,0,0,"South East",10,"Ashford 003",29.3,1,266,78,1559,0.293,0.5382,0.2744,0.2744,10,0.706766917293233,188,145,1274,1274,1.26312356744388,1.10304143347892,1.43979918925338,2,1,1,6,"1.26 to 1.50","Significant Increase","0.80-1.00"
"E02005008","Ashford 013",NA,586721,132191,51.0587,0.663136,"abea8073-97aa-456a-8bcc-93814684fa98",4,28.93,52.12,0.0105,0.0035,0.0179,"MediumMetro",0,1,0,0,0,"South East",10,"Ashford 013",27,1,363,98,1863,0.27,0.5212,0.2893,0.2893,10,0.730027548209366,265,198,1275,1275,1.30664793338144,1.16296965522381,1.46306993827274,2,1,1,6,"1.26 to 1.50","Significant Increase","0.80-1.00"
"E02005012","Canterbury 003",NA,617263,167187,51.3622,1.1195,"8b0c745d-432c-4955-90e2-664144f81454",8,30.83,48.41,0.0196,0.0035,0.0212,"LargeFringeMetro",1,0,0,0,0,"South East",10,"Canterbury 003",22.2,1,266,59,1545,0.222,0.4841,0.3083,0.3083,10,0.778195488721805,207,145,1276,1276,1.40366539266455,1.23311904412394,1.5910806663222,2,1,1,6,"1.26 to 1.50","Significant Increase","0.80-1.00"
"E02005020","Canterbury 011",NA,617370,161617,51.3121,1.11764,"b1fb7d26-5524-4018-9dc6-230614a9ade0",6,41.79,51.57,0.041,0.014,0.0348,"LargeFringeMetro",1,0,0,0,0,"South East",9,"Canterbury 011",21.6,1,134,29,667,0.216,0.5157,0.4179,0.4179,9,0.783582089552239,105,73,1277,1277,1.42140240483592,1.19778054838579,1.67452823613534,2,1,1,6,"1.26 to 1.50","Significant Increase","0.80-1.00"
"E02005022","Canterbury 013",NA,615115,159218,51.2915,1.08389,"ae2346fd-f63b-4d74-989f-9bbcc6090a03",5,52.38,48.55,0.0781,0.0537,0.076,"LargeFringeMetro",1,0,0,0,0,"South East",10,"Canterbury 013",21.4,1,126,27,791,0.214,0.4855,0.5238,0.5238,10,0.785714285714286,99,69,1278,1278,1.44310987567128,1.21264773394836,1.70447584861552,2,1,1,6,"1.26 to 1.50","Significant Increase","0.80-1.00"
"E02005025","Canterbury 016",NA,616505,156716,51.2685,1.10228,"0d5a83fa-3798-4f4a-9ff0-1fc3dea0325c",4,27.59,52.48,0.0765,0.0394,0.0754,"LargeFringeMetro",1,0,0,0,0,"South East",10,"Canterbury 016",21.3,1,174,37,1107,0.213,0.5248,0.2759,0.2759,10,0.78735632183908,137,95,1279,1279,1.35723893318482,1.15988529193354,1.57845965729084,2,1,1,6,"1.26 to 1.50","Significant Increase","0.80-1.00"
"E02005028","Dartford 001",NA,555123,176161,51.4632,0.231689,"bc860782-f83a-42e5-ad03-32677a60fe48",4,23.58,23.8,0.1526,0.1975,0.0657,"LargeCentralMetro",0,0,0,0,0,"South East",8,"Dartford 001",43.4,1,106,46,689,0.434,0.238,0.2358,0.2358,8,0.566037735849057,60,58,1280,1280,1.00590611877097,0.814860730684203,1.228257128817,0,0,0.501,4,"1.00-1.009 (null value)","Not Significant","0.40-0.59"
"E02005031","Dartford 004",NA,559724,174404,51.4461,0.297074,"20c66172-4f88-4f5d-be1c-8be21f35d70c",4,37.5,47.7,0.0489,0.092,0.0441,"LargeCentralMetro",0,0,0,0,0,"South East",10,"Dartford 004",31.6,1,136,43,826,0.316,0.477,0.375,0.375,10,0.683823529411765,93,74,1281,1281,1.23873764676491,1.03545833348627,1.47015574149552,1,1,0.991,6,"1.01 to 1.25","Significant Increase","0.80-1.00"
"E02005035","Dartford 008",NA,556510,172682,51.4315,0.250103,"04a64fb9-1380-476e-bc40-b5f955ca0d28",4,24.07,41.2,0.1199,0.101,0.0517,"LargeCentralMetro",0,0,0,0,0,"South East",4,"Dartford 008",35.2,1,216,76,1335,0.352,0.412,0.2407,0.2407,4,0.648148148148148,140,118,1282,1282,1.1272980740821,0.965501048024756,1.3083725034369,1,0,0.934,6,"1.01 to 1.25","Not Significant","0.80-1.00"
"E02005038","Dartford 011",NA,553779,171251,51.4194,0.210226,"729fb651-82b8-4477-9a15-4cddedab315e",5,21.05,39.17,0.0351,0.03,0.0345,"LargeCentralMetro",0,0,0,0,0,"South East",10,"Dartford 011",45.2,1,228,103,1381,0.452,0.3917,0.2105,0.2105,10,0.548245614035088,125,124,1283,1283,1.00450805865405,0.856745512009179,1.17033362060304,0,0,0.506,4,"1.00-1.009 (null value)","Not Significant","0.40-0.59"
"E02005040","Dartford 013",NA,560866,170619,51.4118,0.311776,"45b9ae32-4fa4-428e-8229-06db0af27842",6,30.26,46.63,0.0442,0.012,0.0272,"LargeCentralMetro",0,0,0,0,0,"South East",10,"Dartford 013",26.3,1,152,40,980,0.263,0.4663,0.3026,0.3026,10,0.736842105263158,112,83,1284,1284,1.29415458594155,1.09327876244982,1.52116277179904,2,1,0.999,6,"1.26 to 1.50","Significant Increase","0.80-1.00"
"E02005042","Dover 002",NA,633238,157921,51.2727,1.34251,"90936f0c-5305-4726-a49b-31f749aade98",6,29.91,47.85,0.012,0.0044,0.0182,"LargeFringeMetro",1,0,0,0,0,"South East",10,"Dover 002",22.2,1,234,52,1235,0.222,0.4785,0.2991,0.2991,10,0.777777777777778,182,128,1285,1285,1.39066860873639,1.21229461043637,1.58777614756545,2,1,1,6,"1.26 to 1.50","Significant Increase","0.80-1.00"
"E02005051","Dover 011",NA,630351,142439,51.1349,1.29127,"91c9cfe0-9022-4ca2-9036-7019330f4034",9,46.59,52.01,0.0205,0.0073,0.0279,"LargeFringeMetro",1,0,0,0,0,"South East",10,"Dover 011",20.48,2,249,51,1417,0.2048,0.5201,0.4659,0.4659,10,0.795180722891566,198,136,1286,1286,1.46723285504137,1.28747893646896,1.66490914968615,2,1,1,6,"1.26 to 1.50","Significant Increase","0.80-1.00"
"E02005052","Dover 012",NA,632523,144511,51.1526,1.3236,"31b7cd25-c13f-4e89-a20f-27bf5f61b561",9,11.25,43.14,0.0935,0.0247,0.0538,"Noncore",0,0,0,0,1,"South East",10,"Dover 012",61.3,1,80,49,452,0.613,0.4314,0.1125,0.1125,10,0.3875,31,44,1287,1287,0.8110332823513,0.633921213862377,1.02219266894357,-1,0,0.037,2,"0.76 to 0.99","Not Significant","0.01-0.20"
"E02005057","Gravesham 003",NA,567481,173439,51.4352,0.408139,"6f332b12-d6ef-4b0e-9ac1-1c81926fff9b",3,27.51,49.7,0.1674,0.108,0.0699,"LargeCentralMetro",0,0,0,0,0,"South East",9,"Gravesham 003",31.2,1,189,59,1322,0.312,0.497,0.2751,0.2751,9,0.687830687830688,130,103,1288,1288,1.19753510400453,1.02072759975411,1.39608925231714,1,1,0.987,6,"1.01 to 1.25","Significant Increase","0.80-1.00"
"E02005060","Gravesham 006",NA,562485,172878,51.4316,0.336071,"598c743e-ea05-4502-9284-6aa39797d4a8",5,33.33,56.82,0.12,0.0718,0.0543,"LargeCentralMetro",0,0,0,0,0,"South East",10,"Gravesham 006",33.08,2,345,114,2265,0.3308,0.5682,0.3333,0.3333,10,0.669565217391304,231,188,1289,1289,1.21368246019053,1.07307005715549,1.36749286995998,1,1,0.999,6,"1.01 to 1.25","Significant Increase","0.80-1.00"
"E02005062","Gravesham 008",NA,567620,172077,51.4229,0.409492,"81f0a35a-e763-49fa-bfd6-5ba5e53ec69e",3,39.75,47.54,0.0818,0.0548,0.0458,"LargeCentralMetro",0,0,0,0,0,"South East",10,"Gravesham 008",22.4,1,161,36,955,0.224,0.4754,0.3975,0.3975,10,0.77639751552795,125,88,1290,1290,1.36990087334763,1.16589527814731,1.59922855505486,2,1,1,6,"1.26 to 1.50","Significant Increase","0.80-1.00"
"E02005066","Gravesham 012",NA,564182,168064,51.3879,0.358234,"29864c0e-5bef-47f7-b3f0-c8b346579b4a",1,22.36,43.68,0.0264,0.0092,0.0209,"Micropolitan",0,0,0,1,0,"South East",10,"Gravesham 012",44.1,1,161,71,957,0.441,0.4368,0.2236,0.2236,10,0.559006211180124,90,88,1291,1291,1.01746386840019,0.848559669115068,1.21004820595865,1,0,0.557,4,"1.01 to 1.25","Not Significant","0.40-0.59"
"E02005072","Maidstone 005",NA,578149,156499,51.2798,0.552978,"da41ea00-f849-4aef-acea-d92300572bd0",3,25.48,56.3,0.0575,0.0103,0.0343,"LargeCentralMetro",0,0,0,0,0,"South East",10,"Maidstone 005",24.7,1,263,65,1595,0.247,0.563,0.2548,0.2548,10,0.752851711026616,198,143,1292,1292,1.32312517425257,1.15756640713087,1.50561546192529,2,1,1,6,"1.26 to 1.50","Significant Increase","0.80-1.00"
"E02005073","Maidstone 006",NA,575313,155898,51.2753,0.512065,"11956f3e-d741-49dc-b8f2-5375aa72f447",6,23.71,51.37,0.0619,0.037,0.0542,"LargeCentralMetro",0,0,0,0,0,"South East",8,"Maidstone 006",28.4,1,194,55,1421,0.284,0.5137,0.2371,0.2371,8,0.716494845360825,139,106,1293,1293,1.23404245742589,1.05581192537604,1.43366531455039,1,1,0.996,6,"1.01 to 1.25","Significant Increase","0.80-1.00"
"E02005075","Maidstone 008",NA,573517,154855,51.2664,0.485836,"fd11c0fa-cfa1-4787-be6b-19a02d7a13d0",6,22.84,46.95,0.107,0.0335,0.0506,"LargeCentralMetro",0,0,0,0,0,"South East",9,"Maidstone 008",34.25,2,324,111,1887,0.3425,0.4695,0.2284,0.2284,9,0.657407407407407,213,177,1294,1294,1.16934664597028,1.02832313566029,1.32421128117413,1,1,0.992,6,"1.01 to 1.25","Significant Increase","0.80-1.00"
"E02005079","Maidstone 012",NA,576574,153441,51.2528,0.528913,"4cc310e9-1249-44f9-bbe3-c5b0cbd89886",5,44.74,49.94,0.0347,0.014,0.029,"LargeCentralMetro",0,0,0,0,0,"South East",10,"Maidstone 012",17.5,1,114,20,819,0.175,0.4994,0.4474,0.4474,10,0.824561403508772,94,62,1295,1295,1.46473628751933,1.22357478455527,1.73943577219847,2,1,1,6,"1.26 to 1.50","Significant Increase","0.80-1.00"
"E02005083","Maidstone 016",NA,575063,152147,51.2416,0.50665,"17a19668-bef6-4c11-9612-905468c66829",5,32.96,44.58,0.0161,0.0126,0.0213,"LargeCentralMetro",0,0,0,0,0,"South East",10,"Maidstone 016",35.8,1,179,64,1328,0.358,0.4458,0.3296,0.3296,10,0.642458100558659,115,98,1296,1296,1.17288117597406,0.995190752136315,1.37302401688297,1,0,0.971,6,"1.01 to 1.25","Not Significant","0.80-1.00"
"E02005088","Sevenoaks 002",NA,550881,169054,51.4005,0.167645,"229bd164-69da-4ed4-ab87-c90a37a8e993",7,39.77,47.71,0.0373,0.0634,0.0374,"LargeCentralMetro",0,0,0,0,0,"South East",7,"Sevenoaks 002",33,1,88,29,545,0.33,0.4771,0.3977,0.3977,7,0.670454545454545,59,48,1297,1297,1.22496023009451,0.993631897417659,1.4939178914591,1,0,0.971,6,"1.01 to 1.25","Not Significant","0.80-1.00"
"E02005097","Sevenoaks 011",NA,550335,154123,51.2664,0.153507,"00c58ca4-9bbf-4e61-be15-85dcedd9aeb7",2,15.81,53.05,0.0493,0.0084,0.0462,"LargeCentralMetro",0,0,0,0,0,"South East",9,"Sevenoaks 011",44.4,1,234,104,1410,0.444,0.5305,0.1581,0.1581,9,0.555555555555556,130,128,1298,1298,0.982800894637329,0.838765146734679,1.14439317238893,-1,0,0.397,3,"0.76 to 0.99","Not Significant","0.20-0.39"
"E02005109","Folkestone and Hythe 008",NA,616528,137720,51.0979,1.09117,"76734497-a624-4b91-89a9-4a7f1f1cba47",5,30.22,50.07,0.0097,0.0022,0.019,"LargeCentralMetro",0,0,0,0,0,"South East",10,"Folkestone and Hythe 008",24,1,225,54,1358,0.24,0.5007,0.3022,0.3022,10,0.76,171,123,1299,1299,1.34335316297095,1.16597763348413,1.53997459070497,2,1,1,6,"1.26 to 1.50","Significant Increase","0.80-1.00"
"E02005113","Folkestone and Hythe 012",NA,607135,124993,50.9871,0.949944,"468bfd0d-25b6-4606-81ca-e53b3c6fda03",8,36.47,48.28,0.0099,0.0033,0.0101,"MediumMetro",0,1,0,0,0,"South East",7,"Folkestone and Hythe 012",25.3,1,170,43,1017,0.253,0.4828,0.3647,0.3647,7,0.747058823529412,127,93,1300,1300,1.32939321920459,1.13312253117204,1.54978247446436,2,1,1,6,"1.26 to 1.50","Significant Increase","0.80-1.00"
"E02005125","Swale 011",NA,592332,164585,51.3478,0.760454,"be3a3ac2-eddf-4ce2-9f1e-fe200844f6e0",5,34.69,49.4,0.0099,0.0428,0.0268,"LargeCentralMetro",0,0,0,0,0,"South East",6,"Swale 011",23.6,1,271,64,1587,0.236,0.494,0.3469,0.3469,6,0.763837638376384,207,148,1301,1301,1.35548625922421,1.18990511050992,1.53755136826322,2,1,1,6,"1.26 to 1.50","Significant Increase","0.80-1.00"
"E02005126","Swale 012",NA,589557,163220,51.3365,0.719929,"05e21471-e1ed-4416-a648-518e52184d0b",5,26.84,47.82,0.0201,0.0195,0.025,"LargeCentralMetro",0,0,0,0,0,"South East",8,"Swale 012",35.5,1,313,111,1746,0.355,0.4782,0.2684,0.2684,8,0.645367412140575,202,171,1302,1302,1.16113290380578,1.0187125055292,1.31778760373892,1,1,0.988,6,"1.01 to 1.25","Significant Increase","0.80-1.00"
"E02005127","Swale 013",NA,589482,160298,51.3102,0.717301,"a8e33cc7-fa4b-4246-a2c4-7896ec6bb883",5,25.98,54.19,0.0172,0.0197,0.0179,"LargeCentralMetro",0,0,0,0,0,"South East",8,"Swale 013",19.6,1,204,40,1325,0.196,0.5419,0.2598,0.2598,8,0.803921568627451,164,111,1303,1303,1.39120789821752,1.2025879143031,1.60092210590697,2,1,1,6,"1.26 to 1.50","Significant Increase","0.80-1.00"
"E02005136","Thanet 005",NA,633889,169700,51.3782,1.35955,"c7807815-f1d7-443a-ae71-9f85e04919d0",8,64.23,48.39,0.0164,0.0052,0.0269,"LargeFringeMetro",1,0,0,0,0,"South East",9,"Thanet 005",19.7,1,137,27,837,0.197,0.4839,0.6423,0.6423,9,0.802919708029197,110,75,1304,1304,1.5504771955093,1.31609197775961,1.81432657029968,3,1,1,6,"1.51 to 1.75","Significant Increase","0.80-1.00"
"E02005138","Thanet 007",NA,632049,169101,51.3735,1.33277,"055bae10-d0de-4a6d-97a6-b90472d6b79e",9,36.73,52.93,0.0135,0.0052,0.0294,"LargeFringeMetro",1,0,0,0,0,"South East",10,"Thanet 007",20.4,1,147,30,937,0.204,0.5293,0.3673,0.3673,10,0.795918367346939,117,80,1305,1305,1.43752000073095,1.21960172342372,1.68301500718941,2,1,1,6,"1.26 to 1.50","Significant Increase","0.80-1.00"
"E02005139","Thanet 008",NA,628783,168888,51.3729,1.28579,"3b8b9443-bf77-4814-a1a6-2e976c568df0",8,29.79,47.1,0.0135,0.0039,0.0205,"LargeFringeMetro",1,0,0,0,0,"South East",10,"Thanet 008",22,1,141,31,794,0.22,0.471,0.2979,0.2979,10,0.780141843971631,110,77,1306,1306,1.38476822927932,1.16904220142934,1.62866330525803,2,1,1,6,"1.26 to 1.50","Significant Increase","0.80-1.00"
"E02005154","Tonbridge and Malling 006",NA,560324,155960,51.2802,0.29739,"a95a215a-ffac-4ffa-a313-186accc6533b",4,17.57,46.52,0.0245,0.0073,0.0294,"Micropolitan",0,0,0,1,0,"South East",10,"Tonbridge and Malling 006",25.7,1,148,38,1019,0.257,0.4652,0.1757,0.1757,10,0.743243243243243,110,81,1307,1307,1.24806021763167,1.04939336949195,1.47335575356847,1,1,0.994,6,"1.01 to 1.25","Significant Increase","0.80-1.00"
"E02005161","Tonbridge and Malling 013",NA,557557,145464,51.1867,0.253138,"364c1aab-81e3-4f68-81e2-44373460220d",6,31.51,12.17,0.0644,0.008,0.0365,"LargeCentralMetro",0,0,0,0,0,"South East",8,"Tonbridge and Malling 013",30.1,1,73,22,715,0.301,0.1217,0.3151,0.3151,8,0.698630136986301,51,40,1308,1308,1.20272184174654,0.961294403929137,1.48640771936836,1,0,0.946,6,"1.01 to 1.25","Not Significant","0.80-1.00"
"E02005162","Tunbridge Wells 001",NA,564971,145044,51.1808,0.35894,"4fc6a7d2-4de2-466a-96d5-58f1ca57de77",7,23.08,47.5,0.0161,0.0059,0.0231,"MediumMetro",0,1,0,0,0,"South East",10,"Tunbridge Wells 001",34.9,1,195,68,1238,0.349,0.475,0.2308,0.2308,10,0.651282051282051,127,106,1309,1309,1.16054247076781,0.988899893005925,1.35332224849648,1,0,0.966,6,"1.01 to 1.25","Not Significant","0.80-1.00"
"E02005163","Tunbridge Wells 002",NA,557965,141773,51.1534,0.25735,"164cdc3d-d5d8-4f5b-99f8-09ed11d07e01",6,15.71,40.19,0.0351,0.0095,0.0391,"LargeFringeMetro",1,0,0,0,0,"South East",10,"Tunbridge Wells 002",42.4,1,210,89,1177,0.424,0.4019,0.1571,0.1571,10,0.576190476190476,121,115,1310,1310,1.04125239836659,0.885716625222962,1.21613856767449,1,0,0.676,5,"1.01 to 1.25","Not Significant","0.60-0.79"
"E02005166","Tunbridge Wells 005",NA,560103,140563,51.1419,0.287357,"a8879ab6-3c74-40d3-be5c-2be9a7345c1e",8,32.39,44.54,0.0684,0.0159,0.0385,"LargeFringeMetro",1,0,0,0,0,"South East",10,"Tunbridge Wells 005",25,1,176,44,1035,0.25,0.4454,0.3239,0.3239,10,0.75,132,96,1311,1311,1.34964102721495,1.15384050553292,1.56902505937506,2,1,1,6,"1.26 to 1.50","Significant Increase","0.80-1.00"
"E02005168","Tunbridge Wells 007",NA,557533,140259,51.1399,0.250516,"48ba014f-f40e-4f7a-86cd-4d302233f469",4,11.49,48.36,0.0454,0.0099,0.0433,"LargeFringeMetro",1,0,0,0,0,"South East",10,"Tunbridge Wells 007",57.8,1,296,171,1892,0.578,0.4836,0.1149,0.1149,10,0.422297297297297,125,161,1312,1312,0.80593005305815,0.689031953840322,0.936864927533473,-1,-1,0.003,1,"0.76 to 0.99","Significant Decrease","<0.01"
"E02005176","Burnley 001",NA,386016,434728,53.8087,-2.21384,"afd1de03-1006-4362-a8cb-e3c6b37aadf4",8,35.02,46.42,0.122,0.0024,0.0249,"LargeCentralMetro",0,0,0,0,0,"North West",10,"Burnley 001",30.9,1,217,67,1118,0.309,0.4642,0.3502,0.3502,10,0.691244239631336,150,118,1313,1313,1.26261093384202,1.08904555602363,1.45584932316975,2,1,0.999,6,"1.26 to 1.50","Significant Increase","0.80-1.00"
"E02005179","Burnley 004",NA,379077,433939,53.8013,-2.31916,"9738aaf9-3169-468d-8a48-bea97d4a753e",9,38.68,49.3,0.0147,0.0018,0.012,"LargeCentralMetro",0,0,0,0,0,"North West",10,"Burnley 004",39.2,1,212,83,1079,0.392,0.493,0.3868,0.3868,10,0.608490566037736,129,116,1314,1314,1.15261855112285,0.987446531253207,1.33736023806706,1,0,0.964,6,"1.01 to 1.25","Not Significant","0.80-1.00"
"E02005183","Burnley 008",NA,386149,432444,53.7881,-2.21172,"ff6022ca-528a-495f-9750-39bce47277bb",8,39.13,49.79,0.0128,0.0012,0.0136,"LargeCentralMetro",0,0,0,0,0,"North West",9,"Burnley 008",34.4,1,276,95,1416,0.344,0.4979,0.3913,0.3913,9,0.655797101449275,181,151,1315,1315,1.21351143463867,1.05974228027631,1.38318870614139,1,1,0.998,6,"1.01 to 1.25","Significant Increase","0.80-1.00"
"E02005194","Chorley 006",NA,359382,418826,53.6643,-2.61618,"20c53adc-f60a-48de-92b9-7267001babc6",9,8.44,53.05,0.0305,0.0055,0.0233,"LargeCentralMetro",0,0,0,0,0,"North West",10,"Chorley 006",72,1,225,162,1133,0.72,0.5305,0.0844,0.0844,10,0.28,63,123,1316,1316,0.615938342566395,0.508056158000717,0.739756434082142,-2,-1,0,1,"0.51 to 0.75","Significant Decrease","<0.01"
"E02005195","Chorley 007",NA,348329,417744,53.6536,-2.78326,"1d5153f9-a4d1-4a2e-a461-c68f3341c97e",6,10.94,50.05,0.0169,0.0089,0.0192,"Micropolitan",0,0,0,1,0,"North West",10,"Chorley 007",71.9,1,192,138,963,0.719,0.5005,0.1094,0.1094,10,0.28125,54,105,1317,1317,0.634903367783486,0.518650246808657,0.769227639693255,-2,-1,0,1,"0.51 to 0.75","Significant Decrease","<0.01"
"E02005196","Chorley 008",NA,356749,417706,53.6541,-2.65587,"2cb9dd09-afd8-4d85-bf84-d7a4f04bf6a7",8,29.67,49.91,0.0228,0.0109,0.0255,"LargeCentralMetro",0,0,0,0,0,"North West",9,"Chorley 008",34.9,1,209,73,1106,0.349,0.4991,0.2967,0.2967,9,0.650717703349282,136,114,1318,1318,1.18027538008977,1.01163303007457,1.36887952521352,1,1,0.983,6,"1.01 to 1.25","Significant Increase","0.80-1.00"
"E02005198","Chorley 010",NA,358767,415759,53.6367,-2.62508,"f097bab9-1ffb-4ace-94a4-d092b7c4663e",9,20,47.97,0.0202,0.0038,0.0206,"LargeCentralMetro",0,0,0,0,0,"North West",9,"Chorley 010",52.57,2,335,176,1699,0.5257,0.4797,0.2,0.2,9,0.474626865671642,159,183,1319,1319,0.893907021456486,0.77539408490511,1.0252983734403,-1,0,0.053,2,"0.76 to 0.99","Not Significant","0.01-0.20"
"E02005211","Fylde 009",NA,336952,428140,53.7458,-2.95748,"c4a49558-8767-4972-87ee-d11db338ceac",7,15.24,50.18,0.009,0.0037,0.0146,"LargeCentralMetro",0,0,0,0,0,"North West",7,"Fylde 009",48.8,1,164,80,829,0.488,0.5018,0.1524,0.1524,7,0.51219512195122,84,89,1320,1320,0.939773829069014,0.780801224315567,1.12151789659123,-1,0,0.235,3,"0.76 to 0.99","Not Significant","0.20-0.39"
"E02005213","Hyndburn 002",NA,376195,431474,53.7791,-2.36272,"212e2a03-2720-49f4-80aa-a64b80fc10d7",8,12,53.29,0.0389,0.0034,0.0154,"LargeCentralMetro",0,0,0,0,0,"North West",8,"Hyndburn 002",59.5,1,200,119,1293,0.595,0.5329,0.12,0.12,8,0.405,81,109,1321,1321,0.788878001131841,0.656591371532937,0.939868699192268,-1,-1,0.004,1,"0.76 to 0.99","Significant Decrease","<0.01"
"E02005215","Hyndburn 004",NA,376860,429452,53.7609,-2.35248,"7ec467cf-96ef-497c-9f06-040b71a33a49",9,41.94,53.27,0.104,0.0018,0.0195,"LargeCentralMetro",0,0,0,0,0,"North West",8,"Hyndburn 004",38.7,1,186,72,993,0.387,0.5327,0.4194,0.4194,8,0.612903225806452,114,101,1322,1322,1.16982610881397,0.99435744251366,1.36718027103475,1,0,0.971,6,"1.01 to 1.25","Not Significant","0.80-1.00"
"E02005217","Hyndburn 006",NA,375302,428074,53.7485,-2.376,"29b13ef4-3808-4f02-9d27-b3c80e66e89a",8,26.28,49.18,0.5581,0.0031,0.0358,"LargeCentralMetro",0,0,0,0,0,"North West",9,"Hyndburn 006",38.5,1,156,60,795,0.385,0.4918,0.2628,0.2628,9,0.615384615384615,96,85,1323,1323,1.11210327346353,0.931169435259462,1.31784043833472,1,0,0.876,6,"1.01 to 1.25","Not Significant","0.80-1.00"
"E02005231","Lancaster 011",NA,347637,462962,54.0599,-2.80145,"8b01b94e-7436-4b80-ba6f-df365ea3aa4e",8,38.71,49.05,0.0236,0.0087,0.0226,"LargeFringeMetro",1,0,0,0,0,"North West",7,"Lancaster 011",34.8,1,155,54,999,0.348,0.4905,0.3871,0.3871,7,0.651612903225806,101,85,1324,1324,1.22370964229218,1.03140795013887,1.44130209033467,1,1,0.99,6,"1.01 to 1.25","Significant Increase","0.80-1.00"
"E02005234","Lancaster 014",NA,347646,461319,54.0452,-2.80103,"24d5afa5-9cb6-4859-9adc-173b19df474b",6,12.32,51.76,0.1205,0.0381,0.0594,"LargeFringeMetro",1,0,0,0,0,"North West",7,"Lancaster 014",58,1,276,160,1733,0.58,0.5176,0.1232,0.1232,7,0.420289855072464,116,151,1325,1325,0.794555828138326,0.675932424620546,0.92789645410535,-1,-1,0.002,1,"0.76 to 0.99","Significant Decrease","<0.01"
"E02005241","Pendle 002",NA,386446,446495,53.9144,-2.20783,"89a0dbf0-da51-4425-a513-9b6c5e6e6385",5,23.57,45.35,0.0472,0.0018,0.0134,"LargeCentralMetro",0,0,0,0,0,"North West",10,"Pendle 002",33.6,1,140,47,591,0.336,0.4535,0.2357,0.2357,10,0.664285714285714,93,76,1326,1326,1.17600121528548,0.981372555701005,1.39786123435059,1,0,0.96,6,"1.01 to 1.25","Not Significant","0.80-1.00"
"E02005246","Pendle 007",NA,388332,439271,53.8496,-2.17884,"786545e1-6210-4adf-a2cc-881ffc260237",9,30.84,48.66,0.0697,0.0017,0.0203,"LargeCentralMetro",0,0,0,0,0,"North West",10,"Pendle 007",33.62,2,321,108,1679,0.3362,0.4866,0.3084,0.3084,10,0.663551401869159,213,175,1327,1327,1.21254970869586,1.06779358200295,1.37134137465325,1,1,0.999,6,"1.01 to 1.25","Significant Increase","0.80-1.00"
"E02005249","Pendle 010",NA,386827,437945,53.8376,-2.20166,"a1ae41f6-501d-4f4b-b95b-1e627569f13a",7,29.76,46.07,0.4409,0.0028,0.0434,"LargeCentralMetro",0,0,0,0,0,"North West",10,"Pendle 010",32.2,1,205,66,1042,0.322,0.4607,0.2976,0.2976,10,0.678048780487805,139,112,1328,1328,1.21199874685667,1.03922111476949,1.40518656192756,1,1,0.993,6,"1.01 to 1.25","Significant Increase","0.80-1.00"
"E02005254","Preston 002",NA,349914,435858,53.8166,-2.76222,"099d5e0b-0a89-48dc-aa1f-4337145a8a58",6,8.24,48.81,0.0953,0.0102,0.0298,"LargeCentralMetro",0,0,0,0,0,"North West",10,"Preston 002",75.8,1,182,138,926,0.758,0.4881,0.0824,0.0824,10,0.241758241758242,44,99,1329,1329,0.580002588163837,0.46944443245815,0.708529037409364,-2,-1,0,1,"0.51 to 0.75","Significant Decrease","<0.01"
"E02005255","Preston 003",NA,353122,432959,53.7908,-2.71305,"d9df905d-1c10-488f-8482-f28288a51698",6,43.88,50.64,0.1986,0.0179,0.0342,"LargeCentralMetro",0,0,0,0,0,"North West",10,"Preston 003",31.7,1,139,44,936,0.317,0.5064,0.4388,0.4388,10,0.683453237410072,95,76,1330,1330,1.26826692992136,1.06369900872798,1.50056787507485,2,1,0.996,6,"1.26 to 1.50","Significant Increase","0.80-1.00"
"E02005258","Preston 006",NA,353540,432031,53.7825,-2.70657,"a6c84f51-ac7b-427e-8238-0390891ec208",7,19.94,50.12,0.3455,0.0134,0.0427,"LargeCentralMetro",0,0,0,0,0,"North West",9,"Preston 006",53.34,2,311,166,1644,0.5334,0.5012,0.1994,0.1994,9,0.466237942122186,145,170,1331,1331,0.873102231637761,0.752858411699738,1.00698202862422,-1,0,0.031,2,"0.76 to 0.99","Not Significant","0.01-0.20"
"E02005260","Preston 008",NA,351671,431448,53.7771,-2.73484,"ea40b664-5c5f-43eb-9acc-922a45600a29",7,17.22,52.33,0.0778,0.01,0.0332,"LargeCentralMetro",0,0,0,0,0,"North West",9,"Preston 008",42.8,1,180,77,902,0.428,0.5233,0.1722,0.1722,9,0.572222222222222,103,98,1332,1332,1.0243165207126,0.861495035294134,1.20888425287517,1,0,0.592,4,"1.01 to 1.25","Not Significant","0.40-0.59"
"E02005263","Preston 011",NA,353996,430862,53.7721,-2.69947,"605ebae1-8783-4ebc-8099-7e0a4580e97f",6,50,42.95,0.4603,0.0434,0.0559,"LargeCentralMetro",0,0,0,0,0,"North West",9,"Preston 011",30.6,1,108,33,603,0.306,0.4295,0.5,0.5,9,0.694444444444444,75,59,1333,1333,1.29759141978458,1.07123971914604,1.55749963306944,2,1,0.996,6,"1.26 to 1.50","Significant Increase","0.80-1.00"
"E02005265","Preston 013",NA,350598,430502,53.7685,-2.75097,"a463890a-8a4b-4ee4-a2d0-52102fb1b475",9,41.01,45.16,0.0417,0.0148,0.038,"LargeCentralMetro",0,0,0,0,0,"North West",9,"Preston 013",38.2,1,178,68,868,0.382,0.4516,0.4101,0.4101,9,0.617977528089888,110,97,1334,1334,1.16794739103578,0.990007849064487,1.36848156935679,1,0,0.967,6,"1.01 to 1.25","Not Significant","0.80-1.00"
"E02005270","Ribble Valley 001",NA,374720,448393,53.931,-2.3865,"888a2ea1-b0e7-4c9e-b4e3-ee4bec05d579",3,6.48,52.03,0.0103,0.005,0.0113,"Micropolitan",0,0,0,1,0,"North West",10,"Ribble Valley 001",42.6,1,108,46,615,0.426,0.5203,0.0648,0.0648,10,0.574074074074074,62,59,1335,1335,0.97615849747241,0.789715464731517,1.19340968880412,-1,0,0.388,3,"0.76 to 0.99","Not Significant","0.20-0.39"
"E02005275","Ribble Valley 006",NA,361493,435223,53.8119,-2.58628,"9ed4f1c8-67ee-4ab4-81d4-43fe17d61cc6",7,26.96,50.18,0.005,0.0024,0.0157,"MediumMetro",0,1,0,0,0,"North West",10,"Ribble Valley 006",41.7,1,115,48,570,0.417,0.5018,0.2696,0.2696,10,0.582608695652174,67,63,1336,1336,1.0742896769547,0.879504020458936,1.29928256706668,1,0,0.748,5,"1.01 to 1.25","Not Significant","0.60-0.79"
"E02005278","Rossendale 001",NA,382768,425780,53.7281,-2.26266,"117e4051-a26f-4e59-90bf-ca60a39298ce",5,24.64,50.89,0.0278,0.003,0.017,"LargeCentralMetro",0,0,0,0,0,"North West",10,"Rossendale 001",25.4,1,138,35,902,0.254,0.5089,0.2464,0.2464,10,0.746376811594203,103,75,1337,1337,1.28656236616703,1.07916847095312,1.52214262245793,2,1,0.998,6,"1.26 to 1.50","Significant Increase","0.80-1.00"
"E02005285","Rossendale 008",NA,381511,417299,53.6519,-2.2812,"97f58067-a0e2-446c-892c-97d3e6ada173",6,20.38,52.32,0.0216,0.0016,0.0146,"LargeCentralMetro",0,0,0,0,0,"North West",10,"Rossendale 008",41.9,1,265,111,1552,0.419,0.5232,0.2038,0.2038,10,0.581132075471698,154,145,1338,1338,1.05474707185023,0.911230817746467,1.21434565045047,1,0,0.755,5,"1.01 to 1.25","Not Significant","0.60-0.79"
"E02005286","Rossendale 009",NA,388112,419024,53.6676,-2.1814,"0051727d-947c-43e2-99fe-210a304600f1",8,21.14,48.39,0.0095,0.0012,0.0096,"LargeCentralMetro",0,0,0,0,0,"North West",10,"Rossendale 009",63.4,1,123,78,651,0.634,0.4839,0.2114,0.2114,10,0.365853658536585,45,67,1339,1339,0.809596415812038,0.65289216158226,0.992330452722139,-1,-1,0.021,2,"0.76 to 0.99","Significant Decrease","0.01-0.20"
"E02005287","South Ribble 001",NA,350539,428211,53.7479,-2.7515,"1260c83f-0ef2-4375-b4fc-eeb169400f52",4,23.57,72.6,0.0349,0.003,0.0238,"LargeCentralMetro",0,0,0,0,0,"North West",10,"South Ribble 001",46.51,2,314,146,1544,0.4651,0.726,0.2357,0.2357,10,0.535031847133758,168,171,1340,1340,0.98926673923151,0.859750253686991,1.13267928519668,-1,0,0.424,4,"0.76 to 0.99","Not Significant","0.40-0.59"
"E02005289","South Ribble 003",NA,351907,427672,53.7432,-2.73067,"782aad99-59e9-4814-aba2-749f214f4884",5,10.75,46.37,0.0389,0.007,0.0196,"LargeCentralMetro",0,0,0,0,0,"North West",10,"South Ribble 003",57.5,1,186,107,910,0.575,0.4637,0.1075,0.1075,10,0.424731182795699,79,101,1341,1341,0.813789579896108,0.675279862358584,0.97223930303531,-1,-1,0.012,2,"0.76 to 0.99","Significant Decrease","0.01-0.20"
"E02005294","South Ribble 008",NA,357613,425510,53.7243,-2.64386,"52405c0f-0166-4133-96e4-c89e8bce3c7e",8,23.45,50.26,0.0217,0.0082,0.024,"LargeCentralMetro",0,0,0,0,0,"North West",10,"South Ribble 008",40.7,1,145,59,760,0.407,0.5026,0.2345,0.2345,10,0.593103448275862,86,79,1342,1342,1.08200320428926,0.900261655199099,1.28957086010792,1,0,0.792,5,"1.01 to 1.25","Not Significant","0.60-0.79"
"E02005295","South Ribble 009",NA,354777,426011,53.7285,-2.68691,"0b52102f-5c62-4b7c-bf92-81406504b15f",8,12.66,47.35,0.0179,0.0021,0.0203,"LargeCentralMetro",0,0,0,0,0,"North West",10,"South Ribble 009",46.2,1,158,73,773,0.462,0.4735,0.1266,0.1266,10,0.537974683544304,85,86,1343,1343,0.973966148832287,0.80923154110219,1.16230436506197,-1,0,0.369,3,"0.76 to 0.99","Not Significant","0.20-0.39"
"E02005301","South Ribble 015",NA,353582,421343,53.6865,-2.70432,"9bc1b1d7-7f99-4e92-9d95-5f7610332a83",9,20.75,50.32,0.0131,0.0052,0.014,"LargeCentralMetro",0,0,0,0,0,"North West",10,"South Ribble 015",42.5,1,106,45,618,0.425,0.5032,0.2075,0.2075,10,0.575471698113208,61,58,1344,1344,1.05432903667036,0.857460738884728,1.28279428767544,1,0,0.678,5,"1.01 to 1.25","Not Significant","0.60-0.79"
"E02005302","South Ribble 016",NA,355536,421444,53.6876,-2.67475,"4025c08f-64bc-4a68-99b7-ea93198a0303",7,13.83,48.66,0.0189,0.0027,0.0218,"LargeCentralMetro",0,0,0,0,0,"North West",9,"South Ribble 016",57.4,1,188,108,933,0.574,0.4866,0.1383,0.1383,9,0.425531914893617,80,103,1345,1345,0.818436848805686,0.680316570357733,0.976236103635028,-1,-1,0.013,2,"0.76 to 0.99","Significant Decrease","0.01-0.20"
"E02005303","South Ribble 017",NA,352501,420976,53.6831,-2.72063,"2f1759a2-007e-4468-a2be-6714844016ce",10,21.25,46.27,0.0106,0.0073,0.0254,"LargeCentralMetro",0,0,0,0,0,"North West",9,"South Ribble 017",43.8,1,160,70,817,0.438,0.4627,0.2125,0.2125,9,0.5625,90,87,1346,1346,1.03617502542818,0.865172567284876,1.23098454826668,1,0,0.636,5,"1.01 to 1.25","Not Significant","0.60-0.79"
"E02005304","West Lancashire 001",NA,343531,424325,53.7123,-2.85704,"350c1fbb-c3c1-4ef4-b29d-bb80ec3fc12e",6,14.84,50.96,0.0063,0.0017,0.0146,"MediumMetro",0,1,0,0,0,"North West",7,"West Lancashire 001",47.7,1,128,61,675,0.477,0.5096,0.1484,0.1484,7,0.5234375,67,70,1347,1347,0.937003014256292,0.765441219923952,1.13550545821017,-1,0,0.242,3,"0.76 to 0.99","Not Significant","0.20-0.39"
"E02005310","West Lancashire 007",NA,341860,407834,53.5639,-2.87927,"e4f50e59-c4f1-467c-b06c-ab6c0ef4d427",8,5.67,53.54,0.0228,0.0095,0.0185,"LargeCentralMetro",0,0,0,0,0,"North West",6,"West Lancashire 007",65.2,1,141,92,706,0.652,0.5354,0.0567,0.0567,6,0.347517730496454,49,77,1348,1348,0.703226071324987,0.567074701395336,0.862080583827084,-2,-1,0,1,"0.51 to 0.75","Significant Decrease","<0.01"
"E02005312","West Lancashire 009",NA,348155,407583,53.5623,-2.7842,"b38ed72e-e3f2-4d5a-9e2a-f44c8b9a7bb5",8,48.57,48.68,0.0136,0.0051,0.0177,"LargeCentralMetro",0,0,0,0,0,"North West",7,"West Lancashire 009",31.4,1,140,44,793,0.314,0.4868,0.4857,0.4857,7,0.685714285714286,96,76,1349,1349,1.29868968714096,1.09094792529265,1.53431235627095,2,1,0.998,6,"1.26 to 1.50","Significant Increase","0.80-1.00"
"E02005322","Wyre 004",NA,337660,445387,53.9009,-2.95025,"2c9c0c04-68c3-4ec2-94c1-65bc21d2b3bd",9,19.76,50.78,0.0054,0.0018,0.0096,"MediumMetro",0,1,0,0,0,"North West",10,"Wyre 004",43.7,1,167,73,835,0.437,0.5078,0.1976,0.1976,10,0.562874251497006,94,91,1350,1350,1.03306934346213,0.864819468934446,1.22439539181577,1,0,0.626,5,"1.01 to 1.25","Not Significant","0.60-0.79"
"E02005323","Wyre 005",NA,333003,445293,53.8995,-3.02109,"70321ab7-e282-410b-a7fc-fc5a1525a045",9,42.41,50.06,0.0081,0.0021,0.0135,"LargeCentralMetro",0,0,0,0,0,"North West",10,"Wyre 005",31.63,2,316,100,1788,0.3163,0.5006,0.4241,0.4241,10,0.683544303797468,216,172,1351,1351,1.27532010228955,1.12497028299948,1.44003711318242,2,1,1,6,"1.26 to 1.50","Significant Increase","0.80-1.00"
"E02005324","Wyre 006",NA,353247,446851,53.9157,-2.71328,"f97dae8c-9798-439e-99da-da62de822fe6",5,16.13,49.94,0.0121,0.0052,0.0121,"Micropolitan",0,0,0,1,0,"North West",10,"Wyre 006",45.2,1,155,70,801,0.452,0.4994,0.1613,0.1613,10,0.548387096774194,85,85,1352,1352,0.994960106569359,0.826547004678583,1.18751749427202,-1,0,0.459,4,"0.76 to 0.99","Not Significant","0.40-0.59"
"E02005330","Wyre 012",NA,334738,441494,53.8656,-2.99388,"01e20396-f3cb-4773-88c8-3a0298ecc718",7,19.51,47.08,0.0063,0.002,0.0091,"LargeCentralMetro",0,0,0,0,0,"North West",10,"Wyre 012",45.1,1,164,74,873,0.451,0.4708,0.1951,0.1951,10,0.548780487804878,90,89,1353,1353,1.01709597392783,0.84953424280797,1.20793495509571,1,0,0.556,4,"1.01 to 1.25","Not Significant","0.40-0.59"
"E02005331","Wyre 013",NA,335042,439607,53.8486,-2.98886,"6178d54f-1209-4a7a-8a1f-6fd28affdb3b",8,21.36,46.96,0.0141,0.0024,0.0152,"LargeCentralMetro",0,0,0,0,0,"North West",10,"Wyre 013",50,1,220,110,1120,0.5,0.4696,0.2136,0.2136,10,0.5,110,120,1354,1354,0.947340322361517,0.803235145530163,1.10970720691228,-1,0,0.242,3,"0.76 to 0.99","Not Significant","0.20-0.39"
"E02005332","Wyre 014",NA,334635,438423,53.8379,-2.99479,"8195f735-2b8d-4d7d-be21-8b9e403b862a",7,25.6,51.81,0.0175,0.0029,0.0141,"LargeCentralMetro",0,0,0,0,0,"North West",6,"Wyre 014",41.1,1,168,69,747,0.411,0.5181,0.256,0.256,6,0.589285714285714,99,92,1355,1355,1.06726926941154,0.896345618950059,1.26119944216812,1,0,0.759,5,"1.01 to 1.25","Not Significant","0.60-0.79"
"E02005338","Blaby 006",NA,453927,300333,52.5981,-1.20526,"a0476a4d-bdc6-4a78-83eb-25653446575c",7,16.46,48.21,0.063,0.0127,0.0403,"LargeCentralMetro",0,0,0,0,0,"East Midlands",10,"Blaby 006",43.9,1,237,104,1199,0.439,0.4821,0.1646,0.1646,10,0.561181434599156,133,129,1356,1356,1.01210813233654,0.865822338604859,1.17593906856813,1,0,0.545,4,"1.01 to 1.25","Not Significant","0.40-0.59"
"E02005346","Charnwood 002",NA,453988,320686,52.7811,-1.20103,"939f9f2b-1eaa-4a3e-a27a-9793b3e53531",7,33.33,49,0.2485,0.0322,0.056,"LargeCentralMetro",0,0,0,0,0,"East Midlands",6,"Charnwood 002",53.5,1,129,69,651,0.535,0.49,0.3333,0.3333,6,0.465116279069767,60,70,1357,1357,0.926637172017233,0.756620806777248,1.12330407240306,-1,0,0.209,3,"0.76 to 0.99","Not Significant","0.20-0.39"
"E02005348","Charnwood 004",NA,450601,319620,52.7718,-1.2514,"91e274c3-7bde-4997-9b1b-8a26d925c7f7",6,20.59,51.03,0.136,0.021,0.0393,"LargeCentralMetro",0,0,0,0,0,"East Midlands",6,"Charnwood 004",52.61,2,306,161,1991,0.5261,0.5103,0.2059,0.2059,6,0.473856209150327,145,167,1358,1358,0.879769041850979,0.75820839934074,1.01517275874117,-1,0,0.039,2,"0.76 to 0.99","Not Significant","0.01-0.20"
"E02005354","Charnwood 010",NA,451535,317128,52.7493,-1.23795,"9dae33cf-9341-4f9c-84df-cce51fd51f6f",4,14.37,50.96,0.1316,0.0118,0.0482,"LargeCentralMetro",0,0,0,0,0,"East Midlands",10,"Charnwood 010",52.5,1,160,84,830,0.525,0.5096,0.1437,0.1437,10,0.475,76,87,1359,1359,0.87552959039925,0.722793971577495,1.05092320771712,-1,0,0.075,2,"0.76 to 0.99","Not Significant","0.01-0.20"
"E02005355","Charnwood 011",NA,458589,317271,52.7499,-1.13343,"b9a35f27-d2b3-499b-a33d-115290798cbc",5,16.13,49.05,0.0158,0.0031,0.0205,"MediumMetro",0,1,0,0,0,"East Midlands",10,"Charnwood 011",53.5,1,155,83,844,0.535,0.4905,0.1613,0.1613,10,0.464516129032258,72,85,1360,1360,0.873802479134444,0.719947716584157,1.05069918934169,-1,0,0.074,2,"0.76 to 0.99","Not Significant","0.01-0.20"
"E02005356","Charnwood 012",NA,456417,316568,52.7438,-1.16573,"95ec5a9b-1656-444d-9c86-05a6c303c66a",5,19.67,49,0.0267,0.0048,0.0247,"MediumMetro",0,1,0,0,0,"East Midlands",10,"Charnwood 012",45.5,1,244,111,1506,0.455,0.49,0.1967,0.1967,10,0.545081967213115,133,133,1361,1361,0.993493367439616,0.8504427730233,1.15361965869081,-1,0,0.45,4,"0.76 to 0.99","Not Significant","0.40-0.59"
"E02005361","Charnwood 017",NA,461446,311538,52.6981,-1.09218,"3f25a8f8-029f-481b-b194-767f33438070",5,24.83,49.38,0.2011,0.0068,0.035,"LargeCentralMetro",0,0,0,0,0,"East Midlands",10,"Charnwood 017",34.2,1,149,51,1126,0.342,0.4938,0.2483,0.2483,10,0.657718120805369,98,81,1362,1362,1.16075197989742,0.971963126226435,1.37543783997985,1,0,0.949,6,"1.01 to 1.25","Not Significant","0.80-1.00"
"E02005364","Charnwood 020",NA,459152,309206,52.6773,-1.12654,"5df7eb9b-8103-456e-b2f8-f622cc6a4fc0",4,23.94,49.54,0.2243,0.0091,0.035,"LargeCentralMetro",0,0,0,0,0,"East Midlands",10,"Charnwood 020",42,1,188,79,981,0.42,0.4954,0.2394,0.2394,10,0.579787234042553,109,103,1363,1363,1.04710474448346,0.884792038913809,1.23047393368335,1,0,0.693,5,"1.01 to 1.25","Not Significant","0.60-0.79"
"E02005365","Charnwood 021",NA,461404,309443,52.6792,-1.09319,"81f9230d-8ff4-42ab-88f4-79f31e874c1c",5,18.92,50.14,0.3351,0.0171,0.0443,"LargeCentralMetro",0,0,0,0,0,"East Midlands",10,"Charnwood 021",46.6,1,148,69,730,0.466,0.5014,0.1892,0.1892,10,0.533783783783784,79,81,1364,1364,0.966388235340675,0.799195525574708,1.15816129283383,-1,0,0.341,3,"0.76 to 0.99","Not Significant","0.20-0.39"
"E02005366","Charnwood 022",NA,454693,308474,52.6712,-1.19261,"b153f555-5577-48ed-9f7a-4799a16ceecd",6,15.79,48.87,0.0478,0.0101,0.0366,"MediumMetro",0,1,0,0,0,"East Midlands",10,"Charnwood 022",43.9,1,171,75,843,0.439,0.4887,0.1579,0.1579,10,0.56140350877193,96,93,1365,1365,0.999310450169559,0.835956825933844,1.18519261825074,-1,0,0.478,4,"0.76 to 0.99","Not Significant","0.40-0.59"
"E02005369","Harborough 003",NA,466615,297507,52.5713,-1.01853,"4b564c7d-4e39-495a-8f4f-af014edfa01b",3,18.71,48.25,0.1173,0.0061,0.0395,"MediumMetro",0,1,0,0,0,"East Midlands",10,"Harborough 003",50.3,1,171,86,829,0.503,0.4825,0.1871,0.1871,10,0.497076023391813,85,93,1366,1366,0.914427305030668,0.760390820660303,1.09041856371517,-1,0,0.154,2,"0.76 to 0.99","Not Significant","0.01-0.20"
"E02005373","Harborough 007",NA,472224,288675,52.4912,-0.9377,"e0329f4d-aa50-48a0-9d82-5b1875bfe8ff",4,8.38,50.35,0.024,0.0085,0.0255,"LargeFringeMetro",1,0,0,0,0,"East Midlands",10,"Harborough 007",62.6,1,179,112,1277,0.626,0.5035,0.0838,0.0838,10,0.374301675977654,67,98,1367,1367,0.753365436984335,0.620381102737852,0.906261171806622,-1,-1,0.001,1,"0.76 to 0.99","Significant Decrease","<0.01"
"E02005376","Harborough 010",NA,454216,284884,52.4592,-1.2035,"addd79f4-f121-4069-a42d-328fafafb812",8,13.5,47.69,0.0206,0.0071,0.0225,"LargeCentralMetro",0,0,0,0,0,"East Midlands",10,"Harborough 010",49.52,2,400,198,2407,0.4952,0.4769,0.135,0.135,10,0.505,202,218,1368,1368,0.929362494698945,0.81628465193076,1.05363151453662,-1,0,0.123,2,"0.76 to 0.99","Not Significant","0.01-0.20"
"E02005377","Hinckley and Bosworth 001",NA,446945,308701,52.674,-1.30714,"832241ef-bfb0-43aa-9c39-ea98bf3ac590",6,16.09,49.13,0.0301,0.0058,0.0192,"Micropolitan",0,0,0,1,0,"East Midlands",10,"Hinckley and Bosworth 001",43.1,1,174,75,867,0.431,0.4913,0.1609,0.1609,10,0.568965517241379,99,95,1369,1369,1.02536040719431,0.860041176205699,1.2131107558524,1,0,0.595,4,"1.01 to 1.25","Not Significant","0.40-0.59"
"E02005380","Hinckley and Bosworth 004",NA,436740,304426,52.6364,-1.45853,"31cdbb9c-d0d3-41f8-9808-ad43465b5519",7,5.19,51.07,0.0086,0.0018,0.0142,"MediumMetro",0,1,0,0,0,"East Midlands",10,"Hinckley and Bosworth 004",72.1,1,154,111,840,0.721,0.5107,0.0519,0.0519,10,0.279220779220779,43,84,1370,1370,0.62957156416386,0.506611969143882,0.773157436186308,-2,-1,0,1,"0.51 to 0.75","Significant Decrease","<0.01"
"E02005381","Hinckley and Bosworth 005",NA,446479,302049,52.6143,-1.31497,"3dd7b18f-a469-4e79-a863-0a88627b3815",7,11.2,49.78,0.0265,0.0043,0.0263,"MediumMetro",0,1,0,0,0,"East Midlands",10,"Hinckley and Bosworth 005",54.8,1,241,132,1557,0.548,0.4978,0.112,0.112,10,0.452282157676349,109,131,1371,1371,0.844634252491691,0.714774973947924,0.991164653395014,-1,-1,0.019,2,"0.76 to 0.99","Significant Decrease","0.01-0.20"
"E02005382","Hinckley and Bosworth 006",NA,446974,297857,52.5765,-1.30825,"2ef213eb-9455-47b8-b227-9842284fb346",8,32.12,47.77,0.0241,0.01,0.0236,"LargeCentralMetro",0,0,0,0,0,"East Midlands",10,"Hinckley and Bosworth 006",34.3,1,137,47,674,0.343,0.4777,0.3212,0.3212,10,0.656934306569343,90,75,1372,1372,1.19615634526444,0.998448981849281,1.42144359827914,1,0,0.974,6,"1.01 to 1.25","Not Significant","0.80-1.00"
"E02005384","Hinckley and Bosworth 008",NA,436814,298946,52.5871,-1.45805,"d44203ec-8648-4039-919d-cd3cae6bc906",7,17.46,49.18,0.0215,0.004,0.022,"LargeCentralMetro",0,0,0,0,0,"East Midlands",8,"Hinckley and Bosworth 008",53.83,2,338,182,1700,0.5383,0.4918,0.1746,0.1746,8,0.461538461538462,156,184,1373,1373,0.866121018266811,0.750151018656452,0.994837241424282,-1,-1,0.021,2,"0.76 to 0.99","Significant Decrease","0.01-0.20"
"E02005389","Hinckley and Bosworth 013",NA,444397,293535,52.5379,-1.34685,"b3a11a63-6571-483a-a21d-75baab97a714",9,13.75,48.89,0.0205,0.0026,0.0183,"LargeCentralMetro",0,0,0,0,0,"East Midlands",6,"Hinckley and Bosworth 013",52.5,1,160,84,859,0.525,0.4889,0.1375,0.1375,6,0.475,76,87,1374,1374,0.885147969283321,0.731248568220054,1.06178021835928,-1,0,0.091,2,"0.76 to 0.99","Not Significant","0.01-0.20"
"E02005391","Melton 001",NA,479133,332774,52.8866,-0.82538,"92282c97-641b-4c04-9241-c8b9cd77b932",4,18.71,48.05,0.0052,0.0022,0.0108,"SmallMetro",0,0,1,0,0,"East Midlands",10,"Melton 001",41,1,139,57,693,0.41,0.4805,0.1871,0.1871,10,0.589928057553957,82,76,1375,1375,1.07462213464781,0.890960252142284,1.28490454701184,1,0,0.765,5,"1.01 to 1.25","Not Significant","0.60-0.79"
"E02005392","Melton 002",NA,475039,320771,52.7793,-0.88897,"9c25bb16-0b71-46f4-adaf-8aadbbc45ccd",7,16.74,49.58,0.0104,0.0061,0.0143,"LargeFringeMetro",1,0,0,0,0,"East Midlands",8,"Melton 002",37.2,1,239,89,1194,0.372,0.4958,0.1674,0.1674,8,0.627615062761506,150,130,1376,1376,1.13181831988702,0.975400893958976,1.30607987259489,1,0,0.948,6,"1.01 to 1.25","Not Significant","0.80-1.00"
"E02005394","Melton 004",NA,473820,318181,52.7562,-0.90762,"ba5c6a12-c26a-4ab3-a19e-555ca5cad637",8,22.22,48.66,0.0123,0.0023,0.0209,"LargeFringeMetro",1,0,0,0,0,"East Midlands",8,"Melton 004",52.2,1,180,94,935,0.522,0.4866,0.2222,0.2222,8,0.477777777777778,86,98,1377,1377,0.93655068076961,0.782787162132866,1.11153062545368,-1,0,0.218,3,"0.76 to 0.99","Not Significant","0.20-0.39"
"E02005412","Oadby and Wigston 003",NA,462126,299908,52.5934,-1.0843,"77b3e3a4-afd5-4704-9be2-10180fb262c7",5,15.77,46.67,0.4059,0.0289,0.0924,"LargeCentralMetro",0,0,0,0,0,"East Midlands",9,"Oadby and Wigston 003",63.96,2,463,296,3139,0.6396,0.4667,0.1577,0.1577,9,0.360691144708423,167,253,1378,1378,0.685367826259877,0.59651047924974,0.783638996971852,-2,-1,0,1,"0.51 to 0.75","Significant Decrease","<0.01"
"E02005415","Oadby and Wigston 006",NA,459041,298106,52.5776,-1.13016,"95356fbf-72a1-4481-8c6f-f0d5f496b94e",9,21.6,48.79,0.0622,0.0166,0.0447,"LargeCentralMetro",0,0,0,0,0,"East Midlands",7,"Oadby and Wigston 006",22.8,1,162,37,783,0.228,0.4879,0.216,0.216,7,0.771604938271605,125,88,1379,1379,1.30649712635939,1.1085156852131,1.52957837127227,2,1,0.999,6,"1.26 to 1.50","Significant Increase","0.80-1.00"
"E02005423","Boston 007",NA,532065,338181,52.9248,-0.03692,"015ecfde-6b4b-4131-9de4-c2faab3b9d3a",8,37.25,52.5,0.0089,0.004,0.0171,"SmallMetro",0,0,1,0,0,"East Midlands",10,"Boston 007",15.7,1,102,16,600,0.157,0.525,0.3725,0.3725,10,0.843137254901961,86,56,1380,1380,1.487052800765,1.23441367832858,1.77610613146866,2,1,1,6,"1.26 to 1.50","Significant Increase","0.80-1.00"
"E02005425","East Lindsey 002",NA,538494,394277,53.4271,0.082904,"ceee05b4-a2c2-4a24-a956-69b77fca3ef4",7,40.74,49.88,0.0071,0.0014,0.0121,"SmallMetro",0,0,1,0,0,"East Midlands",10,"East Lindsey 002",29.6,1,81,24,431,0.296,0.4988,0.4074,0.4074,10,0.703703703703704,57,44,1381,1381,1.34398869854173,1.08973826724202,1.63962071954438,2,1,0.997,6,"1.26 to 1.50","Significant Increase","0.80-1.00"
"E02005431","East Lindsey 008",NA,546122,375292,53.2546,0.18887,"b35b77a4-e328-4d79-afef-a4a34c2c887b",8,50.89,48.26,0.0049,0.0023,0.0128,"SmallMetro",0,0,1,0,0,"East Midlands",10,"East Lindsey 008",19.6,1,112,22,634,0.196,0.4826,0.5089,0.5089,10,0.803571428571429,90,61,1382,1382,1.51683505934534,1.26808192874623,1.79993644779355,3,1,1,6,"1.51 to 1.75","Significant Increase","0.80-1.00"
"E02005434","East Lindsey 011",NA,525866,369628,53.2089,-0.1168,"9a893786-46d7-4a1b-bd2a-5ade7e9ddc7d",8,31.48,52.96,0.0094,0.0013,0.0097,"SmallMetro",0,0,1,0,0,"East Midlands",9,"East Lindsey 011",28.7,1,108,31,608,0.287,0.5296,0.3148,0.3148,9,0.712962962962963,77,59,1383,1383,1.29613140701934,1.0697621004706,1.55614484179053,2,1,0.996,6,"1.26 to 1.50","Significant Increase","0.80-1.00"
"E02005435","East Lindsey 012",NA,555545,365500,53.1639,0.325225,"7d0febd8-4fb1-4448-bd44-9587988e8a2a",10,60.81,51.93,0.0116,0.0011,0.0113,"LargeFringeMetro",1,0,0,0,0,"East Midlands",9,"East Lindsey 012",4.7,1,148,7,932,0.047,0.5193,0.6081,0.6081,9,0.952702702702703,141,81,1384,1384,1.76507606610583,1.51822259635464,2.04042672066007,4,1,1,6,"1.76 to 2.0","Significant Increase","0.80-1.00"
"E02005436","East Lindsey 013",NA,544037,364040,53.154,0.15257,"9c0620a6-ab57-494f-89b8-0576bd2b35ff",8,46.84,46.84,0.0055,0.0017,0.012,"SmallMetro",0,0,1,0,0,"East Midlands",10,"East Lindsey 013",24.1,1,79,19,380,0.241,0.4684,0.4684,0.4684,10,0.759493670886076,60,43,1385,1385,1.45121500558386,1.18101247497945,1.76458437237284,2,1,1,6,"1.26 to 1.50","Significant Increase","0.80-1.00"
"E02005439","East Lindsey 016",NA,521508,358423,53.1092,-0.18627,"8163cdee-1aca-43a6-a046-7be99f8d822b",6,36.54,49.51,0.0082,0.0034,0.0169,"SmallMetro",0,0,1,0,0,"East Midlands",10,"East Lindsey 016",26.9,1,104,28,509,0.269,0.4951,0.3654,0.3654,10,0.730769230769231,76,57,1386,1386,1.33396171672952,1.10052591286979,1.60216019885444,2,1,0.998,6,"1.26 to 1.50","Significant Increase","0.80-1.00"
"E02005441","East Lindsey 018",NA,533826,356221,53.0865,-0.00328,"85e36314-cd69-459d-86c9-6d4cb5689868",7,50.91,47.3,0.0068,0.002,0.0107,"Noncore",0,0,0,0,1,"East Midlands",10,"East Lindsey 018",12.7,1,55,7,315,0.127,0.473,0.5091,0.5091,10,0.872727272727273,48,30,1387,1387,1.59823213771795,1.27530728204974,1.97802405664381,3,1,1,6,"1.51 to 1.75","Significant Increase","0.80-1.00"
"E02005444","Lincoln 003",NA,496449,372591,53.2416,-0.55621,"5fafa4e8-a90e-4c33-bdda-20cc988cd097",8,23.93,30.36,0.0288,0.0154,0.0327,"LargeCentralMetro",0,0,0,0,0,"East Midlands",2,"Lincoln 003",55.6,1,117,65,392,0.556,0.3036,0.2393,0.2393,2,0.444444444444444,52,64,1388,1388,0.862533988213075,0.696357378177492,1.05630687758061,-1,0,0.074,2,"0.76 to 0.99","Not Significant","0.01-0.20"
"E02005445","Lincoln 004",NA,499956,372176,53.2372,-0.50381,"b43d7885-b08a-4f57-a56b-68285f529009",8,25.89,49.13,0.0435,0.02,0.0453,"LargeCentralMetro",0,0,0,0,0,"East Midlands",6,"Lincoln 004",32,1,197,63,1266,0.32,0.4913,0.2589,0.2589,6,0.680203045685279,134,107,1389,1389,1.19594857068421,1.02181082953059,1.39116875964297,1,1,0.987,6,"1.01 to 1.25","Significant Increase","0.80-1.00"
"E02005449","Lincoln 008",NA,495773,369921,53.2177,-0.56714,"517ded5a-e269-466f-9715-011b1073fe3e",7,24.72,49.97,0.0527,0.021,0.0328,"LargeCentralMetro",0,0,0,0,0,"East Midlands",4,"Lincoln 008",42.9,3,534,229,3320,0.429,0.4997,0.2472,0.2472,4,0.571161048689139,305,291,1390,1390,1.04021323883007,0.933337983844996,1.15588827196175,1,0,0.756,5,"1.01 to 1.25","Not Significant","0.60-0.79"
"E02005456","North Kesteven 004",NA,498668,365544,53.1779,-0.52514,"c9c62566-3ae4-4920-a85d-9b6e5fb1a964",6,17.46,52.26,0.0096,0.0029,0.0148,"MediumMetro",0,1,0,0,0,"East Midlands",10,"North Kesteven 004",34.9,1,189,66,1152,0.349,0.5226,0.1746,0.1746,10,0.650793650793651,123,103,1391,1391,1.13977162274092,0.968278573003867,1.33280770396501,1,0,0.941,6,"1.01 to 1.25","Not Significant","0.80-1.00"
"E02005458","North Kesteven 006",NA,497632,357322,53.1042,-0.54314,"f9a993ea-f2bc-453c-9c43-0719b68a0e6e",5,24.26,49.7,0.0086,0.0015,0.0098,"Micropolitan",0,0,0,1,0,"East Midlands",9,"North Kesteven 006",27.8,1,169,47,994,0.278,0.497,0.2426,0.2426,9,0.72189349112426,122,92,1392,1392,1.26525259956005,1.07386021209559,1.48083280883227,2,1,0.998,6,"1.26 to 1.50","Significant Increase","0.80-1.00"
"E02005462","North Kesteven 010",NA,507323,345770,52.9985,-0.40229,"b7d0c232-ea29-4a93-9b36-75c53d3b1a4f",7,27.76,51.22,0.0123,0.0044,0.021,"LargeFringeMetro",1,0,0,0,0,"East Midlands",10,"North Kesteven 010",24.4,1,389,95,2329,0.244,0.5122,0.2776,0.2776,10,0.755784061696658,294,212,1393,1393,1.3671000073517,1.22390926257421,1.52233287822334,2,1,1,6,"1.26 to 1.50","Significant Increase","0.80-1.00"
"E02005467","South Holland 003",NA,535735,325133,52.8067,0.012204,"49bb9189-0f0b-4008-bfd2-1eadcf6920fe",7,28.88,48.28,0.0105,0.0036,0.0127,"SmallMetro",0,0,1,0,0,"East Midlands",10,"South Holland 003",28.4,1,232,66,1394,0.284,0.4828,0.2888,0.2888,10,0.71551724137931,166,127,1394,1394,1.29471952284392,1.1232243506154,1.48486920544639,2,1,1,6,"1.26 to 1.50","Significant Increase","0.80-1.00"
"E02005471","South Holland 007",NA,526047,321972,52.7806,-0.13265,"a1759af6-129d-4840-a53f-8af138e132b7",5,22.93,49.38,0.0173,0.0067,0.0237,"LargeCentralMetro",0,0,0,0,0,"East Midlands",10,"South Holland 007",31.2,1,266,83,1448,0.312,0.4938,0.2293,0.2293,10,0.68796992481203,183,145,1395,1395,1.22180107497358,1.06488239967085,1.39522999727933,1,1,0.998,6,"1.01 to 1.25","Significant Increase","0.80-1.00"
"E02005478","South Kesteven 003",NA,492175,337134,52.9237,-0.63038,"159d65ec-e3e6-4470-a111-000708bbc038",8,29.41,46.7,0.0349,0.0077,0.0207,"LargeFringeMetro",1,0,0,0,0,"East Midlands",9,"South Kesteven 003",22.2,1,221,49,1379,0.222,0.467,0.2941,0.2941,9,0.778280542986425,172,121,1396,1396,1.38769301869462,1.20552901064437,1.5894873426826,2,1,1,6,"1.26 to 1.50","Significant Increase","0.80-1.00"
"E02005479","South Kesteven 004",NA,490524,337175,52.9244,-0.65492,"c8411ef2-fcf9-47d7-a3e2-646e53e7db01",8,34.78,42.32,0.0378,0.0103,0.0226,"LargeFringeMetro",1,0,0,0,0,"East Midlands",10,"South Kesteven 004",30.4,1,46,14,267,0.304,0.4232,0.3478,0.3478,10,0.695652173913043,32,25,1397,1397,1.30547550949983,1.01785098605297,1.64919463723004,2,1,0.982,6,"1.26 to 1.50","Significant Increase","0.80-1.00"
"E02005481","South Kesteven 006",NA,491537,334277,52.8982,-0.64067,"574826a6-7330-43c3-b9f1-3a64cf98b9a7",8,37.79,56.48,0.0274,0.01,0.027,"LargeFringeMetro",1,0,0,0,0,"East Midlands",9,"South Kesteven 006",26.7,1,172,46,903,0.267,0.5648,0.3779,0.3779,9,0.732558139534884,126,94,1398,1398,1.3418889478612,1.14526081632664,1.56244685689185,2,1,1,6,"1.26 to 1.50","Significant Increase","0.80-1.00"
"E02005486","South Kesteven 011",NA,513525,320673,52.7718,-0.31866,"a55dcc6c-f09b-4cd8-be27-5e0d7c268515",6,23.83,49.71,0.0219,0.0084,0.0161,"LargeCentralMetro",0,0,0,0,0,"East Midlands",10,"South Kesteven 011",37.4,1,235,88,1571,0.374,0.4971,0.2383,0.2383,10,0.625531914893617,147,128,1399,1399,1.13220170615873,0.97491903426981,1.30752743464485,1,0,0.947,6,"1.01 to 1.25","Not Significant","0.80-1.00"
"E02005489","South Kesteven 014",NA,517133,309831,52.6735,-0.26906,"019db6c7-e9db-4d2c-a746-aebb31c1c79c",5,26.47,48.7,0.0147,0.0041,0.0171,"LargeCentralMetro",0,0,0,0,0,"East Midlands",9,"South Kesteven 014",32.4,1,204,66,1041,0.324,0.487,0.2647,0.2647,9,0.676470588235294,138,111,1400,1400,1.20692637983192,1.03418146272686,1.40017394860566,1,1,0.992,6,"1.01 to 1.25","Significant Increase","0.80-1.00"
"E02005490","South Kesteven 015",NA,503030,308199,52.6618,-0.47807,"c4326b73-bf5e-481e-94c2-adef72d91af7",5,34.94,44.89,0.0124,0.0048,0.0195,"LargeCentralMetro",0,0,0,0,0,"East Midlands",10,"South Kesteven 015",18.1,1,83,15,597,0.181,0.4489,0.3494,0.3494,10,0.819277108433735,68,45,1401,1401,1.3976054452581,1.13870555257196,1.69780301017841,2,1,0.999,6,"1.26 to 1.50","Significant Increase","0.80-1.00"
"E02005492","West Lindsey 001",NA,512386,403688,53.5179,-0.30646,"c7096aac-78e2-467d-9d7a-66e8716769d0",5,25.56,51.72,0.01,0.0028,0.0083,"MediumMetro",0,1,0,0,0,"East Midlands",10,"West Lindsey 001",44.4,1,90,40,611,0.444,0.5172,0.2556,0.2556,10,0.555555555555556,50,49,1402,1402,1.04023667941666,0.835305142372843,1.28016565297264,1,0,0.62,5,"1.01 to 1.25","Not Significant","0.60-0.79"
"E02005494","West Lindsey 003",NA,510901,391153,53.4056,-0.33326,"3c7eb886-d4e1-4c3e-8408-a9ccea31a793",6,33.54,52.91,0.0073,0.0015,0.0146,"Micropolitan",0,0,0,1,0,"East Midlands",10,"West Lindsey 003",39.6,1,164,65,998,0.396,0.5291,0.3354,0.3354,10,0.603658536585366,99,89,1403,1403,1.13894692128012,0.957821726410344,1.34422637095935,1,0,0.928,6,"1.01 to 1.25","Not Significant","0.80-1.00"
"E02005499","West Lindsey 008",NA,503297,383406,53.3375,-0.45012,"c652ed56-6998-44d0-ba43-ce19ce9aaec0",5,17.5,48.28,0.0067,0.003,0.0135,"MediumMetro",0,1,0,0,0,"East Midlands",10,"West Lindsey 008",52.9,1,240,127,1479,0.529,0.4828,0.175,0.175,10,0.470833333333333,113,131,1404,1404,0.88430562718981,0.750583333725593,1.0348682543547,-1,0,0.061,2,"0.76 to 0.99","Not Significant","0.01-0.20"
"E02005505","Breckland 003",NA,600151,313921,52.686,0.959826,"c5726cac-fcb8-43b3-9fa0-f6526f871a5b",8,25,50.63,0.0142,0.0046,0.0138,"LargeCentralMetro",0,0,0,0,0,"East of England",9,"Breckland 003",42.3,1,156,66,1187,0.423,0.5063,0.25,0.25,9,0.576923076923077,90,85,1405,1405,1.06720208741171,0.891513539430015,1.26727501442808,1,0,0.751,5,"1.01 to 1.25","Not Significant","0.60-0.79"
"E02005509","Breckland 007",NA,581201,308840,52.647,0.677017,"bfb28f7b-fa16-49dc-979c-6faf89099828",10,38.18,50.81,0.0126,0.0033,0.0179,"SmallMetro",0,0,1,0,0,"East of England",10,"Breckland 007",29.1,1,110,32,683,0.291,0.5081,0.3818,0.3818,10,0.709090909090909,78,60,1406,1406,1.33288071412899,1.10334585880256,1.59593832696561,2,1,0.999,6,"1.26 to 1.50","Significant Increase","0.80-1.00"
"E02005511","Breckland 009",NA,591727,300558,52.5691,0.827611,"9f953379-626c-41eb-884e-2dea0d40ec0c",5,23.58,49.27,0.0087,0.005,0.0165,"LargeFringeMetro",1,0,0,0,0,"East of England",9,"Breckland 009",63.2,1,106,67,548,0.632,0.4927,0.2358,0.2358,9,0.367924528301887,39,58,1407,1407,0.841313052082685,0.673368307425645,1.03815470342181,-1,0,0.052,2,"0.76 to 0.99","Not Significant","0.01-0.20"
"E02005513","Breckland 011",NA,603893,295285,52.5173,1.00363,"3427e55f-bf92-47a1-8700-e889acffb985",6,20.77,50.76,0.0145,0.006,0.0201,"LargeCentralMetro",0,0,0,0,0,"East of England",10,"Breckland 011",41.5,1,130,54,920,0.415,0.5076,0.2077,0.2077,10,0.584615384615385,76,71,1408,1408,1.05415151041416,0.869216640414293,1.26672167218521,1,0,0.691,5,"1.01 to 1.25","Not Significant","0.60-0.79"
"E02005518","Breckland 016",NA,587824,283648,52.4186,0.760566,"803c1971-e835-45cc-8832-328218856518",4,28.15,50.4,0.0155,0.0074,0.0382,"LargeFringeMetro",1,0,0,0,0,"East of England",7,"Breckland 016",41.6,1,238,99,1361,0.416,0.504,0.2815,0.2815,7,0.584033613445378,139,130,1409,1409,1.07515021371027,0.923608722358342,1.24434399391689,1,0,0.819,6,"1.01 to 1.25","Not Significant","0.80-1.00"
"E02005520","Broadland 001",NA,619357,326655,52.7929,1.252,"b440e7ec-374d-41b0-967d-1e72885fb492",4,26.24,52.44,0.0053,0.0026,0.0128,"Micropolitan",0,0,0,1,0,"East of England",10,"Broadland 001",41.1,1,202,83,1108,0.411,0.5244,0.2624,0.2624,10,0.589108910891089,119,110,1410,1410,1.08572160822275,0.922993614511218,1.26876159810955,1,0,0.834,6,"1.01 to 1.25","Not Significant","0.80-1.00"
"E02005521","Broadland 002",NA,609682,323737,52.7705,1.10688,"1d9552be-89c0-4733-8f2c-62bc71077998",2,19.35,46.7,0.0051,0.0017,0.0135,"Micropolitan",0,0,0,1,0,"East of England",9,"Broadland 002",44.5,1,155,69,1015,0.445,0.467,0.1935,0.1935,9,0.554838709677419,86,85,1411,1411,1.00086604778443,0.831883615538339,1.1940076445643,0,0,0.485,4,"1.00-1.009 (null value)","Not Significant","0.40-0.59"
"E02005525","Broadland 006",NA,615976,314102,52.6816,1.19369,"d9bcbb14-16ab-4658-8d16-e5411d0f9c03",4,15.21,48.43,0.0177,0.0077,0.0185,"LargeCentralMetro",0,0,0,0,0,"East of England",9,"Broadland 006",53,1,217,115,1241,0.53,0.4843,0.1521,0.1521,9,0.470046082949309,102,118,1412,1412,0.878770941216704,0.740652409262525,1.03506672858263,-1,0,0.059,2,"0.76 to 0.99","Not Significant","0.01-0.20"
"E02005530","Broadland 011",NA,621284,311972,52.6603,1.27065,"f5d55c33-742a-4fdf-9335-4c45b9c2c6a3",6,25.1,46.09,0.0246,0.0105,0.0244,"LargeCentralMetro",0,0,0,0,0,"East of England",9,"Broadland 011",31.7,1,243,77,1523,0.317,0.4609,0.251,0.251,9,0.683127572016461,166,133,1413,1413,1.21192628700344,1.0503695945048,1.3911958328276,1,1,0.996,6,"1.01 to 1.25","Significant Increase","0.80-1.00"
"E02005534","Broadland 015",NA,626554,309956,52.64,1.34705,"d7dc43b5-ecc5-4d1b-9d29-436be87ecc91",4,15.82,46.67,0.0096,0.0057,0.0201,"LargeCentralMetro",0,0,0,0,0,"East of England",9,"Broadland 015",50.2,1,297,149,1834,0.502,0.4667,0.1582,0.1582,9,0.498316498316498,148,162,1414,1414,0.916187849834227,0.790064906387147,1.05662127421584,-1,0,0.111,2,"0.76 to 0.99","Not Significant","0.01-0.20"
"E02005537","Broadland 018",NA,643159,305830,52.5958,1.58894,"1329b88f-883d-4d5d-a738-b7ab1c6adb91",6,18.63,48.32,0.0075,0.0023,0.0124,"MediumMetro",0,1,0,0,0,"East of England",10,"Broadland 018",47.1,1,102,48,685,0.471,0.4832,0.1863,0.1863,10,0.529411764705882,54,56,1415,1415,0.972673927523002,0.784579688936575,1.19220901383747,-1,0,0.376,3,"0.76 to 0.99","Not Significant","0.20-0.39"
"E02005540","Great Yarmouth 003",NA,651321,311921,52.6468,1.71381,"4f651dea-22a6-48d2-8321-6186d742c435",8,40.37,49.45,0.0091,0.0026,0.0117,"SmallMetro",0,0,1,0,0,"East of England",10,"Great Yarmouth 003",46.8,1,109,51,635,0.468,0.4945,0.4037,0.4037,10,0.532110091743119,58,59,1416,1416,1.12529126409683,0.9195715247755,1.36304636628047,1,0,0.869,6,"1.01 to 1.25","Not Significant","0.80-1.00"
"E02005545","Great Yarmouth 008",NA,650518,305435,52.589,1.69705,"2a980b3e-42ab-4e38-bce2-369eedf68fbf",6,29.91,49.95,0.0096,0.0031,0.0097,"LargeFringeMetro",1,0,0,0,0,"East of England",10,"Great Yarmouth 008",41.5,1,224,93,1109,0.415,0.4995,0.2991,0.2991,10,0.584821428571429,131,122,1417,1417,1.10847997593486,0.950233501679256,1.28540012720832,1,0,0.903,6,"1.01 to 1.25","Not Significant","0.80-1.00"
"E02005547","Great Yarmouth 010",NA,652335,302056,52.5578,1.72125,"eef63972-0526-4c29-984f-e62171c24e94",6,39.13,46.78,0.0424,0.0076,0.0213,"LargeFringeMetro",1,0,0,0,0,"East of England",10,"Great Yarmouth 010",28.3,1,138,39,808,0.283,0.4678,0.3913,0.3913,10,0.717391304347826,99,75,1418,1418,1.33489649652798,1.1222302286862,1.57599492732705,2,1,1,6,"1.26 to 1.50","Significant Increase","0.80-1.00"
"E02005548","Great Yarmouth 011",NA,651922,303131,52.5676,1.71598,"b9aedd81-ac97-4326-b5ee-942aeb023d98",9,45.76,46.9,0.051,0.0069,0.0202,"LargeFringeMetro",1,0,0,0,0,"East of England",10,"Great Yarmouth 011",44.6,1,177,79,902,0.446,0.469,0.4576,0.4576,10,0.553672316384181,98,97,1419,1419,1.12193650667631,0.948245571919414,1.31799360266957,1,0,0.908,6,"1.01 to 1.25","Not Significant","0.80-1.00"
"E02005558","King's Lynn and West Norfolk 008",NA,556301,321753,52.7708,0.315437,"a36cb4cc-baaf-4e0c-bac0-c1c230384646",7,27.41,51.34,0.0045,0.0019,0.0082,"Noncore",0,0,0,0,1,"East of England",10,"King's Lynn and West Norfolk 008",37,1,135,50,709,0.37,0.5134,0.2741,0.2741,10,0.62962962962963,85,74,1420,1420,1.16320835054626,0.966994248897482,1.38742167838005,1,0,0.945,6,"1.01 to 1.25","Not Significant","0.80-1.00"
"E02005559","King's Lynn and West Norfolk 009",NA,563207,320286,52.7556,0.416978,"1b02c8f4-37d4-46f5-ad01-91fd55412ec0",9,24.86,50.53,0.0279,0.0054,0.0299,"LargeFringeMetro",1,0,0,0,0,"East of England",2,"King's Lynn and West Norfolk 009",33.7,1,181,61,952,0.337,0.5053,0.2486,0.2486,2,0.662983425414365,120,99,1421,1421,1.17311830813164,0.995898488269977,1.37268957999571,1,0,0.972,6,"1.01 to 1.25","Not Significant","0.80-1.00"
"E02005560","King's Lynn and West Norfolk 010",NA,564774,320436,52.7564,0.440251,"431663b1-2e06-426f-9665-7bfc55279c86",7,14.29,53.24,0.1217,0.0214,0.0364,"LargeFringeMetro",1,0,0,0,0,"East of England",9,"King's Lynn and West Norfolk 010",47.1,1,280,132,1957,0.471,0.5324,0.1429,0.1429,9,0.528571428571429,148,153,1422,1422,0.970773848809256,0.837059658229425,1.11966955752323,-1,0,0.33,3,"0.76 to 0.99","Not Significant","0.20-0.39"
"E02005563","King's Lynn and West Norfolk 013",NA,551446,314221,52.7045,0.240059,"37c8927d-c3a1-49c5-b79a-c5600fb25a8d",8,19.73,49.38,0.01,0.0029,0.0115,"Noncore",0,0,0,0,1,"East of England",9,"King's Lynn and West Norfolk 013",44.9,1,147,66,808,0.449,0.4938,0.1973,0.1973,9,0.551020408163265,81,80,1423,1423,1.03243802168944,0.855853684486953,1.23461537605693,1,0,0.615,5,"1.01 to 1.25","Not Significant","0.60-0.79"
"E02005569","King's Lynn and West Norfolk 019",NA,568686,292246,52.502,0.483784,"1fa39f36-165b-49b0-8a81-79c1e7ca89f8",7,20.69,46.74,0.0082,0.009,0.0405,"Noncore",0,0,0,0,1,"East of England",10,"King's Lynn and West Norfolk 019",37.9,1,116,44,582,0.379,0.4674,0.2069,0.2069,10,0.620689655172414,72,63,1424,1424,1.1105911705086,0.910020119544445,1.34216942116901,1,0,0.843,6,"1.01 to 1.25","Not Significant","0.80-1.00"
"E02005570","North Norfolk 001",NA,615494,342661,52.9381,1.20538,"afe44bc5-e802-4e04-b5f1-a1ea68810864",3,20.16,49.27,0.0078,0.0013,0.0093,"SmallMetro",0,0,1,0,0,"East of England",5,"North Norfolk 001",46,1,124,57,688,0.46,0.4927,0.2016,0.2016,5,0.540322580645161,67,68,1425,1425,0.991240783561807,0.811052253462561,1.19945811072039,-1,0,0.444,4,"0.76 to 0.99","Not Significant","0.40-0.59"
"E02005572","North Norfolk 003",NA,622069,341495,52.9249,1.30226,"92a87bc0-1ec5-407f-8cae-6e1a18c3f48c",8,27.07,50.92,0.0085,0.0029,0.0137,"SmallMetro",0,0,1,0,0,"East of England",10,"North Norfolk 003",59.4,1,133,79,650,0.594,0.5092,0.2707,0.2707,10,0.406015037593985,54,73,1426,1426,0.887599766172588,0.724055865384888,1.07678728727458,-1,0,0.109,2,"0.76 to 0.99","Not Significant","0.01-0.20"
"E02005580","North Norfolk 011",NA,593038,330815,52.8403,0.864671,"bb0309f9-f7b7-41d4-9650-d538236a3368",7,24.22,50.87,0.0081,0.0016,0.0114,"SmallMetro",0,0,1,0,0,"East of England",4,"North Norfolk 011",35.2,1,128,45,743,0.352,0.5087,0.2422,0.2422,4,0.6484375,83,70,1427,1427,1.1521890808217,0.954417824246504,1.37879766514402,1,0,0.928,6,"1.01 to 1.25","Not Significant","0.80-1.00"
"E02005582","North Norfolk 013",NA,637759,325482,52.7746,1.52355,"d4c8a6be-00e5-4945-8d83-8e32f568a3fc",7,31.52,47.52,0.0038,0.0019,0.0122,"SmallMetro",0,0,1,0,0,"East of England",8,"North Norfolk 013",39.1,1,92,36,484,0.391,0.4752,0.3152,0.3152,8,0.608695652173913,56,50,1428,1428,1.16447773253897,0.943245130945789,1.42189188105549,1,0,0.919,6,"1.01 to 1.25","Not Significant","0.80-1.00"
"E02005586","Norwich 003",NA,623445,310199,52.6435,1.30135,"a0d552ac-a539-4786-9069-b7b286761145",6,36,50.57,0.0318,0.0213,0.0415,"LargeCentralMetro",0,0,0,0,0,"East of England",6,"Norwich 003",29.3,1,150,44,789,0.293,0.5057,0.36,0.36,6,0.706666666666667,106,82,1429,1429,1.24785862232653,1.0508371698356,1.47100443521289,1,1,0.994,6,"1.01 to 1.25","Significant Increase","0.80-1.00"
"E02005587","Norwich 004",NA,625208,309698,52.6383,1.32702,"7942c1ba-c431-44b6-8490-016457694006",6,40.38,49.11,0.0205,0.0161,0.0341,"LargeCentralMetro",0,0,0,0,0,"East of England",8,"Norwich 004",34.6,1,104,36,560,0.346,0.4911,0.4038,0.4038,8,0.653846153846154,68,57,1430,1430,1.20545405293527,0.988253229620882,1.45609319461584,1,0,0.967,6,"1.01 to 1.25","Not Significant","0.80-1.00"
"E02005593","Norwich 010",NA,619961,307961,52.6249,1.24845,"54549bce-f2f7-42dc-b50d-3c27720e4fc1",4,50.37,51.61,0.1137,0.0435,0.0722,"LargeCentralMetro",0,0,0,0,0,"East of England",10,"Norwich 010",29.6,1,135,40,682,0.296,0.5161,0.5037,0.5037,10,0.703703703703704,95,74,1431,1431,1.29285727350269,1.08368720747961,1.53049199564934,2,1,0.998,6,"1.26 to 1.50","Significant Increase","0.80-1.00"
"E02005595","Norwich 012",NA,620939,306337,52.6099,1.26179,"6535f67c-3fd3-44eb-b234-3f4493a8104b",4,25.1,49.47,0.057,0.0142,0.039,"LargeCentralMetro",0,0,0,0,0,"East of England",10,"Norwich 012",52.9,1,259,137,1708,0.529,0.4947,0.251,0.251,10,0.471042471042471,122,141,1432,1432,0.896692808971897,0.765522394562927,1.04376642775418,-1,0,0.078,2,"0.76 to 0.99","Not Significant","0.01-0.20"
"E02005596","Norwich 013",NA,622931,306231,52.6081,1.29109,"a8c35451-4bcd-4cac-ac00-ad3ea10b9734",8,28.72,34.98,0.0411,0.0192,0.0383,"LargeCentralMetro",0,0,0,0,0,"East of England",8,"Norwich 013",53.21,2,188,100,909,0.5321,0.3498,0.2872,0.2872,8,0.468085106382979,88,103,1433,1433,0.911299726671852,0.762921521468716,1.07995686528033,-1,0,0.137,2,"0.76 to 0.99","Not Significant","0.01-0.20"
"E02005599","South Norfolk 003",NA,616268,304645,52.5966,1.19182,"2751f251-d076-49c7-8ac0-23f3761fc6ba",3,15.7,47.89,0.0272,0.0132,0.0292,"MediumMetro",0,1,0,0,0,"East of England",6,"South Norfolk 003",71.3,1,223,159,1209,0.713,0.4789,0.157,0.157,6,0.286995515695067,64,122,1434,1434,0.615075773214211,0.506998378862394,0.739199835285965,-2,-1,0,1,"0.51 to 0.75","Significant Decrease","<0.01"
"E02005600","South Norfolk 004",NA,605114,300737,52.5658,1.02496,"5a423d9a-33fd-44c9-8fce-25dd271fcffd",4,10.1,50.94,0.0133,0.0229,0.019,"Micropolitan",0,0,0,1,0,"East of England",9,"South Norfolk 004",66.8,1,208,139,1441,0.668,0.5094,0.101,0.101,9,0.331730769230769,69,113,1435,1435,0.68661215095673,0.56697241068131,0.823884412252238,-2,-1,0,1,"0.51 to 0.75","Significant Decrease","<0.01"
"E02005603","South Norfolk 007",NA,611138,298361,52.5422,1.1122,"20efc685-9886-455d-b0da-581a259e5ca3",5,13.08,51.01,0.0167,0.0089,0.0208,"LargeCentralMetro",0,0,0,0,0,"East of England",4,"South Norfolk 007",54.2,1,260,141,1639,0.542,0.5101,0.1308,0.1308,4,0.457692307692308,119,142,1436,1436,0.839190570345912,0.713753116961407,0.980236887710814,-1,-1,0.014,2,"0.76 to 0.99","Significant Decrease","0.01-0.20"
"E02005604","South Norfolk 008",NA,635525,301695,52.5621,1.47351,"9dc02991-d0c4-48e8-ba0b-52f3ce08ddba",3,17.69,50.93,0.0083,0.0025,0.0165,"MediumMetro",0,1,0,0,0,"East of England",9,"South Norfolk 008",50,1,130,65,697,0.5,0.5093,0.1769,0.1769,9,0.5,65,71,1437,1437,0.919533516176244,0.750972998616262,1.11457202804746,-1,0,0.188,2,"0.76 to 0.99","Not Significant","0.01-0.20"
"E02005611","South Norfolk 015",NA,611109,280636,52.3831,1.10056,"8d13ec08-6426-434e-b3d5-19c63300022f",3,18.62,49.24,0.0178,0.0077,0.0189,"LargeFringeMetro",1,0,0,0,0,"East of England",7,"South Norfolk 015",44.8,1,145,65,918,0.448,0.4924,0.1862,0.1862,7,0.551724137931034,80,79,1438,1438,1.00971630238852,0.835954654862481,1.2088612714425,0,0,0.521,4,"1.00-1.009 (null value)","Not Significant","0.40-0.59"
"E02005614","North Northamptonshire 006",NA,492130,288773,52.4891,-0.64457,"31577db8-af25-4049-a3e8-c5cfa4bc26ac",7,20.81,47.22,0.0228,0.0482,0.0293,"LargeFringeMetro",1,0,0,0,0,"East Midlands",5,"North Northamptonshire 006",27.9,1,197,55,1186,0.279,0.4722,0.2081,0.2081,5,0.720812182741117,142,107,1439,1439,1.26173791389823,1.0815220730453,1.46330895311275,2,1,0.999,6,"1.26 to 1.50","Significant Increase","0.80-1.00"
"E02005615","North Northamptonshire 004",NA,486735,289306,52.4948,-0.72387,"de51bcde-ba8c-4880-b4ab-5f1a5aeb3f10",8,35.65,47.65,0.0109,0.0125,0.0196,"LargeFringeMetro",1,0,0,0,0,"East Midlands",7,"North Northamptonshire 004",28.4,2,359,102,2025,0.284,0.4765,0.3565,0.3565,7,0.715877437325905,257,196,1440,1440,1.30934977897095,1.16489803339361,1.46664795426252,2,1,1,6,"1.26 to 1.50","Significant Increase","0.80-1.00"
"E02005616","North Northamptonshire 005",NA,488295,288660,52.4887,-0.70107,"73b2f0a0-0fe0-4c35-8f95-8354d6dd4420",9,20.37,49.24,0.014,0.0157,0.0302,"LargeFringeMetro",1,0,0,0,0,"East Midlands",7,"North Northamptonshire 005",42.6,1,216,92,987,0.426,0.4924,0.2037,0.2037,7,0.574074074074074,124,118,1441,1441,1.05375606375419,0.89855104195824,1.22795639602794,1,0,0.731,5,"1.01 to 1.25","Not Significant","0.60-0.79"
"E02005622","West Northamptonshire 005",NA,465549,271084,52.334,-1.03943,"ca26f8a6-929c-4554-9d3f-02a5e786d7e2",4,14.62,49.37,0.0116,0.0085,0.0193,"Micropolitan",0,0,0,1,0,"East Midlands",8,"West Northamptonshire 005",41.5,1,212,88,1260,0.415,0.4937,0.1462,0.1462,8,0.584905660377358,124,116,1442,1442,1.03390730080712,0.879240709664483,1.20786683294708,1,0,0.644,5,"1.01 to 1.25","Not Significant","0.60-0.79"
"E02005623","West Northamptonshire 003",NA,478027,267462,52.2998,-0.85718,"ca876fa9-bd8b-4808-9e10-794c6c1bee17",6,16.1,45.33,0.0325,0.0233,0.0356,"LargeCentralMetro",0,0,0,0,0,"East Midlands",6,"West Northamptonshire 003",44.1,1,236,104,1436,0.441,0.4533,0.161,0.161,6,0.559322033898305,132,129,1443,1443,0.993531413044653,0.848962074531372,1.15557893108763,-1,0,0.451,4,"0.76 to 0.99","Not Significant","0.40-0.59"
"E02005624","West Northamptonshire 010",NA,457134,264087,52.272,-1.16409,"7c0943af-7445-4b4a-84a9-1d929db0af48",6,30.43,50.98,0.0296,0.0146,0.0268,"LargeCentralMetro",0,0,0,0,0,"East Midlands",2,"West Northamptonshire 010",33.8,1,207,70,1179,0.338,0.5098,0.3043,0.3043,2,0.661835748792271,137,113,1444,1444,1.16942403519087,1.0011743571701,1.357764347699,1,1,0.976,6,"1.01 to 1.25","Significant Increase","0.80-1.00"
"E02005630","North Northamptonshire 010",NA,506114,286247,52.4639,-0.4395,"6f8e4011-cddd-4abd-a0d0-592aa386cf6e",4,13.17,50.89,0.0177,0.0103,0.0272,"MediumMetro",0,1,0,0,0,"East Midlands",6,"North Northamptonshire 010",51.2,1,205,105,1354,0.512,0.5089,0.1317,0.1317,6,0.48780487804878,100,112,1445,1445,0.877492344209152,0.7368343631543,1.03710927220183,-1,0,0.061,2,"0.76 to 0.99","Not Significant","0.01-0.20"
"E02005633","North Northamptonshire 025",NA,500435,273046,52.3463,-0.52702,"eea69328-dce4-472c-9e74-7cc0edf84588",8,20.11,49.02,0.0108,0.0176,0.0187,"LargeCentralMetro",0,0,0,0,0,"East Midlands",5,"North Northamptonshire 025",31.3,1,179,56,967,0.313,0.4902,0.2011,0.2011,5,0.687150837988827,123,98,1446,1446,1.18370984854322,1.00498669033026,1.38498155508738,1,1,0.978,6,"1.01 to 1.25","Significant Increase","0.80-1.00"
"E02005635","North Northamptonshire 035",NA,498108,268341,52.3045,-0.56254,"b7c6248b-9a13-46e3-ba83-b19533ba050b",7,14.97,49.79,0.016,0.0141,0.0231,"LargeCentralMetro",0,0,0,0,0,"East Midlands",9,"North Northamptonshire 035",26.5,1,147,39,940,0.265,0.4979,0.1497,0.1497,9,0.73469387755102,108,80,1447,1447,1.23416989416352,1.0367713457775,1.45817855401972,1,1,0.991,6,"1.01 to 1.25","Significant Increase","0.80-1.00"
"E02005643","North Northamptonshire 016",NA,488115,279347,52.4051,-0.70617,"d04f1724-5920-4c28-969a-ea80de0961a4",9,31.82,38.65,0.035,0.0349,0.0356,"LargeFringeMetro",1,0,0,0,0,"East Midlands",3,"North Northamptonshire 016",28,1,264,74,1454,0.28,0.3865,0.3182,0.3182,3,0.71969696969697,190,144,1448,1448,1.29228214189554,1.12941970779233,1.47191820999673,2,1,1,6,"1.26 to 1.50","Significant Increase","0.80-1.00"
"E02005647","North Northamptonshire 022",NA,487413,276761,52.3819,-0.71716,"7bc0641f-fd2c-4d78-b877-f7a2c85f71aa",9,13.76,71.99,0.0475,0.0316,0.0355,"LargeFringeMetro",1,0,0,0,0,"East Midlands",3,"North Northamptonshire 022",56.75,2,407,231,2656,0.5675,0.7199,0.1376,0.1376,3,0.432432432432432,176,222,1449,1449,0.811746235217217,0.708030751225966,0.926283131237698,-1,-1,0.001,1,"0.76 to 0.99","Significant Decrease","<0.01"
"E02005648","North Northamptonshire 021",NA,489163,276987,52.3837,-0.69139,"254803a5-f04e-49d5-998f-ae7342336c4c",7,16,46.81,0.0466,0.0233,0.0298,"LargeFringeMetro",1,0,0,0,0,"East Midlands",5,"North Northamptonshire 021",40,1,200,80,1175,0.4,0.4681,0.16,0.16,5,0.6,120,109,1450,1450,1.06881618070729,0.907567305372346,1.25036873017765,1,0,0.78,5,"1.01 to 1.25","Not Significant","0.60-0.79"
"E02005650","West Northamptonshire 006",NA,475727,264337,52.272,-0.8916,"5b622c2e-379b-4e07-bfd7-82214dceb7da",7,23.21,49.78,0.0637,0.0568,0.0506,"LargeCentralMetro",0,0,0,0,0,"East Midlands",6,"West Northamptonshire 006",30,1,237,71,1394,0.3,0.4978,0.2321,0.2321,6,0.70042194092827,166,129,1451,1451,1.22198326956314,1.05763034354929,1.4045483138994,1,1,0.997,6,"1.01 to 1.25","Significant Increase","0.80-1.00"
"E02005651","West Northamptonshire 007",NA,477464,264351,52.2719,-0.86615,"bdb81f85-1805-49f8-9b0b-05680f5858f9",6,20.53,81.34,0.0502,0.0321,0.0294,"LargeCentralMetro",0,0,0,0,0,"East Midlands",3,"West Northamptonshire 007",45.42,2,414,188,2637,0.4542,0.8134,0.2053,0.2053,3,0.545893719806763,226,226,1452,1452,0.986909534209964,0.871353424534303,1.11343854539533,-1,0,0.404,4,"0.76 to 0.99","Not Significant","0.40-0.59"
"E02005655","West Northamptonshire 012",NA,478342,263755,52.2664,-0.85342,"1006bd1c-5b0c-487b-8733-20d3c3791bf8",8,37.89,46.88,0.0741,0.0506,0.0445,"LargeCentralMetro",0,0,0,0,0,"East Midlands",2,"West Northamptonshire 012",30.9,1,285,88,1476,0.309,0.4688,0.3789,0.3789,2,0.691228070175439,197,155,1453,1453,1.24467078707248,1.09018566242753,1.41480129556962,1,1,0.999,6,"1.01 to 1.25","Significant Increase","0.80-1.00"
"E02005656","West Northamptonshire 014",NA,480179,263286,52.2619,-0.82662,"22aefc5d-aa6a-4572-a0f8-ece4b94f15a1",7,28.47,46.19,0.0907,0.1453,0.0699,"LargeCentralMetro",0,0,0,0,0,"East Midlands",2,"West Northamptonshire 014",55.9,1,295,165,1719,0.559,0.4619,0.2847,0.2847,2,0.440677966101695,130,161,1454,1454,0.833911769784174,0.714599482199765,0.967336139217652,-1,-1,0.008,1,"0.76 to 0.99","Significant Decrease","<0.01"
"E02005664","West Northamptonshire 025",NA,476073,262091,52.2518,-0.88704,"0bb16165-b772-443c-a5e0-65cb93da0549",9,20.33,43.23,0.0715,0.0636,0.0612,"LargeCentralMetro",0,0,0,0,0,"East Midlands",4,"West Northamptonshire 025",37.8,1,241,91,1307,0.378,0.4323,0.2033,0.2033,4,0.622406639004149,150,131,1455,1455,1.09411926600687,0.941413789108681,1.26445519379415,1,0,0.876,6,"1.01 to 1.25","Not Significant","0.80-1.00"
"E02005674","West Northamptonshire 034",NA,476701,260508,52.2374,-0.8782,"6e6ae3d8-15ff-4f12-a23c-390378716c0e",8,14.22,12.38,0.1426,0.1122,0.0672,"LargeCentralMetro",0,0,0,0,0,"East Midlands",3,"West Northamptonshire 034",71.6,1,225,161,1713,0.716,0.1238,0.1422,0.1422,3,0.284444444444444,64,123,1456,1456,0.603958905204436,0.497154081953451,0.726746325115965,-2,-1,0,1,"0.51 to 0.75","Significant Decrease","<0.01"
"E02005676","West Northamptonshire 038",NA,475090,258569,52.2202,-0.90222,"3250cf32-09ad-455e-b594-8afb7865026f",7,21.64,49.85,0.059,0.0654,0.0539,"LargeCentralMetro",0,0,0,0,0,"East Midlands",4,"West Northamptonshire 038",42.2,1,268,113,1358,0.422,0.4985,0.2164,0.2164,4,0.578358208955224,155,146,1457,1457,1.03180045411755,0.890589150119055,1.18895272898788,1,0,0.65,5,"1.01 to 1.25","Not Significant","0.60-0.79"
"E02005681","West Northamptonshire 040",NA,468105,257766,52.2139,-1.00461,"42d8f24a-5c78-4e10-aac7-02c2cab605ed",6,14.29,50.15,0.007,0.0035,0.0166,"MediumMetro",0,1,0,0,0,"East Midlands",10,"West Northamptonshire 040",52.2,1,203,106,1318,0.522,0.5015,0.1429,0.1429,10,0.477832512315271,97,111,1458,1458,0.887585679979167,0.74541680346294,1.04887326024504,-1,0,0.079,2,"0.76 to 0.99","Not Significant","0.01-0.20"
"E02005684","West Northamptonshire 045",NA,465529,251031,52.1537,-1.0436,"b5d5b78f-5e8c-4407-b007-094fc92ca142",5,11.21,51.83,0.009,0.0059,0.0163,"LargeCentralMetro",0,0,0,0,0,"East Midlands",5,"West Northamptonshire 045",55.2,1,232,128,1422,0.552,0.5183,0.1121,0.1121,5,0.448275862068966,104,127,1459,1459,0.824531177669997,0.695410184383132,0.970582615647433,-1,-1,0.01,2,"0.76 to 0.99","Significant Decrease","0.01-0.20"
"E02005686","West Northamptonshire 048",NA,450787,248946,52.1365,-1.25937,"b99843a8-f071-46c8-8008-27fd0ead0cf4",5,11.36,50.69,0.0074,0.0042,0.0171,"SmallMetro",0,0,1,0,0,"East Midlands",10,"West Northamptonshire 048",52.8,1,176,93,1093,0.528,0.5069,0.1136,0.1136,10,0.471590909090909,83,96,1460,1460,0.893893327199593,0.743599367157798,1.06553059388547,-1,0,0.102,2,"0.76 to 0.99","Not Significant","0.01-0.20"
"E02005687","West Northamptonshire 049",NA,462845,244016,52.0909,-1.08412,"634e0c0e-1330-415b-a13e-dd7c17fffa6c",4,20.51,17.08,0.0075,0.0039,0.0154,"MediumMetro",0,1,0,0,0,"East Midlands",10,"West Northamptonshire 049",14.5,1,117,17,480,0.145,0.1708,0.2051,0.2051,10,0.854700854700855,100,64,1461,1461,1.38377951072034,1.15320565009626,1.64694286959562,2,1,1,6,"1.26 to 1.50","Significant Increase","0.80-1.00"
"E02005693","North Northamptonshire 028",NA,489509,269582,52.3171,-0.68828,"81a0813e-2e05-40dd-a38a-056b9a4ca9b7",7,17.27,47.47,0.1101,0.0886,0.0522,"LargeCentralMetro",0,0,0,0,0,"East Midlands",3,"North Northamptonshire 028",54.2,1,249,135,1481,0.542,0.4747,0.1727,0.1727,3,0.457831325301205,114,136,1462,1462,0.841930341219368,0.714194316520734,0.985827868456599,-1,-1,0.016,2,"0.76 to 0.99","Significant Decrease","0.01-0.20"
"E02005698","North Northamptonshire 033",NA,487932,267860,52.3018,-0.71186,"999105e2-b482-42d9-acd7-573d43c52044",8,32.89,51.4,0.0649,0.0785,0.048,"LargeCentralMetro",0,0,0,0,0,"East Midlands",3,"North Northamptonshire 033",29.4,1,228,67,1282,0.294,0.514,0.3289,0.3289,3,0.706140350877193,161,124,1463,1463,1.25040848321292,1.08115972177314,1.43853656437848,2,1,0.999,6,"1.26 to 1.50","Significant Increase","0.80-1.00"
"E02005699","North Northamptonshire 036",NA,488834,266443,52.289,-0.69901,"f1512d04-50eb-4bdc-8436-56685712bb1c",7,28.63,49.62,0.0464,0.0596,0.0466,"LargeCentralMetro",0,0,0,0,0,"East Midlands",5,"North Northamptonshire 036",28.2,1,248,70,1465,0.282,0.4962,0.2863,0.2863,5,0.717741935483871,178,135,1464,1464,1.26333021286464,1.09862090714035,1.44566654396205,2,1,1,6,"1.26 to 1.50","Significant Increase","0.80-1.00"
"E02005704","Northumberland 006",NA,419723,605020,55.3388,-1.69062,"4c7f4bc3-1a09-45bb-86a8-455edaf3b048",9,30.59,47.33,0.0046,0.0009,0.0059,"SmallMetro",0,0,1,0,0,"North East",6,"Northumberland 006",23.5,1,85,20,636,0.235,0.4733,0.3059,0.3059,6,0.764705882352941,65,46,1465,1465,1.34664930050726,1.09541939593604,1.63823995504825,2,1,0.998,6,"1.26 to 1.50","Significant Increase","0.80-1.00"
"E02005706","Northumberland 001",NA,399942,651742,55.759,-2.0025,"5a0d22a8-a526-4c37-b707-b99a85dfb103",8,30.71,46.42,0.0096,0.0021,0.0124,"LargeFringeMetro",1,0,0,0,0,"North East",4,"Northumberland 001",34.3,1,140,48,586,0.343,0.4642,0.3071,0.3071,4,0.657142857142857,92,76,1466,1466,1.20287949875882,1.00518968818013,1.42797224939313,1,1,0.978,6,"1.01 to 1.25","Significant Increase","0.80-1.00"
"E02005712","Northumberland 025",NA,428563,580179,55.1152,-1.55376,"2c865be0-75e0-444e-8de7-c7257f0950fa",9,37.93,50,0.0146,0.0058,0.013,"LargeCentralMetro",0,0,0,0,0,"North East",9,"Northumberland 025",58.6,1,145,85,772,0.586,0.5,0.3793,0.3793,9,0.413793103448276,60,79,1467,1467,0.910495715976564,0.748518297149563,1.09684659046823,-1,0,0.155,2,"0.76 to 0.99","Not Significant","0.01-0.20"
"E02005718","Northumberland 031",NA,426693,575423,55.0726,-1.58352,"07f0577f-319a-421e-b656-1affcf97bd6b",10,21.53,50.17,0.0059,0.0018,0.0089,"LargeCentralMetro",0,0,0,0,0,"North East",10,"Northumberland 031",46.9,1,339,159,2021,0.469,0.5017,0.2153,0.2153,10,0.530973451327434,180,185,1468,1468,0.990383503377144,0.864846924957082,1.12890777758395,-1,0,0.429,4,"0.76 to 0.99","Not Significant","0.40-0.59"
"E02005719","Northumberland 032",NA,429339,576269,55.08,-1.542,"598c4250-297f-4738-927d-68e74022e059",10,27.78,55.5,0.0048,0.0027,0.0105,"MediumMetro",0,1,0,0,0,"North East",4,"Northumberland 032",34,1,144,49,627,0.34,0.555,0.2778,0.2778,4,0.659722222222222,95,79,1469,1469,1.16142577080869,0.970621875969499,1.37869796155753,1,0,0.948,6,"1.01 to 1.25","Not Significant","0.80-1.00"
"E02005721","Northumberland 011",NA,422504,588784,55.1928,-1.64807,"75174815-edc4-40bf-a92a-51d111334b95",9,12.46,52.01,0.0068,0.0004,0.0086,"LargeCentralMetro",0,0,0,0,0,"North East",3,"Northumberland 011",57.9,1,337,195,1340,0.579,0.5201,0.1246,0.1246,3,0.421364985163205,142,184,1470,1470,0.790490444846983,0.680776556640191,0.912753405037895,-1,-1,0.001,1,"0.76 to 0.99","Significant Decrease","<0.01"
"E02005730","Northumberland 035",NA,392648,564382,54.974,-2.11639,"83a70bfe-07f9-4474-8b22-eab947c8671f",8,15.95,47.47,0.0092,0.0013,0.0121,"LargeCentralMetro",0,0,0,0,0,"North East",10,"Northumberland 035",52.8,1,301,159,1304,0.528,0.4747,0.1595,0.1595,10,0.471760797342193,142,164,1471,1471,0.889952460012635,0.766523217096365,1.02748740962897,-1,0,0.055,2,"0.76 to 0.99","Not Significant","0.01-0.20"
"E02005733","Northumberland 040",NA,387468,558668,54.9226,-2.19706,"ed1cf546-f467-43b0-ae40-e688cf2a74cd",7,39.73,49.17,0.004,0.0012,0.0088,"SmallMetro",0,0,1,0,0,"North East",10,"Northumberland 040",13.7,1,73,10,421,0.137,0.4917,0.3973,0.3973,10,0.863013698630137,63,40,1472,1472,1.51847520549909,1.23350993634728,1.84951929197431,3,1,1,6,"1.51 to 1.75","Significant Increase","0.80-1.00"
"E02005736","Northumberland 013",NA,428127,588924,55.1938,-1.55974,"c793a668-0f26-4718-8fe8-f683c7e6408f",10,48.4,52.73,0.0201,0.0021,0.0135,"LargeCentralMetro",0,0,0,0,0,"North East",6,"Northumberland 013",20.7,1,188,39,1045,0.207,0.5273,0.484,0.484,6,0.792553191489362,149,103,1473,1473,1.44135156132494,1.24292097703135,1.66230838335694,2,1,1,6,"1.26 to 1.50","Significant Increase","0.80-1.00"
"E02005741","Northumberland 021",NA,424586,581737,55.1294,-1.61598,"742aefd8-3dab-43c7-adbf-71c8680d1bfa",9,26.2,53.79,0.0079,0.0007,0.0099,"LargeCentralMetro",0,0,0,0,0,"North East",8,"Northumberland 021",31,1,187,58,1056,0.31,0.5379,0.262,0.262,8,0.689839572192513,129,102,1474,1474,1.22966686567245,1.04924492116372,1.4321060356375,1,1,0.995,6,"1.01 to 1.25","Significant Increase","0.80-1.00"
"E02005744","Craven 003",NA,381865,466011,54.0897,-2.27875,"299361e4-ae85-4c0d-9e27-2919f874e342",5,16.07,48.63,0.0066,0.0009,0.0071,"SmallMetro",0,0,1,0,0,"Yorkshire and the Humber",6,"Craven 003",31.3,1,112,35,586,0.313,0.4863,0.1607,0.1607,6,0.6875,77,61,1475,1475,1.16914019326621,0.960386755552775,1.40979954519519,1,0,0.939,6,"1.01 to 1.25","Not Significant","0.80-1.00"
"E02005749","Craven 008",NA,400129,445882,53.9091,-1.99953,"7cb81d10-7b1a-47fc-9868-a42cda27c94e",9,14.24,50.86,0.0109,0.0005,0.0112,"LargeCentralMetro",0,0,0,0,0,"Yorkshire and the Humber",6,"Craven 008",40.7,1,295,120,1860,0.407,0.5086,0.1424,0.1424,6,0.593220338983051,175,161,1476,1476,1.05901169066681,0.92089991074567,1.21189994024403,1,0,0.783,5,"1.01 to 1.25","Not Significant","0.60-0.79"
"E02005750","Hambleton 001",NA,459127,507084,54.4557,-1.08953,"d66a68fd-5ba8-489c-a177-2990c8577d98",3,13.74,49.24,0.0042,0.001,0.0115,"Micropolitan",0,0,0,1,0,"Yorkshire and the Humber",9,"Hambleton 001",38.5,1,182,70,1052,0.385,0.4924,0.1374,0.1374,9,0.615384615384615,112,99,1477,1477,1.07806942209696,0.909785396528868,1.26839011285952,1,0,0.8,6,"1.01 to 1.25","Not Significant","0.80-1.00"
"E02005755","Hambleton 006",NA,424318,488152,54.2884,-1.62795,"41ab5335-1190-4602-b4be-4f5bc25a6703",6,16.83,50,0.0062,0.0012,0.008,"MediumMetro",0,1,0,0,0,"Yorkshire and the Humber",7,"Hambleton 006",39.6,1,101,40,560,0.396,0.5,0.1683,0.1683,7,0.603960396039604,61,55,1478,1478,1.04030515014772,0.841950089507615,1.27136157454648,1,0,0.626,5,"1.01 to 1.25","Not Significant","0.60-0.79"
"E02005758","Hambleton 009",NA,442786,477255,54.1893,-1.34581,"965ba680-19c3-49aa-b686-a14ea8312401",6,21.82,52.27,0.0089,0.0083,0.0174,"LargeFringeMetro",1,0,0,0,0,"Yorkshire and the Humber",5,"Hambleton 009",38.8,1,165,64,1014,0.388,0.5227,0.2182,0.2182,5,0.612121212121212,101,90,1479,1479,1.1023054431649,0.926215431111207,1.30203926995007,1,0,0.859,6,"1.01 to 1.25","Not Significant","0.80-1.00"
"E02005762","Harrogate 002",NA,430164,471643,54.1398,-1.5398,"7a4e2478-b673-4062-81e4-1ae05c596ef2",5,25.52,50.91,0.0251,0.0118,0.0211,"LargeCentralMetro",0,0,0,0,0,"Yorkshire and the Humber",7,"Harrogate 002",55.2,1,145,80,662,0.552,0.5091,0.2552,0.2552,7,0.448275862068966,65,79,1480,1480,0.885604187434738,0.72688514290601,1.06853750234012,-1,0,0.099,2,"0.76 to 0.99","Not Significant","0.01-0.20"
"E02005765","Harrogate 005",NA,440936,465598,54.0847,-1.37574,"f8cf2fd3-636e-4c12-98ee-7bb8379a293c",4,15.38,48.4,0.006,0.0021,0.0106,"MediumMetro",0,1,0,0,0,"Yorkshire and the Humber",9,"Harrogate 005",38.5,1,65,25,438,0.385,0.484,0.1538,0.1538,9,0.615384615384615,40,35,1481,1481,1.03136857817594,0.809425253151675,1.29555500851481,1,0,0.577,4,"1.01 to 1.25","Not Significant","0.40-0.59"
"E02005769","Harrogate 009",NA,435248,457036,54.0082,-1.46367,"42d02fbf-cf28-47e8-9cc8-6226152e52f8",7,17.37,51.18,0.0077,0.0014,0.0146,"LargeCentralMetro",0,0,0,0,0,"Yorkshire and the Humber",7,"Harrogate 009",41.3,1,259,107,1522,0.413,0.5118,0.1737,0.1737,7,0.586872586872587,152,141,1482,1482,1.05391553249137,0.908910989567698,1.21538259262302,1,0,0.748,5,"1.01 to 1.25","Not Significant","0.60-0.79"
"E02005773","Harrogate 013",NA,431242,456204,54.0009,-1.52488,"ac7852dd-c3a9-4558-a71b-33cbb3a731f5",6,28.47,52.23,0.0395,0.012,0.0294,"LargeCentralMetro",0,0,0,0,0,"Yorkshire and the Humber",5,"Harrogate 013",31.3,1,144,45,672,0.313,0.5223,0.2847,0.2847,5,0.6875,99,79,1483,1483,1.18978944954147,0.996299223870274,1.40982864414764,1,0,0.972,6,"1.01 to 1.25","Not Significant","0.80-1.00"
"E02005777","Harrogate 017",NA,432484,454439,53.985,-1.50612,"a347fe83-b7bc-45c4-b37e-a41c18dd0f7c",4,4.4,51.73,0.0198,0.0045,0.0244,"LargeCentralMetro",0,0,0,0,0,"Yorkshire and the Humber",1,"Harrogate 017",67.6,1,250,169,2026,0.676,0.5173,0.044,0.044,1,0.324,81,136,1484,1484,0.628133404617877,0.522550432088813,0.748688975804125,-2,-1,0,1,"0.51 to 0.75","Significant Decrease","<0.01"
"E02005780","Harrogate 020",NA,428706,454211,53.9832,-1.56375,"f2014234-de66-446a-9d6f-700d238ba131",4,12.98,48.76,0.0278,0.0032,0.0249,"LargeCentralMetro",0,0,0,0,0,"Yorkshire and the Humber",4,"Harrogate 020",56.83,2,447,254,2865,0.5683,0.4876,0.1298,0.1298,4,0.431767337807606,193,244,1485,1485,0.796373075160592,0.69782924031385,0.904850063237888,-1,-1,0,1,"0.76 to 0.99","Significant Decrease","<0.01"
"E02005785","Richmondshire 004",NA,418108,497795,54.3754,-1.72276,"cd3a022b-10e9-48b5-bddf-f9a128e1007a",4,33.33,45.67,0.0824,0.0226,0.0474,"LargeCentralMetro",0,0,0,0,0,"Yorkshire and the Humber",9,"Richmondshire 004",5.4,1,111,6,543,0.054,0.4567,0.3333,0.3333,9,0.945945945945946,105,61,1486,1486,1.53458322327395,1.28447758291912,1.81915729477552,3,1,1,6,"1.51 to 1.75","Significant Increase","0.80-1.00"
"E02005787","Richmondshire 006",NA,414786,489607,54.3019,-1.7743,"02d1783f-523a-4451-bbf0-154f3f92c8b2",3,12.5,46.65,0.006,0.0026,0.0087,"SmallMetro",0,0,1,0,0,"Yorkshire and the Humber",10,"Richmondshire 006",34.7,1,72,25,388,0.347,0.4665,0.125,0.125,10,0.652777777777778,47,39,1487,1487,1.10256450351539,0.874887666307493,1.37148905033259,1,0,0.786,5,"1.01 to 1.25","Not Significant","0.60-0.79"
"E02005797","Scarborough 003",NA,488460,509749,54.4754,-0.63641,"fb8fb8cf-67ba-45a2-89dc-0c599149162f",6,20,51.3,0.0067,0.0011,0.0096,"LargeFringeMetro",1,0,0,0,0,"Yorkshire and the Humber",8,"Scarborough 003",32,1,225,72,1041,0.32,0.513,0.2,0.2,8,0.68,153,123,1488,1488,1.21201817687828,1.04536378709531,1.3975827726589,1,1,0.995,6,"1.01 to 1.25","Significant Increase","0.80-1.00"
"E02005799","Scarborough 005",NA,501912,490394,54.299,-0.43553,"a7ddf018-2b37-4333-8c8d-575ac0d29ffe",6,23.43,51.08,0.0158,0.0052,0.0116,"LargeFringeMetro",1,0,0,0,0,"Yorkshire and the Humber",4,"Scarborough 005",58.3,1,175,102,969,0.583,0.5108,0.2343,0.2343,4,0.417142857142857,73,95,1489,1489,0.848948762874929,0.703357612034245,1.01562223043225,-1,0,0.036,2,"0.76 to 0.99","Not Significant","0.01-0.20"
"E02005814","Selby 006",NA,458945,431953,53.7806,-1.10696,"ccf1b8d3-3364-40ab-988e-2d61fd40bafd",5,24.78,52.37,0.0034,0.0029,0.0113,"LargeCentralMetro",0,0,0,0,0,"Yorkshire and the Humber",7,"Selby 006",31.9,1,226,72,1161,0.319,0.5237,0.2478,0.2478,7,0.68141592920354,154,123,1490,1490,1.20826669909152,1.04202993992693,1.39338578773148,1,1,0.994,6,"1.01 to 1.25","Significant Increase","0.80-1.00"
"E02005815","Selby 007",NA,462582,429197,53.7554,-1.05233,"42edea31-2c81-4cc1-82fd-d9c3182d5f53",3,13.66,46.14,0.0054,0.0012,0.0088,"LargeFringeMetro",1,0,0,0,0,"Yorkshire and the Humber",7,"Selby 007",67.7,1,161,109,932,0.677,0.4614,0.1366,0.1366,7,0.322981366459627,52,88,1491,1491,0.708552420792653,0.57667278659023,0.861352938251597,-2,-1,0,1,"0.51 to 0.75","Significant Decrease","<0.01"
"E02005823","Ashfield 005",NA,449123,359526,53.1307,-1.26728,"95bb33af-89a2-4342-86c0-9898ffe96ed5",10,34.35,52.72,0.0203,0.0102,0.0202,"LargeCentralMetro",0,0,0,0,0,"East Midlands",10,"Ashfield 005",28.57,2,361,103,2077,0.2857,0.5272,0.3435,0.3435,10,0.714681440443213,258,197,1492,1492,1.30244509497203,1.15878883832521,1.45887634339313,2,1,1,6,"1.26 to 1.50","Significant Increase","0.80-1.00"
"E02005827","Ashfield 009",NA,448489,355847,53.0976,-1.27731,"11c2c1c7-a3a3-4855-84bc-00b42fc60bd9",8,22.28,52.59,0.0129,0.0153,0.0184,"LargeCentralMetro",0,0,0,0,0,"East Midlands",10,"Ashfield 009",44.3,1,395,175,2584,0.443,0.5259,0.2228,0.2228,10,0.556962025316456,220,215,1493,1493,1.0282898138751,0.907601426034678,1.16045849802105,1,0,0.66,5,"1.01 to 1.25","Not Significant","0.60-0.79"
"E02005829","Ashfield 011",NA,446180,353442,53.0762,-1.31213,"17aeba09-af52-4f3d-ace0-bd558f84ff9a",8,29.65,46.98,0.0033,0.0021,0.0158,"LargeCentralMetro",0,0,0,0,0,"East Midlands",10,"Ashfield 011",33.7,1,172,58,877,0.337,0.4698,0.2965,0.2965,10,0.662790697674419,114,94,1494,1494,1.20178638823149,1.01857722826894,1.40831825257847,1,1,0.985,6,"1.01 to 1.25","Significant Increase","0.80-1.00"
"E02005833","Ashfield 015",NA,451524,349502,53.0403,-1.233,"d21142d7-1658-4d5d-b7f4-45afc7ebd4bc",7,22.5,48.18,0.0114,0.0082,0.0181,"LargeCentralMetro",0,0,0,0,0,"East Midlands",10,"Ashfield 015",38,1,200,76,1125,0.38,0.4818,0.225,0.225,10,0.62,124,109,1495,1495,1.11940018336675,0.953446761060409,1.30583229352646,1,0,0.914,6,"1.01 to 1.25","Not Significant","0.80-1.00"
"E02005834","Ashfield 016",NA,452805,347319,53.0206,-1.21425,"ddd20347-a139-45c2-9460-a7a4155d9d72",9,37.74,47.43,0.0204,0.0262,0.0346,"LargeCentralMetro",0,0,0,0,0,"East Midlands",10,"Ashfield 016",20.3,1,212,43,1187,0.203,0.4743,0.3774,0.3774,10,0.797169811320755,169,116,1496,1496,1.42203982026092,1.23413632088877,1.63034067655377,2,1,1,6,"1.26 to 1.50","Significant Increase","0.80-1.00"
"E02005839","Bassetlaw 005",NA,469738,382251,53.3326,-0.95426,"d77446bf-c14f-4dd3-86ca-78ca8cac25bd",6,23.7,52.66,0.0115,0.005,0.0128,"LargeCentralMetro",0,0,0,0,0,"East Midlands",10,"Bassetlaw 005",35.5,1,211,75,1202,0.355,0.5266,0.237,0.237,10,0.644549763033175,136,115,1497,1497,1.15868928559454,0.992487385024083,1.34465800590025,1,0,0.969,6,"1.01 to 1.25","Not Significant","0.80-1.00"
"E02005840","Bassetlaw 006",NA,457419,382127,53.333,-1.13924,"a775fa2f-0e54-4752-a89a-d8388d3b6968",6,15.12,51.23,0.0142,0.0067,0.0164,"LargeCentralMetro",0,0,0,0,0,"East Midlands",9,"Bassetlaw 006",58.8,1,291,171,1702,0.588,0.5123,0.1512,0.1512,9,0.412371134020619,120,159,1498,1498,0.792138502397064,0.676083895118968,0.922277764099597,-1,-1,0.001,1,"0.76 to 0.99","Significant Decrease","<0.01"
"E02005844","Bassetlaw 010",NA,469908,379807,53.3106,-0.95224,"d1df995a-ca4d-4a7f-bf16-bb637577ae84",6,29.17,49.37,0.0117,0.0082,0.0143,"LargeCentralMetro",0,0,0,0,0,"East Midlands",10,"Bassetlaw 010",28.6,1,192,55,1118,0.286,0.4937,0.2917,0.2917,10,0.713541666666667,137,105,1499,1499,1.26996810902254,1.08788374721299,1.47370376982215,2,1,0.999,6,"1.26 to 1.50","Significant Increase","0.80-1.00"
"E02005847","Bassetlaw 013",NA,458948,377904,53.2948,-1.11707,"13eb03b8-f97e-4dc4-b223-ae723036595b",6,26.52,51.97,0.0187,0.0088,0.0259,"LargeCentralMetro",0,0,0,0,0,"East Midlands",8,"Bassetlaw 013",44.4,1,279,124,1726,0.444,0.5197,0.2652,0.2652,8,0.555555555555556,155,152,1500,1500,1.02547085818876,0.886978913233827,1.17934400340507,1,0,0.621,5,"1.01 to 1.25","Not Significant","0.60-0.79"
"E02005849","Bassetlaw 015",NA,473914,374521,53.2626,-0.89336,"5b4225a2-d408-4ed5-b701-d72deac81852",5,19.84,48.31,0.0079,0.0033,0.0117,"Micropolitan",0,0,0,1,0,"East Midlands",10,"Bassetlaw 015",41.3,1,252,104,1482,0.413,0.4831,0.1984,0.1984,10,0.587301587301587,148,137,1501,1501,1.07038199108869,0.921977629440047,1.23577051179819,1,0,0.808,6,"1.01 to 1.25","Not Significant","0.80-1.00"
"E02005851","Broxtowe 002",NA,446411,346375,53.0127,-1.3097,"2c03c293-8e54-431c-ae1c-704b6567fafb",10,33.55,48.41,0.0129,0.0127,0.0294,"LargeCentralMetro",0,0,0,0,0,"East Midlands",8,"Broxtowe 002",34.2,1,155,53,878,0.342,0.4841,0.3355,0.3355,8,0.658064516129032,102,85,1502,1502,1.19623637359477,1.00689992614042,1.41071463279669,1,1,0.979,6,"1.01 to 1.25","Significant Increase","0.80-1.00"
"E02005856","Broxtowe 007",NA,451054,338067,52.9376,-1.24181,"10b9bf29-14eb-4764-9265-e9a73192b8b9",3,20,46.77,0.1227,0.0171,0.0439,"LargeCentralMetro",0,0,0,0,0,"East Midlands",10,"Broxtowe 007",59.2,1,125,74,804,0.592,0.4677,0.2,0.2,10,0.408,51,68,1503,1503,0.819771200920574,0.662480554475474,1.0030261954846,-1,0,0.027,2,"0.76 to 0.99","Not Significant","0.01-0.20"
"E02005859","Broxtowe 010",NA,449069,336896,52.9273,-1.27152,"02ee8d63-2d62-4e14-9591-10fe5672910c",6,16,50.34,0.036,0.0163,0.0392,"LargeCentralMetro",0,0,0,0,0,"East Midlands",10,"Broxtowe 010",56.4,1,275,155,1633,0.564,0.5034,0.16,0.16,10,0.436363636363636,120,150,1504,1504,0.8267187984413,0.704889917625122,0.963443174520802,-1,-1,0.007,1,"0.76 to 0.99","Significant Decrease","<0.01"
"E02005862","Broxtowe 013",NA,450663,335764,52.9169,-1.24798,"ffdb37f8-efc9-4862-84b9-1d32a7c32899",6,29.33,49.15,0.0481,0.0212,0.0456,"LargeCentralMetro",0,0,0,0,0,"East Midlands",9,"Broxtowe 013",60,1,150,90,761,0.6,0.4915,0.2933,0.2933,9,0.4,60,82,1505,1505,0.834529866372956,0.683847969368622,1.00833584299775,-1,0,0.03,2,"0.76 to 0.99","Not Significant","0.01-0.20"
"E02005863","Broxtowe 014",NA,451951,334892,52.909,-1.22897,"b8e509c6-9290-4ad6-93e0-4dc855e0f7f1",5,15.2,46.67,0.0356,0.0121,0.0331,"LargeCentralMetro",0,0,0,0,0,"East Midlands",10,"Broxtowe 014",55,1,171,94,1052,0.55,0.4667,0.152,0.152,10,0.450292397660819,77,93,1506,1506,0.855346452501522,0.708214124875251,1.02392643019297,-1,0,0.043,2,"0.76 to 0.99","Not Significant","0.01-0.20"
"E02005870","Gedling 006",NA,457916,345397,53.0028,-1.13841,"b8fe505b-7573-4269-881a-56a79994af38",8,22.41,51.55,0.04,0.0298,0.0485,"LargeCentralMetro",0,0,0,0,0,"East Midlands",10,"Gedling 006",47.7,1,241,115,1577,0.477,0.5155,0.2241,0.2241,10,0.522821576763486,126,131,1507,1507,0.97192855118251,0.830097757419379,1.13093104644413,-1,0,0.344,3,"0.76 to 0.99","Not Significant","0.20-0.39"
"E02005871","Gedling 007",NA,459810,345317,53.0019,-1.11021,"d5cec5d2-a3a8-4d0f-b884-4d839d333e48",5,17.83,49.94,0.0594,0.0233,0.0386,"LargeCentralMetro",0,0,0,0,0,"East Midlands",10,"Gedling 007",52.2,1,157,82,845,0.522,0.4994,0.1783,0.1783,10,0.477707006369427,75,86,1508,1508,0.893863561008094,0.738396138107796,1.07229249406112,-1,0,0.109,2,"0.76 to 0.99","Not Significant","0.01-0.20"
"E02005875","Gedling 011",NA,461809,343308,52.9836,-1.08081,"5022b292-6bca-4cf2-be13-2287fd7c019e",5,27.23,48.21,0.0335,0.0263,0.0563,"LargeCentralMetro",0,0,0,0,0,"East Midlands",10,"Gedling 011",46,1,224,103,1371,0.46,0.4821,0.2723,0.2723,10,0.540178571428571,121,122,1509,1509,0.999622906236562,0.851440299322803,1.16606816785567,-1,0,0.481,4,"0.76 to 0.99","Not Significant","0.40-0.59"
"E02005881","Mansfield 002",NA,455633,366466,53.1924,-1.16879,"e1927971-36af-4ae7-83ff-42e15027549a",9,35.6,51.5,0.0106,0.0063,0.0144,"SmallMetro",0,0,1,0,0,"East Midlands",10,"Mansfield 002",35.1,1,191,67,1064,0.351,0.515,0.356,0.356,10,0.649214659685864,124,104,1510,1510,1.22701993329326,1.04779505473275,1.42794935553606,1,1,0.995,6,"1.01 to 1.25","Significant Increase","0.80-1.00"
"E02005882","Mansfield 003",NA,455357,364273,53.1727,-1.1733,"d62dc997-c33c-48ff-9287-db6635a19122",7,29.66,50.48,0.0128,0.0094,0.0134,"LargeCentralMetro",0,0,0,0,0,"East Midlands",10,"Mansfield 003",34.3,1,236,81,1260,0.343,0.5048,0.2966,0.2966,10,0.656779661016949,155,129,1511,1511,1.19402903581928,1.03199878714246,1.37416169871174,1,1,0.992,6,"1.01 to 1.25","Significant Increase","0.80-1.00"
"E02005883","Mansfield 004",NA,453003,363828,53.169,-1.20858,"241f3335-6553-4a7d-bf3f-85d5d5affaac",8,49.15,50.85,0.0143,0.0082,0.021,"LargeCentralMetro",0,0,0,0,0,"East Midlands",10,"Mansfield 004",17.8,1,118,21,879,0.178,0.5085,0.4915,0.4915,10,0.822033898305085,97,64,1512,1512,1.50303322095613,1.26045301600079,1.77855682218551,3,1,1,6,"1.51 to 1.75","Significant Increase","0.80-1.00"
"E02005887","Mansfield 008",NA,453464,360952,53.1431,-1.20217,"4e6c0b38-6abc-4f13-930d-d378221ad018",9,17.89,50.13,0.0395,0.02,0.0393,"LargeCentralMetro",0,0,0,0,0,"East Midlands",10,"Mansfield 008",47.9,1,190,91,1135,0.479,0.5013,0.1789,0.1789,10,0.521052631578947,99,104,1513,1513,0.958990936238457,0.806119256078778,1.13231613227406,-1,0,0.299,3,"0.76 to 0.99","Not Significant","0.20-0.39"
"E02005888","Mansfield 009",NA,454574,361211,53.1453,-1.18553,"757d1d24-b42a-4226-9778-3d893158cb42",9,27.99,51.1,0.0184,0.0141,0.028,"LargeCentralMetro",0,0,0,0,0,"East Midlands",10,"Mansfield 009",35.66,2,443,158,2401,0.3566,0.511,0.2799,0.2799,10,0.64334085778781,285,242,1514,1514,1.17250780164312,1.04861826652629,1.30691116098806,1,1,0.997,6,"1.01 to 1.25","Significant Increase","0.80-1.00"
"E02005893","Newark and Sherwood 001",NA,464018,369901,53.2223,-1.04262,"4b54d7f8-cf87-4490-8f1c-f429b2589a74",9,42.74,54.33,0.0073,0.0031,0.0141,"LargeFringeMetro",1,0,0,0,0,"East Midlands",10,"Newark and Sherwood 001",21,1,124,26,762,0.21,0.5433,0.4274,0.4274,10,0.790322580645161,98,68,1515,1515,1.45557537464546,1.22270254662229,1.71973463533357,2,1,1,6,"1.26 to 1.50","Significant Increase","0.80-1.00"
"E02005898","Newark and Sherwood 006",NA,457717,357719,53.1136,-1.13917,"36dd88ac-de70-4104-841d-c1707e942dd4",8,24.02,49.7,0.0063,0.0067,0.0148,"LargeFringeMetro",1,0,0,0,0,"East Midlands",10,"Newark and Sherwood 006",38,1,229,87,1328,0.38,0.497,0.2402,0.2402,10,0.620087336244541,142,125,1516,1516,1.14434930298055,0.984456710466778,1.32268486541641,1,0,0.96,6,"1.01 to 1.25","Not Significant","0.80-1.00"
"E02005901","Newark and Sherwood 009",NA,481422,353297,53.0707,-0.78622,"e64f2c9b-c80f-479d-b318-7a85578e5f55",6,39.17,45.91,0.0176,0.0096,0.0276,"LargeCentralMetro",0,0,0,0,0,"East Midlands",10,"Newark and Sherwood 009",20.8,1,120,25,745,0.208,0.4591,0.3917,0.3917,10,0.791666666666667,95,65,1517,1517,1.4048589064129,1.17405097094894,1.66769243027025,2,1,1,6,"1.26 to 1.50","Significant Increase","0.80-1.00"
"E02005907","Rushcliffe 002",NA,470695,339415,52.9475,-0.94932,"7ec4cd2b-3bba-4a58-b3cb-4a62bc466ba6",4,15.25,49.4,0.02,0.005,0.0233,"LargeCentralMetro",0,0,0,0,0,"East Midlands",10,"Rushcliffe 002",67.5,1,295,199,1907,0.675,0.494,0.1525,0.1525,10,0.325423728813559,96,161,1518,1518,0.666564991312421,0.562964977214553,0.783556342320281,-2,-1,0,1,"0.51 to 0.75","Significant Decrease","<0.01"
"E02005908","Rushcliffe 003",NA,466552,340743,52.96,-1.0107,"e173cfd0-4a22-4a15-b0c2-6e2114cba579",4,19.31,47.58,0.017,0.0061,0.0254,"MediumMetro",0,1,0,0,0,"East Midlands",10,"Rushcliffe 003",56.6,1,145,82,952,0.566,0.4758,0.1931,0.1931,10,0.43448275862069,63,79,1519,1519,0.848497201944973,0.694175633688721,1.02678113128973,-1,0,0.045,2,"0.76 to 0.99","Not Significant","0.01-0.20"
"E02005912","Rushcliffe 007",NA,457441,336208,52.9202,-1.14711,"3c02ccc2-4955-40d1-a258-9bcf5845eebb",4,24.5,50.32,0.1968,0.0192,0.0626,"LargeCentralMetro",0,0,0,0,0,"East Midlands",8,"Rushcliffe 007",63.55,3,645,410,4092,0.6355,0.5032,0.245,0.245,8,0.364341085271318,235,352,1520,1520,0.697216721095935,0.618848413339136,0.782677318984206,-2,-1,0,1,"0.51 to 0.75","Significant Decrease","<0.01"
"E02005913","Rushcliffe 008",NA,459228,335429,52.9131,-1.12068,"ac2ab65d-395f-45c9-802a-9a044f30934d",4,11.11,49.51,0.1431,0.0158,0.0687,"LargeCentralMetro",0,0,0,0,0,"East Midlands",10,"Rushcliffe 008",73.7,1,297,219,2032,0.737,0.4951,0.1111,0.1111,10,0.262626262626263,78,162,1521,1521,0.560645527905279,0.468225429974359,0.665812876961544,-2,-1,0,1,"0.51 to 0.75","Significant Decrease","<0.01"
"E02005918","Rushcliffe 013",NA,461397,330003,52.864,-1.08945,"4fb197e7-1469-46e9-899a-934796f45669",4,17.39,48.34,0.0252,0.0037,0.024,"MediumMetro",0,1,0,0,0,"East Midlands",10,"Rushcliffe 013",60.9,1,161,98,1024,0.609,0.4834,0.1739,0.1739,10,0.391304347826087,63,88,1522,1522,0.783818089178143,0.642491610853802,0.946840700662669,-1,-1,0.006,1,"0.76 to 0.99","Significant Decrease","<0.01"
"E02005919","Rushcliffe 014",NA,453029,331331,52.8769,-1.21352,"4a06a222-3965-4a0f-a04b-7d6fa3ec4cf4",3,15.03,45.86,0.0292,0.0081,0.0273,"MediumMetro",0,1,0,0,0,"East Midlands",10,"Rushcliffe 014",57.8,1,173,100,1088,0.578,0.4586,0.1503,0.1503,10,0.421965317919075,73,94,1523,1523,0.811629075142888,0.669880292001842,0.974394804172856,-1,-1,0.013,2,"0.76 to 0.99","Significant Decrease","0.01-0.20"
"E02005922","Cherwell 002",NA,444160,242069,52.0752,-1.35708,"a9a89e76-1221-4cf6-96c5-801c899d5949",5,27.59,51.61,0.0458,0.022,0.0401,"LargeFringeMetro",1,0,0,0,0,"South East",6,"Cherwell 002",51.7,1,174,90,1023,0.517,0.5161,0.2759,0.2759,6,0.482758620689655,84,95,1524,1524,0.937059144178187,0.781635367477521,1.11418760304424,-1,0,0.222,3,"0.76 to 0.99","Not Significant","0.20-0.39"
"E02005926","Cherwell 006",NA,444527,238817,52.046,-1.35214,"f5f92c73-d6da-49fa-8e50-ebe8aa2d0253",7,25,47.98,0.0524,0.0142,0.0353,"LargeFringeMetro",1,0,0,0,0,"South East",7,"Cherwell 006",35.3,3,300,106,1861,0.353,0.4798,0.25,0.25,7,0.646666666666667,194,164,1525,1525,1.16925428201613,1.0237139794957,1.32957461220996,1,1,0.99,6,"1.01 to 1.25","Significant Increase","0.80-1.00"
"E02005928","Cherwell 008",NA,447735,236326,52.0233,-1.30572,"9bd762d7-bc08-4f28-bd97-395b8f5fefdc",4,21.43,48.66,0.0316,0.0116,0.0309,"Noncore",0,0,0,0,1,"South East",10,"Cherwell 008",42.5,1,266,113,1527,0.425,0.4866,0.2143,0.2143,10,0.575187969924812,153,145,1526,1526,1.05296020898404,0.908995999599993,1.21314011793092,1,0,0.746,5,"1.01 to 1.25","Not Significant","0.60-0.79"
"E02005933","Cherwell 013",NA,459273,223208,51.9043,-1.13984,"8b421bb7-af09-4a0b-9de9-3671e46ad1ad",7,15.91,49.59,0.0505,0.0185,0.0412,"LargeCentralMetro",0,0,0,0,0,"South East",8,"Cherwell 013",39.5,1,220,87,1228,0.395,0.4959,0.1591,0.1591,8,0.604545454545454,133,120,1527,1527,1.06369706062377,0.908663387410144,1.23751728299751,1,0,0.771,5,"1.01 to 1.25","Not Significant","0.60-0.79"
"E02005934","Cherwell 014",NA,457501,223150,51.9039,-1.1656,"3dfd8f8d-5cd0-4403-9830-97819f8e2510",6,12.25,52.25,0.0464,0.0176,0.0439,"LargeCentralMetro",0,0,0,0,0,"South East",8,"Cherwell 014",49,1,204,100,1198,0.49,0.5225,0.1225,0.1225,8,0.509803921568627,104,111,1528,1528,0.916168815473836,0.771192800592787,1.08040550900799,-1,0,0.144,2,"0.76 to 0.99","Not Significant","0.01-0.20"
"E02005939","Cherwell 019",NA,447516,212929,51.813,-1.31213,"cc26276e-31d4-44a2-a961-b15433d20ed5",5,23.58,44.93,0.0566,0.0161,0.0469,"LargeCentralMetro",0,0,0,0,0,"South East",10,"Cherwell 019",41.5,1,123,51,848,0.415,0.4493,0.2358,0.2358,10,0.585365853658537,72,67,1529,1529,1.04912887293689,0.861417761892079,1.26554252482415,1,0,0.669,5,"1.01 to 1.25","Not Significant","0.60-0.79"
"E02005942","Oxford 003",NA,450704,208247,51.7706,-1.26657,"55b01a78-5a68-49a6-9886-595b4aac4c18",1,21.56,48.95,0.1069,0.0152,0.0751,"LargeCentralMetro",0,0,0,0,0,"South East",1,"Oxford 003",66.2,1,269,178,2008,0.662,0.4895,0.2156,0.2156,1,0.338289962825279,91,147,1530,1530,0.659718971732197,0.55351923284307,0.780244951074787,-2,-1,0,1,"0.51 to 0.75","Significant Decrease","<0.01"
"E02005949","Oxford 010",NA,454248,206052,51.7505,-1.21555,"54bee72b-0caf-4ea1-be29-6a7410e75808",4,28.37,50.7,0.2164,0.0607,0.0975,"LargeCentralMetro",0,0,0,0,0,"South East",1,"Oxford 010",48.6,1,282,137,1704,0.486,0.507,0.2837,0.2837,1,0.514184397163121,145,154,1531,1531,0.922211421679663,0.793188650999231,1.06615528683911,-1,0,0.133,2,"0.76 to 0.99","Not Significant","0.01-0.20"
"E02005959","South Oxfordshire 002",NA,456707,210203,51.7876,-1.17926,"5f0afb6d-cfa1-4b50-a42f-21d45191d517",4,20.69,50.17,0.0341,0.0127,0.0453,"Micropolitan",0,0,0,1,0,"South East",6,"South Oxfordshire 002",56.9,1,174,99,1146,0.569,0.5017,0.2069,0.2069,6,0.431034482758621,75,95,1532,1532,0.827240060857963,0.683791428282323,0.991784281316047,-1,-1,0.02,2,"0.76 to 0.99","Significant Decrease","0.01-0.20"
"E02005960","South Oxfordshire 003",NA,470779,204672,51.7363,-0.9764,"e530a33c-3143-4e66-8f55-6370091cbd0c",5,15.07,49.26,0.0162,0.0084,0.0324,"LargeCentralMetro",0,0,0,0,0,"South East",10,"South Oxfordshire 003",47.8,1,345,165,2290,0.478,0.4926,0.1507,0.1507,10,0.521739130434783,180,188,1533,1533,0.951529847477806,0.829803509671,1.08599369309232,-1,0,0.223,3,"0.76 to 0.99","Not Significant","0.20-0.39"
"E02005969","South Oxfordshire 012",NA,459760,188994,51.5966,-1.13863,"db29f86f-97c1-4498-a21c-7475c76597b1",5,15.84,48.09,0.0187,0.0056,0.022,"MediumMetro",0,1,0,0,0,"South East",10,"South Oxfordshire 012",62.9,1,221,139,1437,0.629,0.4809,0.1584,0.1584,10,0.3710407239819,82,121,1534,1534,0.741219652313138,0.61852155085494,0.880985526483375,-2,-1,0,1,"0.51 to 0.75","Significant Decrease","<0.01"
"E02005974","South Oxfordshire 017",NA,476412,181749,51.5295,-0.89984,"8216fd54-4abc-4e11-9cf2-126b33382295",3,14.04,50.87,0.0258,0.0065,0.041,"LargeCentralMetro",0,0,0,0,0,"South East",6,"South Oxfordshire 017",76,1,171,130,918,0.76,0.5087,0.1404,0.1404,6,0.239766081871345,41,93,1535,1535,0.575464867820699,0.463588352358086,0.705955386091439,-2,-1,0,1,"0.51 to 0.75","Significant Decrease","<0.01"
"E02005975","South Oxfordshire 018",NA,464531,181481,51.5286,-1.07114,"4591049e-10cd-4aea-bd46-7c9281b6d2c0",3,11.21,47.26,0.016,0.0075,0.0249,"MediumMetro",0,1,0,0,0,"South East",6,"South Oxfordshire 018",70.7,1,116,82,620,0.707,0.4726,0.1121,0.1121,6,0.293103448275862,34,63,1536,1536,0.6547435619531,0.518183659954766,0.816092333903424,-2,-1,0,1,"0.51 to 0.75","Significant Decrease","<0.01"
"E02005978","Vale of White Horse 001",NA,446129,205091,51.7426,-1.33329,"c4f8d670-90a9-422e-99d5-b81958588ec6",2,8.7,49.44,0.0691,0.0165,0.0525,"LargeCentralMetro",0,0,0,0,0,"South East",8,"Vale of White Horse 001",65.2,1,207,135,1250,0.652,0.4944,0.087,0.087,8,0.347826086956522,72,113,1537,1537,0.67855873394385,0.560408417181643,0.814148487960412,-2,-1,0,1,"0.51 to 0.75","Significant Decrease","<0.01"
"E02005983","Vale of White Horse 006",NA,449113,197594,51.675,-1.29112,"7b0cc9c3-b37a-47e4-b022-8ca6c987591b",7,17.32,45.53,0.0522,0.0205,0.0424,"LargeCentralMetro",0,0,0,0,0,"South East",10,"Vale of White Horse 006",41.9,1,179,75,995,0.419,0.4553,0.1732,0.1732,10,0.581005586592179,104,98,1538,1538,1.03237510307844,0.868685132486332,1.21786615653851,1,0,0.627,5,"1.01 to 1.25","Not Significant","0.60-0.79"
"E02005991","Vale of White Horse 014",NA,439419,187900,51.5886,-1.4324,"845600ef-9f55-42df-97db-58281ae7cbb1",5,15.02,48.89,0.0208,0.012,0.0245,"LargeFringeMetro",1,0,0,0,0,"South East",10,"Vale of White Horse 014",43.8,1,233,102,1763,0.438,0.4889,0.1502,0.1502,10,0.562231759656652,131,127,1539,1539,1.02710144657247,0.878486638329294,1.19355128227948,1,0,0.618,5,"1.01 to 1.25","Not Significant","0.60-0.79"
"E02005992","Vale of White Horse 015",NA,445625,187666,51.586,-1.34285,"9e109cc9-2ce4-42e2-8986-8db56348cd9a",6,28.07,36.39,0.0428,0.0111,0.0318,"LargeCentralMetro",0,0,0,0,0,"South East",10,"Vale of White Horse 015",22.22,2,171,38,775,0.2222,0.3639,0.2807,0.2807,10,0.777777777777778,133,93,1540,1540,1.35237251471714,1.15409034159114,1.57485536535003,2,1,1,6,"1.26 to 1.50","Significant Increase","0.80-1.00"
"E02005993","West Oxfordshire 001",NA,431564,226745,51.9383,-1.54226,"8a40084a-3aa7-4ccd-a602-40e027986bea",7,16.27,51.12,0.0298,0.0058,0.02,"SmallMetro",0,0,1,0,0,"South East",7,"West Oxfordshire 001",59.6,1,166,99,1029,0.596,0.5112,0.1627,0.1627,7,0.403614457831325,67,91,1541,1541,0.814275515613983,0.670522480743519,0.979554166143302,-1,-1,0.015,2,"0.76 to 0.99","Significant Decrease","0.01-0.20"
"E02005996","West Oxfordshire 004",NA,443945,219091,51.8687,-1.36314,"d94400b5-a3f3-46c9-9def-5f5322c68a38",2,12.29,51.15,0.0194,0.0062,0.028,"MediumMetro",0,1,0,0,0,"South East",10,"West Oxfordshire 004",62.6,1,179,112,1085,0.626,0.5115,0.1229,0.1229,10,0.374301675977654,67,98,1542,1542,0.735707705790601,0.604856769281587,0.886345565023151,-2,-1,0.001,1,"0.51 to 0.75","Significant Decrease","<0.01"
"E02006002","West Oxfordshire 010",NA,435168,209660,51.7845,-1.49157,"12419fab-38c1-4672-8439-e52954917b82",7,14.88,48.56,0.0267,0.0078,0.0315,"LargeFringeMetro",1,0,0,0,0,"South East",4,"West Oxfordshire 010",35.7,1,168,60,1075,0.357,0.4856,0.1488,0.1488,4,0.642857142857143,108,92,1543,1543,1.10970977692105,0.934168687026819,1.30859360515935,1,0,0.878,6,"1.01 to 1.25","Not Significant","0.80-1.00"
"E02006003","West Oxfordshire 011",NA,440603,207660,51.7662,-1.41302,"71eea267-a2aa-4545-8ba9-22489ea25a79",6,9.86,47.72,0.0177,0.0062,0.0265,"MediumMetro",0,1,0,0,0,"South East",7,"West Oxfordshire 011",66.7,1,213,142,1383,0.667,0.4772,0.0986,0.0986,7,0.333333333333333,71,116,1544,1544,0.673288936339157,0.556579400718926,0.807111701190906,-2,-1,0,1,"0.51 to 0.75","Significant Decrease","<0.01"
"E02006004","West Oxfordshire 012",NA,426150,206821,51.7595,-1.62251,"9ef713f3-5846-48f7-b6c8-d5539720c354",6,13.88,52.11,0.0112,0.0067,0.0185,"SmallMetro",0,0,1,0,0,"South East",9,"West Oxfordshire 012",59.6,1,245,146,1443,0.596,0.5211,0.1388,0.1388,9,0.404081632653061,99,134,1545,1545,0.795607011914314,0.671492713068909,0.935869798498734,-1,-1,0.003,1,"0.76 to 0.99","Significant Decrease","<0.01"
"E02006005","West Oxfordshire 013",NA,428074,207620,51.7666,-1.59457,"2f8ee7ae-7406-4502-8bca-539c82ee4e9b",7,19.82,49.13,0.0176,0.0106,0.0271,"LargeFringeMetro",1,0,0,0,0,"South East",4,"West Oxfordshire 013",18.9,1,111,21,743,0.189,0.4913,0.1982,0.1982,4,0.810810810810811,90,61,1546,1546,1.31993155012041,1.09342498818144,1.57954823934138,2,1,0.998,6,"1.26 to 1.50","Significant Increase","0.80-1.00"
"E02006008","Shropshire 025",NA,375469,309244,52.6804,-2.36428,"9f7e6cf8-dfed-43f8-b0fc-735b3083db8e",5,14.29,48.29,0.0216,0.0058,0.0241,"MediumMetro",0,1,0,0,0,"West Midlands",6,"Shropshire 025",32.3,1,217,70,1170,0.323,0.4829,0.1429,0.1429,6,0.67741935483871,147,118,1547,1547,1.15893242857971,0.99416181071851,1.34313955089097,1,0,0.97,6,"1.01 to 1.25","Not Significant","0.80-1.00"
"E02006010","Shropshire 029",NA,364855,296669,52.5667,-2.51993,"3af5dab3-602b-4738-a091-f92eab9d1f8d",5,17.26,49.63,0.0048,0.0013,0.0108,"MediumMetro",0,1,0,0,0,"West Midlands",9,"Shropshire 029",37.5,1,168,63,820,0.375,0.4963,0.1726,0.1726,9,0.625,105,92,1548,1548,1.0900545407942,0.916563891515207,1.28676840853576,1,0,0.829,6,"1.01 to 1.25","Not Significant","0.80-1.00"
"E02006011","Shropshire 031",NA,370529,292327,52.528,-2.43584,"a394162a-4b57-4caf-b6dc-0bdc96eeba8c",5,22.4,49.18,0.0051,0.0025,0.0094,"LargeCentralMetro",0,0,0,0,0,"West Midlands",4,"Shropshire 031",44,1,125,55,736,0.44,0.4918,0.224,0.224,4,0.56,70,68,1549,1549,1.00732893096009,0.825631716582026,1.21706774556986,0,0,0.509,4,"1.00-1.009 (null value)","Not Significant","0.40-0.59"
"E02006012","Shropshire 033",NA,372513,292242,52.5274,-2.40659,"093e24f4-1b1d-493c-902c-9f70659da0e5",6,13.33,48.34,0.0115,0.0019,0.0119,"LargeCentralMetro",0,0,0,0,0,"West Midlands",4,"Shropshire 033",39.2,1,120,47,602,0.392,0.4834,0.1333,0.1333,4,0.608333333333333,73,65,1550,1550,1.03170451125394,0.844364470482697,1.24824839019899,1,0,0.603,5,"1.01 to 1.25","Not Significant","0.60-0.79"
"E02006015","Shropshire 001",NA,353705,341826,52.9718,-2.69082,"4c1fd0f2-89b1-4725-8259-b1b8188f0525",7,17.61,48.8,0.0099,0.0029,0.0129,"Noncore",0,0,0,0,1,"West Midlands",9,"Shropshire 001",47.8,1,159,76,873,0.478,0.488,0.1761,0.1761,9,0.522012578616352,83,87,1551,1551,0.978500313402593,0.812835006209099,1.16789114772017,-1,0,0.388,3,"0.76 to 0.99","Not Significant","0.20-0.39"
"E02006017","Shropshire 004",NA,339760,333471,52.8953,-2.89689,"e4fa8a3b-2b6a-45e4-8149-3b91584e2cbf",5,18.87,45.78,0.0073,0.002,0.0108,"SmallMetro",0,0,1,0,0,"West Midlands",7,"Shropshire 004",34,1,106,36,581,0.34,0.4578,0.1887,0.1887,7,0.660377358490566,70,58,1552,1552,1.14577276402233,0.936629013429983,1.38767913165553,1,0,0.904,6,"1.01 to 1.25","Not Significant","0.80-1.00"
"E02006021","Shropshire 010",NA,347616,328568,52.8521,-2.77933,"963eab0c-47e7-4f21-b4bb-b47c65584fa5",4,22,49.24,0.0051,0.0024,0.0099,"MediumMetro",0,1,0,0,0,"West Midlands",9,"Shropshire 010",44.7,1,150,67,719,0.447,0.4924,0.22,0.22,9,0.553333333333333,83,82,1553,1553,1.00817226509547,0.836757488594366,1.20428579196154,0,0,0.516,4,"1.00-1.009 (null value)","Not Significant","0.40-0.59"
"E02006025","Shropshire 007",NA,328135,329679,52.8598,-3.06882,"65b8158d-8bff-4f1a-b0f4-3e4a32c52930",7,23.74,50,0.0133,0.0067,0.0183,"LargeFringeMetro",1,0,0,0,0,"West Midlands",5,"Shropshire 007",38.5,1,257,99,1396,0.385,0.5,0.2374,0.2374,5,0.614785992217899,158,140,1554,1554,1.11964807067086,0.968672586946808,1.28737323250294,1,0,0.936,6,"1.01 to 1.25","Not Significant","0.80-1.00"
"E02006037","Shropshire 023",NA,348252,311438,52.6982,-2.76718,"bcb9f5a4-5b2d-4947-99aa-a322aebaf24c",6,14.37,50.58,0.0228,0.0042,0.0186,"LargeCentralMetro",0,0,0,0,0,"West Midlands",8,"Shropshire 023",55.7,1,167,93,856,0.557,0.5058,0.1437,0.1437,8,0.44311377245509,74,91,1555,1555,0.844389344712603,0.697515298676711,1.01294479048969,-1,0,0.034,2,"0.76 to 0.99","Not Significant","0.01-0.20"
"E02006041","Shropshire 030",NA,332950,296958,52.5663,-2.99063,"72568e91-20b3-41e0-9c0b-c5e277a9867b",4,15.69,50.19,0.0066,0.0028,0.008,"SmallMetro",0,0,1,0,0,"West Midlands",8,"Shropshire 030",35.3,1,102,36,526,0.353,0.5019,0.1569,0.1569,8,0.647058823529412,66,56,1556,1556,1.11390053086812,0.906537688438904,1.35450046948599,1,0,0.841,6,"1.01 to 1.25","Not Significant","0.80-1.00"
"E02006042","Shropshire 032",NA,347951,291503,52.5189,-2.76849,"3efd41e4-6486-4f06-b5d6-ec8fe71ff465",4,19.79,49.81,0.007,0.0012,0.0103,"MediumMetro",0,1,0,0,0,"West Midlands",6,"Shropshire 032",44.8,1,96,43,538,0.448,0.4981,0.1979,0.1979,6,0.552083333333333,53,52,1557,1557,0.983335576890219,0.789792825248216,1.20995979228873,-1,0,0.416,4,"0.76 to 0.99","Not Significant","0.40-0.59"
"E02006046","Shropshire 039",NA,360402,273646,52.3595,-2.58288,"c600af1c-abdc-4d3f-b746-91c9d3160638",6,17.58,47.21,0.0039,0.001,0.0095,"SmallMetro",0,0,1,0,0,"West Midlands",10,"Shropshire 039",39.6,1,91,36,538,0.396,0.4721,0.1758,0.1758,10,0.604395604395604,55,50,1558,1558,1.08937872278604,0.878361511568576,1.33576230811094,1,0,0.772,5,"1.01 to 1.25","Not Significant","0.60-0.79"
"E02006052","Mendip 006",NA,359005,150309,51.2505,-2.58877,"ec5b87f8-1eb1-42f4-b7af-2c15377a63e0",4,19.82,51.73,0.0083,0.003,0.0183,"SmallMetro",0,0,1,0,0,"South West",6,"Mendip 006",35.1,1,111,39,578,0.351,0.5173,0.1982,0.1982,6,0.648648648648649,72,61,1559,1559,1.12030634801953,0.91760334719654,1.35444165467532,1,0,0.863,6,"1.01 to 1.25","Not Significant","0.80-1.00"
"E02006054","Mendip 008",NA,355001,145686,51.2086,-2.64555,"d519adfc-7120-4ef4-a63b-f2fea1c29025",6,16.32,48.93,0.0145,0.002,0.0198,"LargeFringeMetro",1,0,0,0,0,"South West",4,"Mendip 008",50.6,1,239,121,1357,0.506,0.4893,0.1632,0.1632,4,0.493723849372385,118,130,1560,1560,0.91900381525398,0.781632554095954,1.07346093804753,-1,0,0.139,2,"0.76 to 0.99","Not Significant","0.01-0.20"
"E02006057","Mendip 011",NA,351241,139200,51.15,-2.69849,"0dff5a80-5ecb-49e8-8fe7-dab9907964dd",8,29.55,49.12,0.0135,0.0039,0.0213,"SmallMetro",0,0,1,0,0,"South West",10,"Mendip 011",51.1,1,88,45,509,0.511,0.4912,0.2955,0.2955,10,0.488636363636364,43,48,1561,1561,1.02844159012597,0.823517930523563,1.26867296090486,1,0,0.578,4,"1.01 to 1.25","Not Significant","0.40-0.59"
"E02006060","Mendip 014",NA,348628,137019,51.1301,-2.73553,"f6aa9951-a19c-4edf-bbbd-9d658e31ae7b",7,21.46,51.66,0.0157,0.0065,0.0201,"LargeFringeMetro",1,0,0,0,0,"South West",8,"Mendip 014",38.8,1,219,85,1022,0.388,0.5166,0.2146,0.2146,8,0.611872146118721,134,119,1562,1562,1.11888081419518,0.958260919361592,1.29860885667618,1,0,0.921,6,"1.01 to 1.25","Not Significant","0.80-1.00"
"E02006061","Sedgemoor 001",NA,346067,154350,51.2857,-2.77474,"c5c51bcb-c259-4f26-95df-508df95ca420",4,10.82,48.29,0.0097,0.0026,0.0162,"MediumMetro",0,1,0,0,0,"South West",8,"Sedgemoor 001",53.7,1,268,144,1050,0.537,0.4829,0.1082,0.1082,8,0.462686567164179,124,146,1563,1563,0.849315442316765,0.72409759903915,0.989877271270234,-1,-1,0.018,2,"0.76 to 0.99","Significant Decrease","0.01-0.20"
"E02006071","Sedgemoor 011",NA,327944,137821,51.1351,-3.03125,"d04c95f2-6204-440a-a337-43d339cfa27f",6,17.86,54.72,0.0102,0.0024,0.0148,"LargeCentralMetro",0,0,0,0,0,"South West",7,"Sedgemoor 011",48.2,1,224,108,1060,0.482,0.5472,0.1786,0.1786,7,0.517857142857143,116,122,1564,1564,0.950623565442755,0.807109098101686,1.1121996984396,-1,0,0.254,3,"0.76 to 0.99","Not Significant","0.20-0.39"
"E02006073","Sedgemoor 013",NA,329416,136128,51.1201,-3.00988,"0f4c18d4-9bd3-492b-bc33-c9371bfd9058",9,35.14,50.96,0.0207,0.0046,0.0273,"LargeCentralMetro",0,0,0,0,0,"South West",3,"Sedgemoor 013",37.8,1,185,70,1042,0.378,0.5096,0.3514,0.3514,3,0.621621621621622,115,101,1565,1565,1.133977928131,0.961972704956191,1.32775084944109,1,0,0.932,6,"1.01 to 1.25","Not Significant","0.80-1.00"
"E02006075","South Somerset 001",NA,370233,132245,51.0887,-2.42639,"85d3db73-1746-45b7-805f-de39401cd357",3,12.96,54.12,0.0094,0.0067,0.0148,"Noncore",0,0,0,0,1,"South West",10,"South Somerset 001",52.8,1,108,57,667,0.528,0.5412,0.1296,0.1296,10,0.472222222222222,51,59,1566,1566,0.900028857520244,0.723432379974192,1.10661707407351,-1,0,0.152,2,"0.76 to 0.99","Not Significant","0.01-0.20"
"E02006076","South Somerset 002",NA,355907,128657,51.0555,-2.63049,"50010767-2235-43c1-b21d-5bb753050913",6,16.67,47.29,0.005,0.0021,0.0118,"SmallMetro",0,0,1,0,0,"South West",9,"South Somerset 002",45.1,1,102,46,516,0.451,0.4729,0.1667,0.1667,9,0.549019607843137,56,56,1567,1567,1.01547372381822,0.82123185716138,1.24176367775183,1,0,0.536,4,"1.01 to 1.25","Not Significant","0.40-0.59"
"E02006087","South Somerset 013",NA,353873,116953,50.9501,-2.65802,"58b60553-f8d4-47ff-b1c2-6fd7002cfb88",9,17.07,51.71,0.0186,0.0091,0.0191,"LargeFringeMetro",1,0,0,0,0,"South West",5,"South Somerset 013",38,1,205,78,1025,0.38,0.5171,0.1707,0.1707,5,0.619512195121951,127,112,1568,1568,1.10674886337241,0.943526919648729,1.29000033044938,1,0,0.891,6,"1.01 to 1.25","Not Significant","0.80-1.00"
"E02006090","South Somerset 016",NA,354150,116142,50.9429,-2.65397,"6c9d6781-6205-4bca-b5f0-fb30a47af789",9,20.13,48.22,0.0179,0.0051,0.0189,"LargeFringeMetro",1,0,0,0,0,"South West",7,"South Somerset 016",40.3,1,154,62,983,0.403,0.4822,0.2013,0.2013,7,0.597402597402597,92,84,1569,1569,1.09134690667191,0.912136541283268,1.29537138387888,1,0,0.824,6,"1.01 to 1.25","Not Significant","0.80-1.00"
"E02006091","South Somerset 017",NA,346770,113562,50.919,-2.75863,"56bfe94d-b3dd-40b9-b06e-389d18d30834",6,11.36,46.92,0.003,0.0013,0.0123,"Noncore",0,0,0,0,1,"South West",10,"South Somerset 017",47.7,1,132,63,812,0.477,0.4692,0.1136,0.1136,10,0.522727272727273,69,72,1570,1570,0.962220393161377,0.787970416108074,1.16345955430485,-1,0,0.33,3,"0.76 to 0.99","Not Significant","0.20-0.39"
"E02006095","South Somerset 021",NA,344815,108506,50.8734,-2.78567,"d68cbdce-07e9-46a8-8285-0a6cfa11386c",7,18.42,49.02,0.0063,0.0025,0.0136,"SmallMetro",0,0,1,0,0,"South West",6,"South Somerset 021",37.5,1,152,57,769,0.375,0.4902,0.1842,0.1842,6,0.625,95,83,1571,1571,1.11174994615483,0.929393117922175,1.31935084682797,1,0,0.873,6,"1.01 to 1.25","Not Significant","0.80-1.00"
"E02006097","South Somerset 023",NA,332232,108401,50.8711,-2.96446,"87a6e925-97ef-4992-b432-10592977d5b6",8,23.71,49.28,0.0091,0.0115,0.0272,"LargeFringeMetro",1,0,0,0,0,"South West",5,"South Somerset 023",29.7,1,232,69,1321,0.297,0.4928,0.2371,0.2371,5,0.702586206896552,163,127,1572,1572,1.24383282839481,1.07659847839525,1.42957885928084,1,1,0.999,6,"1.01 to 1.25","Significant Increase","0.80-1.00"
"E02006101","Somerset West and Taunton 013",NA,307739,125424,51.0208,-3.31679,"fea03849-30fd-4143-8404-acb0c8faea64",4,16.57,49.49,0.0042,0.0016,0.0137,"SmallMetro",0,0,1,0,0,"South West",7,"Somerset West and Taunton 013",39.1,1,169,66,879,0.391,0.4949,0.1657,0.1657,7,0.609467455621302,103,92,1573,1573,1.08510022162419,0.911937272488274,1.28149874776148,1,0,0.815,6,"1.01 to 1.25","Not Significant","0.80-1.00"
"E02006109","Somerset West and Taunton 016",NA,320800,122215,50.9939,-3.12991,"a0ff6ac7-86e5-4027-a371-86997936c887",5,10.88,50.75,0.0432,0.0085,0.0183,"LargeFringeMetro",1,0,0,0,0,"South West",3,"Somerset West and Taunton 016",57.7,1,239,138,1202,0.577,0.5075,0.1088,0.1088,3,0.422594142259414,101,130,1574,1574,0.801434827678853,0.675538865971176,0.943877600645003,-1,-1,0.004,1,"0.76 to 0.99","Significant Decrease","<0.01"
"E02006110","Somerset West and Taunton 018",NA,314218,120825,50.9804,-3.22335,"b0645ef2-5bc4-4426-8028-f95dbee8dd8f",8,18.67,49.15,0.0179,0.0091,0.0157,"LargeFringeMetro",1,0,0,0,0,"South West",4,"Somerset West and Taunton 018",43.3,1,150,65,826,0.433,0.4915,0.1867,0.1867,4,0.566666666666667,85,82,1575,1575,1.03031526254048,0.856404631289719,1.22907781991079,1,0,0.609,5,"1.01 to 1.25","Not Significant","0.60-0.79"
"E02006112","Somerset West and Taunton 019",NA,323970,117787,50.9545,-3.08382,"99a8410f-6692-413d-88d3-91c96b1fc7cb",5,19.63,46.89,0.0182,0.0034,0.0159,"LargeFringeMetro",1,0,0,0,0,"South West",2,"Somerset West and Taunton 019",44.7,1,219,98,1109,0.447,0.4689,0.1963,0.1963,2,0.552511415525114,121,119,1576,1576,1.0062517845504,0.855976460213515,1.17521869631483,0,0,0.514,4,"1.00-1.009 (null value)","Not Significant","0.40-0.59"
"E02006114","Somerset West and Taunton 002",NA,288171,145379,51.1967,-3.60186,"d9be28db-9544-4969-9749-b8fe120e14e5",7,21.4,49.87,0.0041,0.0011,0.0133,"LargeFringeMetro",1,0,0,0,0,"South West",9,"Somerset West and Taunton 002",32.6,1,215,70,760,0.326,0.4987,0.214,0.214,9,0.674418604651163,145,117,1577,1577,1.21507483899769,1.0449215686655,1.40492779105414,1,1,0.995,6,"1.01 to 1.25","Significant Increase","0.80-1.00"
"E02006118","Cannock Chase 001",NA,401286,316436,52.7456,-1.98238,"81bf7bc9-77e7-4397-8071-6a1322426289",7,24.88,49.26,0.0116,0.0046,0.0115,"LargeCentralMetro",0,0,0,0,0,"West Midlands",10,"Cannock Chase 001",41.8,1,213,89,1216,0.418,0.4926,0.2488,0.2488,10,0.582159624413146,124,116,1578,1578,1.07510463881349,0.91704455173764,1.25246718612538,1,0,0.808,6,"1.01 to 1.25","Not Significant","0.80-1.00"
"E02006122","Cannock Chase 005",NA,399724,312974,52.7144,-2.00552,"6e022365-5776-451a-8c90-1ccc83e43425",7,40.85,50.97,0.0138,0.0052,0.0201,"LargeCentralMetro",0,0,0,0,0,"West Midlands",10,"Cannock Chase 005",9.9,1,71,7,673,0.099,0.5097,0.4085,0.4085,10,0.901408450704225,64,39,1579,1579,1.51643345159364,1.23034536582245,1.84913785791715,3,1,1,6,"1.51 to 1.75","Significant Increase","0.80-1.00"
"E02006125","Cannock Chase 008",NA,399559,311675,52.7028,-2.00796,"5551e9f2-0abb-45e4-89db-b9ee89850d11",8,17.21,50.45,0.0059,0.0055,0.0145,"LargeCentralMetro",0,0,0,0,0,"West Midlands",9,"Cannock Chase 008",39.5,1,215,85,1429,0.395,0.5045,0.1721,0.1721,9,0.604651162790698,130,117,1580,1580,1.08436815878761,0.925967694327331,1.26199917395571,1,0,0.838,6,"1.01 to 1.25","Not Significant","0.80-1.00"
"E02006128","Cannock Chase 011",NA,398066,310563,52.6928,-2.03005,"aafdd0ac-172a-4fbb-8a68-fb24fcf49927",8,35.29,52.57,0.0177,0.0052,0.0175,"LargeCentralMetro",0,0,0,0,0,"West Midlands",9,"Cannock Chase 011",37.6,1,170,64,1109,0.376,0.5257,0.3529,0.3529,9,0.623529411764706,106,93,1581,1581,1.16049711319361,0.980684319487775,1.36359552229387,1,0,0.958,6,"1.01 to 1.25","Not Significant","0.80-1.00"
"E02006130","Cannock Chase 013",NA,400865,307586,52.666,-1.98864,"8d130164-1fe9-425d-8450-9dbd594fe5f0",7,33.33,45.33,0.0079,0.0052,0.0204,"MediumMetro",0,1,0,0,0,"West Midlands",10,"Cannock Chase 013",18.2,1,66,12,439,0.182,0.4533,0.3333,0.3333,10,0.818181818181818,54,36,1582,1582,1.36140707189829,1.09021121142573,1.67971883815831,2,1,0.997,6,"1.26 to 1.50","Significant Increase","0.80-1.00"
"E02006131","East Staffordshire 001",NA,406788,337637,52.9361,-1.90045,"5ec8a6d8-9606-450f-bd17-7732f3a42ee2",6,21.46,21.57,0.005,0.0028,0.0116,"MediumMetro",0,1,0,0,0,"West Midlands",9,"East Staffordshire 001",38.4,1,219,84,788,0.384,0.2157,0.2146,0.2146,9,0.616438356164384,135,119,1583,1583,1.10850895165883,0.948583157667712,1.28757981963219,1,0,0.9,6,"1.01 to 1.25","Not Significant","0.80-1.00"
"E02006137","East Staffordshire 007",NA,423931,325043,52.8224,-1.64631,"ce24aca8-8175-4cc3-8a34-1ab4301eeded",8,24.69,52.13,0.1259,0.0166,0.0495,"LargeCentralMetro",0,0,0,0,0,"West Midlands",7,"East Staffordshire 007",47.6,1,401,191,2438,0.476,0.5213,0.2469,0.2469,7,0.523690773067332,210,219,1584,1584,0.963550753845346,0.848265553044656,1.09003600836504,-1,0,0.269,3,"0.76 to 0.99","Not Significant","0.20-0.39"
"E02006140","East Staffordshire 010",NA,426646,323425,52.8077,-1.60615,"ecaac6f3-6084-4300-9fde-1749e96a696a",8,32.58,50.6,0.0268,0.0061,0.0342,"LargeCentralMetro",0,0,0,0,0,"West Midlands",2,"East Staffordshire 010",26.5,1,132,35,828,0.265,0.506,0.3258,0.3258,2,0.734848484848485,97,72,1585,1585,1.25942711758075,1.05202656784242,1.49571084107271,2,1,0.994,6,"1.26 to 1.50","Significant Increase","0.80-1.00"
"E02006143","East Staffordshire 013",NA,422262,321355,52.7893,-1.67133,"4177fac0-c6bc-4625-9d27-dcc710ecacf3",5,27.18,51.59,0.1112,0.0124,0.0357,"LargeCentralMetro",0,0,0,0,0,"West Midlands",4,"East Staffordshire 013",32,1,103,33,661,0.32,0.5159,0.2718,0.2718,4,0.679611650485437,70,56,1586,1586,1.15091616139184,0.939333020118827,1.39595765695608,1,0,0.91,6,"1.01 to 1.25","Not Significant","0.80-1.00"
"E02006145","East Staffordshire 015",NA,418589,319837,52.7758,-1.72588,"25fc240d-c012-47bc-bc48-b1d61b5aa70e",4,12.86,50.37,0.0168,0.0029,0.0191,"MediumMetro",0,1,0,0,0,"West Midlands",9,"East Staffordshire 015",63.5,1,241,153,1499,0.635,0.5037,0.1286,0.1286,9,0.365145228215768,88,131,1587,1587,0.722862285009555,0.605409495581172,0.856322706797572,-2,-1,0,1,"0.51 to 0.75","Significant Decrease","<0.01"
"E02006151","Lichfield 006",NA,404012,308767,52.6766,-1.94209,"d8a3dfa7-2b70-4592-b6e9-79683e95b53a",8,18.38,50,0.0123,0.0024,0.0132,"LargeCentralMetro",0,0,0,0,0,"West Midlands",10,"Lichfield 006",44.9,1,185,83,1128,0.449,0.5,0.1838,0.1838,10,0.551351351351351,102,101,1588,1588,1.01227544748965,0.85234092629314,1.19339829768,1,0,0.539,4,"1.01 to 1.25","Not Significant","0.40-0.59"
"E02006152","Lichfield 007",NA,411031,307608,52.6661,-1.83832,"0b8416ed-f738-43fe-b123-ed19df2d67ae",5,14.57,48,0.0227,0.0077,0.0286,"LargeCentralMetro",0,0,0,0,0,"West Midlands",10,"Lichfield 007",57.5,1,247,142,1627,0.575,0.48,0.1457,0.1457,10,0.425101214574899,105,135,1589,1589,0.810297461199993,0.685319670153978,0.951355346112191,-1,-1,0.005,1,"0.76 to 0.99","Significant Decrease","<0.01"
"E02006153","Lichfield 008",NA,420343,309065,52.6789,-1.70054,"a9fe7907-e66d-4263-904d-7cfe331caf13",5,12.79,48.94,0.0229,0.0082,0.0238,"Micropolitan",0,0,0,1,0,"West Midlands",10,"Lichfield 008",44.3,1,219,97,1036,0.443,0.4894,0.1279,0.1279,10,0.557077625570776,122,119,1590,1590,1.00223371030801,0.851987072948463,1.17125899464873,0,0,0.494,4,"1.00-1.009 (null value)","Not Significant","0.40-0.59"
"E02006164","Newcastle-under-Lyme 007",NA,382895,349026,53.0382,-2.25655,"9861ff02-f845-437e-9b8c-eaf6cf195155",10,32.1,49.72,0.0187,0.0113,0.0137,"LargeCentralMetro",0,0,0,0,0,"West Midlands",10,"Newcastle-under-Lyme 007",22.8,1,162,37,903,0.228,0.4972,0.321,0.321,10,0.771604938271605,125,88,1591,1591,1.37880898590461,1.17388656189124,1.60910727106778,2,1,1,6,"1.26 to 1.50","Significant Increase","0.80-1.00"
"E02006166","Newcastle-under-Lyme 009",NA,385307,347579,53.0253,-2.22051,"08c63987-b514-4e2d-a71d-7029e01f53d9",8,21.38,50.72,0.0219,0.0031,0.022,"LargeCentralMetro",0,0,0,0,0,"West Midlands",9,"Newcastle-under-Lyme 009",35.2,1,145,51,769,0.352,0.5072,0.2138,0.2138,9,0.648275862068965,94,79,1592,1592,1.1436044511603,0.955041479166787,1.35843806090676,1,0,0.926,6,"1.01 to 1.25","Not Significant","0.80-1.00"
"E02006168","Newcastle-under-Lyme 011",NA,384833,346260,53.0134,-2.22751,"53503344-806b-427a-a42c-330a3daefb1c",9,23.74,48.67,0.087,0.0319,0.0509,"LargeCentralMetro",0,0,0,0,0,"West Midlands",9,"Newcastle-under-Lyme 011",34.8,1,198,69,1091,0.348,0.4867,0.2374,0.2374,9,0.651515151515151,129,108,1593,1593,1.15489011479641,0.985073059692543,1.34548457313555,1,0,0.962,6,"1.01 to 1.25","Not Significant","0.80-1.00"
"E02006170","Newcastle-under-Lyme 013",NA,377020,345075,53.0025,-2.34388,"b7a4c924-dccf-4776-8af6-ac93b444f7d7",6,11.43,48.76,0.0075,0.0054,0.0203,"MediumMetro",0,1,0,0,0,"West Midlands",10,"Newcastle-under-Lyme 013",55,1,140,77,769,0.55,0.4876,0.1143,0.1143,10,0.45,63,76,1594,1594,0.849950337745979,0.693615742661028,1.03091784972736,-1,0,0.048,2,"0.76 to 0.99","Not Significant","0.01-0.20"
"E02006172","Newcastle-under-Lyme 015",NA,383680,344251,52.9953,-2.2446,"2b405ba9-28eb-4204-8978-01e1ec10991b",6,25.56,49.83,0.0849,0.0086,0.0263,"LargeCentralMetro",0,0,0,0,0,"West Midlands",9,"Newcastle-under-Lyme 015",36.3,2,223,81,1202,0.363,0.4983,0.2556,0.2556,9,0.63677130044843,142,122,1595,1595,1.14153236469862,0.980533470207975,1.32131993546569,1,0,0.955,6,"1.01 to 1.25","Not Significant","0.80-1.00"
"E02006174","South Staffordshire 001",NA,392034,314780,52.7306,-2.1194,"eb560092-571d-418c-8997-a198394bf0e7",4,25.93,49.17,0.0106,0.0035,0.0196,"Micropolitan",0,0,0,1,0,"West Midlands",10,"South Staffordshire 001",16.7,1,54,9,240,0.167,0.4917,0.2593,0.2593,10,0.833333333333333,45,29,1596,1596,1.31940501695753,1.03806115964098,1.65381957772475,2,1,0.989,6,"1.26 to 1.50","Significant Increase","0.80-1.00"
"E02006182","South Staffordshire 009",NA,385061,303190,52.6263,-2.22213,"d44b39a1-ee2f-463e-9b96-1eb0b39b680e",4,14.11,47,0.0466,0.006,0.0336,"LargeCentralMetro",0,0,0,0,0,"West Midlands",7,"South Staffordshire 009",48.4,1,248,120,1068,0.484,0.47,0.1411,0.1411,7,0.516129032258065,128,135,1597,1597,0.929400038606093,0.793099211105779,1.08231827742414,-1,0,0.167,2,"0.76 to 0.99","Not Significant","0.01-0.20"
"E02006186","South Staffordshire 013",NA,384887,292729,52.5322,-2.22421,"6a528cc1-a0f3-4887-bd7f-9bdd5dec45b1",3,10.32,48.5,0.0307,0.0073,0.0222,"LargeCentralMetro",0,0,0,0,0,"West Midlands",6,"South Staffordshire 013",38.7,1,155,60,1002,0.387,0.485,0.1032,0.1032,6,0.612903225806452,95,85,1598,1598,1.02740397015673,0.856086736216842,1.22293405533703,1,0,0.599,4,"1.01 to 1.25","Not Significant","0.40-0.59"
"E02006187","South Staffordshire 014",NA,384984,285056,52.4632,-2.22244,"c9f1d48d-e317-4a03-b94f-3e295ec9b1e8",7,21.15,51.23,0.0128,0.0041,0.0229,"MediumMetro",0,1,0,0,0,"West Midlands",6,"South Staffordshire 014",49,1,104,51,732,0.49,0.5123,0.2115,0.2115,6,0.509615384615385,53,57,1599,1599,0.938873190065016,0.756426956636255,1.1519895645682,-1,0,0.26,3,"0.76 to 0.99","Not Significant","0.20-0.39"
"E02006190","Stafford 003",NA,390421,333922,52.9027,-2.14385,"9353a98f-2545-4973-b806-fd35fce35bed",7,15.22,53.05,0.0149,0.0042,0.0208,"LargeCentralMetro",0,0,0,0,0,"West Midlands",3,"Stafford 003",48.7,1,230,112,852,0.487,0.5305,0.1522,0.1522,3,0.51304347826087,118,125,1600,1600,0.92656837166657,0.786594622239196,1.0841852732298,-1,0,0.165,2,"0.76 to 0.99","Not Significant","0.01-0.20"
"E02006193","Stafford 006",NA,389919,327506,52.845,-2.15112,"f24ec378-76d8-420f-a833-d7bf6333df96",6,15.03,50.2,0.0494,0.012,0.0231,"LargeCentralMetro",0,0,0,0,0,"West Midlands",5,"Stafford 006",37.6,1,173,65,998,0.376,0.502,0.1503,0.1503,5,0.624277456647399,108,94,1601,1601,1.07631278004773,0.905681477392874,1.26969795226997,1,0,0.791,5,"1.01 to 1.25","Not Significant","0.60-0.79"
"E02006198","Stafford 011",NA,396550,323717,52.811,-2.05262,"4e3e381d-dc34-4848-8c8e-6ba5ef57fa47",5,15.56,50.05,0.0547,0.0093,0.0245,"LargeCentralMetro",0,0,0,0,0,"West Midlands",6,"Stafford 011",46.1,1,180,83,987,0.461,0.5005,0.1556,0.1556,6,0.538888888888889,97,98,1602,1602,0.96211155189162,0.805836042224309,1.13977989806357,-1,0,0.314,3,"0.76 to 0.99","Not Significant","0.20-0.39"
"E02006199","Stafford 012",NA,386407,323371,52.8077,-2.20309,"2f537236-6ed2-4d7b-9f36-533e8a412649",6,25,51.1,0.0364,0.0107,0.0214,"LargeCentralMetro",0,0,0,0,0,"West Midlands",1,"Stafford 012",52.4,1,164,86,957,0.524,0.511,0.25,0.25,1,0.475609756097561,78,89,1603,1603,0.896267651921892,0.742225659555714,1.07275428084526,-1,0,0.112,2,"0.76 to 0.99","Not Significant","0.01-0.20"
"E02006200","Stafford 013",NA,391567,321247,52.7887,-2.12648,"93da0945-f38c-4f85-a913-44b16e6a649b",8,59.26,46.55,0.0157,0.0176,0.0339,"LargeCentralMetro",0,0,0,0,0,"West Midlands",7,"Stafford 013",24.7,1,81,20,449,0.247,0.4655,0.5926,0.5926,7,0.753086419753086,61,44,1604,1604,1.44537386474204,1.17831931795487,1.75470414959642,2,1,1,6,"1.26 to 1.50","Significant Increase","0.80-1.00"
"E02006201","Stafford 014",NA,396975,319186,52.7703,-2.04627,"79128b1c-6de6-4754-8f30-969008bbcfc3",4,9.35,46.93,0.0456,0.0071,0.0302,"LargeCentralMetro",0,0,0,0,0,"West Midlands",5,"Stafford 014",50,1,214,107,1270,0.5,0.4693,0.0935,0.0935,5,0.5,107,117,1605,1605,0.884055559121194,0.745012783117104,1.04145161262568,-1,0,0.068,2,"0.76 to 0.99","Not Significant","0.01-0.20"
"E02006204","Staffordshire Moorlands 001",NA,401396,363053,53.1646,-1.98057,"c1744bda-0909-42f7-b9d5-9ff87279e9b3",6,23.29,50.99,0.006,0.002,0.014,"LargeCentralMetro",0,0,0,0,0,"West Midlands",7,"Staffordshire Moorlands 001",26,1,73,19,253,0.26,0.5099,0.2329,0.2329,7,0.73972602739726,54,40,1606,1606,1.20540170050963,0.964756862798019,1.48798279182019,1,0,0.949,6,"1.01 to 1.25","Not Significant","0.80-1.00"
"E02006207","Staffordshire Moorlands 004",NA,387147,357944,53.1185,-2.19349,"335307ef-d73a-41a8-b8c0-1fbccabc1ba0",8,21.95,48.96,0.0056,0.0006,0.0101,"LargeCentralMetro",0,0,0,0,0,"West Midlands",7,"Staffordshire Moorlands 004",35.6,1,205,73,770,0.356,0.4896,0.2195,0.2195,7,0.64390243902439,132,112,1607,1607,1.14541633927771,0.978773745396312,1.33220209503512,1,0,0.954,6,"1.01 to 1.25","Not Significant","0.80-1.00"
"E02006209","Staffordshire Moorlands 006",NA,397997,353349,53.0774,-2.03135,"48e4eed5-8bf1-4446-93e2-1238df378bb9",6,11.68,47.01,0.0065,0.0021,0.0079,"LargeCentralMetro",0,0,0,0,0,"West Midlands",9,"Staffordshire Moorlands 006",40.1,1,197,79,770,0.401,0.4701,0.1168,0.1168,9,0.598984771573604,118,107,1608,1608,1.05767588951538,0.896531223172352,1.23934728205482,1,0,0.738,5,"1.01 to 1.25","Not Significant","0.60-0.79"
"E02006214","Staffordshire Moorlands 011",NA,399450,344372,52.9967,-2.00964,"b3dc7b54-6ece-4e4e-ac30-a470e19e17e5",7,16.22,51.34,0.0131,0.0008,0.0128,"LargeCentralMetro",0,0,0,0,0,"West Midlands",8,"Staffordshire Moorlands 011",55.41,2,296,164,1716,0.5541,0.5134,0.1622,0.1622,8,0.445945945945946,132,161,1609,1609,0.845966808815859,0.725624573122138,0.98045269804976,-1,-1,0.013,2,"0.76 to 0.99","Significant Decrease","0.01-0.20"
"E02006217","Tamworth 001",NA,422986,305550,52.6472,-1.66169,"ba9706f8-3619-4374-afdd-009a04f92b3e",8,30.6,48.72,0.0125,0.0047,0.0203,"LargeCentralMetro",0,0,0,0,0,"West Midlands",10,"Tamworth 001",38.8,1,134,52,934,0.388,0.4872,0.306,0.306,10,0.611940298507463,82,73,1610,1610,1.13722791093481,0.944344190687619,1.35780617663411,1,0,0.91,6,"1.01 to 1.25","Not Significant","0.80-1.00"
"E02006220","Tamworth 004",NA,422266,303791,52.6314,-1.67245,"27a80bc0-3143-4ee8-bf04-43423da504a2",8,30.81,50.05,0.011,0.0031,0.0241,"LargeCentralMetro",0,0,0,0,0,"West Midlands",9,"Tamworth 004",31.4,1,185,58,931,0.314,0.5005,0.3081,0.3081,9,0.686486486486486,127,101,1611,1611,1.23374476989645,1.05228741681699,1.43739770999818,1,1,0.995,6,"1.01 to 1.25","Significant Increase","0.80-1.00"
"E02006226","Tamworth 010",NA,422820,300512,52.6019,-1.66449,"8ca74da5-4f3b-499a-958f-a13a7fb138aa",7,34.57,48.29,0.0104,0.0065,0.0199,"LargeCentralMetro",0,0,0,0,0,"West Midlands",10,"Tamworth 010",23.47,2,243,57,1518,0.2347,0.4829,0.3457,0.3457,10,0.765432098765432,186,133,1612,1612,1.36870128838087,1.19481322972481,1.56065971049475,2,1,1,6,"1.26 to 1.50","Significant Increase","0.80-1.00"
"E02006230","Babergh 004",NA,602130,246141,52.0767,0.948225,"42b60263-a368-4e21-8749-ba55d1203a84",5,18.59,50.21,0.0108,0.0115,0.0197,"MediumMetro",0,1,0,0,0,"East of England",9,"Babergh 004",40.4,1,156,63,731,0.404,0.5021,0.1859,0.1859,9,0.596153846153846,93,85,1613,1613,1.05332076513523,0.878969290926732,1.25206884564917,1,0,0.701,5,"1.01 to 1.25","Not Significant","0.60-0.79"
"E02006233","Babergh 007",NA,587086,241710,52.0422,0.726548,"d46f5feb-6894-4cd1-869d-528358ee9070",8,29.7,44.92,0.017,0.005,0.0258,"LargeFringeMetro",1,0,0,0,0,"East of England",8,"Babergh 007",41.6,1,101,42,679,0.416,0.4492,0.297,0.297,8,0.584158415841584,59,55,1614,1614,1.1195536888681,0.910673073496085,1.36187427857597,1,0,0.852,6,"1.01 to 1.25","Not Significant","0.80-1.00"
"E02006234","Babergh 008",NA,589445,240324,52.029,0.760136,"bcfb3161-356b-4cdd-8a33-d286af5b6d8b",7,19.29,49.66,0.0089,0.0046,0.0154,"LargeFringeMetro",1,0,0,0,0,"East of England",10,"Babergh 008",45.7,1,254,116,1615,0.457,0.4966,0.1929,0.1929,10,0.543307086614173,138,139,1615,1615,1.01330253610891,0.870876412721941,1.17225492855004,1,0,0.553,4,"1.01 to 1.25","Not Significant","0.40-0.59"
"E02006236","Babergh 010",NA,608147,236968,51.9921,1.03032,"4a09de28-f4b2-4922-b45d-da799f10c98e",4,14.75,50.56,0.0066,0.0024,0.0164,"MediumMetro",0,1,0,0,0,"East of England",8,"Babergh 010",48.1,1,183,88,894,0.481,0.5056,0.1475,0.1475,8,0.519125683060109,95,100,1616,1616,0.933806336688456,0.781468988657785,1.10709156376136,-1,0,0.207,3,"0.76 to 0.99","Not Significant","0.20-0.39"
"E02006237","Babergh 011",NA,618352,236600,51.9849,1.17848,"e9c5a70e-9ea1-4756-a95b-bc1dc627ee2c",3,24.79,49.24,0.0103,0.0088,0.0197,"MediumMetro",0,1,0,0,0,"East of England",10,"Babergh 011",34.2,1,117,40,593,0.342,0.4924,0.2479,0.2479,10,0.658119658119658,77,64,1617,1617,1.14314484054782,0.940847653216173,1.37601874770103,1,0,0.908,6,"1.01 to 1.25","Not Significant","0.80-1.00"
"E02006238","West Suffolk 002",NA,577852,282510,52.4117,0.613492,"045986ee-11e2-4b56-ac6c-31c1f28b6123",8,25,48.29,0.0111,0.0125,0.033,"SmallMetro",0,0,1,0,0,"East of England",10,"West Suffolk 002",32.7,1,104,34,613,0.327,0.4829,0.25,0.25,10,0.673076923076923,70,57,1618,1618,1.20174535544188,0.984358494883081,1.45279490250224,1,0,0.964,6,"1.01 to 1.25","Not Significant","0.80-1.00"
"E02006241","West Suffolk 004",NA,572205,275755,52.3528,0.527089,"2cff6945-8292-410f-8c4d-0c74a3b95631",7,28.38,48.43,0.0204,0.0196,0.0536,"LargeFringeMetro",1,0,0,0,0,"East of England",4,"West Suffolk 004",27,1,222,60,1338,0.27,0.4843,0.2838,0.2838,4,0.72972972972973,162,121,1619,1619,1.28488690492208,1.11104613948705,1.4781119429783,2,1,1,6,"1.26 to 1.50","Significant Increase","0.80-1.00"
"E02006245","Ipswich 001",NA,615160,247716,52.086,1.13906,"500d3019-d68c-43a4-9d06-77b611d9e7ed",9,33.33,51.83,0.0278,0.0272,0.0725,"LargeCentralMetro",0,0,0,0,0,"East of England",10,"Ipswich 001",34.2,1,111,38,739,0.342,0.5183,0.3333,0.3333,10,0.657657657657658,73,61,1620,1620,1.1705895123355,0.961978298013474,1.41095169713561,1,0,0.941,6,"1.01 to 1.25","Not Significant","0.80-1.00"
"E02006247","Ipswich 003",NA,613958,246139,52.0723,1.12056,"803929dd-2a4d-4277-8455-31dcc715a61b",7,37.5,47.69,0.036,0.0311,0.0668,"LargeCentralMetro",0,0,0,0,0,"East of England",8,"Ipswich 003",33.5,1,200,67,1038,0.335,0.4769,0.375,0.375,8,0.665,133,109,1621,1621,1.20211853407827,1.02863320969593,1.39637330873651,1,1,0.99,6,"1.01 to 1.25","Significant Increase","0.80-1.00"
"E02006248","Ipswich 004",NA,618403,246254,52.0716,1.18538,"1c039312-7d26-4b78-9f1e-274803e5bed3",6,18.4,50.85,0.0659,0.0204,0.0587,"LargeCentralMetro",0,0,0,0,0,"East of England",7,"Ipswich 004",55.2,1,250,138,1709,0.552,0.5085,0.184,0.184,7,0.448,112,136,1622,1622,0.838001871514631,0.710684366162374,0.981443343815158,-1,-1,0.014,2,"0.76 to 0.99","Significant Decrease","0.01-0.20"
"E02006252","Ipswich 008",NA,618524,244398,52.0549,1.18596,"ba0e3373-74fa-4115-ad4a-652a59de6256",6,18.12,47.29,0.0856,0.0298,0.069,"LargeCentralMetro",0,0,0,0,0,"East of England",7,"Ipswich 008",48.1,1,320,154,1937,0.481,0.4729,0.1812,0.1812,7,0.51875,166,175,1623,1623,0.934735696898873,0.81085167300619,1.07210618153334,-1,0,0.162,2,"0.76 to 0.99","Not Significant","0.01-0.20"
"E02006253","Ipswich 009",NA,619189,245257,52.0623,1.19619,"91b5a78a-6ec6-4730-a3b8-9002170eb93e",6,21.39,52.41,0.06,0.0196,0.0433,"LargeCentralMetro",0,0,0,0,0,"East of England",5,"Ipswich 009",41.6,1,173,72,996,0.416,0.5241,0.2139,0.2139,5,0.583815028901734,101,94,1624,1624,1.0325526580201,0.866528440894858,1.22105408625595,1,0,0.626,5,"1.01 to 1.25","Not Significant","0.60-0.79"
"E02006254","Ipswich 010",NA,614714,244063,52.0533,1.13026,"e5106d36-d250-4ba3-87bb-7cceb22e7480",7,44.32,49.19,0.0612,0.0524,0.0819,"LargeCentralMetro",0,0,0,0,0,"East of England",7,"Ipswich 010",26.1,1,176,46,984,0.261,0.4919,0.4432,0.4432,7,0.738636363636364,130,96,1625,1625,1.31748590091955,1.1248130383623,1.53358361733775,2,1,1,6,"1.26 to 1.50","Significant Increase","0.80-1.00"
"E02006256","Ipswich 012",NA,616031,242827,52.0417,1.14866,"75e217d8-84c9-42b8-810d-82cd8c536275",8,40.97,50.51,0.0343,0.0586,0.0832,"LargeCentralMetro",0,0,0,0,0,"East of England",6,"Ipswich 012",21.5,1,144,31,790,0.215,0.5051,0.4097,0.4097,6,0.784722222222222,113,79,1626,1626,1.3537785706195,1.1432618436619,1.59175175130133,2,1,1,6,"1.26 to 1.50","Significant Increase","0.80-1.00"
"E02006258","Ipswich 014",NA,619679,241795,52.0311,1.2011,"513053c9-e985-4460-b0ea-c9b5b5a5ae6a",8,38.42,51.79,0.0728,0.0414,0.0776,"LargeCentralMetro",0,0,0,0,0,"East of England",5,"Ipswich 014",29.5,1,190,56,1006,0.295,0.5179,0.3842,0.3842,5,0.705263157894737,134,104,1627,1627,1.24523125840979,1.06469412636934,1.44751121180897,1,1,0.997,6,"1.01 to 1.25","Significant Increase","0.80-1.00"
"E02006261","Mid Suffolk 001",NA,617004,272471,52.3075,1.18177,"b2827270-22a2-428f-b579-1c5d4a5f6f09",3,15.19,49.86,0.0096,0.0029,0.0129,"SmallMetro",0,0,1,0,0,"East of England",8,"Mid Suffolk 001",57.6,1,158,91,1051,0.576,0.4986,0.1519,0.1519,8,0.424050632911392,67,86,1628,1628,0.839610589337515,0.690230051941546,1.01158834706031,-1,0,0.033,2,"0.76 to 0.99","Not Significant","0.01-0.20"
"E02006263","Mid Suffolk 003",NA,623593,270077,52.2833,1.27667,"db3eec46-7ef7-4af6-aac5-029a4ec37e4d",2,20,51.92,0.0033,0.0042,0.0108,"SmallMetro",0,0,1,0,0,"East of England",8,"Mid Suffolk 003",47.3,1,55,26,339,0.473,0.5192,0.2,0.2,8,0.527272727272727,29,30,1629,1629,1.00092291839052,0.775908053379664,1.27087309232317,0,0,0.477,4,"1.00-1.009 (null value)","Not Significant","0.40-0.59"
"E02006264","Mid Suffolk 004",NA,596785,266652,52.2628,0.88222,"5bd244b8-1dd1-4aa3-81ea-f08f5dc10022",4,16.23,50.67,0.005,0.0042,0.0149,"SmallMetro",0,0,1,0,0,"East of England",7,"Mid Suffolk 004",50.6,1,265,134,1484,0.506,0.5067,0.1623,0.1623,7,0.494339622641509,131,145,1630,1630,0.919128050823906,0.787090699472031,1.06686728713769,-1,0,0.13,2,"0.76 to 0.99","Not Significant","0.01-0.20"
"E02006267","Mid Suffolk 007",NA,615574,259797,52.1943,1.15275,"fe001474-6b89-4013-8d8f-ffda41e86f99",3,10.14,47.35,0.0044,0.0041,0.0156,"MediumMetro",0,1,0,0,0,"East of England",8,"Mid Suffolk 007",68.1,1,138,94,699,0.681,0.4735,0.1014,0.1014,8,0.318840579710145,44,75,1631,1631,0.680212221141683,0.546154039347038,0.837055432717245,-2,-1,0,1,"0.51 to 0.75","Significant Decrease","<0.01"
"E02006274","West Suffolk 006",NA,588991,274844,52.3391,0.772749,"d9f24224-9547-4d80-a7e7-dc9e89b91d56",4,17,49.36,0.0099,0.0092,0.0186,"SmallMetro",0,0,1,0,0,"East of England",8,"West Suffolk 006",37,1,100,37,547,0.37,0.4936,0.17,0.17,8,0.63,63,55,1632,1632,1.09139008985991,0.885980611222517,1.33013596824931,1,0,0.785,5,"1.01 to 1.25","Not Significant","0.60-0.79"
"E02006278","West Suffolk 011",NA,585290,265307,52.2547,0.713248,"03086c84-4f5c-4041-8867-fcd4dc2ccfc4",6,18.39,47.78,0.0314,0.0204,0.0507,"LargeFringeMetro",1,0,0,0,0,"East of England",3,"West Suffolk 011",44.35,2,397,176,1938,0.4435,0.4778,0.1839,0.1839,3,0.556675062972292,221,217,1633,1633,1.00487287884929,0.886204754136399,1.13491528795405,0,0,0.517,4,"1.00-1.009 (null value)","Not Significant","0.40-0.59"
"E02006282","West Suffolk 017",NA,577211,253242,52.149,0.588712,"18e6cd9a-5e23-479f-a0d1-84f14af3e307",5,16.81,48.68,0.0057,0.0012,0.0113,"Noncore",0,0,0,0,1,"East of England",8,"West Suffolk 017",42.5,1,113,48,569,0.425,0.4868,0.1681,0.1681,8,0.575221238938053,65,62,1634,1634,1.03162686201217,0.840134265123806,1.25366529442474,1,0,0.599,4,"1.01 to 1.25","Not Significant","0.40-0.59"
"E02006284","West Suffolk 019",NA,566768,246321,52.0901,0.432844,"3ab41a65-2a83-4fa0-bb12-ca49c8e60685",5,27.4,52.58,0.031,0.0087,0.0261,"LargeFringeMetro",1,0,0,0,0,"East of England",4,"West Suffolk 019",32.2,1,146,47,757,0.322,0.5258,0.274,0.274,4,0.678082191780822,99,80,1635,1635,1.19368909377951,1.0004409419809,1.41330068954494,1,1,0.975,6,"1.01 to 1.25","Significant Increase","0.80-1.00"
"E02006286","West Suffolk 020",NA,567904,245159,52.0793,0.448838,"de98ce6a-5192-4474-b3cd-7ccdc55d42f8",6,15.9,49.48,0.0316,0.0128,0.0233,"LargeFringeMetro",1,0,0,0,0,"East of England",4,"West Suffolk 020",42.1,1,195,82,1152,0.421,0.4948,0.159,0.159,4,0.57948717948718,113,106,1636,1636,1.03764058845875,0.877824201757749,1.21805330500382,1,0,0.655,5,"1.01 to 1.25","Not Significant","0.60-0.79"
"E02006288","East Suffolk 017",NA,629071,263585,52.2228,1.35243,"36653ee0-a078-4907-9f00-8a7e4102a70e",3,17.34,49.05,0.0117,0.0028,0.0169,"SmallMetro",0,0,1,0,0,"East of England",6,"East Suffolk 017",46.2,1,173,80,1001,0.462,0.4905,0.1734,0.1734,6,0.53757225433526,93,94,1637,1637,0.98403596899896,0.822773845824685,1.16757661478623,-1,0,0.41,4,"0.76 to 0.99","Not Significant","0.40-0.59"
"E02006290","East Suffolk 019",NA,645228,260250,52.186,1.58609,"043040c8-3051-4dd7-b9cc-cc3490468117",6,26.67,49.26,0.0143,0.003,0.0173,"SmallMetro",0,0,1,0,0,"East of England",9,"East Suffolk 019",23.7,1,135,32,674,0.237,0.4926,0.2667,0.2667,9,0.762962962962963,103,74,1638,1638,1.33085184797141,1.11744275181224,1.57307049878611,2,1,0.999,6,"1.26 to 1.50","Significant Increase","0.80-1.00"
"E02006294","East Suffolk 022",NA,626487,248792,52.0911,1.30481,"b0fc1f30-7df8-4b1f-845c-d00419db4a28",6,19.4,49.23,0.0122,0.0037,0.027,"LargeCentralMetro",0,0,0,0,0,"East of England",3,"East Suffolk 022",39.8,1,299,119,1883,0.398,0.4923,0.194,0.194,3,0.602006688963211,180,163,1639,1639,1.06780561898383,0.929703533755537,1.22055134207425,1,0,0.818,6,"1.01 to 1.25","Not Significant","0.80-1.00"
"E02006295","East Suffolk 024",NA,620705,245703,52.0657,1.21856,"2b9cc37b-ce6d-4a0c-889e-14a94cba9984",5,13.68,50.27,0.0255,0.0105,0.0287,"LargeCentralMetro",0,0,0,0,0,"East of England",10,"East Suffolk 024",52.4,1,307,161,1858,0.524,0.5027,0.1368,0.1368,10,0.47557003257329,146,167,1640,1640,0.881095791578516,0.759391580285076,1.01665796813413,-1,0,0.041,2,"0.76 to 0.99","Not Significant","0.01-0.20"
"E02006300","East Suffolk 029",NA,630010,236499,51.9793,1.34788,"130bb8a0-a4a3-49a7-99be-b7814372a99f",9,28.57,50.21,0.015,0.0111,0.0246,"LargeCentralMetro",0,0,0,0,0,"East of England",8,"East Suffolk 029",26.8,1,231,62,1211,0.268,0.5021,0.2857,0.2857,8,0.731601731601732,169,126,1641,1641,1.29938557662055,1.1272117117134,1.49031222496457,2,1,1,6,"1.26 to 1.50","Significant Increase","0.80-1.00"
"E02006303","East Suffolk 002",NA,653842,295036,52.4941,1.73807,"080619ab-eff5-48b8-926b-e56a2ef287c2",10,36.44,50.6,0.0076,0.0044,0.0127,"LargeFringeMetro",1,0,0,0,0,"East of England",5,"East Suffolk 002",39.98,2,365,146,1992,0.3998,0.506,0.3644,0.3644,5,0.6,219,199,1642,1642,1.12643433026793,0.994895497423803,1.27040362726721,1,0,0.97,6,"1.01 to 1.25","Not Significant","0.80-1.00"
"E02006306","East Suffolk 005",NA,652797,292436,52.4713,1.72074,"b0349f64-03ce-4c01-9d8c-66df8f40c555",8,41.33,50.97,0.0073,0.0069,0.0165,"LargeFringeMetro",1,0,0,0,0,"East of England",3,"East Suffolk 005",42.7,1,150,64,826,0.427,0.5097,0.4133,0.4133,3,0.573333333333333,86,82,1643,1643,1.11770729779443,0.934076340129947,1.32669965510973,1,0,0.884,6,"1.01 to 1.25","Not Significant","0.80-1.00"
"E02006311","East Suffolk 010",NA,643030,290820,52.4612,1.57607,"f343c7f0-a2d6-46b9-95ce-2d24135064cd",8,26.05,50.69,0.0137,0.001,0.0154,"LargeFringeMetro",1,0,0,0,0,"East of England",4,"East Suffolk 010",36.34,2,311,113,1677,0.3634,0.5069,0.2605,0.2605,4,0.636655948553055,198,170,1644,1644,1.15647918630802,1.01398389263315,1.31328147707393,1,1,0.985,6,"1.01 to 1.25","Significant Increase","0.80-1.00"
"E02006314","East Suffolk 013",NA,633939,284587,52.4093,1.43816,"50d01302-476a-412f-b6a4-67cc8e64db9f",7,20.86,49.9,0.0205,0.0026,0.0138,"SmallMetro",0,0,1,0,0,"East of England",6,"East Suffolk 013",35.8,1,187,67,996,0.358,0.499,0.2086,0.2086,6,0.641711229946524,120,102,1645,1645,1.14883977829421,0.975685365171838,1.34376879540273,1,0,0.951,6,"1.01 to 1.25","Not Significant","0.80-1.00"
"E02006325","Elmbridge 009",NA,515788,165327,51.3752,-0.33779,"ce1e5919-1c14-4b64-b06f-b45feb40d132",1,5.96,45.62,0.0918,0.005,0.0608,"LargeCentralMetro",0,0,0,0,0,"South East",6,"Elmbridge 009",81.2,1,218,177,1381,0.812,0.4562,0.0596,0.0596,6,0.188073394495413,41,119,1646,1646,0.466379533751038,0.376558889813044,0.570952599987379,-3,-1,0,1,"0.26 to 0.5","Significant Decrease","<0.01"
"E02006326","Elmbridge 010",NA,510897,165191,51.375,-0.40808,"c0c6093f-cbcd-4034-ba4b-b60d4ace06f0",4,22.09,49.03,0.0762,0.0178,0.0705,"LargeCentralMetro",0,0,0,0,0,"South East",8,"Elmbridge 010",39,1,249,97,1391,0.39,0.4903,0.2209,0.2209,8,0.610441767068273,152,136,1647,1647,1.07466522390858,0.925856394454054,1.24050015964521,1,0,0.823,6,"1.01 to 1.25","Not Significant","0.80-1.00"
"E02006328","Elmbridge 012",NA,507791,164951,51.3734,-0.45276,"a85bfd2a-1042-403a-8f7d-bbdad8ea7400",2,3.27,46.5,0.0601,0.0144,0.062,"LargeCentralMetro",0,0,0,0,0,"South East",8,"Elmbridge 012",77.1,1,214,165,1230,0.771,0.465,0.0327,0.0327,8,0.228971962616822,49,117,1648,1648,0.514961293667734,0.418225030121902,0.627189291839562,-2,-1,0,1,"0.51 to 0.75","Significant Decrease","<0.01"
"E02006329","Elmbridge 013",NA,513282,164290,51.3664,-0.37411,"79364241-d8e7-4fb9-9f2e-8c06c5e7eb7e",2,14.68,52.65,0.0658,0.0096,0.0621,"LargeCentralMetro",0,0,0,0,0,"South East",10,"Elmbridge 013",60.6,1,218,132,1130,0.606,0.5265,0.1468,0.1468,10,0.394495412844037,86,119,1649,1649,0.755218438713326,0.630427649254293,0.897371143191135,-1,-1,0.001,1,"0.76 to 0.99","Significant Decrease","<0.01"
"E02006336","Epsom and Ewell 002",NA,520376,164100,51.3632,-0.27232,"b45b83a4-7f67-4033-b5a2-f0b74c4cf191",4,19.61,46.85,0.1121,0.0294,0.0757,"LargeCentralMetro",0,0,0,0,0,"South East",5,"Epsom and Ewell 002",41.2,1,153,63,1046,0.412,0.4685,0.1961,0.1961,5,0.588235294117647,90,83,1650,1650,1.00768781333634,0.83723606171338,1.20261868527714,0,0,0.514,4,"1.00-1.009 (null value)","Not Significant","0.40-0.59"
"E02006341","Epsom and Ewell 007",NA,520732,161334,51.3383,-0.26815,"f7281a6f-4aa0-4760-adab-93d353c86a29",3,12.6,29,0.1026,0.0268,0.0722,"LargeCentralMetro",0,0,0,0,0,"South East",6,"Epsom and Ewell 007",57.4,2,484,278,3086,0.574,0.29,0.126,0.126,6,0.425619834710744,206,264,1651,1651,0.780083866107162,0.685769034394265,0.883669345191931,-1,-1,0,1,"0.76 to 0.99","Significant Decrease","<0.01"
"E02006346","Guildford 003",NA,509775,153443,51.2696,-0.4278,"95ae7615-0f21-4f76-b6ef-008b6125fed6",2,7.92,48.84,0.0179,0.0065,0.0251,"LargeCentralMetro",0,0,0,0,0,"South East",10,"Guildford 003",66.3,1,240,159,1503,0.663,0.4884,0.0792,0.0792,10,0.3375,81,131,1652,1652,0.673044932402005,0.561072890012026,0.800684116867919,-2,-1,0,1,"0.51 to 0.75","Significant Decrease","<0.01"
"E02006350","Guildford 007",NA,499866,151826,51.2569,-0.57025,"56db5962-5125-4d0d-9770-5d427c6ec74a",7,22.48,51.35,0.0714,0.0155,0.0547,"LargeCentralMetro",0,0,0,0,0,"South East",10,"Guildford 007",36.4,1,129,47,668,0.364,0.5135,0.2248,0.2248,10,0.635658914728682,82,70,1653,1653,1.11353697019065,0.920728767932002,1.3347649734221,1,0,0.861,6,"1.01 to 1.25","Not Significant","0.80-1.00"
"E02006354","Guildford 011",NA,502003,150361,51.2433,-0.54005,"9eb533f6-6912-4f96-bbca-5769c510fe61",2,8.03,45.61,0.0757,0.0092,0.0592,"LargeCentralMetro",0,0,0,0,0,"South East",10,"Guildford 011",68.9,1,299,206,1938,0.689,0.4561,0.0803,0.0803,10,0.311036789297659,93,163,1654,1654,0.619676366280039,0.521277766639445,0.73112960516802,-2,-1,0,1,"0.51 to 0.75","Significant Decrease","<0.01"
"E02006355","Guildford 012",NA,497319,150024,51.2411,-0.60722,"1e3d3256-e8ac-472b-a2b6-702498d28c8e",7,29.67,51.41,0.1907,0.0411,0.0746,"LargeCentralMetro",0,0,0,0,0,"South East",8,"Guildford 012",41.8,1,91,38,566,0.418,0.5141,0.2967,0.2967,8,0.582417582417582,53,50,1655,1655,1.0433837453839,0.839388848344799,1.2819492917368,1,0,0.632,5,"1.01 to 1.25","Not Significant","0.60-0.79"
"E02006357","Guildford 014",NA,489556,149363,51.2364,-0.71857,"0d4b04a2-2b17-4662-bb7d-67e119a91618",4,17.45,49.21,0.0465,0.0118,0.032,"LargeCentralMetro",0,0,0,0,0,"South East",10,"Guildford 014",53.8,1,212,114,1209,0.538,0.4921,0.1745,0.1745,10,0.462264150943396,98,116,1656,1656,0.868298592363814,0.730410081841001,1.02453815022016,-1,0,0.046,2,"0.76 to 0.99","Not Significant","0.01-0.20"
"E02006358","Guildford 015",NA,498745,149664,51.2376,-0.5869,"7418b2e1-d30a-49a5-844f-e5953396790a",4,5.52,48.57,0.1538,0.024,0.0779,"LargeCentralMetro",0,0,0,0,0,"South East",5,"Guildford 015",64.6,1,181,117,1190,0.646,0.4857,0.0552,0.0552,5,0.353591160220994,64,99,1657,1657,0.664510279914671,0.543124052423968,0.804864719089442,-2,-1,0,1,"0.51 to 0.75","Significant Decrease","<0.01"
"E02006377","Reigate and Banstead 003",NA,523076,158818,51.3152,-0.23538,"083e3fea-872b-4628-be51-64330fb3d550",3,16.13,49.41,0.0794,0.0105,0.0563,"LargeCentralMetro",0,0,0,0,0,"South East",10,"Reigate and Banstead 003",51.2,1,217,111,1022,0.512,0.4941,0.1613,0.1613,10,0.488479262672811,106,118,1658,1658,0.8933167781145,0.753715760624926,1.05118965352109,-1,0,0.085,2,"0.76 to 0.99","Not Significant","0.01-0.20"
"E02006384","Reigate and Banstead 010",NA,527373,151070,51.2446,-0.17652,"60319f26-de1c-43d8-8843-22c5846be8b7",4,7.23,51.59,0.1361,0.0448,0.0657,"LargeCentralMetro",0,0,0,0,0,"South East",8,"Reigate and Banstead 010",68.4,1,332,227,1952,0.684,0.5159,0.0723,0.0723,8,0.316265060240964,105,181,1659,1659,0.619514445727997,0.524776414614162,0.726306930527511,-2,-1,0,1,"0.51 to 0.75","Significant Decrease","<0.01"
"E02006391","Reigate and Banstead 017",NA,529797,143520,51.1762,-0.14454,"56cbc9bf-b4a8-40e0-a53f-bcc0178df4f7",4,19.23,46.88,0.0633,0.025,0.0442,"LargeCentralMetro",0,0,0,0,0,"South East",10,"Reigate and Banstead 017",33.6,1,286,96,1600,0.336,0.4688,0.1923,0.1923,10,0.664335664335664,190,156,1660,1660,1.17064298259182,1.02209856003576,1.33461284871366,1,1,0.989,6,"1.01 to 1.25","Significant Increase","0.80-1.00"
"E02006395","Runnymede 003",NA,502135,170927,51.4282,-0.53227,"b09da587-4376-457a-aa14-970f68cef971",4,18.92,50.53,0.0966,0.0138,0.0534,"LargeCentralMetro",0,0,0,0,0,"South East",8,"Runnymede 003",46.5,1,185,86,1029,0.465,0.5053,0.1892,0.1892,8,0.535135135135135,99,101,1661,1661,0.957921041416909,0.803700969702423,1.13303585119847,-1,0,0.296,3,"0.76 to 0.99","Not Significant","0.20-0.39"
"E02006399","Runnymede 007",NA,504279,165031,51.3748,-0.50317,"b4b5b77b-7409-4dba-89fe-958ab6dd7eab",5,13.13,48.02,0.08,0.0195,0.0518,"LargeCentralMetro",0,0,0,0,0,"South East",9,"Runnymede 007",61.83,3,571,353,3411,0.6183,0.4802,0.1313,0.1313,9,0.381786339754816,218,311,1662,1662,0.72025951245696,0.636173462651773,0.812286620072266,-2,-1,0,1,"0.51 to 0.75","Significant Decrease","<0.01"
"E02006402","Runnymede 010",NA,504846,162621,51.353,-0.49574,"bc4636ff-5ce4-4a92-90e6-497000b3e0c6",3,13.56,49.6,0.0642,0.0092,0.0434,"LargeCentralMetro",0,0,0,0,0,"South East",10,"Runnymede 010",58.5,1,236,138,1367,0.585,0.496,0.1356,0.1356,10,0.415254237288136,98,129,1663,1663,0.78645624907041,0.661881463421833,0.927555929155178,-1,-1,0.002,1,"0.76 to 0.99","Significant Decrease","<0.01"
"E02006405","Spelthorne 003",NA,506091,171885,51.436,-0.4751,"c1b20dee-05ef-4ffa-be59-efaa7a7bff02",4,25.9,50.36,0.1526,0.0289,0.0637,"LargeCentralMetro",0,0,0,0,0,"South East",10,"Spelthorne 003",30.2,1,139,42,687,0.302,0.5036,0.259,0.259,10,0.697841726618705,97,76,1664,1664,1.19228095391712,0.995885208941652,1.41603574768452,1,0,0.972,6,"1.01 to 1.25","Not Significant","0.80-1.00"
"E02006409","Spelthorne 007",NA,505501,170387,51.4227,-0.48403,"5e98b606-eed9-4a60-9ccf-c8619d4cc5ac",4,25.56,48.7,0.1,0.0165,0.0493,"LargeCentralMetro",0,0,0,0,0,"South East",7,"Spelthorne 007",46.7,1,180,84,959,0.467,0.487,0.2556,0.2556,7,0.533333333333333,96,98,1665,1665,0.976141990798067,0.818384657197831,1.15534895460614,-1,0,0.374,3,"0.76 to 0.99","Not Significant","0.20-0.39"
"E02006413","Spelthorne 011",NA,509369,168757,51.4073,-0.42893,"1263d980-7ab5-4de6-b4d2-a6d3f60d07c3",5,8.7,48.5,0.0654,0.0161,0.0544,"LargeCentralMetro",0,0,0,0,0,"South East",10,"Spelthorne 011",61.4,1,184,113,1200,0.614,0.485,0.087,0.087,10,0.385869565217391,71,100,1666,1666,0.743651219255382,0.612835837067721,0.894020863332211,-2,-1,0.001,1,"0.51 to 0.75","Significant Decrease","<0.01"
"E02006415","Spelthorne 013",NA,507508,166916,51.3911,-0.45623,"d9f36794-d735-464d-b947-37de85b05439",6,14.43,46.95,0.0382,0.0046,0.0383,"LargeCentralMetro",0,0,0,0,0,"South East",10,"Spelthorne 013",50.7,1,201,102,1048,0.507,0.4695,0.1443,0.1443,10,0.492537313432836,99,110,1667,1667,0.903278074467809,0.75916240152066,1.06669753255262,-1,0,0.111,2,"0.76 to 0.99","Not Significant","0.01-0.20"
"E02006419","Surrey Heath 004",NA,488280,162150,51.3516,-0.73368,"be07945e-de76-4aca-9275-5a2b5ed96986",4,13.82,49.12,0.1117,0.0167,0.0504,"LargeCentralMetro",0,0,0,0,0,"South East",7,"Surrey Heath 004",43.4,1,304,132,1714,0.434,0.4912,0.1382,0.1382,7,0.56578947368421,172,166,1668,1668,0.999371725499823,0.867652197603463,1.14535521782018,-1,0,0.481,4,"0.76 to 0.99","Not Significant","0.40-0.59"
"E02006421","Surrey Heath 006",NA,493215,160580,51.3367,-0.66325,"ef0b497d-9d78-40de-a367-9b2903179663",2,8.66,46.08,0.0638,0.0193,0.0419,"LargeCentralMetro",0,0,0,0,0,"South East",5,"Surrey Heath 006",76.4,1,127,97,981,0.764,0.4608,0.0866,0.0866,5,0.236220472440945,30,69,1669,1669,0.573898817293793,0.453077779153471,0.716830995168483,-2,-1,0,1,"0.51 to 0.75","Significant Decrease","<0.01"
"E02006425","Surrey Heath 010",NA,487937,158197,51.3161,-0.73958,"673783c1-8d47-4f05-9e97-424c09a62e46",2,8.7,49.93,0.1563,0.0177,0.0553,"LargeCentralMetro",0,0,0,0,0,"South East",2,"Surrey Heath 010",62.5,1,299,187,1502,0.625,0.4993,0.087,0.087,2,0.374581939799331,112,163,1670,1670,0.692796940538415,0.58717639741796,0.811851204250984,-2,-1,0,1,"0.51 to 0.75","Significant Decrease","<0.01"
"E02006429","Tandridge 002",NA,534561,158380,51.3086,-0.07085,"c3389ab0-9b41-408e-bd92-e79dbd5f0e87",3,19.23,48.82,0.0706,0.0482,0.0728,"LargeCentralMetro",0,0,0,0,0,"South East",5,"Tandridge 002",41.5,1,234,97,1442,0.415,0.4882,0.1923,0.1923,5,0.585470085470085,137,128,1671,1671,1.01653216862272,0.869436730274409,1.18131477780528,1,0,0.567,4,"1.01 to 1.25","Not Significant","0.40-0.59"
"E02006433","Tandridge 006",NA,539960,153392,51.2625,0.004609,"704440e2-4ef3-4004-b046-16beb51cee08",2,17.65,50.4,0.0179,0.009,0.0277,"LargeCentralMetro",0,0,0,0,0,"South East",10,"Tandridge 006",39.2,1,255,100,1611,0.392,0.504,0.1765,0.1765,10,0.607843137254902,155,139,1672,1672,1.07904456435779,0.931073285618693,1.24375982400789,1,0,0.839,6,"1.01 to 1.25","Not Significant","0.80-1.00"
"E02006447","Waverley 009",NA,482719,144273,51.1917,-0.81765,"98411481-e75e-47aa-92b0-9a164687bba3",2,7.19,50.6,0.0243,0.0081,0.0239,"LargeCentralMetro",0,0,0,0,0,"South East",6,"Waverley 009",79.7,1,320,255,1666,0.797,0.506,0.0719,0.0719,6,0.203125,65,175,1673,1673,0.47009552766712,0.389899453099256,0.56174485245283,-3,-1,0,1,"0.26 to 0.5","Significant Decrease","<0.01"
"E02006449","Waverley 011",NA,491490,143106,51.1799,-0.69247,"0d0a1717-f7d2-47c3-9ca5-66cbb82156ba",5,13.11,50.57,0.0155,0.0029,0.0286,"LargeCentralMetro",0,0,0,0,0,"South East",10,"Waverley 011",63.9,1,183,117,880,0.639,0.5057,0.1311,0.1311,10,0.360655737704918,66,100,1674,1674,0.732051922976135,0.602642981473037,0.880862446072367,-2,-1,0.001,1,"0.51 to 0.75","Significant Decrease","<0.01"
"E02006455","Waverley 017",NA,488266,133847,51.0971,-0.74084,"fec9faa9-890f-4f1b-b0ad-ffe401672bec",6,13.64,52.09,0.0444,0.0114,0.0269,"LargeCentralMetro",0,0,0,0,0,"South East",10,"Waverley 017",68.2,1,176,120,887,0.682,0.5209,0.1364,0.1364,10,0.318181818181818,56,96,1675,1675,0.687803117804725,0.562167956483277,0.832948590484057,-2,-1,0,1,"0.51 to 0.75","Significant Decrease","<0.01"
"E02006458","Woking 003",NA,499357,160356,51.3336,-0.57517,"d59ec284-9908-49cf-87e1-516e6e452a85",4,19.74,47.02,0.0755,0.0125,0.051,"LargeCentralMetro",0,0,0,0,0,"South East",10,"Woking 003",60.9,1,233,142,1208,0.609,0.4702,0.1974,0.1974,10,0.390557939914163,91,127,1676,1676,0.769267882415978,0.645759266784875,0.909381975680156,-1,-1,0.001,1,"0.76 to 0.99","Significant Decrease","<0.01"
"E02006459","Woking 004",NA,502140,160182,51.3316,-0.53528,"1f10b6eb-8f0c-49c2-af6a-55c14fd6eb66",2,24.62,51.18,0.4996,0.0224,0.0716,"LargeCentralMetro",0,0,0,0,0,"South East",10,"Woking 004",42.3,1,130,55,805,0.423,0.5118,0.2462,0.2462,10,0.576923076923077,75,71,1677,1677,1.01841679788973,0.837477042611886,1.22681449238672,1,0,0.554,4,"1.01 to 1.25","Not Significant","0.40-0.59"
"E02006464","Woking 009",NA,497919,157387,51.3072,-0.59662,"2534faa9-0544-44e9-80fe-dd6aeee734ad",4,15.67,49.15,0.0623,0.0157,0.0461,"LargeCentralMetro",0,0,0,0,0,"South East",8,"Woking 009",48.7,1,300,146,1471,0.487,0.4915,0.1567,0.1567,8,0.513333333333333,154,164,1678,1678,0.926686616906795,0.800304384105839,1.06727103889853,-1,0,0.141,2,"0.76 to 0.99","Not Significant","0.01-0.20"
"E02006466","Woking 011",NA,501438,157052,51.3036,-0.54625,"e8b68b0c-3763-472d-9508-f51231c2acba",4,8.33,49.25,0.1242,0.0284,0.0604,"LargeCentralMetro",0,0,0,0,0,"South East",7,"Woking 011",65.8,1,240,158,1541,0.658,0.4925,0.0833,0.0833,7,0.341666666666667,82,131,1679,1679,0.664089703812849,0.55317531730591,0.790613151939454,-2,-1,0,1,"0.51 to 0.75","Significant Decrease","<0.01"
"E02006468","North Warwickshire 001",NA,427582,305590,52.6474,-1.59376,"ef893b02-3a09-4f37-ac3a-83f582718b12",6,19.83,50.79,0.0075,0.0041,0.0099,"MediumMetro",0,1,0,0,0,"West Midlands",7,"North Warwickshire 001",35.4,1,237,84,1451,0.354,0.5079,0.1983,0.1983,7,0.645569620253165,153,129,1680,1680,1.14137463096413,0.98366719753621,1.31708299957714,1,0,0.959,6,"1.01 to 1.25","Not Significant","0.80-1.00"
"E02006470","North Warwickshire 003",NA,431448,297023,52.5701,-1.53743,"5ab8fe46-1cce-4c97-8d72-1bf9c1ecf34b",9,20.91,48.76,0.0135,0.005,0.0178,"LargeCentralMetro",0,0,0,0,0,"West Midlands",4,"North Warwickshire 003",43.6,1,110,48,724,0.436,0.4876,0.2091,0.2091,4,0.563636363636364,62,60,1681,1681,1.00964350437902,0.82059207612175,1.2291655388469,0,0,0.516,4,"1.00-1.009 (null value)","Not Significant","0.40-0.59"
"E02006471","North Warwickshire 004",NA,419820,295121,52.5536,-1.7091,"bb69f1e3-99bf-40ce-bfff-d9f0b0fc1ba8",6,21.09,53.88,0.0204,0.0063,0.0202,"MediumMetro",0,1,0,0,0,"West Midlands",8,"North Warwickshire 004",27.3,1,128,35,631,0.273,0.5388,0.2109,0.2109,8,0.7265625,93,70,1682,1682,1.2192854812314,1.01412325370596,1.45374825566389,1,1,0.983,6,"1.01 to 1.25","Significant Increase","0.80-1.00"
"E02006473","North Warwickshire 006",NA,419434,289112,52.4996,-1.71515,"d3127d3b-4274-4cfd-83a8-bd01df57328a",7,21.54,52.36,0.0123,0.005,0.0297,"LargeCentralMetro",0,0,0,0,0,"West Midlands",10,"North Warwickshire 006",36.4,1,195,71,1188,0.364,0.5236,0.2154,0.2154,10,0.635897435897436,124,106,1683,1683,1.13520653909654,0.966099256912451,1.32530616832535,1,0,0.937,6,"1.01 to 1.25","Not Significant","0.80-1.00"
"E02006475","Nuneaton and Bedworth 001",NA,436852,293679,52.5397,-1.45807,"e5f7f687-f291-4d20-afeb-eb2a72509fc1",6,20.66,49.76,0.0569,0.0169,0.0244,"LargeCentralMetro",0,0,0,0,0,"West Midlands",10,"Nuneaton and Bedworth 001",61.6,1,242,149,1477,0.616,0.4976,0.2066,0.2066,10,0.384297520661157,93,132,1684,1684,0.773516722669461,0.65119210703512,0.911986372873165,-1,-1,0.001,1,"0.76 to 0.99","Significant Decrease","<0.01"
"E02006477","Nuneaton and Bedworth 003",NA,438153,292400,52.5282,-1.43904,"b8582b35-735d-471c-87ec-16d1f2664ce3",7,33.93,47.78,0.0848,0.018,0.031,"LargeCentralMetro",0,0,0,0,0,"West Midlands",10,"Nuneaton and Bedworth 003",46.4,1,168,78,1170,0.464,0.4778,0.3393,0.3393,10,0.535714285714286,90,92,1685,1685,1.03051269752167,0.863348798972967,1.22044185743316,1,0,0.616,5,"1.01 to 1.25","Not Significant","0.60-0.79"
"E02006480","Nuneaton and Bedworth 006",NA,434628,291745,52.5225,-1.49106,"bffc9f1c-4437-48bc-a21f-cfd201ed60ad",8,21.95,55.63,0.0545,0.0158,0.0259,"LargeCentralMetro",0,0,0,0,0,"West Midlands",10,"Nuneaton and Bedworth 006",44.5,1,164,73,1093,0.445,0.5563,0.2195,0.2195,10,0.554878048780488,91,89,1686,1686,1.02802775751053,0.859242494088091,1.22017006413338,1,0,0.603,5,"1.01 to 1.25","Not Significant","0.60-0.79"
"E02006483","Nuneaton and Bedworth 009",NA,436514,289768,52.5046,-1.46348,"3acafdce-2261-4161-a0ac-199e02c86d3c",9,34.17,49.53,0.1845,0.0154,0.0452,"LargeCentralMetro",0,0,0,0,0,"West Midlands",10,"Nuneaton and Bedworth 009",42.5,1,120,51,848,0.425,0.4953,0.3417,0.3417,10,0.575,69,65,1687,1687,1.09985139920717,0.903969886829013,1.32545438528077,1,0,0.822,6,"1.01 to 1.25","Not Significant","0.80-1.00"
"E02006489","Nuneaton and Bedworth 015",NA,436167,285894,52.4698,-1.46901,"29d7aa22-e53f-4701-a54c-217a73ba1c3a",8,37.2,51.16,0.1333,0.0304,0.0545,"LargeCentralMetro",0,0,0,0,0,"West Midlands",10,"Nuneaton and Bedworth 015",24.6,1,207,51,1427,0.246,0.5116,0.372,0.372,10,0.753623188405797,156,113,1688,1688,1.34562389334234,1.16206229497487,1.54983083863194,2,1,1,6,"1.26 to 1.50","Significant Increase","0.80-1.00"
"E02006494","Rugby 003",NA,449539,276754,52.3866,-1.27353,"c841d4e5-5003-424f-b1bb-dd05ec8a413b",8,35.4,53.05,0.0704,0.05,0.0511,"LargeCentralMetro",0,0,0,0,0,"West Midlands",8,"Rugby 003",40.3,1,226,91,1114,0.403,0.5305,0.354,0.354,8,0.597345132743363,135,123,1689,1689,1.10793803866525,0.950375318527158,1.28403524119266,1,0,0.902,6,"1.01 to 1.25","Not Significant","0.80-1.00"
"E02006501","Rugby 010",NA,453357,273465,52.3567,-1.21796,"2609ad31-b9d1-45c7-bd20-1265fa5e82dc",5,14.4,50.96,0.0777,0.022,0.0328,"LargeCentralMetro",0,0,0,0,0,"West Midlands",10,"Rugby 010",58,1,257,149,1558,0.58,0.5096,0.144,0.144,10,0.420233463035019,108,140,1690,1690,0.803046371020893,0.680397790267639,0.941301678300838,-1,-1,0.004,1,"0.76 to 0.99","Significant Decrease","<0.01"
"E02006502","Rugby 011",NA,449068,273354,52.3561,-1.28095,"3d31ca7d-065d-47ba-82f8-17226e139c45",7,31.18,46.45,0.0559,0.0183,0.0348,"LargeCentralMetro",0,0,0,0,0,"West Midlands",8,"Rugby 011",46.2,1,186,86,874,0.462,0.4645,0.3118,0.3118,8,0.53763440860215,100,101,1691,1691,1.01886594367425,0.858310736301399,1.20060226209714,1,0,0.569,4,"1.01 to 1.25","Not Significant","0.40-0.59"
"E02006505","Stratford-on-Avon 002",NA,416994,264250,52.2761,-1.75234,"82f1ddc5-88c5-4148-ac67-cd1dd5ee7dc0",7,20.9,53.01,0.0119,0.003,0.0152,"MediumMetro",0,1,0,0,0,"West Midlands",10,"Stratford-on-Avon 002",61.9,1,134,83,681,0.619,0.5301,0.209,0.209,10,0.380597014925373,51,73,1692,1692,0.807067346726513,0.654330501504937,0.984558579420453,-1,-1,0.017,2,"0.76 to 0.99","Significant Decrease","0.01-0.20"
"E02006506","Stratford-on-Avon 003",NA,407951,264103,52.275,-1.88488,"54c271dc-b035-47e0-b18e-9729ff2ed9fd",7,19.39,49.94,0.0126,0.0035,0.0195,"LargeCentralMetro",0,0,0,0,0,"West Midlands",10,"Stratford-on-Avon 003",39.4,1,165,65,829,0.394,0.4994,0.1939,0.1939,10,0.606060606060606,100,90,1693,1693,1.08455480629022,0.910425716701446,1.2822044083708,1,0,0.812,6,"1.01 to 1.25","Not Significant","0.80-1.00"
"E02006510","Stratford-on-Avon 007",NA,414943,257604,52.2165,-1.78269,"893ed852-4ec9-4840-a75f-f824cec34f88",6,21.54,49.68,0.0143,0.0019,0.0172,"MediumMetro",0,1,0,0,0,"West Midlands",8,"Stratford-on-Avon 007",68.5,1,130,89,632,0.685,0.4968,0.2154,0.2154,8,0.315384615384615,41,71,1694,1694,0.724962615638334,0.582350456541988,0.891684756289756,-2,-1,0.001,1,"0.51 to 0.75","Significant Decrease","<0.01"
"E02006514","Stratford-on-Avon 011",NA,419171,254606,52.1894,-1.72098,"0bfdc2f4-403a-4a3e-ae77-26c78818137c",7,18.91,50.68,0.0248,0.0047,0.0276,"LargeCentralMetro",0,0,0,0,0,"West Midlands",8,"Stratford-on-Avon 011",47.4,1,312,148,1904,0.474,0.5068,0.1891,0.1891,8,0.525641025641026,164,170,1695,1695,0.96472654201857,0.836992266530073,1.10634228461752,-1,0,0.294,3,"0.76 to 0.99","Not Significant","0.20-0.39"
"E02006518","Stratford-on-Avon 015",NA,427791,238249,52.042,-1.59621,"7ec515a8-fd4a-4dba-aa13-8f64545029ff",6,24.37,50.5,0.0072,0.0012,0.0151,"SmallMetro",0,0,1,0,0,"West Midlands",10,"Stratford-on-Avon 015",43.7,1,119,52,600,0.437,0.505,0.2437,0.2437,10,0.563025210084034,67,65,1696,1696,1.06993383694221,0.87728840426828,1.29217901514375,1,0,0.737,5,"1.01 to 1.25","Not Significant","0.60-0.79"
"E02006530","Warwick 012",NA,429594,264122,52.2745,-1.56768,"9d5deed5-d846-47a1-8d6a-6d58ad59fb95",7,14.71,48.71,0.1413,0.0103,0.062,"LargeCentralMetro",0,0,0,0,0,"West Midlands",3,"Warwick 012",51.8,1,272,141,1743,0.518,0.4871,0.1471,0.1471,3,0.481617647058824,131,148,1697,1697,0.867664944728142,0.741470820557807,1.009101294368,-1,0,0.032,2,"0.76 to 0.99","Not Significant","0.01-0.20"
"E02006533","Warwick 015",NA,433219,262800,52.2624,-1.51469,"4d2bee58-c2be-4141-a384-ed3366945aa2",8,30.05,50.32,0.152,0.0082,0.0541,"LargeCentralMetro",0,0,0,0,0,"West Midlands",2,"Warwick 015",37.8,1,193,73,1236,0.378,0.5032,0.3005,0.3005,2,0.621761658031088,120,105,1698,1698,1.10399713173012,0.937265384949972,1.29175269838869,1,0,0.878,6,"1.01 to 1.25","Not Significant","0.80-1.00"
"E02006537","Adur 004",NA,523451,105254,50.8337,-0.24827,"a6e38c52-1615-42d5-b710-9536ccab697d",8,15.03,46.26,0.0295,0.012,0.0489,"LargeCentralMetro",0,0,0,0,0,"South East",8,"Adur 004",65.4,1,286,187,1777,0.654,0.4626,0.1503,0.1503,8,0.346153846153846,99,156,1699,1699,0.691222178600759,0.58399284149357,0.812303788723823,-2,-1,0,1,"0.51 to 0.75","Significant Decrease","<0.01"
"E02006539","Adur 006",NA,516230,106353,50.845,-0.35042,"b6abbd0f-546e-47d4-8250-fd9f843e498c",9,24.89,42.92,0.0227,0.0079,0.0233,"LargeCentralMetro",0,0,0,0,0,"South East",10,"Adur 006",37.6,1,237,89,1412,0.376,0.4292,0.2489,0.2489,10,0.624472573839662,148,129,1700,1700,1.13791279393714,0.980578358692589,1.31319687330746,1,0,0.955,6,"1.01 to 1.25","Not Significant","0.80-1.00"
"E02006544","Arun 003",NA,495280,104963,50.8364,-0.64826,"fb673fc7-6564-4de5-8141-ab519ba32721",7,15.32,49.14,0.0143,0.0031,0.0191,"LargeCentralMetro",0,0,0,0,0,"South East",10,"Arun 003",39.6,1,111,44,698,0.396,0.4914,0.1532,0.1532,10,0.603603603603604,67,61,1701,1701,1.05004654593987,0.85666431880858,1.27402834525127,1,0,0.666,5,"1.01 to 1.25","Not Significant","0.60-0.79"
"E02006546","Arun 005",NA,507268,103616,50.8222,-0.47847,"e60499e4-1335-4a66-96b3-fafd12cf3ac2",6,16.92,46.25,0.0155,0.0055,0.0201,"LargeCentralMetro",0,0,0,0,0,"South East",10,"Arun 005",35.8,1,260,93,1345,0.358,0.4625,0.1692,0.1692,10,0.642307692307692,167,142,1702,1702,1.13814695358407,0.986568114439294,1.30632920007264,1,0,0.962,6,"1.01 to 1.25","Not Significant","0.80-1.00"
"E02006550","Arun 009",NA,503682,102369,50.8116,-0.52972,"af6a4846-893e-4384-887e-5aafef32fc01",8,23.73,47.04,0.0152,0.0045,0.0161,"LargeCentralMetro",0,0,0,0,0,"South East",8,"Arun 009",31.8,1,236,75,1369,0.318,0.4704,0.2373,0.2373,8,0.682203389830508,161,129,1703,1703,1.21134197122844,1.04789197654446,1.39295611885863,1,1,0.995,6,"1.01 to 1.25","Significant Increase","0.80-1.00"
"E02006556","Arun 015",NA,495562,100251,50.7939,-0.64548,"3709c83f-c7c7-4e90-8d66-4c169ec3680a",8,16.29,50.8,0.0108,0.0031,0.0175,"LargeCentralMetro",0,0,0,0,0,"South East",8,"Arun 015",28.8,1,264,76,1557,0.288,0.508,0.1629,0.1629,8,0.712121212121212,188,144,1704,1704,1.2439773424006,1.08489065780433,1.41973202429136,1,1,0.999,6,"1.01 to 1.25","Significant Increase","0.80-1.00"
"E02006557","Arun 016",NA,492421,99907,50.7914,-0.69012,"6b250c3a-4ee5-4a3d-acb2-ba273218ed23",9,25.26,48.65,0.0249,0.0049,0.0236,"LargeCentralMetro",0,0,0,0,0,"South East",10,"Arun 016",43.9,1,285,125,1665,0.439,0.4865,0.2526,0.2526,10,0.56140350877193,160,155,1705,1705,1.04386167174186,0.904888563228343,1.19802166414577,1,0,0.713,5,"1.01 to 1.25","Not Significant","0.60-0.79"
"E02006564","Chichester 004",NA,488535,120781,50.9796,-0.74019,"aa258046-a687-414a-9323-401cf5c82c3f",4,14.76,49.22,0.0085,0.0035,0.0163,"SmallMetro",0,0,1,0,0,"South East",8,"Chichester 004",56.2,1,210,118,1158,0.562,0.4922,0.1476,0.1476,8,0.438095238095238,92,115,1706,1706,0.843443016542721,0.707443525748149,0.99783641213547,-1,-1,0.023,2,"0.76 to 0.99","Significant Decrease","0.01-0.20"
"E02006567","Chichester 007",NA,478765,111772,50.9001,-0.88128,"9e683503-3c54-4684-84d2-889a0e41be3a",5,22.45,46.23,0.0033,0.0021,0.0122,"LargeCentralMetro",0,0,0,0,0,"South East",9,"Chichester 007",32.7,1,147,48,729,0.327,0.4623,0.2245,0.2245,9,0.673469387755102,99,80,1707,1707,1.17948266489496,0.987877736608683,1.39734082333507,1,0,0.966,6,"1.01 to 1.25","Not Significant","0.80-1.00"
"E02006571","Chichester 011",NA,484872,103283,50.8229,-0.79642,"08b82946-d338-4388-9a91-03affc47738a",6,8.94,50.73,0.0166,0.004,0.0205,"LargeCentralMetro",0,0,0,0,0,"South East",8,"Chichester 011",59.1,1,235,139,1579,0.591,0.5073,0.0894,0.0894,8,0.408510638297872,96,128,1708,1708,0.776009614414625,0.652184844050869,0.916397786583675,-1,-1,0.001,1,"0.76 to 0.99","Significant Decrease","<0.01"
"E02006572","Chichester 012",NA,488836,102935,50.8191,-0.74024,"5a51a9b3-bd83-4d2d-b7d7-51504ed6836b",8,23.48,51.11,0.0239,0.0055,0.0266,"LargeCentralMetro",0,0,0,0,0,"South East",8,"Chichester 012",28.7,1,230,66,1258,0.287,0.5111,0.2348,0.2348,8,0.71304347826087,164,125,1709,1709,1.25774905705761,1.0884381077196,1.44583449262782,2,1,0.999,6,"1.26 to 1.50","Significant Increase","0.80-1.00"
"E02006574","Chichester 014",NA,485834,94275,50.7417,-0.78487,"4d6b66af-ba37-4cf6-a11b-87060523d58b",8,22.73,46.31,0.0083,0.0026,0.0154,"LargeFringeMetro",1,0,0,0,0,"South East",10,"Chichester 014",38.6,1,88,34,501,0.386,0.4631,0.2273,0.2273,10,0.613636363636364,54,48,1710,1710,1.13842639118427,0.918480045121869,1.39509408386773,1,0,0.877,6,"1.01 to 1.25","Not Significant","0.80-1.00"
"E02006579","Crawley 005",NA,528914,137398,51.1214,-0.15935,"b2798ade-2b60-4065-b18a-e3a8fbf8351a",4,20.46,46.4,0.1689,0.0351,0.07,"LargeCentralMetro",0,0,0,0,0,"South East",8,"Crawley 005",45.5,1,303,138,1890,0.455,0.464,0.2046,0.2046,8,0.544554455445545,165,165,1711,1711,0.980611984734918,0.850045373370151,1.12546928493047,-1,0,0.378,3,"0.76 to 0.99","Not Significant","0.20-0.39"
"E02006580","Crawley 006",NA,524698,136813,51.117,-0.21976,"9c082e30-74b8-4fe3-8eb2-55d7adccf99c",5,27.18,48.2,0.0967,0.0348,0.0565,"LargeCentralMetro",0,0,0,0,0,"South East",10,"Crawley 006",34.5,1,206,71,1359,0.345,0.482,0.2718,0.2718,10,0.655339805825243,135,112,1712,1712,1.16673989091876,0.998139012442762,1.35556943241707,1,0,0.974,6,"1.01 to 1.25","Not Significant","0.80-1.00"
"E02006581","Crawley 007",NA,526425,136037,51.1097,-0.19537,"e18d673f-dad0-4ec0-8e6d-ca2adb7820c0",8,13.83,51.53,0.1575,0.0526,0.0757,"LargeCentralMetro",0,0,0,0,0,"South East",7,"Crawley 007",39.4,1,188,74,1174,0.394,0.5153,0.1383,0.1383,7,0.606382978723404,114,103,1713,1713,1.03518475500885,0.873984268937868,1.21745025941938,1,0,0.642,5,"1.01 to 1.25","Not Significant","0.60-0.79"
"E02006583","Crawley 009",NA,528428,135214,51.1018,-0.16707,"e68b4a81-4c63-48b6-b600-dc4ba9eb5998",5,12.5,47.9,0.1053,0.0321,0.0522,"LargeCentralMetro",0,0,0,0,0,"South East",8,"Crawley 009",43.3,1,240,104,1478,0.433,0.479,0.125,0.125,8,0.566666666666667,136,131,1714,1714,0.994454805038278,0.85062855203289,1.15556007760557,-1,0,0.455,4,"0.76 to 0.99","Not Significant","0.40-0.59"
"E02006585","Crawley 011",NA,527202,134783,51.0983,-0.18472,"68aeab2a-7cee-4286-a1cd-39828cd8d1e7",6,38.07,44.29,0.1197,0.0326,0.0604,"LargeCentralMetro",0,0,0,0,0,"South East",8,"Crawley 011",22.2,1,176,39,1262,0.222,0.4429,0.3807,0.3807,8,0.778409090909091,137,96,1715,1715,1.3648535672448,1.16786644581697,1.58545385069446,2,1,1,6,"1.26 to 1.50","Significant Increase","0.80-1.00"
"E02006594","Horsham 007",NA,515278,130656,51.0637,-0.35625,"c237bac0-5243-4223-9c6e-45f225e0f7ee",3,9.73,45.14,0.0428,0.0087,0.0373,"LargeCentralMetro",0,0,0,0,0,"South East",8,"Horsham 007",59.4,1,298,177,1524,0.594,0.4514,0.0973,0.0973,8,0.406040268456376,121,163,1716,1716,0.75792563808407,0.646107133224743,0.88344142872497,-1,-1,0,1,"0.76 to 0.99","Significant Decrease","<0.01"
"E02006597","Horsham 010",NA,513899,123240,50.9973,-0.37825,"7ecf1709-580b-4425-8c7a-dd73065ac0e0",5,16.22,50.06,0.0179,0.0064,0.0248,"MediumMetro",0,1,0,0,0,"South East",8,"Horsham 010",48,1,296,142,1784,0.48,0.5006,0.1622,0.1622,8,0.52027027027027,154,161,1717,1717,0.946463381098773,0.817417261281871,1.09000562375119,-1,0,0.215,3,"0.76 to 0.99","Not Significant","0.20-0.39"
"E02006606","Mid Sussex 003",NA,541382,137776,51.1218,0.018834,"fb8642e3-d356-4d09-999b-32787844d09c",3,12.92,48.97,0.025,0.0063,0.0346,"LargeCentralMetro",0,0,0,0,0,"South East",10,"Mid Sussex 003",40.6,1,271,110,1599,0.406,0.4897,0.1292,0.1292,10,0.59409594095941,161,148,1718,1718,1.04684301605946,0.905094195038003,1.20441017944126,1,0,0.722,5,"1.01 to 1.25","Not Significant","0.60-0.79"
"E02006607","Mid Sussex 004",NA,538367,136798,51.1138,-0.02459,"d681a617-7510-4c20-9a5e-6f175b1c32fb",4,13.17,49.71,0.026,0.0073,0.0314,"LargeCentralMetro",0,0,0,0,0,"South East",8,"Mid Sussex 004",42.8,1,243,104,1573,0.428,0.4971,0.1317,0.1317,8,0.57201646090535,139,133,1719,1719,1.00694086409838,0.86280770779434,1.1681866755115,0,0,0.519,4,"1.00-1.009 (null value)","Not Significant","0.40-0.59"
"E02006613","Mid Sussex 010",NA,533902,124029,51.0001,-0.09307,"314fd550-90c7-4c7e-ab23-12ddec808396",3,16.88,51.5,0.0606,0.0112,0.0421,"LargeCentralMetro",0,0,0,0,0,"South East",7,"Mid Sussex 010",58,1,231,134,1303,0.58,0.515,0.1688,0.1688,7,0.41991341991342,97,126,1720,1720,0.79467506812531,0.668223398388,0.937990248872324,-1,-1,0.003,1,"0.76 to 0.99","Significant Decrease","<0.01"
"E02006614","Mid Sussex 011",NA,531062,123235,50.9936,-0.1338,"6ec57697-ea3b-4806-9773-eae416d37d71",3,8.22,45.25,0.0383,0.0135,0.0401,"Micropolitan",0,0,0,1,0,"South East",10,"Mid Sussex 011",58.2,1,292,170,1538,0.582,0.4525,0.0822,0.0822,10,0.417808219178082,122,159,1721,1721,0.781393898515341,0.666010674762246,0.910928751361387,-1,-1,0.001,1,"0.76 to 0.99","Significant Decrease","<0.01"
"E02006617","Mid Sussex 014",NA,530631,119406,50.9593,-0.14131,"6c3e4571-b0f5-47ed-a02d-3fa669245b88",7,19.14,48.43,0.0967,0.0081,0.0314,"LargeCentralMetro",0,0,0,0,0,"South East",8,"Mid Sussex 014",48.3,1,209,101,1018,0.483,0.4843,0.1914,0.1914,8,0.516746411483254,108,114,1722,1722,0.950711914160868,0.803620580328232,1.11683157955122,-1,0,0.259,3,"0.76 to 0.99","Not Significant","0.20-0.39"
"E02006620","Mid Sussex 017",NA,530222,115836,50.9273,-0.14841,"260a4d55-dc36-467d-9cde-01bd5ad8535e",2,7.36,49.44,0.011,0.004,0.0288,"LargeCentralMetro",0,0,0,0,0,"South East",10,"Mid Sussex 017",66.2,1,231,153,1250,0.662,0.4944,0.0736,0.0736,10,0.337662337662338,78,126,1723,1723,0.672441902171107,0.559071201469859,0.801921387867773,-2,-1,0,1,"0.51 to 0.75","Significant Decrease","<0.01"
"E02006624","Worthing 004",NA,514489,106341,50.8453,-0.37515,"b0768f9b-b48b-463d-b0c8-743b2b584add",6,16.75,41.9,0.0258,0.0044,0.0273,"LargeCentralMetro",0,0,0,0,0,"South East",5,"Worthing 004",46.9,1,209,98,1055,0.469,0.419,0.1675,0.1675,5,0.5311004784689,111,114,1724,1724,0.954140935789958,0.806740021236715,1.12059751997703,-1,0,0.273,3,"0.76 to 0.99","Not Significant","0.20-0.39"
"E02006625","Worthing 005",NA,515289,104466,50.8283,-0.36438,"818154e9-48dd-47d5-a814-7465764d8199",7,16.49,30.99,0.0405,0.0099,0.0352,"LargeCentralMetro",0,0,0,0,0,"South East",5,"Worthing 005",41.4,2,285,118,1636,0.414,0.3099,0.1649,0.1649,5,0.585964912280702,167,155,1725,1725,1.04250608080238,0.903596617512296,1.19663897130596,1,0,0.707,5,"1.01 to 1.25","Not Significant","0.60-0.79"
"E02006627","Worthing 007",NA,512476,103864,50.8234,-0.40449,"f177ee57-e5e7-4d23-9970-5affaa883f5c",8,19.56,43.15,0.0401,0.0124,0.0351,"LargeCentralMetro",0,0,0,0,0,"South East",10,"Worthing 007",54.9,1,317,174,1606,0.549,0.4315,0.1956,0.1956,10,0.451104100946372,143,173,1726,1726,0.856606329093012,0.738579771634606,0.988014474514439,-1,-1,0.017,2,"0.76 to 0.99","Significant Decrease","0.01-0.20"
"E02006633","Worthing 013",NA,511214,102378,50.8103,-0.42285,"e0d7ce81-5bb5-4930-be9c-e84a9958cc39",6,18.46,49.12,0.0276,0.0032,0.0256,"LargeCentralMetro",0,0,0,0,0,"South East",10,"Worthing 013",59.5,1,195,116,1075,0.595,0.4912,0.1846,0.1846,10,0.405128205128205,79,106,1727,1727,0.807340387401709,0.671690499538899,0.962192779139932,-1,-1,0.009,1,"0.76 to 0.99","Significant Decrease","<0.01"
"E02006635","Wiltshire 019",NA,419205,169095,51.4205,-1.72519,"288a0396-a539-4296-ae6f-18a318f4ec37",4,11.58,50.82,0.0226,0.0057,0.025,"MediumMetro",0,1,0,0,0,"South West",7,"Wiltshire 019",57.1,1,259,148,1712,0.571,0.5082,0.1158,0.1158,7,0.428571428571429,111,141,1728,1728,0.797575619070651,0.675699721427612,0.934991026398329,-1,-1,0.003,1,"0.76 to 0.99","Significant Decrease","<0.01"
"E02006637","Wiltshire 025",NA,401193,162760,51.3639,-1.98424,"f73dc216-b8d0-4e94-b3d1-56319ab5369d",5,21.43,48.73,0.0146,0.0052,0.0189,"LargeFringeMetro",1,0,0,0,0,"South West",4,"Wiltshire 025",45.1,1,182,82,987,0.451,0.4873,0.2143,0.2143,4,0.54945054945055,100,99,1729,1729,1.01120587627224,0.850170749145103,1.19376886164935,1,0,0.533,4,"1.01 to 1.25","Not Significant","0.40-0.59"
"E02006641","Wiltshire 034",NA,402911,158636,51.3268,-1.9596,"77002def-3082-4e82-ad08-318980a6c32c",3,17.44,48.79,0.0079,0.0033,0.013,"Noncore",0,0,0,0,1,"South West",5,"Wiltshire 034",57.6,1,172,99,871,0.576,0.4879,0.1744,0.1744,5,0.424418604651163,73,94,1730,1730,0.825929978243818,0.681698230918202,0.991530903768467,-1,-1,0.02,2,"0.76 to 0.99","Significant Decrease","0.01-0.20"
"E02006645","Wiltshire 002",NA,395909,191911,51.626,-2.06049,"51fd6bdb-690f-400f-aab4-20dfbd5cbdd1",2,13.57,48.05,0.0284,0.0091,0.0257,"SmallMetro",0,0,1,0,0,"South West",6,"Wiltshire 002",48.9,1,221,108,1465,0.489,0.4805,0.1357,0.1357,6,0.51131221719457,113,121,1731,1731,0.926880885881646,0.784951782558073,1.08696588737434,-1,0,0.169,2,"0.76 to 0.99","Not Significant","0.01-0.20"
"E02006646","Wiltshire 003",NA,407737,188361,51.5941,-1.8897,"8f926d89-e7a9-4d93-ae3a-6b4465c05e18",3,14.18,46.4,0.0429,0.0304,0.0315,"MediumMetro",0,1,0,0,0,"South West",8,"Wiltshire 003",44.8,1,134,60,931,0.448,0.464,0.1418,0.1418,8,0.552238805970149,74,73,1732,1732,0.960433718948297,0.788268665522051,1.15901134544162,-1,0,0.322,3,"0.76 to 0.99","Not Significant","0.20-0.39"
"E02006649","Wiltshire 006",NA,406808,182681,51.543,-1.90322,"dcaec775-8e4c-4dc2-97fe-2611aa0e41ec",6,15.47,48.1,0.0248,0.0188,0.0245,"LargeCentralMetro",0,0,0,0,0,"South West",5,"Wiltshire 006",56.1,1,278,156,1688,0.561,0.481,0.1547,0.1547,5,0.438848920863309,122,152,1733,1733,0.819789494589613,0.699240406887211,0.955051143647853,-1,-1,0.005,1,"0.76 to 0.99","Significant Decrease","<0.01"
"E02006652","Wiltshire 009",NA,391527,174437,51.4688,-2.12337,"c8457ae1-a73c-4736-b588-45241df7575b",4,15.07,50.05,0.027,0.0106,0.0303,"LargeCentralMetro",0,0,0,0,0,"South West",5,"Wiltshire 009",42.2,2,531,224,3117,0.422,0.5005,0.1507,0.1507,5,0.578154425612053,307,290,1734,1734,1.03590690467812,0.929117548324443,1.15152579106408,1,0,0.731,5,"1.01 to 1.25","Not Significant","0.60-0.79"
"E02006658","Wiltshire 016",NA,400360,170388,51.4325,-1.9962,"c7aa48cf-2777-4eaf-8ad0-134f7a90d0f1",5,24.69,49.29,0.0068,0.0053,0.0184,"LargeCentralMetro",0,0,0,0,0,"South West",5,"Wiltshire 016",29.6,1,162,48,1059,0.296,0.4929,0.2469,0.2469,5,0.703703703703704,114,88,1735,1735,1.21583007349044,1.02685336719564,1.42944764406742,1,1,0.989,6,"1.01 to 1.25","Significant Increase","0.80-1.00"
"E02006660","Wiltshire 018",NA,389571,169785,51.427,-2.15139,"f039b7fe-5bb1-4b95-911a-36732298460f",4,19.61,49.93,0.011,0.0042,0.0188,"LargeCentralMetro",0,0,0,0,0,"South West",5,"Wiltshire 018",46.1,1,204,94,1360,0.461,0.4993,0.1961,0.1961,5,0.53921568627451,110,111,1736,1736,0.973738410355217,0.822954617209239,1.14406538654056,-1,0,0.359,3,"0.76 to 0.99","Not Significant","0.20-0.39"
"E02006662","Wiltshire 046",NA,416283,144060,51.1955,-1.76834,"a8a84485-84ab-4a54-86d1-123a797122ce",6,16.88,47.97,0.0175,0.0168,0.0282,"LargeFringeMetro",1,0,0,0,0,"South West",10,"Wiltshire 046",18.2,1,77,14,517,0.182,0.4797,0.1688,0.1688,10,0.818181818181818,63,42,1737,1737,1.31028680859248,1.05759708903512,1.60529100690315,2,1,0.994,6,"1.26 to 1.50","Significant Increase","0.80-1.00"
"E02006663","Wiltshire 048",NA,416126,141291,51.1706,-1.77071,"10c49dc6-c440-4651-b986-f7436c88955c",6,17.09,48.93,0.0208,0.0199,0.0258,"LargeFringeMetro",1,0,0,0,0,"South West",8,"Wiltshire 048",26.1,1,199,52,1079,0.261,0.4893,0.1709,0.1709,8,0.738693467336683,147,109,1738,1738,1.27700338160163,1.09670549169955,1.47839398354255,2,1,0.999,6,"1.26 to 1.50","Significant Increase","0.80-1.00"
"E02006667","Wiltshire 052",NA,411764,132042,51.0876,-1.83341,"7d944723-8e9f-449e-9552-2da8c6221034",7,43.12,47.25,0.0336,0.0152,0.0215,"LargeFringeMetro",1,0,0,0,0,"South West",4,"Wiltshire 052",23.9,1,109,26,781,0.239,0.4725,0.4312,0.4312,4,0.761467889908257,83,59,1739,1739,1.38830597551792,1.15154019311971,1.65932100954716,2,1,1,6,"1.26 to 1.50","Significant Increase","0.80-1.00"
"E02006672","Wiltshire 057",NA,413410,127632,51.0479,-1.81007,"afa0ed95-c63a-4608-a68c-8295925dd2c8",6,22.22,43.72,0.0373,0.016,0.027,"LargeFringeMetro",1,0,0,0,0,"South West",5,"Wiltshire 057",39.3,1,117,46,597,0.393,0.4372,0.2222,0.2222,5,0.606837606837607,71,64,1740,1740,1.08472977751477,0.889691592331294,1.30975926336589,1,0,0.78,5,"1.01 to 1.25","Not Significant","0.60-0.79"
"E02006682","Wiltshire 027",NA,382601,160758,51.3456,-2.25119,"558adae6-857e-4f3e-9107-3665673de90c",4,13.24,51.51,0.0087,0.0049,0.0225,"MediumMetro",0,1,0,0,0,"South West",4,"Wiltshire 027",58.4,1,219,128,1359,0.584,0.5151,0.1324,0.1324,4,0.415525114155251,91,119,1741,1741,0.778667411715981,0.651220128117746,0.92367743766311,-1,-1,0.002,1,"0.76 to 0.99","Significant Decrease","<0.01"
"E02006684","Wiltshire 031",NA,385242,158318,51.3238,-2.21317,"32363e32-e11d-4041-9c94-1241d52d4fc6",6,14.47,49.47,0.0262,0.017,0.0448,"LargeCentralMetro",0,0,0,0,0,"South West",3,"Wiltshire 031",51.6,1,159,82,950,0.516,0.4947,0.1447,0.1447,3,0.484276729559748,77,87,1742,1742,0.864342301376709,0.712964595242157,1.03830208075105,-1,0,0.058,2,"0.76 to 0.99","Not Significant","0.01-0.20"
"E02006686","Wiltshire 033",NA,384431,157304,51.3146,-2.22477,"690dadbf-2440-4465-a9d6-29440d8fbe60",5,25.21,48.72,0.0186,0.0081,0.0296,"LargeCentralMetro",0,0,0,0,0,"South West",3,"Wiltshire 033",38.5,1,234,90,1252,0.385,0.4872,0.2521,0.2521,3,0.615384615384615,144,128,1743,1743,1.08873121723181,0.935234382228227,1.26014339657775,1,0,0.859,6,"1.01 to 1.25","Not Significant","0.80-1.00"
"E02006688","Wiltshire 036",NA,384707,156575,51.3081,-2.22078,"0c3a7774-8df5-4f8c-afe8-352e3d34b20e",6,32.28,50.86,0.0173,0.0104,0.0272,"LargeCentralMetro",0,0,0,0,0,"South West",3,"Wiltshire 036",26.6,1,158,42,1103,0.266,0.5086,0.3228,0.3228,3,0.734177215189873,116,86,1744,1744,1.27282754425192,1.07659045036707,1.4944140407326,2,1,0.998,6,"1.26 to 1.50","Significant Increase","0.80-1.00"
"E02006692","Wiltshire 042",NA,389502,146309,51.2159,-2.15168,"f0b81e2f-3b1d-44fb-a138-1b1ad85dae12",5,19.67,44.98,0.0377,0.0159,0.0259,"LargeFringeMetro",1,0,0,0,0,"South West",5,"Wiltshire 042",29.9,1,244,73,1403,0.299,0.4498,0.1967,0.1967,5,0.700819672131147,171,133,1745,1745,1.23137358834339,1.06813519493864,1.41240712796276,1,1,0.998,6,"1.01 to 1.25","Significant Increase","0.80-1.00"
"E02006696","Bromsgrove 001",NA,392231,281040,52.4273,-2.11568,"c691b2d1-7a34-46f3-8943-7576798cfc85",4,12.4,47.08,0.0619,0.0053,0.0384,"LargeCentralMetro",0,0,0,0,0,"West Midlands",10,"Bromsgrove 001",61.47,2,371,228,2330,0.6147,0.4708,0.124,0.124,10,0.38544474393531,143,202,1746,1746,0.736759969405176,0.635426997925949,0.849555692371014,-2,-1,0,1,"0.51 to 0.75","Significant Decrease","<0.01"
"E02006698","Bromsgrove 003",NA,398045,276767,52.3889,-2.03014,"59d92482-d1a7-4405-9036-83a043543d1e",8,26.55,47.77,0.0148,0.0109,0.0262,"LargeCentralMetro",0,0,0,0,0,"West Midlands",8,"Bromsgrove 003",39.8,1,113,45,741,0.398,0.4777,0.2655,0.2655,8,0.601769911504425,68,62,1747,1747,1.0888175715729,0.891561659510005,1.31665397391704,1,0,0.789,5,"1.01 to 1.25","Not Significant","0.60-0.79"
"E02006699","Bromsgrove 004",NA,408141,277089,52.3918,-1.88179,"d06849c0-a0e3-4935-88b9-116b74f00eb4",6,17.03,47.6,0.0264,0.0085,0.0426,"LargeCentralMetro",0,0,0,0,0,"West Midlands",8,"Bromsgrove 004",51.1,1,182,93,1019,0.511,0.476,0.1703,0.1703,8,0.489010989010989,89,99,1748,1748,0.901993690153481,0.752725756191737,1.07210541260398,-1,0,0.117,2,"0.76 to 0.99","Not Significant","0.01-0.20"
"E02006707","Bromsgrove 012",NA,396668,270188,52.3298,-2.05031,"4ac05278-361e-4999-ba07-47320fb2f7a9",4,16.82,48.63,0.0351,0.005,0.0292,"LargeCentralMetro",0,0,0,0,0,"West Midlands",8,"Bromsgrove 012",45.6,1,327,149,1355,0.456,0.4863,0.1682,0.1682,8,0.54434250764526,178,178,1749,1749,0.985055061598733,0.85804226082296,1.12548041896472,-1,0,0.4,4,"0.76 to 0.99","Not Significant","0.40-0.59"
"E02006710","Malvern Hills 001",NA,363817,266660,52.2969,-2.53198,"2a39aa74-8770-4623-af37-b747c7334294",4,18.07,47.14,0.002,0.0025,0.0118,"Noncore",0,0,0,0,1,"West Midlands",10,"Malvern Hills 001",33.7,1,83,28,454,0.337,0.4714,0.1807,0.1807,10,0.662650602409639,55,45,1750,1750,1.14539528135827,0.918809220999828,1.4109788043768,1,0,0.882,6,"1.01 to 1.25","Not Significant","0.80-1.00"
"E02006711","Malvern Hills 002",NA,377468,262881,52.2636,-2.33156,"70a3495f-9827-43a4-8e44-fb4cd5884776",4,16.2,49.32,0.0075,0.0018,0.0161,"Micropolitan",0,0,0,1,0,"West Midlands",10,"Malvern Hills 002",43.6,1,179,78,886,0.436,0.4932,0.162,0.162,10,0.564245810055866,101,98,1751,1751,1.01408384326835,0.851722558694125,1.19830037213515,1,0,0.546,4,"1.01 to 1.25","Not Significant","0.40-0.59"
"E02006714","Malvern Hills 005",NA,382071,245812,52.1104,-2.26321,"a5842cb8-125f-4945-891c-d04ce7579b88",5,15.29,51.64,0.0123,0.0022,0.014,"Micropolitan",0,0,0,1,0,"West Midlands",10,"Malvern Hills 005",47.6,1,170,81,1100,0.476,0.5164,0.1529,0.1529,10,0.523529411764706,89,93,1752,1752,0.960151038782115,0.800640814581455,1.14203731547286,-1,0,0.31,3,"0.76 to 0.99","Not Significant","0.20-0.39"
"E02006715","Malvern Hills 006",NA,377199,248406,52.1335,-2.33453,"126cb2f2-fd32-4069-a95f-072d4fbc2e49",6,32.54,49.76,0.0152,0.0036,0.0212,"LargeCentralMetro",0,0,0,0,0,"West Midlands",7,"Malvern Hills 006",37.3,1,126,47,615,0.373,0.4976,0.3254,0.3254,7,0.626984126984127,79,69,1753,1753,1.13909768912067,0.942445975538159,1.36458606103919,1,0,0.908,6,"1.01 to 1.25","Not Significant","0.80-1.00"
"E02006718","Malvern Hills 009",NA,379551,245066,52.1036,-2.29996,"db172a1b-d3b8-4c38-b974-9162da9f4c72",8,14.35,50.32,0.0197,0.0069,0.0144,"LargeCentralMetro",0,0,0,0,0,"West Midlands",8,"Malvern Hills 009",51.5,1,237,122,1407,0.515,0.5032,0.1435,0.1435,8,0.485232067510549,115,129,1754,1754,0.902804784250882,0.766674298355983,1.05603357903751,-1,0,0.098,2,"0.76 to 0.99","Not Significant","0.01-0.20"
"E02006724","Redditch 004",NA,404808,267711,52.3075,-1.9309,"c7be24cb-8c50-4a9f-9951-896a461b4a6a",8,28.4,45.42,0.2397,0.0304,0.0492,"LargeCentralMetro",0,0,0,0,0,"West Midlands",8,"Redditch 004",26.7,1,243,65,949,0.267,0.4542,0.284,0.284,8,0.732510288065844,178,133,1755,1755,1.28775051513489,1.12007447606439,1.47334286910644,2,1,1,6,"1.26 to 1.50","Significant Increase","0.80-1.00"
"E02006727","Redditch 007",NA,405979,266829,52.2996,-1.91374,"efccf9f9-6796-42e9-84d9-50f0c09dd6e1",7,31.7,48.48,0.0724,0.013,0.0217,"LargeCentralMetro",0,0,0,0,0,"West Midlands",10,"Redditch 007",31.3,1,224,70,856,0.313,0.4848,0.317,0.317,10,0.6875,154,122,1756,1756,1.24563668481206,1.07573706575427,1.43463237735249,1,1,0.998,6,"1.01 to 1.25","Significant Increase","0.80-1.00"
"E02006729","Redditch 009",NA,407292,265768,52.29,-1.8945,"67259c67-fbd2-4902-8b1b-41956cc36eec",8,35.16,46.63,0.0279,0.0101,0.0347,"LargeCentralMetro",0,0,0,0,0,"West Midlands",10,"Redditch 009",23.1,1,91,21,401,0.231,0.4663,0.3516,0.3516,10,0.769230769230769,70,50,1757,1757,1.33280140638565,1.09034501913532,1.61308920837049,2,1,0.998,6,"1.26 to 1.50","Significant Increase","0.80-1.00"
"E02006733","Redditch 013",NA,401699,262553,52.2612,-1.97652,"79cdbf4b-735f-4965-9e26-20b70bc4f625",4,15.72,48.76,0.0187,0.0056,0.0268,"LargeCentralMetro",0,0,0,0,0,"West Midlands",8,"Redditch 013",46.3,1,229,106,966,0.463,0.4876,0.1572,0.1572,8,0.537117903930131,123,125,1758,1758,0.965645459815542,0.821983928099688,1.12710566645069,-1,0,0.317,3,"0.76 to 0.99","Not Significant","0.20-0.39"
"E02006737","Worcester 004",NA,385361,256537,52.2069,-2.21564,"19bc4c3a-87b0-4c22-b40b-9e09d945b154",7,29.26,49.34,0.0418,0.0105,0.0248,"LargeCentralMetro",0,0,0,0,0,"West Midlands",4,"Worcester 004",38.41,2,393,151,2258,0.3841,0.4934,0.2926,0.2926,4,0.615776081424936,242,214,1759,1759,1.11931716682934,0.99227029139882,1.25802314819624,1,0,0.966,6,"1.01 to 1.25","Not Significant","0.80-1.00"
"E02006745","Worcester 012",NA,383620,253324,52.1779,-2.24096,"be811284-19e6-4675-8b03-d74dbfbe4d6d",6,22.66,53.2,0.0195,0.0063,0.0238,"LargeCentralMetro",0,0,0,0,0,"West Midlands",10,"Worcester 012",41.8,1,256,107,1596,0.418,0.532,0.2266,0.2266,10,0.58203125,149,140,1760,1760,1.0587734739329,0.912968313164481,1.22113626225367,1,0,0.768,5,"1.01 to 1.25","Not Significant","0.60-0.79"
"E02006746","Worcester 013",NA,385859,253329,52.178,-2.20821,"745856f7-918b-4945-807e-3a8e67bf96cc",6,18.09,50.06,0.0626,0.0068,0.036,"LargeCentralMetro",0,0,0,0,0,"West Midlands",5,"Worcester 013",53.02,2,492,261,2529,0.5302,0.5006,0.1809,0.1809,5,0.469512195121951,231,268,1761,1761,0.865956994743604,0.766354934203431,0.974826011533718,-1,-1,0.009,1,"0.76 to 0.99","Significant Decrease","<0.01"
"E02006751","Wychavon 004",NA,389534,262877,52.264,-2.15477,"2a03a2dc-2c15-482e-a1a6-7bd2da948844",8,22.54,52.15,0.0121,0.006,0.0141,"LargeCentralMetro",0,0,0,0,0,"West Midlands",8,"Wychavon 004",39.1,1,284,111,1300,0.391,0.5215,0.2254,0.2254,8,0.609154929577465,173,155,1762,1762,1.10351708318198,0.95981252155138,1.26256225398784,1,0,0.915,6,"1.01 to 1.25","Not Significant","0.80-1.00"
"E02006759","Wychavon 012",NA,394336,245680,52.1094,-2.08411,"8ce909c8-6fb4-4666-a16d-64f1a10d4f16",7,20.77,50.67,0.009,0.0019,0.0127,"Micropolitan",0,0,0,1,0,"West Midlands",10,"Wychavon 012",35.3,1,207,73,1125,0.353,0.5067,0.2077,0.2077,10,0.647342995169082,134,113,1763,1763,1.15848578719304,0.990723788889856,1.34641680558219,1,0,0.967,6,"1.01 to 1.25","Not Significant","0.80-1.00"
"E02006762","Wychavon 015",NA,402382,243695,52.0916,-1.96664,"da77949d-740d-4d2d-8dfe-e53490921bdf",6,13.1,51.01,0.0098,0.0031,0.0199,"LargeCentralMetro",0,0,0,0,0,"West Midlands",8,"Wychavon 015",41.5,1,313,130,1282,0.415,0.5101,0.131,0.131,8,0.584664536741214,183,171,1764,1764,1.04135208039519,0.907894207105962,1.18881575852813,1,0,0.71,5,"1.01 to 1.25","Not Significant","0.60-0.79"
"E02006767","Wyre Forest 001",NA,385912,277064,52.3914,-2.20844,"2d802153-82cd-4bf0-a50c-bb5210889cb3",6,22.81,51.77,0.0359,0.003,0.0179,"LargeFringeMetro",1,0,0,0,0,"West Midlands",10,"Wyre Forest 001",33.3,1,171,57,960,0.333,0.5177,0.2281,0.2281,10,0.666666666666667,114,93,1765,1765,1.20379960276256,1.01956686077589,1.41159783144539,1,1,0.986,6,"1.01 to 1.25","Significant Increase","0.80-1.00"
"E02006771","Wyre Forest 005",NA,378196,278666,52.4056,-2.32193,"bc24437f-1758-43b8-9a75-7b9825325ae0",7,15.92,50.73,0.0077,0.0013,0.0126,"Noncore",0,0,0,0,1,"West Midlands",10,"Wyre Forest 005",40.8,1,157,64,964,0.408,0.5073,0.1592,0.1592,10,0.592356687898089,93,86,1766,1766,1.06865303791922,0.892424397510119,1.26940997079213,1,0,0.756,5,"1.01 to 1.25","Not Significant","0.60-0.79"
"E02006773","Wyre Forest 007",NA,384580,276124,52.3829,-2.22797,"b6ad18d8-feb8-4207-85d8-eb0235262089",9,25.14,48.14,0.0197,0.0061,0.0229,"LargeCentralMetro",0,0,0,0,0,"West Midlands",10,"Wyre Forest 007",35.5,1,183,65,1128,0.355,0.4814,0.2514,0.2514,10,0.644808743169399,118,100,1767,1767,1.16163065949586,0.986315907984957,1.35901749545701,1,0,0.963,6,"1.01 to 1.25","Not Significant","0.80-1.00"
"E02006778","Wyre Forest 012",NA,380341,272685,52.3519,-2.29004,"274ce7cd-545d-4987-8730-06491857fc31",8,26.04,45.36,0.0085,0.0011,0.0111,"LargeCentralMetro",0,0,0,0,0,"West Midlands",10,"Wyre Forest 012",34.3,1,169,58,1100,0.343,0.4536,0.2604,0.2604,10,0.656804733727811,111,92,1768,1768,1.18680246354385,1.00364677553978,1.39360652427167,1,1,0.977,6,"1.01 to 1.25","Significant Increase","0.80-1.00"
"E02006783","Lewisham 037",NA,539876,171765,51.4276,0.010619,"c1cdd9ba-cce3-41c3-953b-8b79ab0a8b87",4,41.45,42.3,0.0885,0.2804,0.1183,"LargeCentralMetro",0,0,0,0,0,"London",3,"Lewisham 037",35.2,1,193,68,1130,0.352,0.423,0.4145,0.4145,3,0.647668393782383,125,105,1769,1769,1.15196025333652,0.980487063726782,1.34470185364564,1,0,0.957,6,"1.01 to 1.25","Not Significant","0.80-1.00"
"E02006789","Bromley 042",NA,542651,159398,51.3158,0.04555,"b28e0af9-3af4-4342-9643-903fc62046a4",5,24.41,51.75,0.0173,0.0125,0.0366,"LargeCentralMetro",0,0,0,0,0,"London",8,"Bromley 042",24.4,1,213,52,1314,0.244,0.5175,0.2441,0.2441,8,0.755868544600939,161,116,1770,1770,1.30827738738313,1.12970925396906,1.50696435441544,2,1,1,6,"1.26 to 1.50","Significant Increase","0.80-1.00"
"E02006796","Hillingdon 033",NA,511694,185282,51.5554,-0.39029,"7758eed2-4374-4b98-9660-2c576c3fd8bf",2,20,48.5,0.2669,0.0559,0.1027,"LargeCentralMetro",0,0,0,0,0,"London",2,"Hillingdon 033",62.5,1,240,150,1499,0.625,0.485,0.2,0.2,2,0.375,90,131,1771,1771,0.70384930044458,0.588723332187105,0.83481936533557,-2,-1,0,1,"0.51 to 0.75","Significant Decrease","<0.01"
"E02006798","Lewisham 039",NA,536838,177425,51.4792,-0.03086,"c9f4543f-561f-48b2-82bb-9d372b38f125",2,39.88,47.67,0.1341,0.3378,0.1383,"LargeCentralMetro",0,0,0,0,0,"London",1,"Lewisham 039",42.3,1,163,69,881,0.423,0.4767,0.3988,0.3988,1,0.576687116564417,94,89,1772,1772,1.02099073670838,0.852600763862818,1.21283860896519,1,0,0.573,4,"1.01 to 1.25","Not Significant","0.40-0.59"
"E02006800","Redbridge 034",NA,546391,186573,51.5591,0.110402,"1897f779-a6f8-4428-bb46-6b5b70aa9447",1,36.55,49.16,0.5987,0.0895,0.0984,"LargeCentralMetro",0,0,0,0,0,"London",2,"Redbridge 034",36.6,1,290,106,1845,0.366,0.4916,0.3655,0.3655,2,0.63448275862069,184,158,1773,1773,1.12365425287597,0.979378514289942,1.28310704577478,1,0,0.951,6,"1.01 to 1.25","Not Significant","0.80-1.00"
"E02006806","Nuneaton and Bedworth 018",NA,433360,285089,52.4627,-1.51041,"6faa392f-5278-4ea8-b796-6a5b58259029",8,32.5,47.26,0.0984,0.0242,0.0459,"LargeCentralMetro",0,0,0,0,0,"West Midlands",8,"Nuneaton and Bedworth 018",40.6,1,160,65,912,0.406,0.4726,0.325,0.325,8,0.59375,95,87,1774,1774,1.09848602664231,0.920873708468863,1.30025127916295,1,0,0.847,6,"1.01 to 1.25","Not Significant","0.80-1.00"
"E02006809","Birmingham 133",NA,404078,291969,52.5256,-1.94132,"00eea64c-6b59-4712-8c80-18d2b9f6d8a0",2,38.92,41.46,0.6516,0.0977,0.1159,"LargeCentralMetro",0,0,0,0,0,"West Midlands",4,"Birmingham 133",35.7,1,185,66,1182,0.357,0.4146,0.3892,0.3892,4,0.643243243243243,119,101,1775,1775,1.12608456846734,0.95464118821272,1.3193511039045,1,0,0.919,6,"1.01 to 1.25","Not Significant","0.80-1.00"
"E02006812","Redcar and Cleveland 021",NA,453179,516557,54.5415,-1.17956,"70e3ae65-112c-4c80-aada-6012166a4f93",8,20.87,50.21,0.013,0.0025,0.016,"LargeCentralMetro",0,0,0,0,0,"North East",8,"Redcar and Cleveland 021",45.3,1,254,115,1410,0.453,0.5021,0.2087,0.2087,8,0.547244094488189,139,139,1776,1776,1.00341206095098,0.861966539317624,1.16133742877914,0,0,0.502,4,"1.00-1.009 (null value)","Not Significant","0.40-0.59"
"E02006813","Kingston upon Hull 033",NA,505098,427152,53.7302,-0.40842,"77b9120d-d8a8-46f9-acaa-46cd6a16700e",8,41.87,46.99,0.0145,0.0102,0.0242,"LargeCentralMetro",0,0,0,0,0,"Yorkshire and the Humber",7,"Kingston upon Hull 033",32.9,1,246,81,1460,0.329,0.4699,0.4187,0.4187,7,0.670731707317073,165,134,1777,1777,1.23974368407759,1.07641863771499,1.42071416762649,1,1,0.999,6,"1.01 to 1.25","Significant Increase","0.80-1.00"
"E02006823","Buckinghamshire 039",NA,493697,194755,51.6438,-0.64727,"89c5125f-155f-4381-9f79-1e4f19f6798f",2,11.33,47.58,0.0419,0.0058,0.0372,"LargeCentralMetro",0,0,0,0,0,"South East",3,"Buckinghamshire 039",53.2,1,203,108,1240,0.532,0.4758,0.1133,0.1133,3,0.467980295566502,95,111,1778,1778,0.831557654527072,0.695475403665513,0.986426770627454,-1,-1,0.017,2,"0.76 to 0.99","Significant Decrease","0.01-0.20"
"E02006826","West Suffolk 015",NA,562516,263379,52.2446,0.378997,"53c9df14-84f9-4318-ac8b-50b430082878",4,20.62,49.82,0.0598,0.0147,0.0452,"LargeCentralMetro",0,0,0,0,0,"East of England",5,"West Suffolk 015",45.6,1,160,73,813,0.456,0.4982,0.2062,0.2062,5,0.54375,87,87,1779,1779,0.967610206904647,0.804316481309914,1.15425833705707,-1,0,0.342,3,"0.76 to 0.99","Not Significant","0.20-0.39"
"E02006833","Tonbridge and Malling 014",NA,565279,158600,51.3025,0.369594,"e8a74212-1dd1-4a8f-9925-1c4521f3ad3f",5,25.93,44.84,0.0186,0.0069,0.0273,"LargeCentralMetro",0,0,0,0,0,"South East",10,"Tonbridge and Malling 014",26.5,1,162,43,1046,0.265,0.4484,0.2593,0.2593,10,0.734567901234568,119,88,1780,1780,1.27981356148827,1.08448999392706,1.50007821531144,2,1,0.998,6,"1.26 to 1.50","Significant Increase","0.80-1.00"
"E02006835","Gedling 016",NA,456610,348217,53.0283,-1.15738,"3c8584b5-bf0e-4d25-8449-bc785786d3d2",7,33.8,53.35,0.0432,0.0447,0.05,"LargeCentralMetro",0,0,0,0,0,"East Midlands",7,"Gedling 016",33.1,1,142,47,746,0.331,0.5335,0.338,0.338,7,0.669014084507042,95,77,1781,1781,1.19734519603723,1.00137835532157,1.42037459876339,1,1,0.976,6,"1.01 to 1.25","Significant Increase","0.80-1.00"
"E02006852","Leeds 109",NA,427439,437538,53.8334,-1.58456,"1746a490-c720-4975-b62b-5d6347bbbb63",3,42.15,48.85,0.1094,0.0219,0.0601,"LargeCentralMetro",0,0,0,0,0,"Yorkshire and the Humber",3,"Leeds 109",40.2,1,261,105,1396,0.402,0.4885,0.4215,0.4215,3,0.597701149425287,156,142,1782,1782,1.09705383804192,0.948850091201569,1.26172864027091,1,0,0.892,6,"1.01 to 1.25","Not Significant","0.80-1.00"
"E02006856","Canterbury 020",NA,614424,158062,51.2813,1.0733,"f82b4046-a156-4293-8e52-99ae1a45b682",5,35.34,50.66,0.0687,0.0338,0.0753,"LargeFringeMetro",1,0,0,0,0,"South East",8,"Canterbury 020",33.6,1,232,78,1984,0.336,0.5066,0.3534,0.3534,8,0.663793103448276,154,127,1783,1783,1.20212113528022,1.03831953710482,1.38430888026206,1,1,0.993,6,"1.01 to 1.25","Significant Increase","0.80-1.00"
"E02006859","Thurrock 019",NA,559504,178878,51.4864,0.295928,"3a6771da-9485-46c1-b350-e0b252e20d25",1,10.11,50.25,0.1478,0.2021,0.0718,"LargeCentralMetro",0,0,0,0,0,"East of England",6,"Thurrock 019",68.1,1,188,128,1379,0.681,0.5025,0.1011,0.1011,6,0.319148936170213,60,103,1784,1784,0.638709365210776,0.521789269724912,0.773891938160676,-2,-1,0,1,"0.51 to 0.75","Significant Decrease","<0.01"
"E02006861","Leeds 110",NA,428979,435733,53.8171,-1.56133,"5fbe4c2c-21c0-4a3a-bd46-1221a6253559",2,53.74,47.68,0.0804,0.0357,0.0778,"LargeCentralMetro",0,0,0,0,0,"Yorkshire and the Humber",2,"Leeds 110",33.6,1,214,72,1034,0.336,0.4768,0.5374,0.5374,2,0.663551401869159,142,117,1785,1785,1.20959956903999,1.03992307624764,1.39894380852554,1,1,0.993,6,"1.01 to 1.25","Significant Increase","0.80-1.00"
"E02006863","North Northamptonshire 008",NA,487880,286609,52.4704,-0.70772,"07e0a53f-1ef3-4a90-bdbb-be3001d42988",6,17.58,49.87,0.0539,0.0871,0.0375,"LargeFringeMetro",1,0,0,0,0,"East Midlands",6,"North Northamptonshire 008",58.8,1,182,107,1179,0.588,0.4987,0.1758,0.1758,6,0.412087912087912,75,99,1786,1786,0.820091006166684,0.679741448993119,0.980734679357832,-1,-1,0.015,2,"0.76 to 0.99","Significant Decrease","0.01-0.20"
"E02006864","Boston 008",NA,534754,346136,52.9956,0.006354,"47f5044d-79cf-403f-93bb-5ccea831483c",5,33.46,45.68,0.055,0.0099,0.0236,"LargeFringeMetro",1,0,0,0,0,"East Midlands",8,"Boston 008",12.4,1,266,33,1272,0.124,0.4568,0.3346,0.3346,8,0.87593984962406,233,145,1787,1787,1.55291546093219,1.37192125319554,1.75102340126383,3,1,1,6,"1.51 to 1.75","Significant Increase","0.80-1.00"
"E02006867","North Kesteven 014",NA,493902,367246,53.194,-0.59593,"5c6aba5e-5552-4f09-aeea-63af7ae5d186",6,22.13,51.17,0.0147,0.0048,0.0186,"LargeCentralMetro",0,0,0,0,0,"East Midlands",10,"North Kesteven 014",36.89,2,366,135,1925,0.3689,0.5117,0.2213,0.2213,10,0.631147540983607,231,200,1788,1788,1.13913225348624,1.00709159086352,1.28357384246383,1,1,0.981,6,"1.01 to 1.25","Significant Increase","0.80-1.00"
"E02006872","High Peak 013",NA,413903,389148,53.399,-1.79237,"63daf46d-62aa-4305-b273-a1b4238aa6b7",6,19.89,47.3,0.0072,0.001,0.0116,"SmallMetro",0,0,1,0,0,"East Midlands",10,"High Peak 013",37.5,1,176,66,943,0.375,0.473,0.1989,0.1989,10,0.625,110,96,1789,1789,1.13432837405893,0.9587755520135,1.33261357851794,1,0,0.928,6,"1.01 to 1.25","Not Significant","0.80-1.00"
"E02006877","Peterborough 022",NA,517599,296480,52.5535,-0.26692,"e1796ee6-0cad-45d0-90e3-8fbd2c198541",4,24.79,46.95,0.0737,0.0431,0.0569,"LargeCentralMetro",0,0,0,0,0,"East of England",8,"Peterborough 022",42.7,1,234,100,1476,0.427,0.4695,0.2479,0.2479,8,0.572649572649573,134,128,1790,1790,1.02898334806775,0.880798267307271,1.19486804190718,1,0,0.628,5,"1.01 to 1.25","Not Significant","0.60-0.79"
"E02006886","Vale of White Horse 016",NA,430063,189678,51.6051,-1.56729,"c38aae2a-8bda-4cff-bd26-7d2f0ddaad4f",3,16.59,48.89,0.0154,0.0128,0.029,"MediumMetro",0,1,0,0,0,"South East",10,"Vale of White Horse 016",39.7,1,229,91,1436,0.397,0.4889,0.1659,0.1659,10,0.602620087336245,138,125,1791,1791,1.06159689809427,0.908989290480546,1.23241185733962,1,0,0.767,5,"1.01 to 1.25","Not Significant","0.60-0.79"
"E02006887","Bristol 054",NA,359786,172775,51.4525,-2.58012,"ce0565dc-b3ca-4318-a595-6709fc828707",5,19.44,51.91,0.0995,0.1707,0.1101,"LargeCentralMetro",0,0,0,0,0,"South West",1,"Bristol 054",61.6,1,216,133,1778,0.616,0.5191,0.1944,0.1944,1,0.384259259259259,83,118,1792,1792,0.720575537380732,0.599238285762186,0.859178282233605,-2,-1,0,1,"0.51 to 0.75","Significant Decrease","<0.01"
"E02006888","Bristol 055",NA,360906,173948,51.4631,-2.56413,"4a5e687e-0305-4f70-a3f4-811d88777926",5,48.85,46.7,0.1779,0.2806,0.1036,"LargeCentralMetro",0,0,0,0,0,"South West",1,"Bristol 055",29.9,1,174,52,970,0.299,0.467,0.4885,0.4885,1,0.701149425287356,122,95,1793,1793,1.24795361957211,1.0607891763243,1.45852703056906,1,1,0.996,6,"1.01 to 1.25","Significant Increase","0.80-1.00"
"E02006906","Broxtowe 016",NA,450290,341528,52.9688,-1.25264,"f89471e3-cea3-4691-ba2e-01d2bb906af7",6,17.39,50.07,0.0796,0.0198,0.036,"LargeCentralMetro",0,0,0,0,0,"East Midlands",10,"Broxtowe 016",50,1,230,115,1384,0.5,0.5007,0.1739,0.1739,10,0.5,115,125,1794,1794,0.927255827427857,0.787240479257481,1.08488951075813,-1,0,0.167,2,"0.76 to 0.99","Not Significant","0.01-0.20"
"E02006909","Hartlepool 014",NA,445052,531002,54.6721,-1.30295,"e83a7c02-6f5c-433a-9a9f-81d56c554a0d",8,31.02,47.35,0.0189,0.0024,0.0084,"LargeCentralMetro",0,0,0,0,0,"North East",6,"Hartlepool 014",48.2,1,274,132,1396,0.482,0.4735,0.3102,0.3102,6,0.518248175182482,142,149,1795,1795,0.98559911935901,0.849374853710227,1.13732467155856,-1,0,0.407,4,"0.76 to 0.99","Not Significant","0.40-0.59"
"E02006910","Redcar and Cleveland 022",NA,453660,519921,54.5717,-1.17151,"420720e2-6665-41ff-b9c4-9c421a699d5a",9,56.52,45.99,0.0332,0.0037,0.0227,"LargeCentralMetro",0,0,0,0,0,"North East",10,"Redcar and Cleveland 022",23.9,1,92,22,574,0.239,0.4599,0.5652,0.5652,10,0.760869565217391,70,50,1796,1796,1.46685834513423,1.20759597753414,1.76509948438796,2,1,1,6,"1.26 to 1.50","Significant Increase","0.80-1.00"
"E02006922","Colchester 022",NA,602246,226619,51.9014,0.938411,"183ec6f6-40bd-45a3-ad52-9887726b4e3a",8,40.3,49.94,0.0438,0.0325,0.0374,"LargeCentralMetro",0,0,0,0,0,"East of England",10,"Colchester 022",31.3,1,201,63,899,0.313,0.4994,0.403,0.403,10,0.686567164179104,138,110,1797,1797,1.26040947328027,1.0823151587486,1.4593083214434,2,1,0.999,6,"1.26 to 1.50","Significant Increase","0.80-1.00"
"E02006924","Redbridge 035",NA,542960,187626,51.5694,0.06137,"38804562-929c-4d25-b3eb-5ae335fbf45f",1,26.19,48.31,0.6485,0.059,0.0843,"LargeCentralMetro",0,0,0,0,0,"London",2,"Redbridge 035",76.2,1,168,128,1329,0.762,0.4831,0.2619,0.2619,2,0.238095238095238,40,92,1798,1798,0.573815722113819,0.461581040088135,0.704854452078504,-2,-1,0,1,"0.51 to 0.75","Significant Decrease","<0.01"
"E02006925","Redbridge 036",NA,542372,189246,51.5841,0.053548,"31e0fe40-8b29-4411-a474-60a8fb2a30ff",1,19.94,46.09,0.6686,0.043,0.0938,"LargeCentralMetro",0,0,0,0,0,"London",2,"Redbridge 036",58.7,1,351,206,2610,0.587,0.4609,0.1994,0.1994,2,0.413105413105413,145,191,1799,1799,0.759071926745354,0.653529795685726,0.876724962626403,-1,-1,0,1,"0.76 to 0.99","Significant Decrease","<0.01"
"E02006927","Greenwich 034",NA,540765,175168,51.458,0.02475,"552d629d-3ea0-48d9-9b4d-231ecf25f15a",3,32.08,44.68,0.1316,0.1537,0.0984,"LargeCentralMetro",0,0,0,0,0,"London",4,"Greenwich 034",43.4,1,265,115,2066,0.434,0.4468,0.3208,0.3208,4,0.566037735849057,150,145,1800,1800,1.01424280213283,0.874129996193037,1.1703319886779,1,0,0.56,4,"1.01 to 1.25","Not Significant","0.40-0.59"
"E02006935","St. Helens 024",NA,350811,393308,53.4343,-2.74186,"138b6a81-4550-4e63-92d2-e0d5974a9d6e",10,36.33,50.1,0.0167,0.006,0.0142,"LargeCentralMetro",0,0,0,0,0,"North West",7,"St. Helens 024",39.1,1,256,100,1451,0.391,0.501,0.3633,0.3633,7,0.609375,156,140,1801,1801,1.13575671849141,0.983517529283792,1.3047521308603,1,0,0.958,6,"1.01 to 1.25","Not Significant","0.80-1.00"
"E02006944","Sandwell 041",NA,403037,287580,52.4861,-1.9567,"f806e217-fdb6-478c-9aae-fdacffcd0c73",2,47.78,45.39,0.5287,0.1993,0.1297,"LargeCentralMetro",0,0,0,0,0,"West Midlands",4,"Sandwell 041",37,1,270,100,1518,0.37,0.4539,0.4778,0.4778,4,0.62962962962963,170,147,1802,1802,1.14064047060387,0.990834510471969,1.3065909620602,1,0,0.966,6,"1.01 to 1.25","Not Significant","0.80-1.00"
"E02006952","Bristol 061",NA,358597,172716,51.4519,-2.59723,"110ec737-bb52-43d8-b95c-29f385f55100",3,26.35,51.99,0.1418,0.0656,0.0886,"LargeCentralMetro",0,0,0,0,0,"South West",1,"Bristol 061",60.1,1,148,89,1183,0.601,0.5199,0.2635,0.2635,1,0.398648648648649,59,81,1803,1803,0.765291926029307,0.622987398794889,0.930278091573096,-1,-1,0.004,1,"0.76 to 0.99","Significant Decrease","<0.01"
"E02006961","Salford 035",NA,381041,397852,53.4771,-2.28712,"544dc637-ca28-4be3-a95d-49810fa5c69b",7,57.77,48.37,0.0764,0.1433,0.0852,"LargeCentralMetro",0,0,0,0,0,"North West",2,"Salford 035",26.7,1,206,55,1013,0.267,0.4837,0.5777,0.5777,2,0.733009708737864,151,112,1804,1804,1.3422565984166,1.15836835562517,1.54690653280799,2,1,1,6,"1.26 to 1.50","Significant Increase","0.80-1.00"
"E02006970","Ealing 043",NA,512254,179158,51.5002,-0.38417,"40e50862-cb8a-4e54-bfbd-131266a44f79",1,32.48,47.83,0.7434,0.0755,0.1202,"LargeCentralMetro",0,0,0,0,0,"London",2,"Ealing 043",48.9,1,274,134,1773,0.489,0.4783,0.3248,0.3248,2,0.510948905109489,140,149,1805,1805,0.92097347506233,0.790169959763346,1.06716137834505,-1,0,0.132,2,"0.76 to 0.99","Not Significant","0.01-0.20"
"E02006975","Portsmouth 027",NA,463734,100792,50.8032,-1.09691,"1e518899-585d-418d-80b5-0c123bacc3cd",4,43.07,50.02,0.1229,0.1088,0.0896,"LargeCentralMetro",0,0,0,0,0,"South East",1,"Portsmouth 027",55.22,2,404,223,2067,0.5522,0.5002,0.4307,0.4307,1,0.448019801980198,181,220,1806,1806,0.853403483567235,0.746312175704899,0.971438732970298,-1,-1,0.008,1,"0.76 to 0.99","Significant Decrease","<0.01"
"E02006980","Rochford 011",NA,583544,193177,51.6075,0.64925,"7212950b-19c6-4cf3-83b5-99e56517611b",2,14.13,48.36,0.0116,0.0048,0.0206,"LargeCentralMetro",0,0,0,0,0,"East of England",10,"Rochford 011",55.8,1,269,150,1613,0.558,0.4836,0.1413,0.1413,10,0.442379182156134,119,147,1807,1807,0.82922527068656,0.706242199008145,0.967360628108264,-1,-1,0.009,1,"0.76 to 0.99","Significant Decrease","<0.01"
"E02006994","Greenwich 042",NA,541576,178928,51.4916,0.037921,"84c501c5-049e-400e-bab8-7f3da5c2b5a8",2,51.05,41.92,0.1704,0.3095,0.1059,"LargeCentralMetro",0,0,0,0,0,"London",3,"Greenwich 042",23.8,1,143,34,854,0.238,0.4192,0.5105,0.5105,3,0.762237762237762,109,78,1808,1808,1.33592899596373,1.12589875754172,1.57368129940061,2,1,1,6,"1.26 to 1.50","Significant Increase","0.80-1.00"
"E02007002","Rotherham 034",NA,446671,390118,53.4058,-1.29944,"75fd4c3c-98c7-4fb8-b729-a9780a1e0695",8,17.74,50.25,0.0417,0.0071,0.0199,"LargeCentralMetro",0,0,0,0,0,"Yorkshire and the Humber",8,"Rotherham 034",55.7,1,327,182,2002,0.557,0.5025,0.1774,0.1774,8,0.443425076452599,145,178,1809,1809,0.842266253719257,0.726768202967769,0.970791483279899,-1,-1,0.009,1,"0.76 to 0.99","Significant Decrease","<0.01"
"E02007007","Dorset 032",NA,367603,90397,50.7123,-2.46021,"5e2a8189-d5d5-4be1-9266-787ee0ba56f6",7,17.77,53.39,0.0385,0.0078,0.0214,"LargeFringeMetro",1,0,0,0,0,"South West",3,"Dorset 032",49.9,1,439,219,2051,0.499,0.5339,0.1777,0.1777,3,0.501138952164009,220,239,1810,1810,0.926993664125287,0.81821662184075,1.04611440523655,-1,0,0.107,2,"0.76 to 0.99","Not Significant","0.01-0.20"
"E02007015","Milton Keynes 036",NA,480152,237753,52.0324,-0.83303,"e0323d84-3283-4918-a3a5-85e1444531b7",2,19.92,51.01,0.161,0.101,0.0697,"LargeCentralMetro",0,0,0,0,0,"South East",8,"Milton Keynes 036",41.9,1,246,103,1590,0.419,0.5101,0.1992,0.1992,8,0.58130081300813,143,134,1811,1811,1.0267938660866,0.881297526768908,1.18937102785844,1,0,0.62,5,"1.01 to 1.25","Not Significant","0.60-0.79"
"E02007022","County Durham 067",NA,394429,521562,54.5892,-2.08773,"e5f96ce7-ce9e-4027-b457-9a161a23bf70",7,22.5,48.77,0.0064,0.006,0.0116,"MediumMetro",0,1,0,0,0,"North East",3,"County Durham 067",49.2,1,120,59,691,0.492,0.4877,0.225,0.225,3,0.508333333333333,61,65,1812,1812,0.942050200269709,0.76592932992054,1.14647773705625,-1,0,0.263,3,"0.76 to 0.99","Not Significant","0.20-0.39"
"E02007023","Wiltshire 063",NA,386404,151695,51.2642,-2.19624,"a5fb5d23-e1cc-4946-ba9f-42bfe803a0a4",4,25.55,49.46,0.0144,0.0076,0.018,"LargeFringeMetro",1,0,0,0,0,"South West",4,"Wiltshire 063",43.1,1,137,59,926,0.431,0.4946,0.2555,0.2555,4,0.569343065693431,78,75,1813,1813,1.04561554327895,0.864738117929636,1.25306528144242,1,0,0.664,5,"1.01 to 1.25","Not Significant","0.60-0.79"
"E02007025","Wiltshire 065",NA,425450,150435,51.2525,-1.63671,"10ac89e1-9786-4b3e-b0bc-2edaec9f8261",5,13.51,50.82,0.0353,0.0437,0.0345,"Noncore",0,0,0,0,1,"South West",10,"Wiltshire 065",33.5,1,185,62,1155,0.335,0.5082,0.1351,0.1351,10,0.664864864864865,123,101,1814,1814,1.15367096082561,0.978851903164816,1.35062936514433,1,0,0.955,6,"1.01 to 1.25","Not Significant","0.80-1.00"
"E02007027","East Devon 021",NA,296846,97450,50.7674,-3.46414,"c298db48-eda9-462a-bfe0-6846e1430feb",5,22.47,47.12,0.0114,0.0032,0.021,"MediumMetro",0,1,0,0,0,"South West",10,"East Devon 021",40.4,1,178,72,936,0.404,0.4712,0.2247,0.2247,10,0.595505617977528,106,97,1815,1815,1.07155203186423,0.903144161643679,1.26215968889265,1,0,0.778,5,"1.01 to 1.25","Not Significant","0.60-0.79"
"E02007029","Derbyshire Dales 011",NA,420101,365216,53.1837,-1.70066,"f661bd96-b97d-4f99-b1fe-2e06875ae150",6,15.65,52.14,0.0041,0.0014,0.0093,"MediumMetro",0,1,0,0,0,"East Midlands",8,"Derbyshire Dales 011",55.2,1,230,127,1400,0.552,0.5214,0.1565,0.1565,8,0.447826086956522,103,125,1816,1816,0.848606212428115,0.71617568351597,0.998315433691666,-1,-1,0.024,2,"0.76 to 0.99","Significant Decrease","0.01-0.20"
"E02007035","Tewkesbury 011",NA,396597,227279,51.944,-2.05091,"d029823e-86eb-4fe4-905f-bbaf20776cfd",4,14.44,48.11,0.0178,0.0043,0.0182,"LargeCentralMetro",0,0,0,0,0,"South West",10,"Tewkesbury 011",52.7,1,277,146,1848,0.527,0.4811,0.1444,0.1444,10,0.472924187725632,131,151,1817,1817,0.879607356767544,0.75328711622325,1.0209462818724,-1,0,0.045,2,"0.76 to 0.99","Not Significant","0.01-0.20"
"E02007039","Birmingham 142",NA,410384,284031,52.4542,-1.84862,"08e7701b-b26a-42ca-b2a4-7953a56b16b9",3,70.55,42.64,0.756,0.049,0.09,"LargeCentralMetro",0,0,0,0,0,"West Midlands",3,"Birmingham 142",42.3,1,163,69,870,0.423,0.4264,0.7055,0.7055,3,0.576687116564417,94,89,1818,1818,1.15058792589284,0.968335928028726,1.35695753140674,1,0,0.944,6,"1.01 to 1.25","Not Significant","0.80-1.00"
"E02007041","Craven 009",NA,396830,463986,54.0718,-2.04994,"202564a7-459c-48e8-8ed0-262350e259cd",5,19.88,49.76,0.0069,0.0021,0.0107,"LargeFringeMetro",1,0,0,0,0,"Yorkshire and the Humber",6,"Craven 009",43.95,2,166,73,1021,0.4395,0.4976,0.1988,0.1988,6,0.560240963855422,93,91,1819,1819,1.02594544286726,0.858566916145853,1.21632057980188,1,0,0.596,4,"1.01 to 1.25","Not Significant","0.40-0.59"
"E02007045","Ryedale 010",NA,479491,470324,54.1227,-0.78525,"05a77aa3-8042-4782-9e90-b38e033c6019",4,27.07,51.01,0.007,0.0013,0.0157,"LargeFringeMetro",1,0,0,0,0,"Yorkshire and the Humber",4,"Ryedale 010",36.1,1,133,48,692,0.361,0.5101,0.2707,0.2707,4,0.639097744360902,85,73,1820,1820,1.13988914750083,0.946504969716251,1.36108703203915,1,0,0.914,6,"1.01 to 1.25","Not Significant","0.80-1.00"
"E02007053","Norwich 017",NA,623058,308378,52.6273,1.29441,"5be902ca-1c30-4ae9-a145-3427d4a9914d",7,19.95,55.59,0.0788,0.0268,0.0597,"LargeCentralMetro",0,0,0,0,0,"East of England",3,"Norwich 017",67,2,391,262,2673,0.67,0.5559,0.1995,0.1995,3,0.329923273657289,129,213,1821,1821,0.650732988452724,0.558714804108054,0.753467172663248,-2,-1,0,1,"0.51 to 0.75","Significant Decrease","<0.01"
"E02007054","South Norfolk 016",NA,615714,311969,52.6625,1.18843,"b215269b-bc55-4cdd-9b3b-5d514bd24c20",5,26.13,51.66,0.0539,0.0293,0.0349,"LargeCentralMetro",0,0,0,0,0,"East of England",7,"South Norfolk 016",44.6,1,222,99,1477,0.446,0.5166,0.2613,0.2613,7,0.554054054054054,123,121,1822,1822,1.01502568919922,0.864993299036957,1.18349721205215,1,0,0.557,4,"1.01 to 1.25","Not Significant","0.40-0.59"
"E02007059","Hartlepool 015",NA,449250,532556,54.6857,-1.2376,"be995c71-3c28-466c-9e48-46f693b2436d",9,49.73,50.75,0.038,0.0096,0.0236,"LargeCentralMetro",0,0,0,0,0,"North East",10,"Hartlepool 015",49.7,1,185,92,995,0.497,0.5075,0.4973,0.4973,10,0.502702702702703,93,101,1823,1823,1.04102157187122,0.877968189270242,1.22532786290984,1,0,0.666,5,"1.01 to 1.25","Not Significant","0.60-0.79"
"E02007062","Stockton-on-Tees 027",NA,444144,514164,54.5209,-1.31955,"5dbc4403-5deb-45bf-9ac8-5b1a48db2567",7,31.07,50.9,0.0618,0.0085,0.0324,"LargeCentralMetro",0,0,0,0,0,"North East",5,"Stockton-on-Tees 027",68.4,1,177,121,892,0.684,0.509,0.3107,0.3107,5,0.31638418079096,56,97,1824,1824,0.716544396514871,0.587673627143594,0.865018940581225,-2,-1,0,1,"0.51 to 0.75","Significant Decrease","<0.01"
"E02007066","South Gloucestershire 035",NA,361909,178463,51.5038,-2.55019,"692117eb-dfd3-47cf-beab-f5f6e9b045e4",4,22.75,45.54,0.1188,0.0424,0.0758,"LargeCentralMetro",0,0,0,0,0,"South West",8,"South Gloucestershire 035",45.5,1,189,86,1267,0.455,0.4554,0.2275,0.2275,8,0.544973544973545,103,103,1825,1825,0.976053080990548,0.820995989681068,1.15180326909856,-1,0,0.372,3,"0.76 to 0.99","Not Significant","0.20-0.39"
"E02007078","Test Valley 018",NA,437143,145049,51.2034,-1.46972,"c0942b50-cad5-4857-9c52-517d2058cf83",9,37.85,51.12,0.0396,0.0108,0.0242,"LargeCentralMetro",0,0,0,0,0,"South East",10,"Test Valley 018",26,1,177,46,1031,0.26,0.5112,0.3785,0.3785,10,0.740112994350282,131,97,1826,1826,1.33623623269065,1.1425512547319,1.55321932436079,2,1,1,6,"1.26 to 1.50","Significant Increase","0.80-1.00"
"E02007090","St Albans 021",NA,519357,206880,51.7479,-0.27245,"713844ee-dfc0-4cfd-956c-ede1ca99fe36",3,16.57,39.93,0.0689,0.0233,0.0624,"LargeCentralMetro",0,0,0,0,0,"East of England",8,"St Albans 021",64.6,1,175,113,1097,0.646,0.3993,0.1657,0.1657,8,0.354285714285714,62,95,1827,1827,0.715360975860395,0.585933687778228,0.864732226890564,-2,-1,0,1,"0.51 to 0.75","Significant Decrease","<0.01"
"E02007091","Stevenage 013",NA,526177,225318,51.9121,-0.16699,"65a26ebe-6dbe-4dc3-9896-da3c01b3cc95",3,15.25,51.07,0.0551,0.0447,0.0368,"LargeCentralMetro",0,0,0,0,0,"East of England",10,"Stevenage 013",46.6,1,236,110,1490,0.466,0.5107,0.1525,0.1525,10,0.533898305084746,126,129,1828,1828,0.960428121610594,0.818864501786111,1.11934651463952,-1,0,0.292,3,"0.76 to 0.99","Not Significant","0.20-0.39"
"E02007116","Oxford 019",NA,454170,205029,51.7414,-1.21684,"5345afce-0fd4-40fd-abd6-776ba82b66cf",4,26.51,48.85,0.2452,0.0447,0.0939,"LargeCentralMetro",0,0,0,0,0,"South East",1,"Oxford 019",49.8,1,215,107,1306,0.498,0.4885,0.2651,0.2651,1,0.502325581395349,108,117,1829,1829,0.901013733358511,0.760221177472335,1.06024739561215,-1,0,0.101,2,"0.76 to 0.99","Not Significant","0.01-0.20"
