"MSOA21CD","MSOA21NM","MSOA21NMW","BNG_E","BNG_N","LAT","LONG","GlobalID","SAMHI","PercentOfStudentReceivingFreeSchoolMeals","PercentFemale","AsianPopulationRate","BlackPopulationRate","OtherRacePopulationRate","UrbanRuralClass","LargeFringeMetro","MediumMetro","SmallMetro","Micropolitan","Noncore","GOR","BordaAccessibilityDecile","MSOA (name)","MSOA_GCSE_Mean","MSOA_SchoolCount","TotalPupils_GCSE","TotalAchievers","MSOA_TotalPupils","RateofStudentAchievers","RateOFFemaleStudents","RateOfStudentReceivingFreeSchoolMeals","FSMRate","YPAccessibilityDecile","RateOfStudentUnderAchievers","Grade5Underperformance","Expected","id_area_structured","id_area_unstructured","RR","LL","UL","RelativeRiskCat","Significance","ExceedProb","ProbCat","RiskCategoryLabelMapA","SignificanceLabelMapB","ProbCategoryLabelMapC"
"E02000003","Barking and Dagenham 002",NA,548259,188520,51.5761,0.138149,"62ded9d9-f53a-454d-af35-04404d9dbe9b",2,36.76,47.29,0.3495,0.1561,0.0879,"LargeCentralMetro",0,0,0,0,0,"London",2,"Barking and Dagenham 002",45,1,185,83,1199,0.45,0.4729,0.3676,0.3676,2,0.551351351351351,102,105,1,1,0.975149534499258,0.826984306603724,1.14209212827756,-1,0,0.364,3,"0.76 to 0.99","Not Significant","0.20-0.39"
"E02000007","Barking and Dagenham 006",NA,549698,186609,51.5585,0.158087,"a33c6add-d70a-4737-ade5-3460d7016ca1",3,22.91,46,0.1467,0.2614,0.0817,"LargeCentralMetro",0,0,0,0,0,"London",4,"Barking and Dagenham 006",58,1,179,104,1276,0.58,0.46,0.2291,0.2291,4,0.418994413407821,75,102,2,2,0.801233004195259,0.670206483781877,0.950208846746111,-1,-1,0.006,1,"0.76 to 0.99","Significant Decrease","<0.01"
"E02000012","Barking and Dagenham 011",NA,545549,184914,51.5444,0.097578,"ccc82abf-d69f-4095-89cf-1fa29223dca8",1,29.78,50.3,0.5876,0.0897,0.064,"LargeCentralMetro",0,0,0,0,0,"London",5,"Barking and Dagenham 011",49,1,272,133,1972,0.49,0.503,0.2978,0.2978,5,0.511029411764706,139,154,3,3,0.913081694927168,0.788499341145197,1.05165083796612,-1,0,0.101,2,"0.76 to 0.99","Not Significant","0.01-0.20"
"E02000021","Barking and Dagenham 020",NA,549348,182750,51.5239,0.151407,"43ba9b8d-74f4-4c1b-9651-19819236eaee",2,40.87,50,0.1844,0.2827,0.0781,"LargeCentralMetro",0,0,0,0,0,"London",3,"Barking and Dagenham 020",36,1,208,75,1250,0.36,0.5,0.4087,0.4087,3,0.639423076923077,133,118,4,4,1.11580933183187,0.959786818249452,1.28986095208399,1,0,0.921,6,"1.01 to 1.25","Not Significant","0.80-1.00"
"E02000023","Barking and Dagenham 022",NA,546590,183107,51.5279,0.111828,"b3575ebe-2672-4560-a584-a5e4ea9211f1",2,40.67,50.19,0.2141,0.372,0.0892,"LargeCentralMetro",0,0,0,0,0,"London",3,"Barking and Dagenham 022",41.11,2,327,134,2064,0.4111,0.5019,0.4067,0.4067,3,0.590214067278288,193,185,5,5,1.05132810472964,0.92385815881543,1.19135887357839,1,0,0.77,5,"1.01 to 1.25","Not Significant","0.60-0.79"
"E02000025","Barnet 002",NA,526350,196719,51.6551,-0.17488,"949ce95b-238f-4e59-ac0f-abacd3475f46",2,9.52,45.43,0.1121,0.0735,0.112,"LargeCentralMetro",0,0,0,0,0,"London",7,"Barnet 002",51,1,189,96,1226,0.51,0.4543,0.0952,0.0952,7,0.492063492063492,93,107,6,6,0.822596950852306,0.691506201734475,0.971286903321804,-1,-1,0.011,2,"0.76 to 0.99","Significant Decrease","0.01-0.20"
"E02000026","Barnet 003",NA,527705,196159,51.6497,-0.15551,"13c64bb5-060d-4a66-9c07-eb16129bad71",2,21.63,42.67,0.1255,0.0415,0.136,"LargeCentralMetro",0,0,0,0,0,"London",6,"Barnet 003",48,1,208,100,1399,0.48,0.4267,0.2163,0.2163,6,0.519230769230769,108,118,7,7,0.874428106541714,0.741866832425864,1.02380047762011,-1,0,0.047,2,"0.76 to 0.99","Not Significant","0.01-0.20"
"E02000030","Barnet 007",NA,522859,195100,51.6413,-0.22589,"53268035-c44f-4c82-81a9-c930644b235a",2,29.92,50,0.19,0.0522,0.1073,"LargeCentralMetro",0,0,0,0,0,"London",4,"Barnet 007",66,2,244,161,1680,0.66,0.5,0.2992,0.2992,4,0.34016393442623,83,138,8,8,0.682195936127636,0.575674385034176,0.802515032177736,-2,-1,0,1,"0.51 to 0.75","Significant Decrease","<0.01"
"E02000032","Barnet 009",NA,528801,194138,51.6313,-0.14042,"bd08965b-cf54-48da-8632-f3c0a7fb74da",1,15.7,51.34,0.2088,0.0357,0.1668,"LargeCentralMetro",0,0,0,0,0,"London",3,"Barnet 009",77,1,223,172,1564,0.77,0.5134,0.157,0.157,3,0.228699551569507,51,126,9,9,0.50100976177966,0.412719272118379,0.602382973115938,-2,-1,0,1,"0.51 to 0.75","Significant Decrease","<0.01"
"E02000038","Barnet 015",NA,527744,192433,51.6162,-0.1563,"3690c44c-bfc9-4c80-8065-5473895a8994",3,55.26,48.04,0.1847,0.0727,0.142,"LargeCentralMetro",0,0,0,0,0,"London",2,"Barnet 015",32,1,152,49,766,0.32,0.4804,0.5526,0.5526,2,0.677631578947368,103,86,10,10,1.14965445251972,0.972900603843818,1.349173868835,1,0,0.948,6,"1.01 to 1.25","Not Significant","0.80-1.00"
"E02000045","Barnet 022",NA,528270,191198,51.605,-0.14916,"e601d54c-5393-4097-9dd1-3ac98d76ab03",1,34.83,52,0.1472,0.1006,0.1548,"LargeCentralMetro",0,0,0,0,0,"London",1,"Barnet 022",64,1,201,129,1250,0.64,0.52,0.3483,0.3483,1,0.358208955223881,72,114,11,11,0.692309313543583,0.578163201488337,0.82223239426164,-2,-1,0,1,"0.51 to 0.75","Significant Decrease","<0.01"
"E02000048","Barnet 025",NA,523619,190738,51.6019,-0.21645,"9b285b12-52b5-497c-a060-6695470e24b5",1,14,47.11,0.1865,0.0708,0.1741,"LargeCentralMetro",0,0,0,0,0,"London",1,"Barnet 025",73,1,150,110,1142,0.73,0.4711,0.14,0.14,1,0.266666666666667,40,85,12,12,0.549524300434493,0.44514612217582,0.670855690377887,-2,-1,0,1,"0.51 to 0.75","Significant Decrease","<0.01"
"E02000049","Barnet 026",NA,521567,190755,51.6025,-0.24605,"5705d21a-e8fb-44f4-9a6a-a187b85334cd",2,34.46,49.77,0.2238,0.2365,0.1761,"LargeCentralMetro",0,0,0,0,0,"London",2,"Barnet 026",45,1,177,80,1083,0.45,0.4977,0.3446,0.3446,2,0.548022598870056,97,100,13,13,0.919859762196049,0.775107297777934,1.08376505034576,-1,0,0.153,2,"0.76 to 0.99","Not Significant","0.01-0.20"
"E02000052","Barnet 029",NA,526967,189648,51.5914,-0.16853,"06e97bbd-90e6-4608-a976-65958d509ecb",1,47.66,49.07,0.1292,0.0598,0.1315,"LargeCentralMetro",0,0,0,0,0,"London",1,"Barnet 029",47,2,107,50,1294,0.47,0.4907,0.4766,0.4766,1,0.532710280373832,57,61,14,14,0.943307563786131,0.773568161262244,1.13913219926103,-1,0,0.26,3,"0.76 to 0.99","Not Significant","0.20-0.39"
"E02000055","Barnet 032",NA,523213,189171,51.5879,-0.22285,"3071dd8c-c524-412e-a7de-f0347c9b08b1",2,36.46,44.95,0.1576,0.0764,0.1606,"LargeCentralMetro",0,0,0,0,0,"London",1,"Barnet 032",48,1,192,92,1199,0.48,0.4495,0.3646,0.3646,1,0.520833333333333,100,109,15,15,0.889752916455662,0.752147518540441,1.04518987626483,-1,0,0.075,2,"0.76 to 0.99","Not Significant","0.01-0.20"
"E02000062","Barnet 039",NA,523299,187266,51.5708,-0.22228,"37db878f-67fe-4357-833b-0e14762c9caa",2,55.24,43.59,0.2081,0.1387,0.2289,"LargeCentralMetro",0,0,0,0,0,"London",2,"Barnet 039",39,1,143,56,780,0.39,0.4359,0.5524,0.5524,2,0.608391608391608,87,81,16,16,1.013224644072,0.84775270775089,1.20154053961996,1,0,0.54,4,"1.01 to 1.25","Not Significant","0.40-0.59"
"E02000069","Bexley 005",NA,550013,178199,51.4829,0.159051,"673e99b4-62e0-4891-8714-e38e1221ff49",4,19.41,48.06,0.1253,0.1918,0.0696,"LargeCentralMetro",0,0,0,0,0,"London",6,"Bexley 005",43,1,170,73,1055,0.43,0.4806,0.1941,0.1941,6,0.570588235294118,97,96,17,17,0.980445659699432,0.827320531502484,1.15363311754036,-1,0,0.391,3,"0.76 to 0.99","Not Significant","0.20-0.39"
"E02000077","Bexley 013",NA,547045,176511,51.4685,0.115636,"c5c2174b-fd0c-46c0-b9fe-b84dc7bdee08",2,37.7,50.58,0.166,0.0662,0.0702,"LargeCentralMetro",0,0,0,0,0,"London",7,"Bexley 013",13,1,252,33,1459,0.13,0.5058,0.377,0.377,7,0.869047619047619,219,143,18,18,1.42855871537865,1.25920300271247,1.61427358031746,2,1,1,6,"1.26 to 1.50","Significant Increase","0.80-1.00"
"E02000079","Bexley 015",NA,548807,175389,51.4579,0.140512,"f9f7e283-fba2-4d2f-b51b-e242b020f830",4,33.7,48.07,0.1271,0.0528,0.0573,"LargeCentralMetro",0,0,0,0,0,"London",3,"Bexley 015",28,1,276,77,1631,0.28,0.4807,0.337,0.337,3,0.721014492753623,199,157,19,19,1.21482315595465,1.06701969099893,1.37729897064331,1,1,0.998,6,"1.01 to 1.25","Significant Increase","0.80-1.00"
"E02000081","Bexley 017",NA,550310,174780,51.4521,0.16187,"0efa6a1f-7822-43bf-a995-fedac32129ad",4,20.13,61.76,0.0964,0.0665,0.0517,"LargeCentralMetro",0,0,0,0,0,"London",5,"Bexley 017",49.24,2,318,157,1700,0.4924,0.6176,0.2013,0.2013,5,0.506289308176101,161,180,20,20,0.890449187566011,0.774768438355718,1.01844314433834,-1,0,0.044,2,"0.76 to 0.99","Not Significant","0.01-0.20"
"E02000082","Bexley 018",NA,545439,174980,51.4551,0.091902,"dbec1e5d-45b9-4313-ad8d-db9b9d0d4cf1",1,17.65,46.24,0.1065,0.0613,0.0631,"LargeCentralMetro",0,0,0,0,0,"London",5,"Bexley 018",51,1,170,87,1090,0.51,0.4624,0.1765,0.1765,5,0.488235294117647,83,96,21,21,0.857886378962744,0.718487200578698,1.01636253058839,-1,0,0.038,2,"0.76 to 0.99","Not Significant","0.01-0.20"
"E02000083","Bexley 019",NA,551768,174981,51.4535,0.182924,"896b654b-be6b-4489-bce7-441a824f5744",4,23.95,47.9,0.0706,0.1017,0.0579,"LargeCentralMetro",0,0,0,0,0,"London",5,"Bexley 019",41,1,167,68,1618,0.41,0.479,0.2395,0.2395,5,0.592814371257485,99,95,22,22,1.01202695039225,0.855249420877449,1.189157329134,1,0,0.539,4,"1.01 to 1.25","Not Significant","0.40-0.59"
"E02000085","Bexley 021",NA,546895,174317,51.4488,0.112567,"dc785a56-a2a2-49a4-af65-c3636dd4cdf8",2,15.87,92.29,0.077,0.0436,0.0426,"LargeCentralMetro",0,0,0,0,0,"London",6,"Bexley 021",38,1,189,72,1336,0.38,0.9229,0.1587,0.1587,6,0.619047619047619,117,107,23,23,0.981531493724267,0.832677073717316,1.14932457067812,-1,0,0.393,3,"0.76 to 0.99","Not Significant","0.20-0.39"
"E02000091","Bexley 027",NA,546953,171748,51.4257,0.112335,"0537f52d-2303-4cba-a3a9-45e4fb17f916",4,25.35,43.94,0.0729,0.0465,0.0538,"LargeCentralMetro",0,0,0,0,0,"London",4,"Bexley 027",43,1,142,61,867,0.43,0.4394,0.2535,0.2535,4,0.570422535211268,81,81,24,24,0.985449269758927,0.823854813803456,1.16940075306322,-1,0,0.416,4,"0.76 to 0.99","Not Significant","0.40-0.59"
"E02000095","Brent 003",NA,519175,188738,51.5849,-0.28126,"00f46769-ca74-411f-b4e7-0e06254d7ee0",1,22.64,47.45,0.4764,0.0769,0.1114,"LargeCentralMetro",0,0,0,0,0,"London",2,"Brent 003",53.63,2,561,301,3587,0.5363,0.4745,0.2264,0.2264,2,0.463458110516934,260,318,25,25,0.812998264567927,0.725289701754152,0.908321946251959,-1,-1,0,1,"0.76 to 0.99","Significant Decrease","<0.01"
"E02000096","Brent 004",NA,517611,188187,51.5803,-0.30401,"70c7f7f5-5c08-4825-98fa-a9a0f8f7cccd",1,28.31,42.88,0.5579,0.0334,0.0954,"LargeCentralMetro",0,0,0,0,0,"London",2,"Brent 004",58,1,166,96,1096,0.58,0.4288,0.2831,0.2831,2,0.421686746987952,70,94,26,26,0.787965104163503,0.65562238278702,0.939041026938286,-1,-1,0.004,1,"0.76 to 0.99","Significant Decrease","<0.01"
"E02000098","Brent 006",NA,518847,187564,51.5744,-0.28639,"890fa9a0-89e0-4643-949c-7b62e61b1bca",3,1.05,48.48,0.3535,0.1349,0.1844,"LargeCentralMetro",0,0,0,0,0,"London",6,"Brent 006",77,1,286,220,1945,0.77,0.4848,0.0105,0.0105,6,0.230769230769231,66,162,27,27,0.47341941346013,0.39439023906671,0.563486157196928,-3,-1,0,1,"0.26 to 0.5","Significant Decrease","<0.01"
"E02000103","Brent 011",NA,522543,186528,51.5643,-0.23344,"22c6d364-9cd0-4552-af48-db492fb8fa06",1,37.18,64.96,0.1947,0.2132,0.2285,"LargeCentralMetro",0,0,0,0,0,"London",3,"Brent 011",46.88,2,234,110,1347,0.4688,0.6496,0.3718,0.3718,3,0.52991452991453,124,133,28,28,0.868846716628774,0.74162135661052,1.01160751835108,-1,0,0.035,2,"0.76 to 0.99","Not Significant","0.01-0.20"
"E02000105","Brent 013",NA,517090,185785,51.5588,-0.31233,"b0fefc8e-590e-4b1f-a243-caf9f7b6e110",1,27.27,49.25,0.4984,0.1327,0.1146,"LargeCentralMetro",0,0,0,0,0,"London",2,"Brent 013",77,1,209,161,1535,0.77,0.4925,0.2727,0.2727,2,0.229665071770335,48,119,29,29,0.556719566340357,0.459926106191371,0.667532117389198,-2,-1,0,1,"0.51 to 0.75","Significant Decrease","<0.01"
"E02000112","Brent 020",NA,519017,184703,51.5487,-0.28491,"9de3d0e1-ee2e-4766-8064-d87191691aa6",1,32.92,47.12,0.5689,0.1388,0.0927,"LargeCentralMetro",0,0,0,0,0,"London",1,"Brent 020",21,1,161,34,885,0.21,0.4712,0.3292,0.3292,1,0.788819875776398,127,91,30,30,1.2381397638304,1.05574197604872,1.44301616281878,1,1,0.996,6,"1.01 to 1.25","Significant Increase","0.80-1.00"
"E02000116","Brent 024",NA,522336,184447,51.5457,-0.23715,"f9b9b59d-9b2c-4cc1-81bb-01e10dc588c8",3,49.2,47.39,0.2062,0.2123,0.2278,"LargeCentralMetro",0,0,0,0,0,"London",1,"Brent 024",36,1,187,67,1167,0.36,0.4739,0.492,0.492,1,0.641711229946524,120,106,31,31,1.05018703365597,0.894680738572223,1.22492959509422,1,0,0.715,5,"1.01 to 1.25","Not Significant","0.60-0.79"
"E02000121","Brent 029",NA,517883,183622,51.5392,-0.30162,"5744db35-dbe9-41f5-a62f-c3010e9b99a2",1,25.82,48.65,0.6418,0.1072,0.1048,"LargeCentralMetro",0,0,0,0,0,"London",1,"Brent 029",38,1,213,81,1408,0.38,0.4865,0.2582,0.2582,1,0.619718309859155,132,121,32,32,1.01091762960398,0.86604419551169,1.17306828361855,1,0,0.54,4,"1.01 to 1.25","Not Significant","0.40-0.59"
"E02000122","Brent 030",NA,523579,183869,51.5402,-0.21944,"dc89a727-e2d6-47fb-9345-a007a7bafa0c",2,36.14,46.06,0.1533,0.0985,0.1768,"LargeCentralMetro",0,0,0,0,0,"London",1,"Brent 030",55,1,202,111,1270,0.55,0.4606,0.3614,0.3614,1,0.45049504950495,91,115,33,33,0.796731895937171,0.671161515276421,0.938884938960977,-1,-1,0.003,1,"0.76 to 0.99","Significant Decrease","<0.01"
"E02000123","Brent 031",NA,521657,183446,51.5368,-0.24728,"0aa93b57-8f2e-4538-847c-2977eef8606a",2,36.33,57.09,0.1381,0.3063,0.1737,"LargeCentralMetro",0,0,0,0,0,"London",1,"Brent 031",35.09,2,289,101,1720,0.3509,0.5709,0.3633,0.3633,1,0.650519031141868,188,164,34,34,1.07510290559619,0.940036384751797,1.22407261436186,1,0,0.851,6,"1.01 to 1.25","Not Significant","0.80-1.00"
"E02000133","Bromley 007",NA,543153,169926,51.4103,0.05698,"f8a3a241-1a37-4a0e-b36d-4f777b079104",2,21.07,68.63,0.097,0.0374,0.0707,"LargeCentralMetro",0,0,0,0,0,"London",5,"Bromley 007",47.41,2,413,196,3089,0.4741,0.6863,0.2107,0.2107,5,0.525423728813559,217,234,35,35,0.904760217184825,0.7989817498924,1.02057772010882,-1,0,0.051,2,"0.76 to 0.99","Not Significant","0.01-0.20"
"E02000138","Bromley 012",NA,538069,169443,51.4072,-0.01626,"79fbf68a-1502-4e30-9fbc-84fab455d980",2,43.83,26.96,0.0679,0.0483,0.0802,"LargeCentralMetro",0,0,0,0,0,"London",2,"Bromley 012",38,1,162,62,1031,0.38,0.2696,0.4383,0.4383,2,0.617283950617284,100,92,36,36,1.09407985404736,0.926731123812528,1.28279654713248,1,0,0.851,6,"1.01 to 1.25","Not Significant","0.80-1.00"
"E02000146","Bromley 020",NA,541313,168006,51.3935,0.029778,"3effea76-bd26-4c5d-8b27-d0b0360f72dd",4,30,42.38,0.0917,0.058,0.0825,"LargeCentralMetro",0,0,0,0,0,"London",2,"Bromley 020",35,1,200,70,1477,0.35,0.4238,0.3,0.3,2,0.65,130,113,37,37,1.09130891052185,0.9355812677374,1.26549843157449,1,0,0.863,6,"1.01 to 1.25","Not Significant","0.80-1.00"
"E02000150","Bromley 024",NA,537212,167300,51.3882,-0.0294,"6f6966ae-43d9-4ea7-88ca-36e98ac412b8",3,8.6,46.83,0.0627,0.0737,0.0839,"LargeCentralMetro",0,0,0,0,0,"London",5,"Bromley 024",59.91,2,442,265,3434,0.5991,0.4683,0.086,0.086,5,0.400452488687783,177,251,38,38,0.716846503651244,0.627664381079901,0.815063039781944,-2,-1,0,1,"0.51 to 0.75","Significant Decrease","<0.01"
"E02000152","Bromley 026",NA,542081,166810,51.3826,0.040332,"2222f7c8-4f36-47ca-813a-80cf33c9c297",4,23.3,48.89,0.0829,0.0901,0.0955,"LargeCentralMetro",0,0,0,0,0,"London",3,"Bromley 026",39,1,176,69,1172,0.39,0.4889,0.233,0.233,3,0.607954545454545,107,100,39,39,1.00004346424436,0.847051119579264,1.17266420965699,0,0,0.483,4,"1.00-1.009 (null value)","Not Significant","0.40-0.59"
"E02000158","Bromley 032",NA,547218,165445,51.369,0.113532,"0293700b-309d-4c97-8662-364e3e488b77",3,34.55,51.54,0.0959,0.0978,0.0603,"LargeCentralMetro",0,0,0,0,0,"London",4,"Bromley 032",35,1,165,58,941,0.35,0.5154,0.3455,0.3455,4,0.648484848484848,107,94,40,40,1.09953551777274,0.933140508431639,1.28697655837634,1,0,0.867,6,"1.01 to 1.25","Not Significant","0.80-1.00"
"E02000160","Bromley 034",NA,540010,164924,51.3661,0.00985,"e7f8e953-0230-42f3-b04c-51dd1e9a9488",4,6.75,49.22,0.0414,0.0274,0.0588,"LargeCentralMetro",0,0,0,0,0,"London",7,"Bromley 034",53,1,237,126,1662,0.53,0.4922,0.0675,0.0675,7,0.468354430379747,111,134,41,41,0.818604521573275,0.697127474436052,0.955088601365476,-1,-1,0.006,1,"0.76 to 0.99","Significant Decrease","<0.01"
"E02000162","Bromley 036",NA,544284,162800,51.346,0.070342,"c349516f-0297-41a5-9c22-8757a9149fb8",4,13.57,55.35,0.0894,0.0409,0.0435,"LargeCentralMetro",0,0,0,0,0,"London",7,"Bromley 036",46,1,258,119,1700,0.46,0.5535,0.1357,0.1357,7,0.538759689922481,139,146,42,42,0.928727165317893,0.800531539085478,1.07154056197497,-1,0,0.151,2,"0.76 to 0.99","Not Significant","0.01-0.20"
"E02000166","Camden 001",NA,528094,186523,51.563,-0.1534,"b59c0a98-9665-4b86-9359-f94785c50b3c",4,57.44,55.58,0.0679,0.0717,0.1293,"LargeCentralMetro",0,0,0,0,0,"London",2,"Camden 001",54.21,2,289,157,1909,0.5421,0.5558,0.5744,0.5744,2,0.456747404844291,132,164,43,43,0.868337311301317,0.750366158765162,0.999418424857147,-1,-1,0.024,2,"0.76 to 0.99","Significant Decrease","0.01-0.20"
"E02000168","Camden 003",NA,528869,185775,51.5561,-0.1425,"75855f61-ad06-4643-9c24-e6a565fa59eb",4,38.39,68.82,0.0843,0.0658,0.1139,"LargeCentralMetro",0,0,0,0,0,"London",1,"Camden 003",50.86,2,336,171,2085,0.5086,0.6882,0.3839,0.3839,1,0.491071428571429,165,191,44,44,0.867267655948338,0.755832889877312,0.990412195292122,-1,-1,0.018,2,"0.76 to 0.99","Significant Decrease","0.01-0.20"
"E02000170","Camden 005",NA,524736,185497,51.5546,-0.20219,"f79047e4-5a62-4297-8be1-26a6afab6e69",2,51.24,46.13,0.1372,0.0522,0.1413,"LargeCentralMetro",0,0,0,0,0,"London",1,"Camden 005",44,1,201,88,1253,0.44,0.4613,0.5124,0.5124,1,0.562189054726368,113,114,45,45,0.991093319091935,0.845238922106439,1.15478472799223,-1,0,0.439,4,"0.76 to 0.99","Not Significant","0.40-0.59"
"E02000177","Camden 012",NA,528128,184660,51.5463,-0.15359,"e78b4fcc-5373-439c-bd56-1fa0586df4ea",5,62.81,41.15,0.176,0.1258,0.1284,"LargeCentralMetro",0,0,0,0,0,"London",1,"Camden 012",31,1,199,62,1147,0.31,0.4115,0.6281,0.6281,1,0.688442211055276,137,113,46,46,1.21655153130111,1.04940647293844,1.40262050614046,1,1,0.996,6,"1.01 to 1.25","Significant Increase","0.80-1.00"
"E02000180","Camden 015",NA,529688,184541,51.5449,-0.13115,"08b78dd7-5b18-41ed-8841-73e6b9ae57a0",3,37.27,83.53,0.1613,0.1155,0.124,"LargeCentralMetro",0,0,0,0,0,"London",1,"Camden 015",80,2,220,176,2028,0.8,0.8353,0.3727,0.3727,1,0.2,44,125,47,47,0.518052398177537,0.426864515560337,0.622591550846945,-2,-1,0,1,"0.51 to 0.75","Significant Decrease","<0.01"
"E02000182","Camden 017",NA,526950,184106,51.5416,-0.17077,"3e087199-ef45-49fe-ab8b-fea680f1ca0c",2,54.66,47.42,0.2495,0.0757,0.1505,"LargeCentralMetro",0,0,0,0,0,"London",1,"Camden 017",60,1,161,97,1048,0.6,0.4742,0.5466,0.5466,1,0.397515527950311,64,91,48,48,0.812773386756827,0.676045899584482,0.968776598486527,-1,-1,0.01,2,"0.76 to 0.99","Significant Decrease","0.01-0.20"
"E02000187","Camden 022",NA,529745,183065,51.5316,-0.13087,"428888dd-308c-46d4-998c-60a7dc6f3980",6,61.7,55.94,0.3252,0.1592,0.133,"LargeCentralMetro",0,0,0,0,0,"London",1,"Camden 022",36.49,2,188,69,1523,0.3649,0.5594,0.617,0.617,1,0.632978723404255,119,107,49,49,1.12925425474074,0.966914764172383,1.31091003584804,1,0,0.936,6,"1.01 to 1.25","Not Significant","0.80-1.00"
"E02000194","Croydon 001",NA,532998,170270,51.4159,-0.08881,"e6bf2f0a-2d29-48e9-9007-de4d08d83771",3,23.17,42,0.0673,0.2015,0.1286,"LargeCentralMetro",0,0,0,0,0,"London",3,"Croydon 001",75,1,164,123,1231,0.75,0.42,0.2317,0.2317,3,0.25,41,93,50,50,0.603247669330248,0.493570606195911,0.729689947650903,-2,-1,0,1,"0.51 to 0.75","Significant Decrease","<0.01"
"E02000200","Croydon 007",NA,533678,168811,51.4026,-0.07959,"4f558fc0-47d7-4359-b01f-59640a30bfa4",2,30.05,50.21,0.0861,0.307,0.1259,"LargeCentralMetro",0,0,0,0,0,"London",2,"Croydon 007",44,1,183,81,1872,0.44,0.5021,0.3005,0.3005,2,0.557377049180328,102,104,51,51,0.949582527630601,0.803236946045011,1.11481456465829,-1,0,0.254,3,"0.76 to 0.99","Not Significant","0.20-0.39"
"E02000207","Croydon 014",NA,534691,167130,51.3872,-0.06567,"d4660fa2-ca3c-4b83-aba9-1e86c4a85de0",2,56.57,48.99,0.1055,0.3346,0.1346,"LargeCentralMetro",0,0,0,0,0,"London",4,"Croydon 014",25,1,175,44,1682,0.25,0.4899,0.5657,0.5657,4,0.748571428571429,131,99,52,52,1.28060495832759,1.09912397938046,1.4834041302967,2,1,0.999,6,"1.26 to 1.50","Significant Increase","0.80-1.00"
"E02000209","Croydon 016",NA,530610,166832,51.3855,-0.1244,"6e3eeb66-e209-4fee-9eec-f60b6a5e28c1",1,42.66,36.53,0.397,0.2547,0.1306,"LargeCentralMetro",0,0,0,0,0,"London",5,"Croydon 016",33,1,143,47,490,0.33,0.3653,0.4266,0.4266,5,0.671328671328671,96,81,53,53,1.13516753841554,0.956357137862023,1.33765215593122,1,0,0.925,6,"1.01 to 1.25","Not Significant","0.80-1.00"
"E02000211","Croydon 018",NA,535994,166743,51.3834,-0.04711,"7b531973-d663-4fa1-8201-801f79f59931",1,43.5,39.69,0.1421,0.1337,0.094,"LargeCentralMetro",0,0,0,0,0,"London",3,"Croydon 018",27,1,200,54,1081,0.27,0.3969,0.435,0.435,3,0.73,146,113,54,54,1.22962947298449,1.06135895267139,1.41693327125589,1,1,0.997,6,"1.01 to 1.25","Significant Increase","0.80-1.00"
"E02000213","Croydon 020",NA,532435,166416,51.3814,-0.09834,"55c34647-7ea2-43b7-89bc-0f24e1127e5c",2,54.26,41.75,0.2094,0.328,0.1409,"LargeCentralMetro",0,0,0,0,0,"London",1,"Croydon 020",31,2,129,40,1006,0.31,0.4175,0.5426,0.5426,1,0.689922480620155,89,73,55,55,1.18495171991441,0.994625420664333,1.40101572309022,1,0,0.971,6,"1.01 to 1.25","Not Significant","0.80-1.00"
"E02000216","Croydon 023",NA,533830,165116,51.3693,-0.0788,"20e84cfe-edbd-4511-a1bd-fa23296d6ae9",2,16.36,51.32,0.3784,0.1233,0.1056,"LargeCentralMetro",0,0,0,0,0,"London",1,"Croydon 023",42,1,110,46,795,0.42,0.5132,0.1636,0.1636,1,0.581818181818182,64,62,56,56,0.899415980706111,0.736352706061666,1.08795666542938,-1,0,0.132,2,"0.76 to 0.99","Not Significant","0.01-0.20"
"E02000219","Croydon 026",NA,536246,164638,51.3645,-0.0443,"02187c2b-440d-438b-bf36-6789871824e9",1,42.24,53.85,0.1703,0.1069,0.0783,"LargeCentralMetro",0,0,0,0,0,"London",2,"Croydon 026",24,1,161,39,1001,0.24,0.5385,0.4224,0.4224,2,0.75776397515528,122,91,57,57,1.23699856401196,1.05491616627538,1.44146410102167,1,1,0.996,6,"1.01 to 1.25","Significant Increase","0.80-1.00"
"E02000221","Croydon 028",NA,531605,163861,51.3586,-0.11121,"d036c29f-aaf9-41d7-a16a-69035d5a3fcf",3,44.72,45.22,0.1963,0.2496,0.1264,"LargeCentralMetro",0,0,0,0,0,"London",2,"Croydon 028",40,1,161,64,984,0.4,0.4522,0.4472,0.4472,2,0.60248447204969,97,91,58,58,1.05655449222844,0.892659597087934,1.24172961843087,1,0,0.729,5,"1.01 to 1.25","Not Significant","0.60-0.79"
"E02000227","Croydon 034",NA,536628,162712,51.3471,-0.03955,"f32ffdcd-3e79-4475-b939-bbd6d154c6a4",2,47.67,49.85,0.0952,0.1383,0.0859,"LargeCentralMetro",0,0,0,0,0,"London",10,"Croydon 034",49,1,86,42,686,0.49,0.4985,0.4767,0.4767,10,0.511627906976744,44,49,59,59,1.02384014541402,0.833078497841863,1.2449276041593,1,0,0.57,4,"1.01 to 1.25","Not Significant","0.40-0.59"
"E02000230","Croydon 037",NA,531518,161683,51.339,-0.11326,"185d217f-fb83-4abf-84d2-ba5173562d0c",4,31.03,40.1,0.1945,0.1222,0.0999,"LargeCentralMetro",0,0,0,0,0,"London",4,"Croydon 037",44,1,145,64,833,0.44,0.401,0.3103,0.3103,4,0.558620689655172,81,82,60,60,0.978708141953261,0.818461648971565,1.16107941334614,-1,0,0.387,3,"0.76 to 0.99","Not Significant","0.20-0.39"
"E02000231","Croydon 038",NA,530139,161190,51.3349,-0.13323,"932fddd2-1bde-4e3f-b6c8-3e6d9f0f952f",2,27.88,47.56,0.2694,0.085,0.0978,"LargeCentralMetro",0,0,0,0,0,"London",7,"Croydon 038",46,1,208,96,1230,0.46,0.4756,0.2788,0.2788,7,0.538461538461538,112,118,61,61,0.93638449073335,0.797722770418891,1.09213777745893,-1,0,0.194,2,"0.76 to 0.99","Not Significant","0.01-0.20"
"E02000235","Croydon 042",NA,532887,159153,51.316,-0.09456,"74d71133-987c-4a0b-a744-22a7c79a9897",4,17.39,48.79,0.112,0.0814,0.081,"LargeCentralMetro",0,0,0,0,0,"London",5,"Croydon 042",57,1,322,184,1935,0.57,0.4879,0.1739,0.1739,5,0.428571428571429,138,183,62,62,0.775758214160155,0.670450171878043,0.892806079950741,-1,-1,0,1,"0.76 to 0.99","Significant Decrease","<0.01"
"E02000237","Croydon 044",NA,531467,157638,51.3027,-0.11548,"625db5ec-1a4a-4c38-97c5-6ecf7a00496e",6,34.21,46.09,0.0646,0.0656,0.0735,"LargeCentralMetro",0,0,0,0,0,"London",7,"Croydon 044",46,1,114,52,755,0.46,0.4609,0.3421,0.3421,7,0.543859649122807,62,65,63,63,0.998693172251209,0.824896294304528,1.1981341237908,-1,0,0.475,4,"0.76 to 0.99","Not Significant","0.40-0.59"
"E02000240","Ealing 003",NA,512233,184611,51.5492,-0.38273,"d6d4057d-d44a-4ef6-bf37-a31758324c39",2,42.11,47.73,0.2791,0.1634,0.152,"LargeCentralMetro",0,0,0,0,0,"London",3,"Ealing 003",30,1,133,40,771,0.3,0.4773,0.4211,0.4211,3,0.699248120300752,93,75,64,64,1.12261857132546,0.941336921680947,1.32866726151919,1,0,0.898,6,"1.01 to 1.25","Not Significant","0.80-1.00"
"E02000247","Ealing 010",NA,513251,183102,51.5355,-0.36854,"c843f4d6-272f-4aec-b62f-c1b1f2f66079",4,33.33,49.17,0.3079,0.163,0.1748,"LargeCentralMetro",0,0,0,0,0,"London",3,"Ealing 010",56,1,234,131,1755,0.56,0.4917,0.3333,0.3333,3,0.44017094017094,103,133,65,65,0.791307778583502,0.672116676676845,0.92543765554412,-1,-1,0.002,1,"0.76 to 0.99","Significant Decrease","<0.01"
"E02000249","Ealing 012",NA,514352,182184,51.527,-0.35297,"9a67fc8a-0d40-4253-a4ab-cd54cd9aff7c",4,16.44,51.94,0.3057,0.1276,0.1761,"LargeCentralMetro",0,0,0,0,0,"London",6,"Ealing 012",65,1,292,190,1852,0.65,0.5194,0.1644,0.1644,6,0.349315068493151,102,166,66,66,0.641361013912384,0.544973182500321,0.749779879604068,-2,-1,0,1,"0.51 to 0.75","Significant Decrease","<0.01"
"E02000253","Ealing 016",NA,515487,181749,51.5229,-0.33676,"d8511c08-ca84-4cd5-87a6-ef71fec25ca6",6,42.25,43.79,0.2012,0.1744,0.1797,"LargeCentralMetro",0,0,0,0,0,"London",2,"Ealing 016",46,1,213,98,1409,0.46,0.4379,0.4225,0.4225,2,0.539906103286385,115,121,67,67,0.945591124562199,0.806949652580307,1.10112167694202,-1,0,0.227,3,"0.76 to 0.99","Not Significant","0.20-0.39"
"E02000259","Ealing 022",NA,515234,180809,51.5145,-0.34071,"1f8ce651-f0cc-4a59-8373-4a5d63e98a78",2,38.56,48.96,0.1372,0.0868,0.1419,"LargeCentralMetro",0,0,0,0,0,"London",1,"Ealing 022",53,1,236,125,1540,0.53,0.4896,0.3856,0.3856,1,0.470338983050847,111,134,68,68,0.841023069327482,0.717212026431973,0.979963278847095,-1,-1,0.013,2,"0.76 to 0.99","Significant Decrease","0.01-0.20"
"E02000260","Ealing 023",NA,513044,180556,51.5126,-0.37234,"1a11869a-2176-4dee-b026-9aae666c00a4",1,30.37,48.06,0.7555,0.0655,0.1072,"LargeCentralMetro",0,0,0,0,0,"London",2,"Ealing 023",42,1,191,80,1213,0.42,0.4806,0.3037,0.3037,2,0.581151832460733,111,108,69,69,0.971703160883578,0.824975496106277,1.13696684387999,-1,0,0.347,3,"0.76 to 0.99","Not Significant","0.20-0.39"
"E02000264","Ealing 027",NA,519092,180164,51.5079,-0.28536,"f6460334-620d-4c5d-a215-62999ad7f29e",2,15.51,49.93,0.1804,0.0666,0.1424,"LargeCentralMetro",0,0,0,0,0,"London",4,"Ealing 027",69,1,187,129,1470,0.69,0.4993,0.1551,0.1551,4,0.310160427807487,58,106,70,70,0.610662058463531,0.504105015080006,0.732926611317564,-2,-1,0,1,"0.51 to 0.75","Significant Decrease","<0.01"
"E02000272","Ealing 035",NA,516039,179245,51.5002,-0.32963,"9df963e9-9eec-4871-b7e3-34f5025dae2e",2,23.95,44.91,0.1436,0.0539,0.1081,"LargeCentralMetro",0,0,0,0,0,"London",1,"Ealing 035",62,1,167,104,1169,0.62,0.4491,0.2395,0.2395,1,0.377245508982036,63,95,71,71,0.719614073115691,0.596074981383812,0.861056090167458,-2,-1,0,1,"0.51 to 0.75","Significant Decrease","<0.01"
"E02000279","Enfield 003",NA,536769,199098,51.674,-0.02343,"5d8f972f-ffa8-49dd-b3cd-8936e9681084",2,59.43,51.58,0.0745,0.3068,0.2073,"LargeCentralMetro",0,0,0,0,0,"London",4,"Enfield 003",24,1,175,42,981,0.24,0.5158,0.5943,0.5943,4,0.76,133,99,72,72,1.25279131234808,1.07387748671529,1.45294925430696,2,1,0.998,6,"1.26 to 1.50","Significant Increase","0.80-1.00"
"E02000284","Enfield 008",NA,532722,197250,51.6584,-0.08262,"d47c8599-217c-473c-ba0f-152f84277a75",3,33.15,50.86,0.068,0.0924,0.1232,"LargeCentralMetro",0,0,0,0,0,"London",1,"Enfield 008",51.53,2,359,185,2257,0.5153,0.5086,0.3315,0.3315,1,0.484679665738162,174,204,73,73,0.855244651454595,0.747580410436138,0.973970799981751,-1,-1,0.009,1,"0.76 to 0.99","Significant Decrease","<0.01"
"E02000285","Enfield 009",NA,533379,197314,51.6588,-0.0731,"962ce7d1-7ed5-4182-b030-2d04a17d39ba",3,32.38,52.26,0.084,0.07,0.1152,"LargeCentralMetro",0,0,0,0,0,"London",2,"Enfield 009",23,1,210,48,1282,0.23,0.5226,0.3238,0.3238,2,0.771428571428571,162,119,74,74,1.22811663184532,1.06292465581584,1.4116845226176,1,1,0.997,6,"1.01 to 1.25","Significant Increase","0.80-1.00"
"E02000287","Enfield 011",NA,527644,197746,51.664,-0.15581,"0d6d1a2e-2bae-45ba-80f9-4e553b83d757",2,21.63,45.83,0.151,0.0456,0.1647,"LargeCentralMetro",0,0,0,0,0,"London",6,"Enfield 011",54,1,245,132,1569,0.54,0.4583,0.2163,0.2163,6,0.461224489795918,113,139,75,75,0.79061150873216,0.673099623562965,0.922681754407704,-1,-1,0.002,1,"0.76 to 0.99","Significant Decrease","<0.01"
"E02000288","Enfield 012",NA,535090,196483,51.6509,-0.0487,"f655ec19-ae27-439e-9ea3-efdf6bf39550",3,45.22,48.58,0.188,0.2963,0.1754,"LargeCentralMetro",0,0,0,0,0,"London",2,"Enfield 012",42.97,3,356,153,2567,0.4297,0.4858,0.4522,0.4522,2,0.570224719101124,203,202,76,76,0.994881559688406,0.876120690939392,1.12516219990877,-1,0,0.454,4,"0.76 to 0.99","Not Significant","0.40-0.59"
"E02000289","Enfield 013",NA,530647,196851,51.6553,-0.11275,"0935cabf-e739-4094-91d5-595744230a4b",1,17.37,50.06,0.1396,0.0556,0.1724,"LargeCentralMetro",0,0,0,0,0,"London",8,"Enfield 013",53,1,236,125,1546,0.53,0.5006,0.1737,0.1737,8,0.470338983050847,111,134,77,77,0.78593258881128,0.66731531112232,0.919521844260016,-1,-1,0.001,1,"0.76 to 0.99","Significant Decrease","<0.01"
"E02000302","Enfield 026",NA,532233,193478,51.6246,-0.09111,"a8e87beb-2b6d-44c3-8f00-8470efae69fa",2,34.39,47.12,0.1257,0.1187,0.1831,"LargeCentralMetro",0,0,0,0,0,"London",6,"Enfield 026",48,1,221,106,1579,0.48,0.4712,0.3439,0.3439,6,0.520361990950226,115,125,78,78,0.890959092902865,0.759129675434322,1.03904173549118,-1,0,0.069,2,"0.76 to 0.99","Not Significant","0.01-0.20"
"E02000304","Enfield 028",NA,529997,193482,51.6251,-0.12339,"2be8d6ed-eae3-4fe9-b033-bb60ff93c5a8",1,45.59,47.08,0.1375,0.0377,0.1707,"LargeCentralMetro",0,0,0,0,0,"London",2,"Enfield 028",29,1,136,39,514,0.29,0.4708,0.4559,0.4559,2,0.713235294117647,97,77,79,79,1.11521923310729,0.93553405704176,1.31941288124192,1,0,0.885,6,"1.01 to 1.25","Not Significant","0.80-1.00"
"E02000307","Enfield 031",NA,532597,192919,51.6195,-0.08607,"bd1456f6-0af8-4dd5-9ab4-7e0f806a597a",2,57.67,48.63,0.1463,0.1992,0.2118,"LargeCentralMetro",0,0,0,0,0,"London",1,"Enfield 031",28,1,215,60,1425,0.28,0.4863,0.5767,0.5767,1,0.72093023255814,155,122,80,80,1.18827502503693,1.02783130016803,1.36661230043599,1,1,0.99,6,"1.01 to 1.25","Significant Increase","0.80-1.00"
"E02000315","Greenwich 003",NA,546736,179405,51.4945,0.112392,"a138f40f-1b89-4327-8d09-c3d2be7c2b94",1,37.33,41.11,0.0904,0.375,0.0804,"LargeCentralMetro",0,0,0,0,0,"London",4,"Greenwich 003",48,1,225,108,1192,0.48,0.4111,0.3733,0.3733,4,0.52,117,128,81,81,0.961731583607581,0.823510729070808,1.11634967616852,-1,0,0.293,3,"0.76 to 0.99","Not Significant","0.20-0.39"
"E02000327","Greenwich 015",NA,543046,177579,51.4791,0.058535,"d2bbc989-5d8d-4e1d-a1e0-930f1897e98f",2,37.63,36.69,0.1255,0.3421,0.0938,"LargeCentralMetro",0,0,0,0,0,"London",4,"Greenwich 015",67,1,93,62,496,0.67,0.3669,0.3763,0.3763,4,0.333333333333333,31,53,82,82,0.826888598123788,0.666419441262095,1.01386610646568,-1,0,0.033,2,"0.76 to 0.99","Not Significant","0.01-0.20"
"E02000340","Greenwich 028",NA,543271,174212,51.4488,0.060409,"e9d481ba-aae6-4df0-9392-7a1015d8394f",2,31.48,44.17,0.082,0.0736,0.0629,"LargeCentralMetro",0,0,0,0,0,"London",5,"Greenwich 028",43.21,2,378,163,2264,0.4321,0.4417,0.3148,0.3148,5,0.568783068783069,215,214,83,83,1.00267541182152,0.886172107948774,1.13014400341597,0,0,0.504,4,"1.00-1.009 (null value)","Not Significant","0.40-0.59"
"E02000341","Greenwich 029",NA,541471,173967,51.447,0.034425,"8ea9608e-b40c-448a-abc9-4a893b3a390b",3,45.45,71.11,0.0741,0.1666,0.0964,"LargeCentralMetro",0,0,0,0,0,"London",4,"Greenwich 029",35.96,2,286,103,2226,0.3596,0.7111,0.4545,0.4545,4,0.63986013986014,183,162,84,84,1.10442685395904,0.96653438395059,1.25638373903241,1,0,0.926,6,"1.01 to 1.25","Not Significant","0.80-1.00"
"E02000346","Hackney 002",NA,532521,187468,51.5705,-0.08922,"2674d186-99b4-451c-86f5-9f5bb17a6bb8",4,64.71,45,0.1444,0.2568,0.1761,"LargeCentralMetro",0,0,0,0,0,"London",1,"Hackney 002",43,1,170,73,1011,0.43,0.45,0.6471,0.6471,1,0.570588235294118,97,96,85,85,1.0550798501544,0.894050842267439,1.23656243715026,1,0,0.727,5,"1.01 to 1.25","Not Significant","0.60-0.79"
"E02000356","Hackney 012",NA,532874,185834,51.5558,-0.08474,"c13f7e2a-3cfa-4cec-ab0c-f8350d435d39",4,39.92,46.66,0.059,0.1065,0.1446,"LargeCentralMetro",0,0,0,0,0,"London",1,"Hackney 012",45,1,253,114,1618,0.45,0.4666,0.3992,0.3992,1,0.549407114624506,139,143,86,86,0.957903636024692,0.826074749454508,1.10470437110286,-1,0,0.268,3,"0.76 to 0.99","Not Significant","0.20-0.39"
"E02000358","Hackney 014",NA,533443,185660,51.5541,-0.07661,"e763f67c-9989-4f68-b314-e97f9dc9a7d7",5,57.74,38.64,0.0951,0.1956,0.1706,"LargeCentralMetro",0,0,0,0,0,"London",1,"Hackney 014",44,1,168,74,1162,0.44,0.3864,0.5774,0.5774,1,0.55952380952381,94,95,87,87,1.027284346477,0.868630798296748,1.20637163624666,1,0,0.609,5,"1.01 to 1.25","Not Significant","0.60-0.79"
"E02000360","Hackney 016",NA,534494,185322,51.5508,-0.06159,"72cd0149-c517-4956-b0b8-6b9b48df3a44",4,45.92,45.1,0.1387,0.3177,0.1639,"LargeCentralMetro",0,0,0,0,0,"London",1,"Hackney 016",60,1,196,118,1315,0.6,0.451,0.4592,0.4592,1,0.397959183673469,78,111,88,88,0.797162274136105,0.66991758010826,0.941311603947957,-1,-1,0.004,1,"0.76 to 0.99","Significant Decrease","<0.01"
"E02000361","Hackney 017",NA,534917,184950,51.5473,-0.05563,"3559186b-481f-4ffd-aea2-c2ee000375f3",3,78.36,39.55,0.099,0.2161,0.1546,"LargeCentralMetro",0,0,0,0,0,"London",1,"Hackney 017",25,1,134,34,842,0.25,0.3955,0.7836,0.7836,1,0.746268656716418,100,76,89,89,1.33095108795733,1.12782202580091,1.55993534845802,2,1,1,6,"1.26 to 1.50","Significant Increase","0.80-1.00"
"E02000363","Hackney 019",NA,535581,185050,51.5481,-0.04602,"0288ae62-f451-4610-94ff-fd412f46dba0",5,57.71,42.17,0.1176,0.3734,0.1569,"LargeCentralMetro",0,0,0,0,0,"London",1,"Hackney 019",52,1,175,91,1086,0.52,0.4217,0.5771,0.5771,1,0.48,84,99,90,90,0.950798976212995,0.801638664210467,1.11940622463001,-1,0,0.262,3,"0.76 to 0.99","Not Significant","0.20-0.39"
"E02000369","Hackney 025",NA,533229,183672,51.5362,-0.08044,"3ed6aef5-a45e-468b-a2cc-56fae84291ad",2,61.27,49.72,0.105,0.2212,0.1683,"LargeCentralMetro",0,0,0,0,0,"London",1,"Hackney 025",39,2,173,67,1074,0.39,0.4972,0.6127,0.6127,1,0.61271676300578,106,98,91,91,1.08099269950545,0.918485113401145,1.26385470257313,1,0,0.82,6,"1.01 to 1.25","Not Significant","0.80-1.00"
"E02000372","Hammersmith and Fulham 001",NA,522457,181963,51.5233,-0.23627,"bca321e5-ed0f-4372-80aa-c82bcf538186",4,60.26,46.92,0.1832,0.1859,0.1817,"LargeCentralMetro",0,0,0,0,0,"London",1,"Hammersmith and Fulham 001",33,1,156,51,1234,0.33,0.4692,0.6026,0.6026,1,0.673076923076923,105,88,92,92,1.15277753661074,0.977053763131662,1.35090937161732,1,0,0.953,6,"1.01 to 1.25","Not Significant","0.80-1.00"
"E02000373","Hammersmith and Fulham 002",NA,522550,180577,51.5108,-0.23541,"9a2d7674-a565-4180-839d-4dd58ecb6141",3,70,41.68,0.1315,0.3588,0.1877,"LargeCentralMetro",0,0,0,0,0,"London",1,"Hammersmith and Fulham 002",23,1,160,37,763,0.23,0.4168,0.7,0.7,1,0.76875,123,91,93,93,1.31617945623128,1.12590165591779,1.52930508203915,2,1,1,6,"1.26 to 1.50","Significant Increase","0.80-1.00"
"E02000377","Hammersmith and Fulham 006",NA,522265,179702,51.503,-0.23982,"ef965dac-978e-4085-be81-0eef71606f6d",5,52.17,41.97,0.093,0.16,0.1431,"LargeCentralMetro",0,0,0,0,0,"London",1,"Hammersmith and Fulham 006",45,1,115,52,791,0.45,0.4197,0.5217,0.5217,1,0.547826086956522,63,65,94,94,1.01522791275548,0.839141714347192,1.21719538511063,1,0,0.544,4,"1.01 to 1.25","Not Significant","0.40-0.59"
"E02000382","Hammersmith and Fulham 011",NA,522343,178520,51.4924,-0.23911,"7c99e2cc-4148-48b3-9b36-a35521176c76",3,40.34,46.69,0.1155,0.088,0.1399,"LargeCentralMetro",0,0,0,0,0,"London",1,"Hammersmith and Fulham 011",58,1,119,69,711,0.58,0.4669,0.4034,0.4034,1,0.420168067226891,50,67,95,95,0.819158166970005,0.670031968795815,0.991404204499246,-1,-1,0.02,2,"0.76 to 0.99","Significant Decrease","0.01-0.20"
"E02000396","Hammersmith and Fulham 025",NA,525545,175951,51.4686,-0.19392,"dd1548c4-2240-477c-b89f-c4cf7112a08a",2,57.75,41.53,0.0721,0.097,0.124,"LargeCentralMetro",0,0,0,0,0,"London",1,"Hammersmith and Fulham 025",61,1,71,43,366,0.61,0.4153,0.5775,0.5775,1,0.394366197183099,28,40,96,96,0.924283714217528,0.739660336432441,1.14058706878486,-1,0,0.221,3,"0.76 to 0.99","Not Significant","0.20-0.39"
"E02000403","Haringey 007",NA,531143,191338,51.6056,-0.10765,"2e2e05c3-6c11-4801-a578-92e6ceadebbe",2,34.78,44.29,0.0988,0.1133,0.1584,"LargeCentralMetro",0,0,0,0,0,"London",1,"Haringey 007",36,1,115,41,1007,0.36,0.4429,0.3478,0.3478,1,0.643478260869565,74,65,97,97,1.0064080194576,0.831367534604139,1.20750610764818,0,0,0.507,4,"1.00-1.009 (null value)","Not Significant","0.40-0.59"
"E02000404","Haringey 008",NA,531678,190897,51.6015,-0.10009,"a2a5e619-bd13-4523-b400-23d188b9667e",2,54.25,46.99,0.1197,0.1702,0.1922,"LargeCentralMetro",0,0,0,0,0,"London",3,"Haringey 008",35,1,153,54,915,0.35,0.4699,0.5425,0.5425,3,0.647058823529412,99,87,98,98,1.08285039579227,0.913588941511554,1.27433788449557,1,0,0.814,6,"1.01 to 1.25","Not Significant","0.80-1.00"
"E02000405","Haringey 009",NA,529738,190292,51.5965,-0.12831,"d504dfd1-c4db-47fe-b4e5-3b7311afa2ac",1,28.29,47.48,0.0579,0.0575,0.1176,"LargeCentralMetro",0,0,0,0,0,"London",1,"Haringey 009",64,1,205,131,1569,0.64,0.4748,0.2829,0.2829,1,0.360975609756098,74,116,99,99,0.697972960846645,0.583823191571875,0.827756722969957,-2,-1,0,1,"0.51 to 0.75","Significant Decrease","<0.01"
"E02000410","Haringey 014",NA,528549,190129,51.5953,-0.14552,"afeb2b9b-0286-4e8e-9e2e-49724e2b49d3",2,15.7,50.35,0.0588,0.0364,0.1155,"LargeCentralMetro",0,0,0,0,0,"London",3,"Haringey 014",72,1,242,174,1712,0.72,0.5035,0.157,0.157,3,0.28099173553719,68,137,100,100,0.576161896100125,0.481117119641446,0.68429888366768,-2,-1,0,1,"0.51 to 0.75","Significant Decrease","<0.01"
"E02000412","Haringey 016",NA,531073,189949,51.5932,-0.10917,"c06ea67d-c834-4811-aaa2-0fe53ce9e65f",2,60.22,44.19,0.129,0.2133,0.1712,"LargeCentralMetro",0,0,0,0,0,"London",1,"Haringey 016",37,1,186,69,1068,0.37,0.4419,0.6022,0.6022,1,0.629032258064516,117,105,101,101,1.10423010322993,0.943222807711557,1.28473498411622,1,0,0.888,6,"1.01 to 1.25","Not Significant","0.80-1.00"
"E02000415","Haringey 019",NA,532042,189712,51.5908,-0.09528,"f2c757d2-565f-4ca4-8540-f4794f52b7eb",2,53.47,44.77,0.1162,0.1354,0.1841,"LargeCentralMetro",0,0,0,0,0,"London",4,"Haringey 019",27,1,202,55,1061,0.27,0.4477,0.5347,0.5347,4,0.727722772277228,147,115,102,102,1.20054154471138,1.03559369069772,1.38424245239189,1,1,0.993,6,"1.01 to 1.25","Significant Increase","0.80-1.00"
"E02000416","Haringey 020",NA,530420,189352,51.5879,-0.11882,"748b967e-346d-41a1-92c4-7699acb04678",4,90.18,37.71,0.0746,0.1513,0.1535,"LargeCentralMetro",0,0,0,0,0,"London",1,"Haringey 020",24,1,163,39,1111,0.24,0.3771,0.9018,0.9018,1,0.760736196319018,124,92,103,103,1.3982628862571,1.20117843515787,1.61825012069727,2,1,1,6,"1.26 to 1.50","Significant Increase","0.80-1.00"
"E02000425","Haringey 029",NA,533896,188539,51.5798,-0.06898,"a97dc580-3c24-413d-aa56-1ec2099dc6e9",1,64.71,44.13,0.0505,0.1143,0.2018,"LargeCentralMetro",0,0,0,0,0,"London",1,"Haringey 029",49,1,238,117,1219,0.49,0.4413,0.6471,0.6471,1,0.508403361344538,121,135,104,104,0.928636817109762,0.796455746229052,1.07634808852022,-1,0,0.158,2,"0.76 to 0.99","Not Significant","0.01-0.20"
"E02000429","Haringey 033",NA,529283,188266,51.5784,-0.13562,"b4582c33-dc74-4644-974d-1742b6383c3f",1,38.53,48.46,0.0603,0.0528,0.1191,"LargeCentralMetro",0,0,0,0,0,"London",1,"Haringey 033",49,1,231,113,1424,0.49,0.4846,0.3853,0.3853,1,0.510822510822511,118,131,105,105,0.89853280257245,0.768196155543672,1.04455417390434,-1,0,0.08,2,"0.76 to 0.99","Not Significant","0.01-0.20"
"E02000438","Harrow 006",NA,513876,191036,51.6067,-0.35697,"d73ef236-0d25-460b-812c-1f6f872ee518",3,40.39,43.59,0.3603,0.1118,0.1017,"LargeCentralMetro",0,0,0,0,0,"London",6,"Harrow 006",41,1,203,83,1365,0.41,0.4359,0.4039,0.4039,6,0.591133004926108,120,115,106,106,1.04349154022663,0.893214715670211,1.21170537046531,1,0,0.694,5,"1.01 to 1.25","Not Significant","0.60-0.79"
"E02000440","Harrow 008",NA,516902,190665,51.6027,-0.31341,"6128596b-363f-4e71-8907-bc31e00af092",1,10.42,49.38,0.5225,0.0436,0.0874,"LargeCentralMetro",0,0,0,0,0,"London",2,"Harrow 008",65,1,96,62,964,0.65,0.4938,0.1042,0.1042,2,0.354166666666667,34,54,107,107,0.678415032500276,0.542730786058093,0.837617785210654,-2,-1,0,1,"0.51 to 0.75","Significant Decrease","<0.01"
"E02000442","Harrow 010",NA,518408,190497,51.6009,-0.29173,"ef0f01ad-52e7-4928-8967-75843174576e",1,35.44,39.68,0.523,0.0439,0.0971,"LargeCentralMetro",0,0,0,0,0,"London",1,"Harrow 010",42,1,158,66,1197,0.42,0.3968,0.3544,0.3544,1,0.582278481012658,92,90,108,108,0.988449556113698,0.831322225985621,1.16658679309342,-1,0,0.429,4,"0.76 to 0.99","Not Significant","0.40-0.59"
"E02000444","Harrow 012",NA,517540,190255,51.5989,-0.30434,"b2f391c9-6485-48f9-a3a0-71fce0b50697",1,25.52,46.94,0.5556,0.0435,0.0809,"LargeCentralMetro",0,0,0,0,0,"London",1,"Harrow 012",55,1,286,157,1502,0.55,0.4694,0.2552,0.2552,1,0.451048951048951,129,162,109,109,0.80848614352649,0.695429885520833,0.93458466130435,-1,-1,0.002,1,"0.76 to 0.99","Significant Decrease","<0.01"
"E02000451","Harrow 019",NA,513206,188992,51.5884,-0.3673,"b805491d-9efa-4643-840a-3e071061bd39",1,22.9,46.34,0.5006,0.0328,0.0846,"LargeCentralMetro",0,0,0,0,0,"London",2,"Harrow 019",62,1,297,184,1884,0.62,0.4634,0.229,0.229,2,0.38047138047138,113,168,110,110,0.712276560334411,0.609483983584962,0.827313274385729,-2,-1,0,1,"0.51 to 0.75","Significant Decrease","<0.01"
"E02000455","Harrow 023",NA,516097,188249,51.5812,-0.32583,"0a60ebc2-8a09-4222-ba82-0f182d658087",3,31.71,39.9,0.4739,0.0695,0.1123,"LargeCentralMetro",0,0,0,0,0,"London",1,"Harrow 023",42,1,123,52,827,0.42,0.399,0.3171,0.3171,1,0.577235772357724,71,70,111,111,0.96509535149722,0.798761199843956,1.15584115445304,-1,0,0.335,3,"0.76 to 0.99","Not Significant","0.20-0.39"
"E02000459","Harrow 027",NA,514339,186946,51.5698,-0.35161,"61230571-29e0-4210-8c04-9ecd20e79aab",3,31.32,47.32,0.4335,0.106,0.1351,"LargeCentralMetro",0,0,0,0,0,"London",1,"Harrow 027",57,1,265,151,1676,0.57,0.4732,0.3132,0.3132,1,0.430188679245283,114,150,112,112,0.78246022220104,0.668870257407231,0.909700489581244,-1,-1,0.001,1,"0.76 to 0.99","Significant Decrease","<0.01"
"E02000463","Harrow 031",NA,512835,185808,51.5599,-0.37367,"2b96f4d6-dfa8-4c4b-9903-0caab0231ecd",3,35.26,45.99,0.4409,0.1112,0.1329,"LargeCentralMetro",0,0,0,0,0,"London",3,"Harrow 031",35,1,156,55,1061,0.35,0.4599,0.3526,0.3526,3,0.647435897435897,101,88,113,113,1.06181162421718,0.895764711143932,1.24970923532099,1,0,0.746,5,"1.01 to 1.25","Not Significant","0.60-0.79"
"E02000465","Havering 002",NA,555391,192167,51.6069,0.2426,"83c1105b-952a-4f01-a522-f2eec4224e21",2,48.41,50.87,0.0988,0.11,0.0522,"LargeCentralMetro",0,0,0,0,0,"London",8,"Havering 002",37,1,126,47,981,0.37,0.5087,0.4841,0.4841,8,0.626984126984127,79,71,114,114,1.15046851970498,0.962808352347516,1.36385446597479,1,0,0.937,6,"1.01 to 1.25","Not Significant","0.80-1.00"
"E02000466","Havering 003",NA,551434,192863,51.6142,0.185806,"981614d8-ea97-45c1-830b-20442ecd1ef6",4,35.66,50.2,0.0814,0.0858,0.0602,"LargeCentralMetro",0,0,0,0,0,"London",4,"Havering 003",23,1,129,30,761,0.23,0.502,0.3566,0.3566,4,0.767441860465116,99,73,115,115,1.24422652405233,1.04801340578169,1.46651880087862,1,1,0.994,6,"1.01 to 1.25","Significant Increase","0.80-1.00"
"E02000473","Havering 010",NA,554711,189474,51.5829,0.231602,"8b04d774-da9d-48f5-be36-ae81b912b5e3",1,16.61,20.18,0.1206,0.0608,0.0575,"LargeCentralMetro",0,0,0,0,0,"London",7,"Havering 010",58.93,2,277,163,1843,0.5893,0.2018,0.1661,0.1661,7,0.411552346570397,114,157,116,116,0.780285251737642,0.668367934461135,0.905428184943862,-1,-1,0.001,1,"0.76 to 0.99","Significant Decrease","<0.01"
"E02000478","Havering 015",NA,554948,188255,51.5719,0.234483,"9bc1617e-4879-45aa-9b72-9df2872819a3",1,15.05,38.71,0.2692,0.0445,0.071,"LargeCentralMetro",0,0,0,0,0,"London",4,"Havering 015",56,1,186,104,974,0.56,0.3871,0.1505,0.1505,4,0.440860215053763,82,105,117,117,0.794828737097075,0.666107929398267,0.941070401958768,-1,-1,0.004,1,"0.76 to 0.99","Significant Decrease","<0.01"
"E02000482","Havering 019",NA,556485,187616,51.5657,0.25636,"fd396fb5-2cd8-409f-842b-ed3b4d6320d3",1,9.89,48.08,0.0535,0.0149,0.0355,"LargeCentralMetro",0,0,0,0,0,"London",5,"Havering 019",63.55,2,374,238,2340,0.6355,0.4808,0.0989,0.0989,5,0.363636363636364,136,212,118,118,0.679572917296184,0.587732925653081,0.781574894486063,-2,-1,0,1,"0.51 to 0.75","Significant Decrease","<0.01"
"E02000486","Havering 023",NA,553126,186063,51.5527,0.207261,"43ff97ab-c740-4a7d-8073-1f36adaec4b3",1,17.79,47.79,0.0889,0.0509,0.0469,"LargeCentralMetro",0,0,0,0,0,"London",8,"Havering 023",39,1,163,64,814,0.39,0.4779,0.1779,0.1779,8,0.607361963190184,99,92,119,119,1.01235614400005,0.85390500208161,1.19165833020341,1,0,0.54,4,"1.01 to 1.25","Not Significant","0.40-0.59"
"E02000490","Havering 027",NA,552416,183987,51.5342,0.196131,"16c47f02-f1ff-4f79-a249-a118d5a8e367",1,35.75,51.07,0.1006,0.1162,0.0407,"LargeCentralMetro",0,0,0,0,0,"London",3,"Havering 027",27,1,179,48,838,0.27,0.5107,0.3575,0.3575,3,0.731843575418994,131,102,120,120,1.21358398279898,1.04050056353181,1.40717659022281,1,1,0.993,6,"1.01 to 1.25","Significant Increase","0.80-1.00"
"E02000492","Havering 029",NA,553466,180322,51.501,0.209663,"015804a4-75ac-4ae6-ace2-9257ae2c7418",1,25.28,47.44,0.0806,0.087,0.0432,"LargeCentralMetro",0,0,0,0,0,"London",8,"Havering 029",51,1,178,91,936,0.51,0.4744,0.2528,0.2528,8,0.48876404494382,87,101,121,121,0.899457747983041,0.757523671839768,1.06011463088136,-1,0,0.1,2,"0.76 to 0.99","Not Significant","0.01-0.20"
"E02000495","Hillingdon 002",NA,509589,190756,51.605,-0.41893,"7321c02c-d22a-4f51-adca-0d4c10df55f9",2,23.21,48,0.2963,0.0496,0.0888,"LargeCentralMetro",0,0,0,0,0,"London",3,"Hillingdon 002",43,1,56,24,575,0.43,0.48,0.2321,0.2321,3,0.571428571428571,32,32,122,122,0.899331121139494,0.711437596319807,1.12178554945505,-1,0,0.165,2,"0.76 to 0.99","Not Significant","0.01-0.20"
"E02000496","Hillingdon 003",NA,506013,189746,51.5966,-0.47086,"2b02f327-b7f5-47b8-87c0-b7f9823fd1c9",8,28.89,39.42,0.0938,0.0273,0.0612,"LargeCentralMetro",0,0,0,0,0,"London",10,"Hillingdon 003",30,1,135,40,690,0.3,0.3942,0.2889,0.2889,10,0.703703703703704,95,77,123,123,1.18854059781142,1.00139827997244,1.40044518515564,1,1,0.976,6,"1.01 to 1.25","Significant Increase","0.80-1.00"
"E02000497","Hillingdon 004",NA,510180,189070,51.5897,-0.41093,"4d940a6b-a7eb-4e34-8ac3-1744d15d4791",2,14.58,50.98,0.2616,0.0461,0.0827,"LargeCentralMetro",0,0,0,0,0,"London",4,"Hillingdon 004",53,1,295,156,1944,0.53,0.5098,0.1458,0.1458,4,0.471186440677966,139,167,124,124,0.818255991648433,0.705625645228582,0.943682142977347,-1,-1,0.003,1,"0.76 to 0.99","Significant Decrease","<0.01"
"E02000500","Hillingdon 007",NA,509459,187947,51.5798,-0.42169,"7686010e-9bee-4da3-9224-65c34dfbd8ba",3,11.96,51.31,0.1916,0.0209,0.076,"LargeCentralMetro",0,0,0,0,0,"London",3,"Hillingdon 007",60,1,184,110,1257,0.6,0.5131,0.1196,0.1196,3,0.402173913043478,74,104,125,125,0.730999397828818,0.60932879321511,0.869745639522566,-2,-1,0,1,"0.51 to 0.75","Significant Decrease","<0.01"
"E02000503","Hillingdon 010",NA,510563,186311,51.5648,-0.40627,"4d381a97-3bf2-41ec-9229-154298cb5e16",2,21.91,48.72,0.1799,0.0346,0.0797,"LargeCentralMetro",0,0,0,0,0,"London",3,"Hillingdon 010",51,1,178,91,1053,0.51,0.4872,0.2191,0.2191,3,0.48876404494382,87,101,126,126,0.852735845948935,0.716070657128139,1.00781616580813,-1,0,0.03,2,"0.76 to 0.99","Not Significant","0.01-0.20"
"E02000504","Hillingdon 011",NA,507436,186038,51.563,-0.45145,"582fa7ad-a949-4b9c-8c7f-135e0bfab2b3",1,18.75,46.6,0.213,0.0156,0.0682,"LargeCentralMetro",0,0,0,0,0,"London",4,"Hillingdon 011",46,1,208,96,1281,0.46,0.466,0.1875,0.1875,4,0.538461538461538,112,118,127,127,0.911128692181599,0.774998121327967,1.06423803785122,-1,0,0.116,2,"0.76 to 0.99","Not Significant","0.01-0.20"
"E02000506","Hillingdon 013",NA,506379,185617,51.5594,-0.46682,"82d7322c-1611-48e8-b217-5adb943fe2c3",2,11.86,46.7,0.3377,0.0291,0.1086,"LargeCentralMetro",0,0,0,0,0,"London",3,"Hillingdon 013",62,1,177,110,1152,0.62,0.467,0.1186,0.1186,3,0.378531073446328,67,100,128,128,0.689582233411186,0.57150026229865,0.824783083515832,-2,-1,0,1,"0.51 to 0.75","Significant Decrease","<0.01"
"E02000508","Hillingdon 015",NA,506168,183469,51.5401,-0.47051,"d9d71d01-b375-4ce0-8828-26e5bad62415",3,34.16,44.25,0.2688,0.0773,0.1262,"LargeCentralMetro",0,0,0,0,0,"London",3,"Hillingdon 015",39.49,2,363,143,2565,0.3949,0.4425,0.3416,0.3416,3,0.606060606060606,220,206,129,129,1.03634602644154,0.915624851037942,1.1684835490351,1,0,0.706,5,"1.01 to 1.25","Not Significant","0.60-0.79"
"E02000511","Hillingdon 018",NA,509228,182695,51.5326,-0.42665,"5cb57776-ee75-40e5-8250-6bceba7f8152",3,39.13,44.08,0.3793,0.0842,0.1277,"LargeCentralMetro",0,0,0,0,0,"London",2,"Hillingdon 018",34.63,2,46,16,422,0.3463,0.4408,0.3913,0.3913,2,0.652173913043478,30,26,130,130,1.01296961704097,0.798203937589092,1.26796617599471,1,0,0.519,4,"1.01 to 1.25","Not Significant","0.40-0.59"
"E02000513","Hillingdon 020",NA,511196,182219,51.5279,-0.39844,"de877a05-387a-409c-8d65-4a2a95396d20",3,50.43,45.82,0.3963,0.1676,0.1232,"LargeCentralMetro",0,0,0,0,0,"London",6,"Hillingdon 020",44,1,230,101,1364,0.44,0.4582,0.5043,0.5043,6,0.560869565217391,129,130,131,131,1.02303399808988,0.880767399447506,1.18159168399448,1,0,0.604,5,"1.01 to 1.25","Not Significant","0.60-0.79"
"E02000517","Hillingdon 024",NA,508504,181434,51.5214,-0.43747,"ab4a9dd7-2719-4cf4-9f6e-181a284aa892",4,35.11,40.93,0.4037,0.1427,0.1298,"LargeCentralMetro",0,0,0,0,0,"London",3,"Hillingdon 024",49.27,2,131,65,755,0.4927,0.4093,0.3511,0.3511,3,0.50381679389313,66,74,132,132,0.91147406164073,0.754392047796828,1.09150929485407,-1,0,0.151,2,"0.76 to 0.99","Not Significant","0.01-0.20"
"E02000523","Hillingdon 030",NA,509514,178982,51.4992,-0.42368,"c4a02615-13dc-4d7d-b39a-08e177cd24b7",1,47.75,49.24,0.5876,0.0852,0.128,"LargeCentralMetro",0,0,0,0,0,"London",7,"Hillingdon 030",26,1,178,46,1115,0.26,0.4924,0.4775,0.4775,7,0.741573033707865,132,101,133,133,1.22445028184351,1.04963316364159,1.42001665136318,1,1,0.995,6,"1.01 to 1.25","Significant Increase","0.80-1.00"
"E02000530","Hounslow 005",NA,511449,178032,51.4903,-0.39611,"86cd4f48-e853-4627-8756-8d099a07a86d",2,35.86,46.76,0.5011,0.1573,0.1451,"LargeCentralMetro",0,0,0,0,0,"London",5,"Hounslow 005",46,1,198,91,1405,0.46,0.4676,0.3586,0.3586,5,0.54040404040404,107,112,134,134,0.938095646769196,0.796744879198614,1.09721863738841,-1,0,0.204,3,"0.76 to 0.99","Not Significant","0.20-0.39"
"E02000531","Hounslow 006",NA,517044,176915,51.4791,-0.31593,"763768e5-6ba2-49d9-b96d-639226876389",5,31.82,39.61,0.1348,0.0851,0.1206,"LargeCentralMetro",0,0,0,0,0,"London",2,"Hounslow 006",54.73,2,286,157,1982,0.5473,0.3961,0.3182,0.3182,2,0.451048951048951,129,162,135,135,0.826632398646596,0.711979075853636,0.954369460122393,-1,-1,0.005,1,"0.76 to 0.99","Significant Decrease","<0.01"
"E02000532","Hounslow 007",NA,520995,177055,51.4795,-0.25902,"16963dbb-9271-41bf-a286-c3f294ddc964",2,37.69,42.05,0.0925,0.0498,0.1189,"LargeCentralMetro",0,0,0,0,0,"London",4,"Hounslow 007",44,1,199,88,1277,0.44,0.4205,0.3769,0.3769,4,0.557788944723618,111,113,136,136,0.970121608699558,0.826002602561425,1.13206830619681,-1,0,0.337,3,"0.76 to 0.99","Not Significant","0.20-0.39"
"E02000536","Hounslow 011",NA,513022,176756,51.4785,-0.37388,"e81278b1-b9c4-428f-a7fc-e95704c5e2cc",2,32.49,47.8,0.5992,0.0526,0.1309,"LargeCentralMetro",0,0,0,0,0,"London",4,"Hounslow 011",49.47,2,394,195,2730,0.4947,0.478,0.3249,0.3249,4,0.50507614213198,199,223,137,137,0.885485483854083,0.779083288463228,1.00228275489462,-1,0,0.027,2,"0.76 to 0.99","Not Significant","0.01-0.20"
"E02000537","Hounslow 012",NA,514278,176993,51.4804,-0.35572,"f0a202c4-c763-40f3-99de-5a2e38e0eb07",1,35.59,44.59,0.5815,0.0298,0.1218,"LargeCentralMetro",0,0,0,0,0,"London",2,"Hounslow 012",31,1,118,37,776,0.31,0.4459,0.3559,0.3559,2,0.686440677966102,81,67,138,138,1.07028198089699,0.888659565052662,1.27819024922747,1,0,0.753,5,"1.01 to 1.25","Not Significant","0.60-0.79"
"E02000542","Hounslow 017",NA,513032,175661,51.4686,-0.37408,"c81b3c92-7374-49cc-8e47-d01fc0fb1553",2,10.8,48.16,0.5968,0.0661,0.1123,"LargeCentralMetro",0,0,0,0,0,"London",2,"Hounslow 017",66,1,176,116,1171,0.66,0.4816,0.108,0.108,2,0.340909090909091,60,100,139,139,0.642185311691872,0.52981873103613,0.771213332336396,-2,-1,0,1,"0.51 to 0.75","Significant Decrease","<0.01"
"E02000546","Hounslow 021",NA,512330,174572,51.459,-0.38453,"6036df9c-79aa-4b24-b2f0-a9939695bd50",1,37.16,48.55,0.591,0.0583,0.1051,"LargeCentralMetro",0,0,0,0,0,"London",3,"Hounslow 021",67,1,261,175,1823,0.67,0.4855,0.3716,0.3716,3,0.329501915708812,86,148,140,140,0.67668301318785,0.572906857210637,0.793600930015191,-2,-1,0,1,"0.51 to 0.75","Significant Decrease","<0.01"
"E02000547","Hounslow 022",NA,509901,174512,51.4589,-0.4195,"21286411-ecb3-403b-868d-d24fedb0cc94",2,38.64,46.86,0.3655,0.0834,0.0972,"LargeCentralMetro",0,0,0,0,0,"London",4,"Hounslow 022",33.23,2,176,58,1131,0.3323,0.4686,0.3864,0.3864,4,0.670454545454545,118,100,141,141,1.11996417207603,0.954833053242782,1.3054011482238,1,0,0.916,6,"1.01 to 1.25","Not Significant","0.80-1.00"
"E02000549","Hounslow 024",NA,511329,173351,51.4482,-0.39931,"aef4a5a4-df3f-40f1-b484-f4736198a0b9",4,38.36,45.09,0.3489,0.0546,0.1113,"LargeCentralMetro",0,0,0,0,0,"London",2,"Hounslow 024",41.92,2,159,67,998,0.4192,0.4509,0.3836,0.3836,2,0.578616352201258,92,90,142,142,1.00041858394042,0.842180086995441,1.1796802971181,0,0,0.484,4,"1.00-1.009 (null value)","Not Significant","0.40-0.59"
"E02000556","Islington 003",NA,530821,186942,51.5662,-0.11393,"f2da2c5e-70e0-443d-a556-2e13e8c9e46c",4,65.69,38.62,0.1149,0.1259,0.1421,"LargeCentralMetro",0,0,0,0,0,"London",1,"Islington 003",39,1,102,40,580,0.39,0.3862,0.6569,0.6569,1,0.607843137254902,62,58,143,143,1.13241563983025,0.9356468274187,1.35814870883497,1,0,0.896,6,"1.01 to 1.25","Not Significant","0.80-1.00"
"E02000571","Islington 018",NA,532322,183849,51.538,-0.09345,"6ffa30a9-5398-4068-81de-0858af0b375a",6,64.77,44.67,0.0811,0.1173,0.1334,"LargeCentralMetro",0,0,0,0,0,"London",1,"Islington 018",45,1,88,40,685,0.45,0.4467,0.6477,0.6477,1,0.545454545454545,48,50,144,144,1.0840025207801,0.8858487292036,1.31298125896131,1,0,0.774,5,"1.01 to 1.25","Not Significant","0.60-0.79"
"E02000597","Kensington and Chelsea 021",NA,526293,177312,51.4807,-0.18267,"20e91689-34b3-46b7-abfd-0c272988cc54",4,44.83,44.37,0.1339,0.1099,0.1995,"LargeCentralMetro",0,0,0,0,0,"London",1,"Kensington and Chelsea 021",56,1,174,97,1057,0.56,0.4437,0.4483,0.4483,1,0.442528735632184,77,99,145,145,0.811735330336858,0.678389437778462,0.963498818240451,-1,-1,0.009,1,"0.76 to 0.99","Significant Decrease","<0.01"
"E02000605","Kingston upon Thames 008",NA,520635,168135,51.3994,-0.26723,"307cc713-8800-44dc-80d8-83a2b813bf51",4,22.49,94.38,0.22,0.0181,0.1163,"LargeCentralMetro",0,0,0,0,0,"London",8,"Kingston upon Thames 008",71,1,209,148,1316,0.71,0.9438,0.2249,0.2249,8,0.291866028708134,61,119,146,146,0.590788635851156,0.489069273378217,0.70724213895142,-2,-1,0,1,"0.51 to 0.75","Significant Decrease","<0.01"
"E02000606","Kingston upon Thames 009",NA,518168,168133,51.3999,-0.30268,"d0eb85b3-278d-4dfb-93e9-f9db61c5c97f",2,17.71,36.49,0.135,0.0231,0.1179,"LargeCentralMetro",0,0,0,0,0,"London",1,"Kingston upon Thames 009",53,1,175,93,1014,0.53,0.3649,0.1771,0.1771,1,0.468571428571429,82,99,147,147,0.802941218074853,0.670855081111868,0.953386201956646,-1,-1,0.006,1,"0.76 to 0.99","Significant Decrease","<0.01"
"E02000609","Kingston upon Thames 012",NA,521074,167010,51.3892,-0.26131,"c4148047-9fe2-4a2a-a956-b1eaf464096d",3,14.29,48.92,0.3122,0.0278,0.132,"LargeCentralMetro",0,0,0,0,0,"London",2,"Kingston upon Thames 012",66.44,2,287,191,1950,0.6644,0.4892,0.1429,0.1429,2,0.334494773519164,96,163,148,148,0.622049042374947,0.527205275539627,0.728913248651716,-2,-1,0,1,"0.51 to 0.75","Significant Decrease","<0.01"
"E02000621","Lambeth 004",NA,530380,177660,51.4829,-0.12372,"69204145-abc8-402c-be43-2ff3536491ac",4,90.68,46.72,0.1247,0.1746,0.1405,"LargeCentralMetro",0,0,0,0,0,"London",1,"Lambeth 004",51,1,118,60,822,0.51,0.4672,0.9068,0.9068,1,0.491525423728814,58,67,149,149,1.10282010421322,0.916789174690858,1.31499116248559,1,0,0.845,6,"1.01 to 1.25","Not Significant","0.80-1.00"
"E02000622","Lambeth 005",NA,531131,177340,51.4798,-0.11303,"70e9a872-ccfb-4049-a294-5fe8a0756a39",2,60.22,51.69,0.0654,0.2299,0.1486,"LargeCentralMetro",0,0,0,0,0,"London",1,"Lambeth 005",29,1,93,27,472,0.29,0.5169,0.6022,0.6022,1,0.709677419354839,66,53,150,150,1.18485639183339,0.97647570636676,1.42452900447717,1,0,0.957,6,"1.01 to 1.25","Not Significant","0.80-1.00"
"E02000625","Lambeth 008",NA,529728,176440,51.4721,-0.13355,"b15720a4-f4ef-477d-9d40-fbd7027f8086",4,67.42,46.72,0.0752,0.3238,0.1614,"LargeCentralMetro",0,0,0,0,0,"London",1,"Lambeth 008",48,1,178,85,976,0.48,0.4672,0.6742,0.6742,1,0.52247191011236,93,101,151,151,1.01305445373711,0.858610554828621,1.18701326974399,1,0,0.545,4,"1.01 to 1.25","Not Significant","0.40-0.59"
"E02000635","Lambeth 018",NA,531610,174342,51.4528,-0.10725,"08cebabc-00e6-4769-a6e6-7b506b4574c5",3,69.54,46.34,0.0585,0.2532,0.1275,"LargeCentralMetro",0,0,0,0,0,"London",1,"Lambeth 018",32,1,174,56,848,0.32,0.4634,0.6954,0.6954,1,0.67816091954023,118,99,152,152,1.22339140291012,1.04746211217764,1.42024409917826,1,1,0.995,6,"1.01 to 1.25","Significant Increase","0.80-1.00"
"E02000636","Lambeth 019",NA,529326,174577,51.4554,-0.14002,"8d5970a6-985c-446e-ab00-9bb64181cc05",3,63.91,46.28,0.0541,0.0883,0.0851,"LargeCentralMetro",0,0,0,0,0,"London",1,"Lambeth 019",41,1,169,69,940,0.41,0.4628,0.6391,0.6391,1,0.591715976331361,100,96,153,153,1.10986312503121,0.943308558076073,1.29714238497005,1,0,0.893,6,"1.01 to 1.25","Not Significant","0.80-1.00"
"E02000647","Lambeth 030",NA,531296,171603,51.4282,-0.11278,"2b9008b5-84a7-480e-baed-f97c60096dcd",2,24.24,45.43,0.0814,0.1886,0.1407,"LargeCentralMetro",0,0,0,0,0,"London",1,"Lambeth 030",61,1,165,101,1215,0.61,0.4543,0.2424,0.2424,1,0.387878787878788,64,94,154,154,0.724150893080915,0.599590280573163,0.866824375152344,-2,-1,0,1,"0.51 to 0.75","Significant Decrease","<0.01"
"E02000648","Lambeth 031",NA,532112,171289,51.4252,-0.10117,"b21752e0-9415-44e6-94ca-faba5991d9bf",3,63.43,51.57,0.0556,0.3547,0.1485,"LargeCentralMetro",0,0,0,0,0,"London",3,"Lambeth 031",31,1,134,42,859,0.31,0.5157,0.6343,0.6343,3,0.686567164179104,92,76,155,155,1.21411855554976,1.02274413290886,1.43077396347527,1,1,0.987,6,"1.01 to 1.25","Significant Increase","0.80-1.00"
"E02000657","Lewisham 005",NA,536845,176528,51.4712,-0.03111,"572deccc-e215-443e-a45d-655f497da377",2,57.14,46.06,0.0744,0.2771,0.1327,"LargeCentralMetro",0,0,0,0,0,"London",1,"Lewisham 005",32,1,119,38,597,0.32,0.4606,0.5714,0.5714,1,0.680672268907563,81,67,156,156,1.18342650110104,0.988491963014804,1.40547667660255,1,0,0.966,6,"1.01 to 1.25","Not Significant","0.80-1.00"
"E02000662","Lewisham 010",NA,536033,175598,51.463,-0.04315,"e50d9ff4-3ab5-4a8e-b9c1-0bca8048addb",2,36.63,50.38,0.0633,0.3361,0.1249,"LargeCentralMetro",0,0,0,0,0,"London",1,"Lewisham 010",50,1,202,101,1846,0.5,0.5038,0.3663,0.3663,1,0.5,101,115,157,157,0.89897700676949,0.762342770256043,1.05290765669492,-1,0,0.091,2,"0.76 to 0.99","Not Significant","0.01-0.20"
"E02000702","Merton 014",NA,528808,168321,51.3993,-0.14974,"99d6ec62-e32b-45f4-a731-5f603cab9658",2,33.79,44.53,0.1757,0.2643,0.1256,"LargeCentralMetro",0,0,0,0,0,"London",2,"Merton 014",33,1,145,48,813,0.33,0.4453,0.3379,0.3379,2,0.668965517241379,97,82,158,158,1.09093562113314,0.9177197900728,1.28734175504874,1,0,0.832,6,"1.01 to 1.25","Not Significant","0.80-1.00"
"E02000704","Merton 016",NA,523273,168928,51.406,-0.22906,"d844f57a-a6c5-42b7-8bfa-3ec81d6fa7b2",3,41.01,48.28,0.1471,0.0565,0.1059,"LargeCentralMetro",0,0,0,0,0,"London",7,"Merton 016",45,1,139,63,988,0.45,0.4828,0.4101,0.4101,7,0.546762589928058,76,79,159,159,0.983116397801101,0.820465031032895,1.16844715782799,-1,0,0.407,4,"0.76 to 0.99","Not Significant","0.40-0.59"
"E02000707","Merton 019",NA,529915,168175,51.3977,-0.13389,"35f19bf0-fb06-44e6-8c2f-2caa55593018",2,39.63,42.72,0.1718,0.3518,0.1096,"LargeCentralMetro",0,0,0,0,0,"London",3,"Merton 019",47,1,164,77,1119,0.47,0.4272,0.3963,0.3963,3,0.530487804878049,87,93,160,160,0.974180851251583,0.819614420524872,1.14926756228986,-1,0,0.364,3,"0.76 to 0.99","Not Significant","0.20-0.39"
"E02000710","Merton 022",NA,527617,167920,51.396,-0.167,"da458665-84d5-42c9-b5b7-dc835ad0e228",4,41.57,50.58,0.2191,0.1475,0.1055,"LargeCentralMetro",0,0,0,0,0,"London",2,"Merton 022",36,1,89,32,690,0.36,0.5058,0.4157,0.4157,2,0.640449438202247,57,50,161,161,1.07938691572338,0.882318425767853,1.30736301689179,1,0,0.761,5,"1.01 to 1.25","Not Significant","0.60-0.79"
"E02000718","Newham 005",NA,542943,185065,51.5464,0.060085,"66d469d7-c859-403e-97aa-0132d58d943a",2,60.98,38.37,0.547,0.2119,0.0811,"LargeCentralMetro",0,0,0,0,0,"London",4,"Newham 005",42,1,264,111,1329,0.42,0.3837,0.6098,0.6098,4,0.579545454545455,153,150,162,162,1.08642867236577,0.945769803655676,1.24192041650695,1,0,0.876,6,"1.01 to 1.25","Not Significant","0.80-1.00"
"E02000730","Newham 017",NA,540764,184040,51.5377,0.028273,"5aa98446-5b52-4b4d-baa0-43f902e9a2c0",1,45.43,13.17,0.7341,0.0745,0.0616,"LargeCentralMetro",0,0,0,0,0,"London",1,"Newham 017",45.01,2,361,162,2376,0.4501,0.1317,0.4543,0.4543,1,0.551246537396122,199,205,163,163,1.00970749982932,0.890159466297198,1.14070408910961,0,0,0.547,4,"1.00-1.009 (null value)","Not Significant","0.40-0.59"
"E02000742","Newham 029",NA,542484,182415,51.5227,0.052399,"b9890818-46be-4ba3-b077-cbaed2710c99",2,68.2,53.67,0.4015,0.1852,0.0881,"LargeCentralMetro",0,0,0,0,0,"London",2,"Newham 029",62,1,261,162,2046,0.62,0.5367,0.682,0.682,2,0.379310344827586,99,148,164,164,0.818722555058988,0.700610358455152,0.950717287317902,-1,-1,0.004,1,"0.76 to 0.99","Significant Decrease","<0.01"
"E02000748","Newham 035",NA,542562,181252,51.5122,0.053053,"cca793fc-f0ec-44b6-8f67-1fb00bc05e84",1,65.33,45.43,0.1898,0.1695,0.0972,"LargeCentralMetro",0,0,0,0,0,"London",2,"Newham 035",42,2,274,115,1631,0.42,0.4543,0.6533,0.6533,2,0.58029197080292,159,155,165,165,1.07701235384709,0.939024368611978,1.22940075816002,1,0,0.852,6,"1.01 to 1.25","Not Significant","0.80-1.00"
"E02000751","Redbridge 001",NA,540278,192651,51.6152,0.024705,"f625cbd7-f3b4-4833-9c8f-d73920e44ff7",1,11.98,49.85,0.1944,0.0506,0.0849,"LargeCentralMetro",0,0,0,0,0,"London",2,"Redbridge 001",65,1,242,157,1635,0.65,0.4985,0.1198,0.1198,2,0.351239669421488,85,137,166,166,0.657664266177744,0.553637729005348,0.775435004460799,-2,-1,0,1,"0.51 to 0.75","Significant Decrease","<0.01"
"E02000752","Redbridge 002",NA,547523,192308,51.6103,0.129127,"2a962c18-6d23-4fb6-9a78-8c823bafb5a3",1,35.46,47.62,0.2332,0.1165,0.0888,"LargeCentralMetro",0,0,0,0,0,"London",5,"Redbridge 002",38,1,141,54,863,0.38,0.4762,0.3546,0.3546,5,0.617021276595745,87,80,167,167,1.04551183432134,0.876411134857748,1.23767826432643,1,0,0.677,5,"1.01 to 1.25","Not Significant","0.60-0.79"
"E02000756","Redbridge 006",NA,544368,190945,51.5989,0.083035,"efe45e84-792b-40fb-a8bc-4b586e6ac878",1,26.17,47.3,0.3233,0.0765,0.0896,"LargeCentralMetro",0,0,0,0,0,"London",7,"Redbridge 006",57,1,149,85,981,0.57,0.473,0.2617,0.2617,7,0.429530201342282,64,85,168,168,0.807063480450893,0.668698206909164,0.965464280101125,-1,-1,0.01,2,"0.76 to 0.99","Significant Decrease","0.01-0.20"
"E02000758","Redbridge 008",NA,542845,190528,51.5955,0.060892,"e9fee74b-e808-4bb6-a38e-af3f45b4024e",1,30.17,45.38,0.4615,0.0966,0.1129,"LargeCentralMetro",0,0,0,0,0,"London",4,"Redbridge 008",21,1,179,38,1115,0.21,0.4538,0.3017,0.3017,4,0.787709497206704,141,102,169,169,1.22824154173711,1.05376936397771,1.42335674758249,1,1,0.996,6,"1.01 to 1.25","Significant Increase","0.80-1.00"
"E02000759","Redbridge 009",NA,541347,190292,51.5938,0.039185,"135b560f-fa4c-417f-b706-0e27db0cb387",1,25.33,47.74,0.2441,0.1058,0.1101,"LargeCentralMetro",0,0,0,0,0,"London",3,"Redbridge 009",49,1,229,112,1659,0.49,0.4774,0.2533,0.2533,3,0.510917030567686,117,130,170,170,0.878111661485325,0.749551590925191,1.02232786782153,-1,0,0.046,2,"0.76 to 0.99","Not Significant","0.01-0.20"
"E02000763","Redbridge 013",NA,546333,190199,51.5916,0.111075,"0e32b842-f793-4184-8797-070cee46dae7",1,31.65,48.97,0.5179,0.0774,0.0981,"LargeCentralMetro",0,0,0,0,0,"London",6,"Redbridge 013",48,1,237,114,1693,0.48,0.4897,0.3165,0.3165,6,0.518987341772152,123,134,171,171,0.916386467200687,0.785374850346065,1.06290934658784,-1,0,0.121,2,"0.76 to 0.99","Not Significant","0.01-0.20"
"E02000768","Redbridge 018",NA,541109,188410,51.5769,0.034995,"ac82be99-b119-4df2-9f20-7be56b51edb9",2,24.12,45.8,0.2059,0.0551,0.0947,"LargeCentralMetro",0,0,0,0,0,"London",2,"Redbridge 018",50,1,228,114,1489,0.5,0.458,0.2412,0.2412,2,0.5,114,129,172,172,0.869664267301799,0.741587394128794,1.01343364242846,-1,0,0.036,2,"0.76 to 0.99","Not Significant","0.01-0.20"
"E02000770","Redbridge 020",NA,545041,188053,51.5727,0.091551,"a98eb5d2-e161-44db-ab03-b4dd0a18ff01",1,36.76,40.95,0.6063,0.0762,0.1068,"LargeCentralMetro",0,0,0,0,0,"London",4,"Redbridge 020",59,1,185,109,1111,0.59,0.4095,0.3676,0.3676,4,0.410810810810811,76,105,173,173,0.799670279650473,0.670148143755168,0.946727018127308,-1,-1,0.005,1,"0.76 to 0.99","Significant Decrease","<0.01"
"E02000772","Redbridge 022",NA,546491,188252,51.5741,0.112542,"f8988334-aa70-45e4-96f3-1ac89c828bb9",1,27.37,48.42,0.5954,0.1034,0.0952,"LargeCentralMetro",0,0,0,0,0,"London",2,"Redbridge 022",57,1,179,102,1237,0.57,0.4842,0.2737,0.2737,2,0.430167597765363,77,102,174,174,0.790336152482139,0.660825356569814,0.937679949550782,-1,-1,0.004,1,"0.76 to 0.99","Significant Decrease","<0.01"
"E02000788","Richmond upon Thames 005",NA,520974,175158,51.4625,-0.25997,"020d57d9-aeb2-40fd-ae69-5276a96c7e27",1,35.85,47.21,0.0592,0.0108,0.1019,"LargeCentralMetro",0,0,0,0,0,"London",2,"Richmond upon Thames 005",42,1,106,45,771,0.42,0.4721,0.3585,0.3585,2,0.575471698113208,61,60,175,175,0.963882453139735,0.790701381071435,1.1637251496513,-1,0,0.335,3,"0.76 to 0.99","Not Significant","0.20-0.39"
"E02000789","Richmond upon Thames 006",NA,518896,174322,51.4554,-0.29015,"c9d5e09f-68e2-4365-9ed1-5c1dc3913ff3",2,31.25,40.28,0.0992,0.0138,0.0936,"LargeCentralMetro",0,0,0,0,0,"London",1,"Richmond upon Thames 006",53,1,112,59,792,0.53,0.4028,0.3125,0.3125,1,0.473214285714286,53,64,176,176,0.8591064562433,0.702759683667001,1.03976243249189,-1,0,0.058,2,"0.76 to 0.99","Not Significant","0.01-0.20"
"E02000792","Richmond upon Thames 009",NA,517159,174028,51.4531,-0.31523,"62bcc5b7-4ed2-4929-86e8-6ed1f896a906",2,16.06,38.53,0.0564,0.0133,0.0803,"LargeCentralMetro",0,0,0,0,0,"London",1,"Richmond upon Thames 009",61,1,193,118,1199,0.61,0.3853,0.1606,0.1606,1,0.38860103626943,75,109,177,177,0.726465408406421,0.606858141874163,0.862622416837012,-2,-1,0,1,"0.51 to 0.75","Significant Decrease","<0.01"
"E02000795","Richmond upon Thames 012",NA,519655,172867,51.4422,-0.27972,"7c5a582d-a30e-419a-bcc3-7f702df85391",1,19.56,42.13,0.0602,0.0107,0.0861,"LargeCentralMetro",0,0,0,0,0,"London",2,"Richmond upon Thames 012",64,1,225,144,1277,0.64,0.4213,0.1956,0.1956,2,0.36,81,128,178,178,0.68781054870475,0.578127780194857,0.812094832776333,-2,-1,0,1,"0.51 to 0.75","Significant Decrease","<0.01"
"E02000798","Richmond upon Thames 015",NA,514146,172481,51.4398,-0.35908,"213ef4f0-b360-4c90-bf1d-c0438823b911",2,13.37,93.84,0.0928,0.0202,0.0904,"LargeCentralMetro",0,0,0,0,0,"London",1,"Richmond upon Thames 015",80,1,202,162,1314,0.8,0.9384,0.1337,0.1337,1,0.198019801980198,40,115,179,179,0.469140131098476,0.382280298595443,0.569581893402334,-3,-1,0,1,"0.26 to 0.5","Significant Decrease","<0.01"
"E02000805","Richmond upon Thames 022",NA,517064,170551,51.4219,-0.31775,"0d1d1164-5c70-40ef-84ac-58658d65b039",2,11.81,42.86,0.0651,0.0181,0.0766,"LargeCentralMetro",0,0,0,0,0,"London",6,"Richmond upon Thames 022",66,1,237,156,1302,0.66,0.4286,0.1181,0.1181,6,0.341772151898734,81,134,180,180,0.665284240061772,0.559632891123157,0.78492071502149,-2,-1,0,1,"0.51 to 0.75","Significant Decrease","<0.01"
"E02000816","Southwark 010",NA,534459,178535,51.4898,-0.06468,"2cc2f8f0-4b51-4cd9-9f39-7c615c6471bc",4,58.29,65.92,0.0876,0.2126,0.1328,"LargeCentralMetro",0,0,0,0,0,"London",1,"Southwark 010",51.34,2,350,180,2051,0.5134,0.6592,0.5829,0.5829,1,0.485714285714286,170,199,181,181,0.898522207593422,0.786263006691742,1.02217180898484,-1,0,0.051,2,"0.76 to 0.99","Not Significant","0.01-0.20"
"E02000821","Southwark 015",NA,533418,178125,51.4864,-0.07982,"f82bc42f-03cf-45cb-90e6-2ad3ada51e85",4,57.83,38.9,0.0782,0.3862,0.2357,"LargeCentralMetro",0,0,0,0,0,"London",1,"Southwark 015",40,1,166,66,1000,0.4,0.389,0.5783,0.5783,1,0.602409638554217,100,94,182,182,1.05099433875436,0.888712521326308,1.2342406466372,1,0,0.709,5,"1.01 to 1.25","Not Significant","0.60-0.79"
"E02000827","Southwark 021",NA,532201,176940,51.476,-0.09778,"2744917d-731b-4d03-9391-a6cc3a00950f",3,37.88,49.08,0.0835,0.3859,0.1696,"LargeCentralMetro",0,0,0,0,0,"London",1,"Southwark 021",60,2,132,79,1306,0.6,0.4908,0.3788,0.3788,1,0.401515151515151,53,75,183,183,0.791845006653028,0.649604061414277,0.955770262359247,-1,-1,0.008,1,"0.76 to 0.99","Significant Decrease","<0.01"
"E02000831","Southwark 025",NA,534089,175900,51.4662,-0.071,"9d05d7cd-9663-4d22-80fb-3008995f2e85",3,56.69,43.49,0.0552,0.2309,0.1202,"LargeCentralMetro",0,0,0,0,0,"London",1,"Southwark 025",16,1,157,25,745,0.16,0.4349,0.5669,0.5669,1,0.840764331210191,132,89,184,184,1.39363194044706,1.19496681424678,1.61583229887418,2,1,1,6,"1.26 to 1.50","Significant Increase","0.80-1.00"
"E02000833","Southwark 027",NA,533095,175339,51.4614,-0.08552,"d64cb56d-0a3a-4c99-9c01-58ba86cc3975",2,29.21,47.86,0.0997,0.3287,0.1332,"LargeCentralMetro",0,0,0,0,0,"London",1,"Southwark 027",61,1,178,109,1193,0.61,0.4786,0.2921,0.2921,1,0.387640449438202,69,101,185,185,0.750822828554031,0.625129833257587,0.894193386175068,-1,-1,0.001,1,"0.76 to 0.99","Significant Decrease","<0.01"
"E02000839","Southwark 033",NA,533672,172042,51.4316,-0.07846,"a1dd2969-3337-4dad-b96d-8d1cd0147729",1,27.31,49.54,0.0972,0.1989,0.1271,"LargeCentralMetro",0,0,0,0,0,"London",5,"Southwark 033",62,1,260,161,1728,0.62,0.4954,0.2731,0.2731,5,0.380769230769231,99,147,186,186,0.723386365982861,0.614753917346031,0.845535546984028,-2,-1,0,1,"0.51 to 0.75","Significant Decrease","<0.01"
"E02000842","Sutton 003",NA,524726,166097,51.3802,-0.20917,"13b60410-773e-4957-a141-4cf231fb08fc",4,22.31,53.52,0.2072,0.0458,0.0833,"LargeCentralMetro",0,0,0,0,0,"London",5,"Sutton 003",58,1,242,140,1532,0.58,0.5352,0.2231,0.2231,5,0.421487603305785,102,137,187,187,0.778454927963362,0.661846323855994,0.909562891523092,-1,-1,0.001,1,"0.76 to 0.99","Significant Decrease","<0.01"
"E02000846","Sutton 007",NA,525863,165658,51.376,-0.193,"88e5c84e-75d5-46e9-9879-7e9e008e8bb9",4,27.31,47.81,0.2118,0.0503,0.0796,"LargeCentralMetro",0,0,0,0,0,"London",4,"Sutton 007",49,1,238,117,1692,0.49,0.4781,0.2731,0.2731,4,0.508403361344538,121,135,188,188,0.903116826642684,0.773799415857527,1.04776201926227,-1,0,0.087,2,"0.76 to 0.99","Not Significant","0.01-0.20"
"E02000848","Sutton 009",NA,524023,164998,51.3705,-0.21965,"d1370384-c778-4866-bb95-75a2cb080ca1",2,18.58,46.67,0.1897,0.027,0.0713,"LargeCentralMetro",0,0,0,0,0,"London",2,"Sutton 009",58,1,296,172,1935,0.58,0.4667,0.1858,0.1858,2,0.418918918918919,124,168,189,189,0.758807650049063,0.651770942179839,0.878300510199745,-1,-1,0,1,"0.76 to 0.99","Significant Decrease","<0.01"
"E02000857","Sutton 018",NA,525574,163676,51.3583,-0.19785,"a68df205-121e-4bc0-b9c4-9d29e8c20e07",4,19.7,45.33,0.2103,0.0638,0.0898,"LargeCentralMetro",0,0,0,0,0,"London",7,"Sutton 018",44,1,203,89,1275,0.44,0.4533,0.197,0.197,7,0.561576354679803,114,115,190,190,0.954895094378,0.813224039992956,1.11409375112922,-1,0,0.269,3,"0.76 to 0.99","Not Significant","0.20-0.39"
"E02000868","Tower Hamlets 005",NA,534610,183086,51.5307,-0.06077,"a8a1b284-c55e-4d18-ae8f-50ba1987ddd6",3,61.61,54.09,0.3639,0.0576,0.0957,"LargeCentralMetro",0,0,0,0,0,"London",1,"Tower Hamlets 005",46,1,112,52,782,0.46,0.5409,0.6161,0.6161,1,0.535714285714286,60,64,191,191,1.0342165202479,0.85491485468857,1.2397745319295,1,0,0.62,5,"1.01 to 1.25","Not Significant","0.60-0.79"
"E02000870","Tower Hamlets 007",NA,535403,182832,51.5282,-0.04944,"f8a043f2-8ce2-4950-bbc6-3186f5cfbae0",2,66.37,43.87,0.3887,0.0711,0.0751,"LargeCentralMetro",0,0,0,0,0,"London",1,"Tower Hamlets 007",46,1,226,104,1525,0.46,0.4387,0.6637,0.6637,1,0.539823008849557,122,128,192,192,1.03943694590137,0.894675453841939,1.20072571337286,1,0,0.683,5,"1.01 to 1.25","Not Significant","0.60-0.79"
"E02000871","Tower Hamlets 008",NA,537853,182540,51.525,-0.01426,"d9749cee-bbd2-46af-9cd3-21f5aad041e7",2,69.15,23.69,0.5278,0.1091,0.089,"LargeCentralMetro",0,0,0,0,0,"London",1,"Tower Hamlets 008",27,1,94,25,857,0.27,0.2369,0.6915,0.6915,1,0.734042553191489,69,53,193,193,1.35061746924029,1.12090716049548,1.61336645109597,2,1,0.999,6,"1.26 to 1.50","Significant Increase","0.80-1.00"
"E02000872","Tower Hamlets 009",NA,534154,182465,51.5252,-0.06758,"a51d6b0c-3a9a-4794-813e-4fe840b5adbe",2,67.61,41.33,0.437,0.0604,0.091,"LargeCentralMetro",0,0,0,0,0,"London",1,"Tower Hamlets 009",44,1,176,77,992,0.44,0.4133,0.6761,0.6761,1,0.5625,99,100,194,194,1.07791164141496,0.916636786334054,1.25915418943068,1,0,0.812,6,"1.01 to 1.25","Not Significant","0.80-1.00"
"E02000876","Tower Hamlets 013",NA,534621,182234,51.523,-0.06094,"7e18f360-3a52-42fc-a80f-b9ec05f5f063",3,63.78,35.9,0.5309,0.052,0.0862,"LargeCentralMetro",0,0,0,0,0,"London",1,"Tower Hamlets 013",44,1,196,86,1245,0.44,0.359,0.6378,0.6378,1,0.561224489795918,110,111,195,195,1.0720333446671,0.916836645446902,1.24575329807662,1,0,0.802,6,"1.01 to 1.25","Not Significant","0.80-1.00"
"E02000881","Tower Hamlets 018",NA,538068,181789,51.5182,-0.01146,"ab70098b-e0f6-43f6-82a1-b95b71664812",2,72.05,48.42,0.4781,0.1215,0.0907,"LargeCentralMetro",0,0,0,0,0,"London",1,"Tower Hamlets 018",42,1,161,68,950,0.42,0.4842,0.7205,0.7205,1,0.577639751552795,93,91,196,196,1.11909216345191,0.948465673871905,1.31129090158007,1,0,0.906,6,"1.01 to 1.25","Not Significant","0.80-1.00"
"E02000882","Tower Hamlets 019",NA,536113,181597,51.5169,-0.03969,"9532d0bd-baae-4a7b-b3d9-997e4a1c0878",2,62.05,43.46,0.5842,0.0771,0.0644,"LargeCentralMetro",0,0,0,0,0,"London",1,"Tower Hamlets 019",49,1,195,96,1438,0.49,0.4346,0.6205,0.6205,1,0.507692307692308,99,111,197,197,0.999206594877163,0.850938778769175,1.16561822575545,-1,0,0.479,4,"0.76 to 0.99","Not Significant","0.40-0.59"
"E02000884","Tower Hamlets 021",NA,534186,181288,51.5146,-0.06756,"0cb2ce24-a27a-4839-af03-d00a774ec074",1,67.57,40.48,0.5137,0.0444,0.0905,"LargeCentralMetro",0,0,0,0,0,"London",1,"Tower Hamlets 021",65,2,37,24,546,0.65,0.4048,0.6757,0.6757,1,0.351351351351351,13,21,198,198,1.05381439912322,0.822611376947502,1.32925269267393,1,0,0.643,5,"1.01 to 1.25","Not Significant","0.60-0.79"
"E02000893","Tower Hamlets 030",NA,538296,178711,51.4904,-0.00938,"66015edd-f4d3-4e92-9de4-6e9e0e4dad78",2,73.08,50.74,0.3386,0.0611,0.0972,"LargeCentralMetro",0,0,0,0,0,"London",2,"Tower Hamlets 030",40,1,156,62,1084,0.4,0.5074,0.7308,0.7308,2,0.602564102564103,94,88,199,199,1.14672350198342,0.971418244638723,1.34429352193453,1,0,0.946,6,"1.01 to 1.25","Not Significant","0.80-1.00"
"E02000895","Waltham Forest 001",NA,537936,194880,51.6358,-0.00822,"f656c86c-5cc9-4626-9ed7-83ea5a3ec8f7",4,32.16,47.88,0.1021,0.1161,0.124,"LargeCentralMetro",0,0,0,0,0,"London",4,"Waltham Forest 001",52,1,227,118,1512,0.52,0.4788,0.3216,0.3216,4,0.480176211453745,109,129,200,200,0.862369799632468,0.734951251266362,1.00541713393762,-1,0,0.029,2,"0.76 to 0.99","Not Significant","0.01-0.20"
"E02000897","Waltham Forest 003",NA,539355,193522,51.6233,0.011729,"19fcfc7f-a921-409e-bbdb-474297ffb777",4,35.8,48.46,0.0956,0.1243,0.1131,"LargeCentralMetro",0,0,0,0,0,"London",7,"Waltham Forest 003",50,1,162,81,1133,0.5,0.4846,0.358,0.358,7,0.5,81,92,201,201,0.91683576297739,0.768839288310835,1.08487014240937,-1,0,0.15,2,"0.76 to 0.99","Not Significant","0.01-0.20"
"E02000901","Waltham Forest 007",NA,539062,191671,51.6067,0.006765,"a2ab8e1b-e377-4616-98fe-22ef37160087",2,25.22,47.43,0.0984,0.0977,0.1127,"LargeCentralMetro",0,0,0,0,0,"London",2,"Waltham Forest 007",43,1,230,99,1556,0.43,0.4743,0.2522,0.2522,2,0.569565217391304,131,130,202,202,0.954901908604912,0.818978413674614,1.10689403573376,-1,0,0.261,3,"0.76 to 0.99","Not Significant","0.20-0.39"
"E02000902","Waltham Forest 008",NA,537859,191221,51.603,-0.01077,"af9c1a7f-97a7-47a0-a6db-bc7b309c9c70",2,45.54,40.1,0.1928,0.1682,0.1425,"LargeCentralMetro",0,0,0,0,0,"London",2,"Waltham Forest 008",31,1,112,35,606,0.31,0.401,0.4554,0.4554,2,0.6875,77,64,203,203,1.11825885479482,0.928782998510957,1.33503887281987,1,0,0.877,6,"1.01 to 1.25","Not Significant","0.80-1.00"
"E02000904","Waltham Forest 010",NA,538939,190623,51.5973,0.004576,"9c0f397c-8883-49f1-900f-48abfb9c9b23",1,80,32.33,0.1997,0.1607,0.1168,"LargeCentralMetro",0,0,0,0,0,"London",5,"Waltham Forest 010",33,1,165,54,866,0.33,0.3233,0.8,0.8,5,0.672727272727273,111,94,204,204,1.2707595778916,1.08691828922275,1.47653483614339,2,1,0.999,6,"1.26 to 1.50","Significant Increase","0.80-1.00"
"E02000905","Waltham Forest 011",NA,537329,190287,51.5947,-0.01879,"70f2316c-2d1b-496e-88c3-d65192fb3034",2,50.92,43.71,0.2025,0.133,0.1151,"LargeCentralMetro",0,0,0,0,0,"London",5,"Waltham Forest 011",46,1,163,75,993,0.46,0.4371,0.5092,0.5092,5,0.539877300613497,88,92,205,205,1.00613348594833,0.848270593460676,1.18467606915615,0,0,0.511,4,"1.00-1.009 (null value)","Not Significant","0.40-0.59"
"E02000907","Waltham Forest 013",NA,538116,189471,51.5872,-0.00775,"b86ae260-778e-471f-8749-44569f018db8",2,33.24,70.58,0.1701,0.2495,0.1349,"LargeCentralMetro",0,0,0,0,0,"London",3,"Waltham Forest 013",52.53,2,349,183,2026,0.5253,0.7058,0.3324,0.3324,3,0.475644699140401,166,198,206,206,0.837604568733422,0.729899708605254,0.956639908132383,-1,-1,0.005,1,"0.76 to 0.99","Significant Decrease","<0.01"
"E02000908","Waltham Forest 014",NA,535520,189802,51.5908,-0.04507,"0ef3c7e5-2c76-4f80-a5ea-b40ff68635d3",1,39.09,59.14,0.1687,0.154,0.1286,"LargeCentralMetro",0,0,0,0,0,"London",5,"Waltham Forest 014",39,2,110,43,1111,0.39,0.5914,0.3909,0.3909,5,0.609090909090909,67,62,207,207,1.00425317204504,0.8274336534883,1.2076877130888,0,0,0.497,4,"1.00-1.009 (null value)","Not Significant","0.40-0.59"
"E02000912","Waltham Forest 018",NA,535819,188095,51.5754,-0.04142,"eedc699d-dd51-4706-8f32-d721caf1bad7",1,58.08,39.38,0.2941,0.1455,0.1243,"LargeCentralMetro",0,0,0,0,0,"London",4,"Waltham Forest 018",32,1,167,53,876,0.32,0.3938,0.5808,0.5808,4,0.682634730538922,114,95,208,208,1.19029697692435,1.0153140732484,1.38666566546629,1,1,0.984,6,"1.01 to 1.25","Significant Increase","0.80-1.00"
"E02000915","Waltham Forest 021",NA,539118,187676,51.5708,0.005993,"85a8c3ae-a522-4fcf-a52f-ac6d13db4e0d",1,33.54,36.84,0.2085,0.1265,0.1058,"LargeCentralMetro",0,0,0,0,0,"London",2,"Waltham Forest 021",59,1,164,97,809,0.59,0.3684,0.3354,0.3354,2,0.408536585365854,67,93,209,209,0.797733105023142,0.663878425505124,0.950456023914914,-1,-1,0.006,1,"0.76 to 0.99","Significant Decrease","<0.01"
"E02000925","Wandsworth 003",NA,527683,176386,51.472,-0.163,"ad3f68c3-730b-420d-a3f8-697c87973003",4,87.16,49.18,0.0919,0.2208,0.1267,"LargeCentralMetro",0,0,0,0,0,"London",1,"Wandsworth 003",65,1,109,71,797,0.65,0.4918,0.8716,0.8716,1,0.348623853211009,38,62,210,210,0.965076608916861,0.791948281900892,1.1640533437286,-1,0,0.34,3,"0.76 to 0.99","Not Significant","0.20-0.39"
"E02000926","Wandsworth 004",NA,526772,176431,51.4726,-0.17609,"f494f8df-5190-4c2a-bb22-6503009818ff",1,42.86,38.62,0.0945,0.1048,0.1201,"LargeCentralMetro",0,0,0,0,0,"London",2,"Wandsworth 004",26,1,77,20,448,0.26,0.3862,0.4286,0.4286,2,0.74025974025974,57,44,211,211,1.14182125417136,0.929371822995017,1.38845394111625,1,0,0.893,6,"1.01 to 1.25","Not Significant","0.80-1.00"
"E02000937","Wandsworth 015",NA,527394,174183,51.4523,-0.16795,"32189b19-c28c-45fc-99b8-a152d86a0b5a",1,46.09,45.89,0.0511,0.0566,0.0774,"LargeCentralMetro",0,0,0,0,0,"London",1,"Wandsworth 015",60,1,115,69,560,0.6,0.4589,0.4609,0.4609,1,0.4,46,65,212,212,0.854697572396452,0.699348488070327,1.03395757580384,-1,0,0.052,2,"0.76 to 0.99","Not Significant","0.01-0.20"
"E02000938","Wandsworth 016",NA,522961,173907,51.4508,-0.23181,"5eea4fb6-e916-4288-9efb-756602c1fb17",3,54.17,45.71,0.1312,0.1115,0.141,"LargeCentralMetro",0,0,0,0,0,"London",2,"Wandsworth 016",33,1,48,16,525,0.33,0.4571,0.5417,0.5417,2,0.666666666666667,32,27,213,213,1.11061070918271,0.880190931399133,1.38299405216289,1,0,0.803,6,"1.01 to 1.25","Not Significant","0.80-1.00"
"E02000942","Wandsworth 020",NA,524687,173938,51.4507,-0.20698,"8b055895-89fb-4efb-a6b8-897c631865f9",1,38.3,41.97,0.112,0.0343,0.0866,"LargeCentralMetro",0,0,0,0,0,"London",2,"Wandsworth 020",62.4,2,342,213,2228,0.624,0.4197,0.383,0.383,2,0.37719298245614,129,194,214,214,0.731996472350298,0.632467745867204,0.842574990204059,-2,-1,0,1,"0.51 to 0.75","Significant Decrease","<0.01"
"E02000947","Wandsworth 025",NA,525335,173314,51.445,-0.19788,"d87480d2-b617-4074-bb2a-6bbc6a926dbd",1,49.57,41.07,0.0918,0.0408,0.0807,"LargeCentralMetro",0,0,0,0,0,"London",1,"Wandsworth 025",32,1,117,37,1103,0.32,0.4107,0.4957,0.4957,1,0.683760683760684,80,66,215,215,1.16747996558848,0.97372071464432,1.38845382652864,1,0,0.952,6,"1.01 to 1.25","Not Significant","0.80-1.00"
"E02000949","Wandsworth 027",NA,527296,172907,51.4409,-0.16982,"25b499f9-2168-4e00-86bd-25cb3f30d95e",3,42.55,45.32,0.0717,0.0376,0.0698,"LargeCentralMetro",0,0,0,0,0,"London",1,"Wandsworth 027",48,1,141,68,982,0.48,0.4532,0.4255,0.4255,1,0.517730496453901,73,80,216,216,0.963905719670229,0.804058126482258,1.14605406367193,-1,0,0.325,3,"0.76 to 0.99","Not Significant","0.20-0.39"
"E02000958","Wandsworth 036",NA,528700,171166,51.4249,-0.15026,"2271d5c3-9921-4bdf-a68a-97d9e093ef37",1,20.66,49.66,0.1703,0.1242,0.1008,"LargeCentralMetro",0,0,0,0,0,"London",2,"Wandsworth 036",70,1,242,169,2064,0.7,0.4966,0.2066,0.2066,2,0.301652892561983,73,137,217,217,0.617375595776544,0.517683962126761,0.730465805812466,-2,-1,0,1,"0.51 to 0.75","Significant Decrease","<0.01"
"E02000961","Westminster 002",NA,525921,183257,51.5342,-0.1859,"8ea734bd-4a14-4864-95bb-53bbc4b77ad0",2,58.02,43.95,0.1381,0.0508,0.2358,"LargeCentralMetro",0,0,0,0,0,"London",2,"Westminster 002",54.97,2,293,161,1852,0.5497,0.4395,0.5802,0.5802,2,0.450511945392491,132,166,218,218,0.82063523043714,0.706936201738704,0.947300578085784,-1,-1,0.004,1,"0.76 to 0.99","Significant Decrease","<0.01"
"E02000965","Westminster 006",NA,525587,182427,51.5268,-0.19101,"4294b1aa-42a1-41e7-92a7-2f8828103f85",2,67.93,49.43,0.1208,0.0673,0.1766,"LargeCentralMetro",0,0,0,0,0,"London",1,"Westminster 006",64,1,184,118,1220,0.64,0.4943,0.6793,0.6793,1,0.358695652173913,66,104,219,219,0.780859013908657,0.65265701619364,0.92655534184816,-1,-1,0.002,1,"0.76 to 0.99","Significant Decrease","<0.01"
"E02000969","Westminster 010",NA,525484,181831,51.5215,-0.19271,"92619676-5178-413a-a56d-71ba974bbd80",6,57.56,46.25,0.1507,0.1617,0.3158,"LargeCentralMetro",0,0,0,0,0,"London",1,"Westminster 010",55,1,172,95,1094,0.55,0.4625,0.5756,0.5756,1,0.447674418604651,77,98,220,220,0.799302637223338,0.665674749799585,0.95179348243362,-1,-1,0.006,1,"0.76 to 0.99","Significant Decrease","<0.01"
"E02000970","Westminster 011",NA,528411,181557,51.5183,-0.15064,"99ca1d2f-0d42-4acf-b996-2d204bde84c4",1,28.86,92.66,0.1611,0.025,0.1496,"LargeCentralMetro",0,0,0,0,0,"London",1,"Westminster 011",64,1,149,95,1076,0.64,0.9266,0.2886,0.2886,1,0.36241610738255,54,85,221,221,0.645103434511188,0.526284905874529,0.782668981931334,-2,-1,0,1,"0.51 to 0.75","Significant Decrease","<0.01"
"E02000979","Westminster 020",NA,529780,179631,51.5007,-0.13163,"a8d0b1d8-1451-45b6-94bc-0d624938a367",6,32.97,55.93,0.1609,0.061,0.1495,"LargeCentralMetro",0,0,0,0,0,"London",1,"Westminster 020",61.1,2,273,167,1797,0.611,0.5593,0.3297,0.3297,1,0.388278388278388,106,155,222,222,0.724721092545679,0.617800106980427,0.844697559459055,-2,-1,0,1,"0.51 to 0.75","Significant Decrease","<0.01"
"E02000983","Westminster 024",NA,529699,178209,51.488,-0.13332,"0bafebc8-df90-47f9-9f40-fb2d041bccf1",4,54.55,49.79,0.1697,0.0802,0.1846,"LargeCentralMetro",0,0,0,0,0,"London",1,"Westminster 024",48,2,396,190,2334,0.48,0.4979,0.5455,0.5455,1,0.52020202020202,206,225,223,223,0.924098247700066,0.815212247469436,1.04338152125056,-1,0,0.099,2,"0.76 to 0.99","Not Significant","0.01-0.20"
"E02000985","Bolton 002",NA,373170,413001,53.6129,-2.40702,"1b17cf24-9845-4f82-be3c-932d4687e914",6,20.17,49.26,0.0174,0.0028,0.0193,"LargeCentralMetro",0,0,0,0,0,"North West",7,"Bolton 002",53,1,238,126,1496,0.53,0.4926,0.2017,0.2017,7,0.470588235294118,112,135,224,224,0.874534309229219,0.747886577982513,1.01633236034103,-1,0,0.04,2,"0.76 to 0.99","Not Significant","0.01-0.20"
"E02000986","Bolton 003",NA,371724,412733,53.6104,-2.42885,"c178c690-5186-40fb-a341-577e14cabd93",6,26.4,45.14,0.1631,0.0069,0.0241,"LargeCentralMetro",0,0,0,0,0,"North West",8,"Bolton 003",48,1,125,60,740,0.48,0.4514,0.264,0.264,8,0.52,65,71,225,225,0.977790796906032,0.810751747338709,1.16892788783819,-1,0,0.386,3,"0.76 to 0.99","Not Significant","0.20-0.39"
"E02000988","Bolton 005",NA,371364,411523,53.5995,-2.43418,"6f388957-eeaf-42f9-bb5b-a2e032522df2",8,32.59,51.85,0.3315,0.0295,0.0376,"LargeCentralMetro",0,0,0,0,0,"North West",5,"Bolton 005",37,1,224,83,1408,0.37,0.5185,0.3259,0.3259,5,0.629464285714286,141,127,226,226,1.10664787328851,0.955821537006613,1.27440662403168,1,0,0.91,6,"1.01 to 1.25","Not Significant","0.80-1.00"
"E02000990","Bolton 007",NA,365588,412513,53.6081,-2.52156,"c315cf73-4c03-4bda-8e3f-dfbd7a6d1d70",7,13.66,47.49,0.0408,0.0112,0.0269,"LargeCentralMetro",0,0,0,0,0,"North West",7,"Bolton 007",50,1,161,80,836,0.5,0.4749,0.1366,0.1366,7,0.503105590062112,81,91,227,227,0.908471498151607,0.760928715200185,1.07615989589712,-1,0,0.129,2,"0.76 to 0.99","Not Significant","0.01-0.20"
"E02000991","Bolton 008",NA,368740,412342,53.6067,-2.47391,"c84708ad-570b-46b5-ab1f-7b3c5d0a3897",7,49.52,47.9,0.1768,0.0134,0.0319,"LargeCentralMetro",0,0,0,0,0,"North West",5,"Bolton 008",25,1,208,52,975,0.25,0.479,0.4952,0.4952,5,0.75,156,118,228,228,1.31828752664542,1.14512905909574,1.51010402728264,2,1,1,6,"1.26 to 1.50","Significant Increase","0.80-1.00"
"E02001003","Bolton 020",NA,368340,408596,53.573,-2.47957,"cf168f5a-6fa2-4e0c-b239-06b4b3082419",4,37.65,45.5,0.3492,0.0106,0.0391,"LargeCentralMetro",0,0,0,0,0,"North West",6,"Bolton 020",38,1,162,62,901,0.38,0.455,0.3765,0.3765,6,0.617283950617284,100,92,229,229,1.09657051960384,0.929221208135772,1.28522922872326,1,0,0.858,6,"1.01 to 1.25","Not Significant","0.80-1.00"
"E02001004","Bolton 021",NA,370538,408264,53.5702,-2.44635,"87b9f769-02a4-4053-8bdc-c61682a3ebf5",6,38.26,47.78,0.557,0.1688,0.0789,"LargeCentralMetro",0,0,0,0,0,"North West",1,"Bolton 021",35,1,115,40,360,0.35,0.4778,0.3826,0.3826,1,0.652173913043478,75,65,230,230,1.11723096930756,0.928314126721808,1.33324561621117,1,0,0.876,6,"1.01 to 1.25","Not Significant","0.80-1.00"
"E02001006","Bolton 023",NA,370383,407466,53.563,-2.44861,"99fdd822-52c9-467e-9031-1043a7a5439b",5,43.41,63.99,0.5851,0.0632,0.0693,"LargeCentralMetro",0,0,0,0,0,"North West",1,"Bolton 023",46.09,2,258,119,1458,0.4609,0.6399,0.4341,0.4341,1,0.538759689922481,139,146,231,231,0.971163330493756,0.838964288246671,1.11815645704322,-1,0,0.331,3,"0.76 to 0.99","Not Significant","0.20-0.39"
"E02001007","Bolton 024",NA,375486,407166,53.5606,-2.37155,"f8e5a84a-a063-45ca-ba4c-62d53c2c4470",6,33.33,49.57,0.0284,0.0088,0.0173,"LargeCentralMetro",0,0,0,0,0,"North West",9,"Bolton 024",26,1,174,45,924,0.26,0.4957,0.3333,0.3333,9,0.741379310344828,129,99,232,232,1.26445845671421,1.08502098478718,1.4650074625895,2,1,0.999,6,"1.26 to 1.50","Significant Increase","0.80-1.00"
"E02001011","Bolton 028",NA,366665,406204,53.5514,-2.50461,"895df993-a321-4a15-922c-7dd673e6264d",6,21.56,49.28,0.034,0.0086,0.0285,"LargeCentralMetro",0,0,0,0,0,"North West",8,"Bolton 028",38,1,167,63,901,0.38,0.4928,0.2156,0.2156,8,0.622754491017964,104,95,233,233,1.06615769690673,0.903780415841413,1.24921189697858,1,0,0.768,5,"1.01 to 1.25","Not Significant","0.60-0.79"
"E02001017","Bolton 034",NA,375811,404887,53.5401,-2.36647,"91cc3dd1-1b45-440e-aac2-e73345bb251a",6,47.83,51.79,0.0207,0.0134,0.0255,"LargeCentralMetro",0,0,0,0,0,"North West",8,"Bolton 034",29,1,69,20,558,0.29,0.5179,0.4783,0.4783,8,0.710144927536232,49,39,234,234,1.27850604170729,1.04033840997437,1.55476588303939,2,1,0.991,6,"1.26 to 1.50","Significant Increase","0.80-1.00"
"E02001024","Bury 006",NA,378395,412032,53.6044,-2.32797,"9ffad348-8825-412e-b55e-9089815681d2",3,18.88,46.79,0.0205,0.0093,0.0184,"LargeCentralMetro",0,0,0,0,0,"North West",9,"Bury 006",45,1,196,88,1011,0.45,0.4679,0.1888,0.1888,9,0.551020408163265,108,111,235,235,0.974098195310758,0.828818472663817,1.1374118523518,-1,0,0.357,3,"0.76 to 0.99","Not Significant","0.20-0.39"
"E02001029","Bury 011",NA,380253,410097,53.5871,-2.29977,"66b5e145-69fb-4b89-b58d-27ee105322bd",6,40.76,51.55,0.3797,0.0217,0.0505,"LargeCentralMetro",0,0,0,0,0,"North West",4,"Bury 011",30,1,157,47,906,0.3,0.5155,0.4076,0.4076,4,0.700636942675159,110,89,236,236,1.19952760014634,1.01982266599329,1.40170071325287,1,1,0.986,6,"1.01 to 1.25","Significant Increase","0.80-1.00"
"E02001045","Manchester 001",NA,385188,404213,53.5344,-2.22494,"f7a445f2-679d-43e4-afb0-821e85398792",10,62.31,51.25,0.0559,0.1173,0.0595,"LargeCentralMetro",0,0,0,0,0,"North West",7,"Manchester 001",38,1,130,49,757,0.38,0.5125,0.6231,0.6231,7,0.623076923076923,81,74,237,237,1.22703542388052,1.0330792858143,1.44649900643408,1,1,0.99,6,"1.01 to 1.25","Significant Increase","0.80-1.00"
"E02001046","Manchester 002",NA,385907,403291,53.5261,-2.21405,"a6f950fe-b91a-477f-a955-ace217224d5a",10,59.21,48.9,0.1097,0.1563,0.0786,"LargeCentralMetro",0,0,0,0,0,"North West",6,"Manchester 002",30,1,152,46,908,0.3,0.489,0.5921,0.5921,6,0.697368421052632,106,86,238,238,1.28940568522706,1.09852989253969,1.50370349280734,2,1,0.999,6,"1.26 to 1.50","Significant Increase","0.80-1.00"
"E02001047","Manchester 003",NA,387903,403122,53.5246,-2.18394,"54064a31-01cf-4a8f-895e-1a4e2f8b8a81",9,57.53,52.64,0.0807,0.1657,0.0597,"LargeCentralMetro",0,0,0,0,0,"North West",6,"Manchester 003",21,1,146,31,946,0.21,0.5264,0.5753,0.5753,6,0.787671232876712,115,83,239,239,1.39816481270196,1.19428374360761,1.6267088355144,2,1,1,6,"1.26 to 1.50","Significant Increase","0.80-1.00"
"E02001052","Manchester 008",NA,384698,401544,53.5104,-2.2322,"2b7c72ee-64b0-40ef-b146-e0770747a42b",7,8.62,52.08,0.6296,0.0685,0.1176,"LargeCentralMetro",0,0,0,0,0,"North West",1,"Manchester 008",78,1,116,90,793,0.78,0.5208,0.0862,0.0862,1,0.224137931034483,26,66,240,240,0.560729784082453,0.448139688861255,0.692705902251332,-2,-1,0,1,"0.51 to 0.75","Significant Decrease","<0.01"
"E02001053","Manchester 009",NA,386374,400916,53.5048,-2.2069,"ea0dd4d5-523d-4dd4-9d36-624680079d64",10,65.24,49.28,0.1178,0.2874,0.0998,"LargeCentralMetro",0,0,0,0,0,"North West",4,"Manchester 009",33,1,187,62,1112,0.33,0.4928,0.6524,0.6524,4,0.668449197860963,125,106,241,241,1.25397031636933,1.07911290053043,1.44886299917202,2,1,0.999,6,"1.26 to 1.50","Significant Increase","0.80-1.00"
"E02001063","Manchester 019",NA,383860,396318,53.4634,-2.24457,"0f603170-11c2-40cd-aa47-3c7c1e6e4331",4,47.64,47.14,0.1852,0.1753,0.1578,"LargeCentralMetro",0,0,0,0,0,"North West",1,"Manchester 019",46,1,233,107,1275,0.46,0.4714,0.4764,0.4764,1,0.540772532188841,126,132,242,242,0.961760379882773,0.825870740380052,1.11351750133574,-1,0,0.291,3,"0.76 to 0.99","Not Significant","0.20-0.39"
"E02001064","Manchester 020",NA,387130,396335,53.4636,-2.19532,"50c4cc4f-dd52-4d7a-983a-b14142900f87",7,69.36,43.07,0.3692,0.2108,0.1118,"LargeCentralMetro",0,0,0,0,0,"North West",4,"Manchester 020",27,2,173,47,1349,0.27,0.4307,0.6936,0.6936,4,0.728323699421965,126,98,243,243,1.32803681208943,1.14184889208447,1.53573866331643,2,1,1,6,"1.26 to 1.50","Significant Increase","0.80-1.00"
"E02001067","Manchester 023",NA,388297,395436,53.4556,-2.17771,"83f1a4e3-ed35-4d87-bf49-7484b48ae5ae",7,58.26,41.36,0.2455,0.2355,0.0968,"LargeCentralMetro",0,0,0,0,0,"North West",5,"Manchester 023",16,1,115,18,689,0.16,0.4136,0.5826,0.5826,5,0.843478260869565,97,65,244,244,1.45171100105087,1.22508503563257,1.70801353935121,2,1,1,6,"1.26 to 1.50","Significant Increase","0.80-1.00"
"E02001069","Manchester 025",NA,384733,395151,53.4529,-2.23136,"fa5a51ba-d2f5-4704-83de-771728e879c3",4,83.23,33.06,0.2999,0.2063,0.1772,"LargeCentralMetro",0,0,0,0,0,"North West",1,"Manchester 025",30,1,155,46,983,0.3,0.3306,0.8323,0.8323,1,0.703225806451613,109,88,245,245,1.28979150752006,1.10011403699283,1.50258082968483,2,1,0.999,6,"1.26 to 1.50","Significant Increase","0.80-1.00"
"E02001077","Manchester 033",NA,382324,393518,53.4381,-2.26755,"53107c67-7c2c-4c1c-b04e-842fccb8a90e",5,39.24,44.37,0.2002,0.0284,0.0748,"LargeCentralMetro",0,0,0,0,0,"North West",4,"Manchester 033",43,1,288,124,1492,0.43,0.4437,0.3924,0.3924,4,0.569444444444444,164,163,246,246,1.01869358257993,0.88809314695751,1.16297663187065,1,0,0.592,4,"1.01 to 1.25","Not Significant","0.40-0.59"
"E02001083","Manchester 039",NA,383693,392504,53.4291,-2.24689,"81e1a797-7938-4382-bc32-1790ee2e1ed8",5,49.24,46.14,0.0967,0.0442,0.1027,"LargeCentralMetro",0,0,0,0,0,"North West",5,"Manchester 039",28,1,132,37,726,0.28,0.4614,0.4924,0.4924,5,0.71969696969697,95,75,247,247,1.21811825613352,1.0262844504362,1.43534138691881,1,1,0.988,6,"1.01 to 1.25","Significant Increase","0.80-1.00"
"E02001089","Manchester 045",NA,385012,390507,53.4112,-2.22694,"5c5f07a1-f247-48b3-8770-f497ad43e7cb",4,36.63,47.08,0.2182,0.0168,0.0961,"LargeCentralMetro",0,0,0,0,0,"North West",6,"Manchester 045",43.52,2,445,194,2804,0.4352,0.4708,0.3663,0.3663,6,0.564044943820225,251,252,248,248,0.995125141805745,0.886448769364078,1.11336018203642,-1,0,0.454,4,"0.76 to 0.99","Not Significant","0.40-0.59"
"E02001094","Manchester 050",NA,382170,387671,53.3856,-2.26953,"ae0abad9-0133-40ed-9c31-6a4ef2602b1c",10,62.62,51.76,0.0777,0.09,0.0725,"LargeCentralMetro",0,0,0,0,0,"North West",6,"Manchester 050",18,1,107,19,794,0.18,0.5176,0.6262,0.6262,6,0.822429906542056,88,61,249,249,1.44804001854782,1.21750107880286,1.70938736545426,2,1,1,6,"1.26 to 1.50","Significant Increase","0.80-1.00"
"E02001095","Manchester 051",NA,381245,387333,53.3825,-2.28342,"a478fa3b-ad09-437e-a725-300c55c2f1aa",10,48.99,51.53,0.0686,0.0666,0.0593,"LargeCentralMetro",0,0,0,0,0,"North West",8,"Manchester 051",30,1,149,45,782,0.3,0.5153,0.4899,0.4899,8,0.697986577181208,104,85,250,250,1.25285751312204,1.06497900704277,1.46416645571085,2,1,0.997,6,"1.26 to 1.50","Significant Increase","0.80-1.00"
"E02001098","Oldham 001",NA,392843,410049,53.587,-2.10958,"e2dfa8a8-1c96-4153-ac05-98160a7717a1",7,16.58,53.57,0.0182,0.0044,0.0155,"LargeCentralMetro",0,0,0,0,0,"North West",7,"Oldham 001",60,1,199,119,1301,0.6,0.5357,0.1658,0.1658,7,0.402010050251256,80,113,251,251,0.790937513452548,0.665456645189127,0.932991411965402,-1,-1,0.003,1,"0.76 to 0.99","Significant Decrease","<0.01"
"E02001106","Oldham 009",NA,392829,406969,53.5593,-2.10972,"1257ee10-a4ae-4281-80fc-9e7b807bbd43",8,67.52,50.33,0.0985,0.0128,0.0234,"LargeCentralMetro",0,0,0,0,0,"North West",5,"Oldham 009",27,1,157,42,902,0.27,0.5033,0.6752,0.6752,5,0.732484076433121,115,89,252,252,1.37049599524431,1.17397306189944,1.59026064848012,2,1,1,6,"1.26 to 1.50","Significant Increase","0.80-1.00"
"E02001107","Oldham 010",NA,389809,406645,53.5563,-2.1553,"838162b1-25d5-45d7-8535-d33fb7fab4a1",6,22.46,47.28,0.3477,0.0209,0.0342,"LargeCentralMetro",0,0,0,0,0,"North West",8,"Oldham 010",38,1,236,90,1415,0.38,0.4728,0.2246,0.2246,8,0.61864406779661,146,134,253,253,1.07028615605962,0.925443653035009,1.23127834040283,1,0,0.814,6,"1.01 to 1.25","Not Significant","0.80-1.00"
"E02001111","Oldham 014",NA,392741,405737,53.5482,-2.11102,"def1e639-388e-4019-b551-a3832d8116a2",10,13.89,55.49,0.3194,0.1637,0.0797,"LargeCentralMetro",0,0,0,0,0,"North West",2,"Oldham 014",61,1,216,132,1593,0.61,0.5549,0.1389,0.1389,2,0.388888888888889,84,123,254,254,0.739921665375998,0.622800526748333,0.872508149019541,-2,-1,0,1,"0.51 to 0.75","Significant Decrease","<0.01"
"E02001126","Oldham 029",NA,393078,402830,53.5221,-2.10587,"0c8565b1-64eb-48cd-a2fb-3207975046ff",9,47.55,50.62,0.2345,0.0544,0.0536,"LargeCentralMetro",0,0,0,0,0,"North West",4,"Oldham 029",37,1,204,75,1053,0.37,0.5062,0.4755,0.4755,4,0.63235294117647,129,116,255,255,1.14693894076397,0.987556064051046,1.32455919660426,1,0,0.963,6,"1.01 to 1.25","Not Significant","0.80-1.00"
"E02001127","Oldham 030",NA,391651,402236,53.5168,-2.12738,"9b801bec-caa5-4719-9e8b-2c7f8010fb04",9,53.78,48.91,0.0972,0.0436,0.0401,"LargeCentralMetro",0,0,0,0,0,"North West",2,"Oldham 030",29,1,225,65,1290,0.29,0.4891,0.5378,0.5378,2,0.711111111111111,160,128,256,256,1.27071502202311,1.10645646426166,1.45233539172496,2,1,1,6,"1.26 to 1.50","Significant Increase","0.80-1.00"
"E02001135","Rochdale 004",NA,391328,414461,53.6266,-2.1326,"21890d8f-cd41-4479-af35-acf53f459f04",9,32.84,46.88,0.2914,0.0336,0.0602,"LargeCentralMetro",0,0,0,0,0,"North West",10,"Rochdale 004",32,1,204,65,1171,0.32,0.4688,0.3284,0.3284,10,0.681372549019608,139,116,257,257,1.18252630318126,1.01986780602738,1.3636473243705,1,1,0.987,6,"1.01 to 1.25","Significant Increase","0.80-1.00"
"E02001145","Rochdale 014",NA,395373,412780,53.6116,-2.07141,"2d971ec7-f6b7-460a-b00c-8f9e6df3b8de",9,28.21,48.03,0.0124,0.0044,0.023,"LargeCentralMetro",0,0,0,0,0,"North West",10,"Rochdale 014",53,1,234,124,1245,0.53,0.4803,0.2821,0.2821,10,0.47008547008547,110,133,258,258,0.909184061208832,0.778456101026478,1.05537180721269,-1,0,0.102,2,"0.76 to 0.99","Not Significant","0.01-0.20"
"E02001149","Rochdale 018",NA,385337,410732,53.593,-2.223,"0fcdb211-f8aa-4c0b-ba55-d3f69e6a5063",10,16.36,49.67,0.0333,0.0371,0.0285,"LargeCentralMetro",0,0,0,0,0,"North West",3,"Rochdale 018",52,1,110,57,614,0.52,0.4967,0.1636,0.1636,3,0.481818181818182,53,62,259,259,0.90413511704775,0.740375867867609,1.09318933625224,-1,0,0.143,2,"0.76 to 0.99","Not Significant","0.01-0.20"
"E02001152","Rochdale 021",NA,388305,407918,53.5677,-2.17805,"673edb4c-43ee-4cce-86c8-72a6bc37e77f",9,41.09,52.3,0.0396,0.0721,0.0386,"LargeCentralMetro",0,0,0,0,0,"North West",6,"Rochdale 021",23.53,2,275,65,1761,0.2353,0.523,0.4109,0.4109,6,0.763636363636364,210,156,260,260,1.32469482708826,1.16844768079246,1.49590807360692,2,1,1,6,"1.26 to 1.50","Significant Increase","0.80-1.00"
"E02001154","Rochdale 023",NA,388153,405916,53.5498,-2.18027,"41e526d9-66b0-496c-90f0-42846012a1a2",9,38.54,47.99,0.0251,0.0395,0.0319,"LargeCentralMetro",0,0,0,0,0,"North West",9,"Rochdale 023",37,1,192,71,1171,0.37,0.4799,0.3854,0.3854,9,0.630208333333333,121,109,261,261,1.14807131919416,0.985068583318306,1.33017516794121,1,0,0.961,6,"1.01 to 1.25","Not Significant","0.80-1.00"
"E02001162","Salford 006",NA,377531,402563,53.5193,-2.34034,"2d844736-5ea5-4dfa-9a3d-7bd38fc6bea0",8,26.22,49.52,0.0352,0.0389,0.0321,"LargeCentralMetro",0,0,0,0,0,"North West",10,"Salford 006",34.71,2,328,114,1767,0.3471,0.4952,0.2622,0.2622,10,0.652439024390244,214,186,262,262,1.14170363924012,1.0084687556405,1.28754441184164,1,1,0.982,6,"1.01 to 1.25","Significant Increase","0.80-1.00"
"E02001177","Salford 021",NA,379342,399047,53.4877,-2.3128,"702e5d98-3a9a-4296-90b6-bb559679a551",10,53.57,48.94,0.0702,0.0705,0.0581,"LargeCentralMetro",0,0,0,0,0,"North West",8,"Salford 021",25,1,112,28,611,0.25,0.4894,0.5357,0.5357,8,0.75,84,64,263,263,1.34279101143016,1.12722483579462,1.58740167973303,2,1,1,6,"1.26 to 1.50","Significant Increase","0.80-1.00"
"E02001181","Salford 025",NA,374409,397873,53.477,-2.38705,"b81b5b45-2eff-40a6-9d8c-8a4e13af0d24",10,37.32,51.51,0.0434,0.0589,0.043,"LargeCentralMetro",0,0,0,0,0,"North West",8,"Salford 025",48.9,2,276,135,1493,0.489,0.5151,0.3732,0.3732,8,0.510869565217391,141,157,264,264,0.964981931931452,0.836878473749205,1.10696395171452,-1,0,0.295,3,"0.76 to 0.99","Not Significant","0.20-0.39"
"E02001198","Stockport 012",NA,392818,390370,53.4101,-2.1095,"77fd4af6-8b88-4d2c-9c2e-77ba4029a487",9,18.07,50.33,0.025,0.0094,0.0266,"LargeCentralMetro",0,0,0,0,0,"North West",3,"Stockport 012",37,1,166,61,767,0.37,0.5033,0.1807,0.1807,3,0.632530120481928,105,94,265,265,1.0672179932504,0.904059565122583,1.25126733509704,1,0,0.771,5,"1.01 to 1.25","Not Significant","0.60-0.79"
"E02001204","Stockport 018",NA,387418,389429,53.4016,-2.1907,"d3510809-da02-4e18-9649-ee913f0368b3",9,46.46,54.69,0.046,0.0109,0.0407,"LargeCentralMetro",0,0,0,0,0,"North West",4,"Stockport 018",35,1,99,35,704,0.35,0.5469,0.4646,0.4646,4,0.646464646464647,64,56,266,266,1.18041347913727,0.97598317661865,1.41486369796547,1,0,0.956,6,"1.01 to 1.25","Not Significant","0.80-1.00"
"E02001213","Stockport 027",NA,390693,387819,53.3871,-2.1414,"1c98a5c7-c2ff-45ae-a4a6-89c17cba544a",9,26.05,48.35,0.0614,0.0099,0.0419,"LargeCentralMetro",0,0,0,0,0,"North West",3,"Stockport 027",46,1,215,99,1123,0.46,0.4835,0.2605,0.2605,3,0.53953488372093,116,122,267,267,0.969823390905033,0.829459848159436,1.12701084635384,-1,0,0.332,3,"0.76 to 0.99","Not Significant","0.20-0.39"
"E02001214","Stockport 028",NA,385522,387955,53.3882,-2.21915,"c38e7ecc-2a1b-4745-8aa7-2e4648b22a11",7,26.06,49.19,0.2395,0.014,0.0844,"LargeCentralMetro",0,0,0,0,0,"North West",3,"Stockport 028",48,1,284,136,1484,0.48,0.4919,0.2606,0.2606,3,0.52112676056338,148,161,268,268,0.918137854922698,0.795251353143157,1.05454241022851,-1,0,0.11,2,"0.76 to 0.99","Not Significant","0.01-0.20"
"E02001219","Stockport 033",NA,391152,386194,53.3726,-2.13445,"4a745b7c-91aa-4bb8-885b-5adbdd7be66f",6,26.09,44.43,0.0339,0.0044,0.0203,"LargeCentralMetro",0,0,0,0,0,"North West",3,"Stockport 033",40,1,184,74,1157,0.4,0.4443,0.2609,0.2609,3,0.597826086956522,110,104,269,269,1.05079864986113,0.894648861888826,1.22626401077204,1,0,0.717,5,"1.01 to 1.25","Not Significant","0.60-0.79"
"E02001223","Stockport 037",NA,390071,385760,53.3686,-2.15068,"ed028edf-7c2a-417a-b3a4-bac35934fe45",6,14.41,46.04,0.0854,0.0048,0.0447,"LargeCentralMetro",0,0,0,0,0,"North West",5,"Stockport 037",54,1,229,124,1036,0.54,0.4604,0.1441,0.1441,5,0.458515283842795,105,130,270,270,0.831945485375074,0.707886672172629,0.971370154234248,-1,-1,0.01,2,"0.76 to 0.99","Significant Decrease","0.01-0.20"
"E02001225","Stockport 039",NA,387321,385002,53.3618,-2.19198,"2f6ee60d-3614-440e-a84d-737e51fd0e73",6,15.09,50.69,0.0695,0.0084,0.0342,"LargeCentralMetro",0,0,0,0,0,"North West",2,"Stockport 039",47,1,159,75,797,0.47,0.5069,0.1509,0.1509,2,0.528301886792453,84,90,271,271,0.913313882318794,0.764788980143525,1.08220266126752,-1,0,0.142,2,"0.76 to 0.99","Not Significant","0.01-0.20"
"E02001227","Stockport 041",NA,388267,384424,53.3566,-2.17774,"327058c8-8ce6-4b78-a622-a86c6b09cad7",4,11.97,51.82,0.0546,0.0035,0.0299,"LargeCentralMetro",0,0,0,0,0,"North West",2,"Stockport 041",68,1,259,176,1621,0.68,0.5182,0.1197,0.1197,2,0.32046332046332,83,147,272,272,0.644373250348393,0.543919180115451,0.757809302744157,-2,-1,0,1,"0.51 to 0.75","Significant Decrease","<0.01"
"E02001230","Tameside 002",NA,395030,401463,53.5098,-2.07641,"b43c42d0-911d-47ee-aa86-69ab2e5cba9e",8,39.61,53.93,0.2257,0.0204,0.0221,"LargeCentralMetro",0,0,0,0,0,"North West",5,"Tameside 002",40.19,2,414,166,2186,0.4019,0.5393,0.3961,0.3961,5,0.599033816425121,248,235,273,273,1.07647858337367,0.959303350769781,1.20390486056236,1,0,0.893,6,"1.01 to 1.25","Not Significant","0.80-1.00"
"E02001237","Tameside 009",NA,399670,399712,53.4941,-2.00644,"7a5652ed-78fa-40e2-b125-b0e21032fac9",9,42.22,61.37,0.0317,0.0109,0.0215,"LargeCentralMetro",0,0,0,0,0,"North West",5,"Tameside 009",17,1,135,23,673,0.17,0.6137,0.4222,0.4222,5,0.82962962962963,112,77,274,274,1.37928745809264,1.17224731490919,1.61230685306723,2,1,1,6,"1.26 to 1.50","Significant Increase","0.80-1.00"
"E02001239","Tameside 011",NA,390107,398482,53.483,-2.15055,"b0dc627c-f39f-4dce-bec9-56041dc640a1",8,33.79,75.05,0.0508,0.0433,0.0423,"LargeCentralMetro",0,0,0,0,0,"North West",4,"Tameside 011",47.36,2,367,174,1836,0.4736,0.7505,0.3379,0.3379,4,0.525885558583106,193,208,275,275,0.943873285737109,0.830143325167408,1.06872506042642,-1,0,0.176,2,"0.76 to 0.99","Not Significant","0.01-0.20"
"E02001246","Tameside 018",NA,395202,397195,53.4715,-2.07375,"6a79a2f9-df74-4311-9ee5-decd024ed213",9,38,61.25,0.034,0.0204,0.025,"LargeCentralMetro",0,0,0,0,0,"North West",7,"Tameside 018",14,1,100,14,578,0.14,0.6125,0.38,0.38,7,0.86,86,57,276,276,1.3831891078136,1.15530563370863,1.64290505552345,2,1,1,6,"1.26 to 1.50","Significant Increase","0.80-1.00"
"E02001249","Tameside 021",NA,392752,395770,53.4586,-2.11062,"4f1009fa-5c92-4be6-9939-7898c294ad53",9,23.03,53.35,0.0444,0.0322,0.0338,"LargeCentralMetro",0,0,0,0,0,"North West",5,"Tameside 021",49,1,152,74,761,0.49,0.5335,0.2303,0.2303,5,0.513157894736842,78,86,277,277,0.944781046615506,0.790557447658906,1.12015560433543,-1,0,0.246,3,"0.76 to 0.99","Not Significant","0.20-0.39"
"E02001258","Tameside 030",NA,396211,393304,53.4365,-2.0585,"9ad7f89b-b9c4-426f-bebf-a7c0a3293129",9,26.67,48.83,0.0312,0.0069,0.0219,"LargeCentralMetro",0,0,0,0,0,"North West",8,"Tameside 030",49,1,150,74,772,0.49,0.4883,0.2667,0.2667,8,0.506666666666667,76,85,278,278,0.969373814795034,0.811768591138072,1.14843710904644,-1,0,0.345,3,"0.76 to 0.99","Not Significant","0.20-0.39"
"E02001261","Trafford 003",NA,380239,395667,53.4574,-2.29907,"ca8fc7b7-3a7a-4ee6-972b-cb3bb75850fa",7,53.5,41.14,0.1798,0.0963,0.1015,"LargeCentralMetro",0,0,0,0,0,"North West",2,"Trafford 003",31,1,157,49,824,0.31,0.4114,0.535,0.535,2,0.687898089171974,108,89,279,279,1.21280061590075,1.03173264934447,1.41637592586442,1,1,0.991,6,"1.01 to 1.25","Significant Increase","0.80-1.00"
"E02001264","Trafford 006",NA,379543,396337,53.4634,-2.30959,"93a98dce-d2e6-4434-a535-af9937f3e3cf",8,32,47.77,0.1898,0.0563,0.0759,"LargeCentralMetro",0,0,0,0,0,"North West",7,"Trafford 006",22,1,50,11,337,0.22,0.4777,0.32,0.32,7,0.78,39,28,280,280,1.19173956717424,0.949717074136684,1.47692987551768,1,0,0.933,6,"1.01 to 1.25","Not Significant","0.80-1.00"
"E02001274","Trafford 016",NA,377064,391462,53.4195,-2.34658,"fc60281f-14f9-4ae0-bfee-aa89e8a2cb70",8,26.95,45.03,0.1443,0.0212,0.0575,"LargeCentralMetro",0,0,0,0,0,"North West",3,"Trafford 016",42,1,256,108,1439,0.42,0.4503,0.2695,0.2695,3,0.578125,148,145,281,281,1.01568750151186,0.879588022847099,1.1667821847384,1,0,0.571,4,"1.01 to 1.25","Not Significant","0.40-0.59"
"E02001275","Trafford 017",NA,373983,392124,53.4253,-2.39299,"46cc000f-15e5-48c4-a518-d51083c8f80e",10,66.67,49.87,0.0236,0.0265,0.0429,"LargeCentralMetro",0,0,0,0,0,"North West",8,"Trafford 017",26,1,54,14,375,0.26,0.4987,0.6667,0.6667,8,0.740740740740741,40,31,282,282,1.4504469208061,1.17306400760249,1.77335244096828,2,1,1,6,"1.26 to 1.50","Significant Increase","0.80-1.00"
"E02001281","Trafford 023",NA,378592,388390,53.3919,-2.32337,"76adbc8f-dd8d-4dbf-b621-6064d96092f1",4,12.88,51.58,0.0797,0.0091,0.0389,"LargeCentralMetro",0,0,0,0,0,"North West",1,"Trafford 023",61,1,233,142,1396,0.61,0.5158,0.1288,0.1288,1,0.390557939914163,91,132,283,283,0.72969740034035,0.61662152686006,0.857370992486531,-2,-1,0,1,"0.51 to 0.75","Significant Decrease","<0.01"
"E02001282","Trafford 024",NA,377224,388572,53.3935,-2.34396,"b15c8ade-57c5-481c-914e-cc9951ce5fd6",6,15.17,49.76,0.1257,0.0121,0.0567,"LargeCentralMetro",0,0,0,0,0,"North West",1,"Trafford 024",46,1,178,82,1228,0.46,0.4976,0.1517,0.1517,1,0.539325842696629,96,101,284,284,0.911424495970814,0.768236278261189,1.0735143234581,-1,0,0.129,2,"0.76 to 0.99","Not Significant","0.01-0.20"
"E02001283","Trafford 025",NA,373626,388509,53.3928,-2.39806,"f2c65bb6-6a80-4968-9f53-13c1c0b69514",5,7.5,44.19,0.1342,0.0105,0.0613,"LargeCentralMetro",0,0,0,0,0,"North West",2,"Trafford 025",45,1,40,18,387,0.45,0.4419,0.075,0.075,2,0.55,22,23,285,285,0.830013886882791,0.64534001440115,1.05131509858441,-1,0,0.059,2,"0.76 to 0.99","Not Significant","0.01-0.20"
"E02001284","Trafford 026",NA,377926,387038,53.3797,-2.33329,"2d4175a7-fcf9-4f45-bf61-9603da8bfe64",3,34.18,48.89,0.0739,0.0078,0.0463,"LargeCentralMetro",0,0,0,0,0,"North West",3,"Trafford 026",30,1,158,47,943,0.3,0.4889,0.3418,0.3418,3,0.70253164556962,111,90,286,286,1.16235572609909,0.987062672580669,1.35976735288617,1,0,0.964,6,"1.01 to 1.25","Not Significant","0.80-1.00"
"E02001289","Wigan 003",NA,354374,408931,53.575,-2.69051,"6657080b-8b8e-4ac5-87a9-aaf63ee445d1",6,18.87,50.32,0.0097,0.0026,0.0125,"LargeCentralMetro",0,0,0,0,0,"North West",9,"Wigan 003",35,1,106,37,628,0.35,0.5032,0.1887,0.1887,9,0.650943396226415,69,60,287,287,1.09224820847302,0.9027914124172,1.30971664939892,1,0,0.811,6,"1.01 to 1.25","Not Significant","0.80-1.00"
"E02001291","Wigan 005",NA,356640,407257,53.5601,-2.65606,"0b993991-55b7-4474-ab6a-7a6ff968b9b8",7,25.64,48.42,0.0183,0.013,0.0228,"LargeCentralMetro",0,0,0,0,0,"North West",4,"Wigan 005",38,1,195,74,950,0.38,0.4842,0.2564,0.2564,4,0.62051282051282,121,111,288,288,1.07511661359592,0.92005008135832,1.24874181241914,1,0,0.813,6,"1.01 to 1.25","Not Significant","0.80-1.00"
"E02001294","Wigan 008",NA,357641,406124,53.55,-2.64079,"f547b926-d456-47f4-9140-f673b3a16cc2",7,26.18,54.11,0.0314,0.014,0.0303,"LargeCentralMetro",0,0,0,0,0,"North West",5,"Wigan 008",39,1,233,91,1301,0.39,0.5411,0.2618,0.2618,5,0.609442060085837,142,132,289,289,1.06137086581249,0.916581713975798,1.22244251711598,1,0,0.78,5,"1.01 to 1.25","Not Significant","0.60-0.79"
"E02001304","Wigan 018",NA,354112,401640,53.5094,-2.6934,"be30f335-4aae-476c-ac94-f7c9cf3aa111",5,11.52,51.88,0.0079,0.0031,0.0114,"LargeCentralMetro",0,0,0,0,0,"North West",9,"Wigan 018",43,1,191,82,956,0.43,0.5188,0.1152,0.1152,9,0.570680628272251,109,108,290,290,0.983838355673412,0.83629389834467,1.14984510326808,-1,0,0.404,4,"0.76 to 0.99","Not Significant","0.40-0.59"
"E02001306","Wigan 020",NA,357715,402983,53.5218,-2.63925,"f560bb9d-8dd6-45b3-9197-b85808eb2936",7,21.65,51.31,0.0089,0.0057,0.0137,"LargeCentralMetro",0,0,0,0,0,"North West",9,"Wigan 020",45,1,194,87,994,0.45,0.5131,0.2165,0.2165,9,0.551546391752577,107,110,291,291,0.995177400525563,0.847373443426702,1.16121463310431,-1,0,0.459,4,"0.76 to 0.99","Not Significant","0.40-0.59"
"E02001308","Wigan 022",NA,368278,402734,53.5203,-2.47991,"259d9928-4fb1-4328-b91b-ab9afef36cc2",9,20.25,50.47,0.0126,0.0127,0.0159,"LargeCentralMetro",0,0,0,0,0,"North West",3,"Wigan 022",37,1,242,90,1278,0.37,0.5047,0.2025,0.2025,3,0.628099173553719,152,137,292,292,1.08426728726736,0.939398890958361,1.24506555129684,1,0,0.862,6,"1.01 to 1.25","Not Significant","0.80-1.00"
"E02001309","Wigan 023",NA,366543,402329,53.5166,-2.50604,"1ca5a355-7678-4162-a726-60172782d52f",8,62,45.7,0.0193,0.0125,0.0204,"LargeCentralMetro",0,0,0,0,0,"North West",4,"Wigan 023",14,1,50,7,372,0.14,0.457,0.62,0.62,4,0.86,43,28,293,293,1.531190963737,1.23550469594878,1.87625490893788,3,1,1,6,"1.51 to 1.75","Significant Increase","0.80-1.00"
"E02001315","Wigan 029",NA,369878,398491,53.4823,-2.45537,"435050d3-efe5-4804-a200-61d62d863cc1",6,11.79,51.88,0.0284,0.0151,0.0258,"LargeCentralMetro",0,0,0,0,0,"North West",7,"Wigan 029",42,1,246,103,1592,0.42,0.5188,0.1179,0.1179,7,0.58130081300813,143,140,294,294,0.990890301308417,0.855251583390059,1.14185825552929,-1,0,0.435,4,"0.76 to 0.99","Not Significant","0.40-0.59"
"E02001320","Wigan 034",NA,367067,399170,53.4882,-2.4978,"058fa1e9-033e-464d-8631-55c5ba83414a",7,31.71,48.51,0.0191,0.0119,0.021,"LargeCentralMetro",0,0,0,0,0,"North West",5,"Wigan 034",30,1,123,37,837,0.3,0.4851,0.3171,0.3171,5,0.699186991869919,86,70,295,295,1.18750658206928,0.99509405108149,1.40621329405027,1,0,0.971,6,"1.01 to 1.25","Not Significant","0.80-1.00"
"E02001322","Wigan 036",NA,357509,399009,53.4861,-2.64182,"f126467f-1ac4-4258-9707-faab20afcee6",6,16.45,49.84,0.0093,0.0011,0.0079,"LargeCentralMetro",0,0,0,0,0,"North West",9,"Wigan 036",44.82,3,602,270,3050,0.4482,0.4984,0.1645,0.1645,9,0.551495016611296,332,341,296,296,0.976608985751748,0.881786779519995,1.07877124982596,-1,0,0.313,3,"0.76 to 0.99","Not Significant","0.20-0.39"
"E02001325","Wigan 039",NA,361086,396441,53.4633,-2.5876,"c736927b-fdac-4c67-a51d-e0621b9c54e3",3,24.5,49.34,0.0151,0.0075,0.0134,"LargeCentralMetro",0,0,0,0,0,"North West",9,"Wigan 039",46,1,151,69,837,0.46,0.4934,0.245,0.245,9,0.543046357615894,82,86,297,297,0.98151850092613,0.823124036320076,1.16136982935736,-1,0,0.398,3,"0.76 to 0.99","Not Significant","0.20-0.39"
"E02001326","Wigan 040",NA,363172,397877,53.4763,-2.55635,"c3598a34-9390-4fc6-a6d5-0d9ed6e8ca2f",4,32.79,49.82,0.0129,0.0067,0.0164,"LargeCentralMetro",0,0,0,0,0,"North West",9,"Wigan 040",26,1,122,32,564,0.26,0.4982,0.3279,0.3279,9,0.737704918032787,90,69,298,298,1.24116172502034,1.04177799135898,1.46755158674707,1,1,0.992,6,"1.01 to 1.25","Significant Increase","0.80-1.00"
"E02001327","Knowsley 001",NA,341829,399871,53.4923,-2.87825,"96b14b07-5470-43a8-8941-2795c4377d36",10,48.28,51.42,0.0065,0.01,0.026,"LargeCentralMetro",0,0,0,0,0,"North West",7,"Knowsley 001",31,1,145,45,848,0.31,0.5142,0.4828,0.4828,7,0.689655172413793,100,82,299,299,1.26303704525856,1.07190044335555,1.47823730105573,2,1,0.998,6,"1.26 to 1.50","Significant Increase","0.80-1.00"
"E02001329","Knowsley 003",NA,341114,398056,53.4759,-2.88869,"df2acb46-6153-4633-88ec-314a7798f272",10,61.25,48.83,0.0123,0.0068,0.0215,"LargeCentralMetro",0,0,0,0,0,"North West",7,"Knowsley 003",19,1,160,30,811,0.19,0.4883,0.6125,0.6125,7,0.8125,130,91,300,300,1.46576940961468,1.26213653233401,1.69270699461424,2,1,1,6,"1.26 to 1.50","Significant Increase","0.80-1.00"
"E02001333","Knowsley 007",NA,346405,392311,53.4249,-2.808,"35f323fb-f90b-4198-81a4-c21f18f8276c",10,51.97,49.71,0.0287,0.0109,0.0207,"LargeCentralMetro",0,0,0,0,0,"North West",7,"Knowsley 007",16,1,152,24,688,0.16,0.4971,0.5197,0.5197,7,0.842105263157895,128,86,301,301,1.47502757368895,1.26658055531824,1.70785195407763,2,1,1,6,"1.26 to 1.50","Significant Increase","0.80-1.00"
"E02001341","Knowsley 015",NA,345101,390407,53.4076,-2.82729,"23930e4b-5fd5-4bc6-a075-5ab11ef40f01",10,58.65,48.27,0.0083,0.0075,0.0173,"LargeCentralMetro",0,0,0,0,0,"North West",4,"Knowsley 015",26,1,133,35,839,0.26,0.4827,0.5865,0.5865,4,0.736842105263158,98,75,302,302,1.36745073288329,1.15973454627818,1.6014103716449,2,1,1,6,"1.26 to 1.50","Significant Increase","0.80-1.00"
"E02001345","Knowsley 019",NA,344538,385670,53.365,-2.83492,"2f6accc6-fea4-4bb6-99f7-3c12493597ac",7,40.13,45.15,0.0122,0.0039,0.0198,"LargeCentralMetro",0,0,0,0,0,"North West",6,"Knowsley 019",28,1,152,43,908,0.28,0.4515,0.4013,0.4013,6,0.717105263157895,109,86,303,303,1.25823702354568,1.07065533506825,1.46910908161588,2,1,0.997,6,"1.26 to 1.50","Significant Increase","0.80-1.00"
"E02001351","Liverpool 005",NA,338167,396274,53.4596,-2.93273,"5e7e4f02-4784-4d65-abe8-ebd20800e446",10,36.84,46.95,0.0317,0.0302,0.027,"LargeCentralMetro",0,0,0,0,0,"North West",10,"Liverpool 005",31,1,171,53,1116,0.31,0.4695,0.3684,0.3684,10,0.690058479532164,118,97,304,304,1.23280421819242,1.05499772434045,1.43185074597926,1,1,0.996,6,"1.01 to 1.25","Significant Increase","0.80-1.00"
"E02001367","Liverpool 021",NA,340150,392625,53.427,-2.90218,"87ef5c8a-58bc-45fe-bb70-32938303b1b3",7,29.67,69.97,0.0307,0.0051,0.0211,"LargeCentralMetro",0,0,0,0,0,"North West",4,"Liverpool 021",49.15,2,273,134,1848,0.4915,0.6997,0.2967,0.2967,4,0.509157509157509,139,155,305,305,0.922662823937209,0.79756466309138,1.06168818909717,-1,0,0.127,2,"0.76 to 0.99","Not Significant","0.01-0.20"
"E02001369","Liverpool 023",NA,335376,392090,53.4216,-2.9739,"911703d6-dae0-46bd-9905-32dcb0affb8c",10,67.44,46.79,0.0694,0.0504,0.0729,"LargeCentralMetro",0,0,0,0,0,"North West",2,"Liverpool 023",25,1,215,54,1291,0.25,0.4679,0.6744,0.6744,2,0.748837209302326,161,122,306,306,1.35337433470218,1.17933534820523,1.54569083950989,2,1,1,6,"1.26 to 1.50","Significant Increase","0.80-1.00"
"E02001372","Liverpool 026",NA,340999,391566,53.4176,-2.8892,"07051de7-622a-42db-8d08-d67cdcb289db",9,33.08,47.48,0.0345,0.0168,0.0285,"LargeCentralMetro",0,0,0,0,0,"North West",6,"Liverpool 026",36.42,2,396,144,2538,0.3642,0.4748,0.3308,0.3308,6,0.636363636363636,252,225,307,307,1.12600383043972,1.00355646017675,1.25916614257113,1,1,0.978,6,"1.01 to 1.25","Significant Increase","0.80-1.00"
"E02001383","Liverpool 037",NA,335499,389245,53.3961,-2.97147,"fc21c50c-98b1-4f18-951e-af289bdf20cb",8,41.61,47.92,0.1294,0.0892,0.1493,"LargeCentralMetro",0,0,0,0,0,"North West",1,"Liverpool 037",30.36,2,137,42,818,0.3036,0.4792,0.4161,0.4161,1,0.693430656934307,95,78,308,308,1.12587687410213,0.94611321681826,1.32986011666312,1,0,0.907,6,"1.01 to 1.25","Not Significant","0.80-1.00"
"E02001387","Liverpool 041",NA,340041,388568,53.3905,-2.90304,"1f03c04d-128d-4395-a209-475d605f93c1",4,32.6,42.61,0.0446,0.0114,0.0561,"LargeCentralMetro",0,0,0,0,0,"North West",4,"Liverpool 041",46.17,2,227,105,1474,0.4617,0.4261,0.326,0.326,4,0.537444933920705,122,129,309,309,0.965829506702574,0.828528454914536,1.11925768867832,-1,0,0.311,3,"0.76 to 0.99","Not Significant","0.20-0.39"
"E02001393","Liverpool 047",NA,340639,387654,53.3824,-2.89388,"794796b8-83f5-47f8-9a3b-4974078aeee9",4,30.74,35.94,0.0621,0.0079,0.039,"LargeCentralMetro",0,0,0,0,0,"North West",3,"Liverpool 047",42,1,231,97,1422,0.42,0.3594,0.3074,0.3074,3,0.58008658008658,134,131,310,310,1.02934369106222,0.88695375959048,1.18797455309557,1,0,0.636,5,"1.01 to 1.25","Not Significant","0.60-0.79"
"E02001394","Liverpool 048",NA,338032,388017,53.3854,-2.93314,"7c51d6fb-7858-4a28-ad86-2c59d556e25b",8,37.16,90.88,0.0411,0.0212,0.0843,"LargeCentralMetro",0,0,0,0,0,"North West",3,"Liverpool 048",54.31,2,261,142,1677,0.5431,0.9088,0.3716,0.3716,3,0.455938697318008,119,148,311,311,0.830853956593681,0.711506556579913,0.964369707326914,-1,-1,0.007,1,"0.76 to 0.99","Significant Decrease","<0.01"
"E02001396","Liverpool 050",NA,336012,387405,53.3796,-2.96338,"1183b9f4-2988-4f04-8f44-d56b1183d959",9,74.67,41.46,0.032,0.0278,0.072,"LargeCentralMetro",0,0,0,0,0,"North West",5,"Liverpool 050",20,1,75,15,398,0.2,0.4146,0.7467,0.7467,5,0.8,60,43,312,312,1.49274432142066,1.23156147033299,1.79266725136516,2,1,1,6,"1.26 to 1.50","Significant Increase","0.80-1.00"
"E02001404","Liverpool 058",NA,341872,383272,53.3432,-2.87454,"e3a81ec8-25b0-426c-896b-099aebc990fb",10,62.39,42.18,0.0258,0.0171,0.0343,"LargeCentralMetro",0,0,0,0,0,"North West",6,"Liverpool 058",19,1,109,21,742,0.19,0.4218,0.6239,0.6239,6,0.807339449541284,88,62,313,313,1.47225966807143,1.24015034235611,1.73497895991128,2,1,1,6,"1.26 to 1.50","Significant Increase","0.80-1.00"
"E02001412","St. Helens 007",NA,349493,397058,53.4678,-2.7623,"45c659d5-2bd8-4842-9b5d-396284006407",8,45.24,47.92,0.0099,0.0047,0.013,"LargeCentralMetro",0,0,0,0,0,"North West",10,"St. Helens 007",34,1,210,71,1440,0.34,0.4792,0.4524,0.4524,10,0.661904761904762,139,119,314,314,1.21534361128148,1.05133748597408,1.39749857093858,1,1,0.996,6,"1.01 to 1.25","Significant Increase","0.80-1.00"
"E02001420","St. Helens 015",NA,359625,395081,53.451,-2.60943,"91904984-6bbf-43bf-bfc7-f1dca916275a",8,36.93,49.05,0.0124,0.0035,0.021,"LargeCentralMetro",0,0,0,0,0,"North West",4,"St. Helens 015",30,1,176,53,1050,0.3,0.4905,0.3693,0.3693,4,0.698863636363636,123,100,315,315,1.21448401465408,1.04031712070175,1.40936126111208,1,1,0.993,6,"1.01 to 1.25","Significant Increase","0.80-1.00"
"E02001422","St. Helens 017",NA,353878,394411,53.4445,-2.69586,"a56f26fe-fc76-45e2-9519-ef3562d3b469",10,53.47,50.07,0.0133,0.0066,0.0218,"LargeCentralMetro",0,0,0,0,0,"North West",5,"St. Helens 017",33,1,144,48,725,0.33,0.5007,0.5347,0.5347,5,0.666666666666667,96,82,316,316,1.24643484682572,1.05691482230822,1.4598944345919,1,1,0.996,6,"1.01 to 1.25","Significant Increase","0.80-1.00"
"E02001438","Sefton 010",NA,332846,414113,53.6193,-3.01669,"9e146548-a868-4a8c-875a-6d2826494952",4,25.58,49.49,0.0079,0.0039,0.0253,"LargeCentralMetro",0,0,0,0,0,"North West",6,"Sefton 010",41,1,172,71,1178,0.41,0.4949,0.2558,0.2558,6,0.587209302325581,101,98,317,317,1.0223848855397,0.866108758130362,1.19861770165315,1,0,0.588,4,"1.01 to 1.25","Not Significant","0.40-0.59"
"E02001442","Sefton 014",NA,330171,407591,53.5603,-3.05566,"3ea5449a-9abe-4afa-b563-977c99fcf650",3,11.8,50.19,0.0124,0.0023,0.0172,"LargeCentralMetro",0,0,0,0,0,"North West",5,"Sefton 014",55,1,161,89,1030,0.55,0.5019,0.118,0.118,5,0.447204968944099,72,91,318,318,0.819973243428247,0.682745398628452,0.976570424519713,-1,-1,0.013,2,"0.76 to 0.99","Significant Decrease","0.01-0.20"
"E02001443","Sefton 015",NA,328190,406080,53.5464,-3.08522,"0e18a541-28cb-426e-b311-bf828b9f72b2",3,13.73,45.22,0.0087,0.0018,0.0147,"LargeCentralMetro",0,0,0,0,0,"North West",5,"Sefton 015",55,1,153,84,1172,0.55,0.4522,0.1373,0.1373,5,0.450980392156863,69,87,319,319,0.834828063763328,0.693997104567535,0.995700193408412,-1,-1,0.022,2,"0.76 to 0.99","Significant Decrease","0.01-0.20"
"E02001447","Sefton 019",NA,338742,401749,53.5089,-2.92514,"d5622a5f-e53a-4122-8915-0d8ce9c3d56e",8,17.78,49.5,0.0071,0.0023,0.0135,"LargeCentralMetro",0,0,0,0,0,"North West",7,"Sefton 019",36.94,2,478,177,2802,0.3694,0.495,0.1778,0.1778,7,0.629707112970711,301,271,320,320,1.09678282034974,0.985088038074195,1.21759245603629,1,0,0.954,6,"1.01 to 1.25","Not Significant","0.80-1.00"
"E02001448","Sefton 020",NA,336860,401633,53.5076,-2.95349,"b3c1ad6f-861a-4204-84e0-b3628863432f",6,30.28,53.81,0.0052,0.0019,0.0111,"LargeCentralMetro",0,0,0,0,0,"North West",8,"Sefton 020",27,1,142,38,918,0.27,0.5381,0.3028,0.3028,8,0.732394366197183,104,81,321,321,1.22841288727797,1.04023614125264,1.44073591931553,1,1,0.993,6,"1.01 to 1.25","Significant Increase","0.80-1.00"
"E02001449","Sefton 021",NA,334732,401987,53.5105,-2.98565,"e6a82b31-9c7f-4b0d-b94c-d5811890f20f",7,31.89,49.19,0.0087,0.0019,0.0162,"LargeCentralMetro",0,0,0,0,0,"North West",6,"Sefton 021",40.93,2,323,132,2037,0.4093,0.4919,0.3189,0.3189,6,0.591331269349845,191,183,322,322,1.06005022650536,0.931911807330231,1.20076631048027,1,0,0.807,6,"1.01 to 1.25","Not Significant","0.80-1.00"
"E02001459","Sefton 031",NA,334100,398194,53.4763,-2.99438,"0dfabd9c-1596-4064-8f66-a75f6c7c316b",9,34.91,54.22,0.0101,0.0067,0.0106,"LargeCentralMetro",0,0,0,0,0,"North West",5,"Sefton 031",24,1,169,41,688,0.24,0.5422,0.3491,0.3491,5,0.757396449704142,128,96,323,323,1.2906277535032,1.10678824569404,1.49619126745127,2,1,0.999,6,"1.26 to 1.50","Significant Increase","0.80-1.00"
"E02001463","Sefton 035",NA,335441,396666,53.4628,-2.97386,"20ac5af2-3486-47c0-8df5-d3727d60089a",9,59.52,47.47,0.0255,0.0043,0.0193,"LargeCentralMetro",0,0,0,0,0,"North West",3,"Sefton 035",17,1,42,7,217,0.17,0.4747,0.5952,0.5952,3,0.833333333333333,35,24,324,324,1.47435929166205,1.17781956651754,1.82281078026585,2,1,1,6,"1.26 to 1.50","Significant Increase","0.80-1.00"
"E02001466","Sefton 038",NA,334983,395546,53.4527,-2.98053,"3122c179-725e-42c6-be82-71fa0d30195b",10,50.28,46.39,0.0196,0.0168,0.0417,"LargeCentralMetro",0,0,0,0,0,"North West",5,"Sefton 038",28,1,179,50,735,0.28,0.4639,0.5028,0.5028,5,0.720670391061452,129,102,325,325,1.28743243052123,1.10763302588473,1.48794440487893,2,1,1,6,"1.26 to 1.50","Significant Increase","0.80-1.00"
"E02001470","Wirral 004",NA,330052,392652,53.426,-3.05412,"d875f245-586c-4f75-8cd0-bb1d0b806cf6",7,64.84,38.51,0.0078,0.003,0.0165,"LargeCentralMetro",0,0,0,0,0,"North West",3,"Wirral 004",30,1,91,27,605,0.3,0.3851,0.6484,0.6484,3,0.703296703296703,64,52,326,326,1.36217404145826,1.1301982999023,1.62742611375977,2,1,0.999,6,"1.26 to 1.50","Significant Increase","0.80-1.00"
"E02001486","Wirral 020",NA,330091,388223,53.3862,-3.05255,"c226ec66-bc4e-4080-b765-b730f9302935",10,71.57,41.44,0.0296,0.0057,0.0332,"LargeCentralMetro",0,0,0,0,0,"North West",1,"Wirral 020",21,1,102,21,526,0.21,0.4144,0.7157,0.7157,1,0.794117647058823,81,58,327,327,1.48371830350957,1.24513834439389,1.75442617539301,2,1,1,6,"1.26 to 1.50","Significant Increase","0.80-1.00"
"E02001490","Wirral 024",NA,329375,386331,53.3691,-3.06289,"d54bea26-15f6-4a01-ae75-112d6b4fe4a6",8,58.72,36.56,0.0342,0.0027,0.0143,"LargeCentralMetro",0,0,0,0,0,"North West",10,"Wirral 024",25,1,109,27,640,0.25,0.3656,0.5872,0.5872,10,0.752293577981651,82,62,328,328,1.42172143170473,1.19497452979685,1.67869236429474,2,1,1,6,"1.26 to 1.50","Significant Increase","0.80-1.00"
"E02001491","Wirral 025",NA,327972,386901,53.3741,-3.08411,"0839b448-9fc9-4ab4-80bd-4638f705d790",10,44.53,40.89,0.026,0.005,0.011,"LargeCentralMetro",0,0,0,0,0,"North West",7,"Wirral 025",34,1,274,93,1421,0.34,0.4089,0.4453,0.4453,7,0.66058394160584,181,155,329,329,1.21057442340127,1.06225753754445,1.37364192750699,1,1,0.998,6,"1.01 to 1.25","Significant Increase","0.80-1.00"
"E02001494","Wirral 028",NA,323040,385696,53.3625,-3.15793,"80613489-fca1-41dc-abfc-ce61d35308c4",5,31.55,36.22,0.0252,0.0047,0.0236,"LargeCentralMetro",0,0,0,0,0,"North West",3,"Wirral 028",26,1,168,44,1041,0.26,0.3622,0.3155,0.3155,3,0.738095238095238,124,95,330,330,1.24540860925987,1.06511234380859,1.44741988097779,1,1,0.997,6,"1.01 to 1.25","Significant Increase","0.80-1.00"
"E02001498","Wirral 032",NA,332280,385273,53.36,-3.01902,"d2842c60-b225-4e91-aa0e-a9540fb12983",8,35.98,46.32,0.0221,0.0022,0.018,"LargeCentralMetro",0,0,0,0,0,"North West",3,"Wirral 032",34,1,214,73,1520,0.34,0.4632,0.3598,0.3598,3,0.658878504672897,141,121,331,331,1.16600272289197,1.00732508118635,1.34245971313131,1,1,0.98,6,"1.01 to 1.25","Significant Increase","0.80-1.00"
"E02001503","Wirral 037",NA,326250,382848,53.3374,-3.10904,"32f07bc8-e8d2-436f-be1b-bc5e5aa331e2",6,25,54.23,0.0149,0.0037,0.0213,"LargeCentralMetro",0,0,0,0,0,"North West",5,"Wirral 037",33,1,152,50,732,0.33,0.5423,0.25,0.25,5,0.671052631578947,102,86,332,332,1.1264115743907,0.952357242379988,1.3230293256714,1,0,0.916,6,"1.01 to 1.25","Not Significant","0.80-1.00"
"E02001510","Barnsley 002",NA,436816,410608,53.5908,-1.44528,"7f3b428a-059e-41db-b0b2-2f01f20a58a6",8,40.69,49.68,0.0069,0.0027,0.0086,"LargeCentralMetro",0,0,0,0,0,"Yorkshire and the Humber",6,"Barnsley 002",50,1,145,72,773,0.5,0.4968,0.4069,0.4069,6,0.503448275862069,73,82,333,333,1.0150840925946,0.850434890333168,1.20200975781606,1,0,0.549,4,"1.01 to 1.25","Not Significant","0.40-0.59"
"E02001511","Barnsley 003",NA,439050,410638,53.5909,-1.41153,"08195183-2a0f-48ee-a729-6612d9de2df8",8,43.78,51.81,0.0036,0.0039,0.0077,"LargeCentralMetro",0,0,0,0,0,"Yorkshire and the Humber",9,"Barnsley 003",41,1,185,76,1023,0.41,0.5181,0.4378,0.4378,9,0.589189189189189,109,105,334,334,1.11717534192243,0.954911826408886,1.29888303159396,1,0,0.915,6,"1.01 to 1.25","Not Significant","0.80-1.00"
"E02001524","Barnsley 016",NA,425891,405774,53.548,-1.61072,"ba7fe887-c607-4bbf-bb07-d1ae7f820fb5",4,13.11,48.82,0.0084,0.0018,0.0108,"Micropolitan",0,0,0,1,0,"Yorkshire and the Humber",8,"Barnsley 016",62,1,267,166,1567,0.62,0.4882,0.1311,0.1311,8,0.378277153558052,101,151,335,335,0.736405035640985,0.627004173548297,0.85923505556429,-2,-1,0,1,"0.51 to 0.75","Significant Decrease","<0.01"
"E02001526","Barnsley 018",NA,436424,405114,53.5414,-1.45184,"c83653ac-8d55-4084-b68e-2c397153cc1b",9,52.6,51.93,0.0059,0.0149,0.0222,"LargeCentralMetro",0,0,0,0,0,"Yorkshire and the Humber",9,"Barnsley 018",28,1,154,43,805,0.28,0.5193,0.526,0.526,9,0.720779220779221,111,87,336,336,1.32200007793112,1.12874237441326,1.53865644624329,2,1,1,6,"1.26 to 1.50","Significant Increase","0.80-1.00"
"E02001536","Barnsley 028",NA,434721,400664,53.5015,-1.47802,"3f629913-d016-4010-b4ff-118b8d5f948c",8,27.06,48.06,0.0056,0.0047,0.0096,"LargeCentralMetro",0,0,0,0,0,"Yorkshire and the Humber",10,"Barnsley 028",43,1,218,94,1111,0.43,0.4806,0.2706,0.2706,10,0.568807339449541,124,124,337,337,1.03886731163095,0.89284650543006,1.20180100298302,1,0,0.678,5,"1.01 to 1.25","Not Significant","0.60-0.79"
"E02001540","Doncaster 002",NA,457809,412888,53.6094,-1.12774,"0839e12c-9e30-48a2-8179-d9bf07076809",6,32.08,48.36,0.007,0.0034,0.0127,"Micropolitan",0,0,0,1,0,"Yorkshire and the Humber",6,"Doncaster 002",28,1,106,30,703,0.28,0.4836,0.3208,0.3208,6,0.716981132075472,76,60,338,338,1.20683276782304,1.00184227355561,1.44141311879713,1,1,0.976,6,"1.01 to 1.25","Significant Increase","0.80-1.00"
"E02001541","Doncaster 003",NA,468389,413693,53.6153,-0.96768,"28d70b6d-3423-4852-8025-02b7064f91bf",8,28.3,53.17,0.0066,0.0033,0.0131,"LargeCentralMetro",0,0,0,0,0,"Yorkshire and the Humber",7,"Doncaster 003",35,1,212,74,1262,0.35,0.5317,0.283,0.283,7,0.650943396226415,138,120,339,339,1.13963401353208,0.982846629829789,1.31421519498507,1,0,0.958,6,"1.01 to 1.25","Not Significant","0.80-1.00"
"E02001544","Doncaster 006",NA,464939,409544,53.5785,-1.02069,"466d03de-34bc-4b47-8599-4863dd4ecda0",7,40,49.58,0.0122,0.002,0.0138,"LargeCentralMetro",0,0,0,0,0,"Yorkshire and the Humber",7,"Doncaster 006",24,1,110,26,722,0.24,0.4958,0.4,0.4,7,0.763636363636364,84,62,340,340,1.31366934425574,1.0994227451895,1.55740664496796,2,1,0.999,6,"1.26 to 1.50","Significant Increase","0.80-1.00"
"E02001547","Doncaster 009",NA,453750,407733,53.5635,-1.18997,"4656618e-b565-4a9b-b38d-1f1710102d38",9,41.3,45.52,0.0122,0.0109,0.0177,"LargeCentralMetro",0,0,0,0,0,"Yorkshire and the Humber",8,"Doncaster 009",44,1,184,81,1094,0.44,0.4552,0.413,0.413,8,0.559782608695652,103,104,341,341,1.07795664894597,0.91895998881878,1.2563231196903,1,0,0.816,6,"1.01 to 1.25","Not Significant","0.80-1.00"
"E02001549","Doncaster 011",NA,462352,406169,53.5485,-1.06043,"4f29f6b7-0f43-4dc8-aa85-b1fe3ba0adde",8,14.8,47.99,0.0178,0.0045,0.0133,"LargeCentralMetro",0,0,0,0,0,"Yorkshire and the Humber",9,"Doncaster 011",52,1,223,116,1142,0.52,0.4799,0.148,0.148,9,0.479820627802691,107,126,342,342,0.892680358047278,0.761253945092318,1.04012787802433,-1,0,0.071,2,"0.76 to 0.99","Not Significant","0.01-0.20"
"E02001550","Doncaster 012",NA,455244,405721,53.5452,-1.16777,"93c83ffd-fbf7-4c3d-a206-3490ef988e57",5,41.18,52.04,0.0083,0.0053,0.0147,"LargeCentralMetro",0,0,0,0,0,"Yorkshire and the Humber",7,"Doncaster 012",33,1,153,50,978,0.33,0.5204,0.4118,0.4118,7,0.673202614379085,103,87,343,343,1.19315028113328,1.01280565736564,1.39621160450162,1,1,0.983,6,"1.01 to 1.25","Significant Increase","0.80-1.00"
"E02001552","Doncaster 014",NA,464440,405085,53.5385,-1.02914,"18275d50-e27e-41e3-bd55-f8cce68e8359",8,23.89,46.07,0.0227,0.0082,0.0226,"LargeCentralMetro",0,0,0,0,0,"Yorkshire and the Humber",8,"Doncaster 014",29,1,113,33,521,0.29,0.4607,0.2389,0.2389,8,0.707964601769911,80,64,344,344,1.183379267961,0.986319095044057,1.40825523009267,1,0,0.965,6,"1.01 to 1.25","Not Significant","0.80-1.00"
"E02001554","Doncaster 016",NA,454928,404247,53.532,-1.17279,"e45801cc-a997-4040-9d8b-def9d12fd53e",4,15.45,52.25,0.0158,0.003,0.0157,"LargeCentralMetro",0,0,0,0,0,"Yorkshire and the Humber",8,"Doncaster 016",48,1,233,112,1420,0.48,0.5225,0.1545,0.1545,8,0.51931330472103,121,132,345,345,0.921510319065399,0.789421481722953,1.06927617023864,-1,0,0.136,2,"0.76 to 0.99","Not Significant","0.01-0.20"
"E02001556","Doncaster 018",NA,460114,404083,53.53,-1.0946,"3f0b815d-5f14-47da-af50-b335147db44f",8,41.52,49.32,0.0864,0.0156,0.0548,"LargeCentralMetro",0,0,0,0,0,"Yorkshire and the Humber",10,"Doncaster 018",48,1,224,108,1247,0.48,0.4932,0.4152,0.4152,10,0.517857142857143,116,127,346,346,0.989533529953844,0.849156717532447,1.14628135944862,-1,0,0.429,4,"0.76 to 0.99","Not Significant","0.40-0.59"
"E02001557","Doncaster 019",NA,459542,402910,53.5195,-1.10345,"6d3a4f28-dbbf-4520-b169-6167a85960fe",9,30.66,52.31,0.1208,0.0347,0.0552,"LargeCentralMetro",0,0,0,0,0,"Yorkshire and the Humber",2,"Doncaster 019",38,3,287,109,2055,0.38,0.5231,0.3066,0.3066,2,0.62020905923345,178,163,347,347,1.07795046434059,0.942594647729714,1.22719218544368,1,0,0.86,6,"1.01 to 1.25","Not Significant","0.80-1.00"
"E02001564","Doncaster 026",NA,466674,401255,53.5038,-0.99625,"b30cf237-222e-4339-86b5-4649282e3c0c",4,18.96,50.92,0.0176,0.0044,0.0207,"LargeCentralMetro",0,0,0,0,0,"Yorkshire and the Humber",5,"Doncaster 026",44,1,269,118,1622,0.44,0.5092,0.1896,0.1896,5,0.561338289962825,151,153,348,348,0.974672258169591,0.844696561238714,1.11889879599907,-1,0,0.346,3,"0.76 to 0.99","Not Significant","0.20-0.39"
"E02001573","Doncaster 035",NA,450323,398318,53.4792,-1.24321,"e3bbbbd0-e434-456a-b681-25caab05e986",8,38.32,53.51,0.006,0.0023,0.0107,"LargeCentralMetro",0,0,0,0,0,"Yorkshire and the Humber",9,"Doncaster 035",32,1,107,34,727,0.32,0.5351,0.3832,0.3832,9,0.682242990654206,73,61,349,349,1.21772308749033,1.01366325785666,1.4506663773139,1,1,0.982,6,"1.01 to 1.25","Significant Increase","0.80-1.00"
"E02001574","Doncaster 036",NA,462921,397827,53.4734,-1.05351,"aa229acc-8f2f-4c51-9b87-739dc6a123fa",7,37.37,48.62,0.011,0.0048,0.0153,"LargeCentralMetro",0,0,0,0,0,"Yorkshire and the Humber",8,"Doncaster 036",41,1,99,41,724,0.41,0.4862,0.3737,0.3737,8,0.585858585858586,58,56,350,350,1.11266242765448,0.916711850348303,1.33788163888221,1,0,0.855,6,"1.01 to 1.25","Not Significant","0.80-1.00"
"E02001576","Doncaster 038",NA,464781,396586,53.4621,-1.02574,"1db4c531-5414-4d3a-b054-cda4390ef309",4,16.2,49.36,0.0228,0.0062,0.0234,"MediumMetro",0,1,0,0,0,"Yorkshire and the Humber",10,"Doncaster 038",62,1,179,111,1098,0.62,0.4936,0.162,0.162,10,0.379888268156425,68,102,351,351,0.748276784223465,0.62355019510376,0.890435524254456,-2,-1,0.001,1,"0.51 to 0.75","Significant Decrease","<0.01"
"E02001582","Rotherham 005",NA,442975,397541,53.4729,-1.35403,"2d4f95b5-cd57-4d08-abdd-96fd93136f4c",8,37.75,52.64,0.0114,0.0029,0.0113,"LargeCentralMetro",0,0,0,0,0,"Yorkshire and the Humber",7,"Rotherham 005",40,1,151,60,870,0.4,0.5264,0.3775,0.3775,7,0.602649006622517,91,86,352,352,1.11045267466239,0.938003420904243,1.3052356717726,1,0,0.885,6,"1.01 to 1.25","Not Significant","0.80-1.00"
"E02001586","Rotherham 009",NA,441633,395132,53.4513,-1.37456,"5c2b7a18-8caf-4e2a-b62a-260c00cf9995",10,41.29,52.73,0.0081,0.0114,0.022,"LargeCentralMetro",0,0,0,0,0,"Yorkshire and the Humber",9,"Rotherham 009",32,1,155,50,732,0.32,0.5273,0.4129,0.4129,9,0.67741935483871,105,88,353,353,1.22510415501599,1.04214583257129,1.43076883496924,1,1,0.993,6,"1.01 to 1.25","Significant Increase","0.80-1.00"
"E02001592","Rotherham 015",NA,439537,393181,53.4339,-1.40636,"d3f29a4f-9bad-405e-bbb5-8b05c9dcb4a7",7,36.87,47.45,0.0197,0.0107,0.0173,"LargeCentralMetro",0,0,0,0,0,"Yorkshire and the Humber",7,"Rotherham 015",36,1,217,78,1178,0.36,0.4745,0.3687,0.3687,7,0.640552995391705,139,123,354,354,1.14873748545593,0.992513424519241,1.32243173051003,1,0,0.968,6,"1.01 to 1.25","Not Significant","0.80-1.00"
"E02001595","Rotherham 018",NA,451117,392012,53.4225,-1.23227,"861acc6a-b6bd-450d-a0ae-f234d719d46d",8,32.61,46.88,0.0093,0.0024,0.0089,"LargeCentralMetro",0,0,0,0,0,"Yorkshire and the Humber",8,"Rotherham 018",35,1,138,48,1056,0.35,0.4688,0.3261,0.3261,8,0.652173913043478,90,78,355,355,1.16980995527069,0.985577907511923,1.37834412473532,1,0,0.963,6,"1.01 to 1.25","Not Significant","0.80-1.00"
"E02001598","Rotherham 021",NA,445913,392285,53.4254,-1.31053,"c18c2191-f306-454b-97ce-f72cad1abb26",8,22.63,48.78,0.0823,0.0093,0.0241,"LargeCentralMetro",0,0,0,0,0,"Yorkshire and the Humber",5,"Rotherham 021",44,1,137,60,695,0.44,0.4878,0.2263,0.2263,5,0.562043795620438,77,78,356,356,1.00067108290263,0.835440355421924,1.18890319861692,0,0,0.484,4,"1.00-1.009 (null value)","Not Significant","0.40-0.59"
"E02001600","Rotherham 023",NA,443851,391103,53.4149,-1.34172,"32f1dd44-237f-46c7-b782-6b927a72f28d",7,31.44,53.07,0.3654,0.0133,0.0511,"LargeCentralMetro",0,0,0,0,0,"Yorkshire and the Humber",3,"Rotherham 023",37,1,194,72,1027,0.37,0.5307,0.3144,0.3144,3,0.628865979381443,122,110,357,357,1.08196681614187,0.925669980854498,1.25701583571572,1,0,0.834,6,"1.01 to 1.25","Not Significant","0.80-1.00"
"E02001602","Rotherham 025",NA,441766,390489,53.4096,-1.37317,"04e3351d-b28a-4cba-8592-5515519290c7",6,26.19,51.29,0.0448,0.0137,0.0252,"LargeCentralMetro",0,0,0,0,0,"Yorkshire and the Humber",9,"Rotherham 025",41,1,210,86,1353,0.41,0.5129,0.2619,0.2619,9,0.59047619047619,124,119,358,358,1.04771623957246,0.898779631536436,1.21416611674218,1,0,0.715,5,"1.01 to 1.25","Not Significant","0.60-0.79"
"E02001603","Rotherham 026",NA,448743,388283,53.3892,-1.26856,"d44f7a3b-d411-4bd2-a2c1-ab25413a821b",9,21.29,52.07,0.0107,0.0089,0.0132,"LargeCentralMetro",0,0,0,0,0,"Yorkshire and the Humber",6,"Rotherham 026",43,1,249,107,1713,0.43,0.5207,0.2129,0.2129,6,0.570281124497992,142,141,359,359,1.01589931741208,0.878407452589085,1.16869275076677,1,0,0.571,4,"1.01 to 1.25","Not Significant","0.40-0.59"
"E02001608","Rotherham 031",NA,446782,383667,53.3479,-1.29873,"bdc6c58d-f093-47ad-9345-accfa9793987",7,19.59,50.68,0.015,0.0079,0.0188,"MediumMetro",0,1,0,0,0,"Yorkshire and the Humber",6,"Rotherham 031",42,1,245,103,1616,0.42,0.5068,0.1959,0.1959,6,0.579591836734694,142,139,360,360,0.999274776925733,0.862322433193187,1.15171712329221,-1,0,0.481,4,"0.76 to 0.99","Not Significant","0.40-0.59"
"E02001620","Sheffield 010",NA,436916,392180,53.4252,-1.44593,"59c471c8-72ca-41ce-a627-b5c74bd753c6",9,57.06,51.42,0.1317,0.0809,0.0773,"LargeCentralMetro",0,0,0,0,0,"Yorkshire and the Humber",6,"Sheffield 010",28,1,163,46,1019,0.28,0.5142,0.5706,0.5706,6,0.717791411042945,117,92,361,361,1.29253108805184,1.10576440692273,1.50164905607262,2,1,0.999,6,"1.26 to 1.50","Significant Increase","0.80-1.00"
"E02001629","Sheffield 019",NA,435050,390098,53.4066,-1.47424,"cf8c6c7c-3417-4c8f-8a02-20eede63f09f",10,57.86,46.01,0.1653,0.1271,0.1239,"LargeCentralMetro",0,0,0,0,0,"Yorkshire and the Humber",3,"Sheffield 019",21,1,140,29,839,0.21,0.4601,0.5786,0.5786,3,0.792857142857143,111,79,362,362,1.36140023208263,1.15781595976193,1.59038918323222,2,1,1,6,"1.26 to 1.50","Significant Increase","0.80-1.00"
"E02001631","Sheffield 021",NA,432238,389562,53.4019,-1.51659,"bc1dc757-5cdf-4cea-be13-f50372887a71",7,23.3,47.24,0.0126,0.0105,0.0369,"LargeCentralMetro",0,0,0,0,0,"Yorkshire and the Humber",4,"Sheffield 021",40,1,206,82,1194,0.4,0.4724,0.233,0.233,4,0.601941747572815,124,117,363,363,1.04017839962522,0.891143312350128,1.20692410248315,1,0,0.68,5,"1.01 to 1.25","Not Significant","0.60-0.79"
"E02001643","Sheffield 033",NA,431096,387215,53.3809,-1.534,"956de073-b446-4033-a507-f7583c32a41a",4,15.45,49.17,0.0686,0.0143,0.059,"LargeCentralMetro",0,0,0,0,0,"Yorkshire and the Humber",3,"Sheffield 033",68,1,220,150,1682,0.68,0.4917,0.1545,0.1545,3,0.318181818181818,70,125,364,364,0.650495626190959,0.544213850077987,0.771256112394984,-2,-1,0,1,"0.51 to 0.75","Significant Decrease","<0.01"
"E02001646","Sheffield 036",NA,433616,386411,53.3735,-1.4962,"25d35531-f508-4cda-8477-32ebf86bae2d",2,30.28,52.06,0.0759,0.029,0.064,"LargeCentralMetro",0,0,0,0,0,"Yorkshire and the Humber",1,"Sheffield 036",44,2,436,192,3258,0.44,0.5206,0.3028,0.3028,1,0.559633027522936,244,247,365,365,0.974841776873456,0.866611418605332,1.09277283141126,-1,0,0.322,3,"0.76 to 0.99","Not Significant","0.20-0.39"
"E02001647","Sheffield 037",NA,440119,386367,53.3727,-1.39847,"c070bfe1-f81a-4d26-95c7-6acd1134425f",8,37.11,47.03,0.0757,0.0169,0.0448,"LargeCentralMetro",0,0,0,0,0,"Yorkshire and the Humber",8,"Sheffield 037",30,1,194,58,1010,0.3,0.4703,0.3711,0.3711,8,0.701030927835051,136,110,366,366,1.22093353292389,1.05188935987696,1.40930420900202,1,1,0.996,6,"1.01 to 1.25","Significant Increase","0.80-1.00"
"E02001648","Sheffield 038",NA,431888,386016,53.3701,-1.52221,"e5eb6306-f022-4757-ac49-cb6f1423d14b",3,6.25,52.13,0.071,0.0143,0.0624,"LargeCentralMetro",0,0,0,0,0,"Yorkshire and the Humber",2,"Sheffield 038",65,1,208,135,1456,0.65,0.5213,0.0625,0.0625,2,0.350961538461538,73,118,367,367,0.658993200609733,0.55000517930941,0.78312855747357,-2,-1,0,1,"0.51 to 0.75","Significant Decrease","<0.01"
"E02001649","Sheffield 039",NA,438555,386386,53.373,-1.42197,"23a5965b-9bfe-4ea6-9109-613859f339ae",10,60,52.07,0.0749,0.0946,0.0908,"LargeCentralMetro",0,0,0,0,0,"Yorkshire and the Humber",6,"Sheffield 039",34,1,140,48,1041,0.34,0.5207,0.6,0.6,6,0.657142857142857,92,79,368,368,1.22894702849912,1.03896840826954,1.44339275640951,1,1,0.992,6,"1.01 to 1.25","Significant Increase","0.80-1.00"
"E02001652","Sheffield 042",NA,435237,386051,53.3702,-1.47188,"14adf501-d3d1-476b-a435-7c307368e084",2,18.6,18.06,0.2933,0.0674,0.0697,"LargeCentralMetro",0,0,0,0,0,"Yorkshire and the Humber",1,"Sheffield 042",22,1,86,19,443,0.22,0.1806,0.186,0.186,1,0.77906976744186,67,49,369,369,1.14573108341505,0.937384893190682,1.38680605190207,1,0,0.905,6,"1.01 to 1.25","Not Significant","0.80-1.00"
"E02001653","Sheffield 043",NA,436709,385588,53.3659,-1.44981,"06f97929-bd89-48e7-902d-6d1dff995e5e",9,32.83,52.01,0.1043,0.0966,0.1122,"LargeCentralMetro",0,0,0,0,0,"Yorkshire and the Humber",1,"Sheffield 043",40,1,198,79,1342,0.4,0.5201,0.3283,0.3283,1,0.601010101010101,119,112,370,370,1.02939173239534,0.879010377434051,1.19805140368152,1,0,0.628,5,"1.01 to 1.25","Not Significant","0.60-0.79"
"E02001659","Sheffield 049",NA,441500,384845,53.3589,-1.37791,"d243df7e-d588-4fb8-ac3b-ead658ba199c",10,36.46,48.78,0.0234,0.027,0.0419,"LargeCentralMetro",0,0,0,0,0,"Yorkshire and the Humber",8,"Sheffield 049",48,1,181,87,943,0.48,0.4878,0.3646,0.3646,8,0.519337016574586,94,103,371,371,0.996659496967783,0.845284182650486,1.16709234144428,-1,0,0.467,4,"0.76 to 0.99","Not Significant","0.40-0.59"
"E02001664","Sheffield 054",NA,437897,384116,53.3526,-1.43213,"a8e9735b-a30f-4092-a441-1e4f063afa6e",7,53.33,51.72,0.018,0.0482,0.0512,"LargeCentralMetro",0,0,0,0,0,"Yorkshire and the Humber",6,"Sheffield 054",31,1,135,42,669,0.31,0.5172,0.5333,0.5333,6,0.688888888888889,93,77,372,372,1.2424163014876,1.04957965359255,1.46024700120341,1,1,0.994,6,"1.01 to 1.25","Significant Increase","0.80-1.00"
"E02001665","Sheffield 055",NA,432898,383450,53.3469,-1.5073,"bee2f335-e8c0-41d7-a2c2-986982243cfb",2,21.02,50.73,0.0706,0.0124,0.0472,"LargeCentralMetro",0,0,0,0,0,"Yorkshire and the Humber",5,"Sheffield 055",59,1,176,104,1297,0.59,0.5073,0.2102,0.2102,5,0.409090909090909,72,100,373,373,0.779620445346108,0.650794026403972,0.926314466892626,-1,-1,0.002,1,"0.76 to 0.99","Significant Decrease","<0.01"
"E02001674","Sheffield 064",NA,435873,382861,53.3415,-1.46268,"1049112b-1c76-4363-939f-a11b52735143",6,31.39,48.59,0.0232,0.0133,0.0348,"LargeCentralMetro",0,0,0,0,0,"Yorkshire and the Humber",4,"Sheffield 064",34.06,2,481,164,2842,0.3406,0.4859,0.3139,0.3139,4,0.659043659043659,317,273,374,374,1.14759791777061,1.03329088488334,1.27101141733759,1,1,0.995,6,"1.01 to 1.25","Significant Increase","0.80-1.00"
"E02001678","Sheffield 068",NA,430119,381191,53.3268,-1.54925,"4ac49f8d-2c89-4e49-86a6-f3cf956f40ee",3,24.34,48.89,0.0514,0.013,0.0478,"LargeCentralMetro",0,0,0,0,0,"Yorkshire and the Humber",6,"Sheffield 068",60,1,189,113,1256,0.6,0.4889,0.2434,0.2434,6,0.402116402116402,76,107,375,375,0.787521118500622,0.660299024378995,0.931908123893807,-1,-1,0.003,1,"0.76 to 0.99","Significant Decrease","<0.01"
"E02001683","Gateshead 002",NA,413278,563095,54.9623,-1.79417,"c6a82a61-d45a-4071-86a3-1e598bb540ab",6,24.88,48.57,0.0075,0.0018,0.0111,"LargeCentralMetro",0,0,0,0,0,"North East",7,"Gateshead 002",38,1,213,81,1011,0.38,0.4857,0.2488,0.2488,7,0.619718309859155,132,121,376,376,1.08393450908004,0.932610737476097,1.25271140262857,1,0,0.849,6,"1.01 to 1.25","Not Significant","0.80-1.00"
"E02001686","Gateshead 005",NA,418569,560894,54.9424,-1.71168,"2b54cd13-3b40-4f71-80bc-b74b0cef0d75",6,12.39,53.5,0.007,0.0012,0.0115,"LargeCentralMetro",0,0,0,0,0,"North East",2,"Gateshead 005",45,1,226,102,1484,0.45,0.535,0.1239,0.1239,2,0.548672566371681,124,128,377,377,0.9443550624254,0.80866697736907,1.09622506384754,-1,0,0.218,3,"0.76 to 0.99","Not Significant","0.20-0.39"
"E02001694","Gateshead 013",NA,422437,561130,54.9443,-1.65129,"a6302529-536a-4478-b582-f1b07dfab2e3",9,58.82,48.14,0.0172,0.0035,0.0187,"LargeCentralMetro",0,0,0,0,0,"North East",9,"Gateshead 013",17,1,102,17,590,0.17,0.4814,0.5882,0.5882,9,0.833333333333333,85,58,378,378,1.49738310403783,1.25768522420512,1.76927634869587,2,1,1,6,"1.26 to 1.50","Significant Increase","0.80-1.00"
"E02001698","Gateshead 017",NA,420145,560556,54.9393,-1.6871,"82243627-be95-4825-9c86-233c8f62f3f9",5,23.5,48.32,0.0089,0.0022,0.0115,"LargeCentralMetro",0,0,0,0,0,"North East",3,"Gateshead 017",44,1,234,103,1579,0.44,0.4832,0.235,0.235,3,0.55982905982906,131,133,379,379,0.988498226650741,0.850575313251589,1.1423068449159,-1,0,0.423,4,"0.76 to 0.99","Not Significant","0.40-0.59"
"E02001702","Gateshead 021",NA,427529,559177,54.9265,-1.57199,"86897783-ca0c-469d-8bf5-07cc70d85799",10,23.91,53.87,0.0216,0.0138,0.0333,"LargeCentralMetro",0,0,0,0,0,"North East",6,"Gateshead 021",60,1,184,110,1355,0.6,0.5387,0.2391,0.2391,6,0.402173913043478,74,104,380,380,0.817689144598489,0.685859289866291,0.967219927577594,-1,-1,0.009,1,"0.76 to 0.99","Significant Decrease","<0.01"
"E02001707","Gateshead 026",NA,427564,554979,54.8888,-1.57184,"e0f56c38-bdb0-40b2-87cb-fc73ead75b2c",9,21.85,53.86,0.0258,0.0027,0.0169,"LargeCentralMetro",0,0,0,0,0,"North East",4,"Gateshead 026",42,1,238,100,1450,0.42,0.5386,0.2185,0.2185,4,0.579831932773109,138,135,381,381,1.02040593876608,0.880325483165851,1.17633728968567,1,0,0.593,4,"1.01 to 1.25","Not Significant","0.40-0.59"
"E02001709","Newcastle upon Tyne 002",NA,424583,570141,55.0252,-1.61702,"a5ac612f-a680-4785-8ed6-ca819bb37e18",3,20.88,49.94,0.0943,0.0124,0.043,"LargeCentralMetro",0,0,0,0,0,"North East",2,"Newcastle upon Tyne 002",56,1,364,204,1680,0.56,0.4994,0.2088,0.2088,2,0.43956043956044,160,206,382,382,0.798907715392223,0.696119962571666,0.91249176979775,-1,-1,0,1,"0.76 to 0.99","Significant Decrease","<0.01"
"E02001714","Newcastle upon Tyne 007",NA,426307,567317,54.9997,-1.59031,"4427620c-83d7-4cd1-b039-4fd700005fde",3,22.16,49.12,0.1391,0.0138,0.0467,"LargeCentralMetro",0,0,0,0,0,"North East",4,"Newcastle upon Tyne 007",58,1,185,107,1250,0.58,0.4912,0.2216,0.2216,4,0.421621621621622,78,105,383,383,0.798493640216709,0.669394152610332,0.945066152445607,-1,-1,0.005,1,"0.76 to 0.99","Significant Decrease","<0.01"
"E02001715","Newcastle upon Tyne 008",NA,422576,567113,54.9981,-1.64865,"ced4d7d6-ad16-45ec-a5a2-0234900cf81c",6,45.92,49.47,0.0871,0.0597,0.0654,"LargeCentralMetro",0,0,0,0,0,"North East",9,"Newcastle upon Tyne 008",29,1,294,85,1787,0.29,0.4947,0.4592,0.4592,9,0.710884353741497,209,167,384,384,1.24784710706366,1.10105998193547,1.40864212705714,1,1,1,6,"1.01 to 1.25","Significant Increase","0.80-1.00"
"E02001722","Newcastle upon Tyne 015",NA,419063,566270,54.9907,-1.70362,"9184fdb1-467d-4a05-8c26-fd83b785dfc4",8,47.62,43.04,0.0255,0.0266,0.0179,"LargeCentralMetro",0,0,0,0,0,"North East",5,"Newcastle upon Tyne 015",33,1,42,14,158,0.33,0.4304,0.4762,0.4762,5,0.666666666666667,28,24,385,385,1.28115601648646,1.01665089264116,1.59325644712752,2,1,0.982,6,"1.26 to 1.50","Significant Increase","0.80-1.00"
"E02001742","North Tyneside 005",NA,433821,572122,55.0425,-1.47229,"cbb29858-642b-4f3d-a886-4f6deb874749",5,7.69,49.75,0.0156,0.0014,0.0121,"LargeCentralMetro",0,0,0,0,0,"North East",2,"North Tyneside 005",61,1,351,214,1604,0.61,0.4975,0.0769,0.0769,2,0.39031339031339,137,199,386,386,0.723197320131506,0.62541715063205,0.831810808808357,-2,-1,0,1,"0.51 to 0.75","Significant Decrease","<0.01"
"E02001749","North Tyneside 012",NA,428514,570870,55.0316,-1.55546,"e4d9fbe4-6d0e-48e1-afe0-f9f0f5da4458",8,28.86,50.68,0.0222,0.0042,0.013,"LargeCentralMetro",0,0,0,0,0,"North East",7,"North Tyneside 012",42,1,201,84,1184,0.42,0.5068,0.2886,0.2886,7,0.582089552238806,117,114,387,387,1.05297614387925,0.901368556344698,1.22264125328631,1,0,0.733,5,"1.01 to 1.25","Not Significant","0.60-0.79"
"E02001750","North Tyneside 013",NA,434205,570554,55.0284,-1.46647,"ace7d084-2f0d-47dc-991e-d247bf8ed988",6,21.89,48.64,0.0349,0.0032,0.0139,"LargeCentralMetro",0,0,0,0,0,"North East",2,"North Tyneside 013",52.8,2,265,140,1139,0.528,0.4864,0.2189,0.2189,2,0.471698113207547,125,150,388,388,0.870116921582754,0.748341717703424,1.00592239554051,-1,0,0.03,2,"0.76 to 0.99","Not Significant","0.01-0.20"
"E02001756","North Tyneside 019",NA,426622,569376,55.0182,-1.5852,"550fef21-53f6-47d9-8869-909a32675ad6",8,28.89,48.7,0.0522,0.01,0.0319,"LargeCentralMetro",0,0,0,0,0,"North East",9,"North Tyneside 019",39,1,135,53,772,0.39,0.487,0.2889,0.2889,9,0.607407407407407,82,77,389,389,1.08259329682525,0.907296447248001,1.28175052544224,1,0,0.804,6,"1.01 to 1.25","Not Significant","0.80-1.00"
"E02001757","North Tyneside 020",NA,434132,569064,55.015,-1.46779,"4bd8ffab-1209-4e08-8764-91bd63ca8467",8,22.39,51.58,0.0219,0.0017,0.0151,"LargeCentralMetro",0,0,0,0,0,"North East",4,"North Tyneside 020",55,1,259,142,1615,0.55,0.5158,0.2239,0.2239,4,0.451737451737452,117,147,390,390,0.851807369297142,0.730876018131666,0.986868180149804,-1,-1,0.016,2,"0.76 to 0.99","Significant Decrease","0.01-0.20"
"E02001760","North Tyneside 023",NA,433492,568183,55.0071,-1.4779,"a5b1c77f-9c07-478e-9a7a-b47d66659a3c",9,51.35,44.27,0.0286,0.0147,0.0208,"LargeCentralMetro",0,0,0,0,0,"North East",4,"North Tyneside 023",20,1,74,15,323,0.2,0.4427,0.5135,0.5135,4,0.797297297297297,59,42,391,391,1.40222844645641,1.15162111042138,1.69108311080571,2,1,1,6,"1.26 to 1.50","Significant Increase","0.80-1.00"
"E02001766","North Tyneside 029",NA,430369,566902,54.9958,-1.52686,"a1a927ac-e60c-4247-aaf9-89554aeb5874",9,40.38,50.47,0.0286,0.0106,0.0272,"LargeCentralMetro",0,0,0,0,0,"North East",2,"North Tyneside 029",24,1,213,51,1169,0.24,0.5047,0.4038,0.4038,2,0.76056338028169,162,121,392,392,1.30411059710498,1.13367652216126,1.49283644481003,2,1,1,6,"1.26 to 1.50","Significant Increase","0.80-1.00"
"E02001772","South Tyneside 005",NA,436783,564961,54.9779,-1.42686,"a0e3ba8e-c402-49ab-a3e1-c0185ca61586",8,34.21,49.92,0.0387,0.0079,0.0348,"LargeCentralMetro",0,0,0,0,0,"North East",6,"South Tyneside 005",32.8,2,266,87,1793,0.328,0.4992,0.3421,0.3421,6,0.672932330827068,179,151,393,393,1.17415790328858,1.02729336658324,1.33602102480181,1,1,0.991,6,"1.01 to 1.25","Significant Increase","0.80-1.00"
"E02001782","South Tyneside 015",NA,431387,563444,54.9646,-1.51132,"ded51153-14e5-42f3-ab26-91a52d28d03d",10,35.22,50.21,0.0096,0.0033,0.014,"LargeCentralMetro",0,0,0,0,0,"North East",4,"South Tyneside 015",33.25,2,335,111,1942,0.3325,0.5021,0.3522,0.3522,4,0.66865671641791,224,190,394,394,1.18173110909068,1.04680211234074,1.32911555448905,1,1,0.997,6,"1.01 to 1.25","Significant Increase","0.80-1.00"
"E02001784","South Tyneside 017",NA,433130,563625,54.9662,-1.48408,"f1ffc9bf-d1f3-443b-be01-910f3417b268",9,42.06,50.83,0.0062,0.0018,0.0154,"LargeCentralMetro",0,0,0,0,0,"North East",7,"South Tyneside 017",35,1,107,37,663,0.35,0.5083,0.4206,0.4206,7,0.654205607476635,70,61,395,395,1.20194155231426,0.999793289675635,1.43277022579755,1,0,0.975,6,"1.01 to 1.25","Not Significant","0.80-1.00"
"E02001785","South Tyneside 018",NA,440080,562646,54.9569,-1.37567,"8427333c-6b03-488a-95e7-f2231f83edde",6,15.98,50.04,0.0086,0.0021,0.0167,"LargeCentralMetro",0,0,0,0,0,"North East",9,"South Tyneside 018",51,1,194,99,1177,0.51,0.5004,0.1598,0.1598,9,0.489690721649485,95,110,396,396,0.898689842203895,0.760683952196826,1.05435243855807,-1,0,0.092,2,"0.76 to 0.99","Not Significant","0.01-0.20"
"E02001788","South Tyneside 021",NA,434641,562057,54.952,-1.46067,"40174c0b-eddb-49a1-83c0-797a023d8f99",8,40,50.93,0.0227,0.0074,0.0177,"LargeCentralMetro",0,0,0,0,0,"North East",6,"South Tyneside 021",34,1,130,44,589,0.34,0.5093,0.4,0.4,6,0.661538461538462,86,74,397,397,1.18651720027376,0.99736827589832,1.40095138509983,1,0,0.973,6,"1.01 to 1.25","Not Significant","0.80-1.00"
"E02001794","Sunderland 004",NA,437684,559598,54.9297,-1.41348,"9f4f367d-8a8e-4b2a-8e70-56b8f755f64a",10,59.8,49.71,0.0052,0.0009,0.0087,"LargeCentralMetro",0,0,0,0,0,"North East",9,"Sunderland 004",21,1,102,21,523,0.21,0.4971,0.598,0.598,9,0.794117647058823,81,58,398,398,1.47108173584594,1.23421804965046,1.73990642569376,2,1,1,6,"1.26 to 1.50","Significant Increase","0.80-1.00"
"E02001798","Sunderland 008",NA,435582,558015,54.9156,-1.44648,"9ec90695-83ec-4221-9a0e-e9e5c6616956",9,35.71,49.65,0.0054,0.0049,0.0101,"LargeCentralMetro",0,0,0,0,0,"North East",7,"Sunderland 008",39,1,140,55,723,0.39,0.4965,0.3571,0.3571,7,0.607142857142857,85,79,399,399,1.12730711507595,0.948368571465911,1.3300071884007,1,0,0.911,6,"1.01 to 1.25","Not Significant","0.80-1.00"
"E02001809","Sunderland 019",NA,430593,555974,54.8976,-1.52452,"68bdd9d1-e3b8-4bec-a25b-620db4583af7",7,30.62,47,0.0105,0.0018,0.0108,"LargeCentralMetro",0,0,0,0,0,"North East",3,"Sunderland 019",36,1,209,75,1083,0.36,0.47,0.3062,0.3062,3,0.641148325358852,134,119,400,400,1.12086027387459,0.965241672186254,1.29431527977617,1,0,0.931,6,"1.01 to 1.25","Not Significant","0.80-1.00"
"E02001810","Sunderland 020",NA,429203,555457,54.893,-1.54624,"884195e1-badc-4f75-8d51-ca34c499bbc6",6,31.88,51.29,0.0088,0.0029,0.0125,"LargeCentralMetro",0,0,0,0,0,"North East",3,"Sunderland 020",33,1,207,68,1049,0.33,0.5129,0.3188,0.3188,3,0.671497584541063,139,117,401,401,1.16180910896484,1.00162681915345,1.34023064188516,1,1,0.976,6,"1.01 to 1.25","Significant Increase","0.80-1.00"
"E02001812","Sunderland 022",NA,439159,555397,54.8918,-1.39104,"8db093b1-eb00-418a-87c3-61bba45fe9ab",7,29.24,76.85,0.0566,0.0064,0.0169,"LargeCentralMetro",0,0,0,0,0,"North East",3,"Sunderland 022",45.48,3,383,174,2423,0.4548,0.7685,0.2924,0.2924,3,0.545691906005222,209,217,402,402,0.966007074208688,0.852540003942246,1.09027655767422,-1,0,0.279,3,"0.76 to 0.99","Not Significant","0.20-0.39"
"E02001813","Sunderland 023",NA,436945,554600,54.8848,-1.42565,"6370c8fc-d5d5-4a13-a530-fa320e974563",9,47.89,46.11,0.0128,0.007,0.0152,"LargeCentralMetro",0,0,0,0,0,"North East",7,"Sunderland 023",28,1,142,40,772,0.28,0.4611,0.4789,0.4789,7,0.71830985915493,102,81,403,403,1.2987679519433,1.10321780910501,1.51880468375822,2,1,0.999,6,"1.26 to 1.50","Significant Increase","0.80-1.00"
"E02001821","Sunderland 031",NA,438496,551353,54.8555,-1.40191,"7c9678eb-ff2c-4634-ab23-7190ef15ad34",7,28.68,47.94,0.0089,0.0018,0.0087,"LargeCentralMetro",0,0,0,0,0,"North East",8,"Sunderland 031",33,1,136,45,801,0.33,0.4794,0.2868,0.2868,8,0.669117647058823,91,77,404,404,1.16677647160567,0.982132544407207,1.37595332960466,1,0,0.96,6,"1.01 to 1.25","Not Significant","0.80-1.00"
"E02001824","Sunderland 034",NA,434207,549495,54.8391,-1.46893,"652904d7-1ff8-4847-9ae5-75a7d615874e",9,32.3,43.32,0.0076,0.0085,0.0118,"LargeCentralMetro",0,0,0,0,0,"North East",7,"Sunderland 034",36,1,226,81,1018,0.36,0.4332,0.323,0.323,7,0.641592920353982,145,128,405,405,1.15133419574974,0.997078226267814,1.32255668610824,1,0,0.972,6,"1.01 to 1.25","Not Significant","0.80-1.00"
"E02001828","Birmingham 002",NA,411262,299161,52.5901,-1.83519,"b83ec024-943d-4ba6-9f64-8c2e758c9208",4,15.35,50.62,0.0916,0.0185,0.0377,"LargeCentralMetro",0,0,0,0,0,"West Midlands",3,"Birmingham 002",59,1,241,142,1695,0.59,0.5062,0.1535,0.1535,3,0.410788381742739,99,137,406,406,0.76345203764737,0.648320830932519,0.892996785783278,-1,-1,0,1,"0.76 to 0.99","Significant Decrease","<0.01"
"E02001831","Birmingham 005",NA,414235,296369,52.565,-1.79142,"71682dd9-db7d-4f38-8b3c-954c2e278681",8,21.53,49.47,0.0765,0.0465,0.0656,"LargeCentralMetro",0,0,0,0,0,"West Midlands",5,"Birmingham 005",60,1,209,125,1407,0.6,0.4947,0.2153,0.2153,5,0.401913875598086,84,119,407,407,0.779698346373805,0.657407901036366,0.917944592834685,-1,-1,0.001,1,"0.76 to 0.99","Significant Decrease","<0.01"
"E02001832","Birmingham 006",NA,413084,295239,52.5549,-1.80845,"443c570b-0d2f-4bad-bc5f-449fd8a7f8f7",4,10.49,51.98,0.0756,0.0279,0.0502,"LargeCentralMetro",0,0,0,0,0,"West Midlands",1,"Birmingham 006",57,1,143,82,1037,0.57,0.5198,0.1049,0.1049,1,0.426573426573427,61,81,408,408,0.767159017844534,0.632070502194206,0.922484261463327,-1,-1,0.003,1,"0.76 to 0.99","Significant Decrease","<0.01"
"E02001835","Birmingham 009",NA,412018,295473,52.557,-1.82416,"0413b1bb-a03d-4c85-b494-43a8f8adcba5",5,17.65,51.64,0.0804,0.0214,0.0542,"LargeCentralMetro",0,0,0,0,0,"West Midlands",2,"Birmingham 009",56,1,187,105,1280,0.56,0.5164,0.1765,0.1765,2,0.438502673796791,82,106,409,409,0.802014917899535,0.672881667652979,0.94858728116232,-1,-1,0.005,1,"0.76 to 0.99","Significant Decrease","<0.01"
"E02001843","Birmingham 017",NA,407882,293242,52.537,-1.88522,"96e16929-0911-4da5-84e7-5c0ca5f8b854",6,69.47,53.22,0.1241,0.087,0.0622,"LargeCentralMetro",0,0,0,0,0,"West Midlands",3,"Birmingham 017",22,1,95,21,543,0.22,0.5322,0.6947,0.6947,3,0.778947368421053,74,54,410,410,1.40429478153502,1.17015932725317,1.67136366102407,2,1,1,6,"1.26 to 1.50","Significant Increase","0.80-1.00"
"E02001848","Birmingham 022",NA,408358,292347,52.5289,-1.87822,"5f5225cc-5416-4180-aab2-f40503974349",7,59.48,48.83,0.2024,0.2261,0.0888,"LargeCentralMetro",0,0,0,0,0,"West Midlands",3,"Birmingham 022",30,1,153,46,983,0.3,0.4883,0.5948,0.5948,3,0.699346405228758,107,87,411,411,1.26328532971814,1.07567332842331,1.47403290651004,2,1,0.998,6,"1.26 to 1.50","Significant Increase","0.80-1.00"
"E02001852","Birmingham 026",NA,409555,291956,52.5254,-1.86059,"f1487346-ce94-4e1f-a1ab-5b1b1148533b",8,52.14,48.52,0.233,0.1518,0.0852,"LargeCentralMetro",0,0,0,0,0,"West Midlands",3,"Birmingham 026",26,1,140,36,742,0.26,0.4852,0.5214,0.5214,3,0.742857142857143,104,79,412,412,1.29561665010641,1.09886228250214,1.5173271510085,2,1,0.999,6,"1.26 to 1.50","Significant Increase","0.80-1.00"
"E02001855","Birmingham 029",NA,414612,291119,52.5178,-1.78609,"45aef96c-3326-45a2-ba1a-2861de07e535",10,57.01,52.74,0.0264,0.081,0.0967,"LargeCentralMetro",0,0,0,0,0,"West Midlands",4,"Birmingham 029",25,1,107,27,749,0.25,0.5274,0.5701,0.5701,4,0.747663551401869,80,61,413,413,1.30187921631157,1.08777128979634,1.54569650107288,2,1,0.998,6,"1.26 to 1.50","Significant Increase","0.80-1.00"
"E02001857","Birmingham 031",NA,410539,290667,52.5138,-1.84613,"b7dc981e-7c4c-48b9-b481-a083fcfd22ae",8,60.9,47.19,0.2564,0.1753,0.0984,"LargeCentralMetro",0,0,0,0,0,"West Midlands",5,"Birmingham 031",28,1,156,44,835,0.28,0.4719,0.609,0.609,5,0.717948717948718,112,88,414,414,1.30017069920543,1.10977220461073,1.51369074774892,2,1,0.999,6,"1.26 to 1.50","Significant Increase","0.80-1.00"
"E02001859","Birmingham 033",NA,407317,291124,52.518,-1.8936,"0d4a150e-fd68-4da1-9e41-be4154ed15d4",3,52.55,40.28,0.6913,0.1542,0.0586,"LargeCentralMetro",0,0,0,0,0,"West Midlands",2,"Birmingham 033",28,2,196,55,1425,0.28,0.4028,0.5255,0.5255,2,0.719387755102041,141,111,415,415,1.26714162719604,1.09404199744319,1.45972298015728,2,1,0.999,6,"1.26 to 1.50","Significant Increase","0.80-1.00"
"E02001862","Birmingham 036",NA,403430,290351,52.5111,-1.95088,"308cddbb-4fee-47a7-a162-5a230a1da6e0",4,55.48,44.77,0.5506,0.2006,0.12,"LargeCentralMetro",0,0,0,0,0,"West Midlands",2,"Birmingham 036",26.55,2,301,80,1865,0.2655,0.4477,0.5548,0.5548,2,0.73421926910299,221,171,416,416,1.26945066629487,1.12247698498801,1.43021956059056,2,1,1,6,"1.26 to 1.50","Significant Increase","0.80-1.00"
"E02001867","Birmingham 041",NA,407069,289286,52.5014,-1.89729,"8025d498-acae-4967-9e12-b3a1d4c3671e",4,62.15,52.67,0.5507,0.2856,0.0876,"LargeCentralMetro",0,0,0,0,0,"West Midlands",2,"Birmingham 041",33,1,177,58,1122,0.33,0.5267,0.6215,0.6215,2,0.672316384180791,119,100,417,417,1.22544844411547,1.04954192561312,1.42222897270105,1,1,0.995,6,"1.01 to 1.25","Significant Increase","0.80-1.00"
"E02001870","Birmingham 044",NA,411921,288944,52.4983,-1.82582,"7a5238fe-0d64-4d05-84c2-5fab7eee3427",5,48.12,56.56,0.6434,0.0844,0.0781,"LargeCentralMetro",0,0,0,0,0,"West Midlands",5,"Birmingham 044",41.31,2,372,154,1950,0.4131,0.5656,0.4812,0.4812,5,0.586021505376344,218,211,418,418,1.05064858282216,0.929942273989492,1.18255911818549,1,0,0.78,5,"1.01 to 1.25","Not Significant","0.60-0.79"
"E02001874","Birmingham 048",NA,410400,288857,52.4975,-1.84823,"9eef0d06-007e-4edb-99c4-51545130c786",3,66.07,49.08,0.7012,0.1181,0.0825,"LargeCentralMetro",0,0,0,0,0,"West Midlands",3,"Birmingham 048",34,1,112,38,599,0.34,0.4908,0.6607,0.6607,3,0.660714285714286,74,64,419,419,1.22059378646218,1.01825870486613,1.45114972682874,1,1,0.985,6,"1.01 to 1.25","Significant Increase","0.80-1.00"
"E02001875","Birmingham 049",NA,406055,288377,52.4933,-1.91224,"faa6bf0c-98de-4d53-a908-0f6ab683cf8c",2,28.72,47.58,0.3306,0.3604,0.1054,"LargeCentralMetro",0,0,0,0,0,"West Midlands",3,"Birmingham 049",51,1,94,48,557,0.51,0.4758,0.2872,0.2872,3,0.48936170212766,46,53,420,420,0.902532362280616,0.731212985657547,1.10181992797676,-1,0,0.15,2,"0.76 to 0.99","Not Significant","0.01-0.20"
"E02001876","Birmingham 050",NA,407476,287661,52.4868,-1.89133,"5e9a5764-9f8a-4497-b8ad-87c4c995a3d3",5,42.82,51.61,0.267,0.3508,0.1079,"LargeCentralMetro",0,0,0,0,0,"West Midlands",1,"Birmingham 050",34.81,3,425,148,2447,0.3481,0.5161,0.4282,0.4282,1,0.651764705882353,277,241,421,421,1.13914074658902,1.01898178283485,1.26948220018332,1,1,0.989,6,"1.01 to 1.25","Significant Increase","0.80-1.00"
"E02001878","Birmingham 052",NA,409080,287389,52.4844,-1.86772,"becd865c-6677-4ef7-b61c-8adde6ef1daa",3,78.52,49.23,0.5828,0.2122,0.1165,"LargeCentralMetro",0,0,0,0,0,"West Midlands",2,"Birmingham 052",38,1,149,57,906,0.38,0.4923,0.7852,0.7852,2,0.61744966442953,92,85,422,422,1.18690412529622,1.00518996190902,1.39169780888526,1,1,0.978,6,"1.01 to 1.25","Significant Increase","0.80-1.00"
"E02001881","Birmingham 055",NA,412073,287611,52.4863,-1.82363,"23396ae4-2557-49a6-b4c2-c76342b60c19",2,56.02,48.64,0.6663,0.0835,0.0993,"LargeCentralMetro",0,0,0,0,0,"West Midlands",2,"Birmingham 055",34,1,191,65,1032,0.34,0.4864,0.5602,0.5602,2,0.659685863874346,126,108,423,423,1.15810890545626,0.993396972568638,1.34221818531181,1,0,0.969,6,"1.01 to 1.25","Not Significant","0.80-1.00"
"E02001886","Birmingham 060",NA,404400,286710,52.4783,-1.93664,"f1d99ee8-3135-4a3c-a988-cf0cf49477e0",5,67.12,43.16,0.4198,0.15,0.126,"LargeCentralMetro",0,0,0,0,0,"West Midlands",4,"Birmingham 060",28,1,146,41,899,0.28,0.4316,0.6712,0.6712,4,0.719178082191781,105,83,424,424,1.28267952132223,1.09029866085389,1.49907333208483,2,1,0.999,6,"1.26 to 1.50","Significant Increase","0.80-1.00"
"E02001889","Birmingham 063",NA,411264,286243,52.474,-1.83559,"32ff422f-e9c0-4425-b6c7-88987776e354",2,50,62.56,0.6863,0.101,0.1112,"LargeCentralMetro",0,0,0,0,0,"West Midlands",4,"Birmingham 063",21,1,52,11,211,0.21,0.6256,0.5,0.5,4,0.788461538461538,41,29,425,425,1.1829980379296,0.942536619776738,1.46642471116772,1,0,0.924,6,"1.01 to 1.25","Not Significant","0.80-1.00"
"E02001895","Birmingham 069",NA,415609,285793,52.4699,-1.77165,"2ccba98b-73f6-461c-8f8b-ecc5badaaf0e",9,56.4,48.3,0.1449,0.0655,0.0811,"LargeCentralMetro",0,0,0,0,0,"West Midlands",7,"Birmingham 069",38,1,172,65,1236,0.38,0.483,0.564,0.564,7,0.622093023255814,107,98,426,426,1.16196164516793,0.991494641744214,1.35310744742561,1,0,0.968,6,"1.01 to 1.25","Not Significant","0.80-1.00"
"E02001897","Birmingham 071",NA,408816,285589,52.4682,-1.87165,"ac6c4f0b-6029-4752-abd7-9943ef92db58",7,72.41,41.84,0.4057,0.2871,0.1993,"LargeCentralMetro",0,0,0,0,0,"West Midlands",1,"Birmingham 071",44,1,87,38,674,0.44,0.4184,0.7241,0.7241,1,0.563218390804598,49,49,427,427,1.11721829426677,0.912873971744958,1.35339185762325,1,0,0.854,6,"1.01 to 1.25","Not Significant","0.80-1.00"
"E02001899","Birmingham 073",NA,401998,285177,52.4646,-1.97201,"63c76f8c-bfd0-4ac7-88df-286901175a21",5,30,88.82,0.3141,0.04,0.1004,"LargeCentralMetro",0,0,0,0,0,"West Midlands",3,"Birmingham 073",50,2,130,65,939,0.5,0.8882,0.3,0.3,3,0.5,65,74,428,428,0.842633661592903,0.693212589003802,1.0146914399644,-1,0,0.035,2,"0.76 to 0.99","Not Significant","0.01-0.20"
"E02001905","Birmingham 079",NA,405213,284176,52.4555,-1.92471,"b4ce5d25-e9c1-47d1-96e1-a9877b703504",1,61.9,42.53,0.2768,0.0487,0.1015,"LargeCentralMetro",0,0,0,0,0,"West Midlands",2,"Birmingham 079",32,1,105,34,616,0.32,0.4253,0.619,0.619,2,0.676190476190476,71,60,429,429,1.18850535932815,0.986685679037825,1.41935171316729,1,0,0.965,6,"1.01 to 1.25","Not Significant","0.80-1.00"
"E02001906","Birmingham 080",NA,400101,284448,52.458,-1.99994,"09405f51-85ee-42bc-b051-04b9c70aad5c",6,70.13,51.1,0.1567,0.0913,0.1006,"LargeCentralMetro",0,0,0,0,0,"West Midlands",7,"Birmingham 080",18,1,77,14,456,0.18,0.511,0.7013,0.7013,7,0.818181818181818,63,44,430,430,1.43142049400361,1.17993842998422,1.7205246572257,2,1,1,6,"1.26 to 1.50","Significant Increase","0.80-1.00"
"E02001914","Birmingham 088",NA,406784,283020,52.4451,-1.90161,"478db158-a19e-4b1d-a47c-e09c38ca3efb",5,47.33,36.11,0.4554,0.06,0.1667,"LargeCentralMetro",0,0,0,0,0,"West Midlands",3,"Birmingham 088",45,1,131,59,792,0.45,0.3611,0.4733,0.4733,3,0.549618320610687,72,74,431,431,0.98134508343194,0.815381904542599,1.17106187292292,-1,0,0.4,4,"0.76 to 0.99","Not Significant","0.40-0.59"
"E02001916","Birmingham 090",NA,411259,283297,52.4475,-1.83576,"936b2152-886c-479b-909e-9c453552374b",7,58.48,43.36,0.5038,0.0589,0.0903,"LargeCentralMetro",0,0,0,0,0,"West Midlands",5,"Birmingham 090",43,1,171,74,911,0.43,0.4336,0.5848,0.5848,5,0.567251461988304,97,97,432,432,1.08838003191979,0.924478063349955,1.27272656227822,1,0,0.84,6,"1.01 to 1.25","Not Significant","0.80-1.00"
"E02001920","Birmingham 094",NA,400024,282998,52.445,-2.00107,"1c69af6f-d301-496d-a987-87f2c6e97079",9,48.47,47.03,0.0996,0.1219,0.1,"LargeCentralMetro",0,0,0,0,0,"West Midlands",8,"Birmingham 094",36,1,163,59,893,0.36,0.4703,0.4847,0.4847,8,0.638036809815951,104,92,433,433,1.16251411734303,0.988403700007559,1.35829974633081,1,0,0.965,6,"1.01 to 1.25","Not Significant","0.80-1.00"
"E02001923","Birmingham 097",NA,410071,282417,52.4397,-1.85327,"de3ceccd-fc0f-40ef-b967-23b63d9174a7",4,44.59,40.93,0.6722,0.0372,0.0844,"LargeCentralMetro",0,0,0,0,0,"West Midlands",6,"Birmingham 097",33.1,2,379,125,2226,0.331,0.4093,0.4459,0.4459,6,0.670184696569921,254,215,434,434,1.17216583880913,1.04427403085777,1.31130141707507,1,1,0.997,6,"1.01 to 1.25","Significant Increase","0.80-1.00"
"E02001924","Birmingham 098",NA,411249,282218,52.4378,-1.83595,"1062a4c2-6a55-40e2-94e5-7b9bdeed1ec0",6,41.73,42.07,0.4893,0.049,0.0863,"LargeCentralMetro",0,0,0,0,0,"West Midlands",3,"Birmingham 098",40,1,254,102,1388,0.4,0.4207,0.4173,0.4173,3,0.598425196850394,152,144,435,435,1.06250513836293,0.921994053476377,1.21826015242046,1,0,0.793,5,"1.01 to 1.25","Not Significant","0.60-0.79"
"E02001930","Birmingham 104",NA,407554,281647,52.4328,-1.89031,"b2520a38-dd7e-43ef-bd68-a743bcbe7850",6,33.11,30.19,0.2022,0.0345,0.0832,"LargeCentralMetro",0,0,0,0,0,"West Midlands",3,"Birmingham 104",57.3,2,299,171,1832,0.573,0.3019,0.3311,0.3311,3,0.42809364548495,128,170,436,436,0.817666997624345,0.705606172780107,0.942298093611486,-1,-1,0.003,1,"0.76 to 0.99","Significant Decrease","<0.01"
"E02001932","Birmingham 106",NA,400819,281187,52.4287,-1.98938,"8402ad9e-9f03-4963-969d-ddcfe66392d3",9,52.83,43.22,0.0845,0.1006,0.1014,"LargeCentralMetro",0,0,0,0,0,"West Midlands",7,"Birmingham 106",34,1,159,54,1099,0.34,0.4322,0.5283,0.5283,7,0.660377358490566,105,90,437,437,1.20169887360812,1.0223254130775,1.40331629205145,1,1,0.987,6,"1.01 to 1.25","Significant Increase","0.80-1.00"
"E02001952","Birmingham 126",NA,402936,278260,52.4024,-1.95826,"97c085f4-cead-4af2-83db-821ccec52426",10,35.75,46.48,0.0504,0.1152,0.0785,"LargeCentralMetro",0,0,0,0,0,"West Midlands",2,"Birmingham 126",39,1,193,75,1151,0.39,0.4648,0.3575,0.3575,2,0.61139896373057,118,109,438,438,1.08480096393147,0.927687570767319,1.26078477487953,1,0,0.841,6,"1.01 to 1.25","Not Significant","0.80-1.00"
"E02001956","Birmingham 130",NA,399510,277426,52.3949,-2.00862,"d23a17f4-60a0-4e78-ac3b-c4cda3524155",10,43.96,50.78,0.0368,0.0521,0.0608,"LargeCentralMetro",0,0,0,0,0,"West Midlands",9,"Birmingham 130",30,1,182,55,1091,0.3,0.5078,0.4396,0.4396,9,0.697802197802198,127,103,439,439,1.24106794775535,1.06612670598355,1.43638657549385,1,1,0.997,6,"1.01 to 1.25","Significant Increase","0.80-1.00"
"E02001959","Coventry 002",NA,431925,283762,52.4509,-1.53166,"9f8c8b6e-0c61-4e4f-98d5-7f5c7a34f0f8",6,32.88,48.43,0.1943,0.0554,0.0726,"LargeCentralMetro",0,0,0,0,0,"West Midlands",7,"Coventry 002",42,1,219,92,1462,0.42,0.4843,0.3288,0.3288,7,0.579908675799087,127,124,440,440,1.02841782816482,0.883447381536719,1.19027750961184,1,0,0.629,5,"1.01 to 1.25","Not Significant","0.60-0.79"
"E02001964","Coventry 007",NA,436987,283311,52.4465,-1.45723,"29d6151e-6f02-472f-ba6b-c293ee9424b9",9,36.06,55.71,0.0614,0.2062,0.0719,"LargeCentralMetro",0,0,0,0,0,"West Midlands",6,"Coventry 007",37,1,208,77,1208,0.37,0.5571,0.3606,0.3606,6,0.629807692307692,131,118,441,441,1.11526423188741,0.959433700889912,1.28906907016827,1,0,0.921,6,"1.01 to 1.25","Not Significant","0.80-1.00"
"E02001965","Coventry 008",NA,438186,281834,52.4332,-1.43976,"a3896f64-4927-4900-9400-61d0886e7e0d",6,31.17,48.4,0.1474,0.07,0.0525,"LargeCentralMetro",0,0,0,0,0,"West Midlands",6,"Coventry 008",31,1,154,48,655,0.31,0.484,0.3117,0.3117,6,0.688311688311688,106,87,442,442,1.1665785665003,0.989046553834173,1.36672157051721,1,0,0.966,6,"1.01 to 1.25","Not Significant","0.80-1.00"
"E02001967","Coventry 010",NA,429630,282408,52.4389,-1.56555,"18c99b53-586f-40bd-8e1a-5f5894680500",6,16.73,51.98,0.0485,0.0129,0.0293,"LargeCentralMetro",0,0,0,0,0,"West Midlands",8,"Coventry 010",39,1,245,96,1620,0.39,0.5198,0.1673,0.1673,8,0.608163265306122,149,139,443,443,1.04191740759983,0.901428315853156,1.19801925319599,1,0,0.701,5,"1.01 to 1.25","Not Significant","0.60-0.79"
"E02001970","Coventry 013",NA,436255,281078,52.4265,-1.46824,"0f2542a1-fd8b-4229-b247-17400aa0ab83",6,47,47.31,0.1502,0.0766,0.0517,"LargeCentralMetro",0,0,0,0,0,"West Midlands",5,"Coventry 013",19,1,100,19,689,0.19,0.4731,0.47,0.47,5,0.81,81,57,444,444,1.34943379999872,1.12572042666433,1.60455872908551,2,1,0.999,6,"1.26 to 1.50","Significant Increase","0.80-1.00"
"E02001976","Coventry 019",NA,437927,280055,52.4172,-1.44377,"932ea6f3-853f-47c1-9f21-b1ed923df986",6,16.74,50.95,0.1753,0.0889,0.0617,"LargeCentralMetro",0,0,0,0,0,"West Midlands",6,"Coventry 019",38,1,233,89,1525,0.38,0.5095,0.1674,0.1674,6,0.618025751072961,144,132,445,445,1.03986400730637,0.896935955961472,1.19903656346469,1,0,0.688,5,"1.01 to 1.25","Not Significant","0.60-0.79"
"E02001977","Coventry 020",NA,432948,280081,52.4178,-1.51697,"20d15c60-eda5-4762-8726-554fca91d5bd",8,50,44.2,0.2044,0.1631,0.0837,"LargeCentralMetro",0,0,0,0,0,"West Midlands",1,"Coventry 020",12,1,100,12,724,0.12,0.442,0.5,0.5,1,0.88,88,57,446,446,1.42369802863816,1.19104826188399,1.68853603845499,2,1,1,6,"1.26 to 1.50","Significant Increase","0.80-1.00"
"E02001981","Coventry 024",NA,434172,279577,52.4132,-1.49902,"e5977b8f-dd28-4a2c-bf7e-95106d6fec83",5,54.15,45.22,0.3356,0.2105,0.1269,"LargeCentralMetro",0,0,0,0,0,"West Midlands",1,"Coventry 024",42,1,205,86,1296,0.42,0.4522,0.5415,0.5415,1,0.580487804878049,119,116,447,447,1.0569157230231,0.905756217396228,1.22593801983709,1,0,0.751,5,"1.01 to 1.25","Not Significant","0.60-0.79"
"E02001985","Coventry 028",NA,434639,278528,52.4037,-1.49227,"0a86f0c1-785f-4384-b35f-95356048b51f",3,20,52.98,0.1852,0.164,0.0957,"LargeCentralMetro",0,0,0,0,0,"West Midlands",1,"Coventry 028",60,1,205,123,1495,0.6,0.5298,0.2,0.2,1,0.4,82,116,448,448,0.741830356718981,0.622723101194053,0.876955523874743,-2,-1,0,1,"0.51 to 0.75","Significant Decrease","<0.01"
"E02001986","Coventry 029",NA,428334,278785,52.4064,-1.58492,"4cd64b24-a727-4ab1-8506-1989aaa505ac",7,22.29,91.02,0.0463,0.0697,0.0448,"LargeCentralMetro",0,0,0,0,0,"West Midlands",9,"Coventry 029",29,1,157,46,857,0.29,0.9102,0.2229,0.2229,9,0.707006369426752,111,89,449,449,1.12630603442088,0.952961427431245,1.32207100829933,1,0,0.916,6,"1.01 to 1.25","Not Significant","0.80-1.00"
"E02001992","Coventry 035",NA,436286,277619,52.3954,-1.46816,"db5e1098-4ae8-4362-b7be-1e5133fe844c",6,47.13,50.39,0.0796,0.1792,0.0535,"LargeCentralMetro",0,0,0,0,0,"West Midlands",6,"Coventry 035",29,1,87,25,637,0.29,0.5039,0.4713,0.4713,6,0.71264367816092,62,49,450,450,1.26690833798792,1.04346875213755,1.52391712057116,2,1,0.992,6,"1.26 to 1.50","Significant Increase","0.80-1.00"
"E02001993","Coventry 036",NA,428668,277197,52.3921,-1.58014,"5051b35d-6b51-4a8f-b85b-7678e20c5a5b",7,27.96,38.23,0.1762,0.0784,0.0619,"LargeCentralMetro",0,0,0,0,0,"West Midlands",7,"Coventry 036",29.54,3,186,55,1177,0.2954,0.3823,0.2796,0.2796,7,0.704301075268817,131,105,451,451,1.19692048216219,1.02726127445186,1.38653020198983,1,1,0.99,6,"1.01 to 1.25","Significant Increase","0.80-1.00"
"E02001998","Coventry 041",NA,432484,276022,52.3813,-1.52418,"130d9509-28fc-4265-8ea6-1c4a9aae8e5a",4,11.06,48.95,0.2325,0.0326,0.0689,"LargeCentralMetro",0,0,0,0,0,"West Midlands",5,"Coventry 041",55,1,235,129,1526,0.55,0.4895,0.1106,0.1106,5,0.451063829787234,106,133,452,452,0.797996372122132,0.678263788321566,0.932692126759518,-1,-1,0.002,1,"0.76 to 0.99","Significant Decrease","<0.01"
"E02002001","Dudley 002",NA,392096,294175,52.5454,-2.11798,"87b3e273-ea2f-4e3e-b9c2-870f4e62d462",9,23.53,55.37,0.0296,0.012,0.0247,"LargeCentralMetro",0,0,0,0,0,"West Midlands",7,"Dudley 002",35,1,187,65,1080,0.35,0.5537,0.2353,0.2353,7,0.6524064171123,122,106,453,453,1.12071223111303,0.958710105856713,1.30216872842087,1,0,0.922,6,"1.01 to 1.25","Not Significant","0.80-1.00"
"E02002004","Dudley 005",NA,392661,292624,52.5314,-2.10961,"182b7730-1d89-4399-b7a7-0ea4b054469b",9,26.52,46.08,0.0375,0.0354,0.0353,"LargeCentralMetro",0,0,0,0,0,"West Midlands",6,"Dudley 005",34,1,230,78,1200,0.34,0.4608,0.2652,0.2652,6,0.660869565217391,152,130,454,454,1.14888013456217,0.995703271955979,1.31885526342421,1,0,0.971,6,"1.01 to 1.25","Not Significant","0.80-1.00"
"E02002007","Dudley 008",NA,390785,291434,52.5207,-2.13723,"10b6b62c-2520-468f-8222-ea5586f39027",8,23.74,50.57,0.0084,0.0092,0.0207,"LargeCentralMetro",0,0,0,0,0,"West Midlands",7,"Dudley 008",44,1,198,87,1058,0.44,0.5057,0.2374,0.2374,7,0.560606060606061,111,112,455,455,1.0096119373118,0.861318176180588,1.17597818151864,0,0,0.531,4,"1.00-1.009 (null value)","Not Significant","0.40-0.59"
"E02002008","Dudley 009",NA,392676,290811,52.5151,-2.10935,"a7156daf-fb8c-473e-b45e-2a6cb172d5e3",7,23.08,54.88,0.1135,0.0332,0.0362,"LargeCentralMetro",0,0,0,0,0,"West Midlands",2,"Dudley 009",37,1,130,48,820,0.37,0.5488,0.2308,0.2308,2,0.630769230769231,82,74,456,456,1.04876625086505,0.875276247787402,1.24655835033173,1,0,0.685,5,"1.01 to 1.25","Not Significant","0.60-0.79"
"E02002010","Dudley 011",NA,393628,290295,52.5105,-2.09531,"44e7e173-ac62-4790-86bb-e6c5050ce917",10,45,51.22,0.2765,0.1128,0.0707,"LargeCentralMetro",0,0,0,0,0,"West Midlands",4,"Dudley 011",24,1,140,34,654,0.24,0.5122,0.45,0.45,4,0.757142857142857,106,79,457,457,1.30212160065513,1.10454452929948,1.52475923156886,2,1,0.999,6,"1.26 to 1.50","Significant Increase","0.80-1.00"
"E02002011","Dudley 012",NA,389190,289844,52.5064,-2.16069,"35cac97b-ed97-4408-9622-94ebdfa1ee3c",7,19.77,50.27,0.0264,0.0051,0.019,"LargeCentralMetro",0,0,0,0,0,"West Midlands",3,"Dudley 012",37,1,177,65,917,0.37,0.5027,0.1977,0.1977,3,0.632768361581921,112,100,458,458,1.072821996303,0.912441699641357,1.25322235744393,1,0,0.796,5,"1.01 to 1.25","Not Significant","0.60-0.79"
"E02002018","Dudley 019",NA,388925,288019,52.49,-2.16453,"659dd333-86e3-4f5e-ac33-36b08a0f5c12",8,19.61,48.25,0.0176,0.0031,0.0187,"LargeCentralMetro",0,0,0,0,0,"West Midlands",3,"Dudley 019",45.83,2,311,143,1714,0.4583,0.4825,0.1961,0.1961,3,0.540192926045016,168,176,459,459,0.961018826554745,0.838627984943465,1.09614397517669,-1,0,0.268,3,"0.76 to 0.99","Not Significant","0.20-0.39"
"E02002033","Dudley 034",NA,396282,284318,52.4568,-2.05614,"bcf329f6-ae01-4393-bd03-e272a9a0a2ec",6,20,52.66,0.0476,0.0152,0.0586,"LargeCentralMetro",0,0,0,0,0,"West Midlands",3,"Dudley 034",47,1,235,110,1183,0.47,0.5266,0.2,0.2,3,0.531914893617021,125,133,460,460,0.924295637500079,0.792333033471348,1.07187502630375,-1,0,0.144,2,"0.76 to 0.99","Not Significant","0.01-0.20"
"E02002034","Dudley 035",NA,390085,284192,52.4556,-2.14733,"714e8c51-c273-41c4-8139-4f512f67277f",6,12.24,47.8,0.0409,0.0127,0.025,"LargeCentralMetro",0,0,0,0,0,"West Midlands",2,"Dudley 035",56,1,237,133,1203,0.56,0.478,0.1224,0.1224,2,0.438818565400844,104,134,461,461,0.805394526589641,0.685131259895516,0.940567606869321,-1,-1,0.003,1,"0.76 to 0.99","Significant Decrease","<0.01"
"E02002037","Dudley 038",NA,388775,283632,52.4505,-2.16659,"44af6f50-4dad-4659-a9ac-331ea02a8ba4",7,27.78,49.05,0.0193,0.0049,0.0289,"LargeCentralMetro",0,0,0,0,0,"West Midlands",6,"Dudley 038",29,1,144,42,787,0.29,0.4905,0.2778,0.2778,6,0.708333333333333,102,82,462,462,1.18290821522867,1.00022618933746,1.38925607181451,1,1,0.975,6,"1.01 to 1.25","Significant Increase","0.80-1.00"
"E02002038","Dudley 039",NA,396689,283211,52.4469,-2.05014,"178867df-7307-4110-a729-90d841f25c34",6,27.64,49.04,0.0531,0.0241,0.0689,"LargeCentralMetro",0,0,0,0,0,"West Midlands",3,"Dudley 039",40,1,275,110,1664,0.4,0.4904,0.2764,0.2764,3,0.6,165,156,463,463,1.03254251003196,0.898654022869197,1.18067340862303,1,0,0.664,5,"1.01 to 1.25","Not Significant","0.60-0.79"
"E02002043","Sandwell 001",NA,399044,295933,52.5612,-2.01553,"a24e8c0a-d216-4764-9ad6-e612c6a1d5a0",8,89.75,46.81,0.1626,0.0326,0.0463,"LargeCentralMetro",0,0,0,0,0,"West Midlands",4,"Sandwell 001",34,1,244,83,1487,0.34,0.4681,0.8975,0.8975,4,0.65983606557377,161,138,464,464,1.29684549596924,1.13462570780207,1.47545958113753,2,1,1,6,"1.26 to 1.50","Significant Increase","0.80-1.00"
"E02002045","Sandwell 003",NA,400331,295846,52.5605,-1.99654,"98883e85-5489-4aa7-a097-444427e508ab",6,50.31,46.41,0.1179,0.0425,0.0426,"LargeCentralMetro",0,0,0,0,0,"West Midlands",6,"Sandwell 003",16,1,159,25,877,0.16,0.4641,0.5031,0.5031,6,0.842767295597484,134,90,465,465,1.43781800107447,1.23613958246374,1.662926171477,2,1,1,6,"1.26 to 1.50","Significant Increase","0.80-1.00"
"E02002048","Sandwell 006",NA,404095,294952,52.5524,-1.94103,"94246e55-f0af-42c7-a0a5-4785cbe9e6db",3,24.28,49.48,0.299,0.0527,0.0707,"LargeCentralMetro",0,0,0,0,0,"West Midlands",5,"Sandwell 006",42,1,173,73,1053,0.42,0.4948,0.2428,0.2428,5,0.578034682080925,100,98,466,466,0.980610389960364,0.828641918765866,1.1523290710954,-1,0,0.391,3,"0.76 to 0.99","Not Significant","0.20-0.39"
"E02002049","Sandwell 007",NA,395681,294241,52.546,-2.06511,"8d2758ba-4eba-44b0-9dd5-028b7c24ac95",6,40.94,48.47,0.0763,0.0642,0.0423,"LargeCentralMetro",0,0,0,0,0,"West Midlands",6,"Sandwell 007",29,1,171,50,1015,0.29,0.4847,0.4094,0.4094,6,0.707602339181287,121,97,467,467,1.23025927840915,1.05278150489336,1.42898247714575,1,1,0.996,6,"1.01 to 1.25","Significant Increase","0.80-1.00"
"E02002052","Sandwell 010",NA,400400,293560,52.5399,-1.99553,"7f11a330-dbe1-44fe-8c35-748984f184e2",8,44.54,49.58,0.2015,0.112,0.0733,"LargeCentralMetro",0,0,0,0,0,"West Midlands",7,"Sandwell 010",26,1,229,60,1555,0.26,0.4958,0.4454,0.4454,7,0.737991266375546,169,130,468,468,1.28057387867186,1.11649996096755,1.46186134333469,2,1,1,6,"1.26 to 1.50","Significant Increase","0.80-1.00"
"E02002060","Sandwell 018",NA,398576,291823,52.5243,-2.02241,"e35ba2d6-996d-4b3e-8c86-785451783a75",8,34.48,52.26,0.3446,0.0873,0.1053,"LargeCentralMetro",0,0,0,0,0,"West Midlands",5,"Sandwell 018",31,1,174,54,1282,0.31,0.5226,0.3448,0.3448,5,0.689655172413793,120,99,469,469,1.14691781373614,0.978517336456297,1.33593367025071,1,0,0.954,6,"1.01 to 1.25","Not Significant","0.80-1.00"
"E02002061","Sandwell 019",NA,399872,290663,52.5139,-2.00331,"3ac8a06e-1d1e-462c-bdfb-010016f910e3",8,52.82,76.37,0.489,0.0785,0.1025,"LargeCentralMetro",0,0,0,0,0,"West Midlands",4,"Sandwell 019",24,1,142,34,419,0.24,0.7637,0.5282,0.5282,4,0.76056338028169,108,81,470,470,1.25642040540832,1.06452928485291,1.47286846531084,2,1,0.997,6,"1.26 to 1.50","Significant Increase","0.80-1.00"
"E02002063","Sandwell 021",NA,398294,289795,52.5061,-2.02656,"c41a74e9-b236-44dd-a2c4-abb8bf45fdab",7,41.48,51.17,0.3301,0.1118,0.0903,"LargeCentralMetro",0,0,0,0,0,"West Midlands",7,"Sandwell 021",40,1,176,70,981,0.4,0.5117,0.4148,0.4148,7,0.602272727272727,106,100,471,471,1.0770942742878,0.91619514533699,1.25798208515567,1,0,0.81,6,"1.01 to 1.25","Not Significant","0.80-1.00"
"E02002065","Sandwell 023",NA,401571,289342,52.502,-1.97828,"835e304a-bf67-4e35-8ef2-290ab80df7c2",4,35.1,46.52,0.641,0.1036,0.1134,"LargeCentralMetro",0,0,0,0,0,"West Midlands",4,"Sandwell 023",28.79,2,416,120,2726,0.2879,0.4652,0.351,0.351,4,0.711538461538462,296,236,472,472,1.20738162104377,1.08214018953254,1.34306447099387,1,1,1,6,"1.01 to 1.25","Significant Increase","0.80-1.00"
"E02002071","Sandwell 029",NA,396988,287822,52.4883,-2.04578,"20463881-4e0c-4979-82ae-2b362dbe3a42",8,37.27,45.82,0.0657,0.041,0.0551,"LargeCentralMetro",0,0,0,0,0,"West Midlands",4,"Sandwell 029",25,1,220,55,1185,0.25,0.4582,0.3727,0.3727,4,0.75,165,125,473,473,1.27470945186719,1.10876444431586,1.4583978342949,2,1,1,6,"1.26 to 1.50","Significant Increase","0.80-1.00"
"E02002072","Sandwell 030",NA,399185,287545,52.4858,-2.01342,"528d59e9-68d0-41f5-a5bf-6569ba61ab0b",6,38.65,47.35,0.2374,0.0921,0.0888,"LargeCentralMetro",0,0,0,0,0,"West Midlands",2,"Sandwell 030",28,2,282,79,1734,0.28,0.4735,0.3865,0.3865,2,0.719858156028369,203,160,474,474,1.22105562191528,1.07384059921141,1.38273556663456,1,1,0.999,6,"1.01 to 1.25","Significant Increase","0.80-1.00"
"E02002073","Sandwell 031",NA,400939,287643,52.4867,-1.98759,"aca448c1-9f94-46fa-ac3e-ab13b7333e00",6,43.41,48.37,0.2948,0.0898,0.1113,"LargeCentralMetro",0,0,0,0,0,"West Midlands",2,"Sandwell 031",37,1,182,67,953,0.37,0.4837,0.4341,0.4341,2,0.631868131868132,115,103,475,475,1.0921881199706,0.93142093477125,1.27265086869884,1,0,0.857,6,"1.01 to 1.25","Not Significant","0.80-1.00"
"E02002077","Sandwell 035",NA,395731,286568,52.477,-2.06428,"8739f8c4-fab8-4dc2-9f77-437cb2579f05",9,39.74,47.85,0.1408,0.0491,0.0718,"LargeCentralMetro",0,0,0,0,0,"West Midlands",4,"Sandwell 035",19,1,151,29,1325,0.19,0.4785,0.3974,0.3974,4,0.80794701986755,122,86,476,476,1.33039927717732,1.1356324568163,1.54894399068854,2,1,1,6,"1.26 to 1.50","Significant Increase","0.80-1.00"
"E02002081","Solihull 001",NA,414694,290012,52.5078,-1.78493,"cd844e7b-59bb-485e-a2b8-14b9fa811ae7",6,34.44,48.36,0.0899,0.0261,0.0481,"LargeCentralMetro",0,0,0,0,0,"West Midlands",10,"Solihull 001",28,1,180,50,1160,0.28,0.4836,0.3444,0.3444,10,0.722222222222222,130,102,477,477,1.2344789845625,1.05963743000687,1.42984894524088,1,1,0.997,6,"1.01 to 1.25","Significant Increase","0.80-1.00"
"E02002087","Solihull 007",NA,417029,286932,52.4801,-1.75068,"0623614c-cc95-4d23-87e2-8e65f719c25f",10,42.75,50.91,0.0315,0.0334,0.0726,"LargeCentralMetro",0,0,0,0,0,"West Midlands",4,"Solihull 007",40.56,3,276,112,2092,0.4056,0.5091,0.4275,0.4275,4,0.594202898550725,164,157,478,478,1.06857604563953,0.932026754740476,1.21936791772819,1,0,0.824,6,"1.01 to 1.25","Not Significant","0.80-1.00"
"E02002092","Solihull 012",NA,414151,282684,52.442,-1.79324,"d279e17c-a175-4f46-8d09-590f6b051ced",7,32.93,48.48,0.1324,0.0142,0.0465,"LargeCentralMetro",0,0,0,0,0,"West Midlands",8,"Solihull 012",33,1,249,82,1184,0.33,0.4848,0.3293,0.3293,8,0.670682730923695,167,141,479,479,1.16680984605822,1.01671222051715,1.33272479941885,1,1,0.986,6,"1.01 to 1.25","Significant Increase","0.80-1.00"
"E02002093","Solihull 013",NA,412656,281659,52.4328,-1.81527,"5542e1b0-1311-4be1-851d-2a41acd8c94b",7,22.68,46.13,0.1686,0.0214,0.0617,"LargeCentralMetro",0,0,0,0,0,"West Midlands",7,"Solihull 013",47,1,194,91,1008,0.47,0.4613,0.2268,0.2268,7,0.530927835051546,103,110,480,480,0.946640206924352,0.803706567693072,1.10755318289878,-1,0,0.238,3,"0.76 to 0.99","Not Significant","0.20-0.39"
"E02002096","Solihull 016",NA,414853,280366,52.4211,-1.78301,"de284aeb-459f-47a8-b2b9-f7485a3d3265",5,16.67,46.6,0.2028,0.016,0.0634,"LargeCentralMetro",0,0,0,0,0,"West Midlands",4,"Solihull 016",38,1,204,78,1088,0.38,0.466,0.1667,0.1667,4,0.61764705882353,126,116,481,481,1.01943506704262,0.871899486444562,1.18475009698315,1,0,0.581,4,"1.01 to 1.25","Not Significant","0.40-0.59"
"E02002102","Solihull 022",NA,413133,278086,52.4007,-1.80839,"f1106a67-0506-44a8-83ec-307358b5a265",4,10.47,48.84,0.1717,0.0124,0.0599,"LargeCentralMetro",0,0,0,0,0,"West Midlands",6,"Solihull 022",63.42,2,487,309,2889,0.6342,0.4884,0.1047,0.1047,6,0.365503080082136,178,276,482,482,0.675694095159996,0.592744123842142,0.766902218634296,-2,-1,0,1,"0.51 to 0.75","Significant Decrease","<0.01"
"E02002103","Solihull 023",NA,411447,277966,52.3996,-1.83318,"1c44f14d-a2e1-4df7-82a9-fa060305fbcf",6,25.94,47.2,0.1026,0.0084,0.0348,"LargeCentralMetro",0,0,0,0,0,"West Midlands",2,"Solihull 023",47,1,239,112,1180,0.47,0.472,0.2594,0.2594,2,0.531380753138075,127,136,483,483,0.947798451985446,0.814648292027193,1.09638935119873,-1,0,0.227,3,"0.76 to 0.99","Not Significant","0.20-0.39"
"E02002105","Solihull 025",NA,424584,277984,52.3993,-1.6401,"fa2768d0-7bed-4fbc-8879-1ec87f01390d",2,11,51.14,0.0525,0.0063,0.0299,"MediumMetro",0,1,0,0,0,"West Midlands",9,"Solihull 025",56,1,200,112,1228,0.56,0.5114,0.11,0.11,9,0.44,88,113,484,484,0.788248706888043,0.662941817470027,0.930259718052327,-1,-1,0.003,1,"0.76 to 0.99","Significant Decrease","<0.01"
"E02002106","Solihull 026",NA,417726,276979,52.3906,-1.74095,"dc4e4863-1949-4194-a97d-3c387323274a",5,8.3,48.14,0.0566,0.0079,0.0366,"LargeCentralMetro",0,0,0,0,0,"West Midlands",6,"Solihull 026",67,1,241,161,1585,0.67,0.4814,0.083,0.083,6,0.33195020746888,80,137,485,485,0.664042601567302,0.559245274886068,0.782579079004032,-2,-1,0,1,"0.51 to 0.75","Significant Decrease","<0.01"
"E02002113","Walsall 004",NA,404633,304153,52.6351,-1.93297,"e101b37a-39e3-4e82-82cb-50fe9f7f568a",8,27.16,48.9,0.0365,0.0218,0.0337,"LargeCentralMetro",0,0,0,0,0,"West Midlands",9,"Walsall 004",31,1,232,72,1456,0.31,0.489,0.2716,0.2716,9,0.689655172413793,160,132,486,486,1.18466072599626,1.02936654357288,1.35667409843009,1,1,0.991,6,"1.01 to 1.25","Significant Increase","0.80-1.00"
"E02002115","Walsall 006",NA,400440,303396,52.6283,-1.99493,"9ca16228-509d-4c92-b6e9-2e83786175f8",8,24.71,49.59,0.0325,0.0239,0.0309,"LargeCentralMetro",0,0,0,0,0,"West Midlands",4,"Walsall 006",44,1,170,75,1220,0.44,0.4959,0.2471,0.2471,4,0.558823529411765,95,96,487,487,1.00067918944688,0.845620589796886,1.17582126647081,0,0,0.486,4,"1.00-1.009 (null value)","Not Significant","0.40-0.59"
"E02002119","Walsall 010",NA,403133,302250,52.618,-1.95515,"7116c762-4bfd-4f5b-9019-6fbd4e5ca50c",6,47.03,48.89,0.0854,0.0262,0.0398,"LargeCentralMetro",0,0,0,0,0,"West Midlands",5,"Walsall 010",23,1,219,50,1262,0.23,0.4889,0.4703,0.4703,5,0.771689497716895,169,124,488,488,1.33518905357841,1.1638239951691,1.52457381423134,2,1,1,6,"1.26 to 1.50","Significant Increase","0.80-1.00"
"E02002128","Walsall 019",NA,398044,300421,52.6016,-2.03031,"e6ff5770-7b66-4e99-8f1c-f61ccde2b20a",7,48.1,49.41,0.083,0.0245,0.038,"LargeCentralMetro",0,0,0,0,0,"West Midlands",7,"Walsall 019",17,1,237,40,1269,0.17,0.4941,0.481,0.481,7,0.831223628691983,197,134,489,489,1.4347422063293,1.2606925903354,1.62599538115769,2,1,1,6,"1.26 to 1.50","Significant Increase","0.80-1.00"
"E02002129","Walsall 020",NA,396890,300195,52.5995,-2.04734,"2984fc7e-651d-44d1-ab4f-0925e809c953",7,41.95,47.9,0.0998,0.0123,0.0471,"LargeCentralMetro",0,0,0,0,0,"West Midlands",9,"Walsall 020",25,1,174,44,1048,0.25,0.479,0.4195,0.4195,9,0.747126436781609,130,99,490,490,1.28811781117193,1.10649874158208,1.49093687110075,2,1,1,6,"1.26 to 1.50","Significant Increase","0.80-1.00"
"E02002131","Walsall 022",NA,405833,299030,52.5891,-1.91533,"397892ca-69f5-4cb6-8326-3a28c3c9c524",4,28.97,49.96,0.0935,0.0148,0.0345,"LargeCentralMetro",0,0,0,0,0,"West Midlands",4,"Walsall 022",39.68,2,428,170,2584,0.3968,0.4996,0.2897,0.2897,4,0.602803738317757,258,243,491,491,1.05262632625261,0.938617990399611,1.17657821316572,1,0,0.805,6,"1.01 to 1.25","Not Significant","0.80-1.00"
"E02002135","Walsall 026",NA,400091,298685,52.586,-2.00008,"036826d7-ccde-48cb-829b-1913f9d3532b",7,59.43,49.23,0.4303,0.0917,0.083,"LargeCentralMetro",0,0,0,0,0,"West Midlands",4,"Walsall 026",24,1,106,25,650,0.24,0.4923,0.5943,0.5943,4,0.764150943396226,81,60,492,492,1.33839018977815,1.11895733333897,1.58816875173043,2,1,0.999,6,"1.26 to 1.50","Significant Increase","0.80-1.00"
"E02002139","Walsall 030",NA,401417,298133,52.581,-1.98051,"0203a2e0-5fb1-4838-96b2-6139acf0f05d",8,58.38,51.53,0.3829,0.1065,0.0831,"LargeCentralMetro",0,0,0,0,0,"West Midlands",2,"Walsall 030",18.41,2,173,32,1046,0.1841,0.5153,0.5838,0.5838,2,0.815028901734104,141,98,493,493,1.40101898311645,1.20841216656903,1.6154934102696,2,1,1,6,"1.26 to 1.50","Significant Increase","0.80-1.00"
"E02002141","Walsall 032",NA,407305,297126,52.5719,-1.89364,"bf843b7c-b6b7-404e-82ef-79bbc83639e5",2,26.38,50.14,0.1517,0.0161,0.0503,"LargeCentralMetro",0,0,0,0,0,"West Midlands",7,"Walsall 032",33,1,235,78,1404,0.33,0.5014,0.2638,0.2638,7,0.668085106382979,157,133,494,494,1.12275423912844,0.973058885267553,1.28889905393565,1,0,0.943,6,"1.01 to 1.25","Not Significant","0.80-1.00"
"E02002146","Walsall 037",NA,402177,296230,52.5639,-1.96931,"a929f8d6-e72e-487b-bf2b-d81ff80e538a",5,49.01,50.17,0.4657,0.0455,0.0676,"LargeCentralMetro",0,0,0,0,0,"West Midlands",4,"Walsall 037",31,1,151,47,1212,0.31,0.5017,0.4901,0.4901,4,0.688741721854305,104,86,495,495,1.19783314947183,1.01624254635657,1.40240211479779,1,1,0.984,6,"1.01 to 1.25","Significant Increase","0.80-1.00"
"E02002147","Walsall 038",NA,396871,295977,52.5616,-2.04758,"74cdac24-b189-40cb-9160-57e3ffcad2ad",7,57.69,47.22,0.1279,0.0559,0.0498,"LargeCentralMetro",0,0,0,0,0,"West Midlands",6,"Walsall 038",34,1,104,35,720,0.34,0.4722,0.5769,0.5769,6,0.663461538461538,69,59,496,496,1.25533636260666,1.04475128225708,1.49566295395126,2,1,0.993,6,"1.26 to 1.50","Significant Increase","0.80-1.00"
"E02002148","Walsall 039",NA,405449,296358,52.565,-1.92104,"b17f29f9-6c71-4651-86e1-4defedfc5085",5,22.99,51.77,0.11,0.0331,0.0451,"LargeCentralMetro",0,0,0,0,0,"West Midlands",5,"Walsall 039",46,1,261,120,1501,0.46,0.5177,0.2299,0.2299,5,0.540229885057471,141,148,497,497,0.951215651506777,0.821743884405221,1.09519844424886,-1,0,0.235,3,"0.76 to 0.99","Not Significant","0.20-0.39"
"E02002152","Wolverhampton 004",NA,393457,302311,52.6185,-2.09807,"a4bdd690-99ad-48e8-9bc1-142439083583",8,45.95,52.43,0.0544,0.0987,0.079,"LargeCentralMetro",0,0,0,0,0,"West Midlands",6,"Wolverhampton 004",30,2,111,33,824,0.3,0.5243,0.4595,0.4595,6,0.702702702702703,78,63,498,498,1.21980680581282,1.01738292452118,1.45062030753956,1,1,0.984,6,"1.01 to 1.25","Significant Increase","0.80-1.00"
"E02002157","Wolverhampton 009",NA,389244,300968,52.6064,-2.16026,"2c52e32e-68ba-449f-bd6c-d9c9c54bbc59",5,51.54,49.14,0.1894,0.0489,0.0585,"LargeCentralMetro",0,0,0,0,0,"West Midlands",10,"Wolverhampton 009",37,1,130,48,810,0.37,0.4914,0.5154,0.5154,10,0.630769230769231,82,74,499,499,1.17231418782137,0.984596123621207,1.38519145214399,1,0,0.963,6,"1.01 to 1.25","Not Significant","0.80-1.00"
"E02002158","Wolverhampton 010",NA,396073,300853,52.6055,-2.05941,"38b224b1-a19d-4045-a465-022223fd2bfc",8,26.97,43.4,0.1019,0.0387,0.0607,"LargeCentralMetro",0,0,0,0,0,"West Midlands",5,"Wolverhampton 010",30,1,152,46,894,0.3,0.434,0.2697,0.2697,5,0.697368421052632,106,86,500,500,1.16366286544777,0.985700920735217,1.36443689327342,1,0,0.963,6,"1.01 to 1.25","Not Significant","0.80-1.00"
"E02002163","Wolverhampton 015",NA,393174,299941,52.5972,-2.1022,"18a10377-653c-4f2a-a41d-97e4c0ff8872",6,65.05,50.13,0.1922,0.1918,0.1222,"LargeCentralMetro",0,0,0,0,0,"West Midlands",8,"Wolverhampton 015",41,1,186,76,1195,0.41,0.5013,0.6505,0.6505,8,0.591397849462366,110,105,501,501,1.12897405255049,0.965349996396833,1.31215367295303,1,0,0.934,6,"1.01 to 1.25","Not Significant","0.80-1.00"
"E02002168","Wolverhampton 020",NA,391590,298847,52.5874,-2.12556,"0c9c5fee-2fb4-483a-ae26-84f3380284f7",5,54.39,17.53,0.2999,0.1912,0.1086,"LargeCentralMetro",0,0,0,0,0,"West Midlands",4,"Wolverhampton 020",21,1,57,12,194,0.21,0.1753,0.5439,0.5439,4,0.789473684210526,45,32,502,502,1.36316676375297,1.09981528428453,1.67056543504435,2,1,0.998,6,"1.26 to 1.50","Significant Increase","0.80-1.00"
"E02002169","Wolverhampton 021",NA,389123,298204,52.5816,-2.16195,"3c367f64-6abf-44ce-9b38-1dad8125893f",4,17.48,49.53,0.2651,0.0344,0.0619,"LargeCentralMetro",0,0,0,0,0,"West Midlands",5,"Wolverhampton 021",44.69,2,309,138,1900,0.4469,0.4953,0.1748,0.1748,5,0.553398058252427,171,175,503,503,0.951356594497225,0.829501952833483,1.08600056825012,-1,0,0.223,3,"0.76 to 0.99","Not Significant","0.20-0.39"
"E02002171","Wolverhampton 023",NA,394471,297865,52.5786,-2.08302,"561f9918-c9b0-4637-bf93-f4090a4af17e",7,59.88,48.43,0.1921,0.0639,0.0867,"LargeCentralMetro",0,0,0,0,0,"West Midlands",6,"Wolverhampton 023",28.02,2,172,48,1373,0.2802,0.4843,0.5988,0.5988,6,0.72093023255814,124,98,504,504,1.28305711825404,1.10115550412323,1.48627193899361,2,1,0.999,6,"1.26 to 1.50","Significant Increase","0.80-1.00"
"E02002175","Wolverhampton 027",NA,395511,296633,52.5675,-2.06765,"d69d3c25-49a4-4d9e-b17c-ae766f8b6b0a",9,37.61,48.51,0.2124,0.0919,0.0886,"LargeCentralMetro",0,0,0,0,0,"West Midlands",5,"Wolverhampton 027",31,1,234,73,1445,0.31,0.4851,0.3761,0.3761,5,0.688034188034188,161,133,505,505,1.1825019272191,1.02778453292824,1.35384195887289,1,1,0.991,6,"1.01 to 1.25","Significant Increase","0.80-1.00"
"E02002176","Wolverhampton 028",NA,388292,296551,52.5667,-2.17416,"5e349073-fec7-497f-9cfa-e0f8be28cde2",5,29.92,47.89,0.1231,0.0449,0.0872,"LargeCentralMetro",0,0,0,0,0,"West Midlands",6,"Wolverhampton 028",48,1,244,117,1516,0.48,0.4789,0.2992,0.2992,6,0.520491803278688,127,138,506,506,0.930629475590152,0.799753945582725,1.07670349792146,-1,0,0.162,2,"0.76 to 0.99","Not Significant","0.01-0.20"
"E02002178","Wolverhampton 030",NA,391172,296046,52.5622,-2.13165,"59e2b12d-635f-476e-9d5f-397bd7167ed2",5,34.09,48.04,0.5061,0.0548,0.1167,"LargeCentralMetro",0,0,0,0,0,"West Midlands",8,"Wolverhampton 030",30,1,132,40,895,0.3,0.4804,0.3409,0.3409,8,0.696969696969697,92,75,507,507,1.13051198652011,0.94791244728488,1.33804452454146,1,0,0.912,6,"1.01 to 1.25","Not Significant","0.80-1.00"
"E02002183","Bradford 001",NA,407856,448370,53.9314,-1.88184,"cfb663d9-4684-4ecd-90b9-d859bc8b65e2",4,9.5,48.29,0.01,0.003,0.0126,"LargeFringeMetro",1,0,0,0,0,"Yorkshire and the Humber",2,"Bradford 001",64,1,242,155,1609,0.64,0.4829,0.095,0.095,2,0.359504132231405,87,137,508,508,0.713433061539876,0.603145201696257,0.837855979101488,-2,-1,0,1,"0.51 to 0.75","Significant Decrease","<0.01"
"E02002189","Bradford 007",NA,405315,442409,53.8779,-1.92064,"68fd512a-a4f4-4774-9f0d-514f9e360a65",8,44,51.16,0.5473,0.0045,0.0395,"LargeCentralMetro",0,0,0,0,0,"Yorkshire and the Humber",3,"Bradford 007",30,1,100,30,690,0.3,0.5116,0.44,0.44,3,0.7,70,57,509,509,1.21411718373459,1.00601680746746,1.45250044881807,1,1,0.978,6,"1.01 to 1.25","Significant Increase","0.80-1.00"
"E02002194","Bradford 012",NA,404719,439697,53.8535,-1.92975,"2256d4f1-3468-479d-8adf-92e74caa12cb",9,32.68,50.33,0.0551,0.0036,0.0265,"LargeCentralMetro",0,0,0,0,0,"Yorkshire and the Humber",6,"Bradford 012",18,1,254,46,1512,0.18,0.5033,0.3268,0.3268,6,0.818897637795276,208,144,510,510,1.3836772432131,1.2181228551769,1.56536751261353,2,1,1,6,"1.26 to 1.50","Significant Increase","0.80-1.00"
"E02002197","Bradford 015",NA,409618,439352,53.8503,-1.85529,"35537358-6edc-4525-a41b-243a8a4c9337",7,21.53,45.75,0.0287,0.0071,0.0254,"LargeCentralMetro",0,0,0,0,0,"Yorkshire and the Humber",4,"Bradford 015",50,1,288,144,1801,0.5,0.4575,0.2153,0.2153,4,0.5,144,163,511,511,0.909569047227055,0.787973261936042,1.04449159905489,-1,0,0.087,2,"0.76 to 0.99","Not Significant","0.01-0.20"
"E02002199","Bradford 017",NA,418327,439384,53.8504,-1.7229,"05a6a658-0bbb-400f-9f38-24580e1d9483",4,26.51,49.1,0.0312,0.0051,0.0326,"LargeCentralMetro",0,0,0,0,0,"Yorkshire and the Humber",5,"Bradford 017",29,1,215,62,1389,0.29,0.491,0.2651,0.2651,5,0.711627906976744,153,122,512,512,1.18672659177845,1.02673854272701,1.36451863883423,1,1,0.99,6,"1.01 to 1.25","Significant Increase","0.80-1.00"
"E02002200","Bradford 018",NA,413043,437851,53.8368,-1.80329,"91ca2bd9-eb79-460f-ab00-5b39100ae05e",6,29.44,47.81,0.1224,0.0069,0.0363,"LargeCentralMetro",0,0,0,0,0,"Yorkshire and the Humber",7,"Bradford 018",36,1,231,83,1439,0.36,0.4781,0.2944,0.2944,7,0.640692640692641,148,131,513,513,1.11402581693012,0.964317063576948,1.28029293461666,1,0,0.927,6,"1.01 to 1.25","Not Significant","0.80-1.00"
"E02002204","Bradford 022",NA,410173,436905,53.8283,-1.84693,"fb713384-cbc0-4029-8486-c5ec4af4fb2d",6,22.22,47.76,0.0835,0.0041,0.0314,"LargeCentralMetro",0,0,0,0,0,"Yorkshire and the Humber",7,"Bradford 022",49,1,261,128,1629,0.49,0.4776,0.2222,0.2222,7,0.509578544061303,133,148,514,514,0.923527677178925,0.796456248480319,1.06498245316357,-1,0,0.133,2,"0.76 to 0.99","Not Significant","0.01-0.20"
"E02002212","Bradford 030",NA,412078,435209,53.813,-1.81805,"7c06dfe4-59b6-48b1-90af-e0afe6d21521",5,40,74.09,0.738,0.0135,0.0634,"LargeCentralMetro",0,0,0,0,0,"Yorkshire and the Humber",9,"Bradford 030",31.43,2,240,75,1586,0.3143,0.7409,0.4,0.4,9,0.6875,165,136,515,515,1.17157275976183,1.01834209175302,1.34126850827507,1,1,0.987,6,"1.01 to 1.25","Significant Increase","0.80-1.00"
"E02002216","Bradford 034",NA,415428,434849,53.8097,-1.7672,"5090bb56-a166-46f0-8d73-6c8fb05d93da",7,48.53,42.4,0.7623,0.033,0.0575,"LargeCentralMetro",0,0,0,0,0,"Yorkshire and the Humber",2,"Bradford 034",24,1,136,33,934,0.24,0.424,0.4853,0.4853,2,0.75735294117647,103,77,516,516,1.30059735225128,1.10082520134171,1.52605613916163,2,1,0.999,6,"1.26 to 1.50","Significant Increase","0.80-1.00"
"E02002219","Bradford 037",NA,413782,434074,53.8028,-1.79223,"83226f0a-8e1b-4da6-965b-5374ff639375",6,30.93,86.98,0.7944,0.016,0.0601,"LargeCentralMetro",0,0,0,0,0,"Yorkshire and the Humber",10,"Bradford 037",46,1,97,45,1060,0.46,0.8698,0.3093,0.3093,10,0.536082474226804,52,55,517,517,0.940223378006874,0.764041303953712,1.14480412906646,-1,0,0.257,3,"0.76 to 0.99","Not Significant","0.20-0.39"
"E02002220","Bradford 038",NA,418956,433979,53.8018,-1.71367,"034038ce-d876-4e2c-8fda-3bb4dc6731a3",5,47.31,49,0.7689,0.0164,0.0534,"LargeCentralMetro",0,0,0,0,0,"Yorkshire and the Humber",4,"Bradford 038",34,1,167,57,947,0.34,0.49,0.4731,0.4731,4,0.658682634730539,110,95,518,518,1.16353224406501,0.990656383095146,1.35777331576646,1,0,0.967,6,"1.01 to 1.25","Not Significant","0.80-1.00"
"E02002223","Bradford 041",NA,414619,433322,53.796,-1.77955,"ab1b846f-757b-4c55-9786-0c2746879027",4,43.75,43.77,0.7305,0.0327,0.0777,"LargeCentralMetro",0,0,0,0,0,"Yorkshire and the Humber",4,"Bradford 041",58,1,160,93,818,0.58,0.4377,0.4375,0.4375,4,0.41875,67,91,519,519,0.858885071589672,0.716405774157742,1.02112055634621,-1,0,0.042,2,"0.76 to 0.99","Not Significant","0.01-0.20"
"E02002230","Bradford 048",NA,416027,431865,53.7829,-1.75825,"8b6cf2ee-09af-4201-8c07-fe0902960b47",6,33.94,44.56,0.6054,0.0611,0.1013,"LargeCentralMetro",0,0,0,0,0,"Yorkshire and the Humber",1,"Bradford 048",60.41,3,277,167,2031,0.6041,0.4456,0.3394,0.3394,1,0.397111913357401,110,157,520,520,0.765106155967511,0.654694984792256,0.888636519831801,-1,-1,0,1,"0.76 to 0.99","Significant Decrease","<0.01"
"E02002237","Bradford 055",NA,413425,430375,53.7696,-1.79781,"359905c4-9bc2-424a-9357-e5864964d2b2",7,39.02,48.94,0.2891,0.0199,0.0496,"LargeCentralMetro",0,0,0,0,0,"Yorkshire and the Humber",7,"Bradford 055",28,1,246,69,1414,0.28,0.4894,0.3902,0.3902,7,0.719512195121951,177,140,521,521,1.24100079188775,1.08454645848879,1.41358320521175,1,1,0.999,6,"1.01 to 1.25","Significant Increase","0.80-1.00"
"E02002244","Calderdale 001",NA,407700,430195,53.7681,-1.88467,"a950c8e6-613f-4d53-9df1-c2c270335a55",8,39.34,51.21,0.0053,0.004,0.0194,"LargeCentralMetro",0,0,0,0,0,"Yorkshire and the Humber",7,"Calderdale 001",47,1,272,128,1736,0.47,0.5121,0.3934,0.3934,7,0.529411764705882,144,154,522,522,0.997781124883991,0.866054260133302,1.1437003268872,-1,0,0.473,4,"0.76 to 0.99","Not Significant","0.40-0.59"
"E02002258","Calderdale 015",NA,415738,423842,53.7108,-1.76304,"f847a2da-7378-4bc9-bcec-037db8d42c32",7,19.68,49.82,0.0161,0.0047,0.0267,"LargeCentralMetro",0,0,0,0,0,"Yorkshire and the Humber",4,"Calderdale 015",28,1,249,70,1425,0.28,0.4982,0.1968,0.1968,4,0.718875502008032,179,141,523,523,1.19846137661233,1.04578773070604,1.36709270632439,1,1,0.996,6,"1.01 to 1.25","Significant Increase","0.80-1.00"
"E02002262","Calderdale 019",NA,413415,423231,53.7053,-1.79826,"6fd993fa-dfab-4ae0-ab0a-6ce6c5970af4",7,14.75,50.18,0.018,0.0053,0.0226,"LargeCentralMetro",0,0,0,0,0,"Yorkshire and the Humber",4,"Calderdale 019",42,1,217,91,1401,0.42,0.5018,0.1475,0.1475,4,0.580645161290323,126,123,524,524,0.996379786911996,0.853939948885263,1.15571384908557,-1,0,0.465,4,"0.76 to 0.99","Not Significant","0.40-0.59"
"E02002263","Calderdale 020",NA,403087,423373,53.7068,-1.95471,"8e1d485b-ba21-498d-ab0b-265ef558855a",8,25.11,49.68,0.0068,0.0037,0.0189,"LargeCentralMetro",0,0,0,0,0,"Yorkshire and the Humber",9,"Calderdale 020",35,1,235,82,1425,0.35,0.4968,0.2511,0.2511,9,0.651063829787234,153,133,525,525,1.13735207796989,0.98644185234906,1.30471617796971,1,0,0.961,6,"1.01 to 1.25","Not Significant","0.80-1.00"
"E02002267","Calderdale 024",NA,412968,421302,53.688,-1.80511,"f9d065f1-804e-4be7-8adc-9379b09c3b4c",8,18.1,50.89,0.0265,0.0074,0.0269,"LargeCentralMetro",0,0,0,0,0,"Yorkshire and the Humber",3,"Calderdale 024",56,1,232,130,1464,0.56,0.5089,0.181,0.181,3,0.439655172413793,102,132,526,526,0.822819408803226,0.700208475149882,0.960566401738745,-1,-1,0.007,1,"0.76 to 0.99","Significant Decrease","<0.01"
"E02002271","Kirklees 001",NA,419785,428304,53.7508,-1.70145,"1c73f1fa-13ad-426e-b37b-e77df4acc68b",7,11.46,47.28,0.0251,0.006,0.0269,"LargeCentralMetro",0,0,0,0,0,"Yorkshire and the Humber",10,"Kirklees 001",59,1,96,57,791,0.59,0.4728,0.1146,0.1146,10,0.40625,39,54,527,527,0.83200512585675,0.673096210782036,1.01691657186557,-1,0,0.036,2,"0.76 to 0.99","Not Significant","0.01-0.20"
"E02002285","Kirklees 015",NA,418763,422266,53.6965,-1.71731,"1983eedf-3775-4867-a81f-2dd995b48b2d",7,38.12,45.51,0.0641,0.0045,0.0179,"LargeCentralMetro",0,0,0,0,0,"Yorkshire and the Humber",9,"Kirklees 015",21,1,160,34,879,0.21,0.4551,0.3812,0.3812,9,0.7875,126,91,528,528,1.3469054920756,1.15439462283117,1.56224531644117,2,1,1,6,"1.26 to 1.50","Significant Increase","0.80-1.00"
"E02002286","Kirklees 016",NA,422893,422529,53.6987,-1.65474,"9d62285d-925e-447d-b070-684b50c52452",8,46.59,46.18,0.4303,0.0084,0.0505,"LargeCentralMetro",0,0,0,0,0,"Yorkshire and the Humber",6,"Kirklees 016",21,1,176,37,942,0.21,0.4618,0.4659,0.4659,6,0.789772727272727,139,100,529,529,1.35474705788606,1.1675810543564,1.56327978644823,2,1,1,6,"1.26 to 1.50","Significant Increase","0.80-1.00"
"E02002287","Kirklees 017",NA,424095,422068,53.6945,-1.63657,"0819ff39-41f4-4a86-a228-c48b7837cbc8",8,25.65,48.93,0.5577,0.0138,0.049,"LargeCentralMetro",0,0,0,0,0,"Yorkshire and the Humber",4,"Kirklees 017",38,1,191,73,1169,0.38,0.4893,0.2565,0.2565,4,0.617801047120419,118,108,530,530,1.06391128548763,0.908124358318381,1.23867760101354,1,0,0.771,5,"1.01 to 1.25","Not Significant","0.60-0.79"
"E02002288","Kirklees 018",NA,425889,421283,53.6874,-1.60947,"7b958f31-c096-4140-9517-182b742b9aa4",8,47.73,45.23,0.1012,0.0093,0.0313,"LargeCentralMetro",0,0,0,0,0,"Yorkshire and the Humber",4,"Kirklees 018",49,1,88,43,597,0.49,0.4523,0.4773,0.4773,4,0.511363636363636,45,50,531,531,1.07362539081836,0.876959186962142,1.30086667339531,1,0,0.744,5,"1.01 to 1.25","Not Significant","0.60-0.79"
"E02002291","Kirklees 021",NA,419160,421047,53.6856,-1.71137,"d07223c6-4038-413f-b538-6cb1f216495f",7,16.59,52.25,0.028,0.0098,0.0273,"LargeCentralMetro",0,0,0,0,0,"Yorkshire and the Humber",3,"Kirklees 021",48,1,217,104,1554,0.48,0.5225,0.1659,0.1659,3,0.52073732718894,113,123,532,532,0.918846467339629,0.783807212741215,1.07037505204031,-1,0,0.134,2,"0.76 to 0.99","Not Significant","0.01-0.20"
"E02002292","Kirklees 022",NA,415870,420709,53.6826,-1.7612,"40454c8e-9475-4b13-bd95-36972578d0ec",6,34.43,48.28,0.1854,0.0546,0.0721,"LargeCentralMetro",0,0,0,0,0,"Yorkshire and the Humber",6,"Kirklees 022",39,1,122,48,667,0.39,0.4828,0.3443,0.3443,6,0.60655737704918,74,69,533,533,1.06345740232287,0.884734498652625,1.26760122067865,1,0,0.733,5,"1.01 to 1.25","Not Significant","0.60-0.79"
"E02002299","Kirklees 029",NA,415537,418398,53.6619,-1.76636,"423f7370-63ce-4e28-9947-a031dacf9add",8,50.46,45.87,0.2771,0.1381,0.145,"LargeCentralMetro",0,0,0,0,0,"Yorkshire and the Humber",3,"Kirklees 029",19,1,109,21,617,0.19,0.4587,0.5046,0.5046,3,0.807339449541284,88,62,534,534,1.29793349001435,1.08526626850032,1.54012674615913,2,1,0.998,6,"1.26 to 1.50","Significant Increase","0.80-1.00"
"E02002305","Kirklees 035",NA,416163,417322,53.6522,-1.75694,"75e7b125-031d-4ef7-a8b5-a74fe5458569",8,44.32,55.83,0.1331,0.09,0.1122,"LargeCentralMetro",0,0,0,0,0,"Yorkshire and the Humber",7,"Kirklees 035",33,1,88,29,557,0.33,0.5583,0.4432,0.4432,7,0.670454545454545,59,50,535,535,1.14094855960868,0.935307184285035,1.37833142081479,1,0,0.9,6,"1.01 to 1.25","Not Significant","0.80-1.00"
"E02002308","Kirklees 038",NA,411004,417000,53.6494,-1.835,"8d0c54e4-9bed-49b9-ba6b-28a8ea81657e",7,20,51.48,0.0646,0.0209,0.0631,"LargeCentralMetro",0,0,0,0,0,"Yorkshire and the Humber",9,"Kirklees 038",47,1,255,120,1315,0.47,0.5148,0.2,0.2,9,0.529411764705882,135,145,536,536,0.934229418568631,0.805233515328802,1.07791067177174,-1,0,0.17,2,"0.76 to 0.99","Not Significant","0.01-0.20"
"E02002314","Kirklees 044",NA,416990,414988,53.6312,-1.74456,"ecccc090-6627-4633-b668-0594b8228770",8,17.71,47.4,0.0467,0.0379,0.0544,"LargeCentralMetro",0,0,0,0,0,"Yorkshire and the Humber",6,"Kirklees 044",45,1,175,79,903,0.45,0.474,0.1771,0.1771,6,0.548571428571429,96,99,537,537,0.960327006373873,0.811011988105291,1.12908367977738,-1,0,0.3,3,"0.76 to 0.99","Not Significant","0.20-0.39"
"E02002317","Kirklees 047",NA,411931,414878,53.6303,-1.82106,"d29015b7-7773-40d2-99c2-700c6e002c79",7,44.05,52.74,0.3201,0.0577,0.078,"LargeCentralMetro",0,0,0,0,0,"Yorkshire and the Humber",3,"Kirklees 047",35,1,168,59,914,0.35,0.5274,0.4405,0.4405,3,0.648809523809524,109,95,538,538,1.13536555007353,0.965890304362967,1.3259162536639,1,0,0.937,6,"1.01 to 1.25","Not Significant","0.80-1.00"
"E02002319","Kirklees 049",NA,408764,413247,53.6157,-1.86899,"fb48eb28-56da-420a-81fa-7e558852e692",6,19.23,47.84,0.0102,0.0057,0.0251,"LargeCentralMetro",0,0,0,0,0,"Yorkshire and the Humber",9,"Kirklees 049",47,1,234,110,1179,0.47,0.4784,0.1923,0.1923,9,0.52991452991453,124,133,539,539,0.95043959154539,0.816015288681499,1.10056492385995,-1,0,0.24,3,"0.76 to 0.99","Not Significant","0.20-0.39"
"E02002326","Kirklees 056",NA,420355,410788,53.5933,-1.69394,"0c443612-9545-455d-844a-bc55b7c88ba6",3,11.78,48.47,0.0153,0.0045,0.0136,"Micropolitan",0,0,0,1,0,"Yorkshire and the Humber",5,"Kirklees 056",51,1,331,169,1240,0.51,0.4847,0.1178,0.1178,5,0.489425981873112,162,188,540,540,0.863162915985274,0.7511323950514,0.987102944768617,-1,-1,0.016,2,"0.76 to 0.99","Significant Decrease","0.01-0.20"
"E02002329","Kirklees 059",NA,416360,407186,53.5611,-1.75449,"5ae1d84b-262a-4da4-8800-21540322d216",4,11.58,49.89,0.0065,0.0068,0.0171,"LargeCentralMetro",0,0,0,0,0,"Yorkshire and the Humber",9,"Kirklees 059",58,1,259,150,1333,0.58,0.4989,0.1158,0.1158,9,0.420849420849421,109,147,541,541,0.787588325406249,0.672736837620378,0.916277831744114,-1,-1,0.001,1,"0.76 to 0.99","Significant Decrease","<0.01"
"E02002331","Leeds 002",NA,442708,447639,53.9231,-1.35117,"66ed12f3-996a-4060-9580-8c5ac5ec838b",6,14.91,45.74,0.0215,0.0099,0.0206,"LargeCentralMetro",0,0,0,0,0,"Yorkshire and the Humber",5,"Leeds 002",32,1,114,36,680,0.32,0.4574,0.1491,0.1491,5,0.68421052631579,78,65,542,542,1.09325175898812,0.907766260614967,1.30553953028883,1,0,0.82,6,"1.01 to 1.25","Not Significant","0.80-1.00"
"E02002332","Leeds 003",NA,419730,446090,53.9106,-1.70115,"082ebeee-3ed8-4ca7-9f7a-60ba02edee74",5,15.62,48.24,0.0158,0.0051,0.0176,"LargeCentralMetro",0,0,0,0,0,"Yorkshire and the Humber",6,"Leeds 003",53,1,224,119,1451,0.53,0.4824,0.1562,0.1562,6,0.46875,105,127,543,543,0.859172022525449,0.731427205814153,1.00267624100399,-1,0,0.027,2,"0.76 to 0.99","Not Significant","0.01-0.20"
"E02002337","Leeds 008",NA,416431,442679,53.8801,-1.75155,"a4ccad12-eb76-407f-bf21-0f0388afcd4f",3,8.84,49.7,0.0206,0.0038,0.0255,"LargeCentralMetro",0,0,0,0,0,"Yorkshire and the Humber",4,"Leeds 008",60,1,181,109,1173,0.6,0.497,0.0884,0.0884,4,0.397790055248619,72,103,544,544,0.744156208533371,0.620556294428216,0.885020260879931,-2,-1,0,1,"0.51 to 0.75","Significant Decrease","<0.01"
"E02002338","Leeds 009",NA,419207,441545,53.8698,-1.70939,"3bdd8938-9fb7-4978-8ab6-b889faec170e",3,19.5,48.91,0.0194,0.0043,0.0224,"LargeCentralMetro",0,0,0,0,0,"Yorkshire and the Humber",8,"Leeds 009",52,1,200,104,1370,0.52,0.4891,0.195,0.195,8,0.48,96,113,545,545,0.882842530408377,0.747654017976527,1.0352729344799,-1,0,0.061,2,"0.76 to 0.99","Not Significant","0.01-0.20"
"E02002346","Leeds 017",NA,424892,439381,53.8501,-1.62311,"2ce87cb0-c7a5-4d5f-a2de-f1afb78b2584",7,35.62,50.76,0.0649,0.0099,0.0849,"LargeCentralMetro",0,0,0,0,0,"Yorkshire and the Humber",9,"Leeds 017",32,1,146,47,924,0.32,0.5076,0.3562,0.3562,9,0.678082191780822,99,83,546,546,1.14725893691035,0.968867942792895,1.34892249097945,1,0,0.943,6,"1.01 to 1.25","Not Significant","0.80-1.00"
"E02002347","Leeds 018",NA,429641,439364,53.8497,-1.55093,"3088a06a-a445-4997-8c2f-65932b2d1ab4",8,23.46,50.11,0.2039,0.0618,0.1372,"LargeCentralMetro",0,0,0,0,0,"Yorkshire and the Humber",3,"Leeds 018",63,2,179,113,1395,0.63,0.5011,0.2346,0.2346,3,0.368715083798883,66,102,547,547,0.713037094853492,0.59250592544405,0.850710925596881,-2,-1,0,1,"0.51 to 0.75","Significant Decrease","<0.01"
"E02002350","Leeds 021",NA,423369,439052,53.8472,-1.64629,"7b3d1c0f-a70b-45b9-bdaf-99c25e88f94e",4,15.38,48.05,0.0272,0.0032,0.0303,"LargeCentralMetro",0,0,0,0,0,"Yorkshire and the Humber",4,"Leeds 021",60,1,221,133,1407,0.6,0.4805,0.1538,0.1538,4,0.398190045248869,88,125,548,548,0.76039150104511,0.64210993833805,0.893986083039474,-1,-1,0,1,"0.76 to 0.99","Significant Decrease","<0.01"
"E02002352","Leeds 023",NA,430940,438599,53.8427,-1.53126,"c9590df7-f954-4dd5-a387-5bc815604014",5,36.1,49.13,0.2008,0.0298,0.069,"LargeCentralMetro",0,0,0,0,0,"Yorkshire and the Humber",2,"Leeds 023",25,1,241,60,1441,0.25,0.4913,0.361,0.361,2,0.75103734439834,181,137,549,549,1.2496789240566,1.09125494327094,1.42457090544194,1,1,0.999,6,"1.01 to 1.25","Significant Increase","0.80-1.00"
"E02002354","Leeds 025",NA,429734,437951,53.837,-1.54965,"cf34faaa-384f-4579-8a72-39ae7b921e8e",6,28.09,50.22,0.2736,0.0395,0.0841,"LargeCentralMetro",0,0,0,0,0,"Yorkshire and the Humber",8,"Leeds 025",56,1,178,100,900,0.56,0.5022,0.2809,0.2809,8,0.438202247191011,78,101,550,550,0.838277517478972,0.70305343983493,0.991744664776094,-1,-1,0.02,2,"0.76 to 0.99","Significant Decrease","0.01-0.20"
"E02002362","Leeds 033",NA,425477,437486,53.833,-1.61438,"8ff41a2f-4ba1-4b00-84a3-448df3b06c13",9,22.55,52.99,0.0896,0.0484,0.0975,"LargeCentralMetro",0,0,0,0,0,"Yorkshire and the Humber",5,"Leeds 033",55,1,204,112,1440,0.55,0.5299,0.2255,0.2255,5,0.450980392156863,92,116,551,551,0.826370073043175,0.698047427387359,0.971317883685783,-1,-1,0.01,2,"0.76 to 0.99","Significant Decrease","0.01-0.20"
"E02002379","Leeds 050",NA,435250,435459,53.8142,-1.46612,"44921258-23cc-496b-90bb-c7cd0bbce666",9,59.09,51.31,0.0385,0.0765,0.0503,"LargeCentralMetro",0,0,0,0,0,"Yorkshire and the Humber",6,"Leeds 050",19,1,110,21,723,0.19,0.5131,0.5909,0.5909,6,0.809090909090909,89,62,552,552,1.43929086968136,1.21093414657694,1.69804685925836,2,1,1,6,"1.26 to 1.50","Significant Increase","0.80-1.00"
"E02002381","Leeds 052",NA,422656,435612,53.8163,-1.65738,"1c411653-68b4-497d-be52-b782588258a6",6,40.47,51.76,0.0199,0.0105,0.029,"LargeCentralMetro",0,0,0,0,0,"Yorkshire and the Humber",7,"Leeds 052",22,1,215,47,1360,0.22,0.5176,0.4047,0.4047,7,0.781395348837209,168,122,553,553,1.33429231888453,1.1619510780073,1.52489680505548,2,1,1,6,"1.26 to 1.50","Significant Increase","0.80-1.00"
"E02002393","Leeds 064",NA,431412,434362,53.8046,-1.52452,"4743627f-8681-427f-b080-7f4f15a54066",6,58.86,51.32,0.1648,0.3629,0.1512,"LargeCentralMetro",0,0,0,0,0,"Yorkshire and the Humber",10,"Leeds 064",19,1,175,33,949,0.19,0.5132,0.5886,0.5886,10,0.811428571428571,142,99,554,554,1.39761314274833,1.20525502454537,1.61183323097854,2,1,1,6,"1.26 to 1.50","Significant Increase","0.80-1.00"
"E02002404","Leeds 075",NA,431764,432886,53.7913,-1.51933,"e064c232-2502-498b-94cf-ebd1124e29e0",6,47.67,51.82,0.0972,0.1174,0.0818,"LargeCentralMetro",0,0,0,0,0,"Yorkshire and the Humber",1,"Leeds 075",36,1,172,62,907,0.36,0.5182,0.4767,0.4767,1,0.63953488372093,110,98,555,555,1.12406468164887,0.957455476634247,1.31121108219603,1,0,0.922,6,"1.01 to 1.25","Not Significant","0.80-1.00"
"E02002408","Leeds 079",NA,422976,432671,53.7899,-1.65274,"a20ad2a0-ce3a-430d-83c6-5890af6e3599",7,26.04,50.14,0.0312,0.0074,0.0208,"LargeCentralMetro",0,0,0,0,0,"Yorkshire and the Humber",8,"Leeds 079",30.29,2,338,102,2106,0.3029,0.5014,0.2604,0.2604,8,0.698224852071006,236,192,556,556,1.20266487385181,1.06691710633786,1.35080889096148,1,1,0.999,6,"1.01 to 1.25","Significant Increase","0.80-1.00"
"E02002412","Leeds 083",NA,425919,431238,53.7769,-1.60818,"229aac43-7589-4571-b74c-eb783284ae35",8,30.35,48.55,0.0454,0.0241,0.0329,"LargeCentralMetro",0,0,0,0,0,"Yorkshire and the Humber",4,"Leeds 083",37,1,201,74,1176,0.37,0.4855,0.3035,0.3035,4,0.6318407960199,127,114,557,557,1.10558697808749,0.949076031003136,1.28043427202875,1,0,0.899,6,"1.01 to 1.25","Not Significant","0.80-1.00"
"E02002416","Leeds 087",NA,438594,430347,53.7681,-1.41597,"bde32f3b-6dd3-4bc2-b86e-649ce6275395",7,17.17,49.09,0.018,0.0057,0.0214,"LargeCentralMetro",0,0,0,0,0,"Yorkshire and the Humber",6,"Leeds 087",52,1,297,154,1925,0.52,0.4909,0.1717,0.1717,6,0.481481481481481,143,168,558,558,0.878258172151125,0.760633141703961,1.00879838468558,-1,0,0.033,2,"0.76 to 0.99","Not Significant","0.01-0.20"
"E02002430","Leeds 101",NA,429549,427555,53.7436,-1.55345,"3ef3bc47-bd9d-4276-8880-17d7d0639a1b",9,50.5,48.7,0.0213,0.0924,0.0506,"LargeCentralMetro",0,0,0,0,0,"Yorkshire and the Humber",7,"Leeds 101",43,1,202,87,1193,0.43,0.487,0.505,0.505,7,0.569306930693069,115,115,559,559,1.08871233576334,0.93404091134774,1.26144372157348,1,0,0.857,6,"1.01 to 1.25","Not Significant","0.80-1.00"
"E02002432","Leeds 103",NA,440124,427273,53.7403,-1.39316,"729c47c2-c2da-4d8c-ba61-21de9ef26e45",8,28,50.35,0.0094,0.0061,0.0199,"MediumMetro",0,1,0,0,0,"Yorkshire and the Humber",8,"Leeds 103",38,1,200,76,1279,0.38,0.5035,0.28,0.28,8,0.62,124,113,560,560,1.08315892659966,0.928037552509449,1.25669736955058,1,0,0.84,6,"1.01 to 1.25","Not Significant","0.80-1.00"
"E02002433","Leeds 104",NA,426529,427330,53.7417,-1.59926,"ba2d2122-aa71-4240-8614-6c6db6c2a5db",9,21.74,49.86,0.0356,0.0134,0.0304,"LargeCentralMetro",0,0,0,0,0,"Yorkshire and the Humber",7,"Leeds 104",56,1,253,142,1460,0.56,0.4986,0.2174,0.2174,7,0.438735177865613,111,143,561,561,0.842483007940706,0.721206385302581,0.978137177975396,-1,-1,0.012,2,"0.76 to 0.99","Significant Decrease","0.01-0.20"
"E02002434","Leeds 105",NA,431826,426554,53.7344,-1.51903,"0c999d3d-28bf-44f6-bc09-15cd7a2b799c",4,29.66,52.46,0.0313,0.0329,0.0288,"LargeCentralMetro",0,0,0,0,0,"Yorkshire and the Humber",10,"Leeds 105",63,1,236,149,1485,0.63,0.5246,0.2966,0.2966,10,0.36864406779661,87,134,562,562,0.766242562578854,0.649749636014903,0.897323194517459,-1,-1,0.001,1,"0.76 to 0.99","Significant Decrease","<0.01"
"E02002435","Leeds 106",NA,425470,426462,53.734,-1.61539,"444b4b9e-f01f-42cd-be41-c131c1ec1ec2",6,25.21,46.36,0.0522,0.0128,0.0325,"LargeCentralMetro",0,0,0,0,0,"Yorkshire and the Humber",9,"Leeds 106",42.67,2,472,201,2571,0.4267,0.4636,0.2521,0.2521,9,0.574152542372881,271,268,563,563,1.0175014077812,0.910132692271676,1.13396235226371,1,0,0.61,5,"1.01 to 1.25","Not Significant","0.60-0.79"
"E02002439","Wakefield 002",NA,442759,425710,53.7261,-1.35343,"3f4ce253-93fe-47f5-a998-0afe8415f825",9,29.05,43.88,0.0167,0.006,0.0174,"LargeCentralMetro",0,0,0,0,0,"Yorkshire and the Humber",6,"Wakefield 002",42,1,210,88,1267,0.42,0.4388,0.2905,0.2905,6,0.580952380952381,122,119,564,564,1.05705625335094,0.907273520113661,1.22435646866113,1,0,0.754,5,"1.01 to 1.25","Not Significant","0.60-0.79"
"E02002440","Wakefield 003",NA,444916,425182,53.7211,-1.32082,"64328565-4a5f-45d6-9741-54b8e263fbb1",8,42.42,52.76,0.0057,0.0105,0.0096,"LargeCentralMetro",0,0,0,0,0,"Yorkshire and the Humber",7,"Wakefield 003",25,1,99,25,815,0.25,0.5276,0.4242,0.4242,7,0.747474747474748,74,56,565,565,1.30900230097739,1.0887707212868,1.56060173078873,2,1,0.998,6,"1.26 to 1.50","Significant Increase","0.80-1.00"
"E02002447","Wakefield 010",NA,450872,423339,53.704,-1.23087,"855a2c81-cb80-41ab-aa0d-46c9c2428b40",8,31.73,48.39,0.0099,0.0045,0.012,"LargeCentralMetro",0,0,0,0,0,"Yorkshire and the Humber",9,"Wakefield 010",27,1,104,28,558,0.27,0.4839,0.3173,0.3173,9,0.730769230769231,76,59,566,566,1.25006746859806,1.04022916059875,1.48975321301589,2,1,0.992,6,"1.26 to 1.50","Significant Increase","0.80-1.00"
"E02002451","Wakefield 014",NA,431046,423248,53.7048,-1.53119,"ec03930d-2fee-4f80-a91e-516a79f91259",7,10.7,49.95,0.0221,0.0072,0.0194,"LargeCentralMetro",0,0,0,0,0,"Yorkshire and the Humber",9,"Wakefield 014",68,1,355,241,2128,0.68,0.4995,0.107,0.107,9,0.32112676056338,114,201,567,567,0.650468953003005,0.559356183364559,0.752000835366743,-2,-1,0,1,"0.51 to 0.75","Significant Decrease","<0.01"
"E02002457","Wakefield 020",NA,434502,421366,53.6876,-1.47905,"c6bc794e-bf95-4da9-a245-c9e70527f491",9,43.1,49.45,0.1707,0.0559,0.0576,"LargeCentralMetro",0,0,0,0,0,"Yorkshire and the Humber",2,"Wakefield 020",39,1,116,45,631,0.39,0.4945,0.431,0.431,2,0.612068965517241,71,66,568,568,1.11237073562241,0.925303995884467,1.32599684380426,1,0,0.867,6,"1.01 to 1.25","Not Significant","0.80-1.00"
"E02002460","Wakefield 023",NA,445365,420489,53.6789,-1.3147,"627719ba-362b-49e9-a7c3-b7983a32a12f",6,24.78,50.75,0.0092,0.0035,0.0115,"LargeCentralMetro",0,0,0,0,0,"Yorkshire and the Humber",7,"Wakefield 023",37.74,2,347,131,1862,0.3774,0.5075,0.2478,0.2478,7,0.622478386167147,216,197,569,569,1.08905972208761,0.962476497821252,1.22756596912117,1,0,0.91,6,"1.01 to 1.25","Not Significant","0.80-1.00"
"E02002461","Wakefield 024",NA,439902,420878,53.6829,-1.39735,"cd1730ad-9304-4088-b523-70529e7cb02a",8,10.43,51.28,0.0158,0.0076,0.0153,"LargeCentralMetro",0,0,0,0,0,"Yorkshire and the Humber",10,"Wakefield 024",47,1,278,131,1644,0.47,0.5128,0.1043,0.1043,10,0.528776978417266,147,158,570,570,0.936895136682514,0.811559946379169,1.07600148721447,-1,0,0.172,2,"0.76 to 0.99","Not Significant","0.01-0.20"
"E02002462","Wakefield 025",NA,427284,419551,53.6717,-1.5885,"652f5711-23a7-442b-ab0e-c8bfa4980580",7,16.29,49.2,0.0112,0.0044,0.0133,"LargeCentralMetro",0,0,0,0,0,"Yorkshire and the Humber",5,"Wakefield 025",60,1,264,158,1687,0.6,0.492,0.1629,0.1629,5,0.401515151515151,106,150,571,571,0.77409904635283,0.66122531683737,0.900535079700525,-1,-1,0,1,"0.76 to 0.99","Significant Decrease","<0.01"
"E02002464","Wakefield 027",NA,442940,420073,53.6754,-1.35146,"88b9b83b-981b-480c-91be-6996d8d9b450",8,38.36,51.83,0.0114,0.0065,0.0139,"LargeCentralMetro",0,0,0,0,0,"Yorkshire and the Humber",9,"Wakefield 027",27,1,73,20,328,0.27,0.5183,0.3836,0.3836,9,0.726027397260274,53,41,572,572,1.27414728146622,1.03964679873335,1.54569491476893,2,1,0.991,6,"1.26 to 1.50","Significant Increase","0.80-1.00"
"E02002468","Wakefield 031",NA,430015,418147,53.659,-1.5473,"4977aa04-406e-4e55-bda3-c34b29d75ee2",8,25.25,50.14,0.013,0.0029,0.02,"LargeCentralMetro",0,0,0,0,0,"Yorkshire and the Humber",4,"Wakefield 031",48,1,202,97,1039,0.48,0.5014,0.2525,0.2525,4,0.51980198019802,105,115,573,573,0.950283251987778,0.809038590491506,1.10894511574647,-1,0,0.249,3,"0.76 to 0.99","Not Significant","0.20-0.39"
"E02002469","Wakefield 032",NA,437995,415645,53.636,-1.42685,"5391462d-4790-4672-ad17-ca296a4ec8a2",6,19.31,48.28,0.0107,0.0093,0.0139,"MediumMetro",0,1,0,0,0,"Yorkshire and the Humber",9,"Wakefield 032",36,1,202,73,1015,0.36,0.4828,0.1931,0.1931,9,0.638613861386139,129,115,574,574,1.07670398147656,0.923130984268371,1.24846009540408,1,0,0.821,6,"1.01 to 1.25","Not Significant","0.80-1.00"
"E02002470","Wakefield 033",NA,433830,417469,53.6526,-1.48964,"6c5259ef-b0e1-4185-bc35-40561eaa65c3",6,18.31,51.14,0.0537,0.0101,0.0242,"LargeCentralMetro",0,0,0,0,0,"Yorkshire and the Humber",4,"Wakefield 033",51,1,142,72,704,0.51,0.5114,0.1831,0.1831,4,0.492957746478873,70,81,575,575,0.893163359152354,0.742395528394865,1.06542762644855,-1,0,0.101,2,"0.76 to 0.99","Not Significant","0.01-0.20"
"E02002474","Wakefield 037",NA,432479,415808,53.6378,-1.51026,"74394821-17f6-4201-b3b0-fff1d075268f",7,24,50.51,0.0174,0.0138,0.0247,"LargeCentralMetro",0,0,0,0,0,"Yorkshire and the Humber",9,"Wakefield 037",41,1,275,113,1483,0.41,0.5051,0.24,0.24,9,0.589090909090909,162,156,576,576,1.04272838456669,0.90802023812775,1.19167865552598,1,0,0.715,5,"1.01 to 1.25","Not Significant","0.60-0.79"
"E02002480","Wakefield 043",NA,446238,411258,53.5959,-1.30285,"54fbf7e1-5305-449d-8b64-e8db1ee8b10e",8,36.91,46.62,0.0055,0.0064,0.0115,"LargeCentralMetro",0,0,0,0,0,"Yorkshire and the Humber",7,"Wakefield 043",33,1,233,77,1525,0.33,0.4662,0.3691,0.3691,7,0.669527896995708,156,132,577,577,1.19459413029524,1.03846765500203,1.36743260529885,1,1,0.994,6,"1.01 to 1.25","Significant Increase","0.80-1.00"
"E02002485","Hartlepool 003",NA,449809,533772,54.6965,-1.22872,"2914d187-efae-4f73-be59-9a6b64cc84e5",7,45.83,52.98,0.0188,0.0029,0.0129,"LargeCentralMetro",0,0,0,0,0,"North East",2,"Hartlepool 003",42,1,192,81,1223,0.42,0.5298,0.4583,0.4583,2,0.578125,111,109,578,578,1.07875434894259,0.922170140133244,1.25411268640701,1,0,0.823,6,"1.01 to 1.25","Not Significant","0.80-1.00"
"E02002491","Hartlepool 009",NA,449016,531030,54.672,-1.24148,"eb766a66-0518-4f58-84a9-97c6677abf40",9,26.27,53.87,0.0105,0.0053,0.0134,"LargeCentralMetro",0,0,0,0,0,"North East",6,"Hartlepool 009",48,1,217,104,1446,0.48,0.5387,0.2627,0.2627,6,0.52073732718894,113,123,579,579,0.964054861308687,0.824602206949866,1.12017485458424,-1,0,0.305,3,"0.76 to 0.99","Not Significant","0.20-0.39"
"E02002499","Middlesbrough 004",NA,451595,518719,54.5611,-1.20366,"1b483a22-77de-49c5-90a3-d1c992b2ee3b",10,78.15,50.55,0.0172,0.0202,0.0242,"LargeCentralMetro",0,0,0,0,0,"North East",10,"Middlesbrough 004",5,1,119,6,641,0.05,0.5055,0.7815,0.7815,10,0.949579831932773,113,67,580,580,1.74646582904491,1.49229611991552,2.03125907294856,3,1,1,6,"1.51 to 1.75","Significant Increase","0.80-1.00"
"E02002502","Middlesbrough 007",NA,453094,518518,54.5591,-1.18052,"862c257f-92b9-4dc7-a0ab-b48bfc7cd4a2",10,69.35,45.12,0.008,0.0134,0.0188,"LargeCentralMetro",0,0,0,0,0,"North East",10,"Middlesbrough 007",34,1,124,42,676,0.34,0.4512,0.6935,0.6935,10,0.661290322580645,82,70,581,581,1.35520705166511,1.14370565276774,1.59405752398442,2,1,1,6,"1.26 to 1.50","Significant Increase","0.80-1.00"
"E02002503","Middlesbrough 008",NA,447425,518311,54.5578,-1.2682,"1acef1ea-8e39-4828-93f0-30e1081852b9",7,23.56,52.46,0.0811,0.0176,0.0534,"LargeCentralMetro",0,0,0,0,0,"North East",6,"Middlesbrough 008",58,1,225,130,1481,0.58,0.5246,0.2356,0.2356,6,0.422222222222222,95,128,582,582,0.80657098520939,0.684335383716584,0.944162901534837,-1,-1,0.004,1,"0.76 to 0.99","Significant Decrease","<0.01"
"E02002506","Middlesbrough 011",NA,450289,517491,54.5502,-1.22406,"7492d404-a364-4903-b7e7-4afe31bd705e",10,39.91,52.91,0.0682,0.0186,0.0454,"LargeCentralMetro",0,0,0,0,0,"North East",5,"Middlesbrough 011",33,1,228,75,1391,0.33,0.5291,0.3991,0.3991,5,0.671052631578947,153,129,583,583,1.18589444177659,1.02916323711156,1.35962572083364,1,1,0.991,6,"1.01 to 1.25","Significant Increase","0.80-1.00"
"E02002507","Middlesbrough 012",NA,448762,516832,54.5444,-1.24778,"f307c191-7111-4118-a7e6-b1ddc7582897",4,64.29,52.47,0.1262,0.0037,0.0367,"LargeCentralMetro",0,0,0,0,0,"North East",4,"Middlesbrough 012",37,1,140,52,951,0.37,0.5247,0.6429,0.6429,4,0.628571428571429,88,79,584,584,1.20338783444259,1.01587683011828,1.41522545252228,1,1,0.984,6,"1.01 to 1.25","Significant Increase","0.80-1.00"
"E02002514","Middlesbrough 019",NA,450807,514280,54.5213,-1.21661,"faeaa2f9-03a7-4b55-a36d-b4ea715d0a38",8,31.82,49.66,0.0144,0.0038,0.0191,"LargeCentralMetro",0,0,0,0,0,"North East",8,"Middlesbrough 019",42,1,198,83,1176,0.42,0.4966,0.3182,0.3182,8,0.580808080808081,115,112,585,585,1.06261754852439,0.90916085487707,1.23440179956095,1,0,0.77,5,"1.01 to 1.25","Not Significant","0.60-0.79"
"E02002516","Redcar and Cleveland 002",NA,459812,524195,54.6094,-1.0755,"72016103-21ed-4cfb-81a5-e25eca57b837",9,24.31,50.61,0.0073,0.0014,0.014,"LargeCentralMetro",0,0,0,0,0,"North East",10,"Redcar and Cleveland 002",48,1,144,69,737,0.48,0.5061,0.2431,0.2431,10,0.520833333333333,75,82,586,586,0.985183410681238,0.824035972438692,1.16843371224011,-1,0,0.415,4,"0.76 to 0.99","Not Significant","0.40-0.59"
"E02002520","Redcar and Cleveland 006",NA,463069,521528,54.585,-1.02565,"e34a3aa4-6465-4f97-8e17-0888b9c7dfdc",6,16.77,46.7,0.0041,0.0011,0.0092,"MediumMetro",0,1,0,0,0,"North East",7,"Redcar and Cleveland 006",75,1,155,116,713,0.75,0.467,0.1677,0.1677,7,0.251612903225806,39,88,587,587,0.639658268150544,0.523412233367958,0.773619440477368,-2,-1,0,1,"0.51 to 0.75","Significant Decrease","<0.01"
"E02002535","Stockton-on-Tees 001",NA,445722,525557,54.6231,-1.29341,"b95f56cf-7a95-4b87-abf5-3a1ac0eacc13",7,25.68,49.01,0.0074,0.0015,0.0071,"MediumMetro",0,1,0,0,0,"North East",9,"Stockton-on-Tees 001",33,1,257,85,1357,0.33,0.4901,0.2568,0.2568,9,0.669260700389105,172,146,588,588,1.14895577320593,1.00202587347393,1.31127841013585,1,1,0.977,6,"1.01 to 1.25","Significant Increase","0.80-1.00"
"E02002537","Stockton-on-Tees 003",NA,450047,523715,54.6061,-1.22675,"83d09a47-6202-4ba6-86e8-af15e981cfeb",9,22.29,49.53,0.0098,0.002,0.0114,"LargeCentralMetro",0,0,0,0,0,"North East",5,"Stockton-on-Tees 003",45,1,157,71,858,0.45,0.4953,0.2229,0.2229,5,0.547770700636943,86,89,589,589,0.996053996015966,0.83769936156455,1.17549819539628,-1,0,0.464,4,"0.76 to 0.99","Not Significant","0.40-0.59"
"E02002544","Stockton-on-Tees 010",NA,445436,520567,54.5783,-1.29861,"d6b3ddd9-55cb-4261-a3af-0813241d0a5e",10,65.12,52.62,0.0129,0.0177,0.0181,"LargeCentralMetro",0,0,0,0,0,"North East",3,"Stockton-on-Tees 010",30,1,86,26,650,0.3,0.5262,0.6512,0.6512,3,0.697674418604651,60,49,590,590,1.36134148371491,1.12568507121294,1.6314360258584,2,1,0.999,6,"1.26 to 1.50","Significant Increase","0.80-1.00"
"E02002547","Stockton-on-Tees 013",NA,442334,519371,54.5678,-1.34677,"a4c87334-5f19-4f62-94f0-c33789881457",8,36.67,47.91,0.0342,0.0061,0.0128,"LargeCentralMetro",0,0,0,0,0,"North East",2,"Stockton-on-Tees 013",47.08,2,240,113,1292,0.4708,0.4791,0.3667,0.3667,2,0.529166666666667,127,136,591,591,0.990704922907908,0.853568075769493,1.14342873543857,-1,0,0.435,4,"0.76 to 0.99","Not Significant","0.40-0.59"
"E02002549","Stockton-on-Tees 015",NA,441034,518650,54.5614,-1.36697,"ca59652b-9dd0-48aa-9777-b339663d5de5",7,25.54,52.11,0.0184,0.0054,0.0105,"LargeCentralMetro",0,0,0,0,0,"North East",3,"Stockton-on-Tees 015",45,1,231,104,1161,0.45,0.5211,0.2554,0.2554,3,0.54978354978355,127,131,592,592,0.986681271290102,0.848178060989026,1.14122827706991,-1,0,0.414,4,"0.76 to 0.99","Not Significant","0.40-0.59"
"E02002552","Stockton-on-Tees 018",NA,446295,516789,54.5443,-1.28591,"a690e5a6-0e68-4114-9183-af4d44ff9fb5",9,36.36,51.48,0.0348,0.0099,0.0185,"LargeCentralMetro",0,0,0,0,0,"North East",8,"Stockton-on-Tees 018",29,1,99,29,507,0.29,0.5148,0.3636,0.3636,8,0.707070707070707,70,56,593,593,1.23999645446161,1.02823017599287,1.48244369112663,1,1,0.988,6,"1.01 to 1.25","Significant Increase","0.80-1.00"
"E02002555","Stockton-on-Tees 021",NA,441419,514429,54.5235,-1.36161,"ce98c224-a1f5-4875-8e1b-8dbe6ebf20e5",5,11.39,49.1,0.0267,0.0053,0.0234,"LargeCentralMetro",0,0,0,0,0,"North East",6,"Stockton-on-Tees 021",58,1,237,137,1505,0.58,0.491,0.1139,0.1139,6,0.421940928270042,100,134,594,594,0.787613942382992,0.669196588291026,0.920807252580937,-1,-1,0.001,1,"0.76 to 0.99","Significant Decrease","<0.01"
"E02002558","Stockton-on-Tees 024",NA,443193,510520,54.4882,-1.33478,"97a6272b-395d-41d1-87c3-88f02af9d0af",4,18.52,48.05,0.0428,0.0035,0.0289,"LargeCentralMetro",0,0,0,0,0,"North East",5,"Stockton-on-Tees 024",45,1,216,97,1280,0.45,0.4805,0.1852,0.1852,5,0.550925925925926,119,123,595,595,0.955694434721259,0.817144463602126,1.11091937689793,-1,0,0.268,3,"0.76 to 0.99","Not Significant","0.20-0.39"
"E02002563","Darlington 005",NA,430922,516083,54.5391,-1.5236,"e66c3567-8214-4d3a-ba71-23c5f7b594c1",9,50.49,51.38,0.0115,0.0038,0.0171,"LargeCentralMetro",0,0,0,0,0,"North East",7,"Darlington 005",31,1,103,32,726,0.31,0.5138,0.5049,0.5049,7,0.689320388349515,71,58,596,596,1.28860858198351,1.07295549797274,1.5346750618798,2,1,0.997,6,"1.26 to 1.50","Significant Increase","0.80-1.00"
"E02002567","Darlington 009",NA,430817,515123,54.5305,-1.52533,"870c0109-5dd5-4ed4-a9bb-ed20d5a1a50f",8,47.31,50.11,0.0248,0.0108,0.024,"LargeCentralMetro",0,0,0,0,0,"North East",2,"Darlington 009",15,1,93,14,447,0.15,0.5011,0.4731,0.4731,2,0.849462365591398,79,53,597,597,1.40295392024096,1.1678612876383,1.67147941752239,2,1,1,6,"1.26 to 1.50","Significant Increase","0.80-1.00"
"E02002569","Darlington 011",NA,427055,514276,54.5231,-1.58353,"2afe9635-4cfc-4ce7-8264-04c16701735b",6,22.04,52.13,0.0271,0.0044,0.019,"LargeCentralMetro",0,0,0,0,0,"North East",7,"Darlington 011",60.41,2,422,255,2465,0.6041,0.5213,0.2204,0.2204,7,0.395734597156398,167,239,598,598,0.754528603314786,0.660664514803022,0.857847007740398,-1,-1,0,1,"0.76 to 0.99","Significant Decrease","<0.01"
"E02002573","Darlington 015",NA,431408,510881,54.4923,-1.51664,"fe44a4b9-8195-4cd1-a65b-8c102dbbe355",5,14.75,46.98,0.0127,0.0044,0.0159,"MediumMetro",0,1,0,0,0,"North East",10,"Darlington 015",57,1,122,70,679,0.57,0.4698,0.1475,0.1475,10,0.426229508196721,52,69,599,599,0.824084693282082,0.675205531791003,0.995847613957087,-1,-1,0.022,2,"0.76 to 0.99","Significant Decrease","0.01-0.20"
"E02002578","Halton 005",NA,350975,386649,53.3744,-2.73835,"24bae8de-4b71-455d-b921-95005f6cef7e",9,30.16,48.27,0.0173,0.0026,0.0202,"LargeCentralMetro",0,0,0,0,0,"North West",5,"Halton 005",37.43,2,567,212,3029,0.3743,0.4827,0.3016,0.3016,5,0.62610229276896,355,322,600,600,1.10518543165653,1.00087278816404,1.2173311079941,1,1,0.976,6,"1.01 to 1.25","Significant Increase","0.80-1.00"
"E02002579","Halton 006",NA,349582,386042,53.3688,-2.75919,"8663a379-3e91-47ae-bebf-c0b54ed843a3",9,45.31,51.2,0.0052,0.0022,0.0166,"LargeCentralMetro",0,0,0,0,0,"North West",7,"Halton 006",32,1,128,41,668,0.32,0.512,0.4531,0.4531,7,0.6796875,87,73,601,601,1.23718236323754,1.04163429465929,1.45858952381264,1,1,0.993,6,"1.01 to 1.25","Significant Increase","0.80-1.00"
"E02002587","Halton 014",NA,355750,380689,53.3213,-2.66575,"d193060f-5e46-456b-8b7b-fc42c3ed1102",9,67.46,48.62,0.0073,0.0017,0.0239,"LargeCentralMetro",0,0,0,0,0,"North West",5,"Halton 014",33,1,126,42,979,0.33,0.4862,0.6746,0.6746,5,0.666666666666667,84,71,602,602,1.31632800415442,1.11011519279604,1.54940109093823,2,1,0.999,6,"1.26 to 1.50","Significant Increase","0.80-1.00"
"E02002589","Halton 016",NA,352284,380498,53.3193,-2.71775,"29ce87fa-afd0-48ac-a352-b2f58bf80192",5,34.09,51.59,0.0077,0.0016,0.0082,"LargeCentralMetro",0,0,0,0,0,"North West",7,"Halton 016",28,1,220,62,1099,0.28,0.5159,0.3409,0.3409,7,0.718181818181818,158,125,603,603,1.23615985954887,1.07339067181394,1.41653863758864,1,1,0.998,6,"1.01 to 1.25","Significant Increase","0.80-1.00"
"E02002590","Warrington 001",NA,364648,395153,53.452,-2.5338,"4be17a6d-5a00-4237-8f71-87510fad314b",4,14.36,51.94,0.0213,0.0098,0.0265,"LargeCentralMetro",0,0,0,0,0,"North West",5,"Warrington 001",56,1,202,113,1111,0.56,0.5194,0.1436,0.1436,5,0.440594059405941,89,115,604,604,0.809100826962111,0.682454088642658,0.952299456086531,-1,-1,0.006,1,"0.76 to 0.99","Significant Decrease","<0.01"
"E02002594","Warrington 005",NA,366654,392002,53.4238,-2.50326,"f1cda571-a8fc-47fc-beea-1cb1929f4390",8,23.12,45.86,0.027,0.0078,0.0303,"LargeCentralMetro",0,0,0,0,0,"North West",3,"Warrington 005",35,1,199,70,1062,0.35,0.4586,0.2312,0.2312,3,0.648241206030151,129,113,605,605,1.10425475158062,0.947380374892778,1.27961262011557,1,0,0.895,6,"1.01 to 1.25","Not Significant","0.80-1.00"
"E02002598","Warrington 009",NA,356376,390160,53.4065,-2.65766,"43f1eea7-d573-4bad-8adb-ac6830e932a4",4,13.06,48.2,0.0793,0.0077,0.0285,"LargeCentralMetro",0,0,0,0,0,"North West",5,"Warrington 009",55,1,291,160,1838,0.55,0.482,0.1306,0.1306,5,0.450171821305842,131,165,606,606,0.814800774369782,0.702016357758124,0.940437856199696,-1,-1,0.003,1,"0.76 to 0.99","Significant Decrease","<0.01"
"E02002600","Warrington 011",NA,361267,389990,53.4053,-2.58407,"723e9376-77e5-424f-b1d8-c08cb74b2dd7",9,40.98,47.1,0.0171,0.0086,0.0284,"LargeCentralMetro",0,0,0,0,0,"North West",3,"Warrington 011",22,1,122,27,809,0.22,0.471,0.4098,0.4098,3,0.778688524590164,95,69,607,607,1.32230901432321,1.11400724373983,1.55819258300449,2,1,0.999,6,"1.26 to 1.50","Significant Increase","0.80-1.00"
"E02002603","Warrington 014",NA,365119,389503,53.4012,-2.52608,"3ccfb2f3-c0ca-483b-b76a-d93001ee505b",7,9.3,50.3,0.0281,0.0035,0.0118,"LargeCentralMetro",0,0,0,0,0,"North West",9,"Warrington 014",65,1,43,28,499,0.65,0.503,0.093,0.093,9,0.348837209302326,15,24,608,608,0.836684405300039,0.65179389474263,1.05747534238011,-1,0,0.066,2,"0.76 to 0.99","Not Significant","0.01-0.20"
"E02002605","Warrington 016",NA,358102,388054,53.3877,-2.63142,"cceb81c6-3417-4c96-8df8-3c0b1b4ac4bc",6,10.4,53.46,0.0392,0.0084,0.0176,"LargeCentralMetro",0,0,0,0,0,"North West",6,"Warrington 016",53,1,173,92,896,0.53,0.5346,0.104,0.104,6,0.468208092485549,81,98,609,609,0.848583451474376,0.711068140068958,1.00481916543133,-1,0,0.028,2,"0.76 to 0.99","Not Significant","0.01-0.20"
"E02002609","Warrington 020",NA,363328,387613,53.3841,-2.5528,"e92a1b51-ec75-4892-ace6-033f9bc4fea6",9,26.53,48.65,0.0269,0.0094,0.0283,"LargeCentralMetro",0,0,0,0,0,"North West",2,"Warrington 020",33,2,147,49,777,0.33,0.4865,0.2653,0.2653,2,0.666666666666667,98,83,610,610,1.13323952721235,0.956389820685618,1.33325848543162,1,0,0.924,6,"1.01 to 1.25","Not Significant","0.80-1.00"
"E02002610","Warrington 021",NA,368935,386668,53.376,-2.46841,"90e7fc32-4285-4954-a119-407107e49db6",4,11.95,49.97,0.0192,0.0026,0.0257,"LargeCentralMetro",0,0,0,0,0,"North West",8,"Warrington 021",67,1,293,196,1863,0.67,0.4997,0.1195,0.1195,8,0.331058020477816,97,166,611,611,0.665333249058384,0.566680169780755,0.77602833579245,-2,-1,0,1,"0.51 to 0.75","Significant Decrease","<0.01"
"E02002612","Warrington 023",NA,361914,385677,53.3666,-2.57382,"b2df3cbb-171d-410b-aa0c-82cce76f6ce0",4,7.39,47.41,0.0178,0.0029,0.0218,"LargeCentralMetro",0,0,0,0,0,"North West",3,"Warrington 023",60,1,284,170,1605,0.6,0.4741,0.0739,0.0739,3,0.401408450704225,114,161,612,612,0.739617501652862,0.632754299699844,0.859239832151253,-2,-1,0,1,"0.51 to 0.75","Significant Decrease","<0.01"
"E02002615","Blackburn with Darwen 001",NA,368884,430505,53.77,-2.47356,"41d403ca-cca8-4d56-82ad-4a42079de123",6,34.23,43.57,0.4561,0.0055,0.037,"LargeCentralMetro",0,0,0,0,0,"North West",7,"Blackburn with Darwen 001",52,1,222,115,1088,0.52,0.4357,0.3423,0.3423,7,0.481981981981982,107,126,613,613,0.922685855681256,0.788092653382563,1.07347434801717,-1,0,0.144,2,"0.76 to 0.99","Not Significant","0.01-0.20"
"E02002616","Blackburn with Darwen 002",NA,367037,429450,53.7604,-2.50147,"a8d64420-5279-4007-93a6-c7303f2295fd",4,13.13,40.21,0.6929,0.0051,0.0391,"LargeCentralMetro",0,0,0,0,0,"North West",1,"Blackburn with Darwen 002",39,1,99,39,1032,0.39,0.4021,0.1313,0.1313,1,0.606060606060606,60,56,614,614,0.965420027294687,0.788208383625768,1.17067172491961,-1,0,0.344,3,"0.76 to 0.99","Not Significant","0.20-0.39"
"E02002623","Blackburn with Darwen 009",NA,367349,426733,53.736,-2.49645,"41dc208c-a312-4e52-ab01-d3cf5c5dbd08",9,20.78,50.07,0.1134,0.0173,0.0383,"LargeCentralMetro",0,0,0,0,0,"North West",1,"Blackburn with Darwen 009",48,1,231,111,1432,0.48,0.5007,0.2078,0.2078,1,0.519480519480519,120,131,615,615,0.926107994215066,0.793173018626982,1.07483976042026,-1,0,0.151,2,"0.76 to 0.99","Not Significant","0.01-0.20"
"E02002624","Blackburn with Darwen 010",NA,364879,426787,53.7363,-2.5339,"78b0abeb-62be-458e-b086-9ab820a85761",5,29.88,72.84,0.1315,0.0037,0.0184,"LargeCentralMetro",0,0,0,0,0,"North West",2,"Blackburn with Darwen 010",58.86,2,251,148,1675,0.5886,0.7284,0.2988,0.2988,2,0.410358565737052,103,142,616,616,0.789030348260383,0.672440702633516,0.919850361950827,-1,-1,0.001,1,"0.76 to 0.99","Significant Decrease","<0.01"
"E02002626","Blackburn with Darwen 012",NA,366458,425605,53.7258,-2.50983,"7fe0656a-425f-4d81-8ead-c75d99c04b97",9,20.99,48.35,0.0275,0.0102,0.0191,"LargeCentralMetro",0,0,0,0,0,"North West",10,"Blackburn with Darwen 012",43,1,181,78,1001,0.43,0.4835,0.2099,0.2099,10,0.569060773480663,103,103,617,617,1.02418561067462,0.870154500370211,1.19748811763213,1,0,0.599,4,"1.01 to 1.25","Not Significant","0.40-0.59"
"E02002628","Blackburn with Darwen 014",NA,368348,423810,53.7098,-2.481,"ac154447-ffea-4622-be70-c4c21940e5de",9,29.37,50.33,0.0324,0.0045,0.0218,"LargeCentralMetro",0,0,0,0,0,"North West",5,"Blackburn with Darwen 014",23,1,126,29,757,0.23,0.5033,0.2937,0.2937,5,0.76984126984127,97,71,618,618,1.2749021106252,1.07360388358709,1.50296947053126,2,1,0.997,6,"1.26 to 1.50","Significant Increase","0.80-1.00"
"E02002630","Blackburn with Darwen 016",NA,368225,421846,53.6921,-2.48267,"8dce6105-e92e-403c-9119-e6dfffefc9ce",9,36.24,50.72,0.0643,0.0077,0.0206,"LargeCentralMetro",0,0,0,0,0,"North West",9,"Blackburn with Darwen 016",31.85,2,229,73,1455,0.3185,0.5072,0.3624,0.3624,9,0.681222707423581,156,130,619,619,1.20742249292051,1.04929121254166,1.38252591042542,1,1,0.996,6,"1.01 to 1.25","Significant Increase","0.80-1.00"
"E02002634","Blackpool 002",NA,332501,440590,53.8571,-3.02769,"eb133d22-e264-400b-890a-cf02c1317b34",9,25.7,47.36,0.0089,0.0036,0.0176,"LargeCentralMetro",0,0,0,0,0,"North West",3,"Blackpool 002",28,1,249,70,1305,0.28,0.4736,0.257,0.257,3,0.718875502008032,179,141,620,620,1.22487011858065,1.07005701728264,1.39570596268371,1,1,0.998,6,"1.01 to 1.25","Significant Increase","0.80-1.00"
"E02002636","Blackpool 004",NA,332433,439017,53.843,-3.02838,"5a229cf5-cd38-4811-85ac-bec5563fe9de",9,69,49.11,0.0158,0.003,0.0184,"LargeCentralMetro",0,0,0,0,0,"North West",4,"Blackpool 004",19,1,100,19,617,0.19,0.4911,0.69,0.69,4,0.81,81,57,621,621,1.49607121768427,1.25503934691988,1.7696501316943,2,1,1,6,"1.26 to 1.50","Significant Increase","0.80-1.00"
"E02002641","Blackpool 009",NA,333195,436822,53.8234,-3.01632,"539f9aac-1d12-4fba-8f78-8f0baf08f95a",10,33.82,49.92,0.08,0.0059,0.0282,"LargeCentralMetro",0,0,0,0,0,"North West",3,"Blackpool 009",37,1,207,77,1196,0.37,0.4992,0.3382,0.3382,3,0.628019323671498,130,117,622,622,1.1182023499234,0.961886212965886,1.29255841885355,1,0,0.926,6,"1.01 to 1.25","Not Significant","0.80-1.00"
"E02002646","Blackpool 014",NA,334056,434471,53.8023,-3.00274,"d8065fd7-22f0-4c85-a632-70ac0523dc4e",10,31.18,51.98,0.0195,0.0042,0.013,"LargeCentralMetro",0,0,0,0,0,"North West",6,"Blackpool 014",24,1,186,45,987,0.24,0.5198,0.3118,0.3118,6,0.758064516129032,141,105,623,623,1.29636790916773,1.11763641612201,1.49546838965122,2,1,1,6,"1.26 to 1.50","Significant Increase","0.80-1.00"
"E02002650","Blackpool 018",NA,333003,432428,53.7839,-3.01828,"d6f3135a-67cf-4815-8082-5bd17c1a68d1",9,36.79,48.16,0.0136,0.004,0.0155,"LargeCentralMetro",0,0,0,0,0,"North West",8,"Blackpool 018",33,1,193,64,1007,0.33,0.4816,0.3679,0.3679,8,0.66839378238342,129,109,624,624,1.20037557650047,1.0325010864646,1.38762261248653,1,1,0.992,6,"1.01 to 1.25","Significant Increase","0.80-1.00"
"E02002653","Kingston upon Hull 002",NA,510238,433993,53.7906,-0.3281,"fde7272a-fe2e-4678-a0e4-b6d692adf251",9,62.63,49.18,0.0041,0.0084,0.0204,"LargeCentralMetro",0,0,0,0,0,"Yorkshire and the Humber",7,"Kingston upon Hull 002",27,1,99,27,673,0.27,0.4918,0.6263,0.6263,7,0.727272727272727,72,56,625,625,1.39064255328088,1.16045070563872,1.65283597664105,2,1,1,6,"1.26 to 1.50","Significant Increase","0.80-1.00"
"E02002655","Kingston upon Hull 004",NA,511370,434555,53.7954,-0.31072,"6fec457c-9c24-4486-b21f-e63357890369",9,41.49,48.23,0.0038,0.0089,0.0127,"LargeCentralMetro",0,0,0,0,0,"Yorkshire and the Humber",7,"Kingston upon Hull 004",39,1,241,94,1302,0.39,0.4823,0.4149,0.4149,7,0.609958506224066,147,137,626,626,1.12331764564181,0.975149165918002,1.28746227029522,1,0,0.946,6,"1.01 to 1.25","Not Significant","0.80-1.00"
"E02002659","Kingston upon Hull 008",NA,507262,432736,53.7799,-0.37369,"bc753fe2-5337-42fe-8a36-9b20c1a0cd34",8,60.61,40.04,0.0202,0.0323,0.0562,"LargeCentralMetro",0,0,0,0,0,"Yorkshire and the Humber",4,"Kingston upon Hull 008",13,1,165,21,984,0.13,0.4004,0.6061,0.6061,4,0.872727272727273,144,94,627,627,1.50943413577284,1.30434208759503,1.73749221006128,3,1,1,6,"1.51 to 1.75","Significant Increase","0.80-1.00"
"E02002660","Kingston upon Hull 009",NA,514682,432230,53.7738,-0.26133,"f0709b1c-b600-4b73-abed-51b632fbc6e3",6,36.5,48.14,0.0047,0.0088,0.0128,"LargeCentralMetro",0,0,0,0,0,"Yorkshire and the Humber",6,"Kingston upon Hull 009",33,1,137,45,860,0.33,0.4814,0.365,0.365,6,0.671532846715328,92,78,628,628,1.18081462375121,0.995398318805537,1.39062719251345,1,0,0.972,6,"1.01 to 1.25","Not Significant","0.80-1.00"
"E02002664","Kingston upon Hull 013",NA,511457,431891,53.7715,-0.31037,"5b084449-b75e-42ef-ae45-29676bb2fa8c",3,25.53,49.19,0.004,0.0026,0.0081,"LargeCentralMetro",0,0,0,0,0,"Yorkshire and the Humber",3,"Kingston upon Hull 013",34,1,282,96,1488,0.34,0.4919,0.2553,0.2553,3,0.659574468085106,186,160,629,629,1.12730314062013,0.98713271123836,1.28171515333796,1,0,0.961,6,"1.01 to 1.25","Not Significant","0.80-1.00"
"E02002668","Kingston upon Hull 017",NA,513813,430765,53.7608,-0.27505,"acf2c027-8dfb-4f83-8b4d-8101f6770cf3",8,50.62,51.85,0.0068,0.0142,0.0181,"LargeCentralMetro",0,0,0,0,0,"Yorkshire and the Humber",5,"Kingston upon Hull 017",22,2,482,106,2924,0.22,0.5185,0.5062,0.5062,5,0.780082987551867,376,273,630,630,1.37495768542422,1.24810191501246,1.51111238419192,2,1,1,6,"1.26 to 1.50","Significant Increase","0.80-1.00"
"E02002685","East Riding of Yorkshire 002",NA,523559,470348,54.1142,-0.11131,"a7ec8d24-1260-4cc7-a9a4-ded6a2cb6632",5,20.38,49.5,0.005,0.0006,0.0066,"LargeFringeMetro",1,0,0,0,0,"Yorkshire and the Humber",10,"East Riding of Yorkshire 002",32,1,157,50,893,0.32,0.495,0.2038,0.2038,10,0.681528662420382,107,89,631,631,1.17165998651961,0.994605105677119,1.37106165818074,1,0,0.971,6,"1.01 to 1.25","Not Significant","0.80-1.00"
"E02002686","East Riding of Yorkshire 003",NA,516324,466723,54.0833,-0.22332,"21c5e2e4-c585-4278-bf1c-4735a2e05e51",8,32.61,50.1,0.0104,0.0012,0.0132,"LargeFringeMetro",1,0,0,0,0,"Yorkshire and the Humber",7,"East Riding of Yorkshire 003",44,1,138,61,956,0.44,0.501,0.3261,0.3261,7,0.557971014492754,77,78,632,632,1.07318957988491,0.899305062540125,1.27065211617392,1,0,0.775,5,"1.01 to 1.25","Not Significant","0.60-0.79"
"E02002695","East Riding of Yorkshire 012",NA,521790,443593,53.8743,-0.14904,"93f9397d-6b3e-4d7a-9c6b-39a69e7790b6",7,30.64,48.53,0.0039,0.0018,0.0132,"SmallMetro",0,0,1,0,0,"Yorkshire and the Humber",5,"East Riding of Yorkshire 012",31,1,173,54,1057,0.31,0.4853,0.3064,0.3064,5,0.687861271676301,119,98,633,633,1.1957792653494,1.02172235480202,1.39088491680586,1,1,0.987,6,"1.01 to 1.25","Significant Increase","0.80-1.00"
"E02002698","East Riding of Yorkshire 015",NA,489147,440323,53.8515,-0.64632,"2772da04-cc2a-4d1f-b566-672cdc625140",3,20,44.02,0.0044,0.0012,0.0121,"MediumMetro",0,1,0,0,0,"Yorkshire and the Humber",10,"East Riding of Yorkshire 015",45,1,75,34,443,0.45,0.4402,0.2,0.2,10,0.546666666666667,41,43,634,634,0.954195789098041,0.76790963086243,1.17197812402868,-1,0,0.312,3,"0.76 to 0.99","Not Significant","0.20-0.39"
"E02002699","East Riding of Yorkshire 016",NA,502355,441011,53.8553,-0.44538,"ab28bb29-4a14-4162-aa00-6648b64b5368",2,16.17,50.56,0.0105,0.0038,0.0138,"LargeCentralMetro",0,0,0,0,0,"Yorkshire and the Humber",7,"East Riding of Yorkshire 016",34,1,167,57,1153,0.34,0.5056,0.1617,0.1617,7,0.658682634730539,110,95,635,635,1.07899401552098,0.915188670416512,1.26363678502894,1,0,0.811,6,"1.01 to 1.25","Not Significant","0.80-1.00"
"E02002705","East Riding of Yorkshire 022",NA,501550,432723,53.781,-0.46035,"23a0c8f9-0b3e-4fd8-9bd1-9cff5e401ad3",3,21.47,49.19,0.0288,0.0077,0.022,"LargeCentralMetro",0,0,0,0,0,"Yorkshire and the Humber",7,"East Riding of Yorkshire 022",36,1,191,69,982,0.36,0.4919,0.2147,0.2147,7,0.638743455497382,122,108,636,636,1.08268196196313,0.925407998901918,1.25896415792393,1,0,0.834,6,"1.01 to 1.25","Not Significant","0.80-1.00"
"E02002714","East Riding of Yorkshire 031",NA,526961,425228,53.7081,-0.078,"a57f24e4-0b31-44f2-ad39-55c89c64c337",5,27.35,52.81,0.0039,0.0011,0.0067,"SmallMetro",0,0,1,0,0,"Yorkshire and the Humber",9,"East Riding of Yorkshire 031",28,1,117,33,695,0.28,0.5281,0.2735,0.2735,9,0.717948717948718,84,66,637,637,1.21689433670088,1.01696002208718,1.44460129854921,1,1,0.984,6,"1.01 to 1.25","Significant Increase","0.80-1.00"
"E02002715","East Riding of Yorkshire 032",NA,495394,428196,53.7415,-0.55513,"8aad3ea0-f990-418e-8dca-2ee7aae13249",3,6.75,49.63,0.0247,0.0044,0.0182,"LargeCentralMetro",0,0,0,0,0,"Yorkshire and the Humber",9,"East Riding of Yorkshire 032",66,1,326,215,2154,0.66,0.4963,0.0675,0.0675,9,0.340490797546012,111,185,638,638,0.663510178091505,0.568588023241247,0.769586165294931,-2,-1,0,1,"0.51 to 0.75","Significant Decrease","<0.01"
"E02002725","East Riding of Yorkshire 042",NA,464453,420958,53.6811,-1.02567,"0d90894d-b9ad-42fc-9d5b-8acc2e255bac",6,15.73,49.52,0.0045,0.001,0.008,"MediumMetro",0,1,0,0,0,"Yorkshire and the Humber",10,"East Riding of Yorkshire 042",45,1,178,80,945,0.45,0.4952,0.1573,0.1573,10,0.550561797752809,98,101,639,639,0.961039257144001,0.812387478885581,1.12893233649204,-1,0,0.302,3,"0.76 to 0.99","Not Significant","0.20-0.39"
"E02002726","North East Lincolnshire 001",NA,516815,414318,53.6124,-0.23572,"bdf1889f-5556-4b2c-92b4-c6feb6001168",5,30.08,48.04,0.0075,0.0017,0.0131,"LargeCentralMetro",0,0,0,0,0,"Yorkshire and the Humber",8,"North East Lincolnshire 001",24,1,123,30,587,0.24,0.4804,0.3008,0.3008,8,0.75609756097561,93,70,640,640,1.25201041934466,1.0523937930685,1.47845075731305,2,1,0.995,6,"1.26 to 1.50","Significant Increase","0.80-1.00"
"E02002729","North East Lincolnshire 004",NA,524639,410474,53.5761,-0.11906,"2c556677-d74a-4b20-982d-2ae621a37a29",5,46.59,48.96,0.0037,0.002,0.015,"LargeCentralMetro",0,0,0,0,0,"Yorkshire and the Humber",5,"North East Lincolnshire 004",40,1,88,35,431,0.4,0.4896,0.4659,0.4659,5,0.602272727272727,53,50,641,641,1.15004643976167,0.943153227602455,1.38860043878221,1,0,0.914,6,"1.01 to 1.25","Not Significant","0.80-1.00"
"E02002732","North East Lincolnshire 007",NA,520896,409938,53.5722,-0.17576,"c6b966ef-d7d0-4bb5-840d-99861528efbd",4,13.12,49.1,0.014,0.0011,0.0128,"MediumMetro",0,1,0,0,0,"Yorkshire and the Humber",9,"North East Lincolnshire 007",52,1,160,83,888,0.52,0.491,0.1312,0.1312,9,0.48125,77,91,642,642,0.85829903478864,0.71640061664242,1.01997625543967,-1,0,0.041,2,"0.76 to 0.99","Not Significant","0.01-0.20"
"E02002737","North East Lincolnshire 012",NA,528716,408094,53.5537,-0.0585,"6a00ef82-652c-4173-8d82-cace6c9fa4e0",5,48.05,48.74,0.0164,0.002,0.0126,"LargeCentralMetro",0,0,0,0,0,"Yorkshire and the Humber",4,"North East Lincolnshire 012",34,1,154,52,956,0.34,0.4874,0.4805,0.4805,4,0.662337662337662,102,87,643,643,1.20473212116795,1.02308106255214,1.40917029927584,1,1,0.987,6,"1.01 to 1.25","Significant Increase","0.80-1.00"
"E02002740","North East Lincolnshire 015",NA,525155,407980,53.5536,-0.11227,"ba0df664-dcda-45e2-9aab-751a0845a513",7,48.41,51.44,0.0064,0.0114,0.0138,"LargeCentralMetro",0,0,0,0,0,"Yorkshire and the Humber",6,"North East Lincolnshire 015",13,1,126,16,762,0.13,0.5144,0.4841,0.4841,6,0.873015873015873,110,71,644,644,1.48100546234449,1.25808430072239,1.73197317319534,2,1,1,6,"1.26 to 1.50","Significant Increase","0.80-1.00"
"E02002741","North East Lincolnshire 016",NA,526801,407721,53.5508,-0.08754,"2187e0d4-b6b3-48ce-84d8-17aa4692eec5",5,46.81,48.23,0.0294,0.0119,0.0236,"LargeCentralMetro",0,0,0,0,0,"Yorkshire and the Humber",9,"North East Lincolnshire 016",35,1,141,49,790,0.35,0.4823,0.4681,0.4681,9,0.652482269503546,92,80,645,645,1.19841633632139,1.01247858594146,1.40842165143648,1,1,0.982,6,"1.01 to 1.25","Significant Increase","0.80-1.00"
"E02002743","North East Lincolnshire 018",NA,529689,407140,53.5449,-0.04422,"137e357b-9d29-4c4e-b7e4-6a8fc7d8ca10",6,47.59,51.14,0.0052,0.0031,0.0102,"LargeCentralMetro",0,0,0,0,0,"Yorkshire and the Humber",5,"North East Lincolnshire 018",29.16,2,166,48,1050,0.2916,0.5114,0.4759,0.4759,5,0.710843373493976,118,94,646,646,1.2675214859921,1.08446071352959,1.47248723574406,2,1,0.999,6,"1.26 to 1.50","Significant Increase","0.80-1.00"
"E02002745","North East Lincolnshire 020",NA,531997,405584,53.5304,-0.01007,"3d085b77-2045-4400-8c06-37ac9628ba6a",6,14.09,50.18,0.0082,0.0017,0.0102,"LargeCentralMetro",0,0,0,0,0,"Yorkshire and the Humber",8,"North East Lincolnshire 020",49,2,298,146,1694,0.49,0.5018,0.1409,0.1409,8,0.51006711409396,152,169,647,647,0.913234709698073,0.792924283655912,1.0465319546099,-1,0,0.093,2,"0.76 to 0.99","Not Significant","0.01-0.20"
"E02002747","North East Lincolnshire 022",NA,528835,405836,53.5334,-0.05764,"6b89e690-b6b2-4b5a-b177-d7ca71658852",3,15.32,50.71,0.0216,0.0066,0.0178,"LargeCentralMetro",0,0,0,0,0,"Yorkshire and the Humber",5,"North East Lincolnshire 022",44,1,359,158,2039,0.44,0.5071,0.1532,0.1532,5,0.559888579387187,201,204,648,648,0.967958966010083,0.851756853771424,1.09550961081405,-1,0,0.294,3,"0.76 to 0.99","Not Significant","0.20-0.39"
"E02002749","North Lincolnshire 001",NA,502658,420261,53.6688,-0.44767,"73ce4fd1-b36f-4cf8-b6b3-a9d52976ec27",6,26.71,47.55,0.0096,0.0023,0.0123,"LargeCentralMetro",0,0,0,0,0,"Yorkshire and the Humber",5,"North Lincolnshire 001",27,1,161,43,774,0.27,0.4755,0.2671,0.2671,5,0.732919254658385,118,91,649,649,1.22604434709162,1.04506563107963,1.42931327197776,1,1,0.994,6,"1.01 to 1.25","Significant Increase","0.80-1.00"
"E02002751","North Lincolnshire 003",NA,492293,421174,53.6789,-0.60422,"e08fbcb1-0961-4740-afcb-fe1ef2061c1e",6,27.59,46.33,0.0074,0.0017,0.0098,"MediumMetro",0,1,0,0,0,"Yorkshire and the Humber",5,"North Lincolnshire 003",25,1,87,22,518,0.25,0.4633,0.2759,0.2759,5,0.747126436781609,65,49,650,650,1.18527284006252,0.972255423185337,1.43120242616605,1,0,0.953,6,"1.01 to 1.25","Not Significant","0.80-1.00"
"E02002754","North Lincolnshire 006",NA,479880,414908,53.6246,-0.79371,"caf26734-77a7-4852-a829-dc4bbaeb5035",4,28.79,45.71,0.0047,0.0012,0.0082,"MediumMetro",0,1,0,0,0,"Yorkshire and the Humber",10,"North Lincolnshire 006",47,1,66,31,455,0.47,0.4571,0.2879,0.2879,10,0.53030303030303,35,37,651,651,1.00685348190647,0.806133080106174,1.2422580516888,0,0,0.502,4,"1.00-1.009 (null value)","Not Significant","0.40-0.59"
"E02002755","North Lincolnshire 007",NA,489686,412778,53.6039,-0.6461,"42c0ef2a-fb85-4ef3-b5f5-6af439396b69",10,35.67,46.84,0.1289,0.0158,0.0506,"LargeCentralMetro",0,0,0,0,0,"Yorkshire and the Humber",6,"North Lincolnshire 007",44.96,2,171,77,681,0.4496,0.4684,0.3567,0.3567,6,0.549707602339181,94,97,652,652,1.02608173164848,0.868734876738251,1.20350475773686,1,0,0.605,5,"1.01 to 1.25","Not Significant","0.60-0.79"
"E02002756","North Lincolnshire 008",NA,488859,411544,53.593,-0.65894,"dd636da1-6589-4d08-96a9-25bc8553a73c",9,24.65,46.84,0.1879,0.0284,0.0791,"LargeCentralMetro",0,0,0,0,0,"Yorkshire and the Humber",6,"North Lincolnshire 008",43,1,142,61,743,0.43,0.4684,0.2465,0.2465,6,0.570422535211268,81,81,653,653,0.990178108505131,0.827866322175151,1.17493196871824,-1,0,0.437,4,"0.76 to 0.99","Not Significant","0.40-0.59"
"E02002758","North Lincolnshire 010",NA,491114,410157,53.5801,-0.62529,"62e26a61-3646-4bf5-b7b0-28c57e817c65",8,34.95,51.45,0.0326,0.0039,0.0281,"LargeCentralMetro",0,0,0,0,0,"Yorkshire and the Humber",5,"North Lincolnshire 010",36,1,103,37,657,0.36,0.5145,0.3495,0.3495,5,0.640776699029126,66,58,654,654,1.13753113174685,0.940560628687156,1.36348098810302,1,0,0.905,6,"1.01 to 1.25","Not Significant","0.80-1.00"
"E02002759","North Lincolnshire 011",NA,501548,412551,53.5997,-0.46697,"5def8a5d-2144-4db0-aa95-e65e89c00ea0",6,21.62,51.28,0.0108,0.0019,0.0099,"MediumMetro",0,1,0,0,0,"Yorkshire and the Humber",6,"North Lincolnshire 011",47.24,2,222,105,1406,0.4724,0.5128,0.2162,0.2162,6,0.527027027027027,117,126,655,655,0.935721222489758,0.799985904742567,1.08778091400532,-1,0,0.187,2,"0.76 to 0.99","Not Significant","0.01-0.20"
"E02002760","North Lincolnshire 012",NA,488097,409792,53.5774,-0.67095,"c4f08692-fdc7-4a84-84d8-622a26c3eadd",8,46.83,51.25,0.0333,0.0033,0.0155,"LargeCentralMetro",0,0,0,0,0,"Yorkshire and the Humber",7,"North Lincolnshire 012",37,1,126,47,638,0.37,0.5125,0.4683,0.4683,7,0.626984126984127,79,71,656,656,1.18832199013867,0.996493899750065,1.4060828399602,1,0,0.973,6,"1.01 to 1.25","Not Significant","0.80-1.00"
"E02002762","North Lincolnshire 014",NA,489569,409284,53.5725,-0.64887,"539c74fc-1581-441d-8756-eb67f86e191d",9,20.47,48.38,0.0192,0.0025,0.013,"LargeCentralMetro",0,0,0,0,0,"Yorkshire and the Humber",4,"North Lincolnshire 014",52,1,127,66,678,0.52,0.4838,0.2047,0.2047,4,0.480314960629921,61,72,657,657,0.918514179405694,0.759341821007075,1.10101045942418,-1,0,0.172,2,"0.76 to 0.99","Not Significant","0.01-0.20"
"E02002766","North Lincolnshire 018",NA,490150,407630,53.5576,-0.64057,"31a0e898-1da3-428b-a447-d5c02ad2537f",7,22.27,49.04,0.0211,0.0037,0.0142,"LargeCentralMetro",0,0,0,0,0,"Yorkshire and the Humber",6,"North Lincolnshire 018",46,1,238,109,1252,0.46,0.4904,0.2227,0.2227,6,0.542016806722689,129,135,658,658,0.975317338165348,0.839326060035168,1.12694020660211,-1,0,0.355,3,"0.76 to 0.99","Not Significant","0.20-0.39"
"E02002768","North Lincolnshire 020",NA,477601,406576,53.5501,-0.83023,"e0044839-621e-4923-b174-03ebbee2bce9",2,14.37,51.52,0.0108,0.0025,0.0117,"MediumMetro",0,1,0,0,0,"Yorkshire and the Humber",8,"North Lincolnshire 020",52,1,167,87,823,0.52,0.5152,0.1437,0.1437,8,0.479041916167665,80,95,659,659,0.846694855317037,0.707863336927613,1.00470656313704,-1,0,0.028,2,"0.76 to 0.99","Not Significant","0.01-0.20"
"E02002775","York 004",NA,461141,455620,53.993,-1.06892,"4d34e45f-7c19-4dc7-aae2-a0913f033423",6,16.07,53.03,0.0129,0.0035,0.0144,"LargeCentralMetro",0,0,0,0,0,"Yorkshire and the Humber",7,"York 004",47.52,2,417,198,2740,0.4752,0.5303,0.1607,0.1607,7,0.525179856115108,219,237,660,660,0.929403500286139,0.822511816404782,1.04623774032746,-1,0,0.11,2,"0.76 to 0.99","Not Significant","0.01-0.20"
"E02002782","York 011",NA,454756,451493,53.9567,-1.16704,"5c949ac7-66d9-4fb5-8ac0-bb52661a3e0a",4,11.3,50.73,0.0121,0.0023,0.0138,"LargeCentralMetro",0,0,0,0,0,"Yorkshire and the Humber",6,"York 011",66,1,177,117,1023,0.66,0.5073,0.113,0.113,6,0.338983050847458,60,100,661,661,0.70536630360488,0.585270113943879,0.842610451813045,-2,-1,0,1,"0.51 to 0.75","Significant Decrease","<0.01"
"E02002785","York 014",NA,464106,452456,53.9642,-1.02437,"53980569-aab7-4bb5-960b-558339bc5275",4,18.13,50.83,0.0345,0.0067,0.0371,"LargeCentralMetro",0,0,0,0,0,"Yorkshire and the Humber",2,"York 014",54,1,182,98,1381,0.54,0.5083,0.1813,0.1813,2,0.461538461538462,84,103,662,662,0.836187048920133,0.702102213646896,0.988308676713446,-1,-1,0.018,2,"0.76 to 0.99","Significant Decrease","0.01-0.20"
"E02002788","York 017",NA,459296,451794,53.9589,-1.0978,"368b5ed0-dabe-4c0d-9a2d-e44486a2282d",4,18.41,49.5,0.0237,0.0049,0.0265,"LargeCentralMetro",0,0,0,0,0,"Yorkshire and the Humber",1,"York 017",39,1,201,78,996,0.39,0.495,0.1841,0.1841,1,0.611940298507463,123,114,663,663,1.0232743369746,0.874454566519064,1.19011558378306,1,0,0.599,4,"1.01 to 1.25","Not Significant","0.40-0.59"
"E02002797","Derby 002",NA,433475,338468,52.9426,-1.50331,"13c8cf32-1d36-4261-acea-e24f543c26bb",3,18.45,48.42,0.0268,0.005,0.0237,"LargeCentralMetro",0,0,0,0,0,"East Midlands",5,"Derby 002",51,1,206,105,1297,0.51,0.4842,0.1845,0.1845,5,0.490291262135922,101,117,664,664,0.880879575159968,0.747438894606588,1.031155074603,-1,0,0.056,2,"0.76 to 0.99","Not Significant","0.01-0.20"
"E02002800","Derby 005",NA,435059,338376,52.9417,-1.47975,"5bb9812f-68a7-4c58-b7e1-a2f77f53e8cb",5,30.69,53.17,0.0327,0.0157,0.0372,"LargeCentralMetro",0,0,0,0,0,"East Midlands",3,"Derby 005",33,1,202,67,1341,0.33,0.5317,0.3069,0.3069,3,0.668316831683168,135,115,665,665,1.12881767940768,0.970630643284992,1.30536598289802,1,0,0.941,6,"1.01 to 1.25","Not Significant","0.80-1.00"
"E02002803","Derby 008",NA,435435,337399,52.9328,-1.47426,"fccc7728-98d2-4be2-ab0c-8b562a380eb6",9,26.71,48.18,0.0585,0.0469,0.0548,"LargeCentralMetro",0,0,0,0,0,"East Midlands",2,"Derby 008",51,1,161,82,1096,0.51,0.4818,0.2671,0.2671,2,0.490683229813665,79,91,666,666,0.914865497222132,0.76655027360317,1.08334660303617,-1,0,0.146,2,"0.76 to 0.99","Not Significant","0.01-0.20"
"E02002805","Derby 010",NA,440125,336534,52.9247,-1.4046,"aec2bebe-f221-4dbd-8ef5-c29716f4e3ad",5,19.83,47.61,0.0089,0.0064,0.0138,"LargeCentralMetro",0,0,0,0,0,"East Midlands",6,"Derby 010",49,1,237,116,1277,0.49,0.4761,0.1983,0.1983,6,0.510548523206751,121,134,667,667,0.92575387617031,0.793964484074953,1.07304241558942,-1,0,0.148,2,"0.76 to 0.99","Not Significant","0.01-0.20"
"E02002810","Derby 015",NA,431248,335535,52.9164,-1.53673,"cc9635d1-1162-40a6-a118-94e2c28edbcd",3,37.96,49.51,0.0961,0.0254,0.0425,"LargeCentralMetro",0,0,0,0,0,"East Midlands",5,"Derby 015",29,1,137,40,810,0.29,0.4951,0.3796,0.3796,5,0.708029197080292,97,78,668,668,1.18785935963363,1.00168818363723,1.39854572409497,1,1,0.976,6,"1.01 to 1.25","Significant Increase","0.80-1.00"
"E02002816","Derby 021",NA,432067,333914,52.9017,-1.52471,"48a67653-be89-4fea-b97f-903b35c68a9a",3,11.11,49.47,0.3421,0.0336,0.1,"LargeCentralMetro",0,0,0,0,0,"East Midlands",9,"Derby 021",61,1,279,170,1789,0.61,0.4947,0.1111,0.1111,9,0.390681003584229,109,158,669,669,0.712855139826962,0.607836478762151,0.830700934745825,-2,-1,0,1,"0.51 to 0.75","Significant Decrease","<0.01"
"E02002830","Leicester 004",NA,456549,306745,52.6555,-1.16546,"9141e4a4-4051-4c62-be4e-e68747c5e624",7,40.62,48.91,0.2582,0.176,0.0854,"LargeCentralMetro",0,0,0,0,0,"East Midlands",7,"Leicester 004",34,1,192,65,1055,0.34,0.4891,0.4062,0.4062,7,0.661458333333333,127,109,670,670,1.16050868204754,0.996279623576445,1.34396493787945,1,0,0.972,6,"1.01 to 1.25","Not Significant","0.80-1.00"
"E02002833","Leicester 007",NA,460298,306731,52.655,-1.11004,"45a34897-ebb9-4fd5-9bd4-f4c965763c10",1,28.09,47.33,0.8421,0.0118,0.0428,"LargeCentralMetro",0,0,0,0,0,"East Midlands",3,"Leicester 007",59,1,267,158,1534,0.59,0.4733,0.2809,0.2809,3,0.408239700374532,109,151,671,671,0.778418029643846,0.66495501149887,0.905531631990307,-1,-1,0.001,1,"0.76 to 0.99","Significant Decrease","<0.01"
"E02002844","Leicester 018",NA,459670,304739,52.6371,-1.11969,"ba84abad-428e-4748-8d1b-de3ef41bc7d2",1,41.06,47.74,0.6883,0.1885,0.0753,"LargeCentralMetro",0,0,0,0,0,"East Midlands",1,"Leicester 018",34,1,207,70,1108,0.34,0.4774,0.4106,0.4106,1,0.661835748792271,137,117,672,672,1.13469962362481,0.976455503730678,1.31120228927324,1,0,0.95,6,"1.01 to 1.25","Not Significant","0.80-1.00"
"E02002847","Leicester 021",NA,461134,304255,52.6326,-1.09814,"2d5a291e-95f5-4c5d-8b9f-46c0da3f8b9b",1,29.06,45.24,0.8445,0.0214,0.081,"LargeCentralMetro",0,0,0,0,0,"East Midlands",4,"Leicester 021",32,1,234,75,1240,0.32,0.4524,0.2906,0.2906,4,0.67948717948718,159,133,673,673,1.11907482478063,0.969176662015691,1.28554152965666,1,0,0.936,6,"1.01 to 1.25","Not Significant","0.80-1.00"
"E02002853","Leicester 027",NA,460911,303091,52.6222,-1.10165,"1314ea77-2994-4d4c-ab57-29f2aebfa11b",2,30.51,50.33,0.7223,0.0502,0.0944,"LargeCentralMetro",0,0,0,0,0,"East Midlands",3,"Leicester 027",61.64,2,118,73,608,0.6164,0.5033,0.3051,0.3051,3,0.38135593220339,45,67,674,674,0.767513383102152,0.625017003612817,0.932569151997532,-1,-1,0.004,1,"0.76 to 0.99","Significant Decrease","<0.01"
"E02002854","Leicester 028",NA,456884,303116,52.6228,-1.16113,"92363e51-e164-47da-9caf-0c1aefe0c970",9,51.18,51.66,0.1012,0.076,0.0811,"LargeCentralMetro",0,0,0,0,0,"East Midlands",8,"Leicester 028",26,1,170,44,904,0.26,0.5166,0.5118,0.5118,8,0.741176470588235,126,96,675,675,1.30449488709652,1.11931406768279,1.51143599926388,2,1,1,6,"1.26 to 1.50","Significant Increase","0.80-1.00"
"E02002864","Rutland 002",NA,483350,312347,52.7024,-0.76792,"3425ec7b-250b-4014-ac28-621c561f6c00",3,12.99,50.8,0.0126,0.0058,0.0188,"LargeFringeMetro",1,0,0,0,0,"East Midlands",3,"Rutland 002",57,1,177,101,933,0.57,0.508,0.1299,0.1299,3,0.429378531073446,76,100,676,676,0.81305832648379,0.680084333201705,0.964274924717493,-1,-1,0.009,1,"0.76 to 0.99","Significant Decrease","<0.01"
"E02002866","Rutland 004",NA,498179,306892,52.6509,-0.55016,"03a74e26-765b-46f4-8769-bb242a8f8eb8",4,12,48.95,0.0084,0.0041,0.0182,"LargeCentralMetro",0,0,0,0,0,"East Midlands",10,"Rutland 004",59,1,150,88,711,0.59,0.4895,0.12,0.12,10,0.413333333333333,62,85,677,677,0.80493900803784,0.666820447399624,0.963040630728817,-1,-1,0.009,1,"0.76 to 0.99","Significant Decrease","<0.01"
"E02002867","Rutland 005",NA,486584,299764,52.5888,-0.72337,"6c98e982-fdd5-4a9a-b739-6887549bcc7c",3,8.9,50.45,0.0166,0.0054,0.0237,"Noncore",0,0,0,0,1,"East Midlands",8,"Rutland 005",58,1,146,85,886,0.58,0.5045,0.089,0.089,8,0.417808219178082,61,83,678,678,0.789507193281263,0.650971987835716,0.948652974277546,-1,-1,0.006,1,"0.76 to 0.99","Significant Decrease","<0.01"
"E02002884","Nottingham 017",NA,456453,341815,52.9707,-1.16083,"20c2b119-b3cf-4d94-a8c4-36ac80a9181d",5,50.43,45.81,0.3739,0.0772,0.1102,"LargeCentralMetro",0,0,0,0,0,"East Midlands",1,"Nottingham 017",37,1,117,43,740,0.37,0.4581,0.5043,0.5043,1,0.632478632478632,74,66,679,679,1.10792865972322,0.921501641575757,1.32090969150612,1,0,0.857,6,"1.01 to 1.25","Not Significant","0.80-1.00"
"E02002886","Nottingham 019",NA,454693,341140,52.9649,-1.18715,"56d5f0d0-31be-4456-ba26-60a21c736121",4,33.67,48.41,0.4442,0.0775,0.1026,"LargeCentralMetro",0,0,0,0,0,"East Midlands",2,"Nottingham 019",45,1,294,132,2293,0.45,0.4841,0.3367,0.3367,2,0.551020408163265,162,167,680,680,0.960242401128194,0.835463192688989,1.09831363181738,-1,0,0.268,3,"0.76 to 0.99","Not Significant","0.20-0.39"
"E02002887","Nottingham 020",NA,453187,341345,52.9669,-1.20954,"4889fa54-e8ca-48ff-b28d-82c4caf65354",9,40.54,63.26,0.1809,0.0554,0.0711,"LargeCentralMetro",0,0,0,0,0,"East Midlands",3,"Nottingham 020",39.05,3,370,144,2433,0.3905,0.6326,0.4054,0.4054,3,0.610810810810811,226,210,681,681,1.07593424884447,0.953371259221943,1.20978405241222,1,0,0.88,6,"1.01 to 1.25","Not Significant","0.80-1.00"
"E02002892","Nottingham 025",NA,451599,340494,52.9594,-1.23331,"654c2ab6-e990-4834-bc7d-b35b1557b0a5",6,55.97,47.71,0.136,0.0862,0.0961,"LargeCentralMetro",0,0,0,0,0,"East Midlands",6,"Nottingham 025",32,1,134,43,763,0.32,0.4771,0.5597,0.5597,6,0.67910447761194,91,76,682,682,1.21605698411614,1.02531219522401,1.43184400073747,1,1,0.988,6,"1.01 to 1.25","Significant Increase","0.80-1.00"
"E02002897","Nottingham 030",NA,451834,339316,52.9487,-1.23,"169e808b-7207-467f-ab61-727cfd0628cb",2,21.89,46.73,0.198,0.0243,0.0901,"LargeCentralMetro",0,0,0,0,0,"East Midlands",7,"Nottingham 030",51,1,201,103,1008,0.51,0.4673,0.2189,0.2189,7,0.487562189054726,98,114,683,683,0.857793081062655,0.725611483529762,1.00700204910989,-1,0,0.03,2,"0.76 to 0.99","Not Significant","0.01-0.20"
"E02002898","Nottingham 031",NA,455064,337575,52.9328,-1.18223,"b5716a5c-365d-4d0b-9967-74cc57abef5c",1,39.53,28.14,0.1621,0.0808,0.0944,"LargeCentralMetro",0,0,0,0,0,"East Midlands",6,"Nottingham 031",47,1,43,20,231,0.47,0.2814,0.3953,0.3953,6,0.534883720930233,23,24,684,684,1.02813457228879,0.807167265971751,1.29085670700765,1,0,0.567,4,"1.01 to 1.25","Not Significant","0.40-0.59"
"E02002905","Herefordshire 001",NA,340792,269522,52.3206,-2.87008,"69191dba-6a59-4015-8040-bf6666e266db",3,12.09,48.78,0.005,0.0008,0.0102,"Noncore",0,0,0,0,1,"West Midlands",10,"Herefordshire 001",54,1,91,49,451,0.54,0.4878,0.1209,0.1209,10,0.461538461538462,42,52,685,685,0.875027655782524,0.706310973617469,1.07175381478688,-1,0,0.095,2,"0.76 to 0.99","Not Significant","0.01-0.20"
"E02002907","Herefordshire 003",NA,349727,257342,52.212,-2.73718,"7c94c04a-d5cb-45ad-9d10-10429c482ecf",5,31.52,48.68,0.0107,0.0018,0.0181,"LargeFringeMetro",1,0,0,0,0,"West Midlands",6,"Herefordshire 003",29,1,92,27,532,0.29,0.4868,0.3152,0.3152,6,0.706521739130435,65,52,686,686,1.21409887864918,1.00091497601185,1.45920770218859,1,1,0.975,6,"1.01 to 1.25","Significant Increase","0.80-1.00"
"E02002909","Herefordshire 005",NA,364567,253617,52.1797,-2.51961,"8a651233-3a10-4fa1-8bc4-517b22d2f553",4,20.55,44.97,0.0073,0.0015,0.0126,"MediumMetro",0,1,0,0,0,"West Midlands",5,"Herefordshire 005",32,1,73,23,318,0.32,0.4497,0.2055,0.2055,5,0.684931506849315,50,41,687,687,1.063090429267,0.858331065263953,1.30215792350207,1,0,0.699,5,"1.01 to 1.25","Not Significant","0.60-0.79"
"E02002910","Herefordshire 006",NA,330788,254495,52.1843,-3.01374,"74acf090-c633-4f6c-a09c-2520b0d93f62",3,11.59,48.52,0.0085,0.0014,0.0113,"SmallMetro",0,0,1,0,0,"West Midlands",5,"Herefordshire 006",35,1,69,24,338,0.35,0.4852,0.1159,0.1159,5,0.652173913043478,45,39,688,688,1.01763505150679,0.81709750112748,1.25265439538462,1,0,0.541,4,"1.01 to 1.25","Not Significant","0.40-0.59"
"E02002911","Herefordshire 007",NA,344706,247097,52.1194,-2.80899,"e79731df-cf9e-4885-8aa4-0826b3e85e76",3,24.18,50.8,0.0067,0.0027,0.013,"SmallMetro",0,0,1,0,0,"West Midlands",9,"Herefordshire 007",48,1,91,44,500,0.48,0.508,0.2418,0.2418,9,0.516483516483517,47,52,689,689,0.974422590761725,0.792856839623117,1.18494645652178,-1,0,0.38,3,"0.76 to 0.99","Not Significant","0.20-0.39"
"E02002912","Herefordshire 008",NA,354693,244689,52.0987,-2.66282,"db753210-9748-45a9-82a0-1d41c373d297",4,11.33,52.93,0.0087,0.0021,0.0128,"Noncore",0,0,0,0,1,"West Midlands",9,"Herefordshire 008",61,1,150,92,752,0.61,0.5293,0.1133,0.1133,9,0.386666666666667,58,85,690,690,0.776294794145551,0.640262923763009,0.932465331536182,-1,-1,0.004,1,"0.76 to 0.99","Significant Decrease","<0.01"
"E02002914","Herefordshire 010",NA,349372,241261,52.0674,-2.73998,"eb32ac00-3d7c-44d0-b1e4-feb9704c7882",5,16.76,45.55,0.0065,0.0028,0.0148,"LargeFringeMetro",1,0,0,0,0,"West Midlands",3,"Herefordshire 010",38,1,173,66,865,0.38,0.4555,0.1676,0.1676,3,0.61849710982659,107,98,691,691,1.06175634456146,0.901192590291979,1.24260483850005,1,0,0.754,5,"1.01 to 1.25","Not Significant","0.60-0.79"
"E02002915","Herefordshire 011",NA,351388,242626,52.0798,-2.71077,"f658fb99-e0cf-4cb4-ade5-2173212fbf15",5,17.89,53.65,0.0265,0.0091,0.0213,"LargeFringeMetro",1,0,0,0,0,"West Midlands",3,"Herefordshire 011",32,1,95,30,384,0.32,0.5365,0.1789,0.1789,3,0.68421052631579,65,54,692,692,1.0981527026292,0.902080816514919,1.32425660911489,1,0,0.817,6,"1.01 to 1.25","Not Significant","0.80-1.00"
"E02002918","Herefordshire 014",NA,353040,239915,52.0556,-2.68629,"b42cf20c-47e0-4378-986d-3b8c504298ab",5,6.83,49.09,0.0198,0.0029,0.0171,"LargeFringeMetro",1,0,0,0,0,"West Midlands",5,"Herefordshire 014",57,1,205,117,1104,0.57,0.4909,0.0683,0.0683,5,0.429268292682927,88,116,693,693,0.804909574561611,0.678828327447071,0.94746635229144,-1,-1,0.005,1,"0.76 to 0.99","Significant Decrease","<0.01"
"E02002919","Herefordshire 015",NA,350622,238325,52.0411,-2.72132,"d7859b2d-fc38-4b1b-bc51-afe4e3c06d37",7,34.62,48.25,0.0208,0.0072,0.0237,"LargeFringeMetro",1,0,0,0,0,"West Midlands",6,"Herefordshire 015",27,1,104,28,686,0.27,0.4825,0.3462,0.3462,6,0.730769230769231,76,59,694,694,1.26344926768431,1.05154217802222,1.5054490283966,2,1,0.994,6,"1.26 to 1.50","Significant Increase","0.80-1.00"
"E02002923","Herefordshire 019",NA,372257,237217,52.0327,-2.40581,"b349724a-8e65-479e-a3b6-1bf666422c2a",3,17.81,48.93,0.0083,0.0022,0.0162,"SmallMetro",0,0,1,0,0,"West Midlands",6,"Herefordshire 019",58,1,146,85,842,0.58,0.4893,0.1781,0.1781,6,0.417808219178082,61,83,695,695,0.822468547103365,0.680693973984348,0.984849729695764,-1,-1,0.017,2,"0.76 to 0.99","Significant Decrease","0.01-0.20"
"E02002924","Herefordshire 020",NA,332946,235857,52.0171,-2.97851,"803be687-eb56-44c6-a753-40e5b376b17c",4,15.91,51.67,0.004,0.001,0.0127,"Noncore",0,0,0,0,1,"West Midlands",9,"Herefordshire 020",58,1,88,51,478,0.58,0.5167,0.1591,0.1591,9,0.420454545454545,37,50,696,696,0.85561938596831,0.688228411758842,1.05119679143472,-1,0,0.067,2,"0.76 to 0.99","Not Significant","0.01-0.20"
"E02002925","Herefordshire 021",NA,349156,229269,51.9596,-2.74135,"ec9c36ab-7414-44ab-9aa8-00e25a291067",3,12.86,48.82,0.0061,0.0028,0.013,"SmallMetro",0,0,1,0,0,"West Midlands",9,"Herefordshire 021",49,1,70,34,340,0.49,0.4882,0.1286,0.1286,9,0.514285714285714,36,40,697,697,0.927056302731362,0.741670490113219,1.14463966434725,-1,0,0.229,3,"0.76 to 0.99","Not Significant","0.20-0.39"
"E02002926","Herefordshire 022",NA,360416,224040,51.9135,-2.57689,"cc17b296-91f7-4bcc-8bec-8c89f21bdd4a",6,14.14,51.72,0.0077,0.0022,0.0166,"LargeFringeMetro",1,0,0,0,0,"West Midlands",5,"Herefordshire 022",42,1,198,83,1365,0.42,0.5172,0.1414,0.1414,5,0.580808080808081,115,112,698,698,1.01247586502863,0.863714257877493,1.17941493207479,1,0,0.545,4,"1.01 to 1.25","Not Significant","0.40-0.59"
"E02002942","Telford and Wrekin 015",NA,371788,310748,52.6937,-2.41886,"59813c30-e829-4ce0-ab5e-109103a9768f",5,37.25,54.29,0.1133,0.0206,0.043,"LargeCentralMetro",0,0,0,0,0,"West Midlands",4,"Telford and Wrekin 015",31,1,51,16,466,0.31,0.5429,0.3725,0.3725,4,0.686274509803922,35,29,699,699,1.12719416680121,0.897391186400669,1.39800426852147,1,0,0.842,6,"1.01 to 1.25","Not Significant","0.80-1.00"
"E02002944","Telford and Wrekin 017",NA,368823,307810,52.6671,-2.46245,"9dc1f470-15b0-44db-bf3e-2a5a20f14021",9,43,44.75,0.0343,0.0439,0.0367,"LargeCentralMetro",0,0,0,0,0,"West Midlands",9,"Telford and Wrekin 017",25,1,100,25,610,0.25,0.4475,0.43,0.43,9,0.75,75,57,700,700,1.31623456855435,1.09629407453701,1.56724042923242,2,1,0.999,6,"1.26 to 1.50","Significant Increase","0.80-1.00"
"E02002949","Telford and Wrekin 022",NA,369114,303902,52.632,-2.45778,"d4ae4eb6-d0f7-4b2c-bc8a-aa263966eaba",8,44.01,51.63,0.0177,0.0043,0.0241,"LargeCentralMetro",0,0,0,0,0,"West Midlands",7,"Telford and Wrekin 022",30.89,2,334,103,2090,0.3089,0.5163,0.4401,0.4401,7,0.691616766467066,231,189,701,701,1.23100215798096,1.09245319808348,1.38213625746735,1,1,1,6,"1.01 to 1.25","Significant Increase","0.80-1.00"
"E02002951","Stoke-on-Trent 001",NA,387263,353818,53.0815,-2.1916,"8d8c518c-3174-4634-98ae-7343f5093f31",8,42.2,49.22,0.0163,0.0089,0.0195,"LargeCentralMetro",0,0,0,0,0,"West Midlands",8,"Stoke-on-Trent 001",28,1,109,31,900,0.28,0.4922,0.422,0.422,8,0.715596330275229,78,62,702,702,1.26907758418025,1.06002152759359,1.50716781054615,2,1,0.995,6,"1.26 to 1.50","Significant Increase","0.80-1.00"
"E02002955","Stoke-on-Trent 005",NA,385868,350949,53.0556,-2.21229,"7671d63f-0fbe-4b38-9205-38d2e26c92cf",9,42.34,48.06,0.3104,0.0384,0.0557,"LargeCentralMetro",0,0,0,0,0,"West Midlands",6,"Stoke-on-Trent 005",23,1,137,32,774,0.23,0.4806,0.4234,0.4234,6,0.766423357664234,105,78,703,703,1.30286027812524,1.10446245843797,1.52652933579046,2,1,0.999,6,"1.26 to 1.50","Significant Increase","0.80-1.00"
"E02002956","Stoke-on-Trent 006",NA,387277,351277,53.0586,-2.19129,"feec7ca2-6659-4051-80bf-862f5937c970",8,28.39,52.04,0.0905,0.0213,0.0403,"LargeCentralMetro",0,0,0,0,0,"West Midlands",7,"Stoke-on-Trent 006",34.02,2,391,133,2277,0.3402,0.5204,0.2839,0.2839,7,0.659846547314578,258,222,704,704,1.14649694108912,1.02207745828205,1.28179546031938,1,1,0.99,6,"1.01 to 1.25","Significant Increase","0.80-1.00"
"E02002958","Stoke-on-Trent 008",NA,388883,350100,53.0481,-2.16728,"79238c20-2a4d-4e0a-9eda-3600c667f943",9,33.56,52.49,0.0527,0.0164,0.0355,"LargeCentralMetro",0,0,0,0,0,"West Midlands",6,"Stoke-on-Trent 008",36,1,146,53,884,0.36,0.5249,0.3356,0.3356,6,0.636986301369863,93,83,705,705,1.1237398896273,0.947950233509563,1.32255778338499,1,0,0.908,6,"1.01 to 1.25","Not Significant","0.80-1.00"
"E02002967","Stoke-on-Trent 017",NA,392237,345751,53.009,-2.11714,"cf53c4b3-ba4e-44f8-884c-254eee55ebe9",9,55.35,50.1,0.0177,0.0465,0.0277,"LargeCentralMetro",0,0,0,0,0,"West Midlands",9,"Stoke-on-Trent 017",23,1,159,37,1016,0.23,0.501,0.5535,0.5535,9,0.767295597484277,122,90,706,706,1.39061393816615,1.1931219186877,1.61127083070736,2,1,1,6,"1.26 to 1.50","Significant Increase","0.80-1.00"
"E02002970","Stoke-on-Trent 020",NA,389283,344670,52.9993,-2.16113,"73493f34-4931-4637-b5ee-89d73964df49",9,30.3,50.83,0.0563,0.0305,0.0323,"LargeCentralMetro",0,0,0,0,0,"West Midlands",5,"Stoke-on-Trent 020",25,1,165,41,960,0.25,0.5083,0.303,0.303,5,0.751515151515151,124,94,707,707,1.25518786188763,1.07342461841856,1.45885337985869,2,1,0.998,6,"1.26 to 1.50","Significant Increase","0.80-1.00"
"E02002973","Stoke-on-Trent 023",NA,386962,343847,52.9918,-2.19568,"f5ca791b-dc5f-481f-b3ff-5ae3f3595a8a",8,40.83,52.02,0.1288,0.0261,0.0404,"LargeCentralMetro",0,0,0,0,0,"West Midlands",6,"Stoke-on-Trent 023",27,1,120,32,642,0.27,0.5202,0.4083,0.4083,6,0.733333333333333,88,68,708,708,1.2582488767991,1.056204280495,1.48761274838227,2,1,0.995,6,"1.26 to 1.50","Significant Increase","0.80-1.00"
"E02002977","Stoke-on-Trent 027",NA,390229,342797,52.9824,-2.14698,"08ce5f0b-24c7-427d-bd17-b538dab0f274",9,24,49.9,0.0524,0.0172,0.0286,"LargeCentralMetro",0,0,0,0,0,"West Midlands",7,"Stoke-on-Trent 027",21,1,175,37,1020,0.21,0.499,0.24,0.24,7,0.788571428571429,138,99,709,709,1.29939740656443,1.1166688414664,1.50345830390445,2,1,1,6,"1.26 to 1.50","Significant Increase","0.80-1.00"
"E02002982","Stoke-on-Trent 032",NA,389279,341264,52.9686,-2.16108,"00abbc3f-0c55-4ad2-a51f-3bf660ff9a20",9,42.42,50,0.0555,0.019,0.0355,"LargeCentralMetro",0,0,0,0,0,"West Midlands",10,"Stoke-on-Trent 032",45,1,165,74,1060,0.45,0.5,0.4242,0.4242,10,0.551515151515152,91,94,710,710,1.06342061523426,0.900473349680893,1.24708118429726,1,0,0.757,5,"1.01 to 1.25","Not Significant","0.60-0.79"
"E02002985","Bath and North East Somerset 001",NA,364450,169049,51.4193,-2.51263,"df068edd-f63a-401b-ac28-8bf3147c4d16",5,25.71,48.97,0.0147,0.0084,0.0291,"LargeCentralMetro",0,0,0,0,0,"South West",4,"Bath and North East Somerset 001",34,1,105,36,439,0.34,0.4897,0.2571,0.2571,4,0.657142857142857,69,60,711,711,1.08459363559392,0.896116747395538,1.3010072162778,1,0,0.789,5,"1.01 to 1.25","Not Significant","0.60-0.79"
"E02002987","Bath and North East Somerset 003",NA,366729,167849,51.4087,-2.47974,"b0a8460f-fb09-465f-b286-ed0e9720397f",4,11.36,44.65,0.0166,0.0036,0.0198,"LargeCentralMetro",0,0,0,0,0,"South West",4,"Bath and North East Somerset 003",53.01,2,220,117,1494,0.5301,0.4465,0.1136,0.1136,4,0.468181818181818,103,125,712,712,0.840359920070757,0.713800971672694,0.982781091343381,-1,-1,0.015,2,"0.76 to 0.99","Significant Decrease","0.01-0.20"
"E02002992","Bath and North East Somerset 008",NA,372516,165618,51.3889,-2.39637,"88338362-616a-4a32-a654-5c1d7e23108c",4,17.65,57.43,0.0515,0.0169,0.0377,"LargeCentralMetro",0,0,0,0,0,"South West",7,"Bath and North East Somerset 008",42,1,136,57,1036,0.42,0.5743,0.1765,0.1765,7,0.580882352941177,79,77,713,713,0.974954510931188,0.812135297439555,1.16082266294081,-1,0,0.372,3,"0.76 to 0.99","Not Significant","0.20-0.39"
"E02003002","Bath and North East Somerset 018",NA,375965,162621,51.3621,-2.3466,"121c816f-58c9-47d5-9a86-d91f05746c55",5,17.61,48.17,0.0419,0.009,0.0507,"LargeCentralMetro",0,0,0,0,0,"South West",10,"Bath and North East Somerset 018",53,1,142,75,1150,0.53,0.4817,0.1761,0.1761,10,0.471830985915493,67,81,714,714,0.868827281178725,0.720955239212528,1.03796140439992,-1,0,0.059,2,"0.76 to 0.99","Not Significant","0.01-0.20"
"E02003003","Bath and North East Somerset 019",NA,373320,162606,51.3619,-2.38459,"a3337edb-5c73-4fcd-8e28-0c3b232b05e0",4,10.81,55.63,0.0579,0.0187,0.0522,"LargeCentralMetro",0,0,0,0,0,"South West",4,"Bath and North East Somerset 019",53,1,148,78,915,0.53,0.5563,0.1081,0.1081,4,0.472972972972973,70,84,715,715,0.818365759403657,0.678216553510182,0.978892835943821,-1,-1,0.014,2,"0.76 to 0.99","Significant Decrease","0.01-0.20"
"E02003008","Bath and North East Somerset 024",NA,368927,154781,51.2913,-2.447,"6a5ee5ce-30c9-493b-b29e-7037465ce938",8,18.57,48.64,0.0081,0.0062,0.0205,"LargeCentralMetro",0,0,0,0,0,"South West",9,"Bath and North East Somerset 024",36.15,2,237,86,1540,0.3615,0.4864,0.1857,0.1857,9,0.637130801687764,151,134,716,716,1.10266251063203,0.955092872325292,1.2664875865196,1,0,0.907,6,"1.01 to 1.25","Not Significant","0.80-1.00"
"E02003011","Bath and North East Somerset 027",NA,365896,153592,51.2804,-2.49035,"045bb409-c6ba-4a8b-8c2a-4db74a431a00",6,17.63,52.13,0.0097,0.002,0.0152,"LargeCentralMetro",0,0,0,0,0,"South West",3,"Bath and North East Somerset 027",53.76,2,329,177,2091,0.5376,0.5213,0.1763,0.1763,3,0.462006079027356,152,187,717,717,0.839578945674163,0.729635980450692,0.961294048543124,-1,-1,0.006,1,"0.76 to 0.99","Significant Decrease","<0.01"
"E02003013","Bristol 002",NA,358536,178546,51.5043,-2.59879,"f65c1396-45f0-4037-911e-1f9dd563072d",9,30.47,46.42,0.105,0.0725,0.0613,"LargeCentralMetro",0,0,0,0,0,"South West",1,"Bristol 002",40,1,128,51,838,0.4,0.4642,0.3047,0.3047,1,0.6015625,77,73,718,718,1.04654689023818,0.872536232480885,1.24500733220677,1,0,0.675,5,"1.01 to 1.25","Not Significant","0.60-0.79"
"E02003014","Bristol 003",NA,353792,179784,51.5151,-2.6673,"6c3f730d-e517-4fd9-ad8d-800584f32a95",9,27.99,51.82,0.0194,0.0409,0.0516,"LargeCentralMetro",0,0,0,0,0,"South West",4,"Bristol 003",46.74,2,293,137,1783,0.4674,0.5182,0.2799,0.2799,4,0.532423208191126,156,166,719,719,0.959001958959636,0.834081600424567,1.09723394943336,-1,0,0.262,3,"0.76 to 0.99","Not Significant","0.20-0.39"
"E02003016","Bristol 005",NA,360276,177463,51.4947,-2.5736,"7a2958b5-14d4-493e-891b-1d3854e5d13b",8,50.41,51.62,0.0943,0.1092,0.0804,"LargeCentralMetro",0,0,0,0,0,"South West",1,"Bristol 005",28,1,121,34,709,0.28,0.5162,0.5041,0.5041,1,0.71900826446281,87,69,720,720,1.23631638547454,1.03747852234171,1.46207282403518,1,1,0.991,6,"1.01 to 1.25","Significant Increase","0.80-1.00"
"E02003023","Bristol 012",NA,362060,176564,51.4867,-2.54781,"22c980b1-7ad4-4342-b02a-2d2ffbc03ebe",7,47.59,45.31,0.1254,0.0546,0.0699,"LargeCentralMetro",0,0,0,0,0,"South West",2,"Bristol 012",38,1,145,55,843,0.38,0.4531,0.4759,0.4759,2,0.620689655172414,90,82,721,721,1.12557843130827,0.948933690866478,1.32541328278047,1,0,0.911,6,"1.01 to 1.25","Not Significant","0.80-1.00"
"E02003025","Bristol 014",NA,361461,177055,51.4911,-2.55649,"b4e675e9-1075-4f0f-9aed-eaf6ef344917",8,37.6,46.01,0.1323,0.1264,0.0769,"LargeCentralMetro",0,0,0,0,0,"South West",1,"Bristol 014",50,1,125,62,852,0.5,0.4601,0.376,0.376,1,0.504,63,71,722,722,0.962459463401903,0.797237253119883,1.15162712622951,-1,0,0.324,3,"0.76 to 0.99","Not Significant","0.20-0.39"
"E02003031","Bristol 020",NA,359019,174940,51.4719,-2.59141,"a3fe635b-6cc6-4f9a-8672-de5b913af229",3,6.84,48.08,0.0333,0.0198,0.0632,"LargeCentralMetro",0,0,0,0,0,"South West",1,"Bristol 020",77,1,190,146,1406,0.77,0.4808,0.0684,0.0684,1,0.231578947368421,44,108,723,723,0.540083857054264,0.44307100061823,0.651740991381323,-2,-1,0,1,"0.51 to 0.75","Significant Decrease","<0.01"
"E02003032","Bristol 021",NA,363071,174926,51.4721,-2.53307,"eab58dd4-5513-48f8-93f9-07829f8d08e7",6,46.73,50.19,0.1282,0.0983,0.0831,"LargeCentralMetro",0,0,0,0,0,"South West",1,"Bristol 021",29,1,199,58,1032,0.29,0.5019,0.4673,0.4673,1,0.708542713567839,141,113,724,724,1.21327660725525,1.0465039435344,1.39898194606656,1,1,0.995,6,"1.01 to 1.25","Significant Increase","0.80-1.00"
"E02003033","Bristol 022",NA,358042,174334,51.4664,-2.60541,"99aad249-4920-48c0-b66b-35b98a8ba8a2",2,29.58,49.29,0.0511,0.0137,0.0668,"LargeCentralMetro",0,0,0,0,0,"South West",1,"Bristol 022",58,1,213,124,1487,0.58,0.4929,0.2958,0.2958,1,0.417840375586854,89,121,725,725,0.786758894975796,0.664330288564242,0.925053853797748,-1,-1,0.002,1,"0.76 to 0.99","Significant Decrease","<0.01"
"E02003054","Bristol 043",NA,361647,170413,51.4314,-2.55308,"2aaeccde-34ac-43fd-9d6a-0506cfcd3cfb",8,30.15,44.6,0.0407,0.0213,0.0456,"LargeCentralMetro",0,0,0,0,0,"South West",4,"Bristol 043",29,1,199,58,843,0.29,0.446,0.3015,0.3015,4,0.708542713567839,141,113,726,726,1.2002142983119,1.03457080220446,1.38476095445593,1,1,0.992,6,"1.01 to 1.25","Significant Increase","0.80-1.00"
"E02003057","Bristol 046",NA,356771,169510,51.4229,-2.62311,"08926f8f-cdf7-43f6-9487-5cd7a9392a6d",8,24.2,48.33,0.0191,0.0142,0.0352,"LargeCentralMetro",0,0,0,0,0,"South West",4,"Bristol 046",34,1,157,53,898,0.34,0.4833,0.242,0.242,4,0.662420382165605,104,89,727,727,1.11739412427213,0.946162119478563,1.31060829245843,1,0,0.902,6,"1.01 to 1.25","Not Significant","0.80-1.00"
"E02003058","Bristol 047",NA,360213,169051,51.4191,-2.57356,"b6b67370-ad84-4a0b-8bcd-870976efaf42",4,40.99,50.32,0.0349,0.0229,0.0372,"LargeCentralMetro",0,0,0,0,0,"South West",3,"Bristol 047",29.29,2,283,83,1546,0.2929,0.5032,0.4099,0.4099,3,0.706713780918728,200,161,728,728,1.21739702990954,1.07081956154927,1.37833891252667,1,1,0.999,6,"1.01 to 1.25","Significant Increase","0.80-1.00"
"E02003067","North Somerset 003",NA,346889,175655,51.4773,-2.76615,"0c7f4cc1-e36d-426a-9acf-9142a8496d93",5,12.41,49.35,0.0161,0.0028,0.0264,"LargeCentralMetro",0,0,0,0,0,"South West",6,"North Somerset 003",54,1,290,157,1844,0.54,0.4935,0.1241,0.1241,6,0.458620689655172,133,164,729,729,0.830684834999942,0.716240422536723,0.95810488688674,-1,-1,0.005,1,"0.76 to 0.99","Significant Decrease","<0.01"
"E02003068","North Somerset 004",NA,352966,175166,51.4735,-2.67858,"2ea5cfad-ea77-43f4-9c37-360fef150b62",4,21.32,49.07,0.0106,0.0047,0.0277,"Micropolitan",0,0,0,1,0,"South West",3,"North Somerset 004",39,1,136,53,756,0.39,0.4907,0.2132,0.2132,3,0.610294117647059,83,77,730,730,1.01852185914186,0.849493914975573,1.211318099863,1,0,0.562,4,"1.01 to 1.25","Not Significant","0.40-0.59"
"E02003069","North Somerset 005",NA,342051,171181,51.4366,-2.83507,"d27b560a-0b5a-4e2f-831b-6dcbfa8ccb1d",8,11.17,49.36,0.0072,0.0049,0.0141,"LargeCentralMetro",0,0,0,0,0,"South West",6,"North Somerset 005",37,1,197,73,1173,0.37,0.4936,0.1117,0.1117,6,0.629441624365482,124,112,731,731,1.05761792708399,0.904627256372927,1.2290169344328,1,0,0.75,5,"1.01 to 1.25","Not Significant","0.60-0.79"
"E02003073","North Somerset 009",NA,347499,169981,51.4264,-2.75652,"9185f11d-4af8-41ff-8e73-4ca309d8a358",4,9.88,51.81,0.0126,0.0038,0.0178,"LargeCentralMetro",0,0,0,0,0,"South West",5,"North Somerset 009",52,1,172,89,886,0.52,0.5181,0.0988,0.0988,5,0.482558139534884,83,98,732,732,0.850779198534985,0.713025649500918,1.0072940167493,-1,0,0.03,2,"0.76 to 0.99","Not Significant","0.01-0.20"
"E02003075","North Somerset 011",NA,350131,168165,51.4103,-2.71841,"5639b51f-16c5-4e15-b928-15fbcb26449c",3,11.83,52.21,0.0137,0.0035,0.0216,"MediumMetro",0,1,0,0,0,"South West",5,"North Somerset 011",64,1,262,168,1768,0.64,0.5221,0.1183,0.1183,5,0.358778625954198,94,149,733,733,0.681785440720994,0.577791045521672,0.798945848487454,-2,-1,0,1,"0.51 to 0.75","Significant Decrease","<0.01"
"E02003079","North Somerset 015",NA,336124,163552,51.3674,-2.91895,"82c1ab91-fb81-4bda-bbae-ff0c0713af0c",5,23.67,49.64,0.0137,0.0042,0.0189,"LargeCentralMetro",0,0,0,0,0,"South West",5,"North Somerset 015",33,1,245,81,1259,0.33,0.4964,0.2367,0.2367,5,0.669387755102041,164,139,734,734,1.13757058016968,0.989066956428737,1.30200257745433,1,0,0.964,6,"1.01 to 1.25","Not Significant","0.80-1.00"
"E02003085","North Somerset 021",NA,333095,160133,51.3363,-2.96181,"c973ca5f-ecfd-43fe-b837-b1824271e1b4",10,59.76,49.83,0.02,0.0085,0.0323,"LargeCentralMetro",0,0,0,0,0,"South West",3,"North Somerset 021",34,1,82,28,578,0.34,0.4983,0.5976,0.5976,3,0.658536585365854,54,47,735,735,1.27980606033319,1.05210673084038,1.54185481177644,2,1,0.993,6,"1.26 to 1.50","Significant Increase","0.80-1.00"
"E02003088","North Somerset 024",NA,346688,159427,51.3314,-2.7666,"1bad4c92-04a0-49b6-928f-20062b694b5d",4,14.08,50.73,0.009,0.0031,0.0199,"MediumMetro",0,1,0,0,0,"South West",8,"North Somerset 024",53,1,213,113,1447,0.53,0.5073,0.1408,0.1408,8,0.469483568075117,100,121,736,736,0.837859939041751,0.710073726604093,0.981899052735362,-1,-1,0.014,2,"0.76 to 0.99","Significant Decrease","0.01-0.20"
"E02003090","South Gloucestershire 001",NA,366954,192091,51.6267,-2.47879,"fbd6c9ca-323b-44fd-b5ad-95186b191b45",5,9.31,48.91,0.0138,0.0072,0.0259,"LargeCentralMetro",0,0,0,0,0,"South West",5,"South Gloucestershire 001",55,1,247,136,1654,0.55,0.4891,0.0931,0.0931,5,0.449392712550607,111,140,737,737,0.811626833877048,0.692574166595562,0.945160444141897,-1,-1,0.004,1,"0.76 to 0.99","Significant Decrease","<0.01"
"E02003091","South Gloucestershire 002",NA,366854,188109,51.5909,-2.47985,"547b00ba-3d53-42e7-8926-bb03078f1afd",4,11.29,46.77,0.0097,0.003,0.0174,"LargeCentralMetro",0,0,0,0,0,"South West",7,"South Gloucestershire 002",50,1,124,62,635,0.5,0.4677,0.1129,0.1129,7,0.5,62,70,738,738,0.891295658215498,0.734598460636212,1.07143849472177,-1,0,0.106,2,"0.76 to 0.99","Not Significant","0.01-0.20"
"E02003095","South Gloucestershire 006",NA,371970,183888,51.5532,-2.40567,"f6e26607-eb16-4a74-a1b1-3e242c6237dd",6,10.06,49.58,0.0179,0.0096,0.025,"LargeCentralMetro",0,0,0,0,0,"South West",7,"South Gloucestershire 006",49,1,169,83,958,0.49,0.4958,0.1006,0.1006,7,0.50887573964497,86,96,739,739,0.895078528231418,0.751492336141273,1.0580224867462,-1,0,0.094,2,"0.76 to 0.99","Not Significant","0.01-0.20"
"E02003108","South Gloucestershire 019",NA,368643,178276,51.5025,-2.45315,"326671df-814e-4135-b3c4-02b4ea805325",4,19.71,47.99,0.0338,0.021,0.0376,"LargeCentralMetro",0,0,0,0,0,"South West",3,"South Gloucestershire 019",33,1,208,69,1146,0.33,0.4799,0.1971,0.1971,3,0.668269230769231,139,118,740,740,1.10268030889815,0.948226120009014,1.27508149545573,1,0,0.895,6,"1.01 to 1.25","Not Significant","0.80-1.00"
"E02003111","South Gloucestershire 022",NA,365102,176878,51.4898,-2.50403,"68505f8c-1b71-4319-ab06-6c978ac35a50",4,9.77,51.76,0.0372,0.0201,0.0312,"LargeCentralMetro",0,0,0,0,0,"South West",10,"South Gloucestershire 022",47,1,133,63,1051,0.47,0.5176,0.0977,0.0977,10,0.526315789473684,70,75,741,741,0.91138191510304,0.754952265756384,1.09062507524239,-1,0,0.15,2,"0.76 to 0.99","Not Significant","0.01-0.20"
"E02003117","South Gloucestershire 028",NA,364521,173048,51.4553,-2.51201,"98d53e76-b01b-4c87-97d0-ab498c7e5231",5,21.33,49.41,0.0312,0.021,0.0408,"LargeCentralMetro",0,0,0,0,0,"South West",2,"South Gloucestershire 028",44,1,150,66,1261,0.44,0.4941,0.2133,0.2133,2,0.56,84,85,742,742,0.962212429082996,0.805532539237815,1.14041228561636,-1,0,0.315,3,"0.76 to 0.99","Not Significant","0.20-0.39"
"E02003118","South Gloucestershire 029",NA,366864,172971,51.4547,-2.47828,"907ae1fa-beaf-4273-8d3b-3eb04c64683a",5,39.39,36.94,0.0167,0.0094,0.0263,"LargeCentralMetro",0,0,0,0,0,"South West",3,"South Gloucestershire 029",26,1,66,17,157,0.26,0.3694,0.3939,0.3939,3,0.742424242424242,49,37,743,743,1.25244639535688,1.01505450712205,1.52873095393686,2,1,0.982,6,"1.26 to 1.50","Significant Increase","0.80-1.00"
"E02003119","South Gloucestershire 030",NA,367717,171953,51.4456,-2.46591,"ea69c48a-b923-43ab-8cd4-519fa31c998e",6,15.43,49.57,0.0135,0.0076,0.0229,"LargeCentralMetro",0,0,0,0,0,"South West",2,"South Gloucestershire 030",35,1,188,66,1035,0.35,0.4957,0.1543,0.1543,2,0.648936170212766,122,107,744,744,1.06793683353017,0.91149443769037,1.24349174801972,1,0,0.785,5,"1.01 to 1.25","Not Significant","0.60-0.79"
"E02003120","South Gloucestershire 031",NA,364150,171394,51.4404,-2.51718,"f59cee8c-11d3-4ff0-b677-10c01a1bfcf3",6,17.9,46.56,0.0192,0.0073,0.0247,"LargeCentralMetro",0,0,0,0,0,"South West",5,"South Gloucestershire 031",26,1,162,42,857,0.26,0.4656,0.179,0.179,5,0.740740740740741,120,92,745,745,1.19384253288516,1.01670402239878,1.39296395820875,1,1,0.985,6,"1.01 to 1.25","Significant Increase","0.80-1.00"
"E02003126","Plymouth 005",NA,250392,59527,50.4165,-4.1072,"fa380071-ce9a-45fc-8fa3-e1e6e0913225",7,30.34,49.14,0.0245,0.007,0.0209,"LargeCentralMetro",0,0,0,0,0,"South West",10,"Plymouth 005",22,1,178,39,1223,0.22,0.4914,0.3034,0.3034,10,0.780898876404494,139,101,746,746,1.31451894970083,1.13174215960597,1.51833708454531,2,1,1,6,"1.26 to 1.50","Significant Increase","0.80-1.00"
"E02003128","Plymouth 007",NA,247448,59043,50.4114,-4.14841,"4973eb0c-c3eb-4a52-a996-4fcb90fc23d3",9,46.84,43.87,0.0208,0.0069,0.0197,"LargeCentralMetro",0,0,0,0,0,"South West",10,"Plymouth 007",18,1,79,14,718,0.18,0.4387,0.4684,0.4684,10,0.822784810126582,65,45,747,747,1.43194923511279,1.18213841437321,1.71885288574386,2,1,1,6,"1.26 to 1.50","Significant Increase","0.80-1.00"
"E02003132","Plymouth 011",NA,247124,57454,50.397,-4.15232,"8d738685-8af5-443e-882b-c0d1472084cd",8,43.38,51.3,0.0284,0.0041,0.0213,"LargeCentralMetro",0,0,0,0,0,"South West",5,"Plymouth 011",10,1,136,14,846,0.1,0.513,0.4338,0.4338,5,0.897058823529412,122,77,748,748,1.48350280618846,1.26624217526447,1.72730102718997,2,1,1,6,"1.26 to 1.50","Significant Increase","0.80-1.00"
"E02003133","Plymouth 012",NA,249768,57083,50.3944,-4.115,"279cc98a-8cb6-4dd7-bb80-4c683b1857af",8,24.05,44.89,0.01,0.0049,0.0184,"LargeCentralMetro",0,0,0,0,0,"South West",3,"Plymouth 012",22,1,158,35,969,0.22,0.4489,0.2405,0.2405,3,0.778481012658228,123,90,749,749,1.26703020274095,1.08132333857496,1.47545292522506,2,1,0.998,6,"1.26 to 1.50","Significant Increase","0.80-1.00"
"E02003136","Plymouth 015",NA,253509,57351,50.3977,-4.06251,"b842ae81-89f3-423e-82c5-9936226c5664",6,17.11,49.82,0.0052,0.0006,0.015,"LargeCentralMetro",0,0,0,0,0,"South West",4,"Plymouth 015",41.05,2,298,122,1979,0.4105,0.4982,0.1711,0.1711,4,0.590604026845638,176,169,750,750,1.02084485044492,0.891824812359198,1.1632021656251,1,0,0.606,5,"1.01 to 1.25","Not Significant","0.60-0.79"
"E02003142","Plymouth 021",NA,250122,55833,50.3832,-4.10952,"94e46819-423d-4a3c-a143-c18024b157c2",9,38.69,51.8,0.0168,0.0065,0.0275,"LargeCentralMetro",0,0,0,0,0,"South West",5,"Plymouth 021",27,1,168,45,1085,0.27,0.518,0.3869,0.3869,5,0.732142857142857,123,95,751,751,1.26671433099607,1.08448760808203,1.47069908200028,2,1,0.999,6,"1.26 to 1.50","Significant Increase","0.80-1.00"
"E02003145","Plymouth 024",NA,246560,55671,50.3809,-4.15952,"ee39e6b5-50f5-4e01-ae66-359421f29132",9,48.2,47.65,0.0381,0.012,0.0349,"LargeCentralMetro",0,0,0,0,0,"South West",8,"Plymouth 024",18,2,222,40,1404,0.18,0.4765,0.482,0.482,8,0.81981981981982,182,126,752,752,1.42541904288454,1.24794453031857,1.62093187951842,2,1,1,6,"1.26 to 1.50","Significant Increase","0.80-1.00"
"E02003153","Plymouth 032",NA,251665,52571,50.3543,-4.08655,"c98b851d-8d75-468f-9640-6ee4df6b033a",4,18.46,48.76,0.0043,0.01,0.0149,"LargeCentralMetro",0,0,0,0,0,"South West",8,"Plymouth 032",48.48,2,390,189,2531,0.4848,0.4876,0.1846,0.1846,8,0.515384615384615,201,221,753,753,0.921589952675103,0.812276803490237,1.04141385553753,-1,0,0.093,2,"0.76 to 0.99","Not Significant","0.01-0.20"
"E02003155","Torbay 002",NA,292143,67196,50.4946,-3.52199,"0077ebd6-2a31-4ad7-bdf2-5566def70c57",8,34.31,54.78,0.0173,0.002,0.0156,"LargeFringeMetro",1,0,0,0,0,"South West",7,"Torbay 002",34,1,137,47,920,0.34,0.5478,0.3431,0.3431,7,0.656934306569343,90,78,754,754,1.18177203932401,0.995969129265009,1.39202022042004,1,0,0.972,6,"1.01 to 1.25","Not Significant","0.80-1.00"
"E02003157","Torbay 004",NA,290856,65634,50.4803,-3.53967,"3da020ee-8ccd-4b7f-b62d-f247b21ff5fc",9,36.64,42.1,0.0273,0.007,0.0259,"LargeFringeMetro",1,0,0,0,0,"South West",8,"Torbay 004",50,1,131,66,1202,0.5,0.421,0.3664,0.3664,8,0.49618320610687,65,74,755,755,1.0335109186369,0.861261044575647,1.22976003245867,1,0,0.624,5,"1.01 to 1.25","Not Significant","0.60-0.79"
"E02003158","Torbay 005",NA,292444,65205,50.4767,-3.51718,"304b249d-7946-4df9-836c-324fba7e1788",8,42.28,51.01,0.0134,0.0045,0.0203,"LargeFringeMetro",1,0,0,0,0,"South West",4,"Torbay 005",30,1,149,45,892,0.3,0.5101,0.4228,0.4228,4,0.697986577181208,104,85,756,756,1.24913610382085,1.06146100009171,1.46027191771068,1,1,0.996,6,"1.01 to 1.25","Significant Increase","0.80-1.00"
"E02003166","Torbay 013",NA,286265,60066,50.4294,-3.60266,"b03e8df2-875f-466f-b0a3-05640d2641a3",8,30.98,47.13,0.011,0.0019,0.0205,"LargeFringeMetro",1,0,0,0,0,"South West",4,"Torbay 013",23,1,184,42,1324,0.23,0.4713,0.3098,0.3098,4,0.771739130434783,142,104,757,757,1.31795064853686,1.13657983432316,1.51994837809152,2,1,1,6,"1.26 to 1.50","Significant Increase","0.80-1.00"
"E02003170","Torbay 017",NA,293554,56362,50.3974,-3.49902,"c2b819f7-b4e9-426c-86bd-f36f37b987ee",6,16.46,49.95,0.0071,0.0032,0.0153,"LargeFringeMetro",1,0,0,0,0,"South West",10,"Torbay 017",40,1,158,63,1073,0.4,0.4995,0.1646,0.1646,10,0.60126582278481,95,90,758,758,1.05605690968986,0.891636992892204,1.24190325499721,1,0,0.726,5,"1.01 to 1.25","Not Significant","0.60-0.79"
"E02003176","Bournemouth, Christchurch and Poole 010",NA,406065,95122,50.7556,-1.91538,"9c7692f8-65ac-4798-80b0-5abd9b4c0ffb",8,33.52,46.61,0.02,0.0085,0.0415,"LargeCentralMetro",0,0,0,0,0,"South West",9,"Bournemouth, Christchurch and Poole 010",23.38,2,176,41,1019,0.2338,0.4661,0.3352,0.3352,9,0.767045454545455,135,100,759,759,1.29630900152821,1.11457466656836,1.49915137239642,2,1,1,6,"1.26 to 1.50","Significant Increase","0.80-1.00"
"E02003178","Bournemouth, Christchurch and Poole 011",NA,407006,94770,50.7525,-1.90204,"568b91a9-9bdd-4d11-9125-00df1a2450ff",6,32.51,71.06,0.0312,0.0118,0.0463,"LargeCentralMetro",0,0,0,0,0,"South West",9,"Bournemouth, Christchurch and Poole 011",43.07,2,243,105,1510,0.4307,0.7106,0.3251,0.3251,9,0.567901234567901,138,138,760,760,1.00471328224522,0.866947057609578,1.15803941568399,0,0,0.51,4,"1.00-1.009 (null value)","Not Significant","0.40-0.59"
"E02003179","Bournemouth, Christchurch and Poole 012",NA,411918,94747,50.7522,-1.83242,"2a2f521a-cf88-4f21-9ef5-c791f1247bc8",7,23.45,41.66,0.0611,0.0172,0.0643,"LargeCentralMetro",0,0,0,0,0,"South West",10,"Bournemouth, Christchurch and Poole 012",52,1,145,75,1013,0.52,0.4166,0.2345,0.2345,10,0.482758620689655,70,82,761,761,0.912586244097221,0.759862559585107,1.086825488511,-1,0,0.147,2,"0.76 to 0.99","Not Significant","0.01-0.20"
"E02003182","Bournemouth, Christchurch and Poole 020",NA,412289,93444,50.7405,-1.8272,"079d649b-5f9e-4d82-b4fa-40cee92a64be",4,28.72,86.01,0.0529,0.0161,0.0447,"LargeCentralMetro",0,0,0,0,0,"South West",10,"Bournemouth, Christchurch and Poole 020",28,1,195,55,1258,0.28,0.8601,0.2872,0.2872,10,0.717948717948718,140,111,762,762,1.16497688004225,1.00074939566817,1.34843061564192,1,1,0.976,6,"1.01 to 1.25","Significant Increase","0.80-1.00"
"E02003196","Bournemouth, Christchurch and Poole 004",NA,400426,96154,50.765,-1.99532,"309a8d1b-f425-407b-8730-f2ca104fb217",5,8.61,51.45,0.0228,0.002,0.0176,"LargeCentralMetro",0,0,0,0,0,"South West",4,"Bournemouth, Christchurch and Poole 004",37,1,302,112,1135,0.37,0.5145,0.0861,0.0861,4,0.629139072847682,190,171,763,763,1.05356690862249,0.922527526041048,1.19794166362391,1,0,0.773,5,"1.01 to 1.25","Not Significant","0.60-0.79"
"E02003198","Bournemouth, Christchurch and Poole 016",NA,402695,94060,50.7461,-1.96316,"9429143a-35ae-431e-be3c-8b401abbfd11",6,29.49,49.29,0.025,0.005,0.0225,"LargeCentralMetro",0,0,0,0,0,"South West",10,"Bournemouth, Christchurch and Poole 016",40,1,78,31,775,0.4,0.4929,0.2949,0.2949,10,0.602564102564103,47,44,764,764,1.09304847018907,0.887766508691781,1.33146534486751,1,0,0.79,5,"1.01 to 1.25","Not Significant","0.60-0.79"
"E02003200","Bournemouth, Christchurch and Poole 022",NA,405514,93753,50.7434,-1.92321,"eda8875a-3047-401a-b6fc-8d8ad2b2a4fb",7,50.82,44.41,0.0271,0.0078,0.0342,"LargeCentralMetro",0,0,0,0,0,"South West",10,"Bournemouth, Christchurch and Poole 022",30,1,61,18,322,0.3,0.4441,0.5082,0.5082,10,0.704918032786885,43,35,765,765,1.30976050554718,1.06065718499252,1.59958833613779,2,1,0.994,6,"1.26 to 1.50","Significant Increase","0.80-1.00"
"E02003204","Bournemouth, Christchurch and Poole 030",NA,402777,92351,50.7308,-1.96201,"4bd9fea7-067b-4b20-bb8c-36858ca12060",7,14.69,50.09,0.024,0.0044,0.0278,"LargeCentralMetro",0,0,0,0,0,"South West",10,"Bournemouth, Christchurch and Poole 030",50,1,177,88,1062,0.5,0.5009,0.1469,0.1469,10,0.502824858757062,89,100,766,766,0.915084861156017,0.771064906348892,1.07806841337947,-1,0,0.139,2,"0.76 to 0.99","Not Significant","0.01-0.20"
"E02003209","Bournemouth, Christchurch and Poole 046",NA,399971,90508,50.7142,-2.00177,"3b1512dd-0737-4dda-aa86-49c6dfbac1e4",7,43.1,53.97,0.0168,0.0038,0.0196,"LargeCentralMetro",0,0,0,0,0,"South West",10,"Bournemouth, Christchurch and Poole 046",26,1,58,15,315,0.26,0.5397,0.431,0.431,10,0.741379310344828,43,33,767,767,1.29356230876843,1.04375308496981,1.58509336554742,2,1,0.991,6,"1.26 to 1.50","Significant Increase","0.80-1.00"
"E02003217","Swindon 006",NA,413405,187262,51.5841,-1.80791,"e63c2f46-8915-4c35-a366-95d3b6ac0de0",8,25.17,48.88,0.0509,0.0337,0.0367,"LargeCentralMetro",0,0,0,0,0,"South West",7,"Swindon 006",39,1,147,57,759,0.39,0.4888,0.2517,0.2517,7,0.612244897959184,90,83,768,768,1.07304206080749,0.902775717123598,1.26599578035788,1,0,0.78,5,"1.01 to 1.25","Not Significant","0.60-0.79"
"E02003228","Swindon 017",NA,416135,184887,51.5626,-1.76862,"453b4119-0bc6-4bbb-9cb9-4cac54124586",5,14.48,51.57,0.311,0.029,0.042,"LargeCentralMetro",0,0,0,0,0,"South West",2,"Swindon 017",44,2,221,97,1309,0.44,0.5157,0.1448,0.1448,2,0.561085972850679,124,125,769,769,0.950815811411535,0.813391664958317,1.10475536632459,-1,0,0.246,3,"0.76 to 0.99","Not Significant","0.20-0.39"
"E02003229","Swindon 018",NA,410739,184381,51.5582,-1.84648,"34c74c1a-e69d-47a4-9da5-d6993d1a7923",6,25.88,46.26,0.0563,0.0175,0.0581,"LargeCentralMetro",0,0,0,0,0,"South West",3,"Swindon 018",42,1,170,71,1109,0.42,0.4626,0.2588,0.2588,3,0.582352941176471,99,96,770,770,1.0073417600945,0.851583232516721,1.18327209763774,0,0,0.517,4,"1.00-1.009 (null value)","Not Significant","0.40-0.59"
"E02003232","Swindon 021",NA,414374,183677,51.5518,-1.79407,"658b4386-a8ea-4996-ba9f-ee50ededff1a",6,19.47,50.04,0.0787,0.0235,0.0498,"LargeCentralMetro",0,0,0,0,0,"South West",5,"Swindon 021",37,1,226,84,1379,0.37,0.5004,0.1947,0.1947,5,0.628318584070796,142,128,771,771,1.0589989593011,0.912842623474297,1.22184171155246,1,0,0.768,5,"1.01 to 1.25","Not Significant","0.60-0.79"
"E02003234","Swindon 023",NA,418666,183741,51.5522,-1.73217,"7f7d7ddf-d01b-4f42-9227-67a17e98376a",6,31.21,48.81,0.093,0.0233,0.0403,"LargeCentralMetro",0,0,0,0,0,"South West",7,"Swindon 023",22,1,157,35,842,0.22,0.4881,0.3121,0.3121,7,0.777070063694268,122,89,772,772,1.28117795335959,1.09348039117506,1.49181323388255,2,1,0.999,6,"1.26 to 1.50","Significant Increase","0.80-1.00"
"E02003236","Swindon 025",NA,415497,179902,51.5178,-1.77804,"f35debde-7b10-4642-a594-1624ec593de8",7,14.97,51.37,0.052,0.0173,0.0304,"MediumMetro",0,1,0,0,0,"South West",8,"Swindon 025",53,1,187,99,1310,0.53,0.5137,0.1497,0.1497,8,0.470588235294118,88,106,773,773,0.849765489709778,0.715168251540272,1.00222029738458,-1,0,0.026,2,"0.76 to 0.99","Not Significant","0.01-0.20"
"E02003237","Peterborough 001",NA,513988,306389,52.6433,-0.31674,"fb81a5a0-941b-4579-b004-afe133774f1c",6,15.62,49.42,0.0268,0.0094,0.0258,"Micropolitan",0,0,0,1,0,"East of England",10,"Peterborough 001",50,1,256,128,1625,0.5,0.4942,0.1562,0.1562,10,0.5,128,145,774,774,0.901670218663659,0.775077011202852,1.04293041595437,-1,0,0.08,2,"0.76 to 0.99","Not Significant","0.01-0.20"
"E02003255","Peterborough 019",NA,521214,296795,52.5555,-0.21351,"6e6fff91-1c05-4716-a86a-674e445066a5",5,32.16,50.93,0.0597,0.0433,0.0443,"LargeCentralMetro",0,0,0,0,0,"East of England",5,"Peterborough 019",29,1,227,66,1400,0.29,0.5093,0.3216,0.3216,5,0.709251101321586,161,129,775,775,1.19895044725518,1.04119283983362,1.3737816780279,1,1,0.994,6,"1.01 to 1.25","Significant Increase","0.80-1.00"
"E02003257","Peterborough 021",NA,515659,295372,52.5439,-0.2959,"0f2b1201-f7d5-4433-8d99-96b78559549f",8,38.62,51.63,0.0338,0.0745,0.0707,"LargeCentralMetro",0,0,0,0,0,"East of England",6,"Peterborough 021",36,1,145,52,858,0.36,0.5163,0.3862,0.3862,6,0.641379310344828,93,82,776,776,1.12910949866395,0.952061303572496,1.32942346397974,1,0,0.917,6,"1.01 to 1.25","Not Significant","0.80-1.00"
"E02003258","Luton 001",NA,507346,225826,51.9206,-0.44048,"d4bfee4a-c1a1-4cb9-986c-d37c8974531f",2,24.27,49.36,0.1995,0.0857,0.0604,"LargeCentralMetro",0,0,0,0,0,"East of England",8,"Luton 001",43,1,239,103,1558,0.43,0.4936,0.2427,0.2427,8,0.569037656903766,136,136,777,777,0.985054311503069,0.84852249971864,1.13721542174912,-1,0,0.405,4,"0.76 to 0.99","Not Significant","0.40-0.59"
"E02003259","Luton 002",NA,505295,225542,51.9185,-0.47038,"334e3a9a-9859-4e10-a0dc-c7ee13f1ed80",4,35.54,47.89,0.1565,0.1402,0.0769,"LargeCentralMetro",0,0,0,0,0,"East of England",6,"Luton 002",36,1,121,44,950,0.36,0.4789,0.3554,0.3554,6,0.636363636363636,77,69,778,778,1.09085545820873,0.908801399108585,1.29861920892871,1,0,0.818,6,"1.01 to 1.25","Not Significant","0.80-1.00"
"E02003264","Luton 007",NA,508685,224072,51.9046,-0.42157,"5e9285f3-7826-45a1-97a2-6949f7ed2151",2,27.37,49.44,0.4583,0.0614,0.0769,"LargeCentralMetro",0,0,0,0,0,"East of England",6,"Luton 007",38,1,274,104,1428,0.38,0.4944,0.2737,0.2737,6,0.62043795620438,170,155,779,779,1.05507831484044,0.918965104534164,1.20560217582071,1,0,0.77,5,"1.01 to 1.25","Not Significant","0.60-0.79"
"E02003266","Luton 009",NA,504069,223659,51.9018,-0.48877,"67fe87d3-132f-4209-8d28-041ab707438a",5,35.02,43.73,0.2681,0.1497,0.0857,"LargeCentralMetro",0,0,0,0,0,"East of England",6,"Luton 009",31,1,257,80,1420,0.31,0.4373,0.3502,0.3502,6,0.688715953307393,177,146,780,780,1.17824239840047,1.0291088075111,1.34282638129609,1,1,0.991,6,"1.01 to 1.25","Significant Increase","0.80-1.00"
"E02003267","Luton 010",NA,507978,223189,51.8968,-0.43212,"e1388450-8a60-4834-b97a-e75b75fbbe01",2,36.07,47.74,0.7665,0.0423,0.0577,"LargeCentralMetro",0,0,0,0,0,"East of England",1,"Luton 010",44,1,219,96,1127,0.44,0.4774,0.3607,0.3607,1,0.561643835616438,123,124,781,781,0.990853182748424,0.84887916836708,1.14967860011029,-1,0,0.437,4,"0.76 to 0.99","Not Significant","0.40-0.59"
"E02003273","Luton 016",NA,510763,221495,51.881,-0.39221,"f27b69ea-3012-4863-a743-1fa9f36d8fef",3,32.68,49.12,0.2233,0.1154,0.0784,"LargeCentralMetro",0,0,0,0,0,"East of England",3,"Luton 016",29,1,205,59,1246,0.29,0.4912,0.3268,0.3268,3,0.71219512195122,146,116,782,782,1.17959296387536,1.01731407009,1.36035183198733,1,1,0.986,6,"1.01 to 1.25","Significant Increase","0.80-1.00"
"E02003277","Luton 020",NA,507894,220391,51.8717,-0.43422,"a1f44bf3-43a6-4276-a8ae-be334210411d",5,40.91,48.14,0.2999,0.107,0.1037,"LargeCentralMetro",0,0,0,0,0,"East of England",6,"Luton 020",25,1,220,55,1344,0.25,0.4814,0.4091,0.4091,6,0.75,165,125,783,783,1.25585692605732,1.091433548791,1.43798720925897,2,1,0.999,6,"1.26 to 1.50","Significant Increase","0.80-1.00"
"E02003279","Southend-on-Sea 001",NA,583786,188981,51.5698,0.650547,"770fb8df-09a9-4b9e-a3a3-e353727d0a54",5,16.77,47.27,0.0283,0.0124,0.0226,"LargeCentralMetro",0,0,0,0,0,"East of England",3,"Southend-on-Sea 001",63,1,161,101,880,0.63,0.4727,0.1677,0.1677,3,0.372670807453416,60,91,784,784,0.757624205673688,0.627831293118941,0.906112729828966,-1,-1,0.001,1,"0.76 to 0.99","Significant Decrease","<0.01"
"E02003282","Southend-on-Sea 004",NA,586800,187293,51.5536,0.69309,"b5995a94-07fb-43b6-9d8e-319b3b0fffe4",7,47.64,47.1,0.1082,0.0317,0.0423,"LargeCentralMetro",0,0,0,0,0,"East of England",1,"Southend-on-Sea 004",17,1,191,32,1087,0.17,0.471,0.4764,0.4764,1,0.832460732984293,159,108,785,785,1.41053443331622,1.2237967597199,1.61762366215132,2,1,1,6,"1.26 to 1.50","Significant Increase","0.80-1.00"
"E02003286","Southend-on-Sea 008",NA,582908,186492,51.5477,0.636598,"037432ce-5e4f-4f2b-81bd-d612a2feada0",3,18.7,49.81,0.0161,0.0051,0.0266,"LargeCentralMetro",0,0,0,0,0,"East of England",3,"Southend-on-Sea 008",38,1,230,87,1325,0.38,0.4981,0.187,0.187,3,0.621739130434783,143,130,786,786,1.04609520478874,0.90185337579906,1.20679114175163,1,0,0.715,5,"1.01 to 1.25","Not Significant","0.60-0.79"
"E02003295","Southend-on-Sea 017",NA,592689,185305,51.5338,0.776842,"837fa258-4300-46b6-9533-185bf259280b",5,36.3,48.82,0.0402,0.0251,0.034,"LargeCentralMetro",0,0,0,0,0,"East of England",7,"Southend-on-Sea 017",35,1,270,94,1694,0.35,0.4882,0.363,0.363,7,0.651851851851852,176,153,787,787,1.14670570303552,1.00270644085005,1.30546783010379,1,1,0.977,6,"1.01 to 1.25","Significant Increase","0.80-1.00"
"E02003300","Thurrock 005",NA,570468,182096,51.5121,0.455244,"0c700e53-c323-44bb-b1bd-d96a34dfae89",2,22.11,45.43,0.0319,0.045,0.0306,"LargeCentralMetro",0,0,0,0,0,"East of England",10,"Thurrock 005",51,1,199,101,1105,0.51,0.4543,0.2211,0.2211,10,0.492462311557789,98,113,788,788,0.905964957218312,0.768319641254613,1.06100369819815,-1,0,0.107,2,"0.76 to 0.99","Not Significant","0.01-0.20"
"E02003303","Thurrock 008",NA,555570,180081,51.4983,0.239844,"279391b9-93da-4d66-8938-f5e0dad5f097",4,49.25,42.22,0.0592,0.1096,0.0441,"MediumMetro",0,1,0,0,0,"East of England",9,"Thurrock 008",22,1,67,15,540,0.22,0.4222,0.4925,0.4925,9,0.776119402985075,52,38,789,789,1.31114460203097,1.06601107075548,1.59577258890292,2,1,0.995,6,"1.26 to 1.50","Significant Increase","0.80-1.00"
"E02003304","Thurrock 009",NA,561531,180745,51.5026,0.325951,"1310256b-e5b7-4ce0-874f-2b31096b917d",4,17.6,44.24,0.0841,0.0663,0.0407,"LargeCentralMetro",0,0,0,0,0,"East of England",10,"Thurrock 009",43,1,233,100,1198,0.43,0.4424,0.176,0.176,10,0.570815450643777,133,132,790,790,0.997398029949828,0.858269768893244,1.15256182279913,-1,0,0.47,4,"0.76 to 0.99","Not Significant","0.40-0.59"
"E02003307","Thurrock 012",NA,564744,179359,51.4892,0.371556,"7383b63d-5cb6-4783-840a-0649dc75143b",6,50.92,48.19,0.0411,0.1035,0.0434,"LargeCentralMetro",0,0,0,0,0,"East of England",2,"Thurrock 012",31,1,163,51,996,0.31,0.4819,0.5092,0.5092,2,0.687116564417178,112,92,791,791,1.23390069945808,1.05274510781968,1.43713053145533,1,1,0.995,6,"1.01 to 1.25","Significant Increase","0.80-1.00"
"E02003309","Thurrock 014",NA,562652,178447,51.4816,0.34103,"08d9641a-2e71-43d9-8b03-5b97b261d287",3,35.48,37.2,0.0989,0.0832,0.0485,"LargeCentralMetro",0,0,0,0,0,"East of England",3,"Thurrock 014",33,1,124,41,715,0.33,0.372,0.3548,0.3548,3,0.669354838709677,83,70,792,792,1.14801484191298,0.960033097979726,1.36199093499554,1,0,0.933,6,"1.01 to 1.25","Not Significant","0.80-1.00"
"E02003321","Medway 008",NA,572575,169046,51.3942,0.479215,"3edd291f-cb34-4bcf-8b0b-681caa61404a",6,27.62,53.12,0.0424,0.0519,0.0416,"LargeCentralMetro",0,0,0,0,0,"South East",6,"Medway 008",19,1,210,40,1331,0.19,0.5312,0.2762,0.2762,6,0.80952380952381,170,119,793,793,1.32746437243513,1.15404743169728,1.5195340045056,2,1,1,6,"1.26 to 1.50","Significant Increase","0.80-1.00"
"E02003325","Medway 012",NA,577353,168185,51.385,0.547392,"e7667ab8-9ac8-4f91-a817-1ba24a95c63b",8,40.88,45.15,0.1272,0.0976,0.0739,"LargeCentralMetro",0,0,0,0,0,"South East",2,"Medway 012",18,1,181,33,1216,0.18,0.4515,0.4088,0.4088,2,0.81767955801105,148,103,794,794,1.35468675827361,1.16957436120713,1.5607155588028,2,1,1,6,"1.26 to 1.50","Significant Increase","0.80-1.00"
"E02003332","Medway 019",NA,578634,167009,51.374,0.56519,"ca891a28-d240-4e95-900e-37c7bcc41c65",7,39.31,50.69,0.0694,0.0557,0.0395,"LargeCentralMetro",0,0,0,0,0,"South East",4,"Medway 019",9,1,173,16,1012,0.09,0.5069,0.3931,0.3931,4,0.907514450867052,157,98,795,795,1.48464220779286,1.28478604625118,1.70672703701649,2,1,1,6,"1.26 to 1.50","Significant Increase","0.80-1.00"
"E02003334","Medway 021",NA,575376,166596,51.3713,0.518226,"c730d83b-3d86-4762-92c5-c18b3ce4112b",7,34.51,48.79,0.1499,0.0715,0.0652,"LargeCentralMetro",0,0,0,0,0,"South East",2,"Medway 021",22,1,113,25,826,0.22,0.4879,0.3451,0.3451,2,0.778761061946903,88,64,796,796,1.24581245077067,1.04141964385826,1.47864003414852,1,1,0.992,6,"1.01 to 1.25","Significant Increase","0.80-1.00"
"E02003335","Medway 022",NA,576534,166617,51.3712,0.534856,"9e03d42e-559d-4b86-bb2d-546319c05ce9",6,54.74,51.4,0.058,0.1265,0.064,"LargeCentralMetro",0,0,0,0,0,"South East",3,"Medway 022",35,1,95,33,679,0.35,0.514,0.5474,0.5474,3,0.652631578947368,62,54,797,797,1.20014994961401,0.991126428296031,1.44003922334059,1,0,0.969,6,"1.01 to 1.25","Not Significant","0.80-1.00"
"E02003339","Medway 026",NA,574641,165432,51.3611,0.507107,"a05065ec-e968-4425-98ad-7e4f8065f564",8,32.97,50.09,0.1378,0.0477,0.0463,"LargeCentralMetro",0,0,0,0,0,"South East",10,"Medway 026",22,1,185,41,1116,0.22,0.5009,0.3297,0.3297,10,0.778378378378378,144,105,798,798,1.31244703252606,1.13228941458452,1.51304688894404,2,1,1,6,"1.26 to 1.50","Significant Increase","0.80-1.00"
"E02003342","Medway 029",NA,581215,165538,51.36,0.601483,"d8b24d20-2697-472f-bc14-f7cba8a3d8bb",4,22.11,51.87,0.036,0.0164,0.0251,"LargeCentralMetro",0,0,0,0,0,"South East",10,"Medway 029",29.65,2,475,141,3071,0.2965,0.5187,0.2211,0.2211,10,0.703157894736842,334,269,799,799,1.20966993151191,1.09105581056524,1.33758326836312,1,1,1,6,"1.01 to 1.25","Significant Increase","0.80-1.00"
"E02003354","Bracknell Forest 003",NA,487677,170212,51.4241,-0.74035,"76d6b943-8ef1-436a-8b45-968a2fa8e120",4,19.85,49.48,0.0642,0.0156,0.0412,"LargeCentralMetro",0,0,0,0,0,"South East",5,"Bracknell Forest 003",34,1,272,92,1649,0.34,0.4948,0.1985,0.1985,5,0.661764705882353,180,154,800,800,1.11090317692995,0.970054819159712,1.26639061881569,1,0,0.935,6,"1.01 to 1.25","Not Significant","0.80-1.00"
"E02003358","Bracknell Forest 007",NA,486910,168623,51.41,-0.75177,"2a05ab55-0ab4-44db-95d5-16f63af54323",6,19.75,51.08,0.106,0.0406,0.0631,"LargeCentralMetro",0,0,0,0,0,"South East",1,"Bracknell Forest 007",47.17,2,314,148,1991,0.4717,0.5108,0.1975,0.1975,1,0.528662420382166,166,178,801,801,0.918131972162522,0.799711761615522,1.04906760424487,-1,0,0.102,2,"0.76 to 0.99","Not Significant","0.01-0.20"
"E02003370","West Berkshire 004",NA,464351,174546,51.4662,-1.075,"728dbd5e-02cc-4c50-bb9a-37eb56259f14",3,18.9,53.26,0.0464,0.0218,0.0433,"LargeCentralMetro",0,0,0,0,0,"South East",5,"West Berkshire 004",38,1,164,62,1057,0.38,0.5326,0.189,0.189,5,0.621951219512195,102,93,802,802,1.02325033826449,0.864262475985306,1.20299796717011,1,0,0.59,4,"1.01 to 1.25","Not Significant","0.40-0.59"
"E02003371","West Berkshire 005",NA,465895,174319,51.464,-1.05281,"459e0a7b-300b-4e44-8ef6-5c7d0bef8ac6",4,14.8,52.64,0.0407,0.0146,0.0318,"LargeCentralMetro",0,0,0,0,0,"South East",2,"West Berkshire 005",48,1,250,120,1647,0.48,0.5264,0.148,0.148,2,0.52,130,142,803,803,0.898552782575431,0.771849836302456,1.04004467454401,-1,0,0.074,2,"0.76 to 0.99","Not Significant","0.01-0.20"
"E02003378","West Berkshire 012",NA,447295,169188,51.4197,-1.32122,"35f112f5-7c37-4f3e-8c4e-8414801f084f",5,26.28,49.18,0.0451,0.0099,0.033,"LargeCentralMetro",0,0,0,0,0,"South East",3,"West Berkshire 012",28,1,137,38,915,0.28,0.4918,0.2628,0.2628,3,0.722627737226277,99,78,804,804,1.16841893810986,0.984338919833282,1.37693478183254,1,0,0.962,6,"1.01 to 1.25","Not Significant","0.80-1.00"
"E02003381","West Berkshire 015",NA,467297,168838,51.4146,-1.03368,"84137647-b363-4592-b990-8b062f12f763",2,13.86,49.16,0.0284,0.0111,0.0348,"MediumMetro",0,1,0,0,0,"South East",6,"West Berkshire 015",57,1,166,95,1013,0.57,0.4916,0.1386,0.1386,6,0.427710843373494,71,94,805,805,0.774889178875706,0.644087056097738,0.924348382485699,-1,-1,0.002,1,"0.76 to 0.99","Significant Decrease","<0.01"
"E02003383","West Berkshire 017",NA,452747,168135,51.4098,-1.24298,"881fa096-36f1-4f37-935d-0cb7453843e8",4,15.27,48.67,0.0305,0.0078,0.0256,"LargeCentralMetro",0,0,0,0,0,"South East",2,"West Berkshire 017",46,1,262,121,1732,0.46,0.4867,0.1527,0.1527,2,0.538167938931298,141,149,806,806,0.928543526178284,0.8013008006826,1.07017282264152,-1,0,0.148,2,"0.76 to 0.99","Not Significant","0.01-0.20"
"E02003387","West Berkshire 021",NA,446265,165577,51.3874,-1.3365,"a88880c3-ae2a-451f-a464-fb20b8db616b",4,9.5,49.91,0.0264,0.0073,0.0237,"LargeCentralMetro",0,0,0,0,0,"South East",3,"West Berkshire 021",65,1,242,157,1741,0.65,0.4991,0.095,0.095,3,0.351239669421488,85,137,807,807,0.686211658091212,0.579019285151577,0.807322735572258,-2,-1,0,1,"0.51 to 0.75","Significant Decrease","<0.01"
"E02003390","Reading 002",NA,470213,175823,51.477,-0.99037,"699b9f9e-a853-4808-b6ea-abfdee37ff87",3,12.92,47.6,0.0703,0.0107,0.0454,"LargeCentralMetro",0,0,0,0,0,"South East",5,"Reading 002",59,1,209,123,1271,0.59,0.476,0.1292,0.1292,5,0.411483253588517,86,119,808,808,0.761064320056313,0.640908878381478,0.897069507783137,-1,-1,0.001,1,"0.76 to 0.99","Significant Decrease","<0.01"
"E02003400","Reading 012",NA,473420,172564,51.4473,-0.94488,"b6c4307c-b24b-4102-b25c-f07275cfbc47",2,28.57,28.99,0.1884,0.0519,0.0729,"LargeCentralMetro",0,0,0,0,0,"South East",1,"Reading 012",50,2,56,28,745,0.5,0.2899,0.2857,0.2857,1,0.5,28,32,809,809,0.922249621782474,0.730065846877657,1.14945445803778,-1,0,0.224,3,"0.76 to 0.99","Not Significant","0.20-0.39"
"E02003403","Reading 015",NA,468761,172038,51.4432,-1.01201,"9541092a-34a0-47c3-a1a4-9a9f56c2d9ca",6,33.51,46.25,0.1426,0.0823,0.0739,"LargeCentralMetro",0,0,0,0,0,"South East",2,"Reading 015",31,3,370,115,2389,0.31,0.4625,0.3351,0.3351,2,0.689189189189189,255,210,810,810,1.18062991822888,1.05111784937106,1.32161086041027,1,1,0.998,6,"1.01 to 1.25","Significant Increase","0.80-1.00"
"E02003411","Slough 005",NA,498794,181437,51.5232,-0.57738,"b6b53bf0-f750-42e1-a046-2dcee0829917",2,49.36,36.8,0.5531,0.0641,0.1133,"LargeCentralMetro",0,0,0,0,0,"South East",8,"Slough 005",21,1,156,33,856,0.21,0.368,0.4936,0.4936,8,0.788461538461538,123,88,811,811,1.31757165430597,1.12522568579935,1.53331745113511,2,1,1,6,"1.26 to 1.50","Significant Increase","0.80-1.00"
"E02003414","Slough 008",NA,494953,179706,51.5083,-0.63319,"97b25689-d171-4988-8b42-b31f7dbd7c3b",2,20.75,60.39,0.4169,0.0843,0.1049,"LargeCentralMetro",0,0,0,0,0,"South East",4,"Slough 008",52,2,159,83,1227,0.52,0.6039,0.2075,0.2075,4,0.477987421383648,76,90,812,812,0.81765942552693,0.680156694903266,0.974758532568242,-1,-1,0.012,2,"0.76 to 0.99","Significant Decrease","0.01-0.20"
"E02003415","Slough 009",NA,496838,179540,51.5065,-0.60608,"ef1a87c2-ac16-46df-9f6e-6da370d862ad",2,35.63,36.96,0.5208,0.0964,0.0918,"LargeCentralMetro",0,0,0,0,0,"South East",2,"Slough 009",37,1,174,64,1131,0.37,0.3696,0.3563,0.3563,2,0.632183908045977,110,99,813,813,1.07032281662682,0.909476556950185,1.25135856377973,1,0,0.786,5,"1.01 to 1.25","Not Significant","0.60-0.79"
"E02003418","Slough 012",NA,500525,178890,51.5,-0.55316,"faefd043-6e4c-4388-9bb8-78b67602c47c",2,34.46,46.14,0.4744,0.0637,0.1075,"LargeCentralMetro",0,0,0,0,0,"South East",2,"Slough 012",36,1,177,64,1127,0.36,0.4614,0.3446,0.3446,2,0.638418079096045,113,100,814,814,1.05772044044688,0.898742876888532,1.23668988695036,1,0,0.741,5,"1.01 to 1.25","Not Significant","0.60-0.79"
"E02003421","Windsor and Maidenhead 001",NA,486538,182585,51.5355,-0.7537,"99bff857-7abb-4581-8258-2ca8acfaebdb",2,11.89,38.69,0.2107,0.0127,0.0488,"LargeCentralMetro",0,0,0,0,0,"South East",5,"Windsor and Maidenhead 001",46,1,185,85,1238,0.46,0.3869,0.1189,0.1189,5,0.540540540540541,100,105,815,815,0.91513348729813,0.773259871133513,1.07545438865176,-1,0,0.136,2,"0.76 to 0.99","Not Significant","0.01-0.20"
"E02003426","Windsor and Maidenhead 006",NA,486276,181025,51.5216,-0.75786,"a797cd31-6ab2-4394-a020-8efe4baa9146",2,19.87,81.98,0.1111,0.0109,0.0481,"LargeCentralMetro",0,0,0,0,0,"South East",3,"Windsor and Maidenhead 006",59.57,2,302,180,1720,0.5957,0.8198,0.1987,0.1987,3,0.403973509933775,122,171,816,816,0.72992347664212,0.625877090334709,0.846223862783253,-2,-1,0,1,"0.51 to 0.75","Significant Decrease","<0.01"
"E02003428","Windsor and Maidenhead 008",NA,486859,178604,51.4997,-0.75006,"df899eb6-54cc-4a8c-beb9-16071169123c",2,12.5,47.99,0.1229,0.0133,0.0535,"LargeCentralMetro",0,0,0,0,0,"South East",5,"Windsor and Maidenhead 008",57,1,144,82,946,0.57,0.4799,0.125,0.125,5,0.430555555555556,62,82,817,817,0.779571362838284,0.643388776488255,0.935953407051316,-1,-1,0.004,1,"0.76 to 0.99","Significant Decrease","<0.01"
"E02003429","Windsor and Maidenhead 009",NA,490079,176862,51.4836,-0.70412,"950b626d-1a68-4248-b36c-2a46cbed5921",2,9.2,45.33,0.1282,0.0174,0.0465,"LargeCentralMetro",0,0,0,0,0,"South East",7,"Windsor and Maidenhead 009",62,1,87,54,353,0.62,0.4533,0.092,0.092,7,0.379310344827586,33,49,818,818,0.753244488949384,0.60312918354381,0.929227369285744,-1,-1,0.004,1,"0.76 to 0.99","Significant Decrease","<0.01"
"E02003431","Windsor and Maidenhead 011",NA,500520,176173,51.4756,-0.554,"6cb47007-abcd-41e4-a4c9-e86e6518ee50",4,38.83,53.12,0.2224,0.013,0.0743,"MediumMetro",0,1,0,0,0,"South East",7,"Windsor and Maidenhead 011",24,1,103,25,369,0.24,0.5312,0.3883,0.3883,7,0.757281553398058,78,58,819,819,1.19047236669413,0.986207503386361,1.42467462246767,1,0,0.965,6,"1.01 to 1.25","Not Significant","0.80-1.00"
"E02003438","Windsor and Maidenhead 018",NA,494047,167402,51.3979,-0.64951,"dc46de20-98d9-45cf-b645-42a6e6b72661",1,8.26,46.3,0.0757,0.0111,0.0534,"LargeCentralMetro",0,0,0,0,0,"South East",4,"Windsor and Maidenhead 018",58,1,242,140,1689,0.58,0.463,0.0826,0.0826,4,0.421487603305785,102,137,820,820,0.751248997037569,0.637365405732849,0.879522438966086,-1,-1,0,1,"0.76 to 0.99","Significant Decrease","<0.01"
"E02003442","Wokingham 004",NA,478480,173908,51.4587,-0.87178,"c702c232-52f4-44ba-930a-5ac3da810dde",1,13.06,52.75,0.0901,0.0175,0.0453,"LargeCentralMetro",0,0,0,0,0,"South East",6,"Wokingham 004",50,1,222,111,1327,0.5,0.5275,0.1306,0.1306,6,0.5,111,126,821,821,0.861177655245561,0.73289544655663,1.00538666797864,-1,0,0.029,2,"0.76 to 0.99","Not Significant","0.01-0.20"
"E02003444","Wokingham 006",NA,474863,171565,51.4381,-0.92433,"624a6cd4-e950-48d1-a39b-fb3b602cb234",2,10.11,48.79,0.3568,0.0334,0.0579,"LargeCentralMetro",0,0,0,0,0,"South East",7,"Wokingham 006",62,1,277,172,1773,0.62,0.4879,0.1011,0.1011,7,0.379061371841155,105,157,822,822,0.706580966704978,0.602011829224589,0.823966081263177,-2,-1,0,1,"0.51 to 0.75","Significant Decrease","<0.01"
"E02003461","Milton Keynes 003",NA,486369,244210,52.0895,-0.74079,"e5096361-fadf-486f-a8c2-573e1e283d3d",6,14.99,50.52,0.0335,0.0215,0.0305,"LargeCentralMetro",0,0,0,0,0,"South East",3,"Milton Keynes 003",56,1,347,194,2203,0.56,0.5052,0.1499,0.1499,3,0.440922190201729,153,197,823,823,0.802225817233367,0.697446888506653,0.91819146896233,-1,-1,0.001,1,"0.76 to 0.99","Significant Decrease","<0.01"
"E02003468","Milton Keynes 010",NA,479625,240971,52.0614,-0.83996,"f669e231-c71a-4535-a73c-36b227dbea8f",3,36.76,49.8,0.08,0.047,0.0502,"LargeCentralMetro",0,0,0,0,0,"South East",2,"Milton Keynes 010",40,1,185,74,1225,0.4,0.498,0.3676,0.3676,2,0.6,111,105,824,824,1.04894868396637,0.89347005709876,1.22360501764207,1,0,0.71,5,"1.01 to 1.25","Not Significant","0.60-0.79"
"E02003476","Milton Keynes 018",NA,486737,237206,52.0265,-0.7372,"8d542f14-eac6-476c-93d3-6bef8a7c36da",7,50.21,49.96,0.1215,0.2326,0.0672,"LargeCentralMetro",0,0,0,0,0,"South East",3,"Milton Keynes 018",21,1,233,49,1255,0.21,0.4996,0.5021,0.5021,3,0.789699570815451,184,132,825,825,1.36940262885886,1.1990682204986,1.55703431993005,2,1,1,6,"1.26 to 1.50","Significant Increase","0.80-1.00"
"E02003478","Milton Keynes 020",NA,483670,237208,52.027,-0.78189,"87b42020-fe99-4871-9520-7dea7dde9ef7",2,17.35,48.88,0.1826,0.0601,0.0721,"LargeCentralMetro",0,0,0,0,0,"South East",4,"Milton Keynes 020",56,1,196,110,1561,0.56,0.4888,0.1735,0.1735,4,0.438775510204082,86,111,826,826,0.791479101308652,0.665358757668233,0.934447293354375,-1,-1,0.003,1,"0.76 to 0.99","Significant Decrease","<0.01"
"E02003479","Milton Keynes 021",NA,485290,237329,52.0278,-0.75825,"e2ae4ad9-b2f2-48f4-a897-3357c61fb8aa",6,24.64,48.47,0.2035,0.1435,0.0816,"LargeCentralMetro",0,0,0,0,0,"South East",4,"Milton Keynes 021",43,1,280,120,1793,0.43,0.4847,0.2464,0.2464,4,0.571428571428571,160,159,827,827,0.990915149705254,0.861315922767646,1.13442347068694,-1,0,0.434,4,"0.76 to 0.99","Not Significant","0.40-0.59"
"E02003480","Milton Keynes 022",NA,489709,235783,52.0132,-0.69427,"527d944e-3244-4f4a-bc0f-9c1c38f20d25",4,22.41,49.97,0.0826,0.0772,0.0579,"LargeCentralMetro",0,0,0,0,0,"South East",6,"Milton Keynes 022",41,1,241,99,1719,0.41,0.4997,0.2241,0.2241,6,0.589211618257261,142,137,828,828,1.00984951436225,0.871510396834653,1.16383148693749,0,0,0.537,4,"1.00-1.009 (null value)","Not Significant","0.40-0.59"
"E02003483","Milton Keynes 025",NA,483205,235116,52.0083,-0.78917,"206b4810-6ce5-48be-a5b0-cbc0a77355b1",3,12.83,48.59,0.1911,0.0937,0.0655,"LargeCentralMetro",0,0,0,0,0,"South East",10,"Milton Keynes 025",58,1,226,131,1597,0.58,0.4859,0.1283,0.1283,10,0.420353982300885,95,128,829,829,0.779237996020583,0.659829456686604,0.913876047726934,-1,-1,0.001,1,"0.76 to 0.99","Significant Decrease","<0.01"
"E02003490","Milton Keynes 032",NA,486991,232093,51.9805,-0.73479,"1d69f792-aaa2-4ed6-bf6f-c73584967926",8,51.64,48.28,0.1119,0.1574,0.0598,"LargeCentralMetro",0,0,0,0,0,"South East",8,"Milton Keynes 032",20,1,122,24,667,0.2,0.4828,0.5164,0.5164,8,0.80327868852459,98,69,830,830,1.40446863145235,1.18724578001178,1.64980997301233,2,1,1,6,"1.26 to 1.50","Significant Increase","0.80-1.00"
"E02003491","Brighton and Hove 001",NA,531408,109241,50.8677,-0.13391,"9b89aef0-53ae-4c08-bb0d-2199c3d3d119",6,15.23,48.7,0.0381,0.0101,0.0548,"LargeCentralMetro",0,0,0,0,0,"South East",3,"Brighton and Hove 001",49,1,197,97,1035,0.49,0.487,0.1523,0.1523,3,0.50761421319797,100,112,831,831,0.881811195213009,0.74637383704348,1.03464302307036,-1,0,0.06,2,"0.76 to 0.99","Not Significant","0.01-0.20"
"E02003492","Brighton and Hove 002",NA,533974,108986,50.8649,-0.09756,"63cdb351-0ef2-4d57-987e-3cab5ecfdd54",6,59,45.36,0.0858,0.0488,0.0892,"LargeCentralMetro",0,0,0,0,0,"South East",8,"Brighton and Hove 002",35,1,100,35,679,0.35,0.4536,0.59,0.59,8,0.65,65,57,832,832,1.21374760961037,1.00589670126506,1.45167494367203,1,1,0.978,6,"1.01 to 1.25","Significant Increase","0.80-1.00"
"E02003494","Brighton and Hove 004",NA,530911,107472,50.852,-0.1416,"98a2755b-0006-4dea-852f-9a4e62ea371d",4,21.07,48.25,0.0298,0.0087,0.056,"LargeCentralMetro",0,0,0,0,0,"South East",2,"Brighton and Hove 004",57.26,2,579,332,2995,0.5726,0.4825,0.2107,0.2107,2,0.426597582037997,247,328,833,833,0.771178709823789,0.687255738352055,0.86243855584533,-1,-1,0,1,"0.76 to 0.99","Significant Decrease","<0.01"
"E02003495","Brighton and Hove 005",NA,524913,108703,50.8643,-0.22635,"3748bdd3-026d-4481-b039-30edad16c28b",7,26.02,46.8,0.025,0.011,0.0515,"LargeCentralMetro",0,0,0,0,0,"South East",9,"Brighton and Hove 005",50,1,123,62,579,0.5,0.468,0.2602,0.2602,9,0.495934959349593,61,70,834,834,0.937660661006542,0.774934321072862,1.1242820911376,-1,0,0.233,3,"0.76 to 0.99","Not Significant","0.20-0.39"
"E02003497","Brighton and Hove 007",NA,528684,106970,50.8479,-0.1734,"370690a7-eded-4a82-a14f-d2d304d73667",4,23,49.84,0.0679,0.0071,0.0926,"LargeCentralMetro",0,0,0,0,0,"South East",7,"Brighton and Hove 007",52,1,287,149,1575,0.52,0.4984,0.23,0.23,7,0.480836236933798,138,163,835,835,0.852293398459426,0.735639942867608,0.982094170752724,-1,-1,0.014,2,"0.76 to 0.99","Significant Decrease","0.01-0.20"
"E02003501","Brighton and Hove 011",NA,529912,106360,50.8422,-0.15618,"436ba648-3394-4740-a42d-b749d3dce728",4,16.38,50.09,0.0442,0.0135,0.0745,"LargeCentralMetro",0,0,0,0,0,"South East",2,"Brighton and Hove 011",57,1,348,198,2272,0.57,0.5009,0.1638,0.1638,2,0.431034482758621,150,197,836,836,0.771408572978244,0.669216829224436,0.884701312213932,-1,-1,0,1,"0.76 to 0.99","Significant Decrease","<0.01"
"E02003506","Brighton and Hove 016",NA,528207,105701,50.8366,-0.18062,"b165e4bf-e2f5-47d1-aa22-80c48514d7a5",5,22.41,47.79,0.0341,0.0148,0.0801,"LargeCentralMetro",0,0,0,0,0,"South East",4,"Brighton and Hove 016",39,1,290,113,1603,0.39,0.4779,0.2241,0.2241,4,0.610344827586207,177,164,837,837,1.03410987833741,0.902516259041236,1.17942993523773,1,0,0.676,5,"1.01 to 1.25","Not Significant","0.60-0.79"
"E02003523","Brighton and Hove 033",NA,537694,103401,50.8138,-0.04683,"388f029f-08da-445e-8e52-60ce0a8b173d",3,40.48,47.95,0.0294,0.007,0.0461,"LargeCentralMetro",0,0,0,0,0,"South East",7,"Brighton and Hove 033",26,1,210,55,951,0.26,0.4795,0.4048,0.4048,7,0.738095238095238,155,119,838,838,1.25823494375638,1.09061187408238,1.44424399058299,2,1,0.999,6,"1.26 to 1.50","Significant Increase","0.80-1.00"
"E02003530","Portsmouth 007",NA,465412,103720,50.8293,-1.07258,"51fe7f26-ba01-49ec-8f2a-684bf049641b",8,43,19.89,0.0539,0.0451,0.0322,"LargeCentralMetro",0,0,0,0,0,"South East",6,"Portsmouth 007",24,2,100,24,563,0.24,0.1989,0.43,0.43,6,0.76,76,57,839,839,1.35197634588626,1.12707550133512,1.60845889407651,2,1,0.999,6,"1.26 to 1.50","Significant Increase","0.80-1.00"
"E02003531","Portsmouth 008",NA,466628,102944,50.8222,-1.05545,"77a6dc06-c928-422c-961b-5b8bd7fb8e3a",6,25.63,49.95,0.0426,0.0124,0.0233,"LargeCentralMetro",0,0,0,0,0,"South East",6,"Portsmouth 008",35,1,199,70,999,0.35,0.4995,0.2563,0.2563,6,0.648241206030151,129,113,840,840,1.11261362555342,0.955024967347141,1.288698276473,1,0,0.913,6,"1.01 to 1.25","Not Significant","0.80-1.00"
"E02003537","Portsmouth 014",NA,466602,101117,50.8058,-1.05615,"cf52d780-f624-4b4f-8d32-f77e4d18a4de",5,33.54,44.41,0.0265,0.0163,0.0283,"LargeCentralMetro",0,0,0,0,0,"South East",5,"Portsmouth 014",38,1,164,62,894,0.38,0.4441,0.3354,0.3354,5,0.621951219512195,102,93,841,841,1.0999461793237,0.932903610077115,1.28814980628746,1,0,0.868,6,"1.01 to 1.25","Not Significant","0.80-1.00"
"E02003543","Portsmouth 020",NA,465253,99493,50.7913,-1.07559,"ebef90d2-27bb-406b-b2cb-a570149911df",4,36.67,41.75,0.0901,0.0477,0.0614,"LargeCentralMetro",0,0,0,0,0,"South East",1,"Portsmouth 020",38,1,210,80,1176,0.38,0.4175,0.3667,0.3667,1,0.619047619047619,130,119,842,842,1.07784586993778,0.926162293263957,1.24718988514487,1,0,0.828,6,"1.01 to 1.25","Not Significant","0.80-1.00"
"E02003549","Southampton 001",NA,441733,116518,50.9466,-1.40731,"2907bca6-030c-43a9-9f78-d203fd93219b",5,40.59,35.72,0.1939,0.0232,0.0816,"LargeCentralMetro",0,0,0,0,0,"South East",2,"Southampton 001",31,1,170,53,921,0.31,0.3572,0.4059,0.4059,2,0.688235294117647,117,96,843,843,1.17577953803626,1.00282415141136,1.3699280287624,1,1,0.977,6,"1.01 to 1.25","Significant Increase","0.80-1.00"
"E02003551","Southampton 003",NA,444472,115986,50.9416,-1.36839,"c79fafb2-c566-4399-8f4b-71b4b1e4ef22",8,18.35,24.13,0.1221,0.0342,0.0496,"LargeCentralMetro",0,0,0,0,0,"South East",3,"Southampton 003",52,1,109,57,721,0.52,0.2413,0.1835,0.1835,3,0.477064220183486,52,62,844,844,0.909981640690062,0.745049257542595,1.10038038513319,-1,0,0.159,2,"0.76 to 0.99","Not Significant","0.01-0.20"
"E02003555","Southampton 007",NA,438295,115046,50.9336,-1.45641,"9a4b6efe-ab98-4f66-b5db-0e3410f90323",9,40.86,47.14,0.0676,0.0299,0.0375,"LargeCentralMetro",0,0,0,0,0,"South East",5,"Southampton 007",31,1,93,29,594,0.31,0.4714,0.4086,0.4086,5,0.688172043010753,64,53,845,845,1.21530530738668,1.003362166458,1.45867697449262,1,1,0.977,6,"1.01 to 1.25","Significant Increase","0.80-1.00"
"E02003556","Southampton 008",NA,444479,114833,50.9312,-1.36843,"54032ae8-8ee2-499c-92f3-a19132d588e2",8,28.23,48.89,0.0381,0.0153,0.0357,"LargeCentralMetro",0,0,0,0,0,"South East",5,"Southampton 008",40,1,294,118,1616,0.4,0.4889,0.2823,0.2823,5,0.598639455782313,176,167,846,846,1.05519565361518,0.922889517710132,1.20103870037842,1,0,0.778,5,"1.01 to 1.25","Not Significant","0.60-0.79"
"E02003559","Southampton 011",NA,440918,114308,50.9268,-1.41916,"1cd62b83-acae-4d55-a23d-ffbf6aaa3ddd",6,18.62,44.5,0.1109,0.018,0.0523,"LargeCentralMetro",0,0,0,0,0,"South East",2,"Southampton 011",34,1,145,49,764,0.34,0.445,0.1862,0.1862,2,0.662068965517241,96,82,847,847,1.07179030754897,0.900974860844246,1.26558608247002,1,0,0.775,5,"1.01 to 1.25","Not Significant","0.60-0.79"
"E02003560","Southampton 012",NA,437650,113649,50.9211,-1.46573,"ee27c0d8-34b1-4c32-beae-fe40ab82c410",10,54.14,51.25,0.0341,0.0209,0.0292,"LargeCentralMetro",0,0,0,0,0,"South East",5,"Southampton 012",30,1,181,54,1001,0.3,0.5125,0.5414,0.5414,5,0.701657458563536,127,103,848,848,1.27873353437288,1.10036210504045,1.47759313405569,2,1,0.999,6,"1.26 to 1.50","Significant Increase","0.80-1.00"
"E02003566","Southampton 018",NA,446192,113548,50.9195,-1.34422,"da68ef04-a48a-4935-8c51-ccd69db7d27e",10,50.51,49.33,0.0414,0.0184,0.0433,"LargeCentralMetro",0,0,0,0,0,"South East",10,"Southampton 018",14,1,99,14,519,0.14,0.4933,0.5051,0.5051,10,0.858585858585859,85,56,849,849,1.47536293790982,1.23564592426742,1.74793243276728,2,1,1,6,"1.26 to 1.50","Significant Increase","0.80-1.00"
"E02003574","Southampton 026",NA,445974,111508,50.9012,-1.34758,"b275aee9-979a-4cc3-9b1e-8f12db4e5acd",8,42.99,45.51,0.024,0.0106,0.0247,"LargeCentralMetro",0,0,0,0,0,"South East",2,"Southampton 026",29,1,107,31,791,0.29,0.4551,0.4299,0.4299,2,0.710280373831776,76,61,850,850,1.24038549537152,1.03360205886561,1.47630633966043,1,1,0.99,6,"1.01 to 1.25","Significant Increase","0.80-1.00"
"E02003582","Isle of Wight 002",NA,448195,94278,50.7461,-1.31826,"dcdd13a1-fca6-44d4-b0d8-5f466c44bd46",4,23.03,48.27,0.0086,0.0029,0.0147,"LargeFringeMetro",1,0,0,0,0,"South East",2,"Isle of Wight 002",41,1,165,68,1013,0.41,0.4827,0.2303,0.2303,2,0.587878787878788,97,94,851,851,1.03051232256745,0.870987725812737,1.21069295192923,1,0,0.623,5,"1.01 to 1.25","Not Significant","0.60-0.79"
"E02003586","Isle of Wight 006",NA,457611,90172,50.7083,-1.18545,"1d71f7f6-0dfa-4c05-9af6-8ae0c2f3ecf7",7,29.71,49.28,0.0118,0.0029,0.0143,"LargeFringeMetro",1,0,0,0,0,"South East",5,"Isle of Wight 006",29,1,175,51,970,0.29,0.4928,0.2971,0.2971,5,0.708571428571429,124,99,852,852,1.2296844837484,1.05332037820488,1.4270302068883,1,1,0.996,6,"1.01 to 1.25","Significant Increase","0.80-1.00"
"E02003591","Isle of Wight 011",NA,452332,86301,50.674,-1.26076,"d490e80d-a17c-4ac5-857e-7f9d199b3806",7,14.56,50.25,0.0126,0.0035,0.0126,"LargeFringeMetro",1,0,0,0,0,"South East",4,"Isle of Wight 011",47,1,206,97,1576,0.47,0.5025,0.1456,0.1456,4,0.529126213592233,109,117,853,853,0.950741196853569,0.810112956694043,1.10864142062328,-1,0,0.25,3,"0.76 to 0.99","Not Significant","0.20-0.39"
"E02003599","Central Bedfordshire 001",NA,517016,250121,52.137,-0.29164,"a5081910-cb64-4a8d-9ea7-64dbcf64d37b",5,18.12,49.63,0.0263,0.0146,0.0359,"LargeCentralMetro",0,0,0,0,0,"East of England",9,"Central Bedfordshire 001",44,1,138,61,534,0.44,0.4963,0.1812,0.1812,9,0.557971014492754,77,78,854,854,0.974885233847955,0.812702959567347,1.15987424973451,-1,0,0.371,3,"0.76 to 0.99","Not Significant","0.20-0.39"
"E02003604","Central Bedfordshire 006",NA,520806,243390,52.0757,-0.23867,"464fb330-61f3-4e0d-b0a6-0d6d2746667b",4,17.05,48.74,0.0322,0.0211,0.0409,"LargeCentralMetro",0,0,0,0,0,"East of England",5,"Central Bedfordshire 006",28,1,258,72,1110,0.28,0.4874,0.1705,0.1705,5,0.72093023255814,186,146,855,855,1.18526410296417,1.03557761390565,1.35045694601055,1,1,0.993,6,"1.01 to 1.25","Significant Increase","0.80-1.00"
"E02003610","Central Bedfordshire 012",NA,502234,238477,52.0353,-0.51103,"e207cbc1-5bd8-470b-acde-164f510a6bc8",5,8.66,50.12,0.0134,0.0092,0.0264,"LargeCentralMetro",0,0,0,0,0,"East of England",3,"Central Bedfordshire 012",50,1,381,190,1606,0.5,0.5012,0.0866,0.0866,3,0.501312335958005,191,216,856,856,0.874067115044427,0.767293380825121,0.991465460783257,-1,-1,0.018,2,"0.76 to 0.99","Significant Decrease","0.01-0.20"
"E02003611","Central Bedfordshire 013",NA,515408,235328,52.0044,-0.32012,"6c1302a8-dcf7-47a9-a045-82d4485e3ff0",2,9.67,46.79,0.0294,0.0155,0.0387,"LargeCentralMetro",0,0,0,0,0,"East of England",4,"Central Bedfordshire 013",45,1,424,191,1633,0.45,0.4679,0.0967,0.0967,4,0.549528301886792,233,240,857,857,0.941850624430705,0.834614048041306,1.05897812605085,-1,0,0.154,2,"0.76 to 0.99","Not Significant","0.01-0.20"
"E02003615","Central Bedfordshire 017",NA,505769,233153,51.9868,-0.46115,"d81b0e37-3e7f-45f7-8b31-9d6cb219300e",3,12.81,48.79,0.0241,0.0091,0.0335,"MediumMetro",0,1,0,0,0,"East of England",4,"Central Bedfordshire 017",59,1,320,189,1240,0.59,0.4879,0.1281,0.1281,4,0.409375,131,181,858,858,0.741831063076543,0.63895601311928,0.856455070747877,-2,-1,0,1,"0.51 to 0.75","Significant Decrease","<0.01"
"E02003616","Bedford 001",NA,504506,263664,52.2612,-0.47018,"b1f0e1c4-2345-44de-af9c-ceff66a9d6af",3,12.63,48.23,0.0097,0.0086,0.0254,"MediumMetro",0,1,0,0,0,"East of England",7,"Bedford 001",52,1,396,206,1783,0.52,0.4823,0.1263,0.1263,7,0.47979797979798,190,225,859,859,0.841865965030576,0.739085092957089,0.954861194686218,-1,-1,0.004,1,"0.76 to 0.99","Significant Decrease","<0.01"
"E02003620","Bedford 005",NA,505313,252238,52.1584,-0.46191,"31717fff-923b-43c2-824e-4ee1b6decc6b",5,24.58,48.36,0.092,0.043,0.056,"LargeCentralMetro",0,0,0,0,0,"East of England",3,"Bedford 005",35,1,179,63,945,0.35,0.4836,0.2458,0.2458,3,0.64804469273743,116,102,860,860,1.07538117378057,0.915815728673794,1.25471321636899,1,0,0.806,6,"1.01 to 1.25","Not Significant","0.80-1.00"
"E02003621","Bedford 006",NA,506818,251876,52.1549,-0.44003,"cd50e617-4e8c-43c2-9827-5f527fb54a19",5,17.47,48.07,0.088,0.0384,0.0506,"LargeCentralMetro",0,0,0,0,0,"East of England",3,"Bedford 006",36,1,269,97,1267,0.36,0.4807,0.1747,0.1747,3,0.639405204460966,172,153,861,861,1.06707572236586,0.929393638307286,1.2193487461341,1,0,0.816,6,"1.01 to 1.25","Not Significant","0.80-1.00"
"E02003623","Bedford 008",NA,500709,251553,52.1531,-0.52939,"991ad9c9-c1cd-405d-80fc-870bc41cdd8a",3,31.98,51.37,0.1067,0.0464,0.0682,"LargeCentralMetro",0,0,0,0,0,"East of England",5,"Bedford 008",34,1,172,58,915,0.34,0.5137,0.3198,0.3198,5,0.662790697674419,114,98,862,862,1.10313040450268,0.938654661821289,1.28808808071785,1,0,0.88,6,"1.01 to 1.25","Not Significant","0.80-1.00"
"E02003630","Bedford 015",NA,505236,248059,52.1208,-0.46433,"c0a63396-86e6-432e-aa8d-3f9228f04673",6,38.78,50.14,0.2746,0.0836,0.0866,"LargeCentralMetro",0,0,0,0,0,"East of England",4,"Bedford 015",27.73,2,312,87,1747,0.2773,0.5014,0.3878,0.3878,4,0.721153846153846,225,177,863,863,1.22950917832319,1.08739780893818,1.38494864020187,1,1,1,6,"1.01 to 1.25","Significant Increase","0.80-1.00"
"E02003633","Bedford 018",NA,502600,246119,52.1039,-0.5034,"f9b80d35-43f8-4c63-8228-884bbbd33f53",5,27.54,49.48,0.1377,0.0739,0.0706,"LargeCentralMetro",0,0,0,0,0,"East of England",8,"Bedford 018",18,1,138,25,762,0.18,0.4948,0.2754,0.2754,8,0.818840579710145,113,78,864,864,1.29138164970547,1.09423702829861,1.51382243325365,2,1,0.999,6,"1.26 to 1.50","Significant Increase","0.80-1.00"
"E02003635","Bedford 020",NA,501454,243713,52.0825,-0.52084,"0d13839a-a4d4-4695-bc99-414a92b4c619",4,10.66,49.68,0.061,0.0392,0.0583,"Micropolitan",0,0,0,1,0,"East of England",10,"Bedford 020",50,1,319,160,952,0.5,0.4968,0.1066,0.1066,10,0.498432601880878,159,181,865,865,0.869889478131806,0.755716638109085,0.996360689751703,-1,-1,0.022,2,"0.76 to 0.99","Significant Decrease","0.01-0.20"
"E02003638","Central Bedfordshire 020",NA,492417,226914,51.9331,-0.6572,"46d5fd41-f02c-457c-a72a-9786c7b0cefa",5,15.43,54.42,0.0153,0.0114,0.0286,"LargeCentralMetro",0,0,0,0,0,"East of England",4,"Central Bedfordshire 020",34,1,188,64,882,0.34,0.5442,0.1543,0.1543,4,0.659574468085106,124,107,866,866,1.07535783620274,0.918232121213901,1.25163439742824,1,0,0.81,6,"1.01 to 1.25","Not Significant","0.80-1.00"
"E02003640","Central Bedfordshire 022",NA,490843,226245,51.9273,-0.68027,"1ac01db2-5da9-4020-b3e0-d2e1d21d25ba",4,15.08,47.03,0.0218,0.0091,0.0364,"LargeCentralMetro",0,0,0,0,0,"East of England",5,"Central Bedfordshire 022",46,1,305,140,1212,0.46,0.4703,0.1508,0.1508,5,0.540983606557377,165,173,867,867,0.938590221934152,0.817280121727097,1.07275118304362,-1,0,0.171,2,"0.76 to 0.99","Not Significant","0.01-0.20"
"E02003644","Central Bedfordshire 026",NA,501579,223923,51.9046,-0.52487,"fb8d2823-cbcb-4a9c-9291-2af680613a39",7,41.23,50.49,0.0509,0.0552,0.0558,"LargeCentralMetro",0,0,0,0,0,"East of England",3,"Central Bedfordshire 026",17,1,114,19,713,0.17,0.5049,0.4123,0.4123,3,0.833333333333333,95,65,868,868,1.34140354988271,1.12720317116753,1.58448130163533,2,1,1,6,"1.26 to 1.50","Significant Increase","0.80-1.00"
"E02003647","Central Bedfordshire 029",NA,501681,221791,51.8854,-0.52402,"0d085e20-9ded-486f-80f0-8eaaad0860d7",8,21.84,51.39,0.0571,0.0436,0.0581,"LargeCentralMetro",0,0,0,0,0,"East of England",4,"Central Bedfordshire 029",34,1,87,30,934,0.34,0.5139,0.2184,0.2184,4,0.655172413793103,57,49,869,869,1.05739422937886,0.862291963401088,1.28354005886176,1,0,0.69,5,"1.01 to 1.25","Not Significant","0.60-0.79"
"E02003652","Buckinghamshire 001",NA,472292,237700,52.033,-0.94759,"a8360bdb-24a8-4c84-bd8e-28716112e2cb",3,15.85,52.53,0.0495,0.0276,0.0359,"LargeCentralMetro",0,0,0,0,0,"South East",4,"Buckinghamshire 001",30,1,164,49,967,0.3,0.5253,0.1585,0.1585,4,0.701219512195122,115,93,870,870,1.11141800351837,0.943173254855221,1.30103676421101,1,0,0.893,6,"1.01 to 1.25","Not Significant","0.80-1.00"
"E02003656","Buckinghamshire 005",NA,473174,229385,51.9581,-0.93651,"fdc488c6-722b-4bdf-bb38-645591c6b5d5",4,15.79,52.99,0.0164,0.0077,0.0297,"MediumMetro",0,1,0,0,0,"South East",7,"Buckinghamshire 005",45,1,38,17,368,0.45,0.5299,0.1579,0.1579,7,0.552631578947368,21,22,871,871,0.879764058412179,0.683907434164619,1.11441003281723,-1,0,0.137,2,"0.76 to 0.99","Not Significant","0.01-0.20"
"E02003658","Buckinghamshire 007",NA,486989,219666,51.8688,-0.73796,"ef33e4e4-580d-4cda-8c04-6b19d818fce4",5,14.55,52.09,0.0533,0.0219,0.0309,"MediumMetro",0,1,0,0,0,"South East",10,"Buckinghamshire 007",35,1,165,58,1077,0.35,0.5209,0.1455,0.1455,10,0.648484848484848,107,94,872,872,1.05006540590471,0.888494066054692,1.23251488802908,1,0,0.706,5,"1.01 to 1.25","Not Significant","0.60-0.79"
"E02003659","Buckinghamshire 009",NA,476186,218346,51.8585,-0.89512,"ba682f6d-e061-423b-8971-079ae8af49bd",4,4.26,50.72,0.0601,0.0309,0.0372,"MediumMetro",0,1,0,0,0,"South East",10,"Buckinghamshire 009",63,1,141,89,972,0.63,0.5072,0.0426,0.0426,10,0.368794326241135,52,80,873,873,0.705675731762367,0.577873504755451,0.853183681178591,-2,-1,0,1,"0.51 to 0.75","Significant Decrease","<0.01"
"E02003668","Buckinghamshire 018",NA,483810,212702,51.8067,-0.7858,"13673657-a363-42d3-bd27-474eb85fadcd",4,12.78,47.56,0.0962,0.0164,0.0413,"LargeCentralMetro",0,0,0,0,0,"South East",1,"Buckinghamshire 018",37,1,227,84,1310,0.37,0.4756,0.1278,0.1278,1,0.629955947136564,143,129,874,874,1.03027081153349,0.887012410406895,1.19004591341443,1,0,0.64,5,"1.01 to 1.25","Not Significant","0.60-0.79"
"E02003669","Buckinghamshire 017",NA,481486,212870,51.8086,-0.81946,"982df7f4-9d1b-4074-a08f-0bd2a17a7b43",6,32,18.37,0.2671,0.0485,0.0705,"LargeCentralMetro",0,0,0,0,0,"South East",1,"Buckinghamshire 017",16,1,25,4,147,0.16,0.1837,0.32,0.32,1,0.84,21,14,875,875,1.18656749834198,0.91601094749917,1.51255004693021,1,0,0.898,6,"1.01 to 1.25","Not Significant","0.80-1.00"
"E02003675","Buckinghamshire 024",NA,487588,207014,51.755,-0.73245,"d73408a3-9ff3-4249-be81-3f21e69ae2eb",3,8.59,51.98,0.0248,0.0102,0.0428,"MediumMetro",0,1,0,0,0,"South East",3,"Buckinghamshire 024",50,1,163,82,1012,0.5,0.5198,0.0859,0.0859,3,0.496932515337423,81,92,876,876,0.824035879592451,0.686503039404917,0.981040384775863,-1,-1,0.015,2,"0.76 to 0.99","Significant Decrease","0.01-0.20"
"E02003677","Buckinghamshire 027",NA,495304,202897,51.7167,-0.62183,"35a6ebf6-47f4-4f0f-9d96-6067dfd60f17",3,21.43,52.9,0.1691,0.0166,0.0464,"LargeCentralMetro",0,0,0,0,0,"South East",4,"Buckinghamshire 027",35,1,112,39,794,0.35,0.529,0.2143,0.2143,4,0.651785714285714,73,64,877,877,1.03340752094896,0.854543700114818,1.2387186484902,1,0,0.617,5,"1.01 to 1.25","Not Significant","0.60-0.79"
"E02003682","Buckinghamshire 034",NA,495516,197027,51.6639,-0.62037,"b1424bbd-c604-43f2-9dbe-74cf0a0d074c",1,17.78,49.88,0.1373,0.0103,0.0489,"LargeCentralMetro",0,0,0,0,0,"South East",6,"Buckinghamshire 034",56,1,135,76,860,0.56,0.4988,0.1778,0.1778,6,0.437037037037037,59,77,878,878,0.803104379965899,0.661435909529856,0.966001462291323,-1,-1,0.01,2,"0.76 to 0.99","Significant Decrease","0.01-0.20"
"E02003687","Buckinghamshire 054",NA,498239,190280,51.6028,-0.5829,"fbb5ed58-c0ff-41b3-bf0c-805a2eace35d",3,15.02,49.66,0.0798,0.0058,0.0412,"LargeCentralMetro",0,0,0,0,0,"South East",4,"Buckinghamshire 054",45,1,273,123,1619,0.45,0.4966,0.1502,0.1502,4,0.54945054945055,150,155,879,879,0.938508778563347,0.812193971407729,1.07883316674805,-1,0,0.18,2,"0.76 to 0.99","Not Significant","0.01-0.20"
"E02003688","Buckinghamshire 053",NA,494417,190772,51.6079,-0.63794,"6d4d6571-836a-48bc-8533-e8c08a866f7d",2,21.13,51.69,0.1,0.0116,0.0592,"LargeCentralMetro",0,0,0,0,0,"South East",2,"Buckinghamshire 053",25,1,142,36,830,0.25,0.5169,0.2113,0.2113,2,0.746478873239437,106,81,880,880,1.13752339746075,0.958776439412574,1.3399939229806,1,0,0.929,6,"1.01 to 1.25","Not Significant","0.80-1.00"
"E02003706","Buckinghamshire 043",NA,488337,193424,51.6327,-0.72505,"54355b94-b488-4ff9-887f-58d2fe504f08",3,40.29,48.86,0.2311,0.0588,0.0833,"LargeCentralMetro",0,0,0,0,0,"South East",2,"Buckinghamshire 043",27,1,139,38,880,0.27,0.4886,0.4029,0.4029,2,0.726618705035971,101,79,881,881,1.18423117551572,0.999192708439399,1.39359574618097,1,0,0.974,6,"1.01 to 1.25","Not Significant","0.80-1.00"
"E02003712","Buckinghamshire 052",NA,481138,191600,51.6174,-0.82946,"a58361bf-e00a-40f1-9802-281a6ae0e609",4,32.65,52.12,0.1437,0.0491,0.0559,"LargeCentralMetro",0,0,0,0,0,"South East",6,"Buckinghamshire 052",44,1,147,65,754,0.44,0.5212,0.3265,0.3265,6,0.557823129251701,82,83,882,882,0.999517824840048,0.837490628309368,1.18363203913314,-1,0,0.479,4,"0.76 to 0.99","Not Significant","0.40-0.59"
"E02003717","Buckinghamshire 062",NA,484560,186461,51.5707,-0.78128,"bd5120ae-703c-4ef1-9a70-b9b5fd9759b6",2,13.73,47.42,0.0303,0.0087,0.0351,"LargeCentralMetro",0,0,0,0,0,"South East",1,"Buckinghamshire 062",41,1,204,84,1278,0.41,0.4742,0.1373,0.1373,1,0.588235294117647,120,116,883,883,0.969239407033338,0.826484864867883,1.12953973503154,-1,0,0.332,3,"0.76 to 0.99","Not Significant","0.20-0.39"
"E02003722","Cambridge 004",NA,545462,259928,52.2184,0.127921,"5329148c-d3a6-4ff6-a131-a6ceba13c850",4,18.78,49.19,0.0829,0.0113,0.0678,"LargeCentralMetro",0,0,0,0,0,"East of England",1,"Cambridge 004",65.99,2,245,162,1360,0.6599,0.4919,0.1878,0.1878,1,0.338775510204082,83,139,884,884,0.668425559854667,0.563622719598602,0.786882505419099,-2,-1,0,1,"0.51 to 0.75","Significant Decrease","<0.01"
"E02003725","Cambridge 007",NA,544152,258117,52.2024,0.107988,"e439fb1c-09a9-4381-9a95-7969248cd22d",1,16.67,51.41,0.1464,0.0218,0.0819,"LargeCentralMetro",0,0,0,0,0,"East of England",1,"Cambridge 007",63,1,120,76,743,0.63,0.5141,0.1667,0.1667,1,0.366666666666667,44,68,885,885,0.700149172880411,0.568211201334974,0.853400590526582,-2,-1,0,1,"0.51 to 0.75","Significant Decrease","<0.01"
"E02003728","Cambridge 010",NA,546999,256844,52.1903,0.149065,"4101b2e9-1fb5-4f7d-8bc2-e090b3f3ce36",6,16.79,50.48,0.1751,0.0197,0.0868,"LargeCentralMetro",0,0,0,0,0,"East of England",1,"Cambridge 010",57.81,2,262,151,1353,0.5781,0.5048,0.1679,0.1679,1,0.423664122137405,111,149,886,886,0.761349503388021,0.649548368458632,0.886768313226755,-1,-1,0,1,"0.76 to 0.99","Significant Decrease","<0.01"
"E02003731","Cambridge 013",NA,546955,255318,52.1766,0.147761,"1d6a7cd3-cb2f-4c4d-9edc-92acce02b38b",3,21.63,49.65,0.1915,0.0272,0.0769,"LargeCentralMetro",0,0,0,0,0,"East of England",3,"Cambridge 013",55.11,2,245,135,1271,0.5511,0.4965,0.2163,0.2163,3,0.448979591836735,110,139,887,887,0.806780190302607,0.687929862920415,0.940160939919315,-1,-1,0.003,1,"0.76 to 0.99","Significant Decrease","<0.01"
"E02003734","East Cambridgeshire 003",NA,554841,282458,52.4182,0.275455,"4f1205a4-b583-4c74-b4c2-7f0192872f99",6,17.03,47.48,0.0282,0.012,0.0389,"LargeFringeMetro",1,0,0,0,0,"East of England",2,"East Cambridgeshire 003",41,1,182,75,1093,0.41,0.4748,0.1703,0.1703,2,0.587912087912088,107,103,888,888,1.01223149054841,0.859267622842145,1.18450171203228,1,0,0.542,4,"1.01 to 1.25","Not Significant","0.40-0.59"
"E02003736","East Cambridgeshire 005",NA,547556,276645,52.368,0.165861,"d74942bc-e1ed-4e1c-a5a8-ca6e971e71fe",3,14.84,45.02,0.0153,0.004,0.0235,"SmallMetro",0,0,1,0,0,"East of England",9,"East Cambridgeshire 005",27,1,128,35,824,0.27,0.4502,0.1484,0.1484,9,0.7265625,93,73,889,889,1.15718257899028,0.969903900602753,1.37010539544741,1,0,0.946,6,"1.01 to 1.25","Not Significant","0.80-1.00"
"E02003737","East Cambridgeshire 006",NA,557720,275994,52.3593,0.314712,"8aa20817-0c95-427a-b7f9-0f429e0a1894",5,16.27,51.83,0.0125,0.011,0.0286,"LargeFringeMetro",1,0,0,0,0,"East of England",5,"East Cambridgeshire 006",40,1,252,101,1364,0.4,0.5183,0.1627,0.1627,5,0.599206349206349,151,143,890,890,1.03407424149666,0.895626983105885,1.18777732866428,1,0,0.665,5,"1.01 to 1.25","Not Significant","0.60-0.79"
"E02003740","East Cambridgeshire 009",NA,556434,261768,52.2319,0.289248,"16352465-915f-425c-b9ac-6d41b5f9accc",7,14.15,45.69,0.031,0.0068,0.0274,"MediumMetro",0,1,0,0,0,"East of England",7,"East Cambridgeshire 009",53,1,205,109,1101,0.53,0.4569,0.1415,0.1415,7,0.468292682926829,96,116,891,891,0.848105651402361,0.717470799590395,0.995531112114863,-1,-1,0.022,2,"0.76 to 0.99","Significant Decrease","0.01-0.20"
"E02003744","Fenland 003",NA,544203,308796,52.6577,0.130569,"6ab3e62c-b81e-4eba-9865-247a2c10e371",8,37.26,50.9,0.0184,0.0069,0.0278,"LargeFringeMetro",1,0,0,0,0,"East of England",10,"Fenland 003",25,1,212,53,1218,0.25,0.509,0.3726,0.3726,10,0.75,159,120,892,892,1.31917498071816,1.14680861059602,1.51000789704198,2,1,1,6,"1.26 to 1.50","Significant Increase","0.80-1.00"
"E02003747","Fenland 006",NA,525103,297812,52.5638,-0.1558,"06a9231f-a7d7-459c-bd98-0467008783e9",6,24.22,51.86,0.0141,0.0109,0.0215,"LargeCentralMetro",0,0,0,0,0,"East of England",10,"Fenland 006",40,1,161,64,993,0.4,0.5186,0.2422,0.2422,10,0.60248447204969,97,91,893,893,1.06307367681471,0.898677785615638,1.24873339436462,1,0,0.753,5,"1.01 to 1.25","Not Significant","0.60-0.79"
"E02003750","Fenland 009",NA,539060,295288,52.5377,0.048918,"bd9b5dab-3f49-4b64-bab0-1c7c21803b5e",9,28.4,50,0.0108,0.006,0.0164,"LargeFringeMetro",1,0,0,0,0,"East of England",10,"Fenland 009",22,1,250,55,1336,0.22,0.5,0.284,0.284,10,0.78,195,142,894,894,1.34557293192032,1.18182692006888,1.52555565302863,2,1,1,6,"1.26 to 1.50","Significant Increase","0.80-1.00"
"E02003755","Huntingdonshire 003",NA,528820,288221,52.4767,-0.1047,"282bd6f0-ce59-4404-8bf6-6b3aab6241b0",8,18.18,49.32,0.0147,0.0101,0.0183,"Micropolitan",0,0,0,1,0,"East of England",10,"Huntingdonshire 003",45,1,198,89,1026,0.45,0.4932,0.1818,0.1818,10,0.55050505050505,109,112,895,895,0.987711450767095,0.840774968161181,1.15282406066673,-1,0,0.422,4,"0.76 to 0.99","Not Significant","0.40-0.59"
"E02003756","Huntingdonshire 004",NA,515705,282800,52.431,-0.29958,"3b818bdc-f584-42e3-b3ae-2a95ede18c56",5,11.98,51.16,0.0117,0.009,0.0205,"MediumMetro",0,1,0,0,0,"East of England",10,"Huntingdonshire 004",49,1,192,94,991,0.49,0.5116,0.1198,0.1198,10,0.510416666666667,98,109,896,896,0.89021190593288,0.752501806707324,1.04574868934141,-1,0,0.076,2,"0.76 to 0.99","Not Significant","0.01-0.20"
"E02003764","Huntingdonshire 012",NA,522980,272218,52.3343,-0.19651,"3f8b4d33-457b-4137-b148-75828df29f6f",6,18.04,50.17,0.0799,0.0371,0.0511,"LargeFringeMetro",1,0,0,0,0,"East of England",9,"Huntingdonshire 012",47.06,2,460,216,2898,0.4706,0.5017,0.1804,0.1804,9,0.530434782608696,244,261,897,897,0.945231207201987,0.841249208933011,1.05842258524308,-1,0,0.16,2,"0.76 to 0.99","Not Significant","0.01-0.20"
"E02003765","Huntingdonshire 013",NA,532044,271230,52.3233,-0.06395,"3c45bf81-01e0-4269-b01a-1901bc6bb597",5,15.99,48.09,0.0875,0.0105,0.0295,"LargeCentralMetro",0,0,0,0,0,"East of England",10,"Huntingdonshire 013",39,1,294,115,1776,0.39,0.4809,0.1599,0.1599,10,0.608843537414966,179,167,898,898,1.04742477218966,0.91572372576593,1.19266622437098,1,0,0.743,5,"1.01 to 1.25","Not Significant","0.60-0.79"
"E02003771","Huntingdonshire 019",NA,518985,261182,52.236,-0.25901,"d31ca150-b1e7-493f-b879-f89ebbfb9d2c",5,18.4,49.36,0.0328,0.0124,0.0289,"LargeCentralMetro",0,0,0,0,0,"East of England",6,"Huntingdonshire 019",41,1,288,118,1872,0.41,0.4936,0.184,0.184,6,0.590277777777778,170,163,899,899,1.02082252053935,0.890070085538769,1.16529370585872,1,0,0.604,5,"1.01 to 1.25","Not Significant","0.60-0.79"
"E02003776","South Cambridgeshire 002",NA,544889,268659,52.297,0.123281,"d10c5613-bc0b-4b42-8ce8-82e04ccf9437",4,11.26,46.27,0.0285,0.0078,0.0311,"Micropolitan",0,0,0,1,0,"East of England",6,"South Cambridgeshire 002",63,1,151,95,804,0.63,0.4627,0.1126,0.1126,6,0.370860927152318,56,86,900,900,0.735667461755056,0.605786482017917,0.884956636964323,-2,-1,0.001,1,"0.51 to 0.75","Significant Decrease","<0.01"
"E02003777","South Cambridgeshire 003",NA,538011,266829,52.2823,0.021742,"87b189b0-302d-403d-a808-cd63b68d3451",4,11.21,49.96,0.0712,0.0171,0.0499,"MediumMetro",0,1,0,0,0,"East of England",9,"South Cambridgeshire 003",58,1,232,135,1273,0.58,0.4996,0.1121,0.1121,9,0.418103448275862,97,132,901,901,0.756598008852888,0.640580360952576,0.887446116040578,-1,-1,0,1,"0.76 to 0.99","Significant Decrease","<0.01"
"E02003780","South Cambridgeshire 006",NA,544266,263423,52.2501,0.111916,"abcc9774-4f61-4090-bb24-805469b104f6",4,9.77,51.51,0.0673,0.0184,0.0483,"LargeCentralMetro",0,0,0,0,0,"East of England",6,"South Cambridgeshire 006",57,1,215,123,1324,0.57,0.5151,0.0977,0.0977,6,0.427906976744186,92,122,902,902,0.775276149174036,0.65452623108358,0.911737465256368,-1,-1,0.001,1,"0.76 to 0.99","Significant Decrease","<0.01"
"E02003784","South Cambridgeshire 010",NA,535951,255963,52.1852,-0.0128,"bd4078a8-d4cc-4d84-a4d3-f50e95425f2c",3,12.46,47.31,0.0469,0.0092,0.0363,"Micropolitan",0,0,0,1,0,"East of England",9,"South Cambridgeshire 010",64,1,297,190,1670,0.64,0.4731,0.1246,0.1246,9,0.36026936026936,107,168,903,903,0.698068906247227,0.596222527005238,0.812167764497443,-2,-1,0,1,"0.51 to 0.75","Significant Decrease","<0.01"
"E02003789","South Cambridgeshire 015",NA,548093,249828,52.1269,0.162,"916815cc-fe26-44cc-99ce-27ca8e86f296",7,15.46,46.92,0.0797,0.0146,0.0395,"MediumMetro",0,1,0,0,0,"East of England",3,"South Cambridgeshire 015",63,1,207,130,1023,0.63,0.4692,0.1546,0.1546,3,0.371980676328502,77,117,904,904,0.722126701409488,0.605315988525956,0.854735658028467,-2,-1,0,1,"0.51 to 0.75","Significant Decrease","<0.01"
"E02003790","South Cambridgeshire 016",NA,559271,250072,52.126,0.325266,"2496e0fd-dbef-483f-8a29-3cefc7a04a89",4,16.88,48.51,0.0148,0.0043,0.0201,"MediumMetro",0,1,0,0,0,"East of England",6,"South Cambridgeshire 016",53,1,160,85,837,0.53,0.4851,0.1688,0.1688,6,0.46875,75,91,905,905,0.843985016508338,0.703742378242748,1.00387773191913,-1,0,0.027,2,"0.76 to 0.99","Not Significant","0.01-0.20"
"E02003792","South Cambridgeshire 018",NA,539943,242770,52.0656,0.040131,"76ff7e7f-adbf-4f29-82ba-c0e6ca2c1024",5,9.26,48.14,0.0168,0.0061,0.0289,"MediumMetro",0,1,0,0,0,"East of England",7,"South Cambridgeshire 018",57,1,108,62,484,0.57,0.4814,0.0926,0.0926,7,0.425925925925926,46,61,906,906,0.785579375687312,0.637534100687153,0.957591875447842,-1,-1,0.009,1,"0.76 to 0.99","Significant Decrease","<0.01"
"E02003793","South Cambridgeshire 019",NA,531260,243974,52.0786,-0.086,"d2746d93-5a13-43ef-85fd-bd372dabc80e",5,18.4,53.64,0.0142,0.0061,0.0202,"MediumMetro",0,1,0,0,0,"East of England",10,"South Cambridgeshire 019",51,1,125,64,604,0.51,0.5364,0.184,0.184,10,0.488,61,71,907,907,0.884933568979218,0.72918416860517,1.06398667122304,-1,0,0.094,2,"0.76 to 0.99","Not Significant","0.01-0.20"
"E02003796","Cheshire West and Chester 027",NA,341825,368794,53.213,-2.87259,"e9757d67-dbec-46a7-86e8-6e1b2d4609d0",7,15.45,50.95,0.0553,0.0049,0.0244,"LargeCentralMetro",0,0,0,0,0,"North West",4,"Cheshire West and Chester 027",41,1,246,101,1470,0.41,0.5095,0.1545,0.1545,4,0.589430894308943,145,140,908,908,1.00744094108989,0.870345960118276,1.15992606613675,0,0,0.525,4,"1.00-1.009 (null value)","Not Significant","0.40-0.59"
"E02003799","Cheshire West and Chester 031",NA,337988,367595,53.2018,-2.92981,"8011114f-cd34-4ab8-9fd0-52130bac2fee",9,58.44,47.52,0.0144,0.0068,0.0248,"LargeCentralMetro",0,0,0,0,0,"North West",5,"Cheshire West and Chester 031",35,1,77,27,423,0.35,0.4752,0.5844,0.5844,5,0.649350649350649,50,44,909,909,1.2857834549856,1.05339574890454,1.55384506068798,2,1,0.994,6,"1.26 to 1.50","Significant Increase","0.80-1.00"
"E02003805","Cheshire West and Chester 039",NA,345321,365968,53.188,-2.81976,"e2ccccde-e54f-452c-b16d-6fa6fe086748",3,7.73,49.13,0.0197,0.0025,0.0216,"LargeCentralMetro",0,0,0,0,0,"North West",7,"Cheshire West and Chester 039",60,1,207,124,1315,0.6,0.4913,0.0773,0.0773,7,0.400966183574879,83,117,910,910,0.75393301625221,0.63387327177489,0.889975146616611,-1,-1,0,1,"0.76 to 0.99","Significant Decrease","<0.01"
"E02003806","Cheshire West and Chester 041",NA,342411,363699,53.1673,-2.8629,"f90f9a6c-bf5d-4124-94f1-b871097bf316",4,17.05,50.1,0.0363,0.0069,0.0266,"LargeCentralMetro",0,0,0,0,0,"North West",6,"Cheshire West and Chester 041",52,1,176,92,1026,0.52,0.501,0.1705,0.1705,6,0.477272727272727,84,100,911,911,0.867054523481147,0.728372683108794,1.02432930425617,-1,0,0.046,2,"0.76 to 0.99","Not Significant","0.01-0.20"
"E02003807","Cheshire West and Chester 043",NA,340368,365068,53.1794,-2.89371,"878f4388-ad0a-4310-849c-af17b3bfdef8",6,21.05,50.17,0.0462,0.0097,0.0298,"LargeCentralMetro",0,0,0,0,0,"North West",3,"Cheshire West and Chester 043",31,3,133,41,861,0.31,0.5017,0.2105,0.2105,3,0.691729323308271,92,75,912,912,1.12383834601027,0.942437350990007,1.3299970450156,1,0,0.9,6,"1.01 to 1.25","Not Significant","0.80-1.00"
"E02003810","Cheshire West and Chester 047",NA,347468,349889,53.0437,-2.78499,"bb963db2-fa75-4319-84c9-16cc48f51749",3,11.79,48.76,0.0028,0.002,0.0132,"MediumMetro",0,1,0,0,0,"North West",6,"Cheshire West and Chester 047",46,1,195,90,1290,0.46,0.4876,0.1179,0.1179,6,0.538461538461538,105,111,913,913,0.909662677618176,0.770740308834001,1.06634240050875,-1,0,0.118,2,"0.76 to 0.99","Not Significant","0.01-0.20"
"E02003812","Cheshire East 023",NA,375924,366892,53.1986,-2.36185,"a01b4e78-b032-4d6d-a9f8-255274ed7540",5,10.05,50.97,0.0127,0.0024,0.0195,"MediumMetro",0,1,0,0,0,"North West",6,"Cheshire East 023",68,1,209,142,1287,0.68,0.5097,0.1005,0.1005,6,0.320574162679426,67,119,914,914,0.653016749872746,0.544679636770595,0.776378936817041,-2,-1,0,1,"0.51 to 0.75","Significant Decrease","<0.01"
"E02003816","Cheshire East 027",NA,385875,363154,53.1653,-2.21273,"8fcdecbc-7df1-4e6b-8bd0-bd17e7a525ea",8,22.12,53.8,0.0242,0.0047,0.0129,"LargeCentralMetro",0,0,0,0,0,"North West",7,"Cheshire East 027",49,1,113,55,684,0.49,0.538,0.2212,0.2212,7,0.513274336283186,58,64,915,915,0.962392544799253,0.792538649873416,1.15769596103452,-1,0,0.327,3,"0.76 to 0.99","Not Significant","0.20-0.39"
"E02003817","Cheshire East 028",NA,384387,362986,53.1638,-2.23498,"55eb001d-5d62-4a09-a2cd-d5da9f399961",7,17.79,49.83,0.0095,0.0034,0.0161,"LargeCentralMetro",0,0,0,0,0,"North West",8,"Cheshire East 028",48,1,163,78,1144,0.48,0.4983,0.1779,0.1779,8,0.521472392638037,85,92,916,916,0.950062042829485,0.798434995904524,1.12197375763184,-1,0,0.262,3,"0.76 to 0.99","Not Significant","0.20-0.39"
"E02003824","Cheshire East 042",NA,378713,355085,53.0926,-2.31932,"d52baf71-5d4b-4460-a605-d09f14d3c18c",6,11.16,47.24,0.014,0.0031,0.0164,"LargeCentralMetro",0,0,0,0,0,"North West",4,"Cheshire East 042",50,1,224,112,1359,0.5,0.4724,0.1116,0.1116,4,0.5,112,127,917,917,0.886644735875365,0.756186777772377,1.03304750817598,-1,0,0.06,2,"0.76 to 0.99","Not Significant","0.01-0.20"
"E02003826","Cheshire East 035",NA,370963,357399,53.113,-2.43525,"b09e3ace-1964-4b44-9a57-3d94e77a0611",10,42.38,50.63,0.0158,0.0111,0.0263,"LargeCentralMetro",0,0,0,0,0,"North West",3,"Cheshire East 035",17,1,151,26,719,0.17,0.5063,0.4238,0.4238,3,0.827814569536424,125,86,918,918,1.39274082405335,1.19192184117711,1.61763207631881,2,1,1,6,"1.26 to 1.50","Significant Increase","0.80-1.00"
"E02003830","Cheshire East 039",NA,369114,355685,53.0975,-2.46271,"2ab6a424-1360-4126-9f60-d4edc6d42749",9,18.75,27.49,0.0464,0.0133,0.0483,"LargeCentralMetro",0,0,0,0,0,"North West",2,"Cheshire East 039",6,2,32,2,211,0.06,0.2749,0.1875,0.1875,2,0.9375,30,18,919,919,1.1963623250897,0.933433481933802,1.51107847910668,1,0,0.919,6,"1.01 to 1.25","Not Significant","0.80-1.00"
"E02003832","Cheshire East 043",NA,370214,354876,53.0903,-2.44621,"7fd9aa0a-dc60-41d3-9588-880bbee881a4",9,25.88,46.74,0.1281,0.0226,0.1061,"LargeCentralMetro",0,0,0,0,0,"North West",3,"Cheshire East 043",26,1,85,22,537,0.26,0.4674,0.2588,0.2588,3,0.741176470588235,63,48,920,920,1.11584508814954,0.911239707166429,1.35288226339508,1,0,0.85,6,"1.01 to 1.25","Not Significant","0.80-1.00"
"E02003833","Cheshire East 044",NA,367627,354807,53.0895,-2.48482,"d67470a4-539b-4238-8352-8e94ece05435",7,8.66,50.69,0.0247,0.0052,0.0239,"LargeCentralMetro",0,0,0,0,0,"North West",3,"Cheshire East 044",57,1,127,72,649,0.57,0.5069,0.0866,0.0866,3,0.433070866141732,55,72,921,921,0.804641342022172,0.660275815833776,0.971065568847215,-1,-1,0.012,2,"0.76 to 0.99","Significant Decrease","0.01-0.20"
"E02003835","Cheshire East 046",NA,368264,353065,53.0739,-2.47514,"77b6bb71-b85f-474d-8f63-0d408fd8f725",5,15.15,48.27,0.0156,0.0045,0.0242,"LargeCentralMetro",0,0,0,0,0,"North West",8,"Cheshire East 046",41,1,99,41,607,0.41,0.4827,0.1515,0.1515,8,0.585858585858586,58,56,922,922,0.99168179690802,0.811866080899889,1.19945940649891,-1,0,0.446,4,"0.76 to 0.99","Not Significant","0.40-0.59"
"E02003839","Cheshire East 050",NA,364793,351772,53.062,-2.5268,"533eafb6-f2c1-4e7c-aa47-e7176d8d0541",8,12.15,50.54,0.0097,0.0017,0.0185,"LargeCentralMetro",0,0,0,0,0,"North West",5,"Cheshire East 050",48,1,214,103,1391,0.48,0.5054,0.1215,0.1215,5,0.518691588785047,111,121,923,923,0.919744349357314,0.783873797531551,1.0722995906404,-1,0,0.138,2,"0.76 to 0.99","Not Significant","0.01-0.20"
"E02003841","Cheshire West and Chester 001",NA,329209,377981,53.294,-3.06352,"d604d97f-cb3b-4282-8cb3-4d1c42399ead",5,20.24,44.11,0.0125,0.0034,0.0188,"LargeCentralMetro",0,0,0,0,0,"North West",5,"Cheshire West and Chester 001",27,1,247,67,1664,0.27,0.4411,0.2024,0.2024,5,0.728744939271255,180,140,924,924,1.21645836870892,1.06193019750631,1.38708577412975,1,1,0.998,6,"1.01 to 1.25","Significant Increase","0.80-1.00"
"E02003852","Cheshire West and Chester 016",NA,338703,374203,53.2613,-2.92038,"73270ef6-07d3-40e5-ab6f-fc448bac0ce6",6,24.8,48.14,0.0097,0.0012,0.0128,"LargeCentralMetro",0,0,0,0,0,"North West",7,"Cheshire West and Chester 016",34,1,246,84,1506,0.34,0.4814,0.248,0.248,7,0.658536585365854,162,140,925,925,1.13505721083531,0.987162774564807,1.29876373951512,1,0,0.962,6,"1.01 to 1.25","Not Significant","0.80-1.00"
"E02003858","Cheshire East 006",NA,385666,380555,53.3217,-2.21665,"3305de24-0f53-460d-8cc3-58a7cacbe4f8",4,17.23,48.33,0.0572,0.0073,0.0444,"LargeCentralMetro",0,0,0,0,0,"North West",7,"Cheshire East 006",53,1,296,157,2007,0.53,0.4833,0.1723,0.1723,7,0.469594594594595,139,168,926,926,0.845662644518564,0.730889647021939,0.97323480371069,-1,-1,0.01,2,"0.76 to 0.99","Significant Decrease","0.01-0.20"
"E02003863","Cheshire East 010",NA,376050,377946,53.2979,-2.3608,"6b691bad-d530-4036-9fb9-d6a25dd53045",4,16.18,51.24,0.0265,0.004,0.0231,"LargeCentralMetro",0,0,0,0,0,"North West",3,"Cheshire East 010",63,1,136,86,970,0.63,0.5124,0.1618,0.1618,3,0.367647058823529,50,77,927,927,0.75030637034758,0.615503043368452,0.90562821781903,-1,-1,0.001,1,"0.76 to 0.99","Significant Decrease","<0.01"
"E02003866","Cheshire East 014",NA,391419,375540,53.2768,-2.13014,"7417dd72-f425-4d76-9d76-79aa6fce7c13",4,15.24,48.34,0.0265,0.0067,0.0197,"LargeCentralMetro",0,0,0,0,0,"North West",4,"Cheshire East 014",57,1,164,93,1026,0.57,0.4834,0.1524,0.1524,4,0.432926829268293,71,93,928,928,0.814693428530126,0.678937850572021,0.96947970418396,-1,-1,0.011,2,"0.76 to 0.99","Significant Decrease","0.01-0.20"
"E02003867","Cheshire East 015",NA,389400,374242,53.2651,-2.16038,"b942789d-be51-4f7a-88dc-22dc00049c66",6,13.25,52.79,0.0299,0.0117,0.027,"LargeCentralMetro",0,0,0,0,0,"North West",6,"Cheshire East 015",60,1,234,140,1485,0.6,0.5279,0.1325,0.1325,6,0.401709401709402,94,133,929,929,0.763979392628743,0.647652161992212,0.895004132670514,-1,-1,0,1,"0.76 to 0.99","Significant Decrease","<0.01"
"E02003869","Cheshire East 017",NA,390894,374162,53.2644,-2.13798,"d2104202-f018-4a44-9495-814c7ca1535b",7,13.74,48.96,0.0272,0.0112,0.0205,"LargeCentralMetro",0,0,0,0,0,"North West",5,"Cheshire East 017",46,1,182,84,1201,0.46,0.4896,0.1374,0.1374,5,0.538461538461538,98,103,930,930,0.945279097176671,0.799434775275512,1.10994384180807,-1,0,0.237,3,"0.76 to 0.99","Not Significant","0.20-0.39"
"E02003877","Cheshire West and Chester 015",NA,354866,374197,53.2629,-2.67809,"ac700b85-40d1-4dd1-a41a-fddcd09c8f3f",4,13.24,50.6,0.0119,0.0007,0.0142,"MediumMetro",0,1,0,0,0,"North West",9,"Cheshire West and Chester 015",53,1,219,116,1340,0.53,0.506,0.1324,0.1324,9,0.470319634703196,103,124,931,931,0.843458503179504,0.716114053579508,0.986813794342336,-1,-1,0.017,2,"0.76 to 0.99","Significant Decrease","0.01-0.20"
"E02003878","Cheshire West and Chester 017",NA,371537,370384,53.2297,-2.42783,"d85ef82b-8886-4733-8110-9d608c46f9ff",7,41.25,46.7,0.0221,0.0048,0.0135,"LargeCentralMetro",0,0,0,0,0,"North West",4,"Cheshire West and Chester 017",31,1,80,25,349,0.31,0.467,0.4125,0.4125,4,0.6875,55,45,932,932,1.22851675032906,1.00553389435484,1.4861281354527,1,1,0.978,6,"1.01 to 1.25","Significant Increase","0.80-1.00"
"E02003882","Cheshire West and Chester 021",NA,367409,372719,53.2505,-2.48991,"ac310b85-a320-4c27-b463-67fff316ae71",8,15.26,48.63,0.0201,0.0036,0.0228,"LargeCentralMetro",0,0,0,0,0,"North West",2,"Cheshire West and Chester 021",58,1,190,110,983,0.58,0.4863,0.1526,0.1526,2,0.421052631578947,80,108,933,933,0.802438913186334,0.673914665817974,0.948164331747002,-1,-1,0.005,1,"0.76 to 0.99","Significant Decrease","<0.01"
"E02003883","Cheshire West and Chester 023",NA,364359,371992,53.2438,-2.53554,"ed9a7fd9-7ddc-4d19-9fff-6077e3178568",5,16.57,48.71,0.0222,0.0035,0.0204,"LargeCentralMetro",0,0,0,0,0,"North West",8,"Cheshire West and Chester 023",39.43,2,350,138,2135,0.3943,0.4871,0.1657,0.1657,8,0.605714285714286,212,199,934,934,1.04558442869442,0.922594503900283,1.18032175715479,1,0,0.751,5,"1.01 to 1.25","Not Significant","0.60-0.79"
"E02003888","Cheshire West and Chester 038",NA,365142,366437,53.1939,-2.5232,"6510dabe-e1b4-4231-80e4-73474a710ef7",10,46.75,51.8,0.0165,0.0031,0.0165,"LargeFringeMetro",1,0,0,0,0,"North West",6,"Cheshire West and Chester 038",22,1,169,37,859,0.22,0.518,0.4675,0.4675,6,0.781065088757396,132,96,935,935,1.39063740218603,1.19739854006613,1.60602112772606,2,1,1,6,"1.26 to 1.50","Significant Increase","0.80-1.00"
"E02003891","Cheshire West and Chester 045",NA,358233,366420,53.1932,-2.6266,"bbc962a4-7a60-4c4d-b0dd-bb2c2cafa882",2,6.55,50.52,0.0087,0.0008,0.0129,"MediumMetro",0,1,0,0,0,"North West",10,"Cheshire West and Chester 045",48,1,168,81,1156,0.48,0.5052,0.0655,0.0655,10,0.517857142857143,87,95,936,936,0.875714877287518,0.733579570158969,1.0373207222217,-1,0,0.061,2,"0.76 to 0.99","Not Significant","0.01-0.20"
"E02003900","Cornwall 026",NA,242415,59827,50.4171,-4.21952,"7a4455a0-04cd-40a1-af1d-127cfb607453",7,24.67,52.2,0.0039,0.0014,0.0213,"LargeCentralMetro",0,0,0,0,0,"South West",4,"Cornwall 026",28,1,227,64,1366,0.28,0.522,0.2467,0.2467,4,0.718061674008811,163,129,937,937,1.20272121924739,1.04458724574178,1.37796455042225,1,1,0.995,6,"1.01 to 1.25","Significant Increase","0.80-1.00"
"E02003901","Cornwall 028",NA,220733,57829,50.3929,-4.52347,"c5db6c76-5b3a-4533-a83f-e317ed38266e",5,28.28,53.39,0.0033,0.0008,0.0151,"SmallMetro",0,0,1,0,0,"South West",9,"Cornwall 028",37,1,99,37,472,0.37,0.5339,0.2828,0.2828,9,0.626262626262626,62,56,938,938,1.10979127154505,0.913620542359614,1.33551106337322,1,0,0.847,6,"1.01 to 1.25","Not Significant","0.80-1.00"
"E02003902","Cornwall 029",NA,243298,55492,50.3784,-4.20529,"23dee190-3054-4687-b8d9-60b7eb51e91d",9,24.32,47.75,0.0036,0.0013,0.0159,"MediumMetro",0,1,0,0,0,"South West",8,"Cornwall 029",30,1,111,33,622,0.3,0.4775,0.2432,0.2432,8,0.702702702702703,78,63,939,939,1.15773155801983,0.962302185930204,1.38119570324039,1,0,0.938,6,"1.01 to 1.25","Not Significant","0.80-1.00"
"E02003908","Cornwall 042",NA,183516,44863,50.264,-5.03892,"a0dbb1e8-6643-44d4-8c38-c197e2ddf0f1",6,19.88,45.89,0.0158,0.0017,0.0374,"LargeFringeMetro",1,0,0,0,0,"South West",6,"Cornwall 042",50,1,166,83,876,0.5,0.4589,0.1988,0.1988,6,0.5,83,94,940,940,0.929890219933609,0.781255167281424,1.09841262833472,-1,0,0.189,2,"0.76 to 0.99","Not Significant","0.01-0.20"
"E02003909","Cornwall 043",NA,179341,45209,50.2655,-5.09761,"31104201-b339-4b09-b91e-0e5d36fb6a58",6,18.82,48.87,0.0379,0.0078,0.0324,"LargeFringeMetro",1,0,0,0,0,"South West",9,"Cornwall 043",44,1,255,112,1369,0.44,0.4887,0.1882,0.1882,9,0.56078431372549,143,145,941,941,0.999655570735247,0.864808545788203,1.14944919852646,-1,0,0.483,4,"0.76 to 0.99","Not Significant","0.40-0.59"
"E02003912","Cornwall 048",NA,189079,45916,50.2754,-4.96156,"e643d1cf-7118-4245-937e-43cbcde159e1",5,18.8,49.2,0.0042,0.0011,0.0217,"Noncore",0,0,0,0,1,"South West",10,"Cornwall 048",51,1,117,60,628,0.51,0.492,0.188,0.188,10,0.487179487179487,57,66,942,942,0.925648326656475,0.760036495832278,1.11646621967726,-1,0,0.201,3,"0.76 to 0.99","Not Significant","0.20-0.39"
"E02003914","Cornwall 060",NA,178306,34658,50.1704,-5.10595,"be8b9b8e-ad7c-4ebf-a096-3459757ca9ab",6,20.38,49.46,0.0114,0.004,0.0404,"LargeFringeMetro",1,0,0,0,0,"South West",5,"Cornwall 060",51,1,211,108,1118,0.51,0.4946,0.2038,0.2038,5,0.488151658767773,103,120,943,943,0.899634592199226,0.765225966737724,1.05070551548689,-1,0,0.088,2,"0.76 to 0.99","Not Significant","0.01-0.20"
"E02003917","Cornwall 064",NA,179541,31402,50.1416,-5.08679,"61488db4-8911-4540-9f98-6639c8152a2c",5,24.69,52.79,0.0066,0.0029,0.0241,"LargeFringeMetro",1,0,0,0,0,"South West",4,"Cornwall 064",49,1,162,79,860,0.49,0.5279,0.2469,0.2469,4,0.512345679012346,83,92,944,944,0.949360275996202,0.79755342112315,1.12148794222994,-1,0,0.26,3,"0.76 to 0.99","Not Significant","0.20-0.39"
"E02003919","Cornwall 046",NA,169924,43947,50.2506,-5.22876,"6afec024-f39b-49d4-88b6-23af6f94b9b0",9,20,44.54,0.0075,0.0022,0.0251,"LargeFringeMetro",1,0,0,0,0,"South West",3,"Cornwall 046",41,1,140,57,1053,0.41,0.4454,0.2,0.2,3,0.592857142857143,83,79,945,945,1.0558262004871,0.884582975991686,1.25044020665728,1,0,0.715,5,"1.01 to 1.25","Not Significant","0.60-0.79"
"E02003922","Cornwall 051",NA,167781,40155,50.2157,-5.25645,"14be8150-90c0-4339-976d-9a7be1473e04",9,27.56,47.62,0.005,0.0018,0.0208,"LargeFringeMetro",1,0,0,0,0,"South West",7,"Cornwall 051",33,1,156,51,798,0.33,0.4762,0.2756,0.2756,7,0.673076923076923,105,88,946,946,1.19202302726819,1.01226827521096,1.39437622796272,1,1,0.983,6,"1.01 to 1.25","Significant Increase","0.80-1.00"
"E02003924","Cornwall 053",NA,162807,40480,50.2167,-5.32625,"cf68a6d2-eea4-4a4e-b69d-21eeb0cfe42f",10,29.83,49.39,0.0091,0.0014,0.0205,"LargeFringeMetro",1,0,0,0,0,"South West",6,"Cornwall 053",35,1,238,83,1391,0.35,0.4939,0.2983,0.2983,6,0.651260504201681,155,135,947,947,1.16290559213781,1.01051860021211,1.3316499290129,1,1,0.983,6,"1.01 to 1.25","Significant Increase","0.80-1.00"
"E02003931","Cornwall 001",NA,222267,106762,50.833,-4.52535,"47b73a7d-d545-49f9-8b5e-a93c1d7d1130",4,18.01,49.33,0.0071,0.0009,0.0227,"SmallMetro",0,0,1,0,0,"South West",6,"Cornwall 001",45,1,161,72,1050,0.45,0.4933,0.1801,0.1801,6,0.552795031055901,89,91,948,948,0.973261194348312,0.818079174804455,1.14922610765056,-1,0,0.36,3,"0.76 to 0.99","Not Significant","0.20-0.39"
"E02003935","Cornwall 005",NA,233325,83875,50.6307,-4.35811,"9dd8ff23-33a1-4540-8d94-14e5c0d69bcc",5,24.32,53.6,0.0121,0.0015,0.0199,"LargeFringeMetro",1,0,0,0,0,"South West",5,"Cornwall 005",45,1,222,100,1250,0.45,0.536,0.2432,0.2432,5,0.54954954954955,122,126,949,949,0.99091655108728,0.849997845535977,1.14839112766159,-1,0,0.437,4,"0.76 to 0.99","Not Significant","0.40-0.59"
"E02003939","Cornwall 009",NA,198439,72240,50.5151,-4.84449,"c0f7d691-eac0-4fbc-bdd7-b63e6a3b9341",6,20.53,49.61,0.0047,0.0013,0.0175,"SmallMetro",0,0,1,0,0,"South West",6,"Cornwall 009",34,1,190,65,1153,0.34,0.4961,0.2053,0.2053,6,0.657894736842105,125,108,950,950,1.11938633566917,0.95820258308448,1.29984877758676,1,0,0.921,6,"1.01 to 1.25","Not Significant","0.80-1.00"
"E02003941","Cornwall 014",NA,208312,66611,50.4679,-4.70251,"fe933564-3680-4c86-bf51-f6d5ac9cb47b",8,30,51.15,0.0071,0.0013,0.024,"LargeFringeMetro",1,0,0,0,0,"South West",5,"Cornwall 014",25,1,210,52,1519,0.25,0.5115,0.3,0.3,5,0.752380952380952,158,119,951,951,1.28743443836419,1.11724390521288,1.47612880176201,2,1,1,6,"1.26 to 1.50","Significant Increase","0.80-1.00"
"E02003943","Cornwall 054",NA,150612,39554,50.2033,-5.49626,"7b7702ab-596e-4111-9a55-6b2543fe8fea",6,24.17,51.45,0.0115,0.002,0.0328,"SmallMetro",0,0,1,0,0,"South West",5,"Cornwall 054",50,1,120,60,552,0.5,0.5145,0.2417,0.2417,5,0.5,60,68,952,952,0.936838444121389,0.772291819441377,1.12590689819346,-1,0,0.233,3,"0.76 to 0.99","Not Significant","0.20-0.39"
"E02003948","Cornwall 067",NA,145910,31019,50.1247,-5.55633,"f10449d0-76d9-4b99-8217-b26c231899fe",7,20.79,51.59,0.006,0.0028,0.0254,"LargeFringeMetro",1,0,0,0,0,"South West",4,"Cornwall 067",33,1,178,59,944,0.33,0.5159,0.2079,0.2079,4,0.668539325842697,119,101,953,953,1.13477710788443,0.968636194098988,1.32116965945895,1,0,0.94,6,"1.01 to 1.25","Not Significant","0.80-1.00"
"E02003949","Cornwall 068",NA,147252,30346,50.1193,-5.53714,"17f8d1e4-153c-400e-98e7-7fb1c5c0864c",9,35.4,48.98,0.0114,0.0012,0.0336,"LargeFringeMetro",1,0,0,0,0,"South West",2,"Cornwall 068",31,1,113,35,639,0.31,0.4898,0.354,0.354,2,0.690265486725664,78,64,954,954,1.20870047996749,1.00820878521703,1.43728778688118,1,1,0.98,6,"1.01 to 1.25","Significant Increase","0.80-1.00"
"E02003955","Cornwall 021",NA,181827,61211,50.4101,-5.07204,"2d42144d-87e8-4ec3-8565-eae4bdc10169",5,17.79,49.33,0.0091,0.0015,0.0289,"LargeFringeMetro",1,0,0,0,0,"South West",10,"Cornwall 021",38,1,281,107,1630,0.38,0.4933,0.1779,0.1779,10,0.619217081850534,174,159,955,955,1.08091875224642,0.94397712090898,1.23204662111244,1,0,0.866,6,"1.01 to 1.25","Not Significant","0.80-1.00"
"E02003960","Cornwall 035",NA,209956,53213,50.3481,-4.67259,"e31e68c4-1539-4d05-9760-16b6bcae7297",4,23.36,49.34,0.0037,0.0012,0.0207,"Noncore",0,0,0,0,1,"South West",10,"Cornwall 035",42,1,107,45,604,0.42,0.4934,0.2336,0.2336,10,0.579439252336449,62,61,956,956,1.02904239361768,0.846335786570256,1.23939790750263,1,0,0.596,4,"1.01 to 1.25","Not Significant","0.40-0.59"
"E02003963","Cornwall 039",NA,202766,52585,50.3401,-4.7732,"8af746e1-32e4-4e24-b629-2442ca4e9647",8,19.17,48.8,0.01,0.0015,0.0223,"LargeFringeMetro",1,0,0,0,0,"South West",5,"Cornwall 039",51,1,266,136,1416,0.51,0.488,0.1917,0.1917,5,0.488721804511278,130,151,957,957,0.90656645338933,0.781707282765647,1.04554635577533,-1,0,0.087,2,"0.76 to 0.99","Not Significant","0.01-0.20"
"E02003965","Allerdale 001",NA,323279,551274,54.8504,-3.19644,"a637fd66-1cc1-4966-9c29-03dddc940147",8,16.67,49.18,0.0031,0.0004,0.007,"MediumMetro",0,1,0,0,0,"North West",10,"Allerdale 001",48.76,2,246,120,1399,0.4876,0.4918,0.1667,0.1667,10,0.51219512195122,126,140,958,958,0.920150355185127,0.790615654035499,1.06473359204286,-1,0,0.128,2,"0.76 to 0.99","Not Significant","0.01-0.20"
"E02003967","Allerdale 003",NA,314644,544298,54.7863,-3.32882,"4c7ae854-8fa9-4df7-a5ea-630d6c22c4b4",6,45.71,38.94,0.0025,0.0011,0.006,"MediumMetro",0,1,0,0,0,"North West",10,"Allerdale 003",20,1,35,7,113,0.2,0.3894,0.4571,0.4571,10,0.8,28,20,959,959,1.34804762175725,1.06207242990243,1.68744727123049,2,1,0.993,6,"1.26 to 1.50","Significant Increase","0.80-1.00"
"E02003968","Allerdale 004",NA,306359,537486,54.7236,-3.45541,"c0c8bf3a-45a0-41a0-91db-f42299f67564",8,39.8,48.43,0.0033,0.0014,0.0075,"SmallMetro",0,0,1,0,0,"North West",10,"Allerdale 004",31,1,98,30,605,0.31,0.4843,0.398,0.398,10,0.693877551020408,68,56,960,960,1.26700818715107,1.05091595303532,1.51426729968272,2,1,0.994,6,"1.26 to 1.50","Significant Increase","0.80-1.00"
"E02003971","Allerdale 007",NA,315343,526346,54.6251,-3.31274,"de03a17e-378f-4f8d-9355-d8931ecc969f",3,15.81,51.12,0.0083,0.0021,0.0132,"SmallMetro",0,0,1,0,0,"North West",10,"Allerdale 007",52,1,215,112,1334,0.52,0.5112,0.1581,0.1581,10,0.47906976744186,103,122,961,961,0.883057465562268,0.750805803944579,1.03175170835889,-1,0,0.057,2,"0.76 to 0.99","Not Significant","0.01-0.20"
"E02003975","Allerdale 011",NA,304085,527198,54.6308,-3.48732,"485d1556-e4f2-4480-8ca6-36b0ae7093df",6,25.7,43.66,0.0029,0.0008,0.0077,"LargeFringeMetro",1,0,0,0,0,"North West",10,"Allerdale 011",32.57,2,249,81,1088,0.3257,0.4366,0.257,0.257,10,0.674698795180723,168,141,962,962,1.1931256395363,1.04073945085471,1.3614245522251,1,1,0.995,6,"1.01 to 1.25","Significant Increase","0.80-1.00"
"E02003976","Allerdale 012",NA,326849,516131,54.5351,-3.13202,"9cd01a97-2465-4e95-9873-243a1b1f14d8",2,7.34,50.96,0.0126,0.0014,0.018,"Noncore",0,0,0,0,1,"North West",10,"Allerdale 012",58,1,177,103,1252,0.58,0.5096,0.0734,0.0734,10,0.418079096045198,74,100,963,963,0.786378234217938,0.655505214295181,0.935581114966725,-1,-1,0.003,1,"0.76 to 0.99","Significant Decrease","<0.01"
"E02003977","Barrow-in-Furness 001",NA,321741,477417,54.1865,-3.20075,"2563df7c-5288-4b02-bc15-2914eff66cad",8,17.87,50.05,0.0042,0.0024,0.0076,"SmallMetro",0,0,1,0,0,"North West",9,"Barrow-in-Furness 001",45,1,207,93,1011,0.45,0.5005,0.1787,0.1787,9,0.550724637681159,114,117,964,964,1.00096640930644,0.855176039355883,1.16434739741538,0,0,0.488,4,"1.00-1.009 (null value)","Not Significant","0.40-0.59"
"E02003981","Barrow-in-Furness 005",NA,320482,470209,54.1216,-3.21813,"949c1e53-68e5-4d84-a152-d9c247b02582",9,38.22,47.4,0.0158,0.0039,0.0111,"LargeFringeMetro",1,0,0,0,0,"North West",10,"Barrow-in-Furness 005",22,1,157,35,768,0.22,0.474,0.3822,0.3822,10,0.777070063694268,122,89,965,965,1.37508358654273,1.17813763721283,1.59539001260279,2,1,1,6,"1.26 to 1.50","Significant Increase","0.80-1.00"
"E02003986","Barrow-in-Furness 010",NA,320452,463415,54.0605,-3.2168,"f32daace-9674-4d7b-9c39-641b36ade4bb",8,37.01,47.4,0.0058,0.006,0.0076,"LargeFringeMetro",1,0,0,0,0,"North West",10,"Barrow-in-Furness 010",17,1,127,22,635,0.17,0.474,0.3701,0.3701,10,0.826771653543307,105,72,966,966,1.42819748811302,1.21136545779481,1.67253457103422,2,1,1,6,"1.26 to 1.50","Significant Increase","0.80-1.00"
"E02003988","Carlisle 002",NA,359134,566120,54.988,-2.64018,"ccc518b1-3964-4b1a-b17c-42ad502e9373",7,9.2,51.13,0.0054,0.0008,0.0125,"MediumMetro",0,1,0,0,0,"North West",10,"Carlisle 002",49,1,250,122,1504,0.49,0.5113,0.092,0.092,10,0.512,128,142,967,967,0.896155292852505,0.769514904757496,1.03760076569636,-1,0,0.07,2,"0.76 to 0.99","Not Significant","0.01-0.20"
"E02003992","Carlisle 006",NA,339543,556503,54.8996,-2.94427,"6b8c69dc-150d-48c7-addc-028cac90323b",10,23.43,51.19,0.0357,0.0069,0.0257,"LargeCentralMetro",0,0,0,0,0,"North West",9,"Carlisle 006",34.09,2,350,119,2260,0.3409,0.5119,0.2343,0.2343,9,0.66,231,199,968,968,1.14810169278799,1.01792419715341,1.29021683836096,1,1,0.988,6,"1.01 to 1.25","Significant Increase","0.80-1.00"
"E02003998","Carlisle 012",NA,340921,553636,54.874,-2.9222,"36e07239-532f-42e0-8ca2-1c687d45b42e",10,25.26,51.5,0.0096,0.005,0.0153,"LargeCentralMetro",0,0,0,0,0,"North West",10,"Carlisle 012",43,1,95,41,602,0.43,0.515,0.2526,0.2526,10,0.568421052631579,54,54,969,969,1.06000975734965,0.869168522313787,1.28012124302625,1,0,0.705,5,"1.01 to 1.25","Not Significant","0.60-0.79"
"E02003999","Carlisle 013",NA,338677,549023,54.8323,-2.95618,"faf1f883-bb7d-44ef-9281-dfc6a54b506c",8,19.87,52.74,0.0115,0.0028,0.0095,"LargeCentralMetro",0,0,0,0,0,"North West",10,"Carlisle 013",36.43,2,297,108,1585,0.3643,0.5274,0.1987,0.1987,10,0.636363636363636,189,168,970,970,1.111435597537,0.97509692427721,1.26140468526464,1,0,0.942,6,"1.01 to 1.25","Not Significant","0.80-1.00"
"E02004002","Copeland 003",NA,298791,517553,54.5431,-3.56597,"7603ea60-9c4a-4874-9721-b1a9fb5e3a29",8,24.52,51.9,0.0136,0.0047,0.0085,"LargeFringeMetro",1,0,0,0,0,"North West",10,"Copeland 003",33,1,155,51,998,0.33,0.519,0.2452,0.2452,10,0.670967741935484,104,88,971,971,1.18244381550769,1.00363436962096,1.38380078992563,1,1,0.977,6,"1.01 to 1.25","Significant Increase","0.80-1.00"
"E02004005","Copeland 006",NA,300014,512293,54.4961,-3.54529,"95ee2caf-ae72-45b4-9f4c-b7e932f5cd96",9,21.71,51.08,0.005,0.001,0.0065,"SmallMetro",0,0,1,0,0,"North West",10,"Copeland 006",49,1,152,74,1159,0.49,0.5108,0.2171,0.2171,10,0.513157894736842,78,86,972,972,0.983715075747518,0.824451044623135,1.16456112877174,-1,0,0.408,4,"0.76 to 0.99","Not Significant","0.40-0.59"
"E02004007","Copeland 008",NA,317615,488556,54.286,-3.26702,"bf56b65a-7ea7-43eb-bda0-23c1220b268b",8,20.73,51.35,0.0066,0.0017,0.0083,"SmallMetro",0,0,1,0,0,"North West",10,"Copeland 008",49,1,82,40,483,0.49,0.5135,0.2073,0.2073,10,0.51219512195122,42,47,973,973,0.996016712790625,0.806757860232084,1.21611353445632,-1,0,0.463,4,"0.76 to 0.99","Not Significant","0.40-0.59"
"E02004008","Eden 001",NA,367561,539757,54.7517,-2.50552,"733fef8e-440a-4cc0-9967-0a2e7ef231ab",2,41.18,51.32,0.0022,0.0008,0.0076,"SmallMetro",0,0,1,0,0,"North West",10,"Eden 001",47,1,17,8,76,0.47,0.5132,0.4118,0.4118,10,0.529411764705882,9,10,974,974,1.17955327305126,0.899930811121021,1.51846201812453,1,0,0.879,6,"1.01 to 1.25","Not Significant","0.80-1.00"
"E02004010","Eden 003",NA,350886,530058,54.6632,-2.76293,"a2993c90-8cb4-4cf4-98d6-9b7c6524bc68",7,16.44,50.11,0.0238,0.0048,0.0136,"LargeCentralMetro",0,0,0,0,0,"North West",10,"Eden 003",37,1,219,81,1369,0.37,0.5011,0.1644,0.1644,10,0.63013698630137,138,124,975,975,1.08608388475071,0.935832956947284,1.25351050692788,1,0,0.857,6,"1.01 to 1.25","Not Significant","0.80-1.00"
"E02004013","Eden 006",NA,362726,519357,54.5681,-2.57802,"e47f0f13-d82c-4435-81ab-f67b95dde4a7",3,17.33,45.16,0.0022,0.0016,0.0061,"Noncore",0,0,0,0,1,"North West",10,"Eden 006",31,1,75,23,465,0.31,0.4516,0.1733,0.1733,10,0.693333333333333,52,43,976,976,1.11160001833136,0.899886364650133,1.35823345189105,1,0,0.83,6,"1.01 to 1.25","Not Significant","0.80-1.00"
"E02004014","Eden 007",NA,372425,510456,54.4887,-2.42718,"8154e422-a0c7-49f0-84ab-b0163b0d7e51",3,21.82,49.73,0.006,0.0006,0.008,"SmallMetro",0,0,1,0,0,"North West",9,"Eden 007",38,1,55,21,376,0.38,0.4973,0.2182,0.2182,9,0.618181818181818,34,31,977,977,1.06592127139163,0.84780760259346,1.32305810310361,1,0,0.693,5,"1.01 to 1.25","Not Significant","0.60-0.79"
"E02004015","South Lakeland 001",NA,334139,507762,54.4609,-3.01751,"5ee00db0-4e04-4588-a6b7-148d8f442a22",5,9.86,49.3,0.0114,0.0054,0.0211,"Noncore",0,0,0,0,1,"North West",10,"South Lakeland 001",37,1,71,26,501,0.37,0.493,0.0986,0.0986,10,0.633802816901408,45,40,978,978,1.01806907597168,0.816850626087384,1.25396255537726,1,0,0.543,4,"1.01 to 1.25","Not Significant","0.40-0.59"
"E02004017","South Lakeland 003",NA,349477,495873,54.3559,-2.7789,"a2bc9290-5c68-41f2-a174-75f79442f691",5,11.5,51.44,0.0079,0.0032,0.0146,"LargeFringeMetro",1,0,0,0,0,"North West",10,"South Lakeland 003",48,1,200,96,1217,0.48,0.5144,0.115,0.115,10,0.52,104,113,979,979,0.940961423617532,0.79965734282811,1.0999160923168,-1,0,0.214,3,"0.76 to 0.99","Not Significant","0.20-0.39"
"E02004020","South Lakeland 006",NA,352675,490618,54.309,-2.72886,"8da5652f-5835-4610-92ac-d2bbac6ae633",6,13.89,48.2,0.0102,0.0018,0.0125,"LargeFringeMetro",1,0,0,0,0,"North West",10,"South Lakeland 006",48,1,108,52,863,0.48,0.482,0.1389,0.1389,10,0.518518518518518,56,61,980,980,0.970910821248739,0.797430435591897,1.17076818292405,-1,0,0.362,3,"0.76 to 0.99","Not Significant","0.20-0.39"
"E02004022","South Lakeland 008",NA,328289,491377,54.3129,-3.10377,"f11a79ed-879f-4715-ac54-90d146c369cb",2,18.75,48.94,0.0029,0.0009,0.0067,"Noncore",0,0,0,0,1,"North West",10,"South Lakeland 008",34,1,32,11,141,0.34,0.4894,0.1875,0.1875,10,0.65625,21,18,981,981,1.0490384928335,0.811127576441859,1.33516726091298,1,0,0.622,5,"1.01 to 1.25","Not Significant","0.60-0.79"
"E02004023","South Lakeland 009",NA,368850,489783,54.3027,-2.48019,"0c91cbf6-24e5-49c9-9e15-d2248352cb21",5,8.33,49.81,0.0063,0.003,0.0153,"SmallMetro",0,0,1,0,0,"North West",9,"South Lakeland 009",55.96,3,252,141,1558,0.5596,0.4981,0.0833,0.0833,9,0.44047619047619,111,143,982,982,0.816263616136366,0.697224124995946,0.949660275652118,-1,-1,0.004,1,"0.76 to 0.99","Significant Decrease","<0.01"
"E02004025","South Lakeland 011",NA,350585,479344,54.2075,-2.75911,"43a3f249-8c4e-4136-a903-cf0787d84a6e",7,8.82,53.99,0.0048,0.0023,0.0105,"SmallMetro",0,0,1,0,0,"North West",10,"South Lakeland 011",44,1,136,60,952,0.44,0.5399,0.0882,0.0882,10,0.558823529411765,76,77,983,983,0.975757717492583,0.812187984048665,1.16252927457212,-1,0,0.376,3,"0.76 to 0.99","Not Significant","0.20-0.39"
"E02004026","South Lakeland 012",NA,329750,478109,54.1939,-3.0782,"ba5b5f8b-3bf2-4bca-988b-f9b91d09f66f",8,10.29,51.23,0.0136,0.0011,0.0132,"LargeFringeMetro",1,0,0,0,0,"North West",10,"South Lakeland 012",53,1,204,108,1339,0.53,0.5123,0.1029,0.1029,10,0.470588235294118,96,116,984,984,0.8841299384739,0.749688187670608,1.03554993897947,-1,0,0.062,2,"0.76 to 0.99","Not Significant","0.01-0.20"
"E02004027","South Lakeland 013",NA,337393,477513,54.1895,-2.96096,"42f4d7bc-e30e-45af-9aee-8b591ef0270e",7,8.82,45.09,0.0043,0.0038,0.0068,"Noncore",0,0,0,0,1,"North West",10,"South Lakeland 013",50,1,68,34,346,0.5,0.4509,0.0882,0.0882,10,0.5,34,39,985,985,0.932231857282608,0.743196387774976,1.15460008905379,-1,0,0.247,3,"0.76 to 0.99","Not Significant","0.20-0.39"
"E02004029","Amber Valley 001",NA,441282,355982,53.0995,-1.38491,"ae0febd4-4dee-4ee8-b66f-5dbc4f67465c",10,40.54,49.43,0.0151,0.0031,0.017,"LargeCentralMetro",0,0,0,0,0,"East Midlands",10,"Amber Valley 001",31,1,74,23,352,0.31,0.4943,0.4054,0.4054,10,0.689189189189189,51,42,986,986,1.26676281321499,1.034282357177,1.53574240938344,2,1,0.989,6,"1.26 to 1.50","Significant Increase","0.80-1.00"
"E02004032","Amber Valley 004",NA,441082,353274,53.0751,-1.38824,"d37629e4-ef72-4a1b-b24b-3750ce790ab5",7,21.15,47.45,0.0068,0.0015,0.009,"LargeCentralMetro",0,0,0,0,0,"East Midlands",10,"Amber Valley 004",38,1,208,79,1176,0.38,0.4745,0.2115,0.2115,10,0.620192307692308,129,118,987,987,1.08895230579004,0.935770580411482,1.25994916777394,1,0,0.861,6,"1.01 to 1.25","Not Significant","0.80-1.00"
"E02004033","Amber Valley 005",NA,442534,350758,53.0524,-1.3669,"6f336183-726e-4b10-b143-cc5b35beb6e5",8,35.56,50.54,0.0073,0.0037,0.0154,"LargeCentralMetro",0,0,0,0,0,"East Midlands",10,"Amber Valley 005",20,1,90,18,643,0.2,0.5054,0.3556,0.3556,10,0.8,72,51,988,988,1.33749132249345,1.10789492624962,1.60063942331149,2,1,0.999,6,"1.26 to 1.50","Significant Increase","0.80-1.00"
"E02004039","Amber Valley 011",NA,436626,345613,53.0066,-1.45562,"6b1c0869-38db-4bf0-9c86-62e318d25b13",6,16.04,50.31,0.0093,0.0032,0.0154,"LargeCentralMetro",0,0,0,0,0,"East Midlands",10,"Amber Valley 011",46,1,212,98,1294,0.46,0.5031,0.1604,0.1604,10,0.537735849056604,114,120,989,989,0.960947139966324,0.82071404927221,1.11815470716664,-1,0,0.292,3,"0.76 to 0.99","Not Significant","0.20-0.39"
"E02004040","Amber Valley 012",NA,442831,346786,53.0167,-1.363,"2e829349-b450-4eae-b77e-a8e5d7211718",7,23.25,52.05,0.0069,0.0015,0.0127,"LargeCentralMetro",0,0,0,0,0,"East Midlands",10,"Amber Valley 012",38,1,228,87,1266,0.38,0.5205,0.2325,0.2325,10,0.618421052631579,141,129,990,990,1.08867814532315,0.94030518545677,1.25370795415247,1,0,0.869,6,"1.01 to 1.25","Not Significant","0.80-1.00"
"E02004043","Amber Valley 015",NA,439408,345615,53.0064,-1.41416,"592dac45-aa7b-4b0d-a881-de9e2d3c64d3",8,27.52,51.02,0.0074,0.0025,0.013,"Micropolitan",0,0,0,1,0,"East Midlands",10,"Amber Valley 015",33,1,109,36,586,0.33,0.5102,0.2752,0.2752,10,0.669724770642202,73,62,991,991,1.15695966272927,0.959923842103745,1.38247414124073,1,0,0.936,6,"1.01 to 1.25","Not Significant","0.80-1.00"
"E02004044","Amber Valley 016",NA,431213,341003,52.9655,-1.53673,"e4b916a6-a312-4a41-a12e-afa219d0c3ac",2,11.43,49.44,0.0325,0.0052,0.0307,"MediumMetro",0,1,0,0,0,"East Midlands",10,"Amber Valley 016",73,1,210,153,1436,0.73,0.4944,0.1143,0.1143,10,0.271428571428571,57,119,992,992,0.600353476733543,0.498226338295983,0.71698653878815,-2,-1,0,1,"0.51 to 0.75","Significant Decrease","<0.01"
"E02004048","Bolsover 004",NA,446951,372142,53.2443,-1.29789,"a81dd744-a867-443f-ab05-24aff58d469e",8,38.03,51.41,0.0072,0.005,0.0138,"LargeCentralMetro",0,0,0,0,0,"East Midlands",10,"Bolsover 004",39,1,142,55,782,0.39,0.5141,0.3803,0.3803,10,0.612676056338028,87,81,993,993,1.13479562974578,0.956387880453155,1.33662271946926,1,0,0.925,6,"1.01 to 1.25","Not Significant","0.80-1.00"
"E02004050","Bolsover 006",NA,452012,368255,53.2088,-1.22269,"6ac4e5e6-f771-4cbd-9a0b-d99be91a41e4",7,46.31,49.62,0.0065,0.0095,0.0155,"LargeCentralMetro",0,0,0,0,0,"East Midlands",10,"Bolsover 006",23,1,149,34,794,0.23,0.4962,0.4631,0.4631,10,0.771812080536913,115,85,994,994,1.35444636783807,1.1565725954281,1.57632067542497,2,1,1,6,"1.26 to 1.50","Significant Increase","0.80-1.00"
"E02004052","Bolsover 008",NA,445645,364405,53.1748,-1.31856,"b0b7ee4f-be6f-433c-8d41-03360010a8fa",8,24.84,46.54,0.012,0.0031,0.011,"Micropolitan",0,0,0,1,0,"East Midlands",10,"Bolsover 008",41,1,153,63,866,0.41,0.4654,0.2484,0.2484,10,0.588235294117647,90,87,995,995,1.06123280591301,0.89374643685585,1.25085517739068,1,0,0.742,5,"1.01 to 1.25","Not Significant","0.60-0.79"
"E02004055","Chesterfield 001",NA,438606,374995,53.2706,-1.42259,"68cb7deb-d6b0-4fb6-b321-9c7f8ed5dd4d",9,40.74,43.9,0.0085,0.0055,0.0183,"LargeCentralMetro",0,0,0,0,0,"East Midlands",10,"Chesterfield 001",23,1,81,19,344,0.23,0.439,0.4074,0.4074,10,0.765432098765432,62,46,996,996,1.34248894147537,1.10569132367358,1.61488583875466,2,1,0.999,6,"1.26 to 1.50","Significant Increase","0.80-1.00"
"E02004056","Chesterfield 002",NA,444459,375146,53.2715,-1.33481,"76ab01ba-8931-495b-9991-7461a379c424",10,28.57,52.41,0.0073,0.0087,0.0215,"LargeCentralMetro",0,0,0,0,0,"East Midlands",10,"Chesterfield 002",49,1,168,82,1181,0.49,0.5241,0.2857,0.2857,10,0.511904761904762,86,95,997,997,0.984584598463636,0.83055653621089,1.15867528166833,-1,0,0.41,4,"0.76 to 0.99","Not Significant","0.40-0.59"
"E02004058","Chesterfield 004",NA,436387,374125,53.2629,-1.45596,"4c7e336f-a835-406a-b6bb-c904c061de5e",10,9.74,52.79,0.0187,0.0089,0.0251,"LargeCentralMetro",0,0,0,0,0,"East Midlands",10,"Chesterfield 004",59,1,195,115,1271,0.59,0.5279,0.0974,0.0974,10,0.41025641025641,80,111,998,998,0.795914627773717,0.669074723605085,0.939609658144318,-1,-1,0.004,1,"0.76 to 0.99","Significant Decrease","<0.01"
"E02004061","Chesterfield 007",NA,437855,372732,53.2503,-1.43411,"a6fdda3c-c06a-4e48-915f-8c4dab7b2f0b",9,33.33,49.26,0.0245,0.0105,0.0242,"LargeCentralMetro",0,0,0,0,0,"East Midlands",10,"Chesterfield 007",49,1,123,60,883,0.49,0.4926,0.3333,0.3333,10,0.51219512195122,63,70,999,999,1.01427973145553,0.841953806914369,1.21122439211961,1,0,0.542,4,"1.01 to 1.25","Not Significant","0.40-0.59"
"E02004065","Chesterfield 011",NA,435329,370375,53.2293,-1.47223,"21acfcb0-76ba-4c89-92cc-cc87f1e71a15",8,16.94,47.23,0.0148,0.0059,0.0149,"LargeCentralMetro",0,0,0,0,0,"East Midlands",10,"Chesterfield 011",57,1,183,104,1226,0.57,0.4723,0.1694,0.1694,10,0.431693989071038,79,104,1000,1000,0.848100767464615,0.712964129707549,1.00117746550317,-1,0,0.026,2,"0.76 to 0.99","Not Significant","0.01-0.20"
"E02004076","Derbyshire Dales 009",NA,418281,346037,53.0113,-1.72898,"eda40ff5-6074-445a-befa-3da3bed3eda2",6,15.34,49.88,0.0062,0.0024,0.0171,"MediumMetro",0,1,0,0,0,"East Midlands",6,"Derbyshire Dales 009",56,1,189,106,1293,0.56,0.4988,0.1534,0.1534,6,0.439153439153439,83,107,1001,1001,0.813287615638862,0.683061972451871,0.960976807576311,-1,-1,0.008,1,"0.76 to 0.99","Significant Decrease","<0.01"
"E02004080","Erewash 003",NA,446968,341929,52.9727,-1.30204,"a292114e-452c-4313-8d09-c6ff2b78fc94",9,42.11,52.18,0.0171,0.0047,0.0206,"LargeCentralMetro",0,0,0,0,0,"East Midlands",4,"Erewash 003",21,1,114,24,619,0.21,0.5218,0.4211,0.4211,4,0.789473684210526,90,65,1002,1002,1.33345300906533,1.11998388629006,1.57570381878695,2,1,0.999,6,"1.26 to 1.50","Significant Increase","0.80-1.00"
"E02004084","Erewash 007",NA,445343,340217,52.9574,-1.32647,"80b5ddc8-e7e0-4a55-ab65-a8e93ab5868d",8,19.67,50.08,0.0042,0.0047,0.0127,"LargeCentralMetro",0,0,0,0,0,"East Midlands",7,"Erewash 007",52,1,122,63,647,0.52,0.5008,0.1967,0.1967,7,0.483606557377049,59,69,1003,1003,0.925872874725552,0.764018976203532,1.11168516640666,-1,0,0.196,2,"0.76 to 0.99","Not Significant","0.01-0.20"
"E02004092","Erewash 015",NA,447645,331879,52.8823,-1.29343,"dc3fe188-16c8-4487-b76f-425c3c1d8d87",6,20.21,48.27,0.0166,0.0052,0.0282,"LargeCentralMetro",0,0,0,0,0,"East Midlands",10,"Erewash 015",40,1,193,77,1216,0.4,0.4827,0.2021,0.2021,10,0.601036269430052,116,109,1004,1004,1.04940324751786,0.89583127829774,1.22165683553286,1,0,0.715,5,"1.01 to 1.25","Not Significant","0.60-0.79"
"E02004095","High Peak 003",NA,403595,394003,53.4428,-1.94734,"d21ad7c8-9045-4e60-a04e-4fe8a16ab59e",9,29.67,53.47,0.009,0.0033,0.0214,"LargeCentralMetro",0,0,0,0,0,"East Midlands",10,"High Peak 003",32,1,91,29,432,0.32,0.5347,0.2967,0.2967,10,0.681318681318681,62,52,1005,1005,1.17477923951268,0.966958891241548,1.41396393762532,1,0,0.947,6,"1.01 to 1.25","Not Significant","0.80-1.00"
"E02004097","High Peak 005",NA,401349,389013,53.398,-1.98118,"15042445-be44-4370-9b88-f855d50d0149",5,16.28,48.71,0.0049,0.002,0.019,"LargeCentralMetro",0,0,0,0,0,"East Midlands",10,"High Peak 005",44,1,86,38,542,0.44,0.4871,0.1628,0.1628,10,0.558139534883721,48,49,1006,1006,0.97814440125939,0.794303587300925,1.19172188341321,-1,0,0.395,3,"0.76 to 0.99","Not Significant","0.20-0.39"
"E02004108","North East Derbyshire 004",NA,437574,378158,53.2991,-1.43769,"7cc1bb00-c408-4d1d-baff-7a0086092777",9,10.92,50.03,0.0118,0.0033,0.0177,"LargeCentralMetro",0,0,0,0,0,"East Midlands",5,"North East Derbyshire 004",54,1,284,153,1771,0.54,0.5003,0.1092,0.1092,5,0.461267605633803,131,161,1007,1007,0.842080168004374,0.72575923259845,0.971618608862237,-1,-1,0.009,1,"0.76 to 0.99","Significant Decrease","<0.01"
"E02004130","East Devon 002",NA,316994,100710,50.8,-3.17924,"6784c164-0874-43f3-b30f-6bf668fe5b7f",8,14.18,47.66,0.0157,0.0034,0.0156,"LargeCentralMetro",0,0,0,0,0,"South West",8,"East Devon 002",48,1,134,64,726,0.48,0.4766,0.1418,0.1418,8,0.522388059701492,70,76,1008,1008,0.946106721929054,0.786087178781582,1.12900386680557,-1,0,0.258,3,"0.76 to 0.99","Not Significant","0.20-0.39"
"E02004136","East Devon 008",NA,308177,93174,50.7309,-3.30244,"287004f8-a537-400c-ab15-eb8fafe369aa",4,12.57,47.66,0.0091,0.0012,0.0178,"MediumMetro",0,1,0,0,0,"South West",8,"East Devon 008",56,1,183,102,1133,0.56,0.4766,0.1257,0.1257,8,0.442622950819672,81,104,1009,1009,0.807756052427242,0.677023885982869,0.956248028013344,-1,-1,0.007,1,"0.76 to 0.99","Significant Decrease","<0.01"
"E02004144","East Devon 016",NA,300541,82558,50.6342,-3.40774,"c65d594c-4746-4fe7-875a-0bc25bd1eb71",6,17.54,49.54,0.0034,0.0013,0.0112,"LargeCentralMetro",0,0,0,0,0,"South West",2,"East Devon 016",41,1,382,157,2273,0.41,0.4954,0.1754,0.1754,2,0.589005235602094,225,217,1010,1010,1.0198762170649,0.902773633993829,1.14787007569034,1,0,0.614,5,"1.01 to 1.25","Not Significant","0.60-0.79"
"E02004150","Exeter 002",NA,294117,94955,50.7445,-3.5021,"f2e179e4-f375-4acf-81a9-8f197005350f",6,32.58,45.75,0.0582,0.0125,0.0445,"LargeCentralMetro",0,0,0,0,0,"South West",10,"Exeter 002",45,1,132,59,824,0.45,0.4575,0.3258,0.3258,10,0.553030303030303,73,75,1011,1011,1.02742568155869,0.857029446712371,1.22159935054632,1,0,0.6,5,"1.01 to 1.25","Not Significant","0.60-0.79"
"E02004159","Exeter 011",NA,295430,91298,50.7119,-3.48246,"f8d92acc-8760-4d3e-8e8e-ca4a3e8eb1ef",4,18.4,48.61,0.0398,0.006,0.0305,"LargeCentralMetro",0,0,0,0,0,"South West",10,"Exeter 011",60,1,250,150,1259,0.6,0.4861,0.184,0.184,10,0.4,100,142,1012,1012,0.775112564186495,0.660104066413687,0.904211212449565,-1,-1,0.001,1,"0.76 to 0.99","Significant Decrease","<0.01"
"E02004161","Exeter 013",NA,293852,91512,50.7135,-3.50486,"958b8cb2-906c-4710-a77d-39de8dba55da",7,26.72,53.46,0.062,0.0078,0.036,"LargeCentralMetro",0,0,0,0,0,"South West",7,"Exeter 013",44,1,116,51,679,0.44,0.5346,0.2672,0.2672,7,0.560344827586207,65,66,1013,1013,1.00403698778996,0.83030008648497,1.20328337783363,0,0,0.497,4,"1.00-1.009 (null value)","Not Significant","0.40-0.59"
"E02004166","Mid Devon 003",NA,311366,113233,50.9117,-3.26212,"c935043c-3029-4abd-9b3a-df78fc06af60",4,13.64,48.28,0.0037,0.0004,0.0122,"MediumMetro",0,1,0,0,0,"South West",8,"Mid Devon 003",65,1,198,129,1015,0.65,0.4828,0.1364,0.1364,8,0.348484848484849,69,112,1014,1014,0.705884107531341,0.589415296000984,0.838417849164339,-2,-1,0,1,"0.51 to 0.75","Significant Decrease","<0.01"
"E02004174","Mid Devon 011",NA,283495,99989,50.7877,-3.65419,"02e71834-6755-4168-8323-da31468b0e5a",6,18.01,52.28,0.0076,0.002,0.014,"MediumMetro",0,1,0,0,0,"South West",3,"Mid Devon 011",45,1,211,95,1358,0.45,0.5228,0.1801,0.1801,3,0.549763033175355,116,120,1015,1015,0.942426988035935,0.803733762187462,1.09811032795975,-1,0,0.216,3,"0.76 to 0.99","Not Significant","0.20-0.39"
"E02004175","North Devon 001",NA,253249,146186,51.196,-4.10168,"387105dd-73db-439b-ac14-4337121533cf",8,26.53,52.19,0.0056,0.0021,0.02,"LargeFringeMetro",1,0,0,0,0,"South West",7,"North Devon 001",30,1,147,44,958,0.3,0.5219,0.2653,0.2653,7,0.700680272108844,103,83,1016,1016,1.21084235489545,1.0257060134788,1.41965562951818,1,1,0.988,6,"1.01 to 1.25","Significant Increase","0.80-1.00"
"E02004179","North Devon 005",NA,251236,135605,51.1004,-4.12609,"55cb49fb-15c7-4ae8-af9c-6a30c8902adb",3,12.82,44.46,0.0155,0.0081,0.0214,"SmallMetro",0,0,1,0,0,"South West",9,"North Devon 005",43,1,117,50,668,0.43,0.4446,0.1282,0.1282,9,0.572649572649573,67,66,1017,1017,0.987345648827555,0.815066468113608,1.18523444689713,-1,0,0.427,4,"0.76 to 0.99","Not Significant","0.40-0.59"
"E02004181","North Devon 007",NA,255316,134032,51.0873,-4.06723,"e8571fd0-ee8b-410e-b372-4e2997dc2817",8,16.8,49.26,0.0236,0.0072,0.0182,"LargeFringeMetro",1,0,0,0,0,"South West",3,"North Devon 007",37,1,256,95,1287,0.37,0.4926,0.168,0.168,3,0.62890625,161,145,1018,1018,1.08892313369516,0.946537170401466,1.24659206876168,1,0,0.88,6,"1.01 to 1.25","Not Significant","0.80-1.00"
"E02004187","North Devon 013",NA,270774,131798,51.0709,-3.84585,"c2b73b11-79b8-4d27-8d28-1dad8ec5b1b5",4,16.52,45.21,0.009,0.0034,0.0152,"SmallMetro",0,0,1,0,0,"South West",6,"North Devon 013",50,1,115,58,606,0.5,0.4521,0.1652,0.1652,6,0.495652173913044,57,65,1019,1019,0.919949742176103,0.755627183784495,1.10926036317332,-1,0,0.183,2,"0.76 to 0.99","Not Significant","0.01-0.20"
"E02004188","North Devon 014",NA,274022,120579,50.9708,-3.79561,"14556ca3-d1f1-4d36-94ab-7e7f5afe4079",3,20.69,49.08,0.0068,0.0014,0.0086,"SmallMetro",0,0,1,0,0,"South West",8,"North Devon 014",50,1,116,58,546,0.5,0.4908,0.2069,0.2069,8,0.5,58,66,1020,1020,0.939066120828796,0.77289714844805,1.13020263433467,-1,0,0.242,3,"0.76 to 0.99","Not Significant","0.20-0.39"
"E02004193","South Hams 005",NA,263297,56350,50.3911,-3.92451,"1950eb45-a185-4e88-a4eb-50cba08d56f2",3,11.9,44.88,0.0042,0.0009,0.0117,"LargeCentralMetro",0,0,0,0,0,"South West",9,"South Hams 005",53,1,353,187,2402,0.53,0.4488,0.119,0.119,9,0.470254957507082,166,200,1021,1021,0.849880642043876,0.741829209586067,0.969137176395511,-1,-1,0.008,1,"0.76 to 0.99","Significant Decrease","<0.01"
"E02004198","South Hams 010",NA,272439,42779,50.2711,-3.79137,"c5e54c73-c6b6-4d7a-b706-486a754c9991",5,13.93,49.86,0.0083,0.0021,0.0099,"SmallMetro",0,0,1,0,0,"South West",10,"South Hams 010",62,1,201,125,1418,0.62,0.4986,0.1393,0.1393,10,0.378109452736318,76,114,1022,1022,0.770288918947904,0.646950900681659,0.910052969414387,-1,-1,0.001,1,"0.76 to 0.99","Significant Decrease","<0.01"
"E02004208","Teignbridge 008",NA,293759,74518,50.5607,-3.5013,"3a20cfb7-70fe-4906-a456-341ae4104cde",4,20.78,50.49,0.0076,0.0019,0.0132,"LargeCentralMetro",0,0,0,0,0,"South West",10,"Teignbridge 008",31,1,154,48,1012,0.31,0.5049,0.2078,0.2078,10,0.688311688311688,106,87,1023,1023,1.15106690608026,0.975031216438301,1.34966515311889,1,0,0.951,6,"1.01 to 1.25","Not Significant","0.80-1.00"
"E02004212","Teignbridge 012",NA,285291,71949,50.536,-3.62002,"030ffd2e-029a-43cc-9baa-b821692c60f7",6,22.89,49.92,0.0089,0.0019,0.0193,"LargeCentralMetro",0,0,0,0,0,"South West",10,"Teignbridge 012",35.2,2,284,100,1945,0.352,0.4992,0.2289,0.2289,10,0.647887323943662,184,161,1024,1024,1.12383893835431,0.984332330453077,1.27748082882845,1,0,0.957,6,"1.01 to 1.25","Not Significant","0.80-1.00"
"E02004213","Teignbridge 013",NA,284126,74183,50.5559,-3.63714,"2b8fee18-2712-4b0e-b3d1-73f889ac32f6",7,12.82,50.42,0.0072,0.006,0.0165,"LargeCentralMetro",0,0,0,0,0,"South West",10,"Teignbridge 013",36,1,195,70,1079,0.36,0.5042,0.1282,0.1282,10,0.641025641025641,125,111,1025,1025,1.08075194113385,0.92509628334649,1.25503971259665,1,0,0.831,6,"1.01 to 1.25","Not Significant","0.80-1.00"
"E02004214","Teignbridge 014",NA,286513,71416,50.5315,-3.60262,"cdf393b2-384f-467c-8464-f33804e0769e",8,26.09,10.69,0.0253,0.0016,0.0177,"LargeCentralMetro",0,0,0,0,0,"South West",10,"Teignbridge 014",30,1,46,14,159,0.3,0.1069,0.2609,0.2609,10,0.695652173913043,32,26,1026,1026,1.25374456771294,0.995388627763283,1.55864144574353,2,0,0.972,6,"1.26 to 1.50","Not Significant","0.80-1.00"
"E02004217","Teignbridge 017",NA,275170,71544,50.5303,-3.76263,"f8a09462-24ba-49c4-aa82-b8d4e366991b",5,15.51,45.33,0.0063,0.0013,0.0209,"Micropolitan",0,0,0,1,0,"South West",10,"Teignbridge 017",41,1,245,100,1381,0.41,0.4533,0.1551,0.1551,10,0.591836734693878,145,139,1027,1027,1.02335662609705,0.883966806816216,1.17840316505617,1,0,0.609,5,"1.01 to 1.25","Not Significant","0.60-0.79"
"E02004223","Torridge 004",NA,250786,124328,50.9989,-4.12787,"fc7c1168-3d13-4d08-9a56-b53bf3230627",7,24.24,48.32,0.0042,0.0014,0.0108,"LargeFringeMetro",1,0,0,0,0,"South West",10,"Torridge 004",33,1,231,76,1308,0.33,0.4832,0.2424,0.2424,10,0.670995670995671,155,131,1028,1028,1.18076478847628,1.02520834361008,1.35313664293146,1,1,0.99,6,"1.01 to 1.25","Significant Increase","0.80-1.00"
"E02004225","Torridge 006",NA,249793,120211,50.9617,-4.1403,"40c81719-dce6-4cbf-9c44-4fc97900ccb3",5,14.29,48.97,0.004,0.001,0.0114,"SmallMetro",0,0,1,0,0,"South West",10,"Torridge 006",48,1,112,54,682,0.48,0.4897,0.1429,0.1429,10,0.517857142857143,58,64,1029,1029,0.945785406778628,0.777403656940671,1.13968219035601,-1,0,0.267,3,"0.76 to 0.99","Not Significant","0.20-0.39"
"E02004239","Bournemouth, Christchurch and Poole 018",NA,419296,93864,50.7441,-1.72788,"4693fae4-cfdd-4810-b724-6ef167aa736f",2,14.16,50.29,0.0107,0.0014,0.0147,"LargeCentralMetro",0,0,0,0,0,"South West",10,"Bournemouth, Christchurch and Poole 018",42,1,226,95,1398,0.42,0.5029,0.1416,0.1416,10,0.579646017699115,131,128,1030,1030,0.995943245558548,0.855424782087227,1.15288347233744,-1,0,0.463,4,"0.76 to 0.99","Not Significant","0.40-0.59"
"E02004240","Bournemouth, Christchurch and Poole 024",NA,417415,93381,50.7398,-1.75456,"7f95a0e7-3ed6-441f-877a-41fd9288b40f",5,38.71,45.02,0.0157,0.0029,0.0218,"LargeCentralMetro",0,0,0,0,0,"South West",9,"Bournemouth, Christchurch and Poole 024",24,1,93,22,522,0.24,0.4502,0.3871,0.3871,9,0.763440860215054,71,53,1031,1031,1.28954018085784,1.06834277309529,1.54300369932123,2,1,0.996,6,"1.26 to 1.50","Significant Increase","0.80-1.00"
"E02004241","Bournemouth, Christchurch and Poole 031",NA,415498,92931,50.7358,-1.78174,"93e56d7b-4b63-4a03-8039-eb421c7c67bc",4,14.17,47.42,0.0175,0.0017,0.0241,"LargeCentralMetro",0,0,0,0,0,"South West",10,"Bournemouth, Christchurch and Poole 031",48,1,240,115,1668,0.48,0.4742,0.1417,0.1417,10,0.520833333333333,125,136,1032,1032,0.924272733829094,0.793263287937955,1.07063701687704,-1,0,0.142,2,"0.76 to 0.99","Not Significant","0.01-0.20"
"E02004247","Dorset 013",NA,398316,106653,50.8594,-2.02529,"b0e6821e-58fe-492b-b346-f80f99d97b86",2,11.17,47.84,0.0039,0.001,0.0104,"LargeCentralMetro",0,0,0,0,0,"South West",6,"Dorset 013",36,1,385,139,1576,0.36,0.4784,0.1117,0.1117,6,0.638961038961039,246,218,1033,1033,1.08400894310542,0.962725678222563,1.21627386438858,1,0,0.907,6,"1.01 to 1.25","Not Significant","0.80-1.00"
"E02004251","Dorset 020",NA,405666,100922,50.8078,-1.92095,"0b45bf98-e2ca-4522-af38-c43532fbc0b6",2,18.29,52.32,0.0112,0.0009,0.0077,"LargeCentralMetro",0,0,0,0,0,"South West",3,"Dorset 020",42,1,164,69,755,0.42,0.5232,0.1829,0.1829,3,0.579268292682927,95,93,1034,1034,0.981939344925783,0.82720672470005,1.15716306961514,-1,0,0.398,3,"0.76 to 0.99","Not Significant","0.20-0.39"
"E02004255","Dorset 001",NA,380340,126244,51.0352,-2.28175,"fcea16b8-62ed-4f33-8624-edcc125658d4",5,12.55,48.82,0.0103,0.0018,0.0115,"LargeFringeMetro",1,0,0,0,0,"South West",7,"Dorset 001",46,1,263,121,1733,0.46,0.4882,0.1255,0.1255,7,0.539923954372624,142,149,1035,1035,0.961081819761692,0.830881285407547,1.10578835275513,-1,0,0.28,3,"0.76 to 0.99","Not Significant","0.20-0.39"
"E02004257","Dorset 003",NA,386032,123146,51.0075,-2.20046,"969867a6-5934-44b9-9e3e-aec5cb1a22b3",4,15,50.7,0.0143,0.0023,0.0179,"SmallMetro",0,0,1,0,0,"South West",5,"Dorset 003",43,1,120,52,1073,0.43,0.507,0.15,0.15,5,0.566666666666667,68,68,1036,1036,0.971681183219727,0.802796950933346,1.16555859224394,-1,0,0.362,3,"0.76 to 0.99","Not Significant","0.20-0.39"
"E02004261","Dorset 011",NA,388883,107111,50.8634,-2.15933,"c15c5dc6-f0a4-4be3-ac68-6f342717b739",6,17.04,44.88,0.0151,0.0017,0.0144,"LargeCentralMetro",0,0,0,0,0,"South West",4,"Dorset 011",31,1,135,42,987,0.31,0.4488,0.1704,0.1704,4,0.688888888888889,93,77,1037,1037,1.11846722934993,0.939124358813479,1.3220897012446,1,0,0.892,6,"1.01 to 1.25","Not Significant","0.80-1.00"
"E02004264","Dorset 028",NA,396918,93844,50.7442,-2.04504,"2bee07b3-59f1-4935-b0b9-9d3b8d6598c5",7,17.47,51.3,0.0075,0.0017,0.0154,"Micropolitan",0,0,0,1,0,"South West",10,"Dorset 028",41,1,229,94,1425,0.41,0.513,0.1747,0.1747,10,0.589519650655022,135,130,1038,1038,1.02830170701193,0.885048313449987,1.18804461629421,1,0,0.63,5,"1.01 to 1.25","Not Significant","0.60-0.79"
"E02004268","Dorset 042",NA,402323,79081,50.6114,-1.96852,"02d9d646-44c8-4e78-af13-37931ccd020e",7,31.25,47.12,0.0083,0.0023,0.0194,"SmallMetro",0,0,1,0,0,"South West",8,"Dorset 042",38,1,48,18,295,0.38,0.4712,0.3125,0.3125,8,0.625,30,27,1039,1039,1.15249989972678,0.913930436932608,1.43422993882006,1,0,0.88,6,"1.01 to 1.25","Not Significant","0.80-1.00"
"E02004269","Dorset 004",NA,363277,116859,50.95,-2.52414,"7ac669ac-7c51-47f0-a584-8e3bd70e5f10",3,13.73,51.32,0.0196,0.0034,0.0162,"LargeFringeMetro",1,0,0,0,0,"South West",4,"Dorset 004",46,1,233,107,1590,0.46,0.5132,0.1373,0.1373,4,0.540772532188841,126,132,1040,1040,0.947984149100043,0.81326457067641,1.0985533287987,-1,0,0.231,3,"0.76 to 0.99","Not Significant","0.20-0.39"
"E02004271","Dorset 019",NA,348303,100971,50.806,-2.73504,"c21cb1b7-09ae-4f54-867b-6c991006dc1c",5,18.75,49.16,0.0058,0.0016,0.0122,"Noncore",0,0,0,0,1,"South West",8,"Dorset 019",40,1,96,38,651,0.4,0.4916,0.1875,0.1875,8,0.604166666666667,58,54,1041,1041,1.04548195488095,0.854597166534539,1.2662634706232,1,0,0.652,5,"1.01 to 1.25","Not Significant","0.60-0.79"
"E02004272","Dorset 022",NA,367444,99373,50.793,-2.46326,"fd2730b3-3d77-46f7-b22b-fd072e93393e",4,25.71,38.35,0.0062,0.0012,0.0106,"Micropolitan",0,0,0,1,0,"South West",8,"Dorset 022",6,1,35,2,133,0.06,0.3835,0.2571,0.2571,8,0.942857142857143,33,20,1042,1042,1.27154450390811,0.997541904163434,1.59815864276709,2,0,0.974,6,"1.26 to 1.50","Not Significant","0.80-1.00"
"E02004273","Dorset 023",NA,338214,99437,50.7912,-2.87795,"2b7ad033-f9dd-482d-a82b-3fa932416589",4,9.55,52.17,0.0052,0.0021,0.012,"SmallMetro",0,0,1,0,0,"South West",4,"Dorset 023",62,1,157,97,1037,0.62,0.5217,0.0955,0.0955,4,0.382165605095541,60,89,1043,1043,0.753974879102418,0.6233062210704,0.903754875817005,-1,-1,0.001,1,"0.76 to 0.99","Significant Decrease","<0.01"
"E02004274","Dorset 026",NA,347348,93973,50.743,-2.74759,"5b43ff87-9955-4be8-a844-7efdd1679b06",7,15.75,48.07,0.0101,0.0014,0.0145,"LargeFringeMetro",1,0,0,0,0,"South West",7,"Dorset 026",40,1,127,51,828,0.4,0.4807,0.1575,0.1575,7,0.598425196850394,76,72,1044,1044,1.05025037573932,0.874979697535966,1.2502473036842,1,0,0.688,5,"1.01 to 1.25","Not Significant","0.60-0.79"
"E02004294","County Durham 013",NA,426734,550168,54.8456,-1.58522,"2fe101b5-0d88-4c4b-80fc-4532f492e9ae",6,26.29,49.49,0.0127,0.0011,0.0108,"LargeCentralMetro",0,0,0,0,0,"North East",4,"County Durham 013",34,1,213,72,1378,0.34,0.4949,0.2629,0.2629,4,0.661971830985915,141,121,1045,1045,1.1346665755287,0.97877491879287,1.30824473323827,1,0,0.952,6,"1.01 to 1.25","Not Significant","0.80-1.00"
"E02004301","County Durham 008",NA,420740,551561,54.8584,-1.67846,"237a0fc0-21c8-41e6-ae54-058b0ba17cd7",9,46.51,50.97,0.011,0.001,0.0082,"LargeCentralMetro",0,0,0,0,0,"North East",4,"County Durham 008",26,1,172,45,1026,0.26,0.5097,0.4651,0.4651,4,0.738372093023256,127,98,1046,1046,1.30501227672653,1.1211081867233,1.5103309538847,2,1,1,6,"1.26 to 1.50","Significant Increase","0.80-1.00"
"E02004303","County Durham 010",NA,411077,551835,54.8612,-1.82897,"867f893f-f279-42c1-a7df-f0afd271f8ed",8,34.84,49.8,0.0054,0.0012,0.0096,"LargeCentralMetro",0,0,0,0,0,"North East",4,"County Durham 010",24,1,221,53,1233,0.24,0.498,0.3484,0.3484,4,0.760180995475113,168,125,1047,1047,1.30432565592854,1.13593772304853,1.49054667741125,2,1,1,6,"1.26 to 1.50","Significant Increase","0.80-1.00"
"E02004306","County Durham 020",NA,416978,546992,54.8175,-1.73733,"3949a8b6-5c0a-4f08-82c6-fd9eb1276214",7,18.69,50.47,0.0093,0.0018,0.0103,"MediumMetro",0,1,0,0,0,"North East",9,"County Durham 020",52,1,214,111,1371,0.52,0.5047,0.1869,0.1869,9,0.481308411214953,103,121,1048,1048,0.884738017887674,0.75213982656486,1.03384294729226,-1,0,0.06,2,"0.76 to 0.99","Not Significant","0.01-0.20"
"E02004309","County Durham 023",NA,426682,545001,54.7992,-1.58651,"f744fa6c-0159-4e23-af1e-abdea27e5d2b",7,15.79,46.15,0.0583,0.0119,0.0405,"LargeCentralMetro",0,0,0,0,0,"North East",5,"County Durham 023",41,1,152,62,1014,0.41,0.4615,0.1579,0.1579,5,0.592105263157895,90,86,1049,1049,1.00287951703673,0.84215290454115,1.18530954025751,0,0,0.495,4,"1.00-1.009 (null value)","Not Significant","0.40-0.59"
"E02004312","County Durham 028",NA,430121,544057,54.7905,-1.53311,"926eaf79-0185-419a-8143-22691f65eadb",6,38.62,49.67,0.0181,0.0038,0.0137,"LargeCentralMetro",0,0,0,0,0,"North East",8,"County Durham 028",32,1,145,46,755,0.32,0.4967,0.3862,0.3862,8,0.682758620689655,99,82,1050,1050,1.21165738678618,1.02587544658602,1.42122959520979,1,1,0.988,6,"1.01 to 1.25","Significant Increase","0.80-1.00"
"E02004315","County Durham 033",NA,426360,540812,54.7616,-1.59189,"38cfc9a4-82eb-4338-b79e-708b12c2d209",4,24.47,48.66,0.0707,0.0102,0.0486,"LargeCentralMetro",0,0,0,0,0,"North East",2,"County Durham 033",58,1,237,137,1601,0.58,0.4866,0.2447,0.2447,2,0.421940928270042,100,134,1051,1051,0.79591684444051,0.676660596506896,0.929984128207421,-1,-1,0.002,1,"0.76 to 0.99","Significant Decrease","<0.01"
"E02004324","County Durham 025",NA,441715,544679,54.7953,-1.35273,"6cf04a3c-5b1d-4406-8f07-449f800f041e",8,36.22,50.62,0.005,0.0014,0.0087,"MediumMetro",0,1,0,0,0,"North East",10,"County Durham 025",29,1,127,37,727,0.29,0.5062,0.3622,0.3622,10,0.708661417322835,90,72,1052,1052,1.22525365086431,1.02985664475995,1.44685166472338,1,1,0.989,6,"1.01 to 1.25","Significant Increase","0.80-1.00"
"E02004329","County Durham 037",NA,442199,539794,54.7513,-1.34592,"d8856dbc-c0a7-494a-a6f1-0e75dbfbfd19",8,36.89,50.75,0.0085,0.0025,0.0081,"LargeCentralMetro",0,0,0,0,0,"North East",9,"County Durham 037",48,1,206,99,1206,0.48,0.5075,0.3689,0.3689,9,0.519417475728155,107,117,1053,1053,1.00201564626161,0.856438015013441,1.16501681061851,0,0,0.494,4,"1.00-1.009 (null value)","Not Significant","0.40-0.59"
"E02004343","County Durham 062",NA,429294,525559,54.6243,-1.54782,"3b93f114-36e0-431e-b4ab-0d3ef5f4d354",9,38.69,48.71,0.0016,0.0018,0.0125,"LargeCentralMetro",0,0,0,0,0,"North East",6,"County Durham 062",46,1,137,63,737,0.46,0.4871,0.3869,0.3869,6,0.54014598540146,74,78,1054,1054,1.05192786566399,0.880630098589936,1.24655411668185,1,0,0.7,5,"1.01 to 1.25","Not Significant","0.60-0.79"
"E02004351","County Durham 051",NA,422270,531261,54.6759,-1.65618,"a9b8a393-108b-4336-9fc6-4398fcc5683f",9,42.61,50.54,0.0064,0.0025,0.0109,"MediumMetro",0,1,0,0,0,"North East",8,"County Durham 051",47,1,115,54,742,0.47,0.5054,0.4261,0.4261,8,0.530434782608696,61,65,1055,1055,1.05522154679328,0.873713184654087,1.26304126751256,1,0,0.7,5,"1.01 to 1.25","Not Significant","0.60-0.79"
"E02004352","County Durham 055",NA,423434,528918,54.6548,-1.63831,"08b68afe-61a1-4292-8896-d64acda75e9c",9,38.32,53.92,0.0101,0.0032,0.0106,"LargeCentralMetro",0,0,0,0,0,"North East",5,"County Durham 055",23,1,107,25,727,0.23,0.5392,0.3832,0.3832,5,0.766355140186916,82,61,1056,1056,1.29823940804767,1.08478630070589,1.54135287110018,2,1,0.998,6,"1.26 to 1.50","Significant Increase","0.80-1.00"
"E02004353","County Durham 056",NA,420231,528939,54.6552,-1.68795,"864e608e-f5a1-4356-b355-4e3de5b929cc",8,22.27,51.98,0.0168,0.0017,0.0089,"LargeCentralMetro",0,0,0,0,0,"North East",6,"County Durham 056",53,1,211,112,1366,0.53,0.5198,0.2227,0.2227,6,0.469194312796209,99,120,1057,1057,0.888136753419155,0.754966467060792,1.03784864824651,-1,0,0.066,2,"0.76 to 0.99","Not Significant","0.01-0.20"
"E02004358","Eastbourne 003",NA,563391,102705,50.8009,0.317326,"7f6b368c-1d07-40a5-bf9a-a7a2506ae386",8,25.62,47.68,0.0175,0.0066,0.0387,"LargeCentralMetro",0,0,0,0,0,"South East",9,"Eastbourne 003",33,1,203,67,1034,0.33,0.4768,0.2562,0.2562,9,0.669950738916256,136,115,1058,1058,1.15223491713488,0.991921113176897,1.33099409445913,1,0,0.968,6,"1.01 to 1.25","Not Significant","0.80-1.00"
"E02004359","Eastbourne 004",NA,560334,102035,50.7957,0.273688,"a08a7dde-d768-498e-bc6d-09d9cf9eda74",9,30.94,52.51,0.0277,0.0093,0.0346,"LargeCentralMetro",0,0,0,0,0,"South East",9,"Eastbourne 004",32.33,2,362,117,1771,0.3233,0.5251,0.3094,0.3094,9,0.676795580110497,245,205,1059,1059,1.18494898448661,1.05387046383711,1.32772605800693,1,1,0.998,6,"1.01 to 1.25","Significant Increase","0.80-1.00"
"E02004371","Hastings 004",NA,584625,111374,50.8724,0.622701,"d1725b71-e106-4fa9-b608-f1af3f7553ae",8,51.97,43.6,0.0173,0.0045,0.0258,"LargeCentralMetro",0,0,0,0,0,"South East",10,"Hastings 004",19,1,152,29,844,0.19,0.436,0.5197,0.5197,10,0.80921052631579,123,86,1060,1060,1.43647834938885,1.23155843257396,1.66559418362239,2,1,1,6,"1.26 to 1.50","Significant Increase","0.80-1.00"
"E02004379","Lewes 001",NA,540365,117717,50.9418,-0.00345,"056998a8-5b65-4933-8b9a-6af11705f5e9",3,12.67,47.66,0.005,0.0037,0.0225,"MediumMetro",0,1,0,0,0,"South East",10,"Lewes 001",52,1,150,78,728,0.52,0.4766,0.1267,0.1267,10,0.48,72,85,1061,1061,0.85248836110963,0.708382269967876,1.01720842740548,-1,0,0.038,2,"0.76 to 0.99","Not Significant","0.01-0.20"
"E02004383","Lewes 005",NA,540221,109852,50.8712,-0.00852,"2f627af7-a5ca-4cf6-82cb-c485a36fac93",4,14.29,49.78,0.0207,0.0113,0.039,"LargeCentralMetro",0,0,0,0,0,"South East",9,"Lewes 005",60,1,224,134,1153,0.6,0.4978,0.1429,0.1429,9,0.401785714285714,90,127,1062,1062,0.76688032348225,0.648499386898517,0.900451736112914,-1,-1,0.001,1,"0.76 to 0.99","Significant Decrease","<0.01"
"E02004387","Lewes 009",NA,543924,101154,50.7921,0.040663,"0f988fcf-8ee3-4ce6-8a85-9b4caa8d8c5e",9,28.4,48.16,0.0214,0.017,0.0321,"LargeCentralMetro",0,0,0,0,0,"South East",10,"Lewes 009",35,1,81,28,515,0.35,0.4816,0.284,0.284,10,0.654320987654321,53,46,1063,1063,1.14570854279058,0.93519742948492,1.38939725240145,1,0,0.902,6,"1.01 to 1.25","Not Significant","0.80-1.00"
"E02004390","Lewes 012",NA,550253,99071,50.7718,0.129544,"9a181387-a339-4f2a-892a-1544b214a56f",6,15.42,50.2,0.0113,0.003,0.0243,"LargeCentralMetro",0,0,0,0,0,"South East",10,"Lewes 012",47,1,214,101,1247,0.47,0.502,0.1542,0.1542,10,0.52803738317757,113,121,1064,1064,0.943199140388035,0.805050239880548,1.0981411268473,-1,0,0.218,3,"0.76 to 0.99","Not Significant","0.20-0.39"
"E02004397","Rother 006",NA,572831,114238,50.9017,0.4566,"d2c8122d-ca6b-44a4-99db-57db924be79b",5,18.18,49.47,0.0103,0.0037,0.0221,"Micropolitan",0,0,0,1,0,"South East",10,"Rother 006",38,1,220,84,1140,0.38,0.4947,0.1818,0.1818,10,0.618181818181818,136,125,1065,1065,1.0578896840652,0.909989226169562,1.22290223629582,1,0,0.76,5,"1.01 to 1.25","Not Significant","0.60-0.79"
"E02004400","Rother 009",NA,570480,108254,50.8487,0.420409,"468b007a-57df-4a16-b67e-87dd5c8cc566",8,31.65,49.07,0.01,0.0042,0.0192,"LargeCentralMetro",0,0,0,0,0,"South East",10,"Rother 009",29,1,218,63,1072,0.29,0.4907,0.3165,0.3165,10,0.711009174311927,155,124,1066,1066,1.23383157359189,1.07078076866388,1.41458253734974,1,1,0.998,6,"1.01 to 1.25","Significant Increase","0.80-1.00"
"E02004405","Wealden 003",NA,552552,131099,51.059,0.175505,"0b8be2fe-5a5a-4e52-b46f-491374f42687",4,17.39,47.14,0.0234,0.0065,0.0251,"LargeFringeMetro",1,0,0,0,0,"South East",10,"Wealden 003",59,1,184,109,1258,0.59,0.4714,0.1739,0.1739,10,0.407608695652174,75,104,1067,1067,0.821465428802338,0.689063036644117,0.971652000399552,-1,-1,0.011,2,"0.76 to 0.99","Significant Decrease","0.01-0.20"
"E02004411","Wealden 009",NA,547616,121997,50.9785,0.101419,"c27798b6-63fa-43b0-ba30-edbcd5d50bd5",5,6.51,48.63,0.0186,0.004,0.0203,"LargeFringeMetro",1,0,0,0,0,"South East",9,"Wealden 009",53,1,261,138,1678,0.53,0.4863,0.0651,0.0651,9,0.471264367816092,123,148,1068,1068,0.857086621693694,0.735847435817802,0.992476504014055,-1,-1,0.02,2,"0.76 to 0.99","Significant Decrease","0.01-0.20"
"E02004413","Wealden 011",NA,561122,121470,50.9701,0.29342,"1d9f5055-0073-43ad-978c-ea6b4d080b1e",4,11.42,52.56,0.0082,0.0018,0.0182,"Micropolitan",0,0,0,1,0,"South East",10,"Wealden 011",49,1,219,107,1444,0.49,0.5256,0.1142,0.1142,10,0.511415525114155,112,124,1069,1069,0.901411113036556,0.767843396989585,1.05144498861847,-1,0,0.091,2,"0.76 to 0.99","Not Significant","0.01-0.20"
"E02004423","Wealden 021",NA,556383,102015,50.7966,0.217663,"dff152d7-e6ac-470b-ad14-e795f91155a6",7,13.5,48.34,0.0147,0.003,0.0187,"LargeCentralMetro",0,0,0,0,0,"South East",10,"Wealden 021",49,1,200,98,995,0.49,0.4834,0.135,0.135,10,0.51,102,113,1070,1070,0.924866367498419,0.785363092865254,1.08188005198756,-1,0,0.159,2,"0.76 to 0.99","Not Significant","0.01-0.20"
"E02004424","Basildon 001",NA,568470,196652,51.6434,0.433452,"8ec69350-7ffe-40b0-8c75-6fc11d983eb6",1,9.47,49.84,0.0308,0.007,0.0283,"LargeCentralMetro",0,0,0,0,0,"East of England",10,"Basildon 001",51,1,243,124,1529,0.51,0.4984,0.0947,0.0947,10,0.489711934156379,119,138,1071,1071,0.85873277132642,0.734492949839135,0.997881813054817,-1,-1,0.023,2,"0.76 to 0.99","Significant Decrease","0.01-0.20"
"E02004427","Basildon 004",NA,566614,194324,51.6231,0.405548,"a82066cb-1c7f-4997-a02f-53d5022e5491",2,11.91,47.5,0.0264,0.0094,0.0228,"LargeCentralMetro",0,0,0,0,0,"East of England",10,"Basildon 004",40,1,277,111,1682,0.4,0.475,0.1191,0.1191,10,0.59927797833935,166,157,1072,1072,1.02015353062051,0.887544109216938,1.16691838752906,1,0,0.598,4,"1.01 to 1.25","Not Significant","0.40-0.59"
"E02004429","Basildon 006",NA,572739,192867,51.6081,0.493225,"8d6ea51d-1b4a-4279-8ef9-416a2da8618e",5,24.26,48.91,0.0241,0.0139,0.0172,"LargeCentralMetro",0,0,0,0,0,"East of England",9,"Basildon 006",33,1,169,56,1010,0.33,0.4891,0.2426,0.2426,9,0.668639053254438,113,96,1073,1073,1.13960678494503,0.970342619889507,1.32983249912482,1,0,0.943,6,"1.01 to 1.25","Not Significant","0.80-1.00"
"E02004430","Basildon 007",NA,576468,192820,51.6066,0.546995,"42a8d99d-e49e-45f1-9fd5-30c626cc7f61",2,13.3,48.58,0.0203,0.02,0.0248,"LargeCentralMetro",0,0,0,0,0,"East of England",10,"Basildon 007",45,1,233,105,1266,0.45,0.4858,0.133,0.133,10,0.549356223175966,128,132,1074,1074,0.952611101621624,0.817574247354391,1.10350198114545,-1,0,0.25,3,"0.76 to 0.99","Not Significant","0.20-0.39"
"E02004436","Basildon 013",NA,573291,189140,51.5745,0.499349,"d8f76ea5-72f6-4704-a5ce-f6d1145a56e5",9,56.08,48.43,0.0273,0.0879,0.0411,"LargeCentralMetro",0,0,0,0,0,"East of England",9,"Basildon 013",28,1,148,41,510,0.28,0.4843,0.5608,0.5608,9,0.722972972972973,107,84,1075,1075,1.33375418704403,1.13701090476268,1.55454208613419,2,1,1,6,"1.26 to 1.50","Significant Increase","0.80-1.00"
"E02004438","Basildon 015",NA,570691,190187,51.5847,0.462376,"26270ec7-973c-476a-8f17-712aaa791671",7,21.77,51.42,0.0586,0.0918,0.0526,"LargeCentralMetro",0,0,0,0,0,"East of England",9,"Basildon 015",39,1,147,57,739,0.39,0.5142,0.2177,0.2177,9,0.612244897959184,90,83,1076,1076,1.05492266414194,0.88663302357832,1.24579604607427,1,0,0.716,5,"1.01 to 1.25","Not Significant","0.60-0.79"
"E02004439","Basildon 016",NA,568411,188830,51.5732,0.42885,"f9504242-1237-467c-9670-9dcad1a8f4af",5,54.39,46.92,0.0525,0.0731,0.0492,"LargeCentralMetro",0,0,0,0,0,"East of England",8,"Basildon 016",30,1,114,34,812,0.3,0.4692,0.5439,0.5439,8,0.701754385964912,80,65,1077,1077,1.27465325449264,1.06770686746103,1.50981798699561,2,1,0.997,6,"1.26 to 1.50","Significant Increase","0.80-1.00"
"E02004443","Basildon 020",NA,570267,187199,51.558,0.454816,"e7e83b99-9316-4408-812d-984935f5ed5a",5,37.25,45.02,0.1335,0.068,0.0466,"LargeCentralMetro",0,0,0,0,0,"East of England",9,"Basildon 020",34,1,255,87,1477,0.34,0.4502,0.3725,0.3725,9,0.658823529411765,168,145,1078,1078,1.16016319309735,1.01211572739319,1.32365503930554,1,1,0.984,6,"1.01 to 1.25","Significant Increase","0.80-1.00"
"E02004448","Braintree 003",NA,578698,232867,51.9656,0.599772,"e391eac1-0237-4000-9bda-4362a95b62c7",6,18.42,47.03,0.0086,0.0049,0.0165,"SmallMetro",0,0,1,0,0,"East of England",10,"Braintree 003",49,1,190,93,1112,0.49,0.4703,0.1842,0.1842,10,0.510526315789474,97,108,1079,1079,0.944211608177525,0.800204833341993,1.10648926929536,-1,0,0.23,3,"0.76 to 0.99","Not Significant","0.20-0.39"
"E02004451","Braintree 006",NA,584844,228988,51.9287,0.687045,"ac5e45e3-9066-4375-b1c9-0cfefa85a9ef",6,22.22,47.64,0.0092,0.0026,0.0165,"LargeCentralMetro",0,0,0,0,0,"East of England",10,"Braintree 006",37,1,90,33,550,0.37,0.4764,0.2222,0.2222,10,0.633333333333333,57,51,1080,1080,1.09041512849987,0.892822309886408,1.31868377441397,1,0,0.794,5,"1.01 to 1.25","Not Significant","0.60-0.79"
"E02004453","Braintree 008",NA,575197,224063,51.8876,0.544386,"48e9b00b-c1c4-46f8-b92f-d03edb2cc4a6",6,21.59,49.45,0.0212,0.0175,0.0302,"LargeCentralMetro",0,0,0,0,0,"East of England",10,"Braintree 008",34,1,176,60,825,0.34,0.4945,0.2159,0.2159,10,0.659090909090909,116,100,1081,1081,1.11881129248967,0.953861299504614,1.3040243458837,1,0,0.914,6,"1.01 to 1.25","Not Significant","0.80-1.00"
"E02004456","Braintree 011",NA,576683,222417,51.8723,0.565114,"4dfa9b69-323b-4e1d-8015-09ce590e3350",5,24,49.34,0.0312,0.0186,0.0315,"LargeCentralMetro",0,0,0,0,0,"East of England",8,"Braintree 011",38,1,200,76,833,0.38,0.4934,0.24,0.24,8,0.62,124,113,1082,1082,1.07372025776434,0.919735475452231,1.24602627711657,1,0,0.81,6,"1.01 to 1.25","Not Significant","0.80-1.00"
"E02004458","Braintree 013",NA,575359,220049,51.8515,0.544701,"2153f4d3-abbb-40ff-9d69-3eed99f11156",3,20.76,51.71,0.0148,0.0095,0.0208,"LargeCentralMetro",0,0,0,0,0,"East of England",10,"Braintree 013",40,1,236,94,1466,0.4,0.5171,0.2076,0.2076,10,0.601694915254237,142,134,1083,1083,1.04047588282702,0.898272915019724,1.19870852177593,1,0,0.692,5,"1.01 to 1.25","Not Significant","0.60-0.79"
"E02004459","Braintree 014",NA,585457,221645,51.8626,0.692002,"26f0912a-0f80-4a6f-a913-7916b0e015a0",5,14.76,48.36,0.0063,0.0028,0.0195,"MediumMetro",0,1,0,0,0,"East of England",10,"Braintree 014",40,1,210,84,1007,0.4,0.4836,0.1476,0.1476,10,0.6,126,119,1084,1084,1.01443733578557,0.868500300080419,1.17782173278503,1,0,0.557,4,"1.01 to 1.25","Not Significant","0.40-0.59"
"E02004460","Braintree 015",NA,582299,217775,51.8288,0.644153,"78aa9228-545f-4d00-b873-88127c838ec5",7,39.13,51.3,0.0174,0.0128,0.0344,"LargeCentralMetro",0,0,0,0,0,"East of England",10,"Braintree 015",16,1,92,15,579,0.16,0.513,0.3913,0.3913,10,0.83695652173913,77,52,1085,1085,1.37261632601917,1.13998558352222,1.63878889386312,2,1,1,6,"1.26 to 1.50","Significant Increase","0.80-1.00"
"E02004462","Braintree 017",NA,581820,214051,51.7956,0.635256,"22680bfd-6d8d-460c-aafc-8bb0e164e601",7,25.28,47.42,0.0294,0.0279,0.0353,"LargeCentralMetro",0,0,0,0,0,"East of England",9,"Braintree 017",39,1,178,69,1029,0.39,0.4742,0.2528,0.2528,9,0.612359550561798,109,101,1086,1086,1.07500206824649,0.914865044947473,1.25499881194522,1,0,0.804,6,"1.01 to 1.25","Not Significant","0.80-1.00"
"E02004465","Brentwood 002",NA,563811,198971,51.6656,0.367266,"e68fe80d-2d12-401a-a308-4971af1dee1e",5,13.93,48.91,0.0247,0.0138,0.0288,"MediumMetro",0,1,0,0,0,"East of England",10,"Brentwood 002",46,1,201,92,1372,0.46,0.4891,0.1393,0.1393,10,0.54228855721393,109,114,1087,1087,0.933515350557327,0.793405023528359,1.09117163682489,-1,0,0.187,2,"0.76 to 0.99","Not Significant","0.01-0.20"
"E02004467","Brentwood 004",NA,559249,194742,51.629,0.299436,"f1b4c937-e58e-4dd4-8886-8525df376623",4,13.89,48.12,0.05,0.0285,0.0417,"LargeCentralMetro",0,0,0,0,0,"East of England",7,"Brentwood 004",55,1,144,79,746,0.55,0.4812,0.1389,0.1389,7,0.451388888888889,65,82,1088,1088,0.829150618419932,0.686669329587449,0.992350799433185,-1,-1,0.02,2,"0.76 to 0.99","Significant Decrease","0.01-0.20"
"E02004468","Brentwood 005",NA,561530,195754,51.6374,0.332829,"44b0c08e-ef48-489e-ae15-3f6acd8a3d48",2,12.38,48.46,0.0685,0.0122,0.0434,"LargeCentralMetro",0,0,0,0,0,"East of England",10,"Brentwood 005",55.47,2,420,233,2827,0.5547,0.4846,0.1238,0.1238,10,0.445238095238095,187,238,1089,1089,0.80077088535701,0.703290818488904,0.907890210928475,-1,-1,0,1,"0.76 to 0.99","Significant Decrease","<0.01"
"E02004475","Castle Point 003",NA,577090,187957,51.5627,0.553515,"efbff148-2b01-4fa3-aa43-ef28a2c814f3",4,21.21,48.29,0.0237,0.0258,0.0198,"LargeCentralMetro",0,0,0,0,0,"East of England",10,"Castle Point 003",46,1,231,106,1464,0.46,0.4829,0.2121,0.2121,10,0.541125541125541,125,131,1090,1090,0.971145075314342,0.834068437325767,1.1241980939846,-1,0,0.335,3,"0.76 to 0.99","Not Significant","0.20-0.39"
"E02004478","Castle Point 006",NA,580957,186629,51.5495,0.608562,"57799704-19dd-48ad-9ceb-923fe11c8690",7,11.64,51.51,0.0211,0.0114,0.0236,"LargeCentralMetro",0,0,0,0,0,"East of England",10,"Castle Point 006",54,1,318,172,2087,0.54,0.5151,0.1164,0.1164,10,0.459119496855346,146,180,1091,1091,0.840327038237515,0.728776766839547,0.964000636705381,-1,-1,0.007,1,"0.76 to 0.99","Significant Decrease","<0.01"
"E02004486","Chelmsford 002",NA,569875,210508,51.7675,0.460484,"dae1eb1b-4bf1-481e-ae3a-7d589cc9258d",5,19.59,44.5,0.0957,0.0369,0.0334,"LargeCentralMetro",0,0,0,0,0,"East of England",10,"Chelmsford 002",42,1,194,81,1191,0.42,0.445,0.1959,0.1959,10,0.582474226804124,113,110,1092,1092,1.02138677253077,0.870967860289926,1.19022497271308,1,0,0.589,4,"1.01 to 1.25","Not Significant","0.40-0.59"
"E02004488","Chelmsford 004",NA,572058,209276,51.7557,0.491477,"bb529706-8d33-4a0d-a904-2fb637cec71f",2,15.16,50.75,0.084,0.0398,0.0415,"LargeCentralMetro",0,0,0,0,0,"East of England",10,"Chelmsford 004",52,1,244,127,1464,0.52,0.5075,0.1516,0.1516,10,0.479508196721311,117,138,1093,1093,0.860431128033809,0.736047371536314,0.999707334436003,-1,-1,0.025,2,"0.76 to 0.99","Significant Decrease","0.01-0.20"
"E02004490","Chelmsford 006",NA,570071,208417,51.7486,0.462298,"305ab451-e2aa-402d-9ca5-beae6c31ba5b",7,17.46,46.58,0.0926,0.0564,0.0465,"LargeCentralMetro",0,0,0,0,0,"East of England",8,"Chelmsford 006",48,1,189,91,1142,0.48,0.4658,0.1746,0.1746,8,0.518518518518518,98,107,1094,1094,0.93149604880328,0.788824604630492,1.09239766757476,-1,0,0.184,2,"0.76 to 0.99","Not Significant","0.01-0.20"
"E02004495","Chelmsford 011",NA,565444,205400,51.7229,0.393902,"db4251d0-1164-4286-8c5c-fe26f6a78e45",2,42.73,54.1,0.0248,0.0088,0.0254,"Micropolitan",0,0,0,1,0,"East of England",10,"Chelmsford 011",24,1,110,26,780,0.24,0.541,0.4273,0.4273,10,0.763636363636364,84,62,1095,1095,1.28633846098992,1.07381514384684,1.52858630114634,2,1,0.997,6,"1.26 to 1.50","Significant Increase","0.80-1.00"
"E02004496","Chelmsford 012",NA,570193,205225,51.7199,0.462503,"a9e8b92e-5e85-41b2-8448-c7fb1f6d14ae",4,15.1,51.7,0.0705,0.0173,0.038,"LargeCentralMetro",0,0,0,0,0,"East of England",10,"Chelmsford 012",51,1,245,125,1468,0.51,0.517,0.151,0.151,10,0.489795918367347,120,139,1096,1096,0.876953856968112,0.751351845328314,1.01743796167713,-1,0,0.041,2,"0.76 to 0.99","Not Significant","0.01-0.20"
"E02004497","Chelmsford 013",NA,574541,204752,51.7144,0.525148,"1d73ae0e-9497-4abd-be6b-4d0c8cef679f",4,15.09,49.09,0.0389,0.013,0.0231,"LargeCentralMetro",0,0,0,0,0,"East of England",10,"Chelmsford 013",42,1,212,89,1269,0.42,0.4909,0.1509,0.1509,10,0.580188679245283,123,120,1097,1097,1.00296764361635,0.858641528909062,1.1645305363882,0,0,0.499,4,"1.00-1.009 (null value)","Not Significant","0.40-0.59"
"E02004498","Chelmsford 014",NA,572263,204677,51.7144,0.49217,"1b79194a-d3c5-41e2-826f-e036ed00a0e2",4,16.36,47.54,0.0479,0.0259,0.0365,"LargeCentralMetro",0,0,0,0,0,"East of England",9,"Chelmsford 014",51,1,220,112,1405,0.51,0.4754,0.1636,0.1636,9,0.490909090909091,108,125,1098,1098,0.884296140426141,0.753372509355431,1.03131245902699,-1,0,0.057,2,"0.76 to 0.99","Not Significant","0.01-0.20"
"E02004503","Chelmsford 019",NA,580283,198127,51.653,0.604756,"4c02f57d-b868-4f05-817d-cfcdd72d328c",1,13.24,48.03,0.0117,0.0117,0.0197,"LargeCentralMetro",0,0,0,0,0,"East of England",10,"Chelmsford 019",39,1,287,112,1520,0.39,0.4803,0.1324,0.1324,10,0.609756097560976,175,163,1099,1099,1.03513692439085,0.903141812063015,1.18092580807722,1,0,0.68,5,"1.01 to 1.25","Not Significant","0.60-0.79"
"E02004507","Colchester 002",NA,600999,227868,51.9131,0.921039,"6e8c946d-fb2a-4386-bb6d-12f69394992a",8,16.73,48.77,0.0627,0.0367,0.0502,"LargeCentralMetro",0,0,0,0,0,"East of England",10,"Colchester 002",52,1,263,137,1425,0.52,0.4877,0.1673,0.1673,10,0.479087452471483,126,149,1100,1100,0.87684786205449,0.754143981666044,1.0136954039215,-1,0,0.037,2,"0.76 to 0.99","Not Significant","0.01-0.20"
"E02004512","Colchester 007",NA,599780,225682,51.8939,0.902073,"c36fab21-d37f-429a-8740-1e72c1a19e51",7,33.71,51.35,0.0782,0.0367,0.0655,"LargeCentralMetro",0,0,0,0,0,"East of England",7,"Colchester 007",35,1,178,62,888,0.35,0.5135,0.3371,0.3371,7,0.651685393258427,116,101,1101,1101,1.12299948257726,0.958240100366796,1.3078699717454,1,0,0.922,6,"1.01 to 1.25","Not Significant","0.80-1.00"
"E02004514","Colchester 009",NA,597419,225348,51.8917,0.867615,"5f64c0f5-8644-4a3b-ae0b-c5245da043a3",5,16.05,49.35,0.066,0.0208,0.0403,"LargeCentralMetro",0,0,0,0,0,"East of England",9,"Colchester 009",56,1,162,91,843,0.56,0.4935,0.1605,0.1605,9,0.438271604938272,71,92,1102,1102,0.829202275585988,0.691326581754359,0.98634924621972,-1,-1,0.017,2,"0.76 to 0.99","Significant Decrease","0.01-0.20"
"E02004517","Colchester 012",NA,595708,223601,51.8766,0.841792,"aca53a5c-346e-4fa6-9e4c-7e927267804c",6,13.51,47.22,0.0403,0.026,0.0276,"LargeCentralMetro",0,0,0,0,0,"East of England",10,"Colchester 012",47,1,222,104,1152,0.47,0.4722,0.1351,0.1351,10,0.531531531531532,118,126,1103,1103,0.942546503464357,0.806295698276266,1.09512153473236,-1,0,0.212,3,"0.76 to 0.99","Not Significant","0.20-0.39"
"E02004523","Colchester 018",NA,599627,222036,51.8612,0.897745,"9e61381a-650a-4367-808c-62082994f5d5",8,32.84,49.43,0.0354,0.0473,0.0399,"LargeCentralMetro",0,0,0,0,0,"East of England",9,"Colchester 018",36,1,134,48,783,0.36,0.4943,0.3284,0.3284,9,0.641791044776119,86,76,1104,1104,1.13848083717153,0.956209900115598,1.34526004829561,1,0,0.926,6,"1.01 to 1.25","Not Significant","0.80-1.00"
"E02004525","Colchester 020",NA,588806,216137,51.812,0.737576,"89545a87-1e3d-4d83-839f-22e718253184",3,18.35,49.34,0.0086,0.0057,0.0173,"MediumMetro",0,1,0,0,0,"East of England",10,"Colchester 020",38,1,158,60,1068,0.38,0.4934,0.1835,0.1835,10,0.620253164556962,98,90,1105,1105,1.02900613775068,0.867437442989468,1.21190668478916,1,0,0.614,5,"1.01 to 1.25","Not Significant","0.60-0.79"
"E02004534","Epping Forest 008",NA,539006,200103,51.6825,0.009305,"1083adaf-57f9-408f-a895-0bf36d2ddb77",4,36.17,50.79,0.0346,0.0622,0.0841,"LargeCentralMetro",0,0,0,0,0,"East of England",10,"Epping Forest 008",35,1,94,33,571,0.35,0.5079,0.3617,0.3617,10,0.648936170212766,61,53,1106,1106,1.10498296562393,0.907262310063922,1.33297945619998,1,0,0.833,6,"1.01 to 1.25","Not Significant","0.80-1.00"
"E02004537","Epping Forest 011",NA,544340,196850,51.6519,0.085063,"e1f8c554-f758-4e72-bb82-b43588e4b989",5,18.51,49.13,0.0414,0.0391,0.0659,"LargeCentralMetro",0,0,0,0,0,"East of England",10,"Epping Forest 011",54.39,2,335,182,2135,0.5439,0.4913,0.1851,0.1851,10,0.456716417910448,153,190,1107,1107,0.830528087724147,0.721940185199623,0.950724412759523,-1,-1,0.004,1,"0.76 to 0.99","Significant Decrease","<0.01"
"E02004542","Epping Forest 016",NA,544705,194403,51.6298,0.089324,"ef3f85bd-c0e6-4544-8aba-3ecde22672f3",1,20.97,49.57,0.2628,0.027,0.0843,"LargeCentralMetro",0,0,0,0,0,"East of England",4,"Epping Forest 016",48,1,186,89,1176,0.48,0.4957,0.2097,0.2097,4,0.521505376344086,97,105,1108,1108,0.886531916699811,0.747751321156169,1.04355673108656,-1,0,0.072,2,"0.76 to 0.99","Not Significant","0.01-0.20"
"E02004546","Harlow 003",NA,545164,210661,51.7758,0.102714,"8a2748c6-be2f-4e64-8478-79321af2c02c",5,30.84,51.11,0.0807,0.0647,0.0524,"LargeCentralMetro",0,0,0,0,0,"East of England",10,"Harlow 003",47,1,214,101,1127,0.47,0.5111,0.3084,0.3084,10,0.52803738317757,113,121,1109,1109,0.970528519185898,0.82965203973455,1.12831961797321,-1,0,0.336,3,"0.76 to 0.99","Not Significant","0.20-0.39"
"E02004549","Harlow 006",NA,545554,209006,51.7608,0.10767,"c3f21175-574b-4404-b66f-d8a2f874546b",6,20.38,55.64,0.0478,0.048,0.048,"LargeCentralMetro",0,0,0,0,0,"East of England",9,"Harlow 006",38,1,157,60,976,0.38,0.5564,0.2038,0.2038,9,0.617834394904459,97,89,1110,1110,1.04454330504973,0.881028541457843,1.22955616912922,1,0,0.68,5,"1.01 to 1.25","Not Significant","0.60-0.79"
"E02004551","Harlow 008",NA,547077,208517,51.756,0.129515,"a35dddf9-9ee8-462a-967d-4ce3e1ef81c4",6,29.35,48.28,0.0326,0.0466,0.0509,"LargeCentralMetro",0,0,0,0,0,"East of England",9,"Harlow 008",32,1,201,64,1077,0.32,0.4828,0.2935,0.2935,9,0.681592039800995,137,114,1111,1111,1.16554366601235,1.00355641354155,1.34615104713268,1,1,0.978,6,"1.01 to 1.25","Significant Increase","0.80-1.00"
"E02004553","Harlow 010",NA,545433,207697,51.7491,0.10537,"55741b64-768a-49a4-a983-005110c19676",5,29.65,49.29,0.0408,0.075,0.0562,"LargeCentralMetro",0,0,0,0,0,"East of England",10,"Harlow 010",34,1,199,68,1055,0.34,0.4929,0.2965,0.2965,10,0.658291457286432,131,113,1112,1112,1.13218613137178,0.97270743720764,1.31026444370058,1,0,0.945,6,"1.01 to 1.25","Not Significant","0.80-1.00"
"E02004558","Maldon 004",NA,585842,206483,51.7263,0.68947,"dfc481a4-2fed-419d-bb82-8d853cb66512",6,25.98,48.23,0.0197,0.003,0.0242,"LargeCentralMetro",0,0,0,0,0,"East of England",9,"Maldon 004",33,1,281,93,1696,0.33,0.4823,0.2598,0.2598,9,0.669039145907473,188,159,1113,1113,1.15934799918509,1.01645936867644,1.31660398608244,1,1,0.986,6,"1.01 to 1.25","Significant Increase","0.80-1.00"
"E02004562","Maldon 008",NA,597781,196909,51.6362,0.856694,"715d965f-d5b2-4ac7-a83f-22fb2c1cb5e9",1,27.2,50.99,0.011,0.0036,0.0176,"Noncore",0,0,0,0,1,"East of England",9,"Maldon 008",34,1,125,42,957,0.34,0.5099,0.272,0.272,9,0.664,83,71,1114,1114,1.11958111833971,0.933797618825122,1.33145896825842,1,0,0.885,6,"1.01 to 1.25","Not Significant","0.80-1.00"
"E02004564","Rochford 002",NA,585899,194207,51.616,0.683766,"1271e62d-71f0-4aac-91b6-a9a5e8cc4d02",3,22.64,51.23,0.0121,0.0057,0.0169,"LargeCentralMetro",0,0,0,0,0,"East of England",9,"Rochford 002",36,1,265,95,1581,0.36,0.5123,0.2264,0.2264,9,0.641509433962264,170,150,1115,1115,1.10350521829309,0.961835556509707,1.26008200655403,1,0,0.918,6,"1.01 to 1.25","Not Significant","0.80-1.00"
"E02004568","Rochford 006",NA,578633,192951,51.6071,0.578292,"a6658c46-c88d-4315-8b40-48ec59a32a3e",3,18.62,53.92,0.0164,0.0079,0.0253,"LargeCentralMetro",0,0,0,0,0,"East of England",10,"Rochford 006",44,1,247,109,1480,0.44,0.5392,0.1862,0.1862,10,0.558704453441296,138,140,1116,1116,0.976016278441235,0.841683644817645,1.12560108461256,-1,0,0.357,3,"0.76 to 0.99","Not Significant","0.20-0.39"
"E02004570","Rochford 008",NA,579773,190531,51.585,0.593497,"17621e26-5782-4f07-8c09-0448cd30d570",4,14.34,47.25,0.0165,0.0087,0.0244,"LargeCentralMetro",0,0,0,0,0,"East of England",9,"Rochford 008",45,1,272,122,1452,0.45,0.4725,0.1434,0.1434,9,0.551470588235294,150,154,1117,1117,0.964303707371436,0.835480078953254,1.107277595851,-1,0,0.293,3,"0.76 to 0.99","Not Significant","0.20-0.39"
"E02004575","Tendring 003",NA,612833,227039,51.9012,1.09232,"586f367c-616d-41f6-b57c-6dc859b8f012",4,19.18,56.43,0.0051,0.0031,0.0183,"MediumMetro",0,1,0,0,0,"East of England",10,"Tendring 003",59,1,146,86,785,0.59,0.5643,0.1918,0.1918,10,0.410958904109589,60,83,1118,1118,0.796923530095092,0.658557440295304,0.955585854793789,-1,-1,0.007,1,"0.76 to 0.99","Significant Decrease","<0.01"
"E02004580","Tendring 008",NA,622202,220200,51.8362,1.22389,"f66c4139-f8f9-4254-b5ce-b9e0c36ad035",5,22.73,48.95,0.0092,0.0042,0.0153,"LargeFringeMetro",1,0,0,0,0,"East of England",9,"Tendring 008",37,1,308,114,1863,0.37,0.4895,0.2273,0.2273,9,0.62987012987013,194,175,1119,1119,1.10772211278193,0.973688212669431,1.25494423433065,1,0,0.939,6,"1.01 to 1.25","Not Significant","0.80-1.00"
"E02004585","Tendring 013",NA,615678,216952,51.8096,1.12733,"e0e01b04-6025-492c-b9e9-3d801343af86",8,53.63,49.1,0.0124,0.0083,0.0182,"LargeCentralMetro",0,0,0,0,0,"East of England",10,"Tendring 013",13,1,248,32,1385,0.13,0.491,0.5363,0.5363,10,0.870967741935484,216,141,1120,1120,1.5215796420739,1.3446695713012,1.71515956180798,3,1,1,6,"1.51 to 1.75","Significant Increase","0.80-1.00"
"E02004586","Tendring 014",NA,618313,215878,51.7989,1.16481,"e972df20-feb3-4010-b655-3e6d5b6b6ed5",9,37.23,47.61,0.0179,0.0087,0.0207,"LargeCentralMetro",0,0,0,0,0,"East of England",10,"Tendring 014",32,1,231,74,1550,0.32,0.4761,0.3723,0.3723,10,0.67965367965368,157,131,1121,1121,1.21400412487672,1.05580431586627,1.38908032558924,1,1,0.997,6,"1.01 to 1.25","Significant Increase","0.80-1.00"
"E02004591","Uttlesford 001",NA,556520,241260,52.0476,0.281071,"de159e88-5b70-4fff-8544-616729e09b71",4,9.46,51.46,0.0189,0.0045,0.0236,"LargeFringeMetro",1,0,0,0,0,"East of England",10,"Uttlesford 001",54,1,296,160,2087,0.54,0.5146,0.0946,0.0946,10,0.45945945945946,136,168,1122,1122,0.840535056890489,0.726045213485079,0.967827832110618,-1,-1,0.008,1,"0.76 to 0.99","Significant Decrease","<0.01"
"E02004593","Uttlesford 003",NA,549114,236256,52.0047,0.170978,"07da7f6a-3442-4768-bb8e-9a6e01019fdc",2,10.19,49.35,0.0104,0.0045,0.0231,"Micropolitan",0,0,0,1,0,"East of England",9,"Uttlesford 003",58,1,157,91,851,0.58,0.4935,0.1019,0.1019,9,0.420382165605096,66,89,1123,1123,0.786073026506541,0.651235811225053,0.940469835917264,-1,-1,0.004,1,"0.76 to 0.99","Significant Decrease","<0.01"
"E02004596","Uttlesford 006",NA,557219,223156,51.8848,0.282974,"ce6caafc-4c26-4730-addd-4dae889eddf2",3,21.88,46.52,0.0256,0.0131,0.0394,"Micropolitan",0,0,0,1,0,"East of England",10,"Uttlesford 006",28,1,64,18,417,0.28,0.4652,0.2188,0.2188,10,0.71875,46,36,1124,1124,1.10526047897576,0.88679544244345,1.36146781112531,1,0,0.805,6,"1.01 to 1.25","Not Significant","0.80-1.00"
"E02004602","Cheltenham 003",NA,391910,223567,51.9106,-2.11901,"c5cd3cd1-3310-4f6d-bde9-85068c9d6675",7,34.03,50.32,0.0343,0.0156,0.0316,"LargeCentralMetro",0,0,0,0,0,"South West",10,"Cheltenham 003",31,1,144,45,928,0.31,0.5032,0.3403,0.3403,10,0.6875,99,82,1125,1125,1.19377791065764,1.00990110621875,1.40134645688815,1,1,0.981,6,"1.01 to 1.25","Significant Increase","0.80-1.00"
"E02004603","Cheltenham 004",NA,394518,223337,51.9086,-2.08109,"0bee7801-f7de-41c0-86ad-ccb42adcbd0e",7,45.78,48.06,0.0596,0.0178,0.0455,"LargeCentralMetro",0,0,0,0,0,"South West",10,"Cheltenham 004",24,1,83,20,593,0.24,0.4806,0.4578,0.4578,10,0.759036144578313,63,47,1126,1126,1.31681627097983,1.08464849044678,1.58389509359369,2,1,0.997,6,"1.26 to 1.50","Significant Increase","0.80-1.00"
"E02004610","Cheltenham 011",NA,393731,221128,51.8887,-2.09249,"8c1f211d-d4dc-43ea-b49c-fa16a3900fad",3,12.96,50.43,0.0347,0.0084,0.0302,"LargeCentralMetro",0,0,0,0,0,"South West",10,"Cheltenham 011",40,1,247,99,1644,0.4,0.5043,0.1296,0.1296,10,0.59919028340081,148,140,1127,1127,1.0164227254534,0.878519134485356,1.16976661018004,1,0,0.573,4,"1.01 to 1.25","Not Significant","0.40-0.59"
"E02004611","Cheltenham 012",NA,397525,220382,51.882,-2.03735,"559460d4-ef46-44d8-bd38-9a89050bba54",4,7.73,50.5,0.0326,0.0067,0.0321,"LargeCentralMetro",0,0,0,0,0,"South West",10,"Cheltenham 012",78,1,194,151,1392,0.78,0.505,0.0773,0.0773,10,0.221649484536082,43,110,1128,1128,0.565780192367257,0.465759277065032,0.680537426986634,-2,-1,0,1,"0.51 to 0.75","Significant Decrease","<0.01"
"E02004615","Cotswold 001",NA,416027,239838,52.0567,-1.76766,"53b077ea-4b93-47dd-88e0-8009e1fa10d9",4,7.35,50.08,0.0056,0.0025,0.0128,"Noncore",0,0,0,0,1,"South West",10,"Cotswold 001",45,1,204,92,1244,0.45,0.5008,0.0735,0.0735,10,0.549019607843137,112,116,1129,1129,0.94707918253559,0.80549639984487,1.1063070828848,-1,0,0.237,3,"0.76 to 0.99","Not Significant","0.20-0.39"
"E02004617","Cotswold 003",NA,414225,222653,51.9022,-1.79464,"a5b65878-3d25-4bde-991c-4ce52516b050",4,10.36,50.19,0.0124,0.0045,0.0194,"MediumMetro",0,1,0,0,0,"South West",10,"Cotswold 003",63,1,193,122,1341,0.63,0.5019,0.1036,0.1036,10,0.367875647668394,71,109,1130,1130,0.720966501586146,0.601835929585537,0.856596090134419,-2,-1,0,1,"0.51 to 0.75","Significant Decrease","<0.01"
"E02004620","Cotswold 006",NA,402027,202848,51.7243,-1.97205,"f6b8eca3-8157-487a-8807-1e03e4f41b0d",3,13.16,48.08,0.0126,0.0068,0.0195,"LargeCentralMetro",0,0,0,0,0,"South West",9,"Cotswold 006",37,1,152,56,832,0.37,0.4808,0.1316,0.1316,9,0.631578947368421,96,86,1131,1131,1.04572372593807,0.880265289116862,1.23323046528097,1,0,0.683,5,"1.01 to 1.25","Not Significant","0.60-0.79"
"E02004621","Cotswold 007",NA,399553,202282,51.7193,-2.00786,"cb28db83-8fb6-4ae3-8724-e586f75cb975",5,17.87,51.31,0.0318,0.0083,0.0225,"LargeCentralMetro",0,0,0,0,0,"South West",9,"Cotswold 007",46,1,207,95,953,0.46,0.5131,0.1787,0.1787,9,0.541062801932367,112,117,1132,1132,0.960791120777134,0.819369835000517,1.11950617030797,-1,0,0.293,3,"0.76 to 0.99","Not Significant","0.20-0.39"
"E02004623","Cotswold 009",NA,417350,201199,51.7093,-1.75029,"9cd30f77-5084-4939-b9ab-ca64dbfc843d",4,6.72,50.33,0.0131,0.0031,0.0185,"Micropolitan",0,0,0,1,0,"South West",10,"Cotswold 009",55,1,119,65,914,0.55,0.5033,0.0672,0.0672,10,0.453781512605042,54,67,1133,1133,0.831084558980727,0.679431629418763,1.00640697689252,-1,0,0.029,2,"0.76 to 0.99","Not Significant","0.01-0.20"
"E02004625","Cotswold 011",NA,386155,193694,51.6419,-2.20147,"46300059-f158-47e0-aab9-1f58bba5b1e0",2,24.21,50.38,0.0099,0.0033,0.0216,"SmallMetro",0,0,1,0,0,"South West",10,"Cotswold 011",38,1,95,36,397,0.38,0.5038,0.2421,0.2421,10,0.621052631578947,59,54,1134,1134,1.06725219527979,0.874760026611468,1.2894627627852,1,0,0.728,5,"1.01 to 1.25","Not Significant","0.60-0.79"
"E02004627","Forest of Dean 002",NA,371234,226314,51.9346,-2.41981,"45c7790c-8d06-4d4f-8d6a-5296dd0d5529",1,14.02,49.41,0.0064,0.0049,0.0226,"MediumMetro",0,1,0,0,0,"South West",10,"Forest of Dean 002",34,1,164,56,854,0.34,0.4941,0.1402,0.1402,10,0.658536585365854,108,93,1135,1135,1.05279919308035,0.890299153068952,1.23638965316331,1,0,0.716,5,"1.01 to 1.25","Not Significant","0.60-0.79"
"E02004628","Forest of Dean 003",NA,363820,217919,51.8587,-2.52676,"316aa098-d6a0-4a45-a983-ece5b3918b3d",6,13.89,43.82,0.0052,0.0018,0.0096,"MediumMetro",0,1,0,0,0,"South West",10,"Forest of Dean 003",40,1,144,58,801,0.4,0.4382,0.1389,0.1389,10,0.597222222222222,86,82,1136,1136,1.00873219219774,0.844724290382616,1.19524566971737,0,0,0.521,4,"1.00-1.009 (null value)","Not Significant","0.40-0.59"
"E02004629","Forest of Dean 004",NA,364926,212755,51.8123,-2.51017,"ee20d9f6-0515-4f48-a300-a11a58e5fd06",7,23.4,45.6,0.0104,0.0021,0.0191,"LargeFringeMetro",1,0,0,0,0,"South West",9,"Forest of Dean 004",21,1,47,10,318,0.21,0.456,0.234,0.234,9,0.787234042553192,37,27,1137,1137,1.23716479247814,0.985410917475921,1.53381959519573,1,0,0.966,6,"1.01 to 1.25","Not Significant","0.80-1.00"
"E02004634","Forest of Dean 009",NA,362089,202952,51.724,-2.55025,"c4bdb576-993f-435f-95b0-5ce1d4f89cb4",6,21.17,47.1,0.0077,0.0027,0.0131,"SmallMetro",0,0,1,0,0,"South West",10,"Forest of Dean 009",28,1,137,38,673,0.28,0.471,0.2117,0.2117,10,0.722627737226277,99,78,1138,1138,1.20756866134324,1.01869084459647,1.42126687932026,1,1,0.985,6,"1.01 to 1.25","Significant Increase","0.80-1.00"
"E02004635","Forest of Dean 010",NA,356823,199543,51.693,-2.62606,"f6d0bb29-eb19-4426-acb6-2126ad08fda7",4,9.76,55.87,0.0117,0.008,0.0199,"LargeCentralMetro",0,0,0,0,0,"South West",10,"Forest of Dean 010",52,1,164,85,979,0.52,0.5587,0.0976,0.0976,10,0.481707317073171,79,93,1139,1139,0.861396723398574,0.720194684459041,1.02208897977405,-1,0,0.043,2,"0.76 to 0.99","Not Significant","0.01-0.20"
"E02004647","Gloucester 012",NA,383163,214970,51.8331,-2.24574,"b7cfbfe3-8af8-4c0e-bca2-cdcb19948b3a",8,18.41,45.99,0.0235,0.0338,0.0462,"LargeCentralMetro",0,0,0,0,0,"South West",5,"Gloucester 012",35,1,239,84,1646,0.35,0.4599,0.1841,0.1841,5,0.648535564853556,155,136,1140,1140,1.09427124465832,0.948186626397266,1.25642298008837,1,0,0.888,6,"1.01 to 1.25","Not Significant","0.80-1.00"
"E02004650","Gloucester 015",NA,381346,213378,51.8187,-2.27203,"693ce326-0c2a-4f19-b9bd-6be1071784a3",5,18.78,50.68,0.0276,0.0343,0.0534,"LargeCentralMetro",0,0,0,0,0,"South West",5,"Gloucester 015",38,1,229,87,1172,0.38,0.5068,0.1878,0.1878,5,0.620087336244541,142,130,1141,1141,1.04009213884708,0.896433610557168,1.20016842183114,1,0,0.688,5,"1.01 to 1.25","Not Significant","0.60-0.79"
"E02004652","Stroud 002",NA,389415,208436,51.7745,-2.15481,"7ac46d30-c029-4776-8546-d1ea89287ac5",3,7.25,49.7,0.0088,0.0028,0.0198,"LargeCentralMetro",0,0,0,0,0,"South West",10,"Stroud 002",51,1,138,70,670,0.51,0.497,0.0725,0.0725,10,0.492753623188406,68,78,1142,1142,0.869427793237168,0.719889260584347,1.0407978969889,-1,0,0.062,2,"0.76 to 0.99","Not Significant","0.01-0.20"
"E02004654","Stroud 004",NA,383193,205939,51.7519,-2.24487,"992e8855-295b-4cb4-a620-33ad16f6ffe8",5,20.67,50.49,0.0115,0.0037,0.0237,"LargeCentralMetro",0,0,0,0,0,"South West",6,"Stroud 004",35,1,208,73,1131,0.35,0.5049,0.2067,0.2067,6,0.649038461538462,135,118,1143,1143,1.0959945158099,0.942260165176958,1.26759715973438,1,0,0.879,6,"1.01 to 1.25","Not Significant","0.80-1.00"
"E02004655","Stroud 005",NA,380309,205442,51.7473,-2.28662,"7a6da050-5d55-4dfb-b7ea-4a1d25dc9623",5,37.89,50.58,0.0164,0.0076,0.0243,"LargeCentralMetro",0,0,0,0,0,"South West",10,"Stroud 005",27,1,95,26,520,0.27,0.5058,0.3789,0.3789,10,0.726315789473684,69,54,1144,1144,1.2427415593458,1.0283779689071,1.48855450625964,1,1,0.988,6,"1.01 to 1.25","Significant Increase","0.80-1.00"
"E02004664","Stroud 014",NA,375675,198127,51.6814,-2.35323,"d3bb54e2-1931-42ae-b6d6-bf76938bbed2",8,15.14,50.83,0.0104,0.0042,0.0214,"LargeCentralMetro",0,0,0,0,0,"South West",10,"Stroud 014",33,1,218,72,1208,0.33,0.5083,0.1514,0.1514,10,0.669724770642202,146,124,1145,1145,1.12971657186688,0.975542922647369,1.3012680087267,1,0,0.948,6,"1.01 to 1.25","Not Significant","0.80-1.00"
"E02004665","Stroud 015",NA,376579,192601,51.6317,-2.33978,"f674768a-5dac-4ac9-ad41-a3d1b8738f74",3,10.09,49.37,0.0063,0.0023,0.0165,"Noncore",0,0,0,0,1,"South West",9,"Stroud 015",51,1,228,116,1505,0.51,0.4937,0.1009,0.1009,9,0.491228070175439,112,129,1146,1146,0.87862299333332,0.748657036479749,1.0245624640178,-1,0,0.048,2,"0.76 to 0.99","Not Significant","0.01-0.20"
"E02004666","Tewkesbury 001",NA,392624,232693,51.9926,-2.10882,"fab97208-0661-495f-8f26-d87b8bda1cdb",4,16.91,51.42,0.0159,0.0054,0.0158,"LargeCentralMetro",0,0,0,0,0,"South West",10,"Tewkesbury 001",30,1,207,62,1371,0.3,0.5142,0.1691,0.1691,10,0.70048309178744,145,117,1147,1147,1.16642701614256,1.00575645422417,1.34541620277037,1,1,0.979,6,"1.01 to 1.25","Significant Increase","0.80-1.00"
"E02004668","Tewkesbury 003",NA,404376,230083,51.9692,-1.9377,"55d5cb34-efe4-4295-b190-e5a4b3300013",3,21.28,50.51,0.0053,0.0016,0.0145,"MediumMetro",0,1,0,0,0,"South West",10,"Tewkesbury 003",50,1,94,47,489,0.5,0.5051,0.2128,0.2128,10,0.5,47,53,1148,1148,0.913820252097481,0.74210780683912,1.1132530237137,-1,0,0.177,2,"0.76 to 0.99","Not Significant","0.01-0.20"
"E02004672","Tewkesbury 007",NA,387884,220287,51.881,-2.17742,"8e2edd71-7b51-40f5-a69d-d21064761e61",4,17.47,45.52,0.036,0.0094,0.0275,"LargeCentralMetro",0,0,0,0,0,"South West",9,"Tewkesbury 007",34.5,2,435,150,2658,0.345,0.4552,0.1747,0.1747,9,0.655172413793103,285,247,1149,1149,1.12489653696879,1.00709383659409,1.2526161870831,1,1,0.982,6,"1.01 to 1.25","Significant Increase","0.80-1.00"
"E02004677","Basingstoke and Deane 003",NA,445028,158190,51.321,-1.35521,"1a7e259d-bcda-43d2-ab67-d096ff17521c",2,25.61,47.32,0.0153,0.0045,0.0226,"Micropolitan",0,0,0,1,0,"South East",10,"Basingstoke and Deane 003",40,1,82,33,448,0.4,0.4732,0.2561,0.2561,10,0.597560975609756,49,47,1150,1150,1.02959988470063,0.835049259096203,1.25584559267088,1,0,0.589,4,"1.01 to 1.25","Not Significant","0.40-0.59"
"E02004678","Basingstoke and Deane 004",NA,454225,158248,51.3208,-1.22323,"bfd9a5e8-2a8e-4be7-b614-8f68493cb007",4,11.52,52.12,0.0176,0.0065,0.014,"LargeCentralMetro",0,0,0,0,0,"South East",10,"Basingstoke and Deane 004",37,1,165,61,921,0.37,0.5212,0.1152,0.1152,10,0.63030303030303,104,94,1151,1151,1.04445205501709,0.883664374975588,1.22600307164699,1,0,0.683,5,"1.01 to 1.25","Not Significant","0.60-0.79"
"E02004683","Basingstoke and Deane 009",NA,463132,153065,51.2733,-1.09635,"07f57b04-b9a7-4843-aa8b-298ef1eabf56",8,35.29,45.84,0.1227,0.0327,0.0585,"LargeCentralMetro",0,0,0,0,0,"South East",9,"Basingstoke and Deane 009",34,1,68,23,541,0.34,0.4584,0.3529,0.3529,9,0.661764705882353,45,39,1152,1152,1.15033558714714,0.930772616517836,1.40606504414944,1,0,0.899,6,"1.01 to 1.25","Not Significant","0.80-1.00"
"E02004685","Basingstoke and Deane 011",NA,464329,151670,51.2606,-1.07945,"fa523d69-efce-4cd3-95ea-a02b805e4a4a",7,16.13,51.67,0.1364,0.026,0.0589,"LargeCentralMetro",0,0,0,0,0,"South East",7,"Basingstoke and Deane 011",44,1,217,95,1109,0.44,0.5167,0.1613,0.1613,7,0.56221198156682,122,123,1153,1153,0.965360691441307,0.825833285668255,1.12164055523611,-1,0,0.311,3,"0.76 to 0.99","Not Significant","0.20-0.39"
"E02004686","Basingstoke and Deane 012",NA,463219,151762,51.2615,-1.09534,"b76030ac-5eee-433d-9dee-6303129e10c1",7,21.26,51.54,0.1663,0.0258,0.0669,"LargeCentralMetro",0,0,0,0,0,"South East",8,"Basingstoke and Deane 012",38,1,127,48,648,0.38,0.5154,0.2126,0.2126,8,0.622047244094488,79,72,1154,1154,1.03572404684002,0.862397578392949,1.2336567645162,1,0,0.632,5,"1.01 to 1.25","Not Significant","0.60-0.79"
"E02004688","Basingstoke and Deane 014",NA,461844,151327,51.2578,-1.11511,"00e676c3-9451-49fb-b9af-f0fdcf64442e",8,9.19,52.96,0.0772,0.0183,0.0415,"LargeCentralMetro",0,0,0,0,0,"South East",10,"Basingstoke and Deane 014",57,1,185,105,844,0.57,0.5296,0.0919,0.0919,10,0.432432432432432,80,105,1155,1155,0.808001394423132,0.677709324422561,0.955892062665428,-1,-1,0.007,1,"0.76 to 0.99","Significant Decrease","<0.01"
"E02004694","Basingstoke and Deane 020",NA,443766,151521,51.2612,-1.37414,"640c2ee1-6925-45b1-b6df-daa6bbd47157",5,14.09,48.15,0.0106,0.0021,0.0167,"MediumMetro",0,1,0,0,0,"South East",10,"Basingstoke and Deane 020",58,1,149,86,812,0.58,0.4815,0.1409,0.1409,10,0.422818791946309,63,85,1156,1156,0.804277652591151,0.665973084711628,0.962665838018468,-1,-1,0.009,1,"0.76 to 0.99","Significant Decrease","<0.01"
"E02004697","East Hampshire 001",NA,474073,142376,51.1758,-0.94174,"4858dfbd-7736-42d5-8b9c-9554fb461674",4,13.33,43.61,0.0108,0.0066,0.0184,"LargeCentralMetro",0,0,0,0,0,"South East",2,"East Hampshire 001",62,1,150,93,814,0.62,0.4361,0.1333,0.1333,2,0.38,57,85,1157,1157,0.756438579067901,0.624327114909767,0.908034181717542,-1,-1,0.001,1,"0.76 to 0.99","Significant Decrease","<0.01"
"E02004699","East Hampshire 003",NA,470687,139181,51.1475,-0.9908,"76bbb55b-e4c0-4700-94dd-13b68b9fda5d",7,11.97,51.16,0.0188,0.0046,0.0183,"LargeCentralMetro",0,0,0,0,0,"South East",2,"East Hampshire 003",63,1,142,89,821,0.63,0.5116,0.1197,0.1197,2,0.373239436619718,53,81,1158,1158,0.749662117015599,0.616632078180522,0.90266133558114,-2,-1,0.001,1,"0.51 to 0.75","Significant Decrease","<0.01"
"E02004700","East Hampshire 004",NA,483730,137514,51.1308,-0.80476,"70abbf29-3c95-45a6-b69f-82701158ecca",6,27.55,43.22,0.0553,0.0168,0.0375,"LargeCentralMetro",0,0,0,0,0,"South East",8,"East Hampshire 004",39,1,98,38,472,0.39,0.4322,0.2755,0.2755,8,0.612244897959184,60,56,1159,1159,1.07161600339491,0.881241122294419,1.29083822510886,1,0,0.745,5,"1.01 to 1.25","Not Significant","0.60-0.79"
"E02004705","East Hampshire 009",NA,483884,132836,51.0887,-0.80364,"7c4717ee-6a8c-4d5d-9c47-caad2f01c173",4,7.12,48.78,0.0194,0.0042,0.0254,"MediumMetro",0,1,0,0,0,"South East",8,"East Hampshire 009",59,1,309,182,1720,0.59,0.4878,0.0712,0.0712,8,0.411003236245955,127,175,1160,1160,0.745282922699162,0.640877892902054,0.861745623059496,-2,-1,0,1,"0.51 to 0.75","Significant Decrease","<0.01"
"E02004708","East Hampshire 012",NA,475440,122979,51.0013,-0.92624,"d8afe79a-13ad-491e-830a-48b48b20f039",6,10.78,52.88,0.0232,0.0068,0.0212,"LargeCentralMetro",0,0,0,0,0,"South East",4,"East Hampshire 012",58,1,232,135,1318,0.58,0.5288,0.1078,0.1078,4,0.418103448275862,97,132,1161,1161,0.775502669568702,0.657712456209729,0.908161025495686,-1,-1,0.001,1,"0.76 to 0.99","Significant Decrease","<0.01"
"E02004710","East Hampshire 014",NA,468768,114636,50.9271,-1.02288,"35fcb557-3b1d-42f8-932e-dbda63971d0f",5,16.44,50.36,0.0143,0.0021,0.0117,"LargeCentralMetro",0,0,0,0,0,"South East",6,"East Hampshire 014",43,1,225,97,1261,0.43,0.5036,0.1644,0.1644,6,0.568888888888889,128,128,1162,1162,0.986731008008272,0.847133229774814,1.14267802966332,-1,0,0.415,4,"0.76 to 0.99","Not Significant","0.40-0.59"
"E02004712","Eastleigh 001",NA,443675,121878,50.9946,-1.37903,"6d422320-acd9-4bdd-bd9f-9bc6114bb057",2,5.38,48.74,0.0793,0.0063,0.0364,"LargeCentralMetro",0,0,0,0,0,"South East",10,"Eastleigh 001",66,1,279,184,1430,0.66,0.4874,0.0538,0.0538,10,0.340501792114695,95,158,1163,1163,0.662169362212056,0.562226351475039,0.774595465545923,-2,-1,0,1,"0.51 to 0.75","Significant Decrease","<0.01"
"E02004713","Eastleigh 002",NA,445288,120964,50.9863,-1.35616,"175858ef-f6a7-4206-8be3-2156ca707d67",4,13.84,48.63,0.0549,0.0102,0.028,"LargeCentralMetro",0,0,0,0,0,"South East",10,"Eastleigh 002",56,1,159,89,765,0.56,0.4863,0.1384,0.1384,10,0.440251572327044,70,90,1164,1164,0.832814373239669,0.693619608794566,0.991585164209545,-1,-1,0.02,2,"0.76 to 0.99","Significant Decrease","0.01-0.20"
"E02004715","Eastleigh 004",NA,445710,120005,50.9776,-1.35027,"230163d7-55cc-4381-9d1f-ba8d4dcb49df",6,28.48,46.8,0.0453,0.0098,0.0326,"LargeCentralMetro",0,0,0,0,0,"South East",8,"Eastleigh 004",36,1,165,59,1017,0.36,0.468,0.2848,0.2848,8,0.642424242424242,106,94,1165,1165,1.11239912615576,0.944660284353192,1.30124247539428,1,0,0.896,6,"1.01 to 1.25","Not Significant","0.80-1.00"
"E02004719","Eastleigh 008",NA,449742,118035,50.9596,-1.29311,"25e92c9b-b374-4e99-8baf-a04ea0b32fc3",6,12.34,47.5,0.0192,0.0042,0.0141,"LargeCentralMetro",0,0,0,0,0,"South East",10,"Eastleigh 008",54,1,235,127,1221,0.54,0.475,0.1234,0.1234,10,0.459574468085106,108,133,1166,1166,0.854106114803831,0.728761250047969,0.994674525840708,-1,-1,0.021,2,"0.76 to 0.99","Significant Decrease","0.01-0.20"
"E02004722","Eastleigh 011",NA,450756,112813,50.9126,-1.2794,"1422868d-0054-4a68-99a7-17aa417d9279",8,11.72,48.22,0.0241,0.0041,0.0204,"LargeCentralMetro",0,0,0,0,0,"South East",10,"Eastleigh 011",51,1,367,187,1881,0.51,0.4822,0.1172,0.1172,10,0.490463215258856,180,208,1167,1167,0.885491100315241,0.776270932890626,1.0056659998332,-1,0,0.03,2,"0.76 to 0.99","Not Significant","0.01-0.20"
"E02004726","Eastleigh 015",NA,447195,108285,50.8721,-1.33063,"fb8d6a3d-ecb5-4b3e-8c07-735b3b889501",7,22.44,45.22,0.0143,0.007,0.0191,"LargeCentralMetro",0,0,0,0,0,"South East",10,"Eastleigh 015",41,1,156,64,836,0.41,0.4522,0.2244,0.2244,10,0.58974358974359,92,88,1168,1168,1.056463426707,0.891038185096165,1.24357206325007,1,0,0.726,5,"1.01 to 1.25","Not Significant","0.60-0.79"
"E02004729","Fareham 003",NA,455478,107298,50.8625,-1.21307,"f4462015-2dee-4777-8b29-8c171a91c320",8,19.64,46.25,0.0224,0.0061,0.0166,"LargeCentralMetro",0,0,0,0,0,"South East",9,"Fareham 003",49,1,168,82,787,0.49,0.4625,0.1964,0.1964,9,0.511904761904762,86,95,1169,1169,0.953783473010077,0.803187950276537,1.12424811555921,-1,0,0.275,3,"0.76 to 0.99","Not Significant","0.20-0.39"
"E02004732","Fareham 006",NA,450742,104708,50.8397,-1.28072,"34be7e6e-0a83-486b-af44-1c64dce3f858",3,10.5,49.45,0.0137,0.0024,0.0196,"LargeCentralMetro",0,0,0,0,0,"South East",10,"Fareham 006",61,1,343,209,1723,0.61,0.4945,0.105,0.105,10,0.39067055393586,134,195,1170,1170,0.734046862869039,0.634599327781716,0.844520684835611,-2,-1,0,1,"0.51 to 0.75","Significant Decrease","<0.01"
"E02004734","Fareham 008",NA,459072,106228,50.8526,-1.16218,"ba8a5da1-0acf-4415-85bb-fff5ecebfb8a",8,10.05,48.83,0.0255,0.0074,0.0221,"LargeCentralMetro",0,0,0,0,0,"South East",9,"Fareham 008",46,1,209,96,1155,0.46,0.4883,0.1005,0.1005,9,0.54066985645933,113,119,1171,1171,0.947023879572938,0.807698354784618,1.10338577837054,-1,0,0.234,3,"0.76 to 0.99","Not Significant","0.20-0.39"
"E02004737","Fareham 011",NA,456742,105541,50.8466,-1.19539,"b12d81c5-21de-4fe8-a4b8-ceb3236e7d02",8,24.84,47.65,0.0317,0.0075,0.0226,"LargeCentralMetro",0,0,0,0,0,"South East",10,"Fareham 011",27,1,161,43,703,0.27,0.4765,0.2484,0.2484,10,0.732919254658385,118,91,1172,1172,1.23829501611948,1.05613623580756,1.44278948059411,1,1,0.996,6,"1.01 to 1.25","Significant Increase","0.80-1.00"
"E02004738","Fareham 012",NA,461580,104899,50.8403,-1.12678,"b123abb2-3dcc-46b8-9998-e935c3321cff",7,15.38,48.61,0.0101,0.006,0.0154,"LargeCentralMetro",0,0,0,0,0,"South East",10,"Fareham 012",34,1,130,44,611,0.34,0.4861,0.1538,0.1538,10,0.661538461538462,86,74,1173,1173,1.10253592258717,0.922845164000417,1.30697288327273,1,0,0.854,6,"1.01 to 1.25","Not Significant","0.80-1.00"
"E02004741","Gosport 001",NA,458292,103706,50.8299,-1.17367,"d2f5a764-f5c7-4f85-a6fc-5303359431dc",9,40.19,52.49,0.0137,0.0067,0.0156,"LargeCentralMetro",0,0,0,0,0,"South East",9,"Gosport 001",21,1,107,22,503,0.21,0.5249,0.4019,0.4019,9,0.794392523364486,85,61,1174,1174,1.35433138708147,1.13439996876862,1.60438384574996,2,1,1,6,"1.26 to 1.50","Significant Increase","0.80-1.00"
"E02004749","Gosport 009",NA,459307,99033,50.7878,-1.16001,"98aba8dd-2ad0-4ea2-96a2-14cbdde302f7",8,17.09,48.81,0.013,0.0063,0.0169,"LargeCentralMetro",0,0,0,0,0,"South East",10,"Gosport 009",43,1,351,151,2188,0.43,0.4881,0.1709,0.1709,10,0.56980056980057,200,199,1175,1175,1.00935893728184,0.88897417842892,1.14139827362584,0,0,0.545,4,"1.00-1.009 (null value)","Not Significant","0.40-0.59"
"E02004752","Hart 002",NA,478555,160724,51.3402,-0.87362,"e9d2c53d-4e04-4738-b964-8bd7b26d1f71",5,11.11,48.66,0.0189,0.0052,0.0223,"LargeCentralMetro",0,0,0,0,0,"South East",10,"Hart 002",41,1,243,100,1496,0.41,0.4866,0.1111,0.1111,10,0.588477366255144,143,138,1176,1176,1.00713555730749,0.869353534244556,1.16047703895872,0,0,0.523,4,"1.00-1.009 (null value)","Not Significant","0.40-0.59"
"E02004757","Hart 007",NA,481634,154142,51.2806,-0.83093,"9b94dcd4-2783-4ed3-bd4a-ade4b3053080",2,6.88,48.63,0.0288,0.0043,0.0288,"LargeCentralMetro",0,0,0,0,0,"South East",10,"Hart 007",73,1,218,159,1096,0.73,0.4863,0.0688,0.0688,10,0.270642201834862,59,124,1177,1177,0.600590841760142,0.499695310674218,0.715600422370306,-2,-1,0,1,"0.51 to 0.75","Significant Decrease","<0.01"
"E02004758","Hart 008",NA,476680,151441,51.257,-0.90252,"8d88c68a-ff9e-4682-868d-c6e90835e866",5,9.87,47.9,0.0384,0.0082,0.0303,"LargeCentralMetro",0,0,0,0,0,"South East",10,"Hart 008",53,1,223,118,1169,0.53,0.479,0.0987,0.0987,10,0.47085201793722,105,126,1178,1178,0.853188409513287,0.725689493304641,0.996524039008398,-1,-1,0.022,2,"0.76 to 0.99","Significant Decrease","0.01-0.20"
"E02004761","Hart 011",NA,473857,148614,51.2319,-0.94355,"fe04e8ea-c9b6-433d-85ed-ca4e456e5e1c",4,10.83,48.47,0.017,0.0081,0.0241,"MediumMetro",0,1,0,0,0,"South East",10,"Hart 011",61,1,240,146,1240,0.61,0.4847,0.1083,0.1083,10,0.391666666666667,94,136,1179,1179,0.739390605007203,0.626282402692519,0.866877418703387,-2,-1,0,1,"0.51 to 0.75","Significant Decrease","<0.01"
"E02004764","Havant 003",NA,467950,110632,50.8912,-1.03526,"e5ddb2b1-a5e7-4051-b492-cd64cbe8b6f0",8,16.93,45.99,0.0174,0.0032,0.0117,"LargeCentralMetro",0,0,0,0,0,"South East",10,"Havant 003",33,1,189,62,811,0.33,0.4599,0.1693,0.1693,10,0.671957671957672,127,107,1180,1180,1.14714414283226,0.98320730033343,1.33052622596969,1,0,0.959,6,"1.01 to 1.25","Not Significant","0.80-1.00"
"E02004768","Havant 007",NA,468765,108410,50.8711,-1.0241,"ff1d3f62-5416-4a90-ad02-5411c2a23097",8,17.66,50.07,0.042,0.0073,0.0245,"LargeCentralMetro",0,0,0,0,0,"South East",10,"Havant 007",42.74,2,385,165,2157,0.4274,0.5007,0.1766,0.1766,10,0.571428571428571,220,218,1181,1181,1.01027904491332,0.894059816485679,1.13731555632723,1,0,0.553,4,"1.01 to 1.25","Not Significant","0.40-0.59"
"E02004770","Havant 009",NA,472587,108137,50.8682,-0.96984,"5d47a456-a444-4193-a276-6176c6ade5a2",9,55.38,53.11,0.008,0.0098,0.0146,"LargeCentralMetro",0,0,0,0,0,"South East",7,"Havant 009",17,1,65,11,322,0.17,0.5311,0.5538,0.5538,7,0.830769230769231,54,37,1182,1182,1.46364906859921,1.19637111098659,1.77273324233591,2,1,1,6,"1.26 to 1.50","Significant Increase","0.80-1.00"
"E02004771","Havant 010",NA,471246,107642,50.8639,-0.98899,"c0ee81e8-9f5e-47d6-87b9-9843ef31fd4b",9,47.17,50.74,0.0143,0.0084,0.0182,"LargeCentralMetro",0,0,0,0,0,"South East",10,"Havant 010",13,1,159,21,873,0.13,0.5074,0.4717,0.4717,10,0.867924528301887,138,90,1183,1183,1.49656664483974,1.28946512069725,1.72735165858867,2,1,1,6,"1.26 to 1.50","Significant Increase","0.80-1.00"
"E02004772","Havant 011",NA,468149,107316,50.8613,-1.03305,"e3f06d01-f3a7-47e7-8e65-4400d50ecfa8",7,19.7,55.88,0.0253,0.0057,0.0148,"LargeCentralMetro",0,0,0,0,0,"South East",10,"Havant 011",48,1,132,63,621,0.48,0.5588,0.197,0.197,10,0.522727272727273,69,75,1184,1184,0.958969827257654,0.796757950417325,1.14435232377446,-1,0,0.308,3,"0.76 to 0.99","Not Significant","0.20-0.39"
"E02004775","Havant 014",NA,472046,106293,50.8517,-0.97789,"40aff487-fd4a-4f67-b47e-32d1a2fcbb42",8,26.92,50.52,0.0251,0.0076,0.026,"LargeCentralMetro",0,0,0,0,0,"South East",9,"Havant 014",22,1,130,29,673,0.22,0.5052,0.2692,0.2692,9,0.776923076923077,101,74,1185,1185,1.2730753160138,1.07457430320135,1.49760143970917,2,1,0.998,6,"1.26 to 1.50","Significant Increase","0.80-1.00"
"E02004778","Havant 017",NA,473454,99148,50.7873,-0.95932,"aeadb563-0f00-40e1-a998-e3b3430fc8b6",7,32.65,48.68,0.0076,0.0032,0.021,"LargeCentralMetro",0,0,0,0,0,"South East",9,"Havant 017",32,1,98,31,530,0.32,0.4868,0.3265,0.3265,9,0.683673469387755,67,56,1186,1186,1.18318343309898,0.978502284889871,1.41796504213134,1,0,0.958,6,"1.01 to 1.25","Not Significant","0.80-1.00"
"E02004779","New Forest 001",NA,414557,116729,50.9498,-1.79414,"940722a1-e2d7-4d62-9f64-08ef9b4918d0",8,11.19,42.24,0.0056,0.0021,0.0115,"MediumMetro",0,1,0,0,0,"South East",10,"New Forest 001",44,1,134,59,1025,0.44,0.4224,0.1119,0.1119,10,0.559701492537313,75,76,1187,1187,0.968823596441862,0.805700865828164,1.15521283442464,-1,0,0.347,3,"0.76 to 0.99","Not Significant","0.20-0.39"
"E02004782","New Forest 004",NA,435827,114086,50.9251,-1.49162,"f1b8e604-1972-45b2-8909-d912ccc4cf31",9,17.89,48.2,0.0194,0.0034,0.016,"LargeCentralMetro",0,0,0,0,0,"South East",9,"New Forest 004",51.06,2,369,188,1894,0.5106,0.482,0.1789,0.1789,9,0.490514905149051,181,209,1188,1188,0.898831686903922,0.78877696616308,1.01982204500571,-1,0,0.048,2,"0.76 to 0.99","Not Significant","0.01-0.20"
"E02004787","New Forest 009",NA,441365,107955,50.8696,-1.41352,"a0942c8b-8ce8-4c79-b889-6ce379830d53",7,18.1,50.33,0.0081,0.0018,0.0146,"LargeCentralMetro",0,0,0,0,0,"South East",10,"New Forest 009",38.84,2,348,135,1679,0.3884,0.5033,0.181,0.181,10,0.612068965517241,213,197,1189,1189,1.07070737581942,0.945434690918343,1.20786791444309,1,0,0.856,6,"1.01 to 1.25","Not Significant","0.80-1.00"
"E02004790","New Forest 012",NA,415163,102637,50.8231,-1.78609,"ec7dfdde-463a-4b5b-bfa2-61961ece32f2",3,12.84,49.44,0.0113,0.0033,0.0224,"LargeCentralMetro",0,0,0,0,0,"South East",10,"New Forest 012",47,1,257,121,1620,0.47,0.4944,0.1284,0.1284,10,0.529182879377432,136,146,1190,1190,0.926512515519196,0.798523589708072,1.06908849446005,-1,0,0.143,2,"0.76 to 0.99","Not Significant","0.01-0.20"
"E02004792","New Forest 014",NA,445617,101713,50.8132,-1.35387,"b52a489f-4ba5-4848-af30-5f9a3e2851d5",8,28.17,48.45,0.0083,0.003,0.0142,"LargeCentralMetro",0,0,0,0,0,"South East",10,"New Forest 014",37,1,71,26,388,0.37,0.4845,0.2817,0.2817,10,0.633802816901408,45,40,1191,1191,1.13964448154532,0.922907774580438,1.39190186879709,1,0,0.884,6,"1.01 to 1.25","Not Significant","0.80-1.00"
"E02004797","New Forest 019",NA,430884,95794,50.7609,-1.56348,"887e337c-8a71-4168-999c-534e63082cb0",5,18.72,46.91,0.0115,0.0033,0.0188,"LargeFringeMetro",1,0,0,0,0,"South East",10,"New Forest 019",58,1,219,127,1166,0.58,0.4691,0.1872,0.1872,10,0.420091324200913,92,124,1192,1192,0.834380005477172,0.707814530150636,0.97681971755395,-1,-1,0.012,2,"0.76 to 0.99","Significant Decrease","0.01-0.20"
"E02004798","New Forest 020",NA,423491,95062,50.7547,-1.66835,"3db14d8f-e140-477e-b69c-ae404f96c96e",6,29.94,48.83,0.0215,0.0023,0.0195,"LargeCentralMetro",0,0,0,0,0,"South East",9,"New Forest 020",33,1,157,52,1114,0.33,0.4883,0.2994,0.2994,9,0.668789808917197,105,89,1193,1193,1.1614782166364,0.985722428869795,1.3594368224466,1,0,0.963,6,"1.01 to 1.25","Not Significant","0.80-1.00"
"E02004806","Rushmoor 005",NA,484578,155415,51.2916,-0.78843,"2542edba-1349-487f-907d-0ec722ea6ef5",5,14.06,50.26,0.0595,0.0142,0.0404,"LargeCentralMetro",0,0,0,0,0,"South East",10,"Rushmoor 005",38,1,192,73,971,0.38,0.5026,0.1406,0.1406,10,0.619791666666667,119,109,1194,1194,1.03847758458667,0.885948567383452,1.2096799920366,1,0,0.668,5,"1.01 to 1.25","Not Significant","0.60-0.79"
"E02004808","Rushmoor 007",NA,485958,153570,51.2748,-0.76908,"56243d91-01c1-4896-bc52-f5d7399826c4",7,10.42,44.05,0.0969,0.0308,0.0509,"LargeCentralMetro",0,0,0,0,0,"South East",10,"Rushmoor 007",40,1,192,77,983,0.4,0.4405,0.1042,0.1042,10,0.598958333333333,115,109,1195,1195,1.01088371709516,0.860991502111237,1.17931542540719,1,0,0.537,4,"1.01 to 1.25","Not Significant","0.40-0.59"
"E02004817","Test Valley 004",NA,435696,146072,51.2127,-1.49033,"e24554af-da38-407b-bd10-7213e2dc8ec4",8,23.73,49.89,0.0442,0.0104,0.0211,"LargeCentralMetro",0,0,0,0,0,"South East",10,"Test Valley 004",45,1,177,80,894,0.45,0.4989,0.2373,0.2373,10,0.548022598870056,97,100,1196,1196,1.00579043364952,0.852200022230991,1.17891334306236,0,0,0.511,4,"1.00-1.009 (null value)","Not Significant","0.40-0.59"
"E02004818","Test Valley 005",NA,432688,143140,51.1866,-1.53366,"54ee7de3-b655-4f82-a378-dcbeb7ea06d2",7,17.39,49.47,0.0403,0.0098,0.0219,"LargeCentralMetro",0,0,0,0,0,"South East",10,"Test Valley 005",34,1,161,55,847,0.34,0.4947,0.1739,0.1739,10,0.658385093167702,106,91,1197,1197,1.11422741975009,0.944504062878399,1.30559157803478,1,0,0.897,6,"1.01 to 1.25","Not Significant","0.80-1.00"
"E02004824","Test Valley 011",NA,435416,121324,50.9902,-1.49676,"f0ce3f5a-2f1d-4715-aea7-c5de8b85c323",6,16.06,46.03,0.0203,0.0027,0.0172,"LargeCentralMetro",0,0,0,0,0,"South East",10,"Test Valley 011",41,1,193,79,1121,0.41,0.4603,0.1606,0.1606,10,0.590673575129534,114,109,1198,1198,1.03235185345954,0.880430901574944,1.20286851432103,1,0,0.64,5,"1.01 to 1.25","Not Significant","0.60-0.79"
"E02004826","Test Valley 013",NA,430719,120646,50.9844,-1.56374,"f1400454-d42c-4f08-9a7e-5716cd65f355",5,11.62,48.76,0.0185,0.0068,0.0238,"LargeCentralMetro",0,0,0,0,0,"South East",10,"Test Valley 013",56,1,284,159,1413,0.56,0.4876,0.1162,0.1162,10,0.440140845070423,125,161,1199,1199,0.813176212293683,0.699516315920099,0.939908681023392,-1,-1,0.003,1,"0.76 to 0.99","Significant Decrease","<0.01"
"E02004831","Winchester 003",NA,444660,133012,51.0947,-1.36362,"2b0bb171-126c-471b-9ca2-105afeff607b",5,13.11,51,0.0396,0.0064,0.0308,"LargeCentralMetro",0,0,0,0,0,"South East",10,"Winchester 003",51,1,183,93,902,0.51,0.51,0.1311,0.1311,10,0.491803278688525,90,104,1200,1200,0.883204891252681,0.744326888342567,1.04035956146263,-1,0,0.067,2,"0.76 to 0.99","Not Significant","0.01-0.20"
"E02004832","Winchester 004",NA,459174,130170,51.0678,-1.15685,"30d006c4-836e-4e8e-abeb-6033d8015640",3,7.65,52.12,0.0092,0.003,0.0151,"MediumMetro",0,1,0,0,0,"South East",10,"Winchester 004",58,1,196,114,1059,0.58,0.5212,0.0765,0.0765,10,0.418367346938776,82,111,1201,1201,0.766035672525604,0.642486176786252,0.906301845983257,-1,-1,0.001,1,"0.76 to 0.99","Significant Decrease","<0.01"
"E02004837","Winchester 009",NA,443339,126120,51.0328,-1.38331,"255b3ed0-be4b-4f15-9b8e-7133404104a6",5,9.73,46.68,0.0406,0.0049,0.0338,"LargeCentralMetro",0,0,0,0,0,"South East",9,"Winchester 009",71,1,329,234,1656,0.71,0.4668,0.0973,0.0973,9,0.288753799392097,95,187,1202,1202,0.603191614283632,0.514291190957723,0.702829390291053,-2,-1,0,1,"0.51 to 0.75","Significant Decrease","<0.01"
"E02004839","Winchester 011",NA,462031,119260,50.9694,-1.11794,"a84a5008-183c-4f0d-95fd-885b58fce7c1",2,10.92,52.02,0.0061,0.0019,0.0173,"LargeCentralMetro",0,0,0,0,0,"South East",10,"Winchester 011",63,1,229,144,1211,0.63,0.5202,0.1092,0.1092,10,0.37117903930131,85,130,1203,1203,0.724365595385927,0.611274962994906,0.852129295124629,-2,-1,0,1,"0.51 to 0.75","Significant Decrease","<0.01"
"E02004845","Broxbourne 003",NA,536601,208544,51.7589,-0.02215,"f42489d2-b9e7-46ad-90b5-89ac9c3fdc4d",2,25,47.5,0.0237,0.0343,0.0537,"LargeCentralMetro",0,0,0,0,0,"East of England",10,"Broxbourne 003",18,1,104,19,640,0.18,0.475,0.25,0.25,10,0.817307692307692,85,59,1204,1204,1.24688301636467,1.03719386907303,1.48664375244424,1,1,0.991,6,"1.01 to 1.25","Significant Increase","0.80-1.00"
"E02004846","Broxbourne 004",NA,536345,206859,51.7439,-0.02652,"99c50fed-d525-432f-849e-52d0cc622040",1,19.31,51.76,0.0288,0.0231,0.045,"LargeCentralMetro",0,0,0,0,0,"East of England",10,"Broxbourne 004",63,1,202,127,1281,0.63,0.5176,0.1931,0.1931,10,0.371287128712871,75,115,1205,1205,0.73529149377477,0.616538408229372,0.870041341809799,-2,-1,0,1,"0.51 to 0.75","Significant Decrease","<0.01"
"E02004850","Broxbourne 008",NA,536256,203589,51.7145,-0.02909,"c383ba53-2335-4985-85fd-9f529260aac8",4,31.91,47.74,0.0407,0.0643,0.1019,"LargeCentralMetro",0,0,0,0,0,"East of England",9,"Broxbourne 008",34,1,141,48,884,0.34,0.4774,0.3191,0.3191,9,0.659574468085106,93,80,1206,1206,1.09460236585449,0.919899714056444,1.29280798285271,1,0,0.84,6,"1.01 to 1.25","Not Significant","0.80-1.00"
"E02004853","Broxbourne 011",NA,534199,201456,51.6958,-0.05966,"7b2131cc-8488-443f-bdcf-c8fb5d8c9715",6,24.59,49.94,0.0349,0.0606,0.1017,"LargeCentralMetro",0,0,0,0,0,"East of England",8,"Broxbourne 011",42.08,2,366,154,2415,0.4208,0.4994,0.2459,0.2459,8,0.579234972677596,212,208,1207,1207,0.999129115734063,0.881510602950406,1.12799225141152,-1,0,0.481,4,"0.76 to 0.99","Not Significant","0.40-0.59"
"E02004859","Dacorum 004",NA,494646,210529,51.7854,-0.62928,"633267e9-c5e2-42b6-b377-7abc6cdc87aa",3,11.54,48.69,0.0122,0.0058,0.0284,"LargeCentralMetro",0,0,0,0,0,"East of England",10,"Dacorum 004",55,1,234,129,1522,0.55,0.4869,0.1154,0.1154,10,0.448717948717949,105,133,1208,1208,0.819219009697987,0.697313765769996,0.956178441372801,-1,-1,0.006,1,"0.76 to 0.99","Significant Decrease","<0.01"
"E02004862","Dacorum 007",NA,506637,209555,51.7745,-0.4558,"06fe2f9f-92c0-43f5-8303-53b9e8f6bc26",6,38.57,50.58,0.0691,0.0718,0.0503,"LargeCentralMetro",0,0,0,0,0,"East of England",10,"Dacorum 007",37,1,70,26,431,0.37,0.5058,0.3857,0.3857,10,0.628571428571429,44,40,1209,1209,1.13939548198133,0.922638443817359,1.39164558849747,1,0,0.883,6,"1.01 to 1.25","Not Significant","0.80-1.00"
"E02004869","Dacorum 014",NA,499989,206599,51.7492,-0.55297,"bc297119-06b8-4d2a-a1c4-a83dbe54e967",4,15.38,49.25,0.0255,0.0075,0.0362,"LargeCentralMetro",0,0,0,0,0,"East of England",7,"Dacorum 014",57,1,208,119,1275,0.57,0.4925,0.1538,0.1538,7,0.427884615384615,89,118,1210,1210,0.799418611053419,0.674825960909889,0.940198239421164,-1,-1,0.004,1,"0.76 to 0.99","Significant Decrease","<0.01"
"E02004875","Dacorum 020",NA,507439,205447,51.7374,-0.44545,"a94a7769-c7d3-4737-ae73-86c9e32c92e3",4,26.37,50.17,0.1296,0.0366,0.0558,"LargeCentralMetro",0,0,0,0,0,"East of England",10,"Dacorum 020",41,1,201,82,1196,0.41,0.5017,0.2637,0.2637,10,0.592039800995025,119,114,1211,1211,1.03075178215893,0.881263104828392,1.19823991585414,1,0,0.635,5,"1.01 to 1.25","Not Significant","0.60-0.79"
"E02004877","Dacorum 022",NA,506310,202779,51.7137,-0.46261,"0944a9a4-dfd8-437a-be07-ac61948c64fc",3,18.13,51.39,0.0384,0.0091,0.0388,"LargeCentralMetro",0,0,0,0,0,"East of England",8,"Dacorum 022",38,1,182,69,1082,0.38,0.5139,0.1813,0.1813,8,0.620879120879121,113,103,1212,1212,1.03821857446797,0.882834575685962,1.21303704059608,1,0,0.663,5,"1.01 to 1.25","Not Significant","0.60-0.79"
"E02004878","East Hertfordshire 001",NA,540277,231279,51.9623,0.040298,"d698d0d6-aebb-4a9e-90b0-f94dd7e0167f",2,10.63,49.67,0.0113,0.0061,0.0189,"MediumMetro",0,1,0,0,0,"East of England",10,"East Hertfordshire 001",60,1,207,124,904,0.6,0.4967,0.1063,0.1063,10,0.400966183574879,83,117,1213,1213,0.75039907060856,0.630525256179388,0.886293839140425,-1,-1,0,1,"0.76 to 0.99","Significant Decrease","<0.01"
"E02004882","East Hertfordshire 005",NA,550196,221483,51.8717,0.180285,"7bbf4d53-a4e5-43cf-815f-9d23cd78fe61",2,9.57,63.33,0.0482,0.0246,0.0643,"LargeCentralMetro",0,0,0,0,0,"East of England",2,"East Hertfordshire 005",62,3,512,317,3461,0.62,0.6333,0.0957,0.0957,2,0.380859375,195,290,1214,1214,0.680873571728524,0.599086342163804,0.770634441272952,-2,-1,0,1,"0.51 to 0.75","Significant Decrease","<0.01"
"E02004888","East Hertfordshire 011",NA,548112,215192,51.8157,0.147344,"206f7475-82f8-4414-919f-5987f7aeb9a8",2,11.36,51.16,0.0252,0.012,0.0277,"LargeCentralMetro",0,0,0,0,0,"East of England",4,"East Hertfordshire 011",55,1,176,97,1202,0.55,0.5116,0.1136,0.1136,4,0.448863636363636,79,100,1215,1215,0.803695498846158,0.672087241556991,0.953444540781397,-1,-1,0.006,1,"0.76 to 0.99","Significant Decrease","<0.01"
"E02004890","East Hertfordshire 013",NA,535690,213618,51.8047,-0.03336,"c8b3b5a6-5cb0-427e-8c33-0a5da96b5b54",3,11.8,73.29,0.026,0.0105,0.0339,"LargeCentralMetro",0,0,0,0,0,"East of England",6,"East Hertfordshire 013",54.74,2,322,176,2104,0.5474,0.7329,0.118,0.118,6,0.453416149068323,146,183,1216,1216,0.795598242038235,0.688398498230065,0.914677694354456,-1,-1,0.001,1,"0.76 to 0.99","Significant Decrease","<0.01"
"E02004892","East Hertfordshire 015",NA,530778,213534,51.8052,-0.10459,"f64a77d0-9b70-4250-856b-81ba610ca88b",4,30.36,47.44,0.024,0.022,0.0464,"LargeCentralMetro",0,0,0,0,0,"East of England",4,"East Hertfordshire 015",43,1,56,24,352,0.43,0.4744,0.3036,0.3036,4,0.571428571428571,32,32,1217,1217,1.00306969712975,0.797855541050001,1.24494042419838,0,0,0.487,4,"1.00-1.009 (null value)","Not Significant","0.40-0.59"
"E02004897","Hertsmere 002",NA,523840,201118,51.6952,-0.20959,"667c895f-f20c-4130-9ed5-e47d683b1856",3,4.37,50.75,0.1077,0.033,0.0806,"LargeCentralMetro",0,0,0,0,0,"East of England",10,"Hertsmere 002",83,1,206,171,1466,0.83,0.5075,0.0437,0.0437,10,0.169902912621359,35,117,1218,1218,0.477960357091442,0.390872841835384,0.578286025185258,-3,-1,0,1,"0.26 to 0.5","Significant Decrease","<0.01"
"E02004899","Hertsmere 004",NA,521005,201144,51.696,-0.25058,"c50cca4a-b04b-4610-9100-78f4503a13ff",4,31.73,49.42,0.0587,0.0191,0.0594,"LargeCentralMetro",0,0,0,0,0,"East of England",9,"Hertsmere 004",38,1,208,79,1293,0.38,0.4942,0.3173,0.3173,9,0.620192307692308,129,118,1219,1219,1.07716247068365,0.9251330339381,1.24695151892371,1,0,0.825,6,"1.01 to 1.25","Not Significant","0.80-1.00"
"E02004903","Hertsmere 008",NA,513177,197048,51.6608,-0.36511,"9f02a3dc-961b-4080-9ee3-fcb6855d8bb5",4,12.02,45.3,0.1827,0.0447,0.066,"LargeCentralMetro",0,0,0,0,0,"East of England",7,"Hertsmere 008",65,1,258,168,1671,0.65,0.453,0.1202,0.1202,7,0.348837209302326,90,146,1220,1220,0.682230522310696,0.577632806625938,0.800123224774626,-2,-1,0,1,"0.51 to 0.75","Significant Decrease","<0.01"
"E02004904","Hertsmere 009",NA,520797,196937,51.6582,-0.25504,"70252cf9-291e-41e1-b1d8-97850a2b1fea",3,32.31,62.02,0.0825,0.0716,0.0681,"LargeCentralMetro",0,0,0,0,0,"East of England",8,"Hertsmere 009",26,1,65,17,337,0.26,0.6202,0.3231,0.3231,8,0.738461538461539,48,37,1221,1221,1.12235510931793,0.904222190647979,1.37742954619621,1,0,0.846,6,"1.01 to 1.25","Not Significant","0.80-1.00"
"E02004906","Hertsmere 011",NA,520064,196206,51.6518,-0.26588,"d4ce23ef-74be-4c65-98f5-61b49b59d4ab",4,12.24,45.94,0.0944,0.0741,0.0857,"LargeCentralMetro",0,0,0,0,0,"East of England",7,"Hertsmere 011",59,1,147,87,973,0.59,0.4594,0.1224,0.1224,7,0.408163265306122,60,83,1222,1222,0.762144482463474,0.628519678441385,0.915646962652561,-1,-1,0.002,1,"0.76 to 0.99","Significant Decrease","<0.01"
"E02004907","Hertsmere 012",NA,513280,195065,51.643,-0.36427,"4cdc5f96-8a33-4cfe-b43a-463c29cd8928",4,13.61,45.62,0.1178,0.0409,0.0717,"LargeCentralMetro",0,0,0,0,0,"East of England",7,"Hertsmere 012",54,1,169,91,1120,0.54,0.4562,0.1361,0.1361,7,0.461538461538462,78,96,1223,1223,0.823926252063589,0.688404997416681,0.978227773504684,-1,-1,0.014,2,"0.76 to 0.99","Significant Decrease","0.01-0.20"
"E02004912","North Hertfordshire 004",NA,524716,233500,51.986,-0.18525,"31455cca-a77b-4b9e-aa56-064842ea7e27",6,19.7,48.09,0.0291,0.0136,0.0359,"LargeCentralMetro",0,0,0,0,0,"East of England",8,"North Hertfordshire 004",50,1,203,102,1362,0.5,0.4809,0.197,0.197,8,0.497536945812808,101,115,1224,1224,0.90796687081539,0.771009475703864,1.06210400112881,-1,0,0.11,2,"0.76 to 0.99","Not Significant","0.01-0.20"
"E02004915","North Hertfordshire 007",NA,520599,232733,51.98,-0.24544,"2c1fd898-44b8-4058-8dcb-cef5d42d1f28",3,24.47,50.93,0.076,0.0378,0.0556,"LargeCentralMetro",0,0,0,0,0,"East of England",6,"North Hertfordshire 007",22,1,94,21,483,0.22,0.5093,0.2447,0.2447,6,0.776595744680851,73,53,1225,1225,1.17466810122828,0.96794459080152,1.41264336958204,1,0,0.947,6,"1.01 to 1.25","Not Significant","0.80-1.00"
"E02004918","North Hertfordshire 010",NA,519007,230642,51.9615,-0.26934,"c3a57f3d-e55d-4d5e-baa4-20b2c641dd7d",3,14.04,50.85,0.1053,0.0346,0.0652,"LargeCentralMetro",0,0,0,0,0,"East of England",1,"North Hertfordshire 010",42,1,171,72,1115,0.42,0.5085,0.1404,0.1404,1,0.578947368421053,99,97,1226,1226,0.936872858025072,0.789096923810944,1.10429297407482,-1,0,0.21,3,"0.76 to 0.99","Not Significant","0.20-0.39"
"E02004924","St Albans 001",NA,512726,215672,51.8283,-0.3656,"33228d44-e94f-43be-88ed-de4c57ccec42",1,10.47,48.13,0.0505,0.0162,0.0497,"LargeCentralMetro",0,0,0,0,0,"East of England",8,"St Albans 001",63,1,191,120,1259,0.63,0.4813,0.1047,0.1047,8,0.3717277486911,71,108,1227,1227,0.714093577846673,0.595655718952043,0.849024704071829,-2,-1,0,1,"0.51 to 0.75","Significant Decrease","<0.01"
"E02004925","St Albans 002",NA,514422,215246,51.8241,-0.34114,"cafbdb3d-0c87-4d39-a39d-ebf7d9c05975",2,5.45,51.29,0.0526,0.0257,0.053,"LargeCentralMetro",0,0,0,0,0,"East of England",8,"St Albans 002",69.22,2,385,266,2564,0.6922,0.5129,0.0545,0.0545,8,0.309090909090909,119,218,1228,1228,0.599917038364969,0.515963047422642,0.693498829298924,-2,-1,0,1,"0.51 to 0.75","Significant Decrease","<0.01"
"E02004931","St Albans 008",NA,517201,208874,51.7663,-0.30299,"50d257d2-d070-4aba-affc-0873b55bb4f1",2,7.73,48.41,0.0991,0.0142,0.0574,"LargeCentralMetro",0,0,0,0,0,"East of England",10,"St Albans 008",76,1,194,147,1287,0.76,0.4841,0.0773,0.0773,10,0.242268041237113,47,110,1229,1229,0.571013182112023,0.470380435466137,0.686488189994112,-2,-1,0,1,"0.51 to 0.75","Significant Decrease","<0.01"
"E02004932","St Albans 009",NA,514179,208497,51.7635,-0.34689,"4cd9be44-a2d6-4605-b8c8-ae762962eb3d",3,24.75,46.83,0.0973,0.0293,0.0816,"LargeCentralMetro",0,0,0,0,0,"East of England",10,"St Albans 009",41,1,101,41,583,0.41,0.4683,0.2475,0.2475,10,0.594059405940594,60,57,1230,1230,0.997326463154959,0.817498253383557,1.20495543843228,-1,0,0.469,4,"0.76 to 0.99","Not Significant","0.40-0.59"
"E02004936","St Albans 013",NA,517309,207332,51.7524,-0.30194,"cbfa49d7-8338-4495-bd1d-025bacdde908",2,8.38,49.55,0.101,0.02,0.0729,"LargeCentralMetro",0,0,0,0,0,"East of England",8,"St Albans 013",69,1,179,124,1215,0.69,0.4955,0.0838,0.0838,8,0.307262569832402,55,102,1231,1231,0.630094630809356,0.519960629033995,0.756448818936442,-2,-1,0,1,"0.51 to 0.75","Significant Decrease","<0.01"
"E02004937","St Albans 014",NA,513414,206588,51.7465,-0.35859,"aff3d944-0535-4109-b0f0-76542eb52fa3",3,16.67,50.09,0.0521,0.0122,0.052,"LargeCentralMetro",0,0,0,0,0,"East of England",8,"St Albans 014",43,1,168,72,1146,0.43,0.5009,0.1667,0.1667,8,0.571428571428571,96,95,1232,1232,0.965219867653073,0.813459995251925,1.13703526679019,-1,0,0.323,3,"0.76 to 0.99","Not Significant","0.20-0.39"
"E02004945","Stevenage 002",NA,524051,226143,51.92,-0.19759,"c390d8c8-1185-4a91-9b30-33bbb9280662",5,14.98,50.33,0.1083,0.0398,0.0536,"LargeCentralMetro",0,0,0,0,0,"East of England",9,"Stevenage 002",56.23,2,287,161,2291,0.5623,0.5033,0.1498,0.1498,9,0.439024390243902,126,163,1233,1233,0.804362115034752,0.692005636889977,0.929638783168038,-1,-1,0.002,1,"0.76 to 0.99","Significant Decrease","<0.01"
"E02004950","Stevenage 007",NA,525988,224511,51.9049,-0.17003,"49d78a20-d4e0-4297-9851-e9c2e9981c60",5,41.41,47.96,0.0645,0.0422,0.0497,"LargeCentralMetro",0,0,0,0,0,"East of England",10,"Stevenage 007",27,1,128,35,1105,0.27,0.4796,0.4141,0.4141,10,0.7265625,93,73,1234,1234,1.24828493088851,1.05161897294782,1.47096151993459,1,1,0.995,6,"1.01 to 1.25","Significant Increase","0.80-1.00"
"E02004953","Stevenage 010",NA,525467,223053,51.8919,-0.17813,"9d2ea8cf-6bc4-4a49-ab3b-356b9d490e6e",5,29.59,47.23,0.0564,0.0559,0.0482,"LargeCentralMetro",0,0,0,0,0,"East of England",10,"Stevenage 010",34,1,196,67,1084,0.34,0.4723,0.2959,0.2959,10,0.658163265306122,129,111,1235,1235,1.13855611971535,0.977487454749303,1.31849670388084,1,0,0.952,6,"1.01 to 1.25","Not Significant","0.80-1.00"
"E02004957","Three Rivers 002",NA,509454,201153,51.6985,-0.41763,"d942ff8e-f84f-4c4e-a84b-37b20b1ef2c2",4,9.87,47.14,0.1334,0.0463,0.0606,"LargeCentralMetro",0,0,0,0,0,"East of England",9,"Three Rivers 002",71.78,2,385,276,2552,0.7178,0.4714,0.0987,0.0987,9,0.283116883116883,109,218,1236,1236,0.579001333152979,0.496878203897665,0.670640554776114,-2,-1,0,1,"0.51 to 0.75","Significant Decrease","<0.01"
"E02004959","Three Rivers 004",NA,504969,196260,51.6553,-0.48397,"4d97bb27-9478-4d5e-be31-be55ecdc613d",4,7.77,45.18,0.2643,0.0214,0.0555,"LargeCentralMetro",0,0,0,0,0,"East of England",8,"Three Rivers 004",52,1,206,107,1224,0.52,0.4518,0.0777,0.0777,8,0.480582524271845,99,117,1237,1237,0.83909753771167,0.709944652523003,0.984873636802754,-1,-1,0.016,2,"0.76 to 0.99","Significant Decrease","0.01-0.20"
"E02004960","Three Rivers 005",NA,502571,196401,51.6571,-0.51858,"deed0ba9-3098-43c0-8376-79f8a99d0489",2,6.44,51.5,0.0714,0.0087,0.0525,"LargeCentralMetro",0,0,0,0,0,"East of England",7,"Three Rivers 005",75,1,202,152,1396,0.75,0.515,0.0644,0.0644,7,0.247524752475248,50,115,1238,1238,0.561590597470611,0.463440418587795,0.674103206069829,-2,-1,0,1,"0.51 to 0.75","Significant Decrease","<0.01"
"E02004961","Three Rivers 006",NA,507493,195564,51.6486,-0.44771,"ba0707ee-9c04-4831-b478-dcb3ee1059d3",3,9.63,50.72,0.1285,0.0158,0.0472,"LargeCentralMetro",0,0,0,0,0,"East of England",5,"Three Rivers 006",64,1,187,120,1258,0.64,0.5072,0.0963,0.0963,5,0.358288770053476,67,106,1239,1239,0.695196510627143,0.578420261080637,0.828460092075276,-2,-1,0,1,"0.51 to 0.75","Significant Decrease","<0.01"
"E02004968","Watford 001",NA,510795,200546,51.6927,-0.39843,"0d6af240-72fd-4ddc-a301-3f920acbef8a",5,23.78,51.04,0.138,0.0634,0.0674,"LargeCentralMetro",0,0,0,0,0,"East of England",8,"Watford 001",32,1,185,59,1101,0.32,0.5104,0.2378,0.2378,8,0.681081081081081,126,105,1240,1240,1.12634188226362,0.963350220567781,1.30897290263239,1,0,0.931,6,"1.01 to 1.25","Not Significant","0.80-1.00"
"E02004978","Watford 011",NA,509707,195405,51.6468,-0.41578,"805057a2-5bda-4eb3-897f-e99b4b06ccfe",8,32.48,46.43,0.3399,0.0789,0.0913,"LargeCentralMetro",0,0,0,0,0,"East of England",6,"Watford 011",35,1,157,55,995,0.35,0.4643,0.3248,0.3248,6,0.64968152866242,102,89,1241,1241,1.10856037802725,0.938085495246602,1.30099193659076,1,0,0.883,6,"1.01 to 1.25","Not Significant","0.80-1.00"
"E02004982","Welwyn Hatfield 003",NA,523438,214556,51.816,-0.21063,"f23c861c-c340-43ca-ab8e-bfb770dd26df",4,16.18,50.49,0.0475,0.0221,0.0551,"LargeCentralMetro",0,0,0,0,0,"East of England",10,"Welwyn Hatfield 003",52,1,204,106,1321,0.52,0.5049,0.1618,0.1618,10,0.480392156862745,98,116,1242,1242,0.861529609440829,0.729679669469779,1.01020742145389,-1,0,0.033,2,"0.76 to 0.99","Not Significant","0.01-0.20"
"E02004985","Welwyn Hatfield 006",NA,523121,212093,51.7939,-0.2161,"22283cac-2950-4a60-bb3d-46ded23ebd40",6,19.21,43.35,0.0572,0.0222,0.0504,"LargeCentralMetro",0,0,0,0,0,"East of England",10,"Welwyn Hatfield 006",34,1,177,60,1068,0.34,0.4335,0.1921,0.1921,10,0.661016949152542,117,100,1243,1243,1.1126013280675,0.94821303981828,1.29725057273864,1,0,0.902,6,"1.01 to 1.25","Not Significant","0.80-1.00"
"E02004998","Ashford 003",NA,602480,144524,51.1641,0.894636,"973fedcb-ac32-4859-acc4-abd71bc42d59",6,26.38,46.21,0.0501,0.0253,0.0262,"LargeCentralMetro",0,0,0,0,0,"South East",10,"Ashford 003",26,1,163,42,1028,0.26,0.4621,0.2638,0.2638,10,0.742331288343558,121,92,1244,1244,1.24926483294186,1.0667180349948,1.45403425278959,1,1,0.997,6,"1.01 to 1.25","Significant Increase","0.80-1.00"
"E02005008","Ashford 013",NA,586721,132191,51.0587,0.663136,"abea8073-97aa-456a-8bcc-93814684fa98",5,21.71,50.75,0.0105,0.0035,0.0179,"MediumMetro",0,1,0,0,0,"South East",10,"Ashford 013",24,1,327,78,2146,0.24,0.5075,0.2171,0.2171,10,0.761467889908257,249,185,1245,1245,1.27638076885317,1.13340876540823,1.43232126038621,2,1,1,6,"1.26 to 1.50","Significant Increase","0.80-1.00"
"E02005012","Canterbury 003",NA,617263,167187,51.3622,1.1195,"8b0c745d-432c-4955-90e2-664144f81454",8,26.88,49.04,0.0196,0.0035,0.0212,"LargeFringeMetro",1,0,0,0,0,"South East",10,"Canterbury 003",26,1,253,66,1564,0.26,0.4904,0.2688,0.2688,10,0.739130434782609,187,143,1246,1246,1.28407507950383,1.12542244073353,1.45872210627099,2,1,1,6,"1.26 to 1.50","Significant Increase","0.80-1.00"
"E02005020","Canterbury 011",NA,617370,161617,51.3121,1.11764,"b1fb7d26-5524-4018-9dc6-230614a9ade0",8,55.36,50.5,0.041,0.014,0.0348,"LargeFringeMetro",1,0,0,0,0,"South East",9,"Canterbury 011",10,1,112,11,606,0.1,0.505,0.5536,0.5536,9,0.901785714285714,101,64,1247,1247,1.56096400607797,1.32154975837446,1.83107754974033,3,1,1,6,"1.51 to 1.75","Significant Increase","0.80-1.00"
"E02005022","Canterbury 013",NA,615115,159218,51.2915,1.08389,"ae2346fd-f63b-4d74-989f-9bbcc6090a03",6,19.59,51.59,0.0781,0.0537,0.076,"LargeFringeMetro",1,0,0,0,0,"South East",10,"Canterbury 013",19,1,148,28,849,0.19,0.5159,0.1959,0.1959,10,0.810810810810811,120,84,1248,1248,1.28143502198655,1.08960748683776,1.49732728073099,2,1,0.999,6,"1.26 to 1.50","Significant Increase","0.80-1.00"
"E02005025","Canterbury 016",NA,616505,156716,51.2685,1.10228,"0d5a83fa-3798-4f4a-9ff0-1fc3dea0325c",7,20.22,47.21,0.0765,0.0394,0.0754,"LargeFringeMetro",1,0,0,0,0,"South East",10,"Canterbury 016",19,1,178,34,1112,0.19,0.4721,0.2022,0.2022,10,0.808988764044944,144,101,1249,1249,1.30818736156368,1.12555627434331,1.51198054241415,2,1,1,6,"1.26 to 1.50","Significant Increase","0.80-1.00"
"E02005028","Dartford 001",NA,555123,176161,51.4632,0.231689,"bc860782-f83a-42e5-ad03-32677a60fe48",6,33.87,18.32,0.1526,0.1975,0.0657,"LargeCentralMetro",0,0,0,0,0,"South East",8,"Dartford 001",21,1,62,13,191,0.21,0.1832,0.3387,0.3387,8,0.790322580645161,49,35,1250,1250,1.31691712152041,1.06533080126733,1.61011072291479,2,1,0.995,6,"1.26 to 1.50","Significant Increase","0.80-1.00"
"E02005031","Dartford 004",NA,559724,174404,51.4461,0.297074,"20c66172-4f88-4f5d-be1c-8be21f35d70c",4,26.85,42.96,0.0489,0.092,0.0441,"LargeCentralMetro",0,0,0,0,0,"South East",10,"Dartford 004",37,1,108,40,575,0.37,0.4296,0.2685,0.2685,10,0.62962962962963,68,61,1251,1251,1.0953225987151,0.906148452326608,1.31227325087313,1,0,0.82,6,"1.01 to 1.25","Not Significant","0.80-1.00"
"E02005035","Dartford 008",NA,556510,172682,51.4315,0.250103,"04a64fb9-1380-476e-bc40-b5f955ca0d28",5,21.27,42.72,0.1199,0.101,0.0517,"LargeCentralMetro",0,0,0,0,0,"South East",4,"Dartford 008",32,1,221,71,1442,0.32,0.4272,0.2127,0.2127,4,0.678733031674208,150,125,1252,1252,1.13657530502351,0.982266282099612,1.30819021852422,1,0,0.957,6,"1.01 to 1.25","Not Significant","0.80-1.00"
"E02005038","Dartford 011",NA,553779,171251,51.4194,0.210226,"729fb651-82b8-4477-9a15-4cddedab315e",6,17.5,36.17,0.0351,0.03,0.0345,"LargeCentralMetro",0,0,0,0,0,"South East",10,"Dartford 011",38,1,160,61,1106,0.38,0.3617,0.175,0.175,10,0.61875,99,91,1253,1253,1.06594166181586,0.901170496178323,1.25204141901004,1,0,0.763,5,"1.01 to 1.25","Not Significant","0.60-0.79"
"E02005040","Dartford 013",NA,560866,170619,51.4118,0.311776,"45b9ae32-4fa4-428e-8229-06db0af27842",6,27.95,47.6,0.0442,0.012,0.0272,"LargeCentralMetro",0,0,0,0,0,"South East",10,"Dartford 013",24,1,161,39,998,0.24,0.476,0.2795,0.2795,10,0.75776397515528,122,91,1254,1254,1.26861357137804,1.08351702352425,1.47621019863094,2,1,0.999,6,"1.26 to 1.50","Significant Increase","0.80-1.00"
"E02005042","Dover 002",NA,633238,157921,51.2727,1.34251,"90936f0c-5305-4726-a49b-31f749aade98",7,26.21,47.59,0.012,0.0044,0.0182,"LargeFringeMetro",1,0,0,0,0,"South East",10,"Dover 002",21,1,248,52,1431,0.21,0.4759,0.2621,0.2621,10,0.790322580645161,196,141,1255,1255,1.34751216155405,1.18317970972244,1.52818897696478,2,1,1,6,"1.26 to 1.50","Significant Increase","0.80-1.00"
"E02005051","Dover 011",NA,630351,142439,51.1349,1.29127,"91c9cfe0-9022-4ca2-9036-7019330f4034",10,38.18,51.02,0.0205,0.0073,0.0279,"LargeFringeMetro",1,0,0,0,0,"South East",10,"Dover 011",13.04,2,275,36,1425,0.1304,0.5102,0.3818,0.3818,10,0.869090909090909,239,156,1256,1256,1.49986845697179,1.33128569221456,1.68377473063381,2,1,1,6,"1.26 to 1.50","Significant Increase","0.80-1.00"
"E02005052","Dover 012",NA,632523,144511,51.1526,1.3236,"31b7cd25-c13f-4e89-a20f-27bf5f61b561",10,5.26,39.84,0.0935,0.0247,0.0538,"Noncore",0,0,0,0,1,"South East",10,"Dover 012",37,1,76,28,502,0.37,0.3984,0.0526,0.0526,10,0.631578947368421,48,43,1257,1257,1.01371856154489,0.815564499721631,1.24557929908284,1,0,0.528,4,"1.01 to 1.25","Not Significant","0.40-0.59"
"E02005057","Gravesham 003",NA,567481,173439,51.4352,0.408139,"6f332b12-d6ef-4b0e-9ac1-1c81926fff9b",2,29.63,48.54,0.1674,0.108,0.0699,"LargeCentralMetro",0,0,0,0,0,"South East",10,"Gravesham 003",28,1,162,45,1129,0.28,0.4854,0.2963,0.2963,10,0.722222222222222,117,92,1258,1258,1.18754083067781,1.01094070864815,1.38608704328831,1,1,0.982,6,"1.01 to 1.25","Significant Increase","0.80-1.00"
"E02005060","Gravesham 006",NA,562485,172878,51.4316,0.336071,"598c743e-ea05-4502-9284-6aa39797d4a8",5,28.05,46.73,0.12,0.0718,0.0543,"LargeCentralMetro",0,0,0,0,0,"South East",10,"Gravesham 006",20.44,2,303,62,1866,0.2044,0.4673,0.2805,0.2805,10,0.795379537953795,241,172,1259,1259,1.33729464174124,1.18604925883076,1.50240115101895,2,1,1,6,"1.26 to 1.50","Significant Increase","0.80-1.00"
"E02005062","Gravesham 008",NA,567620,172077,51.4229,0.409492,"81f0a35a-e763-49fa-bfd6-5ba5e53ec69e",2,37.3,52.02,0.0818,0.0548,0.0458,"LargeCentralMetro",0,0,0,0,0,"South East",10,"Gravesham 008",27,1,126,34,744,0.27,0.5202,0.373,0.373,10,0.73015873015873,92,71,1260,1260,1.22719591492024,1.03100258333639,1.44982382021427,1,1,0.99,6,"1.01 to 1.25","Significant Increase","0.80-1.00"
"E02005066","Gravesham 012",NA,564182,168064,51.3879,0.358234,"29864c0e-5bef-47f7-b3f0-c8b346579b4a",1,21.95,46.11,0.0264,0.0092,0.0209,"Micropolitan",0,0,0,1,0,"South East",10,"Gravesham 012",29,1,82,24,553,0.29,0.4611,0.2195,0.2195,10,0.707317073170732,58,47,1261,1261,1.10847652111251,0.902664178691051,1.3472963242482,1,0,0.83,6,"1.01 to 1.25","Not Significant","0.80-1.00"
"E02005072","Maidstone 005",NA,578149,156499,51.2798,0.552978,"da41ea00-f849-4aef-acea-d92300572bd0",3,13.04,51.06,0.0575,0.0103,0.0343,"LargeCentralMetro",0,0,0,0,0,"South East",10,"Maidstone 005",30,1,207,62,1514,0.3,0.5106,0.1304,0.1304,10,0.70048309178744,145,117,1262,1262,1.14157849991915,0.983105903729289,1.31829617935577,1,0,0.958,6,"1.01 to 1.25","Not Significant","0.80-1.00"
"E02005073","Maidstone 006",NA,575313,155898,51.2753,0.512065,"11956f3e-d741-49dc-b8f2-5375aa72f447",7,21.3,48.31,0.0619,0.037,0.0542,"LargeCentralMetro",0,0,0,0,0,"South East",8,"Maidstone 006",34,1,169,57,1151,0.34,0.4831,0.213,0.213,8,0.662721893491124,112,96,1263,1263,1.10702944951766,0.941007648199864,1.29386179070419,1,0,0.887,6,"1.01 to 1.25","Not Significant","0.80-1.00"
"E02005075","Maidstone 008",NA,573517,154855,51.2664,0.485836,"fd11c0fa-cfa1-4787-be6b-19a02d7a13d0",7,15.15,49,0.107,0.0335,0.0506,"LargeCentralMetro",0,0,0,0,0,"South East",9,"Maidstone 008",34.05,2,264,90,1645,0.3405,0.49,0.1515,0.1515,9,0.659090909090909,174,150,1264,1264,1.10703701412407,0.965062745991711,1.26395198478446,1,0,0.925,6,"1.01 to 1.25","Not Significant","0.80-1.00"
"E02005079","Maidstone 012",NA,576574,153441,51.2528,0.528913,"4cc310e9-1249-44f9-bbe3-c5b0cbd89886",4,41.96,47.72,0.0347,0.014,0.029,"LargeCentralMetro",0,0,0,0,0,"South East",10,"Maidstone 012",15,1,112,17,570,0.15,0.4772,0.4196,0.4196,10,0.848214285714286,95,64,1265,1265,1.39341386989228,1.17226534225478,1.64413173328946,2,1,1,6,"1.26 to 1.50","Significant Increase","0.80-1.00"
"E02005083","Maidstone 016",NA,575063,152147,51.2416,0.50665,"17a19668-bef6-4c11-9612-905468c66829",4,23.24,47.5,0.0161,0.0126,0.0213,"LargeCentralMetro",0,0,0,0,0,"South East",10,"Maidstone 016",19,1,241,46,1480,0.19,0.475,0.2324,0.2324,10,0.809128630705394,195,137,1266,1266,1.3374284984921,1.17211668432814,1.51945589405025,2,1,1,6,"1.26 to 1.50","Significant Increase","0.80-1.00"
"E02005088","Sevenoaks 002",NA,550881,169054,51.4005,0.167645,"229bd164-69da-4ed4-ab87-c90a37a8e993",6,47.56,50.29,0.0373,0.0634,0.0374,"LargeCentralMetro",0,0,0,0,0,"South East",8,"Sevenoaks 002",20,1,82,16,517,0.2,0.5029,0.4756,0.4756,8,0.804878048780488,66,47,1267,1267,1.35798917443463,1.12059100497495,1.63076719191719,2,1,0.999,6,"1.26 to 1.50","Significant Increase","0.80-1.00"
"E02005097","Sevenoaks 011",NA,550335,154123,51.2664,0.153507,"00c58ca4-9bbf-4e61-be15-85dcedd9aeb7",2,21.24,56.02,0.0493,0.0084,0.0462,"LargeCentralMetro",0,0,0,0,0,"South East",9,"Sevenoaks 011",28,1,226,63,1371,0.28,0.5602,0.2124,0.2124,9,0.721238938053097,163,128,1268,1268,1.17947232799032,1.02273784796385,1.35338920726702,1,1,0.989,6,"1.01 to 1.25","Significant Increase","0.80-1.00"
"E02005109","Folkestone and Hythe 008",NA,616528,137720,51.0979,1.09117,"76734497-a624-4b91-89a9-4a7f1f1cba47",6,23.62,52.57,0.0097,0.0022,0.019,"LargeCentralMetro",0,0,0,0,0,"South East",10,"Folkestone and Hythe 008",29,1,199,58,1324,0.29,0.5257,0.2362,0.2362,10,0.708542713567839,141,113,1269,1269,1.19654016598659,1.03117774169576,1.38080785670886,1,1,0.991,6,"1.01 to 1.25","Significant Increase","0.80-1.00"
"E02005113","Folkestone and Hythe 012",NA,607135,124993,50.9871,0.949944,"468bfd0d-25b6-4606-81ca-e53b3c6fda03",8,41.53,46.4,0.0099,0.0033,0.0101,"MediumMetro",0,1,0,0,0,"South East",7,"Folkestone and Hythe 012",14,1,118,17,860,0.14,0.464,0.4153,0.4153,7,0.85593220338983,101,67,1270,1270,1.40972210989926,1.18962643078936,1.65871127656986,2,1,1,6,"1.26 to 1.50","Significant Increase","0.80-1.00"
"E02005125","Swale 011",NA,592332,164585,51.3478,0.760454,"be3a3ac2-eddf-4ce2-9f1e-fe200844f6e0",6,42.46,52.42,0.0099,0.0428,0.0268,"LargeCentralMetro",0,0,0,0,0,"South East",6,"Swale 011",15,1,179,27,1200,0.15,0.5242,0.4246,0.4246,6,0.849162011173184,152,102,1271,1271,1.42051546786943,1.22901496484751,1.63331695428853,2,1,1,6,"1.26 to 1.50","Significant Increase","0.80-1.00"
"E02005126","Swale 012",NA,589557,163220,51.3365,0.719929,"05e21471-e1ed-4416-a648-518e52184d0b",6,26.94,48.23,0.0201,0.0195,0.025,"LargeCentralMetro",0,0,0,0,0,"South East",8,"Swale 012",31,1,271,84,1636,0.31,0.4823,0.2694,0.2694,8,0.690036900369004,187,154,1272,1272,1.18484695226301,1.03823837373668,1.34626570785898,1,1,0.994,6,"1.01 to 1.25","Significant Increase","0.80-1.00"
"E02005127","Swale 013",NA,589482,160298,51.3102,0.717301,"a8e33cc7-fa4b-4246-a2c4-7896ec6bb883",5,20.33,52.15,0.0172,0.0197,0.0179,"LargeCentralMetro",0,0,0,0,0,"South East",8,"Swale 013",14,1,182,25,1277,0.14,0.5215,0.2033,0.2033,8,0.862637362637363,157,103,1273,1273,1.3781087745572,1.19088443977778,1.58639318687551,2,1,1,6,"1.26 to 1.50","Significant Increase","0.80-1.00"
"E02005136","Thanet 005",NA,633889,169700,51.3782,1.35955,"c7807815-f1d7-443a-ae71-9f85e04919d0",9,62,46.69,0.0164,0.0052,0.0269,"LargeFringeMetro",1,0,0,0,0,"South East",9,"Thanet 005",6,1,150,9,876,0.06,0.4669,0.62,0.62,9,0.94,141,85,1274,1274,1.66679723076408,1.43986606026301,1.91916147852233,3,1,1,6,"1.51 to 1.75","Significant Increase","0.80-1.00"
"E02005138","Thanet 007",NA,632049,169101,51.3735,1.33277,"055bae10-d0de-4a6d-97a6-b90472d6b79e",8,22.86,50.07,0.0135,0.0052,0.0294,"LargeFringeMetro",1,0,0,0,0,"South East",10,"Thanet 007",27,1,105,28,701,0.27,0.5007,0.2286,0.2286,10,0.733333333333333,77,60,1275,1275,1.22086368070207,1.01521392392127,1.45591484998611,1,1,0.983,6,"1.01 to 1.25","Significant Increase","0.80-1.00"
"E02005139","Thanet 008",NA,628783,168888,51.3729,1.28579,"3b8b9443-bf77-4814-a1a6-2e976c568df0",7,27.97,46.97,0.0135,0.0039,0.0205,"LargeFringeMetro",1,0,0,0,0,"South East",10,"Thanet 008",16,1,143,23,760,0.16,0.4697,0.2797,0.2797,10,0.839160839160839,120,81,1276,1276,1.39594423669324,1.19054378751,1.62655624782495,2,1,1,6,"1.26 to 1.50","Significant Increase","0.80-1.00"
"E02005154","Tonbridge and Malling 006",NA,560324,155960,51.2802,0.29739,"a95a215a-ffac-4ffa-a313-186accc6533b",2,20.69,44.24,0.0245,0.0073,0.0294,"Micropolitan",0,0,0,1,0,"South East",10,"Tonbridge and Malling 006",39,1,116,45,746,0.39,0.4424,0.2069,0.2069,10,0.612068965517241,71,66,1277,1277,1.03020594535872,0.852071439640706,1.23457479022459,1,0,0.605,5,"1.01 to 1.25","Not Significant","0.60-0.79"
"E02005162","Tunbridge Wells 001",NA,564971,145044,51.1808,0.35894,"4fc6a7d2-4de2-466a-96d5-58f1ca57de77",4,15.65,49.01,0.0161,0.0059,0.0231,"MediumMetro",0,1,0,0,0,"South East",10,"Tunbridge Wells 001",39,1,230,90,1257,0.39,0.4901,0.1565,0.1565,10,0.608695652173913,140,130,1278,1278,1.02782326368305,0.885044269699755,1.18702112209336,1,0,0.628,5,"1.01 to 1.25","Not Significant","0.60-0.79"
"E02005163","Tunbridge Wells 002",NA,557965,141773,51.1534,0.25735,"164cdc3d-d5d8-4f5b-99f8-09ed11d07e01",6,17.78,45.49,0.0351,0.0095,0.0391,"LargeFringeMetro",1,0,0,0,0,"South East",10,"Tunbridge Wells 002",55,1,180,99,1152,0.55,0.4549,0.1778,0.1778,10,0.45,81,102,1279,1279,0.873200704297691,0.73434666874929,1.03046701376188,-1,0,0.053,2,"0.76 to 0.99","Not Significant","0.01-0.20"
"E02005166","Tunbridge Wells 005",NA,560103,140563,51.1419,0.287357,"a8879ab6-3c74-40d3-be5c-2be9a7345c1e",6,31.3,46.47,0.0684,0.0159,0.0385,"LargeFringeMetro",1,0,0,0,0,"South East",10,"Tunbridge Wells 005",31,1,131,41,835,0.31,0.4647,0.313,0.313,10,0.687022900763359,90,74,1280,1280,1.20706238335504,1.01539940165264,1.42427954513636,1,1,0.984,6,"1.01 to 1.25","Significant Increase","0.80-1.00"
"E02005168","Tunbridge Wells 007",NA,557533,140259,51.1399,0.250516,"48ba014f-f40e-4f7a-86cd-4d302233f469",4,10.18,51.44,0.0454,0.0099,0.0433,"LargeFringeMetro",1,0,0,0,0,"South East",10,"Tunbridge Wells 007",65,1,226,147,1497,0.65,0.5144,0.1018,0.1018,10,0.349557522123894,79,128,1281,1281,0.708652690817151,0.596471459606375,0.835583272442512,-2,-1,0,1,"0.51 to 0.75","Significant Decrease","<0.01"
"E02005176","Burnley 001",NA,386016,434728,53.8087,-2.21384,"afd1de03-1006-4362-a8cb-e3c6b37aadf4",6,38.54,47.08,0.122,0.0024,0.0249,"LargeCentralMetro",0,0,0,0,0,"North West",10,"Burnley 001",30,1,205,62,1062,0.3,0.4708,0.3854,0.3854,10,0.697560975609756,143,116,1282,1282,1.23116464740938,1.06434257920066,1.41659129977977,1,1,0.998,6,"1.01 to 1.25","Significant Increase","0.80-1.00"
"E02005179","Burnley 004",NA,379077,433939,53.8013,-2.31916,"9738aaf9-3169-468d-8a48-bea97d4a753e",8,41.38,51.57,0.0147,0.0018,0.012,"LargeCentralMetro",0,0,0,0,0,"North West",10,"Burnley 004",37,1,145,54,669,0.37,0.5157,0.4138,0.4138,10,0.627586206896552,91,82,1283,1283,1.17124191030403,0.989575412800723,1.37639351796475,1,0,0.967,6,"1.01 to 1.25","Not Significant","0.80-1.00"
"E02005183","Burnley 008",NA,386149,432444,53.7881,-2.21172,"ff6022ca-528a-495f-9750-39bce47277bb",8,37.36,48.95,0.0128,0.0012,0.0136,"LargeCentralMetro",0,0,0,0,0,"North West",9,"Burnley 008",36,1,174,63,1050,0.36,0.4895,0.3736,0.3736,9,0.637931034482759,111,99,1284,1284,1.15748251020713,0.988146099325062,1.34734416414847,1,0,0.965,6,"1.01 to 1.25","Not Significant","0.80-1.00"
"E02005194","Chorley 006",NA,359382,418826,53.6643,-2.61618,"20c53adc-f60a-48de-92b9-7267001babc6",9,6.51,52.93,0.0305,0.0055,0.0233,"LargeCentralMetro",0,0,0,0,0,"North West",10,"Chorley 006",69,1,215,148,1126,0.69,0.5293,0.0651,0.0651,10,0.311627906976744,67,122,1285,1285,0.66758413666811,0.558386929410521,0.79162917116456,-2,-1,0,1,"0.51 to 0.75","Significant Decrease","<0.01"
"E02005195","Chorley 007",NA,348329,417744,53.6536,-2.78326,"1d5153f9-a4d1-4a2e-a461-c68f3341c97e",5,6.11,52.85,0.0169,0.0089,0.0192,"Micropolitan",0,0,0,1,0,"North West",10,"Chorley 007",65,1,180,117,912,0.65,0.5285,0.0611,0.0611,10,0.35,63,102,1286,1286,0.707047679999603,0.586684323331115,0.844635959236469,-2,-1,0,1,"0.51 to 0.75","Significant Decrease","<0.01"
"E02005196","Chorley 008",NA,356749,417706,53.6541,-2.65587,"2cb9dd09-afd8-4d85-bf84-d7a4f04bf6a7",8,29.44,48.12,0.0228,0.0109,0.0255,"LargeCentralMetro",0,0,0,0,0,"North West",9,"Chorley 008",47,1,214,101,1062,0.47,0.4812,0.2944,0.2944,9,0.52803738317757,113,121,1287,1287,0.987485057063529,0.845041568087756,1.14688990111467,-1,0,0.42,4,"0.76 to 0.99","Not Significant","0.40-0.59"
"E02005198","Chorley 010",NA,358767,415759,53.6367,-2.62508,"f097bab9-1ffb-4ace-94a4-d092b7c4663e",8,23.05,47.61,0.0202,0.0038,0.0206,"LargeCentralMetro",0,0,0,0,0,"North West",9,"Chorley 010",43.04,2,282,121,1424,0.4304,0.4761,0.2305,0.2305,9,0.570921985815603,161,160,1288,1288,1.02135183289281,0.889603294813218,1.16699476694835,1,0,0.606,5,"1.01 to 1.25","Not Significant","0.60-0.79"
"E02005211","Fylde 009",NA,336952,428140,53.7458,-2.95748,"c4a49558-8767-4972-87ee-d11db338ceac",7,18.49,50.31,0.009,0.0037,0.0146,"LargeCentralMetro",0,0,0,0,0,"North West",7,"Fylde 009",45,1,146,66,803,0.45,0.5031,0.1849,0.1849,7,0.547945205479452,80,83,1289,1289,0.976814042654291,0.817343207561544,1.15819815795429,-1,0,0.378,3,"0.76 to 0.99","Not Significant","0.20-0.39"
"E02005213","Hyndburn 002",NA,376195,431474,53.7791,-2.36272,"212e2a03-2720-49f4-80aa-a64b80fc10d7",8,10.48,52.53,0.0389,0.0034,0.0154,"LargeCentralMetro",0,0,0,0,0,"North West",9,"Hyndburn 002",52,1,210,109,1323,0.52,0.5253,0.1048,0.1048,9,0.480952380952381,101,119,1290,1290,0.877238972630536,0.744862493844201,1.02622858794287,-1,0,0.05,2,"0.76 to 0.99","Not Significant","0.01-0.20"
"E02005215","Hyndburn 004",NA,376860,429452,53.7609,-2.35248,"7ec467cf-96ef-497c-9f06-040b71a33a49",9,36.41,51.42,0.104,0.0018,0.0195,"LargeCentralMetro",0,0,0,0,0,"North West",9,"Hyndburn 004",26,1,184,48,1128,0.26,0.5142,0.3641,0.3641,9,0.739130434782609,136,104,1291,1291,1.28799783935683,1.10947832914019,1.48695550104628,2,1,1,6,"1.26 to 1.50","Significant Increase","0.80-1.00"
"E02005217","Hyndburn 006",NA,375302,428074,53.7485,-2.376,"29b13ef4-3808-4f02-9d27-b3c80e66e89a",9,36.24,45.77,0.5581,0.0031,0.0358,"LargeCentralMetro",0,0,0,0,0,"North West",9,"Hyndburn 006",27,1,149,40,745,0.27,0.4577,0.3624,0.3624,9,0.731543624161074,109,85,1292,1292,1.26124503222375,1.07208549386879,1.47406571600207,2,1,0.998,6,"1.26 to 1.50","Significant Increase","0.80-1.00"
"E02005231","Lancaster 011",NA,347637,462962,54.0599,-2.80145,"8b01b94e-7436-4b80-ba6f-df365ea3aa4e",9,37.38,54.57,0.0236,0.0087,0.0226,"LargeFringeMetro",1,0,0,0,0,"North West",7,"Lancaster 011",26,1,107,28,689,0.26,0.5457,0.3738,0.3738,7,0.738317757009346,79,61,1293,1293,1.28942094272985,1.07663867695601,1.53183872876769,2,1,0.997,6,"1.26 to 1.50","Significant Increase","0.80-1.00"
"E02005234","Lancaster 014",NA,347646,461319,54.0452,-2.80103,"24d5afa5-9cb6-4859-9adc-173b19df474b",9,8.49,50.67,0.1205,0.0381,0.0594,"LargeFringeMetro",1,0,0,0,0,"North West",6,"Lancaster 014",61,1,259,158,1715,0.61,0.5067,0.0849,0.0849,6,0.38996138996139,101,147,1294,1294,0.747322221769922,0.636146828027313,0.872173959381413,-2,-1,0,1,"0.51 to 0.75","Significant Decrease","<0.01"
"E02005241","Pendle 002",NA,386446,446495,53.9144,-2.20783,"89a0dbf0-da51-4425-a513-9b6c5e6e6385",4,16.09,45.45,0.0472,0.0018,0.0134,"LargeCentralMetro",0,0,0,0,0,"North West",10,"Pendle 002",23,1,87,20,561,0.23,0.4545,0.1609,0.1609,10,0.770114942528736,67,49,1295,1295,1.18934952123975,0.976213124832341,1.43535490911532,1,0,0.957,6,"1.01 to 1.25","Not Significant","0.80-1.00"
"E02005246","Pendle 007",NA,388332,439271,53.8496,-2.17884,"786545e1-6210-4adf-a2cc-881ffc260237",10,28.97,50.48,0.0697,0.0017,0.0203,"LargeCentralMetro",0,0,0,0,0,"North West",10,"Pendle 007",32.88,2,214,70,1034,0.3288,0.5048,0.2897,0.2897,10,0.672897196261682,144,121,1296,1296,1.1855794662006,1.02516291719991,1.36386137121634,1,1,0.989,6,"1.01 to 1.25","Significant Increase","0.80-1.00"
"E02005249","Pendle 010",NA,386827,437945,53.8376,-2.20166,"a1ae41f6-501d-4f4b-b95b-1e627569f13a",8,32.99,52.48,0.4409,0.0028,0.0434,"LargeCentralMetro",0,0,0,0,0,"North West",10,"Pendle 010",37,1,197,73,1029,0.37,0.5248,0.3299,0.3299,10,0.629441624365482,124,112,1297,1297,1.11275364958434,0.954354642268015,1.28980901624971,1,0,0.912,6,"1.01 to 1.25","Not Significant","0.80-1.00"
"E02005254","Preston 002",NA,349914,435858,53.8166,-2.76222,"099d5e0b-0a89-48dc-aa1f-4337145a8a58",6,8.38,47.39,0.0953,0.0102,0.0298,"LargeCentralMetro",0,0,0,0,0,"North West",10,"Preston 002",68,1,179,122,901,0.68,0.4739,0.0838,0.0838,10,0.318435754189944,57,102,1298,1298,0.683710523420313,0.56685833556551,0.817278513400245,-2,-1,0,1,"0.51 to 0.75","Significant Decrease","<0.01"
"E02005255","Preston 003",NA,353122,432959,53.7908,-2.71305,"d9df905d-1c10-488f-8482-f28288a51698",6,52,49.8,0.1986,0.0179,0.0342,"LargeCentralMetro",0,0,0,0,0,"North West",10,"Preston 003",21,1,125,26,735,0.21,0.498,0.52,0.52,10,0.792,99,71,1299,1299,1.38660617059765,1.17327241784599,1.62738195489583,2,1,1,6,"1.26 to 1.50","Significant Increase","0.80-1.00"
"E02005258","Preston 006",NA,353540,432031,53.7825,-2.70657,"a6c84f51-ac7b-427e-8238-0390891ec208",7,22.74,47.33,0.3455,0.0134,0.0427,"LargeCentralMetro",0,0,0,0,0,"North West",10,"Preston 006",50.96,2,299,152,1403,0.5096,0.4733,0.2274,0.2274,10,0.491638795986622,147,170,1300,1300,0.900518760606942,0.781446689950525,1.03247055009796,-1,0,0.065,2,"0.76 to 0.99","Not Significant","0.01-0.20"
"E02005260","Preston 008",NA,351671,431448,53.7771,-2.73484,"ea40b664-5c5f-43eb-9acc-922a45600a29",8,20.47,48.76,0.0778,0.01,0.0332,"LargeCentralMetro",0,0,0,0,0,"North West",10,"Preston 008",48,1,171,82,884,0.48,0.4876,0.2047,0.2047,10,0.52046783625731,89,97,1301,1301,0.954573269185167,0.804889033049808,1.12386939515397,-1,0,0.277,3,"0.76 to 0.99","Not Significant","0.20-0.39"
"E02005263","Preston 011",NA,353996,430862,53.7721,-2.69947,"605ebae1-8783-4ebc-8099-7e0a4580e97f",6,41.49,44.11,0.4603,0.0434,0.0559,"LargeCentralMetro",0,0,0,0,0,"North West",10,"Preston 011",28,1,94,26,569,0.28,0.4411,0.4149,0.4149,10,0.723404255319149,68,53,1302,1302,1.25480255808665,1.03741403862855,1.5042366576125,2,1,0.991,6,"1.26 to 1.50","Significant Increase","0.80-1.00"
"E02005265","Preston 013",NA,350598,430502,53.7685,-2.75097,"a463890a-8a4b-4ee4-a2d0-52102fb1b475",9,28.48,44.56,0.0417,0.0148,0.038,"LargeCentralMetro",0,0,0,0,0,"North West",9,"Preston 013",27,1,151,41,698,0.27,0.4456,0.2848,0.2848,9,0.728476821192053,110,86,1303,1303,1.23227304416339,1.04716696846794,1.44060470355036,1,1,0.994,6,"1.01 to 1.25","Significant Increase","0.80-1.00"
"E02005270","Ribble Valley 001",NA,374720,448393,53.931,-2.3865,"888a2ea1-b0e7-4c9e-b4e3-ee4bec05d579",3,5.66,50,0.0103,0.005,0.0113,"Micropolitan",0,0,0,1,0,"North West",10,"Ribble Valley 001",62,1,106,66,560,0.62,0.5,0.0566,0.0566,10,0.377358490566038,40,60,1304,1304,0.758958562052725,0.613376132078183,0.928510056486153,-1,-1,0.004,1,"0.76 to 0.99","Significant Decrease","<0.01"
"E02005275","Ribble Valley 006",NA,361493,435223,53.8119,-2.58628,"9ed4f1c8-67ee-4ab4-81d4-43fe17d61cc6",7,19.4,56.41,0.005,0.0024,0.0157,"MediumMetro",0,1,0,0,0,"North West",10,"Ribble Valley 006",36,1,67,24,312,0.36,0.5641,0.194,0.194,10,0.641791044776119,43,38,1305,1305,1.03389447083148,0.83013315280544,1.27263933888956,1,0,0.598,4,"1.01 to 1.25","Not Significant","0.40-0.59"
"E02005278","Rossendale 001",NA,382768,425780,53.7281,-2.26266,"117e4051-a26f-4e59-90bf-ca60a39298ce",4,26.43,46.38,0.0278,0.003,0.017,"LargeCentralMetro",0,0,0,0,0,"North West",10,"Rossendale 001",40,1,140,56,897,0.4,0.4638,0.2643,0.2643,10,0.6,84,79,1306,1306,1.06871864215675,0.896299234397909,1.26452564877901,1,0,0.762,5,"1.01 to 1.25","Not Significant","0.60-0.79"
"E02005285","Rossendale 008",NA,381511,417299,53.6519,-2.2812,"97f58067-a0e2-446c-892c-97d3e6ada173",3,18.47,50.29,0.0216,0.0016,0.0146,"LargeCentralMetro",0,0,0,0,0,"North West",10,"Rossendale 008",51,1,249,127,1559,0.51,0.5029,0.1847,0.1847,10,0.48995983935743,122,141,1307,1307,0.893784358245045,0.767183752365412,1.03518108238663,-1,0,0.065,2,"0.76 to 0.99","Not Significant","0.01-0.20"
"E02005286","Rossendale 009",NA,388112,419024,53.6676,-2.1814,"0051727d-947c-43e2-99fe-210a304600f1",8,24.44,51.84,0.0095,0.0012,0.0096,"LargeCentralMetro",0,0,0,0,0,"North West",10,"Rossendale 009",42,1,90,38,598,0.42,0.5184,0.2444,0.2444,10,0.577777777777778,52,51,1308,1308,1.0602361480071,0.866677166243559,1.28399816032807,1,0,0.702,5,"1.01 to 1.25","Not Significant","0.60-0.79"
"E02005287","South Ribble 001",NA,350539,428211,53.7479,-2.7515,"1260c83f-0ef2-4375-b4fc-eeb169400f52",4,15.83,72.43,0.0349,0.003,0.0238,"LargeCentralMetro",0,0,0,0,0,"North West",10,"South Ribble 001",50.73,2,240,122,1371,0.5073,0.7243,0.1583,0.1583,10,0.491666666666667,118,136,1309,1309,0.871230697451934,0.745013870363314,1.01260683487268,-1,0,0.036,2,"0.76 to 0.99","Not Significant","0.01-0.20"
"E02005289","South Ribble 003",NA,351907,427672,53.7432,-2.73067,"782aad99-59e9-4814-aba2-749f214f4884",5,9.71,54.71,0.0389,0.007,0.0196,"LargeCentralMetro",0,0,0,0,0,"North West",10,"South Ribble 003",58,1,175,102,892,0.58,0.5471,0.0971,0.0971,10,0.417142857142857,73,99,1310,1310,0.79411148474733,0.6631677812696,0.943179492747635,-1,-1,0.004,1,"0.76 to 0.99","Significant Decrease","<0.01"
"E02005294","South Ribble 008",NA,357613,425510,53.7243,-2.64386,"52405c0f-0166-4133-96e4-c89e8bce3c7e",8,26.45,47.91,0.0217,0.0082,0.024,"LargeCentralMetro",0,0,0,0,0,"North West",10,"South Ribble 008",37,1,155,57,695,0.37,0.4791,0.2645,0.2645,10,0.632258064516129,98,88,1311,1311,1.11481005236888,0.943204294526957,1.30849293008418,1,0,0.896,6,"1.01 to 1.25","Not Significant","0.80-1.00"
"E02005295","South Ribble 009",NA,354777,426011,53.7285,-2.68691,"0b52102f-5c62-4b7c-bf92-81406504b15f",7,15.04,50.92,0.0179,0.0021,0.0203,"LargeCentralMetro",0,0,0,0,0,"North West",10,"South Ribble 009",58,1,113,66,544,0.58,0.5092,0.1504,0.1504,10,0.415929203539823,47,64,1312,1312,0.842883458921457,0.68880720191772,1.02090363114392,-1,0,0.039,2,"0.76 to 0.99","Not Significant","0.01-0.20"
"E02005301","South Ribble 015",NA,353582,421343,53.6865,-2.70432,"9bc1b1d7-7f99-4e92-9d95-5f7610332a83",8,39.58,46.59,0.0131,0.0052,0.014,"LargeCentralMetro",0,0,0,0,0,"North West",10,"South Ribble 015",33,1,48,16,440,0.33,0.4659,0.3958,0.3958,10,0.666666666666667,32,27,1313,1313,1.25211401123824,0.998363681451425,1.55059437647949,2,0,0.974,6,"1.26 to 1.50","Not Significant","0.80-1.00"
"E02005302","South Ribble 016",NA,355536,421444,53.6876,-2.67475,"4025c08f-64bc-4a68-99b7-ea93198a0303",6,17.3,48.81,0.0189,0.0027,0.0218,"LargeCentralMetro",0,0,0,0,0,"North West",9,"South Ribble 016",48,1,185,89,926,0.48,0.4881,0.173,0.173,9,0.518918918918919,96,105,1314,1314,0.936374686196208,0.792376964262106,1.09884682084512,-1,0,0.203,3,"0.76 to 0.99","Not Significant","0.20-0.39"
"E02005303","South Ribble 017",NA,352501,420976,53.6831,-2.72063,"2f1759a2-007e-4468-a2be-6714844016ce",9,18.33,52.44,0.0106,0.0073,0.0254,"LargeCentralMetro",0,0,0,0,0,"North West",9,"South Ribble 017",54,1,120,65,553,0.54,0.5244,0.1833,0.1833,9,0.458333333333333,55,68,1315,1315,0.895154575909036,0.736555780343074,1.07756709205211,-1,0,0.117,2,"0.76 to 0.99","Not Significant","0.01-0.20"
"E02005304","West Lancashire 001",NA,343531,424325,53.7123,-2.85704,"350c1fbb-c3c1-4ef4-b29d-bb80ec3fc12e",5,17.27,51.01,0.0063,0.0017,0.0146,"MediumMetro",0,1,0,0,0,"North West",7,"West Lancashire 001",48,1,110,53,547,0.48,0.5101,0.1727,0.1727,7,0.518181818181818,57,62,1316,1316,0.91199029792122,0.74699432332236,1.10252998043031,-1,0,0.164,2,"0.76 to 0.99","Not Significant","0.01-0.20"
"E02005310","West Lancashire 007",NA,341860,407834,53.5639,-2.87927,"e4f50e59-c4f1-467c-b06c-ab6c0ef4d427",7,16.28,50.22,0.0228,0.0095,0.0185,"LargeCentralMetro",0,0,0,0,0,"North West",5,"West Lancashire 007",63,1,129,81,687,0.63,0.5022,0.1628,0.1628,5,0.372093023255814,48,73,1317,1317,0.782743794697125,0.64170077498395,0.945293201739951,-1,-1,0.006,1,"0.76 to 0.99","Significant Decrease","<0.01"
"E02005312","West Lancashire 009",NA,348155,407583,53.5623,-2.7842,"b38ed72e-e3f2-4d5a-9e2a-f44c8b9a7bb5",6,48.33,44.59,0.0136,0.0051,0.0177,"LargeCentralMetro",0,0,0,0,0,"North West",7,"West Lancashire 009",37,1,120,44,628,0.37,0.4459,0.4833,0.4833,7,0.633333333333333,76,68,1318,1318,1.19665384185228,1.00130853387166,1.41874343609114,1,1,0.976,6,"1.01 to 1.25","Significant Increase","0.80-1.00"
"E02005322","Wyre 004",NA,337660,445387,53.9009,-2.95025,"2c9c0c04-68c3-4ec2-94c1-65bc21d2b3bd",7,13.33,47.96,0.0054,0.0018,0.0096,"MediumMetro",0,1,0,0,0,"North West",10,"Wyre 004",55,1,150,82,786,0.55,0.4796,0.1333,0.1333,10,0.453333333333333,68,85,1319,1319,0.850455749401613,0.706522360743051,1.01493724677729,-1,0,0.036,2,"0.76 to 0.99","Not Significant","0.01-0.20"
"E02005323","Wyre 005",NA,333003,445293,53.8995,-3.02109,"70321ab7-e282-410b-a7fc-fc5a1525a045",9,44.09,50.59,0.0081,0.0021,0.0135,"LargeCentralMetro",0,0,0,0,0,"North West",10,"Wyre 005",26.49,2,254,67,1522,0.2649,0.5059,0.4409,0.4409,10,0.736220472440945,187,144,1320,1320,1.31071592733152,1.15055872028324,1.48679044169224,2,1,1,6,"1.26 to 1.50","Significant Increase","0.80-1.00"
"E02005324","Wyre 006",NA,353247,446851,53.9157,-2.71328,"f97dae8c-9798-439e-99da-da62de822fe6",5,9.74,44.64,0.0121,0.0052,0.0121,"Micropolitan",0,0,0,1,0,"North West",10,"Wyre 006",44,1,154,68,728,0.44,0.4464,0.0974,0.0974,10,0.558441558441558,86,87,1321,1321,0.967092770780986,0.809983655193922,1.14572275555102,-1,0,0.335,3,"0.76 to 0.99","Not Significant","0.20-0.39"
"E02005330","Wyre 012",NA,334738,441494,53.8656,-2.99388,"01e20396-f3cb-4773-88c8-3a0298ecc718",6,25,51.96,0.0063,0.002,0.0091,"LargeCentralMetro",0,0,0,0,0,"North West",10,"Wyre 012",45,1,152,68,818,0.45,0.5196,0.25,0.25,10,0.552631578947368,84,86,1322,1322,1.01410795977325,0.852123185739342,1.19776914635187,1,0,0.546,4,"1.01 to 1.25","Not Significant","0.40-0.59"
"E02005331","Wyre 013",NA,335042,439607,53.8486,-2.98886,"6178d54f-1209-4a7a-8a1f-6fd28affdb3b",8,17.71,49.18,0.0141,0.0024,0.0152,"LargeCentralMetro",0,0,0,0,0,"North West",10,"Wyre 013",55,1,192,106,1092,0.55,0.4918,0.1771,0.1771,10,0.447916666666667,86,109,1323,1323,0.864949015393002,0.729997419664825,1.01741374690804,-1,0,0.039,2,"0.76 to 0.99","Not Significant","0.01-0.20"
"E02005332","Wyre 014",NA,334635,438423,53.8379,-2.99479,"8195f735-2b8d-4d7d-be21-8b9e403b862a",7,9.32,47.05,0.0175,0.0029,0.0141,"LargeCentralMetro",0,0,0,0,0,"North West",6,"Wyre 014",40,1,161,64,914,0.4,0.4705,0.0932,0.0932,6,0.60248447204969,97,91,1324,1324,1.01382636190713,0.854737967430151,1.1938989700035,1,0,0.546,4,"1.01 to 1.25","Not Significant","0.40-0.59"
"E02005338","Blaby 006",NA,453927,300333,52.5981,-1.20526,"a0476a4d-bdc6-4a78-83eb-25653446575c",6,15.9,48.32,0.063,0.0127,0.0403,"LargeCentralMetro",0,0,0,0,0,"East Midlands",10,"Blaby 006",48,1,283,136,1337,0.48,0.4832,0.159,0.159,10,0.519434628975265,147,161,1325,1325,0.921762343799695,0.798589002624951,1.05844984584911,-1,0,0.121,2,"0.76 to 0.99","Not Significant","0.01-0.20"
"E02005346","Charnwood 002",NA,453988,320686,52.7811,-1.20103,"939f9f2b-1eaa-4a3e-a27a-9793b3e53531",7,33.07,50.91,0.2485,0.0322,0.056,"LargeCentralMetro",0,0,0,0,0,"East Midlands",6,"Charnwood 002",44,1,127,56,607,0.44,0.5091,0.3307,0.3307,6,0.559055118110236,71,72,1326,1326,1.01552913866089,0.844613734902265,1.21073769671165,1,0,0.548,4,"1.01 to 1.25","Not Significant","0.40-0.59"
"E02005348","Charnwood 004",NA,450601,319620,52.7718,-1.2514,"91e274c3-7bde-4997-9b1b-8a26d925c7f7",6,13.31,50.08,0.136,0.021,0.0393,"LargeCentralMetro",0,0,0,0,0,"East Midlands",6,"Charnwood 004",43.39,2,308,134,1919,0.4339,0.5008,0.1331,0.1331,6,0.564935064935065,174,175,1327,1327,0.971635686927817,0.848170235675006,1.10794329831462,-1,0,0.323,3,"0.76 to 0.99","Not Significant","0.20-0.39"
"E02005354","Charnwood 010",NA,451535,317128,52.7493,-1.23795,"9dae33cf-9341-4f9c-84df-cce51fd51f6f",3,17.22,48.35,0.1316,0.0118,0.0482,"LargeCentralMetro",0,0,0,0,0,"East Midlands",10,"Charnwood 010",63,1,151,95,786,0.63,0.4835,0.1722,0.1722,10,0.370860927152318,56,86,1328,1328,0.752673038996469,0.621460484199542,0.903162996817365,-1,-1,0.001,1,"0.76 to 0.99","Significant Decrease","<0.01"
"E02005355","Charnwood 011",NA,458589,317271,52.7499,-1.13343,"b9a35f27-d2b3-499b-a33d-115290798cbc",4,14,50.49,0.0158,0.0031,0.0205,"MediumMetro",0,1,0,0,0,"East Midlands",10,"Charnwood 011",44,1,200,88,820,0.44,0.5049,0.14,0.14,10,0.56,112,113,1329,1329,0.956498467051147,0.81364922018167,1.11714992370833,-1,0,0.277,3,"0.76 to 0.99","Not Significant","0.20-0.39"
"E02005356","Charnwood 012",NA,456417,316568,52.7438,-1.16573,"95ec5a9b-1656-444d-9c86-05a6c303c66a",4,24.65,50.75,0.0267,0.0048,0.0247,"MediumMetro",0,1,0,0,0,"East Midlands",10,"Charnwood 012",35,1,142,50,1409,0.35,0.5075,0.2465,0.2465,10,0.647887323943662,92,81,1330,1330,1.07593792732788,0.903769854913133,1.27132729322337,1,0,0.787,5,"1.01 to 1.25","Not Significant","0.60-0.79"
"E02005361","Charnwood 017",NA,461446,311538,52.6981,-1.09218,"3f25a8f8-029f-481b-b194-767f33438070",4,19.53,51.06,0.2011,0.0068,0.035,"LargeCentralMetro",0,0,0,0,0,"East Midlands",10,"Charnwood 017",45,1,128,58,805,0.45,0.5106,0.1953,0.1953,10,0.546875,70,73,1331,1331,0.958954062559283,0.795520482192985,1.14599619928159,-1,0,0.309,3,"0.76 to 0.99","Not Significant","0.20-0.39"
"E02005364","Charnwood 020",NA,459152,309206,52.6773,-1.12654,"5df7eb9b-8103-456e-b2f8-f622cc6a4fc0",4,21.26,51.71,0.2243,0.0091,0.035,"LargeCentralMetro",0,0,0,0,0,"East Midlands",10,"Charnwood 020",30,1,174,52,965,0.3,0.5171,0.2126,0.2126,10,0.701149425287356,122,99,1332,1332,1.15370234685515,0.984706565969163,1.34334400406316,1,0,0.961,6,"1.01 to 1.25","Not Significant","0.80-1.00"
"E02005365","Charnwood 021",NA,461404,309443,52.6792,-1.09319,"81f9230d-8ff4-42ab-88f4-79f31e874c1c",5,21.19,45.96,0.3351,0.0171,0.0443,"LargeCentralMetro",0,0,0,0,0,"East Midlands",10,"Charnwood 021",48,1,151,72,816,0.48,0.4596,0.2119,0.2119,10,0.52317880794702,79,86,1333,1333,0.94363568686794,0.789463285443502,1.11899379120312,-1,0,0.242,3,"0.76 to 0.99","Not Significant","0.20-0.39"
"E02005366","Charnwood 022",NA,454693,308474,52.6712,-1.19261,"b153f555-5577-48ed-9f7a-4799a16ceecd",4,14.12,49.09,0.0478,0.0101,0.0366,"MediumMetro",0,1,0,0,0,"East Midlands",10,"Charnwood 022",43,1,177,76,770,0.43,0.4909,0.1412,0.1412,10,0.570621468926554,101,100,1334,1334,0.959066849942132,0.810144681305877,1.12740015063825,-1,0,0.294,3,"0.76 to 0.99","Not Significant","0.20-0.39"
"E02005369","Harborough 003",NA,466615,297507,52.5713,-1.01853,"4b564c7d-4e39-495a-8f4f-af014edfa01b",4,7.43,49.3,0.1173,0.0061,0.0395,"MediumMetro",0,1,0,0,0,"East Midlands",10,"Harborough 003",69,1,148,102,856,0.69,0.493,0.0743,0.0743,10,0.310810810810811,46,84,1335,1335,0.65513734917804,0.535647710574421,0.793104182821784,-2,-1,0,1,"0.51 to 0.75","Significant Decrease","<0.01"
"E02005373","Harborough 007",NA,472224,288675,52.4912,-0.9377,"e0329f4d-aa50-48a0-9d82-5b1875bfe8ff",5,12.03,46.94,0.024,0.0085,0.0255,"LargeFringeMetro",1,0,0,0,0,"East Midlands",10,"Harborough 007",49,1,241,118,963,0.49,0.4694,0.1203,0.1203,10,0.510373443983402,123,137,1336,1336,0.921903483018305,0.791296147050591,1.06778649188964,-1,0,0.135,2,"0.76 to 0.99","Not Significant","0.01-0.20"
"E02005376","Harborough 010",NA,454216,284884,52.4592,-1.2035,"addd79f4-f121-4069-a42d-328fafafb812",6,9.09,51.38,0.0206,0.0071,0.0225,"LargeCentralMetro",0,0,0,0,0,"East Midlands",10,"Harborough 010",57.32,2,330,189,1921,0.5732,0.5138,0.0909,0.0909,10,0.427272727272727,141,187,1337,1337,0.788735392763779,0.683063345675506,0.906000762180417,-1,-1,0,1,"0.76 to 0.99","Significant Decrease","<0.01"
"E02005377","Hinckley and Bosworth 001",NA,446945,308701,52.674,-1.30714,"832241ef-bfb0-43aa-9c39-ea98bf3ac590",2,10.43,48.36,0.0301,0.0058,0.0192,"Micropolitan",0,0,0,1,0,"East Midlands",10,"Hinckley and Bosworth 001",50,1,115,58,732,0.5,0.4836,0.1043,0.1043,10,0.495652173913044,57,65,1338,1338,0.876620012827128,0.717626719185243,1.0602947985485,-1,0,0.085,2,"0.76 to 0.99","Not Significant","0.01-0.20"
"E02005380","Hinckley and Bosworth 004",NA,436740,304426,52.6364,-1.45853,"31cdbb9c-d0d3-41f8-9808-ad43465b5519",5,9.88,49.94,0.0086,0.0018,0.0142,"MediumMetro",0,1,0,0,0,"East Midlands",10,"Hinckley and Bosworth 004",54,1,162,87,805,0.54,0.4994,0.0988,0.0988,10,0.462962962962963,75,92,1339,1339,0.833817018454337,0.695213193995382,0.991851060769875,-1,-1,0.02,2,"0.76 to 0.99","Significant Decrease","0.01-0.20"
"E02005381","Hinckley and Bosworth 005",NA,446479,302049,52.6143,-1.31497,"3dd7b18f-a469-4e79-a863-0a88627b3815",6,15.38,47.79,0.0265,0.0043,0.0263,"MediumMetro",0,1,0,0,0,"East Midlands",10,"Hinckley and Bosworth 005",57,1,117,67,1287,0.57,0.4779,0.1538,0.1538,10,0.427350427350427,50,66,1340,1340,0.826199524049202,0.675348879148876,1.00052935179511,-1,0,0.025,2,"0.76 to 0.99","Not Significant","0.01-0.20"
"E02005382","Hinckley and Bosworth 006",NA,446974,297857,52.5765,-1.30825,"2ef213eb-9455-47b8-b227-9842284fb346",7,35.37,48.4,0.0241,0.01,0.0236,"LargeCentralMetro",0,0,0,0,0,"East Midlands",10,"Hinckley and Bosworth 006",17,1,82,14,564,0.17,0.484,0.3537,0.3537,10,0.829268292682927,68,47,1341,1341,1.34114231110909,1.10584037523877,1.61174112939869,2,1,0.999,6,"1.26 to 1.50","Significant Increase","0.80-1.00"
"E02005384","Hinckley and Bosworth 008",NA,436814,298946,52.5871,-1.45805,"d44203ec-8648-4039-919d-cd3cae6bc906",5,16.73,49.3,0.0215,0.004,0.022,"LargeCentralMetro",0,0,0,0,0,"East Midlands",8,"Hinckley and Bosworth 008",43.47,2,251,109,1503,0.4347,0.493,0.1673,0.1673,8,0.565737051792829,142,142,1342,1342,0.988742715445864,0.854014143162578,1.1386008938503,-1,0,0.423,4,"0.76 to 0.99","Not Significant","0.40-0.59"
"E02005389","Hinckley and Bosworth 013",NA,444397,293535,52.5379,-1.34685,"b3a11a63-6571-483a-a21d-75baab97a714",8,9.58,50.24,0.0205,0.0026,0.0183,"LargeCentralMetro",0,0,0,0,0,"East Midlands",5,"Hinckley and Bosworth 013",65,1,167,109,840,0.65,0.5024,0.0958,0.0958,5,0.347305389221557,58,95,1343,1343,0.720267544297777,0.596538931233464,0.861844688610359,-2,-1,0,1,"0.51 to 0.75","Significant Decrease","<0.01"
"E02005391","Melton 001",NA,479133,332774,52.8866,-0.82538,"92282c97-641b-4c04-9241-c8b9cd77b932",2,13.22,48.94,0.0052,0.0022,0.0108,"SmallMetro",0,0,1,0,0,"East Midlands",10,"Melton 001",54,1,121,65,995,0.54,0.4894,0.1322,0.1322,10,0.462809917355372,56,69,1344,1344,0.871166622372399,0.71570381561074,1.05021151361318,-1,0,0.072,2,"0.76 to 0.99","Not Significant","0.01-0.20"
"E02005392","Melton 002",NA,475039,320771,52.7793,-0.88897,"9c25bb16-0b71-46f4-adaf-8aadbbc45ccd",6,14.51,50.62,0.0104,0.0061,0.0143,"LargeFringeMetro",1,0,0,0,0,"East Midlands",8,"Melton 002",42,1,193,81,1124,0.42,0.5062,0.1451,0.1451,8,0.580310880829015,112,109,1345,1345,1.02477755601624,0.873441088581958,1.19469776254633,1,0,0.604,5,"1.01 to 1.25","Not Significant","0.60-0.79"
"E02005394","Melton 004",NA,473820,318181,52.7562,-0.90762,"ba5c6a12-c26a-4ab3-a19e-555ca5cad637",7,16.95,50.64,0.0123,0.0023,0.0209,"LargeFringeMetro",1,0,0,0,0,"East Midlands",8,"Melton 004",36,1,118,42,547,0.36,0.5064,0.1695,0.1695,8,0.64406779661017,76,67,1346,1346,1.09842015030914,0.913664858540128,1.30951751117336,1,0,0.835,6,"1.01 to 1.25","Not Significant","0.80-1.00"
"E02005412","Oadby and Wigston 003",NA,462126,299908,52.5934,-1.0843,"77b3e3a4-afd5-4704-9be2-10180fb262c7",5,11.21,50.92,0.4059,0.0289,0.0924,"LargeCentralMetro",0,0,0,0,0,"East Midlands",9,"Oadby and Wigston 003",59,2,580,342,3195,0.59,0.5092,0.1121,0.1121,9,0.410344827586207,238,329,1347,1347,0.735145618459594,0.653614783592447,0.823958301626705,-2,-1,0,1,"0.51 to 0.75","Significant Decrease","<0.01"
"E02005414","Oadby and Wigston 005",NA,460063,299014,52.5856,-1.11492,"d42c552c-6b65-4529-8df5-23f0d8ac8da0",8,20,49.74,0.0989,0.0199,0.0458,"LargeCentralMetro",0,0,0,0,0,"East Midlands",9,"Oadby and Wigston 005",36,1,210,76,380,0.36,0.4974,0.2,0.2,9,0.638095238095238,134,119,1348,1348,1.08998383783672,0.937173126112297,1.26053369274041,1,0,0.864,6,"1.01 to 1.25","Not Significant","0.80-1.00"
"E02005415","Oadby and Wigston 006",NA,459041,298106,52.5776,-1.13016,"95356fbf-72a1-4481-8c6f-f0d5f496b94e",8,30.07,47.5,0.0622,0.0166,0.0447,"LargeCentralMetro",0,0,0,0,0,"East Midlands",8,"Oadby and Wigston 006",26,1,153,40,840,0.26,0.475,0.3007,0.3007,8,0.738562091503268,113,87,1349,1349,1.23572472469401,1.05110632319901,1.44338314054674,1,1,0.995,6,"1.01 to 1.25","Significant Increase","0.80-1.00"
"E02005423","Boston 007",NA,532065,338181,52.9248,-0.03692,"015ecfde-6b4b-4131-9de4-c2faab3b9d3a",6,24.74,47.81,0.0089,0.004,0.0171,"SmallMetro",0,0,1,0,0,"East Midlands",10,"Boston 007",13,1,97,13,479,0.13,0.4781,0.2474,0.2474,10,0.865979381443299,84,55,1350,1350,1.3616371042202,1.13307940998802,1.62285177549737,2,1,1,6,"1.26 to 1.50","Significant Increase","0.80-1.00"
"E02005425","East Lindsey 002",NA,538494,394277,53.4271,0.082904,"ceee05b4-a2c2-4a24-a956-69b77fca3ef4",5,44.9,51.49,0.0071,0.0014,0.0121,"SmallMetro",0,0,1,0,0,"East Midlands",10,"East Lindsey 002",24,1,49,12,303,0.24,0.5149,0.449,0.449,10,0.755102040816326,37,28,1351,1351,1.33249885978205,1.0661301329467,1.64516168499343,2,1,0.994,6,"1.26 to 1.50","Significant Increase","0.80-1.00"
"E02005431","East Lindsey 008",NA,546122,375292,53.2546,0.18887,"b35b77a4-e328-4d79-afef-a4a34c2c887b",7,34.62,46.55,0.0049,0.0023,0.0128,"SmallMetro",0,0,1,0,0,"East Midlands",10,"East Lindsey 008",25,1,104,26,565,0.25,0.4655,0.3462,0.3462,10,0.75,78,59,1352,1352,1.2988788610267,1.0823831829494,1.54589710871668,2,1,0.998,6,"1.26 to 1.50","Significant Increase","0.80-1.00"
"E02005434","East Lindsey 011",NA,525866,369628,53.2089,-0.1168,"9a893786-46d7-4a1b-bd2a-5ade7e9ddc7d",8,21.77,50.08,0.0094,0.0013,0.0097,"SmallMetro",0,0,1,0,0,"East Midlands",9,"East Lindsey 011",35,1,124,43,589,0.35,0.5008,0.2177,0.2177,9,0.653225806451613,81,70,1353,1353,1.13911784941069,0.951531030093293,1.35278678234923,1,0,0.92,6,"1.01 to 1.25","Not Significant","0.80-1.00"
"E02005435","East Lindsey 012",NA,555545,365500,53.1639,0.325225,"7d0febd8-4fb1-4448-bd44-9587988e8a2a",9,46.67,46.97,0.0116,0.0011,0.0113,"LargeFringeMetro",1,0,0,0,0,"East Midlands",9,"East Lindsey 012",11,1,180,20,1073,0.11,0.4697,0.4667,0.4667,9,0.888888888888889,160,102,1354,1354,1.5513466060492,1.34858646502834,1.77584711073801,3,1,1,6,"1.51 to 1.75","Significant Increase","0.80-1.00"
"E02005436","East Lindsey 013",NA,544037,364040,53.154,0.15257,"9c0620a6-ab57-494f-89b8-0576bd2b35ff",7,32.76,47.67,0.0055,0.0017,0.012,"SmallMetro",0,0,1,0,0,"East Midlands",10,"East Lindsey 013",19,1,58,11,451,0.19,0.4767,0.3276,0.3276,10,0.810344827586207,47,33,1355,1355,1.32570174670347,1.07005221222824,1.62411444269332,2,1,0.995,6,"1.26 to 1.50","Significant Increase","0.80-1.00"
"E02005439","East Lindsey 016",NA,521508,358423,53.1092,-0.18627,"8163cdee-1aca-43a6-a046-7be99f8d822b",5,46.81,49.16,0.0082,0.0034,0.0169,"SmallMetro",0,0,1,0,0,"East Midlands",10,"East Lindsey 016",19,1,47,9,299,0.19,0.4916,0.4681,0.4681,10,0.808510638297872,38,27,1356,1356,1.38423683428158,1.10756628350576,1.70903803476778,2,1,0.998,6,"1.26 to 1.50","Significant Increase","0.80-1.00"
"E02005441","East Lindsey 018",NA,533826,356221,53.0865,-0.00328,"85e36314-cd69-459d-86c9-6d4cb5689868",4,25.37,49.24,0.0068,0.002,0.0107,"Noncore",0,0,0,0,1,"East Midlands",10,"East Lindsey 018",21,1,67,14,327,0.21,0.4924,0.2537,0.2537,10,0.791044776119403,53,38,1357,1357,1.238500105993,1.00175159107988,1.51452765693776,1,1,0.976,6,"1.01 to 1.25","Significant Increase","0.80-1.00"
"E02005444","Lincoln 003",NA,496449,372591,53.2416,-0.55621,"5fafa4e8-a90e-4c33-bdda-20cc988cd097",8,17.74,20.83,0.0288,0.0154,0.0327,"LargeCentralMetro",0,0,0,0,0,"East Midlands",2,"Lincoln 003",34,1,62,21,216,0.34,0.2083,0.1774,0.1774,2,0.661290322580645,41,35,1358,1358,1.09008724870082,0.873309649904694,1.34445491449215,1,0,0.766,5,"1.01 to 1.25","Not Significant","0.60-0.79"
"E02005445","Lincoln 004",NA,499956,372176,53.2372,-0.50381,"b43d7885-b08a-4f57-a56b-68285f529009",9,25.62,52.68,0.0435,0.02,0.0453,"LargeCentralMetro",0,0,0,0,0,"East Midlands",6,"Lincoln 004",38,1,203,77,1325,0.38,0.5268,0.2562,0.2562,6,0.620689655172414,126,115,1359,1359,1.07640435474195,0.923045258948155,1.24787206684795,1,0,0.82,6,"1.01 to 1.25","Not Significant","0.80-1.00"
"E02005449","Lincoln 008",NA,495773,369921,53.2177,-0.56714,"517ded5a-e269-466f-9715-011b1073fe3e",6,17.32,48.68,0.0527,0.021,0.0328,"LargeCentralMetro",0,0,0,0,0,"East Midlands",4,"Lincoln 008",50.34,3,462,233,3190,0.5034,0.4868,0.1732,0.1732,4,0.495670995670996,229,262,1360,1360,0.882479331330293,0.782921581991131,0.991101548271284,-1,-1,0.017,2,"0.76 to 0.99","Significant Decrease","0.01-0.20"
"E02005456","North Kesteven 004",NA,498668,365544,53.1779,-0.52514,"c9c62566-3ae4-4920-a85d-9b6e5fb1a964",6,18.24,49.46,0.0096,0.0029,0.0148,"MediumMetro",0,1,0,0,0,"East Midlands",10,"North Kesteven 004",45,1,170,76,1106,0.45,0.4946,0.1824,0.1824,10,0.552941176470588,94,96,1361,1361,0.970492222611587,0.818410035236989,1.14255088050049,-1,0,0.346,3,"0.76 to 0.99","Not Significant","0.20-0.39"
"E02005458","North Kesteven 006",NA,497632,357322,53.1042,-0.54314,"f9a993ea-f2bc-453c-9c43-0719b68a0e6e",4,18.7,46.61,0.0086,0.0015,0.0098,"Micropolitan",0,0,0,1,0,"East Midlands",9,"North Kesteven 006",21,1,123,26,781,0.21,0.4661,0.187,0.187,9,0.788617886178862,97,70,1362,1362,1.23846562841787,1.03913017624323,1.46494964611153,1,1,0.992,6,"1.01 to 1.25","Significant Increase","0.80-1.00"
"E02005462","North Kesteven 010",NA,507323,345770,52.9985,-0.40229,"b7d0c232-ea29-4a93-9b36-75c53d3b1a4f",6,22.02,48.53,0.0123,0.0044,0.021,"LargeFringeMetro",1,0,0,0,0,"East Midlands",10,"North Kesteven 010",30,1,327,98,2178,0.3,0.4853,0.2202,0.2202,10,0.700305810397553,229,185,1363,1363,1.2154015455656,1.07664153792846,1.36698862246218,1,1,0.999,6,"1.01 to 1.25","Significant Increase","0.80-1.00"
"E02005467","South Holland 003",NA,535735,325133,52.8067,0.012204,"49bb9189-0f0b-4008-bfd2-1eadcf6920fe",4,21.97,46.7,0.0105,0.0036,0.0127,"SmallMetro",0,0,1,0,0,"East Midlands",10,"South Holland 003",27,1,173,47,1227,0.27,0.467,0.2197,0.2197,10,0.728323699421965,126,98,1364,1364,1.22323143654489,1.04655345551124,1.42113482748719,1,1,0.995,6,"1.01 to 1.25","Significant Increase","0.80-1.00"
"E02005478","South Kesteven 003",NA,492175,337134,52.9237,-0.63038,"159d65ec-e3e6-4470-a111-000708bbc038",7,17.44,32.31,0.0349,0.0077,0.0207,"LargeFringeMetro",1,0,0,0,0,"East Midlands",9,"South Kesteven 003",36,1,195,70,1238,0.36,0.3231,0.1744,0.1744,9,0.641025641025641,125,111,1365,1365,1.1257543479313,0.965582534921985,1.30478927623978,1,0,0.934,6,"1.01 to 1.25","Not Significant","0.80-1.00"
"E02005479","South Kesteven 004",NA,490524,337175,52.9244,-0.65492,"c8411ef2-fcf9-47d7-a3e2-646e53e7db01",7,34.78,39.07,0.0378,0.0103,0.0226,"LargeFringeMetro",1,0,0,0,0,"East Midlands",10,"South Kesteven 004",30,1,23,7,215,0.3,0.3907,0.3478,0.3478,10,0.695652173913043,16,13,1366,1366,1.29243410836026,0.999162273624643,1.64493108935378,2,0,0.975,6,"1.26 to 1.50","Not Significant","0.80-1.00"
"E02005486","South Kesteven 011",NA,513525,320673,52.7718,-0.31866,"a55dcc6c-f09b-4cd8-be27-5e0d7c268515",7,20.38,51.43,0.0219,0.0084,0.0161,"LargeCentralMetro",0,0,0,0,0,"East Midlands",10,"South Kesteven 011",36,1,211,76,1297,0.36,0.5143,0.2038,0.2038,10,0.639810426540284,135,120,1367,1367,1.10320338984259,0.949665217369615,1.27440513854722,1,0,0.898,6,"1.01 to 1.25","Not Significant","0.80-1.00"
"E02005489","South Kesteven 014",NA,517133,309831,52.6735,-0.26906,"019db6c7-e9db-4d2c-a746-aebb31c1c79c",5,15.12,51.42,0.0147,0.0041,0.0171,"LargeCentralMetro",0,0,0,0,0,"East Midlands",9,"South Kesteven 014",30,1,258,77,1554,0.3,0.5142,0.1512,0.1512,9,0.701550387596899,181,146,1368,1368,1.17383059464555,1.02506819909556,1.3380503553071,1,1,0.99,6,"1.01 to 1.25","Significant Increase","0.80-1.00"
"E02005490","South Kesteven 015",NA,503030,308199,52.6618,-0.47807,"c4326b73-bf5e-481e-94c2-adef72d91af7",6,36.84,52.86,0.0124,0.0048,0.0195,"LargeCentralMetro",0,0,0,0,0,"East Midlands",10,"South Kesteven 015",26,1,76,20,350,0.26,0.5286,0.3684,0.3684,10,0.736842105263158,56,43,1369,1369,1.25345199334462,1.02437116938515,1.51847666232406,2,1,0.986,6,"1.26 to 1.50","Significant Increase","0.80-1.00"
"E02005492","West Lindsey 001",NA,512386,403688,53.5179,-0.30646,"c7096aac-78e2-467d-9d7a-66e8716769d0",5,35.59,52.72,0.01,0.0028,0.0083,"MediumMetro",0,1,0,0,0,"East Midlands",10,"West Lindsey 001",25,1,59,15,313,0.25,0.5272,0.3559,0.3559,10,0.745762711864407,44,33,1370,1370,1.21765003819917,0.97886278454431,1.49720025266811,1,0,0.961,6,"1.01 to 1.25","Not Significant","0.80-1.00"
"E02005494","West Lindsey 003",NA,510901,391153,53.4056,-0.33326,"3c7eb886-d4e1-4c3e-8408-a9ccea31a793",6,21.43,48.81,0.0073,0.0015,0.0146,"Micropolitan",0,0,0,1,0,"East Midlands",10,"West Lindsey 003",26,1,140,36,926,0.26,0.4881,0.2143,0.2143,10,0.742857142857143,104,79,1371,1371,1.22086794427698,1.0309006131464,1.43568965503466,1,1,0.99,6,"1.01 to 1.25","Significant Increase","0.80-1.00"
"E02005499","West Lindsey 008",NA,503297,383406,53.3375,-0.45012,"c652ed56-6998-44d0-ba43-ce19ce9aaec0",6,10.73,48.34,0.0067,0.003,0.0135,"MediumMetro",0,1,0,0,0,"East Midlands",10,"West Lindsey 008",66,1,233,154,1450,0.66,0.4834,0.1073,0.1073,10,0.339055793991416,79,132,1372,1372,0.688328470021689,0.579407238780747,0.81156338322222,-2,-1,0,1,"0.51 to 0.75","Significant Decrease","<0.01"
"E02005505","Breckland 003",NA,600151,313921,52.686,0.959826,"c5726cac-fcb8-43b3-9fa0-f6526f871a5b",8,18.06,49.14,0.0142,0.0046,0.0138,"LargeCentralMetro",0,0,0,0,0,"East of England",9,"Breckland 003",40,1,155,62,1164,0.4,0.4914,0.1806,0.1806,9,0.6,93,88,1373,1373,1.048961819273,0.884356445299944,1.23522159018928,1,0,0.697,5,"1.01 to 1.25","Not Significant","0.60-0.79"
"E02005509","Breckland 007",NA,581201,308840,52.647,0.677017,"bfb28f7b-fa16-49dc-979c-6faf89099828",10,26.47,51.15,0.0126,0.0033,0.0179,"SmallMetro",0,0,1,0,0,"East of England",10,"Breckland 007",31,1,102,32,655,0.31,0.5115,0.2647,0.2647,10,0.686274509803922,70,58,1374,1374,1.1964078050199,0.991108680407428,1.43161593163277,1,0,0.969,6,"1.01 to 1.25","Not Significant","0.80-1.00"
"E02005511","Breckland 009",NA,591727,300558,52.5691,0.827611,"9f953379-626c-41eb-884e-2dea0d40ec0c",5,25,47.99,0.0087,0.005,0.0165,"LargeFringeMetro",1,0,0,0,0,"East of England",9,"Breckland 009",30,1,104,31,571,0.3,0.4799,0.25,0.25,9,0.701923076923077,73,59,1375,1375,1.19446881200586,0.991015163607136,1.42735594479806,1,0,0.969,6,"1.01 to 1.25","Not Significant","0.80-1.00"
"E02005513","Breckland 011",NA,603893,295285,52.5173,1.00363,"3427e55f-bf92-47a1-8700-e889acffb985",6,14.18,52,0.0145,0.006,0.0201,"LargeCentralMetro",0,0,0,0,0,"East of England",10,"Breckland 011",39,1,134,52,802,0.39,0.52,0.1418,0.1418,10,0.611940298507463,82,76,1376,1376,1.03340325024681,0.863027858669311,1.2275377623766,1,0,0.625,5,"1.01 to 1.25","Not Significant","0.60-0.79"
"E02005518","Breckland 016",NA,587824,283648,52.4186,0.760566,"803c1971-e835-45cc-8832-328218856518",6,37.57,51.66,0.0155,0.0074,0.0382,"LargeFringeMetro",1,0,0,0,0,"East of England",7,"Breckland 016",25,1,181,45,1146,0.25,0.5166,0.3757,0.3757,7,0.751381215469613,136,103,1377,1377,1.2908776400246,1.11130094270411,1.4911072801058,2,1,1,6,"1.26 to 1.50","Significant Increase","0.80-1.00"
"E02005520","Broadland 001",NA,619357,326655,52.7929,1.252,"b440e7ec-374d-41b0-967d-1e72885fb492",5,17.96,50.14,0.0053,0.0026,0.0128,"Micropolitan",0,0,0,1,0,"East of England",10,"Broadland 001",55,1,206,113,1057,0.55,0.5014,0.1796,0.1796,10,0.451456310679612,93,117,1378,1378,0.852536853635268,0.721241134628649,1.00065544486069,-1,0,0.025,2,"0.76 to 0.99","Not Significant","0.01-0.20"
"E02005521","Broadland 002",NA,609682,323737,52.7705,1.10688,"1d9552be-89c0-4733-8f2c-62bc71077998",2,12.87,49.95,0.0051,0.0017,0.0135,"Micropolitan",0,0,0,1,0,"East of England",9,"Broadland 002",49,1,171,84,1071,0.49,0.4995,0.1287,0.1287,9,0.508771929824561,87,97,1379,1379,0.895947582966529,0.751936732497189,1.05942194828844,-1,0,0.096,2,"0.76 to 0.99","Not Significant","0.01-0.20"
"E02005525","Broadland 006",NA,615976,314102,52.6816,1.19369,"d9bcbb14-16ab-4658-8d16-e5411d0f9c03",5,10.53,47.2,0.0177,0.0077,0.0185,"LargeCentralMetro",0,0,0,0,0,"East of England",9,"Broadland 006",51,1,209,107,1144,0.51,0.472,0.1053,0.1053,9,0.488038277511962,102,119,1380,1380,0.876378021759955,0.744114327006933,1.02525602700526,-1,0,0.049,2,"0.76 to 0.99","Not Significant","0.01-0.20"
"E02005530","Broadland 011",NA,621284,311972,52.6603,1.27065,"f5d55c33-742a-4fdf-9335-4c45b9c2c6a3",5,22.39,48.26,0.0246,0.0105,0.0244,"LargeCentralMetro",0,0,0,0,0,"East of England",9,"Broadland 011",41,1,201,82,1382,0.41,0.4826,0.2239,0.2239,9,0.592039800995025,119,114,1381,1381,1.03756860547717,0.887453670662448,1.20570191069451,1,0,0.667,5,"1.01 to 1.25","Not Significant","0.60-0.79"
"E02005534","Broadland 015",NA,626554,309956,52.64,1.34705,"d7dc43b5-ecc5-4d1b-9d29-436be87ecc91",4,15.51,50.08,0.0096,0.0057,0.0201,"LargeCentralMetro",0,0,0,0,0,"East of England",9,"Broadland 015",43,1,303,130,1847,0.43,0.5008,0.1551,0.1551,9,0.570957095709571,173,172,1382,1382,0.992069287657307,0.86615418127835,1.13105571712982,-1,0,0.439,4,"0.76 to 0.99","Not Significant","0.40-0.59"
"E02005537","Broadland 018",NA,643159,305830,52.5958,1.58894,"1329b88f-883d-4d5d-a738-b7ab1c6adb91",2,17,49.44,0.0075,0.0023,0.0124,"MediumMetro",0,1,0,0,0,"East of England",10,"Broadland 018",37,1,100,37,445,0.37,0.4944,0.17,0.17,10,0.63,63,57,1383,1383,1.01056656004213,0.828645018274229,1.22061216998921,1,0,0.522,4,"1.01 to 1.25","Not Significant","0.40-0.59"
"E02005540","Great Yarmouth 003",NA,651321,311921,52.6468,1.71381,"4f651dea-22a6-48d2-8321-6186d742c435",7,26.83,49.57,0.0091,0.0026,0.0117,"SmallMetro",0,0,1,0,0,"East of England",10,"Great Yarmouth 003",42,1,123,52,581,0.42,0.4957,0.2683,0.2683,10,0.577235772357724,71,70,1384,1384,1.068006015134,0.888708333912454,1.27268197186933,1,0,0.749,5,"1.01 to 1.25","Not Significant","0.60-0.79"
"E02005545","Great Yarmouth 008",NA,650518,305435,52.589,1.69705,"2a980b3e-42ab-4e38-bce2-369eedf68fbf",7,16.5,49.66,0.0096,0.0031,0.0097,"LargeFringeMetro",1,0,0,0,0,"East of England",10,"Great Yarmouth 008",44,1,206,91,1037,0.44,0.4966,0.165,0.165,10,0.558252427184466,115,117,1385,1385,1.01042816517099,0.863996183003035,1.17442684301487,1,0,0.536,4,"1.01 to 1.25","Not Significant","0.40-0.59"
"E02005547","Great Yarmouth 010",NA,652335,302056,52.5578,1.72125,"eef63972-0526-4c29-984f-e62171c24e94",7,26.7,50.4,0.0424,0.0076,0.0213,"LargeFringeMetro",1,0,0,0,0,"East of England",10,"Great Yarmouth 010",35,1,176,62,879,0.35,0.504,0.267,0.267,10,0.647727272727273,114,100,1386,1386,1.14902331488668,0.980905426364396,1.33755728090951,1,0,0.957,6,"1.01 to 1.25","Not Significant","0.80-1.00"
"E02005548","Great Yarmouth 011",NA,651922,303131,52.5676,1.71598,"b9aedd81-ac97-4326-b5ee-942aeb023d98",9,46.85,53.05,0.051,0.0069,0.0202,"LargeFringeMetro",1,0,0,0,0,"East of England",10,"Great Yarmouth 011",27,1,111,30,788,0.27,0.5305,0.4685,0.4685,10,0.72972972972973,81,63,1387,1387,1.34570997176803,1.12837063775758,1.59249238083741,2,1,1,6,"1.26 to 1.50","Significant Increase","0.80-1.00"
"E02005558","King's Lynn and West Norfolk 008",NA,556301,321753,52.7708,0.315437,"a36cb4cc-baaf-4e0c-bac0-c1c230384646",5,27.03,51.02,0.0045,0.0019,0.0082,"Noncore",0,0,0,0,1,"East of England",10,"King's Lynn and West Norfolk 008",28,1,111,31,590,0.28,0.5102,0.2703,0.2703,10,0.720720720720721,80,63,1388,1388,1.21217208193848,1.00866287679608,1.44465582379465,1,1,0.98,6,"1.01 to 1.25","Significant Increase","0.80-1.00"
"E02005559","King's Lynn and West Norfolk 009",NA,563207,320286,52.7556,0.416978,"1b02c8f4-37d4-46f5-ad01-91fd55412ec0",10,25.53,47.15,0.0279,0.0054,0.0299,"LargeFringeMetro",1,0,0,0,0,"East of England",2,"King's Lynn and West Norfolk 009",23,1,94,22,649,0.23,0.4715,0.2553,0.2553,2,0.765957446808511,72,53,1389,1389,1.25352520703924,1.03629343606838,1.50289434350916,2,1,0.99,6,"1.26 to 1.50","Significant Increase","0.80-1.00"
"E02005560","King's Lynn and West Norfolk 010",NA,564774,320436,52.7564,0.440251,"431663b1-2e06-426f-9665-7bfc55279c86",8,23.48,55.71,0.1217,0.0214,0.0364,"LargeFringeMetro",1,0,0,0,0,"East of England",9,"King's Lynn and West Norfolk 010",36,1,264,95,1709,0.36,0.5571,0.2348,0.2348,9,0.640151515151515,169,150,1390,1390,1.11893754164248,0.975887722558975,1.27694978904749,1,0,0.946,6,"1.01 to 1.25","Not Significant","0.80-1.00"
"E02005563","King's Lynn and West Norfolk 013",NA,551446,314221,52.7045,0.240059,"37c8927d-c3a1-49c5-b79a-c5600fb25a8d",8,24.68,47.93,0.01,0.0029,0.0115,"Noncore",0,0,0,0,1,"East of England",9,"King's Lynn and West Norfolk 013",46,1,154,71,726,0.46,0.4793,0.2468,0.2468,9,0.538961038961039,83,87,1391,1391,1.01266601485757,0.849890187195499,1.19735607201657,1,0,0.539,4,"1.01 to 1.25","Not Significant","0.40-0.59"
"E02005569","King's Lynn and West Norfolk 019",NA,568686,292246,52.502,0.483784,"1fa39f36-165b-49b0-8a81-79c1e7ca89f8",8,17.56,43.49,0.0082,0.009,0.0405,"Noncore",0,0,0,0,1,"East of England",10,"King's Lynn and West Norfolk 019",42,1,131,55,768,0.42,0.4349,0.1756,0.1756,10,0.580152671755725,76,74,1392,1392,1.02563257020818,0.852973886787431,1.2228891427598,1,0,0.59,4,"1.01 to 1.25","Not Significant","0.40-0.59"
"E02005570","North Norfolk 001",NA,615494,342661,52.9381,1.20538,"afe44bc5-e802-4e04-b5f1-a1ea68810864",6,28.18,47.14,0.0078,0.0013,0.0093,"SmallMetro",0,0,1,0,0,"East of England",5,"North Norfolk 001",45,1,110,50,753,0.45,0.4714,0.2818,0.2818,5,0.545454545454545,60,62,1393,1393,1.03012545616449,0.849315139307931,1.23785795379743,1,0,0.602,5,"1.01 to 1.25","Not Significant","0.60-0.79"
"E02005572","North Norfolk 003",NA,622069,341495,52.9249,1.30226,"92a87bc0-1ec5-407f-8cae-6e1a18c3f48c",8,24.29,48.29,0.0085,0.0029,0.0137,"SmallMetro",0,0,1,0,0,"East of England",10,"North Norfolk 003",31,1,70,22,468,0.31,0.4829,0.2429,0.2429,10,0.685714285714286,48,40,1394,1394,1.17287331873151,0.950236581249526,1.43198511872014,1,0,0.929,6,"1.01 to 1.25","Not Significant","0.80-1.00"
"E02005580","North Norfolk 011",NA,593038,330815,52.8403,0.864671,"bb0309f9-f7b7-41d4-9650-d538236a3368",7,19.71,49.22,0.0081,0.0016,0.0114,"SmallMetro",0,0,1,0,0,"East of England",4,"North Norfolk 011",36,1,137,49,772,0.36,0.4922,0.1971,0.1971,4,0.642335766423358,88,78,1395,1395,1.09051536399876,0.914390123845261,1.29061887378628,1,0,0.826,6,"1.01 to 1.25","Not Significant","0.80-1.00"
"E02005582","North Norfolk 013",NA,637759,325482,52.7746,1.52355,"d4c8a6be-00e5-4945-8d83-8e32f568a3fc",8,18.29,52.53,0.0038,0.0019,0.0122,"SmallMetro",0,0,1,0,0,"East of England",9,"North Norfolk 013",35,1,82,29,375,0.35,0.5253,0.1829,0.1829,9,0.646341463414634,53,47,1396,1396,1.09415674683675,0.891017428693722,1.32974060115461,1,0,0.796,5,"1.01 to 1.25","Not Significant","0.60-0.79"
"E02005586","Norwich 003",NA,623445,310199,52.6435,1.30135,"a0d552ac-a539-4786-9069-b7b286761145",6,39.62,46.28,0.0318,0.0213,0.0415,"LargeCentralMetro",0,0,0,0,0,"East of England",6,"Norwich 003",22,1,106,23,484,0.22,0.4628,0.3962,0.3962,6,0.783018867924528,83,60,1397,1397,1.30036219271662,1.08562207699176,1.5451382707088,2,1,0.998,6,"1.26 to 1.50","Significant Increase","0.80-1.00"
"E02005587","Norwich 004",NA,625208,309698,52.6383,1.32702,"7942c1ba-c431-44b6-8490-016457694006",8,45.36,44.39,0.0205,0.0161,0.0341,"LargeCentralMetro",0,0,0,0,0,"East of England",8,"Norwich 004",21,1,97,20,615,0.21,0.4439,0.4536,0.4536,8,0.793814432989691,77,55,1398,1398,1.36769059147667,1.13941977269531,1.62820737667554,2,1,1,6,"1.26 to 1.50","Significant Increase","0.80-1.00"
"E02005593","Norwich 010",NA,619961,307961,52.6249,1.24845,"54549bce-f2f7-42dc-b50d-3c27720e4fc1",6,62.96,48.6,0.1137,0.0435,0.0722,"LargeCentralMetro",0,0,0,0,0,"East of England",10,"Norwich 010",20,1,135,27,679,0.2,0.486,0.6296,0.6296,10,0.8,108,77,1399,1399,1.41320377970447,1.20262499027428,1.64988669850791,2,1,1,6,"1.26 to 1.50","Significant Increase","0.80-1.00"
"E02005595","Norwich 012",NA,620939,306337,52.6099,1.26179,"6535f67c-3fd3-44eb-b234-3f4493a8104b",6,23.48,48.85,0.057,0.0142,0.039,"LargeCentralMetro",0,0,0,0,0,"East of England",10,"Norwich 012",47,1,230,108,1566,0.47,0.4885,0.2348,0.2348,10,0.530434782608696,122,130,1400,1400,0.9614675588791,0.824952300144931,1.11399168357091,-1,0,0.29,3,"0.76 to 0.99","Not Significant","0.20-0.39"
"E02005596","Norwich 013",NA,622931,306231,52.6081,1.29109,"a8c35451-4bcd-4cac-ac00-ad3ea10b9734",9,39.02,34.47,0.0411,0.0192,0.0383,"LargeCentralMetro",0,0,0,0,0,"East of England",8,"Norwich 013",34.7,2,164,57,789,0.347,0.3447,0.3902,0.3902,8,0.652439024390244,107,93,1401,1401,1.18867714746137,1.01256987275522,1.38643673734586,1,1,0.983,6,"1.01 to 1.25","Significant Increase","0.80-1.00"
"E02005599","South Norfolk 003",NA,616268,304645,52.5966,1.19182,"2751f251-d076-49c7-8ac0-23f3761fc6ba",4,13.82,47.8,0.0272,0.0132,0.0292,"MediumMetro",0,1,0,0,0,"East of England",6,"South Norfolk 003",67,1,123,82,567,0.67,0.478,0.1382,0.1382,6,0.333333333333333,41,70,1402,1402,0.703074443924025,0.571276701659503,0.855920750400367,-2,-1,0,1,"0.51 to 0.75","Significant Decrease","<0.01"
"E02005600","South Norfolk 004",NA,605114,300737,52.5658,1.02496,"5a423d9a-33fd-44c9-8fce-25dd271fcffd",5,8.84,50.22,0.0133,0.0229,0.019,"Micropolitan",0,0,0,1,0,"East of England",9,"South Norfolk 004",65,1,181,118,1336,0.65,0.5022,0.0884,0.0884,9,0.348066298342541,63,103,1403,1403,0.711209769405486,0.590709894644495,0.848841897381539,-2,-1,0,1,"0.51 to 0.75","Significant Decrease","<0.01"
"E02005603","South Norfolk 007",NA,611138,298361,52.5422,1.1122,"20efc685-9886-455d-b0da-581a259e5ca3",6,14.6,49.52,0.0167,0.0089,0.0208,"LargeCentralMetro",0,0,0,0,0,"East of England",5,"South Norfolk 007",57,2,452,258,3126,0.57,0.4952,0.146,0.146,5,0.429203539823009,194,256,1404,1404,0.786870114124341,0.693123292077312,0.889654749768368,-1,-1,0,1,"0.76 to 0.99","Significant Decrease","<0.01"
"E02005604","South Norfolk 008",NA,635525,301695,52.5621,1.47351,"9dc02991-d0c4-48e8-ba0b-52f3ce08ddba",2,18.37,47.8,0.0083,0.0025,0.0165,"MediumMetro",0,1,0,0,0,"East of England",9,"South Norfolk 008",48,1,147,71,726,0.48,0.478,0.1837,0.1837,9,0.517006802721088,76,83,1405,1405,0.909829434727508,0.757841161771376,1.08328331026152,-1,0,0.139,2,"0.76 to 0.99","Not Significant","0.01-0.20"
"E02005611","South Norfolk 015",NA,611109,280636,52.3831,1.10056,"8d13ec08-6426-434e-b3d5-19c63300022f",4,10.49,51.4,0.0178,0.0077,0.0189,"LargeFringeMetro",1,0,0,0,0,"East of England",6,"South Norfolk 015",49,1,143,70,926,0.49,0.514,0.1049,0.1049,6,0.51048951048951,73,81,1406,1406,0.91067421068561,0.757469686835724,1.0856690917562,-1,0,0.143,2,"0.76 to 0.99","Not Significant","0.01-0.20"
"E02005614","North Northamptonshire 006",NA,492130,288773,52.4891,-0.64457,"31577db8-af25-4049-a3e8-c5cfa4bc26ac",6,29.69,49.68,0.0228,0.0482,0.0293,"LargeFringeMetro",1,0,0,0,0,"East Midlands",5,"North Northamptonshire 006",35,1,192,67,1079,0.35,0.4968,0.2969,0.2969,5,0.651041666666667,125,109,1407,1407,1.14389356123266,0.981176571614606,1.3257697444268,1,0,0.956,6,"1.01 to 1.25","Not Significant","0.80-1.00"
"E02005615","North Northamptonshire 004",NA,486735,289306,52.4948,-0.72387,"de51bcde-ba8c-4880-b4ab-5f1a5aeb3f10",8,31.01,50.92,0.0109,0.0125,0.0196,"LargeFringeMetro",1,0,0,0,0,"East Midlands",7,"North Northamptonshire 004",29.97,2,316,95,1964,0.2997,0.5092,0.3101,0.3101,7,0.699367088607595,221,179,1408,1408,1.23021638685079,1.08858235974826,1.38505012298593,1,1,1,6,"1.01 to 1.25","Significant Increase","0.80-1.00"
"E02005616","North Northamptonshire 005",NA,488295,288660,52.4887,-0.70107,"73b2f0a0-0fe0-4c35-8f95-8354d6dd4420",9,22.86,38.38,0.014,0.0157,0.0302,"LargeFringeMetro",1,0,0,0,0,"East Midlands",7,"North Northamptonshire 005",44,1,70,31,370,0.44,0.3838,0.2286,0.2286,7,0.557142857142857,39,40,1409,1409,1.06611422101353,0.859716820841983,1.3069263056859,1,0,0.707,5,"1.01 to 1.25","Not Significant","0.60-0.79"
"E02005622","West Northamptonshire 005",NA,465549,271084,52.334,-1.03943,"ca26f8a6-929c-4554-9d3f-02a5e786d7e2",3,10.62,49.28,0.0116,0.0085,0.0193,"Micropolitan",0,0,0,1,0,"East Midlands",8,"West Northamptonshire 005",51,1,226,115,1311,0.51,0.4928,0.1062,0.1062,8,0.491150442477876,111,128,1410,1410,0.868474029280329,0.739560801607358,1.01330728781773,-1,0,0.036,2,"0.76 to 0.99","Not Significant","0.01-0.20"
"E02005623","West Northamptonshire 003",NA,478027,267462,52.2998,-0.85718,"ca876fa9-bd8b-4808-9e10-794c6c1bee17",5,17.89,46.98,0.0325,0.0233,0.0356,"LargeCentralMetro",0,0,0,0,0,"East Midlands",6,"West Northamptonshire 003",40,1,218,87,1373,0.4,0.4698,0.1789,0.1789,6,0.60091743119266,131,124,1411,1411,1.0238055173334,0.879245117030349,1.18527997352471,1,0,0.606,5,"1.01 to 1.25","Not Significant","0.60-0.79"
"E02005624","West Northamptonshire 010",NA,457134,264087,52.272,-1.16409,"7c0943af-7445-4b4a-84a9-1d929db0af48",7,21.55,52.69,0.0296,0.0146,0.0268,"LargeCentralMetro",0,0,0,0,0,"East Midlands",2,"West Northamptonshire 010",40,1,116,46,706,0.4,0.5269,0.2155,0.2155,2,0.603448275862069,70,66,1412,1412,1.01772547067969,0.842275423173734,1.21891846485975,1,0,0.555,4,"1.01 to 1.25","Not Significant","0.40-0.59"
"E02005630","North Northamptonshire 010",NA,506114,286247,52.4639,-0.4395,"6f8e4011-cddd-4abd-a0d0-592aa386cf6e",3,12.63,49.59,0.0177,0.0103,0.0272,"MediumMetro",0,1,0,0,0,"East Midlands",6,"North Northamptonshire 010",49,1,190,93,1101,0.49,0.4959,0.1263,0.1263,6,0.510526315789474,97,108,1413,1413,0.871252413509902,0.735164950286042,1.02517322455511,-1,0,0.047,2,"0.76 to 0.99","Not Significant","0.01-0.20"
"E02005633","North Northamptonshire 025",NA,500435,273046,52.3463,-0.52702,"eea69328-dce4-472c-9e74-7cc0edf84588",8,22.12,43.65,0.0108,0.0176,0.0187,"LargeCentralMetro",0,0,0,0,0,"East Midlands",5,"North Northamptonshire 025",27,1,104,28,850,0.27,0.4365,0.2212,0.2212,5,0.730769230769231,76,59,1414,1414,1.19018534496984,0.987541210693154,1.42220788324276,1,0,0.966,6,"1.01 to 1.25","Not Significant","0.80-1.00"
"E02005635","North Northamptonshire 035",NA,498108,268341,52.3045,-0.56254,"b7c6248b-9a13-46e3-ba83-b19533ba050b",7,18.71,54.14,0.016,0.0141,0.0231,"LargeCentralMetro",0,0,0,0,0,"East Midlands",9,"North Northamptonshire 035",29,1,155,45,1038,0.29,0.5414,0.1871,0.1871,9,0.709677419354839,110,88,1415,1415,1.16676672425262,0.989778998906044,1.36624752317326,1,0,0.967,6,"1.01 to 1.25","Not Significant","0.80-1.00"
"E02005643","North Northamptonshire 016",NA,488115,279347,52.4051,-0.70617,"d04f1724-5920-4c28-969a-ea80de0961a4",9,24.49,40.98,0.035,0.0349,0.0356,"LargeFringeMetro",1,0,0,0,0,"East Midlands",2,"North Northamptonshire 016",31,1,196,61,1081,0.31,0.4098,0.2449,0.2449,2,0.688775510204082,135,111,1416,1416,1.18655972623834,1.02084999831944,1.37141394779562,1,1,0.987,6,"1.01 to 1.25","Significant Increase","0.80-1.00"
"E02005647","North Northamptonshire 022",NA,487413,276761,52.3819,-0.71716,"7bc0641f-fd2c-4d78-b877-f7a2c85f71aa",9,9.86,68.83,0.0475,0.0316,0.0355,"LargeFringeMetro",1,0,0,0,0,"East Midlands",3,"North Northamptonshire 022",62.58,2,365,228,2429,0.6258,0.6883,0.0986,0.0986,3,0.375342465753425,137,207,1417,1417,0.709572133535731,0.614117072989361,0.815524901614273,-2,-1,0,1,"0.51 to 0.75","Significant Decrease","<0.01"
"E02005648","North Northamptonshire 021",NA,489163,276987,52.3837,-0.69139,"254803a5-f04e-49d5-998f-ae7342336c4c",7,19.65,48.06,0.0466,0.0233,0.0298,"LargeFringeMetro",1,0,0,0,0,"East Midlands",5,"North Northamptonshire 021",32,1,173,55,1059,0.32,0.4806,0.1965,0.1965,5,0.682080924855491,118,98,1418,1418,1.1545040794404,0.984720252426379,1.34509335296968,1,0,0.961,6,"1.01 to 1.25","Not Significant","0.80-1.00"
"E02005650","West Northamptonshire 006",NA,475727,264337,52.272,-0.8916,"5b622c2e-379b-4e07-bfd7-82214dceb7da",6,20.65,46.91,0.0637,0.0568,0.0506,"LargeCentralMetro",0,0,0,0,0,"East Midlands",6,"West Northamptonshire 006",27,1,184,50,1294,0.27,0.4691,0.2065,0.2065,6,0.728260869565217,134,104,1419,1419,1.19181356648661,1.02205081961843,1.38168904602136,1,1,0.988,6,"1.01 to 1.25","Significant Increase","0.80-1.00"
"E02005651","West Northamptonshire 007",NA,477464,264351,52.2719,-0.86615,"bdb81f85-1805-49f8-9b0b-05680f5858f9",8,23.44,83.93,0.0502,0.0321,0.0294,"LargeCentralMetro",0,0,0,0,0,"East Midlands",4,"West Northamptonshire 007",42.75,2,401,171,2365,0.4275,0.8393,0.2344,0.2344,4,0.57356608478803,230,227,1420,1420,0.994882607487233,0.88130711113885,1.11895480068324,-1,0,0.453,4,"0.76 to 0.99","Not Significant","0.40-0.59"
"E02005655","West Northamptonshire 012",NA,478342,263755,52.2664,-0.85342,"1006bd1c-5b0c-487b-8733-20d3c3791bf8",9,29.79,47.45,0.0741,0.0506,0.0445,"LargeCentralMetro",0,0,0,0,0,"East Midlands",2,"West Northamptonshire 012",40,1,235,94,1296,0.4,0.4745,0.2979,0.2979,2,0.6,141,133,1421,1421,1.05997838275962,0.915630301308109,1.22051334904753,1,0,0.775,5,"1.01 to 1.25","Not Significant","0.60-0.79"
"E02005656","West Northamptonshire 014",NA,480179,263286,52.2619,-0.82662,"22aefc5d-aa6a-4572-a0f8-ece4b94f15a1",8,36.49,47.33,0.0907,0.1453,0.0699,"LargeCentralMetro",0,0,0,0,0,"East Midlands",2,"West Northamptonshire 014",44,1,222,98,1350,0.44,0.4733,0.3649,0.3649,2,0.558558558558559,124,126,1422,1422,1.01252885778401,0.869682893601308,1.17200071369221,1,0,0.549,4,"1.01 to 1.25","Not Significant","0.40-0.59"
"E02005664","West Northamptonshire 025",NA,476073,262091,52.2518,-0.88704,"0bb16165-b772-443c-a5e0-65cb93da0549",9,34.55,46.31,0.0715,0.0636,0.0612,"LargeCentralMetro",0,0,0,0,0,"East Midlands",4,"West Northamptonshire 025",27,1,220,59,1300,0.27,0.4631,0.3455,0.3455,4,0.731818181818182,161,125,1423,1423,1.24403597884974,1.0806002983525,1.42512390771288,1,1,0.999,6,"1.01 to 1.25","Significant Increase","0.80-1.00"
"E02005676","West Northamptonshire 038",NA,475090,258569,52.2202,-0.90222,"3250cf32-09ad-455e-b594-8afb7865026f",7,22.41,50.2,0.059,0.0654,0.0539,"LargeCentralMetro",0,0,0,0,0,"East Midlands",5,"West Northamptonshire 038",37,1,232,86,1273,0.37,0.502,0.2241,0.2241,5,0.629310344827586,146,132,1424,1424,1.06983113871463,0.924322437931174,1.23167081709148,1,0,0.812,6,"1.01 to 1.25","Not Significant","0.80-1.00"
"E02005681","West Northamptonshire 040",NA,468105,257766,52.2139,-1.00461,"42d8f24a-5c78-4e10-aac7-02c2cab605ed",8,20.56,51.89,0.007,0.0035,0.0166,"MediumMetro",0,1,0,0,0,"East Midlands",10,"West Northamptonshire 040",50,1,214,107,1245,0.5,0.5189,0.2056,0.2056,10,0.5,107,121,1425,1425,0.914587949845213,0.779008728593112,1.06684405934491,-1,0,0.124,2,"0.76 to 0.99","Not Significant","0.01-0.20"
"E02005684","West Northamptonshire 045",NA,465529,251031,52.1537,-1.0436,"b5d5b78f-5e8c-4407-b007-094fc92ca142",5,10.63,48.5,0.009,0.0059,0.0163,"LargeCentralMetro",0,0,0,0,0,"East Midlands",5,"West Northamptonshire 045",58,1,207,120,1369,0.58,0.485,0.1063,0.1063,5,0.420289855072464,87,117,1426,1426,0.789632100325414,0.665739502957819,0.92974273094031,-1,-1,0.002,1,"0.76 to 0.99","Significant Decrease","<0.01"
"E02005686","West Northamptonshire 048",NA,450787,248946,52.1365,-1.25937,"b99843a8-f071-46c8-8008-27fd0ead0cf4",5,13.75,57.44,0.0074,0.0042,0.0171,"SmallMetro",0,0,1,0,0,"East Midlands",10,"West Northamptonshire 048",44,1,160,70,1069,0.44,0.5744,0.1375,0.1375,10,0.5625,90,91,1427,1427,0.978080457011837,0.822337611234174,1.15465725279724,-1,0,0.382,3,"0.76 to 0.99","Not Significant","0.20-0.39"
"E02005687","West Northamptonshire 049",NA,462845,244016,52.0909,-1.08412,"634e0c0e-1330-415b-a13e-dd7c17fffa6c",4,8.7,16.46,0.0075,0.0039,0.0154,"MediumMetro",0,1,0,0,0,"East Midlands",10,"West Northamptonshire 049",20,1,92,18,413,0.2,0.1646,0.087,0.087,10,0.804347826086957,74,52,1428,1428,1.20443126347704,0.991292527183306,1.45000088679593,1,0,0.969,6,"1.01 to 1.25","Not Significant","0.80-1.00"
"E02005693","North Northamptonshire 028",NA,489509,269582,52.3171,-0.68828,"81a0813e-2e05-40dd-a38a-056b9a4ca9b7",7,24.29,49.42,0.1101,0.0886,0.0522,"LargeCentralMetro",0,0,0,0,0,"East Midlands",3,"North Northamptonshire 028",41,1,177,73,1198,0.41,0.4942,0.2429,0.2429,3,0.587570621468927,104,100,1429,1429,1.01986837547297,0.864832845381204,1.19459472774407,1,0,0.578,4,"1.01 to 1.25","Not Significant","0.40-0.59"
"E02005698","North Northamptonshire 033",NA,487932,267860,52.3018,-0.71186,"999105e2-b482-42d9-acd7-573d43c52044",8,31.65,46.78,0.0649,0.0785,0.048,"LargeCentralMetro",0,0,0,0,0,"East Midlands",3,"North Northamptonshire 033",29,1,139,40,964,0.29,0.4678,0.3165,0.3165,3,0.712230215827338,99,79,1430,1430,1.19406159884195,1.00795006323617,1.40453271604983,1,1,0.98,6,"1.01 to 1.25","Significant Increase","0.80-1.00"
"E02005699","North Northamptonshire 036",NA,488834,266443,52.289,-0.69901,"f1512d04-50eb-4bdc-8436-56685712bb1c",8,26.4,52.68,0.0464,0.0596,0.0466,"LargeCentralMetro",0,0,0,0,0,"East Midlands",5,"North Northamptonshire 036",37,1,178,66,1065,0.37,0.5268,0.264,0.264,5,0.629213483146067,112,101,1431,1431,1.08216223473858,0.921372593419969,1.26286157275183,1,0,0.826,6,"1.01 to 1.25","Not Significant","0.80-1.00"
"E02005704","Northumberland 006",NA,419723,605020,55.3388,-1.69062,"4c7f4bc3-1a09-45bb-86a8-455edaf3b048",7,30.95,49.93,0.0046,0.0009,0.0059,"SmallMetro",0,0,1,0,0,"North East",5,"Northumberland 006",25,1,84,21,737,0.25,0.4993,0.3095,0.3095,5,0.75,63,48,1432,1432,1.24656891069979,1.0239522610338,1.50321986824168,1,1,0.986,6,"1.01 to 1.25","Significant Increase","0.80-1.00"
"E02005706","Northumberland 001",NA,399942,651742,55.759,-2.0025,"5a0d22a8-a526-4c37-b707-b99a85dfb103",6,24.49,50.48,0.0096,0.0021,0.0124,"LargeFringeMetro",1,0,0,0,0,"North East",4,"Northumberland 001",24,1,147,35,620,0.24,0.5048,0.2449,0.2449,4,0.761904761904762,112,83,1433,1433,1.26512917799527,1.07439822756972,1.47992569898534,2,1,0.998,6,"1.26 to 1.50","Significant Increase","0.80-1.00"
"E02005712","Northumberland 025",NA,428563,580179,55.1152,-1.55376,"2c865be0-75e0-444e-8de7-c7257f0950fa",8,50.35,48.06,0.0146,0.0058,0.013,"LargeCentralMetro",0,0,0,0,0,"North East",9,"Northumberland 025",18,1,143,26,799,0.18,0.4806,0.5035,0.5035,9,0.818181818181818,117,81,1434,1434,1.4408169642938,1.23131772391587,1.67559953360792,2,1,1,6,"1.26 to 1.50","Significant Increase","0.80-1.00"
"E02005718","Northumberland 031",NA,426693,575423,55.0726,-1.58352,"07f0577f-319a-421e-b656-1affcf97bd6b",9,18.77,49.65,0.0059,0.0018,0.0089,"LargeCentralMetro",0,0,0,0,0,"North East",10,"Northumberland 031",46,1,325,150,1974,0.46,0.4965,0.1877,0.1877,10,0.538461538461538,175,184,1435,1435,0.974628371893158,0.8531686774295,1.10840819839228,-1,0,0.337,3,"0.76 to 0.99","Not Significant","0.20-0.39"
"E02005719","Northumberland 032",NA,429339,576269,55.08,-1.542,"598c4250-297f-4738-927d-68e74022e059",9,30.77,51.67,0.0048,0.0027,0.0105,"MediumMetro",0,1,0,0,0,"North East",3,"Northumberland 032",29,1,143,41,538,0.29,0.5167,0.3077,0.3077,3,0.713286713286713,102,81,1436,1436,1.18980825353999,1.00519275239034,1.39847544575855,1,1,0.978,6,"1.01 to 1.25","Significant Increase","0.80-1.00"
"E02005721","Northumberland 011",NA,422504,588784,55.1928,-1.64807,"75174815-edc4-40bf-a92a-51d111334b95",9,14.86,52.48,0.0068,0.0004,0.0086,"LargeCentralMetro",0,0,0,0,0,"North East",4,"Northumberland 011",57,1,323,184,1431,0.57,0.5248,0.1486,0.1486,4,0.430340557275542,139,183,1437,1437,0.805264115573253,0.697298638437363,0.925070798271298,-1,-1,0.001,1,"0.76 to 0.99","Significant Decrease","<0.01"
"E02005730","Northumberland 035",NA,392648,564382,54.974,-2.11639,"83a70bfe-07f9-4474-8b22-eab947c8671f",7,10.93,53.21,0.0092,0.0013,0.0121,"LargeCentralMetro",0,0,0,0,0,"North East",10,"Northumberland 035",63,1,302,190,1263,0.63,0.5321,0.1093,0.1093,10,0.370860927152318,112,171,1438,1438,0.726655439321305,0.623098401656462,0.842325538766696,-2,-1,0,1,"0.51 to 0.75","Significant Decrease","<0.01"
"E02005733","Northumberland 040",NA,387468,558668,54.9226,-2.19706,"ed1cf546-f467-43b0-ae40-e688cf2a74cd",5,14.46,52.3,0.004,0.0012,0.0088,"SmallMetro",0,0,1,0,0,"North East",10,"Northumberland 040",23,1,83,19,413,0.23,0.523,0.1446,0.1446,10,0.771084337349398,64,47,1439,1439,1.18804198324496,0.97201208227943,1.437937472667,1,0,0.953,6,"1.01 to 1.25","Not Significant","0.80-1.00"
"E02005736","Northumberland 013",NA,428127,588924,55.1938,-1.55974,"c793a668-0f26-4718-8fe8-f683c7e6408f",10,50,48.5,0.0201,0.0021,0.0135,"LargeCentralMetro",0,0,0,0,0,"North East",5,"Northumberland 013",16,1,126,20,2561,0.16,0.485,0.5,0.5,5,0.841269841269841,106,71,1440,1440,1.46581745500148,1.24436862651771,1.71519747952897,2,1,1,6,"1.26 to 1.50","Significant Increase","0.80-1.00"
"E02005741","Northumberland 021",NA,424586,581737,55.1294,-1.61598,"742aefd8-3dab-43c7-adbf-71c8680d1bfa",7,22.51,52.51,0.0079,0.0007,0.0099,"LargeCentralMetro",0,0,0,0,0,"North East",8,"Northumberland 021",33,1,231,76,1036,0.33,0.5251,0.2251,0.2251,8,0.670995670995671,155,131,1441,1441,1.15135917180245,0.998408232544423,1.32102649569242,1,0,0.974,6,"1.01 to 1.25","Not Significant","0.80-1.00"
"E02005744","Craven 003",NA,381865,466011,54.0897,-2.27875,"299361e4-ae85-4c0d-9e27-2919f874e342",6,9.09,49.39,0.0066,0.0009,0.0071,"SmallMetro",0,0,1,0,0,"Yorkshire and the Humber",6,"Craven 003",45,1,110,50,575,0.45,0.4939,0.0909,0.0909,6,0.545454545454545,60,62,1442,1442,0.952316803348499,0.781700823815037,1.14906166827212,-1,0,0.292,3,"0.76 to 0.99","Not Significant","0.20-0.39"
"E02005749","Craven 008",NA,400129,445882,53.9091,-1.99953,"7cb81d10-7b1a-47fc-9868-a42cda27c94e",8,10.57,48.52,0.0109,0.0005,0.0112,"LargeCentralMetro",0,0,0,0,0,"Yorkshire and the Humber",6,"Craven 008",40,1,265,106,1727,0.4,0.4852,0.1057,0.1057,6,0.6,159,150,1443,1443,1.03110936347899,0.895374995809689,1.18152967025101,1,0,0.654,5,"1.01 to 1.25","Not Significant","0.60-0.79"
"E02005750","Hambleton 001",NA,459127,507084,54.4557,-1.08953,"d66a68fd-5ba8-489c-a177-2990c8577d98",3,9.19,49.91,0.0042,0.001,0.0115,"Micropolitan",0,0,0,1,0,"Yorkshire and the Humber",9,"Hambleton 001",52,1,185,96,1172,0.52,0.4991,0.0919,0.0919,9,0.481081081081081,89,105,1444,1444,0.857312848760107,0.72099401173745,1.01181641909576,-1,0,0.034,2,"0.76 to 0.99","Not Significant","0.01-0.20"
"E02005755","Hambleton 006",NA,424318,488152,54.2884,-1.62795,"41ab5335-1190-4602-b4be-4f5bc25a6703",6,16.03,48.29,0.0062,0.0012,0.008,"MediumMetro",0,1,0,0,0,"Yorkshire and the Humber",7,"Hambleton 006",34,1,131,45,586,0.34,0.4829,0.1603,0.1603,7,0.656488549618321,86,74,1445,1445,1.06967851437002,0.893429760177877,1.27054224908462,1,0,0.759,5,"1.01 to 1.25","Not Significant","0.60-0.79"
"E02005758","Hambleton 009",NA,442786,477255,54.1893,-1.34581,"965ba680-19c3-49aa-b686-a14ea8312401",5,19.46,49.45,0.0089,0.0083,0.0174,"LargeFringeMetro",1,0,0,0,0,"Yorkshire and the Humber",5,"Hambleton 009",48,1,149,72,902,0.48,0.4945,0.1946,0.1946,5,0.516778523489933,77,85,1446,1446,0.947329976151781,0.792135088759697,1.12388807896736,-1,0,0.257,3,"0.76 to 0.99","Not Significant","0.20-0.39"
"E02005762","Harrogate 002",NA,430164,471643,54.1398,-1.5398,"7a4e2478-b673-4062-81e4-1ae05c596ef2",6,19.12,47.56,0.0251,0.0118,0.0211,"LargeCentralMetro",0,0,0,0,0,"Yorkshire and the Humber",6,"Harrogate 002",50,1,68,34,595,0.5,0.4756,0.1912,0.1912,6,0.5,34,39,1447,1447,0.933144159412048,0.746853216623327,1.15167064178061,-1,0,0.247,3,"0.76 to 0.99","Not Significant","0.20-0.39"
"E02005765","Harrogate 005",NA,440936,465598,54.0847,-1.37574,"f8cf2fd3-636e-4c12-98ee-7bb8379a293c",5,9.6,50.7,0.006,0.0021,0.0106,"MediumMetro",0,1,0,0,0,"Yorkshire and the Humber",9,"Harrogate 005",29,1,125,36,643,0.29,0.507,0.096,0.096,9,0.712,89,71,1448,1448,1.0960157614088,0.914473449834759,1.30313201792632,1,0,0.833,6,"1.01 to 1.25","Not Significant","0.80-1.00"
"E02005769","Harrogate 009",NA,435248,457036,54.0082,-1.46367,"42d02fbf-cf28-47e8-9cc8-6226152e52f8",9,9.17,47.92,0.0077,0.0014,0.0146,"LargeCentralMetro",0,0,0,0,0,"Yorkshire and the Humber",6,"Harrogate 009",50,1,229,114,1511,0.5,0.4792,0.0917,0.0917,6,0.502183406113537,115,130,1449,1449,0.898283245611841,0.767651251647342,1.04466197420511,-1,0,0.08,2,"0.76 to 0.99","Not Significant","0.01-0.20"
"E02005773","Harrogate 013",NA,431242,456204,54.0009,-1.52488,"ac7852dd-c3a9-4558-a71b-33cbb3a731f5",8,30.19,55.7,0.0395,0.012,0.0294,"LargeCentralMetro",0,0,0,0,0,"Yorkshire and the Humber",5,"Harrogate 013",30,1,53,16,553,0.3,0.557,0.3019,0.3019,5,0.69811320754717,37,30,1450,1450,1.1382647157178,0.908062824907166,1.40918497093442,1,0,0.864,6,"1.01 to 1.25","Not Significant","0.80-1.00"
"E02005777","Harrogate 017",NA,432484,454439,53.985,-1.50612,"a347fe83-b7bc-45c4-b37e-a41c18dd0f7c",6,6.56,51.91,0.0198,0.0045,0.0244,"LargeCentralMetro",0,0,0,0,0,"Yorkshire and the Humber",1,"Harrogate 017",76,1,244,185,1913,0.76,0.5191,0.0656,0.0656,1,0.241803278688525,59,138,1451,1451,0.554170884690444,0.461771206241946,0.659358510285633,-2,-1,0,1,"0.51 to 0.75","Significant Decrease","<0.01"
"E02005780","Harrogate 020",NA,428706,454211,53.9832,-1.56375,"f2014234-de66-446a-9d6f-700d238ba131",5,11.21,49.07,0.0278,0.0032,0.0249,"LargeCentralMetro",0,0,0,0,0,"Yorkshire and the Humber",4,"Harrogate 020",57.66,2,464,268,3444,0.5766,0.4907,0.1121,0.1121,4,0.422413793103448,196,263,1452,1452,0.766851242998504,0.675521799063773,0.866989465456097,-1,-1,0,1,"0.76 to 0.99","Significant Decrease","<0.01"
"E02005785","Richmondshire 004",NA,418108,497795,54.3754,-1.72276,"cd3a022b-10e9-48b5-bddf-f9a128e1007a",5,15.29,48.95,0.0824,0.0226,0.0474,"LargeCentralMetro",0,0,0,0,0,"Yorkshire and the Humber",9,"Richmondshire 004",28,2,170,48,858,0.28,0.4895,0.1529,0.1529,9,0.717647058823529,122,96,1453,1453,1.15686234108835,0.985788926304756,1.34909064679611,1,0,0.962,6,"1.01 to 1.25","Not Significant","0.80-1.00"
"E02005787","Richmondshire 006",NA,414786,489607,54.3019,-1.7743,"02d1783f-523a-4451-bbf0-154f3f92c8b2",3,4.76,45.63,0.006,0.0026,0.0087,"SmallMetro",0,0,1,0,0,"Yorkshire and the Humber",10,"Richmondshire 006",39,1,84,33,423,0.39,0.4563,0.0476,0.0476,10,0.607142857142857,51,48,1454,1454,0.980664687697307,0.794723608915031,1.19711200021688,-1,0,0.405,4,"0.76 to 0.99","Not Significant","0.40-0.59"
"E02005797","Scarborough 003",NA,488460,509749,54.4754,-0.63641,"fb8fb8cf-67ba-45a2-89dc-0c599149162f",6,21.43,49.2,0.0067,0.0011,0.0096,"LargeFringeMetro",1,0,0,0,0,"Yorkshire and the Humber",8,"Scarborough 003",28,1,182,51,994,0.28,0.492,0.2143,0.2143,8,0.71978021978022,131,103,1455,1455,1.22532894577626,1.05175810062183,1.41928876356025,1,1,0.996,6,"1.01 to 1.25","Significant Increase","0.80-1.00"
"E02005799","Scarborough 005",NA,501912,490394,54.299,-0.43553,"a7ddf018-2b37-4333-8c8d-575ac0d29ffe",6,19.9,48.1,0.0158,0.0052,0.0116,"LargeFringeMetro",1,0,0,0,0,"Yorkshire and the Humber",3,"Scarborough 005",52,1,201,105,998,0.52,0.481,0.199,0.199,3,0.477611940298507,96,114,1456,1456,0.900037666769929,0.763248564062018,1.05409036646392,-1,0,0.093,2,"0.76 to 0.99","Not Significant","0.01-0.20"
"E02005814","Selby 006",NA,458945,431953,53.7806,-1.10696,"ccf1b8d3-3364-40ab-988e-2d61fd40bafd",6,22.07,51.95,0.0034,0.0029,0.0113,"LargeCentralMetro",0,0,0,0,0,"Yorkshire and the Humber",7,"Selby 006",40,2,444,178,2256,0.4,0.5195,0.2207,0.2207,7,0.599099099099099,266,252,1457,1457,1.05078536317811,0.938566958149971,1.17263963709451,1,0,0.8,6,"1.01 to 1.25","Not Significant","0.80-1.00"
"E02005815","Selby 007",NA,462582,429197,53.7554,-1.05233,"42edea31-2c81-4cc1-82fd-d9c3182d5f53",3,28.57,44.81,0.0054,0.0012,0.0088,"LargeFringeMetro",1,0,0,0,0,"Yorkshire and the Humber",7,"Selby 007",43,1,56,24,366,0.43,0.4481,0.2857,0.2857,7,0.571428571428571,32,32,1458,1458,1.08306992168429,0.86394588402491,1.34069803046523,1,0,0.744,5,"1.01 to 1.25","Not Significant","0.60-0.79"
"E02005823","Ashfield 005",NA,449123,359526,53.1307,-1.26728,"95bb33af-89a2-4342-86c0-9898ffe96ed5",10,35.47,49.08,0.0203,0.0102,0.0202,"LargeCentralMetro",0,0,0,0,0,"East Midlands",10,"Ashfield 005",28.84,2,265,76,1687,0.2884,0.4908,0.3547,0.3547,10,0.713207547169811,189,150,1459,1459,1.25984008165633,1.10596564507201,1.4290116869168,2,1,1,6,"1.26 to 1.50","Significant Increase","0.80-1.00"
"E02005827","Ashfield 009",NA,448489,355847,53.0976,-1.27731,"11c2c1c7-a3a3-4855-84bc-00b42fc60bd9",8,26.19,52.54,0.0129,0.0153,0.0184,"LargeCentralMetro",0,0,0,0,0,"East Midlands",10,"Ashfield 009",36,1,336,121,2476,0.36,0.5254,0.2619,0.2619,10,0.639880952380952,215,191,1460,1460,1.12319359011772,0.992658901061499,1.26601772409617,1,0,0.967,6,"1.01 to 1.25","Not Significant","0.80-1.00"
"E02005829","Ashfield 011",NA,446180,353442,53.0762,-1.31213,"17aeba09-af52-4f3d-ace0-bd558f84ff9a",7,30.08,51.71,0.0033,0.0021,0.0158,"LargeCentralMetro",0,0,0,0,0,"East Midlands",10,"Ashfield 011",40,1,123,49,729,0.4,0.5171,0.3008,0.3008,10,0.601626016260163,74,70,1461,1461,1.08968233011459,0.908460444311411,1.29631120902471,1,0,0.816,6,"1.01 to 1.25","Not Significant","0.80-1.00"
"E02005833","Ashfield 015",NA,451524,349502,53.0403,-1.233,"d21142d7-1658-4d5d-b7f4-45afc7ebd4bc",5,20.1,49.5,0.0114,0.0082,0.0181,"LargeCentralMetro",0,0,0,0,0,"East Midlands",10,"Ashfield 015",37,1,194,72,1200,0.37,0.495,0.201,0.201,10,0.628865979381443,122,110,1462,1462,1.0824757958674,0.926107897041027,1.25760344583853,1,0,0.835,6,"1.01 to 1.25","Not Significant","0.80-1.00"
"E02005834","Ashfield 016",NA,452805,347319,53.0206,-1.21425,"ddd20347-a139-45c2-9460-a7a4155d9d72",7,29.75,49.4,0.0204,0.0262,0.0346,"LargeCentralMetro",0,0,0,0,0,"East Midlands",10,"Ashfield 016",40,1,158,63,917,0.4,0.494,0.2975,0.2975,10,0.60126582278481,95,90,1463,1463,1.07532110834959,0.90904764865512,1.26306845074316,1,0,0.794,5,"1.01 to 1.25","Not Significant","0.60-0.79"
"E02005839","Bassetlaw 005",NA,469738,382251,53.3326,-0.95426,"d77446bf-c14f-4dd3-86ca-78ca8cac25bd",8,12.97,49.95,0.0115,0.005,0.0128,"LargeCentralMetro",0,0,0,0,0,"East Midlands",10,"Bassetlaw 005",44,1,185,81,957,0.44,0.4995,0.1297,0.1297,10,0.562162162162162,104,105,1464,1464,0.990793101140554,0.841086573109297,1.15936004782532,-1,0,0.438,4,"0.76 to 0.99","Not Significant","0.40-0.59"
"E02005840","Bassetlaw 006",NA,457419,382127,53.333,-1.13924,"a775fa2f-0e54-4752-a89a-d8388d3b6968",8,15.35,46.32,0.0142,0.0067,0.0164,"LargeCentralMetro",0,0,0,0,0,"East Midlands",10,"Bassetlaw 006",63,1,241,152,1550,0.63,0.4632,0.1535,0.1535,10,0.369294605809129,89,137,1465,1465,0.751990435151356,0.637830505637218,0.88044708947662,-1,-1,0,1,"0.76 to 0.99","Significant Decrease","<0.01"
"E02005844","Bassetlaw 010",NA,469908,379807,53.3106,-0.95224,"d1df995a-ca4d-4a7f-bf16-bb637577ae84",7,28.83,50.74,0.0117,0.0082,0.0143,"LargeCentralMetro",0,0,0,0,0,"East Midlands",10,"Bassetlaw 010",34,1,111,38,812,0.34,0.5074,0.2883,0.2883,10,0.657657657657658,73,63,1466,1466,1.15149428557416,0.957304376581984,1.37341130337694,1,0,0.931,6,"1.01 to 1.25","Not Significant","0.80-1.00"
"E02005847","Bassetlaw 013",NA,458948,377904,53.2948,-1.11707,"13eb03b8-f97e-4dc4-b223-ae723036595b",8,33.77,51.97,0.0187,0.0088,0.0259,"LargeCentralMetro",0,0,0,0,0,"East Midlands",9,"Bassetlaw 013",60,1,151,91,1243,0.6,0.5197,0.3377,0.3377,9,0.397350993377483,60,86,1467,1467,0.861549548743943,0.716786574680698,1.02660106685327,-1,0,0.047,2,"0.76 to 0.99","Not Significant","0.01-0.20"
"E02005849","Bassetlaw 015",NA,473914,374521,53.2626,-0.89336,"5b4225a2-d408-4ed5-b701-d72deac81852",4,12.35,49.28,0.0079,0.0033,0.0117,"Micropolitan",0,0,0,1,0,"East Midlands",10,"Bassetlaw 015",55,1,243,134,1528,0.55,0.4928,0.1235,0.1235,10,0.448559670781893,109,138,1468,1468,0.827601807672122,0.705846051052207,0.964196183241363,-1,-1,0.008,1,"0.76 to 0.99","Significant Decrease","<0.01"
"E02005851","Broxtowe 002",NA,446411,346375,53.0127,-1.3097,"2c03c293-8e54-431c-ae1c-704b6567fafb",9,31.13,47.67,0.0129,0.0127,0.0294,"LargeCentralMetro",0,0,0,0,0,"East Midlands",8,"Broxtowe 002",35,1,106,37,644,0.35,0.4767,0.3113,0.3113,8,0.650943396226415,69,60,1469,1469,1.15177282074412,0.954808480942135,1.37730130723738,1,0,0.928,6,"1.01 to 1.25","Not Significant","0.80-1.00"
"E02005856","Broxtowe 007",NA,451054,338067,52.9376,-1.24181,"10b9bf29-14eb-4764-9265-e9a73192b8b9",2,33.98,51.59,0.1227,0.0171,0.0439,"LargeCentralMetro",0,0,0,0,0,"East Midlands",10,"Broxtowe 007",29,1,103,30,473,0.29,0.5159,0.3398,0.3398,10,0.70873786407767,73,58,1470,1470,1.1769259879919,0.974903394776664,1.4084872833504,1,0,0.954,6,"1.01 to 1.25","Not Significant","0.80-1.00"
"E02005859","Broxtowe 010",NA,449069,336896,52.9273,-1.27152,"02ee8d63-2d62-4e14-9591-10fe5672910c",4,17.89,49.33,0.036,0.0163,0.0392,"LargeCentralMetro",0,0,0,0,0,"East Midlands",10,"Broxtowe 010",56,1,218,122,1488,0.56,0.4933,0.1789,0.1789,10,0.440366972477064,96,124,1471,1471,0.824469283721959,0.699152221333338,0.965606348040548,-1,-1,0.008,1,"0.76 to 0.99","Significant Decrease","<0.01"
"E02005862","Broxtowe 013",NA,450663,335764,52.9169,-1.24798,"ffdb37f8-efc9-4862-84b9-1d32a7c32899",5,24.37,50.25,0.0481,0.0212,0.0456,"LargeCentralMetro",0,0,0,0,0,"East Midlands",9,"Broxtowe 013",50,1,119,60,796,0.5,0.5025,0.2437,0.2437,9,0.495798319327731,59,67,1472,1472,0.928975790400218,0.765489896838848,1.1168867097014,-1,0,0.208,3,"0.76 to 0.99","Not Significant","0.20-0.39"
"E02005863","Broxtowe 014",NA,451951,334892,52.909,-1.22897,"b8e509c6-9290-4ad6-93e0-4dc855e0f7f1",4,18.71,48.35,0.0356,0.0121,0.0331,"LargeCentralMetro",0,0,0,0,0,"East Midlands",10,"Broxtowe 014",47,1,139,65,759,0.47,0.4835,0.1871,0.1871,10,0.532374100719424,74,79,1473,1473,0.947393210582438,0.789018457787899,1.1281292835579,-1,0,0.261,3,"0.76 to 0.99","Not Significant","0.20-0.39"
"E02005870","Gedling 006",NA,457916,345397,53.0028,-1.13841,"b8fe505b-7573-4269-881a-56a79994af38",4,23.18,51.33,0.04,0.0298,0.0485,"LargeCentralMetro",0,0,0,0,0,"East Midlands",10,"Gedling 006",57,1,220,125,1461,0.57,0.5133,0.2318,0.2318,10,0.431818181818182,95,125,1474,1474,0.822556137483533,0.697760796577212,0.963052724986893,-1,-1,0.008,1,"0.76 to 0.99","Significant Decrease","<0.01"
"E02005871","Gedling 007",NA,459810,345317,53.0019,-1.11021,"d5cec5d2-a3a8-4d0f-b884-4d839d333e48",2,20.27,51.57,0.0594,0.0233,0.0386,"LargeCentralMetro",0,0,0,0,0,"East Midlands",10,"Gedling 007",34,1,148,50,861,0.34,0.5157,0.2027,0.2027,10,0.662162162162162,98,84,1475,1475,1.0864072115865,0.915247421821713,1.28027154361006,1,0,0.822,6,"1.01 to 1.25","Not Significant","0.80-1.00"
"E02005875","Gedling 011",NA,461809,343308,52.9836,-1.08081,"5022b292-6bca-4cf2-be13-2287fd7c019e",4,27.52,46.63,0.0335,0.0263,0.0563,"LargeCentralMetro",0,0,0,0,0,"East Midlands",10,"Gedling 011",36,1,149,54,875,0.36,0.4663,0.2752,0.2752,10,0.63758389261745,95,85,1476,1476,1.08356423370704,0.913394054552296,1.27617368507551,1,0,0.815,6,"1.01 to 1.25","Not Significant","0.80-1.00"
"E02005881","Mansfield 002",NA,455633,366466,53.1924,-1.16879,"e1927971-36af-4ae7-83ff-42e15027549a",9,38.79,49.13,0.0106,0.0063,0.0144,"SmallMetro",0,0,1,0,0,"East Midlands",10,"Mansfield 002",38,1,116,44,688,0.38,0.4913,0.3879,0.3879,10,0.620689655172414,72,66,1477,1477,1.17824668784541,0.982582134315603,1.40121916203553,1,0,0.961,6,"1.01 to 1.25","Not Significant","0.80-1.00"
"E02005882","Mansfield 003",NA,455357,364273,53.1727,-1.1733,"d62dc997-c33c-48ff-9287-db6635a19122",6,22.52,49.39,0.0128,0.0094,0.0134,"LargeCentralMetro",0,0,0,0,0,"East Midlands",10,"Mansfield 003",36,1,151,54,816,0.36,0.4939,0.2252,0.2252,10,0.642384105960265,97,86,1478,1478,1.10685098925773,0.934847861536889,1.30124947815917,1,0,0.877,6,"1.01 to 1.25","Not Significant","0.80-1.00"
"E02005887","Mansfield 008",NA,453464,360952,53.1431,-1.20217,"4e6c0b38-6abc-4f13-930d-d378221ad018",10,20.57,52.39,0.0395,0.02,0.0393,"LargeCentralMetro",0,0,0,0,0,"East Midlands",10,"Mansfield 008",39,1,175,68,1088,0.39,0.5239,0.2057,0.2057,10,0.611428571428571,107,99,1479,1479,1.06805172093007,0.907496997362086,1.24873363082722,1,0,0.778,5,"1.01 to 1.25","Not Significant","0.60-0.79"
"E02005888","Mansfield 009",NA,454574,361211,53.1453,-1.18553,"757d1d24-b42a-4226-9778-3d893158cb42",9,27.19,49.48,0.0184,0.0141,0.028,"LargeCentralMetro",0,0,0,0,0,"East Midlands",10,"Mansfield 009",45.15,2,456,206,2696,0.4515,0.4948,0.2719,0.2719,10,0.548245614035088,250,259,1480,1480,0.988602500044168,0.881525382028466,1.10499309072631,-1,0,0.409,4,"0.76 to 0.99","Not Significant","0.40-0.59"
"E02005893","Newark and Sherwood 001",NA,464018,369901,53.2223,-1.04262,"4b54d7f8-cf87-4490-8f1c-f429b2589a74",10,42.25,48.57,0.0073,0.0031,0.0141,"LargeFringeMetro",1,0,0,0,0,"East Midlands",10,"Newark and Sherwood 001",30,1,142,43,735,0.3,0.4857,0.4225,0.4225,10,0.697183098591549,99,81,1481,1481,1.28830329041125,1.09348880720017,1.50759320248508,2,1,0.999,6,"1.26 to 1.50","Significant Increase","0.80-1.00"
"E02005898","Newark and Sherwood 006",NA,457717,357719,53.1136,-1.13917,"36dd88ac-de70-4104-841d-c1707e942dd4",8,23.88,49.4,0.0063,0.0067,0.0148,"LargeFringeMetro",1,0,0,0,0,"East Midlands",10,"Newark and Sherwood 006",38,1,201,76,1245,0.38,0.494,0.2388,0.2388,10,0.621890547263682,125,114,1482,1482,1.11620208720421,0.958497504172782,1.29230858279225,1,0,0.92,6,"1.01 to 1.25","Not Significant","0.80-1.00"
"E02005901","Newark and Sherwood 009",NA,481422,353297,53.0707,-0.78622,"e64f2c9b-c80f-479d-b318-7a85578e5f55",6,38.19,48.88,0.0176,0.0096,0.0276,"LargeCentralMetro",0,0,0,0,0,"East Midlands",10,"Newark and Sherwood 009",29,1,144,42,671,0.29,0.4888,0.3819,0.3819,10,0.708333333333333,102,82,1483,1483,1.23376678427202,1.04571061489232,1.44576340925562,1,1,0.994,6,"1.01 to 1.25","Significant Increase","0.80-1.00"
"E02005907","Rushcliffe 002",NA,470695,339415,52.9475,-0.94932,"7ec4cd2b-3bba-4a58-b3cb-4a62bc466ba6",3,10.6,49.31,0.02,0.005,0.0233,"LargeCentralMetro",0,0,0,0,0,"East Midlands",10,"Rushcliffe 002",64,1,283,181,1963,0.64,0.4931,0.106,0.106,10,0.360424028268551,102,161,1484,1484,0.701692001955132,0.59843872166475,0.817469663275363,-2,-1,0,1,"0.51 to 0.75","Significant Decrease","<0.01"
"E02005908","Rushcliffe 003",NA,466552,340743,52.96,-1.0107,"e173cfd0-4a22-4a15-b0c2-6e2114cba579",3,21.52,50.09,0.017,0.0061,0.0254,"MediumMetro",0,1,0,0,0,"East Midlands",10,"Rushcliffe 003",35,1,79,28,545,0.35,0.5009,0.2152,0.2152,10,0.645569620253165,51,45,1485,1485,1.02864615113267,0.833258268972006,1.2561834286215,1,0,0.585,4,"1.01 to 1.25","Not Significant","0.40-0.59"
"E02005912","Rushcliffe 007",NA,457441,336208,52.9202,-1.14711,"3c02ccc2-4955-40d1-a258-9bcf5845eebb",2,17.4,49.19,0.1968,0.0192,0.0626,"LargeCentralMetro",0,0,0,0,0,"East Midlands",8,"Rushcliffe 007",63.33,3,546,346,3663,0.6333,0.4919,0.174,0.174,8,0.366300366300366,200,310,1486,1486,0.680122168322961,0.600485129333763,0.767280222582051,-2,-1,0,1,"0.51 to 0.75","Significant Decrease","<0.01"
"E02005913","Rushcliffe 008",NA,459228,335429,52.9131,-1.12068,"ac2ab65d-395f-45c9-802a-9a044f30934d",3,12.55,48.19,0.1431,0.0158,0.0687,"LargeCentralMetro",0,0,0,0,0,"East Midlands",10,"Rushcliffe 008",66,1,231,152,1517,0.66,0.4819,0.1255,0.1255,10,0.341991341991342,79,131,1487,1487,0.677903429723948,0.570076882026175,0.800006512655506,-2,-1,0,1,"0.51 to 0.75","Significant Decrease","<0.01"
"E02005918","Rushcliffe 013",NA,461397,330003,52.864,-1.08945,"4fb197e7-1469-46e9-899a-934796f45669",2,14.29,49.18,0.0252,0.0037,0.024,"MediumMetro",0,1,0,0,0,"East Midlands",10,"Rushcliffe 013",53,1,140,74,858,0.53,0.4918,0.1429,0.1429,10,0.471428571428571,66,79,1488,1488,0.844042145933851,0.697956149715413,1.01159344751885,-1,0,0.033,2,"0.76 to 0.99","Not Significant","0.01-0.20"
"E02005919","Rushcliffe 014",NA,453029,331331,52.8769,-1.21352,"4a06a222-3965-4a0f-a04b-7d6fa3ec4cf4",2,20.39,49.06,0.0292,0.0081,0.0273,"MediumMetro",0,1,0,0,0,"East Midlands",10,"Rushcliffe 014",52,1,152,79,958,0.52,0.4906,0.2039,0.2039,10,0.480263157894737,73,86,1489,1489,0.870135333951892,0.724278882149469,1.03663132428281,-1,0,0.058,2,"0.76 to 0.99","Not Significant","0.01-0.20"
"E02005922","Cherwell 002",NA,444160,242069,52.0752,-1.35708,"a9a89e76-1221-4cf6-96c5-801c899d5949",6,35.59,48.6,0.0458,0.022,0.0401,"LargeFringeMetro",1,0,0,0,0,"South East",7,"Cherwell 002",34,1,177,60,965,0.34,0.486,0.3559,0.3559,7,0.661016949152542,117,100,1490,1490,1.17760881676322,1.00676771368686,1.36900144729282,1,1,0.98,6,"1.01 to 1.25","Significant Increase","0.80-1.00"
"E02005926","Cherwell 006",NA,444527,238817,52.046,-1.35214,"f5f92c73-d6da-49fa-8e50-ebe8aa2d0253",7,16.17,49.53,0.0524,0.0142,0.0353,"LargeFringeMetro",1,0,0,0,0,"South East",7,"Cherwell 006",42.32,3,303,128,1706,0.4232,0.4953,0.1617,0.1617,7,0.577557755775578,175,172,1491,1491,1.01457382298729,0.886771403156601,1.15552319171553,1,0,0.571,4,"1.01 to 1.25","Not Significant","0.40-0.59"
"E02005928","Cherwell 008",NA,447735,236326,52.0233,-1.30572,"9bd762d7-bc08-4f28-bd97-395b8f5fefdc",5,20.09,47.3,0.0316,0.0116,0.0309,"Noncore",0,0,0,0,1,"South East",10,"Cherwell 008",41,1,229,94,1294,0.41,0.473,0.2009,0.2009,10,0.589519650655022,135,130,1492,1492,1.0326493882394,0.888650133479224,1.19323480920504,1,0,0.651,5,"1.01 to 1.25","Not Significant","0.60-0.79"
"E02005933","Cherwell 013",NA,459273,223208,51.9043,-1.13984,"8b421bb7-af09-4a0b-9de9-3671e46ad1ad",6,14.08,52.83,0.0505,0.0185,0.0412,"LargeCentralMetro",0,0,0,0,0,"South East",9,"Cherwell 013",56,1,213,119,1291,0.56,0.5283,0.1408,0.1408,9,0.44131455399061,94,121,1493,1493,0.817811785008648,0.692240239675944,0.959432697762065,-1,-1,0.007,1,"0.76 to 0.99","Significant Decrease","<0.01"
"E02005934","Cherwell 014",NA,457501,223150,51.9039,-1.1656,"3dfd8f8d-5cd0-4403-9830-97819f8e2510",6,17.24,51.6,0.0464,0.0176,0.0439,"LargeCentralMetro",0,0,0,0,0,"South East",9,"Cherwell 014",38,1,145,55,909,0.38,0.516,0.1724,0.1724,9,0.620689655172414,90,82,1494,1494,1.04028072995832,0.873027601083535,1.23021447421696,1,0,0.657,5,"1.01 to 1.25","Not Significant","0.60-0.79"
"E02005939","Cherwell 019",NA,447516,212929,51.813,-1.31213,"cc26276e-31d4-44a2-a961-b15433d20ed5",4,14.17,52.54,0.0566,0.0161,0.0469,"LargeCentralMetro",0,0,0,0,0,"South East",10,"Cherwell 019",49,1,127,62,906,0.49,0.5254,0.1417,0.1417,10,0.511811023622047,65,72,1495,1495,0.896333704956397,0.740128616243733,1.07569675185809,-1,0,0.115,2,"0.76 to 0.99","Not Significant","0.01-0.20"
"E02005942","Oxford 003",NA,450704,208247,51.7706,-1.26657,"55b01a78-5a68-49a6-9886-595b4aac4c18",2,17.05,48.06,0.1069,0.0152,0.0751,"LargeCentralMetro",0,0,0,0,0,"South East",1,"Oxford 003",71,2,528,375,3712,0.71,0.4806,0.1705,0.1705,1,0.289772727272727,153,299,1496,1496,0.563148105966928,0.49120940340164,0.642534626351373,-2,-1,0,1,"0.51 to 0.75","Significant Decrease","<0.01"
"E02005949","Oxford 010",NA,454248,206052,51.7505,-1.21555,"54bee72b-0caf-4ea1-be29-6a7410e75808",5,28.76,49.86,0.2164,0.0607,0.0975,"LargeCentralMetro",0,0,0,0,0,"South East",2,"Oxford 010",45,1,233,105,1436,0.45,0.4986,0.2876,0.2876,2,0.549356223175966,128,132,1497,1497,0.949131044055128,0.814498582800763,1.09958620173372,-1,0,0.235,3,"0.76 to 0.99","Not Significant","0.20-0.39"
"E02005959","South Oxfordshire 002",NA,456707,210203,51.7876,-1.17926,"5f0afb6d-cfa1-4b50-a42f-21d45191d517",4,18.12,51.24,0.0341,0.0127,0.0453,"Micropolitan",0,0,0,1,0,"South East",6,"South Oxfordshire 002",48,1,149,72,1005,0.48,0.5124,0.1812,0.1812,6,0.516778523489933,77,85,1498,1498,0.897496207791108,0.7474316816413,1.06878653402259,-1,0,0.109,2,"0.76 to 0.99","Not Significant","0.01-0.20"
"E02005960","South Oxfordshire 003",NA,470779,204672,51.7363,-0.9764,"e530a33c-3143-4e66-8f55-6370091cbd0c",4,8.6,49.59,0.0162,0.0084,0.0324,"LargeCentralMetro",0,0,0,0,0,"South East",10,"South Oxfordshire 003",58,1,314,182,2091,0.58,0.4959,0.086,0.086,10,0.420382165605096,132,178,1499,1499,0.772298553579152,0.66619250700374,0.890381249653929,-1,-1,0,1,"0.76 to 0.99","Significant Decrease","<0.01"
"E02005969","South Oxfordshire 012",NA,459760,188994,51.5966,-1.13863,"db29f86f-97c1-4498-a21c-7475c76597b1",8,13.09,49.12,0.0187,0.0056,0.022,"MediumMetro",0,1,0,0,0,"South East",10,"South Oxfordshire 012",58,1,191,111,1199,0.58,0.4912,0.1309,0.1309,10,0.418848167539267,80,108,1500,1500,0.799840294180303,0.67138187942804,0.945549899557462,-1,-1,0.005,1,"0.76 to 0.99","Significant Decrease","<0.01"
"E02005974","South Oxfordshire 017",NA,476412,181749,51.5295,-0.89984,"8216fd54-4abc-4e11-9cf2-126b33382295",3,9.55,51.42,0.0258,0.0065,0.041,"LargeCentralMetro",0,0,0,0,0,"South East",5,"South Oxfordshire 017",69,1,157,108,809,0.69,0.5142,0.0955,0.0955,5,0.312101910828025,49,89,1501,1501,0.657484998139293,0.539722756447035,0.793071245032486,-2,-1,0,1,"0.51 to 0.75","Significant Decrease","<0.01"
"E02005975","South Oxfordshire 018",NA,464531,181481,51.5286,-1.07114,"4591049e-10cd-4aea-bd46-7c9281b6d2c0",5,11.93,49.75,0.016,0.0075,0.0249,"MediumMetro",0,1,0,0,0,"South East",6,"South Oxfordshire 018",53,1,109,58,605,0.53,0.4975,0.1193,0.1193,6,0.467889908256881,51,62,1502,1502,0.828854897813695,0.675288288968117,1.00683778094329,-1,0,0.029,2,"0.76 to 0.99","Not Significant","0.01-0.20"
"E02005978","Vale of White Horse 001",NA,446129,205091,51.7426,-1.33329,"c4f8d670-90a9-422e-99d5-b81958588ec6",2,13.77,49.58,0.0691,0.0165,0.0525,"LargeCentralMetro",0,0,0,0,0,"South East",8,"Vale of White Horse 001",66,1,167,110,1061,0.66,0.4958,0.1377,0.1377,8,0.341317365269461,57,95,1503,1503,0.694764201552266,0.57428328397676,0.832836539436253,-2,-1,0,1,"0.51 to 0.75","Significant Decrease","<0.01"
"E02005983","Vale of White Horse 006",NA,449113,197594,51.675,-1.29112,"7b0cc9c3-b37a-47e4-b022-8ca6c987591b",7,17.5,51.4,0.0522,0.0205,0.0424,"LargeCentralMetro",0,0,0,0,0,"South East",10,"Vale of White Horse 006",41,1,160,66,961,0.41,0.514,0.175,0.175,10,0.5875,94,91,1504,1504,1.01055609353222,0.851775829595955,1.19027334237825,1,0,0.531,4,"1.01 to 1.25","Not Significant","0.40-0.59"
"E02005991","Vale of White Horse 014",NA,439419,187900,51.5886,-1.4324,"845600ef-9f55-42df-97db-58281ae7cbb1",4,17.63,48.35,0.0208,0.012,0.0245,"LargeFringeMetro",1,0,0,0,0,"South East",10,"Vale of White Horse 014",41,1,295,121,1820,0.41,0.4835,0.1763,0.1763,10,0.589830508474576,174,167,1505,1505,1.04097402658059,0.909589942890062,1.18590277650267,1,0,0.712,5,"1.01 to 1.25","Not Significant","0.60-0.79"
"E02005992","Vale of White Horse 015",NA,445625,187666,51.586,-1.34285,"9e109cc9-2ce4-42e2-8986-8db56348cd9a",6,17.65,17.46,0.0428,0.0111,0.0318,"LargeCentralMetro",0,0,0,0,0,"South East",10,"Vale of White Horse 015",34,2,85,29,252,0.34,0.1746,0.1765,0.1765,10,0.658823529411765,56,48,1506,1506,1.12974180666944,0.922591132749213,1.36951382997301,1,0,0.877,6,"1.01 to 1.25","Not Significant","0.80-1.00"
"E02005993","West Oxfordshire 001",NA,431564,226745,51.9383,-1.54226,"8a40084a-3aa7-4ccd-a602-40e027986bea",8,10.69,50.63,0.0298,0.0058,0.02,"SmallMetro",0,0,1,0,0,"South East",7,"West Oxfordshire 001",59,1,159,94,954,0.59,0.5063,0.1069,0.1069,7,0.408805031446541,65,90,1507,1507,0.807780487827412,0.670931512587662,0.964126903671309,-1,-1,0.009,1,"0.76 to 0.99","Significant Decrease","<0.01"
"E02005996","West Oxfordshire 004",NA,443945,219091,51.8687,-1.36314,"d94400b5-a3f3-46c9-9def-5f5322c68a38",1,12.36,49.3,0.0194,0.0062,0.028,"MediumMetro",0,1,0,0,0,"South East",10,"West Oxfordshire 004",49,1,178,87,1067,0.49,0.493,0.1236,0.1236,10,0.51123595505618,91,101,1508,1508,0.873867145201628,0.734517917907232,1.03190946441898,-1,0,0.055,2,"0.76 to 0.99","Not Significant","0.01-0.20"
"E02006002","West Oxfordshire 010",NA,435168,209660,51.7845,-1.49157,"12419fab-38c1-4672-8439-e52954917b82",6,10.86,49.1,0.0267,0.0078,0.0315,"LargeFringeMetro",1,0,0,0,0,"South East",4,"West Oxfordshire 010",53,1,221,117,1226,0.53,0.491,0.1086,0.1086,4,0.470588235294118,104,125,1509,1509,0.857970211088349,0.729506709119011,1.00241747976329,-1,0,0.027,2,"0.76 to 0.99","Not Significant","0.01-0.20"
"E02006003","West Oxfordshire 011",NA,440603,207660,51.7662,-1.41302,"71eea267-a2aa-4545-8ba9-22489ea25a79",3,6.44,49.55,0.0177,0.0062,0.0265,"MediumMetro",0,1,0,0,0,"South East",7,"West Oxfordshire 011",64,1,202,129,1221,0.64,0.4955,0.0644,0.0644,7,0.361386138613861,73,115,1510,1510,0.685107908782332,0.572043718094248,0.813834893562919,-2,-1,0,1,"0.51 to 0.75","Significant Decrease","<0.01"
"E02006004","West Oxfordshire 012",NA,426150,206821,51.7595,-1.62251,"9ef713f3-5846-48f7-b6c8-d5539720c354",4,10.68,52.64,0.0112,0.0067,0.0185,"SmallMetro",0,0,1,0,0,"South East",9,"West Oxfordshire 012",61,1,206,126,1174,0.61,0.5264,0.1068,0.1068,9,0.388349514563107,80,117,1511,1511,0.759455728857572,0.638380459679252,0.896620942472075,-1,-1,0.001,1,"0.76 to 0.99","Significant Decrease","<0.01"
"E02006005","West Oxfordshire 013",NA,428074,207620,51.7666,-1.59457,"2f8ee7ae-7406-4502-8bca-539c82ee4e9b",6,15.46,46.95,0.0176,0.0106,0.0271,"LargeFringeMetro",1,0,0,0,0,"South East",4,"West Oxfordshire 013",33,1,97,32,607,0.33,0.4695,0.1546,0.1546,4,0.670103092783505,65,55,1512,1512,1.09145786051133,0.897091586758553,1.31548757481047,1,0,0.801,6,"1.01 to 1.25","Not Significant","0.80-1.00"
"E02006008","Shropshire 025",NA,375469,309244,52.6804,-2.36428,"9f7e6cf8-dfed-43f8-b0fc-735b3083db8e",4,14.22,45.38,0.0216,0.0058,0.0241,"MediumMetro",0,1,0,0,0,"West Midlands",6,"Shropshire 025",42,1,211,89,1309,0.42,0.4538,0.1422,0.1422,6,0.578199052132701,122,120,1513,1513,0.96951905151306,0.828255167646588,1.1279190761768,-1,0,0.332,3,"0.76 to 0.99","Not Significant","0.20-0.39"
"E02006010","Shropshire 029",NA,364855,296669,52.5667,-2.51993,"3af5dab3-602b-4738-a091-f92eab9d1f8d",4,17.76,51.64,0.0048,0.0013,0.0108,"MediumMetro",0,1,0,0,0,"West Midlands",9,"Shropshire 029",59,1,152,90,978,0.59,0.5164,0.1776,0.1776,9,0.407894736842105,62,86,1514,1514,0.796194407547782,0.65938103738427,0.952834756890674,-1,-1,0.007,1,"0.76 to 0.99","Significant Decrease","<0.01"
"E02006011","Shropshire 031",NA,370529,292327,52.528,-2.43584,"a394162a-4b57-4caf-b6dc-0bdc96eeba8c",4,18.55,48.73,0.0051,0.0025,0.0094,"LargeCentralMetro",0,0,0,0,0,"West Midlands",4,"Shropshire 031",39,1,124,48,868,0.39,0.4873,0.1855,0.1855,4,0.612903225806452,76,70,1515,1515,1.03154280167266,0.857300715209683,1.23077507658125,1,0,0.614,5,"1.01 to 1.25","Not Significant","0.60-0.79"
"E02006012","Shropshire 033",NA,372513,292242,52.5274,-2.40659,"093e24f4-1b1d-493c-902c-9f70659da0e5",5,11.89,50.98,0.0115,0.0019,0.0119,"LargeCentralMetro",0,0,0,0,0,"West Midlands",4,"Shropshire 033",41,1,143,59,665,0.41,0.5098,0.1189,0.1189,4,0.587412587412587,84,81,1516,1516,0.981349216668449,0.820161839676421,1.16493347927858,-1,0,0.398,3,"0.76 to 0.99","Not Significant","0.20-0.39"
"E02006015","Shropshire 001",NA,353705,341826,52.9718,-2.69082,"4c1fd0f2-89b1-4725-8259-b1b8188f0525",4,32.43,47.68,0.0099,0.0029,0.0129,"Noncore",0,0,0,0,1,"West Midlands",9,"Shropshire 001",32,1,74,24,495,0.32,0.4768,0.3243,0.3243,9,0.675675675675676,50,42,1517,1517,1.17475493347726,0.952640541462894,1.43307303946452,1,0,0.932,6,"1.01 to 1.25","Not Significant","0.80-1.00"
"E02006017","Shropshire 004",NA,339760,333471,52.8953,-2.89689,"e4fa8a3b-2b6a-45e4-8149-3b91584e2cbf",4,20.83,46.63,0.0073,0.002,0.0108,"SmallMetro",0,0,1,0,0,"West Midlands",7,"Shropshire 004",45,1,96,43,519,0.45,0.4663,0.2083,0.2083,7,0.552083333333333,53,54,1518,1518,1.00510707555252,0.82104692611407,1.21801607687514,0,0,0.499,4,"1.00-1.009 (null value)","Not Significant","0.40-0.59"
"E02006021","Shropshire 010",NA,347616,328568,52.8521,-2.77933,"963eab0c-47e7-4f21-b4bb-b47c65584fa5",4,11.29,49.93,0.0051,0.0024,0.0099,"MediumMetro",0,1,0,0,0,"West Midlands",8,"Shropshire 010",60,1,124,74,673,0.6,0.4993,0.1129,0.1129,8,0.403225806451613,50,70,1519,1519,0.778326570351688,0.636190641961511,0.94258923431282,-1,-1,0.005,1,"0.76 to 0.99","Significant Decrease","<0.01"
"E02006025","Shropshire 007",NA,328135,329679,52.8598,-3.06882,"65b8158d-8bff-4f1a-b0f4-3e4a32c52930",6,13.7,51.52,0.0133,0.0067,0.0183,"LargeFringeMetro",1,0,0,0,0,"West Midlands",6,"Shropshire 007",45,1,219,99,1417,0.45,0.5152,0.137,0.137,6,0.547945205479452,120,124,1520,1520,0.97147723297344,0.831636973012454,1.12799542600426,-1,0,0.34,3,"0.76 to 0.99","Not Significant","0.20-0.39"
"E02006037","Shropshire 023",NA,348252,311438,52.6982,-2.76718,"bcb9f5a4-5b2d-4947-99aa-a322aebaf24c",6,9.52,51.42,0.0228,0.0042,0.0186,"LargeCentralMetro",0,0,0,0,0,"West Midlands",8,"Shropshire 023",62,1,168,104,844,0.62,0.5142,0.0952,0.0952,8,0.380952380952381,64,95,1521,1521,0.75766807013578,0.629476522802706,0.904084465966758,-1,-1,0.001,1,"0.76 to 0.99","Significant Decrease","<0.01"
"E02006041","Shropshire 030",NA,332950,296958,52.5663,-2.99063,"72568e91-20b3-41e0-9c0b-c5e277a9867b",5,17.46,52.01,0.0066,0.0028,0.008,"SmallMetro",0,0,1,0,0,"West Midlands",8,"Shropshire 030",40,2,126,50,846,0.4,0.5201,0.1746,0.1746,8,0.603174603174603,76,71,1522,1522,1.0467643389896,0.870735913077892,1.24786802533205,1,0,0.674,5,"1.01 to 1.25","Not Significant","0.60-0.79"
"E02006042","Shropshire 032",NA,347951,291503,52.5189,-2.76849,"3efd41e4-6486-4f06-b5d6-ec8fe71ff465",5,14.07,46.52,0.007,0.0012,0.0103,"MediumMetro",0,1,0,0,0,"West Midlands",6,"Shropshire 032",48,1,135,65,561,0.48,0.4652,0.1407,0.1407,6,0.518518518518518,70,77,1523,1523,0.899741144895333,0.745713999760365,1.07614622764395,-1,0,0.119,2,"0.76 to 0.99","Not Significant","0.01-0.20"
"E02006046","Shropshire 039",NA,360402,273646,52.3595,-2.58288,"c600af1c-abdc-4d3f-b746-91c9d3160638",4,18.75,50.98,0.0039,0.001,0.0095,"SmallMetro",0,0,1,0,0,"West Midlands",10,"Shropshire 039",32,1,96,31,510,0.32,0.5098,0.1875,0.1875,10,0.677083333333333,65,54,1524,1524,1.12624704212824,0.925976384631347,1.35700760452483,1,0,0.879,6,"1.01 to 1.25","Not Significant","0.80-1.00"
"E02006052","Mendip 006",NA,359005,150309,51.2505,-2.58877,"ec5b87f8-1eb1-42f4-b7af-2c15377a63e0",4,16.25,46.7,0.0083,0.003,0.0183,"SmallMetro",0,0,1,0,0,"South West",6,"Mendip 006",30,1,80,24,454,0.3,0.467,0.1625,0.1625,6,0.7,56,45,1525,1525,1.10517159460468,0.898421971043219,1.34538249530619,1,0,0.821,6,"1.01 to 1.25","Not Significant","0.80-1.00"
"E02006054","Mendip 008",NA,355001,145686,51.2086,-2.64555,"d519adfc-7120-4ef4-a63b-f2fea1c29025",5,17.43,49.85,0.0145,0.002,0.0198,"LargeFringeMetro",1,0,0,0,0,"South West",4,"Mendip 008",53,1,241,128,1641,0.53,0.4985,0.1743,0.1743,4,0.468879668049793,113,137,1526,1526,0.868208793541169,0.742620583998814,1.00880360634208,-1,0,0.032,2,"0.76 to 0.99","Not Significant","0.01-0.20"
"E02006057","Mendip 011",NA,351241,139200,51.15,-2.69849,"0dff5a80-5ecb-49e8-8fe7-dab9907964dd",7,25.37,45.87,0.0135,0.0039,0.0213,"SmallMetro",0,0,1,0,0,"South West",10,"Mendip 011",19,1,67,13,327,0.19,0.4587,0.2537,0.2537,10,0.805970149253731,54,38,1527,1527,1.27849662597373,1.03783267044265,1.55836986000162,2,1,0.99,6,"1.26 to 1.50","Significant Increase","0.80-1.00"
"E02006060","Mendip 014",NA,348628,137019,51.1301,-2.73553,"f6aa9951-a19c-4edf-bbbd-9d658e31ae7b",8,19.54,49.66,0.0157,0.0065,0.0201,"LargeFringeMetro",1,0,0,0,0,"South West",8,"Mendip 014",52,1,174,90,1015,0.52,0.4966,0.1954,0.1954,8,0.482758620689655,84,99,1528,1528,0.924672396776276,0.77891343090576,1.08957968054949,-1,0,0.169,2,"0.76 to 0.99","Not Significant","0.01-0.20"
"E02006061","Sedgemoor 001",NA,346067,154350,51.2857,-2.77474,"c5c51bcb-c259-4f26-95df-508df95ca420",4,12.2,53.93,0.0097,0.0026,0.0162,"MediumMetro",0,1,0,0,0,"South West",8,"Sedgemoor 001",54,1,287,155,1068,0.54,0.5393,0.122,0.122,8,0.45993031358885,132,163,1529,1529,0.818582120075283,0.704830975161847,0.945367892379384,-1,-1,0.003,1,"0.76 to 0.99","Significant Decrease","<0.01"
"E02006071","Sedgemoor 011",NA,327944,137821,51.1351,-3.03125,"d04c95f2-6204-440a-a337-43d339cfa27f",7,20,51.35,0.0102,0.0024,0.0148,"LargeCentralMetro",0,0,0,0,0,"South West",6,"Sedgemoor 011",44,1,210,92,1071,0.44,0.5135,0.2,0.2,6,0.561904761904762,118,119,1530,1530,0.994309283790257,0.850467711483,1.1554035392416,-1,0,0.455,4,"0.76 to 0.99","Not Significant","0.40-0.59"
"E02006073","Sedgemoor 013",NA,329416,136128,51.1201,-3.00988,"0f4c18d4-9bd3-492b-bc33-c9371bfd9058",10,35.46,52.12,0.0207,0.0046,0.0273,"LargeCentralMetro",0,0,0,0,0,"South West",3,"Sedgemoor 013",30,1,141,42,756,0.3,0.5212,0.3546,0.3546,3,0.702127659574468,99,80,1531,1531,1.20900516002789,1.02199667287276,1.4202434223346,1,1,0.987,6,"1.01 to 1.25","Significant Increase","0.80-1.00"
"E02006075","South Somerset 001",NA,370233,132245,51.0887,-2.42639,"85d3db73-1746-45b7-805f-de39401cd357",4,17.19,53.27,0.0094,0.0067,0.0148,"Noncore",0,0,0,0,1,"South West",10,"South Somerset 001",52,1,64,33,550,0.52,0.5327,0.1719,0.1719,10,0.484375,31,36,1532,1532,0.931428334284842,0.739496938229473,1.1578348964791,-1,0,0.248,3,"0.76 to 0.99","Not Significant","0.20-0.39"
"E02006076","South Somerset 002",NA,355907,128657,51.0555,-2.63049,"50010767-2235-43c1-b21d-5bb753050913",5,16.24,52.17,0.005,0.0021,0.0118,"SmallMetro",0,0,1,0,0,"South West",8,"South Somerset 002",39,1,117,46,575,0.39,0.5217,0.1624,0.1624,8,0.606837606837607,71,66,1533,1533,1.04063232797988,0.861733730022739,1.24568298251841,1,0,0.646,5,"1.01 to 1.25","Not Significant","0.60-0.79"
"E02006087","South Somerset 013",NA,353873,116953,50.9501,-2.65802,"58b60553-f8d4-47ff-b1c2-6fd7002cfb88",8,19.15,52.11,0.0186,0.0091,0.0191,"LargeFringeMetro",1,0,0,0,0,"South West",6,"South Somerset 013",32,1,141,45,733,0.32,0.5211,0.1915,0.1915,6,0.680851063829787,96,80,1534,1534,1.15221602030389,0.971110088823256,1.35724130140069,1,0,0.947,6,"1.01 to 1.25","Not Significant","0.80-1.00"
"E02006090","South Somerset 016",NA,354150,116142,50.9429,-2.65397,"6c9d6781-6205-4bca-b5f0-fb30a47af789",8,10.61,47.88,0.0179,0.0051,0.0189,"LargeFringeMetro",1,0,0,0,0,"South West",7,"South Somerset 016",49,1,198,97,990,0.49,0.4788,0.1061,0.1061,7,0.51010101010101,101,112,1535,1535,0.929848641623536,0.789257231533558,1.08812753018342,-1,0,0.176,2,"0.76 to 0.99","Not Significant","0.01-0.20"
"E02006091","South Somerset 017",NA,346770,113562,50.919,-2.75863,"56bfe94d-b3dd-40b9-b06e-389d18d30834",5,15.69,49.53,0.003,0.0013,0.0123,"Noncore",0,0,0,0,1,"South West",10,"South Somerset 017",46,1,102,47,529,0.46,0.4953,0.1569,0.1569,10,0.53921568627451,55,58,1536,1536,0.970375846225216,0.792978818043562,1.17552585915133,-1,0,0.362,3,"0.76 to 0.99","Not Significant","0.20-0.39"
"E02006095","South Somerset 021",NA,344815,108506,50.8734,-2.78567,"d68cbdce-07e9-46a8-8285-0a6cfa11386c",6,16.78,52.79,0.0063,0.0025,0.0136,"SmallMetro",0,0,1,0,0,"South West",5,"South Somerset 021",38,1,149,57,519,0.38,0.5279,0.1678,0.1678,5,0.61744966442953,92,85,1537,1537,1.0448057793362,0.878331849032186,1.23359934384793,1,0,0.677,5,"1.01 to 1.25","Not Significant","0.60-0.79"
"E02006097","South Somerset 023",NA,332232,108401,50.8711,-2.96446,"87a6e925-97ef-4992-b432-10592977d5b6",8,18.1,49.25,0.0091,0.0115,0.0272,"LargeFringeMetro",1,0,0,0,0,"South West",5,"South Somerset 023",46,1,210,97,1267,0.46,0.4925,0.181,0.181,5,0.538095238095238,113,119,1538,1538,0.973012093872098,0.831022072650143,1.13217332431069,-1,0,0.349,3,"0.76 to 0.99","Not Significant","0.20-0.39"
"E02006101","Somerset West and Taunton 013",NA,307739,125424,51.0208,-3.31679,"fea03849-30fd-4143-8404-acb0c8faea64",3,17.01,50.24,0.0042,0.0016,0.0137,"SmallMetro",0,0,1,0,0,"South West",7,"Somerset West and Taunton 013",37,1,147,54,834,0.37,0.5024,0.1701,0.1701,7,0.63265306122449,93,83,1539,1539,1.06553934050489,0.895557830653663,1.25836150864559,1,0,0.754,5,"1.01 to 1.25","Not Significant","0.60-0.79"
"E02006109","Somerset West and Taunton 016",NA,320800,122215,50.9939,-3.12991,"a0ff6ac7-86e5-4027-a371-86997936c887",3,18.91,46.85,0.0432,0.0085,0.0183,"LargeFringeMetro",1,0,0,0,0,"South West",3,"Somerset West and Taunton 016",49,1,238,117,1189,0.49,0.4685,0.1891,0.1891,3,0.508403361344538,121,135,1540,1540,0.919058622551715,0.788019475752969,1.06553574552743,-1,0,0.128,2,"0.76 to 0.99","Not Significant","0.01-0.20"
"E02006110","Somerset West and Taunton 018",NA,314218,120825,50.9804,-3.22335,"b0645ef2-5bc4-4426-8028-f95dbee8dd8f",7,15,50.97,0.0179,0.0091,0.0157,"LargeFringeMetro",1,0,0,0,0,"South West",4,"Somerset West and Taunton 018",33,1,120,40,724,0.33,0.5097,0.15,0.15,4,0.666666666666667,80,68,1541,1541,1.10574163345084,0.920871304504775,1.31683488452587,1,0,0.854,6,"1.01 to 1.25","Not Significant","0.80-1.00"
"E02006112","Somerset West and Taunton 019",NA,323970,117787,50.9545,-3.08382,"99a8410f-6692-413d-88d3-91c96b1fc7cb",6,20.81,51.63,0.0182,0.0034,0.0159,"LargeFringeMetro",1,0,0,0,0,"South West",2,"Somerset West and Taunton 019",37,1,173,64,951,0.37,0.5163,0.2081,0.2081,2,0.630057803468208,109,98,1542,1542,1.08318891354376,0.920485185402276,1.26629003211587,1,0,0.826,6,"1.01 to 1.25","Not Significant","0.80-1.00"
"E02006114","Somerset West and Taunton 002",NA,288171,145379,51.1967,-3.60186,"d9be28db-9544-4969-9749-b8fe120e14e5",5,22.07,50.45,0.0041,0.0011,0.0133,"LargeFringeMetro",1,0,0,0,0,"South West",8,"Somerset West and Taunton 002",43,1,222,95,775,0.43,0.5045,0.2207,0.2207,8,0.572072072072072,127,126,1543,1543,1.02764312816918,0.883347990758188,1.18865632575529,1,0,0.626,5,"1.01 to 1.25","Not Significant","0.60-0.79"
"E02006118","Cannock Chase 001",NA,401286,316436,52.7456,-1.98238,"81bf7bc9-77e7-4397-8071-6a1322426289",4,20.51,47.13,0.0116,0.0046,0.0115,"LargeCentralMetro",0,0,0,0,0,"West Midlands",10,"Cannock Chase 001",29,1,195,57,1150,0.29,0.4713,0.2051,0.2051,10,0.707692307692308,138,111,1544,1544,1.18387804325953,1.01863973457527,1.36822221262243,1,1,0.986,6,"1.01 to 1.25","Significant Increase","0.80-1.00"
"E02006122","Cannock Chase 005",NA,399724,312974,52.7144,-2.00552,"6e022365-5776-451a-8c90-1ccc83e43425",6,37.36,53.15,0.0138,0.0052,0.0201,"LargeCentralMetro",0,0,0,0,0,"West Midlands",10,"Cannock Chase 005",15,1,91,14,604,0.15,0.5315,0.3736,0.3736,10,0.846153846153846,77,52,1545,1545,1.36669768143282,1.1346693222778,1.63225471334002,2,1,1,6,"1.26 to 1.50","Significant Increase","0.80-1.00"
"E02006125","Cannock Chase 008",NA,399559,311675,52.7028,-2.00796,"5551e9f2-0abb-45e4-89db-b9ee89850d11",8,18.03,47.39,0.0059,0.0055,0.0145,"LargeCentralMetro",0,0,0,0,0,"West Midlands",8,"Cannock Chase 008",27,1,183,49,1131,0.27,0.4739,0.1803,0.1803,8,0.73224043715847,134,104,1546,1546,1.2148251506255,1.04295716623919,1.40688072842508,1,1,0.994,6,"1.01 to 1.25","Significant Increase","0.80-1.00"
"E02006128","Cannock Chase 011",NA,398066,310563,52.6928,-2.03005,"aafdd0ac-172a-4fbb-8a68-fb24fcf49927",7,33.54,50.42,0.0177,0.0052,0.0175,"LargeCentralMetro",0,0,0,0,0,"West Midlands",8,"Cannock Chase 011",31,1,158,49,833,0.31,0.5042,0.3354,0.3354,8,0.689873417721519,109,90,1547,1547,1.1973017283943,1.01861357090161,1.39820829406306,1,1,0.986,6,"1.01 to 1.25","Significant Increase","0.80-1.00"
"E02006130","Cannock Chase 013",NA,400865,307586,52.666,-1.98864,"8d130164-1fe9-425d-8450-9dbd594fe5f0",6,33.82,47.87,0.0079,0.0052,0.0204,"MediumMetro",0,1,0,0,0,"West Midlands",10,"Cannock Chase 013",22,1,68,15,447,0.22,0.4787,0.3382,0.3382,10,0.779411764705882,53,39,1548,1548,1.23250678755588,1.00044444438198,1.50237182234145,1,1,0.975,6,"1.01 to 1.25","Significant Increase","0.80-1.00"
"E02006131","East Staffordshire 001",NA,406788,337637,52.9361,-1.90045,"5ec8a6d8-9606-450f-bd17-7732f3a42ee2",5,7.3,16.64,0.005,0.0028,0.0116,"MediumMetro",0,1,0,0,0,"West Midlands",8,"East Staffordshire 001",42,1,178,75,565,0.42,0.1664,0.073,0.073,8,0.578651685393258,103,101,1549,1549,0.990489461363718,0.838196737469504,1.16238797250886,-1,0,0.437,4,"0.76 to 0.99","Not Significant","0.40-0.59"
"E02006137","East Staffordshire 007",NA,423931,325043,52.8224,-1.64631,"ce24aca8-8175-4cc3-8a34-1ab4301eeded",7,24.02,51.09,0.1259,0.0166,0.0495,"LargeCentralMetro",0,0,0,0,0,"West Midlands",8,"East Staffordshire 007",48,1,333,160,2104,0.48,0.5109,0.2402,0.2402,8,0.519519519519519,173,189,1550,1550,0.932051677187708,0.815166208439879,1.06088203505993,-1,0,0.139,2,"0.76 to 0.99","Not Significant","0.01-0.20"
"E02006140","East Staffordshire 010",NA,426646,323425,52.8077,-1.60615,"ecaac6f3-6084-4300-9fde-1749e96a696a",7,33.04,50.36,0.0268,0.0061,0.0342,"LargeCentralMetro",0,0,0,0,0,"West Midlands",2,"East Staffordshire 010",35,1,115,40,697,0.35,0.5036,0.3304,0.3304,2,0.652173913043478,75,65,1551,1551,1.11811833055193,0.929612418724719,1.33357164463559,1,0,0.878,6,"1.01 to 1.25","Not Significant","0.80-1.00"
"E02006143","East Staffordshire 013",NA,422262,321355,52.7893,-1.67133,"4177fac0-c6bc-4625-9d27-dcc710ecacf3",4,27.44,49.37,0.1112,0.0124,0.0357,"LargeCentralMetro",0,0,0,0,0,"West Midlands",4,"East Staffordshire 013",26,1,164,43,950,0.26,0.4937,0.2744,0.2744,4,0.73780487804878,121,93,1552,1552,1.20367319118031,1.02611475195284,1.403111148176,1,1,0.989,6,"1.01 to 1.25","Significant Increase","0.80-1.00"
"E02006145","East Staffordshire 015",NA,418589,319837,52.7758,-1.72588,"25fc240d-c012-47bc-bc48-b1d61b5aa70e",3,12.39,53.02,0.0168,0.0029,0.0191,"MediumMetro",0,1,0,0,0,"West Midlands",8,"East Staffordshire 015",64,1,226,145,1541,0.64,0.5302,0.1239,0.1239,8,0.358407079646018,81,128,1553,1553,0.697291556015285,0.586420297855227,0.822859453321422,-2,-1,0,1,"0.51 to 0.75","Significant Decrease","<0.01"
"E02006151","Lichfield 006",NA,404012,308767,52.6766,-1.94209,"d8a3dfa7-2b70-4592-b6e9-79683e95b53a",6,12,49.49,0.0123,0.0024,0.0132,"LargeCentralMetro",0,0,0,0,0,"West Midlands",10,"Lichfield 006",53,1,150,80,980,0.53,0.4949,0.12,0.12,10,0.466666666666667,70,85,1554,1554,0.872619088060052,0.726257755252412,1.03966174555696,-1,0,0.062,2,"0.76 to 0.99","Not Significant","0.01-0.20"
"E02006152","Lichfield 007",NA,411031,307608,52.6661,-1.83832,"0b8416ed-f738-43fe-b123-ed19df2d67ae",2,11.54,50.59,0.0227,0.0077,0.0286,"LargeCentralMetro",0,0,0,0,0,"West Midlands",10,"Lichfield 007",63,1,208,131,1354,0.63,0.5059,0.1154,0.1154,10,0.370192307692308,77,118,1555,1555,0.725812929341506,0.609098629029058,0.858187055812404,-2,-1,0,1,"0.51 to 0.75","Significant Decrease","<0.01"
"E02006153","Lichfield 008",NA,420343,309065,52.6789,-1.70054,"a9fe7907-e66d-4263-904d-7cfe331caf13",5,15.79,46.88,0.0229,0.0082,0.0238,"Micropolitan",0,0,0,1,0,"West Midlands",10,"Lichfield 008",40,1,171,68,947,0.4,0.4688,0.1579,0.1579,10,0.60233918128655,103,97,1556,1556,1.02868599422799,0.870423053845321,1.20734243840432,1,0,0.616,5,"1.01 to 1.25","Not Significant","0.60-0.79"
"E02006164","Newcastle-under-Lyme 007",NA,382895,349026,53.0382,-2.25655,"9861ff02-f845-437e-9b8c-eaf6cf195155",8,39.83,52.61,0.0187,0.0113,0.0137,"LargeCentralMetro",0,0,0,0,0,"West Midlands",10,"Newcastle-under-Lyme 007",31,1,118,37,671,0.31,0.5261,0.3983,0.3983,10,0.686440677966102,81,67,1557,1557,1.2349436293473,1.03445227472894,1.46279766452087,1,1,0.99,6,"1.01 to 1.25","Significant Increase","0.80-1.00"
"E02006166","Newcastle-under-Lyme 009",NA,385307,347579,53.0253,-2.22051,"08c63987-b514-4e2d-a71d-7029e01f53d9",6,26.06,46,0.0219,0.0031,0.022,"LargeCentralMetro",0,0,0,0,0,"West Midlands",8,"Newcastle-under-Lyme 009",37,1,142,53,837,0.37,0.46,0.2606,0.2606,8,0.626760563380282,89,81,1558,1558,1.09008490010105,0.91663536848105,1.28671474537681,1,0,0.83,6,"1.01 to 1.25","Not Significant","0.80-1.00"
"E02006168","Newcastle-under-Lyme 011",NA,384833,346260,53.0134,-2.22751,"53503344-806b-427a-a42c-330a3daefb1c",9,26.38,50.11,0.087,0.0319,0.0509,"LargeCentralMetro",0,0,0,0,0,"West Midlands",8,"Newcastle-under-Lyme 011",43,1,163,70,936,0.43,0.5011,0.2638,0.2638,8,0.570552147239264,93,92,1559,1559,1.02492498264218,0.865132864519706,1.20555446115017,1,0,0.597,4,"1.01 to 1.25","Not Significant","0.40-0.59"
"E02006170","Newcastle-under-Lyme 013",NA,377020,345075,53.0025,-2.34388,"b7a4c924-dccf-4776-8af6-ac93b444f7d7",6,10.94,52.83,0.0075,0.0054,0.0203,"MediumMetro",0,1,0,0,0,"West Midlands",10,"Newcastle-under-Lyme 013",65,1,128,83,619,0.65,0.5283,0.1094,0.1094,10,0.3515625,45,73,1560,1560,0.727880852498657,0.593985377116092,0.88270618830826,-2,-1,0.001,1,"0.51 to 0.75","Significant Decrease","<0.01"
"E02006172","Newcastle-under-Lyme 015",NA,383680,344251,52.9953,-2.2446,"2b405ba9-28eb-4204-8978-01e1ec10991b",4,21.18,49.82,0.0849,0.0086,0.0263,"LargeCentralMetro",0,0,0,0,0,"West Midlands",9,"Newcastle-under-Lyme 015",33.79,2,255,86,1357,0.3379,0.4982,0.2118,0.2118,9,0.662745098039216,169,145,1561,1561,1.12423442100488,0.97909325906754,1.28475244433482,1,0,0.951,6,"1.01 to 1.25","Not Significant","0.80-1.00"
"E02006174","South Staffordshire 001",NA,392034,314780,52.7306,-2.1194,"eb560092-571d-418c-8997-a198394bf0e7",3,12.5,72.14,0.0106,0.0035,0.0196,"Micropolitan",0,0,0,1,0,"West Midlands",10,"South Staffordshire 001",15,1,40,6,140,0.15,0.7214,0.125,0.125,10,0.85,34,23,1562,1562,1.04206947339042,0.814658717334568,1.31392729389764,1,0,0.608,5,"1.01 to 1.25","Not Significant","0.60-0.79"
"E02006182","South Staffordshire 009",NA,385061,303190,52.6263,-2.22213,"d44b39a1-ee2f-463e-9b96-1eb0b39b680e",3,17.91,50.21,0.0466,0.006,0.0336,"LargeCentralMetro",0,0,0,0,0,"West Midlands",10,"South Staffordshire 009",43,1,201,86,952,0.43,0.5021,0.1791,0.1791,10,0.572139303482587,115,114,1563,1563,0.987653151579174,0.842327415029726,1.15077359207503,-1,0,0.421,4,"0.76 to 0.99","Not Significant","0.40-0.59"
"E02006186","South Staffordshire 013",NA,384887,292729,52.5322,-2.22421,"6a528cc1-a0f3-4887-bd7f-9bdd5dec45b1",4,16.43,49.66,0.0307,0.0073,0.0222,"LargeCentralMetro",0,0,0,0,0,"West Midlands",5,"South Staffordshire 013",41,1,140,57,870,0.41,0.4966,0.1643,0.1643,5,0.592857142857143,83,79,1564,1564,0.998009374631265,0.83384407860121,1.18501568362794,-1,0,0.472,4,"0.76 to 0.99","Not Significant","0.40-0.59"
"E02006187","South Staffordshire 014",NA,384984,285056,52.4632,-2.22244,"c9f1d48d-e317-4a03-b94f-3e295ec9b1e8",6,9.76,46.85,0.0128,0.0041,0.0229,"MediumMetro",0,1,0,0,0,"West Midlands",6,"South Staffordshire 014",29,1,82,24,540,0.29,0.4685,0.0976,0.0976,6,0.707317073170732,58,47,1565,1565,1.03139180723229,0.837594187134171,1.25681042246546,1,0,0.597,4,"1.01 to 1.25","Not Significant","0.40-0.59"
"E02006190","Stafford 003",NA,390421,333922,52.9027,-2.14385,"9353a98f-2545-4973-b806-fd35fce35bed",6,14.08,49.09,0.0149,0.0042,0.0208,"LargeCentralMetro",0,0,0,0,0,"West Midlands",3,"Stafford 003",53,1,206,109,772,0.53,0.4909,0.1408,0.1408,3,0.470873786407767,97,117,1566,1566,0.85205333820601,0.721549571087251,0.999219750780769,-1,-1,0.024,2,"0.76 to 0.99","Significant Decrease","0.01-0.20"
"E02006193","Stafford 006",NA,389919,327506,52.845,-2.15112,"f24ec378-76d8-420f-a833-d7bf6333df96",4,17.95,49.3,0.0494,0.012,0.0231,"LargeCentralMetro",0,0,0,0,0,"West Midlands",5,"Stafford 006",43,1,156,67,931,0.43,0.493,0.1795,0.1795,5,0.57051282051282,89,88,1567,1567,0.98221632618586,0.824954054283972,1.16067201603255,-1,0,0.401,4,"0.76 to 0.99","Not Significant","0.40-0.59"
"E02006198","Stafford 011",NA,396550,323717,52.811,-2.05262,"4e3e381d-dc34-4848-8c8e-6ba5ef57fa47",2,7.81,49.65,0.0547,0.0093,0.0245,"LargeCentralMetro",0,0,0,0,0,"West Midlands",6,"Stafford 011",39,1,128,50,868,0.39,0.4965,0.0781,0.0781,6,0.609375,78,73,1568,1568,0.966669830140379,0.802288359147377,1.1548719672399,-1,0,0.34,3,"0.76 to 0.99","Not Significant","0.20-0.39"
"E02006199","Stafford 012",NA,386407,323371,52.8077,-2.20309,"2f537236-6ed2-4d7b-9f36-533e8a412649",4,15.74,51.01,0.0364,0.0107,0.0214,"LargeCentralMetro",0,0,0,0,0,"West Midlands",1,"Stafford 012",41,1,108,44,843,0.41,0.5101,0.1574,0.1574,1,0.592592592592593,64,61,1569,1569,0.969981218316553,0.796916491394662,1.16951347910588,-1,0,0.358,3,"0.76 to 0.99","Not Significant","0.20-0.39"
"E02006200","Stafford 013",NA,391567,321247,52.7887,-2.12648,"93da0945-f38c-4f85-a913-44b16e6a649b",6,46.67,52.67,0.0157,0.0176,0.0339,"LargeCentralMetro",0,0,0,0,0,"West Midlands",6,"Stafford 013",24,1,45,11,300,0.24,0.5267,0.4667,0.4667,6,0.755555555555556,34,26,1570,1570,1.26900069945816,1.01038116748374,1.57367073820349,2,1,0.98,6,"1.26 to 1.50","Significant Increase","0.80-1.00"
"E02006201","Stafford 014",NA,396975,319186,52.7703,-2.04627,"79128b1c-6de6-4754-8f30-969008bbcfc3",1,9.22,52.73,0.0456,0.0071,0.0302,"LargeCentralMetro",0,0,0,0,0,"West Midlands",7,"Stafford 014",54,2,412,222,2598,0.54,0.5273,0.0922,0.0922,7,0.461165048543689,190,234,1571,1571,0.812256685137741,0.713292328884999,0.921031263440824,-1,-1,0.001,1,"0.76 to 0.99","Significant Decrease","<0.01"
"E02006204","Staffordshire Moorlands 001",NA,401396,363053,53.1646,-1.98057,"c1744bda-0909-42f7-b9d5-9ff87279e9b3",7,21,48.83,0.006,0.002,0.014,"LargeCentralMetro",0,0,0,0,0,"West Midlands",6,"Staffordshire Moorlands 001",25,1,100,25,383,0.25,0.4883,0.21,0.21,6,0.75,75,57,1572,1572,1.19142666265767,0.986756262022091,1.42610527140817,1,0,0.965,6,"1.01 to 1.25","Not Significant","0.80-1.00"
"E02006207","Staffordshire Moorlands 004",NA,387147,357944,53.1185,-2.19349,"335307ef-d73a-41a8-b8c0-1fbccabc1ba0",7,19.27,46.12,0.0056,0.0006,0.0101,"LargeCentralMetro",0,0,0,0,0,"West Midlands",7,"Staffordshire Moorlands 004",37,1,192,71,774,0.37,0.4612,0.1927,0.1927,7,0.630208333333333,121,109,1573,1573,1.08706195850733,0.929834728605978,1.26317448077086,1,0,0.848,6,"1.01 to 1.25","Not Significant","0.80-1.00"
"E02006209","Staffordshire Moorlands 006",NA,397997,353349,53.0774,-2.03135,"48e4eed5-8bf1-4446-93e2-1238df378bb9",5,13.94,51.07,0.0065,0.0021,0.0079,"LargeCentralMetro",0,0,0,0,0,"West Midlands",8,"Staffordshire Moorlands 006",43,1,165,71,797,0.43,0.5107,0.1394,0.1394,8,0.56969696969697,94,94,1574,1574,0.982983060152042,0.828763339482193,1.15749769870086,-1,0,0.403,4,"0.76 to 0.99","Not Significant","0.40-0.59"
"E02006214","Staffordshire Moorlands 011",NA,399450,344372,52.9967,-2.00964,"b3dc7b54-6ece-4e4e-ac30-a470e19e17e5",5,14.14,50.88,0.0131,0.0008,0.0128,"LargeCentralMetro",0,0,0,0,0,"West Midlands",8,"Staffordshire Moorlands 011",53.69,2,297,159,1757,0.5369,0.5088,0.1414,0.1414,8,0.464646464646465,138,168,1575,1575,0.849787554948273,0.734630374370357,0.977752307298306,-1,-1,0.011,2,"0.76 to 0.99","Significant Decrease","0.01-0.20"
"E02006217","Tamworth 001",NA,422986,305550,52.6472,-1.66169,"ba9706f8-3619-4374-afdd-009a04f92b3e",7,23.66,49.38,0.0125,0.0047,0.0203,"LargeCentralMetro",0,0,0,0,0,"West Midlands",10,"Tamworth 001",25,1,131,33,648,0.25,0.4938,0.2366,0.2366,10,0.748091603053435,98,74,1576,1576,1.2371240081439,1.04248794566977,1.45753649125098,1,1,0.993,6,"1.01 to 1.25","Significant Increase","0.80-1.00"
"E02006220","Tamworth 004",NA,422266,303791,52.6314,-1.67245,"27a80bc0-3143-4ee8-bf04-43423da504a2",7,32.39,45.21,0.011,0.0031,0.0241,"LargeCentralMetro",0,0,0,0,0,"West Midlands",8,"Tamworth 004",31,1,176,55,794,0.31,0.4521,0.3239,0.3239,8,0.6875,121,100,1577,1577,1.19544266352654,1.02304625179757,1.38846761801058,1,1,0.988,6,"1.01 to 1.25","Significant Increase","0.80-1.00"
"E02006226","Tamworth 010",NA,422820,300512,52.6019,-1.66449,"8ca74da5-4f3b-499a-958f-a13a7fb138aa",4,26.65,49.08,0.0104,0.0065,0.0199,"LargeCentralMetro",0,0,0,0,0,"West Midlands",10,"Tamworth 010",23.31,2,319,74,1461,0.2331,0.4908,0.2665,0.2665,10,0.768025078369906,245,181,1578,1578,1.30282475205883,1.15695011375708,1.46191667016365,2,1,1,6,"1.26 to 1.50","Significant Increase","0.80-1.00"
"E02006230","Babergh 004",NA,602130,246141,52.0767,0.948225,"42b60263-a368-4e21-8749-ba55d1203a84",6,8.97,46.06,0.0108,0.0115,0.0197,"MediumMetro",0,1,0,0,0,"East of England",8,"Babergh 004",40,1,145,58,749,0.4,0.4606,0.0897,0.0897,8,0.6,87,82,1579,1579,0.983922532346491,0.822736661719418,1.16746359634431,-1,0,0.41,4,"0.76 to 0.99","Not Significant","0.40-0.59"
"E02006233","Babergh 007",NA,587086,241710,52.0422,0.726548,"d46f5feb-6894-4cd1-869d-528358ee9070",9,37.14,51.09,0.017,0.005,0.0258,"LargeFringeMetro",1,0,0,0,0,"East of England",8,"Babergh 007",25,1,105,26,685,0.25,0.5109,0.3714,0.3714,8,0.752380952380952,79,60,1580,1580,1.30839440274882,1.09236716143627,1.55453167230547,2,1,0.998,6,"1.26 to 1.50","Significant Increase","0.80-1.00"
"E02006234","Babergh 008",NA,589445,240324,52.029,0.760136,"bcfb3161-356b-4cdd-8a33-d286af5b6d8b",8,23.35,50.39,0.0089,0.0046,0.0154,"LargeFringeMetro",1,0,0,0,0,"East of England",10,"Babergh 008",40,1,197,79,1397,0.4,0.5039,0.2335,0.2335,10,0.598984771573604,118,112,1581,1581,1.08212688077146,0.926629681464126,1.2561029176368,1,0,0.836,6,"1.01 to 1.25","Not Significant","0.80-1.00"
"E02006236","Babergh 010",NA,608147,236968,51.9921,1.03032,"4a09de28-f4b2-4922-b45d-da799f10c98e",4,12.02,51.74,0.0066,0.0024,0.0164,"MediumMetro",0,1,0,0,0,"East of England",8,"Babergh 010",50,1,183,92,922,0.5,0.5174,0.1202,0.1202,8,0.497267759562842,91,104,1582,1582,0.866038119880802,0.728923375568463,1.02137499663159,-1,0,0.043,2,"0.76 to 0.99","Not Significant","0.01-0.20"
"E02006237","Babergh 011",NA,618352,236600,51.9849,1.17848,"e9c5a70e-9ea1-4756-a95b-bc1dc627ee2c",6,12.75,48.79,0.0103,0.0088,0.0197,"MediumMetro",0,1,0,0,0,"East of England",10,"Babergh 011",54,1,102,55,455,0.54,0.4879,0.1275,0.1275,10,0.46078431372549,47,58,1583,1583,0.852263315930956,0.692807292371585,1.03730627333164,-1,0,0.054,2,"0.76 to 0.99","Not Significant","0.01-0.20"
"E02006238","West Suffolk 002",NA,577852,282510,52.4117,0.613492,"045986ee-11e2-4b56-ac6c-31c1f28b6123",7,19.72,50.11,0.0111,0.0125,0.033,"SmallMetro",0,0,1,0,0,"East of England",10,"West Suffolk 002",30,1,71,21,449,0.3,0.5011,0.1972,0.1972,10,0.704225352112676,50,40,1584,1584,1.14118042390584,0.923205614090101,1.39524553643092,1,0,0.885,6,"1.01 to 1.25","Not Significant","0.80-1.00"
"E02006241","West Suffolk 004",NA,572205,275755,52.3528,0.527089,"2cff6945-8292-410f-8c4d-0c74a3b95631",8,21.82,51.42,0.0204,0.0196,0.0536,"LargeFringeMetro",1,0,0,0,0,"East of England",4,"West Suffolk 004",35,1,165,58,1130,0.35,0.5142,0.2182,0.2182,4,0.648484848484848,107,94,1585,1585,1.09624168437457,0.929939138021462,1.28364170153078,1,0,0.859,6,"1.01 to 1.25","Not Significant","0.80-1.00"
"E02006245","Ipswich 001",NA,615160,247716,52.086,1.13906,"500d3019-d68c-43a4-9d06-77b611d9e7ed",9,39.06,49.16,0.0278,0.0272,0.0725,"LargeCentralMetro",0,0,0,0,0,"East of England",10,"Ipswich 001",25,1,64,16,419,0.25,0.4916,0.3906,0.3906,10,0.75,48,36,1586,1586,1.24985415993803,1.01112787507514,1.52805627651494,1,1,0.981,6,"1.01 to 1.25","Significant Increase","0.80-1.00"
"E02006247","Ipswich 003",NA,613958,246139,52.0723,1.12056,"803929dd-2a4d-4277-8455-31dcc715a61b",8,26.63,50.68,0.036,0.0311,0.0668,"LargeCentralMetro",0,0,0,0,0,"East of England",8,"Ipswich 003",37,1,169,63,959,0.37,0.5068,0.2663,0.2663,8,0.627218934911243,106,96,1587,1587,1.07446178567771,0.911735000183598,1.25778054971387,1,0,0.797,5,"1.01 to 1.25","Not Significant","0.60-0.79"
"E02006248","Ipswich 004",NA,618403,246254,52.0716,1.18538,"1c039312-7d26-4b78-9f1e-274803e5bed3",8,20.49,49.91,0.0659,0.0204,0.0587,"LargeCentralMetro",0,0,0,0,0,"East of England",7,"Ipswich 004",52,1,244,127,1679,0.52,0.4991,0.2049,0.2049,7,0.479508196721311,117,138,1588,1588,0.876596623830461,0.750687092821226,1.01745317497622,-1,0,0.041,2,"0.76 to 0.99","Not Significant","0.01-0.20"
"E02006252","Ipswich 008",NA,618524,244398,52.0549,1.18596,"ba0e3373-74fa-4115-ad4a-652a59de6256",8,18.82,46.57,0.0856,0.0298,0.069,"LargeCentralMetro",0,0,0,0,0,"East of England",7,"Ipswich 008",49,1,287,141,1795,0.49,0.4657,0.1882,0.1882,7,0.508710801393728,146,163,1589,1589,0.904716223003327,0.783521421788521,1.03924446188221,-1,0,0.077,2,"0.76 to 0.99","Not Significant","0.01-0.20"
"E02006253","Ipswich 009",NA,619189,245257,52.0623,1.19619,"91b5a78a-6ec6-4730-a3b8-9002170eb93e",6,25.32,52.03,0.06,0.0196,0.0433,"LargeCentralMetro",0,0,0,0,0,"East of England",5,"Ipswich 009",38,1,154,59,1011,0.38,0.5203,0.2532,0.2532,5,0.616883116883117,95,87,1590,1590,1.0538174068329,0.888196270629059,1.24130288044874,1,0,0.715,5,"1.01 to 1.25","Not Significant","0.60-0.79"
"E02006254","Ipswich 010",NA,614714,244063,52.0533,1.13026,"e5106d36-d250-4ba3-87bb-7cceb22e7480",10,35,46.33,0.0612,0.0524,0.0819,"LargeCentralMetro",0,0,0,0,0,"East of England",7,"Ipswich 010",31,1,100,31,723,0.31,0.4633,0.35,0.35,7,0.69,69,57,1591,1591,1.16739393221862,0.96551409203353,1.39899492362569,1,0,0.944,6,"1.01 to 1.25","Not Significant","0.80-1.00"
"E02006256","Ipswich 012",NA,616031,242827,52.0417,1.14866,"75e217d8-84c9-42b8-810d-82cd8c536275",9,28.68,48.61,0.0343,0.0586,0.0832,"LargeCentralMetro",0,0,0,0,0,"East of England",6,"Ipswich 012",27,1,129,35,683,0.27,0.4861,0.2868,0.2868,6,0.728682170542636,94,73,1592,1592,1.1857004767247,0.995718573477974,1.40138800573616,1,0,0.972,6,"1.01 to 1.25","Not Significant","0.80-1.00"
"E02006258","Ipswich 014",NA,619679,241795,52.0311,1.2011,"513053c9-e985-4460-b0ea-c9b5b5a5ae6a",9,42.45,49.58,0.0728,0.0414,0.0776,"LargeCentralMetro",0,0,0,0,0,"East of England",6,"Ipswich 014",36,1,106,38,708,0.36,0.4958,0.4245,0.4245,6,0.641509433962264,68,60,1593,1593,1.14344569115169,0.947391969499611,1.36800361143729,1,0,0.917,6,"1.01 to 1.25","Not Significant","0.80-1.00"
"E02006261","Mid Suffolk 001",NA,617004,272471,52.3075,1.18177,"b2827270-22a2-428f-b579-1c5d4a5f6f09",4,7.91,49.39,0.0096,0.0029,0.0129,"SmallMetro",0,0,1,0,0,"East of England",8,"Mid Suffolk 001",55,1,139,76,982,0.55,0.4939,0.0791,0.0791,8,0.453237410071942,63,79,1594,1594,0.840696951925392,0.694771199451795,1.00808246634761,-1,0,0.03,2,"0.76 to 0.99","Not Significant","0.01-0.20"
"E02006263","Mid Suffolk 003",NA,623593,270077,52.2833,1.27667,"db3eec46-7ef7-4af6-aac5-029a4ec37e4d",2,22.95,43.23,0.0033,0.0042,0.0108,"SmallMetro",0,0,1,0,0,"East of England",8,"Mid Suffolk 003",59,1,61,36,266,0.59,0.4323,0.2295,0.2295,8,0.40983606557377,25,35,1595,1595,0.90697173964262,0.719710048555743,1.12773982115115,-1,0,0.181,2,"0.76 to 0.99","Not Significant","0.01-0.20"
"E02006264","Mid Suffolk 004",NA,596785,266652,52.2628,0.88222,"5bd244b8-1dd1-4aa3-81ea-f08f5dc10022",6,18.25,51.71,0.005,0.0042,0.0149,"SmallMetro",0,0,1,0,0,"East of England",6,"Mid Suffolk 004",36,1,263,95,1754,0.36,0.5171,0.1825,0.1825,6,0.638783269961977,168,149,1596,1596,1.09843830181671,0.956530307188595,1.25538169090004,1,0,0.906,6,"1.01 to 1.25","Not Significant","0.80-1.00"
"E02006267","Mid Suffolk 007",NA,615574,259797,52.1943,1.15275,"fe001474-6b89-4013-8d8f-ffda41e86f99",4,13.43,49.48,0.0044,0.0041,0.0156,"MediumMetro",0,1,0,0,0,"East of England",8,"Mid Suffolk 007",69,1,134,92,679,0.69,0.4948,0.1343,0.1343,8,0.313432835820896,42,76,1597,1597,0.691020505255974,0.563531256563336,0.838445100814044,-2,-1,0,1,"0.51 to 0.75","Significant Decrease","<0.01"
"E02006274","West Suffolk 006",NA,588991,274844,52.3391,0.772749,"d9f24224-9547-4d80-a7e7-dc9e89b91d56",6,22.86,51.67,0.0099,0.0092,0.0186,"SmallMetro",0,0,1,0,0,"East of England",8,"West Suffolk 006",46,1,35,16,240,0.46,0.5167,0.2286,0.2286,8,0.542857142857143,19,20,1598,1598,1.0259553556895,0.798667244207305,1.2977814041834,1,0,0.557,4,"1.01 to 1.25","Not Significant","0.40-0.59"
"E02006278","West Suffolk 011",NA,585290,265307,52.2547,0.713248,"03086c84-4f5c-4041-8867-fcd4dc2ccfc4",7,18.2,51.8,0.0314,0.0204,0.0507,"LargeFringeMetro",1,0,0,0,0,"East of England",3,"West Suffolk 011",43,2,555,239,2639,0.43,0.518,0.182,0.182,3,0.569369369369369,316,315,1599,1599,0.996677099392045,0.897425390408535,1.10383069285507,-1,0,0.464,4,"0.76 to 0.99","Not Significant","0.40-0.59"
"E02006282","West Suffolk 017",NA,577211,253242,52.149,0.588712,"18e6cd9a-5e23-479f-a0d1-84f14af3e307",4,21.74,48.07,0.0057,0.0012,0.0113,"Noncore",0,0,0,0,1,"East of England",8,"West Suffolk 017",37,1,115,43,570,0.37,0.4807,0.2174,0.2174,8,0.626086956521739,72,65,1600,1600,1.07786880208376,0.892342249175023,1.29054495447463,1,0,0.773,5,"1.01 to 1.25","Not Significant","0.60-0.79"
"E02006284","West Suffolk 019",NA,566768,246321,52.0901,0.432844,"3ab41a65-2a83-4fa0-bb12-ca49c8e60685",8,26.32,49.82,0.031,0.0087,0.0261,"LargeFringeMetro",1,0,0,0,0,"East of England",5,"West Suffolk 019",38,1,114,43,566,0.38,0.4982,0.2632,0.2632,5,0.62280701754386,71,65,1601,1601,1.10330503721276,0.916328769418803,1.31710239818004,1,0,0.845,6,"1.01 to 1.25","Not Significant","0.80-1.00"
"E02006286","West Suffolk 020",NA,567904,245159,52.0793,0.448838,"de98ce6a-5192-4474-b3cd-7ccdc55d42f8",8,15.31,51.64,0.0316,0.0128,0.0233,"LargeFringeMetro",1,0,0,0,0,"East of England",5,"West Suffolk 020",33,1,196,65,1373,0.33,0.5164,0.1531,0.1531,5,0.668367346938776,131,111,1602,1602,1.13135323257264,0.970790003250244,1.31082311884737,1,0,0.942,6,"1.01 to 1.25","Not Significant","0.80-1.00"
"E02006288","East Suffolk 017",NA,629071,263585,52.2228,1.35243,"36653ee0-a078-4907-9f00-8a7e4102a70e",3,10.49,50.46,0.0117,0.0028,0.0169,"SmallMetro",0,0,1,0,0,"East of England",6,"East Suffolk 017",54,1,162,87,1096,0.54,0.5046,0.1049,0.1049,6,0.462962962962963,75,92,1603,1603,0.842612513393119,0.702676576226411,1.00213166932541,-1,0,0.026,2,"0.76 to 0.99","Not Significant","0.01-0.20"
"E02006290","East Suffolk 019",NA,645228,260250,52.186,1.58609,"043040c8-3051-4dd7-b9cc-cc3490468117",5,20.25,51.01,0.0143,0.003,0.0173,"SmallMetro",0,0,1,0,0,"East of England",10,"East Suffolk 019",42,1,79,33,396,0.42,0.5101,0.2025,0.2025,10,0.582278481012658,46,45,1604,1604,1.032049520675,0.835728394619468,1.26055796987114,1,0,0.597,4,"1.01 to 1.25","Not Significant","0.40-0.59"
"E02006294","East Suffolk 022",NA,626487,248792,52.0911,1.30481,"b0fc1f30-7df8-4b1f-845c-d00419db4a28",6,14.83,50.77,0.0122,0.0037,0.027,"LargeCentralMetro",0,0,0,0,0,"East of England",3,"East Suffolk 022",54,1,290,157,1936,0.54,0.5077,0.1483,0.1483,3,0.458620689655172,133,164,1605,1605,0.831443335650387,0.716909653778158,0.958960011597978,-1,-1,0.006,1,"0.76 to 0.99","Significant Decrease","<0.01"
"E02006295","East Suffolk 024",NA,620705,245703,52.0657,1.21856,"2b9cc37b-ce6d-4a0c-889e-14a94cba9984",6,10.1,50.49,0.0255,0.0105,0.0287,"LargeCentralMetro",0,0,0,0,0,"East of England",10,"East Suffolk 024",39,1,287,112,1836,0.39,0.5049,0.101,0.101,10,0.609756097560976,175,163,1606,1606,1.03693541425086,0.904827687087217,1.18283433020874,1,0,0.69,5,"1.01 to 1.25","Not Significant","0.60-0.79"
"E02006300","East Suffolk 029",NA,630010,236499,51.9793,1.34788,"130bb8a0-a4a3-49a7-99be-b7814372a99f",9,29.81,48.16,0.015,0.0111,0.0246,"LargeCentralMetro",0,0,0,0,0,"East of England",8,"East Suffolk 029",25,1,208,52,1221,0.25,0.4816,0.2981,0.2981,8,0.75,156,118,1607,1607,1.2795798774074,1.10966915041549,1.46805874804314,2,1,1,6,"1.26 to 1.50","Significant Increase","0.80-1.00"
"E02006303","East Suffolk 002",NA,653842,295036,52.4941,1.73807,"080619ab-eff5-48b8-926b-e56a2ef287c2",9,37.33,50.91,0.0076,0.0044,0.0127,"LargeFringeMetro",1,0,0,0,0,"East of England",5,"East Suffolk 002",33.14,2,292,97,1697,0.3314,0.5091,0.3733,0.3733,5,0.667808219178082,195,166,1608,1608,1.19639294978625,1.05295917953297,1.35377634956578,1,1,0.997,6,"1.01 to 1.25","Significant Increase","0.80-1.00"
"E02006306","East Suffolk 005",NA,652797,292436,52.4713,1.72074,"b0349f64-03ce-4c01-9d8c-66df8f40c555",9,38.18,46.06,0.0073,0.0069,0.0165,"LargeFringeMetro",1,0,0,0,0,"East of England",3,"East Suffolk 005",43,1,110,47,558,0.43,0.4606,0.3818,0.3818,3,0.572727272727273,63,62,1609,1609,1.1214586435331,0.929517988634169,1.34109552659476,1,0,0.881,6,"1.01 to 1.25","Not Significant","0.80-1.00"
"E02006311","East Suffolk 010",NA,643030,290820,52.4612,1.57607,"f343c7f0-a2d6-46b9-95ce-2d24135064cd",8,21.27,50.57,0.0137,0.001,0.0154,"LargeFringeMetro",1,0,0,0,0,"East of England",4,"East Suffolk 010",38.49,2,268,103,1657,0.3849,0.5057,0.2127,0.2127,4,0.615671641791045,165,152,1610,1610,1.08280693563841,0.943398918456232,1.23690593839306,1,0,0.868,6,"1.01 to 1.25","Not Significant","0.80-1.00"
"E02006314","East Suffolk 013",NA,633939,284587,52.4093,1.43816,"50d01302-476a-412f-b6a4-67cc8e64db9f",6,20.65,50.68,0.0205,0.0026,0.0138,"SmallMetro",0,0,1,0,0,"East of England",6,"East Suffolk 013",30,1,184,55,1034,0.3,0.5068,0.2065,0.2065,6,0.701086956521739,129,104,1611,1611,1.18012838576143,1.01100387327195,1.36939414189081,1,1,0.982,6,"1.01 to 1.25","Significant Increase","0.80-1.00"
"E02006325","Elmbridge 009",NA,515788,165327,51.3752,-0.33779,"ce1e5919-1c14-4b64-b06f-b45feb40d132",2,12.5,45.63,0.0918,0.005,0.0608,"LargeCentralMetro",0,0,0,0,0,"South East",6,"Elmbridge 009",69,1,208,144,1317,0.69,0.4563,0.125,0.125,6,0.307692307692308,64,118,1612,1612,0.637488724989231,0.530910122434138,0.758966010351212,-2,-1,0,1,"0.51 to 0.75","Significant Decrease","<0.01"
"E02006328","Elmbridge 012",NA,507791,164951,51.3734,-0.45276,"a85bfd2a-1042-403a-8f7d-bbdad8ea7400",3,9.66,48.21,0.0601,0.0144,0.062,"LargeCentralMetro",0,0,0,0,0,"South East",8,"Elmbridge 012",71,1,207,147,1282,0.71,0.4821,0.0966,0.0966,8,0.289855072463768,60,117,1613,1613,0.618601769701289,0.514004829936361,0.737987562641258,-2,-1,0,1,"0.51 to 0.75","Significant Decrease","<0.01"
"E02006329","Elmbridge 013",NA,513282,164290,51.3664,-0.37411,"79364241-d8e7-4fb9-9f2e-8c06c5e7eb7e",2,21.74,52.83,0.0658,0.0096,0.0621,"LargeCentralMetro",0,0,0,0,0,"South East",10,"Elmbridge 013",52,1,207,108,1077,0.52,0.5283,0.2174,0.2174,10,0.478260869565217,99,117,1614,1614,0.863887677178903,0.732109853806282,1.01242030603981,-1,0,0.035,2,"0.76 to 0.99","Not Significant","0.01-0.20"
"E02006336","Epsom and Ewell 002",NA,520376,164100,51.3632,-0.27232,"b45b83a4-7f67-4033-b5a2-f0b74c4cf191",5,26.81,52.58,0.1121,0.0294,0.0757,"LargeCentralMetro",0,0,0,0,0,"South East",5,"Epsom and Ewell 002",35,1,138,48,892,0.35,0.5258,0.2681,0.2681,5,0.652173913043478,90,78,1615,1615,1.0684606595154,0.895474002281193,1.26512344168302,1,0,0.76,5,"1.01 to 1.25","Not Significant","0.60-0.79"
"E02006341","Epsom and Ewell 007",NA,520732,161334,51.3383,-0.26815,"f7281a6f-4aa0-4760-adab-93d353c86a29",6,13.7,23.42,0.1026,0.0268,0.0722,"LargeCentralMetro",0,0,0,0,0,"South East",6,"Epsom and Ewell 007",51.19,2,467,239,3092,0.5119,0.2342,0.137,0.137,6,0.488222698072805,228,265,1616,1616,0.869789624712385,0.771396167354782,0.977168068705009,-1,-1,0.009,1,"0.76 to 0.99","Significant Decrease","<0.01"
"E02006346","Guildford 003",NA,509775,153443,51.2696,-0.4278,"95ae7615-0f21-4f76-b6ef-008b6125fed6",1,9.24,46.53,0.0179,0.0065,0.0251,"LargeCentralMetro",0,0,0,0,0,"South East",10,"Guildford 003",59,1,249,147,1543,0.59,0.4653,0.0924,0.0924,10,0.409638554216867,102,141,1617,1617,0.763121765080338,0.649028589047072,0.891361482425627,-1,-1,0,1,"0.76 to 0.99","Significant Decrease","<0.01"
"E02006350","Guildford 007",NA,499866,151826,51.2569,-0.57025,"56db5962-5125-4d0d-9770-5d427c6ec74a",6,23.64,49.3,0.0714,0.0155,0.0547,"LargeCentralMetro",0,0,0,0,0,"South East",10,"Guildford 007",46,1,110,51,712,0.46,0.493,0.2364,0.2364,10,0.536363636363636,59,62,1618,1618,0.970552073739523,0.798220408370525,1.16895016347515,-1,0,0.36,3,"0.76 to 0.99","Not Significant","0.20-0.39"
"E02006354","Guildford 011",NA,502003,150361,51.2433,-0.54005,"9eb533f6-6912-4f96-bbca-5769c510fe61",3,9.18,49.19,0.0757,0.0092,0.0592,"LargeCentralMetro",0,0,0,0,0,"South East",10,"Guildford 011",67,1,294,197,1986,0.67,0.4919,0.0918,0.0918,10,0.329931972789116,97,167,1619,1619,0.646602323827428,0.549974779637656,0.755152458439212,-2,-1,0,1,"0.51 to 0.75","Significant Decrease","<0.01"
"E02006355","Guildford 012",NA,497319,150024,51.2411,-0.60722,"1e3d3256-e8ac-472b-a2b6-702498d28c8e",5,40,50.7,0.1907,0.0411,0.0746,"LargeCentralMetro",0,0,0,0,0,"South East",8,"Guildford 012",17,1,70,12,355,0.17,0.507,0.4,0.4,8,0.828571428571429,58,40,1620,1620,1.27606701065948,1.03973045441827,1.55023706993299,2,1,0.99,6,"1.26 to 1.50","Significant Increase","0.80-1.00"
"E02006357","Guildford 014",NA,489556,149363,51.2364,-0.71857,"0d4b04a2-2b17-4662-bb7d-67e119a91618",3,22.34,51.87,0.0465,0.0118,0.032,"LargeCentralMetro",0,0,0,0,0,"South East",10,"Guildford 014",39,1,197,77,937,0.39,0.5187,0.2234,0.2234,10,0.609137055837564,120,112,1621,1621,1.04457818765724,0.892841578066029,1.21463319394577,1,0,0.696,5,"1.01 to 1.25","Not Significant","0.60-0.79"
"E02006358","Guildford 015",NA,498745,149664,51.2376,-0.5869,"7418b2e1-d30a-49a5-844f-e5953396790a",3,12.18,49.9,0.1538,0.024,0.0779,"LargeCentralMetro",0,0,0,0,0,"South East",5,"Guildford 015",60,1,156,94,1044,0.6,0.499,0.1218,0.1218,5,0.397435897435897,62,88,1622,1622,0.735985482486834,0.607853289705463,0.883033277071332,-2,-1,0.001,1,"0.51 to 0.75","Significant Decrease","<0.01"
"E02006377","Reigate and Banstead 003",NA,523076,158818,51.3152,-0.23538,"083e3fea-872b-4628-be51-64330fb3d550",5,19.79,50.83,0.0794,0.0105,0.0563,"LargeCentralMetro",0,0,0,0,0,"South East",10,"Reigate and Banstead 003",36,1,192,69,1200,0.36,0.5083,0.1979,0.1979,10,0.640625,123,109,1623,1623,1.072510213372,0.916641003971208,1.24723916852216,1,0,0.802,6,"1.01 to 1.25","Not Significant","0.80-1.00"
"E02006384","Reigate and Banstead 010",NA,527373,151070,51.2446,-0.17652,"60319f26-de1c-43d8-8843-22c5846be8b7",4,9.06,54.26,0.1361,0.0448,0.0657,"LargeCentralMetro",0,0,0,0,0,"South East",8,"Reigate and Banstead 010",62,1,265,164,1703,0.62,0.5426,0.0906,0.0906,8,0.381132075471698,101,150,1624,1624,0.710165051448624,0.603682860306949,0.829892868787889,-2,-1,0,1,"0.51 to 0.75","Significant Decrease","<0.01"
"E02006391","Reigate and Banstead 017",NA,529797,143520,51.1762,-0.14454,"56cbc9bf-b4a8-40e0-a53f-bcc0178df4f7",2,23.35,50.33,0.0633,0.025,0.0442,"LargeCentralMetro",0,0,0,0,0,"South East",10,"Reigate and Banstead 017",36,1,167,60,910,0.36,0.5033,0.2335,0.2335,10,0.640718562874252,107,95,1625,1625,1.07319225049416,0.909991076416006,1.25716673909693,1,0,0.792,5,"1.01 to 1.25","Not Significant","0.60-0.79"
"E02006395","Runnymede 003",NA,502135,170927,51.4282,-0.53227,"b09da587-4376-457a-aa14-970f68cef971",3,22.5,49.63,0.0966,0.0138,0.0534,"LargeCentralMetro",0,0,0,0,0,"South East",8,"Runnymede 003",47,1,240,113,1207,0.47,0.4963,0.225,0.225,8,0.529166666666667,127,136,1626,1626,0.932984242279232,0.801213057690765,1.08014493206411,-1,0,0.171,2,"0.76 to 0.99","Not Significant","0.01-0.20"
"E02006399","Runnymede 007",NA,504279,165031,51.3748,-0.50317,"b4b5b77b-7409-4dba-89fe-958ab6dd7eab",4,16.02,49,0.08,0.0195,0.0518,"LargeCentralMetro",0,0,0,0,0,"South East",9,"Runnymede 007",65.99,3,337,222,2155,0.6599,0.49,0.1602,0.1602,9,0.341246290801187,115,191,1627,1627,0.67193742166467,0.577288917121628,0.777505631203987,-2,-1,0,1,"0.51 to 0.75","Significant Decrease","<0.01"
"E02006402","Runnymede 010",NA,504846,162621,51.353,-0.49574,"bc4636ff-5ce4-4a92-90e6-497000b3e0c6",2,15.61,50,0.0642,0.0092,0.0434,"LargeCentralMetro",0,0,0,0,0,"South East",10,"Runnymede 010",63,1,269,169,1494,0.63,0.5,0.1561,0.1561,10,0.371747211895911,100,153,1628,1628,0.717783620591741,0.611190536151192,0.837450343663619,-2,-1,0,1,"0.51 to 0.75","Significant Decrease","<0.01"
"E02006405","Spelthorne 003",NA,506091,171885,51.436,-0.4751,"c1b20dee-05ef-4ffa-be59-efaa7a7bff02",2,29.63,45.2,0.1526,0.0289,0.0637,"LargeCentralMetro",0,0,0,0,0,"South East",10,"Spelthorne 003",30,1,81,24,635,0.3,0.452,0.2963,0.2963,10,0.703703703703704,57,46,1629,1629,1.12480760154083,0.917135506799732,1.36554916829842,1,0,0.866,6,"1.01 to 1.25","Not Significant","0.80-1.00"
"E02006409","Spelthorne 007",NA,505501,170387,51.4227,-0.48403,"5e98b606-eed9-4a60-9ccf-c8619d4cc5ac",3,22.01,47.61,0.1,0.0165,0.0493,"LargeCentralMetro",0,0,0,0,0,"South East",7,"Spelthorne 007",36,1,159,57,710,0.36,0.4761,0.2201,0.2201,7,0.641509433962264,102,90,1630,1630,1.06488304985274,0.899781605010727,1.25148211772123,1,0,0.759,5,"1.01 to 1.25","Not Significant","0.60-0.79"
"E02006413","Spelthorne 011",NA,509369,168757,51.4073,-0.42893,"1263d980-7ab5-4de6-b4d2-a6d3f60d07c3",4,10.98,49.22,0.0654,0.0161,0.0544,"LargeCentralMetro",0,0,0,0,0,"South East",10,"Spelthorne 011",55,1,173,95,1030,0.55,0.4922,0.1098,0.1098,10,0.450867052023121,78,98,1631,1631,0.817647985854078,0.683568714287006,0.970226423334028,-1,-1,0.011,2,"0.76 to 0.99","Significant Decrease","0.01-0.20"
"E02006415","Spelthorne 013",NA,507508,166916,51.3911,-0.45623,"d9f36794-d735-464d-b947-37de85b05439",6,9.42,52.23,0.0382,0.0046,0.0383,"LargeCentralMetro",0,0,0,0,0,"South East",10,"Spelthorne 013",55,1,191,105,1011,0.55,0.5223,0.0942,0.0942,10,0.450261780104712,86,108,1632,1632,0.824362875155961,0.693497243068383,0.972620516589084,-1,-1,0.011,2,"0.76 to 0.99","Significant Decrease","0.01-0.20"
"E02006419","Surrey Heath 004",NA,488280,162150,51.3516,-0.73368,"be07945e-de76-4aca-9275-5a2b5ed96986",5,12.07,46.68,0.1117,0.0167,0.0504,"LargeCentralMetro",0,0,0,0,0,"South East",6,"Surrey Heath 004",54,1,290,157,1746,0.54,0.4668,0.1207,0.1207,6,0.458620689655172,133,164,1633,1633,0.822993873717356,0.709240061164228,0.949701490706108,-1,-1,0.004,1,"0.76 to 0.99","Significant Decrease","<0.01"
"E02006421","Surrey Heath 006",NA,493215,160580,51.3367,-0.66325,"ef0b497d-9d78-40de-a367-9b2903179663",2,3.36,47.46,0.0638,0.0193,0.0419,"LargeCentralMetro",0,0,0,0,0,"South East",5,"Surrey Heath 006",64,1,119,76,786,0.64,0.4746,0.0336,0.0336,5,0.361344537815126,43,67,1634,1634,0.700413509325115,0.567944403734628,0.854366570647699,-2,-1,0,1,"0.51 to 0.75","Significant Decrease","<0.01"
"E02006425","Surrey Heath 010",NA,487937,158197,51.3161,-0.73958,"673783c1-8d47-4f05-9e97-424c09a62e46",5,8.14,47.53,0.1563,0.0177,0.0553,"LargeCentralMetro",0,0,0,0,0,"South East",2,"Surrey Heath 010",58,1,258,150,1578,0.58,0.4753,0.0814,0.0814,2,0.418604651162791,108,146,1635,1635,0.753325393307768,0.641584189097911,0.878835411526067,-1,-1,0,1,"0.76 to 0.99","Significant Decrease","<0.01"
"E02006429","Tandridge 002",NA,534561,158380,51.3086,-0.07085,"c3389ab0-9b41-408e-bd92-e79dbd5f0e87",4,16.31,51.06,0.0706,0.0482,0.0728,"LargeCentralMetro",0,0,0,0,0,"South East",5,"Tandridge 002",45,1,233,105,1461,0.45,0.5106,0.1631,0.1631,5,0.549356223175966,128,132,1636,1636,0.931711863364012,0.798681289003075,1.08051033955497,-1,0,0.169,2,"0.76 to 0.99","Not Significant","0.01-0.20"
"E02006433","Tandridge 006",NA,539960,153392,51.2625,0.004609,"704440e2-4ef3-4004-b046-16beb51cee08",1,13.93,50.86,0.0179,0.009,0.0277,"LargeCentralMetro",0,0,0,0,0,"South East",10,"Tandridge 006",45,1,280,126,1919,0.45,0.5086,0.1393,0.1393,10,0.55,154,159,1637,1637,0.948915795764699,0.822831040409122,1.08877658863905,-1,0,0.22,3,"0.76 to 0.99","Not Significant","0.20-0.39"
"E02006447","Waverley 009",NA,482719,144273,51.1917,-0.81765,"98411481-e75e-47aa-92b0-9a164687bba3",3,11.95,46.36,0.0243,0.0081,0.0239,"LargeCentralMetro",0,0,0,0,0,"South East",6,"Waverley 009",63,1,251,158,1415,0.63,0.4636,0.1195,0.1195,6,0.370517928286853,93,142,1638,1638,0.71967565944269,0.610242181632881,0.842896804106375,-2,-1,0,1,"0.51 to 0.75","Significant Decrease","<0.01"
"E02006449","Waverley 011",NA,491490,143106,51.1799,-0.69247,"0d0a1717-f7d2-47c3-9ca5-66cbb82156ba",3,13.79,48.16,0.0155,0.0029,0.0286,"LargeCentralMetro",0,0,0,0,0,"South East",10,"Waverley 011",55,1,174,96,897,0.55,0.4816,0.1379,0.1379,10,0.448275862068966,78,99,1639,1639,0.831518759592832,0.696297641682455,0.985186809283501,-1,-1,0.016,2,"0.76 to 0.99","Significant Decrease","0.01-0.20"
"E02006455","Waverley 017",NA,488266,133847,51.0971,-0.74084,"fec9faa9-890f-4f1b-b0ad-ffe401672bec",4,14.62,51.09,0.0444,0.0114,0.0269,"LargeCentralMetro",0,0,0,0,0,"South East",10,"Waverley 017",58,1,130,75,505,0.58,0.5109,0.1462,0.1462,10,0.423076923076923,55,74,1640,1640,0.820606156780342,0.675147254168674,0.987918544160046,-1,-1,0.018,2,"0.76 to 0.99","Significant Decrease","0.01-0.20"
"E02006458","Woking 003",NA,499357,160356,51.3336,-0.57517,"d59ec284-9908-49cf-87e1-516e6e452a85",3,16.52,49.08,0.0755,0.0125,0.051,"LargeCentralMetro",0,0,0,0,0,"South East",10,"Woking 003",57,1,230,131,1194,0.57,0.4908,0.1652,0.1652,10,0.430434782608696,99,130,1641,1641,0.802222647858811,0.681107442818414,0.938523322703658,-1,-1,0.003,1,"0.76 to 0.99","Significant Decrease","<0.01"
"E02006459","Woking 004",NA,502140,160182,51.3316,-0.53528,"1f10b6eb-8f0c-49c2-af6a-55c14fd6eb66",3,31.3,53.48,0.4996,0.0224,0.0716,"LargeCentralMetro",0,0,0,0,0,"South East",10,"Woking 004",17,1,115,20,604,0.17,0.5348,0.313,0.313,10,0.826086956521739,95,65,1642,1642,1.27959410283326,1.07163438441753,1.51622073070069,2,1,0.997,6,"1.26 to 1.50","Significant Increase","0.80-1.00"
"E02006464","Woking 009",NA,497919,157387,51.3072,-0.59662,"2534faa9-0544-44e9-80fe-dd6aeee734ad",2,16.5,45.01,0.0623,0.0157,0.0461,"LargeCentralMetro",0,0,0,0,0,"South East",8,"Woking 009",49,1,303,148,1464,0.49,0.4501,0.165,0.165,8,0.511551155115512,155,172,1643,1643,0.898986217372561,0.780646890818872,1.03010587416287,-1,0,0.061,2,"0.76 to 0.99","Not Significant","0.01-0.20"
"E02006466","Woking 011",NA,501438,157052,51.3036,-0.54625,"e8b68b0c-3763-472d-9508-f51231c2acba",4,5.58,49.12,0.1242,0.0284,0.0604,"LargeCentralMetro",0,0,0,0,0,"South East",7,"Woking 011",78,1,197,154,1244,0.78,0.4912,0.0558,0.0558,7,0.218274111675127,43,112,1644,1644,0.538173332261769,0.442293659913339,0.648338171928195,-2,-1,0,1,"0.51 to 0.75","Significant Decrease","<0.01"
"E02006468","North Warwickshire 001",NA,427582,305590,52.6474,-1.59376,"ef893b02-3a09-4f37-ac3a-83f582718b12",6,17.78,51.04,0.0075,0.0041,0.0099,"MediumMetro",0,1,0,0,0,"West Midlands",7,"North Warwickshire 001",31,1,225,70,1538,0.31,0.5104,0.1778,0.1778,7,0.688888888888889,155,128,1645,1645,1.13765570440744,0.984414477666705,1.30793940830061,1,0,0.959,6,"1.01 to 1.25","Not Significant","0.80-1.00"
"E02006470","North Warwickshire 003",NA,431448,297023,52.5701,-1.53743,"5ab8fe46-1cce-4c97-8d72-1bf9c1ecf34b",5,25,52.81,0.0135,0.005,0.0178,"LargeCentralMetro",0,0,0,0,0,"West Midlands",4,"North Warwickshire 003",50,1,104,52,551,0.5,0.5281,0.25,0.25,4,0.5,52,59,1646,1646,0.93267658203605,0.763172496250714,1.12846279400338,-1,0,0.226,3,"0.76 to 0.99","Not Significant","0.20-0.39"
"E02006473","North Warwickshire 006",NA,419434,289112,52.4996,-1.71515,"d3127d3b-4274-4cfd-83a8-bd01df57328a",3,21.5,50.06,0.0123,0.005,0.0297,"LargeCentralMetro",0,0,0,0,0,"West Midlands",10,"North Warwickshire 006",26,1,107,28,895,0.26,0.5006,0.215,0.215,10,0.738317757009346,79,61,1647,1647,1.16421457685626,0.966569439131936,1.39045745304155,1,0,0.944,6,"1.01 to 1.25","Not Significant","0.80-1.00"
"E02006475","Nuneaton and Bedworth 001",NA,436852,293679,52.5397,-1.45807,"e5f7f687-f291-4d20-afeb-eb2a72509fc1",4,15.23,50.57,0.0569,0.0169,0.0244,"LargeCentralMetro",0,0,0,0,0,"West Midlands",10,"Nuneaton and Bedworth 001",59,1,243,143,1319,0.59,0.5057,0.1523,0.1523,10,0.411522633744856,100,138,1648,1648,0.785103989827797,0.668004541624606,0.916652724422627,-1,-1,0.001,1,"0.76 to 0.99","Significant Decrease","<0.01"
"E02006477","Nuneaton and Bedworth 003",NA,438153,292400,52.5282,-1.43904,"b8582b35-735d-471c-87ec-16d1f2664ce3",6,30.28,51.21,0.0848,0.018,0.031,"LargeCentralMetro",0,0,0,0,0,"West Midlands",10,"Nuneaton and Bedworth 003",49,1,142,70,703,0.49,0.5121,0.3028,0.3028,10,0.507042253521127,72,81,1649,1649,0.965643510659944,0.806182268459998,1.14720125425775,-1,0,0.332,3,"0.76 to 0.99","Not Significant","0.20-0.39"
"E02006480","Nuneaton and Bedworth 006",NA,434628,291745,52.5225,-1.49106,"bffc9f1c-4437-48bc-a21f-cfd201ed60ad",6,14.94,54.42,0.0545,0.0158,0.0259,"LargeCentralMetro",0,0,0,0,0,"West Midlands",10,"Nuneaton and Bedworth 006",45,1,154,69,961,0.45,0.5442,0.1494,0.1494,10,0.551948051948052,85,87,1650,1650,0.967010684401936,0.810852030284456,1.14439400401856,-1,0,0.334,3,"0.76 to 0.99","Not Significant","0.20-0.39"
"E02006483","Nuneaton and Bedworth 009",NA,436514,289768,52.5046,-1.46348,"3acafdce-2261-4161-a0ac-199e02c86d3c",8,29.58,49.43,0.1845,0.0154,0.0452,"LargeCentralMetro",0,0,0,0,0,"West Midlands",10,"Nuneaton and Bedworth 009",23,1,142,33,793,0.23,0.4943,0.2958,0.2958,10,0.767605633802817,109,81,1651,1651,1.26697910118671,1.07470141252852,1.48369471870923,2,1,0.998,6,"1.26 to 1.50","Significant Increase","0.80-1.00"
"E02006489","Nuneaton and Bedworth 015",NA,436167,285894,52.4698,-1.46901,"29d7aa22-e53f-4701-a54c-217a73ba1c3a",5,26.29,52.46,0.1333,0.0304,0.0545,"LargeCentralMetro",0,0,0,0,0,"West Midlands",10,"Nuneaton and Bedworth 015",30,1,194,58,1096,0.3,0.5246,0.2629,0.2629,10,0.701030927835051,136,110,1652,1652,1.17162575515779,1.00696690966834,1.35547577651872,1,1,0.98,6,"1.01 to 1.25","Significant Increase","0.80-1.00"
"E02006494","Rugby 003",NA,449539,276754,52.3866,-1.27353,"c841d4e5-5003-424f-b1bb-dd05ec8a413b",8,24.88,51.39,0.0704,0.05,0.0511,"LargeCentralMetro",0,0,0,0,0,"West Midlands",8,"Rugby 003",30,1,213,64,1082,0.3,0.5139,0.2488,0.2488,8,0.699530516431925,149,121,1653,1653,1.17870091989773,1.0189195707399,1.35636045170952,1,1,0.987,6,"1.01 to 1.25","Significant Increase","0.80-1.00"
"E02006501","Rugby 010",NA,453357,273465,52.3567,-1.21796,"2609ad31-b9d1-45c7-bd20-1265fa5e82dc",4,15.5,50.96,0.0777,0.022,0.0328,"LargeCentralMetro",0,0,0,0,0,"West Midlands",10,"Rugby 010",64,1,258,165,1768,0.64,0.5096,0.155,0.155,10,0.36046511627907,93,146,1654,1654,0.718324331130028,0.60997611297597,0.840169506384848,-2,-1,0,1,"0.51 to 0.75","Significant Decrease","<0.01"
"E02006502","Rugby 011",NA,449068,273354,52.3561,-1.28095,"3d31ca7d-065d-47ba-82f8-17226e139c45",6,28.66,45.16,0.0559,0.0183,0.0348,"LargeCentralMetro",0,0,0,0,0,"West Midlands",7,"Rugby 011",37,1,157,58,651,0.37,0.4516,0.2866,0.2866,7,0.630573248407643,99,89,1655,1655,1.09963978102278,0.930307076311968,1.29078427345933,1,0,0.863,6,"1.01 to 1.25","Not Significant","0.80-1.00"
"E02006505","Stratford-on-Avon 002",NA,416994,264250,52.2761,-1.75234,"82f1ddc5-88c5-4148-ac67-cd1dd5ee7dc0",6,13.45,51.68,0.0119,0.003,0.0152,"MediumMetro",0,1,0,0,0,"West Midlands",10,"Stratford-on-Avon 002",50,1,119,60,567,0.5,0.5168,0.1345,0.1345,10,0.495798319327731,59,67,1656,1656,0.889979569927735,0.73119834354011,1.07292260683158,-1,0,0.107,2,"0.76 to 0.99","Not Significant","0.01-0.20"
"E02006506","Stratford-on-Avon 003",NA,407951,264103,52.275,-1.88488,"54c271dc-b035-47e0-b18e-9729ff2ed9fd",7,12.75,52.51,0.0126,0.0035,0.0195,"LargeCentralMetro",0,0,0,0,0,"West Midlands",10,"Stratford-on-Avon 003",52,1,149,77,678,0.52,0.5251,0.1275,0.1275,10,0.483221476510067,72,85,1657,1657,0.886976796474007,0.738919831783287,1.05585657680421,-1,0,0.086,2,"0.76 to 0.99","Not Significant","0.01-0.20"
"E02006510","Stratford-on-Avon 007",NA,414943,257604,52.2165,-1.78269,"893ed852-4ec9-4840-a75f-f824cec34f88",4,17.76,51.17,0.0143,0.0019,0.0172,"MediumMetro",0,1,0,0,0,"West Midlands",8,"Stratford-on-Avon 007",71,1,107,76,469,0.71,0.5117,0.1776,0.1776,8,0.289719626168224,31,61,1658,1658,0.698301140306094,0.562887636373589,0.856090394742148,-2,-1,0,1,"0.51 to 0.75","Significant Decrease","<0.01"
"E02006514","Stratford-on-Avon 011",NA,419171,254606,52.1894,-1.72098,"0bfdc2f4-403a-4a3e-ae77-26c78818137c",6,13.18,49.45,0.0248,0.0047,0.0276,"LargeCentralMetro",0,0,0,0,0,"West Midlands",7,"Stratford-on-Avon 011",45,1,220,99,1373,0.45,0.4945,0.1318,0.1318,7,0.55,121,125,1659,1659,0.953469327260305,0.815865919442859,1.10755350462028,-1,0,0.257,3,"0.76 to 0.99","Not Significant","0.20-0.39"
"E02006518","Stratford-on-Avon 015",NA,427791,238249,52.042,-1.59621,"7ec515a8-fd4a-4dba-aa13-8f64545029ff",5,16.48,49.38,0.0072,0.0012,0.0151,"SmallMetro",0,0,1,0,0,"West Midlands",10,"Stratford-on-Avon 015",60,1,91,55,482,0.6,0.4938,0.1648,0.1648,10,0.395604395604396,36,52,1660,1660,0.848503332774016,0.684903478849533,1.03909769367384,-1,0,0.055,2,"0.76 to 0.99","Not Significant","0.01-0.20"
"E02006530","Warwick 012",NA,429594,264122,52.2745,-1.56768,"9d5deed5-d846-47a1-8d6a-6d58ad59fb95",5,16.37,46.89,0.1413,0.0103,0.062,"LargeCentralMetro",0,0,0,0,0,"West Midlands",3,"Warwick 012",49,1,226,111,1593,0.49,0.4689,0.1637,0.1637,3,0.508849557522124,115,128,1661,1661,0.884443364127617,0.75456663868575,1.0301817607158,-1,0,0.056,2,"0.76 to 0.99","Not Significant","0.01-0.20"
"E02006533","Warwick 015",NA,433219,262800,52.2624,-1.51469,"4d2bee58-c2be-4141-a384-ed3366945aa2",7,38.89,50.4,0.152,0.0082,0.0541,"LargeCentralMetro",0,0,0,0,0,"West Midlands",2,"Warwick 015",42,1,90,38,623,0.42,0.504,0.3889,0.3889,2,0.577777777777778,52,51,1662,1662,1.04930352281966,0.857250688943734,1.27143108776612,1,0,0.665,5,"1.01 to 1.25","Not Significant","0.60-0.79"
"E02006537","Adur 004",NA,523451,105254,50.8337,-0.24827,"a6e38c52-1615-42d5-b710-9536ccab697d",8,24.5,48.78,0.0295,0.012,0.0489,"LargeCentralMetro",0,0,0,0,0,"South East",10,"Adur 004",42,1,249,105,1595,0.42,0.4878,0.245,0.245,10,0.578313253012048,144,141,1663,1663,1.02654966683501,0.888111076093823,1.18033840551072,1,0,0.627,5,"1.01 to 1.25","Not Significant","0.60-0.79"
"E02006539","Adur 006",NA,516230,106353,50.845,-0.35042,"b6abbd0f-546e-47d4-8250-fd9f843e498c",9,27.33,43.28,0.0227,0.0079,0.0233,"LargeCentralMetro",0,0,0,0,0,"South East",10,"Adur 006",25,1,161,40,989,0.25,0.4328,0.2733,0.2733,10,0.751552795031056,121,91,1664,1664,1.28016248854363,1.09389831252444,1.48897572451174,2,1,0.999,6,"1.26 to 1.50","Significant Increase","0.80-1.00"
"E02006544","Arun 003",NA,495280,104963,50.8364,-0.64826,"fb673fc7-6564-4de5-8141-ab519ba32721",6,24.17,49.73,0.0143,0.0031,0.0191,"LargeCentralMetro",0,0,0,0,0,"South East",10,"Arun 003",38,1,120,46,549,0.38,0.4973,0.2417,0.2417,10,0.616666666666667,74,68,1665,1665,1.08003525380437,0.898467619513196,1.28743688032604,1,0,0.786,5,"1.01 to 1.25","Not Significant","0.60-0.79"
"E02006546","Arun 005",NA,507268,103616,50.8222,-0.47847,"e60499e4-1335-4a66-96b3-fafd12cf3ac2",6,20.9,49.25,0.0155,0.0055,0.0201,"LargeCentralMetro",0,0,0,0,0,"South East",10,"Arun 005",36,1,244,88,1405,0.36,0.4925,0.209,0.209,10,0.639344262295082,156,138,1666,1666,1.10723937673789,0.960861982882572,1.26952171732782,1,0,0.919,6,"1.01 to 1.25","Not Significant","0.80-1.00"
"E02006550","Arun 009",NA,503682,102369,50.8116,-0.52972,"af6a4846-893e-4384-887e-5aafef32fc01",7,24.23,51.28,0.0152,0.0045,0.0161,"LargeCentralMetro",0,0,0,0,0,"South East",8,"Arun 009",27,1,260,70,1402,0.27,0.5128,0.2423,0.2423,8,0.730769230769231,190,147,1667,1667,1.24328877676794,1.08953822738627,1.4125752853969,1,1,0.999,6,"1.01 to 1.25","Significant Increase","0.80-1.00"
"E02006556","Arun 015",NA,495562,100251,50.7939,-0.64548,"3709c83f-c7c7-4e90-8d66-4c169ec3680a",8,18.75,48.53,0.0108,0.0031,0.0175,"LargeCentralMetro",0,0,0,0,0,"South East",10,"Arun 015",41,1,224,92,1362,0.41,0.4853,0.1875,0.1875,10,0.589285714285714,132,127,1668,1668,1.04065844071972,0.89572267837182,1.20225708433103,1,0,0.688,5,"1.01 to 1.25","Not Significant","0.60-0.79"
"E02006557","Arun 016",NA,492421,99907,50.7914,-0.69012,"6b250c3a-4ee5-4a3d-acb2-ba273218ed23",8,24.41,48.3,0.0249,0.0049,0.0236,"LargeCentralMetro",0,0,0,0,0,"South East",10,"Arun 016",42,1,213,89,1439,0.42,0.483,0.2441,0.2441,10,0.582159624413146,124,121,1669,1669,1.04276857415861,0.895164996972983,1.20763145361928,1,0,0.694,5,"1.01 to 1.25","Not Significant","0.60-0.79"
"E02006564","Chichester 004",NA,488535,120781,50.9796,-0.74019,"aa258046-a687-414a-9323-401cf5c82c3f",5,10.34,49.38,0.0085,0.0035,0.0163,"SmallMetro",0,0,1,0,0,"South East",8,"Chichester 004",46,1,145,67,964,0.46,0.4938,0.1034,0.1034,8,0.537931034482759,78,82,1670,1670,0.94474597189091,0.787862776828043,1.12363762318505,-1,0,0.25,3,"0.76 to 0.99","Not Significant","0.20-0.39"
"E02006567","Chichester 007",NA,478765,111772,50.9001,-0.88128,"9e683503-3c54-4684-84d2-889a0e41be3a",5,17.02,46.68,0.0033,0.0021,0.0122,"LargeCentralMetro",0,0,0,0,0,"South East",10,"Chichester 007",43,1,141,61,722,0.43,0.4668,0.1702,0.1702,10,0.567375886524823,80,80,1671,1671,1.00107156148626,0.836964050096945,1.18785343959849,0,0,0.486,4,"1.00-1.009 (null value)","Not Significant","0.40-0.59"
"E02006571","Chichester 011",NA,484872,103283,50.8229,-0.79642,"08b82946-d338-4388-9a91-03affc47738a",6,8.64,50.24,0.0166,0.004,0.0205,"LargeCentralMetro",0,0,0,0,0,"South East",8,"Chichester 011",64,1,220,141,1451,0.64,0.5024,0.0864,0.0864,8,0.359090909090909,79,125,1672,1672,0.714376168069955,0.601003315653928,0.842715206006047,-2,-1,0,1,"0.51 to 0.75","Significant Decrease","<0.01"
"E02006572","Chichester 012",NA,488836,102935,50.8191,-0.74024,"5a51a9b3-bd83-4d2d-b7d7-51504ed6836b",7,18,54.35,0.0239,0.0055,0.0266,"LargeCentralMetro",0,0,0,0,0,"South East",8,"Chichester 012",38,1,300,114,1494,0.38,0.5435,0.18,0.18,8,0.62,186,170,1673,1673,1.06790349064716,0.93552291735548,1.21368368261031,1,0,0.83,6,"1.01 to 1.25","Not Significant","0.80-1.00"
"E02006574","Chichester 014",NA,485834,94275,50.7417,-0.78487,"4d6b66af-ba37-4cf6-a11b-87060523d58b",8,31.4,48.59,0.0083,0.0026,0.0154,"LargeFringeMetro",1,0,0,0,0,"South East",10,"Chichester 014",27,1,86,23,389,0.27,0.4859,0.314,0.314,10,0.732558139534884,63,49,1674,1674,1.27622952947889,1.05151941726501,1.53465750150689,2,1,0.994,6,"1.26 to 1.50","Significant Increase","0.80-1.00"
"E02006579","Crawley 005",NA,528914,137398,51.1214,-0.15935,"b2798ade-2b60-4065-b18a-e3a8fbf8351a",5,18.21,47.04,0.1689,0.0351,0.07,"LargeCentralMetro",0,0,0,0,0,"South East",7,"Crawley 005",43,1,291,125,1822,0.43,0.4704,0.1821,0.1821,7,0.570446735395189,166,165,1675,1675,0.979601733427646,0.852717664988372,1.11996885865022,-1,0,0.369,3,"0.76 to 0.99","Not Significant","0.20-0.39"
"E02006580","Crawley 006",NA,524698,136813,51.117,-0.21976,"9c082e30-74b8-4fe3-8eb2-55d7adccf99c",5,17.56,48.01,0.0967,0.0348,0.0565,"LargeCentralMetro",0,0,0,0,0,"South East",10,"Crawley 006",40,1,205,82,1231,0.4,0.4801,0.1756,0.1756,10,0.6,123,116,1676,1676,1.02303632888901,0.875105616176863,1.18874691772638,1,0,0.599,4,"1.01 to 1.25","Not Significant","0.40-0.59"
"E02006581","Crawley 007",NA,526425,136037,51.1097,-0.19537,"e18d673f-dad0-4ec0-8e6d-ca2adb7820c0",7,16.67,49.31,0.1575,0.0526,0.0757,"LargeCentralMetro",0,0,0,0,0,"South East",7,"Crawley 007",38,1,144,55,939,0.38,0.4931,0.1667,0.1667,7,0.618055555555556,89,82,1677,1677,1.01233532351591,0.848188219578924,1.19897838926695,1,0,0.537,4,"1.01 to 1.25","Not Significant","0.40-0.59"
"E02006583","Crawley 009",NA,528428,135214,51.1018,-0.16707,"e68b4a81-4c63-48b6-b600-dc4ba9eb5998",5,15.09,48.36,0.1053,0.0321,0.0522,"LargeCentralMetro",0,0,0,0,0,"South East",8,"Crawley 009",41,1,232,95,1433,0.41,0.4836,0.1509,0.1509,8,0.59051724137931,137,132,1678,1678,1.00015538392315,0.860861746192388,1.15550445228572,0,0,0.485,4,"1.00-1.009 (null value)","Not Significant","0.40-0.59"
"E02006585","Crawley 011",NA,527202,134783,51.0983,-0.18472,"68aeab2a-7cee-4286-a1cd-39828cd8d1e7",6,35.63,47.27,0.1197,0.0326,0.0604,"LargeCentralMetro",0,0,0,0,0,"South East",7,"Crawley 011",22,1,174,38,1024,0.22,0.4727,0.3563,0.3563,7,0.781609195402299,136,99,1679,1679,1.29447762507733,1.11228470002064,1.49794838762176,2,1,1,6,"1.26 to 1.50","Significant Increase","0.80-1.00"
"E02006594","Horsham 007",NA,515278,130656,51.0637,-0.35625,"c237bac0-5243-4223-9c6e-45f225e0f7ee",3,9.23,43.03,0.0428,0.0087,0.0373,"LargeCentralMetro",0,0,0,0,0,"South East",8,"Horsham 007",58,1,260,151,1420,0.58,0.4303,0.0923,0.0923,8,0.419230769230769,109,147,1680,1680,0.77392915569639,0.660414649628337,0.90122952216043,-1,-1,0.001,1,"0.76 to 0.99","Significant Decrease","<0.01"
"E02006597","Horsham 010",NA,513899,123240,50.9973,-0.37825,"7ecf1709-580b-4425-8c7a-dd73065ac0e0",4,12.55,47.87,0.0179,0.0064,0.0248,"MediumMetro",0,1,0,0,0,"South East",8,"Horsham 010",57,1,239,136,1621,0.57,0.4787,0.1255,0.1255,8,0.430962343096234,103,136,1681,1681,0.784787072868431,0.66707824241004,0.917164364742812,-1,-1,0.001,1,"0.76 to 0.99","Significant Decrease","<0.01"
"E02006606","Mid Sussex 003",NA,541382,137776,51.1218,0.018834,"fb8642e3-d356-4d09-999b-32787844d09c",3,13.98,48.39,0.025,0.0063,0.0346,"LargeCentralMetro",0,0,0,0,0,"South East",10,"Mid Sussex 003",43,1,236,101,1616,0.43,0.4839,0.1398,0.1398,10,0.572033898305085,135,134,1682,1682,0.980562554688953,0.843696303598039,1.13323388641834,-1,0,0.382,3,"0.76 to 0.99","Not Significant","0.20-0.39"
"E02006607","Mid Sussex 004",NA,538367,136798,51.1138,-0.02459,"d681a617-7510-4c20-9a5e-6f175b1c32fb",4,6.98,47.54,0.026,0.0073,0.0314,"LargeCentralMetro",0,0,0,0,0,"South East",8,"Mid Sussex 004",55,1,258,142,1607,0.55,0.4754,0.0698,0.0698,8,0.449612403100775,116,146,1683,1683,0.808977501994933,0.691852460679745,0.94014707030057,-1,-1,0.003,1,"0.76 to 0.99","Significant Decrease","<0.01"
"E02006613","Mid Sussex 010",NA,533902,124029,51.0001,-0.09307,"314fd550-90c7-4c7e-ab23-12ddec808396",4,14.13,47.87,0.0606,0.0112,0.0421,"LargeCentralMetro",0,0,0,0,0,"South East",7,"Mid Sussex 010",48,1,184,88,963,0.48,0.4787,0.1413,0.1413,7,0.521739130434783,96,104,1684,1684,0.909894839995684,0.76824402812971,1.07002048334155,-1,0,0.123,2,"0.76 to 0.99","Not Significant","0.01-0.20"
"E02006614","Mid Sussex 011",NA,531062,123235,50.9936,-0.1338,"6ec57697-ea3b-4806-9773-eae416d37d71",3,10.03,46.54,0.0383,0.0135,0.0401,"Micropolitan",0,0,0,1,0,"South East",10,"Mid Sussex 011",56,1,299,167,1502,0.56,0.4654,0.1003,0.1003,10,0.441471571906354,132,170,1685,1685,0.796375209408286,0.685960671761929,0.919399661852068,-1,-1,0.001,1,"0.76 to 0.99","Significant Decrease","<0.01"
"E02006617","Mid Sussex 014",NA,530631,119406,50.9593,-0.14131,"6c3e4571-b0f5-47ed-a02d-3fa669245b88",7,17.69,46.78,0.0967,0.0081,0.0314,"LargeCentralMetro",0,0,0,0,0,"South East",8,"Mid Sussex 014",52,1,147,76,761,0.52,0.4678,0.1769,0.1769,8,0.482993197278912,71,83,1686,1686,0.90220830785479,0.751356984935152,1.07430752981853,-1,0,0.12,2,"0.76 to 0.99","Not Significant","0.01-0.20"
"E02006620","Mid Sussex 017",NA,530222,115836,50.9273,-0.14841,"260a4d55-dc36-467d-9cde-01bd5ad8535e",3,13.89,46.65,0.011,0.004,0.0288,"LargeCentralMetro",0,0,0,0,0,"South East",10,"Mid Sussex 017",65,1,180,117,1046,0.65,0.4665,0.1389,0.1389,10,0.35,63,102,1687,1687,0.724646598674965,0.602863601401512,0.863559798044775,-2,-1,0,1,"0.51 to 0.75","Significant Decrease","<0.01"
"E02006624","Worthing 004",NA,514489,106341,50.8453,-0.37515,"b0768f9b-b48b-463d-b0c8-743b2b584add",5,18.6,41.82,0.0258,0.0044,0.0273,"LargeCentralMetro",0,0,0,0,0,"South East",5,"Worthing 004",41,1,172,71,911,0.41,0.4182,0.186,0.186,5,0.587209302325581,101,98,1688,1688,1.00813043180452,0.85335382789714,1.18279000660131,0,0,0.521,4,"1.00-1.009 (null value)","Not Significant","0.40-0.59"
"E02006625","Worthing 005",NA,515289,104466,50.8283,-0.36438,"818154e9-48dd-47d5-a814-7465764d8199",5,13.14,12.96,0.0405,0.0099,0.0352,"LargeCentralMetro",0,0,0,0,0,"South East",5,"Worthing 005",37,2,175,65,1173,0.37,0.1296,0.1314,0.1314,5,0.628571428571429,110,99,1689,1689,1.07258778020811,0.91096831842312,1.25455339808915,1,0,0.793,5,"1.01 to 1.25","Not Significant","0.60-0.79"
"E02006627","Worthing 007",NA,512476,103864,50.8234,-0.40449,"f177ee57-e5e7-4d23-9970-5affaa883f5c",7,18.91,45.63,0.0401,0.0124,0.0351,"LargeCentralMetro",0,0,0,0,0,"South East",10,"Worthing 007",53,1,349,185,1692,0.53,0.4563,0.1891,0.1891,10,0.469914040114613,164,198,1690,1690,0.86451953801998,0.75488286941821,0.985475406001526,-1,-1,0.015,2,"0.76 to 0.99","Significant Decrease","0.01-0.20"
"E02006633","Worthing 013",NA,511214,102378,50.8103,-0.42285,"e0d7ce81-5bb5-4930-be9c-e84a9958cc39",6,17.5,45.66,0.0276,0.0032,0.0256,"LargeCentralMetro",0,0,0,0,0,"South East",10,"Worthing 013",30,1,120,36,622,0.3,0.4566,0.175,0.175,10,0.7,84,68,1691,1691,1.14363966126248,0.954475768555039,1.35933215937659,1,0,0.925,6,"1.01 to 1.25","Not Significant","0.80-1.00"
"E02006635","Wiltshire 019",NA,419205,169095,51.4205,-1.72519,"288a0396-a539-4296-ae6f-18a318f4ec37",4,9.64,50.92,0.0226,0.0057,0.025,"MediumMetro",0,1,0,0,0,"South West",7,"Wiltshire 019",50,1,249,124,1677,0.5,0.5092,0.0964,0.0964,7,0.502008032128514,125,141,1692,1692,0.86526564609149,0.741232982857603,1.00404974130801,-1,0,0.028,2,"0.76 to 0.99","Not Significant","0.01-0.20"
"E02006637","Wiltshire 025",NA,401193,162760,51.3639,-1.98424,"f73dc216-b8d0-4e94-b3d1-56319ab5369d",6,25.33,50.94,0.0146,0.0052,0.0189,"LargeFringeMetro",1,0,0,0,0,"South West",4,"Wiltshire 025",33,1,150,50,905,0.33,0.5094,0.2533,0.2533,4,0.666666666666667,100,85,1693,1693,1.14549057930312,0.968547365386185,1.34532799081181,1,0,0.943,6,"1.01 to 1.25","Not Significant","0.80-1.00"
"E02006641","Wiltshire 034",NA,402911,158636,51.3268,-1.9596,"77002def-3082-4e82-ad08-318980a6c32c",3,22.14,47.62,0.0079,0.0033,0.013,"Noncore",0,0,0,0,1,"South West",5,"Wiltshire 034",50,1,131,66,714,0.5,0.4762,0.2214,0.2214,5,0.49618320610687,65,74,1694,1694,0.924091953050965,0.763813139824635,1.10792827758508,-1,0,0.189,2,"0.76 to 0.99","Not Significant","0.01-0.20"
"E02006645","Wiltshire 002",NA,395909,191911,51.626,-2.06049,"51fd6bdb-690f-400f-aab4-20dfbd5cbdd1",2,12.2,48,0.0284,0.0091,0.0257,"SmallMetro",0,0,1,0,0,"South West",6,"Wiltshire 002",55,1,205,113,1325,0.55,0.48,0.122,0.122,6,0.448780487804878,92,116,1695,1695,0.822925752635682,0.694700421159083,0.967833383984465,-1,-1,0.009,1,"0.76 to 0.99","Significant Decrease","<0.01"
"E02006646","Wiltshire 003",NA,407737,188361,51.5941,-1.8897,"8f926d89-e7a9-4d93-ae3a-6b4465c05e18",3,13.02,51.92,0.0429,0.0304,0.0315,"MediumMetro",0,1,0,0,0,"South West",8,"Wiltshire 003",50,1,169,84,911,0.5,0.5192,0.1302,0.1302,8,0.502958579881657,85,96,1696,1696,0.864671468947042,0.72429634747226,1.02425660431573,-1,0,0.045,2,"0.76 to 0.99","Not Significant","0.01-0.20"
"E02006649","Wiltshire 006",NA,406808,182681,51.543,-1.90322,"dcaec775-8e4c-4dc2-97fe-2611aa0e41ec",6,11.74,50.39,0.0248,0.0188,0.0245,"LargeCentralMetro",0,0,0,0,0,"South West",5,"Wiltshire 006",54,1,281,152,1683,0.54,0.5039,0.1174,0.1174,5,0.459074733096085,129,159,1697,1697,0.831792409701631,0.715979550338773,0.960890847531501,-1,-1,0.006,1,"0.76 to 0.99","Significant Decrease","<0.01"
"E02006652","Wiltshire 009",NA,391527,174437,51.4688,-2.12337,"c8457ae1-a73c-4736-b588-45241df7575b",3,13.59,50.86,0.027,0.0106,0.0303,"LargeCentralMetro",0,0,0,0,0,"South West",4,"Wiltshire 009",45.65,2,493,225,3272,0.4565,0.5086,0.1359,0.1359,4,0.543610547667343,268,280,1698,1698,0.941145673746021,0.840429233222431,1.05053733096141,-1,0,0.136,2,"0.76 to 0.99","Not Significant","0.01-0.20"
"E02006658","Wiltshire 016",NA,400360,170388,51.4325,-1.9962,"c7aa48cf-2777-4eaf-8ad0-134f7a90d0f1",5,23.53,47.91,0.0068,0.0053,0.0184,"LargeCentralMetro",0,0,0,0,0,"South West",5,"Wiltshire 016",39,1,136,53,860,0.39,0.4791,0.2353,0.2353,5,0.610294117647059,83,77,1699,1699,1.05175693013637,0.880011636911633,1.24716529578814,1,0,0.699,5,"1.01 to 1.25","Not Significant","0.60-0.79"
"E02006660","Wiltshire 018",NA,389571,169785,51.427,-2.15139,"f039b7fe-5bb1-4b95-911a-36732298460f",4,21.39,48.75,0.011,0.0042,0.0188,"LargeCentralMetro",0,0,0,0,0,"South West",4,"Wiltshire 018",33,1,201,66,1202,0.33,0.4875,0.2139,0.2139,4,0.671641791044776,135,114,1700,1700,1.12154884395785,0.96353430249883,1.29803221752662,1,0,0.929,6,"1.01 to 1.25","Not Significant","0.80-1.00"
"E02006662","Wiltshire 046",NA,416283,144060,51.1955,-1.76834,"a8a84485-84ab-4a54-86d1-123a797122ce",8,24,45.72,0.0175,0.0168,0.0282,"LargeFringeMetro",1,0,0,0,0,"South West",10,"Wiltshire 046",15,1,100,15,549,0.15,0.4572,0.24,0.24,10,0.85,85,57,1701,1701,1.36223487777045,1.13653226349021,1.619675625371,2,1,1,6,"1.26 to 1.50","Significant Increase","0.80-1.00"
"E02006663","Wiltshire 048",NA,416126,141291,51.1706,-1.77071,"10c49dc6-c440-4651-b986-f7436c88955c",9,27.43,48.28,0.0208,0.0199,0.0258,"LargeFringeMetro",1,0,0,0,0,"South West",8,"Wiltshire 048",23,1,113,26,638,0.23,0.4828,0.2743,0.2743,8,0.769911504424779,87,64,1702,1702,1.29757062678226,1.08692522022858,1.53708563690322,2,1,0.998,6,"1.26 to 1.50","Significant Increase","0.80-1.00"
"E02006667","Wiltshire 052",NA,411764,132042,51.0876,-1.83341,"7d944723-8e9f-449e-9552-2da8c6221034",10,40,51.13,0.0336,0.0152,0.0215,"LargeFringeMetro",1,0,0,0,0,"South West",3,"Wiltshire 052",11,1,45,5,399,0.11,0.5113,0.4,0.4,3,0.888888888888889,40,26,1703,1703,1.4043967821954,1.12341696696817,1.73448463262645,2,1,0.999,6,"1.26 to 1.50","Significant Increase","0.80-1.00"
"E02006672","Wiltshire 057",NA,413410,127632,51.0479,-1.81007,"afa0ed95-c63a-4608-a68c-8295925dd2c8",8,19.44,35.4,0.0373,0.016,0.027,"LargeFringeMetro",1,0,0,0,0,"South West",5,"Wiltshire 057",51,1,72,37,483,0.51,0.354,0.1944,0.1944,5,0.486111111111111,35,41,1704,1704,0.980464974959741,0.78799601606164,1.2054833549943,-1,0,0.406,4,"0.76 to 0.99","Not Significant","0.40-0.59"
"E02006682","Wiltshire 027",NA,382601,160758,51.3456,-2.25119,"558adae6-857e-4f3e-9107-3665673de90c",5,12.8,50,0.0087,0.0049,0.0225,"MediumMetro",0,1,0,0,0,"South West",4,"Wiltshire 027",56,1,211,118,1356,0.56,0.5,0.128,0.128,4,0.440758293838863,93,120,1705,1705,0.792708106265312,0.669217035626565,0.93227732033684,-1,-1,0.003,1,"0.76 to 0.99","Significant Decrease","<0.01"
"E02006684","Wiltshire 031",NA,385242,158318,51.3238,-2.21317,"32363e32-e11d-4041-9c94-1241d52d4fc6",7,10.07,51.48,0.0262,0.017,0.0448,"LargeCentralMetro",0,0,0,0,0,"South West",3,"Wiltshire 031",62,1,149,92,946,0.62,0.5148,0.1007,0.1007,3,0.38255033557047,57,85,1706,1706,0.738275390845024,0.608510724376559,0.887349103685891,-2,-1,0.001,1,"0.51 to 0.75","Significant Decrease","<0.01"
"E02006686","Wiltshire 033",NA,384431,157304,51.3146,-2.22477,"690dadbf-2440-4465-a9d6-29440d8fbe60",5,25.5,48.85,0.0186,0.0081,0.0296,"LargeCentralMetro",0,0,0,0,0,"South West",3,"Wiltshire 033",32,1,200,64,1134,0.32,0.4885,0.255,0.255,3,0.68,136,113,1707,1707,1.14267565002171,0.982275615800655,1.32174413973866,1,0,0.958,6,"1.01 to 1.25","Not Significant","0.80-1.00"
"E02006688","Wiltshire 036",NA,384707,156575,51.3081,-2.22078,"0c3a7774-8df5-4f8c-afe8-352e3d34b20e",6,25.17,48.97,0.0173,0.0104,0.0272,"LargeCentralMetro",0,0,0,0,0,"South West",3,"Wiltshire 036",31,1,151,47,919,0.31,0.4897,0.2517,0.2517,3,0.688741721854305,104,86,1708,1708,1.13895318540749,0.963566033608451,1.33699991192854,1,0,0.935,6,"1.01 to 1.25","Not Significant","0.80-1.00"
"E02006692","Wiltshire 042",NA,389502,146309,51.2159,-2.15168,"f0b81e2f-3b1d-44fb-a138-1b1ad85dae12",5,13.58,49.03,0.0377,0.0159,0.0259,"LargeFringeMetro",1,0,0,0,0,"South West",5,"Wiltshire 042",48,1,265,127,1595,0.48,0.4903,0.1358,0.1358,5,0.520754716981132,138,150,1709,1709,0.928594053523742,0.801543058404447,1.06995604593895,-1,0,0.148,2,"0.76 to 0.99","Not Significant","0.01-0.20"
"E02006696","Bromsgrove 001",NA,392231,281040,52.4273,-2.11568,"c691b2d1-7a34-46f3-8943-7576798cfc85",4,10.48,48.89,0.0619,0.0053,0.0384,"LargeCentralMetro",0,0,0,0,0,"West Midlands",10,"Bromsgrove 001",64.5,2,334,215,2250,0.645,0.4889,0.1048,0.1048,10,0.356287425149701,119,189,1710,1710,0.688492684452282,0.591997735171905,0.796078255546126,-2,-1,0,1,"0.51 to 0.75","Significant Decrease","<0.01"
"E02006698","Bromsgrove 003",NA,398045,276767,52.3889,-2.03014,"59d92482-d1a7-4405-9036-83a043543d1e",8,15.27,45.22,0.0148,0.0109,0.0262,"LargeCentralMetro",0,0,0,0,0,"West Midlands",8,"Bromsgrove 003",28,1,131,37,743,0.28,0.4522,0.1527,0.1527,8,0.717557251908397,94,74,1711,1711,1.16646503210421,0.979526306893604,1.37870857880577,1,0,0.957,6,"1.01 to 1.25","Not Significant","0.80-1.00"
"E02006699","Bromsgrove 004",NA,408141,277089,52.3918,-1.88179,"d06849c0-a0e3-4935-88b9-116b74f00eb4",4,17.26,49.65,0.0264,0.0085,0.0426,"LargeCentralMetro",0,0,0,0,0,"West Midlands",8,"Bromsgrove 004",44,1,168,74,1007,0.44,0.4965,0.1726,0.1726,8,0.55952380952381,94,95,1712,1712,0.963247877118614,0.81171906486998,1.13479030540407,-1,0,0.314,3,"0.76 to 0.99","Not Significant","0.20-0.39"
"E02006707","Bromsgrove 012",NA,396668,270188,52.3298,-2.05031,"4ac05278-361e-4999-ba07-47320fb2f7a9",4,12.88,50.48,0.0351,0.005,0.0292,"LargeCentralMetro",0,0,0,0,0,"West Midlands",10,"Bromsgrove 012",50,1,326,163,1363,0.5,0.5048,0.1288,0.1288,10,0.5,163,185,1713,1713,0.887246402627699,0.772991572039246,1.01353489890289,-1,0,0.038,2,"0.76 to 0.99","Not Significant","0.01-0.20"
"E02006710","Malvern Hills 001",NA,363817,266660,52.2969,-2.53198,"2a39aa74-8770-4623-af37-b747c7334294",5,21.62,47.09,0.002,0.0025,0.0118,"Noncore",0,0,0,0,1,"West Midlands",10,"Malvern Hills 001",42,1,74,31,344,0.42,0.4709,0.2162,0.2162,10,0.581081081081081,43,42,1714,1714,1.04642642432555,0.843084961669908,1.28393213302389,1,0,0.643,5,"1.01 to 1.25","Not Significant","0.60-0.79"
"E02006711","Malvern Hills 002",NA,377468,262881,52.2636,-2.33156,"70a3495f-9827-43a4-8e44-fb4cd5884776",3,7.19,46.51,0.0075,0.0018,0.0161,"Micropolitan",0,0,0,1,0,"West Midlands",10,"Malvern Hills 002",58,1,139,81,716,0.58,0.4651,0.0719,0.0719,10,0.41726618705036,58,79,1715,1715,0.790085594027591,0.650131945167278,0.951092937654498,-1,-1,0.007,1,"0.76 to 0.99","Significant Decrease","<0.01"
"E02006714","Malvern Hills 005",NA,382071,245812,52.1104,-2.26321,"a5842cb8-125f-4945-891c-d04ce7579b88",4,14.37,49.61,0.0123,0.0022,0.014,"Micropolitan",0,0,0,1,0,"West Midlands",10,"Malvern Hills 005",52,1,160,83,1022,0.52,0.4961,0.1437,0.1437,10,0.48125,77,91,1716,1716,0.879832323321415,0.734805789715604,1.04498066716892,-1,0,0.07,2,"0.76 to 0.99","Not Significant","0.01-0.20"
"E02006715","Malvern Hills 006",NA,377199,248406,52.1335,-2.33453,"126cb2f2-fd32-4069-a95f-072d4fbc2e49",5,35.71,45.37,0.0152,0.0036,0.0212,"LargeCentralMetro",0,0,0,0,0,"West Midlands",7,"Malvern Hills 006",24,1,84,20,659,0.24,0.4537,0.3571,0.3571,7,0.761904761904762,64,48,1717,1717,1.25675377274274,1.03376193632719,1.5136009656408,2,1,0.989,6,"1.26 to 1.50","Significant Increase","0.80-1.00"
"E02006718","Malvern Hills 009",NA,379551,245066,52.1036,-2.29996,"db172a1b-d3b8-4c38-b974-9162da9f4c72",6,19.34,49.7,0.0197,0.0069,0.0144,"LargeCentralMetro",0,0,0,0,0,"West Midlands",7,"Malvern Hills 009",50,1,212,106,1352,0.5,0.497,0.1934,0.1934,7,0.5,106,120,1718,1718,0.916392723515754,0.780468048318401,1.06904299330749,-1,0,0.129,2,"0.76 to 0.99","Not Significant","0.01-0.20"
"E02006724","Redditch 004",NA,404808,267711,52.3075,-1.9309,"c7be24cb-8c50-4a9f-9951-896a461b4a6a",9,32.08,48.45,0.2397,0.0304,0.0492,"LargeCentralMetro",0,0,0,0,0,"West Midlands",10,"Redditch 004",33,1,240,79,906,0.33,0.4845,0.3208,0.3208,10,0.670833333333333,161,136,1719,1719,1.17514093570447,1.0222175920551,1.34437790628293,1,1,0.989,6,"1.01 to 1.25","Significant Increase","0.80-1.00"
"E02006727","Redditch 007",NA,405979,266829,52.2996,-1.91374,"efccf9f9-6796-42e9-84d9-50f0c09dd6e1",8,38.51,48.73,0.0724,0.013,0.0217,"LargeCentralMetro",0,0,0,0,0,"West Midlands",10,"Redditch 007",22,1,161,35,671,0.22,0.4873,0.3851,0.3851,10,0.782608695652174,126,91,1720,1720,1.3507233421651,1.15782338499008,1.56647337486475,2,1,1,6,"1.26 to 1.50","Significant Increase","0.80-1.00"
"E02006729","Redditch 009",NA,407292,265768,52.29,-1.8945,"67259c67-fbd2-4902-8b1b-41956cc36eec",8,25,47.58,0.0279,0.0101,0.0347,"LargeCentralMetro",0,0,0,0,0,"West Midlands",10,"Redditch 009",35,1,148,52,433,0.35,0.4758,0.25,0.25,10,0.648648648648649,96,84,1721,1721,1.1222076166264,0.947280668493453,1.31998993696087,1,0,0.906,6,"1.01 to 1.25","Not Significant","0.80-1.00"
"E02006733","Redditch 013",NA,401699,262553,52.2612,-1.97652,"79cdbf4b-735f-4965-9e26-20b70bc4f625",5,11.06,50.54,0.0187,0.0056,0.0268,"LargeCentralMetro",0,0,0,0,0,"West Midlands",8,"Redditch 013",66,1,199,131,922,0.66,0.5054,0.1106,0.1106,8,0.341708542713568,68,113,1722,1722,0.700332536134097,0.585008207744222,0.831508346221942,-2,-1,0,1,"0.51 to 0.75","Significant Decrease","<0.01"
"E02006737","Worcester 004",NA,385361,256537,52.2069,-2.21564,"19bc4c3a-87b0-4c22-b40b-9e09d945b154",6,27.34,49.16,0.0418,0.0105,0.0248,"LargeCentralMetro",0,0,0,0,0,"West Midlands",4,"Worcester 004",43.47,2,289,126,1792,0.4347,0.4916,0.2734,0.2734,4,0.56401384083045,163,164,1723,1723,1.00250119636795,0.873508026878697,1.1450670148073,0,0,0.5,4,"1.00-1.009 (null value)","Not Significant","0.40-0.59"
"E02006745","Worcester 012",NA,383620,253324,52.1779,-2.24096,"be811284-19e6-4675-8b03-d74dbfbe4d6d",5,18.42,49.84,0.0195,0.0063,0.0238,"LargeCentralMetro",0,0,0,0,0,"West Midlands",10,"Worcester 012",44,1,228,100,1266,0.44,0.4984,0.1842,0.1842,10,0.56140350877193,128,129,1724,1724,0.990620604145676,0.851059141163412,1.14643706155112,-1,0,0.435,4,"0.76 to 0.99","Not Significant","0.40-0.59"
"E02006746","Worcester 013",NA,385859,253329,52.178,-2.20821,"745856f7-918b-4945-807e-3a8e67bf96cc",6,15.79,49.15,0.0626,0.0068,0.036,"LargeCentralMetro",0,0,0,0,0,"West Midlands",5,"Worcester 013",57.56,2,456,262,2366,0.5756,0.4915,0.1579,0.1579,5,0.425438596491228,194,259,1725,1725,0.777038756135986,0.684415374615478,0.878597617776486,-1,-1,0,1,"0.76 to 0.99","Significant Decrease","<0.01"
"E02006751","Wychavon 004",NA,389534,262877,52.264,-2.15477,"2a03a2dc-2c15-482e-a1a6-7bd2da948844",7,23.29,46.54,0.0121,0.006,0.0141,"LargeCentralMetro",0,0,0,0,0,"West Midlands",7,"Wychavon 004",42,1,249,105,1214,0.42,0.4654,0.2329,0.2329,7,0.578313253012048,144,141,1726,1726,1.03128877113743,0.892486646016085,1.18544203759463,1,0,0.651,5,"1.01 to 1.25","Not Significant","0.60-0.79"
"E02006759","Wychavon 012",NA,394336,245680,52.1094,-2.08411,"8ce909c8-6fb4-4666-a16d-64f1a10d4f16",7,15.45,51.71,0.009,0.0019,0.0127,"Micropolitan",0,0,0,1,0,"West Midlands",10,"Wychavon 012",51,1,220,112,1079,0.51,0.5171,0.1545,0.1545,10,0.490909090909091,108,125,1727,1727,0.897619359312025,0.764726284415211,1.04683501801613,-1,0,0.082,2,"0.76 to 0.99","Not Significant","0.01-0.20"
"E02006762","Wychavon 015",NA,402382,243695,52.0916,-1.96664,"da77949d-740d-4d2d-8dfe-e53490921bdf",5,14.01,49.56,0.0098,0.0031,0.0199,"LargeCentralMetro",0,0,0,0,0,"West Midlands",8,"Wychavon 015",52,1,307,160,1263,0.52,0.4956,0.1401,0.1401,8,0.478827361563518,147,174,1728,1728,0.864945002384631,0.74995999461725,0.992459151556539,-1,-1,0.019,2,"0.76 to 0.99","Significant Decrease","0.01-0.20"
"E02006767","Wyre Forest 001",NA,385912,277064,52.3914,-2.20844,"2d802153-82cd-4bf0-a50c-bb5210889cb3",6,26.37,47.46,0.0359,0.003,0.0179,"LargeFringeMetro",1,0,0,0,0,"West Midlands",10,"Wyre Forest 001",37,1,91,34,590,0.37,0.4746,0.2637,0.2637,10,0.626373626373626,57,52,1729,1729,1.1278523587303,0.925880451978315,1.36066288695037,1,0,0.88,6,"1.01 to 1.25","Not Significant","0.80-1.00"
"E02006771","Wyre Forest 005",NA,378196,278666,52.4056,-2.32193,"bc24437f-1758-43b8-9a75-7b9825325ae0",6,19.14,46.7,0.0077,0.0013,0.0126,"Noncore",0,0,0,0,1,"West Midlands",10,"Wyre Forest 005",40,1,162,65,938,0.4,0.467,0.1914,0.1914,10,0.598765432098765,97,92,1730,1730,1.05425051198478,0.890002347541725,1.23992111367805,1,0,0.719,5,"1.01 to 1.25","Not Significant","0.60-0.79"
"E02006773","Wyre Forest 007",NA,384580,276124,52.3829,-2.22797,"b6ad18d8-feb8-4207-85d8-eb0235262089",9,29.65,48.07,0.0197,0.0061,0.0229,"LargeCentralMetro",0,0,0,0,0,"West Midlands",10,"Wyre Forest 007",38,1,172,65,1061,0.38,0.4807,0.2965,0.2965,10,0.622093023255814,107,98,1731,1731,1.11418691748268,0.948506487945383,1.30033852781445,1,0,0.904,6,"1.01 to 1.25","Not Significant","0.80-1.00"
"E02006778","Wyre Forest 012",NA,380341,272685,52.3519,-2.29004,"274ce7cd-545d-4987-8730-06491857fc31",7,21.05,51.17,0.0085,0.0011,0.0111,"LargeCentralMetro",0,0,0,0,0,"West Midlands",10,"Wyre Forest 012",42,1,190,80,1151,0.42,0.5117,0.2105,0.2105,10,0.578947368421053,110,108,1732,1732,1.02969475624071,0.877537572128577,1.2005312377845,1,0,0.627,5,"1.01 to 1.25","Not Significant","0.60-0.79"
"E02006783","Lewisham 037",NA,539876,171765,51.4276,0.010619,"c1cdd9ba-cce3-41c3-953b-8b79ab0a8b87",3,42.94,44.24,0.0885,0.2804,0.1183,"LargeCentralMetro",0,0,0,0,0,"London",3,"Lewisham 037",25,1,170,42,1381,0.25,0.4424,0.4294,0.4294,3,0.752941176470588,128,96,1733,1733,1.25240639846374,1.07181604012028,1.45466606948199,2,1,0.998,6,"1.26 to 1.50","Significant Increase","0.80-1.00"
"E02006789","Bromley 042",NA,542651,159398,51.3158,0.04555,"b28e0af9-3af4-4342-9643-903fc62046a4",2,25.75,51.14,0.0173,0.0125,0.0366,"LargeCentralMetro",0,0,0,0,0,"London",7,"Bromley 042",38,1,167,63,1275,0.38,0.5114,0.2575,0.2575,7,0.622754491017964,104,95,1734,1734,1.05317517795087,0.892054685982131,1.23493121733777,1,0,0.719,5,"1.01 to 1.25","Not Significant","0.60-0.79"
"E02006796","Hillingdon 033",NA,511694,185282,51.5554,-0.39029,"7758eed2-4374-4b98-9660-2c576c3fd8bf",3,24.07,49.01,0.2669,0.0559,0.1027,"LargeCentralMetro",0,0,0,0,0,"London",2,"Hillingdon 033",59,1,241,142,1467,0.59,0.4901,0.2407,0.2407,2,0.410788381742739,99,137,1735,1735,0.753281141159875,0.63922093843692,0.88170098861804,-1,-1,0,1,"0.76 to 0.99","Significant Decrease","<0.01"
"E02006798","Lewisham 039",NA,536838,177425,51.4792,-0.03086,"c9f4543f-561f-48b2-82bb-9d372b38f125",2,55.61,44.33,0.1341,0.3378,0.1383,"LargeCentralMetro",0,0,0,0,0,"London",1,"Lewisham 039",31,1,187,58,909,0.31,0.4433,0.5561,0.5561,1,0.689839572192513,129,106,1736,1736,1.19535722792099,1.02592738208768,1.38467536694759,1,1,0.989,6,"1.01 to 1.25","Significant Increase","0.80-1.00"
"E02006800","Redbridge 034",NA,546391,186573,51.5591,0.110402,"1897f779-a6f8-4428-bb46-6b5b70aa9447",1,40.68,48.37,0.5987,0.0895,0.0984,"LargeCentralMetro",0,0,0,0,0,"London",2,"Redbridge 034",37,1,236,87,1720,0.37,0.4837,0.4068,0.4068,2,0.63135593220339,149,134,1737,1737,1.07509748588464,0.929740489915545,1.23666030125442,1,0,0.831,6,"1.01 to 1.25","Not Significant","0.80-1.00"
"E02006806","Nuneaton and Bedworth 018",NA,433360,285089,52.4627,-1.51041,"6faa392f-5278-4ea8-b796-6a5b58259029",7,27.33,53.44,0.0984,0.0242,0.0459,"LargeCentralMetro",0,0,0,0,0,"West Midlands",8,"Nuneaton and Bedworth 018",36,1,150,54,917,0.36,0.5344,0.2733,0.2733,8,0.64,96,85,1738,1738,1.0969535596874,0.925423721741979,1.29098963892438,1,0,0.852,6,"1.01 to 1.25","Not Significant","0.80-1.00"
"E02006809","Birmingham 133",NA,404078,291969,52.5256,-1.94132,"00eea64c-6b59-4712-8c80-18d2b9f6d8a0",2,43.86,44,0.6516,0.0977,0.1159,"LargeCentralMetro",0,0,0,0,0,"West Midlands",3,"Birmingham 133",50,1,171,86,1091,0.5,0.44,0.4386,0.4386,3,0.497076023391813,85,97,1739,1739,0.917635646894678,0.771643904135824,1.0830631842114,-1,0,0.149,2,"0.76 to 0.99","Not Significant","0.01-0.20"
"E02006812","Redcar and Cleveland 021",NA,453179,516557,54.5415,-1.17956,"70e3ae65-112c-4c80-aada-6012166a4f93",8,24.09,52.57,0.013,0.0025,0.016,"LargeCentralMetro",0,0,0,0,0,"North East",8,"Redcar and Cleveland 021",48,1,274,132,1615,0.48,0.5257,0.2409,0.2409,8,0.518248175182482,142,155,1740,1740,0.951021767527825,0.823606786101295,1.09242532625635,-1,0,0.231,3,"0.76 to 0.99","Not Significant","0.20-0.39"
"E02006813","Kingston upon Hull 033",NA,505098,427152,53.7302,-0.40842,"77b9120d-d8a8-46f9-acaa-46cd6a16700e",8,42.65,49.45,0.0145,0.0102,0.0242,"LargeCentralMetro",0,0,0,0,0,"Yorkshire and the Humber",7,"Kingston upon Hull 033",20,1,272,54,1543,0.2,0.4945,0.4265,0.4265,7,0.801470588235294,218,154,1741,1741,1.39096113619398,1.22910630669137,1.5680955617063,2,1,1,6,"1.26 to 1.50","Significant Increase","0.80-1.00"
"E02006823","Buckinghamshire 039",NA,493697,194755,51.6438,-0.64727,"89c5125f-155f-4381-9f79-1e4f19f6798f",2,11.19,46.83,0.0419,0.0058,0.0372,"LargeCentralMetro",0,0,0,0,0,"South East",3,"Buckinghamshire 039",44,1,134,59,835,0.44,0.4683,0.1119,0.1119,3,0.559701492537313,75,76,1742,1742,0.915570879683289,0.759293460822493,1.09456091833526,-1,0,0.16,2,"0.76 to 0.99","Not Significant","0.01-0.20"
"E02006826","West Suffolk 015",NA,562516,263379,52.2446,0.378997,"53c9df14-84f9-4318-ac8b-50b430082878",6,27.64,50.65,0.0598,0.0147,0.0452,"LargeCentralMetro",0,0,0,0,0,"East of England",5,"West Suffolk 015",33,1,123,41,616,0.33,0.5065,0.2764,0.2764,5,0.666666666666667,82,70,1743,1743,1.1068643226926,0.923771166252934,1.31560740206211,1,0,0.86,6,"1.01 to 1.25","Not Significant","0.80-1.00"
"E02006833","Tonbridge and Malling 014",NA,565279,158600,51.3025,0.369594,"e8a74212-1dd1-4a8f-9925-1c4521f3ad3f",5,25,41.63,0.0186,0.0069,0.0273,"LargeCentralMetro",0,0,0,0,0,"South East",10,"Tonbridge and Malling 014",19,1,120,23,723,0.19,0.4163,0.25,0.25,10,0.808333333333333,97,68,1744,1744,1.29829087740699,1.09162925151413,1.53272628927991,2,1,0.999,6,"1.26 to 1.50","Significant Increase","0.80-1.00"
"E02006835","Gedling 016",NA,456610,348217,53.0283,-1.15738,"3c8584b5-bf0e-4d25-8449-bc785786d3d2",5,34.88,47.02,0.0432,0.0447,0.05,"LargeCentralMetro",0,0,0,0,0,"East Midlands",7,"Gedling 016",29,1,129,37,687,0.29,0.4702,0.3488,0.3488,7,0.713178294573643,92,73,1745,1745,1.20236531975685,1.01077894452771,1.41965983258609,1,1,0.981,6,"1.01 to 1.25","Significant Increase","0.80-1.00"
"E02006852","Leeds 109",NA,427439,437538,53.8334,-1.58456,"1746a490-c720-4975-b62b-5d6347bbbb63",3,45.73,47.32,0.1094,0.0219,0.0601,"LargeCentralMetro",0,0,0,0,0,"Yorkshire and the Humber",3,"Leeds 109",40,1,164,66,1046,0.4,0.4732,0.4573,0.4573,3,0.597560975609756,98,93,1746,1746,1.07303485969428,0.90875354055025,1.25829579185251,1,0,0.79,5,"1.01 to 1.25","Not Significant","0.60-0.79"
"E02006856","Canterbury 020",NA,614424,158062,51.2813,1.0733,"f82b4046-a156-4293-8e52-99ae1a45b682",7,32.35,45.67,0.0687,0.0338,0.0753,"LargeFringeMetro",1,0,0,0,0,"South East",8,"Canterbury 020",23,1,204,47,1765,0.23,0.4567,0.3235,0.3235,8,0.769607843137255,157,116,1747,1747,1.29642795843579,1.12382435926972,1.48796062929577,2,1,1,6,"1.26 to 1.50","Significant Increase","0.80-1.00"
"E02006859","Thurrock 019",NA,559504,178878,51.4864,0.295928,"3a6771da-9485-46c1-b350-e0b252e20d25",2,10,47.81,0.1478,0.2021,0.0718,"LargeCentralMetro",0,0,0,0,0,"East of England",6,"Thurrock 019",53,1,180,95,1276,0.53,0.4781,0.1,0.1,6,0.472222222222222,85,102,1748,1748,0.827558383859724,0.693766758814157,0.979551963668371,-1,-1,0.014,2,"0.76 to 0.99","Significant Decrease","0.01-0.20"
"E02006861","Leeds 110",NA,428979,435733,53.8171,-1.56133,"5fbe4c2c-21c0-4a3a-bd46-1221a6253559",2,53.85,48.44,0.0804,0.0357,0.0778,"LargeCentralMetro",0,0,0,0,0,"Yorkshire and the Humber",2,"Leeds 110",26,1,78,20,481,0.26,0.4844,0.5385,0.5385,2,0.743589743589744,58,44,1749,1749,1.23702096262783,1.01128398346404,1.49816059699646,1,1,0.981,6,"1.01 to 1.25","Significant Increase","0.80-1.00"
"E02006863","North Northamptonshire 008",NA,487880,286609,52.4704,-0.70772,"07e0a53f-1ef3-4a90-bdbb-be3001d42988",6,13.56,49.31,0.0539,0.0871,0.0375,"LargeFringeMetro",1,0,0,0,0,"East Midlands",7,"North Northamptonshire 008",63,1,177,112,1164,0.63,0.4931,0.1356,0.1356,7,0.367231638418079,65,100,1750,1750,0.765144663231434,0.63761199387305,0.910442821517823,-1,-1,0.001,1,"0.76 to 0.99","Significant Decrease","<0.01"
"E02006864","Boston 008",NA,534754,346136,52.9956,0.006354,"47f5044d-79cf-403f-93bb-5ccea831483c",4,24.74,49.46,0.055,0.0099,0.0236,"LargeFringeMetro",1,0,0,0,0,"East Midlands",8,"Boston 008",15,1,194,29,1019,0.15,0.4946,0.2474,0.2474,8,0.850515463917526,165,110,1751,1751,1.39477345303606,1.2103983545197,1.59923981475362,2,1,1,6,"1.26 to 1.50","Significant Increase","0.80-1.00"
"E02006867","North Kesteven 014",NA,493902,367246,53.194,-0.59593,"5c6aba5e-5552-4f09-aeea-63af7ae5d186",6,14.78,53.26,0.0147,0.0048,0.0186,"LargeCentralMetro",0,0,0,0,0,"East Midlands",10,"North Kesteven 014",35.04,2,406,142,2328,0.3504,0.5326,0.1478,0.1478,10,0.650246305418719,264,230,1752,1752,1.11777618084532,0.996930480537704,1.24915392847023,1,0,0.972,6,"1.01 to 1.25","Not Significant","0.80-1.00"
"E02006872","High Peak 013",NA,413903,389148,53.399,-1.79237,"63daf46d-62aa-4305-b273-a1b4238aa6b7",6,12.06,43.96,0.0072,0.001,0.0116,"SmallMetro",0,0,1,0,0,"East Midlands",10,"High Peak 013",44,1,199,88,944,0.44,0.4396,0.1206,0.1206,10,0.557788944723618,111,113,1753,1753,0.989091025909589,0.842746457873283,1.15343354314214,-1,0,0.429,4,"0.76 to 0.99","Not Significant","0.40-0.59"
"E02006877","Peterborough 022",NA,517599,296480,52.5535,-0.26692,"e1796ee6-0cad-45d0-90e3-8fbd2c198541",6,30.86,48.19,0.0737,0.0431,0.0569,"LargeCentralMetro",0,0,0,0,0,"East of England",8,"Peterborough 022",34,1,162,55,1077,0.34,0.4819,0.3086,0.3086,8,0.660493827160494,107,92,1754,1754,1.13010999614014,0.959471874958056,1.32226991622914,1,0,0.927,6,"1.01 to 1.25","Not Significant","0.80-1.00"
"E02006886","Vale of White Horse 016",NA,430063,189678,51.6051,-1.56729,"c38aae2a-8bda-4cff-bd26-7d2f0ddaad4f",2,13.98,49.32,0.0154,0.0128,0.029,"MediumMetro",0,1,0,0,0,"South East",10,"Vale of White Horse 016",48,1,186,89,1180,0.48,0.4932,0.1398,0.1398,10,0.521505376344086,97,105,1755,1755,0.898353507685012,0.758147979844733,1.05691209801934,-1,0,0.095,2,"0.76 to 0.99","Not Significant","0.01-0.20"
"E02006887","Bristol 054",NA,359786,172775,51.4525,-2.58012,"ce0565dc-b3ca-4318-a595-6709fc828707",8,16.98,53.44,0.0995,0.1707,0.1101,"LargeCentralMetro",0,0,0,0,0,"South West",1,"Bristol 054",68,1,212,144,1684,0.68,0.5344,0.1698,0.1698,1,0.320754716981132,68,120,1756,1756,0.652744469897139,0.544680042588203,0.775766085236423,-2,-1,0,1,"0.51 to 0.75","Significant Decrease","<0.01"
"E02006906","Broxtowe 016",NA,450290,341528,52.9688,-1.25264,"f89471e3-cea3-4691-ba2e-01d2bb906af7",6,19.34,52.4,0.0796,0.0198,0.036,"LargeCentralMetro",0,0,0,0,0,"East Midlands",10,"Broxtowe 016",46,1,181,83,1273,0.46,0.524,0.1934,0.1934,10,0.541436464088398,98,103,1757,1757,0.960583709596462,0.813163892004127,1.1268919921279,-1,0,0.299,3,"0.76 to 0.99","Not Significant","0.20-0.39"
"E02006909","Hartlepool 014",NA,445052,531002,54.6721,-1.30295,"e83a7c02-6f5c-433a-9a9f-81d56c554a0d",5,31.96,47.05,0.0189,0.0024,0.0084,"LargeCentralMetro",0,0,0,0,0,"North East",6,"Hartlepool 014",32,1,194,62,982,0.32,0.4705,0.3196,0.3196,6,0.680412371134021,132,110,1758,1758,1.18087762509896,1.0154719639699,1.36544448563326,1,1,0.985,6,"1.01 to 1.25","Significant Increase","0.80-1.00"
"E02006910","Redcar and Cleveland 022",NA,453660,519921,54.5717,-1.17151,"420720e2-6665-41ff-b9c4-9c421a699d5a",9,54.65,51.18,0.0332,0.0037,0.0227,"LargeCentralMetro",0,0,0,0,0,"North East",10,"Redcar and Cleveland 022",33,1,86,28,510,0.33,0.5118,0.5465,0.5465,10,0.674418604651163,58,49,1759,1759,1.30435573685272,1.07606683786764,1.56645233778791,2,1,0.997,6,"1.26 to 1.50","Significant Increase","0.80-1.00"
"E02006922","Colchester 022",NA,602246,226619,51.9014,0.938411,"183ec6f6-40bd-45a3-ad52-9887726b4e3a",8,47.32,52.01,0.0438,0.0325,0.0374,"LargeCentralMetro",0,0,0,0,0,"East of England",10,"Colchester 022",36,1,112,40,648,0.36,0.5201,0.4732,0.4732,10,0.642857142857143,72,64,1760,1760,1.19976018583236,1.00054476027154,1.42679393084719,1,1,0.975,6,"1.01 to 1.25","Significant Increase","0.80-1.00"
"E02006924","Redbridge 035",NA,542960,187626,51.5694,0.06137,"38804562-929c-4d25-b3eb-5ae335fbf45f",1,29.21,47.58,0.6485,0.059,0.0843,"LargeCentralMetro",0,0,0,0,0,"London",2,"Redbridge 035",61,1,178,109,1301,0.61,0.4758,0.2921,0.2921,2,0.387640449438202,69,101,1761,1761,0.753667086695684,0.627926273526663,0.897021722020985,-1,-1,0.001,1,"0.76 to 0.99","Significant Decrease","<0.01"
"E02006925","Redbridge 036",NA,542372,189246,51.5841,0.053548,"31e0fe40-8b29-4411-a474-60a8fb2a30ff",1,18.45,44.67,0.6686,0.043,0.0938,"LargeCentralMetro",0,0,0,0,0,"London",1,"Redbridge 036",65,1,233,151,2158,0.65,0.4467,0.1845,0.1845,1,0.351931330472103,82,132,1762,1762,0.670735664609978,0.563801468390336,0.791909621723823,-2,-1,0,1,"0.51 to 0.75","Significant Decrease","<0.01"
"E02006927","Greenwich 034",NA,540765,175168,51.458,0.02475,"552d629d-3ea0-48d9-9b4d-231ecf25f15a",3,43.58,45.2,0.1316,0.1537,0.0984,"LargeCentralMetro",0,0,0,0,0,"London",4,"Greenwich 034",34,1,257,87,1843,0.34,0.452,0.4358,0.4358,4,0.66147859922179,170,146,1763,1763,1.14376681836061,0.997400626629093,1.30546997110642,1,0,0.973,6,"1.01 to 1.25","Not Significant","0.80-1.00"
"E02006935","St. Helens 024",NA,350811,393308,53.4343,-2.74186,"138b6a81-4550-4e63-92d2-e0d5974a9d6e",10,39.39,47.29,0.0167,0.006,0.0142,"LargeCentralMetro",0,0,0,0,0,"North West",7,"St. Helens 024",36,1,165,59,1216,0.36,0.4729,0.3939,0.3939,7,0.642424242424242,106,94,1764,1764,1.17479941531037,1.00075068385385,1.37023217965255,1,1,0.975,6,"1.01 to 1.25","Significant Increase","0.80-1.00"
"E02006944","Sandwell 041",NA,403037,287580,52.4861,-1.9567,"f806e217-fdb6-478c-9aae-fdacffcd0c73",4,59.54,44.77,0.5287,0.1993,0.1297,"LargeCentralMetro",0,0,0,0,0,"West Midlands",4,"Sandwell 041",29,1,173,50,1175,0.29,0.4477,0.5954,0.5954,4,0.710982658959538,123,98,1765,1765,1.24377028775061,1.06540676240249,1.44333607070794,1,1,0.997,6,"1.01 to 1.25","Significant Increase","0.80-1.00"
"E02006952","Bristol 061",NA,358597,172716,51.4519,-2.59723,"110ec737-bb52-43d8-b95c-29f385f55100",5,13.91,50.12,0.1418,0.0656,0.0886,"LargeCentralMetro",0,0,0,0,0,"South West",1,"Bristol 061",56,1,115,64,828,0.56,0.5012,0.1391,0.1391,1,0.443478260869565,51,65,1766,1766,0.782095128973551,0.637084357851875,0.950194449168935,-1,-1,0.007,1,"0.76 to 0.99","Significant Decrease","<0.01"
"E02006961","Salford 035",NA,381041,397852,53.4771,-2.28712,"544dc637-ca28-4be3-a95d-49810fa5c69b",9,57.14,47.73,0.0764,0.1433,0.0852,"LargeCentralMetro",0,0,0,0,0,"North West",2,"Salford 035",19,1,70,13,484,0.19,0.4773,0.5714,0.5714,2,0.814285714285714,57,40,1767,1767,1.37641018483331,1.12612644533787,1.66572843658504,2,1,0.999,6,"1.26 to 1.50","Significant Increase","0.80-1.00"
"E02006970","Ealing 043",NA,512254,179158,51.5002,-0.38417,"40e50862-cb8a-4e54-bfbd-131266a44f79",1,42.37,45.99,0.7434,0.0755,0.1202,"LargeCentralMetro",0,0,0,0,0,"London",2,"Ealing 043",58,1,236,137,1572,0.58,0.4599,0.4237,0.4237,2,0.419491525423729,99,134,1768,1768,0.797212375267745,0.677496837882139,0.931821605617037,-1,-1,0.002,1,"0.76 to 0.99","Significant Decrease","<0.01"
"E02006975","Portsmouth 027",NA,463734,100792,50.8032,-1.09691,"1e518899-585d-418d-80b5-0c123bacc3cd",6,47.11,48.76,0.1229,0.1088,0.0896,"LargeCentralMetro",0,0,0,0,0,"South East",1,"Portsmouth 027",53.36,2,242,129,1493,0.5336,0.4876,0.4711,0.4711,1,0.466942148760331,113,137,1769,1769,0.897298100270046,0.769055771512839,1.04061554531591,-1,0,0.074,2,"0.76 to 0.99","Not Significant","0.01-0.20"
"E02006980","Rochford 011",NA,583544,193177,51.6075,0.64925,"7212950b-19c6-4cf3-83b5-99e56517611b",2,13.67,47.97,0.0116,0.0048,0.0206,"LargeCentralMetro",0,0,0,0,0,"East of England",10,"Rochford 011",50,1,256,128,1380,0.5,0.4797,0.1367,0.1367,10,0.5,128,145,1770,1770,0.89120870829255,0.766075327241943,1.03084929400924,-1,0,0.059,2,"0.76 to 0.99","Not Significant","0.01-0.20"
"E02006994","Greenwich 042",NA,541576,178928,51.4916,0.037921,"84c501c5-049e-400e-bab8-7f3da5c2b5a8",3,30,18.06,0.1704,0.3095,0.1059,"LargeCentralMetro",0,0,0,0,0,"London",3,"Greenwich 042",50,2,20,10,620,0.5,0.1806,0.3,0.3,3,0.5,10,11,1771,1771,1.0197945514587,0.775396817312332,1.31687015583843,1,0,0.53,4,"1.01 to 1.25","Not Significant","0.40-0.59"
"E02007002","Rotherham 034",NA,446671,390118,53.4058,-1.29944,"75fd4c3c-98c7-4fb8-b729-a9780a1e0695",7,18.15,51.68,0.0417,0.0071,0.0199,"LargeCentralMetro",0,0,0,0,0,"Yorkshire and the Humber",8,"Rotherham 034",50,1,303,152,2078,0.5,0.5168,0.1815,0.1815,8,0.498349834983498,151,172,1772,1772,0.903068890502483,0.784404571989512,1.03449235589358,-1,0,0.069,2,"0.76 to 0.99","Not Significant","0.01-0.20"
"E02007007","Dorset 032",NA,367603,90397,50.7123,-2.46021,"5e2a8189-d5d5-4be1-9266-787ee0ba56f6",6,12.15,52.42,0.0385,0.0078,0.0214,"LargeFringeMetro",1,0,0,0,0,"South West",3,"Dorset 032",54,1,428,231,2110,0.54,0.5242,0.1215,0.1215,3,0.460280373831776,197,243,1773,1773,0.832118160012647,0.73301679303496,0.940780443499129,-1,-1,0.002,1,"0.76 to 0.99","Significant Decrease","<0.01"
"E02007015","Milton Keynes 036",NA,480152,237753,52.0324,-0.83303,"e0323d84-3283-4918-a3a5-85e1444531b7",4,18.1,50.17,0.161,0.101,0.0697,"LargeCentralMetro",0,0,0,0,0,"South East",8,"Milton Keynes 036",39,1,232,90,1443,0.39,0.5017,0.181,0.181,8,0.612068965517241,142,132,1774,1774,1.02763633753079,0.885831545857148,1.18562662048386,1,0,0.628,5,"1.01 to 1.25","Not Significant","0.60-0.79"
"E02007023","Wiltshire 063",NA,386404,151695,51.2642,-2.19624,"a5fb5d23-e1cc-4946-ba9f-42bfe803a0a4",7,23.85,52.39,0.0144,0.0076,0.018,"LargeFringeMetro",1,0,0,0,0,"South West",4,"Wiltshire 063",30,1,130,39,857,0.3,0.5239,0.2385,0.2385,4,0.7,91,74,1775,1775,1.17545231412329,0.987331271357275,1.38893878537196,1,0,0.965,6,"1.01 to 1.25","Not Significant","0.80-1.00"
"E02007025","Wiltshire 065",NA,425450,150435,51.2525,-1.63671,"10ac89e1-9786-4b3e-b0bc-2edaec9f8261",8,18.54,47.61,0.0353,0.0437,0.0345,"Noncore",0,0,0,0,1,"South West",10,"Wiltshire 065",30,1,151,45,836,0.3,0.4761,0.1854,0.1854,10,0.701986754966887,106,86,1776,1776,1.17031442398407,0.990042733754034,1.37386835580307,1,0,0.967,6,"1.01 to 1.25","Not Significant","0.80-1.00"
"E02007027","East Devon 021",NA,296846,97450,50.7674,-3.46414,"c298db48-eda9-462a-bfe0-6846e1430feb",3,24.29,48.15,0.0114,0.0032,0.021,"MediumMetro",0,1,0,0,0,"South West",10,"East Devon 021",47,1,140,66,866,0.47,0.4815,0.2429,0.2429,10,0.528571428571429,74,79,1777,1777,0.948190104393465,0.789449034366487,1.12938094137386,-1,0,0.264,3,"0.76 to 0.99","Not Significant","0.20-0.39"
"E02007029","Derbyshire Dales 011",NA,420101,365216,53.1837,-1.70066,"f661bd96-b97d-4f99-b1fe-2e06875ae150",5,11.06,51.74,0.0041,0.0014,0.0093,"MediumMetro",0,1,0,0,0,"East Midlands",7,"Derbyshire Dales 011",46,1,226,104,1440,0.46,0.5174,0.1106,0.1106,7,0.539823008849557,122,128,1778,1778,0.924781265933712,0.790847585771461,1.07483477028937,-1,0,0.149,2,"0.76 to 0.99","Not Significant","0.01-0.20"
"E02007035","Tewkesbury 011",NA,396597,227279,51.944,-2.05091,"d029823e-86eb-4fe4-905f-bbaf20776cfd",3,15.48,51.25,0.0178,0.0043,0.0182,"LargeCentralMetro",0,0,0,0,0,"South West",10,"Tewkesbury 011",39,1,239,93,1516,0.39,0.5125,0.1548,0.1548,10,0.610878661087866,146,136,1779,1779,1.03906260121124,0.897732629790644,1.19625412770626,1,0,0.686,5,"1.01 to 1.25","Not Significant","0.60-0.79"
"E02007039","Birmingham 142",NA,410384,284031,52.4542,-1.84862,"08e7701b-b26a-42ca-b2a4-7953a56b16b9",2,67.88,44.62,0.756,0.049,0.09,"LargeCentralMetro",0,0,0,0,0,"West Midlands",3,"Birmingham 142",33,1,165,54,883,0.33,0.4462,0.6788,0.6788,3,0.672727272727273,111,94,1780,1780,1.21809493657741,1.03926254478453,1.41869270733528,1,1,0.993,6,"1.01 to 1.25","Significant Increase","0.80-1.00"
"E02007041","Craven 009",NA,396830,463986,54.0718,-2.04994,"202564a7-459c-48e8-8ed0-262350e259cd",5,19.85,42.26,0.0069,0.0021,0.0107,"LargeFringeMetro",1,0,0,0,0,"Yorkshire and the Humber",6,"Craven 009",43.32,2,136,59,665,0.4332,0.4226,0.1985,0.1985,6,0.566176470588235,77,77,1781,1781,1.02708229248393,0.857876866221179,1.219761578229,1,0,0.599,4,"1.01 to 1.25","Not Significant","0.40-0.59"
"E02007045","Ryedale 010",NA,479491,470324,54.1227,-0.78525,"05a77aa3-8042-4782-9e90-b38e033c6019",5,24.07,49.38,0.007,0.0013,0.0157,"LargeFringeMetro",1,0,0,0,0,"Yorkshire and the Humber",5,"Ryedale 010",42,1,108,45,810,0.42,0.4938,0.2407,0.2407,5,0.583333333333333,63,61,1782,1782,1.05028951324176,0.866598246263388,1.26129024170246,1,0,0.678,5,"1.01 to 1.25","Not Significant","0.60-0.79"
"E02007053","Norwich 017",NA,623058,308378,52.6273,1.29441,"5be902ca-1c30-4ae9-a145-3427d4a9914d",10,14.21,55.95,0.0788,0.0268,0.0597,"LargeCentralMetro",0,0,0,0,0,"East of England",3,"Norwich 017",57,2,197,112,1975,0.57,0.5595,0.1421,0.1421,3,0.431472081218274,85,112,1783,1783,0.79574149418988,0.669272146848808,0.939026938033993,-1,-1,0.004,1,"0.76 to 0.99","Significant Decrease","<0.01"
"E02007054","South Norfolk 016",NA,615714,311969,52.6625,1.18843,"b215269b-bc55-4cdd-9b3b-5d514bd24c20",4,34.35,49.72,0.0539,0.0293,0.0349,"LargeCentralMetro",0,0,0,0,0,"East of England",7,"South Norfolk 016",34,1,131,45,909,0.34,0.4972,0.3435,0.3435,7,0.656488549618321,86,74,1784,1784,1.13761155855742,0.953992335088543,1.34619255427279,1,0,0.923,6,"1.01 to 1.25","Not Significant","0.80-1.00"
"E02007059","Hartlepool 015",NA,449250,532556,54.6857,-1.2376,"be995c71-3c28-466c-9e48-46f693b2436d",8,41.12,47.49,0.038,0.0096,0.0236,"LargeCentralMetro",0,0,0,0,0,"North East",10,"Hartlepool 015",32,1,214,68,1097,0.32,0.4749,0.4112,0.4112,10,0.682242990654206,146,121,1785,1785,1.22717026063239,1.06319834286848,1.40912184890073,1,1,0.998,6,"1.01 to 1.25","Significant Increase","0.80-1.00"
"E02007062","Stockton-on-Tees 027",NA,444144,514164,54.5209,-1.31955,"5dbc4403-5deb-45bf-9ac8-5b1a48db2567",8,12.69,50,0.0618,0.0085,0.0324,"LargeCentralMetro",0,0,0,0,0,"North East",6,"Stockton-on-Tees 027",60,1,134,80,712,0.6,0.5,0.1269,0.1269,6,0.402985074626866,54,76,1786,1786,0.796385203015652,0.655066055336923,0.958945539376512,-1,-1,0.008,1,"0.76 to 0.99","Significant Decrease","<0.01"
"E02007066","South Gloucestershire 035",NA,361909,178463,51.5038,-2.55019,"692117eb-dfd3-47cf-beab-f5f6e9b045e4",4,28.78,47.14,0.1188,0.0424,0.0758,"LargeCentralMetro",0,0,0,0,0,"South West",7,"South Gloucestershire 035",25,1,139,35,908,0.25,0.4714,0.2878,0.2878,7,0.748201438848921,104,79,1787,1787,1.19451188663403,1.00836373074015,1.40508593543659,1,1,0.98,6,"1.01 to 1.25","Significant Increase","0.80-1.00"
"E02007078","Test Valley 018",NA,437143,145049,51.2034,-1.46972,"c0942b50-cad5-4857-9c52-517d2058cf83",8,44.44,47.01,0.0396,0.0108,0.0242,"LargeCentralMetro",0,0,0,0,0,"South East",10,"Test Valley 018",43,1,81,35,451,0.43,0.4701,0.4444,0.4444,10,0.567901234567901,46,46,1788,1788,1.15129373649733,0.939752371377411,1.39590857624535,1,0,0.911,6,"1.01 to 1.25","Not Significant","0.80-1.00"
"E02007090","St Albans 021",NA,519357,206880,51.7479,-0.27245,"713844ee-dfc0-4cfd-956c-ede1ca99fe36",3,24.64,39.26,0.0689,0.0233,0.0624,"LargeCentralMetro",0,0,0,0,0,"East of England",7,"St Albans 021",45,1,69,31,568,0.45,0.3926,0.2464,0.2464,7,0.550724637681159,38,39,1789,1789,0.966640449610426,0.77499739614291,1.19129006094625,-1,0,0.357,3,"0.76 to 0.99","Not Significant","0.20-0.39"
"E02007091","Stevenage 013",NA,526177,225318,51.9121,-0.16699,"65a26ebe-6dbe-4dc3-9896-da3c01b3cc95",3,17.33,48.85,0.0551,0.0447,0.0368,"LargeCentralMetro",0,0,0,0,0,"East of England",10,"Stevenage 013",38,1,225,86,1476,0.38,0.4885,0.1733,0.1733,10,0.617777777777778,139,128,1790,1790,1.0472836225065,0.902127853712681,1.20907933372354,1,0,0.719,5,"1.01 to 1.25","Not Significant","0.60-0.79"
"E02007116","Oxford 019",NA,454170,205029,51.7414,-1.21684,"5345afce-0fd4-40fd-abd6-776ba82b66cf",3,43.14,51.06,0.2452,0.0447,0.0939,"LargeCentralMetro",0,0,0,0,0,"South East",1,"Oxford 019",35,1,102,36,991,0.35,0.5106,0.4314,0.4314,1,0.647058823529412,66,58,1791,1791,1.07577914506909,0.886488697305495,1.29352553670839,1,0,0.76,5,"1.01 to 1.25","Not Significant","0.60-0.79"
