MSOA (code),IDACI,SAMHI,PercentOfStudentReceivingFreeSchoolMeals,PercentFemale,AsianPopulationRate,BlackPopulationRate,WhitePopulationRate,OtherRacePopulationRate,UrbanRuralClass,LargeCentralMetro,LargeFringeMetro,MediumMetro,SmallMetro,Micropolitan,Noncore,GOR,BordaAccessibilityDecile,MSOA (name),MSOA_GCSE_Mean,MSOA_SchoolCount,TotalPupils_GCSE,TotalAchievers,MSOA_TotalPupils
E02000168,6.0,2.0,47.97,54.38,8.43,6.58,73.6,11.39,LargeCentralMetro,1,0,0,0,0,0,London,1,Camden 003,48.74,2,271,132.088,1804
E02000180,2.0,2.0,38.46,84.85,16.13,11.55,59.92,12.4,LargeCentralMetro,1,0,0,0,0,0,London,1,Camden 015,78.6,1,117,91.96199999999999,1076
E02000170,7.0,1.0,54.95,49.1,13.72,5.22,66.93,14.13,LargeCentralMetro,1,0,0,0,0,0,London,1,Camden 005,42.6,1,202,86.05199999999999,1228
E02000177,2.0,5.0,80.14,43.89,17.6,12.58,56.97,12.84,LargeCentralMetro,1,0,0,0,0,0,London,1,Camden 012,37.0,1,146,54.019999999999996,909
E02000187,1.0,2.0,67.38,44.57,32.52,15.92,38.26,13.3,LargeCentralMetro,1,0,0,0,0,0,London,1,Camden 022,36.96,2,325,120.12,1898
E02000166,5.0,3.0,43.48,61.44,6.79,7.17,73.1,12.93,LargeCentralMetro,1,0,0,0,0,0,London,1,Camden 001,56.88,2,276,156.99,2046
E02000182,6.0,1.0,51.69,47.0,24.95,7.57,52.44,15.05,LargeCentralMetro,1,0,0,0,0,0,London,1,Camden 017,46.1,1,178,82.058,1015
E02000327,3.0,2.0,27.45,44.09,12.55,34.21,43.86,9.38,LargeCentralMetro,1,0,0,0,0,0,London,5,Greenwich 015,90.2,1,102,92.004,601
E02000341,3.0,4.0,30.85,68.26,7.41,16.66,66.3,9.64,LargeCentralMetro,1,0,0,0,0,0,London,4,Greenwich 029,56.32,2,389,219.096,2476
E02000340,6.0,3.0,18.23,41.56,8.2,7.36,78.15,6.29,LargeCentralMetro,1,0,0,0,0,0,London,5,Greenwich 028,65.15,2,373,243.024,2353
E02000319,3.0,1.0,46.9,50.83,20.73,26.74,40.38,12.16,LargeCentralMetro,1,0,0,0,0,0,London,2,Greenwich 007,21.7,1,226,49.042,1454
E02006994,3.0,2.0,51.05,41.92,17.04,30.95,41.43,10.59,LargeCentralMetro,1,0,0,0,0,0,London,3,Greenwich 042,23.8,1,143,34.034,854
E02000315,3.0,3.0,33.19,41.64,9.04,37.5,45.42,8.04,LargeCentralMetro,1,0,0,0,0,0,London,4,Greenwich 003,26.9,1,238,64.02199999999999,1119
E02006931,5.0,2.0,19.83,100.0,8.31,15.49,66.51,9.69,LargeCentralMetro,1,0,0,0,0,0,London,3,Greenwich 038,62.1,1,116,72.036,549
E02006927,5.0,3.0,32.08,44.68,13.16,15.37,61.64,9.84,LargeCentralMetro,1,0,0,0,0,0,London,4,Greenwich 034,43.4,1,265,115.01,2066
E02000314,4.0,2.0,32.91,10.8,10.4,43.91,34.38,11.3,LargeCentralMetro,1,0,0,0,0,0,London,3,Greenwich 002,46.6,1,234,109.04400000000001,1592
E02000345,1.0,1.0,56.19,88.98,4.83,7.03,68.63,19.51,LargeCentralMetro,1,0,0,0,0,0,London,1,Hackney 001,37.1,1,105,38.955,499
E02000369,2.0,3.0,56.18,47.91,10.5,22.12,50.56,16.83,LargeCentralMetro,1,0,0,0,0,0,London,1,Hackney 025,61.03,2,267,162.942,1960
E02000363,2.0,6.0,59.04,41.32,11.76,37.34,35.21,15.69,LargeCentralMetro,1,0,0,0,0,0,London,1,Hackney 019,48.4,1,188,90.99199999999999,1152
E02000355,5.0,4.0,45.14,100.0,16.84,17.72,53.78,11.66,LargeCentralMetro,1,0,0,0,0,0,London,1,Hackney 011,63.4,1,175,110.95,1185
E02000358,3.0,4.0,59.32,39.42,9.51,19.56,53.88,17.06,LargeCentralMetro,1,0,0,0,0,0,London,1,Hackney 014,39.5,1,177,69.915,992
E02000360,2.0,4.0,52.43,47.81,13.87,31.77,37.96,16.39,LargeCentralMetro,1,0,0,0,0,0,London,1,Hackney 016,70.4,1,206,145.024,1441
E02000366,3.0,5.0,58.33,45.74,8.33,23.38,54.98,13.31,LargeCentralMetro,1,0,0,0,0,0,London,,Hackney 022,70.5,1,156,109.97999999999999,833
E02000346,2.0,5.0,55.68,45.39,14.44,25.68,42.27,17.61,LargeCentralMetro,1,0,0,0,0,0,London,1,Hackney 002,42.0,1,176,73.92,987
E02000356,6.0,3.0,46.85,45.05,5.9,10.65,68.99,14.46,LargeCentralMetro,1,0,0,0,0,0,London,1,Hackney 012,46.1,1,254,117.09400000000001,1647
E02000361,3.0,2.0,72.34,41.47,9.9,21.61,53.03,15.46,LargeCentralMetro,1,0,0,0,0,0,London,1,Hackney 017,28.4,1,141,40.044,803
E02000348,1.0,3.0,2.44,100.0,7.54,16.21,59.06,17.19,LargeCentralMetro,1,0,0,0,0,0,London,1,Hackney 004,70.7,1,82,57.974000000000004,384
E02000372,2.0,3.0,47.2,48.72,18.32,18.59,44.93,18.17,LargeCentralMetro,1,0,0,0,0,0,London,1,Hammersmith and Fulham 001,44.1,1,161,71.001,819
E02000392,7.0,1.0,26.67,0.0,7.67,9.62,71.02,11.69,LargeCentralMetro,1,0,0,0,0,0,London,,Hammersmith and Fulham 021,70.0,1,120,84.0,808
E02000393,9.0,1.0,47.78,41.11,5.23,4.82,80.97,8.98,LargeCentralMetro,1,0,0,0,0,0,London,2,Hammersmith and Fulham 022,45.6,1,90,41.04,596
E02000390,6.0,2.0,39.64,100.0,7.09,8.6,73.06,11.25,LargeCentralMetro,1,0,0,0,0,0,London,1,Hammersmith and Fulham 019,54.1,1,111,60.051,470
E02000377,4.0,3.0,44.6,46.74,9.3,16.0,60.39,14.31,LargeCentralMetro,1,0,0,0,0,0,London,1,Hammersmith and Fulham 006,56.1,1,139,77.97900000000001,950
E02000396,6.0,2.0,39.46,43.68,7.21,9.7,70.69,12.4,LargeCentralMetro,1,0,0,0,0,0,London,1,Hammersmith and Fulham 025,64.6,1,147,94.96199999999999,728
E02000391,8.0,1.0,17.65,100.0,7.0,6.46,75.27,11.27,LargeCentralMetro,1,0,0,0,0,0,London,1,Hammersmith and Fulham 020,81.5,1,119,96.985,780
E02000388,6.0,3.0,16.39,9.16,10.97,8.5,69.46,11.07,LargeCentralMetro,1,0,0,0,0,0,London,1,Hammersmith and Fulham 017,77.6,1,183,142.00799999999998,1398
E02000373,1.0,2.0,46.74,44.61,13.15,35.88,32.2,18.77,LargeCentralMetro,1,0,0,0,0,0,London,1,Hammersmith and Fulham 002,54.3,1,92,49.955999999999996,538
E02000384,4.0,4.0,18.04,100.0,14.42,13.88,56.09,15.62,LargeCentralMetro,1,0,0,0,0,0,London,1,Hammersmith and Fulham 013,67.5,1,194,130.95000000000002,1123
E02000382,7.0,2.0,21.64,50.6,11.55,8.8,65.67,13.99,LargeCentralMetro,1,0,0,0,0,0,London,1,Hammersmith and Fulham 011,85.1,1,134,114.03399999999999,921
E02000556,3.0,2.0,62.31,46.39,11.49,12.59,61.72,14.21,LargeCentralMetro,1,0,0,0,0,0,London,1,Islington 003,27.7,1,130,36.01,595
E02000576,1.0,2.0,48.24,7.15,12.94,15.19,56.4,15.47,LargeCentralMetro,1,0,0,0,0,0,London,1,Islington 023,68.8,1,170,116.96,1133
E02000571,3.0,4.0,63.69,44.98,8.11,11.73,66.82,13.34,LargeCentralMetro,1,0,0,0,0,0,London,1,Islington 018,37.6,1,157,59.032000000000004,896
E02000555,3.0,3.0,60.0,46.26,7.75,13.92,63.72,14.61,LargeCentralMetro,1,0,0,0,0,0,London,,Islington 002,33.0,1,115,37.95,642
E02000572,2.0,2.0,55.23,100.0,15.59,18.17,49.66,16.58,LargeCentralMetro,1,0,0,0,0,0,London,1,Islington 019,54.7,1,172,94.084,880
E02000566,6.0,2.0,53.73,100.0,7.46,7.87,72.32,12.34,LargeCentralMetro,1,0,0,0,0,0,London,1,Islington 013,61.9,1,134,82.946,729
E02000578,2.0,8.0,35.66,48.11,7.5,18.04,52.9,21.57,LargeCentralMetro,1,0,0,0,0,0,London,1,Kensington and Chelsea 002,53.8,1,143,76.93399999999998,846
E02000585,8.0,1.0,20.63,15.72,16.58,6.59,58.51,18.31,LargeCentralMetro,1,0,0,0,0,0,London,1,Kensington and Chelsea 009,80.2,1,126,101.052,1024
E02000597,3.0,4.0,38.42,44.4,13.39,10.99,55.67,19.95,LargeCentralMetro,1,0,0,0,0,0,London,1,Kensington and Chelsea 021,53.1,1,177,93.98700000000001,1126
E02000581,2.0,7.0,53.68,49.35,13.03,18.9,45.91,22.15,LargeCentralMetro,1,0,0,0,0,0,London,,Kensington and Chelsea 005,61.6,1,190,117.03999999999999,1224
E02000635,4.0,3.0,69.14,48.28,5.85,25.32,56.08,12.75,LargeCentralMetro,1,0,0,0,0,0,London,1,Lambeth 018,25.9,1,81,20.979,348
E02000647,6.0,2.0,27.12,45.63,8.14,18.86,58.93,14.07,LargeCentralMetro,1,0,0,0,0,0,London,1,Lambeth 030,61.6,1,177,109.032,1179
E02000641,2.0,4.0,62.73,49.68,4.99,42.75,36.05,16.2,LargeCentralMetro,1,0,0,0,0,0,London,,Lambeth 024,24.5,1,110,26.95,473
E02000636,8.0,2.0,53.85,45.81,5.41,8.83,77.24,8.51,LargeCentralMetro,1,0,0,0,0,0,London,1,Lambeth 019,48.7,1,117,56.979000000000006,836
E02000640,6.0,1.0,41.67,92.45,7.15,13.41,69.23,10.21,LargeCentralMetro,1,0,0,0,0,0,London,1,Lambeth 023,45.2,1,168,75.936,1219
E02000621,3.0,4.0,55.74,49.88,12.47,17.46,56.03,14.05,LargeCentralMetro,1,0,0,0,0,0,London,1,Lambeth 004,42.6,1,122,51.972,836
E02000648,3.0,3.0,31.74,50.7,5.56,35.47,44.13,14.85,LargeCentralMetro,1,0,0,0,0,0,London,2,Lambeth 031,46.1,1,167,76.98700000000001,1069
E02006801,4.0,4.0,66.95,45.7,19.05,14.52,54.49,11.93,LargeCentralMetro,1,0,0,0,0,0,London,,Lambeth 036,59.3,1,118,69.97399999999999,709
E02000625,2.0,3.0,67.11,48.91,7.52,32.38,43.97,16.14,LargeCentralMetro,1,0,0,0,0,0,London,1,Lambeth 008,35.6,1,149,53.044000000000004,916
E02000622,4.0,3.0,48.6,47.14,6.54,22.99,55.61,14.86,LargeCentralMetro,1,0,0,0,0,0,London,1,Lambeth 005,43.0,1,107,46.01,594
E02000637,5.0,2.0,43.97,51.14,4.27,17.01,65.05,13.67,LargeCentralMetro,1,0,0,0,0,0,London,,Lambeth 020,27.6,1,116,32.016000000000005,616
E02000657,4.0,1.0,45.45,44.67,7.44,27.71,51.58,13.27,LargeCentralMetro,1,0,0,0,0,0,London,1,Lewisham 005,33.9,1,121,41.019,600
E02006798,2.0,2.0,39.88,47.67,13.41,33.78,38.98,13.83,LargeCentralMetro,1,0,0,0,0,0,London,1,Lewisham 039,42.3,1,163,68.949,881
E02000679,4.0,3.0,29.61,1.87,7.01,24.93,55.71,12.35,LargeCentralMetro,1,0,0,0,0,0,London,3,Lewisham 027,58.7,1,179,105.07300000000001,1072
E02000662,4.0,3.0,30.04,49.11,6.33,33.61,47.57,12.49,LargeCentralMetro,1,0,0,0,0,0,London,1,Lewisham 010,54.3,1,223,121.08899999999998,1401
E02006783,3.0,4.0,41.45,42.3,8.85,28.04,51.28,11.83,LargeCentralMetro,1,0,0,0,0,0,London,3,Lewisham 037,35.2,1,193,67.936,1130
E02000680,4.0,4.0,30.28,99.2,7.13,24.96,54.69,13.22,LargeCentralMetro,1,0,0,0,0,0,London,6,Lewisham 028,48.6,1,218,105.948,1507
E02000827,3.0,2.0,48.56,52.09,8.35,38.59,36.09,16.96,LargeCentralMetro,1,0,0,0,0,0,London,1,Southwark 021,56.38,2,243,137.01,1484
E02000821,3.0,2.0,71.15,45.01,7.82,38.62,29.99,23.57,LargeCentralMetro,1,0,0,0,0,0,London,1,Southwark 015,43.6,1,156,68.016,971
E02000810,2.0,3.0,64.41,47.23,9.43,22.0,56.03,12.54,LargeCentralMetro,1,0,0,0,0,0,London,,Southwark 004,32.2,1,59,18.998,470
E02000834,8.0,2.0,37.46,29.94,4.43,12.4,73.05,10.13,LargeCentralMetro,1,0,0,0,0,0,London,2,Southwark 028,59.49,2,331,196.906,2251
E02000833,5.0,1.0,25.13,49.1,9.97,32.87,43.85,13.32,LargeCentralMetro,1,0,0,0,0,0,London,1,Southwark 027,78.6,1,187,146.982,1330
E02000816,3.0,4.0,50.91,66.16,8.76,21.26,56.7,13.28,LargeCentralMetro,1,0,0,0,0,0,London,1,Southwark 010,57.4,2,385,220.98,2411
E02000831,5.0,2.0,58.09,43.95,5.52,23.09,59.36,12.02,LargeCentralMetro,1,0,0,0,0,0,London,1,Southwark 025,35.3,1,136,48.007999999999996,537
E02000835,7.0,2.0,46.05,97.01,4.09,20.87,63.42,11.61,LargeCentralMetro,1,0,0,0,0,0,London,2,Southwark 029,55.9,1,152,84.96799999999999,837
E02000839,6.0,1.0,14.69,50.65,9.72,19.89,57.68,12.71,LargeCentralMetro,1,0,0,0,0,0,London,6,Southwark 033,66.7,1,429,286.14300000000003,2547
E02000812,3.0,4.0,53.17,100.0,15.13,24.22,46.96,13.69,LargeCentralMetro,1,0,0,0,0,0,London,1,Southwark 006,54.0,1,126,68.04,660
E02000829,3.0,4.0,45.34,8.01,7.98,35.03,43.91,13.08,LargeCentralMetro,1,0,0,0,0,0,London,1,Southwark 023,72.0,1,161,115.92,1111
E02000822,2.0,2.0,49.11,34.62,9.28,36.63,39.06,15.03,LargeCentralMetro,1,0,0,0,0,0,London,,Southwark 016,38.4,1,112,43.008,491
E02000871,1.0,2.0,56.82,35.81,52.78,10.91,27.41,8.9,LargeCentralMetro,1,0,0,0,0,0,London,1,Tower Hamlets 008,33.2,1,220,73.04,1173
E02007114,4.0,1.0,39.05,51.08,40.89,6.72,40.3,12.09,LargeCentralMetro,1,0,0,0,0,0,London,,Tower Hamlets 036,57.1,1,105,59.955000000000005,462
E02000867,2.0,2.0,56.12,100.0,28.96,8.06,52.97,10.02,LargeCentralMetro,1,0,0,0,0,0,London,2,Tower Hamlets 004,54.0,1,237,127.98,1541
E02000893,2.0,1.0,67.36,48.45,33.86,6.11,50.3,9.72,LargeCentralMetro,1,0,0,0,0,0,London,2,Tower Hamlets 030,51.8,1,193,99.974,1261
E02000881,1.0,2.0,62.92,43.64,47.81,12.15,30.97,9.07,LargeCentralMetro,1,0,0,0,0,0,London,1,Tower Hamlets 018,46.1,1,178,82.058,1061
E02000884,1.0,1.0,45.86,33.43,51.37,4.44,35.14,9.05,LargeCentralMetro,1,0,0,0,0,0,London,1,Tower Hamlets 021,48.41,2,157,76.00200000000001,709
E02000870,1.0,2.0,54.08,44.02,38.87,7.11,46.51,7.51,LargeCentralMetro,1,0,0,0,0,0,London,1,Tower Hamlets 007,43.3,1,233,100.889,1513
E02000872,1.0,2.0,67.66,46.72,43.7,6.04,41.16,9.1,LargeCentralMetro,1,0,0,0,0,0,London,1,Tower Hamlets 009,39.5,1,167,65.965,1419
E02000864,2.0,4.0,65.0,75.1,31.13,9.53,50.05,9.29,LargeCentralMetro,1,0,0,0,0,0,London,,Tower Hamlets 001,17.5,1,40,7.0,510
E02000868,2.0,3.0,57.89,41.48,36.39,5.76,48.29,9.57,LargeCentralMetro,1,0,0,0,0,0,London,1,Tower Hamlets 005,53.9,1,152,81.92800000000001,880
E02000882,2.0,2.0,53.17,41.01,58.42,7.71,27.42,6.44,LargeCentralMetro,1,0,0,0,0,0,London,1,Tower Hamlets 019,60.0,1,205,123.0,1373
E02000876,1.0,2.0,58.45,38.41,53.09,5.2,33.09,8.62,LargeCentralMetro,1,0,0,0,0,0,London,1,Tower Hamlets 013,63.8,1,207,132.066,1281
E02000937,10.0,1.0,30.0,45.32,5.11,5.66,81.49,7.74,LargeCentralMetro,1,0,0,0,0,0,London,1,Wandsworth 015,79.1,1,110,87.00999999999999,770
E02000938,4.0,2.0,52.48,46.43,13.12,11.15,61.63,14.1,LargeCentralMetro,1,0,0,0,0,0,London,2,Wandsworth 016,42.6,1,141,60.065999999999995,784
E02000942,9.0,1.0,28.79,44.02,11.2,3.43,76.7,8.66,LargeCentralMetro,1,0,0,0,0,0,London,2,Wandsworth 020,73.28,2,389,285.066,2617
E02000946,6.0,1.0,37.96,96.4,9.87,12.21,69.36,8.57,LargeCentralMetro,1,0,0,0,0,0,London,1,Wandsworth 024,49.4,1,245,121.03,1472
E02000949,8.0,2.0,26.5,48.68,7.17,3.76,82.09,6.98,LargeCentralMetro,1,0,0,0,0,0,London,1,Wandsworth 027,63.5,1,200,127.0,1321
E02000958,6.0,1.0,18.88,48.87,17.03,12.42,60.47,10.08,LargeCentralMetro,1,0,0,0,0,0,London,2,Wandsworth 036,78.7,1,286,225.08200000000002,2343
E02000925,3.0,2.0,60.76,45.81,9.19,22.08,56.06,12.67,LargeCentralMetro,1,0,0,0,0,0,London,1,Wandsworth 003,55.7,1,158,88.00600000000001,895
E02000926,5.0,1.0,40.0,45.53,9.45,10.48,68.06,12.01,LargeCentralMetro,1,0,0,0,0,0,London,2,Wandsworth 004,30.0,1,130,39.0,828
E02000947,8.0,1.0,42.11,39.02,9.18,4.08,78.67,8.07,LargeCentralMetro,1,0,0,0,0,0,London,1,Wandsworth 025,47.9,1,190,91.00999999999999,1179
E02000979,7.0,5.0,25.79,66.1,16.09,6.1,62.87,14.95,LargeCentralMetro,1,0,0,0,0,0,London,1,Westminster 020,69.04,2,252,173.97400000000002,1932
E02000960,7.0,1.0,54.97,52.16,20.6,4.35,57.73,17.32,LargeCentralMetro,1,0,0,0,0,0,London,,Westminster 001,56.5,1,191,107.91499999999999,1319
E02000974,5.0,1.0,40.98,6.31,23.51,6.47,46.5,23.52,LargeCentralMetro,1,0,0,0,0,0,London,,Westminster 015,59.0,1,122,71.97999999999999,634
E02000965,5.0,2.0,51.35,47.9,12.08,6.73,63.53,17.66,LargeCentralMetro,1,0,0,0,0,0,London,1,Westminster 006,77.3,1,185,143.005,1259
E02000983,3.0,3.0,54.5,46.12,16.97,8.02,56.56,18.46,LargeCentralMetro,1,0,0,0,0,0,London,1,Westminster 024,57.7,1,189,109.05300000000001,1095
E02000961,6.0,1.0,39.33,47.41,13.81,5.08,57.53,23.58,LargeCentralMetro,1,0,0,0,0,0,London,2,Westminster 002,48.58,2,356,172.938,2164
E02000970,9.0,1.0,25.61,94.96,16.11,2.5,66.43,14.96,LargeCentralMetro,1,0,0,0,0,0,London,1,Westminster 011,67.1,1,164,110.04399999999998,1170
E02000969,1.0,4.0,43.62,48.28,15.07,16.17,37.18,31.58,LargeCentralMetro,1,0,0,0,0,0,London,1,Westminster 010,48.4,1,188,90.99199999999999,1073
E02000007,2.0,4.0,24.89,44.05,14.67,26.14,51.02,8.17,LargeCentralMetro,1,0,0,0,0,0,London,5,Barking and Dagenham 006,60.3,1,229,138.087,1353
E02000012,4.0,1.0,24.65,48.33,58.76,8.97,25.87,6.4,LargeCentralMetro,1,0,0,0,0,0,London,5,Barking and Dagenham 011,50.7,1,353,178.971,2336
E02000021,2.0,2.0,34.42,45.68,18.44,28.27,45.47,7.81,LargeCentralMetro,1,0,0,0,0,0,London,3,Barking and Dagenham 020,34.0,1,215,73.10000000000001,1458
E02000022,2.0,1.0,37.21,47.3,25.94,33.77,30.23,10.06,LargeCentralMetro,1,0,0,0,0,0,London,,Barking and Dagenham 021,41.9,1,172,72.068,1224
E02000023,2.0,1.0,32.53,47.71,21.41,37.2,32.47,8.92,LargeCentralMetro,1,0,0,0,0,0,London,3,Barking and Dagenham 022,53.73,2,538,289.08799999999997,3228
E02000003,4.0,1.0,34.15,50.51,34.95,15.61,40.64,8.79,LargeCentralMetro,1,0,0,0,0,0,London,2,Barking and Dagenham 002,44.9,1,205,92.045,1374
E02000052,7.0,1.0,23.93,48.13,12.92,5.98,67.95,13.15,LargeCentralMetro,1,0,0,0,0,0,London,1,Barnet 029,55.73,2,280,156.036,1822
E02000032,9.0,1.0,11.15,48.55,20.88,3.57,58.87,16.68,LargeCentralMetro,1,0,0,0,0,0,London,3,Barnet 009,68.8,1,260,178.88,1823
E02000056,10.0,1.0,29.94,36.97,11.25,2.53,69.94,16.28,LargeCentralMetro,1,0,0,0,0,0,London,1,Barnet 033,67.5,1,157,105.97500000000001,990
E02000045,4.0,2.0,33.01,45.78,14.72,10.06,59.73,15.48,LargeCentralMetro,1,0,0,0,0,0,London,1,Barnet 022,51.5,1,206,106.09,1352
E02000039,7.0,1.0,42.24,100.0,15.83,7.61,63.74,12.83,LargeCentralMetro,1,0,0,0,0,0,London,4,Barnet 016,39.8,1,161,64.07799999999999,861
E02000026,7.0,2.0,18.18,44.29,12.55,4.15,69.7,13.6,LargeCentralMetro,1,0,0,0,0,0,London,6,Barnet 003,57.3,1,220,126.05999999999999,1427
E02000035,6.0,2.0,12.14,7.47,22.27,4.48,59.45,13.79,LargeCentralMetro,1,0,0,0,0,0,London,2,Barnet 012,78.6,1,173,135.97799999999998,1192
E02000038,5.0,2.0,35.21,49.3,18.47,7.27,60.06,14.2,LargeCentralMetro,1,0,0,0,0,0,London,2,Barnet 015,29.6,1,142,42.032000000000004,641
E02000048,6.0,2.0,11.71,0.0,18.65,7.08,56.86,17.41,LargeCentralMetro,1,0,0,0,0,0,London,1,Barnet 025,73.9,1,111,82.02900000000001,772
E02000055,4.0,2.0,42.79,43.29,15.76,7.64,60.53,16.06,LargeCentralMetro,1,0,0,0,0,0,London,1,Barnet 032,45.2,1,208,94.016,1222
E02000025,6.0,2.0,5.79,46.99,11.21,7.35,70.25,11.2,LargeCentralMetro,1,0,0,0,0,0,London,7,Barnet 002,76.8,1,190,145.92000000000002,1381
E02000103,1.0,2.0,41.7,58.33,19.47,21.32,36.37,22.85,LargeCentralMetro,1,0,0,0,0,0,London,3,Brent 011,46.84,2,271,126.929,1608
E02000030,7.0,2.0,25.0,44.8,19.0,5.22,65.05,10.73,LargeCentralMetro,1,0,0,0,0,0,London,3,Barnet 007,73.56,2,416,305.99100000000004,2654
E02000024,8.0,2.0,20.53,100.0,11.5,4.86,73.67,9.96,LargeCentralMetro,1,0,0,0,0,0,London,3,Barnet 001,69.5,1,190,132.04999999999998,1107
E02000033,5.0,2.0,21.9,48.61,15.42,6.5,62.24,15.84,LargeCentralMetro,1,0,0,0,0,0,London,,Barnet 010,59.0,1,105,61.949999999999996,539
E02000049,2.0,2.0,28.16,45.77,22.38,23.65,36.35,17.61,LargeCentralMetro,1,0,0,0,0,0,London,2,Barnet 026,55.8,1,206,114.948,1254
E02000062,2.0,2.0,46.23,42.15,20.81,13.87,42.43,22.89,LargeCentralMetro,1,0,0,0,0,0,London,2,Barnet 039,36.8,1,106,39.008,688
E02000079,7.0,6.0,28.49,46.2,12.71,5.28,76.28,5.73,LargeCentralMetro,1,0,0,0,0,0,London,3,Bexley 015,30.2,1,179,54.058,1487
E02000085,8.0,2.0,13.16,93.3,7.7,4.36,83.69,4.26,LargeCentralMetro,1,0,0,0,0,0,London,6,Bexley 021,38.6,1,228,88.008,1402
E02000091,7.0,4.0,34.12,46.58,7.29,4.65,82.67,5.38,LargeCentralMetro,1,0,0,0,0,0,London,4,Bexley 027,31.2,1,170,53.04,1009
E02000083,6.0,4.0,28.93,50.28,7.06,10.17,76.98,5.79,LargeCentralMetro,1,0,0,0,0,0,London,5,Bexley 019,39.6,1,159,62.964000000000006,1078
E02000082,9.0,1.0,15.0,42.99,10.65,6.13,76.91,6.31,LargeCentralMetro,1,0,0,0,0,0,London,6,Bexley 018,50.0,1,200,100.0,1284
E02000081,6.0,4.0,20.92,56.25,9.64,6.65,78.55,5.17,LargeCentralMetro,1,0,0,0,0,0,London,5,Bexley 017,56.28,2,368,207.11599999999999,1849
E02000069,6.0,4.0,38.15,45.86,12.53,19.18,61.33,6.96,LargeCentralMetro,1,0,0,0,0,0,London,4,Bexley 005,24.9,1,173,43.077,1051
E02000077,7.0,3.0,31.41,47.93,16.6,6.62,69.76,7.02,LargeCentralMetro,1,0,0,0,0,0,London,7,Bexley 013,26.7,1,191,50.997,1087
E02000121,2.0,1.0,16.98,46.05,64.18,10.72,14.62,10.48,LargeCentralMetro,1,0,0,0,0,0,London,1,Brent 029,50.6,1,324,163.944,1924
E02000112,2.0,1.0,48.24,43.91,56.89,13.88,19.97,9.27,LargeCentralMetro,1,0,0,0,0,0,London,1,Brent 020,43.2,1,199,85.968,1305
E02000095,4.0,1.0,26.06,47.7,47.64,7.69,33.53,11.14,LargeCentralMetro,1,0,0,0,0,0,London,3,Brent 003,52.09,2,568,295.864,3654
E02000116,1.0,3.0,52.02,43.39,20.62,21.23,35.37,22.78,LargeCentralMetro,1,0,0,0,0,0,London,1,Brent 024,39.9,1,173,69.027,1120
E02000098,3.0,2.0,7.52,48.73,35.35,13.49,32.72,18.44,LargeCentralMetro,1,0,0,0,0,0,London,6,Brent 006,79.0,1,319,252.01000000000002,2040
E02006956,2.0,3.0,36.75,49.06,41.59,19.14,28.37,10.9,LargeCentralMetro,1,0,0,0,0,0,London,,Brent 036,97.4,1,117,113.95800000000001,744
E02000123,1.0,2.0,39.33,60.19,13.81,30.63,38.19,17.37,LargeCentralMetro,1,0,0,0,0,0,London,1,Brent 031,34.3,2,239,81.969,1643
E02000122,6.0,1.0,21.33,49.24,15.33,9.85,57.14,17.68,LargeCentralMetro,1,0,0,0,0,0,London,1,Brent 030,57.3,1,211,120.90299999999999,1310
E02000096,6.0,1.0,12.43,44.74,55.79,3.34,31.33,9.54,LargeCentralMetro,1,0,0,0,0,0,London,2,Brent 004,67.6,1,185,125.05999999999999,1160
E02000105,3.0,1.0,18.3,47.01,49.84,13.27,25.44,11.46,LargeCentralMetro,1,0,0,0,0,0,London,2,Brent 013,75.5,1,306,231.03,1553
E02000152,6.0,4.0,30.59,47.4,8.29,9.01,73.14,9.55,LargeCentralMetro,1,0,0,0,0,0,London,3,Bromley 026,29.2,1,219,63.94799999999999,1171
E02000133,10.0,2.0,19.56,68.02,9.7,3.74,79.49,7.07,LargeCentralMetro,1,0,0,0,0,0,London,5,Bromley 007,58.2,2,455,264.831,2889
E02006789,8.0,5.0,24.41,51.75,1.73,1.25,93.36,3.66,LargeCentralMetro,1,0,0,0,0,0,London,8,Bromley 042,24.4,1,213,51.972,1314
E02000136,8.0,6.0,23.49,97.51,8.74,6.2,78.87,6.2,LargeCentralMetro,1,0,0,0,0,0,London,10,Bromley 010,51.0,1,149,75.99,1165
E02000162,8.0,4.0,15.38,55.48,8.94,4.09,82.62,4.35,LargeCentralMetro,1,0,0,0,0,0,London,7,Bromley 036,56.5,1,260,146.89999999999998,1687
E02000138,9.0,3.0,25.68,36.55,6.79,4.83,80.37,8.02,LargeCentralMetro,1,0,0,0,0,0,London,2,Bromley 012,58.5,1,183,107.05499999999999,1264
E02000158,6.0,3.0,51.56,39.72,9.59,9.78,74.61,6.03,LargeCentralMetro,1,0,0,0,0,0,London,4,Bromley 032,37.5,1,64,24.0,501
E02000130,6.0,3.0,27.39,99.27,6.35,13.98,67.95,11.72,LargeCentralMetro,1,0,0,0,0,0,London,2,Bromley 004,67.5,1,157,105.97500000000001,1096
E02000160,9.0,3.0,9.96,48.5,4.14,2.74,87.24,5.88,LargeCentralMetro,1,0,0,0,0,0,London,7,Bromley 034,61.4,1,241,147.974,1771
E02000140,4.0,7.0,40.66,39.1,7.02,11.72,74.33,6.94,LargeCentralMetro,1,0,0,0,0,0,London,3,Bromley 014,19.8,1,91,18.018,509
E02000150,9.0,3.0,10.02,52.96,6.27,7.37,77.97,8.39,LargeCentralMetro,1,0,0,0,0,0,London,5,Bromley 024,64.25,2,459,294.927,3527
E02006787,8.0,2.0,28.07,43.56,5.98,6.47,78.88,8.68,LargeCentralMetro,1,0,0,0,0,0,London,,Bromley 041,48.2,1,228,109.89600000000002,1274
E02000159,9.0,3.0,13.45,8.42,7.48,2.89,84.28,5.35,LargeCentralMetro,1,0,0,0,0,0,London,7,Bromley 033,46.2,1,223,103.02600000000001,1592
E02000146,8.0,5.0,30.65,44.15,9.17,5.8,76.78,8.25,LargeCentralMetro,1,0,0,0,0,0,London,2,Bromley 020,40.7,1,199,80.99300000000001,1531
E02000209,3.0,1.0,52.47,42.99,39.7,25.47,21.78,13.06,LargeCentralMetro,1,0,0,0,0,0,London,5,Croydon 016,31.5,1,162,51.03,777
E02000216,7.0,1.0,32.77,48.34,37.84,12.33,39.27,10.56,LargeCentralMetro,1,0,0,0,0,0,London,1,Croydon 023,38.7,1,119,46.053000000000004,784
E02000221,3.0,4.0,45.65,40.51,19.63,24.96,42.78,12.64,LargeCentralMetro,1,0,0,0,0,0,London,2,Croydon 028,50.5,1,184,92.92,1022
E02000200,5.0,2.0,45.96,45.97,8.61,30.7,48.09,12.59,LargeCentralMetro,1,0,0,0,0,0,London,2,Croydon 007,43.5,1,161,70.035,1018
E02000194,5.0,3.0,42.33,39.07,6.73,20.15,60.26,12.86,LargeCentralMetro,1,0,0,0,0,0,London,2,Croydon 001,57.1,1,163,93.07300000000001,1162
E02000213,3.0,2.0,50.38,46.76,20.94,32.8,32.17,14.09,LargeCentralMetro,1,0,0,0,0,0,London,1,Croydon 020,36.97,2,260,96.12,1544
E02000229,2.0,5.0,67.92,48.98,5.52,23.53,63.38,7.57,LargeCentralMetro,1,0,0,0,0,0,London,,Croydon 036,30.2,1,106,32.012,537
E02000196,3.0,2.0,41.1,100.0,26.75,24.6,36.22,12.44,LargeCentralMetro,1,0,0,0,0,0,London,2,Croydon 003,44.7,1,219,97.893,1173
E02006788,4.0,2.0,48.75,37.94,9.59,31.46,44.98,13.98,LargeCentralMetro,1,0,0,0,0,0,London,,Croydon 045,28.8,1,80,23.040000000000003,369
E02000237,8.0,4.0,32.07,51.39,6.46,6.56,79.63,7.35,LargeCentralMetro,1,0,0,0,0,0,London,6,Croydon 044,51.6,1,184,94.944,934
E02000207,3.0,1.0,53.05,50.27,10.55,33.46,42.53,13.46,LargeCentralMetro,1,0,0,0,0,0,London,4,Croydon 014,32.3,1,164,52.971999999999994,1659
E02000211,8.0,2.0,52.43,42.27,14.21,13.37,63.01,9.4,LargeCentralMetro,1,0,0,0,0,0,London,3,Croydon 018,44.7,1,103,46.041000000000004,634
E02000227,5.0,2.0,47.41,47.51,9.52,13.83,68.07,8.59,LargeCentralMetro,1,0,0,0,0,0,London,10,Croydon 034,23.0,1,135,31.05,903
E02000235,8.0,3.0,20.94,45.23,11.2,8.14,72.55,8.1,LargeCentralMetro,1,0,0,0,0,0,London,5,Croydon 042,55.0,1,320,176.0,2067
E02000195,5.0,1.0,35.22,0.74,24.08,20.11,44.09,11.72,LargeCentralMetro,1,0,0,0,0,0,London,1,Croydon 002,35.2,1,159,55.968,807
E02000219,7.0,2.0,49.17,56.05,17.03,10.69,64.45,7.83,LargeCentralMetro,1,0,0,0,0,0,London,3,Croydon 026,23.3,1,120,27.96,785
E02000230,6.0,2.0,31.86,41.52,19.45,12.22,58.34,9.99,LargeCentralMetro,1,0,0,0,0,0,London,5,Croydon 037,38.1,1,113,43.053,631
E02000231,9.0,2.0,27.57,49.1,26.94,8.5,54.77,9.78,LargeCentralMetro,1,0,0,0,0,0,London,7,Croydon 038,46.3,1,214,99.082,1273
E02000253,2.0,5.0,45.63,47.01,20.12,17.44,44.47,17.97,LargeCentralMetro,1,0,0,0,0,0,London,1,Ealing 016,41.4,1,263,108.88199999999999,1589
E02000249,3.0,4.0,13.44,51.65,30.57,12.76,39.07,17.61,LargeCentralMetro,1,0,0,0,0,0,London,4,Ealing 012,67.9,1,305,207.09500000000003,1994
E02000259,4.0,2.0,31.44,45.86,13.72,8.68,63.41,14.19,LargeCentralMetro,1,0,0,0,0,0,London,1,Ealing 022,62.0,1,229,141.98,1413
E02000276,8.0,2.0,23.13,52.5,11.52,7.02,70.45,11.01,LargeCentralMetro,1,0,0,0,0,0,London,,Ealing 039,80.3,1,147,118.041,760
E02006968,6.0,1.0,33.67,100.0,23.32,4.84,51.9,19.94,LargeCentralMetro,1,0,0,0,0,0,London,2,Ealing 041,65.3,1,199,129.947,1290
E02000272,8.0,2.0,23.01,48.99,14.36,5.39,69.44,10.81,LargeCentralMetro,1,0,0,0,0,0,London,1,Ealing 035,68.6,1,239,163.95399999999998,1580
E02006970,2.0,1.0,32.48,47.83,74.34,7.55,6.09,12.02,LargeCentralMetro,1,0,0,0,0,0,London,2,Ealing 043,48.9,1,274,133.986,1773
E02000247,2.0,4.0,31.56,49.73,30.79,16.3,35.44,17.48,LargeCentralMetro,1,0,0,0,0,0,London,3,Ealing 010,53.2,1,301,160.132,2015
E02000240,2.0,2.0,41.01,41.72,27.91,16.34,40.56,15.2,LargeCentralMetro,1,0,0,0,0,0,London,3,Ealing 003,29.5,1,139,41.004999999999995,858
E02000264,5.0,1.0,16.4,47.05,18.04,6.66,61.07,14.24,LargeCentralMetro,1,0,0,0,0,0,London,4,Ealing 027,82.0,1,189,154.98,1626
E02000260,2.0,1.0,38.37,50.31,75.55,6.55,7.17,10.72,LargeCentralMetro,1,0,0,0,0,0,London,2,Ealing 023,51.2,1,258,132.096,1445
E02000243,2.0,4.0,22.84,47.85,26.97,11.99,44.58,16.47,LargeCentralMetro,1,0,0,0,0,0,London,,Ealing 006,69.0,1,197,135.92999999999998,1396
E02000307,2.0,2.0,43.67,48.04,14.63,19.92,44.27,21.18,LargeCentralMetro,1,0,0,0,0,0,London,1,Enfield 031,36.7,1,229,84.043,1401
E02000288,2.0,3.0,41.7,48.05,18.8,29.63,34.02,17.54,LargeCentralMetro,1,0,0,0,0,0,London,2,Enfield 012,37.56,3,578,217.091,3353
E02000285,6.0,2.0,39.88,50.83,8.4,7.0,73.08,11.52,LargeCentralMetro,1,0,0,0,0,0,London,2,Enfield 009,38.7,1,168,65.016,966
E02000284,5.0,2.0,28.45,50.29,6.8,9.24,71.65,12.32,LargeCentralMetro,1,0,0,0,0,0,London,2,Enfield 008,53.75,2,348,187.047,2040
E02000289,8.0,1.0,16.17,49.76,13.96,5.56,63.23,17.24,LargeCentralMetro,1,0,0,0,0,0,London,8,Enfield 013,64.7,1,235,152.04500000000002,1650
E02000304,9.0,1.0,44.74,43.41,13.75,3.77,65.41,17.07,LargeCentralMetro,1,0,0,0,0,0,London,2,Enfield 028,28.9,1,114,32.946,539
E02000279,2.0,2.0,52.1,48.54,7.45,30.68,41.13,20.73,LargeCentralMetro,1,0,0,0,0,0,London,4,Enfield 003,35.3,1,119,42.007,717
E02000312,4.0,1.0,20.69,99.12,11.58,8.58,64.69,15.15,LargeCentralMetro,1,0,0,0,0,0,London,3,Enfield 036,51.1,1,174,88.914,1020
E02000280,5.0,3.0,28.57,4.4,4.68,9.16,73.42,12.74,LargeCentralMetro,1,0,0,0,0,0,London,5,Enfield 004,63.0,1,154,97.02,999
E02000287,8.0,1.0,18.64,46.95,15.1,4.56,63.87,16.47,LargeCentralMetro,1,0,0,0,0,0,London,6,Enfield 011,52.1,1,236,122.956,1410
E02000302,4.0,1.0,27.04,51.79,12.57,11.87,57.25,18.31,LargeCentralMetro,1,0,0,0,0,0,London,4,Enfield 026,41.6,1,233,96.92800000000001,1788
E02000405,9.0,1.0,21.49,51.65,5.79,5.75,76.7,11.76,LargeCentralMetro,1,0,0,0,0,0,London,2,Haringey 009,76.8,1,228,175.104,1880
E02000410,8.0,1.0,14.61,46.74,5.88,3.64,78.92,11.55,LargeCentralMetro,1,0,0,0,0,0,London,3,Haringey 014,65.9,1,267,175.953,1765
E02000425,1.0,1.0,53.31,47.57,5.05,11.43,63.34,20.18,LargeCentralMetro,1,0,0,0,0,0,London,1,Haringey 029,33.5,1,257,86.095,1236
E02000416,3.0,3.0,40.66,43.1,7.46,15.13,62.06,15.35,LargeCentralMetro,1,0,0,0,0,0,London,1,Haringey 020,26.4,1,182,48.048,1181
E02000412,1.0,2.0,43.35,49.58,12.9,21.33,48.64,17.12,LargeCentralMetro,1,0,0,0,0,0,London,1,Haringey 016,45.1,1,233,105.083,1178
E02000429,9.0,1.0,21.8,44.78,6.03,5.28,76.79,11.91,LargeCentralMetro,1,0,0,0,0,0,London,1,Haringey 033,62.4,1,266,165.984,1543
E02000424,7.0,2.0,35.44,100.0,4.5,11.24,70.59,13.66,LargeCentralMetro,1,0,0,0,0,0,London,1,Haringey 028,48.7,1,158,76.94600000000001,663
E02000404,2.0,1.0,39.19,46.02,11.97,17.02,51.8,19.22,LargeCentralMetro,1,0,0,0,0,0,London,3,Haringey 008,47.7,1,222,105.894,1156
E02000415,4.0,1.0,49.55,45.73,11.62,13.54,56.43,18.41,LargeCentralMetro,1,0,0,0,0,0,London,4,Haringey 019,28.4,1,222,63.047999999999995,1041
E02000403,3.0,2.0,36.02,46.66,9.88,11.33,62.95,15.84,LargeCentralMetro,1,0,0,0,0,0,London,1,Haringey 007,54.0,1,211,113.94000000000001,1271
E02000440,5.0,1.0,11.67,49.41,52.25,4.36,34.65,8.74,LargeCentralMetro,1,0,0,0,0,0,London,2,Harrow 008,73.9,1,180,133.02,1182
E02000433,5.0,2.0,31.22,100.0,37.56,5.56,46.53,10.35,LargeCentralMetro,1,0,0,0,0,0,London,9,Harrow 001,62.4,1,221,137.904,1394
E02000442,4.0,1.0,37.82,43.22,52.3,4.39,33.6,9.71,LargeCentralMetro,1,0,0,0,0,0,London,1,Harrow 010,35.2,1,193,67.936,1217
E02000455,4.0,3.0,25.44,43.53,47.39,6.95,34.44,11.23,LargeCentralMetro,1,0,0,0,0,0,London,1,Harrow 023,47.3,1,169,79.937,1013
E02000438,5.0,4.0,33.68,44.19,36.03,11.18,42.61,10.17,LargeCentralMetro,1,0,0,0,0,0,London,6,Harrow 006,38.9,1,193,75.077,1265
E02000451,8.0,1.0,17.19,45.18,50.06,3.28,38.2,8.46,LargeCentralMetro,1,0,0,0,0,0,London,2,Harrow 019,67.8,1,320,216.95999999999998,2023
E02000444,3.0,1.0,28.35,42.56,55.56,4.35,32.01,8.09,LargeCentralMetro,1,0,0,0,0,0,London,1,Harrow 012,49.0,1,261,127.89,1471
E02000454,9.0,1.0,12.57,47.14,47.58,2.48,41.19,8.75,LargeCentralMetro,1,0,0,0,0,0,London,,Harrow 022,69.7,1,175,121.97500000000001,1135
E02000463,3.0,3.0,36.45,46.33,44.09,11.12,31.51,13.29,LargeCentralMetro,1,0,0,0,0,0,London,3,Harrow 031,36.0,1,214,77.03999999999999,1198
E02000443,2.0,4.0,29.27,0.0,41.68,11.73,32.29,14.3,LargeCentralMetro,1,0,0,0,0,0,London,4,Harrow 011,58.5,1,123,71.955,737
E02000459,3.0,3.0,33.46,48.36,43.35,10.6,32.54,13.51,LargeCentralMetro,1,0,0,0,0,0,London,1,Harrow 027,56.5,1,269,151.98499999999999,1739
E02000486,7.0,3.0,29.14,48.93,8.89,5.09,81.33,4.69,LargeCentralMetro,1,0,0,0,0,0,London,6,Havering 023,45.7,1,175,79.97500000000001,887
E02000466,5.0,5.0,30.37,48.33,8.14,8.58,77.26,6.02,LargeCentralMetro,1,0,0,0,0,0,London,4,Havering 003,31.4,1,191,59.974000000000004,1016
E02000490,5.0,4.0,50.0,49.37,10.06,11.62,74.24,4.07,LargeCentralMetro,1,0,0,0,0,0,London,4,Havering 027,27.9,1,140,39.059999999999995,711
E02000473,7.0,2.0,17.09,26.77,12.06,6.08,76.1,5.75,LargeCentralMetro,1,0,0,0,0,0,London,7,Havering 010,54.91,2,357,196.043,2305
E02000482,10.0,2.0,12.41,46.06,5.35,1.49,89.61,3.55,LargeCentralMetro,1,0,0,0,0,0,London,6,Havering 019,61.13,2,419,256.117,2616
E02000465,4.0,5.0,40.84,50.5,9.88,11.0,73.9,5.22,LargeCentralMetro,1,0,0,0,0,0,London,8,Havering 002,35.1,1,191,67.04100000000001,1206
E02000478,10.0,2.0,18.84,44.78,26.92,4.45,61.53,7.1,LargeCentralMetro,1,0,0,0,0,0,London,4,Havering 015,44.9,1,207,92.943,1034
E02000479,4.0,4.0,21.98,100.0,12.84,9.34,70.1,7.71,LargeCentralMetro,1,0,0,0,0,0,London,1,Havering 016,45.7,1,232,106.024,1393
E02000492,5.0,2.0,26.59,44.84,8.06,8.7,78.92,4.32,LargeCentralMetro,1,0,0,0,0,0,London,8,Havering 029,50.3,1,173,87.019,901
E02000484,8.0,3.0,28.79,43.1,9.6,6.41,79.16,4.83,LargeCentralMetro,1,0,0,0,0,0,London,,Havering 021,61.4,1,132,81.048,717
E02000485,7.0,2.0,9.17,100.0,6.01,4.17,85.56,4.26,LargeCentralMetro,1,0,0,0,0,0,London,4,Havering 022,70.0,1,120,84.0,829
E02000513,2.0,2.0,32.14,48.82,39.63,16.76,31.29,12.32,LargeCentralMetro,1,0,0,0,0,0,London,5,Hillingdon 020,57.9,1,252,145.908,1569
E02000500,8.0,2.0,12.57,50.72,19.16,2.09,71.15,7.6,LargeCentralMetro,1,0,0,0,0,0,London,3,Hillingdon 007,59.0,1,183,107.97,1256
E02000508,5.0,2.0,32.6,44.79,26.88,7.73,52.77,12.62,LargeCentralMetro,1,0,0,0,0,0,London,3,Hillingdon 015,53.53,2,411,220.024,2639
E02000511,4.0,1.0,42.86,41.19,37.93,8.42,40.89,12.77,LargeCentralMetro,1,0,0,0,0,0,London,2,Hillingdon 018,26.03,2,119,30.971,590
E02000504,9.0,1.0,16.32,43.7,21.3,1.56,70.32,6.82,LargeCentralMetro,1,0,0,0,0,0,London,4,Hillingdon 011,54.4,1,239,130.01600000000002,1437
E02000520,2.0,1.0,30.0,63.23,48.54,12.55,25.91,13.0,LargeCentralMetro,1,0,0,0,0,0,London,,Hillingdon 027,30.0,1,70,21.0,495
E02000496,5.0,4.0,46.67,46.85,9.38,2.73,81.78,6.12,LargeCentralMetro,1,0,0,0,0,0,London,10,Hillingdon 003,20.0,1,45,9.0,254
E02000523,3.0,1.0,41.88,46.2,58.76,8.52,19.92,12.8,LargeCentralMetro,1,0,0,0,0,0,London,7,Hillingdon 030,40.6,1,234,95.004,1368
E02000497,7.0,3.0,24.28,49.06,26.16,4.61,60.96,8.27,LargeCentralMetro,1,0,0,0,0,0,London,4,Hillingdon 004,44.0,1,243,106.92,1549
E02000495,5.0,2.0,18.64,45.39,29.63,4.96,56.53,8.88,LargeCentralMetro,1,0,0,0,0,0,London,3,Hillingdon 002,74.6,1,177,132.042,1031
E02000507,6.0,1.0,35.53,36.91,28.2,5.59,55.61,10.6,LargeCentralMetro,1,0,0,0,0,0,London,6,Hillingdon 014,33.3,1,228,75.92399999999999,1287
E02000518,3.0,3.0,41.67,48.83,24.64,10.22,55.8,9.33,LargeCentralMetro,1,0,0,0,0,0,London,,Hillingdon 025,37.1,1,132,48.972,852
E02000517,2.0,3.0,32.47,41.23,40.37,14.27,32.38,12.98,LargeCentralMetro,1,0,0,0,0,0,London,3,Hillingdon 024,45.5,2,154,70.068,992
E02006796,5.0,2.0,20.0,48.5,26.69,5.59,57.46,10.27,LargeCentralMetro,1,0,0,0,0,0,London,2,Hillingdon 033,62.5,1,240,150.0,1499
E02000503,8.0,1.0,20.28,47.86,17.99,3.46,70.58,7.97,LargeCentralMetro,1,0,0,0,0,0,London,3,Hillingdon 010,59.0,1,212,125.08,1283
E02000510,5.0,1.0,26.34,99.93,31.29,6.1,51.34,11.27,LargeCentralMetro,1,0,0,0,0,0,London,6,Hillingdon 017,56.7,1,224,127.00800000000001,1398
E02000506,8.0,2.0,9.84,48.32,33.77,2.91,52.46,10.86,LargeCentralMetro,1,0,0,0,0,0,London,3,Hillingdon 013,60.7,1,244,148.108,1515
E02000531,4.0,4.0,22.16,43.95,13.48,8.51,65.95,12.06,LargeCentralMetro,1,0,0,0,0,0,London,1,Hounslow 006,62.29,2,334,208.032,2073
E02000532,8.0,1.0,35.9,47.86,9.25,4.98,73.88,11.89,LargeCentralMetro,1,0,0,0,0,0,London,3,Hounslow 007,63.2,1,234,147.888,1590
E02000530,1.0,1.0,24.52,47.94,50.11,15.73,19.64,14.51,LargeCentralMetro,1,0,0,0,0,0,London,4,Hounslow 005,53.8,1,208,111.90399999999998,1554
E02000539,5.0,3.0,24.17,71.09,21.79,7.49,57.44,13.28,LargeCentralMetro,1,0,0,0,0,0,London,4,Hounslow 014,57.54,3,480,276.183,2746
E02000546,3.0,1.0,28.25,49.13,59.1,5.83,24.56,10.51,LargeCentralMetro,1,0,0,0,0,0,London,3,Hounslow 021,57.2,1,269,153.86800000000002,1830
E02000536,4.0,1.0,30.34,46.21,59.92,5.26,21.74,13.09,LargeCentralMetro,1,0,0,0,0,0,London,4,Hounslow 011,53.78,2,435,233.925,2833
E02000534,6.0,1.0,30.54,0.59,36.66,5.42,45.2,12.72,LargeCentralMetro,1,0,0,0,0,0,London,5,Hounslow 009,38.3,1,167,63.96099999999999,1021
E02000537,5.0,1.0,37.06,49.18,58.15,2.98,26.7,12.18,LargeCentralMetro,1,0,0,0,0,0,London,2,Hounslow 012,45.5,1,143,65.065,980
E02000549,3.0,3.0,36.74,46.78,34.89,5.46,48.51,11.13,LargeCentralMetro,1,0,0,0,0,0,London,2,Hounslow 024,26.06,2,215,56.035,1242
E02000547,4.0,3.0,38.62,47.33,36.55,8.34,45.38,9.72,LargeCentralMetro,1,0,0,0,0,0,London,4,Hounslow 022,56.06,2,189,105.952,1236
E02000542,3.0,1.0,16.67,47.98,59.68,6.61,22.48,11.23,LargeCentralMetro,1,0,0,0,0,0,London,2,Hounslow 017,72.0,1,186,133.92,1215
E02000612,8.0,2.0,14.53,6.7,23.14,1.95,63.72,11.18,LargeCentralMetro,1,0,0,0,0,0,London,3,Kingston upon Thames 015,67.4,1,172,115.92800000000001,1030
E02000605,7.0,3.0,23.46,91.09,22.0,1.81,64.56,11.63,LargeCentralMetro,1,0,0,0,0,0,London,7,Kingston upon Thames 008,64.2,1,243,156.006,1538
E02000606,8.0,1.0,23.35,35.52,13.5,2.31,72.4,11.79,LargeCentralMetro,1,0,0,0,0,0,London,1,Kingston upon Thames 009,60.9,1,197,119.973,1205
E02000609,6.0,2.0,12.3,49.71,31.22,2.78,52.8,13.2,LargeCentralMetro,1,0,0,0,0,0,London,2,Kingston upon Thames 012,74.45,2,309,230.048,2066
E02000598,9.0,1.0,14.35,44.99,15.23,1.63,73.39,9.76,LargeCentralMetro,1,0,0,0,0,0,London,,Kingston upon Thames 001,78.9,1,209,164.901,1178
E02000613,7.0,4.0,14.73,1.83,10.76,2.79,77.54,8.92,LargeCentralMetro,1,0,0,0,0,0,London,2,Kingston upon Thames 016,51.2,1,129,66.048,928
E02000614,4.0,3.0,12.24,98.18,27.14,4.08,56.86,11.92,LargeCentralMetro,1,0,0,0,0,0,London,2,Kingston upon Thames 017,62.0,1,237,146.94,1486
E02000707,3.0,3.0,45.5,41.76,17.18,35.18,36.68,10.96,LargeCentralMetro,1,0,0,0,0,0,London,3,Merton 019,59.0,1,200,118.0,1341
E02000710,4.0,4.0,48.52,48.81,21.91,14.75,52.79,10.55,LargeCentralMetro,1,0,0,0,0,0,London,2,Merton 022,43.2,1,169,73.00800000000001,879
E02000704,6.0,2.0,44.62,47.82,14.71,5.65,69.06,10.59,LargeCentralMetro,1,0,0,0,0,0,London,7,Merton 016,46.7,1,195,91.06500000000001,1190
E02000690,10.0,1.0,28.38,100.0,10.8,1.61,78.87,8.72,LargeCentralMetro,1,0,0,0,0,0,London,2,Merton 002,55.4,1,222,122.98799999999999,1476
E02000699,9.0,1.0,24.46,0.0,16.11,1.96,71.79,10.14,LargeCentralMetro,1,0,0,0,0,0,London,2,Merton 011,67.4,1,233,157.042,1491
E02000702,4.0,3.0,39.85,47.78,17.57,26.43,43.43,12.56,LargeCentralMetro,1,0,0,0,0,0,London,2,Merton 014,41.4,1,133,55.062,944
E02000692,10.0,1.0,18.56,0.0,14.76,2.22,74.25,8.77,LargeCentralMetro,1,0,0,0,0,0,London,4,Merton 004,68.6,1,194,133.084,1258
E02000742,2.0,1.0,47.09,52.3,40.15,18.52,32.52,8.81,LargeCentralMetro,1,0,0,0,0,0,London,2,Newham 029,65.4,1,361,236.09400000000002,2914
E02000748,2.0,1.0,51.75,44.76,18.98,16.95,54.35,9.72,LargeCentralMetro,1,0,0,0,0,0,London,2,Newham 035,47.71,2,400,190.82299999999998,2292
E02000718,1.0,2.0,45.76,39.12,54.7,21.19,15.99,8.11,LargeCentralMetro,1,0,0,0,0,0,London,4,Newham 005,50.5,1,295,148.975,1700
E02006999,6.0,1.0,46.51,47.55,26.83,18.06,44.02,11.08,LargeCentralMetro,1,0,0,0,0,0,London,,Newham 042,38.4,1,86,33.024,511
E02000721,2.0,1.0,43.41,93.59,64.54,12.05,16.2,7.2,LargeCentralMetro,1,0,0,0,0,0,London,1,Newham 008,53.3,1,182,97.00599999999999,1295
E02000730,3.0,1.0,49.27,22.81,73.41,7.45,12.97,6.16,LargeCentralMetro,1,0,0,0,0,0,London,1,Newham 017,56.37,2,479,269.997,2828
E02006925,6.0,1.0,19.94,46.09,66.86,4.3,19.45,9.38,LargeCentralMetro,1,0,0,0,0,0,London,2,Redbridge 036,58.7,1,351,206.03700000000003,2610
E02000758,6.0,1.0,44.68,46.12,46.15,9.66,32.9,11.29,LargeCentralMetro,1,0,0,0,0,0,London,4,Redbridge 008,43.3,1,141,61.053,991
E02000772,3.0,1.0,23.89,47.84,59.54,10.34,20.6,9.52,LargeCentralMetro,1,0,0,0,0,0,London,2,Redbridge 022,55.0,1,180,99.00000000000001,1250
E02000752,4.0,3.0,33.11,47.14,23.32,11.65,56.15,8.88,LargeCentralMetro,1,0,0,0,0,0,London,6,Redbridge 002,37.1,1,151,56.021,823
E02000756,5.0,1.0,14.86,47.48,32.33,7.65,51.06,8.96,LargeCentralMetro,1,0,0,0,0,0,London,6,Redbridge 006,42.3,1,175,74.02499999999999,872
E02006800,3.0,1.0,36.55,49.16,59.87,8.95,21.34,9.84,LargeCentralMetro,1,0,0,0,0,0,London,2,Redbridge 034,36.6,1,290,106.14,1845
E02000763,5.0,1.0,22.41,47.62,51.79,7.74,30.66,9.81,LargeCentralMetro,1,0,0,0,0,0,London,5,Redbridge 013,57.6,1,290,167.04000000000002,1783
E02000770,4.0,1.0,26.56,42.86,60.63,7.62,21.07,10.68,LargeCentralMetro,1,0,0,0,0,0,London,4,Redbridge 020,47.4,1,192,91.008,1155
E02000751,8.0,1.0,11.49,50.94,19.44,5.06,67.0,8.49,LargeCentralMetro,1,0,0,0,0,0,London,2,Redbridge 001,66.0,1,235,155.1,1598
E02000776,2.0,1.0,24.59,100.0,64.29,8.97,19.39,7.35,LargeCentralMetro,1,0,0,0,0,0,London,2,Redbridge 026,61.5,1,122,75.03,748
E02006924,5.0,1.0,26.19,48.31,64.85,5.9,20.82,8.43,LargeCentralMetro,1,0,0,0,0,0,London,2,Redbridge 035,76.2,1,168,128.016,1329
E02000768,9.0,2.0,18.78,47.56,20.59,5.51,64.43,9.47,LargeCentralMetro,1,0,0,0,0,0,London,2,Redbridge 018,61.1,1,229,139.919,1434
E02000759,6.0,1.0,22.71,48.9,24.41,10.58,54.01,11.01,LargeCentralMetro,1,0,0,0,0,0,London,3,Redbridge 009,58.3,1,295,171.98499999999999,2000
E02000789,9.0,2.0,23.13,42.14,9.92,1.38,79.34,9.36,LargeCentralMetro,1,0,0,0,0,0,London,1,Richmond upon Thames 006,63.9,1,147,93.933,1037
E02000795,9.0,1.0,9.28,42.8,6.02,1.07,84.3,8.61,LargeCentralMetro,1,0,0,0,0,0,London,1,Richmond upon Thames 012,78.9,1,237,186.993,1631
E02000803,6.0,5.0,32.3,44.46,10.95,3.05,76.52,9.49,LargeCentralMetro,1,0,0,0,0,0,London,,Richmond upon Thames 020,37.3,1,161,60.053,866
E02000792,10.0,2.0,9.09,42.4,5.64,1.33,85.0,8.03,LargeCentralMetro,1,0,0,0,0,0,London,1,Richmond upon Thames 009,79.5,1,220,174.9,1394
E02000788,10.0,1.0,22.35,48.51,5.92,1.08,82.81,10.19,LargeCentralMetro,1,0,0,0,0,0,London,2,Richmond upon Thames 005,66.5,1,170,113.05000000000001,1039
E02000794,9.0,2.0,18.54,37.62,11.54,1.54,77.94,8.99,LargeCentralMetro,1,0,0,0,0,0,London,,Richmond upon Thames 011,48.3,1,151,72.93299999999999,755
E02000805,8.0,2.0,17.37,41.42,6.51,1.81,84.02,7.66,LargeCentralMetro,1,0,0,0,0,0,London,6,Richmond upon Thames 022,66.5,1,236,156.94,1381
E02000796,5.0,3.0,25.52,40.24,25.97,4.43,59.59,10.01,LargeCentralMetro,1,0,0,0,0,0,London,,Richmond upon Thames 013,54.12,2,290,156.95,1777
E02000798,8.0,3.0,8.45,93.59,9.28,2.02,79.65,9.04,LargeCentralMetro,1,0,0,0,0,0,London,1,Richmond upon Thames 015,82.2,1,213,175.086,1467
E02000844,5.0,5.0,29.49,4.21,13.34,7.78,70.95,7.94,LargeCentralMetro,1,0,0,0,0,0,London,1,Sutton 005,43.6,1,234,102.024,1521
E02000854,8.0,3.0,22.67,100.0,9.62,3.64,80.53,6.2,LargeCentralMetro,1,0,0,0,0,0,London,2,Sutton 015,59.95,2,472,282.95799999999997,2849
E02000848,9.0,2.0,16.67,47.12,18.97,2.7,71.2,7.13,LargeCentralMetro,1,0,0,0,0,0,London,2,Sutton 009,56.9,1,318,180.94199999999998,2103
E02000842,8.0,4.0,18.52,51.57,20.72,4.58,66.38,8.33,LargeCentralMetro,1,0,0,0,0,0,London,4,Sutton 003,75.2,1,270,203.04,1782
E02000846,8.0,4.0,27.48,44.82,21.18,5.03,65.84,7.96,LargeCentralMetro,1,0,0,0,0,0,London,5,Sutton 007,70.5,1,302,212.91,1961
E02000863,8.0,2.0,13.54,0.0,20.92,6.91,65.43,6.74,LargeCentralMetro,1,0,0,0,0,0,London,4,Sutton 024,65.1,1,192,124.99199999999999,1134
E02000857,6.0,3.0,24.48,46.43,21.03,6.38,63.61,8.98,LargeCentralMetro,1,0,0,0,0,0,London,7,Sutton 018,35.9,1,192,68.928,1120
E02000895,5.0,4.0,21.67,48.11,10.21,11.61,65.79,12.4,LargeCentralMetro,1,0,0,0,0,0,London,5,Waltham Forest 001,49.2,1,240,118.08000000000001,1401
E02000918,4.0,1.0,37.5,100.0,22.27,14.06,51.96,11.71,LargeCentralMetro,1,0,0,0,0,0,London,2,Waltham Forest 024,45.0,1,120,54.0,603
E02000908,2.0,1.0,34.68,61.58,16.87,15.4,54.87,12.86,LargeCentralMetro,1,0,0,0,0,0,London,3,Waltham Forest 014,62.66,2,297,186.111,1624
E02000904,5.0,1.0,29.07,34.85,19.97,16.07,52.28,11.68,LargeCentralMetro,1,0,0,0,0,0,London,5,Waltham Forest 010,47.1,1,172,81.012,881
E02000897,5.0,3.0,34.57,47.94,9.56,12.43,66.69,11.31,LargeCentralMetro,1,0,0,0,0,0,London,7,Waltham Forest 003,44.4,1,162,71.928,1116
E02000901,7.0,2.0,26.5,48.55,9.84,9.77,69.12,11.27,LargeCentralMetro,1,0,0,0,0,0,London,2,Waltham Forest 007,44.9,1,234,105.066,1547
E02000907,2.0,2.0,30.61,69.59,17.01,24.95,44.54,13.49,LargeCentralMetro,1,0,0,0,0,0,London,1,Waltham Forest 013,56.98,2,379,215.954,2101
E02000912,4.0,1.0,36.22,41.02,29.41,14.55,43.61,12.43,LargeCentralMetro,1,0,0,0,0,0,London,3,Waltham Forest 018,37.8,1,196,74.088,1097
E02000915,5.0,1.0,23.04,40.62,20.85,12.65,55.92,10.58,LargeCentralMetro,1,0,0,0,0,0,London,2,Waltham Forest 021,50.0,1,204,102.0,1029
E02000917,3.0,1.0,33.55,1.0,18.66,14.4,55.07,11.87,LargeCentralMetro,1,0,0,0,0,0,London,1,Waltham Forest 023,52.0,1,152,79.04,902
E02000902,4.0,1.0,40.0,44.41,19.28,16.82,49.66,14.25,LargeCentralMetro,1,0,0,0,0,0,London,2,Waltham Forest 008,29.2,1,120,35.04,617
E02000905,5.0,1.0,46.24,42.58,20.25,13.3,54.94,11.51,LargeCentralMetro,1,0,0,0,0,0,London,5,Waltham Forest 011,54.3,1,173,93.939,1071
E02007039,1.0,3.0,70.55,42.64,75.6,4.9,10.5,9.0,LargeCentralMetro,1,0,0,0,0,0,West Midlands,3,Birmingham 142,42.3,1,163,68.949,870
E02001897,1.0,6.0,72.44,43.46,40.57,28.71,10.79,19.93,LargeCentralMetro,1,0,0,0,0,0,West Midlands,1,Birmingham 071,52.6,1,156,82.056,826
E02001828,8.0,4.0,17.41,46.75,9.16,1.85,85.23,3.77,LargeCentralMetro,1,0,0,0,0,0,West Midlands,3,Birmingham 002,61.1,1,270,164.97,1741
E02001876,2.0,2.0,43.17,54.59,26.7,35.08,27.43,10.79,LargeCentralMetro,1,0,0,0,0,0,West Midlands,1,Birmingham 050,50.84,3,417,211.983,2918
E02001920,2.0,8.0,55.43,46.44,9.96,12.19,67.85,10.0,LargeCentralMetro,1,0,0,0,0,0,West Midlands,8,Birmingham 094,30.4,1,184,55.936,928
E02001930,6.0,6.0,36.65,28.59,20.22,3.45,68.0,8.32,LargeCentralMetro,1,0,0,0,0,0,West Midlands,2,Birmingham 104,54.99,2,322,177.057,1910
E02001832,9.0,5.0,15.12,47.27,7.56,2.79,84.63,5.02,LargeCentralMetro,1,0,0,0,0,0,West Midlands,2,Birmingham 006,64.5,1,172,110.94,1081
E02001884,1.0,2.0,58.96,100.0,68.85,11.41,8.08,11.66,LargeCentralMetro,1,0,0,0,0,0,West Midlands,3,Birmingham 058,44.8,1,134,60.032,965
E02001859,1.0,3.0,54.03,36.16,69.13,15.42,9.58,5.86,LargeCentralMetro,1,0,0,0,0,0,West Midlands,2,Birmingham 033,49.56,2,335,166.023,1889
E02001843,4.0,6.0,45.64,51.03,12.41,8.7,72.67,6.22,LargeCentralMetro,1,0,0,0,0,0,West Midlands,3,Birmingham 017,49.0,1,149,73.01,778
E02001888,2.0,9.0,58.08,46.65,26.07,7.73,58.39,7.81,LargeCentralMetro,1,0,0,0,0,0,West Midlands,,Birmingham 062,28.1,1,167,46.92700000000001,954
E02001956,4.0,9.0,50.71,47.89,3.68,5.21,85.03,6.08,LargeCentralMetro,1,0,0,0,0,0,West Midlands,9,Birmingham 130,30.8,1,211,64.988,1184
E02001878,1.0,3.0,69.86,49.64,58.28,21.22,8.85,11.65,LargeCentralMetro,1,0,0,0,0,0,West Midlands,2,Birmingham 052,47.3,1,146,69.05799999999999,826
E02001848,2.0,8.0,53.76,46.94,20.24,22.61,48.26,8.88,LargeCentralMetro,1,0,0,0,0,0,West Midlands,3,Birmingham 022,41.0,1,173,70.92999999999999,1112
E02001932,2.0,9.0,64.75,42.78,8.45,10.06,71.35,10.14,LargeCentralMetro,1,0,0,0,0,0,West Midlands,7,Birmingham 106,17.3,1,139,24.047,790
E02001857,2.0,9.0,56.78,49.73,25.64,17.53,46.98,9.84,LargeCentralMetro,1,0,0,0,0,0,West Midlands,5,Birmingham 031,29.1,1,199,57.909000000000006,931
E02001831,5.0,8.0,23.92,53.79,7.65,4.65,81.14,6.56,LargeCentralMetro,1,0,0,0,0,0,West Midlands,5,Birmingham 005,52.5,1,255,133.875,1571
E02001906,4.0,6.0,65.18,38.88,15.67,9.13,65.13,10.06,LargeCentralMetro,1,0,0,0,0,0,West Midlands,7,Birmingham 080,34.8,1,112,38.976,553
E02001886,2.0,3.0,71.75,48.11,41.98,15.0,30.42,12.6,LargeCentralMetro,1,0,0,0,0,0,West Midlands,4,Birmingham 060,15.3,1,177,27.081,1031
E02001855,2.0,10.0,63.37,46.6,2.64,8.1,79.6,9.67,LargeCentralMetro,1,0,0,0,0,0,West Midlands,4,Birmingham 029,18.6,1,172,31.992000000000004,942
E02001923,2.0,5.0,55.69,40.64,67.22,3.72,20.62,8.44,LargeCentralMetro,1,0,0,0,0,0,West Midlands,6,Birmingham 097,28.9,2,422,121.968,2335
E02006809,4.0,2.0,38.92,41.46,65.16,9.77,13.49,11.59,LargeCentralMetro,1,0,0,0,0,0,West Midlands,4,Birmingham 133,35.7,1,185,66.045,1182
E02001905,8.0,2.0,55.46,36.47,27.68,4.87,57.29,10.15,LargeCentralMetro,1,0,0,0,0,0,West Midlands,2,Birmingham 079,43.7,1,119,52.00300000000001,606
E02001921,3.0,7.0,58.47,99.69,14.86,9.36,63.5,12.28,LargeCentralMetro,1,0,0,0,0,0,West Midlands,7,Birmingham 095,46.6,1,118,54.988,642
E02001870,1.0,4.0,53.12,57.22,64.34,8.44,19.4,7.81,LargeCentralMetro,1,0,0,0,0,0,West Midlands,5,Birmingham 044,42.15,2,384,161.85999999999999,1954
E02001867,1.0,1.0,61.47,49.01,55.07,28.56,7.61,8.76,LargeCentralMetro,1,0,0,0,0,0,West Midlands,2,Birmingham 041,23.8,1,231,54.978,1159
E02001862,1.0,2.0,54.33,45.53,55.06,20.06,12.88,12.0,LargeCentralMetro,1,0,0,0,0,0,West Midlands,3,Birmingham 036,35.25,2,335,118.078,1891
E02006898,4.0,2.0,64.38,45.28,14.83,23.2,50.46,11.51,LargeCentralMetro,1,0,0,0,0,0,West Midlands,,Birmingham 137,28.1,1,146,41.026,614
E02001858,2.0,2.0,48.12,100.0,44.09,23.19,22.45,10.28,LargeCentralMetro,1,0,0,0,0,0,West Midlands,1,Birmingham 032,45.6,1,160,72.96000000000001,1065
E02001899,8.0,4.0,43.72,55.92,31.41,4.0,54.55,10.04,LargeCentralMetro,1,0,0,0,0,0,West Midlands,3,Birmingham 073,54.27,2,247,134.038,1622
E02001895,2.0,9.0,50.0,47.73,14.49,6.55,70.85,8.11,LargeCentralMetro,1,0,0,0,0,0,West Midlands,7,Birmingham 069,45.1,1,204,92.004,1192
E02001937,2.0,9.0,53.44,3.45,28.98,5.66,55.72,9.64,LargeCentralMetro,1,0,0,0,0,0,West Midlands,2,Birmingham 111,39.7,1,131,52.007000000000005,783
E02001938,6.0,8.0,28.93,90.21,6.67,4.27,81.54,7.51,LargeCentralMetro,1,0,0,0,0,0,West Midlands,2,Birmingham 112,61.0,1,159,96.99,1083
E02001924,2.0,6.0,57.64,45.16,48.93,4.9,37.54,8.63,LargeCentralMetro,1,0,0,0,0,0,West Midlands,3,Birmingham 098,39.6,1,288,114.048,1488
E02001875,1.0,2.0,36.11,46.72,33.06,36.04,20.36,10.54,LargeCentralMetro,1,0,0,0,0,0,West Midlands,3,Birmingham 049,54.6,1,108,58.968,670
E02001835,9.0,5.0,14.16,49.11,8.04,2.14,84.4,5.42,LargeCentralMetro,1,0,0,0,0,0,West Midlands,2,Birmingham 009,59.7,1,233,139.101,1570
E02001914,4.0,6.0,33.71,41.89,45.54,6.0,31.79,16.67,LargeCentralMetro,1,0,0,0,0,0,West Midlands,3,Birmingham 088,46.1,1,178,82.058,900
E02001874,1.0,3.0,65.2,50.37,70.12,11.81,9.82,8.25,LargeCentralMetro,1,0,0,0,0,0,West Midlands,3,Birmingham 048,22.5,1,204,45.9,1078
E02001890,4.0,2.0,21.34,100.0,27.05,14.03,46.11,12.82,LargeCentralMetro,1,0,0,0,0,0,West Midlands,2,Birmingham 064,69.5,1,164,113.97999999999999,1046
E02001952,1.0,10.0,49.47,47.23,5.04,11.52,75.59,7.85,LargeCentralMetro,1,0,0,0,0,0,West Midlands,2,Birmingham 126,49.5,1,190,94.05,1190
E02001881,1.0,3.0,56.11,41.81,66.63,8.35,15.09,9.93,LargeCentralMetro,1,0,0,0,0,0,West Midlands,2,Birmingham 055,28.6,1,262,74.932,1380
E02001926,5.0,8.0,54.09,100.0,20.6,6.58,63.9,8.92,LargeCentralMetro,1,0,0,0,0,0,West Midlands,5,Birmingham 100,47.2,1,159,75.048,804
E02001852,2.0,8.0,56.64,53.25,23.3,15.18,53.0,8.52,LargeCentralMetro,1,0,0,0,0,0,West Midlands,4,Birmingham 026,32.9,1,143,47.047,753
E02001883,1.0,10.0,72.12,50.0,13.91,7.57,68.78,9.74,LargeCentralMetro,1,0,0,0,0,0,West Midlands,,Birmingham 057,27.9,1,104,29.016,624
E02001925,6.0,6.0,40.4,42.4,17.0,6.17,68.0,8.83,LargeCentralMetro,1,0,0,0,0,0,West Midlands,,Birmingham 099,41.1,1,151,62.06100000000001,1177
E02001889,1.0,4.0,63.64,49.0,68.63,10.1,10.15,11.12,LargeCentralMetro,1,0,0,0,0,0,West Midlands,3,Birmingham 063,12.7,1,55,6.985,251
E02001916,1.0,7.0,50.0,43.6,50.38,5.89,34.71,9.03,LargeCentralMetro,1,0,0,0,0,0,West Midlands,5,Birmingham 090,46.0,1,176,80.96000000000001,929
E02001977,2.0,6.0,37.82,45.18,20.44,16.31,54.87,8.37,LargeCentralMetro,1,0,0,0,0,0,West Midlands,1,Coventry 020,46.8,1,156,73.008,1038
E02001985,1.0,3.0,23.95,51.63,18.52,16.4,55.5,9.57,LargeCentralMetro,1,0,0,0,0,0,West Midlands,1,Coventry 028,56.3,1,263,148.069,1749
E02001976,5.0,6.0,20.25,50.07,17.53,8.89,67.41,6.17,LargeCentralMetro,1,0,0,0,0,0,West Midlands,5,Coventry 019,41.8,1,237,99.066,1514
E02001964,1.0,8.0,29.44,52.12,6.14,20.62,66.04,7.19,LargeCentralMetro,1,0,0,0,0,0,West Midlands,6,Coventry 007,45.9,1,231,106.029,1439
E02001967,8.0,6.0,26.14,49.41,4.85,1.29,90.93,2.93,LargeCentralMetro,1,0,0,0,0,0,West Midlands,8,Coventry 010,38.9,1,329,127.98100000000001,1878
E02001972,2.0,5.0,35.34,100.0,44.89,13.58,30.35,11.17,LargeCentralMetro,1,0,0,0,0,0,West Midlands,,Coventry 015,78.4,1,116,90.944,599
E02001992,3.0,7.0,41.14,52.28,7.96,17.92,68.76,5.35,LargeCentralMetro,1,0,0,0,0,0,West Midlands,5,Coventry 035,34.9,1,175,61.074999999999996,1163
E02001993,4.0,7.0,30.26,42.12,17.62,7.84,68.36,6.19,LargeCentralMetro,1,0,0,0,0,0,West Midlands,7,Coventry 036,38.18,3,380,145.099,2146
E02001998,9.0,3.0,13.5,48.74,23.25,3.26,66.59,6.89,LargeCentralMetro,1,0,0,0,0,0,West Midlands,5,Coventry 041,61.6,1,237,145.992,1705
E02001965,5.0,6.0,40.7,49.12,14.74,7.0,73.01,5.25,LargeCentralMetro,1,0,0,0,0,0,West Midlands,6,Coventry 008,29.1,1,172,50.05200000000001,1022
E02001970,4.0,7.0,43.26,46.21,15.02,7.66,72.15,5.17,LargeCentralMetro,1,0,0,0,0,0,West Midlands,5,Coventry 013,17.7,1,141,24.956999999999997,989
E02001959,3.0,6.0,31.19,50.51,19.43,5.54,67.77,7.26,LargeCentralMetro,1,0,0,0,0,0,West Midlands,7,Coventry 002,37.6,1,327,122.952,1845
E02001981,1.0,4.0,50.0,44.21,33.56,21.05,32.7,12.69,LargeCentralMetro,1,0,0,0,0,0,West Midlands,1,Coventry 024,35.0,1,206,72.1,1495
E02001986,3.0,8.0,28.24,51.77,4.63,6.97,83.92,4.48,LargeCentralMetro,1,0,0,0,0,0,West Midlands,8,Coventry 029,33.8,1,216,73.008,1300
E02002004,3.0,7.0,37.84,47.78,3.75,3.54,89.19,3.53,LargeCentralMetro,1,0,0,0,0,0,West Midlands,6,Dudley 005,45.9,1,185,84.91499999999999,1080
E02002008,7.0,6.0,25.17,51.25,11.35,3.32,81.71,3.62,LargeCentralMetro,1,0,0,0,0,0,West Midlands,3,Dudley 009,39.5,1,147,58.065000000000005,837
E02002018,8.0,8.0,24.88,49.74,1.76,0.31,96.06,1.87,LargeCentralMetro,1,0,0,0,0,0,West Midlands,3,Dudley 019,43.3,2,402,174.063,2119
E02002001,4.0,7.0,18.72,51.23,2.96,1.2,93.37,2.47,LargeCentralMetro,1,0,0,0,0,0,West Midlands,7,Dudley 002,42.5,1,219,93.075,1138
E02002033,6.0,6.0,19.17,50.04,4.76,1.52,87.85,5.86,LargeCentralMetro,1,0,0,0,0,0,West Midlands,3,Dudley 034,46.7,1,240,112.08000000000001,1293
E02002007,7.0,7.0,24.88,48.92,0.84,0.92,96.17,2.07,LargeCentralMetro,1,0,0,0,0,0,West Midlands,7,Dudley 008,40.7,1,209,85.063,1065
E02002011,7.0,7.0,26.82,48.53,2.64,0.51,94.95,1.9,LargeCentralMetro,1,0,0,0,0,0,West Midlands,3,Dudley 012,41.3,1,179,73.92699999999999,919
E02002017,2.0,8.0,46.67,50.69,14.88,4.02,75.64,5.47,LargeCentralMetro,1,0,0,0,0,0,West Midlands,,Dudley 018,32.8,1,195,63.959999999999994,1014
E02002039,8.0,6.0,6.45,38.86,8.52,1.27,87.12,3.09,LargeCentralMetro,1,0,0,0,0,0,West Midlands,2,Dudley 040,71.0,1,93,66.03,947
E02002010,3.0,9.0,44.12,48.67,27.65,11.28,54.0,7.07,LargeCentralMetro,1,0,0,0,0,0,West Midlands,4,Dudley 011,41.2,1,102,42.024,637
E02002034,5.0,6.0,23.55,50.04,4.09,1.27,92.14,2.5,LargeCentralMetro,1,0,0,0,0,0,West Midlands,2,Dudley 035,54.1,1,242,130.922,1211
E02002037,6.0,5.0,26.73,54.56,1.93,0.49,94.7,2.89,LargeCentralMetro,1,0,0,0,0,0,West Midlands,6,Dudley 038,41.6,1,101,42.016000000000005,603
E02002026,6.0,6.0,30.73,47.15,4.17,0.62,93.26,1.95,LargeCentralMetro,1,0,0,0,0,0,West Midlands,,Dudley 027,33.5,1,179,59.965,895
E02002038,5.0,7.0,25.45,49.15,5.31,2.41,85.39,6.89,LargeCentralMetro,1,0,0,0,0,0,West Midlands,3,Dudley 039,42.9,1,275,117.975,1760
E02002073,2.0,4.0,43.93,44.26,29.48,8.98,50.42,11.13,LargeCentralMetro,1,0,0,0,0,0,West Midlands,2,Sandwell 031,38.3,1,214,81.96199999999999,1098
E02002060,2.0,4.0,39.06,47.71,34.46,8.73,46.28,10.53,LargeCentralMetro,1,0,0,0,0,0,West Midlands,5,Sandwell 018,30.9,1,256,79.104,1438
E02002049,4.0,6.0,38.43,48.43,7.63,6.42,81.72,4.23,LargeCentralMetro,1,0,0,0,0,0,West Midlands,6,Sandwell 007,17.6,1,216,38.016000000000005,1210
E02002065,2.0,1.0,35.7,47.26,64.1,10.36,14.19,11.34,LargeCentralMetro,1,0,0,0,0,0,West Midlands,4,Sandwell 023,42.0,2,479,201.15900000000002,3104
E02002072,3.0,4.0,45.16,49.57,23.74,9.21,58.17,8.88,LargeCentralMetro,1,0,0,0,0,0,West Midlands,2,Sandwell 030,39.83,2,527,209.92000000000002,2782
E02002077,3.0,8.0,37.07,49.7,14.08,4.91,73.84,7.18,LargeCentralMetro,1,0,0,0,0,0,West Midlands,4,Sandwell 035,30.6,1,294,89.964,1686
E02002063,3.0,3.0,33.91,46.42,33.01,11.18,46.79,9.03,LargeCentralMetro,1,0,0,0,0,0,West Midlands,7,Sandwell 021,37.3,1,233,86.909,1159
E02002052,2.0,6.0,42.3,49.38,20.15,11.2,61.33,7.33,LargeCentralMetro,1,0,0,0,0,0,West Midlands,7,Sandwell 010,24.8,1,331,82.088,1920
E02002048,6.0,2.0,25.46,49.01,29.9,5.27,57.75,7.07,LargeCentralMetro,1,0,0,0,0,0,West Midlands,5,Sandwell 006,44.9,1,216,96.98400000000001,1163
E02002071,2.0,6.0,36.73,48.81,6.57,4.1,83.82,5.51,LargeCentralMetro,1,0,0,0,0,0,West Midlands,4,Sandwell 029,38.5,1,226,87.01,1178
E02002061,2.0,5.0,,56.8,48.9,7.85,33.0,10.25,LargeCentralMetro,1,0,0,0,0,0,West Midlands,4,Sandwell 019,,1,0,0.0,419
E02006944,2.0,2.0,47.78,45.39,52.87,19.93,14.24,12.97,LargeCentralMetro,1,0,0,0,0,0,West Midlands,4,Sandwell 041,37.0,1,270,99.9,1518
E02002045,4.0,6.0,49.78,48.47,11.79,4.25,79.69,4.26,LargeCentralMetro,1,0,0,0,0,0,West Midlands,6,Sandwell 003,29.0,1,231,66.99,1141
E02002043,3.0,7.0,33.59,46.85,16.26,3.26,75.86,4.63,LargeCentralMetro,1,0,0,0,0,0,West Midlands,4,Sandwell 001,37.8,1,259,97.90199999999999,1522
E02002102,7.0,4.0,14.95,46.98,17.17,1.24,75.6,5.99,LargeCentralMetro,1,0,0,0,0,0,West Midlands,5,Solihull 022,68.78,2,535,367.96000000000004,3372
E02002106,9.0,4.0,11.49,48.65,5.66,0.79,89.89,3.66,LargeCentralMetro,1,0,0,0,0,0,West Midlands,4,Solihull 026,73.3,1,296,216.968,1817
E02002087,2.0,10.0,42.57,48.5,3.15,3.34,86.26,7.26,LargeCentralMetro,1,0,0,0,0,0,West Midlands,4,Solihull 007,32.09,3,505,162.054,2594
E02002105,9.0,3.0,18.31,47.04,5.25,0.63,91.13,2.99,MediumMetro,0,0,1,0,0,0,West Midlands,8,Solihull 025,46.5,1,213,99.045,1216
E02002093,6.0,6.0,24.17,47.18,16.86,2.14,74.83,6.17,LargeCentralMetro,1,0,0,0,0,0,West Midlands,5,Solihull 013,46.4,1,211,97.904,1047
E02002103,8.0,5.0,26.96,48.93,10.26,0.84,85.42,3.48,LargeCentralMetro,1,0,0,0,0,0,West Midlands,2,Solihull 023,58.3,1,230,134.09,1024
E02002096,8.0,4.0,19.56,48.4,20.28,1.6,71.78,6.34,LargeCentralMetro,1,0,0,0,0,0,West Midlands,4,Solihull 016,46.2,1,225,103.95,1155
E02002092,5.0,5.0,29.34,50.68,13.24,1.42,80.69,4.65,LargeCentralMetro,1,0,0,0,0,0,West Midlands,7,Solihull 012,48.3,1,242,116.886,1184
E02002081,5.0,6.0,29.15,50.39,8.99,2.61,83.59,4.81,LargeCentralMetro,1,0,0,0,0,0,West Midlands,10,Solihull 001,41.2,1,199,81.988,1270
E02002084,2.0,10.0,58.97,52.82,3.48,4.46,85.69,6.37,LargeCentralMetro,1,0,0,0,0,0,West Midlands,,Solihull 004,18.6,1,156,29.016000000000005,744
E02002131,8.0,4.0,25.56,50.3,9.35,1.48,85.72,3.45,LargeCentralMetro,1,0,0,0,0,0,West Midlands,4,Walsall 022,48.04,2,450,216.183,2698
E02002148,6.0,5.0,20.31,50.7,11.0,3.31,81.19,4.51,LargeCentralMetro,1,0,0,0,0,0,West Midlands,6,Walsall 039,62.1,1,261,162.081,1501
E02002139,2.0,6.0,49.53,54.51,38.29,10.65,42.76,8.31,LargeCentralMetro,1,0,0,0,0,0,West Midlands,1,Walsall 030,15.57,2,212,33.016,1152
E02002147,2.0,8.0,45.35,48.22,12.79,5.59,76.64,4.98,LargeCentralMetro,1,0,0,0,0,0,West Midlands,6,Walsall 038,29.7,1,172,51.083999999999996,1068
E02002146,2.0,4.0,54.22,50.26,46.57,4.55,42.13,6.76,LargeCentralMetro,1,0,0,0,0,0,West Midlands,4,Walsall 037,30.5,1,249,75.945,1520
E02002119,5.0,8.0,44.21,46.49,8.54,2.62,84.86,3.98,LargeCentralMetro,1,0,0,0,0,0,West Midlands,5,Walsall 010,25.8,1,233,60.114000000000004,1437
E02002129,5.0,8.0,41.99,49.04,9.98,1.23,84.09,4.71,LargeCentralMetro,1,0,0,0,0,0,West Midlands,9,Walsall 020,30.4,1,181,55.024,1150
E02002175,2.0,9.0,43.88,47.36,21.24,9.19,60.71,8.86,LargeCentralMetro,1,0,0,0,0,0,West Midlands,5,Wolverhampton 027,31.6,1,237,74.892,1461
E02002113,4.0,8.0,38.11,50.12,3.65,2.18,90.8,3.37,LargeCentralMetro,1,0,0,0,0,0,West Midlands,9,Walsall 004,25.8,1,244,62.952,1297
E02002141,9.0,3.0,25.0,49.67,15.17,1.61,78.19,5.03,LargeCentralMetro,1,0,0,0,0,0,West Midlands,7,Walsall 032,35.8,1,232,83.056,1500
E02002115,2.0,9.0,36.23,48.94,3.25,2.39,91.26,3.09,LargeCentralMetro,1,0,0,0,0,0,West Midlands,5,Walsall 006,37.7,1,207,78.039,1418
E02002135,1.0,6.0,52.4,50.76,43.03,9.17,39.51,8.3,LargeCentralMetro,1,0,0,0,0,0,West Midlands,4,Walsall 026,34.6,1,208,71.968,1186
E02002128,4.0,8.0,37.28,48.34,8.3,2.45,85.45,3.8,LargeCentralMetro,1,0,0,0,0,0,West Midlands,7,Walsall 019,19.5,1,169,32.955,1057
E02002157,7.0,6.0,51.96,48.8,18.94,4.89,70.33,5.85,LargeCentralMetro,1,0,0,0,0,0,West Midlands,10,Wolverhampton 009,32.4,1,204,66.096,1293
E02002178,6.0,6.0,57.76,47.92,50.61,5.48,32.25,11.67,LargeCentralMetro,1,0,0,0,0,0,West Midlands,8,Wolverhampton 030,24.8,1,161,39.928,1131
E02002163,2.0,8.0,50.0,49.03,19.22,19.18,49.38,12.22,LargeCentralMetro,1,0,0,0,0,0,West Midlands,8,Wolverhampton 015,37.8,1,196,74.088,1187
E02002176,5.0,5.0,30.07,50.59,12.31,4.49,74.48,8.72,LargeCentralMetro,1,0,0,0,0,0,West Midlands,6,Wolverhampton 028,59.1,1,276,163.11599999999999,1781
E02002177,2.0,7.0,43.85,47.28,29.65,14.05,45.0,11.31,LargeCentralMetro,1,0,0,0,0,0,West Midlands,,Wolverhampton 029,43.5,2,317,137.903,1948
E02002152,2.0,10.0,55.58,50.95,5.44,9.87,76.79,7.9,LargeCentralMetro,1,0,0,0,0,0,West Midlands,6,Wolverhampton 004,25.73,2,385,99.04400000000001,2269
E02002171,2.0,9.0,56.84,50.16,19.21,6.39,65.72,8.67,LargeCentralMetro,1,0,0,0,0,0,West Midlands,6,Wolverhampton 023,35.08,2,373,130.84199999999998,1918
E02002150,4.0,7.0,61.44,47.99,11.72,8.67,72.33,7.27,LargeCentralMetro,1,0,0,0,0,0,West Midlands,,Wolverhampton 002,31.4,1,153,48.042,1067
E02002169,7.0,5.0,38.01,49.47,26.51,3.44,63.86,6.19,LargeCentralMetro,1,0,0,0,0,0,West Midlands,5,Wolverhampton 021,40.98,2,371,152.041,2434
E02002168,2.0,6.0,56.05,44.44,29.99,19.12,40.03,10.86,LargeCentralMetro,1,0,0,0,0,0,West Midlands,3,Wolverhampton 020,61.1,1,157,95.92699999999999,945
E02002158,3.0,10.0,47.16,47.65,10.19,3.87,79.87,6.07,LargeCentralMetro,1,0,0,0,0,0,West Midlands,5,Wolverhampton 010,41.5,1,176,73.03999999999999,1020
E02001327,2.0,10.0,54.12,48.38,0.65,1.0,95.75,2.6,LargeCentralMetro,1,0,0,0,0,0,North West,6,Knowsley 001,33.5,1,194,64.99000000000001,1110
E02001345,7.0,8.0,42.6,41.84,1.22,0.39,96.41,1.98,LargeCentralMetro,1,0,0,0,0,0,North West,6,Knowsley 019,37.7,1,223,84.071,1140
E02001329,2.0,10.0,63.24,47.22,1.23,0.68,95.93,2.15,LargeCentralMetro,1,0,0,0,0,0,North West,7,Knowsley 003,20.0,1,185,37.0,1027
E02001341,2.0,10.0,45.1,52.23,0.83,0.75,96.69,1.73,LargeCentralMetro,1,0,0,0,0,0,North West,4,Knowsley 015,27.5,1,204,56.1,1078
E02001333,3.0,10.0,55.48,47.98,2.87,1.09,93.97,2.07,LargeCentralMetro,1,0,0,0,0,0,North West,7,Knowsley 007,22.6,1,146,32.996,915
E02001374,1.0,10.0,58.54,41.37,7.93,9.51,70.47,12.08,LargeCentralMetro,1,0,0,0,0,0,North West,2,Liverpool 028,23.2,1,164,38.047999999999995,892
E02001404,2.0,10.0,58.91,50.0,2.58,1.71,92.28,3.43,LargeCentralMetro,1,0,0,0,0,0,North West,6,Liverpool 058,20.2,1,129,26.058,924
E02001351,2.0,10.0,39.55,42.97,3.17,3.02,91.1,2.7,LargeCentralMetro,1,0,0,0,0,0,North West,9,Liverpool 005,35.0,1,177,61.949999999999996,1159
E02001394,6.0,7.0,26.2,66.55,4.11,2.12,85.34,8.43,LargeCentralMetro,1,0,0,0,0,0,North West,2,Liverpool 048,54.65,2,313,171.045,2063
E02001389,2.0,10.0,23.72,100.0,6.42,6.71,69.56,17.31,LargeCentralMetro,1,0,0,0,0,0,North West,2,Liverpool 043,60.3,1,156,94.068,1128
E02001372,4.0,10.0,37.44,48.46,3.45,1.68,92.02,2.85,LargeCentralMetro,1,0,0,0,0,0,North West,6,Liverpool 026,26.49,2,438,116.04599999999999,2540
E02001393,10.0,4.0,26.24,42.79,6.21,0.79,89.1,3.9,LargeCentralMetro,1,0,0,0,0,0,North West,3,Liverpool 047,43.3,1,263,113.879,1575
E02001387,9.0,5.0,35.49,40.34,4.46,1.14,88.79,5.61,LargeCentralMetro,1,0,0,0,0,0,North West,4,Liverpool 041,43.0,2,293,125.996,1790
E02001367,7.0,8.0,38.23,71.67,3.07,0.51,94.32,2.11,LargeCentralMetro,1,0,0,0,0,0,North West,3,Liverpool 021,54.44,2,327,178.03300000000002,2160
E02001396,4.0,8.0,68.0,40.42,3.2,2.78,86.83,7.2,LargeCentralMetro,1,0,0,0,0,0,North West,5,Liverpool 050,21.6,1,125,27.000000000000004,898
E02001383,2.0,8.0,47.45,49.71,12.94,8.92,63.21,14.93,LargeCentralMetro,1,0,0,0,0,0,North West,1,Liverpool 037,43.85,2,196,85.948,859
E02001369,2.0,10.0,61.54,41.99,6.94,5.04,80.73,7.29,LargeCentralMetro,1,0,0,0,0,0,North West,2,Liverpool 023,38.0,1,221,83.98,1286
E02001350,2.0,9.0,47.34,98.48,3.85,3.57,89.71,2.87,LargeCentralMetro,1,0,0,0,0,0,North West,5,Liverpool 004,19.5,1,169,32.955,1051
E02001401,7.0,7.0,32.54,100.0,3.68,0.74,92.78,2.8,LargeCentralMetro,1,0,0,0,0,0,North West,5,Liverpool 055,42.0,1,169,70.98,1009
E02001402,8.0,6.0,19.3,0.62,4.91,1.17,89.91,4.01,LargeCentralMetro,1,0,0,0,0,0,North West,2,Liverpool 056,54.4,1,171,93.024,964
E02001366,2.0,10.0,38.6,0.1,4.51,3.18,85.99,6.32,LargeCentralMetro,1,0,0,0,0,0,North West,2,Liverpool 020,42.1,1,171,71.99100000000001,996
E02001412,7.0,9.0,42.5,48.13,0.99,0.47,97.24,1.3,LargeCentralMetro,1,0,0,0,0,0,North West,10,St. Helens 007,30.4,1,240,72.96,1498
E02001420,6.0,8.0,26.64,50.0,1.24,0.35,96.32,2.1,LargeCentralMetro,1,0,0,0,0,0,North West,4,St. Helens 015,32.5,1,274,89.05,1288
E02001422,2.0,10.0,44.79,49.66,1.33,0.66,95.84,2.18,LargeCentralMetro,1,0,0,0,0,0,North West,5,St. Helens 017,24.5,1,163,39.935,876
E02006935,1.0,10.0,36.33,50.1,1.67,0.6,96.31,1.42,LargeCentralMetro,1,0,0,0,0,0,North West,7,St. Helens 024,39.1,1,256,100.096,1451
E02001439,4.0,7.0,21.02,0.0,1.16,0.26,96.32,2.26,LargeCentralMetro,1,0,0,0,0,0,North West,3,Sefton 011,57.4,1,176,101.02399999999999,923
E02001449,6.0,8.0,29.14,47.77,0.87,0.19,97.32,1.62,LargeCentralMetro,1,0,0,0,0,0,North West,6,Sefton 021,49.17,2,429,210.949,2665
E02001438,6.0,6.0,26.55,48.56,0.79,0.39,96.29,2.53,LargeCentralMetro,1,0,0,0,0,0,North West,6,Sefton 010,37.2,1,113,42.03600000000001,834
E02001447,7.0,8.0,19.95,47.82,0.71,0.23,97.71,1.35,LargeCentralMetro,1,0,0,0,0,0,North West,8,Sefton 019,39.42,2,416,163.998,2476
E02001442,9.0,5.0,16.04,46.78,1.24,0.23,96.81,1.72,LargeCentralMetro,1,0,0,0,0,0,North West,5,Sefton 014,66.3,1,187,123.98099999999998,1103
E02001437,8.0,7.0,18.27,100.0,1.63,0.33,96.23,1.81,LargeCentralMetro,1,0,0,0,0,0,North West,9,Sefton 009,50.5,1,208,105.04,1034
E02001466,2.0,10.0,50.77,52.9,1.96,1.68,92.2,4.17,LargeCentralMetro,1,0,0,0,0,0,North West,4,Sefton 038,34.6,1,130,44.980000000000004,741
E02001463,3.0,10.0,58.49,47.16,2.55,0.43,95.09,1.93,LargeCentralMetro,1,0,0,0,0,0,North West,3,Sefton 035,17.0,1,106,18.02,668
E02001459,3.0,9.0,39.55,49.25,1.01,0.67,97.26,1.06,LargeCentralMetro,1,0,0,0,0,0,North West,5,Sefton 031,37.3,1,134,49.982,733
E02001448,8.0,7.0,31.03,52.08,0.52,0.19,98.18,1.11,LargeCentralMetro,1,0,0,0,0,0,North West,8,Sefton 020,30.0,1,203,60.9,1104
E02001443,9.0,4.0,15.52,51.71,0.87,0.18,97.48,1.47,LargeCentralMetro,1,0,0,0,0,0,North West,6,Sefton 015,39.1,1,174,68.034,1021
E02001431,6.0,9.0,25.57,48.09,1.59,0.6,95.85,1.95,LargeCentralMetro,1,0,0,0,0,0,North West,,Sefton 003,30.7,1,176,54.032,836
E02001486,7.0,10.0,68.12,37.68,2.96,0.57,93.15,3.32,LargeCentralMetro,1,0,0,0,0,0,North West,2,Wirral 020,30.4,1,138,41.952,767
E02001494,10.0,4.0,28.12,44.55,2.52,0.47,94.64,2.36,LargeCentralMetro,1,0,0,0,0,0,North West,3,Wirral 028,24.5,1,192,47.04,1174
E02001469,7.0,8.0,45.26,22.81,1.72,0.28,96.1,1.91,LargeCentralMetro,1,0,0,0,0,0,North West,4,Wirral 003,18.45,2,380,70.112,2021
E02001470,8.0,8.0,62.18,37.82,0.78,0.3,97.26,1.65,LargeCentralMetro,1,0,0,0,0,0,North West,3,Wirral 004,12.2,1,156,19.032,825
E02001503,8.0,7.0,13.45,41.52,1.49,0.37,96.01,2.13,LargeCentralMetro,1,0,0,0,0,0,North West,5,Wirral 037,42.7,1,171,73.01700000000001,920
E02001495,4.0,10.0,42.86,100.0,2.46,0.61,95.11,1.82,LargeCentralMetro,1,0,0,0,0,0,North West,3,Wirral 029,33.1,1,154,50.974000000000004,781
E02001490,7.0,9.0,53.14,44.96,3.42,0.27,94.88,1.43,LargeCentralMetro,1,0,0,0,0,0,North West,10,Wirral 024,25.1,1,175,43.925,903
E02001498,8.0,8.0,35.21,44.82,2.21,0.22,95.77,1.8,LargeCentralMetro,1,0,0,0,0,0,North West,3,Wirral 032,28.5,1,267,76.095,1544
E02001473,4.0,9.0,35.18,99.02,2.22,0.14,95.76,1.88,LargeCentralMetro,1,0,0,0,0,0,North West,3,Wirral 007,28.1,1,253,71.093,1523
E02001491,2.0,10.0,33.45,41.91,2.6,0.5,95.8,1.1,LargeCentralMetro,1,0,0,0,0,0,North West,7,Wirral 025,27.8,1,281,78.11800000000001,1415
E02001006,2.0,3.0,38.0,67.63,58.51,6.32,28.24,6.93,LargeCentralMetro,1,0,0,0,0,0,North West,1,Bolton 023,56.57,2,350,198.0,1829
E02000994,2.0,7.0,23.58,0.0,50.35,7.79,35.79,6.07,LargeCentralMetro,1,0,0,0,0,0,North West,,Bolton 011,58.5,1,123,71.955,623
E02001017,5.0,5.0,39.16,46.54,2.07,1.34,94.04,2.55,LargeCentralMetro,1,0,0,0,0,0,North West,8,Bolton 034,59.4,1,143,84.942,780
E02001003,8.0,4.0,39.34,45.86,34.92,1.06,60.1,3.91,LargeCentralMetro,1,0,0,0,0,0,North West,6,Bolton 020,33.2,1,211,70.052,1123
E02001007,6.0,7.0,26.6,47.27,2.84,0.88,94.55,1.73,LargeCentralMetro,1,0,0,0,0,0,North West,9,Bolton 024,56.7,1,203,115.10100000000001,1064
E02000990,7.0,6.0,19.32,48.33,4.08,1.12,92.1,2.69,LargeCentralMetro,1,0,0,0,0,0,North West,7,Bolton 007,49.8,1,207,103.086,1051
E02000986,7.0,4.0,29.96,56.16,16.31,0.69,80.59,2.41,LargeCentralMetro,1,0,0,0,0,0,North West,8,Bolton 003,61.9,1,247,152.893,1218
E02000991,5.0,5.0,38.89,51.29,17.68,1.34,77.79,3.19,LargeCentralMetro,1,0,0,0,0,0,North West,4,Bolton 008,20.1,1,234,47.034000000000006,1201
E02000988,2.0,6.0,28.52,51.27,33.15,2.95,60.14,3.76,LargeCentralMetro,1,0,0,0,0,0,North West,5,Bolton 005,41.1,1,263,108.093,1576
E02000985,8.0,5.0,19.76,51.12,1.74,0.28,96.05,1.93,LargeCentralMetro,1,0,0,0,0,0,North West,7,Bolton 002,31.2,1,253,78.93599999999999,1606
E02001004,1.0,3.0,52.75,41.89,55.7,16.88,19.53,7.89,LargeCentralMetro,1,0,0,0,0,0,North West,1,Bolton 021,30.8,1,91,28.028,604
E02001011,8.0,5.0,21.4,48.13,3.4,0.86,92.88,2.85,LargeCentralMetro,1,0,0,0,0,0,North West,8,Bolton 028,40.5,1,257,104.08500000000001,1338
E02001029,2.0,6.0,31.87,50.26,37.97,2.17,54.8,5.05,LargeCentralMetro,1,0,0,0,0,0,North West,5,Bury 011,39.6,1,182,72.072,951
E02001024,7.0,6.0,24.49,46.93,2.05,0.93,95.19,1.84,LargeCentralMetro,1,0,0,0,0,0,North West,4,Bury 006,37.2,1,196,72.912,1025
E02001041,5.0,5.0,9.3,0.0,7.54,2.47,83.51,6.48,LargeCentralMetro,1,0,0,0,0,0,North West,2,Bury 023,30.2,1,43,12.985999999999999,241
E02001035,7.0,5.0,26.98,50.41,7.21,0.79,89.14,2.86,LargeCentralMetro,1,0,0,0,0,0,North West,,Bury 017,38.1,1,189,72.009,968
E02001089,8.0,4.0,40.51,46.68,21.82,1.68,66.89,9.61,LargeCentralMetro,1,0,0,0,0,0,North West,4,Manchester 045,49.78,2,474,235.94800000000004,2785
E02001085,2.0,8.0,46.86,0.0,26.84,5.97,54.84,12.34,LargeCentralMetro,1,0,0,0,0,0,North West,6,Manchester 041,46.3,1,175,81.02499999999999,983
E02001067,1.0,5.0,62.12,51.95,24.55,23.55,42.22,9.68,LargeCentralMetro,1,0,0,0,0,0,North West,3,Manchester 023,30.8,1,198,60.984,820
E02001077,8.0,5.0,37.12,45.06,20.02,2.84,69.66,7.48,LargeCentralMetro,1,0,0,0,0,0,North West,4,Manchester 033,61.2,1,299,182.988,1529
E02001046,2.0,8.0,46.3,50.99,10.97,15.63,65.55,7.86,LargeCentralMetro,1,0,0,0,0,0,North West,6,Manchester 002,37.0,1,324,119.88,1610
E02001047,2.0,8.0,57.81,48.25,8.07,16.57,69.39,5.97,LargeCentralMetro,1,0,0,0,0,0,North West,4,Manchester 003,35.9,1,237,85.083,1258
E02001064,2.0,7.0,52.05,44.36,36.92,21.08,30.82,11.18,LargeCentralMetro,1,0,0,0,0,0,North West,2,Manchester 020,40.77,2,488,198.951,2374
E02001059,2.0,7.0,65.09,49.27,14.52,23.25,49.47,12.76,LargeCentralMetro,1,0,0,0,0,0,North West,4,Manchester 015,25.0,1,212,53.0,1031
E02006913,2.0,5.0,53.46,49.53,41.77,9.33,39.16,9.74,LargeCentralMetro,1,0,0,0,0,0,North West,,Manchester 056,65.76,2,260,170.979,1284
E02001052,2.0,4.0,12.71,53.34,62.96,6.85,18.43,11.76,LargeCentralMetro,1,0,0,0,0,0,North West,1,Manchester 008,59.3,1,118,69.97399999999999,778
E02001078,4.0,6.0,52.17,100.0,38.54,3.96,48.29,9.2,LargeCentralMetro,1,0,0,0,0,0,North West,1,Manchester 034,52.7,1,207,109.089,1048
E02001083,8.0,4.0,55.7,46.48,9.67,4.42,75.64,10.27,LargeCentralMetro,1,0,0,0,0,0,North West,5,Manchester 039,48.3,1,149,71.967,766
E02001069,2.0,2.0,55.9,38.14,29.99,20.63,31.65,17.72,LargeCentralMetro,1,0,0,0,0,0,North West,1,Manchester 025,38.0,1,229,87.02,1117
E02001053,1.0,9.0,61.83,50.35,11.78,28.74,49.49,9.98,LargeCentralMetro,1,0,0,0,0,0,North West,4,Manchester 009,35.9,1,262,94.05799999999999,1299
E02001094,1.0,10.0,60.89,48.31,7.77,9.0,75.99,7.25,LargeCentralMetro,1,0,0,0,0,0,North West,5,Manchester 050,27.6,1,225,62.10000000000001,1186
E02001070,2.0,3.0,56.48,40.53,40.89,7.06,41.14,10.92,LargeCentralMetro,1,0,0,0,0,0,North West,,Manchester 026,44.0,1,216,95.04,1056
E02001045,2.0,9.0,43.96,51.71,5.59,11.73,76.73,5.95,LargeCentralMetro,1,0,0,0,0,0,North West,7,Manchester 001,45.9,1,207,95.01299999999999,1050
E02001095,3.0,10.0,56.89,51.89,6.86,6.66,80.55,5.93,LargeCentralMetro,1,0,0,0,0,0,North West,8,Manchester 051,25.7,1,167,42.919000000000004,952
E02001063,3.0,1.0,39.84,50.17,18.52,17.53,48.17,15.78,LargeCentralMetro,1,0,0,0,0,0,North West,1,Manchester 019,53.5,1,256,136.96,1503
E02001074,2.0,6.0,60.38,100.0,31.19,12.63,39.71,16.47,LargeCentralMetro,1,0,0,0,0,0,North West,10,Manchester 030,46.5,1,260,120.9,1647
E02001111,2.0,10.0,16.0,51.95,31.94,16.37,43.72,7.97,LargeCentralMetro,1,0,0,0,0,0,North West,2,Oldham 014,73.6,1,250,184.0,1669
E02001130,5.0,9.0,41.91,49.3,2.03,2.46,92.71,2.79,LargeCentralMetro,1,0,0,0,0,0,North West,,Oldham 033,30.5,1,272,82.96,1428
E02001098,6.0,8.0,19.76,50.94,1.82,0.44,96.2,1.55,LargeCentralMetro,1,0,0,0,0,0,North West,7,Oldham 001,42.6,1,329,140.154,1859
E02001106,4.0,9.0,43.05,48.68,9.85,1.28,86.53,2.34,LargeCentralMetro,1,0,0,0,0,0,North West,5,Oldham 009,43.7,1,295,128.91500000000002,1284
E02001126,1.0,9.0,43.19,46.43,23.45,5.44,65.75,5.36,LargeCentralMetro,1,0,0,0,0,0,North West,4,Oldham 029,26.8,1,213,57.084,1051
E02001107,5.0,6.0,25.65,52.07,34.77,2.09,59.72,3.42,LargeCentralMetro,1,0,0,0,0,0,North West,7,Oldham 010,32.0,1,269,86.08,1569
E02001127,2.0,9.0,56.64,49.18,9.72,4.36,81.9,4.01,LargeCentralMetro,1,0,0,0,0,0,North West,2,Oldham 030,32.9,1,286,94.094,1411
E02001110,9.0,5.0,49.81,51.11,1.08,0.31,96.8,1.81,LargeCentralMetro,1,0,0,0,0,0,North West,5,Oldham 013,22.0,1,259,56.98,947
E02001152,4.0,10.0,39.35,51.13,3.96,7.21,84.97,3.86,LargeCentralMetro,1,0,0,0,0,0,North West,6,Rochdale 021,30.47,2,371,113.05000000000001,1985
E02001145,6.0,9.0,28.95,50.11,1.24,0.44,96.02,2.3,LargeCentralMetro,1,0,0,0,0,0,North West,10,Rochdale 014,59.8,1,266,159.06799999999998,1339
E02001149,2.0,10.0,24.83,50.59,3.33,3.71,90.11,2.85,LargeCentralMetro,1,0,0,0,0,0,North West,4,Rochdale 018,44.3,1,149,66.00699999999999,763
E02001154,4.0,9.0,33.2,48.01,2.51,3.95,90.36,3.19,LargeCentralMetro,1,0,0,0,0,0,North West,9,Rochdale 023,33.6,1,259,87.024,1333
E02001135,2.0,9.0,31.76,50.44,29.14,3.36,61.48,6.02,LargeCentralMetro,1,0,0,0,0,0,North West,10,Rochdale 004,39.1,1,233,91.10300000000001,1364
E02001177,4.0,8.0,45.67,48.17,7.02,7.05,80.12,5.81,LargeCentralMetro,1,0,0,0,0,0,North West,7,Salford 021,55.1,1,127,69.977,737
E02001166,3.0,3.0,3.17,100.0,7.81,3.09,80.53,8.56,LargeCentralMetro,1,0,0,0,0,0,North West,1,Salford 010,46.0,1,63,28.98,285
E02001162,4.0,8.0,34.81,49.34,3.52,3.89,89.38,3.21,LargeCentralMetro,1,0,0,0,0,0,North West,10,Salford 006,34.54,2,405,139.9,2059
E02001186,4.0,8.0,41.12,48.39,2.79,1.61,93.07,2.53,LargeCentralMetro,1,0,0,0,0,0,North West,,Salford 030,46.7,1,107,49.969,775
E02006961,2.0,7.0,57.77,48.37,7.64,14.33,69.51,8.52,LargeCentralMetro,1,0,0,0,0,0,North West,2,Salford 035,26.7,1,206,55.002,1013
E02001181,2.0,9.0,32.68,50.69,4.34,5.89,85.47,4.3,LargeCentralMetro,1,0,0,0,0,0,North West,8,Salford 025,48.86,2,358,174.906,1819
E02001223,9.0,6.0,19.92,49.06,8.54,0.48,86.51,4.47,LargeCentralMetro,1,0,0,0,0,0,North West,5,Stockport 037,57.8,1,251,145.078,1282
E02001227,10.0,4.0,13.06,48.76,5.46,0.35,91.2,2.99,LargeCentralMetro,1,0,0,0,0,0,North West,2,Stockport 041,75.0,1,268,201.0,1690
E02001198,5.0,10.0,26.06,52.93,2.5,0.94,93.9,2.66,LargeCentralMetro,1,0,0,0,0,0,North West,3,Stockport 012,35.2,1,165,58.080000000000005,803
E02001219,10.0,6.0,19.62,48.22,3.39,0.44,94.15,2.03,LargeCentralMetro,1,0,0,0,0,0,North West,3,Stockport 033,47.3,1,260,122.97999999999999,1435
E02001214,8.0,6.0,22.78,51.39,23.95,1.4,66.21,8.44,LargeCentralMetro,1,0,0,0,0,0,North West,3,Stockport 028,50.6,1,259,131.054,1292
E02001189,6.0,8.0,42.61,54.33,3.85,1.12,90.88,4.15,LargeCentralMetro,1,0,0,0,0,0,North West,,Stockport 003,25.6,1,176,45.056,1027
E02001225,9.0,5.0,15.15,50.85,6.95,0.84,88.79,3.42,LargeCentralMetro,1,0,0,0,0,0,North West,2,Stockport 039,46.1,1,165,76.065,824
E02001204,6.0,8.0,36.76,50.15,4.6,1.09,90.25,4.07,LargeCentralMetro,1,0,0,0,0,0,North West,5,Stockport 018,47.0,1,185,86.94999999999999,1011
E02001213,8.0,9.0,29.28,49.96,6.14,0.99,88.68,4.19,LargeCentralMetro,1,0,0,0,0,0,North West,3,Stockport 027,50.2,1,263,132.026,1349
E02001258,7.0,8.0,32.95,53.57,3.12,0.69,94.0,2.19,LargeCentralMetro,1,0,0,0,0,0,North West,8,Tameside 030,39.2,1,176,68.992,924
E02001246,4.0,9.0,37.86,59.8,3.4,2.04,92.07,2.5,LargeCentralMetro,1,0,0,0,0,0,North West,6,Tameside 018,22.1,1,140,30.94,816
E02001247,4.0,9.0,26.24,0.0,5.03,3.21,88.09,3.68,LargeCentralMetro,1,0,0,0,0,0,North West,5,Tameside 019,49.8,1,221,110.05799999999999,1116
E02001237,5.0,8.0,41.9,61.67,3.17,1.09,93.59,2.15,LargeCentralMetro,1,0,0,0,0,0,North West,6,Tameside 009,13.3,1,105,13.965,574
E02001239,3.0,8.0,35.97,74.31,5.08,4.33,86.36,4.23,LargeCentralMetro,1,0,0,0,0,0,North West,4,Tameside 011,53.96,2,367,198.03300000000002,1927
E02001230,5.0,8.0,35.29,54.19,22.57,2.04,73.17,2.21,LargeCentralMetro,1,0,0,0,0,0,North West,5,Tameside 002,42.49,2,391,166.12900000000002,2126
E02001249,4.0,8.0,29.33,50.38,4.44,3.22,88.96,3.38,LargeCentralMetro,1,0,0,0,0,0,North West,5,Tameside 021,42.0,1,150,63.0,792
E02001236,2.0,9.0,23.67,0.0,4.99,3.22,88.5,3.29,LargeCentralMetro,1,0,0,0,0,0,North West,3,Tameside 008,38.5,1,169,65.065,853
E02001284,10.0,2.0,24.71,50.51,7.39,0.78,87.19,4.63,LargeCentralMetro,1,0,0,0,0,0,North West,3,Trafford 026,48.3,1,174,84.042,982
E02001274,10.0,7.0,19.29,44.62,14.43,2.12,77.69,5.75,LargeCentralMetro,1,0,0,0,0,0,North West,3,Trafford 016,58.3,1,254,148.082,1600
E02001282,9.0,3.0,16.09,48.88,12.57,1.21,80.55,5.67,LargeCentralMetro,1,0,0,0,0,0,North West,2,Trafford 024,42.1,1,261,109.88100000000001,1614
E02001275,2.0,10.0,43.36,50.0,2.36,2.65,90.7,4.29,LargeCentralMetro,1,0,0,0,0,0,North West,8,Trafford 017,28.3,1,113,31.979000000000003,546
E02001268,10.0,7.0,23.26,100.0,3.25,0.71,92.73,3.31,LargeCentralMetro,1,0,0,0,0,0,North West,3,Trafford 010,44.2,1,172,76.024,964
E02001264,6.0,7.0,26.55,46.55,18.98,5.63,67.8,7.59,LargeCentralMetro,1,0,0,0,0,0,North West,7,Trafford 006,39.8,1,113,44.974,522
E02001283,9.0,3.0,20.95,48.52,13.42,1.05,79.41,6.13,LargeCentralMetro,1,0,0,0,0,0,North West,2,Trafford 025,60.1,1,148,88.948,777
E02001261,4.0,7.0,42.16,45.25,17.98,9.63,62.24,10.15,LargeCentralMetro,1,0,0,0,0,0,North West,2,Trafford 003,36.8,1,185,68.08,979
E02001265,7.0,8.0,23.66,0.0,2.0,1.19,93.5,3.31,LargeCentralMetro,1,0,0,0,0,0,North West,5,Trafford 007,40.5,1,131,53.05500000000001,718
E02001281,10.0,3.0,11.2,49.64,7.97,0.91,87.23,3.89,LargeCentralMetro,1,0,0,0,0,0,North West,1,Trafford 023,63.3,1,259,163.947,1507
E02001309,6.0,8.0,39.33,45.52,1.93,1.25,94.79,2.04,LargeCentralMetro,1,0,0,0,0,0,North West,4,Wigan 023,25.8,1,89,22.962,547
E02001320,4.0,7.0,36.23,51.59,1.91,1.19,94.8,2.1,LargeCentralMetro,1,0,0,0,0,0,North West,6,Wigan 034,47.8,1,207,98.946,1101
E02001322,7.0,8.0,25.78,48.57,0.93,0.11,98.17,0.79,LargeCentralMetro,1,0,0,0,0,0,North West,9,Wigan 036,44.03,3,640,281.769,3313
E02001297,4.0,9.0,53.46,48.57,0.98,0.55,97.02,1.45,LargeCentralMetro,1,0,0,0,0,0,North West,,Wigan 011,22.6,1,159,35.934,770
E02001294,6.0,8.0,24.9,48.18,3.14,1.4,92.43,3.03,LargeCentralMetro,1,0,0,0,0,0,North West,5,Wigan 008,40.2,1,249,100.098,1372
E02001308,6.0,8.0,19.83,48.99,1.26,1.27,95.88,1.59,LargeCentralMetro,1,0,0,0,0,0,North West,4,Wigan 022,44.6,1,242,107.932,1288
E02001325,8.0,6.0,19.46,47.52,1.51,0.75,96.41,1.34,LargeCentralMetro,1,0,0,0,0,0,North West,8,Wigan 039,45.7,1,221,100.997,1147
E02001306,7.0,7.0,25.45,49.4,0.89,0.57,97.16,1.37,LargeCentralMetro,1,0,0,0,0,0,North West,9,Wigan 020,36.8,1,220,80.96,1164
E02001326,7.0,6.0,24.18,50.92,1.29,0.67,96.4,1.64,LargeCentralMetro,1,0,0,0,0,0,North West,9,Wigan 040,38.6,1,153,59.058,819
E02001291,4.0,7.0,29.69,49.9,1.83,1.3,94.59,2.28,LargeCentralMetro,1,0,0,0,0,0,North West,5,Wigan 005,34.9,1,192,67.008,994
E02001315,8.0,6.0,17.79,53.11,2.84,1.51,93.06,2.58,LargeCentralMetro,1,0,0,0,0,0,North West,6,Wigan 029,37.9,1,253,95.887,1561
E02001304,8.0,6.0,11.59,51.98,0.79,0.31,97.75,1.14,LargeCentralMetro,1,0,0,0,0,0,North West,9,Wigan 018,51.7,1,207,107.019,1033
E02001289,9.0,6.0,17.05,51.94,0.97,0.26,97.52,1.25,LargeCentralMetro,1,0,0,0,0,0,North West,6,Wigan 003,51.7,1,176,90.992,878
E02001526,2.0,9.0,42.65,49.07,0.59,1.49,95.7,2.22,LargeCentralMetro,1,0,0,0,0,0,Yorkshire and the Humber,9,Barnsley 018,44.1,1,204,89.964,915
E02001536,6.0,10.0,30.08,48.91,0.56,0.47,98.01,0.96,LargeCentralMetro,1,0,0,0,0,0,Yorkshire and the Humber,10,Barnsley 028,54.7,1,256,140.032,1327
E02001531,3.0,9.0,36.32,47.29,0.93,0.71,96.79,1.57,LargeCentralMetro,1,0,0,0,0,0,Yorkshire and the Humber,,Barnsley 023,39.3,1,234,91.96199999999999,1271
E02001510,3.0,9.0,34.74,49.91,0.69,0.27,98.18,0.86,LargeCentralMetro,1,0,0,0,0,0,Yorkshire and the Humber,6,Barnsley 002,39.9,1,213,84.987,1130
E02001511,4.0,10.0,37.26,49.49,0.36,0.39,98.48,0.77,LargeCentralMetro,1,0,0,0,0,0,Yorkshire and the Humber,9,Barnsley 003,44.9,1,263,118.087,1380
E02001524,8.0,6.0,14.59,50.52,0.84,0.18,97.9,1.08,Micropolitan,0,0,0,0,1,0,Yorkshire and the Humber,8,Barnsley 016,59.6,1,329,196.084,1922
E02001552,4.0,7.0,35.16,46.78,2.27,0.82,94.64,2.26,LargeCentralMetro,1,0,0,0,0,0,Yorkshire and the Humber,8,Doncaster 014,28.9,1,128,36.992,684
E02001544,3.0,4.0,37.84,48.41,1.22,0.2,97.19,1.38,LargeCentralMetro,1,0,0,0,0,0,Yorkshire and the Humber,7,Doncaster 006,49.3,1,148,72.964,820
E02001540,4.0,6.0,30.66,49.13,0.7,0.34,97.69,1.27,Micropolitan,0,0,0,0,1,0,Yorkshire and the Humber,6,Doncaster 002,40.1,1,137,54.937000000000005,745
E02001573,3.0,8.0,33.82,48.88,0.6,0.23,98.1,1.07,LargeCentralMetro,1,0,0,0,0,0,Yorkshire and the Humber,9,Doncaster 035,54.4,1,136,73.98400000000001,757
E02001550,5.0,5.0,34.85,50.23,0.83,0.53,97.17,1.47,LargeCentralMetro,1,0,0,0,0,0,Yorkshire and the Humber,7,Doncaster 012,55.1,1,198,109.09800000000001,1101
E02001557,4.0,7.0,25.06,50.41,12.08,3.47,78.93,5.52,LargeCentralMetro,1,0,0,0,0,0,Yorkshire and the Humber,2,Doncaster 019,40.59,3,399,161.947,2567
E02001576,6.0,3.0,12.68,50.55,2.28,0.62,94.76,2.34,MediumMetro,0,0,1,0,0,0,Yorkshire and the Humber,10,Doncaster 038,60.5,1,205,124.02499999999999,1082
E02001549,6.0,6.0,17.05,53.54,1.78,0.45,96.45,1.33,LargeCentralMetro,1,0,0,0,0,0,Yorkshire and the Humber,9,Doncaster 011,50.2,1,217,108.934,1173
E02001564,8.0,4.0,29.0,51.97,1.76,0.44,95.73,2.07,LargeCentralMetro,1,0,0,0,0,0,Yorkshire and the Humber,6,Doncaster 026,34.6,1,231,79.926,1445
E02001547,3.0,7.0,35.11,52.01,1.22,1.09,95.92,1.77,LargeCentralMetro,1,0,0,0,0,0,Yorkshire and the Humber,8,Doncaster 009,41.5,1,188,78.02,1117
E02001556,2.0,6.0,41.15,50.91,8.64,1.56,84.32,5.48,LargeCentralMetro,1,0,0,0,0,0,Yorkshire and the Humber,10,Doncaster 018,42.9,1,226,96.954,1157
E02001554,7.0,4.0,19.2,53.61,1.58,0.3,96.55,1.57,LargeCentralMetro,1,0,0,0,0,0,Yorkshire and the Humber,8,Doncaster 016,54.5,1,224,122.08000000000001,1453
E02001574,6.0,5.0,27.08,49.18,1.1,0.48,96.89,1.53,LargeCentralMetro,1,0,0,0,0,0,Yorkshire and the Humber,8,Doncaster 036,56.3,1,144,81.07199999999999,858
E02001572,3.0,9.0,31.9,49.83,0.86,1.23,96.36,1.54,LargeCentralMetro,1,0,0,0,0,0,Yorkshire and the Humber,,Doncaster 034,33.1,1,163,53.953,1166
E02001541,3.0,6.0,35.68,51.34,0.66,0.33,97.7,1.31,LargeCentralMetro,1,0,0,0,0,0,Yorkshire and the Humber,7,Doncaster 003,41.2,1,199,81.988,1231
E02001603,4.0,9.0,20.65,50.6,1.07,0.89,96.71,1.32,LargeCentralMetro,1,0,0,0,0,0,Yorkshire and the Humber,6,Rotherham 026,44.9,1,276,123.924,1508
E02001602,5.0,8.0,28.39,52.89,4.48,1.37,91.63,2.52,LargeCentralMetro,1,0,0,0,0,0,Yorkshire and the Humber,9,Rotherham 025,38.6,1,236,91.096,1384
E02001595,7.0,8.0,26.46,52.54,0.93,0.24,97.94,0.89,LargeCentralMetro,1,0,0,0,0,0,Yorkshire and the Humber,8,Rotherham 018,33.9,1,189,64.071,1121
E02001600,4.0,8.0,24.64,51.46,36.54,1.33,57.02,5.11,LargeCentralMetro,1,0,0,0,0,0,Yorkshire and the Humber,3,Rotherham 023,37.7,1,207,78.039,1063
E02001582,4.0,9.0,36.23,51.15,1.14,0.29,97.44,1.13,LargeCentralMetro,1,0,0,0,0,0,Yorkshire and the Humber,7,Rotherham 005,35.7,1,207,73.89900000000002,1091
E02001598,6.0,8.0,24.54,49.39,8.23,0.93,88.42,2.41,LargeCentralMetro,1,0,0,0,0,0,Yorkshire and the Humber,5,Rotherham 021,42.9,1,163,69.92699999999999,820
E02001580,4.0,9.0,24.54,50.55,0.75,0.53,97.44,1.29,LargeCentralMetro,1,0,0,0,0,0,Yorkshire and the Humber,,Rotherham 003,42.3,1,163,68.949,991
E02001608,6.0,8.0,24.13,51.18,1.5,0.79,95.82,1.88,MediumMetro,0,0,1,0,0,0,Yorkshire and the Humber,6,Rotherham 031,41.3,1,315,130.095,1815
E02007002,7.0,8.0,17.74,50.25,4.17,0.71,93.13,1.99,LargeCentralMetro,1,0,0,0,0,0,Yorkshire and the Humber,8,Rotherham 034,55.7,1,327,182.139,2002
E02001586,3.0,10.0,31.86,45.3,0.81,1.14,95.85,2.2,LargeCentralMetro,1,0,0,0,0,0,Yorkshire and the Humber,9,Rotherham 009,49.5,1,204,100.98,1011
E02001592,4.0,8.0,36.13,50.6,1.97,1.07,95.23,1.73,LargeCentralMetro,1,0,0,0,0,0,Yorkshire and the Humber,7,Rotherham 015,36.8,1,155,57.04,919
E02001653,2.0,7.0,28.29,56.86,10.43,9.66,68.69,11.22,LargeCentralMetro,1,0,0,0,0,0,Yorkshire and the Humber,1,Sheffield 043,53.7,1,205,110.08500000000001,1400
E02001629,1.0,10.0,50.64,47.78,16.53,12.71,58.37,12.39,LargeCentralMetro,1,0,0,0,0,0,Yorkshire and the Humber,4,Sheffield 019,26.9,1,156,41.96399999999999,856
E02001620,2.0,9.0,53.12,48.28,13.17,8.09,71.0,7.73,LargeCentralMetro,1,0,0,0,0,0,Yorkshire and the Humber,5,Sheffield 010,24.6,1,224,55.104000000000006,1164
E02001631,6.0,7.0,22.27,49.77,1.26,1.05,94.01,3.69,LargeCentralMetro,1,0,0,0,0,0,Yorkshire and the Humber,4,Sheffield 021,55.1,1,256,141.056,1533
E02001647,5.0,8.0,33.33,47.58,7.57,1.69,86.26,4.48,LargeCentralMetro,1,0,0,0,0,0,Yorkshire and the Humber,9,Sheffield 037,27.0,1,204,55.080000000000005,992
E02001678,10.0,4.0,20.87,48.34,5.14,1.3,88.78,4.78,LargeCentralMetro,1,0,0,0,0,0,Yorkshire and the Humber,6,Sheffield 068,64.1,1,206,132.046,1504
E02001646,8.0,2.0,29.33,51.58,7.59,2.9,83.12,6.4,LargeCentralMetro,1,0,0,0,0,0,Yorkshire and the Humber,1,Sheffield 036,55.1,1,225,123.97500000000001,1706
E02001674,8.0,6.0,34.56,52.04,2.32,1.33,92.87,3.48,LargeCentralMetro,1,0,0,0,0,0,Yorkshire and the Humber,4,Sheffield 064,41.12,2,518,213.01600000000002,3017
E02001648,10.0,1.0,20.28,54.42,7.1,1.43,85.23,6.24,LargeCentralMetro,1,0,0,0,0,0,Yorkshire and the Humber,1,Sheffield 038,53.8,1,212,114.05599999999998,1492
E02001659,2.0,10.0,40.77,48.0,2.34,2.7,90.77,4.19,LargeCentralMetro,1,0,0,0,0,0,Yorkshire and the Humber,8,Sheffield 049,39.5,1,233,92.03500000000001,1177
E02001649,2.0,9.0,57.79,51.9,7.49,9.46,73.97,9.08,LargeCentralMetro,1,0,0,0,0,0,Yorkshire and the Humber,5,Sheffield 039,23.6,1,199,46.964000000000006,1212
E02001664,6.0,6.0,58.67,49.95,1.8,4.82,88.26,5.12,LargeCentralMetro,1,0,0,0,0,0,Yorkshire and the Humber,6,Sheffield 054,38.3,1,196,75.06799999999998,1047
E02001665,10.0,2.0,14.37,49.07,7.06,1.24,86.97,4.72,LargeCentralMetro,1,0,0,0,0,0,Yorkshire and the Humber,5,Sheffield 055,70.1,1,174,121.97399999999999,1451
E02001643,9.0,4.0,18.22,50.54,6.86,1.43,85.81,5.9,LargeCentralMetro,1,0,0,0,0,0,Yorkshire and the Humber,3,Sheffield 033,67.7,1,269,182.113,1763
E02001652,3.0,2.0,29.29,29.1,29.33,6.74,56.95,6.97,LargeCentralMetro,1,0,0,0,0,0,Yorkshire and the Humber,1,Sheffield 042,23.2,1,99,22.968,536
E02001632,1.0,6.0,34.34,48.99,27.08,20.41,30.92,21.59,LargeCentralMetro,1,0,0,0,0,0,Yorkshire and the Humber,,Sheffield 022,44.4,1,99,43.956,445
E02002194,4.0,10.0,42.22,50.37,5.51,0.36,91.48,2.65,LargeCentralMetro,1,0,0,0,0,0,Yorkshire and the Humber,5,Bradford 012,25.9,1,270,69.93,1503
E02002204,7.0,8.0,16.54,49.97,8.35,0.41,88.1,3.14,LargeCentralMetro,1,0,0,0,0,0,Yorkshire and the Humber,7,Bradford 022,57.7,1,272,156.94400000000002,1605
E02002225,5.0,7.0,35.52,43.79,11.21,1.21,83.52,4.06,LargeCentralMetro,1,0,0,0,0,0,Yorkshire and the Humber,,Bradford 043,35.1,1,259,90.909,1272
E02002212,2.0,5.0,40.06,73.44,73.8,1.35,18.51,6.34,LargeCentralMetro,1,0,0,0,0,0,Yorkshire and the Humber,8,Bradford 030,31.65,2,322,101.912,1638
E02002197,6.0,8.0,24.35,48.12,2.87,0.71,93.87,2.54,LargeCentralMetro,1,0,0,0,0,0,Yorkshire and the Humber,3,Bradford 015,45.5,1,308,140.14000000000001,1966
E02002228,1.0,8.0,45.45,50.67,26.25,3.56,63.96,6.24,LargeCentralMetro,1,0,0,0,0,0,Yorkshire and the Humber,,Bradford 046,23.7,1,198,46.925999999999995,969
E02002219,1.0,4.0,42.66,100.0,79.44,1.6,12.95,6.01,LargeCentralMetro,1,0,0,0,0,0,Yorkshire and the Humber,10,Bradford 037,37.1,1,143,53.053,672
E02002237,3.0,6.0,42.2,49.19,28.91,1.99,64.15,4.96,LargeCentralMetro,1,0,0,0,0,0,Yorkshire and the Humber,6,Bradford 055,31.2,1,282,87.984,1415
E02002189,3.0,8.0,31.25,49.75,54.73,0.45,40.87,3.95,LargeCentralMetro,1,0,0,0,0,0,Yorkshire and the Humber,3,Bradford 007,36.8,1,144,52.992,790
E02002230,1.0,3.0,32.89,44.59,60.54,6.11,23.22,10.13,LargeCentralMetro,1,0,0,0,0,0,Yorkshire and the Humber,1,Bradford 048,50.34,3,453,228.026,2256
E02002223,1.0,4.0,27.54,45.43,73.05,3.27,15.9,7.77,LargeCentralMetro,1,0,0,0,0,0,Yorkshire and the Humber,3,Bradford 041,54.5,1,167,91.015,832
E02002217,2.0,5.0,31.45,100.0,63.44,2.54,28.04,5.99,LargeCentralMetro,1,0,0,0,0,0,Yorkshire and the Humber,2,Bradford 035,45.2,1,124,56.048,811
E02002183,10.0,4.0,7.07,50.78,1.0,0.3,97.44,1.26,LargeFringeMetro,0,1,0,0,0,0,Yorkshire and the Humber,3,Bradford 001,66.9,1,311,208.05900000000003,2172
E02002199,9.0,6.0,26.22,48.54,3.12,0.51,93.11,3.26,LargeCentralMetro,1,0,0,0,0,0,Yorkshire and the Humber,5,Bradford 017,41.6,1,286,118.97600000000001,1716
E02002220,1.0,4.0,52.15,43.34,76.89,1.64,16.12,5.34,LargeCentralMetro,1,0,0,0,0,0,Yorkshire and the Humber,4,Bradford 038,32.5,1,163,52.975,886
E02002216,1.0,6.0,53.16,39.74,76.23,3.3,14.73,5.75,LargeCentralMetro,1,0,0,0,0,0,Yorkshire and the Humber,2,Bradford 034,25.9,1,158,40.922000000000004,760
E02006947,1.0,4.0,45.45,40.93,67.78,5.23,19.52,7.47,LargeCentralMetro,1,0,0,0,0,0,Yorkshire and the Humber,,Bradford 064,45.5,1,77,35.035000000000004,364
E02002200,8.0,7.0,32.53,48.74,12.24,0.69,83.44,3.63,LargeCentralMetro,1,0,0,0,0,0,Yorkshire and the Humber,7,Bradford 018,34.5,1,249,85.90499999999999,1430
E02002239,4.0,7.0,52.05,42.86,14.92,3.51,75.92,5.66,LargeCentralMetro,1,0,0,0,0,0,Yorkshire and the Humber,,Bradford 057,17.8,1,146,25.988000000000003,791
E02002262,6.0,8.0,23.15,53.3,1.8,0.53,95.41,2.26,LargeCentralMetro,1,0,0,0,0,0,Yorkshire and the Humber,4,Calderdale 019,31.0,1,203,62.93,1302
E02002258,6.0,6.0,20.57,52.8,1.61,0.47,95.25,2.67,LargeCentralMetro,1,0,0,0,0,0,Yorkshire and the Humber,4,Calderdale 015,25.1,1,175,43.925,820
E02002267,6.0,7.0,22.16,50.45,2.65,0.74,93.92,2.69,LargeCentralMetro,1,0,0,0,0,0,Yorkshire and the Humber,3,Calderdale 024,60.5,1,352,212.95999999999998,1780
E02002263,5.0,7.0,26.98,50.74,0.68,0.37,97.06,1.89,LargeCentralMetro,1,0,0,0,0,0,Yorkshire and the Humber,9,Calderdale 020,56.1,1,278,155.95800000000003,1614
E02002244,6.0,8.0,38.74,48.84,0.53,0.4,97.14,1.94,LargeCentralMetro,1,0,0,0,0,0,Yorkshire and the Humber,7,Calderdale 001,41.4,1,302,125.02799999999999,1599
E02002292,6.0,6.0,33.9,50.28,18.54,5.46,68.78,7.21,LargeCentralMetro,1,0,0,0,0,0,Yorkshire and the Humber,6,Kirklees 022,37.9,1,177,67.083,901
E02002276,5.0,7.0,30.84,100.0,18.15,0.76,77.36,3.74,LargeCentralMetro,1,0,0,0,0,0,Yorkshire and the Humber,9,Kirklees 006,41.4,1,227,93.978,1371
E02002271,8.0,6.0,22.5,47.61,2.51,0.6,94.2,2.69,LargeCentralMetro,1,0,0,0,0,0,Yorkshire and the Humber,10,Kirklees 001,54.0,1,200,108.0,1046
E02002319,7.0,5.0,28.91,49.03,1.02,0.57,95.89,2.51,LargeCentralMetro,1,0,0,0,0,0,Yorkshire and the Humber,9,Kirklees 049,34.0,1,294,99.96000000000001,1440
E02002329,8.0,4.0,12.64,50.26,0.65,0.68,96.96,1.71,LargeCentralMetro,1,0,0,0,0,0,Yorkshire and the Humber,9,Kirklees 059,74.7,1,261,194.967,1329
E02002314,6.0,8.0,25.24,47.84,4.67,3.79,86.1,5.44,LargeCentralMetro,1,0,0,0,0,0,Yorkshire and the Humber,6,Kirklees 044,47.1,1,210,98.91000000000001,1064
E02002288,4.0,8.0,35.53,49.08,10.12,0.93,85.82,3.13,LargeCentralMetro,1,0,0,0,0,0,Yorkshire and the Humber,4,Kirklees 018,54.8,1,197,107.95599999999999,1037
E02002291,7.0,7.0,16.2,50.72,2.8,0.98,93.49,2.73,LargeCentralMetro,1,0,0,0,0,0,Yorkshire and the Humber,3,Kirklees 021,48.6,1,216,104.976,1323
E02002317,2.0,6.0,44.93,49.77,32.01,5.77,54.42,7.8,LargeCentralMetro,1,0,0,0,0,0,Yorkshire and the Humber,3,Kirklees 047,44.9,1,207,92.943,1065
E02002305,3.0,8.0,54.36,49.82,13.31,9.0,66.47,11.22,LargeCentralMetro,1,0,0,0,0,0,Yorkshire and the Humber,6,Kirklees 035,37.6,1,149,56.024,855
E02002299,1.0,7.0,60.1,49.95,27.71,13.81,43.98,14.5,LargeCentralMetro,1,0,0,0,0,0,Yorkshire and the Humber,4,Kirklees 029,25.8,1,198,51.084,1039
E02002287,3.0,8.0,37.93,47.31,55.77,1.38,37.95,4.9,LargeCentralMetro,1,0,0,0,0,0,Yorkshire and the Humber,4,Kirklees 017,25.3,1,174,44.022,928
E02002308,6.0,7.0,26.95,50.68,6.46,2.09,85.14,6.31,LargeCentralMetro,1,0,0,0,0,0,Yorkshire and the Humber,6,Kirklees 038,54.6,1,282,153.972,1401
E02002326,9.0,4.0,17.98,49.49,1.53,0.45,96.65,1.36,Micropolitan,0,0,0,0,1,0,Yorkshire and the Humber,6,Kirklees 056,59.6,1,356,212.176,1279
E02002285,7.0,6.0,31.22,47.6,6.41,0.45,91.34,1.79,LargeCentralMetro,1,0,0,0,0,0,Yorkshire and the Humber,9,Kirklees 015,24.3,1,189,45.927,960
E02002280,2.0,6.0,26.0,0.0,55.82,1.08,39.22,3.88,LargeCentralMetro,1,0,0,0,0,0,Yorkshire and the Humber,5,Kirklees 010,42.0,1,150,63.0,789
E02002286,2.0,7.0,47.43,42.66,43.03,0.84,51.08,5.05,LargeCentralMetro,1,0,0,0,0,0,Yorkshire and the Humber,5,Kirklees 016,36.0,1,175,63.0,919
E02002362,4.0,7.0,25.1,51.83,8.96,4.84,76.46,9.75,LargeCentralMetro,1,0,0,0,0,0,Yorkshire and the Humber,5,Leeds 033,62.3,1,239,148.897,1615
E02002352,9.0,2.0,29.93,48.11,20.08,2.98,70.04,6.9,LargeCentralMetro,1,0,0,0,0,0,Yorkshire and the Humber,2,Leeds 023,50.0,1,304,152.0,1742
E02002347,4.0,6.0,24.8,48.79,20.39,6.18,59.71,13.72,LargeCentralMetro,1,0,0,0,0,0,Yorkshire and the Humber,3,Leeds 018,67.7,2,254,171.96,1824
E02002369,3.0,7.0,50.87,48.97,15.97,8.37,68.49,7.17,LargeCentralMetro,1,0,0,0,0,0,Yorkshire and the Humber,,Leeds 040,31.2,1,173,53.976,780
E02002432,7.0,8.0,17.6,49.62,0.94,0.61,96.46,1.99,MediumMetro,0,0,1,0,0,0,Yorkshire and the Humber,8,Leeds 103,46.4,1,233,108.112,1332
E02002435,7.0,5.0,23.56,46.74,5.22,1.28,90.25,3.25,LargeCentralMetro,1,0,0,0,0,0,Yorkshire and the Humber,7,Leeds 106,53.61,2,556,298.096,3149
E02002354,7.0,4.0,14.29,51.69,27.36,3.95,60.28,8.41,LargeCentralMetro,1,0,0,0,0,0,Yorkshire and the Humber,8,Leeds 025,73.1,1,175,127.925,919
E02002430,1.0,9.0,40.15,51.14,2.13,9.24,83.56,5.06,LargeCentralMetro,1,0,0,0,0,0,Yorkshire and the Humber,5,Leeds 101,45.3,1,274,124.12199999999999,1277
E02002393,1.0,2.0,62.79,48.3,16.48,36.29,32.11,15.12,LargeCentralMetro,1,0,0,0,0,0,Yorkshire and the Humber,10,Leeds 064,18.0,1,172,30.959999999999997,969
E02002408,7.0,6.0,23.82,48.85,3.12,0.74,94.05,2.08,LargeCentralMetro,1,0,0,0,0,0,Yorkshire and the Humber,8,Leeds 079,44.08,2,445,196.175,2471
E02002412,6.0,7.0,29.69,48.17,4.54,2.41,89.76,3.29,LargeCentralMetro,1,0,0,0,0,0,Yorkshire and the Humber,4,Leeds 083,50.9,1,293,149.137,1501
E02002416,6.0,7.0,19.6,49.79,1.8,0.57,95.49,2.14,LargeCentralMetro,1,0,0,0,0,0,Yorkshire and the Humber,6,Leeds 087,65.4,1,301,196.854,1880
E02002338,8.0,4.0,13.51,50.11,1.94,0.43,95.4,2.24,LargeCentralMetro,1,0,0,0,0,0,Yorkshire and the Humber,8,Leeds 009,52.3,1,222,116.10600000000001,1427
E02002350,10.0,4.0,22.71,47.49,2.72,0.32,93.93,3.03,LargeCentralMetro,1,0,0,0,0,0,Yorkshire and the Humber,3,Leeds 021,62.2,1,251,156.12199999999999,1773
E02006852,9.0,3.0,42.15,48.85,10.94,2.19,80.86,6.01,LargeCentralMetro,1,0,0,0,0,0,Yorkshire and the Humber,3,Leeds 109,40.2,1,261,104.92200000000001,1396
E02006861,5.0,2.0,53.74,47.68,8.04,3.57,80.61,7.78,LargeCentralMetro,1,0,0,0,0,0,Yorkshire and the Humber,2,Leeds 110,33.6,1,214,71.90400000000001,1034
E02002379,2.0,8.0,63.01,49.51,3.85,7.65,83.46,5.03,LargeCentralMetro,1,0,0,0,0,0,Yorkshire and the Humber,4,Leeds 050,21.5,1,219,47.085,1016
E02002381,5.0,5.0,35.82,53.17,1.99,1.05,94.06,2.9,LargeCentralMetro,1,0,0,0,0,0,Yorkshire and the Humber,6,Leeds 052,38.3,1,282,108.00599999999999,1450
E02002433,6.0,7.0,25.64,48.73,3.56,1.34,92.06,3.04,LargeCentralMetro,1,0,0,0,0,0,Yorkshire and the Humber,7,Leeds 104,60.1,1,273,164.073,1422
E02002404,4.0,5.0,42.11,50.0,9.72,11.74,70.35,8.18,LargeCentralMetro,1,0,0,0,0,0,Yorkshire and the Humber,1,Leeds 075,38.9,1,190,73.91,940
E02002332,7.0,4.0,14.29,46.28,1.58,0.51,96.15,1.76,LargeCentralMetro,1,0,0,0,0,0,Yorkshire and the Humber,5,Leeds 003,61.9,1,252,155.988,1638
E02002346,6.0,4.0,29.31,48.31,6.49,0.99,84.04,8.49,LargeCentralMetro,1,0,0,0,0,0,Yorkshire and the Humber,9,Leeds 017,35.6,1,174,61.94400000000001,1004
E02002434,7.0,4.0,19.43,49.7,3.13,3.29,90.69,2.88,LargeCentralMetro,1,0,0,0,0,0,Yorkshire and the Humber,10,Leeds 105,52.2,1,314,163.90800000000002,1654
E02006876,4.0,6.0,47.41,39.44,9.95,8.43,75.64,5.98,LargeCentralMetro,1,0,0,0,0,0,Yorkshire and the Humber,,Leeds 112,49.95,2,386,192.825,1762
E02002337,10.0,2.0,7.29,48.97,2.06,0.38,95.02,2.55,LargeCentralMetro,1,0,0,0,0,0,Yorkshire and the Humber,4,Leeds 008,59.9,1,192,115.008,1213
E02002331,7.0,7.0,25.38,51.98,2.15,0.99,94.8,2.06,LargeCentralMetro,1,0,0,0,0,0,Yorkshire and the Humber,6,Leeds 002,53.1,1,130,69.03,783
E02002440,4.0,9.0,48.21,51.36,0.57,1.05,97.42,0.96,LargeCentralMetro,1,0,0,0,0,0,Yorkshire and the Humber,7,Wakefield 003,25.1,1,195,48.945,1063
E02002460,8.0,7.0,26.62,49.88,0.92,0.35,97.58,1.15,LargeCentralMetro,1,0,0,0,0,0,Yorkshire and the Humber,6,Wakefield 023,53.23,2,402,213.976,2059
E02002439,4.0,9.0,26.44,48.34,1.67,0.6,95.98,1.74,LargeCentralMetro,1,0,0,0,0,0,Yorkshire and the Humber,4,Wakefield 002,50.5,1,295,148.975,1477
E02002469,6.0,4.0,33.33,46.36,1.07,0.93,96.6,1.39,MediumMetro,0,0,1,0,0,0,Yorkshire and the Humber,9,Wakefield 032,47.0,1,198,93.05999999999999,1059
E02002447,4.0,8.0,36.73,50.4,0.99,0.45,97.36,1.2,LargeCentralMetro,1,0,0,0,0,0,Yorkshire and the Humber,9,Wakefield 010,46.9,1,147,68.943,869
E02002464,3.0,9.0,35.63,43.89,1.14,0.65,96.82,1.39,LargeCentralMetro,1,0,0,0,0,0,Yorkshire and the Humber,9,Wakefield 027,35.6,1,87,30.972000000000005,524
E02002468,6.0,6.0,20.41,50.23,1.3,0.29,96.41,2.0,LargeCentralMetro,1,0,0,0,0,0,Yorkshire and the Humber,5,Wakefield 031,52.6,1,196,103.096,1075
E02002474,4.0,6.0,22.22,50.6,1.74,1.38,94.42,2.47,LargeCentralMetro,1,0,0,0,0,0,Yorkshire and the Humber,9,Wakefield 037,47.3,1,315,148.995,1672
E02002480,4.0,8.0,30.8,50.1,0.55,0.64,97.67,1.15,LargeCentralMetro,1,0,0,0,0,0,Yorkshire and the Humber,7,Wakefield 043,36.4,1,250,91.0,1575
E02002462,6.0,8.0,17.97,47.28,1.12,0.44,97.11,1.33,LargeCentralMetro,1,0,0,0,0,0,Yorkshire and the Humber,4,Wakefield 025,55.3,1,295,163.135,1728
E02002457,2.0,8.0,41.26,53.78,17.07,5.59,71.58,5.76,LargeCentralMetro,1,0,0,0,0,0,Yorkshire and the Humber,2,Wakefield 020,29.4,1,143,42.041999999999994,900
E02002451,8.0,6.0,19.01,49.12,2.21,0.72,95.14,1.94,LargeCentralMetro,1,0,0,0,0,0,Yorkshire and the Humber,9,Wakefield 014,52.9,1,342,180.918,1932
E02002470,10.0,5.0,22.3,49.54,5.37,1.01,91.2,2.42,LargeCentralMetro,1,0,0,0,0,0,Yorkshire and the Humber,5,Wakefield 033,45.3,1,148,67.044,763
E02002461,5.0,8.0,20.9,47.94,1.58,0.76,96.14,1.53,LargeCentralMetro,1,0,0,0,0,0,Yorkshire and the Humber,10,Wakefield 024,49.6,1,268,132.928,1481
E02001702,2.0,10.0,23.69,48.4,2.16,1.38,93.13,3.33,LargeCentralMetro,1,0,0,0,0,0,North East,6,Gateshead 021,55.4,1,249,137.946,1496
E02001694,6.0,10.0,39.88,52.58,1.72,0.35,96.06,1.87,LargeCentralMetro,1,0,0,0,0,0,North East,7,Gateshead 013,36.4,1,173,62.972,911
E02001707,5.0,10.0,32.49,50.43,2.58,0.27,95.47,1.69,LargeCentralMetro,1,0,0,0,0,0,North East,5,Gateshead 026,49.4,1,237,117.078,1293
E02001686,6.0,9.0,20.87,51.14,0.7,0.12,98.03,1.15,LargeCentralMetro,1,0,0,0,0,0,North East,2,Gateshead 005,60.4,1,230,138.92,1400
E02001683,7.0,8.0,27.09,47.46,0.75,0.18,97.96,1.11,LargeCentralMetro,1,0,0,0,0,0,North East,7,Gateshead 002,54.2,1,251,136.042,1496
E02001698,9.0,7.0,19.62,49.1,0.89,0.22,97.75,1.15,LargeCentralMetro,1,0,0,0,0,0,North East,3,Gateshead 017,60.0,1,265,159.0,1721
E02001709,9.0,4.0,18.7,49.82,9.43,1.24,85.03,4.3,LargeCentralMetro,1,0,0,0,0,0,North East,2,Newcastle upon Tyne 002,63.3,1,401,253.833,1927
E02001715,4.0,7.0,58.49,52.01,8.71,5.97,78.79,6.54,LargeCentralMetro,1,0,0,0,0,0,North East,9,Newcastle upon Tyne 008,40.3,1,318,128.154,1713
E02001726,3.0,6.0,30.8,100.0,22.9,1.79,69.4,5.9,LargeCentralMetro,1,0,0,0,0,0,North East,1,Newcastle upon Tyne 019,53.6,1,224,120.06400000000001,1392
E02001734,3.0,8.0,35.35,0.0,11.97,6.02,76.09,5.92,LargeCentralMetro,1,0,0,0,0,0,North East,10,Newcastle upon Tyne 027,51.5,1,198,101.97,1211
E02001714,10.0,5.0,27.19,47.36,13.91,1.38,80.04,4.67,LargeCentralMetro,1,0,0,0,0,0,North East,3,Newcastle upon Tyne 007,68.9,1,228,157.092,1459
E02001722,3.0,9.0,65.05,47.62,2.55,2.66,92.99,1.79,LargeCentralMetro,1,0,0,0,0,0,North East,5,Newcastle upon Tyne 015,28.2,1,103,29.045999999999996,546
E02001766,4.0,10.0,32.06,49.43,2.86,1.06,93.36,2.72,LargeCentralMetro,1,0,0,0,0,0,North East,2,North Tyneside 029,30.5,1,131,39.955,959
E02001749,6.0,10.0,20.21,52.41,2.22,0.42,96.06,1.3,LargeCentralMetro,1,0,0,0,0,0,North East,6,North Tyneside 012,42.0,1,193,81.06,1160
E02001756,4.0,10.0,25.9,49.16,5.22,1.0,90.59,3.19,LargeCentralMetro,1,0,0,0,0,0,North East,8,North Tyneside 019,28.3,1,166,46.978,950
E02001750,8.0,8.0,21.56,49.44,3.49,0.32,94.8,1.39,LargeCentralMetro,1,0,0,0,0,0,North East,2,North Tyneside 013,47.85,2,320,153.108,1424
E02001760,2.0,10.0,55.56,47.59,2.86,1.47,93.59,2.08,LargeCentralMetro,1,0,0,0,0,0,North East,4,North Tyneside 023,24.1,1,54,13.014000000000001,456
E02001757,6.0,9.0,19.29,50.86,2.19,0.17,96.13,1.51,LargeCentralMetro,1,0,0,0,0,0,North East,4,North Tyneside 020,46.1,1,254,117.09400000000001,1622
E02001742,9.0,6.0,11.96,48.3,1.56,0.14,97.09,1.21,LargeCentralMetro,1,0,0,0,0,0,North East,2,North Tyneside 005,62.8,1,368,231.104,1762
E02001788,5.0,8.0,51.96,47.93,2.27,0.74,95.22,1.77,LargeCentralMetro,1,0,0,0,0,0,North East,6,South Tyneside 021,24.0,1,204,48.96,1064
E02001782,4.0,10.0,38.71,48.43,0.96,0.33,97.3,1.4,LargeCentralMetro,1,0,0,0,0,0,North East,4,South Tyneside 015,42.46,2,403,171.121,2265
E02001784,3.0,10.0,39.22,49.04,0.62,0.18,97.66,1.54,LargeCentralMetro,1,0,0,0,0,0,North East,5,South Tyneside 017,35.9,1,153,54.927,836
E02001772,6.0,10.0,34.46,51.45,3.87,0.79,91.85,3.48,LargeCentralMetro,1,0,0,0,0,0,North East,5,South Tyneside 005,43.03,2,444,191.048,2449
E02001785,5.0,7.0,21.89,53.2,0.86,0.21,97.26,1.67,LargeCentralMetro,1,0,0,0,0,0,North East,8,South Tyneside 018,50.2,1,201,100.902,1205
E02001809,6.0,8.0,35.68,45.65,1.05,0.18,97.69,1.08,LargeCentralMetro,1,0,0,0,0,0,North East,3,Sunderland 019,39.0,1,213,83.07000000000001,1069
E02001798,3.0,10.0,48.26,48.28,0.54,0.49,97.97,1.01,LargeCentralMetro,1,0,0,0,0,0,North East,7,Sunderland 008,38.8,1,201,77.98799999999999,1019
E02001824,5.0,9.0,36.36,49.56,0.76,0.85,97.2,1.18,LargeCentralMetro,1,0,0,0,0,0,North East,6,Sunderland 034,37.3,1,220,82.06,1144
E02001810,6.0,7.0,40.85,47.31,0.88,0.29,97.58,1.25,LargeCentralMetro,1,0,0,0,0,0,North East,3,Sunderland 020,31.0,1,213,66.03,1078
E02001794,2.0,10.0,48.72,49.21,0.52,0.09,98.52,0.87,LargeCentralMetro,1,0,0,0,0,0,North East,9,Sunderland 004,51.3,1,78,40.014,445
E02001806,2.0,10.0,19.51,0.0,10.6,2.64,84.31,2.45,LargeCentralMetro,1,0,0,0,0,0,North East,3,Sunderland 016,62.6,1,123,76.998,992
E02001812,8.0,7.0,26.33,70.26,5.66,0.64,92.0,1.69,LargeCentralMetro,1,0,0,0,0,0,North East,2,Sunderland 022,45.55,3,562,255.988,3262
E02001813,2.0,9.0,44.44,48.95,1.28,0.7,96.5,1.52,LargeCentralMetro,1,0,0,0,0,0,North East,7,Sunderland 023,48.6,1,144,69.984,760
E02001821,6.0,8.0,29.21,51.13,0.89,0.18,98.05,0.87,LargeCentralMetro,1,0,0,0,0,0,North East,8,Sunderland 031,38.8,1,178,69.064,843
E02002985,7.0,5.0,30.0,47.79,1.47,0.84,94.77,2.91,LargeCentralMetro,1,0,0,0,0,0,South West,5,Bath and North East Somerset 001,24.0,1,50,12.0,362
E02002996,10.0,1.0,12.44,96.99,8.08,1.28,84.95,5.69,LargeCentralMetro,1,0,0,0,0,0,South West,1,Bath and North East Somerset 012,60.0,1,225,135.0,1528
E02002987,9.0,4.0,13.77,46.34,1.66,0.36,95.99,1.98,LargeCentralMetro,1,0,0,0,0,0,South West,4,Bath and North East Somerset 003,50.72,2,276,139.98000000000002,1461
E02003011,6.0,6.0,20.1,49.16,0.97,0.2,97.31,1.52,LargeCentralMetro,1,0,0,0,0,0,South West,3,Bath and North East Somerset 027,49.04,2,418,204.97799999999998,2559
E02002992,10.0,2.0,26.03,48.16,5.15,1.69,89.39,3.77,LargeCentralMetro,1,0,0,0,0,0,South West,7,Bath and North East Somerset 008,47.9,1,219,104.901,1275
E02003002,6.0,4.0,17.54,41.61,4.19,0.9,89.84,5.07,LargeCentralMetro,1,0,0,0,0,0,South West,10,Bath and North East Somerset 018,63.0,1,211,132.93,1382
E02003003,6.0,3.0,21.82,48.06,5.79,1.87,87.11,5.22,LargeCentralMetro,1,0,0,0,0,0,South West,5,Bath and North East Somerset 019,43.0,1,165,70.95,1005
E02003008,4.0,7.0,31.9,48.92,0.81,0.62,96.52,2.05,LargeCentralMetro,1,0,0,0,0,0,South West,9,Bath and North East Somerset 024,23.91,2,163,38.977000000000004,1063
E02003057,6.0,8.0,39.23,45.29,1.91,1.42,93.15,3.52,LargeCentralMetro,1,0,0,0,0,0,South West,4,Bristol 046,38.7,1,181,70.047,1029
E02003032,4.0,7.0,36.65,45.96,12.82,9.83,69.05,8.31,LargeCentralMetro,1,0,0,0,0,0,South West,2,Bristol 021,40.6,1,251,101.906,1299
E02006952,4.0,3.0,26.35,51.99,14.18,6.56,70.4,8.86,LargeCentralMetro,1,0,0,0,0,0,South West,1,Bristol 061,60.1,1,148,88.948,1183
E02003013,4.0,9.0,19.8,48.14,10.5,7.25,76.13,6.13,LargeCentralMetro,1,0,0,0,0,0,South West,1,Bristol 002,66.3,1,202,133.926,1292
E02003023,6.0,7.0,32.09,45.89,12.54,5.46,75.01,6.99,LargeCentralMetro,1,0,0,0,0,0,South West,1,Bristol 012,39.5,1,215,84.925,1096
E02006888,2.0,5.0,48.85,46.7,17.79,28.06,43.79,10.36,LargeCentralMetro,1,0,0,0,0,0,South West,1,Bristol 055,29.9,1,174,52.025999999999996,970
E02003033,10.0,2.0,35.93,47.37,5.11,1.37,86.85,6.68,LargeCentralMetro,1,0,0,0,0,0,South West,1,Bristol 022,54.1,1,231,124.971,1655
E02003025,4.0,8.0,28.3,44.09,13.23,12.64,66.44,7.69,LargeCentralMetro,1,0,0,0,0,0,South West,1,Bristol 014,46.2,1,212,97.944,1082
E02003014,2.0,8.0,22.69,48.0,1.94,4.09,88.81,5.16,LargeCentralMetro,1,0,0,0,0,0,South West,4,Bristol 003,50.77,2,335,170.068,2054
E02003054,6.0,8.0,28.4,48.1,4.07,2.13,89.24,4.56,LargeCentralMetro,1,0,0,0,0,0,South West,4,Bristol 043,40.8,1,250,102.0,1366
E02003058,4.0,8.0,30.94,50.81,3.49,2.29,90.5,3.72,LargeCentralMetro,1,0,0,0,0,0,South West,2,Bristol 047,38.43,2,307,117.993,1614
E02003016,3.0,8.0,44.07,45.09,9.43,10.92,71.61,8.04,LargeCentralMetro,1,0,0,0,0,0,South West,1,Bristol 005,48.6,1,177,86.02199999999999,947
E02003031,10.0,3.0,10.3,45.53,3.33,1.98,88.36,6.32,LargeCentralMetro,1,0,0,0,0,0,South West,1,Bristol 020,68.7,1,233,160.07100000000003,1676
E02006887,2.0,5.0,19.44,51.91,9.95,17.07,61.96,11.01,LargeCentralMetro,1,0,0,0,0,0,South West,1,Bristol 054,61.6,1,216,133.056,1778
E02003075,10.0,3.0,14.93,47.71,1.37,0.35,96.11,2.16,MediumMetro,0,0,1,0,0,0,South West,5,North Somerset 011,56.0,1,268,150.08,1597
E02003088,7.0,5.0,11.74,49.32,0.9,0.31,96.8,1.99,MediumMetro,0,0,1,0,0,0,South West,8,North Somerset 024,53.4,1,264,140.976,1547
E02003069,10.0,6.0,10.78,50.99,0.72,0.49,97.37,1.41,LargeCentralMetro,1,0,0,0,0,0,South West,6,North Somerset 005,48.3,1,232,112.056,1367
E02003067,8.0,5.0,7.72,48.12,1.61,0.28,95.47,2.64,LargeCentralMetro,1,0,0,0,0,0,South West,7,North Somerset 003,50.6,1,324,163.944,2097
E02003085,2.0,10.0,31.91,51.17,2.0,0.85,93.92,3.23,LargeCentralMetro,1,0,0,0,0,0,South West,3,North Somerset 021,42.6,1,188,80.088,1026
E02003073,9.0,3.0,12.3,48.87,1.26,0.38,96.58,1.78,LargeCentralMetro,1,0,0,0,0,0,South West,5,North Somerset 009,55.6,1,187,103.97200000000001,1154
E02003079,7.0,6.0,18.62,50.71,1.37,0.42,96.32,1.89,LargeCentralMetro,1,0,0,0,0,0,South West,5,North Somerset 015,36.2,1,290,104.98000000000002,1485
E02003068,8.0,5.0,19.41,47.09,1.06,0.47,95.7,2.77,Micropolitan,0,0,0,0,1,0,South West,3,North Somerset 004,47.1,1,170,80.07000000000001,998
E02003080,5.0,8.0,25.21,49.69,1.59,0.64,96.11,1.66,LargeCentralMetro,1,0,0,0,0,0,South West,,North Somerset 016,41.3,1,242,99.946,1288
E02007066,5.0,4.0,22.75,45.54,11.88,4.24,76.3,7.58,LargeCentralMetro,1,0,0,0,0,0,South West,8,South Gloucestershire 035,45.5,1,189,85.995,1267
E02003095,7.0,6.0,11.84,50.62,1.79,0.96,94.75,2.5,LargeCentralMetro,1,0,0,0,0,0,South West,7,South Gloucestershire 006,43.4,1,152,65.968,1051
E02003090,7.0,6.0,13.9,52.1,1.38,0.72,95.31,2.59,LargeCentralMetro,1,0,0,0,0,0,South West,5,South Gloucestershire 001,58.3,1,223,130.009,1449
E02003118,7.0,6.0,29.11,46.71,1.67,0.94,94.77,2.63,LargeCentralMetro,1,0,0,0,0,0,South West,3,South Gloucestershire 029,17.7,1,79,13.982999999999999,593
E02003111,10.0,6.0,11.16,50.03,3.72,2.01,91.16,3.12,LargeCentralMetro,1,0,0,0,0,0,South West,10,South Gloucestershire 022,53.6,1,233,124.888,1429
E02003120,8.0,6.0,16.89,47.39,1.92,0.73,94.88,2.47,LargeCentralMetro,1,0,0,0,0,0,South West,5,South Gloucestershire 031,38.5,1,148,56.980000000000004,844
E02003117,6.0,7.0,27.5,46.01,3.12,2.1,90.7,4.08,LargeCentralMetro,1,0,0,0,0,0,South West,2,South Gloucestershire 028,60.0,1,160,96.0,1278
E02003108,6.0,6.0,22.22,50.17,3.38,2.1,90.76,3.76,LargeCentralMetro,1,0,0,0,0,0,South West,3,South Gloucestershire 019,34.8,1,207,72.036,1158
E02003091,6.0,6.0,15.6,44.35,0.97,0.3,96.99,1.74,LargeCentralMetro,1,0,0,0,0,0,South West,7,South Gloucestershire 002,39.4,1,109,42.946,566
E02007064,6.0,6.0,26.16,47.74,4.0,2.17,89.74,4.08,LargeCentralMetro,1,0,0,0,0,0,South West,,South Gloucestershire 033,26.7,1,172,45.924,951
E02003119,7.0,7.0,19.61,44.57,1.35,0.76,95.59,2.29,LargeCentralMetro,1,0,0,0,0,0,South West,2,South Gloucestershire 030,43.1,1,204,87.92399999999999,1261
E02003099,6.0,7.0,23.13,50.44,1.98,0.47,95.25,2.29,LargeCentralMetro,1,0,0,0,0,0,South West,,South Gloucestershire 010,60.4,1,134,80.93599999999999,801
E02002485,2.0,10.0,51.48,50.85,1.88,0.29,96.55,1.29,LargeCentralMetro,1,0,0,0,0,0,North East,2,Hartlepool 003,57.4,1,237,136.03799999999998,1294
E02002491,4.0,10.0,30.08,50.75,1.05,0.53,97.08,1.34,LargeCentralMetro,1,0,0,0,0,0,North East,6,Hartlepool 009,33.8,1,266,89.90799999999999,1472
E02006909,8.0,8.0,31.02,47.35,1.89,0.24,97.03,0.84,LargeCentralMetro,1,0,0,0,0,0,North East,6,Hartlepool 014,48.2,1,274,132.068,1396
E02007059,4.0,9.0,49.73,50.75,3.8,0.96,92.88,2.36,LargeCentralMetro,1,0,0,0,0,0,North East,10,Hartlepool 015,49.7,1,185,91.94500000000001,995
E02002514,5.0,9.0,41.78,51.13,1.44,0.38,96.27,1.91,LargeCentralMetro,1,0,0,0,0,0,North East,8,Middlesbrough 019,30.5,1,213,64.965,1416
E02002503,2.0,8.0,38.89,51.12,8.11,1.76,84.8,5.34,LargeCentralMetro,1,0,0,0,0,0,North East,5,Middlesbrough 008,44.4,1,234,103.896,1565
E02002507,6.0,4.0,47.55,49.62,12.62,0.37,83.34,3.67,LargeCentralMetro,1,0,0,0,0,0,North East,4,Middlesbrough 012,47.1,1,204,96.084,1185
E02002502,2.0,10.0,66.14,50.41,0.8,1.34,95.99,1.88,LargeCentralMetro,1,0,0,0,0,0,North East,10,Middlesbrough 007,29.9,1,127,37.973,738
E02002506,2.0,10.0,40.09,49.81,6.82,1.86,86.79,4.54,LargeCentralMetro,1,0,0,0,0,0,North East,5,Middlesbrough 011,40.1,1,222,89.022,1303
E02002499,1.0,9.0,65.81,48.88,1.72,2.02,93.84,2.42,LargeCentralMetro,1,0,0,0,0,0,North East,10,Middlesbrough 004,20.6,1,155,31.930000000000003,1027
E02006812,5.0,8.0,20.87,50.21,1.3,0.25,96.84,1.6,LargeCentralMetro,1,0,0,0,0,0,North East,8,Redcar and Cleveland 021,45.3,1,254,115.06199999999998,1410
E02002520,7.0,8.0,14.69,50.18,0.41,0.11,98.56,0.92,MediumMetro,0,0,1,0,0,0,North East,7,Redcar and Cleveland 006,55.9,1,143,79.937,823
E02002516,4.0,9.0,24.31,53.3,0.73,0.14,97.73,1.4,LargeCentralMetro,1,0,0,0,0,0,North East,10,Redcar and Cleveland 002,56.3,1,144,81.07199999999999,743
E02006910,5.0,9.0,56.52,45.99,3.32,0.37,94.04,2.27,LargeCentralMetro,1,0,0,0,0,0,North East,10,Redcar and Cleveland 022,23.9,1,92,21.988,574
E02007062,8.0,7.0,31.07,50.9,6.18,0.85,89.73,3.24,LargeCentralMetro,1,0,0,0,0,0,North East,5,Stockton-on-Tees 027,68.4,1,177,121.06800000000001,892
E02002558,9.0,5.0,21.97,49.33,4.28,0.35,92.49,2.89,LargeCentralMetro,1,0,0,0,0,0,North East,5,Stockton-on-Tees 024,54.7,1,223,121.98100000000001,1340
E02002555,8.0,6.0,14.59,49.11,2.67,0.53,94.46,2.34,LargeCentralMetro,1,0,0,0,0,0,North East,6,Stockton-on-Tees 021,60.1,1,233,140.033,1511
E02002547,6.0,8.0,33.33,46.77,3.42,0.61,94.69,1.28,LargeCentralMetro,1,0,0,0,0,0,North East,2,Stockton-on-Tees 013,44.13,2,399,176.082,2042
E02002549,7.0,8.0,22.32,51.42,1.84,0.54,96.58,1.05,LargeCentralMetro,1,0,0,0,0,0,North East,4,Stockton-on-Tees 015,47.8,1,224,107.072,1165
E02002556,8.0,6.0,24.56,47.97,6.88,0.54,89.82,2.76,LargeCentralMetro,1,0,0,0,0,0,North East,,Stockton-on-Tees 022,59.6,1,114,67.944,665
E02002544,3.0,10.0,54.92,48.28,1.29,1.77,95.13,1.81,LargeCentralMetro,1,0,0,0,0,0,North East,3,Stockton-on-Tees 010,48.4,1,122,59.048,816
E02002535,8.0,8.0,25.69,49.45,0.74,0.15,98.4,0.71,MediumMetro,0,0,1,0,0,0,North East,9,Stockton-on-Tees 001,49.3,1,288,141.984,1541
E02002545,8.0,9.0,56.84,47.34,2.27,0.12,96.58,1.03,LargeCentralMetro,1,0,0,0,0,0,North East,,Stockton-on-Tees 011,28.4,1,95,26.979999999999997,602
E02002537,2.0,10.0,34.36,54.93,0.98,0.2,97.68,1.14,LargeCentralMetro,1,0,0,0,0,0,North East,6,Stockton-on-Tees 003,35.9,1,195,70.005,943
E02002552,4.0,9.0,42.05,51.82,3.48,0.99,93.68,1.85,LargeCentralMetro,1,0,0,0,0,0,North East,8,Stockton-on-Tees 018,30.7,1,88,27.016,550
E02002681,1.0,9.0,44.17,47.97,7.32,5.38,80.06,7.24,LargeCentralMetro,1,0,0,0,0,0,Yorkshire and the Humber,,Kingston upon Hull 030,33.3,1,120,39.959999999999994,811
E02002675,1.0,7.0,33.91,25.25,10.62,4.35,75.02,10.0,LargeCentralMetro,1,0,0,0,0,0,Yorkshire and the Humber,1,Kingston upon Hull 024,51.3,1,115,58.995000000000005,895
E02002653,1.0,9.0,31.88,51.69,0.41,0.84,96.71,2.04,LargeCentralMetro,1,0,0,0,0,0,Yorkshire and the Humber,6,Kingston upon Hull 002,57.6,1,229,131.90400000000002,1534
E02002668,1.0,8.0,49.23,48.0,0.68,1.42,96.09,1.81,LargeCentralMetro,1,0,0,0,0,0,Yorkshire and the Humber,4,Kingston upon Hull 017,14.9,1,195,29.055,1252
E02002664,9.0,4.0,24.56,52.18,0.4,0.26,98.53,0.81,LargeCentralMetro,1,0,0,0,0,0,Yorkshire and the Humber,3,Kingston upon Hull 013,36.1,1,285,102.88499999999999,1652
E02002660,3.0,7.0,44.64,48.26,0.47,0.88,97.36,1.28,LargeCentralMetro,1,0,0,0,0,0,Yorkshire and the Humber,6,Kingston upon Hull 009,25.4,1,224,56.896,1237
E02002680,1.0,8.0,17.05,28.97,7.79,6.44,73.91,11.85,LargeCentralMetro,1,0,0,0,0,0,Yorkshire and the Humber,,Kingston upon Hull 029,53.0,1,217,115.01,863
E02002659,1.0,7.0,46.61,46.32,2.02,3.23,89.12,5.62,LargeCentralMetro,1,0,0,0,0,0,Yorkshire and the Humber,4,Kingston upon Hull 008,33.5,1,236,79.06,1237
E02006813,3.0,8.0,41.87,46.99,1.45,1.02,95.11,2.42,LargeCentralMetro,1,0,0,0,0,0,Yorkshire and the Humber,7,Kingston upon Hull 033,32.9,1,246,80.93399999999998,1460
E02002655,2.0,9.0,37.34,48.71,0.38,0.89,97.46,1.27,LargeCentralMetro,1,0,0,0,0,0,Yorkshire and the Humber,7,Kingston upon Hull 004,29.0,1,241,69.89,1320
E02002703,8.0,2.0,14.49,0.0,1.58,0.4,96.38,1.64,LargeCentralMetro,1,0,0,0,0,0,Yorkshire and the Humber,3,East Riding of Yorkshire 020,48.6,1,138,67.068,802
E02002700,3.0,4.0,19.73,100.0,1.22,0.05,96.79,1.94,LargeCentralMetro,1,0,0,0,0,0,Yorkshire and the Humber,3,East Riding of Yorkshire 017,50.3,1,147,73.941,827
E02002686,1.0,10.0,53.16,46.53,1.04,0.12,97.52,1.32,LargeFringeMetro,0,1,0,0,0,0,Yorkshire and the Humber,7,East Riding of Yorkshire 003,15.2,1,158,24.016,952
E02002705,8.0,4.0,29.25,50.86,2.88,0.77,94.16,2.2,LargeCentralMetro,1,0,0,0,0,0,Yorkshire and the Humber,7,East Riding of Yorkshire 022,42.2,1,147,62.034000000000006,869
E02006891,7.0,4.0,26.34,51.21,0.52,0.07,98.61,0.8,LargeFringeMetro,0,1,0,0,0,0,Yorkshire and the Humber,,East Riding of Yorkshire 044,35.3,1,224,79.072,1404
E02002685,5.0,7.0,35.06,49.19,0.5,0.06,98.77,0.66,LargeFringeMetro,0,1,0,0,0,0,Yorkshire and the Humber,10,East Riding of Yorkshire 002,35.6,1,174,61.94400000000001,1047
E02002695,6.0,7.0,27.54,51.63,0.39,0.18,98.11,1.32,SmallMetro,0,0,0,1,0,0,Yorkshire and the Humber,5,East Riding of Yorkshire 012,42.5,1,207,87.975,1257
E02002699,9.0,2.0,15.28,56.87,1.05,0.38,97.2,1.38,LargeCentralMetro,1,0,0,0,0,0,Yorkshire and the Humber,7,East Riding of Yorkshire 016,54.9,1,144,79.05599999999998,728
E02002698,7.0,4.0,24.44,47.28,0.44,0.12,98.23,1.21,MediumMetro,0,0,1,0,0,0,Yorkshire and the Humber,9,East Riding of Yorkshire 015,41.1,1,90,36.99,626
E02002725,8.0,6.0,18.93,47.59,0.45,0.1,98.65,0.8,MediumMetro,0,0,1,0,0,0,Yorkshire and the Humber,10,East Riding of Yorkshire 042,40.8,1,169,68.952,788
E02002715,9.0,3.0,11.01,48.77,2.47,0.44,95.27,1.82,LargeCentralMetro,1,0,0,0,0,0,Yorkshire and the Humber,9,East Riding of Yorkshire 032,56.0,1,336,188.16000000000003,2106
E02002714,6.0,5.0,42.28,45.28,0.39,0.11,98.82,0.67,SmallMetro,0,0,0,1,0,0,Yorkshire and the Humber,9,East Riding of Yorkshire 031,24.4,1,123,30.012,731
E02002743,4.0,7.0,39.62,49.83,0.52,0.31,98.15,1.02,LargeCentralMetro,1,0,0,0,0,0,Yorkshire and the Humber,5,North East Lincolnshire 018,23.82,2,260,61.925,1509
E02002737,5.0,6.0,48.3,48.85,1.64,0.2,96.9,1.26,LargeCentralMetro,1,0,0,0,0,0,Yorkshire and the Humber,4,North East Lincolnshire 012,34.0,1,147,49.980000000000004,911
E02002732,7.0,4.0,12.0,52.19,1.4,0.11,97.21,1.28,MediumMetro,0,0,1,0,0,0,Yorkshire and the Humber,9,North East Lincolnshire 007,61.7,1,175,107.975,778
E02002745,8.0,6.0,15.12,47.3,0.82,0.17,97.99,1.02,LargeCentralMetro,1,0,0,0,0,0,Yorkshire and the Humber,8,North East Lincolnshire 020,43.6,1,172,74.992,890
E02002729,6.0,6.0,35.85,50.24,0.37,0.2,97.93,1.5,LargeCentralMetro,1,0,0,0,0,0,Yorkshire and the Humber,6,North East Lincolnshire 004,56.6,1,159,89.99400000000001,1055
E02002726,4.0,6.0,32.76,46.74,0.75,0.17,97.76,1.31,LargeCentralMetro,1,0,0,0,0,0,Yorkshire and the Humber,8,North East Lincolnshire 001,33.6,1,116,38.976,582
E02002741,5.0,6.0,52.83,47.96,2.94,1.19,93.52,2.36,LargeCentralMetro,1,0,0,0,0,0,Yorkshire and the Humber,9,North East Lincolnshire 016,27.0,1,159,42.93,857
E02002740,2.0,7.0,56.93,48.65,0.64,1.14,96.85,1.38,LargeCentralMetro,1,0,0,0,0,0,Yorkshire and the Humber,6,North East Lincolnshire 015,23.4,1,137,32.058,812
E02002747,8.0,5.0,20.54,51.56,2.16,0.66,95.39,1.78,LargeCentralMetro,1,0,0,0,0,0,Yorkshire and the Humber,6,North East Lincolnshire 022,45.9,1,331,151.929,1730
E02002754,6.0,6.0,21.78,47.92,0.47,0.12,98.58,0.82,MediumMetro,0,0,1,0,0,0,Yorkshire and the Humber,10,North Lincolnshire 006,33.7,1,101,34.037,528
E02002749,5.0,6.0,34.5,49.32,0.96,0.23,97.57,1.23,LargeCentralMetro,1,0,0,0,0,0,Yorkshire and the Humber,5,North Lincolnshire 001,40.0,1,200,80.0,1024
E02002755,3.0,9.0,32.26,46.12,12.89,1.58,80.47,5.06,LargeCentralMetro,1,0,0,0,0,0,Yorkshire and the Humber,5,North Lincolnshire 007,35.98,2,217,78.07900000000001,1056
E02002766,7.0,7.0,30.08,48.76,2.11,0.37,96.1,1.42,LargeCentralMetro,1,0,0,0,0,0,Yorkshire and the Humber,4,North Lincolnshire 018,36.5,1,266,97.09,1333
E02002760,6.0,8.0,39.26,50.43,3.33,0.33,94.78,1.55,LargeCentralMetro,1,0,0,0,0,0,Yorkshire and the Humber,6,North Lincolnshire 012,43.6,1,163,71.068,817
E02002758,3.0,8.0,38.28,51.7,3.26,0.39,93.54,2.81,LargeCentralMetro,1,0,0,0,0,0,Yorkshire and the Humber,4,North Lincolnshire 010,47.7,1,128,61.056000000000004,737
E02002762,4.0,9.0,33.8,49.79,1.92,0.25,96.53,1.3,LargeCentralMetro,1,0,0,0,0,0,Yorkshire and the Humber,3,North Lincolnshire 014,51.4,1,142,72.988,707
E02002756,1.0,8.0,40.62,49.26,18.79,2.84,70.47,7.91,LargeCentralMetro,1,0,0,0,0,0,Yorkshire and the Humber,5,North Lincolnshire 008,29.4,1,160,47.04,806
E02002759,6.0,6.0,21.9,51.96,1.08,0.19,97.75,0.99,MediumMetro,0,0,1,0,0,0,Yorkshire and the Humber,6,North Lincolnshire 011,54.36,2,274,148.933,1557
E02002768,7.0,3.0,14.61,48.14,1.08,0.25,97.49,1.17,MediumMetro,0,0,1,0,0,0,Yorkshire and the Humber,8,North Lincolnshire 020,60.7,1,178,108.04599999999999,914
E02002751,5.0,6.0,34.31,50.79,0.74,0.17,98.11,0.98,MediumMetro,0,0,1,0,0,0,Yorkshire and the Humber,6,North Lincolnshire 003,37.3,1,102,38.046,504
E02005755,6.0,6.0,16.83,50.0,0.62,0.12,98.46,0.8,MediumMetro,0,0,1,0,0,0,Yorkshire and the Humber,7,Hambleton 006,39.6,1,101,39.996,560
E02005765,6.0,4.0,15.38,48.4,0.6,0.21,98.12,1.06,MediumMetro,0,0,1,0,0,0,Yorkshire and the Humber,9,Harrogate 005,38.5,1,65,25.025000000000002,438
E02005815,8.0,3.0,13.66,46.14,0.54,0.12,98.46,0.88,LargeFringeMetro,0,1,0,0,0,0,Yorkshire and the Humber,7,Selby 007,67.7,1,161,108.99700000000001,932
E02005780,10.0,4.0,12.98,48.76,2.78,0.32,94.42,2.49,LargeCentralMetro,1,0,0,0,0,0,Yorkshire and the Humber,4,Harrogate 020,56.83,2,447,254.00900000000001,2865
E02005773,5.0,6.0,28.47,52.23,3.95,1.2,91.9,2.94,LargeCentralMetro,1,0,0,0,0,0,Yorkshire and the Humber,5,Harrogate 013,31.3,1,144,45.072,672
E02005769,6.0,7.0,17.37,51.18,0.77,0.14,97.63,1.46,LargeCentralMetro,1,0,0,0,0,0,Yorkshire and the Humber,7,Harrogate 009,41.3,1,259,106.967,1522
E02007045,7.0,4.0,27.07,51.01,0.7,0.13,97.6,1.57,LargeFringeMetro,0,1,0,0,0,0,Yorkshire and the Humber,4,Ryedale 010,36.1,1,133,48.013,692
E02005762,8.0,5.0,25.52,50.91,2.51,1.18,94.19,2.11,LargeCentralMetro,1,0,0,0,0,0,Yorkshire and the Humber,7,Harrogate 002,55.2,1,145,80.04,662
E02005785,6.0,4.0,33.33,45.67,8.24,2.26,84.76,4.74,LargeCentralMetro,1,0,0,0,0,0,Yorkshire and the Humber,9,Richmondshire 004,5.4,1,111,5.994000000000001,543
E02005777,9.0,4.0,4.4,51.73,1.98,0.45,95.14,2.44,LargeCentralMetro,1,0,0,0,0,0,Yorkshire and the Humber,1,Harrogate 017,67.6,1,250,168.99999999999997,2026
E02005799,7.0,6.0,23.43,51.08,1.58,0.52,96.73,1.16,LargeFringeMetro,0,1,0,0,0,0,Yorkshire and the Humber,4,Scarborough 005,58.3,1,175,102.02499999999999,969
E02005804,4.0,10.0,23.88,30.04,2.39,1.0,94.15,2.47,LargeFringeMetro,0,1,0,0,0,0,Yorkshire and the Humber,,Scarborough 010,44.8,1,67,30.016,253
E02005814,6.0,5.0,24.78,52.37,0.34,0.29,98.24,1.13,LargeCentralMetro,1,0,0,0,0,0,Yorkshire and the Humber,7,Selby 006,31.9,1,226,72.09400000000001,1161
E02005744,8.0,5.0,16.07,48.63,0.66,0.09,98.54,0.71,SmallMetro,0,0,0,1,0,0,Yorkshire and the Humber,6,Craven 003,31.3,1,112,35.056,586
E02007041,10.0,5.0,19.88,49.76,0.69,0.21,98.03,1.07,LargeFringeMetro,0,1,0,0,0,0,Yorkshire and the Humber,6,Craven 009,43.95,2,166,72.958,1021
E02005749,8.0,9.0,14.24,50.86,1.09,0.05,97.75,1.12,LargeCentralMetro,1,0,0,0,0,0,Yorkshire and the Humber,6,Craven 008,40.7,1,295,120.06500000000001,1860
E02005750,6.0,3.0,13.74,49.24,0.42,0.1,98.33,1.15,Micropolitan,0,0,0,0,1,0,Yorkshire and the Humber,9,Hambleton 001,38.5,1,182,70.07000000000001,1052
E02005758,6.0,6.0,21.82,52.27,0.89,0.83,96.54,1.74,LargeFringeMetro,0,1,0,0,0,0,Yorkshire and the Humber,5,Hambleton 009,38.8,1,165,64.02,1014
E02005787,8.0,3.0,12.5,46.65,0.6,0.26,98.28,0.87,SmallMetro,0,0,0,1,0,0,Yorkshire and the Humber,10,Richmondshire 006,34.7,1,72,24.984,388
E02005797,5.0,6.0,20.0,51.3,0.67,0.11,98.25,0.96,LargeFringeMetro,0,1,0,0,0,0,Yorkshire and the Humber,8,Scarborough 003,32.0,1,225,72.0,1041
E02002785,8.0,4.0,24.04,48.95,3.45,0.67,92.18,3.71,LargeCentralMetro,1,0,0,0,0,0,Yorkshire and the Humber,2,York 014,62.0,1,287,177.94,1818
E02002775,6.0,6.0,17.14,51.06,1.29,0.35,96.92,1.44,LargeCentralMetro,1,0,0,0,0,0,Yorkshire and the Humber,7,York 004,48.15,2,461,221.95,2734
E02002782,9.0,4.0,13.97,48.2,1.21,0.23,97.18,1.38,LargeCentralMetro,1,0,0,0,0,0,Yorkshire and the Humber,6,York 011,64.6,1,229,147.93399999999997,1141
E02002788,8.0,4.0,19.19,48.31,2.37,0.49,94.48,2.65,LargeCentralMetro,1,0,0,0,0,0,Yorkshire and the Humber,1,York 017,62.6,1,198,123.948,1033
E02002777,7.0,5.0,20.42,49.64,3.68,0.7,93.25,2.37,LargeCentralMetro,1,0,0,0,0,0,Yorkshire and the Humber,,York 006,51.4,1,142,72.988,701
E02003258,6.0,2.0,18.12,47.71,19.95,8.57,65.44,6.04,LargeCentralMetro,1,0,0,0,0,0,East of England,8,Luton 001,46.4,1,276,128.064,1641
E02003266,2.0,5.0,32.31,50.31,26.81,14.97,49.65,8.57,LargeCentralMetro,1,0,0,0,0,0,East of England,6,Luton 009,45.2,1,294,132.888,1614
E02003268,2.0,2.0,29.26,0.0,58.15,10.22,22.94,8.69,LargeCentralMetro,1,0,0,0,0,0,East of England,4,Luton 011,53.7,1,229,122.97300000000001,1201
E02003267,2.0,1.0,27.4,51.65,76.65,4.23,13.34,5.77,LargeCentralMetro,1,0,0,0,0,0,East of England,1,Luton 010,56.2,1,219,123.07800000000002,1123
E02003264,5.0,1.0,25.62,51.18,45.83,6.14,40.34,7.69,LargeCentralMetro,1,0,0,0,0,0,East of England,5,Luton 007,57.7,1,281,162.13700000000003,1446
E02003259,4.0,4.0,30.57,52.63,15.65,14.02,62.63,7.69,LargeCentralMetro,1,0,0,0,0,0,East of England,6,Luton 002,33.7,1,193,65.04100000000001,1026
E02003273,3.0,4.0,35.5,47.94,22.33,11.54,58.28,7.84,LargeCentralMetro,1,0,0,0,0,0,East of England,3,Luton 016,34.5,1,200,69.0,1264
E02003277,2.0,3.0,43.54,50.99,29.99,10.7,48.94,10.37,LargeCentralMetro,1,0,0,0,0,0,East of England,6,Luton 020,20.7,1,271,56.096999999999994,1471
E02003630,3.0,5.0,34.6,49.68,27.46,8.36,55.52,8.66,LargeCentralMetro,1,0,0,0,0,0,East of England,4,Bedford 015,37.46,2,315,117.99199999999999,1900
E02003623,8.0,3.0,35.86,52.1,10.67,4.64,77.87,6.82,LargeCentralMetro,1,0,0,0,0,0,East of England,6,Bedford 008,35.9,1,198,71.082,1357
E02003633,5.0,4.0,25.3,47.21,13.77,7.39,71.78,7.06,LargeCentralMetro,1,0,0,0,0,0,East of England,7,Bedford 018,35.5,1,166,58.93,824
E02003618,7.0,5.0,17.46,49.52,3.81,2.08,89.65,4.46,MediumMetro,0,0,1,0,0,0,East of England,,Bedford 003,48.1,1,189,90.909,931
E02003621,8.0,4.0,22.73,48.64,8.8,3.84,82.3,5.06,LargeCentralMetro,1,0,0,0,0,0,East of England,3,Bedford 006,39.5,1,220,86.9,1180
E02003620,7.0,5.0,20.25,50.81,9.2,4.3,80.9,5.6,LargeCentralMetro,1,0,0,0,0,0,East of England,3,Bedford 005,45.6,1,158,72.048,929
E02003616,8.0,4.0,11.03,49.67,0.97,0.86,95.62,2.54,MediumMetro,0,0,1,0,0,0,East of England,7,Bedford 001,58.9,1,263,154.90699999999998,1685
E02007011,6.0,6.0,17.86,50.48,14.34,5.12,73.06,7.48,MediumMetro,0,0,1,0,0,0,East of England,,Bedford 022,52.4,1,168,88.03200000000001,933
E02003635,7.0,5.0,19.65,48.56,6.1,3.92,84.15,5.83,Micropolitan,0,0,0,0,1,0,East of England,10,Bedford 020,45.3,1,285,129.105,867
E02003644,5.0,6.0,33.59,47.7,5.09,5.52,83.82,5.58,LargeCentralMetro,1,0,0,0,0,0,East of England,3,Central Bedfordshire 026,25.2,1,131,33.012,564
E02003640,8.0,3.0,14.55,51.28,2.18,0.91,93.26,3.64,LargeCentralMetro,1,0,0,0,0,0,East of England,6,Central Bedfordshire 022,49.5,1,220,108.9,1055
E02003615,8.0,3.0,11.47,48.83,2.41,0.91,93.32,3.35,MediumMetro,0,0,1,0,0,0,East of England,5,Central Bedfordshire 017,48.4,1,279,135.036,1198
E02003651,6.0,5.0,21.11,48.69,4.6,1.94,90.16,3.29,LargeCentralMetro,1,0,0,0,0,0,East of England,,Central Bedfordshire 033,37.2,1,180,66.96000000000001,1146
E02003647,6.0,4.0,17.48,49.31,5.71,4.36,84.11,5.81,LargeCentralMetro,1,0,0,0,0,0,East of England,4,Central Bedfordshire 029,33.5,1,206,69.01,1154
E02003610,9.0,5.0,9.92,55.09,1.34,0.92,95.1,2.64,LargeCentralMetro,1,0,0,0,0,0,East of England,4,Central Bedfordshire 012,44.8,1,393,176.064,1592
E02003611,7.0,3.0,13.89,46.51,2.94,1.55,91.63,3.87,LargeCentralMetro,1,0,0,0,0,0,East of England,5,Central Bedfordshire 013,48.0,1,396,190.07999999999998,1660
E02003599,6.0,4.0,19.57,48.68,2.63,1.46,92.32,3.59,LargeCentralMetro,1,0,0,0,0,0,East of England,9,Central Bedfordshire 001,37.0,1,184,68.08,1214
E02003604,7.0,4.0,23.15,48.58,3.22,2.11,90.58,4.09,LargeCentralMetro,1,0,0,0,0,0,East of England,6,Central Bedfordshire 006,29.6,1,203,60.08800000000001,986
E02003638,8.0,4.0,16.19,49.1,1.53,1.14,94.46,2.86,LargeCentralMetro,1,0,0,0,0,0,East of England,4,Central Bedfordshire 020,48.0,1,352,168.95999999999998,1507
E02003682,10.0,1.0,17.18,47.34,13.73,1.03,80.35,4.89,LargeCentralMetro,1,0,0,0,0,0,South East,7,Buckinghamshire 034,54.6,1,163,88.998,1052
E02003669,4.0,6.0,43.86,53.1,26.71,4.85,61.4,7.05,LargeCentralMetro,1,0,0,0,0,0,South East,1,Buckinghamshire 017,14.0,1,57,7.98,145
E02003688,9.0,2.0,19.73,53.04,10.0,1.16,82.92,5.92,LargeCentralMetro,1,0,0,0,0,0,South East,3,Buckinghamshire 053,44.9,1,147,66.003,871
E02003652,8.0,3.0,22.78,47.72,4.95,2.76,88.7,3.59,LargeCentralMetro,1,0,0,0,0,0,South East,3,Buckinghamshire 001,32.8,1,180,59.03999999999999,1073
E02003687,8.0,1.0,23.33,47.53,7.98,0.58,87.31,4.12,LargeCentralMetro,1,0,0,0,0,0,South East,4,Buckinghamshire 054,34.3,1,210,72.03,1134
E02003677,5.0,3.0,19.77,52.38,16.91,1.66,76.79,4.64,LargeCentralMetro,1,0,0,0,0,0,South East,4,Buckinghamshire 027,30.8,1,172,52.976,1073
E02003658,6.0,5.0,13.41,48.12,5.33,2.19,89.39,3.09,MediumMetro,0,0,1,0,0,0,South East,10,Buckinghamshire 007,44.1,1,179,78.93900000000001,1141
E02003712,6.0,5.0,28.57,51.44,14.37,4.91,75.12,5.59,LargeCentralMetro,1,0,0,0,0,0,South East,5,Buckinghamshire 052,52.4,1,147,77.028,762
E02003668,9.0,4.0,16.8,52.83,9.62,1.64,84.61,4.13,LargeCentralMetro,1,0,0,0,0,0,South East,1,Buckinghamshire 018,28.7,1,244,70.02799999999999,1429
E02003717,9.0,2.0,16.02,49.37,3.03,0.87,92.59,3.51,LargeCentralMetro,1,0,0,0,0,0,South East,1,Buckinghamshire 062,47.6,1,231,109.956,1428
E02003706,5.0,3.0,36.93,51.12,23.11,5.88,62.67,8.33,LargeCentralMetro,1,0,0,0,0,0,South East,3,Buckinghamshire 043,27.8,1,176,48.928000000000004,1072
E02006823,10.0,2.0,11.33,47.58,4.19,0.58,91.52,3.72,LargeCentralMetro,1,0,0,0,0,0,South East,3,Buckinghamshire 039,53.2,1,203,107.99600000000001,1240
E02003675,9.0,3.0,13.73,46.67,2.48,1.02,92.21,4.28,MediumMetro,0,0,1,0,0,0,South East,3,Buckinghamshire 024,47.1,1,204,96.084,1067
E02003656,8.0,4.0,19.19,47.15,1.64,0.77,94.62,2.97,MediumMetro,0,0,1,0,0,0,South East,7,Buckinghamshire 005,24.2,1,99,23.958,632
E02003659,7.0,4.0,13.79,52.41,6.01,3.09,87.19,3.72,MediumMetro,0,0,1,0,0,0,South East,10,Buckinghamshire 009,46.2,1,145,66.99000000000001,1015
E02003478,8.0,2.0,17.29,51.46,18.26,6.01,68.52,7.21,LargeCentralMetro,1,0,0,0,0,0,South East,4,Milton Keynes 020,68.0,1,266,180.88000000000002,1784
E02003461,7.0,3.0,12.57,50.68,3.35,2.15,91.45,3.05,LargeCentralMetro,1,0,0,0,0,0,South East,4,Milton Keynes 003,50.0,1,366,183.0,2267
E02007015,8.0,2.0,19.92,51.01,16.1,10.1,66.82,6.97,LargeCentralMetro,1,0,0,0,0,0,South East,8,Milton Keynes 036,41.9,1,246,103.074,1590
E02003476,3.0,5.0,47.88,51.68,12.15,23.26,57.87,6.72,LargeCentralMetro,1,0,0,0,0,0,South East,3,Milton Keynes 018,33.9,1,236,80.00399999999999,1010
E02003468,6.0,3.0,30.33,51.07,8.0,4.7,82.29,5.02,LargeCentralMetro,1,0,0,0,0,0,South East,2,Milton Keynes 010,32.2,1,211,67.94200000000001,1210
E02003479,3.0,3.0,25.49,47.61,20.35,14.35,57.14,8.16,LargeCentralMetro,1,0,0,0,0,0,South East,4,Milton Keynes 021,37.6,1,306,115.056,1886
E02003483,8.0,2.0,21.05,47.21,19.11,9.37,64.97,6.55,LargeCentralMetro,1,0,0,0,0,0,South East,9,Milton Keynes 025,44.4,1,304,134.976,1883
E02003490,4.0,5.0,58.33,48.53,11.19,15.74,67.09,5.98,LargeCentralMetro,1,0,0,0,0,0,South East,8,Milton Keynes 032,24.3,1,144,34.992,647
E02003480,6.0,3.0,21.12,51.14,8.26,7.72,78.23,5.79,LargeCentralMetro,1,0,0,0,0,0,South East,6,Milton Keynes 022,46.8,1,483,226.04399999999998,3037
E02004039,8.0,7.0,16.91,50.17,0.93,0.32,97.21,1.54,LargeCentralMetro,1,0,0,0,0,0,East Midlands,10,Amber Valley 011,44.4,1,207,91.908,1186
E02004048,3.0,9.0,35.33,49.01,0.72,0.5,97.4,1.38,LargeCentralMetro,1,0,0,0,0,0,East Midlands,10,Bolsover 004,42.7,1,150,64.05000000000001,908
E02004065,10.0,7.0,17.61,53.42,1.48,0.59,96.44,1.49,LargeCentralMetro,1,0,0,0,0,0,East Midlands,10,Chesterfield 011,58.0,1,176,102.08,1168
E02006872,8.0,6.0,19.89,47.3,0.72,0.1,98.02,1.16,SmallMetro,0,0,0,1,0,0,East Midlands,10,High Peak 013,37.5,1,176,66.0,943
E02004029,4.0,10.0,50.82,49.51,1.51,0.31,96.47,1.7,LargeCentralMetro,1,0,0,0,0,0,East Midlands,10,Amber Valley 001,29.5,1,122,35.989999999999995,810
E02004108,6.0,9.0,16.61,51.56,1.18,0.33,96.72,1.77,LargeCentralMetro,1,0,0,0,0,0,East Midlands,5,North East Derbyshire 004,52.6,1,289,152.014,1854
E02004044,9.0,3.0,5.04,50.63,3.25,0.52,93.16,3.07,MediumMetro,0,0,1,0,0,0,East Midlands,10,Amber Valley 016,71.0,1,238,168.98,1576
E02004040,5.0,8.0,33.8,50.32,0.69,0.15,97.9,1.27,LargeCentralMetro,1,0,0,0,0,0,East Midlands,10,Amber Valley 012,50.5,1,216,109.08,1423
E02004045,7.0,8.0,40.36,49.53,1.49,0.32,96.98,1.21,MediumMetro,0,0,1,0,0,0,East Midlands,,Bolsover 001,36.1,1,166,59.925999999999995,951
E02004043,7.0,9.0,15.38,50.72,0.74,0.25,97.72,1.3,Micropolitan,0,0,0,0,1,0,East Midlands,10,Amber Valley 015,60.9,1,156,95.00399999999999,834
E02007029,7.0,6.0,15.65,52.14,0.41,0.14,98.53,0.93,MediumMetro,0,0,1,0,0,0,East Midlands,8,Derbyshire Dales 011,55.2,1,230,126.96000000000001,1400
E02004092,5.0,7.0,31.21,49.08,1.66,0.52,94.99,2.82,LargeCentralMetro,1,0,0,0,0,0,East Midlands,10,Erewash 015,36.4,1,173,62.972,1088
E02004056,3.0,10.0,30.67,54.95,0.73,0.87,96.25,2.15,LargeCentralMetro,1,0,0,0,0,0,East Midlands,10,Chesterfield 002,33.1,1,163,53.953,1041
E02004097,8.0,6.0,30.08,51.62,0.49,0.2,97.41,1.9,LargeCentralMetro,1,0,0,0,0,0,East Midlands,10,High Peak 005,30.1,1,123,37.022999999999996,680
E02004080,3.0,10.0,40.11,45.68,1.71,0.47,95.75,2.06,LargeCentralMetro,1,0,0,0,0,0,East Midlands,4,Erewash 003,38.0,1,187,71.06,972
E02004061,5.0,10.0,34.68,49.36,2.45,1.05,94.08,2.42,LargeCentralMetro,1,0,0,0,0,0,East Midlands,10,Chesterfield 007,50.9,1,173,88.057,1011
E02004076,6.0,6.0,16.51,51.31,0.62,0.24,97.42,1.71,MediumMetro,0,0,1,0,0,0,East Midlands,6,Derbyshire Dales 009,44.5,1,218,97.01,1298
E02004033,5.0,9.0,39.32,50.22,0.73,0.37,97.37,1.54,LargeCentralMetro,1,0,0,0,0,0,East Midlands,10,Amber Valley 005,42.7,1,117,49.959,900
E02004084,4.0,9.0,20.27,52.8,0.42,0.47,97.84,1.27,LargeCentralMetro,1,0,0,0,0,0,East Midlands,7,Erewash 007,50.0,1,148,74.0,678
E02004058,3.0,10.0,15.05,52.87,1.87,0.89,94.73,2.51,LargeCentralMetro,1,0,0,0,0,0,East Midlands,10,Chesterfield 004,73.3,1,206,150.998,1358
E02004095,5.0,8.0,24.32,47.55,0.9,0.33,96.63,2.14,LargeCentralMetro,1,0,0,0,0,0,East Midlands,10,High Peak 003,25.2,1,111,27.972,572
E02004050,3.0,8.0,42.48,50.25,0.65,0.95,96.85,1.55,LargeCentralMetro,1,0,0,0,0,0,East Midlands,10,Bolsover 006,31.4,1,153,48.042,812
E02004032,7.0,8.0,35.23,51.69,0.68,0.15,98.27,0.9,LargeCentralMetro,1,0,0,0,0,0,East Midlands,10,Amber Valley 004,41.5,1,193,80.095,1095
E02004052,6.0,9.0,28.75,47.86,1.2,0.31,97.39,1.1,Micropolitan,0,0,0,0,1,0,East Midlands,10,Bolsover 008,44.4,1,160,71.04,819
E02004055,3.0,10.0,35.11,47.15,0.85,0.55,96.76,1.83,LargeCentralMetro,1,0,0,0,0,0,East Midlands,10,Chesterfield 001,31.9,1,94,29.986,649
E02002797,10.0,4.0,22.98,49.64,2.68,0.5,94.45,2.37,LargeCentralMetro,1,0,0,0,0,0,East Midlands,5,Derby 002,40.0,1,235,94.0,1400
E02002824,3.0,6.0,53.4,49.29,23.85,7.19,58.51,10.44,LargeCentralMetro,1,0,0,0,0,0,East Midlands,,Derby 029,26.2,1,191,50.042,913
E02002799,3.0,8.0,54.55,48.15,3.29,2.23,90.65,3.83,LargeCentralMetro,1,0,0,0,0,0,East Midlands,,Derby 004,21.0,1,143,30.029999999999998,704
E02002803,2.0,8.0,35.9,45.79,5.85,4.69,83.98,5.48,LargeCentralMetro,1,0,0,0,0,0,East Midlands,2,Derby 008,65.1,1,195,126.94499999999998,1247
E02002801,5.0,7.0,32.06,48.32,1.48,1.24,94.61,2.67,LargeCentralMetro,1,0,0,0,0,0,East Midlands,,Derby 006,32.5,1,209,67.925,1101
E02002816,8.0,3.0,16.84,51.7,34.21,3.36,52.43,10.0,LargeCentralMetro,1,0,0,0,0,0,East Midlands,9,Derby 021,58.4,1,291,169.944,1822
E02002810,8.0,4.0,36.15,49.5,9.61,2.54,83.6,4.25,LargeCentralMetro,1,0,0,0,0,0,East Midlands,5,Derby 015,33.3,1,213,70.92899999999999,1210
E02002823,4.0,9.0,40.57,50.76,4.3,2.44,88.9,4.36,LargeCentralMetro,1,0,0,0,0,0,East Midlands,,Derby 028,29.7,1,212,62.964,1243
E02002800,9.0,6.0,26.75,55.14,3.27,1.57,91.44,3.72,LargeCentralMetro,1,0,0,0,0,0,East Midlands,3,Derby 005,37.0,1,243,89.91,1507
E02002805,8.0,8.0,23.02,51.33,0.89,0.64,97.09,1.38,LargeCentralMetro,1,0,0,0,0,0,East Midlands,6,Derby 010,51.5,1,291,149.865,1463
E02004271,5.0,5.0,23.93,50.22,0.58,0.16,98.05,1.22,Noncore,0,0,0,0,0,1,South West,8,Dorset 019,43.6,1,117,51.012,679
E02004261,5.0,5.0,19.78,48.81,1.51,0.17,96.88,1.44,LargeCentralMetro,1,0,0,0,0,0,South West,4,Dorset 011,46.2,1,182,84.084,1135
E02004272,7.0,4.0,24.64,51.38,0.62,0.12,98.2,1.06,Micropolitan,0,0,0,0,1,0,South West,8,Dorset 022,14.5,1,69,10.004999999999999,325
E02004251,7.0,2.0,19.68,50.3,1.12,0.09,98.01,0.77,LargeCentralMetro,1,0,0,0,0,0,South West,3,Dorset 020,45.4,1,249,113.04599999999999,1169
E02004255,6.0,5.0,22.73,48.92,1.03,0.18,97.65,1.15,LargeFringeMetro,0,1,0,0,0,0,South West,7,Dorset 001,42.4,1,264,111.93599999999999,1670
E02004269,5.0,4.0,19.23,51.0,1.96,0.34,96.08,1.62,LargeFringeMetro,0,1,0,0,0,0,South West,4,Dorset 004,44.4,1,234,103.896,1555
E02004264,5.0,8.0,17.79,51.45,0.75,0.17,97.54,1.54,Micropolitan,0,0,0,0,1,0,South West,10,Dorset 028,47.4,1,253,119.922,1590
E02004247,8.0,4.0,17.39,50.76,0.39,0.1,98.47,1.04,LargeCentralMetro,1,0,0,0,0,0,South West,7,Dorset 013,37.5,1,368,138.0,1452
E02004257,6.0,4.0,27.54,50.81,1.43,0.23,96.55,1.79,SmallMetro,0,0,0,1,0,0,South West,5,Dorset 003,27.5,1,138,37.95,864
E02004274,4.0,8.0,24.09,50.51,1.01,0.14,97.4,1.45,LargeFringeMetro,0,1,0,0,0,0,South West,7,Dorset 026,34.3,1,137,46.991,792
E02004268,5.0,7.0,33.33,51.62,0.83,0.23,97.0,1.94,SmallMetro,0,0,0,1,0,0,South West,8,Dorset 042,20.3,1,69,14.007000000000001,339
E02007007,5.0,7.0,17.77,53.39,3.85,0.78,93.24,2.14,LargeFringeMetro,0,1,0,0,0,0,South West,3,Dorset 032,49.9,1,439,219.061,2051
E02004273,6.0,6.0,16.67,52.35,0.52,0.21,98.08,1.2,SmallMetro,0,0,0,1,0,0,South West,4,Dorset 023,54.9,1,162,88.93799999999999,978
E02003182,9.0,3.0,24.32,94.53,5.29,1.61,88.63,4.47,LargeCentralMetro,1,0,0,0,0,0,South West,9,"Bournemouth, Christchurch and Poole 020",61.7,1,222,136.974,1188
E02003179,4.0,6.0,20.92,46.69,6.11,1.72,85.74,6.43,LargeCentralMetro,1,0,0,0,0,0,South West,9,"Bournemouth, Christchurch and Poole 012",52.6,1,196,103.096,1178
E02003178,5.0,6.0,30.09,74.09,3.12,1.18,91.08,4.63,LargeCentralMetro,1,0,0,0,0,0,South West,9,"Bournemouth, Christchurch and Poole 011",62.0,2,329,203.99399999999997,1837
E02003196,10.0,6.0,17.52,49.62,2.28,0.2,95.75,1.76,LargeCentralMetro,1,0,0,0,0,0,South West,4,"Bournemouth, Christchurch and Poole 004",46.2,1,234,108.108,931
E02003209,5.0,8.0,37.25,49.71,1.68,0.38,95.98,1.96,LargeCentralMetro,1,0,0,0,0,0,South West,10,"Bournemouth, Christchurch and Poole 046",37.3,1,102,38.046,682
E02004240,3.0,5.0,51.9,46.17,1.57,0.29,95.96,2.18,LargeCentralMetro,1,0,0,0,0,0,South West,8,"Bournemouth, Christchurch and Poole 024",32.9,1,79,25.990999999999996,470
E02004239,8.0,2.0,10.24,48.43,1.07,0.14,97.31,1.47,LargeCentralMetro,1,0,0,0,0,0,South West,10,"Bournemouth, Christchurch and Poole 018",45.7,1,254,116.078,1565
E02003176,2.0,8.0,36.14,52.94,2.0,0.85,92.99,4.15,LargeCentralMetro,1,0,0,0,0,0,South West,9,"Bournemouth, Christchurch and Poole 010",21.68,2,166,35.992000000000004,1107
E02003198,6.0,7.0,24.0,46.69,2.5,0.5,94.74,2.25,LargeCentralMetro,1,0,0,0,0,0,South West,10,"Bournemouth, Christchurch and Poole 016",41.1,1,175,71.92500000000001,966
E02003200,4.0,8.0,39.74,46.85,2.71,0.78,93.08,3.42,LargeCentralMetro,1,0,0,0,0,0,South West,10,"Bournemouth, Christchurch and Poole 022",22.4,1,156,34.943999999999996,841
E02003204,6.0,7.0,16.57,48.35,2.4,0.44,94.38,2.78,LargeCentralMetro,1,0,0,0,0,0,South West,10,"Bournemouth, Christchurch and Poole 030",50.9,1,175,89.075,1059
E02004241,6.0,4.0,16.47,46.62,1.75,0.17,95.67,2.41,LargeCentralMetro,1,0,0,0,0,0,South West,9,"Bournemouth, Christchurch and Poole 031",62.4,1,255,159.12,1703
E02003183,8.0,5.0,17.34,0.0,4.2,1.47,87.77,6.56,LargeCentralMetro,1,0,0,0,0,0,South West,9,"Bournemouth, Christchurch and Poole 028",73.4,1,173,126.98200000000001,906
E02004329,5.0,9.0,28.35,52.58,0.85,0.25,98.09,0.81,LargeCentralMetro,1,0,0,0,0,0,North East,8,County Durham 037,52.6,1,194,102.04400000000001,1164
E02004312,8.0,5.0,35.21,48.64,1.81,0.38,96.44,1.37,LargeCentralMetro,1,0,0,0,0,0,North East,7,County Durham 028,59.2,1,142,84.06400000000001,847
E02004303,5.0,9.0,34.52,49.3,0.54,0.12,98.38,0.96,LargeCentralMetro,1,0,0,0,0,0,North East,3,County Durham 010,43.7,1,252,110.12400000000001,1491
E02004315,9.0,3.0,19.7,49.35,7.07,1.02,87.05,4.86,LargeCentralMetro,1,0,0,0,0,0,North East,2,County Durham 033,62.1,1,264,163.944,1688
E02004324,4.0,9.0,26.12,47.08,0.5,0.14,98.49,0.87,MediumMetro,0,0,1,0,0,0,North East,10,County Durham 025,56.7,1,134,75.97800000000001,788
E02004309,7.0,6.0,23.19,49.48,5.83,1.19,88.93,4.05,LargeCentralMetro,1,0,0,0,0,0,North East,6,County Durham 023,40.1,1,207,83.007,1247
E02004352,3.0,10.0,44.76,51.84,1.01,0.32,97.6,1.06,LargeCentralMetro,1,0,0,0,0,0,North East,6,County Durham 055,28.7,1,143,41.041,926
E02004301,2.0,9.0,50.56,48.67,1.1,0.1,97.97,0.82,LargeCentralMetro,1,0,0,0,0,0,North East,4,County Durham 008,31.7,1,180,57.06,976
E02004294,9.0,7.0,23.93,46.75,1.27,0.11,97.54,1.08,LargeCentralMetro,1,0,0,0,0,0,North East,3,County Durham 013,39.7,1,234,92.89800000000001,1617
E02004351,3.0,9.0,23.56,48.01,0.64,0.25,98.02,1.09,MediumMetro,0,0,1,0,0,0,North East,8,County Durham 051,56.3,1,174,97.96199999999999,881
E02004306,7.0,7.0,20.98,50.32,0.93,0.18,97.85,1.03,MediumMetro,0,0,1,0,0,0,North East,9,County Durham 020,42.4,1,224,94.976,1258
E02004353,6.0,9.0,27.67,54.89,1.68,0.17,97.27,0.89,LargeCentralMetro,1,0,0,0,0,0,North East,7,County Durham 056,41.3,1,206,85.07799999999999,1268
E02007022,7.0,7.0,22.5,48.77,0.64,0.6,97.6,1.16,MediumMetro,0,0,1,0,0,0,North East,3,County Durham 067,49.2,1,120,59.040000000000006,691
E02004344,2.0,10.0,32.62,21.56,0.46,0.13,98.14,1.28,LargeCentralMetro,1,0,0,0,0,0,North East,,County Durham 063,29.1,1,141,41.031000000000006,450
E02004343,3.0,10.0,33.33,50.05,0.16,0.18,98.41,1.25,LargeCentralMetro,1,0,0,0,0,0,North East,7,County Durham 062,46.2,1,171,79.00200000000001,1027
E02002569,10.0,7.0,20.04,51.37,2.71,0.44,94.95,1.9,LargeCentralMetro,1,0,0,0,0,0,North East,8,Darlington 011,58.6,2,449,263.101,2595
E02002563,4.0,10.0,41.67,46.97,1.15,0.38,96.75,1.71,LargeCentralMetro,1,0,0,0,0,0,North East,7,Darlington 005,33.9,1,168,56.952,890
E02002573,8.0,7.0,27.78,44.81,1.27,0.44,96.7,1.59,MediumMetro,0,0,1,0,0,0,North East,10,Darlington 015,52.4,1,126,66.024,645
E02002567,3.0,10.0,37.27,48.82,2.48,1.08,94.04,2.4,LargeCentralMetro,1,0,0,0,0,0,North East,2,Darlington 009,40.9,1,110,44.989999999999995,594
E02002564,4.0,9.0,34.74,54.87,1.74,0.23,96.34,1.7,LargeCentralMetro,1,0,0,0,0,0,North East,,Darlington 006,24.2,1,95,22.99,503
E02004369,6.0,8.0,32.13,47.52,2.35,0.72,94.49,2.44,LargeCentralMetro,1,0,0,0,0,0,South East,8,Hastings 002,40.7,1,221,89.947,1431
E02004405,7.0,5.0,15.48,50.84,2.34,0.65,94.5,2.51,LargeFringeMetro,0,1,0,0,0,0,South East,10,Wealden 003,61.1,1,252,153.972,1662
E02004400,6.0,8.0,32.99,49.59,1.0,0.42,96.67,1.92,LargeCentralMetro,1,0,0,0,0,0,South East,10,Rother 009,34.4,1,291,100.10399999999998,1454
E02004379,7.0,2.0,10.71,47.6,0.5,0.37,96.89,2.25,MediumMetro,0,0,1,0,0,0,South East,10,Lewes 001,52.4,1,168,88.03200000000001,855
E02004397,7.0,6.0,21.56,49.22,1.03,0.37,96.39,2.21,Micropolitan,0,0,0,0,1,0,South East,10,Rother 006,56.4,1,218,122.95199999999998,1148
E02004359,4.0,9.0,30.81,49.67,2.77,0.93,92.84,3.46,LargeCentralMetro,1,0,0,0,0,0,South East,10,Eastbourne 004,35.85,2,396,141.952,1997
E02004371,3.0,9.0,34.46,49.26,1.73,0.45,95.25,2.58,LargeCentralMetro,1,0,0,0,0,0,South East,10,Hastings 004,27.0,1,148,39.96,808
E02004413,7.0,4.0,17.67,49.97,0.82,0.18,97.19,1.82,Micropolitan,0,0,0,0,1,0,South East,10,Wealden 011,53.9,1,232,125.048,1437
E02004382,6.0,4.0,24.24,44.55,1.04,0.15,96.7,2.1,MediumMetro,0,0,1,0,0,0,South East,,Lewes 004,41.4,1,99,40.986,642
E02004383,7.0,4.0,20.89,47.46,2.07,1.13,92.9,3.9,LargeCentralMetro,1,0,0,0,0,0,South East,10,Lewes 005,52.4,1,225,117.9,1163
E02004358,3.0,9.0,21.86,50.84,1.75,0.66,93.72,3.87,LargeCentralMetro,1,0,0,0,0,0,South East,9,Eastbourne 003,45.6,1,215,98.04,1072
E02004390,6.0,7.0,14.22,48.27,1.13,0.3,96.14,2.43,LargeCentralMetro,1,0,0,0,0,0,South East,10,Lewes 012,50.0,1,232,116.0,1448
E02004387,3.0,8.0,30.22,47.38,2.14,1.7,92.95,3.21,LargeCentralMetro,1,0,0,0,0,0,South East,10,Lewes 009,39.6,1,139,55.044000000000004,745
E02004411,6.0,5.0,13.87,48.13,1.86,0.4,95.71,2.03,LargeFringeMetro,0,1,0,0,0,0,South East,9,Wealden 009,46.2,1,238,109.956,1602
E02004423,6.0,7.0,18.18,46.39,1.47,0.3,96.36,1.87,LargeCentralMetro,1,0,0,0,0,0,South East,8,Wealden 021,48.5,1,198,96.03,1093
E02003497,9.0,3.0,20.12,50.03,6.79,0.71,83.23,9.26,LargeCentralMetro,1,0,0,0,0,0,South East,5,Brighton and Hove 007,61.9,1,328,203.032,1635
E02003492,3.0,4.0,52.59,43.3,8.58,4.88,77.62,8.92,LargeCentralMetro,1,0,0,0,0,0,South East,7,Brighton and Hove 002,23.3,1,116,27.028000000000002,813
E02003501,8.0,3.0,20.27,46.86,4.42,1.35,86.78,7.45,LargeCentralMetro,1,0,0,0,0,0,South East,1,Brighton and Hove 011,47.9,1,365,174.83499999999998,2625
E02003494,8.0,3.0,21.46,49.12,2.98,0.87,90.54,5.6,LargeCentralMetro,1,0,0,0,0,0,South East,3,Brighton and Hove 004,58.84,2,629,370.091,3123
E02003506,8.0,3.0,35.84,47.68,3.41,1.48,87.1,8.01,LargeCentralMetro,1,0,0,0,0,0,South East,2,Brighton and Hove 016,34.7,1,173,60.031000000000006,948
E02003496,5.0,6.0,20.62,50.61,5.46,2.4,81.44,10.7,LargeCentralMetro,1,0,0,0,0,0,South East,,Brighton and Hove 006,59.4,1,160,95.03999999999999,903
E02003523,7.0,3.0,40.12,47.3,2.94,0.7,91.75,4.61,LargeCentralMetro,1,0,0,0,0,0,South East,7,Brighton and Hove 033,22.2,1,162,35.964,723
E02003491,7.0,3.0,25.23,49.59,3.81,1.01,89.69,5.48,LargeCentralMetro,1,0,0,0,0,0,South East,2,Brighton and Hove 001,45.4,1,218,98.972,1099
E02003495,5.0,6.0,29.69,48.17,2.5,1.1,91.25,5.15,LargeCentralMetro,1,0,0,0,0,0,South East,9,Brighton and Hove 005,42.7,1,192,81.98400000000001,928
E02004699,8.0,7.0,16.67,50.15,1.88,0.46,95.84,1.83,LargeCentralMetro,1,0,0,0,0,0,South East,2,East Hampshire 003,50.0,1,198,99.0,991
E02004787,7.0,8.0,25.0,49.17,0.81,0.18,97.56,1.46,LargeCentralMetro,1,0,0,0,0,0,South East,10,New Forest 009,39.22,2,288,112.943,1568
E02004798,4.0,6.0,25.14,50.33,2.15,0.23,95.67,1.95,LargeCentralMetro,1,0,0,0,0,0,South East,9,New Forest 020,22.3,1,179,39.917,900
E02004688,4.0,9.0,12.28,51.74,7.72,1.83,86.29,4.15,LargeCentralMetro,1,0,0,0,0,0,South East,9,Basingstoke and Deane 014,68.4,1,171,116.96400000000001,891
E02004705,8.0,6.0,8.55,50.32,1.94,0.42,95.1,2.54,MediumMetro,0,0,1,0,0,0,South East,7,East Hampshire 009,68.1,1,304,207.02399999999997,1870
E02004741,5.0,9.0,31.43,48.67,1.37,0.67,96.4,1.56,LargeCentralMetro,1,0,0,0,0,0,South East,9,Gosport 001,20.7,1,140,28.979999999999997,791
E02004732,9.0,6.0,13.13,49.92,1.37,0.24,96.44,1.96,LargeCentralMetro,1,0,0,0,0,0,South East,10,Fareham 006,53.9,1,358,192.96200000000002,1805
E02004779,8.0,5.0,11.23,47.09,0.56,0.21,98.08,1.15,MediumMetro,0,0,1,0,0,0,South East,10,New Forest 001,44.9,1,187,83.96300000000001,1098
E02004758,8.0,2.0,12.19,49.45,3.84,0.82,92.31,3.03,LargeCentralMetro,1,0,0,0,0,0,South East,10,Hart 008,62.7,1,279,174.933,1644
E02004734,7.0,8.0,12.86,48.34,2.55,0.74,94.5,2.21,LargeCentralMetro,1,0,0,0,0,0,South East,10,Fareham 008,63.1,1,241,152.071,1237
E02004677,8.0,4.0,23.86,52.14,1.53,0.45,95.76,2.26,Micropolitan,0,0,0,0,1,0,South East,10,Basingstoke and Deane 003,42.0,1,88,36.96,468
E02004685,7.0,9.0,15.2,48.61,13.64,2.6,77.87,5.89,LargeCentralMetro,1,0,0,0,0,0,South East,7,Basingstoke and Deane 011,49.6,1,250,124.0,1222
E02004757,10.0,2.0,8.81,47.57,2.88,0.43,93.81,2.88,LargeCentralMetro,1,0,0,0,0,0,South East,10,Hart 007,59.9,1,227,135.97299999999998,1133
E02004806,8.0,2.0,23.66,51.68,5.95,1.42,88.59,4.04,LargeCentralMetro,1,0,0,0,0,0,South East,10,Rushmoor 005,35.5,1,186,66.03,1010
E02004764,6.0,9.0,25.41,49.26,1.74,0.32,96.77,1.17,LargeCentralMetro,1,0,0,0,0,0,South East,10,Havant 003,38.4,1,185,71.04,1011
E02004686,7.0,8.0,35.04,49.44,16.63,2.58,74.1,6.69,LargeCentralMetro,1,0,0,0,0,0,South East,7,Basingstoke and Deane 012,41.9,1,117,49.022999999999996,987
E02004715,6.0,7.0,41.16,51.65,4.53,0.98,91.22,3.26,LargeCentralMetro,1,0,0,0,0,0,South East,8,Eastleigh 004,27.2,1,294,79.968,1489
E02004768,4.0,9.0,15.96,50.9,4.2,0.73,92.62,2.45,LargeCentralMetro,1,0,0,0,0,0,South East,10,Havant 007,43.65,2,401,175.031,2279
E02004697,9.0,6.0,21.05,48.78,1.08,0.66,96.41,1.84,LargeCentralMetro,1,0,0,0,0,0,South East,2,East Hampshire 001,51.5,1,171,88.065,781
E02004681,5.0,10.0,36.09,50.34,10.11,4.65,80.16,5.07,LargeCentralMetro,1,0,0,0,0,0,South East,,Basingstoke and Deane 007,22.6,1,133,30.058,733
E02004737,5.0,8.0,33.89,49.89,3.17,0.75,93.82,2.26,LargeCentralMetro,1,0,0,0,0,0,South East,10,Fareham 011,31.1,1,180,55.98,884
E02004726,8.0,7.0,17.35,45.68,1.43,0.7,95.97,1.91,LargeCentralMetro,1,0,0,0,0,0,South East,10,Eastleigh 015,52.6,1,196,103.096,1099
E02004817,6.0,9.0,24.6,49.5,4.42,1.04,92.43,2.11,LargeCentralMetro,1,0,0,0,0,0,South East,10,Test Valley 004,36.9,1,187,69.003,998
E02004770,2.0,10.0,55.86,44.38,0.8,0.98,96.76,1.46,LargeCentralMetro,1,0,0,0,0,0,South East,7,Havant 009,18.9,1,111,20.978999999999996,534
E02004778,5.0,9.0,25.26,51.36,0.76,0.32,96.81,2.1,LargeCentralMetro,1,0,0,0,0,0,South East,9,Havant 017,35.8,1,95,34.01,553
E02004831,9.0,6.0,19.51,49.25,3.96,0.64,92.33,3.08,LargeCentralMetro,1,0,0,0,0,0,South East,10,Winchester 003,54.6,1,205,111.93,1005
E02004729,6.0,8.0,22.78,50.58,2.24,0.61,95.5,1.66,LargeCentralMetro,1,0,0,0,0,0,South East,9,Fareham 003,43.0,1,158,67.94,856
E02004710,8.0,6.0,20.35,47.87,1.43,0.21,97.18,1.17,LargeCentralMetro,1,0,0,0,0,0,South East,6,East Hampshire 014,45.6,1,226,103.056,1268
E02004782,5.0,9.0,23.58,49.41,1.94,0.34,96.12,1.6,LargeCentralMetro,1,0,0,0,0,0,South East,9,New Forest 004,40.82,2,424,173.07600000000002,2135
E02004678,9.0,6.0,13.33,47.83,1.76,0.65,96.2,1.4,LargeCentralMetro,1,0,0,0,0,0,South East,10,Basingstoke and Deane 004,40.6,1,180,73.08,1014
E02004818,9.0,8.0,18.32,49.65,4.03,0.98,92.81,2.19,LargeCentralMetro,1,0,0,0,0,0,South East,10,Test Valley 005,39.3,1,191,75.06299999999999,993
E02004749,9.0,9.0,20.64,49.13,1.3,0.63,96.39,1.69,LargeCentralMetro,1,0,0,0,0,0,South East,10,Gosport 009,40.7,1,344,140.008,2003
E02004837,9.0,5.0,15.21,49.49,4.06,0.49,92.08,3.38,LargeCentralMetro,1,0,0,0,0,0,South East,9,Winchester 009,65.1,1,355,231.10499999999996,1780
E02004826,8.0,5.0,13.07,48.29,1.85,0.68,95.1,2.38,LargeCentralMetro,1,0,0,0,0,0,South East,10,Test Valley 013,55.8,1,283,157.914,1458
E02004792,7.0,8.0,41.32,48.18,0.83,0.3,97.46,1.42,LargeCentralMetro,1,0,0,0,0,0,South East,10,New Forest 014,37.2,1,121,45.01200000000001,548
E02004700,6.0,7.0,31.85,46.94,5.53,1.68,89.04,3.75,LargeCentralMetro,1,0,0,0,0,0,South East,7,East Hampshire 004,32.6,1,135,44.010000000000005,882
E02004771,3.0,10.0,61.19,50.61,1.43,0.84,95.92,1.82,LargeCentralMetro,1,0,0,0,0,0,South East,10,Havant 010,13.9,1,201,27.939000000000004,988
E02004832,8.0,4.0,8.48,49.66,0.92,0.3,97.27,1.51,MediumMetro,0,0,1,0,0,0,South East,10,Winchester 004,53.1,1,224,118.944,1166
E02004708,6.0,6.0,8.63,48.73,2.32,0.68,94.88,2.12,LargeCentralMetro,1,0,0,0,0,0,South East,3,East Hampshire 012,63.5,1,255,161.925,1381
E02004738,7.0,8.0,28.68,50.58,1.01,0.6,96.85,1.54,LargeCentralMetro,1,0,0,0,0,0,South East,10,Fareham 012,33.8,1,136,45.967999999999996,692
E02004797,6.0,5.0,20.08,47.73,1.15,0.33,96.64,1.88,LargeFringeMetro,0,1,0,0,0,0,South East,10,New Forest 019,50.6,1,239,120.934,1236
E02004772,8.0,8.0,21.39,47.81,2.53,0.57,95.43,1.48,LargeCentralMetro,1,0,0,0,0,0,South East,10,Havant 011,49.7,1,173,85.98100000000001,912
E02004790,5.0,3.0,15.62,49.08,1.13,0.33,96.29,2.24,LargeCentralMetro,1,0,0,0,0,0,South East,10,New Forest 012,68.0,1,256,174.08,1626
E02004761,9.0,5.0,16.87,51.71,1.7,0.81,95.08,2.41,MediumMetro,0,0,1,0,0,0,South East,10,Hart 011,51.8,1,249,128.982,1319
E02004824,6.0,8.0,16.96,50.44,2.03,0.27,95.98,1.72,LargeCentralMetro,1,0,0,0,0,0,South East,10,Test Valley 011,48.3,1,230,111.09,1130
E02004839,8.0,5.0,14.62,51.2,0.61,0.19,97.47,1.73,LargeCentralMetro,1,0,0,0,0,0,South East,10,Winchester 011,50.8,1,260,132.08,1332
E02004694,9.0,8.0,10.44,50.96,1.06,0.21,97.06,1.67,MediumMetro,0,0,1,0,0,0,South East,10,Basingstoke and Deane 020,53.8,1,182,97.91599999999998,940
E02004712,10.0,4.0,8.28,48.04,7.93,0.63,87.81,3.64,LargeCentralMetro,1,0,0,0,0,0,South East,10,Eastleigh 001,72.8,1,290,211.12,1451
E02004713,9.0,6.0,16.98,50.37,5.49,1.02,90.69,2.8,LargeCentralMetro,1,0,0,0,0,0,South East,10,Eastleigh 002,46.2,1,212,97.944,1094
E02004683,5.0,9.0,31.25,49.87,12.27,3.27,78.6,5.85,LargeCentralMetro,1,0,0,0,0,0,South East,9,Basingstoke and Deane 009,37.5,1,144,54.0,746
E02004775,6.0,9.0,29.66,50.66,2.51,0.76,94.14,2.6,LargeCentralMetro,1,0,0,0,0,0,South East,8,Havant 014,33.9,1,118,40.001999999999995,758
E02004808,8.0,4.0,13.3,50.44,9.69,3.08,82.14,5.09,LargeCentralMetro,1,0,0,0,0,0,South East,10,Rushmoor 007,35.0,1,203,71.05,1029
E02004722,7.0,9.0,17.8,50.33,2.41,0.41,95.14,2.04,LargeCentralMetro,1,0,0,0,0,0,South East,10,Eastleigh 011,51.3,1,427,219.05100000000002,1800
E02007078,6.0,9.0,37.85,51.12,3.96,1.08,92.53,2.42,LargeCentralMetro,1,0,0,0,0,0,South East,10,Test Valley 018,26.0,1,177,46.02,1031
E02004719,8.0,6.0,18.87,49.74,1.92,0.42,96.25,1.41,LargeCentralMetro,1,0,0,0,0,0,South East,10,Eastleigh 008,43.8,1,265,116.06999999999998,1331
E02004752,9.0,2.0,12.25,50.56,1.89,0.52,95.37,2.23,LargeCentralMetro,1,0,0,0,0,0,South East,10,Hart 002,47.5,1,204,96.89999999999999,1329
E02003531,6.0,7.0,27.8,48.47,4.26,1.24,92.16,2.33,LargeCentralMetro,1,0,0,0,0,0,South East,6,Portsmouth 008,34.0,1,241,81.94000000000001,1244
E02006975,2.0,4.0,43.07,50.02,12.29,10.88,67.87,8.96,LargeCentralMetro,1,0,0,0,0,0,South East,1,Portsmouth 027,55.22,2,404,223.086,2067
E02003537,6.0,7.0,40.0,50.69,2.65,1.63,92.89,2.83,LargeCentralMetro,1,0,0,0,0,0,South East,3,Portsmouth 014,26.9,1,160,43.03999999999999,937
E02003538,3.0,8.0,51.88,49.88,9.67,4.29,81.07,4.97,LargeCentralMetro,1,0,0,0,0,0,South East,2,Portsmouth 015,20.5,1,239,48.995,1243
E02003543,5.0,5.0,35.54,47.79,9.01,4.77,80.08,6.14,LargeCentralMetro,1,0,0,0,0,0,South East,1,Portsmouth 020,43.8,1,242,105.99599999999998,1247
E02003530,5.0,8.0,27.53,43.02,5.39,4.51,86.88,3.22,LargeCentralMetro,1,0,0,0,0,0,South East,6,Portsmouth 007,40.37,2,287,115.868,1534
E02003556,7.0,7.0,27.73,48.98,3.81,1.53,91.09,3.57,LargeCentralMetro,1,0,0,0,0,0,South East,5,Southampton 008,35.6,1,357,127.09200000000001,2015
E02003549,6.0,4.0,43.95,39.29,19.39,2.32,70.13,8.16,LargeCentralMetro,1,0,0,0,0,0,South East,2,Southampton 001,49.2,1,248,122.016,1288
E02003555,4.0,9.0,48.54,45.14,6.76,2.99,86.51,3.75,LargeCentralMetro,1,0,0,0,0,0,South East,5,Southampton 007,31.0,1,171,53.01,762
E02003574,7.0,8.0,34.5,45.14,2.4,1.06,94.07,2.47,LargeCentralMetro,1,0,0,0,0,0,South East,2,Southampton 026,30.4,1,171,51.984,884
E02003560,2.0,10.0,50.46,46.16,3.41,2.09,91.59,2.92,LargeCentralMetro,1,0,0,0,0,0,South East,6,Southampton 012,24.5,1,216,52.92,1120
E02003570,2.0,5.0,34.58,98.61,38.45,8.65,42.87,10.04,LargeCentralMetro,1,0,0,0,0,0,South East,2,Southampton 022,66.4,1,214,142.096,1225
E02003551,4.0,7.0,20.1,44.15,12.21,3.42,79.41,4.96,LargeCentralMetro,1,0,0,0,0,0,South East,3,Southampton 003,69.3,1,199,137.90699999999998,1026
E02003559,8.0,5.0,29.03,46.16,11.09,1.8,81.88,5.23,LargeCentralMetro,1,0,0,0,0,0,South East,2,Southampton 011,49.3,1,217,106.981,1081
E02003566,3.0,10.0,52.84,48.39,4.14,1.84,89.69,4.33,LargeCentralMetro,1,0,0,0,0,0,South East,10,Southampton 018,15.9,1,176,27.984,901
E02005412,6.0,5.0,15.77,46.67,40.59,2.89,47.29,9.24,LargeCentralMetro,1,0,0,0,0,0,East Midlands,9,Oadby and Wigston 003,63.96,2,463,296.121,3139
E02005381,7.0,7.0,11.2,49.78,2.65,0.43,94.3,2.63,MediumMetro,0,0,1,0,0,0,East Midlands,10,Hinckley and Bosworth 005,54.8,1,241,132.06799999999998,1557
E02005338,7.0,7.0,16.46,48.21,6.3,1.27,88.39,4.03,LargeCentralMetro,1,0,0,0,0,0,East Midlands,10,Blaby 006,43.9,1,237,104.043,1199
E02005397,8.0,4.0,16.67,50.29,1.54,0.42,95.66,2.38,MediumMetro,0,0,1,0,0,0,East Midlands,,North West Leicestershire 001,54.8,1,126,69.04799999999999,684
E02005364,7.0,4.0,23.94,49.54,22.43,0.91,73.16,3.5,LargeCentralMetro,1,0,0,0,0,0,East Midlands,10,Charnwood 020,42.0,1,188,78.96,981
E02005348,6.0,6.0,20.59,51.03,13.6,2.1,80.37,3.93,LargeCentralMetro,1,0,0,0,0,0,East Midlands,6,Charnwood 004,52.61,2,306,160.982,1991
E02005389,6.0,9.0,13.75,48.89,2.05,0.26,95.85,1.83,LargeCentralMetro,1,0,0,0,0,0,East Midlands,6,Hinckley and Bosworth 013,52.5,1,160,84.0,859
E02005382,5.0,8.0,32.12,47.77,2.41,1.0,94.24,2.36,LargeCentralMetro,1,0,0,0,0,0,East Midlands,10,Hinckley and Bosworth 006,34.3,1,137,46.991,674
E02005355,7.0,5.0,16.13,49.05,1.58,0.31,96.06,2.05,MediumMetro,0,0,1,0,0,0,East Midlands,10,Charnwood 011,53.5,1,155,82.92500000000001,844
E02005392,7.0,7.0,16.74,49.58,1.04,0.61,96.92,1.43,LargeFringeMetro,0,1,0,0,0,0,East Midlands,8,Melton 002,37.2,1,239,88.90800000000002,1194
E02005369,8.0,3.0,18.71,48.25,11.73,0.61,83.71,3.95,MediumMetro,0,0,1,0,0,0,East Midlands,10,Harborough 003,50.3,1,171,86.013,829
E02005346,3.0,7.0,33.33,49.0,24.85,3.22,66.33,5.6,LargeCentralMetro,1,0,0,0,0,0,East Midlands,6,Charnwood 002,53.5,1,129,69.015,651
E02005394,4.0,8.0,22.22,48.66,1.23,0.23,96.45,2.09,LargeFringeMetro,0,1,0,0,0,0,East Midlands,8,Melton 004,52.2,1,180,93.96000000000001,935
E02005376,7.0,8.0,13.5,47.69,2.06,0.71,94.98,2.25,LargeCentralMetro,1,0,0,0,0,0,East Midlands,10,Harborough 010,49.52,2,400,198.072,2407
E02005380,7.0,7.0,5.19,51.07,0.86,0.18,97.53,1.42,MediumMetro,0,0,1,0,0,0,East Midlands,10,Hinckley and Bosworth 004,72.1,1,154,111.03399999999999,840
E02005366,6.0,6.0,15.79,48.87,4.78,1.01,90.54,3.66,MediumMetro,0,0,1,0,0,0,East Midlands,10,Charnwood 022,43.9,1,171,75.069,843
E02005391,7.0,4.0,18.71,48.05,0.52,0.22,98.18,1.08,SmallMetro,0,0,0,1,0,0,East Midlands,10,Melton 001,41.0,1,139,56.989999999999995,693
E02005356,8.0,5.0,19.67,49.0,2.67,0.48,94.38,2.47,MediumMetro,0,0,1,0,0,0,East Midlands,10,Charnwood 012,45.5,1,244,111.02000000000001,1506
E02005384,8.0,7.0,17.46,49.18,2.15,0.4,95.25,2.2,LargeCentralMetro,1,0,0,0,0,0,East Midlands,8,Hinckley and Bosworth 008,53.83,2,338,181.942,1700
E02005373,8.0,4.0,8.38,50.35,2.4,0.85,94.2,2.55,LargeFringeMetro,0,1,0,0,0,0,East Midlands,10,Harborough 007,62.6,1,179,112.054,1277
E02005365,6.0,5.0,18.92,50.14,33.51,1.71,60.35,4.43,LargeCentralMetro,1,0,0,0,0,0,East Midlands,10,Charnwood 021,46.6,1,148,68.968,730
E02005377,6.0,6.0,16.09,49.13,3.01,0.58,94.49,1.92,Micropolitan,0,0,0,0,1,0,East Midlands,10,Hinckley and Bosworth 001,43.1,1,174,74.994,867
E02005415,4.0,9.0,21.6,48.79,6.22,1.66,87.64,4.47,LargeCentralMetro,1,0,0,0,0,0,East Midlands,7,Oadby and Wigston 006,22.8,1,162,36.936,783
E02005370,8.0,5.0,15.29,47.92,0.82,0.52,97.01,1.66,MediumMetro,0,0,1,0,0,0,East Midlands,,Harborough 004,44.1,1,170,74.97,891
E02005374,6.0,7.0,17.13,47.92,2.79,1.56,93.43,2.23,LargeFringeMetro,0,1,0,0,0,0,East Midlands,,Harborough 008,65.7,1,181,118.917,987
E02005416,7.0,7.0,22.22,48.71,9.73,1.35,86.02,2.9,LargeCentralMetro,1,0,0,0,0,0,East Midlands,,Oadby and Wigston 007,32.1,1,252,80.892,1314
E02005414,4.0,9.0,,61.89,9.89,1.99,83.54,4.58,LargeCentralMetro,1,0,0,0,0,0,East Midlands,8,Oadby and Wigston 005,,1,0,0.0,265
E02005336,6.0,6.0,43.22,50.55,15.3,3.15,75.63,5.92,LargeCentralMetro,1,0,0,0,0,0,East Midlands,,Blaby 004,17.8,1,118,21.004,639
E02005354,9.0,4.0,14.37,50.96,13.16,1.18,80.84,4.82,LargeCentralMetro,1,0,0,0,0,0,East Midlands,10,Charnwood 010,52.5,1,160,84.0,830
E02005361,6.0,5.0,24.83,49.38,20.11,0.68,75.71,3.5,LargeCentralMetro,1,0,0,0,0,0,East Midlands,10,Charnwood 017,34.2,1,149,50.958000000000006,1126
E02002830,3.0,7.0,32.69,48.5,25.82,17.6,48.04,8.54,LargeCentralMetro,1,0,0,0,0,0,East Midlands,7,Leicester 004,38.9,1,208,80.912,1068
E02002847,3.0,1.0,25.69,45.22,84.45,2.14,5.31,8.1,LargeCentralMetro,1,0,0,0,0,0,East Midlands,4,Leicester 021,47.2,1,288,135.936,1497
E02002854,2.0,9.0,37.63,46.89,10.12,7.6,74.17,8.11,LargeCentralMetro,1,0,0,0,0,0,East Midlands,6,Leicester 028,35.2,1,287,101.02400000000002,1512
E02006817,6.0,5.0,39.45,33.06,32.54,9.76,47.48,10.22,LargeCentralMetro,1,0,0,0,0,0,East Midlands,,Leicester 038,26.1,1,218,56.898,962
E02002853,3.0,1.0,25.82,50.33,72.23,5.02,13.32,9.44,LargeCentralMetro,1,0,0,0,0,0,East Midlands,3,Leicester 027,67.6,2,182,123.028,902
E02002844,2.0,2.0,33.8,48.03,68.83,18.85,4.79,7.53,LargeCentralMetro,1,0,0,0,0,0,East Midlands,1,Leicester 018,34.3,1,213,73.059,1093
E02006815,3.0,7.0,37.5,49.47,39.6,4.4,47.69,8.31,LargeCentralMetro,1,0,0,0,0,0,East Midlands,,Leicester 037,35.3,1,224,79.072,1045
E02002833,3.0,1.0,21.12,48.17,84.21,1.18,10.33,4.28,LargeCentralMetro,1,0,0,0,0,0,East Midlands,3,Leicester 007,51.9,1,322,167.118,1779
E02002866,9.0,3.0,21.76,50.57,0.84,0.41,96.92,1.82,LargeCentralMetro,1,0,0,0,0,0,East Midlands,10,Rutland 004,50.3,1,193,97.079,872
E02002864,7.0,4.0,15.76,48.8,1.26,0.58,96.28,1.88,LargeFringeMetro,0,1,0,0,0,0,East Midlands,4,Rutland 002,60.1,1,203,122.003,1121
E02002867,8.0,4.0,16.76,49.84,1.66,0.54,95.42,2.37,Noncore,0,0,0,0,0,1,East Midlands,8,Rutland 005,52.5,1,179,93.97500000000001,919
E02006140,5.0,8.0,32.58,50.6,2.68,0.61,93.29,3.42,LargeCentralMetro,1,0,0,0,0,0,West Midlands,2,East Staffordshire 010,26.5,1,132,34.980000000000004,828
E02006190,5.0,7.0,15.22,53.05,1.49,0.42,96.02,2.08,LargeCentralMetro,1,0,0,0,0,0,West Midlands,3,Stafford 003,48.7,1,230,112.01,852
E02006207,7.0,8.0,21.95,48.96,0.56,0.06,98.37,1.01,LargeCentralMetro,1,0,0,0,0,0,West Midlands,7,Staffordshire Moorlands 004,35.6,1,205,72.98,770
E02006199,7.0,6.0,25.0,51.1,3.64,1.07,93.15,2.14,LargeCentralMetro,1,0,0,0,0,0,West Midlands,1,Stafford 012,52.4,1,164,85.936,957
E02006128,7.0,8.0,35.29,52.57,1.77,0.52,95.96,1.75,LargeCentralMetro,1,0,0,0,0,0,West Midlands,9,Cannock Chase 011,37.6,1,170,63.92,1109
E02006214,6.0,7.0,16.22,51.34,1.31,0.08,97.33,1.28,LargeCentralMetro,1,0,0,0,0,0,West Midlands,8,Staffordshire Moorlands 011,55.41,2,296,164.023,1716
E02006164,2.0,10.0,32.1,49.72,1.87,1.13,95.63,1.37,LargeCentralMetro,1,0,0,0,0,0,West Midlands,10,Newcastle-under-Lyme 007,22.8,1,162,36.936,903
E02006172,9.0,6.0,25.56,49.83,8.49,0.86,88.02,2.63,LargeCentralMetro,1,0,0,0,0,0,West Midlands,9,Newcastle-under-Lyme 015,36.3,2,223,80.955,1202
E02006182,8.0,4.0,14.11,47.0,4.66,0.6,91.37,3.36,LargeCentralMetro,1,0,0,0,0,0,West Midlands,7,South Staffordshire 009,48.4,1,248,120.032,1068
E02006137,4.0,8.0,24.69,52.13,12.59,1.66,80.8,4.95,LargeCentralMetro,1,0,0,0,0,0,West Midlands,7,East Staffordshire 007,47.6,1,401,190.876,2438
E02006151,6.0,8.0,18.38,50.0,1.23,0.24,97.22,1.32,LargeCentralMetro,1,0,0,0,0,0,West Midlands,10,Lichfield 006,44.9,1,185,83.065,1128
E02006118,8.0,7.0,24.88,49.26,1.16,0.46,97.23,1.15,LargeCentralMetro,1,0,0,0,0,0,West Midlands,10,Cannock Chase 001,41.8,1,213,89.03399999999999,1216
E02006131,8.0,6.0,21.46,21.57,0.5,0.28,98.05,1.16,MediumMetro,0,0,1,0,0,0,West Midlands,9,East Staffordshire 001,38.4,1,219,84.096,788
E02006145,9.0,4.0,12.86,50.37,1.68,0.29,96.13,1.91,MediumMetro,0,0,1,0,0,0,West Midlands,9,East Staffordshire 015,63.5,1,241,153.035,1499
E02006152,7.0,5.0,14.57,48.0,2.27,0.77,94.1,2.86,LargeCentralMetro,1,0,0,0,0,0,West Midlands,10,Lichfield 007,57.5,1,247,142.02499999999998,1627
E02006125,4.0,8.0,17.21,50.45,0.59,0.55,97.41,1.45,LargeCentralMetro,1,0,0,0,0,0,West Midlands,9,Cannock Chase 008,39.5,1,215,84.925,1429
E02006187,7.0,7.0,21.15,51.23,1.28,0.41,96.02,2.29,MediumMetro,0,0,1,0,0,0,West Midlands,6,South Staffordshire 014,49.0,1,104,50.96,732
E02006220,5.0,8.0,30.81,50.05,1.1,0.31,96.17,2.41,LargeCentralMetro,1,0,0,0,0,0,West Midlands,9,Tamworth 004,31.4,1,185,58.09,931
E02006217,6.0,8.0,30.6,48.72,1.25,0.47,96.25,2.03,LargeCentralMetro,1,0,0,0,0,0,West Midlands,10,Tamworth 001,38.8,1,134,51.992,934
E02006204,5.0,6.0,23.29,50.99,0.6,0.2,97.79,1.4,LargeCentralMetro,1,0,0,0,0,0,West Midlands,7,Staffordshire Moorlands 001,26.0,1,73,18.98,253
E02006170,6.0,6.0,11.43,48.76,0.75,0.54,96.67,2.03,MediumMetro,0,0,1,0,0,0,West Midlands,10,Newcastle-under-Lyme 013,55.0,1,140,77.0,769
E02006130,6.0,7.0,33.33,45.33,0.79,0.52,96.64,2.04,MediumMetro,0,0,1,0,0,0,West Midlands,10,Cannock Chase 013,18.2,1,66,12.012,439
E02006166,8.0,8.0,21.38,50.72,2.19,0.31,95.29,2.2,LargeCentralMetro,1,0,0,0,0,0,West Midlands,9,Newcastle-under-Lyme 009,35.2,1,145,51.040000000000006,769
E02006143,5.0,5.0,27.18,51.59,11.12,1.24,84.07,3.57,LargeCentralMetro,1,0,0,0,0,0,West Midlands,4,East Staffordshire 013,32.0,1,103,32.96,661
E02006153,8.0,5.0,12.79,48.94,2.29,0.82,94.51,2.38,Micropolitan,0,0,0,0,1,0,West Midlands,10,Lichfield 008,44.3,1,219,97.017,1036
E02006174,7.0,4.0,25.93,49.17,1.06,0.35,96.63,1.96,Micropolitan,0,0,0,0,1,0,West Midlands,10,South Staffordshire 001,16.7,1,54,9.017999999999999,240
E02006168,5.0,9.0,23.74,48.67,8.7,3.19,83.02,5.09,LargeCentralMetro,1,0,0,0,0,0,West Midlands,9,Newcastle-under-Lyme 011,34.8,1,198,68.904,1091
E02006193,8.0,6.0,15.03,50.2,4.94,1.2,91.54,2.31,LargeCentralMetro,1,0,0,0,0,0,West Midlands,5,Stafford 006,37.6,1,173,65.048,998
E02006200,2.0,8.0,59.26,46.55,1.57,1.76,93.29,3.39,LargeCentralMetro,1,0,0,0,0,0,West Midlands,7,Stafford 013,24.7,1,81,20.007,449
E02006122,5.0,7.0,40.85,50.97,1.38,0.52,96.09,2.01,LargeCentralMetro,1,0,0,0,0,0,West Midlands,10,Cannock Chase 005,9.9,1,71,7.029,673
E02006226,6.0,7.0,34.57,48.29,1.04,0.65,96.31,1.99,LargeCentralMetro,1,0,0,0,0,0,West Midlands,10,Tamworth 010,23.47,2,243,57.021,1518
E02006201,10.0,4.0,9.35,46.93,4.56,0.71,91.71,3.02,LargeCentralMetro,1,0,0,0,0,0,West Midlands,5,Stafford 014,50.0,1,214,107.0,1270
E02006198,8.0,5.0,15.56,50.05,5.47,0.93,91.15,2.45,LargeCentralMetro,1,0,0,0,0,0,West Midlands,6,Stafford 011,46.1,1,180,82.98,987
E02006209,9.0,6.0,11.68,47.01,0.65,0.21,98.35,0.79,LargeCentralMetro,1,0,0,0,0,0,West Midlands,9,Staffordshire Moorlands 006,40.1,1,197,78.997,770
E02006186,8.0,3.0,10.32,48.5,3.07,0.73,93.98,2.22,LargeCentralMetro,1,0,0,0,0,0,West Midlands,6,South Staffordshire 013,38.7,1,155,59.985,1002
E02002955,1.0,9.0,50.23,51.68,31.04,3.84,59.56,5.57,LargeCentralMetro,1,0,0,0,0,0,West Midlands,6,Stoke-on-Trent 005,37.7,1,215,81.055,1248
E02002967,1.0,10.0,42.56,47.95,1.77,4.65,90.8,2.77,LargeCentralMetro,1,0,0,0,0,0,West Midlands,8,Stoke-on-Trent 017,28.0,1,289,80.92,1437
E02002958,4.0,9.0,31.4,48.92,5.27,1.64,89.54,3.55,LargeCentralMetro,1,0,0,0,0,0,West Midlands,6,Stoke-on-Trent 008,29.3,1,242,70.90599999999999,1208
E02002956,3.0,10.0,39.56,50.6,9.05,2.13,84.79,4.03,LargeCentralMetro,1,0,0,0,0,0,West Midlands,7,Stoke-on-Trent 006,28.65,2,412,118.03800000000001,2251
E02002951,5.0,9.0,32.83,50.44,1.63,0.89,95.53,1.95,LargeCentralMetro,1,0,0,0,0,0,West Midlands,7,Stoke-on-Trent 001,29.3,1,198,58.013999999999996,1029
E02002981,3.0,8.0,45.88,52.68,12.8,1.73,82.26,3.2,LargeCentralMetro,1,0,0,0,0,0,West Midlands,,Stoke-on-Trent 031,33.5,1,194,64.99000000000001,1044
E02002982,4.0,9.0,29.74,50.67,5.55,1.9,89.0,3.55,LargeCentralMetro,1,0,0,0,0,0,West Midlands,9,Stoke-on-Trent 032,35.3,1,232,81.896,1190
E02002970,2.0,9.0,44.66,49.81,5.63,3.05,88.08,3.23,LargeCentralMetro,1,0,0,0,0,0,West Midlands,5,Stoke-on-Trent 020,19.4,1,206,39.964,1052
E02002977,4.0,10.0,38.46,54.16,5.24,1.72,90.18,2.86,LargeCentralMetro,1,0,0,0,0,0,West Midlands,5,Stoke-on-Trent 027,35.9,1,195,70.005,1119
E02002973,4.0,8.0,36.5,47.67,12.88,2.61,80.47,4.04,LargeCentralMetro,1,0,0,0,0,0,West Midlands,5,Stoke-on-Trent 023,51.5,1,200,103.0,1095
E02006662,6.0,6.0,16.88,47.97,1.75,1.68,93.75,2.82,LargeFringeMetro,0,1,0,0,0,0,South West,10,Wiltshire 046,18.2,1,77,14.014,517
E02006646,8.0,3.0,14.18,46.4,4.29,3.04,89.53,3.15,MediumMetro,0,0,1,0,0,0,South West,8,Wiltshire 003,44.8,1,134,60.032,931
E02006688,6.0,6.0,32.28,50.86,1.73,1.04,94.51,2.72,LargeCentralMetro,1,0,0,0,0,0,South West,3,Wiltshire 036,26.6,1,158,42.028000000000006,1103
E02006660,7.0,4.0,19.61,49.93,1.1,0.42,96.6,1.88,LargeCentralMetro,1,0,0,0,0,0,South West,5,Wiltshire 018,46.1,1,204,94.04400000000001,1360
E02006637,6.0,5.0,21.43,48.73,1.46,0.52,96.14,1.89,LargeFringeMetro,0,1,0,0,0,0,South West,4,Wiltshire 025,45.1,1,182,82.08200000000001,987
E02006652,8.0,4.0,15.07,50.05,2.7,1.06,93.21,3.03,LargeCentralMetro,1,0,0,0,0,0,South West,5,Wiltshire 009,42.2,2,531,224.08200000000002,3117
E02006686,5.0,5.0,25.21,48.72,1.86,0.81,94.37,2.96,LargeCentralMetro,1,0,0,0,0,0,South West,3,Wiltshire 033,38.5,1,234,90.09,1252
E02006692,8.0,5.0,19.67,44.98,3.77,1.59,92.05,2.59,LargeFringeMetro,0,1,0,0,0,0,South West,5,Wiltshire 042,29.9,1,244,72.956,1403
E02006658,6.0,5.0,24.69,49.29,0.68,0.53,96.96,1.84,LargeCentralMetro,1,0,0,0,0,0,South West,5,Wiltshire 016,29.6,1,162,47.952000000000005,1059
E02006641,7.0,3.0,17.44,48.79,0.79,0.33,97.59,1.3,Noncore,0,0,0,0,0,1,South West,5,Wiltshire 034,57.6,1,172,99.07200000000002,871
E02006645,7.0,2.0,13.57,48.05,2.84,0.91,93.67,2.57,SmallMetro,0,0,0,1,0,0,South West,6,Wiltshire 002,48.9,1,221,108.069,1465
E02007023,4.0,4.0,25.55,49.46,1.44,0.76,96.0,1.8,LargeFringeMetro,0,1,0,0,0,0,South West,4,Wiltshire 063,43.1,1,137,59.047,926
E02006649,7.0,6.0,15.47,48.1,2.48,1.88,93.19,2.45,LargeCentralMetro,1,0,0,0,0,0,South West,5,Wiltshire 006,56.1,1,278,155.95800000000003,1688
E02006684,4.0,6.0,14.47,49.47,2.62,1.7,91.19,4.48,LargeCentralMetro,1,0,0,0,0,0,South West,3,Wiltshire 031,51.6,1,159,82.044,950
E02006635,7.0,4.0,11.58,50.82,2.26,0.57,94.67,2.5,MediumMetro,0,0,1,0,0,0,South West,7,Wiltshire 019,57.1,1,259,147.889,1712
E02006672,6.0,6.0,22.22,43.72,3.73,1.6,91.97,2.7,LargeFringeMetro,0,1,0,0,0,0,South West,5,Wiltshire 057,39.3,1,117,45.980999999999995,597
E02006682,8.0,4.0,13.24,51.51,0.87,0.49,96.4,2.25,MediumMetro,0,0,1,0,0,0,South West,4,Wiltshire 027,58.4,1,219,127.89599999999999,1359
E02006667,3.0,7.0,43.12,47.25,3.36,1.52,92.96,2.15,LargeFringeMetro,0,1,0,0,0,0,South West,4,Wiltshire 052,23.9,1,109,26.051,781
E02006663,6.0,6.0,17.09,48.93,2.08,1.99,93.34,2.58,LargeFringeMetro,0,1,0,0,0,0,South West,8,Wiltshire 048,26.1,1,199,51.939,1079
E02007025,6.0,5.0,13.51,50.82,3.53,4.37,88.65,3.45,Noncore,0,0,0,0,0,1,South West,10,Wiltshire 065,33.5,1,185,61.975,1155
E02003232,8.0,5.0,18.69,55.72,7.87,2.35,84.8,4.98,LargeCentralMetro,1,0,0,0,0,0,South West,4,Swindon 021,38.3,1,214,81.96199999999999,1382
E02003234,6.0,6.0,30.67,47.41,9.3,2.33,84.35,4.03,LargeCentralMetro,1,0,0,0,0,0,South West,5,Swindon 023,44.8,1,163,73.02399999999999,888
E02003216,6.0,7.0,22.08,48.49,4.53,1.55,90.1,3.82,LargeCentralMetro,1,0,0,0,0,0,South West,,Swindon 005,37.0,1,154,56.98,1029
E02003228,6.0,3.0,31.29,50.4,31.1,2.9,61.79,4.2,LargeCentralMetro,1,0,0,0,0,0,South West,2,Swindon 017,28.46,2,425,120.95899999999997,2373
E02003229,6.0,6.0,18.69,51.05,5.63,1.75,86.81,5.81,LargeCentralMetro,1,0,0,0,0,0,South West,3,Swindon 018,43.0,1,214,92.02,1287
E02003217,4.0,8.0,22.91,50.14,5.09,3.37,87.88,3.67,LargeCentralMetro,1,0,0,0,0,0,South West,7,Swindon 006,52.5,1,179,93.97500000000001,1059
E02003236,7.0,7.0,15.19,48.32,5.2,1.73,90.04,3.04,MediumMetro,0,0,1,0,0,0,South West,8,Swindon 025,61.9,1,270,167.13,1573
E02003226,6.0,5.0,26.87,16.23,57.6,3.33,33.06,6.01,LargeCentralMetro,1,0,0,0,0,0,South West,,Swindon 015,25.4,1,67,17.018,191
E02003358,6.0,5.0,16.22,49.84,10.6,4.06,79.03,6.31,LargeCentralMetro,1,0,0,0,0,0,South East,1,Bracknell Forest 007,48.64,2,370,179.97199999999998,2209
E02003354,8.0,4.0,18.66,48.58,6.42,1.56,87.9,4.12,LargeCentralMetro,1,0,0,0,0,0,South East,6,Bracknell Forest 003,37.3,1,268,99.964,1474
E02003426,10.0,1.0,15.99,79.17,11.11,1.09,82.99,4.81,LargeCentralMetro,1,0,0,0,0,0,South East,3,Windsor and Maidenhead 006,50.47,2,319,160.98899999999998,2036
E02003438,9.0,2.0,12.69,46.47,7.57,1.11,85.98,5.34,LargeCentralMetro,1,0,0,0,0,0,South East,3,Windsor and Maidenhead 018,57.1,1,268,153.02800000000002,1715
E02003431,7.0,2.0,27.43,50.6,22.24,1.3,69.03,7.43,MediumMetro,0,0,1,0,0,0,South East,7,Windsor and Maidenhead 011,38.1,1,113,43.053,666
E02003428,8.0,1.0,11.27,47.93,12.29,1.33,81.03,5.35,LargeCentralMetro,1,0,0,0,0,0,South East,4,Windsor and Maidenhead 008,47.1,1,204,96.084,1183
E02003424,10.0,2.0,16.67,0.69,17.8,1.72,74.3,6.18,LargeCentralMetro,1,0,0,0,0,0,South East,2,Windsor and Maidenhead 004,53.5,1,114,60.99,578
E02003421,9.0,1.0,20.72,36.97,21.07,1.27,72.78,4.88,LargeCentralMetro,1,0,0,0,0,0,South East,5,Windsor and Maidenhead 001,49.0,1,251,122.99,1547
E02003429,10.0,1.0,14.29,50.78,12.82,1.74,80.79,4.65,LargeCentralMetro,1,0,0,0,0,0,South East,6,Windsor and Maidenhead 009,58.2,1,91,52.962,640
E02003432,8.0,1.0,14.17,0.0,7.07,1.3,84.94,6.69,LargeCentralMetro,1,0,0,0,0,0,South East,2,Windsor and Maidenhead 012,52.6,1,247,129.922,990
E02003434,6.0,2.0,15.79,100.0,10.38,2.47,80.19,6.95,LargeCentralMetro,1,0,0,0,0,0,South East,3,Windsor and Maidenhead 014,43.2,1,190,82.08000000000001,795
E02003370,8.0,4.0,13.11,49.74,4.64,2.18,88.85,4.33,LargeCentralMetro,1,0,0,0,0,0,South East,5,West Berkshire 004,49.7,1,183,90.95100000000001,1142
E02003376,6.0,4.0,32.1,49.55,0.94,0.43,96.69,1.94,SmallMetro,0,0,0,1,0,0,South East,,West Berkshire 010,24.7,1,81,20.007,440
E02003383,8.0,6.0,18.58,49.06,3.05,0.78,93.61,2.56,LargeCentralMetro,1,0,0,0,0,0,South East,2,West Berkshire 017,45.6,1,296,134.976,1814
E02003371,10.0,5.0,16.27,52.0,4.07,1.46,91.29,3.18,LargeCentralMetro,1,0,0,0,0,0,South East,2,West Berkshire 005,46.8,1,252,117.93599999999999,1679
E02003387,9.0,4.0,7.78,51.61,2.64,0.73,94.26,2.37,LargeCentralMetro,1,0,0,0,0,0,South East,3,West Berkshire 021,58.1,1,270,156.86999999999998,1930
E02003378,6.0,5.0,22.17,48.27,4.51,0.99,91.2,3.3,LargeCentralMetro,1,0,0,0,0,0,South East,3,West Berkshire 012,38.9,1,203,78.967,1355
E02003381,8.0,2.0,17.73,51.74,2.84,1.11,92.56,3.48,MediumMetro,0,0,1,0,0,0,South East,6,West Berkshire 015,57.1,1,203,115.91300000000001,1233
E02003403,5.0,6.0,29.25,47.05,14.26,8.23,70.12,7.39,LargeCentralMetro,1,0,0,0,0,0,South East,2,Reading 015,36.0,3,547,196.937,3284
E02003390,10.0,2.0,9.27,45.31,7.03,1.07,87.35,4.54,LargeCentralMetro,1,0,0,0,0,0,South East,5,Reading 002,57.3,1,248,142.10399999999998,1545
E02003400,7.0,2.0,24.32,36.46,18.84,5.19,68.68,7.29,LargeCentralMetro,1,0,0,0,0,0,South East,1,Reading 012,44.05,2,259,114.08,1171
E02003405,3.0,5.0,28.74,100.0,22.88,9.1,58.23,9.78,LargeCentralMetro,1,0,0,0,0,0,South East,,Reading 017,54.5,1,167,91.015,905
E02003410,4.0,1.0,26.32,100.0,63.68,5.36,22.57,8.39,LargeCentralMetro,1,0,0,0,0,0,South East,3,Slough 004,58.6,1,152,89.07199999999999,905
E02003417,4.0,1.0,21.91,48.18,52.8,7.26,29.83,10.11,LargeCentralMetro,1,0,0,0,0,0,South East,,Slough 011,51.7,1,178,92.026,1125
E02003414,4.0,1.0,21.59,62.11,41.69,8.43,39.39,10.49,LargeCentralMetro,1,0,0,0,0,0,South East,4,Slough 008,46.57,2,352,163.92999999999998,1903
E02003418,5.0,1.0,22.1,44.94,47.44,6.37,35.43,10.75,LargeCentralMetro,1,0,0,0,0,0,South East,2,Slough 012,60.2,1,181,108.962,1155
E02003415,3.0,1.0,29.67,35.06,52.08,9.64,29.1,9.18,LargeCentralMetro,1,0,0,0,0,0,South East,2,Slough 009,37.9,1,182,68.978,1178
E02003411,4.0,1.0,24.51,45.96,55.31,6.41,26.94,11.33,LargeCentralMetro,1,0,0,0,0,0,South East,8,Slough 005,32.8,1,204,66.91199999999999,1188
E02003456,7.0,2.0,7.08,46.02,5.7,2.95,86.87,4.49,MediumMetro,0,0,1,0,0,0,South East,,Wokingham 018,60.4,1,240,144.96,1280
E02003447,9.0,4.0,11.9,8.95,19.76,3.35,70.82,6.08,LargeCentralMetro,1,0,0,0,0,0,South East,6,Wokingham 009,59.5,1,126,74.97,927
E02003448,9.0,2.0,8.33,99.24,10.01,1.61,83.99,4.39,LargeCentralMetro,1,0,0,0,0,0,South East,3,Wokingham 010,80.4,1,240,192.96,1454
E02003444,9.0,2.0,7.89,47.44,35.68,3.34,55.19,5.79,LargeCentralMetro,1,0,0,0,0,0,South East,7,Wokingham 006,64.5,1,279,179.955,1872
E02003442,9.0,2.0,13.39,49.89,9.01,1.75,84.7,4.53,LargeCentralMetro,1,0,0,0,0,0,South East,6,Wokingham 004,53.6,1,239,128.104,1421
E02003755,5.0,8.0,25.4,50.57,1.47,1.01,95.7,1.83,Micropolitan,0,0,0,0,1,0,East of England,10,Huntingdonshire 003,45.5,1,189,85.995,1056
E02003793,8.0,2.0,16.39,48.78,1.42,0.61,95.95,2.02,MediumMetro,0,0,1,0,0,0,East of England,10,South Cambridgeshire 019,51.6,1,122,62.952,658
E02003740,8.0,5.0,23.21,49.62,3.1,0.68,93.47,2.74,MediumMetro,0,0,1,0,0,0,East of England,7,East Cambridgeshire 009,57.7,1,293,169.061,1465
E02006873,7.0,2.0,14.92,48.6,13.55,2.76,77.22,6.47,LargeCentralMetro,1,0,0,0,0,0,East of England,,South Cambridgeshire 020,56.9,1,248,141.112,1461
E02003731,9.0,2.0,29.43,44.33,19.15,2.72,70.43,7.69,LargeCentralMetro,1,0,0,0,0,0,East of England,3,Cambridge 013,47.91,2,282,135.10399999999998,1721
E02003722,9.0,2.0,30.48,51.21,8.29,1.13,83.79,6.78,LargeCentralMetro,1,0,0,0,0,0,East of England,1,Cambridge 004,64.45,2,315,203.03,1818
E02003728,8.0,2.0,24.83,49.57,17.51,1.97,71.85,8.68,LargeCentralMetro,1,0,0,0,0,0,East of England,2,Cambridge 010,71.06,2,290,206.06,1509
E02003784,9.0,3.0,9.09,48.06,4.69,0.92,90.76,3.63,Micropolitan,0,0,0,0,1,0,East of England,9,South Cambridgeshire 010,58.6,1,297,174.042,1962
E02003776,7.0,2.0,13.53,49.26,2.85,0.78,93.26,3.11,Micropolitan,0,0,0,0,1,0,East of England,6,South Cambridgeshire 002,56.5,1,170,96.05,877
E02003734,7.0,4.0,15.49,48.76,2.82,1.2,92.09,3.89,LargeFringeMetro,0,1,0,0,0,0,East of England,2,East Cambridgeshire 003,53.5,1,284,151.94,1649
E02003764,7.0,6.0,25.63,50.22,7.99,3.71,83.19,5.11,LargeFringeMetro,0,1,0,0,0,0,East of England,9,Huntingdonshire 012,42.82,2,558,238.937,3634
E02003780,7.0,3.0,13.98,45.07,6.73,1.84,86.61,4.83,LargeCentralMetro,1,0,0,0,0,0,East of England,5,South Cambridgeshire 006,66.1,1,236,155.99599999999998,1449
E02003790,8.0,4.0,16.46,51.06,1.48,0.43,96.08,2.01,MediumMetro,0,0,1,0,0,0,East of England,6,South Cambridgeshire 016,56.1,1,164,92.004,803
E02003771,7.0,5.0,19.64,50.97,3.28,1.24,92.59,2.89,LargeCentralMetro,1,0,0,0,0,0,East of England,6,Huntingdonshire 019,54.9,1,275,150.975,1554
E02003792,7.0,4.0,24.77,46.67,1.68,0.61,94.82,2.89,MediumMetro,0,0,1,0,0,0,East of England,7,South Cambridgeshire 018,37.6,1,109,40.984,585
E02003750,5.0,10.0,35.34,49.26,1.08,0.6,96.67,1.64,LargeFringeMetro,0,1,0,0,0,0,East of England,10,Fenland 009,23.7,1,232,54.983999999999995,1222
E02003725,9.0,1.0,17.19,50.14,14.64,2.18,74.99,8.19,LargeCentralMetro,1,0,0,0,0,0,East of England,1,Cambridge 007,78.1,1,128,99.96799999999999,694
E02003765,8.0,6.0,18.31,48.36,8.75,1.05,87.24,2.95,LargeCentralMetro,1,0,0,0,0,0,East of England,10,Huntingdonshire 013,47.2,1,284,134.048,1493
E02003789,8.0,5.0,15.97,49.41,7.97,1.46,86.62,3.95,MediumMetro,0,0,1,0,0,0,East of England,3,South Cambridgeshire 015,61.3,1,238,145.894,1194
E02003756,7.0,6.0,16.98,48.66,1.17,0.9,95.88,2.05,MediumMetro,0,0,1,0,0,0,East of England,10,Huntingdonshire 004,47.8,1,159,76.002,1085
E02003747,5.0,7.0,26.5,49.28,1.41,1.09,95.35,2.15,LargeCentralMetro,1,0,0,0,0,0,East of England,10,Fenland 006,33.5,1,200,67.0,1104
E02003737,7.0,3.0,18.05,49.23,1.25,1.1,94.78,2.86,LargeFringeMetro,0,1,0,0,0,0,East of England,5,East Cambridgeshire 006,54.5,1,277,150.965,1432
E02003777,8.0,2.0,15.51,49.44,7.12,1.71,86.18,4.99,MediumMetro,0,0,1,0,0,0,East of England,9,South Cambridgeshire 003,58.8,1,245,144.06,1246
E02003744,3.0,8.0,40.0,50.7,1.84,0.69,94.69,2.78,LargeFringeMetro,0,1,0,0,0,0,East of England,10,Fenland 003,28.2,1,255,71.91,1349
E02003736,6.0,2.0,28.93,49.41,1.53,0.4,95.73,2.35,SmallMetro,0,0,0,1,0,0,East of England,9,East Cambridgeshire 005,38.8,1,121,46.94799999999999,767
E02003237,8.0,6.0,18.15,49.67,2.68,0.94,93.8,2.58,Micropolitan,0,0,0,0,1,0,East of England,10,Peterborough 001,45.2,1,259,117.068,1651
E02003249,2.0,5.0,44.52,46.87,19.12,4.65,67.55,8.68,LargeCentralMetro,1,0,0,0,0,0,East of England,,Peterborough 013,31.0,1,155,48.05,830
E02003248,2.0,3.0,38.57,31.7,47.12,2.29,43.02,7.57,LargeCentralMetro,1,0,0,0,0,0,East of England,,Peterborough 012,24.3,1,70,17.009999999999998,470
E02006878,6.0,5.0,24.52,50.0,8.98,7.49,76.01,7.52,LargeCentralMetro,1,0,0,0,0,0,East of England,,Peterborough 023,48.1,1,208,100.048,1264
E02006877,6.0,4.0,24.79,46.95,7.37,4.31,82.63,5.69,LargeCentralMetro,1,0,0,0,0,0,East of England,8,Peterborough 022,42.7,1,234,99.918,1476
E02003257,2.0,6.0,33.66,50.65,3.38,7.45,82.1,7.07,LargeCentralMetro,1,0,0,0,0,0,East of England,6,Peterborough 021,43.9,1,205,89.995,1230
E02003242,5.0,4.0,50.0,52.11,5.51,2.18,88.25,4.06,LargeCentralMetro,1,0,0,0,0,0,East of England,,Peterborough 006,22.6,1,252,56.952,1685
E02003255,5.0,5.0,26.34,47.77,5.97,4.33,85.27,4.43,LargeCentralMetro,1,0,0,0,0,0,East of England,5,Peterborough 019,43.3,1,224,96.992,1526
E02002589,9.0,8.0,36.05,48.95,0.77,0.16,98.26,0.82,LargeCentralMetro,1,0,0,0,0,0,North West,7,Halton 016,36.9,1,233,85.977,1185
E02002587,3.0,9.0,56.3,50.3,0.73,0.17,96.71,2.39,LargeCentralMetro,1,0,0,0,0,0,North West,6,Halton 014,33.3,1,135,44.955,829
E02002579,3.0,10.0,51.96,46.91,0.52,0.22,97.6,1.66,LargeCentralMetro,1,0,0,0,0,0,North West,7,Halton 006,38.5,1,179,68.915,921
E02002578,5.0,8.0,34.21,50.45,1.73,0.26,95.99,2.02,LargeCentralMetro,1,0,0,0,0,0,North West,5,Halton 005,50.34,2,532,267.807,2920
E02002600,4.0,9.0,37.85,50.95,1.71,0.86,94.6,2.84,LargeCentralMetro,1,0,0,0,0,0,North West,3,Warrington 011,38.4,1,177,67.968,897
E02002594,5.0,8.0,33.12,45.33,2.7,0.78,93.5,3.03,LargeCentralMetro,1,0,0,0,0,0,North West,4,Warrington 005,42.9,1,154,66.066,889
E02002612,9.0,4.0,12.23,47.67,1.78,0.29,95.74,2.18,LargeCentralMetro,1,0,0,0,0,0,North West,3,Warrington 023,57.5,1,327,188.02499999999998,1674
E02002609,4.0,8.0,31.42,50.87,2.69,0.94,93.53,2.83,LargeCentralMetro,1,0,0,0,0,0,North West,2,Warrington 020,32.03,2,331,106.035,1716
E02002590,9.0,4.0,13.6,50.34,2.13,0.98,94.23,2.65,LargeCentralMetro,1,0,0,0,0,0,North West,6,Warrington 001,55.3,1,228,126.08399999999999,1168
E02002598,9.0,4.0,11.32,48.87,7.93,0.77,88.45,2.85,LargeCentralMetro,1,0,0,0,0,0,North West,5,Warrington 009,48.5,1,371,179.935,2087
E02002603,9.0,7.0,16.0,46.78,2.81,0.35,95.66,1.18,LargeCentralMetro,1,0,0,0,0,0,North West,9,Warrington 014,64.7,1,150,97.05,808
E02002610,9.0,2.0,10.6,50.55,1.92,0.26,95.25,2.57,LargeCentralMetro,1,0,0,0,0,0,North West,7,Warrington 021,68.9,1,302,208.07800000000003,1923
E02002608,9.0,7.0,25.79,48.39,1.63,0.26,96.82,1.3,LargeCentralMetro,1,0,0,0,0,0,North West,,Warrington 019,47.2,1,159,75.048,1023
E02002605,6.0,6.0,17.02,48.8,3.92,0.84,93.48,1.76,LargeCentralMetro,1,0,0,0,0,0,North West,6,Warrington 016,52.8,1,235,124.08000000000001,1205
E02002607,5.0,8.0,53.26,30.41,6.07,1.47,88.45,4.01,LargeCentralMetro,1,0,0,0,0,0,North West,,Warrington 018,14.1,1,92,12.972,296
E02004133,5.0,6.0,29.71,51.65,1.29,0.11,97.07,1.53,SmallMetro,0,0,0,1,0,0,South West,,East Devon 005,30.4,1,138,41.952,757
E02004223,4.0,6.0,30.7,50.73,0.42,0.14,98.36,1.08,LargeFringeMetro,0,1,0,0,0,0,South West,9,Torridge 004,50.4,1,228,114.912,1447
E02004179,7.0,3.0,10.53,48.33,1.55,0.81,95.49,2.14,SmallMetro,0,0,0,1,0,0,South West,9,North Devon 005,61.2,1,152,93.024,840
E02004188,6.0,4.0,20.69,53.37,0.68,0.14,98.32,0.86,SmallMetro,0,0,0,1,0,0,South West,8,North Devon 014,61.4,1,145,89.03,742
E02007027,6.0,5.0,22.47,47.12,1.14,0.32,96.44,2.1,MediumMetro,0,0,1,0,0,0,South West,10,East Devon 021,40.4,1,178,71.91199999999999,936
E02004212,5.0,7.0,19.79,48.59,0.89,0.19,96.99,1.93,LargeCentralMetro,1,0,0,0,0,0,South West,10,Teignbridge 012,37.44,2,374,140.036,2085
E02004144,7.0,8.0,21.64,49.69,0.34,0.13,98.41,1.12,LargeCentralMetro,1,0,0,0,0,0,South West,2,East Devon 016,41.4,1,365,151.10999999999999,2103
E02004225,5.0,5.0,23.12,48.03,0.4,0.1,98.36,1.14,SmallMetro,0,0,0,1,0,0,South West,10,Torridge 006,35.3,1,173,61.068999999999996,887
E02004130,5.0,8.0,24.17,50.51,1.57,0.34,96.53,1.56,LargeCentralMetro,1,0,0,0,0,0,South West,6,East Devon 002,35.8,1,120,42.96,691
E02004175,4.0,7.0,28.65,51.04,0.56,0.21,97.22,2.0,LargeFringeMetro,0,1,0,0,0,0,South West,5,North Devon 001,50.6,1,178,90.068,1011
E02004161,4.0,8.0,18.95,49.56,6.2,0.78,89.42,3.6,LargeCentralMetro,1,0,0,0,0,0,South West,7,Exeter 013,46.8,1,190,88.91999999999999,914
E02004193,8.0,4.0,14.86,47.61,0.42,0.09,98.32,1.17,LargeCentralMetro,1,0,0,0,0,0,South West,9,South Hams 005,71.6,1,370,264.92,2323
E02004136,8.0,6.0,14.61,48.83,0.91,0.12,97.2,1.78,MediumMetro,0,0,1,0,0,0,South West,8,East Devon 008,55.6,1,178,98.968,1108
E02004198,6.0,5.0,12.5,51.04,0.83,0.21,97.98,0.99,SmallMetro,0,0,0,1,0,0,South West,10,South Hams 010,54.5,1,200,109.00000000000001,1248
E02004181,6.0,7.0,24.89,48.71,2.36,0.72,95.11,1.82,LargeFringeMetro,0,1,0,0,0,0,South West,3,North Devon 007,45.3,1,225,101.925,1160
E02004174,6.0,6.0,14.87,51.67,0.76,0.2,97.65,1.4,MediumMetro,0,0,1,0,0,0,South West,3,Mid Devon 011,49.7,1,195,96.915,1138
E02004150,5.0,7.0,24.24,46.51,5.82,1.25,88.48,4.45,LargeCentralMetro,1,0,0,0,0,0,South West,10,Exeter 002,53.0,1,198,104.94000000000001,989
E02004159,8.0,4.0,14.07,50.73,3.98,0.6,92.37,3.05,LargeCentralMetro,1,0,0,0,0,0,South West,10,Exeter 011,61.2,1,263,160.956,1305
E02004217,4.0,4.0,13.33,47.8,0.63,0.13,97.15,2.09,Micropolitan,0,0,0,0,1,0,South West,10,Teignbridge 017,51.7,1,120,62.04,795
E02004214,4.0,8.0,37.88,39.9,2.53,0.16,95.53,1.77,LargeCentralMetro,1,0,0,0,0,0,South West,10,Teignbridge 014,10.6,1,66,6.9959999999999996,193
E02004187,5.0,4.0,19.66,50.76,0.9,0.34,97.24,1.52,SmallMetro,0,0,0,1,0,0,South West,6,North Devon 013,49.6,1,117,58.032,662
E02004213,7.0,6.0,21.91,52.46,0.72,0.6,97.03,1.65,LargeCentralMetro,1,0,0,0,0,0,South West,10,Teignbridge 013,39.9,1,178,71.02199999999999,1077
E02004208,7.0,4.0,18.38,49.64,0.76,0.19,97.73,1.32,LargeCentralMetro,1,0,0,0,0,0,South West,10,Teignbridge 008,37.5,1,136,51.0,830
E02004166,7.0,5.0,17.35,49.4,0.37,0.04,98.36,1.22,MediumMetro,0,0,1,0,0,0,South West,7,Mid Devon 003,57.5,1,219,125.925,1085
E02003132,6.0,6.0,44.76,49.38,2.84,0.41,94.62,2.13,LargeCentralMetro,1,0,0,0,0,0,South West,5,Plymouth 011,37.1,1,105,38.955,648
E02003153,8.0,5.0,17.78,46.78,0.43,1.0,97.08,1.49,LargeCentralMetro,1,0,0,0,0,0,South West,8,Plymouth 032,49.56,2,450,223.02700000000002,2610
E02003133,7.0,8.0,21.3,46.56,1.0,0.49,96.68,1.84,LargeCentralMetro,1,0,0,0,0,0,South West,3,Plymouth 012,37.9,1,169,64.051,1031
E02003136,8.0,6.0,18.1,48.89,0.52,0.06,97.92,1.5,LargeCentralMetro,1,0,0,0,0,0,South West,4,Plymouth 015,49.63,2,431,213.89999999999998,2471
E02003142,4.0,8.0,44.12,49.18,1.68,0.65,94.91,2.75,LargeCentralMetro,1,0,0,0,0,0,South West,5,Plymouth 021,41.8,1,170,71.06,1096
E02003122,8.0,8.0,27.05,96.86,1.78,0.97,95.09,2.16,LargeCentralMetro,1,0,0,0,0,0,South West,2,Plymouth 001,33.6,1,122,40.992000000000004,732
E02003129,7.0,7.0,30.26,0.0,1.89,1.39,94.84,1.89,LargeCentralMetro,1,0,0,0,0,0,South West,5,Plymouth 008,25.0,1,76,19.0,392
E02003145,4.0,8.0,35.5,56.64,3.81,1.2,91.5,3.49,LargeCentralMetro,1,0,0,0,0,0,South West,8,Plymouth 024,26.74,2,262,70.05,1522
E02003128,3.0,9.0,34.48,47.98,2.08,0.69,95.26,1.97,LargeCentralMetro,1,0,0,0,0,0,South West,9,Plymouth 007,29.3,1,116,33.988,767
E02003126,6.0,8.0,32.61,47.95,2.45,0.7,94.76,2.09,LargeCentralMetro,1,0,0,0,0,0,South West,10,Plymouth 005,41.8,1,184,76.91199999999999,1122
E02003170,4.0,6.0,29.19,51.66,0.71,0.32,97.45,1.53,LargeFringeMetro,0,1,0,0,0,0,South West,10,Torbay 017,22.4,1,161,36.06399999999999,1053
E02003166,3.0,8.0,33.33,45.32,1.1,0.19,96.65,2.05,LargeFringeMetro,0,1,0,0,0,0,South West,4,Torbay 013,24.6,1,264,64.944,1582
E02003155,4.0,8.0,36.24,50.5,1.73,0.2,96.5,1.56,LargeFringeMetro,0,1,0,0,0,0,South West,7,Torbay 002,26.2,1,149,39.038000000000004,992
E02003158,5.0,8.0,31.15,48.54,1.34,0.45,96.18,2.03,LargeFringeMetro,0,1,0,0,0,0,South West,4,Torbay 005,51.4,1,183,94.062,1131
E02003157,3.0,8.0,28.99,49.28,2.73,0.7,93.98,2.59,LargeFringeMetro,0,1,0,0,0,0,South West,5,Torbay 004,48.7,1,238,115.906,1453
E02004456,5.0,6.0,18.75,46.95,3.12,1.86,91.87,3.15,LargeCentralMetro,1,0,0,0,0,0,East of England,8,Braintree 011,48.6,1,208,101.088,1067
E02004465,8.0,4.0,9.79,51.88,2.47,1.38,93.27,2.88,MediumMetro,0,0,1,0,0,0,East of England,10,Brentwood 002,57.0,1,235,133.95,1488
E02004475,8.0,4.0,18.88,50.29,2.37,2.58,93.07,1.98,LargeCentralMetro,1,0,0,0,0,0,East of England,10,Castle Point 003,31.5,1,286,90.09,1561
E02004436,2.0,9.0,45.55,47.1,2.73,8.79,84.36,4.11,LargeCentralMetro,1,0,0,0,0,0,East of England,9,Basildon 013,20.9,1,292,61.028,913
E02004430,9.0,4.0,13.11,47.52,2.03,2.0,93.5,2.48,LargeCentralMetro,1,0,0,0,0,0,East of England,10,Basildon 007,52.5,1,244,128.1,1469
E02004467,6.0,4.0,13.21,48.33,5.0,2.85,87.98,4.17,LargeCentralMetro,1,0,0,0,0,0,East of England,7,Brentwood 004,68.6,1,159,109.07399999999998,1140
E02004427,9.0,2.0,11.41,46.36,2.64,0.94,94.14,2.28,LargeCentralMetro,1,0,0,0,0,0,East of England,10,Basildon 004,48.3,1,263,127.029,1702
E02004488,8.0,3.0,16.67,49.89,8.4,3.98,83.46,4.15,LargeCentralMetro,1,0,0,0,0,0,East of England,10,Chelmsford 004,46.3,1,240,111.11999999999999,1409
E02004470,6.0,2.0,7.78,98.82,8.63,3.8,81.3,6.27,LargeCentralMetro,1,0,0,0,0,0,East of England,7,Brentwood 007,77.8,1,167,129.92600000000002,1013
E02004429,8.0,4.0,25.77,49.16,2.41,1.39,94.48,1.72,LargeCentralMetro,1,0,0,0,0,0,East of England,9,Basildon 006,24.7,1,194,47.918,1135
E02004546,3.0,5.0,27.65,56.15,8.07,6.47,80.22,5.24,LargeCentralMetro,1,0,0,0,0,0,East of England,10,Harlow 003,44.1,1,170,74.97,951
E02004486,9.0,4.0,17.44,49.26,9.57,3.69,83.4,3.34,LargeCentralMetro,1,0,0,0,0,0,East of England,10,Chelmsford 002,43.1,1,195,84.045,1155
E02004585,3.0,8.0,54.66,50.59,1.24,0.83,96.11,1.82,LargeCentralMetro,1,0,0,0,0,0,East of England,10,Tendring 013,15.0,1,247,37.05,1516
E02004586,3.0,9.0,30.07,49.62,1.79,0.87,95.26,2.07,LargeCentralMetro,1,0,0,0,0,0,East of England,10,Tendring 014,30.1,1,276,83.076,1854
E02006922,5.0,8.0,40.3,49.94,4.38,3.25,88.63,3.74,LargeCentralMetro,1,0,0,0,0,0,East of England,10,Colchester 022,31.3,1,201,62.913,899
E02004537,5.0,3.0,15.75,49.1,4.14,3.91,85.36,6.59,LargeCentralMetro,1,0,0,0,0,0,East of England,10,Epping Forest 011,59.15,2,362,214.111,2289
E02004438,3.0,7.0,37.5,47.71,5.86,9.18,79.7,5.26,LargeCentralMetro,1,0,0,0,0,0,East of England,8,Basildon 015,39.5,1,152,60.040000000000006,765
E02004474,8.0,4.0,31.73,47.87,2.31,1.72,93.43,2.54,LargeCentralMetro,1,0,0,0,0,0,East of England,,Castle Point 002,17.3,1,104,17.992,587
E02004570,7.0,4.0,12.8,48.96,1.65,0.87,95.04,2.44,LargeCentralMetro,1,0,0,0,0,0,East of England,9,Rochford 008,41.2,1,289,119.06800000000001,1787
E02004596,7.0,3.0,37.18,50.42,2.56,1.31,92.19,3.94,Micropolitan,0,0,0,0,1,0,East of England,10,Uttlesford 006,34.6,1,78,26.988000000000003,472
E02004507,6.0,6.0,11.44,48.92,6.27,3.67,85.05,5.02,LargeCentralMetro,1,0,0,0,0,0,East of England,10,Colchester 002,58.2,1,306,178.092,1574
E02004498,5.0,6.0,17.27,45.62,4.79,2.59,88.97,3.65,LargeCentralMetro,1,0,0,0,0,0,East of England,9,Chelmsford 014,55.8,1,249,138.94199999999998,1528
E02006980,10.0,2.0,14.13,48.36,1.16,0.48,96.3,2.06,LargeCentralMetro,1,0,0,0,0,0,East of England,10,Rochford 011,55.8,1,269,150.10199999999998,1613
E02004574,3.0,7.0,36.74,50.14,1.22,0.36,96.48,1.95,LargeCentralMetro,1,0,0,0,0,0,East of England,,Tendring 002,27.9,1,215,59.98499999999999,1091
E02004448,6.0,5.0,18.23,49.35,0.86,0.49,97.01,1.65,SmallMetro,0,0,0,1,0,0,East of England,10,Braintree 003,27.1,1,192,52.032000000000004,1155
E02004459,6.0,5.0,20.86,48.72,0.63,0.28,97.14,1.95,MediumMetro,0,0,1,0,0,0,East of England,10,Braintree 014,47.5,1,139,66.02499999999999,821
E02004495,7.0,3.0,34.44,47.03,2.48,0.88,94.1,2.54,Micropolitan,0,0,0,0,1,0,East of England,10,Chelmsford 011,37.8,1,90,34.019999999999996,640
E02004439,3.0,7.0,41.58,50.92,5.25,7.31,82.52,4.92,LargeCentralMetro,1,0,0,0,0,0,East of England,8,Basildon 016,26.2,1,202,52.924,1037
E02004593,9.0,2.0,15.08,43.29,1.04,0.45,96.21,2.31,Micropolitan,0,0,0,0,1,0,East of England,9,Uttlesford 003,47.5,1,179,85.02499999999999,968
E02004564,8.0,5.0,27.54,51.26,1.21,0.57,96.53,1.69,LargeCentralMetro,1,0,0,0,0,0,East of England,9,Rochford 002,22.5,1,236,53.1,1354
E02004534,4.0,3.0,29.55,47.55,3.46,6.22,81.91,8.41,LargeCentralMetro,1,0,0,0,0,0,East of England,10,Epping Forest 008,31.8,1,132,41.976,797
E02004478,6.0,7.0,16.67,49.57,2.11,1.14,94.4,2.36,LargeCentralMetro,1,0,0,0,0,0,East of England,10,Castle Point 006,50.3,1,324,162.972,2108
E02004462,6.0,6.0,24.1,51.25,2.94,2.79,90.74,3.53,LargeCentralMetro,1,0,0,0,0,0,East of England,9,Braintree 017,42.2,1,166,70.052,841
E02004575,7.0,5.0,12.64,52.13,0.51,0.31,97.35,1.83,MediumMetro,0,0,1,0,0,0,East of England,10,Tendring 003,52.7,1,182,95.914,917
E02004424,9.0,1.0,8.18,47.16,3.08,0.7,93.39,2.83,LargeCentralMetro,1,0,0,0,0,0,East of England,10,Basildon 001,46.5,1,269,125.08500000000001,1620
E02004496,9.0,3.0,16.6,48.92,7.05,1.73,87.42,3.8,LargeCentralMetro,1,0,0,0,0,0,East of England,10,Chelmsford 012,66.4,1,259,171.976,1670
E02004460,5.0,6.0,30.11,46.68,1.74,1.28,93.54,3.44,LargeCentralMetro,1,0,0,0,0,0,East of England,10,Braintree 015,35.2,1,176,61.952000000000005,1204
E02004458,7.0,3.0,16.74,53.23,1.48,0.95,95.49,2.08,LargeCentralMetro,1,0,0,0,0,0,East of England,9,Braintree 013,37.6,1,221,83.096,1255
E02004530,7.0,3.0,22.32,50.1,1.26,0.69,94.85,3.2,MediumMetro,0,0,1,0,0,0,East of England,,Epping Forest 004,25.9,1,112,29.008000000000003,511
E02004562,6.0,4.0,16.37,46.8,1.1,0.36,96.78,1.76,Noncore,0,0,0,0,0,1,East of England,9,Maldon 008,29.2,1,171,49.931999999999995,1077
E02004551,4.0,6.0,28.63,49.54,3.26,4.66,86.99,5.09,LargeCentralMetro,1,0,0,0,0,0,East of England,9,Harlow 008,21.4,1,234,50.076,1205
E02004558,4.0,7.0,22.49,48.99,1.97,0.3,95.31,2.42,LargeCentralMetro,1,0,0,0,0,0,East of England,9,Maldon 004,37.0,1,289,106.92999999999999,1786
E02004451,7.0,6.0,25.33,47.85,0.92,0.26,97.17,1.65,LargeCentralMetro,1,0,0,0,0,0,East of England,10,Braintree 006,29.3,1,150,43.949999999999996,744
E02004591,9.0,2.0,10.89,51.68,1.89,0.45,95.3,2.36,LargeFringeMetro,0,1,0,0,0,0,East of England,10,Uttlesford 001,66.3,1,303,200.88899999999998,2119
E02004514,8.0,5.0,15.0,46.13,6.6,2.08,87.29,4.03,LargeCentralMetro,1,0,0,0,0,0,East of England,9,Colchester 009,61.7,1,180,111.06,891
E02004512,4.0,8.0,25.0,49.54,7.82,3.67,81.96,6.55,LargeCentralMetro,1,0,0,0,0,0,East of England,7,Colchester 007,36.3,1,204,74.05199999999999,987
E02004490,3.0,7.0,16.4,49.67,9.26,5.64,80.45,4.65,LargeCentralMetro,1,0,0,0,0,0,East of England,8,Chelmsford 006,50.8,1,189,96.012,1210
E02004549,4.0,6.0,18.24,49.17,4.78,4.8,85.61,4.8,LargeCentralMetro,1,0,0,0,0,0,East of England,9,Harlow 006,38.8,1,170,65.96,1082
E02004468,10.0,1.0,13.84,46.92,6.85,1.22,87.59,4.34,LargeCentralMetro,1,0,0,0,0,0,East of England,10,Brentwood 005,42.94,2,484,207.85299999999998,3235
E02004497,9.0,4.0,12.5,49.72,3.89,1.3,92.49,2.31,LargeCentralMetro,1,0,0,0,0,0,East of England,10,Chelmsford 013,42.3,1,208,87.984,1231
E02004517,7.0,7.0,15.81,49.24,4.03,2.6,90.61,2.76,LargeCentralMetro,1,0,0,0,0,0,East of England,10,Colchester 012,54.4,1,272,147.96800000000002,1383
E02004553,3.0,6.0,27.62,47.72,4.08,7.5,82.8,5.62,LargeCentralMetro,1,0,0,0,0,0,East of England,10,Harlow 010,31.0,1,210,65.1,989
E02004568,7.0,4.0,17.41,51.55,1.64,0.79,95.04,2.53,LargeCentralMetro,1,0,0,0,0,0,East of England,10,Rochford 006,46.6,1,247,115.102,1422
E02004453,4.0,6.0,32.21,44.76,2.12,1.75,93.11,3.02,LargeCentralMetro,1,0,0,0,0,0,East of England,9,Braintree 008,31.5,1,149,46.935,963
E02004580,5.0,5.0,28.62,51.93,0.92,0.42,97.13,1.53,LargeFringeMetro,0,1,0,0,0,0,East of England,9,Tendring 008,30.6,1,297,90.882,1554
E02004523,4.0,8.0,26.95,47.67,3.54,4.73,87.74,3.99,LargeCentralMetro,1,0,0,0,0,0,East of England,9,Colchester 018,41.9,1,167,69.973,921
E02004525,6.0,4.0,15.12,50.92,0.86,0.57,96.84,1.73,MediumMetro,0,0,1,0,0,0,East of England,10,Colchester 020,42.0,1,205,86.1,1031
E02004542,9.0,2.0,20.16,50.06,26.28,2.7,62.59,8.43,LargeCentralMetro,1,0,0,0,0,0,East of England,4,Epping Forest 016,50.8,1,248,125.98400000000001,1564
E02004503,8.0,1.0,19.44,49.4,1.17,1.17,95.68,1.97,LargeCentralMetro,1,0,0,0,0,0,East of England,10,Chelmsford 019,38.9,1,216,84.024,1247
E02004443,5.0,5.0,36.99,46.51,13.35,6.8,75.2,4.66,LargeCentralMetro,1,0,0,0,0,0,East of England,8,Basildon 020,32.9,1,292,96.06799999999998,1492
E02003286,10.0,3.0,14.08,50.75,1.61,0.51,95.22,2.66,LargeCentralMetro,1,0,0,0,0,0,East of England,3,Southend-on-Sea 008,44.7,1,284,126.94800000000001,1606
E02003282,6.0,6.0,39.37,49.05,10.82,3.17,81.78,4.23,LargeCentralMetro,1,0,0,0,0,0,East of England,1,Southend-on-Sea 004,31.7,1,221,70.057,1321
E02003279,8.0,4.0,18.47,48.47,2.83,1.24,93.67,2.26,LargeCentralMetro,1,0,0,0,0,0,East of England,3,Southend-on-Sea 001,54.5,1,222,120.99000000000001,1143
E02003293,3.0,9.0,14.97,99.12,7.11,5.35,81.43,6.11,LargeCentralMetro,1,0,0,0,0,0,East of England,10,Southend-on-Sea 015,59.3,1,167,99.03099999999999,1021
E02003283,6.0,6.0,15.08,7.38,5.28,1.41,89.94,3.37,LargeCentralMetro,1,0,0,0,0,0,East of England,3,Southend-on-Sea 005,63.7,1,179,114.023,1206
E02003295,5.0,5.0,33.89,47.97,4.02,2.51,90.06,3.4,LargeCentralMetro,1,0,0,0,0,0,East of England,7,Southend-on-Sea 017,33.6,1,301,101.13600000000001,1747
E02003307,3.0,6.0,38.58,50.34,4.11,10.35,81.2,4.34,LargeCentralMetro,1,0,0,0,0,0,East of England,2,Thurrock 012,48.2,1,197,94.95400000000001,1033
E02003311,4.0,3.0,16.06,100.0,14.12,11.74,67.44,6.7,LargeCentralMetro,1,0,0,0,0,0,East of England,3,Thurrock 016,61.3,1,137,83.981,654
E02006859,8.0,1.0,10.11,50.25,14.78,20.21,57.82,7.18,LargeCentralMetro,1,0,0,0,0,0,East of England,6,Thurrock 019,68.1,1,188,128.028,1379
E02007005,5.0,1.0,26.47,43.69,10.49,21.12,62.18,6.21,LargeCentralMetro,1,0,0,0,0,0,East of England,,Thurrock 022,45.3,1,170,77.00999999999999,1117
E02003309,7.0,3.0,29.41,39.14,9.89,8.32,76.95,4.85,LargeCentralMetro,1,0,0,0,0,0,East of England,2,Thurrock 014,37.0,1,119,44.03,608
E02003303,5.0,3.0,39.37,43.5,5.92,10.96,78.71,4.41,MediumMetro,0,0,1,0,0,0,East of England,9,Thurrock 008,28.3,1,127,35.941,669
E02003300,7.0,4.0,19.92,48.89,3.19,4.5,89.25,3.06,LargeCentralMetro,1,0,0,0,0,0,East of England,10,Thurrock 005,41.4,1,256,105.984,1438
E02003304,5.0,5.0,16.31,44.07,8.41,6.63,80.88,4.07,LargeCentralMetro,1,0,0,0,0,0,East of England,10,Thurrock 009,34.8,1,233,81.08399999999999,1105
E02002915,7.0,8.0,33.71,45.43,2.65,0.91,94.31,2.13,LargeFringeMetro,0,1,0,0,0,0,West Midlands,2,Herefordshire 011,29.2,1,89,25.988,449
E02002918,8.0,6.0,11.82,51.97,1.98,0.29,96.02,1.71,LargeFringeMetro,0,1,0,0,0,0,West Midlands,5,Herefordshire 014,46.8,1,203,95.00399999999999,1091
E02002907,4.0,7.0,23.81,45.4,1.07,0.18,96.94,1.81,LargeFringeMetro,0,1,0,0,0,0,West Midlands,6,Herefordshire 003,31.0,1,84,26.04,522
E02002924,5.0,3.0,17.6,48.86,0.4,0.1,98.23,1.27,Noncore,0,0,0,0,0,1,West Midlands,9,Herefordshire 020,51.2,1,125,64.0,612
E02002919,4.0,9.0,41.57,45.31,2.08,0.72,94.84,2.37,LargeFringeMetro,0,1,0,0,0,0,West Midlands,7,Herefordshire 015,25.8,1,89,22.962,618
E02002926,5.0,7.0,14.93,49.61,0.77,0.22,97.35,1.66,LargeFringeMetro,0,1,0,0,0,0,West Midlands,5,Herefordshire 022,48.4,1,221,106.964,1292
E02002923,4.0,7.0,21.48,50.65,0.83,0.22,97.33,1.62,SmallMetro,0,0,0,1,0,0,West Midlands,5,Herefordshire 019,38.9,1,149,57.961,841
E02002925,6.0,5.0,26.15,48.24,0.61,0.28,97.82,1.3,SmallMetro,0,0,0,1,0,0,West Midlands,9,Herefordshire 021,41.5,1,130,53.949999999999996,595
E02002910,6.0,5.0,19.61,56.92,0.85,0.14,97.87,1.13,SmallMetro,0,0,0,1,0,0,West Midlands,5,Herefordshire 006,49.0,1,51,24.99,253
E02002909,6.0,6.0,30.99,51.16,0.73,0.15,97.86,1.26,MediumMetro,0,0,1,0,0,0,West Midlands,6,Herefordshire 005,40.8,1,71,28.967999999999996,432
E02002912,7.0,5.0,13.42,50.47,0.87,0.21,97.64,1.28,Noncore,0,0,0,0,0,1,West Midlands,9,Herefordshire 008,59.7,1,149,88.953,749
E02002911,6.0,6.0,14.71,46.5,0.67,0.27,97.76,1.3,SmallMetro,0,0,0,1,0,0,West Midlands,9,Herefordshire 007,45.1,1,102,46.002,529
E02002914,6.0,7.0,12.09,50.11,0.65,0.28,97.59,1.48,LargeFringeMetro,0,1,0,0,0,0,West Midlands,3,Herefordshire 010,41.8,1,182,76.076,940
E02002905,6.0,4.0,12.5,47.95,0.5,0.08,98.4,1.02,Noncore,0,0,0,0,0,1,West Midlands,10,Herefordshire 001,39.8,1,88,35.023999999999994,463
E02006727,7.0,7.0,31.7,48.48,7.24,1.3,89.29,2.17,LargeCentralMetro,1,0,0,0,0,0,West Midlands,10,Redditch 007,31.3,1,224,70.112,856
E02006772,6.0,9.0,36.28,48.91,1.11,0.37,96.59,1.93,LargeCentralMetro,1,0,0,0,0,0,West Midlands,,Wyre Forest 006,24.8,1,113,28.024,779
E02006771,7.0,7.0,15.92,50.73,0.77,0.13,97.84,1.26,Noncore,0,0,0,0,0,1,West Midlands,10,Wyre Forest 005,40.8,1,157,64.056,964
E02006737,6.0,7.0,29.26,49.34,4.18,1.05,92.28,2.48,LargeCentralMetro,1,0,0,0,0,0,West Midlands,4,Worcester 004,38.41,2,393,150.951,2258
E02006746,6.0,6.0,18.09,50.06,6.26,0.68,89.46,3.6,LargeCentralMetro,1,0,0,0,0,0,West Midlands,5,Worcester 013,53.02,2,492,260.85699999999997,2529
E02006711,8.0,4.0,16.2,49.32,0.75,0.18,97.47,1.61,Micropolitan,0,0,0,0,1,0,West Midlands,10,Malvern Hills 002,43.6,1,179,78.044,886
E02006718,5.0,8.0,14.35,50.32,1.97,0.69,95.91,1.44,LargeCentralMetro,1,0,0,0,0,0,West Midlands,8,Malvern Hills 009,51.5,1,237,122.055,1407
E02006745,8.0,6.0,22.66,53.2,1.95,0.63,95.04,2.38,LargeCentralMetro,1,0,0,0,0,0,West Midlands,10,Worcester 012,41.8,1,256,107.008,1596
E02006751,6.0,8.0,22.54,52.15,1.21,0.6,96.78,1.41,LargeCentralMetro,1,0,0,0,0,0,West Midlands,8,Wychavon 004,39.1,1,284,111.04400000000001,1300
E02006715,7.0,6.0,32.54,49.76,1.52,0.36,96.01,2.12,LargeCentralMetro,1,0,0,0,0,0,West Midlands,7,Malvern Hills 006,37.3,1,126,46.998,615
E02006696,10.0,4.0,12.4,47.08,6.19,0.53,89.44,3.84,LargeCentralMetro,1,0,0,0,0,0,West Midlands,10,Bromsgrove 001,61.47,2,371,228.072,2330
E02006714,6.0,5.0,15.29,51.64,1.23,0.22,97.15,1.4,Micropolitan,0,0,0,0,1,0,West Midlands,10,Malvern Hills 005,47.6,1,170,80.92,1100
E02006773,5.0,9.0,25.14,48.14,1.97,0.61,95.14,2.29,LargeCentralMetro,1,0,0,0,0,0,West Midlands,10,Wyre Forest 007,35.5,1,183,64.965,1128
E02006759,4.0,7.0,20.77,50.67,0.9,0.19,97.63,1.27,Micropolitan,0,0,0,0,1,0,West Midlands,10,Wychavon 012,35.3,1,207,73.071,1125
E02006762,5.0,6.0,13.1,51.01,0.98,0.31,96.71,1.99,LargeCentralMetro,1,0,0,0,0,0,West Midlands,8,Wychavon 015,41.5,1,313,129.89499999999998,1282
E02006733,8.0,4.0,15.72,48.76,1.87,0.56,94.9,2.68,LargeCentralMetro,1,0,0,0,0,0,West Midlands,8,Redditch 013,46.3,1,229,106.02699999999999,966
E02006707,10.0,4.0,16.82,48.63,3.51,0.5,93.08,2.92,LargeCentralMetro,1,0,0,0,0,0,West Midlands,8,Bromsgrove 012,45.6,1,327,149.112,1355
E02006778,6.0,8.0,26.04,45.36,0.85,0.11,97.92,1.11,LargeCentralMetro,1,0,0,0,0,0,West Midlands,10,Wyre Forest 012,34.3,1,169,57.967,1100
E02006710,6.0,4.0,18.07,47.14,0.2,0.25,98.37,1.18,Noncore,0,0,0,0,0,1,West Midlands,10,Malvern Hills 001,33.7,1,83,27.971,454
E02006724,2.0,8.0,28.4,45.42,23.97,3.04,68.07,4.92,LargeCentralMetro,1,0,0,0,0,0,West Midlands,8,Redditch 004,26.7,1,243,64.881,949
E02006729,6.0,8.0,35.16,46.63,2.79,1.01,92.73,3.47,LargeCentralMetro,1,0,0,0,0,0,West Midlands,10,Redditch 009,23.1,1,91,21.021,401
E02006698,7.0,8.0,26.55,47.77,1.48,1.09,94.81,2.62,LargeCentralMetro,1,0,0,0,0,0,West Midlands,8,Bromsgrove 003,39.8,1,113,44.974,741
E02006767,7.0,6.0,22.81,51.77,3.59,0.3,94.32,1.79,LargeFringeMetro,0,1,0,0,0,0,West Midlands,10,Wyre Forest 001,33.3,1,171,56.94299999999999,960
E02006699,8.0,6.0,17.03,47.6,2.64,0.85,92.26,4.26,LargeCentralMetro,1,0,0,0,0,0,West Midlands,8,Bromsgrove 004,51.1,1,182,93.002,1019
E02005022,3.0,5.0,52.38,48.55,7.81,5.37,79.22,7.6,LargeFringeMetro,0,1,0,0,0,0,South East,10,Canterbury 013,21.4,1,126,26.964,791
E02005051,2.0,9.0,46.59,52.01,2.05,0.73,94.43,2.79,LargeFringeMetro,0,1,0,0,0,0,South East,10,Dover 011,20.48,2,249,50.999,1417
E02005168,10.0,4.0,11.49,48.36,4.54,0.99,90.14,4.33,LargeFringeMetro,0,1,0,0,0,0,South East,10,Tunbridge Wells 007,57.8,1,296,171.088,1892
E02005109,9.0,5.0,30.22,50.07,0.97,0.22,96.91,1.9,LargeCentralMetro,1,0,0,0,0,0,South East,10,Folkestone and Hythe 008,24.0,1,225,54.0,1358
E02006856,6.0,5.0,35.34,50.66,6.87,3.38,82.22,7.53,LargeFringeMetro,0,1,0,0,0,0,South East,8,Canterbury 020,33.6,1,232,77.952,1984
E02005142,3.0,8.0,42.21,50.31,3.7,0.3,93.2,2.81,LargeFringeMetro,0,1,0,0,0,0,South East,,Thanet 011,28.6,1,199,56.91400000000001,1113
E02005083,6.0,5.0,32.96,44.58,1.61,1.26,95.01,2.13,LargeCentralMetro,1,0,0,0,0,0,South East,10,Maidstone 016,35.8,1,179,64.082,1328
E02005030,6.0,4.0,24.14,98.95,15.73,13.3,64.63,6.34,LargeCentralMetro,1,0,0,0,0,0,South East,3,Dartford 003,54.5,1,145,79.025,855
E02005052,3.0,9.0,11.25,43.14,9.35,2.47,82.81,5.38,Noncore,0,0,0,0,0,1,South East,10,Dover 012,61.3,1,80,49.04,452
E02005031,4.0,4.0,37.5,47.7,4.89,9.2,81.49,4.41,LargeCentralMetro,1,0,0,0,0,0,South East,10,Dartford 004,31.6,1,136,42.976,826
E02005127,8.0,5.0,25.98,54.19,1.72,1.97,94.52,1.79,LargeCentralMetro,1,0,0,0,0,0,South East,8,Swale 013,19.6,1,204,39.984,1325
E02005156,6.0,7.0,21.74,40.66,1.48,0.47,96.13,1.91,Micropolitan,0,0,0,0,1,0,South East,,Tonbridge and Malling 008,30.4,1,69,20.976,391
E02005136,6.0,8.0,64.23,48.39,1.64,0.52,95.15,2.69,LargeFringeMetro,0,1,0,0,0,0,South East,9,Thanet 005,19.7,1,137,26.988999999999997,837
E02005012,4.0,8.0,30.83,48.41,1.96,0.35,95.57,2.12,LargeFringeMetro,0,1,0,0,0,0,South East,10,Canterbury 003,22.2,1,266,59.052,1545
E02005160,7.0,6.0,16.44,95.27,6.46,0.96,88.42,4.16,LargeCentralMetro,1,0,0,0,0,0,South East,10,Tonbridge and Malling 012,51.6,1,225,116.10000000000001,1544
E02005008,6.0,4.0,28.93,52.12,1.05,0.35,96.81,1.79,MediumMetro,0,0,1,0,0,0,South East,10,Ashford 013,27.0,1,363,98.01,1863
E02005139,5.0,8.0,29.79,47.1,1.35,0.39,96.2,2.05,LargeFringeMetro,0,1,0,0,0,0,South East,10,Thanet 008,22.0,1,141,31.02,794
E02005097,10.0,2.0,15.81,53.05,4.93,0.84,89.61,4.62,LargeCentralMetro,1,0,0,0,0,0,South East,9,Sevenoaks 011,44.4,1,234,103.896,1410
E02005161,7.0,6.0,31.51,12.17,6.44,0.8,89.1,3.65,LargeCentralMetro,1,0,0,0,0,0,South East,8,Tonbridge and Malling 013,30.1,1,73,21.973,715
E02005028,6.0,4.0,23.58,23.8,15.26,19.75,58.42,6.57,LargeCentralMetro,1,0,0,0,0,0,South East,8,Dartford 001,43.4,1,106,46.004,689
E02005078,5.0,7.0,30.82,50.85,1.25,0.69,96.49,1.58,MediumMetro,0,0,1,0,0,0,South East,,Maidstone 011,15.8,1,146,23.068,826
E02005040,8.0,6.0,30.26,46.63,4.42,1.2,91.65,2.72,LargeCentralMetro,1,0,0,0,0,0,South East,10,Dartford 013,26.3,1,152,39.976,980
E02006833,7.0,5.0,25.93,44.84,1.86,0.69,94.71,2.73,LargeCentralMetro,1,0,0,0,0,0,South East,10,Tonbridge and Malling 014,26.5,1,162,42.93,1046
E02005073,6.0,6.0,23.71,51.37,6.19,3.7,84.69,5.42,LargeCentralMetro,1,0,0,0,0,0,South East,8,Maidstone 006,28.4,1,194,55.096,1421
E02005113,6.0,8.0,36.47,48.28,0.99,0.33,97.67,1.01,MediumMetro,0,0,1,0,0,0,South East,7,Folkestone and Hythe 012,25.3,1,170,43.01,1017
E02005162,6.0,7.0,23.08,47.5,1.61,0.59,95.49,2.31,MediumMetro,0,0,1,0,0,0,South East,10,Tunbridge Wells 001,34.9,1,195,68.05499999999999,1238
E02005066,9.0,1.0,22.36,43.68,2.64,0.92,94.35,2.09,Micropolitan,0,0,0,0,1,0,South East,10,Gravesham 012,44.1,1,161,71.001,957
E02005079,8.0,5.0,44.74,49.94,3.47,1.4,92.23,2.9,LargeCentralMetro,1,0,0,0,0,0,South East,10,Maidstone 012,17.5,1,114,19.95,819
E02005060,5.0,5.0,33.33,56.82,12.0,7.18,75.39,5.43,LargeCentralMetro,1,0,0,0,0,0,South East,10,Gravesham 006,33.08,2,345,114.12899999999999,2265
E02005088,4.0,7.0,39.77,47.71,3.73,6.34,86.18,3.74,LargeCentralMetro,1,0,0,0,0,0,South East,7,Sevenoaks 002,33.0,1,88,29.040000000000003,545
E02005020,4.0,6.0,41.79,51.57,4.1,1.4,91.02,3.48,LargeFringeMetro,0,1,0,0,0,0,South East,9,Canterbury 011,21.6,1,134,28.944000000000003,667
E02005025,7.0,4.0,27.59,52.48,7.65,3.94,80.87,7.54,LargeFringeMetro,0,1,0,0,0,0,South East,10,Canterbury 016,21.3,1,174,37.062,1107
E02005075,6.0,6.0,22.84,46.95,10.7,3.35,80.88,5.06,LargeCentralMetro,1,0,0,0,0,0,South East,9,Maidstone 008,34.25,2,324,110.97399999999999,1887
E02005163,8.0,6.0,15.71,40.19,3.51,0.95,91.63,3.91,LargeFringeMetro,0,1,0,0,0,0,South East,10,Tunbridge Wells 002,42.4,1,210,89.03999999999999,1177
E02005057,5.0,3.0,27.51,49.7,16.74,10.8,65.47,6.99,LargeCentralMetro,1,0,0,0,0,0,South East,9,Gravesham 003,31.2,1,189,58.967999999999996,1322
E02005042,5.0,6.0,29.91,47.85,1.2,0.44,96.55,1.82,LargeFringeMetro,0,1,0,0,0,0,South East,10,Dover 002,22.2,1,234,51.948,1235
E02005035,7.0,4.0,24.07,41.2,11.99,10.1,72.74,5.17,LargeCentralMetro,1,0,0,0,0,0,South East,4,Dartford 008,35.2,1,216,76.03200000000001,1335
E02005125,4.0,5.0,34.69,49.4,0.99,4.28,92.04,2.68,LargeCentralMetro,1,0,0,0,0,0,South East,6,Swale 011,23.6,1,271,63.956,1587
E02005166,4.0,8.0,32.39,44.54,6.84,1.59,87.72,3.85,LargeFringeMetro,0,1,0,0,0,0,South East,10,Tunbridge Wells 005,25.0,1,176,44.0,1035
E02005062,6.0,3.0,39.75,47.54,8.18,5.48,81.77,4.58,LargeCentralMetro,1,0,0,0,0,0,South East,10,Gravesham 008,22.4,1,161,36.06399999999999,955
E02004998,8.0,6.0,27.44,53.82,5.01,2.53,89.84,2.62,LargeCentralMetro,1,0,0,0,0,0,South East,10,Ashford 003,29.3,1,266,77.938,1559
E02005098,10.0,3.0,18.86,46.55,4.16,1.01,90.03,4.8,LargeCentralMetro,1,0,0,0,0,0,South East,,Sevenoaks 012,45.1,1,175,78.925,1145
E02005138,4.0,9.0,36.73,52.93,1.35,0.52,95.19,2.94,LargeFringeMetro,0,1,0,0,0,0,South East,10,Thanet 007,20.4,1,147,29.988,937
E02005072,9.0,3.0,25.48,56.3,5.75,1.03,89.79,3.43,LargeCentralMetro,1,0,0,0,0,0,South East,10,Maidstone 005,24.7,1,263,64.961,1595
E02005126,6.0,5.0,26.84,47.82,2.01,1.95,93.54,2.5,LargeCentralMetro,1,0,0,0,0,0,South East,8,Swale 012,35.5,1,313,111.115,1746
E02005038,8.0,5.0,21.05,39.17,3.51,3.0,90.04,3.45,LargeCentralMetro,1,0,0,0,0,0,South East,10,Dartford 011,45.2,1,228,103.056,1381
E02005154,8.0,4.0,17.57,46.52,2.45,0.73,93.88,2.94,Micropolitan,0,0,0,0,1,0,South East,10,Tonbridge and Malling 006,25.7,1,148,38.036,1019
E02004996,7.0,4.0,23.4,47.3,2.85,1.88,92.41,2.86,MediumMetro,0,0,1,0,0,0,South East,,Ashford 001,40.4,1,94,37.976,575
E02003325,2.0,8.0,33.19,47.32,12.72,9.76,70.14,7.39,LargeCentralMetro,1,0,0,0,0,0,South East,2,Medway 012,24.7,1,235,58.045,1382
E02003342,6.0,4.0,16.82,52.26,3.6,1.64,92.26,2.51,LargeCentralMetro,1,0,0,0,0,0,South East,8,Medway 029,31.25,2,541,169.04500000000002,3159
E02003332,6.0,7.0,47.03,47.77,6.94,5.57,83.54,3.95,LargeCentralMetro,1,0,0,0,0,0,South East,4,Medway 019,16.2,1,185,29.970000000000002,1011
E02003334,4.0,6.0,30.17,46.52,14.99,7.15,71.34,6.52,LargeCentralMetro,1,0,0,0,0,0,South East,2,Medway 021,32.4,1,179,57.996,1105
E02003321,3.0,7.0,35.11,51.34,4.24,5.19,86.41,4.16,LargeCentralMetro,1,0,0,0,0,0,South East,6,Medway 008,23.1,1,225,51.975,1305
E02003339,7.0,6.0,31.34,49.34,13.78,4.77,76.82,4.63,LargeCentralMetro,1,0,0,0,0,0,South East,10,Medway 026,25.8,1,217,55.986000000000004,1212
E02003335,2.0,7.0,38.81,52.91,5.8,12.65,75.15,6.4,LargeCentralMetro,1,0,0,0,0,0,South East,3,Medway 022,22.4,1,219,49.056,1221
E02005301,5.0,9.0,20.75,50.32,1.31,0.52,96.77,1.4,LargeCentralMetro,1,0,0,0,0,0,North West,10,South Ribble 015,42.5,1,106,45.05,618
E02005215,3.0,9.0,41.94,53.27,10.4,0.18,87.48,1.95,LargeCentralMetro,1,0,0,0,0,0,North West,8,Hyndburn 004,38.7,1,186,71.982,993
E02005213,5.0,8.0,12.0,53.29,3.89,0.34,94.23,1.54,LargeCentralMetro,1,0,0,0,0,0,North West,8,Hyndburn 002,59.5,1,200,119.0,1293
E02005198,5.0,9.0,20.0,47.97,2.02,0.38,95.54,2.06,LargeCentralMetro,1,0,0,0,0,0,North West,9,Chorley 010,52.57,2,335,176.11200000000002,1699
E02005278,8.0,5.0,24.64,50.89,2.78,0.3,95.22,1.7,LargeCentralMetro,1,0,0,0,0,0,North West,10,Rossendale 001,25.4,1,138,35.052,902
E02005289,10.0,5.0,10.75,46.37,3.89,0.7,93.45,1.96,LargeCentralMetro,1,0,0,0,0,0,North West,10,South Ribble 003,57.5,1,186,106.94999999999999,910
E02005258,6.0,7.0,19.94,50.12,34.55,1.34,59.84,4.27,LargeCentralMetro,1,0,0,0,0,0,North West,9,Preston 006,53.34,2,311,165.89100000000002,1644
E02005265,5.0,9.0,41.01,45.16,4.17,1.48,90.55,3.8,LargeCentralMetro,1,0,0,0,0,0,North West,9,Preston 013,38.2,1,178,67.996,868
E02005332,8.0,7.0,25.6,51.81,1.75,0.29,96.55,1.41,LargeCentralMetro,1,0,0,0,0,0,North West,6,Wyre 014,41.1,1,168,69.048,747
E02005302,8.0,7.0,13.83,48.66,1.89,0.27,95.66,2.18,LargeCentralMetro,1,0,0,0,0,0,North West,9,South Ribble 016,57.4,1,188,107.91199999999999,933
E02005195,8.0,6.0,10.94,50.05,1.69,0.89,95.51,1.92,Micropolitan,0,0,0,0,1,0,North West,10,Chorley 007,71.9,1,192,138.048,963
E02005270,9.0,3.0,6.48,52.03,1.03,0.5,97.34,1.13,Micropolitan,0,0,0,0,1,0,North West,10,Ribble Valley 001,42.6,1,108,46.007999999999996,615
E02005254,9.0,6.0,8.24,48.81,9.53,1.02,86.47,2.98,LargeCentralMetro,1,0,0,0,0,0,North West,10,Preston 002,75.8,1,182,137.956,926
E02005294,5.0,8.0,23.45,50.26,2.17,0.82,94.61,2.4,LargeCentralMetro,1,0,0,0,0,0,North West,10,South Ribble 008,40.7,1,145,59.015,760
E02005180,8.0,8.0,36.0,52.39,1.82,0.2,96.82,1.16,LargeCentralMetro,1,0,0,0,0,0,North West,,Burnley 005,29.6,1,125,37.00000000000001,607
E02005323,4.0,9.0,42.41,50.06,0.81,0.21,97.63,1.35,LargeCentralMetro,1,0,0,0,0,0,North West,10,Wyre 005,31.63,2,316,99.945,1788
E02005246,3.0,9.0,30.84,48.66,6.97,0.17,90.84,2.03,LargeCentralMetro,1,0,0,0,0,0,North West,10,Pendle 007,33.62,2,321,107.922,1679
E02005268,2.0,7.0,23.39,0.0,43.14,2.49,47.57,6.8,LargeCentralMetro,1,0,0,0,0,0,North West,,Preston 016,67.7,1,124,83.94800000000001,617
E02005255,8.0,6.0,43.88,50.64,19.86,1.79,74.93,3.42,LargeCentralMetro,1,0,0,0,0,0,North West,10,Preston 003,31.7,1,139,44.063,936
E02005324,7.0,5.0,16.13,49.94,1.21,0.52,97.06,1.21,Micropolitan,0,0,0,0,1,0,North West,10,Wyre 006,45.2,1,155,70.06,801
E02005285,8.0,6.0,20.38,52.32,2.16,0.16,96.22,1.46,LargeCentralMetro,1,0,0,0,0,0,North West,10,Rossendale 008,41.9,1,265,111.035,1552
E02005331,7.0,8.0,21.36,46.96,1.41,0.24,96.84,1.52,LargeCentralMetro,1,0,0,0,0,0,North West,10,Wyre 013,50.0,1,220,110.0,1120
E02005296,10.0,5.0,12.41,4.62,1.29,0.41,96.42,1.88,LargeCentralMetro,1,0,0,0,0,0,North West,10,South Ribble 010,51.7,1,145,74.965,823
E02005312,6.0,8.0,48.57,48.68,1.36,0.51,96.36,1.77,LargeCentralMetro,1,0,0,0,0,0,North West,7,West Lancashire 009,31.4,1,140,43.96,793
E02005295,7.0,8.0,12.66,47.35,1.79,0.21,95.96,2.03,LargeCentralMetro,1,0,0,0,0,0,North West,10,South Ribble 009,46.2,1,158,72.99600000000001,773
E02005330,8.0,7.0,19.51,47.08,0.63,0.2,98.26,0.91,LargeCentralMetro,1,0,0,0,0,0,North West,10,Wyre 012,45.1,1,164,73.964,873
E02005263,2.0,6.0,50.0,42.95,46.03,4.34,44.03,5.59,LargeCentralMetro,1,0,0,0,0,0,North West,9,Preston 011,30.6,1,108,33.048,603
E02005217,2.0,8.0,26.28,49.18,55.81,0.31,40.29,3.58,LargeCentralMetro,1,0,0,0,0,0,North West,9,Hyndburn 006,38.5,1,156,60.06,795
E02005231,3.0,8.0,38.71,49.05,2.36,0.87,94.52,2.26,LargeFringeMetro,0,1,0,0,0,0,North West,7,Lancaster 011,34.8,1,155,53.94,999
E02005260,7.0,7.0,17.22,52.33,7.78,1.0,87.89,3.32,LargeCentralMetro,1,0,0,0,0,0,North West,9,Preston 008,42.8,1,180,77.03999999999999,902
E02005196,7.0,8.0,29.67,49.91,2.28,1.09,94.09,2.55,LargeCentralMetro,1,0,0,0,0,0,North West,9,Chorley 008,34.9,1,209,72.94099999999999,1106
E02005249,1.0,7.0,29.76,46.07,44.09,0.28,51.29,4.34,LargeCentralMetro,1,0,0,0,0,0,North West,10,Pendle 010,32.2,1,205,66.01,1042
E02005287,10.0,4.0,23.57,72.6,3.49,0.3,93.84,2.38,LargeCentralMetro,1,0,0,0,0,0,North West,10,South Ribble 001,46.51,2,314,146.02800000000002,1544
E02005266,2.0,7.0,30.0,100.0,33.46,2.28,57.53,6.72,LargeCentralMetro,1,0,0,0,0,0,North West,9,Preston 014,57.5,1,120,69.0,608
E02005234,6.0,6.0,12.32,51.76,12.05,3.81,78.21,5.94,LargeFringeMetro,0,1,0,0,0,0,North West,7,Lancaster 014,58.0,1,276,160.07999999999998,1733
E02005322,6.0,9.0,19.76,50.78,0.54,0.18,98.31,0.96,MediumMetro,0,0,1,0,0,0,North West,10,Wyre 004,43.7,1,167,72.97900000000001,835
E02005310,7.0,8.0,5.67,53.54,2.28,0.95,94.92,1.85,LargeCentralMetro,1,0,0,0,0,0,North West,6,West Lancashire 007,65.2,1,141,91.932,706
E02005211,8.0,7.0,15.24,50.18,0.9,0.37,97.28,1.46,LargeCentralMetro,1,0,0,0,0,0,North West,7,Fylde 009,48.8,1,164,80.032,829
E02005275,6.0,7.0,26.96,50.18,0.5,0.24,97.69,1.57,MediumMetro,0,0,1,0,0,0,North West,10,Ribble Valley 006,41.7,1,115,47.955000000000005,570
E02005303,3.0,10.0,21.25,46.27,1.06,0.73,95.67,2.54,LargeCentralMetro,1,0,0,0,0,0,North West,9,South Ribble 017,43.8,1,160,70.07999999999998,817
E02005194,4.0,9.0,8.44,53.05,3.05,0.55,94.07,2.33,LargeCentralMetro,1,0,0,0,0,0,North West,10,Chorley 006,72.0,1,225,162.0,1133
E02005179,3.0,9.0,38.68,49.3,1.47,0.18,97.15,1.2,LargeCentralMetro,1,0,0,0,0,0,North West,10,Burnley 004,39.2,1,212,83.104,1079
E02005176,4.0,8.0,35.02,46.42,12.2,0.24,85.07,2.49,LargeCentralMetro,1,0,0,0,0,0,North West,10,Burnley 001,30.9,1,217,67.053,1118
E02005304,8.0,6.0,14.84,50.96,0.63,0.17,97.74,1.46,MediumMetro,0,0,1,0,0,0,North West,7,West Lancashire 001,47.7,1,128,61.056000000000004,675
E02005183,5.0,8.0,39.13,49.79,1.28,0.12,97.24,1.36,LargeCentralMetro,1,0,0,0,0,0,North West,9,Burnley 008,34.4,1,276,94.94399999999999,1416
E02005241,6.0,5.0,23.57,45.35,4.72,0.18,93.76,1.34,LargeCentralMetro,1,0,0,0,0,0,North West,10,Pendle 002,33.6,1,140,47.040000000000006,591
E02005286,5.0,8.0,21.14,48.39,0.95,0.12,97.97,0.96,LargeCentralMetro,1,0,0,0,0,0,North West,10,Rossendale 009,63.4,1,123,77.982,651
E02002630,4.0,10.0,37.69,49.81,6.43,0.77,90.74,2.06,LargeCentralMetro,1,0,0,0,0,0,North West,8,Blackburn with Darwen 016,24.64,2,260,64.051,1329
E02002628,4.0,10.0,31.19,46.59,3.24,0.45,94.13,2.18,LargeCentralMetro,1,0,0,0,0,0,North West,5,Blackburn with Darwen 014,40.4,1,218,88.07199999999999,1071
E02002615,4.0,5.0,24.45,45.42,45.61,0.55,50.15,3.7,LargeCentralMetro,1,0,0,0,0,0,North West,6,Blackburn with Darwen 001,47.1,1,274,129.054,1354
E02002616,5.0,4.0,17.73,46.86,69.29,0.51,26.29,3.91,LargeCentralMetro,1,0,0,0,0,0,North West,1,Blackburn with Darwen 002,36.9,1,141,52.028999999999996,875
E02002626,3.0,10.0,23.76,49.76,2.75,1.02,94.32,1.91,LargeCentralMetro,1,0,0,0,0,0,North West,10,Blackburn with Darwen 012,53.5,1,202,108.07000000000001,1043
E02002623,1.0,9.0,21.46,52.45,11.34,1.73,83.1,3.83,LargeCentralMetro,1,0,0,0,0,0,North West,1,Blackburn with Darwen 009,53.4,1,247,131.898,1489
E02002620,2.0,7.0,19.85,0.0,57.0,3.24,34.8,4.96,LargeCentralMetro,1,0,0,0,0,0,North West,1,Blackburn with Darwen 006,80.9,1,131,105.97900000000001,736
E02002624,9.0,6.0,32.12,68.37,13.15,0.37,84.64,1.84,LargeCentralMetro,1,0,0,0,0,0,North West,2,Blackburn with Darwen 010,54.62,2,386,210.84,2166
E02002636,3.0,10.0,61.39,52.34,1.58,0.3,96.29,1.84,LargeCentralMetro,1,0,0,0,0,0,North West,4,Blackpool 004,28.5,1,158,45.029999999999994,835
E02002650,5.0,10.0,52.34,50.07,1.36,0.4,96.69,1.55,LargeCentralMetro,1,0,0,0,0,0,North West,8,Blackpool 018,19.6,1,107,20.972,681
E02002634,4.0,9.0,38.91,50.43,0.89,0.36,96.99,1.76,LargeCentralMetro,1,0,0,0,0,0,North West,3,Blackpool 002,31.7,1,221,70.057,1174
E02002646,3.0,10.0,32.63,48.55,1.95,0.42,96.32,1.3,LargeCentralMetro,1,0,0,0,0,0,North West,6,Blackpool 014,70.5,1,190,133.95,1032
E02002641,5.0,10.0,42.31,50.59,8.0,0.59,88.59,2.82,LargeCentralMetro,1,0,0,0,0,0,North West,3,Blackpool 009,28.8,1,208,59.90400000000001,1184
E02005862,6.0,6.0,29.33,49.15,4.81,2.12,88.52,4.56,LargeCentralMetro,1,0,0,0,0,0,East Midlands,9,Broxtowe 013,60.0,1,150,90.0,761
E02005887,3.0,9.0,17.89,50.13,3.95,2.0,90.12,3.93,LargeCentralMetro,1,0,0,0,0,0,East Midlands,10,Mansfield 008,47.9,1,190,91.00999999999999,1135
E02005827,6.0,8.0,22.28,52.59,1.29,1.53,95.34,1.84,LargeCentralMetro,1,0,0,0,0,0,East Midlands,10,Ashfield 009,44.3,1,395,174.98499999999999,2584
E02005912,9.0,4.0,24.5,50.32,19.68,1.92,72.15,6.26,LargeCentralMetro,1,0,0,0,0,0,East Midlands,8,Rushcliffe 007,63.55,3,645,409.90000000000003,4092
E02005856,9.0,3.0,20.0,46.77,12.27,1.71,81.63,4.39,LargeCentralMetro,1,0,0,0,0,0,East Midlands,10,Broxtowe 007,59.2,1,125,74.00000000000001,804
E02005888,2.0,9.0,27.99,51.1,1.84,1.41,93.96,2.8,LargeCentralMetro,1,0,0,0,0,0,East Midlands,10,Mansfield 009,35.66,2,443,157.961,2401
E02005875,6.0,5.0,27.23,48.21,3.35,2.63,88.4,5.63,LargeCentralMetro,1,0,0,0,0,0,East Midlands,10,Gedling 011,46.0,1,224,103.04,1371
E02005863,9.0,5.0,15.2,46.67,3.56,1.21,91.92,3.31,LargeCentralMetro,1,0,0,0,0,0,East Midlands,10,Broxtowe 014,55.0,1,171,94.05000000000001,1052
E02005871,7.0,5.0,17.83,49.94,5.94,2.33,87.88,3.86,LargeCentralMetro,1,0,0,0,0,0,East Midlands,10,Gedling 007,52.2,1,157,81.95400000000001,845
E02005893,3.0,9.0,42.74,54.33,0.73,0.31,97.55,1.41,LargeFringeMetro,0,1,0,0,0,0,East Midlands,10,Newark and Sherwood 001,21.0,1,124,26.04,762
E02005919,7.0,3.0,15.03,45.86,2.92,0.81,93.54,2.73,MediumMetro,0,0,1,0,0,0,East Midlands,10,Rushcliffe 014,57.8,1,173,99.994,1088
E02005839,5.0,6.0,23.7,52.66,1.15,0.5,97.07,1.28,LargeCentralMetro,1,0,0,0,0,0,East Midlands,10,Bassetlaw 005,35.5,1,211,74.905,1202
E02005859,6.0,6.0,16.0,50.34,3.6,1.63,90.85,3.92,LargeCentralMetro,1,0,0,0,0,0,East Midlands,10,Broxtowe 010,56.4,1,275,155.1,1633
E02005851,2.0,10.0,33.55,48.41,1.29,1.27,94.5,2.94,LargeCentralMetro,1,0,0,0,0,0,East Midlands,8,Broxtowe 002,34.2,1,155,53.010000000000005,878
E02005834,4.0,9.0,37.74,47.43,2.04,2.62,91.88,3.46,LargeCentralMetro,1,0,0,0,0,0,East Midlands,10,Ashfield 016,20.3,1,212,43.036,1187
E02005898,5.0,8.0,24.02,49.7,0.63,0.67,97.22,1.48,LargeFringeMetro,0,1,0,0,0,0,East Midlands,10,Newark and Sherwood 006,38.0,1,229,87.02,1328
E02006906,7.0,6.0,17.39,50.07,7.96,1.98,86.46,3.6,LargeCentralMetro,1,0,0,0,0,0,East Midlands,10,Broxtowe 016,50.0,1,230,115.0,1384
E02005901,5.0,6.0,39.17,45.91,1.76,0.96,94.52,2.76,LargeCentralMetro,1,0,0,0,0,0,East Midlands,10,Newark and Sherwood 009,20.8,1,120,24.96,745
E02005882,7.0,7.0,29.66,50.48,1.28,0.94,96.44,1.34,LargeCentralMetro,1,0,0,0,0,0,East Midlands,10,Mansfield 003,34.3,1,236,80.948,1260
E02005881,4.0,9.0,35.6,51.5,1.06,0.63,96.87,1.44,SmallMetro,0,0,0,1,0,0,East Midlands,10,Mansfield 002,35.1,1,191,67.04100000000001,1064
E02005833,7.0,7.0,22.5,48.18,1.14,0.82,96.23,1.81,LargeCentralMetro,1,0,0,0,0,0,East Midlands,10,Ashfield 015,38.0,1,200,76.0,1125
E02005903,5.0,7.0,22.93,48.12,1.33,0.5,96.7,1.47,LargeCentralMetro,1,0,0,0,0,0,East Midlands,,Newark and Sherwood 011,47.3,1,205,96.96499999999999,1145
E02005847,5.0,6.0,26.52,51.97,1.87,0.88,94.67,2.59,LargeCentralMetro,1,0,0,0,0,0,East Midlands,8,Bassetlaw 013,44.4,1,279,123.876,1726
E02005840,6.0,6.0,15.12,51.23,1.42,0.67,96.26,1.64,LargeCentralMetro,1,0,0,0,0,0,East Midlands,9,Bassetlaw 006,58.8,1,291,171.108,1702
E02005823,2.0,10.0,34.35,52.72,2.03,1.02,94.93,2.02,LargeCentralMetro,1,0,0,0,0,0,East Midlands,10,Ashfield 005,28.57,2,361,103.12100000000001,2077
E02005883,3.0,8.0,49.15,50.85,1.43,0.82,95.65,2.1,LargeCentralMetro,1,0,0,0,0,0,East Midlands,10,Mansfield 004,17.8,1,118,21.004,879
E02005870,4.0,8.0,22.41,51.55,4.0,2.98,88.18,4.85,LargeCentralMetro,1,0,0,0,0,0,East Midlands,10,Gedling 006,47.7,1,241,114.95700000000001,1577
E02005844,5.0,6.0,29.17,49.37,1.17,0.82,96.58,1.43,LargeCentralMetro,1,0,0,0,0,0,East Midlands,10,Bassetlaw 010,28.6,1,192,54.912000000000006,1118
E02005913,8.0,4.0,11.11,49.51,14.31,1.58,77.24,6.87,LargeCentralMetro,1,0,0,0,0,0,East Midlands,10,Rushcliffe 008,73.7,1,297,218.889,2032
E02005829,5.0,8.0,29.65,46.98,0.33,0.21,97.87,1.58,LargeCentralMetro,1,0,0,0,0,0,East Midlands,10,Ashfield 011,33.7,1,172,57.964000000000006,877
E02005908,8.0,4.0,19.31,47.58,1.7,0.61,95.16,2.54,MediumMetro,0,0,1,0,0,0,East Midlands,10,Rushcliffe 003,56.6,1,145,82.07000000000001,952
E02005918,8.0,4.0,17.39,48.34,2.52,0.37,94.71,2.4,MediumMetro,0,0,1,0,0,0,East Midlands,10,Rushcliffe 013,60.9,1,161,98.04899999999999,1024
E02005904,8.0,4.0,19.51,47.09,1.14,0.79,95.99,2.08,LargeCentralMetro,1,0,0,0,0,0,East Midlands,,Newark and Sherwood 012,52.0,1,123,63.96,652
E02005907,7.0,4.0,15.25,49.4,2.0,0.5,95.16,2.33,LargeCentralMetro,1,0,0,0,0,0,East Midlands,10,Rushcliffe 002,67.5,1,295,199.125,1907
E02005849,6.0,5.0,19.84,48.31,0.79,0.33,97.71,1.17,Micropolitan,0,0,0,0,1,0,East Midlands,10,Bassetlaw 015,41.3,1,252,104.076,1482
E02002886,4.0,5.0,40.86,48.41,44.42,7.75,37.57,10.26,LargeCentralMetro,1,0,0,0,0,0,East Midlands,2,Nottingham 019,46.8,1,186,87.048,1351
E02002887,2.0,10.0,41.14,63.65,18.09,5.54,69.26,7.11,LargeCentralMetro,1,0,0,0,0,0,East Midlands,3,Nottingham 020,41.9,3,525,219.978,2990
E02002884,2.0,5.0,45.89,41.25,37.39,7.72,43.86,11.02,LargeCentralMetro,1,0,0,0,0,0,East Midlands,1,Nottingham 017,30.3,1,231,69.993,1246
E02002897,8.0,2.0,24.58,47.07,19.8,2.43,68.76,9.01,LargeCentralMetro,1,0,0,0,0,0,East Midlands,7,Nottingham 030,63.0,1,297,187.11,1536
E02002879,4.0,5.0,27.73,44.43,17.84,10.07,61.3,10.79,LargeCentralMetro,1,0,0,0,0,0,East Midlands,,Nottingham 012,54.6,1,119,64.974,673
E02002898,3.0,1.0,45.08,40.42,16.21,8.08,66.27,9.44,LargeCentralMetro,1,0,0,0,0,0,East Midlands,6,Nottingham 031,52.5,1,122,64.05,913
E02002892,2.0,8.0,49.09,46.47,13.6,8.62,68.18,9.61,LargeCentralMetro,1,0,0,0,0,0,East Midlands,5,Nottingham 025,35.2,1,165,58.080000000000005,921
E02006835,6.0,7.0,33.8,53.35,4.32,4.47,86.21,5.0,LargeCentralMetro,1,0,0,0,0,0,East Midlands,7,Gedling 016,33.1,1,142,47.002,746
E02002868,6.0,8.0,36.46,46.21,7.99,9.43,74.62,7.96,LargeCentralMetro,1,0,0,0,0,0,East Midlands,6,Nottingham 001,37.0,1,181,66.97,898
E02006012,6.0,6.0,13.33,48.34,1.15,0.19,97.46,1.19,LargeCentralMetro,1,0,0,0,0,0,West Midlands,4,Shropshire 033,39.2,1,120,47.04,602
E02006042,6.0,4.0,19.79,49.81,0.7,0.12,98.16,1.03,MediumMetro,0,0,1,0,0,0,West Midlands,6,Shropshire 032,44.8,1,96,43.007999999999996,538
E02006041,6.0,4.0,15.69,50.19,0.66,0.28,98.26,0.8,SmallMetro,0,0,0,1,0,0,West Midlands,8,Shropshire 030,35.3,1,102,36.006,526
E02006021,8.0,4.0,22.0,49.24,0.51,0.24,98.25,0.99,MediumMetro,0,0,1,0,0,0,West Midlands,9,Shropshire 010,44.7,1,150,67.05,719
E02006008,7.0,5.0,14.29,48.29,2.16,0.58,94.85,2.41,MediumMetro,0,0,1,0,0,0,West Midlands,6,Shropshire 025,32.3,1,217,70.091,1170
E02006046,6.0,6.0,17.58,47.21,0.39,0.1,98.55,0.95,SmallMetro,0,0,0,1,0,0,West Midlands,10,Shropshire 039,39.6,1,91,36.036,538
E02006017,6.0,5.0,18.87,45.78,0.73,0.2,97.99,1.08,SmallMetro,0,0,0,1,0,0,West Midlands,7,Shropshire 004,34.0,1,106,36.04,581
E02006025,5.0,7.0,23.74,50.0,1.33,0.67,96.17,1.83,LargeFringeMetro,0,1,0,0,0,0,West Midlands,5,Shropshire 007,38.5,1,257,98.94500000000001,1396
E02006011,7.0,5.0,22.4,49.18,0.51,0.25,98.3,0.94,LargeCentralMetro,1,0,0,0,0,0,West Midlands,4,Shropshire 031,44.0,1,125,55.0,736
E02006037,8.0,6.0,14.37,50.58,2.28,0.42,95.44,1.86,LargeCentralMetro,1,0,0,0,0,0,West Midlands,8,Shropshire 023,55.7,1,167,93.019,856
E02006015,4.0,7.0,17.61,48.8,0.99,0.29,97.44,1.29,Noncore,0,0,0,0,0,1,West Midlands,9,Shropshire 001,47.8,1,159,76.002,873
E02006010,6.0,5.0,17.26,49.63,0.48,0.13,98.32,1.08,MediumMetro,0,0,1,0,0,0,West Midlands,9,Shropshire 029,37.5,1,168,63.0,820
E02002949,6.0,8.0,38.63,50.24,1.77,0.43,95.39,2.41,LargeCentralMetro,1,0,0,0,0,0,West Midlands,7,Telford and Wrekin 022,34.28,2,365,125.14,2331
E02002942,6.0,5.0,16.89,52.36,11.33,2.06,82.31,4.3,LargeCentralMetro,1,0,0,0,0,0,West Midlands,4,Telford and Wrekin 015,48.0,1,148,71.03999999999999,932
E02002944,2.0,9.0,39.6,49.35,3.43,4.39,88.51,3.67,LargeCentralMetro,1,0,0,0,0,0,West Midlands,9,Telford and Wrekin 017,21.8,1,202,44.036,1151
E02003869,9.0,7.0,16.27,53.16,2.72,1.12,94.11,2.05,LargeCentralMetro,1,0,0,0,0,0,North West,5,Cheshire East 017,53.1,1,209,110.979,1251
E02003824,8.0,7.0,13.23,50.43,1.4,0.31,96.65,1.64,LargeCentralMetro,1,0,0,0,0,0,North West,4,Cheshire East 042,51.8,1,257,133.126,1519
E02003839,6.0,9.0,17.54,48.83,0.97,0.17,97.01,1.85,LargeCentralMetro,1,0,0,0,0,0,North West,5,Cheshire East 050,52.6,1,228,119.92800000000001,1411
E02003830,3.0,10.0,33.33,32.22,4.64,1.33,89.21,4.83,LargeCentralMetro,1,0,0,0,0,0,North West,2,Cheshire East 039,15.44,2,123,18.988,360
E02003817,9.0,7.0,12.31,48.89,0.95,0.34,97.1,1.61,LargeCentralMetro,1,0,0,0,0,0,North West,7,Cheshire East 028,41.0,1,195,79.94999999999999,1211
E02003816,5.0,8.0,20.0,48.93,2.42,0.47,95.82,1.29,LargeCentralMetro,1,0,0,0,0,0,North West,7,Cheshire East 027,40.0,1,175,70.0,1077
E02003867,7.0,6.0,15.83,50.48,2.99,1.17,93.14,2.7,LargeCentralMetro,1,0,0,0,0,0,North West,6,Cheshire East 015,55.8,1,240,133.92,1551
E02003812,9.0,6.0,12.61,48.49,1.27,0.24,96.54,1.95,MediumMetro,0,0,1,0,0,0,North West,6,Cheshire East 023,43.5,1,230,100.05,1322
E02003863,9.0,4.0,9.91,52.6,2.65,0.4,94.64,2.31,LargeCentralMetro,1,0,0,0,0,0,North West,3,Cheshire East 010,67.5,1,212,143.10000000000002,1325
E02003832,3.0,9.0,32.84,50.35,12.81,2.26,74.31,10.61,LargeCentralMetro,1,0,0,0,0,0,North West,3,Cheshire East 043,26.1,1,134,34.974000000000004,715
E02003833,6.0,8.0,22.05,49.61,2.47,0.52,94.62,2.39,LargeCentralMetro,1,0,0,0,0,0,North West,3,Cheshire East 044,45.7,1,127,58.039,647
E02003819,9.0,8.0,12.18,98.82,1.05,0.23,97.12,1.6,LargeCentralMetro,1,0,0,0,0,0,North West,2,Cheshire East 030,58.8,1,238,139.944,1358
E02003820,8.0,7.0,13.36,3.74,1.36,0.39,96.19,2.06,LargeCentralMetro,1,0,0,0,0,0,North West,4,Cheshire East 031,49.6,1,232,115.072,1499
E02003835,8.0,7.0,13.58,45.59,1.56,0.45,95.57,2.42,LargeCentralMetro,1,0,0,0,0,0,North West,8,Cheshire East 046,42.6,1,162,69.012,908
E02003826,3.0,9.0,46.46,50.29,1.58,1.11,94.68,2.63,LargeCentralMetro,1,0,0,0,0,0,North West,2,Cheshire East 035,11.0,1,127,13.97,688
E02003866,10.0,5.0,16.23,48.16,2.65,0.67,94.71,1.97,LargeCentralMetro,1,0,0,0,0,0,North West,4,Cheshire East 014,53.5,1,228,121.98,1416
E02003858,10.0,4.0,14.37,46.7,5.72,0.73,89.11,4.44,LargeCentralMetro,1,0,0,0,0,0,North West,7,Cheshire East 006,53.4,1,341,182.09400000000002,2212
E02003810,7.0,3.0,8.82,49.69,0.28,0.2,98.2,1.32,MediumMetro,0,0,1,0,0,0,North West,6,Cheshire West and Chester 047,55.4,1,204,113.01599999999999,1282
E02003806,9.0,5.0,16.06,47.63,3.63,0.69,93.02,2.66,LargeCentralMetro,1,0,0,0,0,0,North West,6,Cheshire West and Chester 041,58.5,1,193,112.90499999999999,1203
E02003799,3.0,9.0,44.36,46.24,1.44,0.68,95.4,2.48,LargeCentralMetro,1,0,0,0,0,0,North West,5,Cheshire West and Chester 031,17.3,1,133,23.009,705
E02003807,8.0,4.0,31.45,51.86,4.62,0.97,91.42,2.98,LargeCentralMetro,1,0,0,0,0,0,North West,4,Cheshire West and Chester 043,38.36,3,318,121.969,1851
E02003805,10.0,4.0,12.04,49.78,1.97,0.25,95.62,2.16,LargeCentralMetro,1,0,0,0,0,0,North West,7,Cheshire West and Chester 039,63.4,1,216,136.944,1386
E02003882,5.0,9.0,17.56,50.19,2.01,0.36,95.35,2.28,LargeCentralMetro,1,0,0,0,0,0,North West,2,Cheshire West and Chester 021,57.6,1,205,118.08000000000001,1048
E02003883,9.0,5.0,15.52,47.9,2.22,0.35,95.4,2.04,LargeCentralMetro,1,0,0,0,0,0,North West,7,Cheshire West and Chester 023,50.89,2,393,199.985,2290
E02003877,8.0,4.0,23.61,51.01,1.19,0.07,97.32,1.42,MediumMetro,0,0,1,0,0,0,North West,6,Cheshire West and Chester 015,51.9,1,216,112.104,1235
E02003841,6.0,5.0,22.74,45.82,1.25,0.34,96.52,1.88,LargeCentralMetro,1,0,0,0,0,0,North West,6,Cheshire West and Chester 001,36.8,1,299,110.032,1724
E02003878,8.0,8.0,33.06,46.61,2.21,0.48,95.96,1.35,LargeCentralMetro,1,0,0,0,0,0,North West,4,Cheshire West and Chester 017,28.1,1,121,34.001000000000005,590
E02003891,9.0,3.0,12.44,49.75,0.87,0.08,97.76,1.29,MediumMetro,0,0,1,0,0,0,North West,10,Cheshire West and Chester 045,68.4,1,193,132.012,1186
E02003796,6.0,6.0,17.39,48.34,5.53,0.49,91.54,2.44,LargeCentralMetro,1,0,0,0,0,0,North West,4,Cheshire West and Chester 027,43.1,1,276,118.956,1752
E02003852,10.0,6.0,27.01,49.29,0.97,0.12,97.62,1.28,LargeCentralMetro,1,0,0,0,0,0,North West,7,Cheshire West and Chester 016,31.0,1,274,84.94,1477
E02003888,4.0,10.0,45.79,49.17,1.65,0.31,96.39,1.65,LargeFringeMetro,0,1,0,0,0,0,North West,6,Cheshire West and Chester 038,13.7,1,190,26.029999999999998,1023
E02003941,4.0,7.0,23.11,51.74,0.71,0.13,96.76,2.4,LargeFringeMetro,0,1,0,0,0,0,South West,4,Cornwall 014,45.4,1,238,108.05199999999999,1438
E02003931,5.0,4.0,14.69,49.47,0.71,0.09,96.92,2.27,SmallMetro,0,0,0,1,0,0,South West,7,Cornwall 001,35.6,1,177,63.01200000000001,1140
E02003894,4.0,6.0,25.0,51.86,0.4,0.07,97.97,1.56,MediumMetro,0,0,1,0,0,0,South West,,Cornwall 013,40.9,1,132,53.988,862
E02003924,4.0,9.0,24.5,50.64,0.91,0.14,96.9,2.05,LargeFringeMetro,0,1,0,0,0,0,South West,7,Cornwall 053,46.7,1,302,141.03400000000002,1783
E02003917,7.0,4.0,19.86,44.68,0.66,0.29,96.65,2.41,LargeFringeMetro,0,1,0,0,0,0,South West,4,Cornwall 064,46.6,1,146,68.036,893
E02003960,5.0,4.0,31.78,49.17,0.37,0.12,97.43,2.07,Noncore,0,0,0,0,0,1,South West,10,Cornwall 035,32.6,1,129,42.054,661
E02003949,3.0,8.0,39.04,51.82,1.14,0.12,95.38,3.36,LargeFringeMetro,0,1,0,0,0,0,South West,2,Cornwall 068,36.3,1,146,52.998,770
E02003935,4.0,6.0,21.2,46.09,1.21,0.15,96.65,1.99,LargeFringeMetro,0,1,0,0,0,0,South West,5,Cornwall 005,55.2,1,250,138.0,1280
E02003901,4.0,7.0,28.83,51.15,0.33,0.08,98.08,1.51,SmallMetro,0,0,0,1,0,0,South West,9,Cornwall 028,24.3,1,111,26.973,524
E02003948,3.0,6.0,19.37,51.49,0.6,0.28,96.59,2.54,LargeFringeMetro,0,1,0,0,0,0,South West,4,Cornwall 067,37.7,1,191,72.007,975
E02003955,5.0,5.0,17.86,47.85,0.91,0.15,96.05,2.89,LargeFringeMetro,0,1,0,0,0,0,South West,10,Cornwall 021,46.8,1,280,131.04,1653
E02003908,5.0,5.0,15.09,47.46,1.58,0.17,94.51,3.74,LargeFringeMetro,0,1,0,0,0,0,South West,7,Cornwall 042,56.0,1,232,129.92000000000002,1239
E02003963,4.0,7.0,18.01,47.47,1.0,0.15,96.62,2.23,LargeFringeMetro,0,1,0,0,0,0,South West,5,Cornwall 039,52.2,1,272,141.984,1422
E02003914,4.0,3.0,21.24,49.52,1.14,0.4,94.42,4.04,LargeFringeMetro,0,1,0,0,0,0,South West,5,Cornwall 060,48.7,1,226,110.06200000000001,1153
E02003922,4.0,8.0,34.95,47.58,0.5,0.18,97.25,2.08,LargeFringeMetro,0,1,0,0,0,0,South West,7,Cornwall 051,37.9,1,103,39.037,681
E02003919,4.0,8.0,21.56,48.4,0.75,0.22,96.53,2.51,LargeFringeMetro,0,1,0,0,0,0,South West,4,Cornwall 046,42.0,1,269,112.97999999999999,1465
E02003909,6.0,6.0,17.14,46.75,3.79,0.78,92.19,3.24,LargeFringeMetro,0,1,0,0,0,0,South West,8,Cornwall 043,55.4,1,280,155.11999999999998,1525
E02003912,6.0,3.0,19.33,51.66,0.42,0.11,97.31,2.17,Noncore,0,0,0,0,0,1,South West,10,Cornwall 048,45.4,1,119,54.025999999999996,662
E02003943,4.0,4.0,17.43,48.87,1.15,0.2,95.37,3.28,SmallMetro,0,0,0,1,0,0,South West,5,Cornwall 054,45.0,1,109,49.050000000000004,573
E02003900,5.0,8.0,23.56,48.56,0.39,0.14,97.33,2.13,LargeCentralMetro,1,0,0,0,0,0,South West,4,Cornwall 026,39.3,1,191,75.06299999999999,1149
E02003902,5.0,9.0,26.67,50.2,0.36,0.13,97.92,1.59,MediumMetro,0,0,1,0,0,0,South West,6,Cornwall 029,37.8,1,135,51.029999999999994,739
E02003939,5.0,6.0,25.93,49.33,0.47,0.13,97.65,1.75,SmallMetro,0,0,0,1,0,0,South West,7,Cornwall 009,43.1,1,216,93.096,1050
E02004602,4.0,7.0,36.93,50.64,3.43,1.56,91.85,3.16,LargeCentralMetro,1,0,0,0,0,0,South West,10,Cheltenham 003,32.4,1,176,57.024,1102
E02004654,6.0,4.0,23.29,50.33,1.15,0.37,96.12,2.37,LargeCentralMetro,1,0,0,0,0,0,South West,7,Stroud 004,40.4,1,146,58.983999999999995,1045
E02004611,9.0,4.0,7.73,51.29,3.26,0.67,92.85,3.21,LargeCentralMetro,1,0,0,0,0,0,South West,10,Cheltenham 012,66.5,1,194,129.01000000000002,1429
E02004610,9.0,4.0,20.13,50.54,3.47,0.84,92.66,3.02,LargeCentralMetro,1,0,0,0,0,0,South West,10,Cheltenham 011,47.2,1,303,143.01600000000002,1862
E02004615,6.0,3.0,17.26,51.45,0.56,0.25,97.91,1.28,Noncore,0,0,0,0,0,1,South West,9,Cotswold 001,51.8,1,226,117.068,1479
E02004672,8.0,5.0,15.16,48.74,3.6,0.94,92.7,2.75,LargeCentralMetro,1,0,0,0,0,0,South West,9,Tewkesbury 007,53.48,2,488,260.962,2739
E02004621,7.0,5.0,14.81,49.16,3.18,0.83,93.74,2.25,LargeCentralMetro,1,0,0,0,0,0,South West,9,Cotswold 007,56.1,1,189,106.02900000000001,1017
E02004620,8.0,3.0,15.82,49.88,1.26,0.68,96.11,1.95,LargeCentralMetro,1,0,0,0,0,0,South West,9,Cotswold 006,45.6,1,158,72.048,806
E02007035,7.0,4.0,14.44,48.11,1.78,0.43,95.97,1.82,LargeCentralMetro,1,0,0,0,0,0,South West,10,Tewkesbury 011,52.7,1,277,145.979,1848
E02004617,8.0,4.0,17.96,50.87,1.24,0.45,96.37,1.94,MediumMetro,0,0,1,0,0,0,South West,10,Cotswold 003,54.9,1,206,113.09399999999998,1500
E02004634,5.0,8.0,31.11,49.32,0.77,0.27,97.65,1.31,SmallMetro,0,0,0,1,0,0,South West,10,Forest of Dean 009,32.2,1,90,28.98,734
E02004628,6.0,6.0,19.16,49.4,0.52,0.18,98.34,0.96,MediumMetro,0,0,1,0,0,0,South West,10,Forest of Dean 003,59.9,1,167,100.033,1006
E02004623,8.0,3.0,11.9,49.04,1.31,0.31,96.53,1.85,Micropolitan,0,0,0,0,1,0,South West,10,Cotswold 009,48.8,1,168,81.984,1042
E02004632,5.0,6.0,25.87,49.26,0.64,0.17,98.37,0.83,LargeFringeMetro,0,1,0,0,0,0,South West,,Forest of Dean 007,54.5,1,143,77.935,808
E02004665,8.0,3.0,11.57,50.66,0.63,0.23,97.49,1.65,Noncore,0,0,0,0,0,1,South West,9,Stroud 015,59.9,1,242,144.958,1510
E02004655,6.0,5.0,15.56,49.45,1.64,0.76,95.18,2.43,LargeCentralMetro,1,0,0,0,0,0,South West,10,Stroud 005,41.5,1,135,56.025,726
E02004627,5.0,3.0,20.65,47.22,0.64,0.49,96.61,2.26,MediumMetro,0,0,1,0,0,0,South West,9,Forest of Dean 002,34.2,1,184,62.928000000000004,1063
E02004603,4.0,6.0,26.35,50.82,5.96,1.78,87.71,4.55,LargeCentralMetro,1,0,0,0,0,0,South West,10,Cheltenham 004,44.3,1,167,73.981,858
E02004664,6.0,7.0,14.8,48.86,1.04,0.42,96.4,2.14,LargeCentralMetro,1,0,0,0,0,0,South West,10,Stroud 014,42.9,1,196,84.084,1232
E02004647,4.0,8.0,23.63,45.7,2.35,3.38,89.65,4.62,LargeCentralMetro,1,0,0,0,0,0,South West,5,Gloucester 012,43.0,1,237,101.91,1534
E02004650,6.0,6.0,22.27,48.85,2.76,3.43,88.47,5.34,LargeCentralMetro,1,0,0,0,0,0,South West,4,Gloucester 015,46.5,1,256,119.04,1347
E02004662,8.0,2.0,21.3,17.63,0.62,0.24,97.81,1.33,Noncore,0,0,0,0,0,1,South West,,Stroud 012,32.4,1,108,34.992000000000004,380
E02004629,5.0,7.0,35.56,47.86,1.04,0.21,96.84,1.91,LargeFringeMetro,0,1,0,0,0,0,South West,9,Forest of Dean 004,33.3,1,45,14.984999999999998,257
E02004625,7.0,3.0,19.39,50.6,0.99,0.33,96.51,2.16,SmallMetro,0,0,0,1,0,0,South West,10,Cotswold 011,42.9,1,98,42.042,500
E02004666,7.0,3.0,18.52,44.4,1.59,0.54,96.29,1.58,LargeCentralMetro,1,0,0,0,0,0,South West,10,Tewkesbury 001,39.2,1,189,74.08800000000001,1108
E02004652,9.0,3.0,17.04,45.71,0.88,0.28,96.86,1.98,LargeCentralMetro,1,0,0,0,0,0,South West,10,Stroud 002,52.6,1,135,71.01,722
E02004668,7.0,3.0,27.55,48.48,0.53,0.16,97.86,1.45,MediumMetro,0,0,1,0,0,0,South West,10,Tewkesbury 003,31.6,1,98,30.968,528
E02004635,6.0,4.0,11.76,55.24,1.17,0.8,96.04,1.99,LargeCentralMetro,1,0,0,0,0,0,South West,10,Forest of Dean 010,44.7,1,170,75.99,1068
E02004869,8.0,3.0,12.55,51.99,2.55,0.75,93.08,3.62,LargeCentralMetro,1,0,0,0,0,0,East of England,7,Dacorum 014,70.7,1,239,168.973,1535
E02004862,3.0,5.0,32.92,47.41,6.91,7.18,80.88,5.03,LargeCentralMetro,1,0,0,0,0,0,East of England,10,Dacorum 007,26.7,1,161,42.987,947
E02004953,4.0,6.0,23.3,51.18,5.64,5.59,83.95,4.82,LargeCentralMetro,1,0,0,0,0,0,East of England,10,Stevenage 010,37.4,1,206,77.044,1315
E02004936,10.0,2.0,6.73,47.0,10.1,2.0,80.61,7.29,LargeCentralMetro,1,0,0,0,0,0,East of England,8,St Albans 013,73.6,1,208,153.088,1651
E02004882,8.0,1.0,11.09,62.9,4.82,2.46,86.29,6.43,LargeCentralMetro,1,0,0,0,0,0,East of England,2,East Hertfordshire 005,60.13,3,559,336.108,3830
E02004991,4.0,3.0,19.21,99.36,16.57,9.08,66.66,7.69,LargeCentralMetro,1,0,0,0,0,0,East of England,10,Welwyn Hatfield 012,55.0,1,151,83.05000000000001,942
E02004885,9.0,1.0,5.33,10.56,5.13,1.75,89.0,4.12,LargeCentralMetro,1,0,0,0,0,0,East of England,4,East Hertfordshire 008,69.2,1,169,116.94800000000001,1260
E02004846,10.0,1.0,11.37,50.53,2.88,2.31,90.31,4.5,LargeCentralMetro,1,0,0,0,0,0,East of England,10,Broxbourne 004,66.8,1,211,140.94799999999998,1415
E02004907,8.0,3.0,21.81,44.82,11.78,4.09,76.96,7.17,LargeCentralMetro,1,0,0,0,0,0,East of England,7,Hertsmere 012,41.0,1,188,77.08,1236
E02004890,8.0,2.0,14.13,68.22,2.6,1.05,92.97,3.39,LargeCentralMetro,1,0,0,0,0,0,East of England,6,East Hertfordshire 013,57.09,2,375,214.09499999999997,2681
E02004958,8.0,3.0,16.85,53.14,7.04,1.13,87.43,4.39,LargeCentralMetro,1,0,0,0,0,0,East of England,,Three Rivers 003,50.0,1,178,89.0,1082
E02004897,8.0,2.0,9.5,50.27,10.77,3.3,77.87,8.06,LargeCentralMetro,1,0,0,0,0,0,East of England,10,Hertsmere 002,87.5,1,200,175.0,1468
E02004904,4.0,4.0,22.77,68.27,8.25,7.16,77.78,6.81,LargeCentralMetro,1,0,0,0,0,0,East of England,8,Hertsmere 009,31.7,1,101,32.017,498
E02004915,5.0,4.0,29.52,48.25,7.6,3.78,83.06,5.56,LargeCentralMetro,1,0,0,0,0,0,East of England,6,North Hertfordshire 007,26.7,1,105,28.035,601
E02004878,7.0,4.0,9.27,47.06,1.13,0.61,96.37,1.89,MediumMetro,0,0,1,0,0,0,East of England,10,East Hertfordshire 001,52.5,1,259,135.975,1022
E02004968,4.0,4.0,33.15,49.31,13.8,6.34,73.11,6.74,LargeCentralMetro,1,0,0,0,0,0,East of England,8,Watford 001,32.1,1,184,59.064,1018
E02004853,5.0,5.0,25.41,51.31,3.49,6.06,80.27,10.17,LargeCentralMetro,1,0,0,0,0,0,East of England,8,Broxbourne 011,44.96,2,429,192.865,2588
E02004850,4.0,4.0,28.69,50.78,4.07,6.43,79.32,10.19,LargeCentralMetro,1,0,0,0,0,0,East of England,9,Broxbourne 008,36.9,1,122,45.018,967
E02004899,6.0,5.0,31.39,45.1,5.87,1.91,86.28,5.94,LargeCentralMetro,1,0,0,0,0,0,East of England,7,Hertsmere 004,27.4,1,223,61.10199999999999,1173
E02004920,7.0,4.0,6.67,0.0,4.76,3.01,86.57,5.66,LargeCentralMetro,1,0,0,0,0,0,East of England,1,North Hertfordshire 012,66.7,1,210,140.07000000000002,1357
E02004921,9.0,3.0,12.5,100.0,7.6,2.05,84.41,5.94,LargeCentralMetro,1,0,0,0,0,0,East of England,1,North Hertfordshire 013,68.8,1,208,143.10399999999998,1356
E02004877,9.0,4.0,14.53,46.11,3.84,0.91,91.37,3.88,LargeCentralMetro,1,0,0,0,0,0,East of England,8,Dacorum 022,53.1,1,179,95.049,1104
E02004912,8.0,6.0,21.18,49.58,2.91,1.36,92.14,3.59,LargeCentralMetro,1,0,0,0,0,0,East of England,8,North Hertfordshire 004,45.8,1,203,92.97399999999999,1414
E02004888,8.0,2.0,9.75,50.78,2.52,1.2,93.52,2.77,LargeCentralMetro,1,0,0,0,0,0,East of England,4,East Hertfordshire 011,47.0,1,236,110.91999999999999,1471
E02004875,5.0,4.0,28.22,51.0,12.96,3.66,77.8,5.58,LargeCentralMetro,1,0,0,0,0,0,East of England,10,Dacorum 020,35.3,1,241,85.073,1443
E02004935,8.0,2.0,16.03,99.14,7.8,2.45,82.91,6.84,LargeCentralMetro,1,0,0,0,0,0,East of England,6,St Albans 012,59.0,1,156,92.03999999999999,930
E02004937,10.0,2.0,17.51,46.74,5.21,1.22,88.37,5.2,LargeCentralMetro,1,0,0,0,0,0,East of England,8,St Albans 014,36.4,1,217,78.988,1335
E02004950,5.0,5.0,33.05,49.22,6.45,4.22,84.36,4.97,LargeCentralMetro,1,0,0,0,0,0,East of England,10,Stevenage 007,39.0,1,236,92.04,1410
E02004982,8.0,4.0,17.65,47.7,4.75,2.21,87.53,5.51,LargeCentralMetro,1,0,0,0,0,0,East of England,10,Welwyn Hatfield 003,51.6,1,221,114.036,1436
E02007090,6.0,3.0,16.57,39.93,6.89,2.33,84.54,6.24,LargeCentralMetro,1,0,0,0,0,0,East of England,8,St Albans 021,64.6,1,175,113.04999999999998,1097
E02007091,8.0,3.0,15.25,51.07,5.51,4.47,86.33,3.68,LargeCentralMetro,1,0,0,0,0,0,East of England,10,Stevenage 013,46.6,1,236,109.976,1490
E02004957,6.0,4.0,11.4,47.31,13.34,4.63,75.97,6.06,LargeCentralMetro,1,0,0,0,0,0,East of England,9,Three Rivers 002,66.6,2,386,257.06399999999996,2585
E02004918,8.0,3.0,18.46,48.47,10.53,3.46,79.49,6.52,LargeCentralMetro,1,0,0,0,0,0,East of England,2,North Hertfordshire 010,49.2,1,195,95.94000000000001,1242
E02004903,6.0,4.0,10.49,49.64,18.27,4.47,70.66,6.6,LargeCentralMetro,1,0,0,0,0,0,East of England,7,Hertsmere 008,67.8,1,267,181.02599999999998,1660
E02004964,6.0,5.0,21.85,49.27,8.36,1.43,85.05,5.16,LargeCentralMetro,1,0,0,0,0,0,East of England,,Three Rivers 009,35.3,1,119,42.007,753
E02004894,7.0,3.0,8.57,5.71,3.18,1.81,90.56,4.45,LargeCentralMetro,1,0,0,0,0,0,East of England,2,East Hertfordshire 017,65.7,1,175,114.97500000000001,1209
E02004961,10.0,2.0,11.95,50.32,12.85,1.58,80.85,4.72,LargeCentralMetro,1,0,0,0,0,0,East of England,5,Three Rivers 006,80.5,1,226,181.93,1550
E02004845,5.0,2.0,26.17,47.73,2.37,3.43,88.83,5.37,LargeCentralMetro,1,0,0,0,0,0,East of England,10,Broxbourne 003,39.3,1,107,42.050999999999995,792
E02004924,9.0,2.0,8.76,46.97,5.05,1.62,88.37,4.97,LargeCentralMetro,1,0,0,0,0,0,East of England,8,St Albans 001,67.0,1,194,129.98000000000002,1437
E02004930,8.0,2.0,8.97,100.0,7.59,1.93,85.26,5.22,LargeCentralMetro,1,0,0,0,0,0,East of England,10,St Albans 007,69.7,1,234,163.098,1428
E02004960,10.0,2.0,4.66,48.3,7.14,0.87,86.74,5.25,LargeCentralMetro,1,0,0,0,0,0,East of England,7,Three Rivers 005,83.9,1,236,198.00400000000002,1592
E02004925,9.0,3.0,7.63,48.31,5.26,2.57,86.88,5.3,LargeCentralMetro,1,0,0,0,0,0,East of England,8,St Albans 002,76.04,2,380,288.96799999999996,2718
E02004959,10.0,4.0,7.8,48.62,26.43,2.14,65.88,5.55,LargeCentralMetro,1,0,0,0,0,0,East of England,7,Three Rivers 004,56.1,1,205,115.00500000000001,1199
E02004945,6.0,4.0,14.25,48.75,10.83,3.98,79.84,5.36,LargeCentralMetro,1,0,0,0,0,0,East of England,9,Stevenage 002,59.41,2,414,245.966,2591
E02004931,9.0,3.0,11.86,46.23,9.91,1.42,82.93,5.74,LargeCentralMetro,1,0,0,0,0,0,East of England,10,St Albans 008,83.5,1,236,197.06,1817
E02004892,5.0,4.0,32.88,52.02,2.4,2.2,90.76,4.64,LargeCentralMetro,1,0,0,0,0,0,East of England,4,East Hertfordshire 015,20.5,1,73,14.965,396
E02004985,8.0,6.0,19.41,47.18,5.72,2.22,87.02,5.04,LargeCentralMetro,1,0,0,0,0,0,East of England,10,Welwyn Hatfield 006,52.9,1,170,89.93,1261
E02004932,6.0,4.0,19.71,47.49,9.73,2.93,79.18,8.16,LargeCentralMetro,1,0,0,0,0,0,East of England,10,St Albans 009,40.1,1,137,54.937000000000005,756
E02004859,10.0,3.0,11.49,52.15,1.22,0.58,95.35,2.84,LargeCentralMetro,1,0,0,0,0,0,East of England,10,Dacorum 004,53.6,1,235,125.96000000000001,1584
E02004934,7.0,1.0,15.79,2.44,12.99,2.68,76.24,8.09,LargeCentralMetro,1,0,0,0,0,0,East of England,6,St Albans 011,55.3,1,152,84.05599999999998,984
E02004975,9.0,2.0,10.36,0.0,33.13,4.2,54.37,8.3,LargeCentralMetro,1,0,0,0,0,0,East of England,4,Watford 008,83.3,1,222,184.926,1610
E02004976,4.0,5.0,8.17,100.0,23.7,6.89,59.78,9.63,LargeCentralMetro,1,0,0,0,0,0,East of England,7,Watford 009,83.2,1,208,173.056,1429
E02004978,3.0,7.0,29.23,47.87,33.99,7.89,49.0,9.13,LargeCentralMetro,1,0,0,0,0,0,East of England,6,Watford 011,38.5,1,195,75.075,1335
E02004906,6.0,4.0,5.26,46.45,9.44,7.41,74.58,8.57,LargeCentralMetro,1,0,0,0,0,0,East of England,5,Hertsmere 011,75.0,1,152,114.0,1042
E02003591,5.0,9.0,21.81,53.58,1.26,0.35,97.12,1.26,LargeFringeMetro,0,1,0,0,0,0,South East,4,Isle of Wight 011,42.0,1,188,78.96,1047
E02003582,7.0,4.0,19.79,47.4,0.86,0.29,97.38,1.47,LargeFringeMetro,0,1,0,0,0,0,South East,2,Isle of Wight 002,38.5,1,192,73.92,1192
E02003598,3.0,7.0,19.01,49.92,0.7,0.23,97.41,1.65,SmallMetro,0,0,0,1,0,0,South East,,Isle of Wight 018,56.2,1,121,68.00200000000001,619
E02003586,5.0,8.0,27.73,50.73,1.18,0.29,97.1,1.43,LargeFringeMetro,0,1,0,0,0,0,South East,5,Isle of Wight 006,41.2,1,238,98.05600000000001,1431
E02005434,5.0,8.0,31.48,52.96,0.94,0.13,97.96,0.97,SmallMetro,0,0,0,1,0,0,East Midlands,9,East Lindsey 011,28.7,1,108,30.996,608
E02005439,7.0,6.0,36.54,49.51,0.82,0.34,97.15,1.69,SmallMetro,0,0,0,1,0,0,East Midlands,10,East Lindsey 016,26.9,1,104,27.975999999999996,509
E02005486,6.0,6.0,23.83,49.71,2.19,0.84,95.37,1.61,LargeCentralMetro,1,0,0,0,0,0,East Midlands,10,South Kesteven 011,37.4,1,235,87.89,1571
E02005456,7.0,6.0,17.46,52.26,0.96,0.29,97.27,1.48,MediumMetro,0,0,1,0,0,0,East Midlands,10,North Kesteven 004,34.9,1,189,65.961,1152
E02005492,6.0,5.0,25.56,51.72,1.0,0.28,97.89,0.83,MediumMetro,0,0,1,0,0,0,East Midlands,10,West Lindsey 001,44.4,1,90,39.96,611
E02005479,8.0,8.0,34.78,42.32,3.78,1.03,92.92,2.26,LargeFringeMetro,0,1,0,0,0,0,East Midlands,10,South Kesteven 004,30.4,1,46,13.984,267
E02005494,5.0,6.0,33.54,52.91,0.73,0.15,97.66,1.46,Micropolitan,0,0,0,0,1,0,East Midlands,10,West Lindsey 003,39.6,1,164,64.944,998
E02005489,7.0,5.0,26.47,48.7,1.47,0.41,96.4,1.71,LargeCentralMetro,1,0,0,0,0,0,East Midlands,9,South Kesteven 014,32.4,1,204,66.096,1041
E02006864,7.0,5.0,33.46,45.68,5.5,0.99,91.14,2.36,LargeFringeMetro,0,1,0,0,0,0,East Midlands,8,Boston 008,12.4,1,266,32.984,1272
E02005431,3.0,8.0,50.89,48.26,0.49,0.23,98.01,1.28,SmallMetro,0,0,0,1,0,0,East Midlands,10,East Lindsey 008,19.6,1,112,21.952,634
E02005436,4.0,8.0,46.84,46.84,0.55,0.17,98.08,1.2,SmallMetro,0,0,0,1,0,0,East Midlands,10,East Lindsey 013,24.1,1,79,19.039,380
E02005445,3.0,8.0,25.89,49.13,4.35,2.0,89.13,4.53,LargeCentralMetro,1,0,0,0,0,0,East Midlands,6,Lincoln 004,32.0,1,197,63.04,1266
E02005444,7.0,8.0,23.93,30.36,2.88,1.54,92.31,3.27,LargeCentralMetro,1,0,0,0,0,0,East Midlands,2,Lincoln 003,55.6,1,117,65.052,392
E02005427,4.0,9.0,35.76,49.07,1.04,0.2,97.17,1.58,LargeCentralMetro,1,0,0,0,0,0,East Midlands,,East Lindsey 004,35.8,1,151,54.058,864
E02006867,8.0,6.0,22.13,51.17,1.47,0.48,96.18,1.86,LargeCentralMetro,1,0,0,0,0,0,East Midlands,10,North Kesteven 014,36.89,2,366,135.0,1925
E02005449,5.0,7.0,24.72,49.97,5.27,2.1,89.35,3.28,LargeCentralMetro,1,0,0,0,0,0,East Midlands,4,Lincoln 008,42.9,3,534,229.08,3320
E02005502,7.0,6.0,32.08,52.79,1.2,0.26,97.08,1.46,MediumMetro,0,0,1,0,0,0,East Midlands,,West Lindsey 011,31.1,1,106,32.966,591
E02005478,5.0,8.0,29.41,46.7,3.49,0.77,93.67,2.07,LargeFringeMetro,0,1,0,0,0,0,East Midlands,9,South Kesteven 003,22.2,1,221,49.062,1379
E02005462,4.0,7.0,27.76,51.22,1.23,0.44,96.23,2.1,LargeFringeMetro,0,1,0,0,0,0,East Midlands,10,North Kesteven 010,24.4,1,389,94.916,2329
E02005458,7.0,5.0,24.26,49.7,0.86,0.15,98.01,0.98,Micropolitan,0,0,0,0,1,0,East Midlands,9,North Kesteven 006,27.8,1,169,46.982000000000006,994
E02005435,3.0,10.0,60.81,51.93,1.16,0.11,97.6,1.13,LargeFringeMetro,0,1,0,0,0,0,East Midlands,9,East Lindsey 012,4.7,1,148,6.956,932
E02005425,5.0,7.0,40.74,49.88,0.71,0.14,97.94,1.21,SmallMetro,0,0,0,1,0,0,East Midlands,10,East Lindsey 002,29.6,1,81,23.976000000000003,431
E02005471,4.0,5.0,22.93,49.38,1.73,0.67,95.23,2.37,LargeCentralMetro,1,0,0,0,0,0,East Midlands,10,South Holland 007,31.2,1,266,82.992,1448
E02005490,6.0,5.0,34.94,44.89,1.24,0.48,96.33,1.95,LargeCentralMetro,1,0,0,0,0,0,East Midlands,10,South Kesteven 015,18.1,1,83,15.023000000000001,597
E02005423,4.0,8.0,37.25,52.5,0.89,0.4,97.0,1.71,SmallMetro,0,0,0,1,0,0,East Midlands,10,Boston 007,15.7,1,102,16.014,600
E02005467,4.0,7.0,28.88,48.28,1.05,0.36,97.32,1.27,SmallMetro,0,0,0,1,0,0,East Midlands,10,South Holland 003,28.4,1,232,65.88799999999999,1394
E02005481,5.0,8.0,37.79,56.48,2.74,1.0,93.56,2.7,LargeFringeMetro,0,1,0,0,0,0,East Midlands,9,South Kesteven 006,26.7,1,172,45.924,903
E02005499,8.0,5.0,17.5,48.28,0.67,0.3,97.68,1.35,MediumMetro,0,0,1,0,0,0,East Midlands,10,West Lindsey 008,52.9,1,240,126.96000000000001,1479
E02005441,4.0,7.0,50.91,47.3,0.68,0.2,98.04,1.07,Noncore,0,0,0,0,0,1,East Midlands,10,East Lindsey 018,12.7,1,55,6.985,315
E02005537,5.0,6.0,18.63,48.32,0.75,0.23,97.78,1.24,MediumMetro,0,0,1,0,0,0,East of England,10,Broadland 018,47.1,1,102,48.042,685
E02005513,6.0,6.0,20.77,50.76,1.45,0.6,95.94,2.01,LargeCentralMetro,1,0,0,0,0,0,East of England,10,Breckland 011,41.5,1,130,53.949999999999996,920
E02005520,6.0,4.0,26.24,52.44,0.53,0.26,97.94,1.28,Micropolitan,0,0,0,0,1,0,East of England,10,Broadland 001,41.1,1,202,83.022,1108
E02005540,5.0,8.0,40.37,49.45,0.91,0.26,97.66,1.17,SmallMetro,0,0,0,1,0,0,East of England,10,Great Yarmouth 003,46.8,1,109,51.012,635
E02005593,3.0,4.0,50.37,51.61,11.37,4.35,77.06,7.22,LargeCentralMetro,1,0,0,0,0,0,East of England,10,Norwich 010,29.6,1,135,39.96000000000001,682
E02005595,8.0,4.0,25.1,49.47,5.7,1.42,88.98,3.9,LargeCentralMetro,1,0,0,0,0,0,East of England,10,Norwich 012,52.9,1,259,137.011,1708
E02005547,5.0,6.0,39.13,46.78,4.24,0.76,92.87,2.13,LargeFringeMetro,0,1,0,0,0,0,East of England,10,Great Yarmouth 010,28.3,1,138,39.054,808
E02005572,4.0,8.0,27.07,50.92,0.85,0.29,97.5,1.37,SmallMetro,0,0,0,1,0,0,East of England,10,North Norfolk 003,59.4,1,133,79.002,650
E02005611,6.0,3.0,18.62,49.24,1.78,0.77,95.55,1.89,LargeFringeMetro,0,1,0,0,0,0,East of England,7,South Norfolk 015,44.8,1,145,64.96,918
E02005580,5.0,7.0,24.22,50.87,0.81,0.16,97.89,1.14,SmallMetro,0,0,0,1,0,0,East of England,4,North Norfolk 011,35.2,1,128,45.056000000000004,743
E02005541,3.0,10.0,54.78,53.74,1.73,1.25,94.34,2.68,LargeFringeMetro,0,1,0,0,0,0,East of England,,Great Yarmouth 004,34.4,1,157,54.007999999999996,895
E02005530,7.0,6.0,25.1,46.09,2.46,1.05,94.05,2.44,LargeCentralMetro,1,0,0,0,0,0,East of England,9,Broadland 011,31.7,1,243,77.031,1523
E02005599,7.0,3.0,15.7,47.89,2.72,1.32,93.04,2.92,MediumMetro,0,0,1,0,0,0,East of England,6,South Norfolk 003,71.3,1,223,158.999,1209
E02005596,3.0,8.0,28.72,34.98,4.11,1.92,90.14,3.83,LargeCentralMetro,1,0,0,0,0,0,East of England,8,Norwich 013,53.21,2,188,100.02799999999999,909
E02005604,7.0,3.0,17.69,50.93,0.83,0.25,97.28,1.65,MediumMetro,0,0,1,0,0,0,East of England,9,South Norfolk 008,50.0,1,130,65.0,697
E02005569,7.0,7.0,20.69,46.74,0.82,0.9,94.22,4.05,Noncore,0,0,0,0,0,1,East of England,10,King's Lynn and West Norfolk 019,37.9,1,116,43.964,582
E02007053,4.0,7.0,19.95,55.59,7.88,2.68,83.47,5.97,LargeCentralMetro,1,0,0,0,0,0,East of England,3,Norwich 017,67.0,2,391,261.98699999999997,2673
E02005559,6.0,9.0,24.86,50.53,2.79,0.54,93.68,2.99,LargeFringeMetro,0,1,0,0,0,0,East of England,2,King's Lynn and West Norfolk 009,33.7,1,181,60.99700000000001,952
E02005607,7.0,3.0,19.59,49.79,0.74,0.34,97.91,1.01,MediumMetro,0,0,1,0,0,0,East of England,,South Norfolk 011,54.1,1,148,80.06800000000001,715
E02005545,6.0,6.0,29.91,49.95,0.96,0.31,97.76,0.97,LargeFringeMetro,0,1,0,0,0,0,East of England,10,Great Yarmouth 008,41.5,1,224,92.96,1109
E02005563,5.0,8.0,19.73,49.38,1.0,0.29,97.56,1.15,Noncore,0,0,0,0,0,1,East of England,9,King's Lynn and West Norfolk 013,44.9,1,147,66.003,808
E02005509,4.0,10.0,38.18,50.81,1.26,0.33,96.62,1.79,SmallMetro,0,0,0,1,0,0,East of England,10,Breckland 007,29.1,1,110,32.010000000000005,683
E02005505,6.0,8.0,25.0,50.63,1.42,0.46,96.73,1.38,LargeCentralMetro,1,0,0,0,0,0,East of England,9,Breckland 003,42.3,1,156,65.988,1187
E02005587,3.0,6.0,40.38,49.11,2.05,1.61,92.93,3.41,LargeCentralMetro,1,0,0,0,0,0,East of England,8,Norwich 004,34.6,1,104,35.984,560
E02005548,3.0,9.0,45.76,46.9,5.1,0.69,92.19,2.02,LargeFringeMetro,0,1,0,0,0,0,East of England,10,Great Yarmouth 011,44.6,1,177,78.94200000000001,902
E02007054,8.0,5.0,26.13,51.66,5.39,2.93,88.2,3.49,LargeCentralMetro,1,0,0,0,0,0,East of England,7,South Norfolk 016,44.6,1,222,99.012,1477
E02005521,7.0,2.0,19.35,46.7,0.51,0.17,97.97,1.35,Micropolitan,0,0,0,0,1,0,East of England,9,Broadland 002,44.5,1,155,68.975,1015
E02005558,6.0,7.0,27.41,51.34,0.45,0.19,98.55,0.82,Noncore,0,0,0,0,0,1,East of England,10,King's Lynn and West Norfolk 008,37.0,1,135,49.95,709
E02005586,4.0,6.0,36.0,50.57,3.18,2.13,90.54,4.15,LargeCentralMetro,1,0,0,0,0,0,East of England,6,Norwich 003,29.3,1,150,43.949999999999996,789
E02005570,6.0,3.0,20.16,49.27,0.78,0.13,98.17,0.93,SmallMetro,0,0,0,1,0,0,East of England,5,North Norfolk 001,46.0,1,124,57.04,688
E02005551,3.0,8.0,27.66,53.9,0.82,0.19,97.4,1.59,SmallMetro,0,0,0,1,0,0,East of England,,King's Lynn and West Norfolk 001,27.7,1,94,26.037999999999997,564
E02005560,5.0,7.0,14.29,53.24,12.17,2.14,82.05,3.64,LargeFringeMetro,0,1,0,0,0,0,East of England,9,King's Lynn and West Norfolk 010,47.1,1,280,131.88,1957
E02005582,4.0,7.0,31.52,47.52,0.38,0.19,98.21,1.22,SmallMetro,0,0,0,1,0,0,East of England,8,North Norfolk 013,39.1,1,92,35.972,484
E02005525,8.0,4.0,15.21,48.43,1.77,0.77,95.61,1.85,LargeCentralMetro,1,0,0,0,0,0,East of England,9,Broadland 006,53.0,1,217,115.01,1241
E02005518,7.0,4.0,28.15,50.4,1.55,0.74,93.89,3.82,LargeFringeMetro,0,1,0,0,0,0,East of England,7,Breckland 016,41.6,1,238,99.00800000000001,1361
E02005534,9.0,4.0,15.82,46.67,0.96,0.57,96.46,2.01,LargeCentralMetro,1,0,0,0,0,0,East of England,9,Broadland 015,50.2,1,297,149.094,1834
E02005511,4.0,5.0,23.58,49.27,0.87,0.5,96.98,1.65,LargeFringeMetro,0,1,0,0,0,0,East of England,9,Breckland 009,63.2,1,106,66.992,548
E02005600,8.0,4.0,10.1,50.94,1.33,2.29,94.48,1.9,Micropolitan,0,0,0,0,1,0,East of England,9,South Norfolk 004,66.8,1,208,138.944,1441
E02005603,7.0,5.0,13.08,51.01,1.67,0.89,95.37,2.08,LargeCentralMetro,1,0,0,0,0,0,East of England,4,South Norfolk 007,54.2,1,260,140.92000000000002,1639
E02005719,4.0,10.0,27.78,55.5,0.48,0.27,98.2,1.05,MediumMetro,0,0,1,0,0,0,North East,4,Northumberland 032,34.0,1,144,48.96,627
E02005706,4.0,8.0,30.71,46.42,0.96,0.21,97.6,1.24,LargeFringeMetro,0,1,0,0,0,0,North East,4,Northumberland 001,34.3,1,140,48.019999999999996,586
E02005712,5.0,9.0,37.93,50.0,1.46,0.58,96.66,1.3,LargeCentralMetro,1,0,0,0,0,0,North East,9,Northumberland 025,58.6,1,145,84.97,772
E02005718,8.0,10.0,21.53,50.17,0.59,0.18,98.34,0.89,LargeCentralMetro,1,0,0,0,0,0,North East,10,Northumberland 031,46.9,1,339,158.99099999999999,2021
E02005733,8.0,7.0,39.73,49.17,0.4,0.12,98.6,0.88,SmallMetro,0,0,0,1,0,0,North East,10,Northumberland 040,13.7,1,73,10.001,421
E02005704,6.0,9.0,30.59,47.33,0.46,0.09,98.87,0.59,SmallMetro,0,0,0,1,0,0,North East,6,Northumberland 006,23.5,1,85,19.974999999999998,636
E02005721,7.0,9.0,12.46,52.01,0.68,0.04,98.42,0.86,LargeCentralMetro,1,0,0,0,0,0,North East,3,Northumberland 011,57.9,1,337,195.123,1340
E02005736,2.0,10.0,48.4,52.73,2.01,0.21,96.43,1.35,LargeCentralMetro,1,0,0,0,0,0,North East,6,Northumberland 013,20.7,1,188,38.916,1045
E02005730,7.0,8.0,15.95,47.47,0.92,0.13,97.75,1.21,LargeCentralMetro,1,0,0,0,0,0,North East,10,Northumberland 035,52.8,1,301,158.928,1304
E02005741,6.0,9.0,26.2,53.79,0.79,0.07,98.15,0.99,LargeCentralMetro,1,0,0,0,0,0,North East,8,Northumberland 021,31.0,1,187,57.97,1056
E02005992,7.0,6.0,28.07,36.39,4.28,1.11,91.43,3.18,LargeCentralMetro,1,0,0,0,0,0,South East,10,Vale of White Horse 015,22.22,2,171,37.992,775
E02006003,7.0,6.0,9.86,47.72,1.77,0.62,94.96,2.65,MediumMetro,0,0,1,0,0,0,South East,7,West Oxfordshire 011,66.7,1,213,142.071,1383
E02005934,7.0,6.0,12.25,52.25,4.64,1.76,89.2,4.39,LargeCentralMetro,1,0,0,0,0,0,South East,8,Cherwell 014,49.0,1,204,99.96,1198
E02005926,7.0,7.0,25.0,47.98,5.24,1.42,89.81,3.53,LargeFringeMetro,0,1,0,0,0,0,South East,7,Cherwell 006,35.3,3,300,105.893,1861
E02006004,8.0,6.0,13.88,52.11,1.12,0.67,96.36,1.85,SmallMetro,0,0,0,1,0,0,South East,9,West Oxfordshire 012,59.6,1,245,146.01999999999998,1443
E02006005,8.0,7.0,19.82,49.13,1.76,1.06,94.47,2.71,LargeFringeMetro,0,1,0,0,0,0,South East,4,West Oxfordshire 013,18.9,1,111,20.978999999999996,743
E02005949,4.0,4.0,28.37,50.7,21.64,6.07,62.53,9.75,LargeCentralMetro,1,0,0,0,0,0,South East,1,Oxford 010,48.6,1,282,137.052,1704
E02005942,10.0,1.0,21.56,48.95,10.69,1.52,80.28,7.51,LargeCentralMetro,1,0,0,0,0,0,South East,1,Oxford 003,66.2,1,269,178.078,2008
E02005993,7.0,7.0,16.27,51.12,2.98,0.58,94.44,2.0,SmallMetro,0,0,0,1,0,0,South East,7,West Oxfordshire 001,59.6,1,166,98.93599999999999,1029
E02005933,7.0,7.0,15.91,49.59,5.05,1.85,88.98,4.12,LargeCentralMetro,1,0,0,0,0,0,South East,8,Cherwell 013,39.5,1,220,86.9,1228
E02005967,7.0,6.0,12.21,100.0,6.71,2.54,86.77,3.98,LargeCentralMetro,1,0,0,0,0,0,South East,8,South Oxfordshire 010,72.1,1,262,188.902,1643
E02006886,6.0,3.0,16.59,48.89,1.54,1.28,94.28,2.9,MediumMetro,0,0,1,0,0,0,South East,10,Vale of White Horse 016,39.7,1,229,90.91300000000001,1436
E02005974,9.0,3.0,14.04,50.87,2.58,0.65,92.67,4.1,LargeCentralMetro,1,0,0,0,0,0,South East,6,South Oxfordshire 017,76.0,1,171,129.96,918
E02005939,8.0,5.0,23.58,44.93,5.66,1.61,88.04,4.69,LargeCentralMetro,1,0,0,0,0,0,South East,10,Cherwell 019,41.5,1,123,51.044999999999995,848
E02006002,6.0,7.0,14.88,48.56,2.67,0.78,93.4,3.15,LargeFringeMetro,0,1,0,0,0,0,South East,4,West Oxfordshire 010,35.7,1,168,59.976000000000006,1075
E02005983,7.0,7.0,17.32,45.53,5.22,2.05,88.49,4.24,LargeCentralMetro,1,0,0,0,0,0,South East,10,Vale of White Horse 006,41.9,1,179,75.00099999999999,995
E02005991,7.0,5.0,15.02,48.89,2.08,1.2,94.26,2.45,LargeFringeMetro,0,1,0,0,0,0,South East,10,Vale of White Horse 014,43.8,1,233,102.05399999999999,1763
E02005975,9.0,3.0,11.21,47.26,1.6,0.75,95.16,2.49,MediumMetro,0,0,1,0,0,0,South East,6,South Oxfordshire 018,70.7,1,116,82.01200000000001,620
E02005960,8.0,5.0,15.07,49.26,1.62,0.84,94.3,3.24,LargeCentralMetro,1,0,0,0,0,0,South East,10,South Oxfordshire 003,47.8,1,345,164.91,2290
E02005996,8.0,2.0,12.29,51.15,1.94,0.62,94.65,2.8,MediumMetro,0,0,1,0,0,0,South East,10,West Oxfordshire 004,62.6,1,179,112.054,1085
E02005978,8.0,2.0,8.7,49.44,6.91,1.65,86.19,5.25,LargeCentralMetro,1,0,0,0,0,0,South East,8,Vale of White Horse 001,65.2,1,207,134.964,1250
E02005922,7.0,5.0,27.59,51.61,4.58,2.2,89.21,4.01,LargeFringeMetro,0,1,0,0,0,0,South East,6,Cherwell 002,51.7,1,174,89.958,1023
E02007116,4.0,4.0,26.51,48.85,24.52,4.47,61.62,9.39,LargeCentralMetro,1,0,0,0,0,0,South East,1,Oxford 019,49.8,1,215,107.07,1306
E02005971,7.0,7.0,15.79,0.0,3.03,0.86,93.82,2.28,LargeCentralMetro,1,0,0,0,0,0,South East,8,South Oxfordshire 014,50.9,1,171,87.039,1212
E02005969,8.0,5.0,15.84,48.09,1.87,0.56,95.38,2.2,MediumMetro,0,0,1,0,0,0,South East,10,South Oxfordshire 012,62.9,1,221,139.00900000000001,1437
E02005928,8.0,4.0,21.43,48.66,3.16,1.16,92.59,3.09,Noncore,0,0,0,0,0,1,South East,10,Cherwell 008,42.5,1,266,113.05,1527
E02005959,9.0,4.0,20.69,50.17,3.41,1.27,90.78,4.53,Micropolitan,0,0,0,0,1,0,South East,6,South Oxfordshire 002,56.9,1,174,99.00599999999999,1146
E02006076,6.0,6.0,16.67,47.29,0.5,0.21,98.12,1.18,SmallMetro,0,0,0,1,0,0,South West,9,South Somerset 002,45.1,1,102,46.002,516
E02006112,10.0,5.0,19.63,46.89,1.82,0.34,96.25,1.59,LargeFringeMetro,0,1,0,0,0,0,South West,2,Somerset West and Taunton 019,44.7,1,219,97.893,1109
E02006054,6.0,6.0,16.32,48.93,1.45,0.2,96.36,1.98,LargeFringeMetro,0,1,0,0,0,0,South West,4,Mendip 008,50.6,1,239,120.934,1357
E02006067,8.0,4.0,14.71,0.0,0.11,0.31,98.4,1.18,Noncore,0,0,0,0,0,1,South West,9,Sedgemoor 007,35.3,1,68,24.003999999999998,346
E02006109,10.0,5.0,10.88,50.75,4.32,0.85,93.0,1.83,LargeFringeMetro,0,1,0,0,0,0,South West,3,Somerset West and Taunton 016,57.7,1,239,137.90300000000002,1202
E02006110,5.0,8.0,18.67,49.15,1.79,0.91,95.73,1.57,LargeFringeMetro,0,1,0,0,0,0,South West,4,Somerset West and Taunton 018,43.3,1,150,64.95,826
E02006060,6.0,7.0,21.46,51.66,1.57,0.65,95.77,2.01,LargeFringeMetro,0,1,0,0,0,0,South West,8,Mendip 014,38.8,1,219,84.972,1022
E02006071,8.0,6.0,17.86,54.72,1.02,0.24,97.25,1.48,LargeCentralMetro,1,0,0,0,0,0,South West,7,Sedgemoor 011,48.2,1,224,107.968,1060
E02006097,4.0,8.0,23.71,49.28,0.91,1.15,95.21,2.72,LargeFringeMetro,0,1,0,0,0,0,South West,5,South Somerset 023,29.7,1,232,68.904,1321
E02006061,8.0,4.0,10.82,48.29,0.97,0.26,97.15,1.62,MediumMetro,0,0,1,0,0,0,South West,8,Sedgemoor 001,53.7,1,268,143.916,1050
E02006101,7.0,4.0,16.57,49.49,0.42,0.16,98.05,1.37,SmallMetro,0,0,0,1,0,0,South West,7,Somerset West and Taunton 013,39.1,1,169,66.07900000000001,879
E02006090,6.0,9.0,20.13,48.22,1.79,0.51,95.8,1.89,LargeFringeMetro,0,1,0,0,0,0,South West,7,South Somerset 016,40.3,1,154,62.062,983
E02006073,2.0,9.0,35.14,50.96,2.07,0.46,94.74,2.73,LargeCentralMetro,1,0,0,0,0,0,South West,3,Sedgemoor 013,37.8,1,185,69.92999999999999,1042
E02006057,4.0,8.0,29.55,49.12,1.35,0.39,96.13,2.13,SmallMetro,0,0,0,1,0,0,South West,10,Mendip 011,51.1,1,88,44.968,509
E02006075,8.0,3.0,12.96,54.12,0.94,0.67,96.91,1.48,Noncore,0,0,0,0,0,1,South West,10,South Somerset 001,52.8,1,108,57.024,667
E02006091,7.0,6.0,11.36,46.92,0.3,0.13,98.33,1.23,Noncore,0,0,0,0,0,1,South West,10,South Somerset 017,47.7,1,132,62.964000000000006,812
E02006095,5.0,7.0,18.42,49.02,0.63,0.25,97.75,1.36,SmallMetro,0,0,0,1,0,0,South West,6,South Somerset 021,37.5,1,152,57.0,769
E02006114,4.0,7.0,21.4,49.87,0.41,0.11,98.15,1.33,LargeFringeMetro,0,1,0,0,0,0,South West,9,Somerset West and Taunton 002,32.6,1,215,70.09,760
E02006087,5.0,9.0,17.07,51.71,1.86,0.91,95.31,1.91,LargeFringeMetro,0,1,0,0,0,0,South West,5,South Somerset 013,38.0,1,205,77.9,1025
E02006052,8.0,4.0,19.82,51.73,0.83,0.3,97.04,1.83,SmallMetro,0,0,0,1,0,0,South West,6,Mendip 006,35.1,1,111,38.961000000000006,578
E02006290,4.0,6.0,26.67,49.26,1.43,0.3,96.55,1.73,SmallMetro,0,0,0,1,0,0,East of England,9,East Suffolk 019,23.7,1,135,31.994999999999997,674
E02006311,4.0,8.0,26.05,50.69,1.37,0.1,97.0,1.54,LargeFringeMetro,0,1,0,0,0,0,East of England,4,East Suffolk 010,36.34,2,311,113.00899999999999,1677
E02006303,2.0,10.0,36.44,50.6,0.76,0.44,97.53,1.27,LargeFringeMetro,0,1,0,0,0,0,East of England,5,East Suffolk 002,39.98,2,365,145.925,1992
E02006238,6.0,8.0,25.0,48.29,1.11,1.25,94.33,3.3,SmallMetro,0,0,0,1,0,0,East of England,10,West Suffolk 002,32.7,1,104,34.008,613
E02006314,5.0,7.0,20.86,49.9,2.05,0.26,96.31,1.38,SmallMetro,0,0,0,1,0,0,East of England,6,East Suffolk 013,35.8,1,187,66.946,996
E02006278,6.0,6.0,18.39,47.78,3.14,2.04,89.75,5.07,LargeFringeMetro,0,1,0,0,0,0,East of England,3,West Suffolk 011,44.35,2,397,176.06,1938
E02006284,6.0,5.0,27.4,52.58,3.1,0.87,93.42,2.61,LargeFringeMetro,0,1,0,0,0,0,East of England,4,West Suffolk 019,32.2,1,146,47.012,757
E02006254,2.0,7.0,44.32,49.19,6.12,5.24,80.45,8.19,LargeCentralMetro,1,0,0,0,0,0,East of England,7,Ipswich 010,26.1,1,176,45.936,984
E02006252,7.0,6.0,18.12,47.29,8.56,2.98,81.56,6.9,LargeCentralMetro,1,0,0,0,0,0,East of England,7,Ipswich 008,48.1,1,320,153.92000000000002,1937
E02006267,8.0,3.0,10.14,47.35,0.44,0.41,97.59,1.56,MediumMetro,0,0,1,0,0,0,East of England,8,Mid Suffolk 007,68.1,1,138,93.978,699
E02006236,8.0,4.0,14.75,50.56,0.66,0.24,97.46,1.64,MediumMetro,0,0,1,0,0,0,East of England,8,Babergh 010,48.1,1,183,88.02300000000001,894
E02006306,4.0,8.0,41.33,50.97,0.73,0.69,96.94,1.65,LargeFringeMetro,0,1,0,0,0,0,East of England,3,East Suffolk 005,42.7,1,150,64.05000000000001,826
E02006294,6.0,6.0,19.4,49.23,1.22,0.37,95.71,2.7,LargeCentralMetro,1,0,0,0,0,0,East of England,3,East Suffolk 022,39.8,1,299,119.002,1883
E02006300,3.0,9.0,28.57,50.21,1.5,1.11,94.94,2.46,LargeCentralMetro,1,0,0,0,0,0,East of England,8,East Suffolk 029,26.8,1,231,61.908,1211
E02006230,6.0,5.0,18.59,50.21,1.08,1.15,95.8,1.97,MediumMetro,0,0,1,0,0,0,East of England,9,Babergh 004,40.4,1,156,63.023999999999994,731
E02006261,8.0,3.0,15.19,49.86,0.96,0.29,97.46,1.29,SmallMetro,0,0,0,1,0,0,East of England,8,Mid Suffolk 001,57.6,1,158,91.00800000000001,1051
E02006237,8.0,3.0,24.79,49.24,1.03,0.88,96.12,1.97,MediumMetro,0,0,1,0,0,0,East of England,10,Babergh 011,34.2,1,117,40.014,593
E02006258,4.0,8.0,38.42,51.79,7.28,4.14,80.82,7.76,LargeCentralMetro,1,0,0,0,0,0,East of England,5,Ipswich 014,29.5,1,190,56.05,1006
E02006274,8.0,4.0,17.0,49.36,0.99,0.92,96.23,1.86,SmallMetro,0,0,0,1,0,0,East of England,8,West Suffolk 006,37.0,1,100,37.0,547
E02006295,8.0,5.0,13.68,50.27,2.55,1.05,93.52,2.87,LargeCentralMetro,1,0,0,0,0,0,East of England,10,East Suffolk 024,52.4,1,307,160.868,1858
E02006241,5.0,7.0,28.38,48.43,2.04,1.96,90.65,5.36,LargeFringeMetro,0,1,0,0,0,0,East of England,4,West Suffolk 004,27.0,1,222,59.940000000000005,1338
E02006826,6.0,4.0,20.62,49.82,5.98,1.47,88.03,4.52,LargeCentralMetro,1,0,0,0,0,0,East of England,5,West Suffolk 015,45.6,1,160,72.96000000000001,813
E02006248,7.0,6.0,18.4,50.85,6.59,2.04,85.5,5.87,LargeCentralMetro,1,0,0,0,0,0,East of England,7,Ipswich 004,55.2,1,250,138.0,1709
E02006245,5.0,9.0,33.33,51.83,2.78,2.72,87.25,7.25,LargeCentralMetro,1,0,0,0,0,0,East of England,10,Ipswich 001,34.2,1,111,37.962,739
E02006233,4.0,8.0,29.7,44.92,1.7,0.5,95.22,2.58,LargeFringeMetro,0,1,0,0,0,0,East of England,8,Babergh 007,41.6,1,101,42.016000000000005,679
E02006253,9.0,6.0,21.39,52.41,6.0,1.96,87.71,4.33,LargeCentralMetro,1,0,0,0,0,0,East of England,5,Ipswich 009,41.6,1,173,71.968,996
E02006286,6.0,6.0,15.9,49.48,3.16,1.28,93.23,2.33,LargeFringeMetro,0,1,0,0,0,0,East of England,4,West Suffolk 020,42.1,1,195,82.09500000000001,1152
E02006256,2.0,8.0,40.97,50.51,3.43,5.86,82.4,8.32,LargeCentralMetro,1,0,0,0,0,0,East of England,6,Ipswich 012,21.5,1,144,30.96,790
E02006282,7.0,5.0,16.81,48.68,0.57,0.12,98.18,1.13,Noncore,0,0,0,0,0,1,East of England,8,West Suffolk 017,42.5,1,113,48.025,569
E02006263,8.0,2.0,20.0,51.92,0.33,0.42,98.17,1.08,SmallMetro,0,0,0,1,0,0,East of England,8,Mid Suffolk 003,47.3,1,55,26.014999999999997,339
E02006276,6.0,6.0,15.69,44.82,1.69,0.6,95.01,2.71,Noncore,0,0,0,0,0,1,East of England,,West Suffolk 016,55.9,1,102,57.017999999999994,627
E02006234,4.0,7.0,19.29,49.66,0.89,0.46,97.11,1.54,LargeFringeMetro,0,1,0,0,0,0,East of England,10,Babergh 008,45.7,1,254,116.078,1615
E02006288,7.0,3.0,17.34,49.05,1.17,0.28,96.86,1.69,SmallMetro,0,0,0,1,0,0,East of England,6,East Suffolk 017,46.2,1,173,79.926,1001
E02006264,6.0,4.0,16.23,50.67,0.5,0.42,97.6,1.49,SmallMetro,0,0,0,1,0,0,East of England,7,Mid Suffolk 004,50.6,1,265,134.09,1484
E02006247,3.0,7.0,37.5,47.69,3.6,3.11,86.6,6.68,LargeCentralMetro,1,0,0,0,0,0,East of England,8,Ipswich 003,33.5,1,200,67.0,1038
E02006357,6.0,4.0,17.45,49.21,4.65,1.18,90.97,3.2,LargeCentralMetro,1,0,0,0,0,0,South East,10,Guildford 014,53.8,1,212,114.05599999999998,1209
E02006377,9.0,3.0,16.13,49.41,7.94,1.05,85.38,5.63,LargeCentralMetro,1,0,0,0,0,0,South East,10,Reigate and Banstead 003,51.2,1,217,111.104,1022
E02006459,3.0,2.0,24.62,51.18,49.96,2.24,40.64,7.16,LargeCentralMetro,1,0,0,0,0,0,South East,10,Woking 004,42.3,1,130,54.989999999999995,805
E02006413,7.0,5.0,8.7,48.5,6.54,1.61,86.41,5.44,LargeCentralMetro,1,0,0,0,0,0,South East,10,Spelthorne 011,61.4,1,184,112.976,1200
E02006341,7.0,3.0,12.6,29.0,10.26,2.68,79.84,7.22,LargeCentralMetro,1,0,0,0,0,0,South East,6,Epsom and Ewell 007,57.4,2,484,277.822,3086
E02006399,6.0,5.0,13.13,48.02,8.0,1.95,84.88,5.18,LargeCentralMetro,1,0,0,0,0,0,South East,9,Runnymede 007,61.83,3,571,353.068,3411
E02006350,4.0,7.0,22.48,51.35,7.14,1.55,85.84,5.47,LargeCentralMetro,1,0,0,0,0,0,South East,10,Guildford 007,36.4,1,129,46.955999999999996,668
E02006419,5.0,4.0,13.82,49.12,11.17,1.67,82.11,5.04,LargeCentralMetro,1,0,0,0,0,0,South East,7,Surrey Heath 004,43.4,1,304,131.936,1714
E02006336,6.0,4.0,19.61,46.85,11.21,2.94,78.27,7.57,LargeCentralMetro,1,0,0,0,0,0,South East,5,Epsom and Ewell 002,41.2,1,153,63.03600000000001,1046
E02006329,9.0,2.0,14.68,52.65,6.58,0.96,86.26,6.21,LargeCentralMetro,1,0,0,0,0,0,South East,10,Elmbridge 013,60.6,1,218,132.108,1130
E02006440,8.0,2.0,14.75,48.93,3.38,1.15,92.6,2.88,LargeCentralMetro,1,0,0,0,0,0,South East,,Waverley 002,40.1,1,217,87.01700000000001,1077
E02006402,9.0,3.0,13.56,49.6,6.42,0.92,88.32,4.34,LargeCentralMetro,1,0,0,0,0,0,South East,10,Runnymede 010,58.5,1,236,138.06,1367
E02006354,10.0,2.0,8.03,45.61,7.57,0.92,85.59,5.92,LargeCentralMetro,1,0,0,0,0,0,South East,10,Guildford 011,68.9,1,299,206.01100000000002,1938
E02006421,9.0,2.0,8.66,46.08,6.38,1.93,87.51,4.19,LargeCentralMetro,1,0,0,0,0,0,South East,5,Surrey Heath 006,76.4,1,127,97.028,981
E02006358,8.0,4.0,5.52,48.57,15.38,2.4,74.43,7.79,LargeCentralMetro,1,0,0,0,0,0,South East,5,Guildford 015,64.6,1,181,116.92599999999999,1190
E02006328,8.0,2.0,3.27,46.5,6.01,1.44,86.36,6.2,LargeCentralMetro,1,0,0,0,0,0,South East,8,Elmbridge 012,77.1,1,214,164.99399999999997,1230
E02006325,10.0,1.0,5.96,45.62,9.18,0.5,84.24,6.08,LargeCentralMetro,1,0,0,0,0,0,South East,6,Elmbridge 009,81.2,1,218,177.01600000000002,1381
E02006467,9.0,2.0,29.25,49.88,7.7,1.18,86.63,4.48,LargeCentralMetro,1,0,0,0,0,0,South East,,Woking 012,42.9,1,147,63.063,856
E02006346,9.0,2.0,7.92,48.84,1.79,0.65,95.05,2.51,LargeCentralMetro,1,0,0,0,0,0,South East,10,Guildford 003,66.3,1,240,159.11999999999998,1503
E02006355,5.0,7.0,29.67,51.41,19.07,4.11,69.36,7.46,LargeCentralMetro,1,0,0,0,0,0,South East,8,Guildford 012,41.8,1,91,38.038,566
E02006395,6.0,4.0,18.92,50.53,9.66,1.38,83.62,5.34,LargeCentralMetro,1,0,0,0,0,0,South East,8,Runnymede 003,46.5,1,185,86.025,1029
E02006409,6.0,4.0,25.56,48.7,10.0,1.65,83.42,4.93,LargeCentralMetro,1,0,0,0,0,0,South East,7,Spelthorne 007,46.7,1,180,84.06,959
E02006391,8.0,4.0,19.23,46.88,6.33,2.5,86.74,4.42,LargeCentralMetro,1,0,0,0,0,0,South East,10,Reigate and Banstead 017,33.6,1,286,96.096,1600
E02006433,9.0,2.0,17.65,50.4,1.79,0.9,94.54,2.77,LargeCentralMetro,1,0,0,0,0,0,South East,10,Tandridge 006,39.2,1,255,99.96000000000001,1611
E02006449,8.0,5.0,13.11,50.57,1.55,0.29,95.3,2.86,LargeCentralMetro,1,0,0,0,0,0,South East,10,Waverley 011,63.9,1,183,116.937,880
E02006342,7.0,3.0,6.81,100.0,10.66,3.2,78.14,8.0,LargeCentralMetro,1,0,0,0,0,0,South East,7,Epsom and Ewell 008,80.0,1,235,188.0,1476
E02006384,6.0,4.0,7.23,51.59,13.61,4.48,75.34,6.57,LargeCentralMetro,1,0,0,0,0,0,South East,8,Reigate and Banstead 010,68.4,1,332,227.08800000000002,1952
E02006466,5.0,4.0,8.33,49.25,12.42,2.84,78.7,6.04,LargeCentralMetro,1,0,0,0,0,0,South East,7,Woking 011,65.8,1,240,157.92,1541
E02006415,9.0,6.0,14.43,46.95,3.82,0.46,91.89,3.83,LargeCentralMetro,1,0,0,0,0,0,South East,10,Spelthorne 013,50.7,1,201,101.907,1048
E02006405,7.0,4.0,25.9,50.36,15.26,2.89,75.49,6.37,LargeCentralMetro,1,0,0,0,0,0,South East,10,Spelthorne 003,30.2,1,139,41.978,687
E02006326,7.0,4.0,22.09,49.03,7.62,1.78,83.55,7.05,LargeCentralMetro,1,0,0,0,0,0,South East,8,Elmbridge 010,39.0,1,249,97.11,1391
E02006425,7.0,2.0,8.7,49.93,15.63,1.77,77.08,5.53,LargeCentralMetro,1,0,0,0,0,0,South East,2,Surrey Heath 010,62.5,1,299,186.875,1502
E02006429,8.0,3.0,19.23,48.82,7.06,4.82,80.84,7.28,LargeCentralMetro,1,0,0,0,0,0,South East,5,Tandridge 002,41.5,1,234,97.11,1442
E02006447,9.0,2.0,7.19,50.6,2.43,0.81,94.37,2.39,LargeCentralMetro,1,0,0,0,0,0,South East,6,Waverley 009,79.7,1,320,255.04000000000002,1666
E02006464,8.0,4.0,15.67,49.15,6.23,1.57,87.58,4.61,LargeCentralMetro,1,0,0,0,0,0,South East,8,Woking 009,48.7,1,300,146.10000000000002,1471
E02006458,9.0,4.0,19.74,47.02,7.55,1.25,86.1,5.1,LargeCentralMetro,1,0,0,0,0,0,South East,10,Woking 003,60.9,1,233,141.897,1208
E02006455,8.0,6.0,13.64,52.09,4.44,1.14,91.73,2.69,LargeCentralMetro,1,0,0,0,0,0,South East,10,Waverley 017,68.2,1,176,120.03200000000001,887
E02006510,6.0,6.0,21.54,49.68,1.43,0.19,96.66,1.72,MediumMetro,0,0,1,0,0,0,West Midlands,8,Stratford-on-Avon 007,68.5,1,130,89.05000000000001,632
E02006806,3.0,8.0,32.5,47.26,9.84,2.42,83.15,4.59,LargeCentralMetro,1,0,0,0,0,0,West Midlands,8,Nuneaton and Bedworth 018,40.6,1,160,64.96000000000001,912
E02006501,8.0,5.0,14.4,50.96,7.77,2.2,86.75,3.28,LargeCentralMetro,1,0,0,0,0,0,West Midlands,10,Rugby 010,58.0,1,257,149.06,1558
E02006494,4.0,8.0,35.4,53.05,7.04,5.0,82.84,5.11,LargeCentralMetro,1,0,0,0,0,0,West Midlands,8,Rugby 003,40.3,1,226,91.07799999999999,1114
E02006533,8.0,8.0,30.05,50.32,15.2,0.82,78.57,5.41,LargeCentralMetro,1,0,0,0,0,0,West Midlands,2,Warwick 015,37.8,1,193,72.954,1236
E02006473,7.0,7.0,21.54,52.36,1.23,0.5,95.3,2.97,LargeCentralMetro,1,0,0,0,0,0,West Midlands,10,North Warwickshire 006,36.4,1,195,70.98,1188
E02006477,7.0,7.0,33.93,47.78,8.48,1.8,86.62,3.1,LargeCentralMetro,1,0,0,0,0,0,West Midlands,10,Nuneaton and Bedworth 003,46.4,1,168,77.952,1170
E02006483,3.0,9.0,34.17,49.53,18.45,1.54,75.49,4.52,LargeCentralMetro,1,0,0,0,0,0,West Midlands,10,Nuneaton and Bedworth 009,42.5,1,120,51.0,848
E02006502,7.0,7.0,31.18,46.45,5.59,1.83,89.1,3.48,LargeCentralMetro,1,0,0,0,0,0,West Midlands,8,Rugby 011,46.2,1,186,85.932,874
E02006505,8.0,7.0,20.9,53.01,1.19,0.3,96.98,1.52,MediumMetro,0,0,1,0,0,0,West Midlands,10,Stratford-on-Avon 002,61.9,1,134,82.946,681
E02006475,6.0,6.0,20.66,49.76,5.69,1.69,90.18,2.44,LargeCentralMetro,1,0,0,0,0,0,West Midlands,10,Nuneaton and Bedworth 001,61.6,1,242,149.072,1477
E02006471,8.0,6.0,21.09,53.88,2.04,0.63,95.31,2.02,MediumMetro,0,0,1,0,0,0,West Midlands,8,North Warwickshire 004,27.3,1,128,34.944,631
E02006530,7.0,7.0,14.71,48.71,14.13,1.03,78.64,6.2,LargeCentralMetro,1,0,0,0,0,0,West Midlands,3,Warwick 012,51.8,1,272,140.89600000000002,1743
E02006489,4.0,8.0,37.2,51.16,13.33,3.04,78.18,5.45,LargeCentralMetro,1,0,0,0,0,0,West Midlands,10,Nuneaton and Bedworth 015,24.6,1,207,50.922000000000004,1427
E02006468,6.0,6.0,19.83,50.79,0.75,0.41,97.85,0.99,MediumMetro,0,0,1,0,0,0,West Midlands,7,North Warwickshire 001,35.4,1,237,83.898,1451
E02006470,5.0,9.0,20.91,48.76,1.35,0.5,96.36,1.78,LargeCentralMetro,1,0,0,0,0,0,West Midlands,4,North Warwickshire 003,43.6,1,110,47.96,724
E02006500,6.0,6.0,34.09,51.49,6.72,2.08,87.64,3.56,LargeCentralMetro,1,0,0,0,0,0,West Midlands,,Rugby 009,39.2,1,176,68.992,1111
E02006480,4.0,8.0,21.95,55.63,5.45,1.58,90.39,2.59,LargeCentralMetro,1,0,0,0,0,0,West Midlands,10,Nuneaton and Bedworth 006,44.5,1,164,72.98,1093
E02006518,6.0,6.0,24.37,50.5,0.72,0.12,97.65,1.51,SmallMetro,0,0,0,1,0,0,West Midlands,10,Stratford-on-Avon 015,43.7,1,119,52.00300000000001,600
E02006514,8.0,7.0,18.91,50.68,2.48,0.47,94.28,2.76,LargeCentralMetro,1,0,0,0,0,0,West Midlands,8,Stratford-on-Avon 011,47.4,1,312,147.888,1904
E02006506,6.0,7.0,19.39,49.94,1.26,0.35,96.44,1.95,LargeCentralMetro,1,0,0,0,0,0,West Midlands,10,Stratford-on-Avon 003,39.4,1,165,65.00999999999999,829
E02006574,5.0,8.0,22.73,46.31,0.83,0.26,97.37,1.54,LargeFringeMetro,0,1,0,0,0,0,South East,10,Chichester 014,38.6,1,88,33.968,501
E02006546,6.0,6.0,16.92,46.25,1.55,0.55,95.89,2.01,LargeCentralMetro,1,0,0,0,0,0,South East,10,Arun 005,35.8,1,260,93.08,1345
E02006571,6.0,6.0,8.94,50.73,1.66,0.4,95.89,2.05,LargeCentralMetro,1,0,0,0,0,0,South East,8,Chichester 011,59.1,1,235,138.885,1579
E02006625,8.0,7.0,16.49,30.99,4.05,0.99,91.43,3.52,LargeCentralMetro,1,0,0,0,0,0,South East,5,Worthing 005,41.4,2,285,117.97999999999999,1636
E02006567,5.0,5.0,22.45,46.23,0.33,0.21,98.24,1.22,LargeCentralMetro,1,0,0,0,0,0,South East,9,Chichester 007,32.7,1,147,48.069,729
E02006617,7.0,7.0,19.14,48.43,9.67,0.81,86.38,3.14,LargeCentralMetro,1,0,0,0,0,0,South East,8,Mid Sussex 014,48.3,1,209,100.947,1018
E02006572,5.0,8.0,23.48,51.11,2.39,0.55,94.39,2.66,LargeCentralMetro,1,0,0,0,0,0,South East,8,Chichester 012,28.7,1,230,66.00999999999999,1258
E02006629,5.0,9.0,15.5,100.0,6.97,1.34,87.54,4.15,LargeCentralMetro,1,0,0,0,0,0,South East,8,Worthing 009,56.6,1,258,146.02800000000002,1328
E02006620,9.0,2.0,7.36,49.44,1.1,0.4,95.63,2.88,LargeCentralMetro,1,0,0,0,0,0,South East,10,Mid Sussex 017,66.2,1,231,152.922,1250
E02006627,6.0,8.0,19.56,43.15,4.01,1.24,91.25,3.51,LargeCentralMetro,1,0,0,0,0,0,South East,10,Worthing 007,54.9,1,317,174.033,1606
E02006556,7.0,8.0,16.29,50.8,1.08,0.31,96.86,1.75,LargeCentralMetro,1,0,0,0,0,0,South East,8,Arun 015,28.8,1,264,76.03200000000001,1557
E02006579,5.0,4.0,20.46,46.4,16.89,3.51,72.6,7.0,LargeCentralMetro,1,0,0,0,0,0,South East,8,Crawley 005,45.5,1,303,137.865,1890
E02006580,5.0,5.0,27.18,48.2,9.67,3.48,81.2,5.65,LargeCentralMetro,1,0,0,0,0,0,South East,10,Crawley 006,34.5,1,206,71.07,1359
E02006607,8.0,4.0,13.17,49.71,2.6,0.73,93.54,3.14,LargeCentralMetro,1,0,0,0,0,0,South East,8,Mid Sussex 004,42.8,1,243,104.004,1573
E02006550,5.0,8.0,23.73,47.04,1.52,0.45,96.42,1.61,LargeCentralMetro,1,0,0,0,0,0,South East,8,Arun 009,31.8,1,236,75.048,1369
E02006564,7.0,4.0,14.76,49.22,0.85,0.35,97.17,1.63,SmallMetro,0,0,0,1,0,0,South East,8,Chichester 004,56.2,1,210,118.02000000000001,1158
E02006591,8.0,4.0,12.76,100.0,3.95,1.22,91.13,3.7,LargeCentralMetro,1,0,0,0,0,0,South East,8,Horsham 004,59.0,1,290,171.1,1055
E02006613,7.0,3.0,16.88,51.5,6.06,1.12,88.61,4.21,LargeCentralMetro,1,0,0,0,0,0,South East,7,Mid Sussex 010,58.0,1,231,133.98,1303
E02006583,6.0,5.0,12.5,47.9,10.53,3.21,81.04,5.22,LargeCentralMetro,1,0,0,0,0,0,South East,8,Crawley 009,43.3,1,240,103.92,1478
E02006544,6.0,7.0,15.32,49.14,1.43,0.31,96.35,1.91,LargeCentralMetro,1,0,0,0,0,0,South East,10,Arun 003,39.6,1,111,43.956,698
E02006557,3.0,9.0,25.26,48.65,2.49,0.49,94.67,2.36,LargeCentralMetro,1,0,0,0,0,0,South East,10,Arun 016,43.9,1,285,125.115,1665
E02006606,8.0,3.0,12.92,48.97,2.5,0.63,93.4,3.46,LargeCentralMetro,1,0,0,0,0,0,South East,10,Mid Sussex 003,40.6,1,271,110.02600000000001,1599
E02006633,8.0,6.0,18.46,49.12,2.76,0.32,94.36,2.56,LargeCentralMetro,1,0,0,0,0,0,South East,10,Worthing 013,59.5,1,195,116.02499999999999,1075
E02006581,4.0,8.0,13.83,51.53,15.75,5.26,71.42,7.57,LargeCentralMetro,1,0,0,0,0,0,South East,7,Crawley 007,39.4,1,188,74.07199999999999,1174
E02006537,5.0,8.0,15.03,46.26,2.95,1.2,90.95,4.89,LargeCentralMetro,1,0,0,0,0,0,South East,8,Adur 004,65.4,1,286,187.044,1777
E02006539,5.0,9.0,24.89,42.92,2.27,0.79,94.6,2.33,LargeCentralMetro,1,0,0,0,0,0,South East,10,Adur 006,37.6,1,237,89.112,1412
E02006594,8.0,3.0,9.73,45.14,4.28,0.87,91.12,3.73,LargeCentralMetro,1,0,0,0,0,0,South East,8,Horsham 007,59.4,1,298,177.012,1524
E02006585,4.0,6.0,38.07,44.29,11.97,3.26,78.73,6.04,LargeCentralMetro,1,0,0,0,0,0,South East,8,Crawley 011,22.2,1,176,39.072,1262
E02006614,8.0,3.0,8.22,45.25,3.83,1.35,90.81,4.01,Micropolitan,0,0,0,0,1,0,South East,10,Mid Sussex 011,58.2,1,292,169.94400000000002,1538
E02006597,7.0,5.0,16.22,50.06,1.79,0.64,95.09,2.48,MediumMetro,0,0,1,0,0,0,South East,8,Horsham 010,48.0,1,296,142.07999999999998,1784
E02006624,10.0,6.0,16.75,41.9,2.58,0.44,94.25,2.73,LargeCentralMetro,1,0,0,0,0,0,South East,5,Worthing 004,46.9,1,209,98.021,1055
E02005647,4.0,9.0,13.76,71.99,4.75,3.16,88.54,3.55,LargeFringeMetro,0,1,0,0,0,0,East Midlands,3,North Northamptonshire 022,56.75,2,407,230.988,2656
E02006863,6.0,6.0,17.58,49.87,5.39,8.71,82.15,3.75,LargeFringeMetro,0,1,0,0,0,0,East Midlands,6,North Northamptonshire 008,58.8,1,182,107.01599999999999,1179
E02005614,6.0,7.0,20.81,47.22,2.28,4.82,89.97,2.93,LargeFringeMetro,0,1,0,0,0,0,East Midlands,5,North Northamptonshire 006,27.9,1,197,54.962999999999994,1186
E02005616,3.0,9.0,20.37,49.24,1.4,1.57,94.01,3.02,LargeFringeMetro,0,1,0,0,0,0,East Midlands,7,North Northamptonshire 005,42.6,1,216,92.01599999999999,987
E02005635,6.0,7.0,14.97,49.79,1.6,1.41,94.69,2.31,LargeCentralMetro,1,0,0,0,0,0,East Midlands,9,North Northamptonshire 035,26.5,1,147,38.955000000000005,940
E02005643,3.0,9.0,31.82,38.65,3.5,3.49,89.46,3.56,LargeFringeMetro,0,1,0,0,0,0,East Midlands,3,North Northamptonshire 016,28.0,1,264,73.92,1454
E02005615,4.0,8.0,35.65,47.65,1.09,1.25,95.71,1.96,LargeFringeMetro,0,1,0,0,0,0,East Midlands,7,North Northamptonshire 004,28.4,2,359,101.965,2025
E02005648,8.0,7.0,16.0,46.81,4.66,2.33,90.03,2.98,LargeFringeMetro,0,1,0,0,0,0,East Midlands,5,North Northamptonshire 021,40.0,1,200,80.0,1175
E02005633,6.0,8.0,20.11,49.02,1.08,1.76,95.28,1.87,LargeCentralMetro,1,0,0,0,0,0,East Midlands,5,North Northamptonshire 025,31.3,1,179,56.027,967
E02005630,8.0,4.0,13.17,50.89,1.77,1.03,94.48,2.72,MediumMetro,0,0,1,0,0,0,East Midlands,6,North Northamptonshire 010,51.2,1,205,104.96000000000001,1354
E02005693,4.0,7.0,17.27,47.47,11.01,8.86,74.91,5.22,LargeCentralMetro,1,0,0,0,0,0,East Midlands,3,North Northamptonshire 028,54.2,1,249,134.958,1481
E02005698,5.0,8.0,32.89,51.4,6.49,7.85,80.86,4.8,LargeCentralMetro,1,0,0,0,0,0,East Midlands,3,North Northamptonshire 033,29.4,1,228,67.032,1282
E02005699,4.0,7.0,28.63,49.62,4.64,5.96,84.74,4.66,LargeCentralMetro,1,0,0,0,0,0,East Midlands,5,North Northamptonshire 036,28.2,1,248,69.93599999999999,1465
E02005676,5.0,7.0,21.64,49.85,5.9,6.54,82.17,5.39,LargeCentralMetro,1,0,0,0,0,0,East Midlands,4,West Northamptonshire 038,42.2,1,268,113.09600000000002,1358
E02005681,7.0,6.0,14.29,50.15,0.7,0.35,97.29,1.66,MediumMetro,0,0,1,0,0,0,East Midlands,10,West Northamptonshire 040,52.2,1,203,105.96600000000001,1318
E02005686,9.0,5.0,11.36,50.69,0.74,0.42,97.13,1.71,SmallMetro,0,0,0,1,0,0,East Midlands,10,West Northamptonshire 048,52.8,1,176,92.928,1093
E02005622,9.0,4.0,14.62,49.37,1.16,0.85,96.06,1.93,Micropolitan,0,0,0,0,1,0,East Midlands,8,West Northamptonshire 005,41.5,1,212,87.97999999999999,1260
E02005650,6.0,7.0,23.21,49.78,6.37,5.68,82.88,5.06,LargeCentralMetro,1,0,0,0,0,0,East Midlands,6,West Northamptonshire 006,30.0,1,237,71.1,1394
E02005664,5.0,9.0,20.33,43.23,7.15,6.36,80.37,6.12,LargeCentralMetro,1,0,0,0,0,0,East Midlands,4,West Northamptonshire 025,37.8,1,241,91.09799999999998,1307
E02005623,8.0,6.0,16.1,45.33,3.25,2.33,90.86,3.56,LargeCentralMetro,1,0,0,0,0,0,East Midlands,6,West Northamptonshire 003,44.1,1,236,104.07600000000001,1436
E02005656,2.0,7.0,28.47,46.19,9.07,14.53,69.41,6.99,LargeCentralMetro,1,0,0,0,0,0,East Midlands,2,West Northamptonshire 014,55.9,1,295,164.90499999999997,1719
E02005674,6.0,8.0,14.22,12.38,14.26,11.22,67.8,6.72,LargeCentralMetro,1,0,0,0,0,0,East Midlands,3,West Northamptonshire 034,71.6,1,225,161.1,1713
E02005651,7.0,6.0,20.53,81.34,5.02,3.21,88.83,2.94,LargeCentralMetro,1,0,0,0,0,0,East Midlands,3,West Northamptonshire 007,45.42,2,414,188.03000000000003,2637
E02005624,6.0,6.0,30.43,50.98,2.96,1.46,92.9,2.68,LargeCentralMetro,1,0,0,0,0,0,East Midlands,2,West Northamptonshire 010,33.8,1,207,69.966,1179
E02005687,8.0,4.0,20.51,17.08,0.75,0.39,97.32,1.54,MediumMetro,0,0,1,0,0,0,East Midlands,10,West Northamptonshire 049,14.5,1,117,16.965,480
E02005684,9.0,5.0,11.21,51.83,0.9,0.59,96.88,1.63,LargeCentralMetro,1,0,0,0,0,0,East Midlands,5,West Northamptonshire 045,55.2,1,232,128.06400000000002,1422
E02005655,6.0,8.0,37.89,46.88,7.41,5.06,83.09,4.45,LargeCentralMetro,1,0,0,0,0,0,East Midlands,2,West Northamptonshire 012,30.9,1,285,88.065,1476
E02003967,6.0,6.0,36.67,47.45,0.25,0.11,99.04,0.6,MediumMetro,0,0,1,0,0,0,North West,10,Allerdale 003,13.3,1,30,3.99,137
E02003999,8.0,8.0,24.41,50.59,1.15,0.28,97.63,0.95,LargeCentralMetro,1,0,0,0,0,0,North West,10,Carlisle 013,36.17,2,340,122.98000000000002,1872
E02003971,8.0,3.0,13.0,49.49,0.83,0.21,97.65,1.32,SmallMetro,0,0,0,1,0,0,North West,10,Allerdale 007,57.8,1,223,128.89399999999998,1285
E02003975,8.0,8.0,29.18,46.82,0.29,0.08,98.85,0.77,LargeFringeMetro,0,1,0,0,0,0,North West,10,Allerdale 011,24.58,2,305,74.956,1653
E02003976,8.0,3.0,8.85,49.87,1.26,0.14,96.8,1.8,Noncore,0,0,0,0,0,1,North West,10,Allerdale 012,56.3,1,192,108.09599999999999,1191
E02004007,6.0,6.0,19.23,51.81,0.66,0.17,98.34,0.83,SmallMetro,0,0,0,1,0,0,North West,10,Copeland 008,41.0,1,78,31.979999999999997,469
E02003965,6.0,6.0,16.97,52.3,0.31,0.04,98.95,0.7,MediumMetro,0,0,1,0,0,0,North West,8,Allerdale 001,42.65,2,218,92.978,1306
E02003968,7.0,7.0,43.24,50.69,0.33,0.14,98.79,0.75,SmallMetro,0,0,0,1,0,0,North West,10,Allerdale 004,28.4,1,148,42.032,874
E02003992,5.0,9.0,22.22,49.91,3.57,0.69,93.18,2.57,LargeCentralMetro,1,0,0,0,0,0,North West,9,Carlisle 006,32.2,2,441,141.982,2709
E02004002,8.0,8.0,22.15,50.3,1.36,0.47,97.32,0.85,LargeFringeMetro,0,1,0,0,0,0,North West,10,Copeland 003,32.9,1,149,49.020999999999994,992
E02003998,2.0,9.0,27.56,50.43,0.96,0.5,97.0,1.53,LargeCentralMetro,1,0,0,0,0,0,North West,10,Carlisle 012,29.9,1,127,37.973,694
E02004005,5.0,9.0,28.73,48.93,0.5,0.1,98.75,0.65,SmallMetro,0,0,0,1,0,0,North West,10,Copeland 006,32.0,1,181,57.92,1124
E02003988,6.0,7.0,18.75,48.81,0.54,0.08,98.13,1.25,MediumMetro,0,0,1,0,0,0,North West,10,Carlisle 002,42.8,1,208,89.024,1303
E02004013,7.0,3.0,19.67,47.5,0.22,0.16,99.02,0.61,Noncore,0,0,0,0,0,1,North West,10,Eden 006,29.5,1,61,17.994999999999997,360
E02004027,8.0,6.0,15.94,50.85,0.43,0.38,98.52,0.68,Noncore,0,0,0,0,0,1,North West,10,South Lakeland 013,37.7,1,69,26.013,354
E02004025,8.0,6.0,12.29,46.58,0.48,0.23,98.24,1.05,SmallMetro,0,0,0,1,0,0,North West,10,South Lakeland 011,34.6,1,179,61.934000000000005,878
E02003977,8.0,6.0,16.67,49.94,0.42,0.24,98.58,0.76,SmallMetro,0,0,0,1,0,0,North West,9,Barrow-in-Furness 001,26.0,1,150,39.0,827
E02003981,7.0,8.0,30.22,47.64,1.58,0.39,96.92,1.11,LargeFringeMetro,0,1,0,0,0,0,North West,10,Barrow-in-Furness 005,35.6,1,225,80.10000000000001,1188
E02004022,8.0,4.0,12.5,47.11,0.29,0.09,98.96,0.67,Noncore,0,0,0,0,0,1,North West,10,South Lakeland 008,50.0,1,48,24.0,242
E02004020,9.0,5.0,15.34,48.99,1.02,0.18,97.55,1.25,LargeFringeMetro,0,1,0,0,0,0,North West,10,South Lakeland 006,57.4,1,176,101.02399999999999,1041
E02004014,7.0,3.0,16.67,51.03,0.6,0.06,98.54,0.8,SmallMetro,0,0,0,1,0,0,North West,9,Eden 007,40.9,1,66,26.994,388
E02004015,8.0,4.0,11.9,48.52,1.14,0.54,96.21,2.11,Noncore,0,0,0,0,0,1,North West,10,South Lakeland 001,41.7,1,84,35.028000000000006,439
E02004023,8.0,3.0,11.35,48.91,0.63,0.3,97.54,1.53,SmallMetro,0,0,0,1,0,0,North West,9,South Lakeland 009,47.89,3,282,135.04000000000002,1691
E02004017,6.0,4.0,18.18,53.44,0.79,0.32,97.43,1.46,LargeFringeMetro,0,1,0,0,0,0,North West,10,South Lakeland 003,49.7,1,165,82.00500000000001,917
E02004008,8.0,3.0,30.77,49.53,0.22,0.08,98.94,0.76,SmallMetro,0,0,0,1,0,0,North West,10,Eden 001,23.1,1,13,3.003,107
E02004010,5.0,6.0,18.7,50.49,2.38,0.48,95.78,1.36,LargeCentralMetro,1,0,0,0,0,0,North West,10,Eden 003,43.5,1,262,113.97,1535
E02004026,6.0,8.0,12.92,52.84,1.36,0.11,97.21,1.32,LargeFringeMetro,0,1,0,0,0,0,North West,9,South Lakeland 012,37.3,1,209,77.957,1336
E02003986,5.0,8.0,21.05,47.68,0.58,0.6,98.07,0.76,LargeFringeMetro,0,1,0,0,0,0,North West,10,Barrow-in-Furness 010,21.9,1,114,24.965999999999998,518
