MSOA (code),IDACI,SAMHI,PercentOfStudentReceivingFreeSchoolMeals,PercentFemale,AsianPopulationRate,BlackPopulationRate,WhitePopulationRate,OtherRacePopulationRate,UrbanRuralClass,LargeCentralMetro,LargeFringeMetro,MediumMetro,SmallMetro,Micropolitan,Noncore,GOR,BordaAccessibilityDecile,MSOA (name),MSOA_GCSE_Mean,MSOA_SchoolCount,TotalPupils_GCSE,TotalAchievers,MSOA_TotalPupils
E02000168,6.0,2.0,38.48,59.34,8.43,6.58,73.6,11.39,LargeCentralMetro,1,0,0,0,0,0,London,1,Camden 003,53.32,2,330.0,175.94,1980
E02000180,2.0,2.0,36.21,86.72,16.13,11.55,59.92,12.4,LargeCentralMetro,1,0,0,0,0,0,London,1,Camden 015,77.0,1,116.0,89.32000000000001,1047
E02000170,7.0,1.0,45.18,48.37,13.72,5.22,66.93,14.13,LargeCentralMetro,1,0,0,0,0,0,London,1,Camden 005,43.0,1,197.0,84.71,1319
E02000177,2.0,5.0,62.91,43.08,17.6,12.58,56.97,12.84,LargeCentralMetro,1,0,0,0,0,0,London,1,Camden 012,43.0,1,151.0,64.92999999999999,982
E02000187,1.0,2.0,57.0,44.69,32.52,15.92,38.26,13.3,LargeCentralMetro,1,0,0,0,0,0,London,1,Camden 022,39.13,2,307.0,120.12,1911
E02000166,5.0,3.0,46.18,60.06,6.79,7.17,73.1,12.93,LargeCentralMetro,1,0,0,0,0,0,London,1,Camden 001,62.78,2,301.0,188.97000000000003,2153
E02000182,6.0,1.0,55.95,43.13,24.95,7.57,52.44,15.05,LargeCentralMetro,1,0,0,0,0,0,London,1,Camden 017,47.0,1,168.0,78.96,1171
E02000327,3.0,2.0,39.09,42.35,12.55,34.21,43.86,9.38,LargeCentralMetro,1,0,0,0,0,0,London,5,Greenwich 015,67.0,1,110.0,73.7,595
E02000341,3.0,4.0,28.45,68.66,7.41,16.66,66.3,9.64,LargeCentralMetro,1,0,0,0,0,0,London,4,Greenwich 029,59.02,2,355.0,209.51,2390
E02000319,3.0,1.0,33.46,60.58,20.73,26.74,40.38,12.16,LargeCentralMetro,1,0,0,0,0,0,London,2,Greenwich 007,32.0,1,254.0,81.28,1494
E02006994,3.0,2.0,52.74,39.6,17.04,30.95,41.43,10.59,LargeCentralMetro,1,0,0,0,0,0,London,3,Greenwich 042,24.0,1,146.0,35.04,798
E02000315,3.0,3.0,28.89,42.77,9.04,37.5,45.42,8.04,LargeCentralMetro,1,0,0,0,0,0,London,4,Greenwich 003,33.0,1,225.0,74.25,1120
E02000340,6.0,3.0,12.93,42.83,8.2,7.36,78.15,6.29,LargeCentralMetro,1,0,0,0,0,0,London,5,Greenwich 028,64.03,2,379.0,242.68,2211
E02006931,5.0,2.0,21.31,100.0,8.31,15.49,66.51,9.69,LargeCentralMetro,1,0,0,0,0,0,London,3,Greenwich 038,70.0,1,122.0,85.39999999999999,631
E02006927,5.0,3.0,32.44,47.54,13.16,15.37,61.64,9.84,LargeCentralMetro,1,0,0,0,0,0,London,4,Greenwich 034,45.0,1,262.0,117.9,2110
E02000314,4.0,2.0,28.15,6.94,10.4,43.91,34.38,11.3,LargeCentralMetro,1,0,0,0,0,0,London,3,Greenwich 002,56.0,1,238.0,133.28,1584
E02000369,2.0,3.0,58.05,47.83,10.5,22.12,50.56,16.83,LargeCentralMetro,1,0,0,0,0,0,London,1,Hackney 025,56.6,2,329.0,186.23000000000002,1844
E02000363,2.0,6.0,63.49,41.92,11.76,37.34,35.21,15.69,LargeCentralMetro,1,0,0,0,0,0,London,1,Hackney 019,55.0,1,189.0,103.95,1138
E02000355,5.0,4.0,42.2,100.0,16.84,17.72,53.78,11.66,LargeCentralMetro,1,0,0,0,0,0,London,1,Hackney 011,65.0,1,173.0,112.45,1167
E02000360,2.0,4.0,43.6,47.96,13.87,31.77,37.96,16.39,LargeCentralMetro,1,0,0,0,0,0,London,1,Hackney 016,74.0,1,211.0,156.14,1447
E02000366,3.0,5.0,41.14,46.41,8.33,23.38,54.98,13.31,LargeCentralMetro,1,0,0,0,0,0,London,,Hackney 022,73.0,1,158.0,115.34,836
E02000345,1.0,1.0,42.57,96.35,4.83,7.03,68.63,19.51,LargeCentralMetro,1,0,0,0,0,0,London,1,Hackney 001,48.0,1,101.0,48.48,576
E02000358,3.0,4.0,54.91,42.18,9.51,19.56,53.88,17.06,LargeCentralMetro,1,0,0,0,0,0,London,1,Hackney 014,51.0,1,173.0,88.23,1036
E02000346,2.0,5.0,47.95,46.43,14.44,25.68,42.27,17.61,LargeCentralMetro,1,0,0,0,0,0,London,1,Hackney 002,37.0,1,171.0,63.269999999999996,1064
E02000356,6.0,3.0,37.01,44.56,5.9,10.65,68.99,14.46,LargeCentralMetro,1,0,0,0,0,0,London,1,Hackney 012,46.0,1,254.0,116.84,1708
E02000361,3.0,2.0,75.54,40.54,9.9,21.61,53.03,15.46,LargeCentralMetro,1,0,0,0,0,0,London,1,Hackney 017,37.0,1,139.0,51.43,893
E02000348,1.0,3.0,6.35,100.0,7.54,16.21,59.06,17.19,LargeCentralMetro,1,0,0,0,0,0,London,1,Hackney 004,73.0,1,63.0,45.99,358
E02000372,2.0,3.0,52.69,48.48,18.32,18.59,44.93,18.17,LargeCentralMetro,1,0,0,0,0,0,London,1,Hammersmith and Fulham 001,49.0,1,167.0,81.83,1087
E02000392,7.0,1.0,23.85,0.0,7.67,9.62,71.02,11.69,LargeCentralMetro,1,0,0,0,0,0,London,,Hammersmith and Fulham 021,70.0,1,109.0,76.3,782
E02000393,9.0,1.0,32.79,33.75,5.23,4.82,80.97,8.98,LargeCentralMetro,1,0,0,0,0,0,London,2,Hammersmith and Fulham 022,39.0,1,61.0,23.79,554
E02000390,6.0,2.0,39.23,100.0,7.09,8.6,73.06,11.25,LargeCentralMetro,1,0,0,0,0,0,London,1,Hammersmith and Fulham 019,46.0,1,130.0,59.800000000000004,583
E02000377,4.0,3.0,46.27,46.5,9.3,16.0,60.39,14.31,LargeCentralMetro,1,0,0,0,0,0,London,1,Hammersmith and Fulham 006,57.0,1,134.0,76.38,929
E02000396,6.0,2.0,39.86,42.32,7.21,9.7,70.69,12.4,LargeCentralMetro,1,0,0,0,0,0,London,1,Hammersmith and Fulham 025,74.0,1,143.0,105.82,697
E02000391,8.0,1.0,15.13,100.0,7.0,6.46,75.27,11.27,LargeCentralMetro,1,0,0,0,0,0,London,1,Hammersmith and Fulham 020,84.0,1,119.0,99.96,763
E02000388,6.0,3.0,11.89,8.01,10.97,8.5,69.46,11.07,LargeCentralMetro,1,0,0,0,0,0,London,1,Hammersmith and Fulham 017,83.0,1,185.0,153.54999999999998,1374
E02000373,1.0,2.0,53.85,41.92,13.15,35.88,32.2,18.77,LargeCentralMetro,1,0,0,0,0,0,London,1,Hammersmith and Fulham 002,49.0,1,78.0,38.22,532
E02000384,4.0,4.0,16.67,100.0,14.42,13.88,56.09,15.62,LargeCentralMetro,1,0,0,0,0,0,London,1,Hammersmith and Fulham 013,67.0,1,192.0,128.64000000000001,1129
E02000382,7.0,2.0,29.46,51.59,11.55,8.8,65.67,13.99,LargeCentralMetro,1,0,0,0,0,0,London,1,Hammersmith and Fulham 011,70.0,1,129.0,90.3,911
E02000556,3.0,2.0,62.32,42.71,11.49,12.59,61.72,14.21,LargeCentralMetro,1,0,0,0,0,0,London,1,Islington 003,33.0,1,138.0,45.54,672
E02000576,1.0,2.0,42.68,4.97,12.94,15.19,56.4,15.47,LargeCentralMetro,1,0,0,0,0,0,London,1,Islington 023,60.0,1,164.0,98.39999999999999,1106
E02000571,3.0,4.0,52.26,46.82,8.11,11.73,66.82,13.34,LargeCentralMetro,1,0,0,0,0,0,London,1,Islington 018,48.0,1,155.0,74.39999999999999,897
E02000555,3.0,3.0,50.39,50.37,7.75,13.92,63.72,14.61,LargeCentralMetro,1,0,0,0,0,0,London,,Islington 002,39.0,1,129.0,50.31,675
E02000572,2.0,2.0,53.07,100.0,15.59,18.17,49.66,16.58,LargeCentralMetro,1,0,0,0,0,0,London,1,Islington 019,53.0,1,179.0,94.87,884
E02000566,6.0,2.0,64.93,100.0,7.46,7.87,72.32,12.34,LargeCentralMetro,1,0,0,0,0,0,London,1,Islington 013,65.0,1,134.0,87.10000000000001,767
E02000578,2.0,8.0,43.07,46.05,7.5,18.04,52.9,21.57,LargeCentralMetro,1,0,0,0,0,0,London,1,Kensington and Chelsea 002,46.0,1,137.0,63.02,797
E02000585,8.0,1.0,13.49,15.2,16.58,6.59,58.51,18.31,LargeCentralMetro,1,0,0,0,0,0,London,1,Kensington and Chelsea 009,76.0,1,126.0,95.76,1033
E02000597,3.0,4.0,42.13,45.26,13.39,10.99,55.67,19.95,LargeCentralMetro,1,0,0,0,0,0,London,1,Kensington and Chelsea 021,61.0,1,178.0,108.58,1182
E02000581,2.0,7.0,53.33,52.93,13.03,18.9,45.91,22.15,LargeCentralMetro,1,0,0,0,0,0,London,,Kensington and Chelsea 005,55.0,1,180.0,99.00000000000001,1281
E02000635,4.0,3.0,59.68,46.34,5.85,25.32,56.08,12.75,LargeCentralMetro,1,0,0,0,0,0,London,1,Lambeth 018,35.0,1,124.0,43.4,464
E02000647,6.0,2.0,16.41,46.47,8.14,18.86,58.93,14.07,LargeCentralMetro,1,0,0,0,0,0,London,1,Lambeth 030,67.0,1,195.0,130.65,1205
E02000641,2.0,4.0,62.8,46.13,4.99,42.75,36.05,16.2,LargeCentralMetro,1,0,0,0,0,0,London,,Lambeth 024,24.0,1,164.0,39.36,581
E02000636,8.0,2.0,46.62,44.83,5.41,8.83,77.24,8.51,LargeCentralMetro,1,0,0,0,0,0,London,1,Lambeth 019,50.0,1,133.0,66.5,754
E02000640,6.0,1.0,35.88,95.28,7.15,13.41,69.23,10.21,LargeCentralMetro,1,0,0,0,0,0,London,1,Lambeth 023,59.0,1,170.0,100.3,1122
E02000621,3.0,4.0,52.85,48.64,12.47,17.46,56.03,14.05,LargeCentralMetro,1,0,0,0,0,0,London,1,Lambeth 004,50.0,1,123.0,61.5,845
E02000648,3.0,3.0,34.59,51.08,5.56,35.47,44.13,14.85,LargeCentralMetro,1,0,0,0,0,0,London,2,Lambeth 031,42.0,1,185.0,77.7,1065
E02006801,4.0,4.0,61.79,44.08,19.05,14.52,54.49,11.93,LargeCentralMetro,1,0,0,0,0,0,London,,Lambeth 036,61.0,1,123.0,75.03,726
E02000625,2.0,3.0,69.73,49.64,7.52,32.38,43.97,16.14,LargeCentralMetro,1,0,0,0,0,0,London,1,Lambeth 008,59.0,1,185.0,109.14999999999999,844
E02000622,4.0,3.0,44.35,46.53,6.54,22.99,55.61,14.86,LargeCentralMetro,1,0,0,0,0,0,London,1,Lambeth 005,36.0,1,115.0,41.4,606
E02000637,5.0,2.0,49.57,50.32,4.27,17.01,65.05,13.67,LargeCentralMetro,1,0,0,0,0,0,London,,Lambeth 020,25.0,1,117.0,29.25,616
E02000657,4.0,1.0,47.86,42.52,7.44,27.71,51.58,13.27,LargeCentralMetro,1,0,0,0,0,0,London,1,Lewisham 005,23.0,1,117.0,26.91,595
E02006798,2.0,2.0,42.86,46.4,13.41,33.78,38.98,13.83,LargeCentralMetro,1,0,0,0,0,0,London,1,Lewisham 039,41.0,1,175.0,71.75,903
E02000679,4.0,3.0,20.89,0.91,7.01,24.93,55.71,12.35,LargeCentralMetro,1,0,0,0,0,0,London,3,Lewisham 027,54.0,1,158.0,85.32000000000001,1094
E02000662,4.0,3.0,34.39,50.65,6.33,33.61,47.57,12.49,LargeCentralMetro,1,0,0,0,0,0,London,1,Lewisham 010,53.0,1,221.0,117.13000000000001,1376
E02006783,3.0,4.0,40.0,41.15,8.85,28.04,51.28,11.83,LargeCentralMetro,1,0,0,0,0,0,London,3,Lewisham 037,37.0,1,185.0,68.45,1254
E02000680,4.0,4.0,22.65,99.44,7.13,24.96,54.69,13.22,LargeCentralMetro,1,0,0,0,0,0,London,6,Lewisham 028,53.0,1,234.0,124.02000000000001,1441
E02000827,3.0,2.0,49.21,50.78,8.35,38.59,36.09,16.96,LargeCentralMetro,1,0,0,0,0,0,London,1,Southwark 021,60.67,2,254.0,154.08999999999997,1467
E02000821,3.0,2.0,56.07,42.88,7.82,38.62,29.99,23.57,LargeCentralMetro,1,0,0,0,0,0,London,1,Southwark 015,46.0,1,173.0,79.58,1026
E02000810,2.0,3.0,55.7,42.47,9.43,22.0,56.03,12.54,LargeCentralMetro,1,0,0,0,0,0,London,,Southwark 004,37.0,1,79.0,29.23,405
E02000834,8.0,2.0,33.23,29.6,4.43,12.4,73.05,10.13,LargeCentralMetro,1,0,0,0,0,0,London,2,Southwark 028,56.76,2,328.0,186.17000000000002,2034
E02000833,5.0,1.0,18.44,47.56,9.97,32.87,43.85,13.32,LargeCentralMetro,1,0,0,0,0,0,London,1,Southwark 027,78.0,1,179.0,139.62,1289
E02000816,3.0,4.0,50.51,65.97,8.76,21.26,56.7,13.28,LargeCentralMetro,1,0,0,0,0,0,London,1,Southwark 010,53.75,2,394.0,211.78,2457
E02000831,5.0,2.0,60.66,42.61,5.52,23.09,59.36,12.02,LargeCentralMetro,1,0,0,0,0,0,London,1,Southwark 025,37.0,1,122.0,45.14,589
E02000835,7.0,2.0,44.36,97.8,4.09,20.87,63.42,11.61,LargeCentralMetro,1,0,0,0,0,0,London,2,Southwark 029,58.0,1,133.0,77.14,863
E02000839,6.0,1.0,16.05,49.82,9.72,19.89,57.68,12.71,LargeCentralMetro,1,0,0,0,0,0,London,6,Southwark 033,67.0,1,430.0,288.1,2513
E02000812,3.0,4.0,42.02,100.0,15.13,24.22,46.96,13.69,LargeCentralMetro,1,0,0,0,0,0,London,1,Southwark 006,60.0,1,119.0,71.39999999999999,754
E02000829,3.0,4.0,40.0,7.94,7.98,35.03,43.91,13.08,LargeCentralMetro,1,0,0,0,0,0,London,1,Southwark 023,78.0,1,155.0,120.9,1083
E02000822,2.0,2.0,47.15,32.26,9.28,36.63,39.06,15.03,LargeCentralMetro,1,0,0,0,0,0,London,,Southwark 016,34.0,1,123.0,41.82,654
E02000871,1.0,2.0,49.33,34.97,52.78,10.91,27.41,8.9,LargeCentralMetro,1,0,0,0,0,0,London,1,Tower Hamlets 008,50.0,1,223.0,111.5,1264
E02007114,4.0,1.0,46.84,53.3,40.89,6.72,40.3,12.09,LargeCentralMetro,1,0,0,0,0,0,London,,Tower Hamlets 036,58.0,1,79.0,45.82,454
E02000867,2.0,2.0,48.95,100.0,28.96,8.06,52.97,10.02,LargeCentralMetro,1,0,0,0,0,0,London,2,Tower Hamlets 004,63.0,1,239.0,150.57,1529
E02000893,2.0,1.0,63.87,48.66,33.86,6.11,50.3,9.72,LargeCentralMetro,1,0,0,0,0,0,London,2,Tower Hamlets 030,50.0,1,191.0,95.5,1233
E02000881,1.0,2.0,56.5,43.76,47.81,12.15,30.97,9.07,LargeCentralMetro,1,0,0,0,0,0,London,1,Tower Hamlets 018,46.0,1,177.0,81.42,1074
E02000884,1.0,1.0,48.05,40.38,51.37,4.44,35.14,9.05,LargeCentralMetro,1,0,0,0,0,0,London,1,Tower Hamlets 021,34.56,2,154.0,53.22,800
E02000870,1.0,2.0,54.82,43.26,38.87,7.11,46.51,7.51,LargeCentralMetro,1,0,0,0,0,0,London,1,Tower Hamlets 007,48.0,1,228.0,109.44,1544
E02000872,1.0,2.0,60.56,45.87,43.7,6.04,41.16,9.1,LargeCentralMetro,1,0,0,0,0,0,London,1,Tower Hamlets 009,57.0,1,142.0,80.94,1345
E02000864,2.0,4.0,64.0,75.26,31.13,9.53,50.05,9.29,LargeCentralMetro,1,0,0,0,0,0,London,,Tower Hamlets 001,36.0,1,25.0,9.0,384
E02000868,2.0,3.0,55.71,44.57,36.39,5.76,48.29,9.57,LargeCentralMetro,1,0,0,0,0,0,London,1,Tower Hamlets 005,55.0,1,140.0,77.0,940
E02000882,2.0,2.0,56.19,43.02,58.42,7.71,27.42,6.44,LargeCentralMetro,1,0,0,0,0,0,London,1,Tower Hamlets 019,70.0,1,194.0,135.79999999999998,1418
E02000876,1.0,2.0,56.73,35.71,53.09,5.2,33.09,8.62,LargeCentralMetro,1,0,0,0,0,0,London,1,Tower Hamlets 013,74.0,1,208.0,153.92,1291
E02000937,10.0,1.0,25.89,42.3,5.11,5.66,81.49,7.74,LargeCentralMetro,1,0,0,0,0,0,London,1,Wandsworth 015,67.0,1,112.0,75.04,773
E02000938,4.0,2.0,53.47,48.09,13.12,11.15,61.63,14.1,LargeCentralMetro,1,0,0,0,0,0,London,2,Wandsworth 016,38.0,1,144.0,54.72,940
E02000942,9.0,1.0,26.12,42.35,11.2,3.43,76.7,8.66,LargeCentralMetro,1,0,0,0,0,0,London,2,Wandsworth 020,70.74,2,356.0,251.84,2463
E02000946,6.0,1.0,36.43,96.37,9.87,12.21,69.36,8.57,LargeCentralMetro,1,0,0,0,0,0,London,1,Wandsworth 024,54.0,1,280.0,151.20000000000002,1651
E02000949,8.0,2.0,21.05,46.83,7.17,3.76,82.09,6.98,LargeCentralMetro,1,0,0,0,0,0,London,1,Wandsworth 027,69.0,1,171.0,117.99,1279
E02000958,6.0,1.0,18.41,48.42,17.03,12.42,60.47,10.08,LargeCentralMetro,1,0,0,0,0,0,London,2,Wandsworth 036,74.0,1,277.0,204.98,2181
E02000925,3.0,2.0,60.12,48.01,9.19,22.08,56.06,12.67,LargeCentralMetro,1,0,0,0,0,0,London,1,Wandsworth 003,53.0,1,173.0,91.69,1031
E02000926,5.0,1.0,44.36,44.37,9.45,10.48,68.06,12.01,LargeCentralMetro,1,0,0,0,0,0,London,2,Wandsworth 004,38.0,1,133.0,50.54,843
E02000947,8.0,1.0,43.16,40.2,9.18,4.08,78.67,8.07,LargeCentralMetro,1,0,0,0,0,0,London,1,Wandsworth 025,43.0,1,190.0,81.7,1296
E02000979,7.0,5.0,26.76,64.05,16.09,6.1,62.87,14.95,LargeCentralMetro,1,0,0,0,0,0,London,1,Westminster 020,69.46,2,284.0,197.26,1911
E02000960,7.0,1.0,52.97,49.17,20.6,4.35,57.73,17.32,LargeCentralMetro,1,0,0,0,0,0,London,,Westminster 001,58.0,1,202.0,117.16,1383
E02000974,5.0,1.0,32.54,3.16,23.51,6.47,46.5,23.52,LargeCentralMetro,1,0,0,0,0,0,London,,Westminster 015,58.0,1,126.0,73.08,727
E02000965,5.0,2.0,53.45,48.54,12.08,6.73,63.53,17.66,LargeCentralMetro,1,0,0,0,0,0,London,1,Westminster 006,68.0,1,174.0,118.32000000000001,1232
E02000983,3.0,3.0,45.0,47.27,16.97,8.02,56.56,18.46,LargeCentralMetro,1,0,0,0,0,0,London,1,Westminster 024,49.0,1,200.0,98.0,1136
E02000961,6.0,1.0,37.99,47.34,13.81,5.08,57.53,23.58,LargeCentralMetro,1,0,0,0,0,0,London,2,Westminster 002,55.88,2,329.0,183.84,2146
E02000970,9.0,1.0,20.96,93.15,16.11,2.5,66.43,14.96,LargeCentralMetro,1,0,0,0,0,0,London,1,Westminster 011,72.0,1,167.0,120.24,1168
E02000969,1.0,4.0,51.52,50.09,15.07,16.17,37.18,31.58,LargeCentralMetro,1,0,0,0,0,0,London,1,Westminster 010,56.0,1,198.0,110.88000000000001,1134
E02000007,2.0,4.0,20.35,46.57,14.67,26.14,51.02,8.17,LargeCentralMetro,1,0,0,0,0,0,London,5,Barking and Dagenham 006,59.0,1,231.0,136.29,1443
E02000012,4.0,1.0,25.14,46.75,58.76,8.97,25.87,6.4,LargeCentralMetro,1,0,0,0,0,0,London,5,Barking and Dagenham 011,50.0,1,354.0,177.0,2325
E02000021,2.0,2.0,36.29,45.39,18.44,28.27,45.47,7.81,LargeCentralMetro,1,0,0,0,0,0,London,3,Barking and Dagenham 020,44.0,1,259.0,113.96,1441
E02000022,2.0,1.0,31.54,45.71,25.94,33.77,30.23,10.06,LargeCentralMetro,1,0,0,0,0,0,London,,Barking and Dagenham 021,44.0,1,149.0,65.56,967
E02000023,2.0,1.0,32.88,50.21,21.41,37.2,32.47,8.92,LargeCentralMetro,1,0,0,0,0,0,London,3,Barking and Dagenham 022,52.77,2,511.0,269.67999999999995,3061
E02000003,4.0,1.0,31.58,48.18,34.95,15.61,40.64,8.79,LargeCentralMetro,1,0,0,0,0,0,London,2,Barking and Dagenham 002,56.0,1,209.0,117.04,1318
E02000052,7.0,1.0,21.22,46.59,12.92,5.98,67.95,13.15,LargeCentralMetro,1,0,0,0,0,0,London,1,Barnet 029,66.07,2,311.0,205.47,1833
E02000032,9.0,1.0,10.77,49.92,20.88,3.57,58.87,16.68,LargeCentralMetro,1,0,0,0,0,0,London,3,Barnet 009,77.0,1,260.0,200.20000000000002,1893
E02000056,10.0,1.0,25.79,31.18,11.25,2.53,69.94,16.28,LargeCentralMetro,1,0,0,0,0,0,London,1,Barnet 033,60.0,1,159.0,95.39999999999999,914
E02000045,4.0,2.0,24.27,46.89,14.72,10.06,59.73,15.48,LargeCentralMetro,1,0,0,0,0,0,London,1,Barnet 022,62.0,1,206.0,127.72,1350
E02000039,7.0,1.0,37.72,100.0,15.83,7.61,63.74,12.83,LargeCentralMetro,1,0,0,0,0,0,London,4,Barnet 016,52.0,1,114.0,59.28,962
E02000026,7.0,2.0,15.74,45.18,12.55,4.15,69.7,13.6,LargeCentralMetro,1,0,0,0,0,0,London,6,Barnet 003,65.0,1,235.0,152.75,1452
E02000035,6.0,2.0,14.12,6.23,22.27,4.48,59.45,13.79,LargeCentralMetro,1,0,0,0,0,0,London,2,Barnet 012,76.0,1,177.0,134.52,1188
E02000038,5.0,2.0,37.16,48.62,18.47,7.27,60.06,14.2,LargeCentralMetro,1,0,0,0,0,0,London,2,Barnet 015,33.0,1,148.0,48.84,726
E02000048,6.0,2.0,9.47,0.0,18.65,7.08,56.86,17.41,LargeCentralMetro,1,0,0,0,0,0,London,1,Barnet 025,76.0,1,95.0,72.2,726
E02000055,4.0,2.0,54.21,44.1,15.76,7.64,60.53,16.06,LargeCentralMetro,1,0,0,0,0,0,London,1,Barnet 032,52.0,1,214.0,111.28,1245
E02000025,6.0,2.0,6.98,47.36,11.21,7.35,70.25,11.2,LargeCentralMetro,1,0,0,0,0,0,London,7,Barnet 002,72.0,1,215.0,154.79999999999998,1347
E02000103,1.0,2.0,39.62,59.85,19.47,21.32,36.37,22.85,LargeCentralMetro,1,0,0,0,0,0,London,3,Brent 011,47.58,2,260.0,123.71,1619
E02000030,7.0,2.0,27.3,43.91,19.0,5.22,65.05,10.73,LargeCentralMetro,1,0,0,0,0,0,London,3,Barnet 007,72.62,2,392.0,284.68,2612
E02000024,8.0,2.0,22.63,100.0,11.5,4.86,73.67,9.96,LargeCentralMetro,1,0,0,0,0,0,London,3,Barnet 001,64.0,1,190.0,121.60000000000001,1132
E02000033,5.0,2.0,14.58,44.38,15.42,6.5,62.24,15.84,LargeCentralMetro,1,0,0,0,0,0,London,,Barnet 010,51.0,1,144.0,73.44,703
E02000049,2.0,2.0,18.45,46.17,22.38,23.65,36.35,17.61,LargeCentralMetro,1,0,0,0,0,0,London,2,Barnet 026,51.0,1,206.0,105.06,1252
E02000062,2.0,2.0,58.46,43.8,20.81,13.87,42.43,22.89,LargeCentralMetro,1,0,0,0,0,0,London,2,Barnet 039,30.0,1,130.0,39.0,758
E02000079,7.0,6.0,25.87,47.14,12.71,5.28,76.28,5.73,LargeCentralMetro,1,0,0,0,0,0,London,3,Bexley 015,43.0,1,201.0,86.42999999999999,1328
E02000085,8.0,2.0,15.49,92.96,7.7,4.36,83.69,4.26,LargeCentralMetro,1,0,0,0,0,0,London,6,Bexley 021,42.0,1,226.0,94.92,1464
E02000091,7.0,4.0,24.07,47.47,7.29,4.65,82.67,5.38,LargeCentralMetro,1,0,0,0,0,0,London,4,Bexley 027,37.0,1,162.0,59.94,1007
E02000083,6.0,4.0,29.24,49.04,7.06,10.17,76.98,5.79,LargeCentralMetro,1,0,0,0,0,0,London,5,Bexley 019,38.0,1,171.0,64.98,1040
E02000082,9.0,1.0,19.27,43.26,10.65,6.13,76.91,6.31,LargeCentralMetro,1,0,0,0,0,0,London,6,Bexley 018,39.0,1,192.0,74.88,1290
E02000081,6.0,4.0,25.07,54.95,9.64,6.65,78.55,5.17,LargeCentralMetro,1,0,0,0,0,0,London,5,Bexley 017,46.66,2,371.0,173.11,1867
E02000069,6.0,4.0,20.45,46.86,12.53,19.18,61.33,6.96,LargeCentralMetro,1,0,0,0,0,0,London,4,Bexley 005,38.0,1,176.0,66.88,1067
E02000077,7.0,3.0,28.27,47.36,16.6,6.62,69.76,7.02,LargeCentralMetro,1,0,0,0,0,0,London,7,Bexley 013,26.0,1,283.0,73.58,1345
E02000121,2.0,1.0,18.91,47.35,64.18,10.72,14.62,10.48,LargeCentralMetro,1,0,0,0,0,0,London,1,Brent 029,53.0,1,312.0,165.36,1909
E02000112,2.0,1.0,38.16,43.6,56.89,13.88,19.97,9.27,LargeCentralMetro,1,0,0,0,0,0,London,1,Brent 020,29.0,1,207.0,60.029999999999994,1273
E02000095,4.0,1.0,20.98,46.82,47.64,7.69,33.53,11.14,LargeCentralMetro,1,0,0,0,0,0,London,3,Brent 003,51.52,2,591.0,304.5,3597
E02000116,1.0,3.0,36.69,46.02,20.62,21.23,35.37,22.78,LargeCentralMetro,1,0,0,0,0,0,London,1,Brent 024,34.0,1,169.0,57.46,1156
E02000098,3.0,2.0,4.91,48.75,35.35,13.49,32.72,18.44,LargeCentralMetro,1,0,0,0,0,0,London,6,Brent 006,82.0,1,285.0,233.7,1887
E02006956,2.0,3.0,24.79,48.45,41.59,19.14,28.37,10.9,LargeCentralMetro,1,0,0,0,0,0,London,,Brent 036,93.0,1,121.0,112.53,708
E02000123,1.0,2.0,41.26,59.65,13.81,30.63,38.19,17.37,LargeCentralMetro,1,0,0,0,0,0,London,1,Brent 031,32.03,2,269.0,86.16,1653
E02000122,6.0,1.0,23.44,47.44,15.33,9.85,57.14,17.68,LargeCentralMetro,1,0,0,0,0,0,London,1,Brent 030,49.0,1,209.0,102.41,1288
E02000096,6.0,1.0,15.76,44.26,55.79,3.34,31.33,9.54,LargeCentralMetro,1,0,0,0,0,0,London,2,Brent 004,66.0,1,184.0,121.44000000000001,1168
E02000105,3.0,1.0,19.72,47.78,49.84,13.27,25.44,11.46,LargeCentralMetro,1,0,0,0,0,0,London,2,Brent 013,64.0,1,213.0,136.32,1396
E02000152,6.0,4.0,23.41,47.47,8.29,9.01,73.14,9.55,LargeCentralMetro,1,0,0,0,0,0,London,3,Bromley 026,37.0,1,205.0,75.85,1365
E02000133,10.0,2.0,16.23,70.51,9.7,3.74,79.49,7.07,LargeCentralMetro,1,0,0,0,0,0,London,5,Bromley 007,53.13,2,462.0,245.46,2971
E02006789,8.0,5.0,21.39,50.92,1.73,1.25,93.36,3.66,LargeCentralMetro,1,0,0,0,0,0,London,8,Bromley 042,43.0,1,201.0,86.42999999999999,1298
E02000136,8.0,6.0,27.49,99.24,8.74,6.2,78.87,6.2,LargeCentralMetro,1,0,0,0,0,0,London,10,Bromley 010,56.0,1,171.0,95.76,1057
E02000162,8.0,4.0,9.45,52.71,8.94,4.09,82.62,4.35,LargeCentralMetro,1,0,0,0,0,0,London,7,Bromley 036,49.0,1,254.0,124.46,1713
E02006787,8.0,2.0,25.15,41.18,5.98,6.47,78.88,8.68,LargeCentralMetro,1,0,0,0,0,0,London,,Bromley 041,47.0,1,171.0,80.36999999999999,1190
E02000138,9.0,3.0,27.37,34.05,6.79,4.83,80.37,8.02,LargeCentralMetro,1,0,0,0,0,0,London,2,Bromley 012,58.0,1,190.0,110.19999999999999,1163
E02000158,6.0,3.0,47.37,44.5,9.59,9.78,74.61,6.03,LargeCentralMetro,1,0,0,0,0,0,London,4,Bromley 032,28.0,1,114.0,31.92,609
E02000130,6.0,3.0,28.09,99.34,6.35,13.98,67.95,11.72,LargeCentralMetro,1,0,0,0,0,0,London,2,Bromley 004,65.0,1,178.0,115.7,1068
E02000160,9.0,3.0,6.25,49.48,4.14,2.74,87.24,5.88,LargeCentralMetro,1,0,0,0,0,0,London,7,Bromley 034,61.0,1,240.0,146.4,1728
E02000140,4.0,7.0,46.48,35.71,7.02,11.72,74.33,6.94,LargeCentralMetro,1,0,0,0,0,0,London,3,Bromley 014,14.0,1,71.0,9.940000000000001,588
E02000150,9.0,3.0,9.58,52.81,6.27,7.37,77.97,8.39,LargeCentralMetro,1,0,0,0,0,0,London,5,Bromley 024,68.24,2,449.0,306.4,3456
E02000159,9.0,3.0,9.24,6.33,7.48,2.89,84.28,5.35,LargeCentralMetro,1,0,0,0,0,0,London,7,Bromley 033,55.0,1,238.0,130.9,1612
E02000146,8.0,5.0,30.3,47.8,9.17,5.8,76.78,8.25,LargeCentralMetro,1,0,0,0,0,0,London,2,Bromley 020,46.0,1,198.0,91.08,1433
E02000209,3.0,1.0,47.54,41.57,39.7,25.47,21.78,13.06,LargeCentralMetro,1,0,0,0,0,0,London,5,Croydon 016,34.0,1,122.0,41.480000000000004,789
E02000216,7.0,1.0,31.67,52.09,37.84,12.33,39.27,10.56,LargeCentralMetro,1,0,0,0,0,0,London,1,Croydon 023,41.0,1,120.0,49.199999999999996,764
E02000221,3.0,4.0,43.39,44.03,19.63,24.96,42.78,12.64,LargeCentralMetro,1,0,0,0,0,0,London,2,Croydon 028,44.0,1,189.0,83.16,1097
E02000200,5.0,2.0,41.62,45.2,8.61,30.7,48.09,12.59,LargeCentralMetro,1,0,0,0,0,0,London,2,Croydon 007,35.0,1,334.0,116.89999999999999,2155
E02000194,5.0,3.0,35.59,42.33,6.73,20.15,60.26,12.86,LargeCentralMetro,1,0,0,0,0,0,London,2,Croydon 001,46.0,1,177.0,81.42,1271
E02000213,3.0,2.0,48.34,44.37,20.94,32.8,32.17,14.09,LargeCentralMetro,1,0,0,0,0,0,London,1,Croydon 020,41.29,2,271.0,111.89999999999999,1555
E02000229,2.0,5.0,57.8,47.31,5.52,23.53,63.38,7.57,LargeCentralMetro,1,0,0,0,0,0,London,,Croydon 036,29.0,1,109.0,31.61,539
E02000196,3.0,2.0,41.7,100.0,26.75,24.6,36.22,12.44,LargeCentralMetro,1,0,0,0,0,0,London,2,Croydon 003,43.0,1,223.0,95.89,1245
E02006788,4.0,2.0,58.4,43.31,9.59,31.46,44.98,13.98,LargeCentralMetro,1,0,0,0,0,0,London,,Croydon 045,28.0,1,125.0,35.0,471
E02000237,8.0,4.0,28.65,47.25,6.46,6.56,79.63,7.35,LargeCentralMetro,1,0,0,0,0,0,London,6,Croydon 044,50.0,1,185.0,92.5,927
E02000207,3.0,1.0,42.77,49.95,10.55,33.46,42.53,13.46,LargeCentralMetro,1,0,0,0,0,0,London,4,Croydon 014,37.0,1,173.0,64.01,1828
E02000211,8.0,2.0,44.74,43.29,14.21,13.37,63.01,9.4,LargeCentralMetro,1,0,0,0,0,0,London,3,Croydon 018,55.0,1,114.0,62.7,633
E02000227,5.0,2.0,40.97,49.79,9.52,13.83,68.07,8.59,LargeCentralMetro,1,0,0,0,0,0,London,10,Croydon 034,43.0,1,144.0,61.92,960
E02000235,8.0,3.0,17.74,45.53,11.2,8.14,72.55,8.1,LargeCentralMetro,1,0,0,0,0,0,London,5,Croydon 042,66.0,1,327.0,215.82000000000002,2060
E02000195,5.0,1.0,34.73,1.98,24.08,20.11,44.09,11.72,LargeCentralMetro,1,0,0,0,0,0,London,1,Croydon 002,45.0,1,167.0,75.15,1008
E02000219,7.0,2.0,51.52,52.27,17.03,10.69,64.45,7.83,LargeCentralMetro,1,0,0,0,0,0,London,3,Croydon 026,39.0,1,165.0,64.35000000000001,838
E02000230,6.0,2.0,46.23,40.8,19.45,12.22,58.34,9.99,LargeCentralMetro,1,0,0,0,0,0,London,5,Croydon 037,42.0,1,106.0,44.519999999999996,652
E02000231,9.0,2.0,22.17,48.82,26.94,8.5,54.77,9.78,LargeCentralMetro,1,0,0,0,0,0,London,7,Croydon 038,54.0,1,203.0,109.62,1276
E02000253,2.0,5.0,35.46,46.04,20.12,17.44,44.47,17.97,LargeCentralMetro,1,0,0,0,0,0,London,1,Ealing 016,43.0,1,251.0,107.92999999999999,1666
E02000249,3.0,4.0,10.96,50.83,30.57,12.76,39.07,17.61,LargeCentralMetro,1,0,0,0,0,0,London,4,Ealing 012,75.0,1,301.0,225.75,1983
E02000259,4.0,2.0,39.65,45.5,13.72,8.68,63.41,14.19,LargeCentralMetro,1,0,0,0,0,0,London,1,Ealing 022,61.0,1,227.0,138.47,1510
E02000276,8.0,2.0,34.51,50.35,11.52,7.02,70.45,11.01,LargeCentralMetro,1,0,0,0,0,0,London,,Ealing 039,77.0,1,113.0,87.01,705
E02006968,6.0,1.0,33.67,100.0,23.32,4.84,51.9,19.94,LargeCentralMetro,1,0,0,0,0,0,London,2,Ealing 041,51.0,1,199.0,101.49,1305
E02000272,8.0,2.0,17.36,46.29,14.36,5.39,69.44,10.81,LargeCentralMetro,1,0,0,0,0,0,London,1,Ealing 035,64.0,1,242.0,154.88,1551
E02006970,2.0,1.0,25.37,47.25,74.34,7.55,6.09,12.02,LargeCentralMetro,1,0,0,0,0,0,London,2,Ealing 043,56.0,1,268.0,150.08,1780
E02000247,2.0,4.0,26.6,49.72,30.79,16.3,35.44,17.48,LargeCentralMetro,1,0,0,0,0,0,London,3,Ealing 010,62.0,1,282.0,174.84,1945
E02000240,2.0,2.0,37.39,43.83,27.91,16.34,40.56,15.2,LargeCentralMetro,1,0,0,0,0,0,London,3,Ealing 003,30.0,1,115.0,34.5,924
E02000264,5.0,1.0,16.67,50.28,18.04,6.66,61.07,14.24,LargeCentralMetro,1,0,0,0,0,0,London,4,Ealing 027,82.0,1,186.0,152.51999999999998,1633
E02000260,2.0,1.0,32.61,47.1,75.55,6.55,7.17,10.72,LargeCentralMetro,1,0,0,0,0,0,London,2,Ealing 023,48.0,1,230.0,110.39999999999999,1484
E02000243,2.0,4.0,20.1,49.64,26.97,11.99,44.58,16.47,LargeCentralMetro,1,0,0,0,0,0,London,,Ealing 006,59.0,1,194.0,114.46,1376
E02000307,2.0,2.0,40.93,48.95,14.63,19.92,44.27,21.18,LargeCentralMetro,1,0,0,0,0,0,London,1,Enfield 031,41.0,1,237.0,97.16999999999999,1383
E02000288,2.0,3.0,33.1,48.21,18.8,29.63,34.02,17.54,LargeCentralMetro,1,0,0,0,0,0,London,2,Enfield 012,43.99,3,574.0,252.5,3387
E02000285,6.0,2.0,38.22,48.62,8.4,7.0,73.08,11.52,LargeCentralMetro,1,0,0,0,0,0,London,2,Enfield 009,37.0,1,191.0,70.67,1084
E02000284,5.0,2.0,20.64,50.97,6.8,9.24,71.65,12.32,LargeCentralMetro,1,0,0,0,0,0,London,2,Enfield 008,58.07,2,344.0,199.76,2164
E02000289,8.0,1.0,14.72,49.0,13.96,5.56,63.23,17.24,LargeCentralMetro,1,0,0,0,0,0,London,8,Enfield 013,58.0,1,231.0,133.98,1547
E02000304,9.0,1.0,25.32,45.49,13.75,3.77,65.41,17.07,LargeCentralMetro,1,0,0,0,0,0,London,2,Enfield 028,34.0,1,158.0,53.720000000000006,677
E02000279,2.0,2.0,48.63,54.36,7.45,30.68,41.13,20.73,LargeCentralMetro,1,0,0,0,0,0,London,4,Enfield 003,29.0,1,146.0,42.339999999999996,815
E02000312,4.0,1.0,20.11,100.0,11.58,8.58,64.69,15.15,LargeCentralMetro,1,0,0,0,0,0,London,3,Enfield 036,58.0,1,179.0,103.82,1071
E02000280,5.0,3.0,15.06,3.25,4.68,9.16,73.42,12.74,LargeCentralMetro,1,0,0,0,0,0,London,5,Enfield 004,61.0,1,166.0,101.25999999999999,1107
E02000287,8.0,1.0,20.73,46.86,15.1,4.56,63.87,16.47,LargeCentralMetro,1,0,0,0,0,0,London,6,Enfield 011,59.0,1,246.0,145.14,1451
E02000302,4.0,1.0,20.85,50.33,12.57,11.87,57.25,18.31,LargeCentralMetro,1,0,0,0,0,0,London,4,Enfield 026,54.0,1,235.0,126.9,1677
E02000405,9.0,1.0,11.61,51.33,5.79,5.75,76.7,11.76,LargeCentralMetro,1,0,0,0,0,0,London,2,Haringey 009,85.0,1,224.0,190.4,1810
E02000410,8.0,1.0,8.43,47.03,5.88,3.64,78.92,11.55,LargeCentralMetro,1,0,0,0,0,0,London,3,Haringey 014,75.0,1,261.0,195.75,1820
E02000425,1.0,1.0,57.92,46.4,5.05,11.43,63.34,20.18,LargeCentralMetro,1,0,0,0,0,0,London,1,Haringey 029,37.0,1,259.0,95.83,1304
E02000416,3.0,3.0,41.45,44.32,7.46,15.13,62.06,15.35,LargeCentralMetro,1,0,0,0,0,0,London,1,Haringey 020,32.0,1,193.0,61.76,1144
E02000412,1.0,2.0,39.57,48.72,12.9,21.33,48.64,17.12,LargeCentralMetro,1,0,0,0,0,0,London,1,Haringey 016,54.0,1,230.0,124.2,1172
E02000429,9.0,1.0,21.8,46.32,6.03,5.28,76.79,11.91,LargeCentralMetro,1,0,0,0,0,0,London,1,Haringey 033,63.0,1,266.0,167.58,1578
E02000424,7.0,2.0,40.88,100.0,4.5,11.24,70.59,13.66,LargeCentralMetro,1,0,0,0,0,0,London,1,Haringey 028,51.0,1,159.0,81.09,754
E02000404,2.0,1.0,35.5,45.26,11.97,17.02,51.8,19.22,LargeCentralMetro,1,0,0,0,0,0,London,3,Haringey 008,35.0,1,231.0,80.85,1193
E02000415,4.0,1.0,47.89,45.05,11.62,13.54,56.43,18.41,LargeCentralMetro,1,0,0,0,0,0,London,4,Haringey 019,29.0,1,261.0,75.69,1192
E02000403,3.0,2.0,34.93,45.62,9.88,11.33,62.95,15.84,LargeCentralMetro,1,0,0,0,0,0,London,1,Haringey 007,49.0,1,209.0,102.41,1300
E02000440,5.0,1.0,6.59,44.52,52.25,4.36,34.65,8.74,LargeCentralMetro,1,0,0,0,0,0,London,2,Harrow 008,80.0,1,182.0,145.6,1231
E02000433,5.0,2.0,26.27,100.0,37.56,5.56,46.53,10.35,LargeCentralMetro,1,0,0,0,0,0,London,9,Harrow 001,67.0,1,217.0,145.39000000000001,1390
E02000442,4.0,1.0,31.6,44.47,52.3,4.39,33.6,9.71,LargeCentralMetro,1,0,0,0,0,0,London,1,Harrow 010,33.0,1,212.0,69.96000000000001,1302
E02000455,4.0,3.0,27.33,43.39,47.39,6.95,34.44,11.23,LargeCentralMetro,1,0,0,0,0,0,London,1,Harrow 023,39.0,1,172.0,67.08,998
E02000438,5.0,4.0,33.14,43.21,36.03,11.18,42.61,10.17,LargeCentralMetro,1,0,0,0,0,0,London,6,Harrow 006,41.0,1,175.0,71.75,1215
E02000451,8.0,1.0,14.91,44.23,50.06,3.28,38.2,8.46,LargeCentralMetro,1,0,0,0,0,0,London,2,Harrow 019,69.0,1,322.0,222.17999999999998,2028
E02000444,3.0,1.0,24.52,42.45,55.56,4.35,32.01,8.09,LargeCentralMetro,1,0,0,0,0,0,London,1,Harrow 012,51.0,1,261.0,133.11,1543
E02000454,9.0,1.0,11.8,48.36,47.58,2.48,41.19,8.75,LargeCentralMetro,1,0,0,0,0,0,London,,Harrow 022,75.0,1,178.0,133.5,1100
E02000463,3.0,3.0,35.2,46.9,44.09,11.12,31.51,13.29,LargeCentralMetro,1,0,0,0,0,0,London,3,Harrow 031,39.0,1,196.0,76.44,1177
E02000443,2.0,4.0,19.23,0.0,41.68,11.73,32.29,14.3,LargeCentralMetro,1,0,0,0,0,0,London,4,Harrow 011,71.0,1,78.0,55.379999999999995,618
E02000459,3.0,3.0,27.17,48.07,43.35,10.6,32.54,13.51,LargeCentralMetro,1,0,0,0,0,0,London,1,Harrow 027,61.0,1,265.0,161.65,1733
E02000486,7.0,3.0,18.18,47.72,8.89,5.09,81.33,4.69,LargeCentralMetro,1,0,0,0,0,0,London,6,Havering 023,37.0,1,165.0,61.05,878
E02000466,5.0,5.0,32.95,51.3,8.14,8.58,77.26,6.02,LargeCentralMetro,1,0,0,0,0,0,London,4,Havering 003,41.0,1,176.0,72.16,998
E02000490,5.0,4.0,31.91,52.67,10.06,11.62,74.24,4.07,LargeCentralMetro,1,0,0,0,0,0,London,4,Havering 027,28.0,1,141.0,39.480000000000004,636
E02000473,7.0,2.0,16.77,26.22,12.06,6.08,76.1,5.75,LargeCentralMetro,1,0,0,0,0,0,London,7,Havering 010,59.88,2,328.0,196.4,2197
E02000482,10.0,2.0,10.08,45.89,5.35,1.49,89.61,3.55,LargeCentralMetro,1,0,0,0,0,0,London,6,Havering 019,65.53,2,397.0,260.17,2602
E02000465,4.0,5.0,40.5,49.92,9.88,11.0,73.9,5.22,LargeCentralMetro,1,0,0,0,0,0,London,8,Havering 002,26.0,1,200.0,52.0,1216
E02000478,10.0,2.0,22.82,40.36,26.92,4.45,61.53,7.1,LargeCentralMetro,1,0,0,0,0,0,London,4,Havering 015,45.0,1,206.0,92.7,1043
E02000479,4.0,4.0,18.61,100.0,12.84,9.34,70.1,7.71,LargeCentralMetro,1,0,0,0,0,0,London,1,Havering 016,54.0,1,231.0,124.74000000000001,1432
E02000492,5.0,2.0,29.71,47.21,8.06,8.7,78.92,4.32,LargeCentralMetro,1,0,0,0,0,0,London,8,Havering 029,37.0,1,175.0,64.75,896
E02000484,8.0,3.0,30.72,45.11,9.6,6.41,79.16,4.83,LargeCentralMetro,1,0,0,0,0,0,London,,Havering 021,41.0,1,153.0,62.73,787
E02000485,7.0,2.0,8.33,100.0,6.01,4.17,85.56,4.26,LargeCentralMetro,1,0,0,0,0,0,London,4,Havering 022,68.0,1,120.0,81.60000000000001,834
E02000513,2.0,2.0,41.67,48.62,39.63,16.76,31.29,12.32,LargeCentralMetro,1,0,0,0,0,0,London,5,Hillingdon 020,60.0,1,240.0,144.0,1522
E02000500,8.0,2.0,9.39,51.51,19.16,2.09,71.15,7.6,LargeCentralMetro,1,0,0,0,0,0,London,3,Hillingdon 007,63.0,1,181.0,114.03,1260
E02000508,5.0,2.0,30.1,44.33,26.88,7.73,52.77,12.62,LargeCentralMetro,1,0,0,0,0,0,London,3,Hillingdon 015,53.35,2,402.0,214.48000000000002,2628
E02000511,4.0,1.0,36.75,43.14,37.93,8.42,40.89,12.77,LargeCentralMetro,1,0,0,0,0,0,London,2,Hillingdon 018,41.96,2,117.0,49.09,605
E02000504,9.0,1.0,22.36,42.87,21.3,1.56,70.32,6.82,LargeCentralMetro,1,0,0,0,0,0,London,4,Hillingdon 011,51.0,1,237.0,120.87,1563
E02000520,2.0,1.0,34.48,63.42,48.54,12.55,25.91,13.0,LargeCentralMetro,1,0,0,0,0,0,London,,Hillingdon 027,33.0,1,58.0,19.14,380
E02000496,5.0,4.0,36.51,46.41,9.38,2.73,81.78,6.12,LargeCentralMetro,1,0,0,0,0,0,London,10,Hillingdon 003,19.0,1,63.0,11.97,306
E02000523,3.0,1.0,35.42,46.67,58.76,8.52,19.92,12.8,LargeCentralMetro,1,0,0,0,0,0,London,7,Hillingdon 030,43.0,1,192.0,82.56,1277
E02000497,7.0,3.0,16.61,48.03,26.16,4.61,60.96,8.27,LargeCentralMetro,1,0,0,0,0,0,London,4,Hillingdon 004,48.0,1,271.0,130.07999999999998,1697
E02000495,5.0,2.0,21.14,47.85,29.63,4.96,56.53,8.88,LargeCentralMetro,1,0,0,0,0,0,London,3,Hillingdon 002,58.0,1,175.0,101.5,999
E02000507,6.0,1.0,34.6,37.66,28.2,5.59,55.61,10.6,LargeCentralMetro,1,0,0,0,0,0,London,6,Hillingdon 014,29.0,1,211.0,61.19,1232
E02000518,3.0,3.0,45.45,53.07,24.64,10.22,55.8,9.33,LargeCentralMetro,1,0,0,0,0,0,London,,Hillingdon 025,23.0,1,99.0,22.77,831
E02000517,2.0,3.0,31.82,42.28,40.37,14.27,32.38,12.98,LargeCentralMetro,1,0,0,0,0,0,London,3,Hillingdon 024,61.74,2,154.0,95.08,965
E02006796,5.0,2.0,21.01,49.12,26.69,5.59,57.46,10.27,LargeCentralMetro,1,0,0,0,0,0,London,2,Hillingdon 033,66.0,1,238.0,157.08,1472
E02000503,8.0,1.0,19.43,47.26,17.99,3.46,70.58,7.97,LargeCentralMetro,1,0,0,0,0,0,London,3,Hillingdon 010,55.0,1,175.0,96.25000000000001,1257
E02000510,5.0,1.0,25.99,99.56,31.29,6.1,51.34,11.27,LargeCentralMetro,1,0,0,0,0,0,London,6,Hillingdon 017,59.0,1,227.0,133.93,1375
E02000506,8.0,2.0,14.44,47.29,33.77,2.91,52.46,10.86,LargeCentralMetro,1,0,0,0,0,0,London,3,Hillingdon 013,57.0,1,180.0,102.6,1419
E02000531,4.0,4.0,19.09,44.94,13.48,8.51,65.95,12.06,LargeCentralMetro,1,0,0,0,0,0,London,1,Hounslow 006,69.82,2,330.0,230.42000000000002,2083
E02000532,8.0,1.0,33.51,47.11,9.25,4.98,73.88,11.89,LargeCentralMetro,1,0,0,0,0,0,London,3,Hounslow 007,56.0,1,185.0,103.60000000000001,1486
E02000530,1.0,1.0,27.4,48.02,50.11,15.73,19.64,14.51,LargeCentralMetro,1,0,0,0,0,0,London,4,Hounslow 005,62.0,1,208.0,128.96,1491
E02000539,5.0,3.0,20.6,72.97,21.79,7.49,57.44,13.28,LargeCentralMetro,1,0,0,0,0,0,London,4,Hounslow 014,67.78,3,466.0,315.87,2804
E02000546,3.0,1.0,29.37,46.92,59.1,5.83,24.56,10.51,LargeCentralMetro,1,0,0,0,0,0,London,3,Hounslow 021,51.0,1,269.0,137.19,1852
E02000536,4.0,1.0,26.96,46.11,59.92,5.26,21.74,13.09,LargeCentralMetro,1,0,0,0,0,0,London,4,Hounslow 011,58.03,2,434.0,251.86,2837
E02000534,6.0,1.0,24.57,0.18,36.66,5.42,45.2,12.72,LargeCentralMetro,1,0,0,0,0,0,London,5,Hounslow 009,39.0,1,175.0,68.25,1099
E02000537,5.0,1.0,25.86,50.28,58.15,2.98,26.7,12.18,LargeCentralMetro,1,0,0,0,0,0,London,2,Hounslow 012,47.0,1,116.0,54.519999999999996,881
E02000549,3.0,3.0,31.66,44.35,34.89,5.46,48.51,11.13,LargeCentralMetro,1,0,0,0,0,0,London,2,Hounslow 024,32.89,2,199.0,65.44999999999999,1168
E02000547,4.0,3.0,36.41,46.85,36.55,8.34,45.38,9.72,LargeCentralMetro,1,0,0,0,0,0,London,4,Hounslow 022,46.13,2,195.0,89.95,1176
E02000542,3.0,1.0,11.96,47.1,59.68,6.61,22.48,11.23,LargeCentralMetro,1,0,0,0,0,0,London,2,Hounslow 017,76.0,1,184.0,139.84,1206
E02000612,8.0,2.0,16.08,4.88,23.14,1.95,63.72,11.18,LargeCentralMetro,1,0,0,0,0,0,London,3,Kingston upon Thames 015,57.0,1,143.0,81.50999999999999,964
E02000605,7.0,3.0,21.31,91.59,22.0,1.81,64.56,11.63,LargeCentralMetro,1,0,0,0,0,0,London,7,Kingston upon Thames 008,60.0,1,244.0,146.4,1582
E02000606,8.0,1.0,16.67,37.14,13.5,2.31,72.4,11.79,LargeCentralMetro,1,0,0,0,0,0,London,1,Kingston upon Thames 009,58.0,1,180.0,104.39999999999999,1209
E02000609,6.0,2.0,12.54,49.37,31.22,2.78,52.8,13.2,LargeCentralMetro,1,0,0,0,0,0,London,2,Kingston upon Thames 012,74.94,2,311.0,233.07,2060
E02000598,9.0,1.0,13.89,42.43,15.23,1.63,73.39,9.76,LargeCentralMetro,1,0,0,0,0,0,London,,Kingston upon Thames 001,72.0,1,180.0,129.6,1176
E02000613,7.0,4.0,21.13,1.5,10.76,2.79,77.54,8.92,LargeCentralMetro,1,0,0,0,0,0,London,2,Kingston upon Thames 016,46.0,1,142.0,65.32000000000001,864
E02000614,4.0,3.0,15.18,98.53,27.14,4.08,56.86,11.92,LargeCentralMetro,1,0,0,0,0,0,London,2,Kingston upon Thames 017,60.0,1,191.0,114.6,1431
E02000707,3.0,3.0,42.61,44.23,17.18,35.18,36.68,10.96,LargeCentralMetro,1,0,0,0,0,0,London,3,Merton 019,45.0,1,230.0,103.5,1368
E02000710,4.0,4.0,44.05,45.74,21.91,14.75,52.79,10.55,LargeCentralMetro,1,0,0,0,0,0,London,2,Merton 022,48.0,1,168.0,80.64,868
E02000704,6.0,2.0,41.67,44.62,14.71,5.65,69.06,10.59,LargeCentralMetro,1,0,0,0,0,0,London,7,Merton 016,40.0,1,180.0,72.0,1181
E02000690,10.0,1.0,27.4,100.0,10.8,1.61,78.87,8.72,LargeCentralMetro,1,0,0,0,0,0,London,2,Merton 002,67.0,1,219.0,146.73000000000002,1361
E02000699,9.0,1.0,18.61,0.0,16.11,1.96,71.79,10.14,LargeCentralMetro,1,0,0,0,0,0,London,2,Merton 011,64.0,1,231.0,147.84,1458
E02000702,4.0,3.0,45.22,46.42,17.57,26.43,43.43,12.56,LargeCentralMetro,1,0,0,0,0,0,London,2,Merton 014,35.0,1,115.0,40.25,823
E02000692,10.0,1.0,13.09,0.0,14.76,2.22,74.25,8.77,LargeCentralMetro,1,0,0,0,0,0,London,4,Merton 004,68.0,1,191.0,129.88,1246
E02000742,2.0,1.0,37.6,50.36,40.15,18.52,32.52,8.81,LargeCentralMetro,1,0,0,0,0,0,London,2,Newham 029,70.0,1,359.0,251.29999999999998,2774
E02000748,2.0,1.0,40.9,42.0,18.98,16.95,54.35,9.72,LargeCentralMetro,1,0,0,0,0,0,London,2,Newham 035,42.64,2,379.0,161.61,2307
E02000718,1.0,2.0,34.36,38.81,54.7,21.19,15.99,8.11,LargeCentralMetro,1,0,0,0,0,0,London,4,Newham 005,45.0,1,291.0,130.95000000000002,1582
E02006999,6.0,1.0,47.19,50.53,26.83,18.06,44.02,11.08,LargeCentralMetro,1,0,0,0,0,0,London,,Newham 042,61.0,1,89.0,54.29,471
E02000721,2.0,1.0,36.09,93.56,64.54,12.05,16.2,7.2,LargeCentralMetro,1,0,0,0,0,0,London,1,Newham 008,69.0,1,169.0,116.60999999999999,1274
E02000730,3.0,1.0,38.05,21.92,73.41,7.45,12.97,6.16,LargeCentralMetro,1,0,0,0,0,0,London,1,Newham 017,61.67,2,481.0,296.61,2828
E02006925,6.0,1.0,16.76,46.78,66.86,4.3,19.45,9.38,LargeCentralMetro,1,0,0,0,0,0,London,2,Redbridge 036,65.0,1,358.0,232.70000000000002,2670
E02000758,6.0,1.0,30.61,47.99,46.15,9.66,32.9,11.29,LargeCentralMetro,1,0,0,0,0,0,London,4,Redbridge 008,36.0,1,147.0,52.919999999999995,1019
E02000772,3.0,1.0,23.33,47.87,59.54,10.34,20.6,9.52,LargeCentralMetro,1,0,0,0,0,0,London,2,Redbridge 022,56.0,1,180.0,100.80000000000001,1247
E02000752,4.0,3.0,35.06,47.89,23.32,11.65,56.15,8.88,LargeCentralMetro,1,0,0,0,0,0,London,6,Redbridge 002,32.0,1,154.0,49.28,758
E02000756,5.0,1.0,25.43,46.66,32.33,7.65,51.06,8.96,LargeCentralMetro,1,0,0,0,0,0,London,6,Redbridge 006,56.0,1,173.0,96.88000000000001,1003
E02006800,3.0,1.0,28.31,48.84,59.87,8.95,21.34,9.84,LargeCentralMetro,1,0,0,0,0,0,London,2,Redbridge 034,44.0,1,325.0,143.0,1896
E02000763,5.0,1.0,22.68,47.26,51.79,7.74,30.66,9.81,LargeCentralMetro,1,0,0,0,0,0,London,5,Redbridge 013,60.0,1,291.0,174.6,1841
E02000770,4.0,1.0,33.16,46.09,60.63,7.62,21.07,10.68,LargeCentralMetro,1,0,0,0,0,0,London,4,Redbridge 020,72.0,1,187.0,134.64,1163
E02000751,8.0,1.0,11.34,49.42,19.44,5.06,67.0,8.49,LargeCentralMetro,1,0,0,0,0,0,London,2,Redbridge 001,66.0,1,238.0,157.08,1641
E02000776,2.0,1.0,28.57,100.0,64.29,8.97,19.39,7.35,LargeCentralMetro,1,0,0,0,0,0,London,2,Redbridge 026,66.0,1,126.0,83.16000000000001,760
E02006924,5.0,1.0,22.35,45.39,64.85,5.9,20.82,8.43,LargeCentralMetro,1,0,0,0,0,0,London,2,Redbridge 035,70.0,1,179.0,125.3,1346
E02000768,9.0,2.0,17.92,47.01,20.59,5.51,64.43,9.47,LargeCentralMetro,1,0,0,0,0,0,London,2,Redbridge 018,71.0,1,240.0,170.39999999999998,1470
E02000759,6.0,1.0,19.59,50.41,24.41,10.58,54.01,11.01,LargeCentralMetro,1,0,0,0,0,0,London,3,Redbridge 009,62.0,1,296.0,183.52,1851
E02000789,9.0,2.0,21.05,43.82,9.92,1.38,79.34,9.36,LargeCentralMetro,1,0,0,0,0,0,London,1,Richmond upon Thames 006,60.0,1,152.0,91.2,1036
E02000795,9.0,1.0,12.77,42.48,6.02,1.07,84.3,8.61,LargeCentralMetro,1,0,0,0,0,0,London,1,Richmond upon Thames 012,74.0,1,235.0,173.9,1549
E02000803,6.0,5.0,24.55,47.18,10.95,3.05,76.52,9.49,LargeCentralMetro,1,0,0,0,0,0,London,,Richmond upon Thames 020,43.0,1,167.0,71.81,886
E02000792,10.0,2.0,10.65,40.4,5.64,1.33,85.0,8.03,LargeCentralMetro,1,0,0,0,0,0,London,1,Richmond upon Thames 009,79.0,1,216.0,170.64000000000001,1364
E02000788,10.0,1.0,28.57,46.48,5.92,1.08,82.81,10.19,LargeCentralMetro,1,0,0,0,0,0,London,2,Richmond upon Thames 005,65.0,1,168.0,109.2,994
E02000794,9.0,2.0,19.46,35.56,11.54,1.54,77.94,8.99,LargeCentralMetro,1,0,0,0,0,0,London,,Richmond upon Thames 011,51.0,1,149.0,75.99,748
E02000805,8.0,2.0,15.2,41.32,6.51,1.81,84.02,7.66,LargeCentralMetro,1,0,0,0,0,0,London,6,Richmond upon Thames 022,66.0,1,204.0,134.64000000000001,1307
E02000796,5.0,3.0,21.11,40.22,25.97,4.43,59.59,10.01,LargeCentralMetro,1,0,0,0,0,0,London,,Richmond upon Thames 013,66.58,2,199.0,132.49,1432
E02000798,8.0,3.0,9.26,93.82,9.28,2.02,79.65,9.04,LargeCentralMetro,1,0,0,0,0,0,London,1,Richmond upon Thames 015,76.0,1,216.0,164.16,1457
E02000844,5.0,5.0,26.73,3.38,13.34,7.78,70.95,7.94,LargeCentralMetro,1,0,0,0,0,0,London,1,Sutton 005,42.0,1,217.0,91.14,1479
E02000854,8.0,3.0,23.97,99.97,9.62,3.64,80.53,6.2,LargeCentralMetro,1,0,0,0,0,0,London,2,Sutton 015,59.01,2,459.0,270.87,2885
E02000848,9.0,2.0,13.12,47.92,18.97,2.7,71.2,7.13,LargeCentralMetro,1,0,0,0,0,0,London,2,Sutton 009,60.0,1,320.0,192.0,2135
E02000842,8.0,4.0,19.53,51.92,20.72,4.58,66.38,8.33,LargeCentralMetro,1,0,0,0,0,0,London,4,Sutton 003,73.0,1,256.0,186.88,1718
E02000846,8.0,4.0,30.98,44.71,21.18,5.03,65.84,7.96,LargeCentralMetro,1,0,0,0,0,0,London,5,Sutton 007,72.0,1,297.0,213.84,1881
E02000863,8.0,2.0,9.09,0.0,20.92,6.91,65.43,6.74,LargeCentralMetro,1,0,0,0,0,0,London,4,Sutton 024,64.0,1,187.0,119.68,1163
E02000857,6.0,3.0,26.49,45.84,21.03,6.38,63.61,8.98,LargeCentralMetro,1,0,0,0,0,0,London,7,Sutton 018,38.0,1,185.0,70.3,1239
E02000895,5.0,4.0,28.38,48.22,10.21,11.61,65.79,12.4,LargeCentralMetro,1,0,0,0,0,0,London,5,Waltham Forest 001,44.0,1,229.0,100.76,1485
E02000918,4.0,1.0,28.0,100.0,22.27,14.06,51.96,11.71,LargeCentralMetro,1,0,0,0,0,0,London,2,Waltham Forest 024,47.0,1,125.0,58.75,619
E02000908,2.0,1.0,37.1,63.52,16.87,15.4,54.87,12.86,LargeCentralMetro,1,0,0,0,0,0,London,3,Waltham Forest 014,59.31,2,283.0,167.85000000000002,1546
E02000904,5.0,1.0,26.14,34.76,19.97,16.07,52.28,11.68,LargeCentralMetro,1,0,0,0,0,0,London,5,Waltham Forest 010,43.0,1,176.0,75.67999999999999,889
E02000897,5.0,3.0,35.52,46.9,9.56,12.43,66.69,11.31,LargeCentralMetro,1,0,0,0,0,0,London,7,Waltham Forest 003,43.0,1,183.0,78.69,1098
E02000901,7.0,2.0,26.81,49.06,9.84,9.77,69.12,11.27,LargeCentralMetro,1,0,0,0,0,0,London,2,Waltham Forest 007,50.0,1,235.0,117.5,1537
E02000907,2.0,2.0,21.18,69.84,17.01,24.95,44.54,13.49,LargeCentralMetro,1,0,0,0,0,0,London,1,Waltham Forest 013,56.88,2,373.0,212.18,2165
E02000912,4.0,1.0,34.32,38.24,29.41,14.55,43.61,12.43,LargeCentralMetro,1,0,0,0,0,0,London,3,Waltham Forest 018,39.0,1,169.0,65.91,986
E02000915,5.0,1.0,25.86,41.92,20.85,12.65,55.92,10.58,LargeCentralMetro,1,0,0,0,0,0,London,2,Waltham Forest 021,47.0,1,174.0,81.78,1002
E02000917,3.0,1.0,28.46,0.97,18.66,14.4,55.07,11.87,LargeCentralMetro,1,0,0,0,0,0,London,1,Waltham Forest 023,64.0,1,130.0,83.2,821
E02000902,4.0,1.0,35.79,41.83,19.28,16.82,49.66,14.25,LargeCentralMetro,1,0,0,0,0,0,London,2,Waltham Forest 008,37.0,1,95.0,35.15,557
E02000905,5.0,1.0,41.24,42.67,20.25,13.3,54.94,11.51,LargeCentralMetro,1,0,0,0,0,0,London,5,Waltham Forest 011,53.0,1,177.0,93.81,1092
E02007039,1.0,3.0,80.79,47.03,75.6,4.9,10.5,9.0,LargeCentralMetro,1,0,0,0,0,0,West Midlands,3,Birmingham 142,40.0,1,177.0,70.8,910
E02001897,1.0,6.0,93.23,45.62,40.57,28.71,10.79,19.93,LargeCentralMetro,1,0,0,0,0,0,West Midlands,1,Birmingham 071,41.0,1,133.0,54.529999999999994,901
E02001828,8.0,4.0,16.79,47.71,9.16,1.85,85.23,3.77,LargeCentralMetro,1,0,0,0,0,0,West Midlands,3,Birmingham 002,59.0,1,274.0,161.66,1750
E02001876,2.0,2.0,40.41,54.57,26.7,35.08,27.43,10.79,LargeCentralMetro,1,0,0,0,0,0,West Midlands,1,Birmingham 050,48.24,3,391.0,188.6,2705
E02001920,2.0,8.0,49.72,45.49,9.96,12.19,67.85,10.0,LargeCentralMetro,1,0,0,0,0,0,West Midlands,8,Birmingham 094,32.0,1,181.0,57.92,932
E02001930,6.0,6.0,35.02,29.08,20.22,3.45,68.0,8.32,LargeCentralMetro,1,0,0,0,0,0,West Midlands,2,Birmingham 104,50.87,2,317.0,161.27,1898
E02001832,9.0,5.0,13.29,48.74,7.56,2.79,84.63,5.02,LargeCentralMetro,1,0,0,0,0,0,West Midlands,2,Birmingham 006,60.0,1,158.0,94.8,1030
E02001884,1.0,2.0,49.18,100.0,68.85,11.41,8.08,11.66,LargeCentralMetro,1,0,0,0,0,0,West Midlands,3,Birmingham 058,47.0,1,122.0,57.339999999999996,974
E02001859,1.0,3.0,43.5,36.59,69.13,15.42,9.58,5.86,LargeCentralMetro,1,0,0,0,0,0,West Midlands,2,Birmingham 033,55.3,2,331.0,183.05,1834
E02001843,4.0,6.0,42.96,50.59,12.41,8.7,72.67,6.22,LargeCentralMetro,1,0,0,0,0,0,West Midlands,3,Birmingham 017,32.0,1,142.0,45.44,759
E02001888,2.0,9.0,57.21,46.05,26.07,7.73,58.39,7.81,LargeCentralMetro,1,0,0,0,0,0,West Midlands,,Birmingham 062,27.0,1,201.0,54.27,962
E02001956,4.0,9.0,44.65,46.27,3.68,5.21,85.03,6.08,LargeCentralMetro,1,0,0,0,0,0,West Midlands,9,Birmingham 130,27.0,1,215.0,58.050000000000004,1247
E02001857,2.0,9.0,57.83,49.63,25.64,17.53,46.98,9.84,LargeCentralMetro,1,0,0,0,0,0,West Midlands,5,Birmingham 031,35.0,1,166.0,58.099999999999994,953
E02001831,5.0,8.0,20.33,51.91,7.65,4.65,81.14,6.56,LargeCentralMetro,1,0,0,0,0,0,West Midlands,5,Birmingham 005,48.0,1,246.0,118.08,1570
E02001906,4.0,6.0,64.81,38.0,15.67,9.13,65.13,10.06,LargeCentralMetro,1,0,0,0,0,0,West Midlands,7,Birmingham 080,33.0,1,108.0,35.64,571
E02001886,2.0,3.0,59.22,47.56,41.98,15.0,30.42,12.6,LargeCentralMetro,1,0,0,0,0,0,West Midlands,4,Birmingham 060,31.0,1,179.0,55.49,1026
E02001855,2.0,10.0,58.48,48.18,2.64,8.1,79.6,9.67,LargeCentralMetro,1,0,0,0,0,0,West Midlands,4,Birmingham 029,33.0,1,171.0,56.43,959
E02001923,2.0,5.0,49.29,37.41,67.22,3.72,20.62,8.44,LargeCentralMetro,1,0,0,0,0,0,West Midlands,6,Birmingham 097,30.1,2,424.0,127.61,2390
E02006809,4.0,2.0,39.15,43.95,65.16,9.77,13.49,11.59,LargeCentralMetro,1,0,0,0,0,0,West Midlands,4,Birmingham 133,41.0,1,189.0,77.49,1140
E02001905,8.0,2.0,73.77,34.32,27.68,4.87,57.29,10.15,LargeCentralMetro,1,0,0,0,0,0,West Midlands,2,Birmingham 079,42.0,1,122.0,51.239999999999995,606
E02001878,1.0,3.0,59.06,50.44,58.28,21.22,8.85,11.65,LargeCentralMetro,1,0,0,0,0,0,West Midlands,2,Birmingham 052,58.0,1,171.0,99.17999999999999,799
E02001921,3.0,7.0,50.0,99.54,14.86,9.36,63.5,12.28,LargeCentralMetro,1,0,0,0,0,0,West Midlands,7,Birmingham 095,50.0,1,116.0,58.0,650
E02001870,1.0,4.0,38.76,55.8,64.34,8.44,19.4,7.81,LargeCentralMetro,1,0,0,0,0,0,West Midlands,5,Birmingham 044,45.26,2,387.0,175.17,1966
E02001867,1.0,1.0,93.19,51.26,55.07,28.56,7.61,8.76,LargeCentralMetro,1,0,0,0,0,0,West Midlands,2,Birmingham 041,39.0,1,191.0,74.49000000000001,1194
E02001862,1.0,2.0,55.93,45.11,55.06,20.06,12.88,12.0,LargeCentralMetro,1,0,0,0,0,0,West Midlands,3,Birmingham 036,38.74,2,329.0,127.44000000000001,1931
E02006898,4.0,2.0,74.56,47.29,14.83,23.2,50.46,11.51,LargeCentralMetro,1,0,0,0,0,0,West Midlands,,Birmingham 137,23.0,1,114.0,26.220000000000002,609
E02001858,2.0,2.0,40.88,100.0,44.09,23.19,22.45,10.28,LargeCentralMetro,1,0,0,0,0,0,West Midlands,1,Birmingham 032,49.0,1,159.0,77.91,1014
E02001899,8.0,4.0,34.68,63.43,31.41,4.0,54.55,10.04,LargeCentralMetro,1,0,0,0,0,0,West Midlands,3,Birmingham 073,57.47,2,222.0,127.59,1482
E02001895,2.0,9.0,46.57,48.99,14.49,6.55,70.85,8.11,LargeCentralMetro,1,0,0,0,0,0,West Midlands,7,Birmingham 069,41.0,1,204.0,83.64,1190
E02001937,2.0,9.0,44.35,0.0,28.98,5.66,55.72,9.64,LargeCentralMetro,1,0,0,0,0,0,West Midlands,2,Birmingham 111,46.0,1,115.0,52.900000000000006,732
E02001938,6.0,8.0,25.81,93.47,6.67,4.27,81.54,7.51,LargeCentralMetro,1,0,0,0,0,0,West Midlands,2,Birmingham 112,63.0,1,155.0,97.65,1057
E02001924,2.0,6.0,90.69,45.47,48.93,4.9,37.54,8.63,LargeCentralMetro,1,0,0,0,0,0,West Midlands,3,Birmingham 098,41.0,1,290.0,118.89999999999999,1489
E02001875,1.0,2.0,25.0,50.15,33.06,36.04,20.36,10.54,LargeCentralMetro,1,0,0,0,0,0,West Midlands,3,Birmingham 049,68.0,1,100.0,68.0,652
E02001848,2.0,8.0,67.07,48.78,20.24,22.61,48.26,8.88,LargeCentralMetro,1,0,0,0,0,0,West Midlands,3,Birmingham 022,34.0,1,164.0,55.760000000000005,1023
E02001835,9.0,5.0,17.57,49.35,8.04,2.14,84.4,5.42,LargeCentralMetro,1,0,0,0,0,0,West Midlands,2,Birmingham 009,61.0,1,222.0,135.42,1532
E02001914,4.0,6.0,28.98,44.03,45.54,6.0,31.79,16.67,LargeCentralMetro,1,0,0,0,0,0,West Midlands,3,Birmingham 088,53.0,1,176.0,93.28,904
E02001874,1.0,3.0,53.33,51.49,70.12,11.81,9.82,8.25,LargeCentralMetro,1,0,0,0,0,0,West Midlands,3,Birmingham 048,33.0,1,180.0,59.400000000000006,1039
E02001890,4.0,2.0,31.1,100.0,27.05,14.03,46.11,12.82,LargeCentralMetro,1,0,0,0,0,0,West Midlands,2,Birmingham 064,74.0,1,164.0,121.36,1027
E02001952,1.0,10.0,46.86,46.83,5.04,11.52,75.59,7.85,LargeCentralMetro,1,0,0,0,0,0,West Midlands,2,Birmingham 126,47.0,1,207.0,97.28999999999999,1168
E02001881,1.0,3.0,45.85,43.91,66.63,8.35,15.09,9.93,LargeCentralMetro,1,0,0,0,0,0,West Midlands,2,Birmingham 055,28.0,1,229.0,64.12,1305
E02001926,5.0,8.0,56.62,100.0,20.6,6.58,63.9,8.92,LargeCentralMetro,1,0,0,0,0,0,West Midlands,5,Birmingham 100,52.0,1,136.0,70.72,793
E02001932,2.0,9.0,49.69,44.61,8.45,10.06,71.35,10.14,LargeCentralMetro,1,0,0,0,0,0,West Midlands,7,Birmingham 106,34.0,1,163.0,55.42,825
E02001852,2.0,8.0,42.18,48.21,23.3,15.18,53.0,8.52,LargeCentralMetro,1,0,0,0,0,0,West Midlands,4,Birmingham 026,46.0,1,147.0,67.62,753
E02001883,1.0,10.0,80.77,49.24,13.91,7.57,68.78,9.74,LargeCentralMetro,1,0,0,0,0,0,West Midlands,,Birmingham 057,27.0,1,104.0,28.080000000000002,595
E02001925,6.0,6.0,38.41,43.68,17.0,6.17,68.0,8.83,LargeCentralMetro,1,0,0,0,0,0,West Midlands,,Birmingham 099,55.0,1,151.0,83.05000000000001,1170
E02001889,1.0,4.0,65.45,57.2,68.63,10.1,10.15,11.12,LargeCentralMetro,1,0,0,0,0,0,West Midlands,3,Birmingham 063,16.0,1,55.0,8.8,250
E02001916,1.0,7.0,48.54,43.63,50.38,5.89,34.71,9.03,LargeCentralMetro,1,0,0,0,0,0,West Midlands,5,Birmingham 090,45.0,1,206.0,92.7,942
E02001977,2.0,6.0,38.58,43.32,20.44,16.31,54.87,8.37,LargeCentralMetro,1,0,0,0,0,0,West Midlands,1,Coventry 020,54.0,1,127.0,68.58,928
E02001985,1.0,3.0,19.39,51.48,18.52,16.4,55.5,9.57,LargeCentralMetro,1,0,0,0,0,0,West Midlands,1,Coventry 028,48.0,1,263.0,126.24,1692
E02001976,5.0,6.0,18.26,48.92,17.53,8.89,67.41,6.17,LargeCentralMetro,1,0,0,0,0,0,West Midlands,5,Coventry 019,40.0,1,241.0,96.4,1570
E02001964,1.0,8.0,35.09,51.81,6.14,20.62,66.04,7.19,LargeCentralMetro,1,0,0,0,0,0,West Midlands,6,Coventry 007,36.0,1,228.0,82.08,1357
E02001967,8.0,6.0,24.5,48.4,4.85,1.29,90.93,2.93,LargeCentralMetro,1,0,0,0,0,0,West Midlands,8,Coventry 010,36.0,1,298.0,107.28,1880
E02001972,2.0,5.0,38.79,100.0,44.89,13.58,30.35,11.17,LargeCentralMetro,1,0,0,0,0,0,West Midlands,,Coventry 015,73.0,1,116.0,84.67999999999999,601
E02001992,3.0,7.0,39.31,52.46,7.96,17.92,68.76,5.35,LargeCentralMetro,1,0,0,0,0,0,West Midlands,5,Coventry 035,41.0,1,173.0,70.92999999999999,1058
E02001993,4.0,7.0,27.72,41.12,17.62,7.84,68.36,6.19,LargeCentralMetro,1,0,0,0,0,0,West Midlands,7,Coventry 036,38.07,3,386.0,146.96,2045
E02001998,9.0,3.0,14.71,51.09,23.25,3.26,66.59,6.89,LargeCentralMetro,1,0,0,0,0,0,West Midlands,5,Coventry 041,58.0,1,238.0,138.04,1648
E02001965,5.0,6.0,39.87,49.78,14.74,7.0,73.01,5.25,LargeCentralMetro,1,0,0,0,0,0,West Midlands,6,Coventry 008,32.0,1,158.0,50.56,894
E02001970,4.0,7.0,40.43,45.26,15.02,7.66,72.15,5.17,LargeCentralMetro,1,0,0,0,0,0,West Midlands,5,Coventry 013,23.0,1,141.0,32.43,908
E02001959,3.0,6.0,34.57,51.54,19.43,5.54,67.77,7.26,LargeCentralMetro,1,0,0,0,0,0,West Midlands,7,Coventry 002,47.0,1,269.0,126.42999999999999,1781
E02001981,1.0,4.0,47.87,42.06,33.56,21.05,32.7,12.69,LargeCentralMetro,1,0,0,0,0,0,West Midlands,1,Coventry 024,40.0,1,211.0,84.4,1467
E02001986,3.0,8.0,25.95,51.4,4.63,6.97,83.92,4.48,LargeCentralMetro,1,0,0,0,0,0,West Midlands,8,Coventry 029,35.0,1,185.0,64.75,1216
E02002004,3.0,7.0,39.39,47.85,3.75,3.54,89.19,3.53,LargeCentralMetro,1,0,0,0,0,0,West Midlands,6,Dudley 005,33.0,1,165.0,54.45,1024
E02002008,7.0,6.0,32.0,50.99,11.35,3.32,81.71,3.62,LargeCentralMetro,1,0,0,0,0,0,West Midlands,3,Dudley 009,36.0,1,150.0,54.0,861
E02002018,8.0,8.0,16.93,50.68,1.76,0.31,96.06,1.87,LargeCentralMetro,1,0,0,0,0,0,West Midlands,3,Dudley 019,45.02,2,378.0,170.16000000000003,2046
E02002001,4.0,7.0,23.56,50.09,2.96,1.2,93.37,2.47,LargeCentralMetro,1,0,0,0,0,0,West Midlands,7,Dudley 002,43.0,1,225.0,96.75,1150
E02002033,6.0,6.0,21.98,50.16,4.76,1.52,87.85,5.86,LargeCentralMetro,1,0,0,0,0,0,West Midlands,3,Dudley 034,44.0,1,232.0,102.08,1226
E02002007,7.0,7.0,20.91,47.54,0.84,0.92,96.17,2.07,LargeCentralMetro,1,0,0,0,0,0,West Midlands,7,Dudley 008,35.0,1,220.0,77.0,1037
E02002011,7.0,7.0,30.77,48.18,2.64,0.51,94.95,1.9,LargeCentralMetro,1,0,0,0,0,0,West Midlands,3,Dudley 012,44.0,1,169.0,74.36,909
E02002017,2.0,8.0,47.93,48.06,14.88,4.02,75.64,5.47,LargeCentralMetro,1,0,0,0,0,0,West Midlands,,Dudley 018,33.0,1,169.0,55.77,930
E02002039,8.0,6.0,7.32,26.42,8.52,1.27,87.12,3.09,LargeCentralMetro,1,0,0,0,0,0,West Midlands,2,Dudley 040,63.0,1,82.0,51.660000000000004,742
E02002010,3.0,9.0,41.54,52.29,27.65,11.28,54.0,7.07,LargeCentralMetro,1,0,0,0,0,0,West Midlands,4,Dudley 011,21.0,1,130.0,27.3,612
E02002034,5.0,6.0,21.29,50.37,4.09,1.27,92.14,2.5,LargeCentralMetro,1,0,0,0,0,0,West Midlands,2,Dudley 035,46.0,1,249.0,114.54,1219
E02002037,6.0,5.0,34.97,52.62,1.93,0.49,94.7,2.89,LargeCentralMetro,1,0,0,0,0,0,West Midlands,6,Dudley 038,28.0,1,143.0,40.040000000000006,591
E02002026,6.0,6.0,27.49,49.78,4.17,0.62,93.26,1.95,LargeCentralMetro,1,0,0,0,0,0,West Midlands,,Dudley 027,33.0,1,171.0,56.43,916
E02002038,5.0,7.0,25.44,48.67,5.31,2.41,85.39,6.89,LargeCentralMetro,1,0,0,0,0,0,West Midlands,3,Dudley 039,42.0,1,283.0,118.86,1726
E02002073,2.0,4.0,30.69,46.26,29.48,8.98,50.42,11.13,LargeCentralMetro,1,0,0,0,0,0,West Midlands,2,Sandwell 031,33.0,1,189.0,62.370000000000005,1042
E02002060,2.0,4.0,33.67,49.01,34.46,8.73,46.28,10.53,LargeCentralMetro,1,0,0,0,0,0,West Midlands,5,Sandwell 018,40.0,1,196.0,78.4,1416
E02002049,4.0,6.0,35.21,48.57,7.63,6.42,81.72,4.23,LargeCentralMetro,1,0,0,0,0,0,West Midlands,6,Sandwell 007,23.0,1,213.0,48.99,1223
E02002065,2.0,1.0,33.12,47.21,64.1,10.36,14.19,11.34,LargeCentralMetro,1,0,0,0,0,0,West Midlands,4,Sandwell 023,38.24,2,471.0,180.12,2900
E02002072,3.0,4.0,37.98,49.68,23.74,9.21,58.17,8.88,LargeCentralMetro,1,0,0,0,0,0,West Midlands,2,Sandwell 030,43.43,2,516.0,224.1,2669
E02002077,3.0,8.0,34.39,49.57,14.08,4.91,73.84,7.18,LargeCentralMetro,1,0,0,0,0,0,West Midlands,4,Sandwell 035,30.0,1,285.0,85.5,1640
E02002063,3.0,3.0,36.71,46.36,33.01,11.18,46.79,9.03,LargeCentralMetro,1,0,0,0,0,0,West Midlands,7,Sandwell 021,39.0,1,207.0,80.73,1141
E02002052,2.0,6.0,40.84,51.17,20.15,11.2,61.33,7.33,LargeCentralMetro,1,0,0,0,0,0,West Midlands,7,Sandwell 010,35.0,1,333.0,116.55,1917
E02002048,6.0,2.0,20.87,48.85,29.9,5.27,57.75,7.07,LargeCentralMetro,1,0,0,0,0,0,West Midlands,5,Sandwell 006,48.0,1,206.0,98.88,1177
E02002071,2.0,6.0,34.21,49.75,6.57,4.1,83.82,5.51,LargeCentralMetro,1,0,0,0,0,0,West Midlands,4,Sandwell 029,33.0,1,228.0,75.24000000000001,1212
E02002061,2.0,5.0,52.63,66.51,48.9,7.85,33.0,10.25,LargeCentralMetro,1,0,0,0,0,0,West Midlands,4,Sandwell 019,34.0,1,38.0,12.920000000000002,215
E02006944,2.0,2.0,41.63,45.09,52.87,19.93,14.24,12.97,LargeCentralMetro,1,0,0,0,0,0,West Midlands,4,Sandwell 041,41.0,1,245.0,100.44999999999999,1557
E02002045,4.0,6.0,43.89,49.52,11.79,4.25,79.69,4.26,LargeCentralMetro,1,0,0,0,0,0,West Midlands,6,Sandwell 003,28.0,1,221.0,61.88,1149
E02002043,3.0,7.0,25.0,45.66,16.26,3.26,75.86,4.63,LargeCentralMetro,1,0,0,0,0,0,West Midlands,4,Sandwell 001,46.0,1,252.0,115.92,1533
E02002102,7.0,4.0,11.95,48.41,17.17,1.24,75.6,5.99,LargeCentralMetro,1,0,0,0,0,0,West Midlands,5,Solihull 022,69.06,2,544.0,375.68,3303
E02002106,9.0,4.0,10.17,49.14,5.66,0.79,89.89,3.66,LargeCentralMetro,1,0,0,0,0,0,West Midlands,4,Solihull 026,64.0,1,295.0,188.8,1805
E02002087,2.0,10.0,42.19,46.2,3.15,3.34,86.26,7.26,LargeCentralMetro,1,0,0,0,0,0,West Midlands,4,Solihull 007,39.99,3,493.0,197.14999999999998,2660
E02002105,9.0,3.0,12.5,52.29,5.25,0.63,91.13,2.99,MediumMetro,0,0,1,0,0,0,West Midlands,8,Solihull 025,37.0,1,200.0,74.0,1245
E02002093,6.0,6.0,25.87,47.67,16.86,2.14,74.83,6.17,LargeCentralMetro,1,0,0,0,0,0,West Midlands,5,Solihull 013,48.0,1,201.0,96.47999999999999,1030
E02002103,8.0,5.0,28.57,47.63,10.26,0.84,85.42,3.48,LargeCentralMetro,1,0,0,0,0,0,West Midlands,2,Solihull 023,43.0,1,231.0,99.33,1098
E02002096,8.0,4.0,22.27,49.01,20.28,1.6,71.78,6.34,LargeCentralMetro,1,0,0,0,0,0,West Midlands,4,Solihull 016,38.0,1,220.0,83.6,1161
E02002092,5.0,5.0,36.55,49.03,13.24,1.42,80.69,4.65,LargeCentralMetro,1,0,0,0,0,0,West Midlands,7,Solihull 012,47.0,1,238.0,111.86,1187
E02002081,5.0,6.0,33.5,48.7,8.99,2.61,83.59,4.81,LargeCentralMetro,1,0,0,0,0,0,West Midlands,10,Solihull 001,33.0,1,203.0,66.99000000000001,1267
E02002084,2.0,10.0,59.2,50.17,3.48,4.46,85.69,6.37,LargeCentralMetro,1,0,0,0,0,0,West Midlands,,Solihull 004,7.0,1,174.0,12.180000000000001,899
E02002131,8.0,4.0,22.88,49.44,9.35,1.48,85.72,3.45,LargeCentralMetro,1,0,0,0,0,0,West Midlands,4,Walsall 022,45.94,2,424.0,194.78,2765
E02002148,6.0,5.0,16.26,48.48,11.0,3.31,81.19,4.51,LargeCentralMetro,1,0,0,0,0,0,West Midlands,6,Walsall 039,60.0,1,289.0,173.4,1582
E02002139,2.0,6.0,47.21,54.65,38.29,10.65,42.76,8.31,LargeCentralMetro,1,0,0,0,0,0,West Midlands,1,Walsall 030,25.1,2,197.0,49.44,1085
E02002147,2.0,8.0,43.43,47.66,12.79,5.59,76.64,4.98,LargeCentralMetro,1,0,0,0,0,0,West Midlands,6,Walsall 038,36.0,1,175.0,63.0,984
E02002146,2.0,4.0,46.15,48.7,46.57,4.55,42.13,6.76,LargeCentralMetro,1,0,0,0,0,0,West Midlands,4,Walsall 037,32.0,1,234.0,74.88,1458
E02002119,5.0,8.0,47.62,46.78,8.54,2.62,84.86,3.98,LargeCentralMetro,1,0,0,0,0,0,West Midlands,5,Walsall 010,22.0,1,231.0,50.82,1383
E02002129,5.0,8.0,37.78,51.79,9.98,1.23,84.09,4.71,LargeCentralMetro,1,0,0,0,0,0,West Midlands,9,Walsall 020,31.0,1,180.0,55.8,1064
E02002175,2.0,9.0,35.59,47.33,21.24,9.19,60.71,8.86,LargeCentralMetro,1,0,0,0,0,0,West Midlands,5,Wolverhampton 027,29.0,1,236.0,68.44,1498
E02002113,4.0,8.0,33.61,48.61,3.65,2.18,90.8,3.37,LargeCentralMetro,1,0,0,0,0,0,West Midlands,9,Walsall 004,35.0,1,241.0,84.35,1471
E02002141,9.0,3.0,24.22,50.43,15.17,1.61,78.19,5.03,LargeCentralMetro,1,0,0,0,0,0,West Midlands,7,Walsall 032,42.0,1,256.0,107.52,1523
E02002115,2.0,9.0,37.26,50.44,3.25,2.39,91.26,3.09,LargeCentralMetro,1,0,0,0,0,0,West Midlands,5,Walsall 006,27.0,1,212.0,57.24,1368
E02002135,1.0,6.0,50.0,50.6,43.03,9.17,39.51,8.3,LargeCentralMetro,1,0,0,0,0,0,West Midlands,4,Walsall 026,37.0,1,200.0,74.0,1172
E02002128,4.0,8.0,50.0,50.5,8.3,2.45,85.45,3.8,LargeCentralMetro,1,0,0,0,0,0,West Midlands,7,Walsall 019,17.0,1,138.0,23.46,909
E02002157,7.0,6.0,46.04,48.52,18.94,4.89,70.33,5.85,LargeCentralMetro,1,0,0,0,0,0,West Midlands,10,Wolverhampton 009,34.0,1,202.0,68.68,1251
E02002178,6.0,6.0,51.55,45.84,50.61,5.48,32.25,11.67,LargeCentralMetro,1,0,0,0,0,0,West Midlands,8,Wolverhampton 030,29.0,1,161.0,46.69,1021
E02002163,2.0,8.0,35.83,49.62,19.22,19.18,49.38,12.22,LargeCentralMetro,1,0,0,0,0,0,West Midlands,8,Wolverhampton 015,42.0,1,187.0,78.53999999999999,1173
E02002176,5.0,5.0,30.08,48.11,12.31,4.49,74.48,8.72,LargeCentralMetro,1,0,0,0,0,0,West Midlands,6,Wolverhampton 028,58.0,1,256.0,148.48,1690
E02002177,2.0,7.0,43.68,47.59,29.65,14.05,45.0,11.31,LargeCentralMetro,1,0,0,0,0,0,West Midlands,,Wolverhampton 029,40.54,2,348.0,141.08999999999997,1933
E02002152,2.0,10.0,54.38,50.3,5.44,9.87,76.79,7.9,LargeCentralMetro,1,0,0,0,0,0,West Midlands,6,Wolverhampton 004,22.69,2,377.0,85.55000000000001,2153
E02002171,2.0,9.0,49.58,49.47,19.21,6.39,65.72,8.67,LargeCentralMetro,1,0,0,0,0,0,West Midlands,6,Wolverhampton 023,33.57,2,357.0,119.84,1977
E02002150,4.0,7.0,70.5,50.98,11.72,8.67,72.33,7.27,LargeCentralMetro,1,0,0,0,0,0,West Midlands,,Wolverhampton 002,22.0,1,139.0,30.580000000000002,867
E02002169,7.0,5.0,32.01,49.25,26.51,3.44,63.86,6.19,LargeCentralMetro,1,0,0,0,0,0,West Midlands,5,Wolverhampton 021,40.52,2,403.0,163.3,2483
E02002168,2.0,6.0,36.23,47.87,29.99,19.12,40.03,10.86,LargeCentralMetro,1,0,0,0,0,0,West Midlands,3,Wolverhampton 020,64.0,1,69.0,44.160000000000004,704
E02002158,3.0,10.0,37.74,45.63,10.19,3.87,79.87,6.07,LargeCentralMetro,1,0,0,0,0,0,West Midlands,5,Wolverhampton 010,39.0,1,159.0,62.010000000000005,1052
E02001327,2.0,10.0,45.37,50.49,0.65,1.0,95.75,2.6,LargeCentralMetro,1,0,0,0,0,0,North West,6,Knowsley 001,25.0,1,205.0,51.25,1127
E02001345,7.0,8.0,43.81,46.2,1.22,0.39,96.41,1.98,LargeCentralMetro,1,0,0,0,0,0,North West,6,Knowsley 019,25.0,1,194.0,48.5,1104
E02001329,2.0,10.0,58.23,49.63,1.23,0.68,95.93,2.15,LargeCentralMetro,1,0,0,0,0,0,North West,7,Knowsley 003,16.0,1,158.0,25.28,949
E02001341,2.0,10.0,53.73,49.35,0.83,0.75,96.69,1.73,LargeCentralMetro,1,0,0,0,0,0,North West,4,Knowsley 015,17.0,1,201.0,34.17,1072
E02001333,3.0,10.0,55.06,48.42,2.87,1.09,93.97,2.07,LargeCentralMetro,1,0,0,0,0,0,North West,7,Knowsley 007,18.0,1,158.0,28.439999999999998,855
E02001374,1.0,10.0,63.53,41.12,7.93,9.51,70.47,12.08,LargeCentralMetro,1,0,0,0,0,0,North West,2,Liverpool 028,21.0,1,170.0,35.699999999999996,890
E02001404,2.0,10.0,66.67,46.61,2.58,1.71,92.28,3.43,LargeCentralMetro,1,0,0,0,0,0,North West,6,Liverpool 058,18.0,1,102.0,18.36,901
E02001351,2.0,10.0,26.86,43.49,3.17,3.02,91.1,2.7,LargeCentralMetro,1,0,0,0,0,0,North West,9,Liverpool 005,38.0,1,175.0,66.5,1198
E02001394,6.0,7.0,27.08,67.06,4.11,2.12,85.34,8.43,LargeCentralMetro,1,0,0,0,0,0,North West,2,Liverpool 048,55.63,2,325.0,180.79000000000002,2019
E02001389,2.0,10.0,22.31,99.43,6.42,6.71,69.56,17.31,LargeCentralMetro,1,0,0,0,0,0,North West,2,Liverpool 043,55.0,1,130.0,71.5,1054
E02001372,4.0,10.0,32.57,47.32,3.45,1.68,92.02,2.85,LargeCentralMetro,1,0,0,0,0,0,North West,6,Liverpool 026,32.14,2,439.0,141.1,2578
E02001393,10.0,4.0,24.03,41.69,6.21,0.79,89.1,3.9,LargeCentralMetro,1,0,0,0,0,0,North West,3,Liverpool 047,45.0,1,258.0,116.10000000000001,1552
E02001387,9.0,5.0,34.78,41.63,4.46,1.14,88.79,5.61,LargeCentralMetro,1,0,0,0,0,0,North West,4,Liverpool 041,37.09,2,276.0,102.35999999999999,1804
E02001367,7.0,8.0,38.49,70.77,3.07,0.51,94.32,2.11,LargeCentralMetro,1,0,0,0,0,0,North West,3,Liverpool 021,49.24,2,317.0,156.07999999999998,2128
E02001396,4.0,8.0,72.18,45.33,3.2,2.78,86.83,7.2,LargeCentralMetro,1,0,0,0,0,0,North West,5,Liverpool 050,19.0,1,133.0,25.27,781
E02001383,2.0,8.0,45.52,53.56,12.94,8.92,63.21,14.93,LargeCentralMetro,1,0,0,0,0,0,North West,1,Liverpool 037,32.49,2,134.0,43.540000000000006,829
E02001369,2.0,10.0,58.24,42.05,6.94,5.04,80.73,7.29,LargeCentralMetro,1,0,0,0,0,0,North West,2,Liverpool 023,33.0,1,261.0,86.13000000000001,1327
E02001350,2.0,9.0,45.56,98.79,3.85,3.57,89.71,2.87,LargeCentralMetro,1,0,0,0,0,0,North West,5,Liverpool 004,28.0,1,169.0,47.32000000000001,1072
E02001401,7.0,7.0,27.12,99.91,3.68,0.74,92.78,2.8,LargeCentralMetro,1,0,0,0,0,0,North West,5,Liverpool 055,34.0,1,177.0,60.18000000000001,1061
E02001402,8.0,6.0,20.13,1.75,4.91,1.17,89.91,4.01,LargeCentralMetro,1,0,0,0,0,0,North West,2,Liverpool 056,57.0,1,159.0,90.63,1026
E02001366,2.0,10.0,42.11,0.0,4.51,3.18,85.99,6.32,LargeCentralMetro,1,0,0,0,0,0,North West,2,Liverpool 020,34.0,1,171.0,58.14000000000001,1020
E02001412,7.0,9.0,39.59,46.41,0.99,0.47,97.24,1.3,LargeCentralMetro,1,0,0,0,0,0,North West,10,St. Helens 007,27.0,1,245.0,66.15,1463
E02001420,6.0,8.0,29.29,49.59,1.24,0.35,96.32,2.1,LargeCentralMetro,1,0,0,0,0,0,North West,4,St. Helens 015,31.0,1,239.0,74.09,1351
E02001422,2.0,10.0,43.02,48.9,1.33,0.66,95.84,2.18,LargeCentralMetro,1,0,0,0,0,0,North West,5,St. Helens 017,24.0,1,179.0,42.96,910
E02006935,1.0,10.0,39.13,49.08,1.67,0.6,96.31,1.42,LargeCentralMetro,1,0,0,0,0,0,North West,7,St. Helens 024,39.0,1,207.0,80.73,1414
E02001439,4.0,7.0,12.41,0.0,1.16,0.26,96.32,2.26,LargeCentralMetro,1,0,0,0,0,0,North West,3,Sefton 011,60.0,1,137.0,82.2,890
E02001449,6.0,8.0,22.49,47.09,0.87,0.19,97.32,1.62,LargeCentralMetro,1,0,0,0,0,0,North West,6,Sefton 021,45.0,2,369.0,166.05,2391
E02001438,6.0,6.0,29.55,46.67,0.79,0.39,96.29,2.53,LargeCentralMetro,1,0,0,0,0,0,North West,6,Sefton 010,31.0,1,176.0,54.56,870
E02001447,7.0,8.0,16.25,47.76,0.71,0.23,97.71,1.35,LargeCentralMetro,1,0,0,0,0,0,North West,8,Sefton 019,34.12,2,437.0,149.08999999999997,2590
E02001442,9.0,5.0,10.61,49.42,1.24,0.23,96.81,1.72,LargeCentralMetro,1,0,0,0,0,0,North West,5,Sefton 014,49.0,1,179.0,87.71,1123
E02001437,8.0,7.0,15.2,100.0,1.63,0.33,96.23,1.81,LargeCentralMetro,1,0,0,0,0,0,North West,9,Sefton 009,57.0,1,204.0,116.27999999999999,1037
E02001466,2.0,10.0,42.97,49.47,1.96,1.68,92.2,4.17,LargeCentralMetro,1,0,0,0,0,0,North West,4,Sefton 038,28.0,1,128.0,35.84,661
E02001463,3.0,10.0,65.62,50.45,2.55,0.43,95.09,1.93,LargeCentralMetro,1,0,0,0,0,0,North West,3,Sefton 035,11.0,1,64.0,7.04,553
E02001459,3.0,9.0,44.66,52.92,1.01,0.67,97.26,1.06,LargeCentralMetro,1,0,0,0,0,0,North West,5,Sefton 031,32.0,1,103.0,32.96,684
E02001448,8.0,7.0,24.52,52.15,0.52,0.19,98.18,1.11,LargeCentralMetro,1,0,0,0,0,0,North West,8,Sefton 020,30.0,1,155.0,46.5,1091
E02001443,9.0,4.0,10.94,51.07,0.87,0.18,97.48,1.47,LargeCentralMetro,1,0,0,0,0,0,North West,6,Sefton 015,54.0,1,192.0,103.68,1118
E02001431,6.0,9.0,22.39,45.7,1.59,0.6,95.85,1.95,LargeCentralMetro,1,0,0,0,0,0,North West,,Sefton 003,28.0,1,134.0,37.52,814
E02001486,7.0,10.0,62.41,43.2,2.96,0.57,93.15,3.32,LargeCentralMetro,1,0,0,0,0,0,North West,2,Wirral 020,17.0,1,133.0,22.610000000000003,757
E02001494,10.0,4.0,22.5,44.58,2.52,0.47,94.64,2.36,LargeCentralMetro,1,0,0,0,0,0,North West,3,Wirral 028,29.0,1,200.0,57.99999999999999,1189
E02001469,7.0,8.0,37.37,22.4,1.72,0.28,96.1,1.91,LargeCentralMetro,1,0,0,0,0,0,North West,4,Wirral 003,14.82,2,388.0,57.519999999999996,2143
E02001470,8.0,8.0,50.9,34.69,0.78,0.3,97.26,1.65,LargeCentralMetro,1,0,0,0,0,0,North West,3,Wirral 004,18.0,1,167.0,30.06,934
E02001503,8.0,7.0,20.38,42.76,1.49,0.37,96.01,2.13,LargeCentralMetro,1,0,0,0,0,0,North West,5,Wirral 037,45.0,1,157.0,70.65,884
E02001495,4.0,10.0,40.4,100.0,2.46,0.61,95.11,1.82,LargeCentralMetro,1,0,0,0,0,0,North West,3,Wirral 029,34.0,1,151.0,51.34,780
E02001490,7.0,9.0,51.85,43.3,3.42,0.27,94.88,1.43,LargeCentralMetro,1,0,0,0,0,0,North West,10,Wirral 024,23.0,1,162.0,37.260000000000005,873
E02001498,8.0,8.0,26.82,44.58,2.21,0.22,95.77,1.8,LargeCentralMetro,1,0,0,0,0,0,North West,3,Wirral 032,27.0,1,261.0,70.47,1615
E02001473,4.0,9.0,36.8,97.83,2.22,0.14,95.76,1.88,LargeCentralMetro,1,0,0,0,0,0,North West,3,Wirral 007,30.0,1,250.0,75.0,1568
E02001491,2.0,10.0,39.86,44.74,2.6,0.5,95.8,1.1,LargeCentralMetro,1,0,0,0,0,0,North West,7,Wirral 025,27.0,1,281.0,75.87,1426
E02001006,2.0,3.0,33.53,65.3,58.51,6.32,28.24,6.93,LargeCentralMetro,1,0,0,0,0,0,North West,1,Bolton 023,51.51,2,331.0,170.51,1778
E02000994,2.0,7.0,26.61,0.0,50.35,7.79,35.79,6.07,LargeCentralMetro,1,0,0,0,0,0,North West,,Bolton 011,65.0,1,124.0,80.60000000000001,620
E02001017,5.0,5.0,38.85,47.26,2.07,1.34,94.04,2.55,LargeCentralMetro,1,0,0,0,0,0,North West,8,Bolton 034,50.0,1,139.0,69.5,730
E02001003,8.0,4.0,34.6,47.1,34.92,1.06,60.1,3.91,LargeCentralMetro,1,0,0,0,0,0,North West,6,Bolton 020,36.0,1,211.0,75.96,1068
E02001007,6.0,7.0,25.6,48.43,2.84,0.88,94.55,1.73,LargeCentralMetro,1,0,0,0,0,0,North West,9,Bolton 024,41.0,1,207.0,84.86999999999999,1049
E02000990,7.0,6.0,23.15,49.71,4.08,1.12,92.1,2.69,LargeCentralMetro,1,0,0,0,0,0,North West,7,Bolton 007,51.0,1,203.0,103.53,1034
E02000986,7.0,4.0,26.96,54.76,16.31,0.69,80.59,2.41,LargeCentralMetro,1,0,0,0,0,0,North West,8,Bolton 003,68.0,1,230.0,156.4,1198
E02000991,5.0,5.0,41.52,49.64,17.68,1.34,77.79,3.19,LargeCentralMetro,1,0,0,0,0,0,North West,4,Bolton 008,27.0,1,171.0,46.17,1104
E02000988,2.0,6.0,25.78,50.82,33.15,2.95,60.14,3.76,LargeCentralMetro,1,0,0,0,0,0,North West,5,Bolton 005,41.0,1,256.0,104.96,1590
E02000985,8.0,5.0,18.43,50.31,1.74,0.28,96.05,1.93,LargeCentralMetro,1,0,0,0,0,0,North West,7,Bolton 002,40.0,1,255.0,102.0,1612
E02001004,1.0,3.0,58.82,48.27,55.7,16.88,19.53,7.89,LargeCentralMetro,1,0,0,0,0,0,North West,1,Bolton 021,27.0,1,51.0,13.770000000000001,491
E02001011,8.0,5.0,25.1,48.23,3.4,0.86,92.88,2.85,LargeCentralMetro,1,0,0,0,0,0,North West,8,Bolton 028,41.0,1,247.0,101.27,1327
E02001029,2.0,6.0,29.24,49.79,37.97,2.17,54.8,5.05,LargeCentralMetro,1,0,0,0,0,0,North West,5,Bury 011,35.0,1,171.0,59.849999999999994,932
E02001024,7.0,6.0,26.02,48.0,2.05,0.93,95.19,1.84,LargeCentralMetro,1,0,0,0,0,0,North West,4,Bury 006,41.0,1,196.0,80.36,1027
E02001041,5.0,5.0,0.0,0.0,7.54,2.47,83.51,6.48,LargeCentralMetro,1,0,0,0,0,0,North West,2,Bury 023,77.0,1,30.0,23.1,229
E02001035,7.0,5.0,27.16,52.33,7.21,0.79,89.14,2.86,LargeCentralMetro,1,0,0,0,0,0,North West,,Bury 017,42.0,1,162.0,68.03999999999999,946
E02001089,8.0,4.0,34.31,47.46,21.82,1.68,66.89,9.61,LargeCentralMetro,1,0,0,0,0,0,North West,4,Manchester 045,46.63,2,478.0,222.87,2832
E02001085,2.0,8.0,38.33,0.0,26.84,5.97,54.84,12.34,LargeCentralMetro,1,0,0,0,0,0,North West,6,Manchester 041,53.0,1,180.0,95.4,947
E02001067,1.0,5.0,63.95,47.95,24.55,23.55,42.22,9.68,LargeCentralMetro,1,0,0,0,0,0,North West,3,Manchester 023,23.0,1,172.0,39.56,880
E02001077,8.0,5.0,28.62,43.58,20.02,2.84,69.66,7.48,LargeCentralMetro,1,0,0,0,0,0,North West,4,Manchester 033,63.0,1,297.0,187.11,1503
E02001046,2.0,8.0,53.11,48.95,10.97,15.63,65.55,7.86,LargeCentralMetro,1,0,0,0,0,0,North West,6,Manchester 002,31.0,1,322.0,99.82,1620
E02001047,2.0,8.0,52.48,47.8,8.07,16.57,69.39,5.97,LargeCentralMetro,1,0,0,0,0,0,North West,4,Manchester 003,33.0,1,202.0,66.66,1182
E02001064,2.0,7.0,50.81,44.01,36.92,21.08,30.82,11.18,LargeCentralMetro,1,0,0,0,0,0,North West,2,Manchester 020,41.6,2,433.0,180.11,2338
E02001059,2.0,7.0,74.09,48.91,14.52,23.25,49.47,12.76,LargeCentralMetro,1,0,0,0,0,0,North West,4,Manchester 015,28.0,1,193.0,54.040000000000006,1012
E02006913,2.0,5.0,42.26,49.92,41.77,9.33,39.16,9.74,LargeCentralMetro,1,0,0,0,0,0,North West,,Manchester 056,58.47,2,239.0,139.75,1252
E02001052,2.0,4.0,8.46,52.04,62.96,6.85,18.43,11.76,LargeCentralMetro,1,0,0,0,0,0,North West,1,Manchester 008,66.0,1,130.0,85.8,784
E02001078,4.0,6.0,47.03,100.0,38.54,3.96,48.29,9.2,LargeCentralMetro,1,0,0,0,0,0,North West,1,Manchester 034,56.0,1,202.0,113.12,1008
E02001083,8.0,4.0,58.5,45.66,9.67,4.42,75.64,10.27,LargeCentralMetro,1,0,0,0,0,0,North West,5,Manchester 039,35.0,1,147.0,51.449999999999996,760
E02001069,2.0,2.0,58.48,41.47,29.99,20.63,31.65,17.72,LargeCentralMetro,1,0,0,0,0,0,North West,1,Manchester 025,38.0,1,224.0,85.12,1090
E02001053,1.0,9.0,59.01,48.45,11.78,28.74,49.49,9.98,LargeCentralMetro,1,0,0,0,0,0,North West,4,Manchester 009,53.0,1,222.0,117.66000000000001,1224
E02001094,1.0,10.0,65.85,47.57,7.77,9.0,75.99,7.25,LargeCentralMetro,1,0,0,0,0,0,North West,5,Manchester 050,23.0,1,246.0,56.580000000000005,1274
E02001070,2.0,3.0,45.24,39.62,40.89,7.06,41.14,10.92,LargeCentralMetro,1,0,0,0,0,0,North West,,Manchester 026,50.0,1,210.0,105.0,1050
E02001045,2.0,9.0,42.53,53.01,5.59,11.73,76.73,5.95,LargeCentralMetro,1,0,0,0,0,0,North West,7,Manchester 001,45.0,1,174.0,78.3,962
E02001095,3.0,10.0,63.44,51.53,6.86,6.66,80.55,5.93,LargeCentralMetro,1,0,0,0,0,0,North West,8,Manchester 051,35.0,1,186.0,65.1,916
E02001063,3.0,1.0,36.8,49.54,18.52,17.53,48.17,15.78,LargeCentralMetro,1,0,0,0,0,0,North West,1,Manchester 019,55.0,1,250.0,137.5,1506
E02001074,2.0,6.0,48.5,100.0,31.19,12.63,39.71,16.47,LargeCentralMetro,1,0,0,0,0,0,North West,10,Manchester 030,46.0,1,266.0,122.36,1667
E02001111,2.0,10.0,11.65,53.1,31.94,16.37,43.72,7.97,LargeCentralMetro,1,0,0,0,0,0,North West,2,Oldham 014,68.0,1,249.0,169.32000000000002,1680
E02001130,5.0,9.0,35.42,51.55,2.03,2.46,92.71,2.79,LargeCentralMetro,1,0,0,0,0,0,North West,,Oldham 033,37.0,1,271.0,100.27,1453
E02001098,6.0,8.0,16.67,52.37,1.82,0.44,96.2,1.55,LargeCentralMetro,1,0,0,0,0,0,North West,7,Oldham 001,54.0,1,234.0,126.36000000000001,1835
E02001126,1.0,9.0,42.65,49.57,23.45,5.44,65.75,5.36,LargeCentralMetro,1,0,0,0,0,0,North West,4,Oldham 029,38.0,1,211.0,80.18,1057
E02001107,5.0,6.0,20.14,51.59,34.77,2.09,59.72,3.42,LargeCentralMetro,1,0,0,0,0,0,North West,7,Oldham 010,40.0,1,278.0,111.2,1599
E02001127,2.0,9.0,51.03,49.59,9.72,4.36,81.9,4.01,LargeCentralMetro,1,0,0,0,0,0,North West,2,Oldham 030,30.0,1,290.0,87.0,1474
E02001106,4.0,9.0,44.4,48.58,9.85,1.28,86.53,2.34,LargeCentralMetro,1,0,0,0,0,0,North West,5,Oldham 009,41.0,1,241.0,98.80999999999999,1338
E02001110,9.0,5.0,45.39,51.15,1.08,0.31,96.8,1.81,LargeCentralMetro,1,0,0,0,0,0,North West,5,Oldham 013,18.0,1,282.0,50.76,1261
E02001152,4.0,10.0,30.23,51.13,3.96,7.21,84.97,3.86,LargeCentralMetro,1,0,0,0,0,0,North West,6,Rochdale 021,36.22,2,354.0,128.20999999999998,1985
E02001145,6.0,9.0,20.45,48.84,1.24,0.44,96.02,2.3,LargeCentralMetro,1,0,0,0,0,0,North West,10,Rochdale 014,48.0,1,269.0,129.12,1341
E02001149,2.0,10.0,20.95,46.8,3.33,3.71,90.11,2.85,LargeCentralMetro,1,0,0,0,0,0,North West,4,Rochdale 018,48.0,1,148.0,71.03999999999999,750
E02001154,4.0,9.0,28.04,48.74,2.51,3.95,90.36,3.19,LargeCentralMetro,1,0,0,0,0,0,North West,9,Rochdale 023,41.0,1,271.0,111.11,1346
E02001135,2.0,9.0,23.89,51.0,29.14,3.36,61.48,6.02,LargeCentralMetro,1,0,0,0,0,0,North West,10,Rochdale 004,38.0,1,226.0,85.88,1296
E02001177,4.0,8.0,43.8,48.58,7.02,7.05,80.12,5.81,LargeCentralMetro,1,0,0,0,0,0,North West,7,Salford 021,40.0,1,121.0,48.400000000000006,706
E02001166,3.0,3.0,3.03,100.0,7.81,3.09,80.53,8.56,LargeCentralMetro,1,0,0,0,0,0,North West,1,Salford 010,50.0,1,66.0,33.0,309
E02001162,4.0,8.0,35.26,46.43,3.52,3.89,89.38,3.21,LargeCentralMetro,1,0,0,0,0,0,North West,10,Salford 006,37.82,2,397.0,150.14,2089
E02001186,4.0,8.0,30.67,50.73,2.79,1.61,93.07,2.53,LargeCentralMetro,1,0,0,0,0,0,North West,,Salford 030,33.0,1,150.0,49.5,682
E02006961,2.0,7.0,61.68,48.02,7.64,14.33,69.51,8.52,LargeCentralMetro,1,0,0,0,0,0,North West,2,Salford 035,30.0,1,167.0,50.1,960
E02001181,2.0,9.0,39.61,49.78,4.34,5.89,85.47,4.3,LargeCentralMetro,1,0,0,0,0,0,North West,8,Salford 025,48.57,2,356.0,172.91,1828
E02001223,9.0,6.0,17.49,50.73,8.54,0.48,86.51,4.47,LargeCentralMetro,1,0,0,0,0,0,North West,5,Stockport 037,60.0,1,183.0,109.8,1232
E02001227,10.0,4.0,9.7,47.57,5.46,0.35,91.2,2.99,LargeCentralMetro,1,0,0,0,0,0,North West,2,Stockport 041,70.0,1,268.0,187.6,1665
E02001198,5.0,10.0,26.71,52.07,2.5,0.94,93.9,2.66,LargeCentralMetro,1,0,0,0,0,0,North West,3,Stockport 012,37.0,1,146.0,54.019999999999996,799
E02001219,10.0,6.0,21.84,47.35,3.39,0.44,94.15,2.03,LargeCentralMetro,1,0,0,0,0,0,North West,3,Stockport 033,44.0,1,293.0,128.92,1360
E02001214,8.0,6.0,29.48,51.28,23.95,1.4,66.21,8.44,LargeCentralMetro,1,0,0,0,0,0,North West,3,Stockport 028,44.0,1,251.0,110.44,1332
E02001189,6.0,8.0,45.03,51.59,3.85,1.12,90.88,4.15,LargeCentralMetro,1,0,0,0,0,0,North West,,Stockport 003,28.0,1,191.0,53.480000000000004,1035
E02001225,9.0,5.0,12.82,48.57,6.95,0.84,88.79,3.42,LargeCentralMetro,1,0,0,0,0,0,North West,2,Stockport 039,54.0,1,156.0,84.24000000000001,807
E02001204,6.0,8.0,42.61,49.7,4.6,1.09,90.25,4.07,LargeCentralMetro,1,0,0,0,0,0,North West,5,Stockport 018,36.0,1,176.0,63.36,988
E02001213,8.0,9.0,28.0,49.23,6.14,0.99,88.68,4.19,LargeCentralMetro,1,0,0,0,0,0,North West,3,Stockport 027,45.0,1,225.0,101.25,1294
E02001258,7.0,8.0,26.26,51.28,3.12,0.69,94.0,2.19,LargeCentralMetro,1,0,0,0,0,0,North West,8,Tameside 030,51.0,1,179.0,91.29,936
E02001246,4.0,9.0,38.93,61.89,3.4,2.04,92.07,2.5,LargeCentralMetro,1,0,0,0,0,0,North West,6,Tameside 018,26.0,1,131.0,34.06,774
E02001247,4.0,9.0,23.2,0.0,5.03,3.21,88.09,3.68,LargeCentralMetro,1,0,0,0,0,0,North West,5,Tameside 019,45.0,1,194.0,87.3,1106
E02001237,5.0,8.0,33.64,61.53,3.17,1.09,93.59,2.15,LargeCentralMetro,1,0,0,0,0,0,North West,6,Tameside 009,21.0,1,110.0,23.099999999999998,603
E02001239,3.0,8.0,28.14,74.34,5.08,4.33,86.36,4.23,LargeCentralMetro,1,0,0,0,0,0,North West,4,Tameside 011,58.71,2,366.0,214.88,1902
E02001230,5.0,8.0,31.05,53.45,22.57,2.04,73.17,2.21,LargeCentralMetro,1,0,0,0,0,0,North West,5,Tameside 002,41.7,2,438.0,182.64,2129
E02001249,4.0,8.0,20.39,49.1,4.44,3.22,88.96,3.38,LargeCentralMetro,1,0,0,0,0,0,North West,5,Tameside 021,53.0,1,152.0,80.56,778
E02001236,2.0,9.0,26.09,0.0,4.99,3.22,88.5,3.29,LargeCentralMetro,1,0,0,0,0,0,North West,3,Tameside 008,39.0,1,161.0,62.79,834
E02001284,10.0,2.0,23.86,50.45,7.39,0.78,87.19,4.63,LargeCentralMetro,1,0,0,0,0,0,North West,3,Trafford 026,43.0,1,176.0,75.67999999999999,1007
E02001274,10.0,7.0,18.04,46.02,14.43,2.12,77.69,5.75,LargeCentralMetro,1,0,0,0,0,0,North West,3,Trafford 016,52.0,1,255.0,132.6,1421
E02001282,9.0,3.0,16.01,49.72,12.57,1.21,80.55,5.67,LargeCentralMetro,1,0,0,0,0,0,North West,2,Trafford 024,46.0,1,281.0,129.26000000000002,1585
E02001275,2.0,10.0,37.62,49.33,2.36,2.65,90.7,4.29,LargeCentralMetro,1,0,0,0,0,0,North West,8,Trafford 017,34.0,1,101.0,34.34,596
E02001268,10.0,7.0,16.3,100.0,3.25,0.71,92.73,3.31,LargeCentralMetro,1,0,0,0,0,0,North West,3,Trafford 010,45.0,1,184.0,82.8,927
E02001264,6.0,7.0,32.73,45.73,18.98,5.63,67.8,7.59,LargeCentralMetro,1,0,0,0,0,0,North West,7,Trafford 006,31.0,1,55.0,17.05,422
E02001283,9.0,3.0,20.44,48.08,13.42,1.05,79.41,6.13,LargeCentralMetro,1,0,0,0,0,0,North West,2,Trafford 025,50.0,1,137.0,68.5,757
E02001261,4.0,7.0,42.31,44.55,17.98,9.63,62.24,10.15,LargeCentralMetro,1,0,0,0,0,0,North West,2,Trafford 003,42.0,1,182.0,76.44,945
E02001265,7.0,8.0,15.6,0.0,2.0,1.19,93.5,3.31,LargeCentralMetro,1,0,0,0,0,0,North West,5,Trafford 007,38.0,1,109.0,41.42,653
E02001281,10.0,3.0,11.95,51.07,7.97,0.91,87.23,3.89,LargeCentralMetro,1,0,0,0,0,0,North West,1,Trafford 023,54.0,1,251.0,135.54000000000002,1498
E02001309,6.0,8.0,33.78,45.38,1.93,1.25,94.79,2.04,LargeCentralMetro,1,0,0,0,0,0,North West,4,Wigan 023,32.0,1,74.0,23.68,509
E02001320,4.0,7.0,29.72,51.62,1.91,1.19,94.8,2.1,LargeCentralMetro,1,0,0,0,0,0,North West,6,Wigan 034,27.0,1,212.0,57.24,1081
E02001322,7.0,8.0,20.96,48.48,0.93,0.11,98.17,0.79,LargeCentralMetro,1,0,0,0,0,0,North West,9,Wigan 036,43.92,3,582.0,255.64,3249
E02001297,4.0,9.0,54.01,48.93,0.98,0.55,97.02,1.45,LargeCentralMetro,1,0,0,0,0,0,North West,,Wigan 011,14.0,1,137.0,19.180000000000003,791
E02001294,6.0,8.0,30.28,50.42,3.14,1.4,92.43,3.03,LargeCentralMetro,1,0,0,0,0,0,North West,5,Wigan 008,30.0,1,251.0,75.3,1432
E02001308,6.0,8.0,17.14,47.97,1.26,1.27,95.88,1.59,LargeCentralMetro,1,0,0,0,0,0,North West,4,Wigan 022,49.0,1,245.0,120.05,1278
E02001325,8.0,6.0,20.4,48.25,1.51,0.75,96.41,1.34,LargeCentralMetro,1,0,0,0,0,0,North West,8,Wigan 039,56.0,1,201.0,112.56000000000002,1117
E02001306,7.0,7.0,20.0,48.14,0.89,0.57,97.16,1.37,LargeCentralMetro,1,0,0,0,0,0,North West,9,Wigan 020,38.0,1,225.0,85.5,1180
E02001326,7.0,6.0,23.19,50.06,1.29,0.67,96.4,1.64,LargeCentralMetro,1,0,0,0,0,0,North West,9,Wigan 040,34.0,1,138.0,46.92,779
E02001291,4.0,7.0,33.51,48.55,1.83,1.3,94.59,2.28,LargeCentralMetro,1,0,0,0,0,0,North West,5,Wigan 005,36.0,1,194.0,69.84,999
E02001315,8.0,6.0,20.48,50.61,2.84,1.51,93.06,2.58,LargeCentralMetro,1,0,0,0,0,0,North West,6,Wigan 029,47.0,1,249.0,117.02999999999999,1561
E02001304,8.0,6.0,13.24,48.65,0.79,0.31,97.75,1.14,LargeCentralMetro,1,0,0,0,0,0,North West,9,Wigan 018,55.0,1,204.0,112.2,1036
E02001289,9.0,6.0,17.04,51.72,0.97,0.26,97.52,1.25,LargeCentralMetro,1,0,0,0,0,0,North West,6,Wigan 003,47.0,1,135.0,63.449999999999996,841
E02001526,2.0,9.0,42.17,47.74,0.59,1.49,95.7,2.22,LargeCentralMetro,1,0,0,0,0,0,Yorkshire and the Humber,9,Barnsley 018,44.0,1,166.0,73.04,907
E02001536,6.0,10.0,25.19,48.8,0.56,0.47,98.01,0.96,LargeCentralMetro,1,0,0,0,0,0,Yorkshire and the Humber,10,Barnsley 028,59.0,1,262.0,154.57999999999998,1332
E02001531,3.0,9.0,39.22,47.67,0.93,0.71,96.79,1.57,LargeCentralMetro,1,0,0,0,0,0,Yorkshire and the Humber,,Barnsley 023,36.0,1,232.0,83.52,1204
E02001510,3.0,9.0,44.65,45.16,0.69,0.27,98.18,0.86,LargeCentralMetro,1,0,0,0,0,0,Yorkshire and the Humber,6,Barnsley 002,39.0,1,215.0,83.85000000000001,1094
E02001511,4.0,10.0,32.28,49.82,0.36,0.39,98.48,0.77,LargeCentralMetro,1,0,0,0,0,0,Yorkshire and the Humber,9,Barnsley 003,34.0,1,254.0,86.36,1367
E02001524,8.0,6.0,11.36,49.23,0.84,0.18,97.9,1.08,Micropolitan,0,0,0,0,1,0,Yorkshire and the Humber,8,Barnsley 016,66.0,1,317.0,209.22,1879
E02001552,4.0,7.0,34.91,44.93,2.27,0.82,94.64,2.26,LargeCentralMetro,1,0,0,0,0,0,Yorkshire and the Humber,8,Doncaster 014,27.0,1,106.0,28.62,641
E02001544,3.0,4.0,45.39,51.28,1.22,0.2,97.19,1.38,LargeCentralMetro,1,0,0,0,0,0,Yorkshire and the Humber,7,Doncaster 006,38.0,1,141.0,53.58,784
E02001540,4.0,6.0,27.56,49.43,0.7,0.34,97.69,1.27,Micropolitan,0,0,0,0,1,0,Yorkshire and the Humber,6,Doncaster 002,34.0,1,127.0,43.18,791
E02001573,3.0,8.0,41.3,47.72,0.6,0.23,98.1,1.07,LargeCentralMetro,1,0,0,0,0,0,Yorkshire and the Humber,9,Doncaster 035,38.0,1,138.0,52.44,746
E02001550,5.0,5.0,38.2,49.3,0.83,0.53,97.17,1.47,LargeCentralMetro,1,0,0,0,0,0,Yorkshire and the Humber,7,Doncaster 012,47.0,1,178.0,83.66,1079
E02001557,4.0,7.0,28.02,50.74,12.08,3.47,78.93,5.52,LargeCentralMetro,1,0,0,0,0,0,Yorkshire and the Humber,2,Doncaster 019,46.74,3,364.0,170.14,2448
E02001576,6.0,3.0,12.68,49.81,2.28,0.62,94.76,2.34,MediumMetro,0,0,1,0,0,0,Yorkshire and the Humber,10,Doncaster 038,64.0,1,205.0,131.2,1076
E02001549,6.0,6.0,14.75,52.22,1.78,0.45,96.45,1.33,LargeCentralMetro,1,0,0,0,0,0,Yorkshire and the Humber,9,Doncaster 011,53.0,1,217.0,115.01,1170
E02001564,8.0,4.0,25.28,50.98,1.76,0.44,95.73,2.07,LargeCentralMetro,1,0,0,0,0,0,Yorkshire and the Humber,6,Doncaster 026,40.0,1,269.0,107.60000000000001,1422
E02001547,3.0,7.0,40.33,50.0,1.22,1.09,95.92,1.77,LargeCentralMetro,1,0,0,0,0,0,Yorkshire and the Humber,8,Doncaster 009,31.0,1,181.0,56.11,1080
E02001556,2.0,6.0,36.02,49.78,8.64,1.56,84.32,5.48,LargeCentralMetro,1,0,0,0,0,0,Yorkshire and the Humber,10,Doncaster 018,42.0,1,161.0,67.62,1153
E02001554,7.0,4.0,15.93,51.9,1.58,0.3,96.55,1.57,LargeCentralMetro,1,0,0,0,0,0,Yorkshire and the Humber,8,Doncaster 016,50.0,1,226.0,113.0,1393
E02001574,6.0,5.0,29.27,48.36,1.1,0.48,96.89,1.53,LargeCentralMetro,1,0,0,0,0,0,Yorkshire and the Humber,8,Doncaster 036,41.0,1,123.0,50.43,825
E02001572,3.0,9.0,26.09,51.39,0.86,1.23,96.36,1.54,LargeCentralMetro,1,0,0,0,0,0,Yorkshire and the Humber,,Doncaster 034,54.0,1,161.0,86.94000000000001,1045
E02001541,3.0,6.0,27.49,52.47,0.66,0.33,97.7,1.31,LargeCentralMetro,1,0,0,0,0,0,Yorkshire and the Humber,7,Doncaster 003,30.0,1,211.0,63.3,1254
E02001603,4.0,9.0,18.25,49.31,1.07,0.89,96.71,1.32,LargeCentralMetro,1,0,0,0,0,0,Yorkshire and the Humber,6,Rotherham 026,46.0,1,263.0,120.98,1590
E02001602,5.0,8.0,27.31,51.18,4.48,1.37,91.63,2.52,LargeCentralMetro,1,0,0,0,0,0,Yorkshire and the Humber,9,Rotherham 025,35.0,1,260.0,91.0,1481
E02001595,7.0,8.0,27.87,48.81,0.93,0.24,97.94,0.89,LargeCentralMetro,1,0,0,0,0,0,Yorkshire and the Humber,8,Rotherham 018,36.0,1,183.0,65.88,1131
E02001600,4.0,8.0,24.41,50.38,36.54,1.33,57.02,5.11,LargeCentralMetro,1,0,0,0,0,0,Yorkshire and the Humber,3,Rotherham 023,46.0,1,213.0,97.98,1064
E02001582,4.0,9.0,29.13,48.48,1.14,0.29,97.44,1.13,LargeCentralMetro,1,0,0,0,0,0,Yorkshire and the Humber,7,Rotherham 005,23.0,1,206.0,47.38,1085
E02001598,6.0,8.0,19.72,52.84,8.23,0.93,88.42,2.41,LargeCentralMetro,1,0,0,0,0,0,Yorkshire and the Humber,5,Rotherham 021,49.0,1,142.0,69.58,791
E02001580,4.0,9.0,24.29,51.94,0.75,0.53,97.44,1.29,LargeCentralMetro,1,0,0,0,0,0,Yorkshire and the Humber,,Rotherham 003,36.0,1,177.0,63.72,978
E02001608,6.0,8.0,25.76,49.84,1.5,0.79,95.82,1.88,MediumMetro,0,0,1,0,0,0,Yorkshire and the Humber,6,Rotherham 031,43.0,1,330.0,141.9,1850
E02007002,7.0,8.0,16.76,50.52,4.17,0.71,93.13,1.99,LargeCentralMetro,1,0,0,0,0,0,Yorkshire and the Humber,8,Rotherham 034,52.0,1,346.0,179.92000000000002,2098
E02001586,3.0,10.0,30.39,45.9,0.81,1.14,95.85,2.2,LargeCentralMetro,1,0,0,0,0,0,Yorkshire and the Humber,9,Rotherham 009,53.0,1,181.0,95.93,987
E02001592,4.0,8.0,39.88,51.55,1.97,1.07,95.23,1.73,LargeCentralMetro,1,0,0,0,0,0,Yorkshire and the Humber,7,Rotherham 015,34.0,1,163.0,55.42,873
E02001653,2.0,7.0,21.15,54.37,10.43,9.66,68.69,11.22,LargeCentralMetro,1,0,0,0,0,0,Yorkshire and the Humber,1,Sheffield 043,45.0,1,208.0,93.60000000000001,1372
E02001620,2.0,9.0,52.88,49.17,13.17,8.09,71.0,7.73,LargeCentralMetro,1,0,0,0,0,0,Yorkshire and the Humber,5,Sheffield 010,34.0,1,208.0,70.72,1149
E02001631,6.0,7.0,27.12,51.35,1.26,1.05,94.01,3.69,LargeCentralMetro,1,0,0,0,0,0,Yorkshire and the Humber,4,Sheffield 021,54.0,1,236.0,127.44000000000001,1484
E02001647,5.0,8.0,34.17,45.15,7.57,1.69,86.26,4.48,LargeCentralMetro,1,0,0,0,0,0,Yorkshire and the Humber,9,Sheffield 037,31.0,1,199.0,61.69,1010
E02001678,10.0,4.0,15.46,50.9,5.14,1.3,88.78,4.78,LargeCentralMetro,1,0,0,0,0,0,Yorkshire and the Humber,6,Sheffield 068,68.0,1,194.0,131.92000000000002,1387
E02001646,8.0,2.0,28.83,52.42,7.59,2.9,83.12,6.4,LargeCentralMetro,1,0,0,0,0,0,Yorkshire and the Humber,1,Sheffield 036,52.0,1,222.0,115.44,1776
E02001674,8.0,6.0,34.41,51.84,2.32,1.33,92.87,3.48,LargeCentralMetro,1,0,0,0,0,0,Yorkshire and the Humber,4,Sheffield 064,41.1,2,526.0,216.18,2965
E02001648,10.0,1.0,16.19,53.58,7.1,1.43,85.23,6.24,LargeCentralMetro,1,0,0,0,0,0,Yorkshire and the Humber,1,Sheffield 038,58.0,1,210.0,121.8,1508
E02001659,2.0,10.0,39.72,49.6,2.34,2.7,90.77,4.19,LargeCentralMetro,1,0,0,0,0,0,Yorkshire and the Humber,8,Sheffield 049,37.0,1,214.0,79.17999999999999,1133
E02001629,1.0,10.0,56.43,47.61,16.53,12.71,58.37,12.39,LargeCentralMetro,1,0,0,0,0,0,Yorkshire and the Humber,4,Sheffield 019,26.0,1,140.0,36.4,794
E02001649,2.0,9.0,55.39,51.62,7.49,9.46,73.97,9.08,LargeCentralMetro,1,0,0,0,0,0,Yorkshire and the Humber,5,Sheffield 039,28.0,1,204.0,57.120000000000005,1205
E02001664,6.0,6.0,66.87,50.1,1.8,4.82,88.26,5.12,LargeCentralMetro,1,0,0,0,0,0,Yorkshire and the Humber,6,Sheffield 054,22.0,1,163.0,35.86,984
E02001665,10.0,2.0,15.68,50.62,7.06,1.24,86.97,4.72,LargeCentralMetro,1,0,0,0,0,0,Yorkshire and the Humber,5,Sheffield 055,64.0,1,236.0,151.04,1450
E02001643,9.0,4.0,17.87,51.43,6.86,1.43,85.81,5.9,LargeCentralMetro,1,0,0,0,0,0,Yorkshire and the Humber,3,Sheffield 033,67.0,1,263.0,176.21,1818
E02001652,3.0,2.0,21.9,28.87,29.33,6.74,56.95,6.97,LargeCentralMetro,1,0,0,0,0,0,Yorkshire and the Humber,1,Sheffield 042,41.0,1,105.0,43.05,485
E02001632,1.0,6.0,28.12,49.31,27.08,20.41,30.92,21.59,LargeCentralMetro,1,0,0,0,0,0,Yorkshire and the Humber,,Sheffield 022,40.0,1,96.0,38.400000000000006,436
E02002194,4.0,10.0,32.12,53.01,5.51,0.36,91.48,2.65,LargeCentralMetro,1,0,0,0,0,0,Yorkshire and the Humber,5,Bradford 012,24.0,1,274.0,65.75999999999999,1560
E02002204,7.0,8.0,19.78,48.9,8.35,0.41,88.1,3.14,LargeCentralMetro,1,0,0,0,0,0,Yorkshire and the Humber,7,Bradford 022,60.0,1,268.0,160.79999999999998,1632
E02002225,5.0,7.0,37.4,45.76,11.21,1.21,83.52,4.06,LargeCentralMetro,1,0,0,0,0,0,Yorkshire and the Humber,,Bradford 043,31.0,1,254.0,78.74,1344
E02002212,2.0,5.0,37.54,72.36,73.8,1.35,18.51,6.34,LargeCentralMetro,1,0,0,0,0,0,Yorkshire and the Humber,8,Bradford 030,35.88,2,325.0,116.6,1798
E02002197,6.0,8.0,19.87,47.26,2.87,0.71,93.87,2.54,LargeCentralMetro,1,0,0,0,0,0,Yorkshire and the Humber,3,Bradford 015,48.0,1,297.0,142.56,1915
E02002228,1.0,8.0,44.62,49.14,26.25,3.56,63.96,6.24,LargeCentralMetro,1,0,0,0,0,0,Yorkshire and the Humber,,Bradford 046,28.0,1,186.0,52.080000000000005,983
E02002219,1.0,4.0,33.63,85.65,79.44,1.6,12.95,6.01,LargeCentralMetro,1,0,0,0,0,0,Yorkshire and the Humber,10,Bradford 037,53.0,1,113.0,59.89,1031
E02002237,3.0,6.0,43.88,47.78,28.91,1.99,64.15,4.96,LargeCentralMetro,1,0,0,0,0,0,Yorkshire and the Humber,6,Bradford 055,24.0,1,294.0,70.56,1461
E02002189,3.0,8.0,31.78,49.44,54.73,0.45,40.87,3.95,LargeCentralMetro,1,0,0,0,0,0,Yorkshire and the Humber,3,Bradford 007,26.0,1,129.0,33.54,714
E02002230,1.0,3.0,28.54,43.68,60.54,6.11,23.22,10.13,LargeCentralMetro,1,0,0,0,0,0,Yorkshire and the Humber,1,Bradford 048,56.7,3,410.0,232.48000000000002,2193
E02002223,1.0,4.0,29.34,41.56,73.05,3.27,15.9,7.77,LargeCentralMetro,1,0,0,0,0,0,Yorkshire and the Humber,3,Bradford 041,59.0,1,167.0,98.53,847
E02002217,2.0,5.0,31.01,100.0,63.44,2.54,28.04,5.99,LargeCentralMetro,1,0,0,0,0,0,Yorkshire and the Humber,2,Bradford 035,44.0,1,129.0,56.76,796
E02002183,10.0,4.0,9.76,50.5,1.0,0.3,97.44,1.26,LargeFringeMetro,0,1,0,0,0,0,Yorkshire and the Humber,3,Bradford 001,57.0,1,297.0,169.29,2083
E02002199,9.0,6.0,25.28,49.16,3.12,0.51,93.11,3.26,LargeCentralMetro,1,0,0,0,0,0,Yorkshire and the Humber,5,Bradford 017,39.0,1,265.0,103.35000000000001,1668
E02002220,1.0,4.0,45.78,44.27,76.89,1.64,16.12,5.34,LargeCentralMetro,1,0,0,0,0,0,Yorkshire and the Humber,4,Bradford 038,24.0,1,166.0,39.839999999999996,881
E02002216,1.0,6.0,46.3,37.0,76.23,3.3,14.73,5.75,LargeCentralMetro,1,0,0,0,0,0,Yorkshire and the Humber,2,Bradford 034,33.0,1,162.0,53.46,881
E02006947,1.0,4.0,48.65,39.15,67.78,5.23,19.52,7.47,LargeCentralMetro,1,0,0,0,0,0,Yorkshire and the Humber,,Bradford 064,27.0,1,74.0,19.98,378
E02002200,8.0,7.0,28.57,49.69,12.24,0.69,83.44,3.63,LargeCentralMetro,1,0,0,0,0,0,Yorkshire and the Humber,7,Bradford 018,33.0,1,252.0,83.16000000000001,1467
E02002239,4.0,7.0,55.29,44.55,14.92,3.51,75.92,5.66,LargeCentralMetro,1,0,0,0,0,0,Yorkshire and the Humber,,Bradford 057,32.0,1,170.0,54.4,853
E02002262,6.0,8.0,26.87,51.66,1.8,0.53,95.41,2.26,LargeCentralMetro,1,0,0,0,0,0,Yorkshire and the Humber,4,Calderdale 019,40.0,1,201.0,80.4,1299
E02002258,6.0,6.0,21.19,50.46,1.61,0.47,95.25,2.67,LargeCentralMetro,1,0,0,0,0,0,Yorkshire and the Humber,4,Calderdale 015,33.0,1,236.0,77.88000000000001,977
E02002267,6.0,7.0,21.9,50.06,2.65,0.74,93.92,2.69,LargeCentralMetro,1,0,0,0,0,0,Yorkshire and the Humber,3,Calderdale 024,50.0,1,306.0,153.0,1734
E02002263,5.0,7.0,28.24,51.09,0.68,0.37,97.06,1.89,LargeCentralMetro,1,0,0,0,0,0,Yorkshire and the Humber,9,Calderdale 020,47.0,1,262.0,123.13999999999999,1658
E02002244,6.0,8.0,35.71,49.16,0.53,0.4,97.14,1.94,LargeCentralMetro,1,0,0,0,0,0,Yorkshire and the Humber,7,Calderdale 001,37.0,1,294.0,108.78,1605
E02002292,6.0,6.0,30.17,47.88,18.54,5.46,68.78,7.21,LargeCentralMetro,1,0,0,0,0,0,Yorkshire and the Humber,6,Kirklees 022,40.0,1,179.0,71.60000000000001,898
E02002276,5.0,7.0,29.44,100.0,18.15,0.76,77.36,3.74,LargeCentralMetro,1,0,0,0,0,0,Yorkshire and the Humber,9,Kirklees 006,43.0,1,214.0,92.02,1375
E02002271,8.0,6.0,19.19,47.95,2.51,0.6,94.2,2.69,LargeCentralMetro,1,0,0,0,0,0,Yorkshire and the Humber,10,Kirklees 001,49.0,1,198.0,97.02,1022
E02002319,7.0,5.0,22.52,50.49,1.02,0.57,95.89,2.51,LargeCentralMetro,1,0,0,0,0,0,Yorkshire and the Humber,9,Kirklees 049,38.0,1,262.0,99.56,1426
E02002329,8.0,4.0,17.24,49.54,0.65,0.68,96.96,1.71,LargeCentralMetro,1,0,0,0,0,0,Yorkshire and the Humber,9,Kirklees 059,66.0,1,261.0,172.26000000000002,1314
E02002314,6.0,8.0,21.47,48.74,4.67,3.79,86.1,5.44,LargeCentralMetro,1,0,0,0,0,0,Yorkshire and the Humber,6,Kirklees 044,52.0,1,191.0,99.32000000000001,1030
E02002288,4.0,8.0,28.9,48.08,10.12,0.93,85.82,3.13,LargeCentralMetro,1,0,0,0,0,0,Yorkshire and the Humber,4,Kirklees 018,61.0,1,173.0,105.53,1013
E02002291,7.0,7.0,19.44,51.13,2.8,0.98,93.49,2.73,LargeCentralMetro,1,0,0,0,0,0,Yorkshire and the Humber,3,Kirklees 021,57.0,1,216.0,123.11999999999999,1508
E02002317,2.0,6.0,43.94,49.76,32.01,5.77,54.42,7.8,LargeCentralMetro,1,0,0,0,0,0,Yorkshire and the Humber,3,Kirklees 047,45.0,1,198.0,89.10000000000001,1041
E02002305,3.0,8.0,46.4,52.72,13.31,9.0,66.47,11.22,LargeCentralMetro,1,0,0,0,0,0,Yorkshire and the Humber,6,Kirklees 035,30.0,1,125.0,37.5,810
E02002299,1.0,7.0,52.53,49.89,27.71,13.81,43.98,14.5,LargeCentralMetro,1,0,0,0,0,0,Yorkshire and the Humber,4,Kirklees 029,37.0,1,158.0,58.46,920
E02002287,3.0,8.0,34.38,48.34,55.77,1.38,37.95,4.9,LargeCentralMetro,1,0,0,0,0,0,Yorkshire and the Humber,4,Kirklees 017,28.0,1,192.0,53.760000000000005,1053
E02002308,6.0,7.0,19.19,48.61,6.46,2.09,85.14,6.31,LargeCentralMetro,1,0,0,0,0,0,Yorkshire and the Humber,6,Kirklees 038,51.0,1,271.0,138.21,1403
E02002326,9.0,4.0,15.04,46.88,1.53,0.45,96.65,1.36,Micropolitan,0,0,0,0,1,0,Yorkshire and the Humber,6,Kirklees 056,55.0,1,359.0,197.45000000000002,1314
E02002285,7.0,6.0,27.62,45.44,6.41,0.45,91.34,1.79,LargeCentralMetro,1,0,0,0,0,0,Yorkshire and the Humber,9,Kirklees 015,30.0,1,181.0,54.3,953
E02002280,2.0,6.0,36.67,0.0,55.82,1.08,39.22,3.88,LargeCentralMetro,1,0,0,0,0,0,Yorkshire and the Humber,5,Kirklees 010,41.0,1,150.0,61.49999999999999,770
E02002286,2.0,7.0,45.4,44.95,43.03,0.84,51.08,5.05,LargeCentralMetro,1,0,0,0,0,0,Yorkshire and the Humber,5,Kirklees 016,38.0,1,174.0,66.12,930
E02002362,4.0,7.0,15.53,50.57,8.96,4.84,76.46,9.75,LargeCentralMetro,1,0,0,0,0,0,Yorkshire and the Humber,5,Leeds 033,66.0,1,264.0,174.24,1659
E02002352,9.0,2.0,27.78,48.39,20.08,2.98,70.04,6.9,LargeCentralMetro,1,0,0,0,0,0,Yorkshire and the Humber,2,Leeds 023,43.0,1,270.0,116.1,1711
E02002347,4.0,6.0,24.28,48.59,20.39,6.18,59.71,13.72,LargeCentralMetro,1,0,0,0,0,0,Yorkshire and the Humber,3,Leeds 018,71.81,2,243.0,174.5,1737
E02002369,3.0,7.0,53.9,48.79,15.97,8.37,68.49,7.17,LargeCentralMetro,1,0,0,0,0,0,Yorkshire and the Humber,,Leeds 040,21.0,1,141.0,29.61,744
E02002432,7.0,8.0,19.37,48.44,0.94,0.61,96.46,1.99,MediumMetro,0,0,1,0,0,0,Yorkshire and the Humber,8,Leeds 103,43.0,1,222.0,95.46,1406
E02002435,7.0,5.0,25.1,47.15,5.22,1.28,90.25,3.25,LargeCentralMetro,1,0,0,0,0,0,Yorkshire and the Humber,7,Leeds 106,49.88,2,482.0,240.42000000000002,3120
E02002354,7.0,4.0,18.68,54.09,27.36,3.95,60.28,8.41,LargeCentralMetro,1,0,0,0,0,0,Yorkshire and the Humber,8,Leeds 025,65.0,1,182.0,118.3,917
E02002430,1.0,9.0,37.1,49.49,2.13,9.24,83.56,5.06,LargeCentralMetro,1,0,0,0,0,0,Yorkshire and the Humber,5,Leeds 101,49.0,1,221.0,108.28999999999999,1273
E02002393,1.0,2.0,62.43,49.71,16.48,36.29,32.11,15.12,LargeCentralMetro,1,0,0,0,0,0,Yorkshire and the Humber,10,Leeds 064,10.0,1,173.0,17.3,861
E02002408,7.0,6.0,20.87,49.67,3.12,0.74,94.05,2.08,LargeCentralMetro,1,0,0,0,0,0,Yorkshire and the Humber,8,Leeds 079,41.95,2,412.0,172.82,2456
E02002412,6.0,7.0,30.6,46.51,4.54,2.41,89.76,3.29,LargeCentralMetro,1,0,0,0,0,0,Yorkshire and the Humber,4,Leeds 083,56.0,1,281.0,157.36,1490
E02002416,6.0,7.0,14.48,50.53,1.8,0.57,95.49,2.14,LargeCentralMetro,1,0,0,0,0,0,Yorkshire and the Humber,6,Leeds 087,59.0,1,297.0,175.23,1900
E02002338,8.0,4.0,8.26,49.21,1.94,0.43,95.4,2.24,LargeCentralMetro,1,0,0,0,0,0,Yorkshire and the Humber,8,Leeds 009,60.0,1,218.0,130.79999999999998,1396
E02002350,10.0,4.0,13.51,48.18,2.72,0.32,93.93,3.03,LargeCentralMetro,1,0,0,0,0,0,Yorkshire and the Humber,3,Leeds 021,64.0,1,222.0,142.08,1563
E02006852,9.0,3.0,43.14,50.14,10.94,2.19,80.86,6.01,LargeCentralMetro,1,0,0,0,0,0,Yorkshire and the Humber,3,Leeds 109,36.0,1,255.0,91.8,1464
E02006861,5.0,2.0,56.38,49.13,8.04,3.57,80.61,7.78,LargeCentralMetro,1,0,0,0,0,0,Yorkshire and the Humber,2,Leeds 110,20.0,1,149.0,29.8,922
E02002379,2.0,8.0,66.85,48.79,3.85,7.65,83.46,5.03,LargeCentralMetro,1,0,0,0,0,0,Yorkshire and the Humber,4,Leeds 050,29.0,1,184.0,53.36,1033
E02002381,5.0,5.0,43.97,53.59,1.99,1.05,94.06,2.9,LargeCentralMetro,1,0,0,0,0,0,Yorkshire and the Humber,6,Leeds 052,35.0,1,257.0,89.94999999999999,1407
E02002433,6.0,7.0,18.64,50.73,3.56,1.34,92.06,3.04,LargeCentralMetro,1,0,0,0,0,0,Yorkshire and the Humber,7,Leeds 104,65.0,1,279.0,181.35,1429
E02002404,4.0,5.0,38.83,50.05,9.72,11.74,70.35,8.18,LargeCentralMetro,1,0,0,0,0,0,Yorkshire and the Humber,1,Leeds 075,42.0,1,188.0,78.96,943
E02002332,7.0,4.0,8.66,46.77,1.58,0.51,96.15,1.76,LargeCentralMetro,1,0,0,0,0,0,Yorkshire and the Humber,5,Leeds 003,62.0,1,277.0,171.74,1642
E02002346,6.0,4.0,24.43,48.08,6.49,0.99,84.04,8.49,LargeCentralMetro,1,0,0,0,0,0,Yorkshire and the Humber,9,Leeds 017,41.0,1,176.0,72.16,1042
E02002434,7.0,4.0,27.61,52.03,3.13,3.29,90.69,2.88,LargeCentralMetro,1,0,0,0,0,0,Yorkshire and the Humber,10,Leeds 105,40.0,1,297.0,118.80000000000001,1647
E02006876,4.0,6.0,44.91,42.64,9.95,8.43,75.64,5.98,LargeCentralMetro,1,0,0,0,0,0,Yorkshire and the Humber,,Leeds 112,42.1,2,383.0,161.26,1726
E02002337,10.0,2.0,7.43,49.51,2.06,0.38,95.02,2.55,LargeCentralMetro,1,0,0,0,0,0,Yorkshire and the Humber,4,Leeds 008,67.0,1,202.0,135.34,1228
E02002331,7.0,7.0,25.56,49.15,2.15,0.99,94.8,2.06,LargeCentralMetro,1,0,0,0,0,0,Yorkshire and the Humber,6,Leeds 002,52.0,1,133.0,69.16,704
E02002440,4.0,9.0,43.82,52.53,0.57,1.05,97.42,0.96,LargeCentralMetro,1,0,0,0,0,0,Yorkshire and the Humber,7,Wakefield 003,23.0,1,178.0,40.940000000000005,988
E02002460,8.0,7.0,24.26,50.05,0.92,0.35,97.58,1.15,LargeCentralMetro,1,0,0,0,0,0,Yorkshire and the Humber,6,Wakefield 023,53.07,2,408.0,216.51999999999998,2062
E02002439,4.0,9.0,30.32,48.5,1.67,0.6,95.98,1.74,LargeCentralMetro,1,0,0,0,0,0,Yorkshire and the Humber,4,Wakefield 002,48.0,1,277.0,132.96,1503
E02002469,6.0,4.0,23.62,48.17,1.07,0.93,96.6,1.39,MediumMetro,0,0,1,0,0,0,Yorkshire and the Humber,9,Wakefield 032,45.0,1,199.0,89.55,1038
E02002447,4.0,8.0,35.97,47.79,0.99,0.45,97.36,1.2,LargeCentralMetro,1,0,0,0,0,0,Yorkshire and the Humber,9,Wakefield 010,32.0,1,139.0,44.480000000000004,816
E02002464,3.0,9.0,37.5,44.33,1.14,0.65,96.82,1.39,LargeCentralMetro,1,0,0,0,0,0,Yorkshire and the Humber,9,Wakefield 027,43.0,1,88.0,37.839999999999996,485
E02002468,6.0,6.0,20.71,50.23,1.3,0.29,96.41,2.0,LargeCentralMetro,1,0,0,0,0,0,Yorkshire and the Humber,5,Wakefield 031,54.0,1,198.0,106.92,1109
E02002474,4.0,6.0,15.0,49.88,1.74,1.38,94.42,2.47,LargeCentralMetro,1,0,0,0,0,0,Yorkshire and the Humber,9,Wakefield 037,57.0,1,320.0,182.39999999999998,1646
E02002480,4.0,8.0,30.0,50.47,0.55,0.64,97.67,1.15,LargeCentralMetro,1,0,0,0,0,0,Yorkshire and the Humber,7,Wakefield 043,34.0,1,250.0,85.0,1589
E02002462,6.0,8.0,18.12,50.09,1.12,0.44,97.11,1.33,LargeCentralMetro,1,0,0,0,0,0,Yorkshire and the Humber,4,Wakefield 025,56.0,1,298.0,166.88000000000002,1739
E02002457,2.0,8.0,28.37,52.82,17.07,5.59,71.58,5.76,LargeCentralMetro,1,0,0,0,0,0,Yorkshire and the Humber,2,Wakefield 020,39.0,1,141.0,54.99,799
E02002451,8.0,6.0,13.09,49.42,2.21,0.72,95.14,1.94,LargeCentralMetro,1,0,0,0,0,0,Yorkshire and the Humber,9,Wakefield 014,56.0,1,359.0,201.04000000000002,1995
E02002470,10.0,5.0,33.56,51.72,5.37,1.01,91.2,2.42,LargeCentralMetro,1,0,0,0,0,0,Yorkshire and the Humber,5,Wakefield 033,40.0,1,149.0,59.6,756
E02002461,5.0,8.0,13.28,48.44,1.58,0.76,96.14,1.53,LargeCentralMetro,1,0,0,0,0,0,Yorkshire and the Humber,10,Wakefield 024,44.0,1,271.0,119.24,1503
E02001702,2.0,10.0,22.5,49.7,2.16,1.38,93.13,3.33,LargeCentralMetro,1,0,0,0,0,0,North East,6,Gateshead 021,65.0,1,240.0,156.0,1509
E02001694,6.0,10.0,41.14,52.4,1.72,0.35,96.06,1.87,LargeCentralMetro,1,0,0,0,0,0,North East,7,Gateshead 013,34.0,1,158.0,53.720000000000006,939
E02001707,5.0,10.0,31.14,53.36,2.58,0.27,95.47,1.69,LargeCentralMetro,1,0,0,0,0,0,North East,5,Gateshead 026,49.0,1,228.0,111.72,1338
E02001686,6.0,9.0,16.26,51.67,0.7,0.12,98.03,1.15,LargeCentralMetro,1,0,0,0,0,0,North East,2,Gateshead 005,60.0,1,246.0,147.6,1467
E02001683,7.0,8.0,26.11,48.73,0.75,0.18,97.96,1.11,LargeCentralMetro,1,0,0,0,0,0,North East,7,Gateshead 002,54.0,1,226.0,122.04,1418
E02001698,9.0,7.0,21.74,49.52,0.89,0.22,97.75,1.15,LargeCentralMetro,1,0,0,0,0,0,North East,3,Gateshead 017,47.0,1,253.0,118.91,1676
E02001709,9.0,4.0,20.94,47.83,9.43,1.24,85.03,4.3,LargeCentralMetro,1,0,0,0,0,0,North East,2,Newcastle upon Tyne 002,64.0,1,406.0,259.84000000000003,1932
E02001715,4.0,7.0,52.61,49.56,8.71,5.97,78.79,6.54,LargeCentralMetro,1,0,0,0,0,0,North East,9,Newcastle upon Tyne 008,34.0,1,268.0,91.12,1820
E02001726,3.0,6.0,30.36,100.0,22.9,1.79,69.4,5.9,LargeCentralMetro,1,0,0,0,0,0,North East,1,Newcastle upon Tyne 019,51.0,1,224.0,114.24000000000001,1393
E02001734,3.0,8.0,30.96,0.0,11.97,6.02,76.09,5.92,LargeCentralMetro,1,0,0,0,0,0,North East,10,Newcastle upon Tyne 027,35.0,1,197.0,68.94999999999999,1238
E02001714,10.0,5.0,24.46,50.14,13.91,1.38,80.04,4.67,LargeCentralMetro,1,0,0,0,0,0,North East,3,Newcastle upon Tyne 007,61.0,1,233.0,142.13,1434
E02001722,3.0,9.0,61.22,45.2,2.55,2.66,92.99,1.79,LargeCentralMetro,1,0,0,0,0,0,North East,5,Newcastle upon Tyne 015,5.0,1,98.0,4.9,573
E02001766,4.0,10.0,27.48,47.58,2.86,1.06,93.36,2.72,LargeCentralMetro,1,0,0,0,0,0,North East,2,North Tyneside 029,34.0,1,131.0,44.540000000000006,1011
E02001749,6.0,10.0,20.9,49.01,2.22,0.42,96.06,1.3,LargeCentralMetro,1,0,0,0,0,0,North East,6,North Tyneside 012,44.0,1,201.0,88.44,1214
E02001756,4.0,10.0,33.61,49.34,5.22,1.0,90.59,3.19,LargeCentralMetro,1,0,0,0,0,0,North East,8,North Tyneside 019,28.0,1,119.0,33.32,906
E02001750,8.0,8.0,20.64,47.43,3.49,0.32,94.8,1.39,LargeCentralMetro,1,0,0,0,0,0,North East,2,North Tyneside 013,53.31,2,281.0,149.79,1400
E02001760,2.0,10.0,73.91,47.25,2.86,1.47,93.59,2.08,LargeCentralMetro,1,0,0,0,0,0,North East,4,North Tyneside 023,28.0,1,46.0,12.88,364
E02001757,6.0,9.0,24.42,51.71,2.19,0.17,96.13,1.51,LargeCentralMetro,1,0,0,0,0,0,North East,4,North Tyneside 020,52.0,1,258.0,134.16,1609
E02001742,9.0,6.0,11.11,47.85,1.56,0.14,97.09,1.21,LargeCentralMetro,1,0,0,0,0,0,North East,2,North Tyneside 005,63.0,1,369.0,232.47,1695
E02001788,5.0,8.0,44.77,46.71,2.27,0.74,95.22,1.77,LargeCentralMetro,1,0,0,0,0,0,North East,6,South Tyneside 021,38.0,1,172.0,65.36,1032
E02001782,4.0,10.0,29.67,49.33,0.96,0.33,97.3,1.4,LargeCentralMetro,1,0,0,0,0,0,North East,4,South Tyneside 015,39.37,2,337.0,132.68,2149
E02001784,3.0,10.0,34.15,47.24,0.62,0.18,97.66,1.54,LargeCentralMetro,1,0,0,0,0,0,North East,5,South Tyneside 017,29.0,1,164.0,47.559999999999995,832
E02001772,6.0,10.0,38.33,52.21,3.87,0.79,91.85,3.48,LargeCentralMetro,1,0,0,0,0,0,North East,5,South Tyneside 005,35.09,2,420.0,147.35999999999999,2402
E02001785,5.0,7.0,14.07,52.08,0.86,0.21,97.26,1.67,LargeCentralMetro,1,0,0,0,0,0,North East,8,South Tyneside 018,51.0,1,199.0,101.49,1225
E02001809,6.0,8.0,26.43,46.4,1.05,0.18,97.69,1.08,LargeCentralMetro,1,0,0,0,0,0,North East,3,Sunderland 019,36.0,1,227.0,81.72,1138
E02001798,3.0,10.0,32.81,48.29,0.54,0.49,97.97,1.01,LargeCentralMetro,1,0,0,0,0,0,North East,7,Sunderland 008,37.0,1,192.0,71.03999999999999,1021
E02001824,5.0,9.0,28.78,50.36,0.76,0.85,97.2,1.18,LargeCentralMetro,1,0,0,0,0,0,North East,6,Sunderland 034,50.0,1,205.0,102.5,1116
E02001810,6.0,7.0,27.63,47.33,0.88,0.29,97.58,1.25,LargeCentralMetro,1,0,0,0,0,0,North East,3,Sunderland 020,39.0,1,228.0,88.92,1122
E02001794,2.0,10.0,68.25,51.06,0.52,0.09,98.52,0.87,LargeCentralMetro,1,0,0,0,0,0,North East,9,Sunderland 004,40.0,1,63.0,25.200000000000003,423
E02001806,2.0,10.0,23.62,0.0,10.6,2.64,84.31,2.45,LargeCentralMetro,1,0,0,0,0,0,North East,3,Sunderland 016,54.0,1,127.0,68.58,877
E02001812,8.0,7.0,30.56,69.48,5.66,0.64,92.0,1.69,LargeCentralMetro,1,0,0,0,0,0,North East,2,Sunderland 022,43.82,3,576.0,252.4,3372
E02001813,2.0,9.0,48.32,48.16,1.28,0.7,96.5,1.52,LargeCentralMetro,1,0,0,0,0,0,North East,7,Sunderland 023,27.0,1,149.0,40.230000000000004,733
E02001821,6.0,8.0,25.14,52.8,0.89,0.18,98.05,0.87,LargeCentralMetro,1,0,0,0,0,0,North East,8,Sunderland 031,35.0,1,175.0,61.24999999999999,892
E02002985,7.0,5.0,30.84,50.51,1.47,0.84,94.77,2.91,LargeCentralMetro,1,0,0,0,0,0,South West,5,Bath and North East Somerset 001,36.0,1,107.0,38.519999999999996,495
E02002996,10.0,1.0,10.27,97.13,8.08,1.28,84.95,5.69,LargeCentralMetro,1,0,0,0,0,0,South West,1,Bath and North East Somerset 012,68.0,1,224.0,152.32000000000002,1461
E02002987,9.0,4.0,12.6,44.57,1.66,0.36,95.99,1.98,LargeCentralMetro,1,0,0,0,0,0,South West,4,Bath and North East Somerset 003,53.44,2,262.0,140.01999999999998,1472
E02003011,6.0,6.0,16.88,49.22,0.97,0.2,97.31,1.52,LargeCentralMetro,1,0,0,0,0,0,South West,3,Bath and North East Somerset 027,53.04,2,385.0,204.19,2570
E02002992,10.0,2.0,20.72,49.16,5.15,1.69,89.39,3.77,LargeCentralMetro,1,0,0,0,0,0,South West,7,Bath and North East Somerset 008,45.0,1,222.0,99.9,1243
E02003002,6.0,4.0,15.17,41.36,4.19,0.9,89.84,5.07,LargeCentralMetro,1,0,0,0,0,0,South West,10,Bath and North East Somerset 018,59.0,1,211.0,124.49,1371
E02003003,6.0,3.0,14.04,51.39,5.79,1.87,87.11,5.22,LargeCentralMetro,1,0,0,0,0,0,South West,5,Bath and North East Somerset 019,45.0,1,171.0,76.95,1006
E02003008,4.0,7.0,23.67,47.53,0.81,0.62,96.52,2.05,LargeCentralMetro,1,0,0,0,0,0,South West,9,Bath and North East Somerset 024,35.3,2,207.0,73.07,1073
E02003057,6.0,8.0,28.71,46.42,1.91,1.42,93.15,3.52,LargeCentralMetro,1,0,0,0,0,0,South West,4,Bristol 046,31.0,1,202.0,62.62,1047
E02003032,4.0,7.0,33.19,47.18,12.82,9.83,69.05,8.31,LargeCentralMetro,1,0,0,0,0,0,South West,2,Bristol 021,42.0,1,226.0,94.92,1331
E02006952,4.0,3.0,25.33,50.17,14.18,6.56,70.4,8.86,LargeCentralMetro,1,0,0,0,0,0,South West,1,Bristol 061,61.0,1,150.0,91.5,1176
E02003013,4.0,9.0,17.35,50.04,10.5,7.25,76.13,6.13,LargeCentralMetro,1,0,0,0,0,0,South West,1,Bristol 002,65.0,1,196.0,127.4,1217
E02003023,6.0,7.0,37.88,47.0,12.54,5.46,75.01,6.99,LargeCentralMetro,1,0,0,0,0,0,South West,1,Bristol 012,36.0,1,198.0,71.28,1083
E02006888,2.0,5.0,45.54,51.02,17.79,28.06,43.79,10.36,LargeCentralMetro,1,0,0,0,0,0,South West,1,Bristol 055,30.0,1,213.0,63.9,1033
E02003033,10.0,2.0,30.51,47.09,5.11,1.37,86.85,6.68,LargeCentralMetro,1,0,0,0,0,0,South West,1,Bristol 022,45.0,1,236.0,106.2,1650
E02003025,4.0,8.0,25.35,44.73,13.23,12.64,66.44,7.69,LargeCentralMetro,1,0,0,0,0,0,South West,1,Bristol 014,41.0,1,217.0,88.97,1073
E02003014,2.0,8.0,19.43,48.66,1.94,4.09,88.81,5.16,LargeCentralMetro,1,0,0,0,0,0,South West,4,Bristol 003,46.39,2,350.0,162.38,2022
E02003054,6.0,8.0,34.16,47.85,4.07,2.13,89.24,4.56,LargeCentralMetro,1,0,0,0,0,0,South West,4,Bristol 043,37.0,1,202.0,74.74,1323
E02003058,4.0,8.0,33.12,51.51,3.49,2.29,90.5,3.72,LargeCentralMetro,1,0,0,0,0,0,South West,2,Bristol 047,31.47,2,308.0,96.93,1621
E02003016,3.0,8.0,43.6,45.75,9.43,10.92,71.61,8.04,LargeCentralMetro,1,0,0,0,0,0,South West,1,Bristol 005,30.0,1,172.0,51.6,905
E02003031,10.0,3.0,6.75,46.12,3.33,1.98,88.36,6.32,LargeCentralMetro,1,0,0,0,0,0,South West,1,Bristol 020,74.0,1,237.0,175.38,1622
E02006887,2.0,5.0,20.64,52.63,9.95,17.07,61.96,11.01,LargeCentralMetro,1,0,0,0,0,0,South West,1,Bristol 054,57.0,1,218.0,124.25999999999999,1784
E02003075,10.0,3.0,11.07,48.96,1.37,0.35,96.11,2.16,MediumMetro,0,0,1,0,0,0,South West,5,North Somerset 011,55.0,1,262.0,144.10000000000002,1687
E02003088,7.0,5.0,12.02,50.43,0.9,0.31,96.8,1.99,MediumMetro,0,0,1,0,0,0,South West,8,North Somerset 024,55.0,1,258.0,141.9,1640
E02003069,10.0,6.0,8.02,51.17,0.72,0.49,97.37,1.41,LargeCentralMetro,1,0,0,0,0,0,South West,6,North Somerset 005,50.0,1,212.0,106.0,1366
E02003067,8.0,5.0,10.12,47.2,1.61,0.28,95.47,2.64,LargeCentralMetro,1,0,0,0,0,0,South West,7,North Somerset 003,50.0,1,336.0,168.0,2157
E02003085,2.0,10.0,34.41,50.78,2.0,0.85,93.92,3.23,LargeCentralMetro,1,0,0,0,0,0,South West,3,North Somerset 021,42.0,1,186.0,78.11999999999999,1022
E02003073,9.0,3.0,15.64,49.64,1.26,0.38,96.58,1.78,LargeCentralMetro,1,0,0,0,0,0,South West,5,North Somerset 009,50.0,1,179.0,89.5,1096
E02003079,7.0,6.0,17.12,49.57,1.37,0.42,96.32,1.89,LargeCentralMetro,1,0,0,0,0,0,South West,5,North Somerset 015,38.0,1,292.0,110.96000000000001,1513
E02003068,8.0,5.0,19.08,43.8,1.06,0.47,95.7,2.77,Micropolitan,0,0,0,0,1,0,South West,3,North Somerset 004,51.0,1,173.0,88.23,1000
E02003080,5.0,8.0,25.09,48.07,1.59,0.64,96.11,1.66,LargeCentralMetro,1,0,0,0,0,0,South West,,North Somerset 016,32.0,1,279.0,89.28,1348
E02007066,5.0,4.0,19.1,45.79,11.88,4.24,76.3,7.58,LargeCentralMetro,1,0,0,0,0,0,South West,8,South Gloucestershire 035,42.0,1,178.0,74.75999999999999,1175
E02003095,7.0,6.0,14.11,51.85,1.79,0.96,94.75,2.5,LargeCentralMetro,1,0,0,0,0,0,South West,7,South Gloucestershire 006,42.0,1,163.0,68.46,972
E02003090,7.0,6.0,11.03,49.8,1.38,0.72,95.31,2.59,LargeCentralMetro,1,0,0,0,0,0,South West,5,South Gloucestershire 001,54.0,1,263.0,142.02,1520
E02003118,7.0,6.0,31.82,47.17,1.67,0.94,94.77,2.63,LargeCentralMetro,1,0,0,0,0,0,South West,3,South Gloucestershire 029,19.0,1,88.0,16.72,583
E02003111,10.0,6.0,11.36,47.32,3.72,2.01,91.16,3.12,LargeCentralMetro,1,0,0,0,0,0,South West,10,South Gloucestershire 022,55.0,1,220.0,121.00000000000001,1361
E02003120,8.0,6.0,17.05,47.45,1.92,0.73,94.88,2.47,LargeCentralMetro,1,0,0,0,0,0,South West,5,South Gloucestershire 031,42.0,1,129.0,54.18,803
E02003117,6.0,7.0,21.43,47.47,3.12,2.1,90.7,4.08,LargeCentralMetro,1,0,0,0,0,0,South West,2,South Gloucestershire 028,48.0,1,168.0,80.64,1247
E02003108,6.0,6.0,22.12,50.18,3.38,2.1,90.76,3.76,LargeCentralMetro,1,0,0,0,0,0,South West,3,South Gloucestershire 019,34.0,1,208.0,70.72,1094
E02003091,6.0,6.0,17.95,45.91,0.97,0.3,96.99,1.74,LargeCentralMetro,1,0,0,0,0,0,South West,7,South Gloucestershire 002,38.0,1,78.0,29.64,514
E02007064,6.0,6.0,23.36,51.5,4.0,2.17,89.74,4.08,LargeCentralMetro,1,0,0,0,0,0,South West,,South Gloucestershire 033,24.0,1,107.0,25.68,765
E02003119,7.0,7.0,18.89,44.97,1.35,0.76,95.59,2.29,LargeCentralMetro,1,0,0,0,0,0,South West,2,South Gloucestershire 030,54.0,1,180.0,97.2,1192
E02003099,6.0,7.0,27.52,51.99,1.98,0.47,95.25,2.29,LargeCentralMetro,1,0,0,0,0,0,South West,,South Gloucestershire 010,54.0,1,109.0,58.86000000000001,779
E02002485,2.0,10.0,47.3,49.27,1.88,0.29,96.55,1.29,LargeCentralMetro,1,0,0,0,0,0,North East,2,Hartlepool 003,49.0,1,241.0,118.09,1309
E02002491,4.0,10.0,27.56,52.3,1.05,0.53,97.08,1.34,LargeCentralMetro,1,0,0,0,0,0,North East,6,Hartlepool 009,38.0,1,254.0,96.52,1459
E02006909,8.0,8.0,27.05,47.78,1.89,0.24,97.03,0.84,LargeCentralMetro,1,0,0,0,0,0,North East,6,Hartlepool 014,30.0,1,244.0,73.2,1352
E02007059,4.0,9.0,51.48,50.24,3.8,0.96,92.88,2.36,LargeCentralMetro,1,0,0,0,0,0,North East,10,Hartlepool 015,49.0,1,169.0,82.81,1029
E02002514,5.0,9.0,32.6,49.44,1.44,0.38,96.27,1.91,LargeCentralMetro,1,0,0,0,0,0,North East,8,Middlesbrough 019,42.0,1,227.0,95.34,1347
E02002503,2.0,8.0,39.37,52.88,8.11,1.76,84.8,5.34,LargeCentralMetro,1,0,0,0,0,0,North East,5,Middlesbrough 008,42.0,1,254.0,106.67999999999999,1530
E02002507,6.0,4.0,44.75,49.7,12.62,0.37,83.34,3.67,LargeCentralMetro,1,0,0,0,0,0,North East,4,Middlesbrough 012,36.0,1,257.0,92.52,1159
E02002502,2.0,10.0,59.65,52.11,0.8,1.34,95.99,1.88,LargeCentralMetro,1,0,0,0,0,0,North East,10,Middlesbrough 007,27.0,1,171.0,46.17,923
E02002506,2.0,10.0,44.05,50.26,6.82,1.86,86.79,4.54,LargeCentralMetro,1,0,0,0,0,0,North East,5,Middlesbrough 011,29.0,1,227.0,65.83,1355
E02002499,1.0,9.0,73.15,50.76,1.72,2.02,93.84,2.42,LargeCentralMetro,1,0,0,0,0,0,North East,10,Middlesbrough 004,13.0,1,149.0,19.37,918
E02006812,5.0,8.0,20.56,50.43,1.3,0.25,96.84,1.6,LargeCentralMetro,1,0,0,0,0,0,North East,8,Redcar and Cleveland 021,39.0,1,287.0,111.93,1521
E02002520,7.0,8.0,13.14,46.67,0.41,0.11,98.56,0.92,MediumMetro,0,0,1,0,0,0,North East,7,Redcar and Cleveland 006,62.0,1,175.0,108.5,795
E02002516,4.0,9.0,22.3,48.04,0.73,0.14,97.73,1.4,LargeCentralMetro,1,0,0,0,0,0,North East,10,Redcar and Cleveland 002,56.0,1,139.0,77.84,716
E02006910,5.0,9.0,45.92,47.7,3.32,0.37,94.04,2.27,LargeCentralMetro,1,0,0,0,0,0,North East,10,Redcar and Cleveland 022,48.0,1,98.0,47.04,543
E02007062,8.0,7.0,14.47,51.78,6.18,0.85,89.73,3.24,LargeCentralMetro,1,0,0,0,0,0,North East,5,Stockton-on-Tees 027,72.0,1,152.0,109.44,869
E02002558,9.0,5.0,20.09,50.82,4.28,0.35,92.49,2.89,LargeCentralMetro,1,0,0,0,0,0,North East,5,Stockton-on-Tees 024,59.0,1,224.0,132.16,1401
E02002555,8.0,6.0,11.49,50.49,2.67,0.53,94.46,2.34,LargeCentralMetro,1,0,0,0,0,0,North East,6,Stockton-on-Tees 021,68.0,1,235.0,159.8,1525
E02002547,6.0,8.0,37.56,47.61,3.42,0.61,94.69,1.28,LargeCentralMetro,1,0,0,0,0,0,North East,2,Stockton-on-Tees 013,46.51,2,394.0,183.26000000000002,2075
E02002549,7.0,8.0,22.88,52.51,1.84,0.54,96.58,1.05,LargeCentralMetro,1,0,0,0,0,0,North East,4,Stockton-on-Tees 015,43.0,1,236.0,101.48,1177
E02002556,8.0,6.0,11.97,48.17,6.88,0.54,89.82,2.76,LargeCentralMetro,1,0,0,0,0,0,North East,,Stockton-on-Tees 022,57.0,1,117.0,66.69,629
E02002544,3.0,10.0,56.82,49.59,1.29,1.77,95.13,1.81,LargeCentralMetro,1,0,0,0,0,0,North East,3,Stockton-on-Tees 010,51.0,1,132.0,67.32000000000001,734
E02002535,8.0,8.0,26.18,52.56,0.74,0.15,98.4,0.71,MediumMetro,0,0,1,0,0,0,North East,9,Stockton-on-Tees 001,42.0,1,275.0,115.5,1484
E02002545,8.0,9.0,64.86,46.62,2.27,0.12,96.58,1.03,LargeCentralMetro,1,0,0,0,0,0,North East,,Stockton-on-Tees 011,15.0,1,74.0,11.1,562
E02002537,2.0,10.0,31.46,50.97,0.98,0.2,97.68,1.14,LargeCentralMetro,1,0,0,0,0,0,North East,6,Stockton-on-Tees 003,39.0,1,213.0,83.07000000000001,1030
E02002552,4.0,9.0,46.67,54.0,3.48,0.99,93.68,1.85,LargeCentralMetro,1,0,0,0,0,0,North East,8,Stockton-on-Tees 018,38.0,1,90.0,34.2,513
E02002668,1.0,8.0,55.47,48.02,0.68,1.42,96.09,1.81,LargeCentralMetro,1,0,0,0,0,0,Yorkshire and the Humber,4,Kingston upon Hull 017,14.0,1,256.0,35.84,1412
E02002681,1.0,9.0,52.94,48.62,7.32,5.38,80.06,7.24,LargeCentralMetro,1,0,0,0,0,0,Yorkshire and the Humber,,Kingston upon Hull 030,34.0,1,102.0,34.68,687
E02002675,1.0,7.0,30.89,10.16,10.62,4.35,75.02,10.0,LargeCentralMetro,1,0,0,0,0,0,Yorkshire and the Humber,1,Kingston upon Hull 024,47.0,1,123.0,57.809999999999995,699
E02002653,1.0,9.0,35.38,52.22,0.41,0.84,96.71,2.04,LargeCentralMetro,1,0,0,0,0,0,Yorkshire and the Humber,6,Kingston upon Hull 002,60.0,1,212.0,127.19999999999999,1375
E02002664,9.0,4.0,16.85,51.68,0.4,0.26,98.53,0.81,LargeCentralMetro,1,0,0,0,0,0,Yorkshire and the Humber,3,Kingston upon Hull 013,43.0,1,279.0,119.97,1633
E02002660,3.0,7.0,41.4,51.7,0.47,0.88,97.36,1.28,LargeCentralMetro,1,0,0,0,0,0,Yorkshire and the Humber,6,Kingston upon Hull 009,33.0,1,215.0,70.95,1236
E02002680,1.0,8.0,20.37,23.61,7.79,6.44,73.91,11.85,LargeCentralMetro,1,0,0,0,0,0,Yorkshire and the Humber,,Kingston upon Hull 029,59.0,1,162.0,95.58,665
E02002659,1.0,7.0,46.09,45.05,2.02,3.23,89.12,5.62,LargeCentralMetro,1,0,0,0,0,0,Yorkshire and the Humber,4,Kingston upon Hull 008,34.0,1,243.0,82.62,1252
E02006813,3.0,8.0,30.92,49.09,1.45,1.02,95.11,2.42,LargeCentralMetro,1,0,0,0,0,0,Yorkshire and the Humber,7,Kingston upon Hull 033,30.0,1,249.0,74.7,1479
E02002655,2.0,9.0,46.97,47.01,0.38,0.89,97.46,1.27,LargeCentralMetro,1,0,0,0,0,0,Yorkshire and the Humber,7,Kingston upon Hull 004,36.0,1,264.0,95.03999999999999,1338
E02002703,8.0,2.0,13.99,0.0,1.58,0.4,96.38,1.64,LargeCentralMetro,1,0,0,0,0,0,Yorkshire and the Humber,3,East Riding of Yorkshire 020,62.0,1,143.0,88.66,861
E02002700,3.0,4.0,12.84,99.88,1.22,0.05,96.79,1.94,LargeCentralMetro,1,0,0,0,0,0,Yorkshire and the Humber,3,East Riding of Yorkshire 017,61.0,1,148.0,90.28,847
E02002686,1.0,10.0,45.0,47.18,1.04,0.12,97.52,1.32,LargeFringeMetro,0,1,0,0,0,0,Yorkshire and the Humber,7,East Riding of Yorkshire 003,21.0,1,180.0,37.8,1009
E02002705,8.0,4.0,25.29,52.58,2.88,0.77,94.16,2.2,LargeCentralMetro,1,0,0,0,0,0,Yorkshire and the Humber,7,East Riding of Yorkshire 022,40.0,1,170.0,68.0,987
E02006891,7.0,4.0,18.98,50.36,0.52,0.07,98.61,0.8,LargeFringeMetro,0,1,0,0,0,0,Yorkshire and the Humber,,East Riding of Yorkshire 044,39.0,1,216.0,84.24000000000001,1406
E02002685,5.0,7.0,30.63,51.11,0.5,0.06,98.77,0.66,LargeFringeMetro,0,1,0,0,0,0,Yorkshire and the Humber,10,East Riding of Yorkshire 002,31.0,1,160.0,49.6,1037
E02002695,6.0,7.0,35.71,51.42,0.39,0.18,98.11,1.32,SmallMetro,0,0,0,1,0,0,Yorkshire and the Humber,5,East Riding of Yorkshire 012,36.0,1,196.0,70.56,1200
E02002699,9.0,2.0,23.17,57.18,1.05,0.38,97.2,1.38,LargeCentralMetro,1,0,0,0,0,0,Yorkshire and the Humber,7,East Riding of Yorkshire 016,44.0,1,164.0,72.16,752
E02002698,7.0,4.0,17.7,48.1,0.44,0.12,98.23,1.21,MediumMetro,0,0,1,0,0,0,Yorkshire and the Humber,9,East Riding of Yorkshire 015,36.0,1,113.0,40.68,578
E02002725,8.0,6.0,13.87,47.23,0.45,0.1,98.65,0.8,MediumMetro,0,0,1,0,0,0,Yorkshire and the Humber,10,East Riding of Yorkshire 042,46.0,1,173.0,79.58,849
E02002715,9.0,3.0,9.04,49.31,2.47,0.44,95.27,1.82,LargeCentralMetro,1,0,0,0,0,0,Yorkshire and the Humber,9,East Riding of Yorkshire 032,57.0,1,343.0,195.51,2115
E02002714,6.0,5.0,36.62,48.49,0.39,0.11,98.82,0.67,SmallMetro,0,0,0,1,0,0,Yorkshire and the Humber,9,East Riding of Yorkshire 031,37.0,1,142.0,52.54,763
E02002743,4.0,7.0,44.13,48.6,0.52,0.31,98.15,1.02,LargeCentralMetro,1,0,0,0,0,0,Yorkshire and the Humber,5,North East Lincolnshire 018,24.17,2,247.0,59.7,1463
E02002737,5.0,6.0,45.2,47.5,1.64,0.2,96.9,1.26,LargeCentralMetro,1,0,0,0,0,0,Yorkshire and the Humber,4,North East Lincolnshire 012,21.0,1,177.0,37.17,1038
E02002732,7.0,4.0,11.83,47.63,1.4,0.11,97.21,1.28,MediumMetro,0,0,1,0,0,0,Yorkshire and the Humber,9,North East Lincolnshire 007,55.0,1,186.0,102.30000000000001,930
E02002745,8.0,6.0,13.26,48.18,0.82,0.17,97.99,1.02,LargeCentralMetro,1,0,0,0,0,0,Yorkshire and the Humber,8,North East Lincolnshire 020,47.0,1,181.0,85.07,909
E02002729,6.0,6.0,42.31,51.14,0.37,0.2,97.93,1.5,LargeCentralMetro,1,0,0,0,0,0,Yorkshire and the Humber,6,North East Lincolnshire 004,38.0,1,130.0,49.4,925
E02002726,4.0,6.0,36.21,44.66,0.75,0.17,97.76,1.31,LargeCentralMetro,1,0,0,0,0,0,Yorkshire and the Humber,8,North East Lincolnshire 001,32.0,1,116.0,37.12,618
E02002741,5.0,6.0,47.02,44.8,2.94,1.19,93.52,2.36,LargeCentralMetro,1,0,0,0,0,0,Yorkshire and the Humber,9,North East Lincolnshire 016,24.0,1,168.0,40.32,895
E02002740,2.0,7.0,43.9,43.42,0.64,1.14,96.85,1.38,LargeCentralMetro,1,0,0,0,0,0,Yorkshire and the Humber,6,North East Lincolnshire 015,24.0,1,82.0,19.68,638
E02002747,8.0,5.0,16.52,51.09,2.16,0.66,95.39,1.78,LargeCentralMetro,1,0,0,0,0,0,Yorkshire and the Humber,6,North East Lincolnshire 022,38.0,1,339.0,128.82,1971
E02002754,6.0,6.0,23.64,47.25,0.47,0.12,98.58,0.82,MediumMetro,0,0,1,0,0,0,Yorkshire and the Humber,10,North Lincolnshire 006,35.0,1,110.0,38.5,546
E02002749,5.0,6.0,24.28,48.85,0.96,0.23,97.57,1.23,LargeCentralMetro,1,0,0,0,0,0,Yorkshire and the Humber,5,North Lincolnshire 001,42.0,1,173.0,72.66,954
E02002755,3.0,9.0,36.7,45.87,12.89,1.58,80.47,5.06,LargeCentralMetro,1,0,0,0,0,0,Yorkshire and the Humber,5,North Lincolnshire 007,35.41,2,188.0,66.57000000000001,957
E02002766,7.0,7.0,26.59,48.25,2.11,0.37,96.1,1.42,LargeCentralMetro,1,0,0,0,0,0,Yorkshire and the Humber,4,North Lincolnshire 018,38.0,1,267.0,101.46000000000001,1341
E02002760,6.0,8.0,46.36,48.25,3.33,0.33,94.78,1.55,LargeCentralMetro,1,0,0,0,0,0,Yorkshire and the Humber,6,North Lincolnshire 012,34.0,1,151.0,51.34,856
E02002758,3.0,8.0,40.88,51.17,3.26,0.39,93.54,2.81,LargeCentralMetro,1,0,0,0,0,0,Yorkshire and the Humber,4,North Lincolnshire 010,32.0,1,159.0,50.88,772
E02002762,4.0,9.0,23.85,49.48,1.92,0.25,96.53,1.3,LargeCentralMetro,1,0,0,0,0,0,Yorkshire and the Humber,3,North Lincolnshire 014,38.0,1,130.0,49.4,673
E02002756,1.0,8.0,35.37,49.43,18.79,2.84,70.47,7.91,LargeCentralMetro,1,0,0,0,0,0,Yorkshire and the Humber,5,North Lincolnshire 008,34.0,1,147.0,49.980000000000004,789
E02002759,6.0,6.0,22.22,50.85,1.08,0.19,97.75,0.99,MediumMetro,0,0,1,0,0,0,Yorkshire and the Humber,6,North Lincolnshire 011,45.46,2,243.0,110.46000000000001,1522
E02002768,7.0,3.0,19.77,47.95,1.08,0.25,97.49,1.17,MediumMetro,0,0,1,0,0,0,Yorkshire and the Humber,8,North Lincolnshire 020,51.0,1,172.0,87.72,953
E02002751,5.0,6.0,32.91,49.9,0.74,0.17,98.11,0.98,MediumMetro,0,0,1,0,0,0,Yorkshire and the Humber,6,North Lincolnshire 003,47.0,1,79.0,37.129999999999995,487
E02005755,6.0,6.0,21.11,49.36,0.62,0.12,98.46,0.8,MediumMetro,0,0,1,0,0,0,Yorkshire and the Humber,7,Hambleton 006,29.0,1,90.0,26.099999999999998,547
E02005765,6.0,4.0,23.33,49.43,0.6,0.21,98.12,1.06,MediumMetro,0,0,1,0,0,0,Yorkshire and the Humber,9,Harrogate 005,18.0,1,60.0,10.799999999999999,437
E02005815,8.0,3.0,24.51,47.69,0.54,0.12,98.46,0.88,LargeFringeMetro,0,1,0,0,0,0,Yorkshire and the Humber,7,Selby 007,48.0,1,102.0,48.96,778
E02005797,5.0,6.0,15.38,52.69,0.67,0.11,98.25,0.96,LargeFringeMetro,0,1,0,0,0,0,Yorkshire and the Humber,8,Scarborough 003,34.0,1,117.0,39.78,780
E02005780,10.0,4.0,7.81,48.6,2.78,0.32,94.42,2.49,LargeCentralMetro,1,0,0,0,0,0,Yorkshire and the Humber,4,Harrogate 020,57.4,2,461.0,264.62,3187
E02005773,5.0,6.0,27.69,50.69,3.95,1.2,91.9,2.94,LargeCentralMetro,1,0,0,0,0,0,Yorkshire and the Humber,5,Harrogate 013,24.0,1,130.0,31.2,724
E02005769,6.0,7.0,19.76,48.01,0.77,0.14,97.63,1.46,LargeCentralMetro,1,0,0,0,0,0,Yorkshire and the Humber,7,Harrogate 009,37.0,1,248.0,91.76,1554
E02007045,7.0,4.0,17.83,50.13,0.7,0.13,97.6,1.57,LargeFringeMetro,0,1,0,0,0,0,Yorkshire and the Humber,4,Ryedale 010,33.0,1,129.0,42.57,790
E02005762,8.0,5.0,21.43,49.58,2.51,1.18,94.19,2.11,LargeCentralMetro,1,0,0,0,0,0,Yorkshire and the Humber,7,Harrogate 002,48.0,1,126.0,60.48,714
E02005785,6.0,4.0,20.0,48.73,8.24,2.26,84.76,4.74,LargeCentralMetro,1,0,0,0,0,0,Yorkshire and the Humber,9,Richmondshire 004,15.0,1,115.0,17.25,589
E02005777,9.0,4.0,4.33,51.97,1.98,0.45,95.14,2.44,LargeCentralMetro,1,0,0,0,0,0,Yorkshire and the Humber,1,Harrogate 017,71.0,1,277.0,196.67,2003
E02005799,7.0,6.0,21.99,47.4,1.58,0.52,96.73,1.16,LargeFringeMetro,0,1,0,0,0,0,Yorkshire and the Humber,4,Scarborough 005,58.0,1,191.0,110.77999999999999,981
E02005804,4.0,10.0,30.77,29.47,2.39,1.0,94.15,2.47,LargeFringeMetro,0,1,0,0,0,0,Yorkshire and the Humber,,Scarborough 010,44.0,1,39.0,17.16,190
E02005814,6.0,5.0,20.44,52.74,0.34,0.29,98.24,1.13,LargeCentralMetro,1,0,0,0,0,0,Yorkshire and the Humber,7,Selby 006,52.0,1,225.0,117.0,1149
E02005744,8.0,5.0,9.9,45.06,0.66,0.09,98.54,0.71,SmallMetro,0,0,0,1,0,0,Yorkshire and the Humber,6,Craven 003,30.0,1,101.0,30.299999999999997,617
E02007041,10.0,5.0,20.95,47.35,0.69,0.21,98.03,1.07,LargeFringeMetro,0,1,0,0,0,0,Yorkshire and the Humber,6,Craven 009,24.87,2,105.0,26.11,830
E02005749,8.0,9.0,15.75,49.17,1.09,0.05,97.75,1.12,LargeCentralMetro,1,0,0,0,0,0,Yorkshire and the Humber,6,Craven 008,34.0,1,273.0,92.82000000000001,1873
E02005750,6.0,3.0,16.75,48.3,0.42,0.1,98.33,1.15,Micropolitan,0,0,0,0,1,0,Yorkshire and the Humber,9,Hambleton 001,53.0,1,197.0,104.41000000000001,1116
E02005758,6.0,6.0,17.02,51.62,0.89,0.83,96.54,1.74,LargeFringeMetro,0,1,0,0,0,0,Yorkshire and the Humber,5,Hambleton 009,28.0,1,141.0,39.480000000000004,986
E02005787,8.0,3.0,12.28,49.28,0.6,0.26,98.28,0.87,SmallMetro,0,0,0,1,0,0,Yorkshire and the Humber,10,Richmondshire 006,32.0,1,57.0,18.240000000000002,345
E02002785,8.0,4.0,19.52,50.14,3.45,0.67,92.18,3.71,LargeCentralMetro,1,0,0,0,0,0,Yorkshire and the Humber,2,York 014,52.0,1,292.0,151.84,1851
E02002775,6.0,6.0,16.11,50.05,1.29,0.35,96.92,1.44,LargeCentralMetro,1,0,0,0,0,0,Yorkshire and the Humber,7,York 004,47.64,2,447.0,212.95,2787
E02002782,9.0,4.0,13.27,49.83,1.21,0.23,97.18,1.38,LargeCentralMetro,1,0,0,0,0,0,Yorkshire and the Humber,6,York 011,53.0,1,226.0,119.78,1176
E02002788,8.0,4.0,11.48,46.66,2.37,0.49,94.48,2.65,LargeCentralMetro,1,0,0,0,0,0,Yorkshire and the Humber,1,York 017,50.0,1,209.0,104.5,1078
E02002777,7.0,5.0,23.15,48.68,3.68,0.7,93.25,2.37,LargeCentralMetro,1,0,0,0,0,0,Yorkshire and the Humber,,York 006,42.0,1,108.0,45.36,684
E02003258,6.0,2.0,13.01,48.15,19.95,8.57,65.44,6.04,LargeCentralMetro,1,0,0,0,0,0,East of England,8,Luton 001,48.0,1,269.0,129.12,1649
E02003266,2.0,5.0,32.37,50.73,26.81,14.97,49.65,8.57,LargeCentralMetro,1,0,0,0,0,0,East of England,6,Luton 009,47.0,1,241.0,113.27,1575
E02003268,2.0,2.0,29.91,0.0,58.15,10.22,22.94,8.69,LargeCentralMetro,1,0,0,0,0,0,East of England,4,Luton 011,54.0,1,234.0,126.36000000000001,1180
E02003267,2.0,1.0,35.43,51.64,76.65,4.23,13.34,5.77,LargeCentralMetro,1,0,0,0,0,0,East of England,1,Luton 010,48.0,1,223.0,107.03999999999999,1129
E02003264,5.0,1.0,26.21,50.38,45.83,6.14,40.34,7.69,LargeCentralMetro,1,0,0,0,0,0,East of England,5,Luton 007,52.0,1,290.0,150.8,1461
E02003259,4.0,4.0,33.66,51.19,15.65,14.02,62.63,7.69,LargeCentralMetro,1,0,0,0,0,0,East of England,6,Luton 002,40.0,1,202.0,80.80000000000001,1008
E02003273,3.0,4.0,32.57,47.53,22.33,11.54,58.28,7.84,LargeCentralMetro,1,0,0,0,0,0,East of England,3,Luton 016,37.0,1,218.0,80.66,1054
E02003277,2.0,3.0,34.76,51.35,29.99,10.7,48.94,10.37,LargeCentralMetro,1,0,0,0,0,0,East of England,6,Luton 020,26.0,1,233.0,60.580000000000005,1443
E02003630,3.0,5.0,27.67,51.57,27.46,8.36,55.52,8.66,LargeCentralMetro,1,0,0,0,0,0,East of England,4,Bedford 015,35.02,2,300.0,105.05,1817
E02003623,8.0,3.0,36.13,51.92,10.67,4.64,77.87,6.82,LargeCentralMetro,1,0,0,0,0,0,East of England,6,Bedford 008,30.0,1,191.0,57.3,1275
E02003633,5.0,4.0,36.0,47.75,13.77,7.39,71.78,7.06,LargeCentralMetro,1,0,0,0,0,0,East of England,7,Bedford 018,19.0,1,75.0,14.25,733
E02003618,7.0,5.0,11.11,49.45,3.81,2.08,89.65,4.46,MediumMetro,0,0,1,0,0,0,East of England,,Bedford 003,49.0,1,189.0,92.61,1007
E02003621,8.0,4.0,21.32,48.54,8.8,3.84,82.3,5.06,LargeCentralMetro,1,0,0,0,0,0,East of England,3,Bedford 006,39.0,1,197.0,76.83,1298
E02003620,7.0,5.0,15.17,50.22,9.2,4.3,80.9,5.6,LargeCentralMetro,1,0,0,0,0,0,East of England,3,Bedford 005,47.0,1,145.0,68.14999999999999,930
E02003616,8.0,4.0,13.96,48.99,0.97,0.86,95.62,2.54,MediumMetro,0,0,1,0,0,0,East of England,7,Bedford 001,43.0,1,265.0,113.95,1741
E02007011,6.0,6.0,16.67,50.0,14.34,5.12,73.06,7.48,MediumMetro,0,0,1,0,0,0,East of England,,Bedford 022,51.0,1,114.0,58.14,802
E02003635,7.0,5.0,13.31,49.28,6.1,3.92,84.15,5.83,Micropolitan,0,0,0,0,1,0,East of England,10,Bedford 020,43.0,1,293.0,125.99,897
E02003644,5.0,6.0,29.41,44.13,5.09,5.52,83.82,5.58,LargeCentralMetro,1,0,0,0,0,0,East of England,3,Central Bedfordshire 026,25.0,1,119.0,29.75,664
E02003640,8.0,3.0,14.89,50.65,2.18,0.91,93.26,3.64,LargeCentralMetro,1,0,0,0,0,0,East of England,6,Central Bedfordshire 022,42.0,1,262.0,110.03999999999999,1007
E02003615,8.0,3.0,12.79,50.04,2.41,0.91,93.32,3.35,MediumMetro,0,0,1,0,0,0,East of England,5,Central Bedfordshire 017,49.0,1,305.0,149.45,1209
E02003651,6.0,5.0,25.0,51.42,4.6,1.94,90.16,3.29,LargeCentralMetro,1,0,0,0,0,0,East of England,,Central Bedfordshire 033,31.0,1,192.0,59.519999999999996,1095
E02003647,6.0,4.0,14.49,49.52,5.71,4.36,84.11,5.81,LargeCentralMetro,1,0,0,0,0,0,East of England,4,Central Bedfordshire 029,38.0,1,207.0,78.66,1238
E02003610,9.0,5.0,10.69,52.88,1.34,0.92,95.1,2.64,LargeCentralMetro,1,0,0,0,0,0,East of England,4,Central Bedfordshire 012,51.0,1,393.0,200.43,1615
E02003611,7.0,3.0,11.96,48.33,2.94,1.55,91.63,3.87,LargeCentralMetro,1,0,0,0,0,0,East of England,5,Central Bedfordshire 013,49.0,1,393.0,192.57,1674
E02003599,6.0,4.0,16.49,48.05,2.63,1.46,92.32,3.59,LargeCentralMetro,1,0,0,0,0,0,East of England,9,Central Bedfordshire 001,34.0,1,188.0,63.92,1155
E02003604,7.0,4.0,18.54,48.08,3.22,2.11,90.58,4.09,LargeCentralMetro,1,0,0,0,0,0,East of England,6,Central Bedfordshire 006,29.0,1,205.0,59.449999999999996,832
E02003638,8.0,4.0,11.5,52.16,1.53,1.14,94.46,2.86,LargeCentralMetro,1,0,0,0,0,0,East of England,4,Central Bedfordshire 020,48.0,1,374.0,179.51999999999998,1503
E02003682,10.0,1.0,12.8,50.39,13.73,1.03,80.35,4.89,LargeCentralMetro,1,0,0,0,0,0,South East,7,Buckinghamshire 034,56.0,1,164.0,91.84,1024
E02003669,4.0,6.0,24.39,32.03,26.71,4.85,61.4,7.05,LargeCentralMetro,1,0,0,0,0,0,South East,1,Buckinghamshire 017,17.0,1,41.0,6.970000000000001,128
E02003688,9.0,2.0,19.29,52.12,10.0,1.16,82.92,5.92,LargeCentralMetro,1,0,0,0,0,0,South East,3,Buckinghamshire 053,30.0,1,140.0,42.0,848
E02003652,8.0,3.0,15.89,48.47,4.95,2.76,88.7,3.59,LargeCentralMetro,1,0,0,0,0,0,South East,3,Buckinghamshire 001,29.0,1,214.0,62.059999999999995,1176
E02003687,8.0,1.0,15.38,50.9,7.98,0.58,87.31,4.12,LargeCentralMetro,1,0,0,0,0,0,South East,4,Buckinghamshire 054,32.0,1,234.0,74.88,1336
E02003677,5.0,3.0,15.05,49.23,16.91,1.66,76.79,4.64,LargeCentralMetro,1,0,0,0,0,0,South East,4,Buckinghamshire 027,39.0,1,186.0,72.54,1107
E02003658,6.0,5.0,14.81,46.62,5.33,2.19,89.39,3.09,MediumMetro,0,0,1,0,0,0,South East,10,Buckinghamshire 007,42.0,1,189.0,79.38,1111
E02003712,6.0,5.0,30.41,52.36,14.37,4.91,75.12,5.59,LargeCentralMetro,1,0,0,0,0,0,South East,5,Buckinghamshire 052,48.0,1,148.0,71.03999999999999,762
E02003668,9.0,4.0,17.87,48.79,9.62,1.64,84.61,4.13,LargeCentralMetro,1,0,0,0,0,0,South East,1,Buckinghamshire 018,36.0,1,235.0,84.6,1404
E02003717,9.0,2.0,15.58,47.84,3.03,0.87,92.59,3.51,LargeCentralMetro,1,0,0,0,0,0,South East,1,Buckinghamshire 062,37.0,1,231.0,85.47,1434
E02003706,5.0,3.0,34.29,52.41,23.11,5.88,62.67,8.33,LargeCentralMetro,1,0,0,0,0,0,South East,3,Buckinghamshire 043,28.0,1,175.0,49.00000000000001,1059
E02006823,10.0,2.0,8.11,48.79,4.19,0.58,91.52,3.72,LargeCentralMetro,1,0,0,0,0,0,South East,3,Buckinghamshire 039,58.0,1,148.0,85.83999999999999,1154
E02003675,9.0,3.0,10.8,48.74,2.48,1.02,92.21,4.28,MediumMetro,0,0,1,0,0,0,South East,3,Buckinghamshire 024,39.0,1,176.0,68.64,1114
E02003656,8.0,4.0,15.73,49.91,1.64,0.77,94.62,2.97,MediumMetro,0,0,1,0,0,0,South East,7,Buckinghamshire 005,42.0,1,89.0,37.379999999999995,575
E02003659,7.0,4.0,8.09,50.4,6.01,3.09,87.19,3.72,MediumMetro,0,0,1,0,0,0,South East,10,Buckinghamshire 009,56.0,1,136.0,76.16000000000001,1002
E02003478,8.0,2.0,18.08,49.72,18.26,6.01,68.52,7.21,LargeCentralMetro,1,0,0,0,0,0,South East,4,Milton Keynes 020,63.0,1,260.0,163.8,1774
E02007015,8.0,2.0,16.6,49.59,16.1,10.1,66.82,6.97,LargeCentralMetro,1,0,0,0,0,0,South East,8,Milton Keynes 036,50.0,1,241.0,120.5,1587
E02003476,3.0,5.0,37.23,50.09,12.15,23.26,57.87,6.72,LargeCentralMetro,1,0,0,0,0,0,South East,3,Milton Keynes 018,29.0,1,231.0,66.99,1168
E02003461,7.0,3.0,11.7,49.57,3.35,2.15,91.45,3.05,LargeCentralMetro,1,0,0,0,0,0,South East,4,Milton Keynes 003,49.0,1,359.0,175.91,2215
E02003468,6.0,3.0,27.67,49.06,8.0,4.7,82.29,5.02,LargeCentralMetro,1,0,0,0,0,0,South East,2,Milton Keynes 010,33.0,1,206.0,67.98,1223
E02003479,3.0,3.0,25.18,47.5,20.35,14.35,57.14,8.16,LargeCentralMetro,1,0,0,0,0,0,South East,4,Milton Keynes 021,34.0,1,282.0,95.88000000000001,1861
E02003483,8.0,2.0,15.0,49.38,19.11,9.37,64.97,6.55,LargeCentralMetro,1,0,0,0,0,0,South East,9,Milton Keynes 025,49.0,1,300.0,147.0,1863
E02003490,4.0,5.0,48.84,47.84,11.19,15.74,67.09,5.98,LargeCentralMetro,1,0,0,0,0,0,South East,8,Milton Keynes 032,24.0,1,86.0,20.64,625
E02003480,6.0,3.0,25.23,52.21,8.26,7.72,78.23,5.79,LargeCentralMetro,1,0,0,0,0,0,South East,6,Milton Keynes 022,45.0,1,436.0,196.20000000000002,2990
E02004039,8.0,7.0,14.5,51.35,0.93,0.32,97.21,1.54,LargeCentralMetro,1,0,0,0,0,0,East Midlands,10,Amber Valley 011,50.0,1,200.0,100.0,1182
E02004048,3.0,9.0,30.72,48.54,0.72,0.5,97.4,1.38,LargeCentralMetro,1,0,0,0,0,0,East Midlands,10,Bolsover 004,45.0,1,166.0,74.7,855
E02004065,10.0,7.0,16.38,51.58,1.48,0.59,96.44,1.49,LargeCentralMetro,1,0,0,0,0,0,East Midlands,10,Chesterfield 011,56.0,1,177.0,99.12,1107
E02006872,8.0,6.0,21.39,46.08,0.72,0.1,98.02,1.16,SmallMetro,0,0,0,1,0,0,East Midlands,10,High Peak 013,49.0,1,187.0,91.63,931
E02004029,4.0,10.0,44.36,50.85,1.51,0.31,96.47,1.7,LargeCentralMetro,1,0,0,0,0,0,East Midlands,10,Amber Valley 001,22.0,1,133.0,29.26,765
E02004108,6.0,9.0,13.01,51.23,1.18,0.33,96.72,1.77,LargeCentralMetro,1,0,0,0,0,0,East Midlands,5,North East Derbyshire 004,57.0,1,292.0,166.44,1868
E02004044,9.0,3.0,8.33,50.4,3.25,0.52,93.16,3.07,MediumMetro,0,0,1,0,0,0,East Midlands,10,Amber Valley 016,67.0,1,240.0,160.8,1607
E02004040,5.0,8.0,23.04,49.89,0.69,0.15,97.9,1.27,LargeCentralMetro,1,0,0,0,0,0,East Midlands,10,Amber Valley 012,48.0,1,204.0,97.92,1341
E02004045,7.0,8.0,35.26,48.0,1.49,0.32,96.98,1.21,MediumMetro,0,0,1,0,0,0,East Midlands,,Bolsover 001,20.0,1,173.0,34.6,973
E02004043,7.0,9.0,14.71,50.17,0.74,0.25,97.72,1.3,Micropolitan,0,0,0,0,1,0,East Midlands,10,Amber Valley 015,55.0,1,170.0,93.50000000000001,863
E02007029,7.0,6.0,13.3,52.89,0.41,0.14,98.53,0.93,MediumMetro,0,0,1,0,0,0,East Midlands,8,Derbyshire Dales 011,48.0,1,188.0,90.24,1386
E02004092,5.0,7.0,32.08,49.95,1.66,0.52,94.99,2.82,LargeCentralMetro,1,0,0,0,0,0,East Midlands,10,Erewash 015,30.0,1,159.0,47.699999999999996,1067
E02004056,3.0,10.0,24.73,49.96,0.73,0.87,96.25,2.15,LargeCentralMetro,1,0,0,0,0,0,East Midlands,10,Chesterfield 002,36.0,1,182.0,65.52,1169
E02004097,8.0,6.0,20.45,48.21,0.49,0.2,97.41,1.9,LargeCentralMetro,1,0,0,0,0,0,East Midlands,10,High Peak 005,37.0,1,132.0,48.839999999999996,670
E02004080,3.0,10.0,36.36,44.26,1.71,0.47,95.75,2.06,LargeCentralMetro,1,0,0,0,0,0,East Midlands,4,Erewash 003,35.0,1,187.0,65.45,958
E02004061,5.0,10.0,35.56,47.17,2.45,1.05,94.08,2.42,LargeCentralMetro,1,0,0,0,0,0,East Midlands,10,Chesterfield 007,52.0,1,180.0,93.60000000000001,1041
E02004076,6.0,6.0,16.02,52.98,0.62,0.24,97.42,1.71,MediumMetro,0,0,1,0,0,0,East Midlands,6,Derbyshire Dales 009,45.0,1,181.0,81.45,1342
E02004033,5.0,9.0,29.57,51.37,0.73,0.37,97.37,1.54,LargeCentralMetro,1,0,0,0,0,0,East Midlands,10,Amber Valley 005,43.0,1,115.0,49.449999999999996,841
E02004084,4.0,9.0,22.22,52.82,0.42,0.47,97.84,1.27,LargeCentralMetro,1,0,0,0,0,0,East Midlands,7,Erewash 007,44.0,1,117.0,51.48,657
E02004058,3.0,10.0,17.39,53.58,1.87,0.89,94.73,2.51,LargeCentralMetro,1,0,0,0,0,0,East Midlands,10,Chesterfield 004,67.0,1,207.0,138.69,1353
E02004095,5.0,8.0,23.53,48.74,0.9,0.33,96.63,2.14,LargeCentralMetro,1,0,0,0,0,0,East Midlands,10,High Peak 003,36.0,1,119.0,42.839999999999996,593
E02004050,3.0,8.0,38.85,48.63,0.65,0.95,96.85,1.55,LargeCentralMetro,1,0,0,0,0,0,East Midlands,10,Bolsover 006,36.0,1,157.0,56.519999999999996,841
E02004032,7.0,8.0,28.5,52.87,0.68,0.15,98.27,0.9,LargeCentralMetro,1,0,0,0,0,0,East Midlands,10,Amber Valley 004,40.0,1,207.0,82.80000000000001,1131
E02004052,6.0,9.0,21.95,46.23,1.2,0.31,97.39,1.1,Micropolitan,0,0,0,0,1,0,East Midlands,10,Bolsover 008,39.0,1,164.0,63.96,809
E02004055,3.0,10.0,35.62,48.04,0.85,0.55,96.76,1.83,LargeCentralMetro,1,0,0,0,0,0,East Midlands,10,Chesterfield 001,27.0,1,73.0,19.71,537
E02002797,10.0,4.0,21.7,51.67,2.68,0.5,94.45,2.37,LargeCentralMetro,1,0,0,0,0,0,East Midlands,5,Derby 002,53.0,1,212.0,112.36,1374
E02002824,3.0,6.0,48.62,49.01,23.85,7.19,58.51,10.44,LargeCentralMetro,1,0,0,0,0,0,East Midlands,,Derby 029,19.0,1,181.0,34.39,961
E02002799,3.0,8.0,46.56,47.71,3.29,2.23,90.65,3.83,LargeCentralMetro,1,0,0,0,0,0,East Midlands,,Derby 004,18.0,1,131.0,23.58,698
E02002803,2.0,8.0,27.27,47.5,5.85,4.69,83.98,5.48,LargeCentralMetro,1,0,0,0,0,0,East Midlands,2,Derby 008,62.0,1,165.0,102.3,1198
E02002801,5.0,7.0,25.0,46.64,1.48,1.24,94.61,2.67,LargeCentralMetro,1,0,0,0,0,0,East Midlands,,Derby 006,33.0,1,204.0,67.32000000000001,1115
E02002816,8.0,3.0,14.29,50.16,34.21,3.36,52.43,10.0,LargeCentralMetro,1,0,0,0,0,0,East Midlands,9,Derby 021,61.0,1,294.0,179.34,1828
E02002810,8.0,4.0,36.24,47.88,9.61,2.54,83.6,4.25,LargeCentralMetro,1,0,0,0,0,0,East Midlands,5,Derby 015,35.0,1,218.0,76.3,1107
E02002823,4.0,9.0,41.46,51.34,4.3,2.44,88.9,4.36,LargeCentralMetro,1,0,0,0,0,0,East Midlands,,Derby 028,21.0,1,205.0,43.05,1120
E02002800,9.0,6.0,30.26,53.21,3.27,1.57,91.44,3.72,LargeCentralMetro,1,0,0,0,0,0,East Midlands,3,Derby 005,41.0,1,228.0,93.47999999999999,1338
E02002805,8.0,8.0,15.38,48.68,0.89,0.64,97.09,1.38,LargeCentralMetro,1,0,0,0,0,0,East Midlands,6,Derby 010,51.0,1,286.0,145.86,1475
E02004271,5.0,5.0,13.33,49.77,0.58,0.16,98.05,1.22,Noncore,0,0,0,0,0,1,South West,8,Dorset 019,31.0,1,120.0,37.2,663
E02004261,5.0,5.0,19.41,49.28,1.51,0.17,96.88,1.44,LargeCentralMetro,1,0,0,0,0,0,South West,4,Dorset 011,60.0,1,170.0,102.0,1108
E02004272,7.0,4.0,33.33,50.7,0.62,0.12,98.2,1.06,Micropolitan,0,0,0,0,1,0,South West,8,Dorset 022,6.0,1,66.0,3.96,357
E02004251,7.0,2.0,19.11,50.1,1.12,0.09,98.01,0.77,LargeCentralMetro,1,0,0,0,0,0,South West,3,Dorset 020,48.0,1,225.0,108.0,1030
E02004255,6.0,5.0,19.0,47.92,1.03,0.18,97.65,1.15,LargeFringeMetro,0,1,0,0,0,0,South West,7,Dorset 001,47.0,1,279.0,131.13,1755
E02004269,5.0,4.0,16.53,50.58,1.96,0.34,96.08,1.62,LargeFringeMetro,0,1,0,0,0,0,South West,4,Dorset 004,45.0,1,236.0,106.2,1552
E02004264,5.0,8.0,26.27,51.19,0.75,0.17,97.54,1.54,Micropolitan,0,0,0,0,1,0,South West,10,Dorset 028,48.0,1,255.0,122.39999999999999,1549
E02004247,8.0,4.0,13.7,51.81,0.39,0.1,98.47,1.04,LargeCentralMetro,1,0,0,0,0,0,South West,7,Dorset 013,43.0,1,387.0,166.41,1598
E02004257,6.0,4.0,23.49,51.82,1.43,0.23,96.55,1.79,SmallMetro,0,0,0,1,0,0,South West,5,Dorset 003,30.0,1,166.0,49.8,905
E02004274,4.0,8.0,23.23,51.99,1.01,0.14,97.4,1.45,LargeFringeMetro,0,1,0,0,0,0,South West,7,Dorset 026,28.0,1,155.0,43.400000000000006,854
E02004268,5.0,7.0,38.33,50.45,0.83,0.23,97.0,1.94,SmallMetro,0,0,0,1,0,0,South West,8,Dorset 042,42.0,1,60.0,25.2,335
E02007007,5.0,7.0,15.74,52.84,3.85,0.78,93.24,2.14,LargeFringeMetro,0,1,0,0,0,0,South West,3,Dorset 032,49.0,1,451.0,220.99,2093
E02004273,6.0,6.0,11.63,52.11,0.52,0.21,98.08,1.2,SmallMetro,0,0,0,1,0,0,South West,4,Dorset 023,50.0,1,172.0,86.0,1042
E02003182,9.0,3.0,29.55,98.18,5.29,1.61,88.63,4.47,LargeCentralMetro,1,0,0,0,0,0,South West,9,"Bournemouth, Christchurch and Poole 020",57.0,1,132.0,75.24,989
E02003179,4.0,6.0,23.94,44.01,6.11,1.72,85.74,6.43,LargeCentralMetro,1,0,0,0,0,0,South West,9,"Bournemouth, Christchurch and Poole 012",41.0,1,213.0,87.33,1161
E02003178,5.0,6.0,23.84,74.95,3.12,1.18,91.08,4.63,LargeCentralMetro,1,0,0,0,0,0,South West,9,"Bournemouth, Christchurch and Poole 011",62.98,2,323.0,203.41,1848
E02003196,10.0,6.0,12.2,48.29,2.28,0.2,95.75,1.76,LargeCentralMetro,1,0,0,0,0,0,South West,4,"Bournemouth, Christchurch and Poole 004",45.0,1,205.0,92.25,909
E02003209,5.0,8.0,38.24,46.0,1.68,0.38,95.98,1.96,LargeCentralMetro,1,0,0,0,0,0,South West,10,"Bournemouth, Christchurch and Poole 046",43.0,1,68.0,29.24,600
E02004240,3.0,5.0,38.46,54.47,1.57,0.29,95.96,2.18,LargeCentralMetro,1,0,0,0,0,0,South West,8,"Bournemouth, Christchurch and Poole 024",35.0,1,78.0,27.299999999999997,369
E02004239,8.0,2.0,16.53,48.91,1.07,0.14,97.31,1.47,LargeCentralMetro,1,0,0,0,0,0,South West,10,"Bournemouth, Christchurch and Poole 018",47.0,1,236.0,110.91999999999999,1513
E02003176,2.0,8.0,39.38,54.12,2.0,0.85,92.99,4.15,LargeCentralMetro,1,0,0,0,0,0,South West,9,"Bournemouth, Christchurch and Poole 010",24.47,2,160.0,39.150000000000006,935
E02003198,6.0,7.0,18.18,48.2,2.5,0.5,94.74,2.25,LargeCentralMetro,1,0,0,0,0,0,South West,10,"Bournemouth, Christchurch and Poole 016",31.0,1,176.0,54.56,946
E02003200,4.0,8.0,38.62,46.06,2.71,0.78,93.08,3.42,LargeCentralMetro,1,0,0,0,0,0,South West,10,"Bournemouth, Christchurch and Poole 022",17.0,1,145.0,24.650000000000002,851
E02003204,6.0,7.0,14.61,49.95,2.4,0.44,94.38,2.78,LargeCentralMetro,1,0,0,0,0,0,South West,10,"Bournemouth, Christchurch and Poole 030",44.0,1,178.0,78.32000000000001,1099
E02004241,6.0,4.0,16.54,48.28,1.75,0.17,95.67,2.41,LargeCentralMetro,1,0,0,0,0,0,South West,9,"Bournemouth, Christchurch and Poole 031",56.0,1,260.0,145.60000000000002,1802
E02003183,8.0,5.0,16.75,0.11,4.2,1.47,87.77,6.56,LargeCentralMetro,1,0,0,0,0,0,South West,9,"Bournemouth, Christchurch and Poole 028",75.0,1,197.0,147.75,929
E02004329,5.0,9.0,25.62,51.64,0.85,0.25,98.09,0.81,LargeCentralMetro,1,0,0,0,0,0,North East,8,County Durham 037,58.0,1,203.0,117.74,1162
E02004312,8.0,5.0,28.29,50.25,1.81,0.38,96.44,1.37,LargeCentralMetro,1,0,0,0,0,0,North East,7,County Durham 028,55.0,1,152.0,83.60000000000001,814
E02004303,5.0,9.0,29.05,52.89,0.54,0.12,98.38,0.96,LargeCentralMetro,1,0,0,0,0,0,North East,3,County Durham 010,36.0,1,296.0,106.56,1624
E02004315,9.0,3.0,15.09,49.91,7.07,1.02,87.05,4.86,LargeCentralMetro,1,0,0,0,0,0,North East,2,County Durham 033,63.0,1,265.0,166.95,1673
E02004324,4.0,9.0,23.88,48.81,0.5,0.14,98.49,0.87,MediumMetro,0,0,1,0,0,0,North East,10,County Durham 025,44.0,1,134.0,58.96,795
E02004309,7.0,6.0,26.91,51.14,5.83,1.19,88.93,4.05,LargeCentralMetro,1,0,0,0,0,0,North East,6,County Durham 023,42.0,1,223.0,93.66,1318
E02004352,3.0,10.0,32.68,50.26,1.01,0.32,97.6,1.06,LargeCentralMetro,1,0,0,0,0,0,North East,6,County Durham 055,32.0,1,153.0,48.96,973
E02004301,2.0,9.0,46.24,51.24,1.1,0.1,97.97,0.82,LargeCentralMetro,1,0,0,0,0,0,North East,4,County Durham 008,21.0,1,173.0,36.33,1007
E02004294,9.0,7.0,19.67,47.33,1.27,0.11,97.54,1.08,LargeCentralMetro,1,0,0,0,0,0,North East,3,County Durham 013,50.0,1,239.0,119.5,1608
E02004351,3.0,9.0,30.3,48.19,0.64,0.25,98.02,1.09,MediumMetro,0,0,1,0,0,0,North East,8,County Durham 051,45.0,1,165.0,74.25,965
E02004306,7.0,7.0,12.65,48.8,0.93,0.18,97.85,1.03,MediumMetro,0,0,1,0,0,0,North East,9,County Durham 020,50.0,1,245.0,122.5,1375
E02004353,6.0,9.0,18.01,54.3,1.68,0.17,97.27,0.89,LargeCentralMetro,1,0,0,0,0,0,North East,7,County Durham 056,46.0,1,211.0,97.06,1326
E02007022,7.0,7.0,13.21,49.58,0.64,0.6,97.6,1.16,MediumMetro,0,0,1,0,0,0,North East,3,County Durham 067,51.0,1,106.0,54.06,720
E02004344,2.0,10.0,30.77,21.21,0.46,0.13,98.14,1.28,LargeCentralMetro,1,0,0,0,0,0,North East,,County Durham 063,22.0,1,143.0,31.46,429
E02004343,3.0,10.0,37.16,48.78,0.16,0.18,98.41,1.25,LargeCentralMetro,1,0,0,0,0,0,North East,7,County Durham 062,42.0,1,148.0,62.16,1025
E02002569,10.0,7.0,18.58,51.18,2.71,0.44,94.95,1.9,LargeCentralMetro,1,0,0,0,0,0,North East,8,Darlington 011,59.47,2,452.0,268.78999999999996,2618
E02002563,4.0,10.0,33.12,50.12,1.15,0.38,96.75,1.71,LargeCentralMetro,1,0,0,0,0,0,North East,7,Darlington 005,37.0,1,154.0,56.98,854
E02002573,8.0,7.0,19.53,46.88,1.27,0.44,96.7,1.59,MediumMetro,0,0,1,0,0,0,North East,10,Darlington 015,55.0,1,128.0,70.4,672
E02002567,3.0,10.0,31.4,52.45,2.48,1.08,94.04,2.4,LargeCentralMetro,1,0,0,0,0,0,North East,2,Darlington 009,36.0,1,86.0,30.959999999999997,551
E02002564,4.0,9.0,61.54,50.99,1.74,0.23,96.34,1.7,LargeCentralMetro,1,0,0,0,0,0,North East,,Darlington 006,33.0,1,78.0,25.740000000000002,453
E02004369,6.0,8.0,30.04,50.29,2.35,0.72,94.49,2.44,LargeCentralMetro,1,0,0,0,0,0,South East,8,Hastings 002,30.0,1,263.0,78.89999999999999,1557
E02004405,7.0,5.0,14.92,51.32,2.34,0.65,94.5,2.51,LargeFringeMetro,0,1,0,0,0,0,South East,10,Wealden 003,60.0,1,248.0,148.79999999999998,1592
E02004400,6.0,8.0,31.84,50.95,1.0,0.42,96.67,1.92,LargeCentralMetro,1,0,0,0,0,0,South East,10,Rother 009,37.0,1,267.0,98.78999999999999,1519
E02004379,7.0,2.0,9.4,48.25,0.5,0.37,96.89,2.25,MediumMetro,0,0,1,0,0,0,South East,10,Lewes 001,46.0,1,149.0,68.54,827
E02004397,7.0,6.0,15.93,48.99,1.03,0.37,96.39,2.21,Micropolitan,0,0,0,0,1,0,South East,10,Rother 006,58.0,1,226.0,131.07999999999998,1137
E02004359,4.0,9.0,29.73,47.27,2.77,0.93,92.84,3.46,LargeCentralMetro,1,0,0,0,0,0,South East,10,Eastbourne 004,33.76,2,407.0,137.39,2050
E02004371,3.0,9.0,45.88,48.84,1.73,0.45,95.25,2.58,LargeCentralMetro,1,0,0,0,0,0,South East,10,Hastings 004,15.0,1,170.0,25.5,862
E02004413,7.0,4.0,11.72,49.32,0.82,0.18,97.19,1.82,Micropolitan,0,0,0,0,1,0,South East,10,Wealden 011,59.0,1,239.0,141.01,1470
E02004382,6.0,4.0,17.65,48.32,1.04,0.15,96.7,2.1,MediumMetro,0,0,1,0,0,0,South East,,Lewes 004,41.0,1,85.0,34.85,565
E02004383,7.0,4.0,19.23,47.05,2.07,1.13,92.9,3.9,LargeCentralMetro,1,0,0,0,0,0,South East,10,Lewes 005,59.0,1,234.0,138.06,1152
E02004358,3.0,9.0,19.34,46.98,1.75,0.66,93.72,3.87,LargeCentralMetro,1,0,0,0,0,0,South East,9,Eastbourne 003,42.0,1,212.0,89.03999999999999,1077
E02004390,6.0,7.0,15.62,48.11,1.13,0.3,96.14,2.43,LargeCentralMetro,1,0,0,0,0,0,South East,10,Lewes 012,46.0,1,224.0,103.04,1376
E02004387,3.0,8.0,34.35,47.48,2.14,1.7,92.95,3.21,LargeCentralMetro,1,0,0,0,0,0,South East,10,Lewes 009,37.0,1,131.0,48.47,754
E02004411,6.0,5.0,17.6,46.75,1.86,0.4,95.71,2.03,LargeFringeMetro,0,1,0,0,0,0,South East,9,Wealden 009,52.0,1,250.0,130.0,1583
E02004423,6.0,7.0,14.5,45.93,1.47,0.3,96.36,1.87,LargeCentralMetro,1,0,0,0,0,0,South East,8,Wealden 021,40.0,1,200.0,80.0,1019
E02003497,9.0,3.0,15.08,49.23,6.79,0.71,83.23,9.26,LargeCentralMetro,1,0,0,0,0,0,South East,5,Brighton and Hove 007,50.0,1,325.0,162.5,1621
E02003492,3.0,4.0,44.59,45.47,8.58,4.88,77.62,8.92,LargeCentralMetro,1,0,0,0,0,0,South East,7,Brighton and Hove 002,26.0,1,148.0,38.480000000000004,838
E02003501,8.0,3.0,17.55,47.46,4.42,1.35,86.78,7.45,LargeCentralMetro,1,0,0,0,0,0,South East,1,Brighton and Hove 011,52.0,1,359.0,186.68,2497
E02003494,8.0,3.0,18.81,48.22,2.98,0.87,90.54,5.6,LargeCentralMetro,1,0,0,0,0,0,South East,3,Brighton and Hove 004,64.83,2,622.0,403.22,3138
E02003506,8.0,3.0,28.57,47.55,3.41,1.48,87.1,8.01,LargeCentralMetro,1,0,0,0,0,0,South East,2,Brighton and Hove 016,46.0,1,224.0,103.04,1123
E02003496,5.0,6.0,15.57,48.04,5.46,2.4,81.44,10.7,LargeCentralMetro,1,0,0,0,0,0,South East,,Brighton and Hove 006,66.0,1,122.0,80.52000000000001,789
E02003523,7.0,3.0,28.66,47.89,2.94,0.7,91.75,4.61,LargeCentralMetro,1,0,0,0,0,0,South East,7,Brighton and Hove 033,28.0,1,164.0,45.92,875
E02003491,7.0,3.0,18.55,46.51,3.81,1.01,89.69,5.48,LargeCentralMetro,1,0,0,0,0,0,South East,2,Brighton and Hove 001,51.0,1,221.0,112.71000000000001,1118
E02003495,5.0,6.0,25.6,47.32,2.5,1.1,91.25,5.15,LargeCentralMetro,1,0,0,0,0,0,South East,9,Brighton and Hove 005,43.0,1,168.0,72.24,953
E02004699,8.0,7.0,19.19,48.73,1.88,0.46,95.84,1.83,LargeCentralMetro,1,0,0,0,0,0,South East,2,East Hampshire 003,47.0,1,198.0,93.05999999999999,983
E02004787,7.0,8.0,21.86,48.15,0.81,0.18,97.56,1.46,LargeCentralMetro,1,0,0,0,0,0,South East,10,New Forest 009,41.14,2,334.0,137.4,1568
E02004798,4.0,6.0,19.15,48.8,2.15,0.23,95.67,1.95,LargeCentralMetro,1,0,0,0,0,0,South East,9,New Forest 020,32.0,1,188.0,60.160000000000004,1000
E02004749,9.0,9.0,20.06,48.88,1.3,0.63,96.39,1.69,LargeCentralMetro,1,0,0,0,0,0,South East,10,Gosport 009,33.0,1,339.0,111.87,2142
E02004688,4.0,9.0,8.52,50.22,7.72,1.83,86.29,4.15,LargeCentralMetro,1,0,0,0,0,0,South East,9,Basingstoke and Deane 014,68.0,1,176.0,119.68,890
E02004705,8.0,6.0,7.85,50.83,1.94,0.42,95.1,2.54,MediumMetro,0,0,1,0,0,0,South East,7,East Hampshire 009,58.0,1,331.0,191.98,1869
E02004741,5.0,9.0,36.73,48.6,1.37,0.67,96.4,1.56,LargeCentralMetro,1,0,0,0,0,0,South East,9,Gosport 001,20.0,1,147.0,29.400000000000002,823
E02004732,9.0,6.0,13.43,48.02,1.37,0.24,96.44,1.96,LargeCentralMetro,1,0,0,0,0,0,South East,10,Fareham 006,58.0,1,350.0,203.0,1791
E02004779,8.0,5.0,16.03,44.53,0.56,0.21,98.08,1.15,MediumMetro,0,0,1,0,0,0,South East,10,New Forest 001,55.0,1,156.0,85.80000000000001,1116
E02004758,8.0,2.0,10.99,49.28,3.84,0.82,92.31,3.03,LargeCentralMetro,1,0,0,0,0,0,South East,10,Hart 008,64.0,1,282.0,180.48,1530
E02004734,7.0,8.0,9.91,51.25,2.55,0.74,94.5,2.21,LargeCentralMetro,1,0,0,0,0,0,South East,10,Fareham 008,59.0,1,232.0,136.88,1239
E02004677,8.0,4.0,21.05,53.13,1.53,0.45,95.76,2.26,Micropolitan,0,0,0,0,1,0,South East,10,Basingstoke and Deane 003,39.0,1,76.0,29.64,463
E02004685,7.0,9.0,16.52,50.51,13.64,2.6,77.87,5.89,LargeCentralMetro,1,0,0,0,0,0,South East,7,Basingstoke and Deane 011,43.0,1,224.0,96.32,1186
E02004757,10.0,2.0,10.57,49.78,2.88,0.43,93.81,2.88,LargeCentralMetro,1,0,0,0,0,0,South East,10,Hart 007,63.0,1,227.0,143.01,1139
E02004806,8.0,2.0,20.71,48.91,5.95,1.42,88.59,4.04,LargeCentralMetro,1,0,0,0,0,0,South East,10,Rushmoor 005,35.0,1,198.0,69.3,961
E02004764,6.0,9.0,30.5,49.68,1.74,0.32,96.77,1.17,LargeCentralMetro,1,0,0,0,0,0,South East,10,Havant 003,30.0,1,141.0,42.3,946
E02004686,7.0,8.0,37.74,46.35,16.63,2.58,74.1,6.69,LargeCentralMetro,1,0,0,0,0,0,South East,7,Basingstoke and Deane 012,22.0,1,106.0,23.32,671
E02004715,6.0,7.0,31.12,52.03,4.53,0.98,91.22,3.26,LargeCentralMetro,1,0,0,0,0,0,South East,8,Eastleigh 004,30.0,1,241.0,72.3,1403
E02004768,4.0,9.0,18.66,51.55,4.2,0.73,92.62,2.45,LargeCentralMetro,1,0,0,0,0,0,South East,10,Havant 007,47.16,2,402.0,189.6,2291
E02004697,9.0,6.0,13.47,47.63,1.08,0.66,96.41,1.84,LargeCentralMetro,1,0,0,0,0,0,South East,2,East Hampshire 001,50.0,1,193.0,96.5,844
E02004681,5.0,10.0,23.3,47.02,10.11,4.65,80.16,5.07,LargeCentralMetro,1,0,0,0,0,0,South East,,Basingstoke and Deane 007,20.0,1,103.0,20.6,655
E02004737,5.0,8.0,23.29,51.58,3.17,0.75,93.82,2.26,LargeCentralMetro,1,0,0,0,0,0,South East,10,Fareham 011,38.0,1,146.0,55.480000000000004,853
E02004726,8.0,7.0,23.35,46.56,1.43,0.7,95.97,1.91,LargeCentralMetro,1,0,0,0,0,0,South East,10,Eastleigh 015,50.0,1,257.0,128.5,1162
E02004817,6.0,9.0,24.34,50.15,4.42,1.04,92.43,2.11,LargeCentralMetro,1,0,0,0,0,0,South East,10,Test Valley 004,41.0,1,189.0,77.49,981
E02004770,2.0,10.0,58.43,44.97,0.8,0.98,96.76,1.46,LargeCentralMetro,1,0,0,0,0,0,South East,7,Havant 009,11.0,1,89.0,9.790000000000001,567
E02004778,5.0,9.0,25.0,50.79,0.76,0.32,96.81,2.1,LargeCentralMetro,1,0,0,0,0,0,South East,9,Havant 017,35.0,1,112.0,39.199999999999996,573
E02004831,9.0,6.0,15.64,51.99,3.96,0.64,92.33,3.08,LargeCentralMetro,1,0,0,0,0,0,South East,10,Winchester 003,57.0,1,211.0,120.27,1056
E02004729,6.0,8.0,23.75,48.77,2.24,0.61,95.5,1.66,LargeCentralMetro,1,0,0,0,0,0,South East,9,Fareham 003,34.0,1,160.0,54.400000000000006,853
E02004710,8.0,6.0,17.51,46.83,1.43,0.21,97.18,1.17,LargeCentralMetro,1,0,0,0,0,0,South East,6,East Hampshire 014,44.0,1,257.0,113.08,1262
E02004782,5.0,9.0,16.67,49.48,1.94,0.34,96.12,1.6,LargeCentralMetro,1,0,0,0,0,0,South East,9,New Forest 004,43.19,2,396.0,171.04999999999998,2130
E02004678,9.0,6.0,11.96,50.1,1.76,0.65,96.2,1.4,LargeCentralMetro,1,0,0,0,0,0,South East,10,Basingstoke and Deane 004,46.0,1,209.0,96.14,1014
E02004818,9.0,8.0,16.58,47.21,4.03,0.98,92.81,2.19,LargeCentralMetro,1,0,0,0,0,0,South East,10,Test Valley 005,40.0,1,193.0,77.2,1002
E02004837,9.0,5.0,12.22,47.91,4.06,0.49,92.08,3.38,LargeCentralMetro,1,0,0,0,0,0,South East,9,Winchester 009,61.0,1,360.0,219.6,1795
E02004826,8.0,5.0,16.61,48.87,1.85,0.68,95.1,2.38,LargeCentralMetro,1,0,0,0,0,0,South East,10,Test Valley 013,51.0,1,283.0,144.33,1465
E02004792,7.0,8.0,30.1,51.66,0.83,0.3,97.46,1.42,LargeCentralMetro,1,0,0,0,0,0,South East,10,New Forest 014,20.0,1,103.0,20.6,573
E02004700,6.0,7.0,19.18,52.89,5.53,1.68,89.04,3.75,LargeCentralMetro,1,0,0,0,0,0,South East,7,East Hampshire 004,27.0,1,146.0,39.42,830
E02004771,3.0,10.0,52.25,51.47,1.43,0.84,95.92,1.82,LargeCentralMetro,1,0,0,0,0,0,South East,10,Havant 010,12.0,1,178.0,21.36,950
E02004832,8.0,4.0,6.36,49.02,0.92,0.3,97.27,1.51,MediumMetro,0,0,1,0,0,0,South East,10,Winchester 004,48.0,1,236.0,113.28,1179
E02004708,6.0,6.0,9.32,51.64,2.32,0.68,94.88,2.12,LargeCentralMetro,1,0,0,0,0,0,South East,3,East Hampshire 012,59.0,1,279.0,164.60999999999999,1400
E02004738,7.0,8.0,27.07,49.12,1.01,0.6,96.85,1.54,LargeCentralMetro,1,0,0,0,0,0,South East,10,Fareham 012,32.0,1,133.0,42.56,684
E02004797,6.0,5.0,14.06,48.63,1.15,0.33,96.64,1.88,LargeFringeMetro,0,1,0,0,0,0,South East,10,New Forest 019,52.0,1,249.0,129.48000000000002,1240
E02004772,8.0,8.0,18.9,50.11,2.53,0.57,95.43,1.48,LargeCentralMetro,1,0,0,0,0,0,South East,10,Havant 011,33.0,1,164.0,54.120000000000005,880
E02004790,5.0,3.0,12.15,48.57,1.13,0.33,96.29,2.24,LargeCentralMetro,1,0,0,0,0,0,South East,10,New Forest 012,55.0,1,247.0,135.85000000000002,1573
E02004761,9.0,5.0,11.81,50.27,1.7,0.81,95.08,2.41,MediumMetro,0,0,1,0,0,0,South East,10,Hart 011,55.0,1,237.0,130.35000000000002,1317
E02004824,6.0,8.0,15.11,47.78,2.03,0.27,95.98,1.72,LargeCentralMetro,1,0,0,0,0,0,South East,10,Test Valley 011,50.0,1,225.0,112.5,1151
E02004839,8.0,5.0,16.73,51.28,0.61,0.19,97.47,1.73,LargeCentralMetro,1,0,0,0,0,0,South East,10,Winchester 011,55.0,1,281.0,154.55,1371
E02004694,9.0,8.0,11.76,50.21,1.06,0.21,97.06,1.67,MediumMetro,0,0,1,0,0,0,South East,10,Basingstoke and Deane 020,55.0,1,187.0,102.85000000000001,932
E02004712,10.0,4.0,6.53,49.05,7.93,0.63,87.81,3.64,LargeCentralMetro,1,0,0,0,0,0,South East,10,Eastleigh 001,73.0,1,291.0,212.43,1466
E02004713,9.0,6.0,16.19,47.86,5.49,1.02,90.69,2.8,LargeCentralMetro,1,0,0,0,0,0,South East,10,Eastleigh 002,39.0,1,210.0,81.9,1051
E02004683,5.0,9.0,29.27,45.8,12.27,3.27,78.6,5.85,LargeCentralMetro,1,0,0,0,0,0,South East,9,Basingstoke and Deane 009,35.0,1,164.0,57.4,762
E02004775,6.0,9.0,26.79,47.99,2.51,0.76,94.14,2.6,LargeCentralMetro,1,0,0,0,0,0,South East,8,Havant 014,36.0,1,112.0,40.32,671
E02004808,8.0,4.0,17.77,49.66,9.69,3.08,82.14,5.09,LargeCentralMetro,1,0,0,0,0,0,South East,10,Rushmoor 007,55.0,1,197.0,108.35000000000001,1015
E02004722,7.0,9.0,12.79,52.21,2.41,0.41,95.14,2.04,LargeCentralMetro,1,0,0,0,0,0,South East,10,Eastleigh 011,46.0,1,391.0,179.86,1921
E02007078,6.0,9.0,34.48,53.4,3.96,1.08,92.53,2.42,LargeCentralMetro,1,0,0,0,0,0,South East,10,Test Valley 018,25.0,1,145.0,36.25,927
E02004719,8.0,6.0,16.48,47.28,1.92,0.42,96.25,1.41,LargeCentralMetro,1,0,0,0,0,0,South East,10,Eastleigh 008,49.0,1,267.0,130.82999999999998,1358
E02004752,9.0,2.0,10.26,49.96,1.89,0.52,95.37,2.23,LargeCentralMetro,1,0,0,0,0,0,South East,10,Hart 002,53.0,1,156.0,82.68,1251
E02003531,6.0,7.0,22.17,48.76,4.26,1.24,92.16,2.33,LargeCentralMetro,1,0,0,0,0,0,South East,6,Portsmouth 008,41.0,1,212.0,86.92,1173
E02006975,2.0,4.0,39.89,49.47,12.29,10.88,67.87,8.96,LargeCentralMetro,1,0,0,0,0,0,South East,1,Portsmouth 027,45.22,2,366.0,165.51,1973
E02003537,6.0,7.0,36.2,50.78,2.65,1.63,92.89,2.83,LargeCentralMetro,1,0,0,0,0,0,South East,3,Portsmouth 014,22.0,1,163.0,35.86,898
E02003538,3.0,8.0,44.5,49.45,9.67,4.29,81.07,4.97,LargeCentralMetro,1,0,0,0,0,0,South East,2,Portsmouth 015,22.0,1,218.0,47.96,1173
E02003543,5.0,5.0,31.97,48.02,9.01,4.77,80.08,6.14,LargeCentralMetro,1,0,0,0,0,0,South East,1,Portsmouth 020,32.0,1,244.0,78.08,1235
E02003530,5.0,8.0,27.41,39.38,5.39,4.51,86.88,3.22,LargeCentralMetro,1,0,0,0,0,0,South East,6,Portsmouth 007,38.1,2,270.0,102.87,1427
E02003556,7.0,7.0,27.22,48.61,3.81,1.53,91.09,3.57,LargeCentralMetro,1,0,0,0,0,0,South East,5,Southampton 008,33.0,1,360.0,118.80000000000001,2020
E02003549,6.0,4.0,34.5,37.95,19.39,2.32,70.13,8.16,LargeCentralMetro,1,0,0,0,0,0,South East,2,Southampton 001,41.0,1,229.0,93.89,1241
E02003555,4.0,9.0,49.61,48.17,6.76,2.99,86.51,3.75,LargeCentralMetro,1,0,0,0,0,0,South East,5,Southampton 007,24.0,1,127.0,30.48,818
E02003574,7.0,8.0,42.94,45.21,2.4,1.06,94.07,2.47,LargeCentralMetro,1,0,0,0,0,0,South East,2,Southampton 026,34.0,1,163.0,55.42,887
E02003560,2.0,10.0,51.2,45.9,3.41,2.09,91.59,2.92,LargeCentralMetro,1,0,0,0,0,0,South East,6,Southampton 012,27.0,1,209.0,56.43000000000001,1072
E02003570,2.0,5.0,27.18,98.53,38.45,8.65,42.87,10.04,LargeCentralMetro,1,0,0,0,0,0,South East,2,Southampton 022,66.0,1,206.0,135.96,1228
E02003551,4.0,7.0,11.54,40.14,12.21,3.42,79.41,4.96,LargeCentralMetro,1,0,0,0,0,0,South East,3,Southampton 003,66.0,1,208.0,137.28,994
E02003559,8.0,5.0,32.22,44.81,11.09,1.8,81.88,5.23,LargeCentralMetro,1,0,0,0,0,0,South East,2,Southampton 011,51.0,1,180.0,91.8,1031
E02003566,3.0,10.0,54.33,48.93,4.14,1.84,89.69,4.33,LargeCentralMetro,1,0,0,0,0,0,South East,10,Southampton 018,19.0,1,127.0,24.13,844
E02005412,6.0,5.0,13.07,46.5,40.59,2.89,47.29,9.24,LargeCentralMetro,1,0,0,0,0,0,East Midlands,9,Oadby and Wigston 003,66.0,2,436.0,287.76000000000005,3032
E02005381,7.0,7.0,17.21,49.57,2.65,0.43,94.3,2.63,MediumMetro,0,0,1,0,0,0,East Midlands,10,Hinckley and Bosworth 005,51.0,1,244.0,124.44,1634
E02005338,7.0,7.0,16.03,49.29,6.3,1.27,88.39,4.03,LargeCentralMetro,1,0,0,0,0,0,East Midlands,10,Blaby 006,41.0,1,237.0,97.16999999999999,1189
E02005397,8.0,4.0,12.9,47.57,1.54,0.42,95.66,2.38,MediumMetro,0,0,1,0,0,0,East Midlands,,North West Leicestershire 001,39.0,1,124.0,48.36,639
E02005364,7.0,4.0,16.67,53.65,22.43,0.91,73.16,3.5,LargeCentralMetro,1,0,0,0,0,0,East Midlands,10,Charnwood 020,48.0,1,174.0,83.52,999
E02005348,6.0,6.0,17.06,50.35,13.6,2.1,80.37,3.93,LargeCentralMetro,1,0,0,0,0,0,East Midlands,6,Charnwood 004,59.05,2,299.0,176.55,1863
E02005389,6.0,9.0,12.5,49.35,2.05,0.26,95.85,1.83,LargeCentralMetro,1,0,0,0,0,0,East Midlands,6,Hinckley and Bosworth 013,62.0,1,168.0,104.16,845
E02005382,5.0,8.0,40.57,49.77,2.41,1.0,94.24,2.36,LargeCentralMetro,1,0,0,0,0,0,East Midlands,10,Hinckley and Bosworth 006,20.0,1,106.0,21.200000000000003,643
E02005355,7.0,5.0,18.75,49.02,1.58,0.31,96.06,2.05,MediumMetro,0,0,1,0,0,0,East Midlands,10,Charnwood 011,46.0,1,160.0,73.60000000000001,818
E02005392,7.0,7.0,17.7,48.98,1.04,0.61,96.92,1.43,LargeFringeMetro,0,1,0,0,0,0,East Midlands,8,Melton 002,42.0,1,243.0,102.06,1178
E02005369,8.0,3.0,16.87,47.52,11.73,0.61,83.71,3.95,MediumMetro,0,0,1,0,0,0,East Midlands,10,Harborough 003,45.0,1,166.0,74.7,825
E02005346,3.0,7.0,34.4,50.55,24.85,3.22,66.33,5.6,LargeCentralMetro,1,0,0,0,0,0,East Midlands,6,Charnwood 002,58.0,1,125.0,72.5,637
E02005394,4.0,8.0,23.75,48.62,1.23,0.23,96.45,2.09,LargeFringeMetro,0,1,0,0,0,0,East Midlands,8,Melton 004,42.0,1,160.0,67.2,909
E02005376,7.0,8.0,10.22,49.59,2.06,0.71,94.98,2.25,LargeCentralMetro,1,0,0,0,0,0,East Midlands,10,Harborough 010,41.85,2,411.0,171.98999999999998,2426
E02005380,7.0,7.0,9.82,52.69,0.86,0.18,97.53,1.42,MediumMetro,0,0,1,0,0,0,East Midlands,10,Hinckley and Bosworth 004,75.0,1,163.0,122.25,818
E02005366,6.0,6.0,15.82,46.83,4.78,1.01,90.54,3.66,MediumMetro,0,0,1,0,0,0,East Midlands,10,Charnwood 022,41.0,1,158.0,64.78,867
E02005391,7.0,4.0,19.69,46.22,0.52,0.22,98.18,1.08,SmallMetro,0,0,0,1,0,0,East Midlands,10,Melton 001,43.0,1,127.0,54.61,688
E02005356,8.0,5.0,18.22,47.68,2.67,0.48,94.38,2.47,MediumMetro,0,0,1,0,0,0,East Midlands,10,Charnwood 012,45.0,1,247.0,111.15,1571
E02005384,8.0,7.0,17.3,48.2,2.15,0.4,95.25,2.2,LargeCentralMetro,1,0,0,0,0,0,East Midlands,8,Hinckley and Bosworth 008,49.17,2,318.0,156.36,1695
E02005373,8.0,4.0,8.78,47.48,2.4,0.85,94.2,2.55,LargeFringeMetro,0,1,0,0,0,0,East Midlands,10,Harborough 007,48.0,1,148.0,71.03999999999999,1169
E02005365,6.0,5.0,16.0,51.7,33.51,1.71,60.35,4.43,LargeCentralMetro,1,0,0,0,0,0,East Midlands,10,Charnwood 021,48.0,1,175.0,84.0,824
E02005377,6.0,6.0,8.24,48.27,3.01,0.58,94.49,1.92,Micropolitan,0,0,0,0,1,0,East Midlands,10,Hinckley and Bosworth 001,58.0,1,170.0,98.6,868
E02005415,4.0,9.0,26.04,48.26,6.22,1.66,87.64,4.47,LargeCentralMetro,1,0,0,0,0,0,East Midlands,7,Oadby and Wigston 006,20.0,1,169.0,33.800000000000004,831
E02005370,8.0,5.0,9.41,46.67,0.82,0.52,97.01,1.66,MediumMetro,0,0,1,0,0,0,East Midlands,,Harborough 004,47.0,1,170.0,79.89999999999999,885
E02005374,6.0,7.0,10.89,47.89,2.79,1.56,93.43,2.23,LargeFringeMetro,0,1,0,0,0,0,East Midlands,,Harborough 008,56.0,1,202.0,113.12,971
E02005416,7.0,7.0,18.49,47.67,9.73,1.35,86.02,2.9,LargeCentralMetro,1,0,0,0,0,0,East Midlands,,Oadby and Wigston 007,29.0,1,238.0,69.02,1311
E02005414,4.0,9.0,,56.34,9.89,1.99,83.54,4.58,LargeCentralMetro,1,0,0,0,0,0,East Midlands,8,Oadby and Wigston 005,,1,0.0,0.0,268
E02005336,6.0,6.0,35.83,46.3,15.3,3.15,75.63,5.92,LargeCentralMetro,1,0,0,0,0,0,East Midlands,,Blaby 004,26.0,1,120.0,31.200000000000003,622
E02005354,9.0,4.0,15.66,49.58,13.16,1.18,80.84,4.82,LargeCentralMetro,1,0,0,0,0,0,East Midlands,10,Charnwood 010,60.0,1,166.0,99.6,837
E02005361,6.0,5.0,18.52,49.37,20.11,0.68,75.71,3.5,LargeCentralMetro,1,0,0,0,0,0,East Midlands,10,Charnwood 017,41.0,1,135.0,55.349999999999994,952
E02002830,3.0,7.0,27.31,47.56,25.82,17.6,48.04,8.54,LargeCentralMetro,1,0,0,0,0,0,East Midlands,7,Leicester 004,36.0,1,216.0,77.75999999999999,1085
E02002847,3.0,1.0,21.62,46.81,84.45,2.14,5.31,8.1,LargeCentralMetro,1,0,0,0,0,0,East Midlands,4,Leicester 021,45.0,1,296.0,133.20000000000002,1491
E02002854,2.0,9.0,31.13,47.4,10.12,7.6,74.17,8.11,LargeCentralMetro,1,0,0,0,0,0,East Midlands,6,Leicester 028,30.0,1,302.0,90.6,1517
E02006817,6.0,5.0,42.24,32.63,32.54,9.76,47.48,10.22,LargeCentralMetro,1,0,0,0,0,0,East Midlands,,Leicester 038,24.0,1,232.0,55.68,944
E02002853,3.0,1.0,24.59,49.94,72.23,5.02,13.32,9.44,LargeCentralMetro,1,0,0,0,0,0,East Midlands,3,Leicester 027,64.0,2,122.0,78.07999999999998,783
E02002844,2.0,2.0,34.58,47.1,68.83,18.85,4.79,7.53,LargeCentralMetro,1,0,0,0,0,0,East Midlands,1,Leicester 018,39.0,1,214.0,83.46000000000001,1085
E02006815,3.0,7.0,31.86,47.73,39.6,4.4,47.69,8.31,LargeCentralMetro,1,0,0,0,0,0,East Midlands,,Leicester 037,26.0,1,226.0,58.760000000000005,1121
E02002833,3.0,1.0,20.16,49.38,84.21,1.18,10.33,4.28,LargeCentralMetro,1,0,0,0,0,0,East Midlands,3,Leicester 007,60.0,1,382.0,229.2,1683
E02002866,9.0,3.0,16.95,52.02,0.84,0.41,96.92,1.82,LargeCentralMetro,1,0,0,0,0,0,East Midlands,10,Rutland 004,51.0,1,177.0,90.27,967
E02002864,7.0,4.0,15.84,51.17,1.26,0.58,96.28,1.88,LargeFringeMetro,0,1,0,0,0,0,East Midlands,4,Rutland 002,57.0,1,202.0,115.13999999999999,1069
E02002867,8.0,4.0,13.79,48.9,1.66,0.54,95.42,2.37,Noncore,0,0,0,0,0,1,East Midlands,8,Rutland 005,51.0,1,174.0,88.74,910
E02006140,5.0,8.0,25.0,51.01,2.68,0.61,93.29,3.42,LargeCentralMetro,1,0,0,0,0,0,West Midlands,2,East Staffordshire 010,31.0,1,120.0,37.2,790
E02006190,5.0,7.0,14.8,51.16,1.49,0.42,96.02,2.08,LargeCentralMetro,1,0,0,0,0,0,West Midlands,3,Stafford 003,52.0,1,223.0,115.96000000000001,903
E02006207,7.0,8.0,16.18,50.19,0.56,0.06,98.37,1.01,LargeCentralMetro,1,0,0,0,0,0,West Midlands,7,Staffordshire Moorlands 004,45.0,1,204.0,91.8,775
E02006199,7.0,6.0,15.23,52.0,3.64,1.07,93.15,2.14,LargeCentralMetro,1,0,0,0,0,0,West Midlands,1,Stafford 012,56.0,1,151.0,84.56,900
E02006128,7.0,8.0,31.48,53.75,1.77,0.52,95.96,1.75,LargeCentralMetro,1,0,0,0,0,0,West Midlands,9,Cannock Chase 011,36.0,1,162.0,58.32,1066
E02006214,6.0,7.0,12.62,51.12,1.31,0.08,97.33,1.28,LargeCentralMetro,1,0,0,0,0,0,West Midlands,8,Staffordshire Moorlands 011,53.57,2,301.0,161.25,1780
E02006164,2.0,10.0,23.83,48.81,1.87,1.13,95.63,1.37,LargeCentralMetro,1,0,0,0,0,0,West Midlands,10,Newcastle-under-Lyme 007,36.0,1,193.0,69.48,883
E02006172,9.0,6.0,19.2,49.18,8.49,0.86,88.02,2.63,LargeCentralMetro,1,0,0,0,0,0,West Midlands,9,Newcastle-under-Lyme 015,33.3,2,250.0,83.25,1216
E02006182,8.0,4.0,15.94,45.0,4.66,0.6,91.37,3.36,LargeCentralMetro,1,0,0,0,0,0,West Midlands,7,South Staffordshire 009,33.0,1,251.0,82.83,1051
E02006137,4.0,8.0,21.64,52.45,12.59,1.66,80.8,4.95,LargeCentralMetro,1,0,0,0,0,0,West Midlands,7,East Staffordshire 007,47.0,1,379.0,178.13,2444
E02006151,6.0,8.0,10.81,48.2,1.23,0.24,97.22,1.32,LargeCentralMetro,1,0,0,0,0,0,West Midlands,10,Lichfield 006,50.0,1,185.0,92.5,1141
E02006118,8.0,7.0,23.27,49.01,1.16,0.46,97.23,1.15,LargeCentralMetro,1,0,0,0,0,0,West Midlands,10,Cannock Chase 001,34.0,1,202.0,68.68,1265
E02006131,8.0,6.0,17.22,18.84,0.5,0.28,98.05,1.16,MediumMetro,0,0,1,0,0,0,West Midlands,9,East Staffordshire 001,31.0,1,209.0,64.79,812
E02006145,9.0,4.0,10.89,48.62,1.68,0.29,96.13,1.91,MediumMetro,0,0,1,0,0,0,West Midlands,9,East Staffordshire 015,58.0,1,248.0,143.84,1557
E02006152,7.0,5.0,8.41,49.66,2.27,0.77,94.1,2.86,LargeCentralMetro,1,0,0,0,0,0,West Midlands,10,Lichfield 007,61.0,1,214.0,130.54,1607
E02006125,4.0,8.0,18.09,51.5,0.59,0.55,97.41,1.45,LargeCentralMetro,1,0,0,0,0,0,West Midlands,9,Cannock Chase 008,55.0,1,188.0,103.4,1365
E02006187,7.0,7.0,14.43,53.49,1.28,0.41,96.02,2.29,MediumMetro,0,0,1,0,0,0,West Midlands,6,South Staffordshire 014,53.0,1,97.0,51.410000000000004,703
E02006220,5.0,8.0,30.86,48.74,1.1,0.31,96.17,2.41,LargeCentralMetro,1,0,0,0,0,0,West Midlands,9,Tamworth 004,39.0,1,175.0,68.25,954
E02006217,6.0,8.0,18.06,50.34,1.25,0.47,96.25,2.03,LargeCentralMetro,1,0,0,0,0,0,West Midlands,10,Tamworth 001,33.0,1,155.0,51.150000000000006,874
E02006204,5.0,6.0,28.57,45.11,0.6,0.2,97.79,1.4,LargeCentralMetro,1,0,0,0,0,0,West Midlands,7,Staffordshire Moorlands 001,19.0,1,77.0,14.63,317
E02006170,6.0,6.0,5.93,50.71,0.75,0.54,96.67,2.03,MediumMetro,0,0,1,0,0,0,West Midlands,10,Newcastle-under-Lyme 013,59.0,1,135.0,79.64999999999999,704
E02006130,6.0,7.0,25.53,44.54,0.79,0.52,96.64,2.04,MediumMetro,0,0,1,0,0,0,West Midlands,10,Cannock Chase 013,17.0,1,94.0,15.98,467
E02006166,8.0,8.0,23.18,46.32,2.19,0.31,95.29,2.2,LargeCentralMetro,1,0,0,0,0,0,West Midlands,9,Newcastle-under-Lyme 009,33.0,1,151.0,49.830000000000005,760
E02006143,5.0,5.0,28.18,53.64,11.12,1.24,84.07,3.57,LargeCentralMetro,1,0,0,0,0,0,West Midlands,4,East Staffordshire 013,22.0,1,110.0,24.2,686
E02006153,8.0,5.0,19.89,46.74,2.29,0.82,94.51,2.38,Micropolitan,0,0,0,0,1,0,West Midlands,10,Lichfield 008,37.0,1,176.0,65.12,1074
E02006174,7.0,4.0,29.82,51.27,1.06,0.35,96.63,1.96,Micropolitan,0,0,0,0,1,0,West Midlands,10,South Staffordshire 001,19.0,1,57.0,10.83,236
E02006168,5.0,9.0,21.11,48.97,8.7,3.19,83.02,5.09,LargeCentralMetro,1,0,0,0,0,0,West Midlands,9,Newcastle-under-Lyme 011,33.0,1,199.0,65.67,1121
E02006193,8.0,6.0,15.66,52.29,4.94,1.2,91.54,2.31,LargeCentralMetro,1,0,0,0,0,0,West Midlands,5,Stafford 006,54.0,1,166.0,89.64,962
E02006200,2.0,8.0,36.84,51.91,1.57,1.76,93.29,3.39,LargeCentralMetro,1,0,0,0,0,0,West Midlands,7,Stafford 013,23.0,1,95.0,21.85,472
E02006122,5.0,7.0,28.42,49.44,1.38,0.52,96.09,2.01,LargeCentralMetro,1,0,0,0,0,0,West Midlands,10,Cannock Chase 005,22.0,1,95.0,20.9,629
E02006226,6.0,7.0,27.76,50.85,1.04,0.65,96.31,1.99,LargeCentralMetro,1,0,0,0,0,0,West Midlands,10,Tamworth 010,23.21,2,245.0,56.86,1475
E02006201,10.0,4.0,10.43,49.92,4.56,0.71,91.71,3.02,LargeCentralMetro,1,0,0,0,0,0,West Midlands,5,Stafford 014,47.0,1,211.0,99.16999999999999,1312
E02006198,8.0,5.0,17.22,47.8,5.47,0.93,91.15,2.45,LargeCentralMetro,1,0,0,0,0,0,West Midlands,6,Stafford 011,37.0,1,180.0,66.6,1002
E02006209,9.0,6.0,18.52,49.81,0.65,0.21,98.35,0.79,LargeCentralMetro,1,0,0,0,0,0,West Midlands,9,Staffordshire Moorlands 006,40.0,1,189.0,75.60000000000001,779
E02006186,8.0,3.0,16.48,48.69,3.07,0.73,93.98,2.22,LargeCentralMetro,1,0,0,0,0,0,West Midlands,6,South Staffordshire 013,40.0,1,182.0,72.8,1109
E02002955,1.0,9.0,41.95,52.14,31.04,3.84,59.56,5.57,LargeCentralMetro,1,0,0,0,0,0,West Midlands,6,Stoke-on-Trent 005,36.0,1,205.0,73.8,1120
E02002967,1.0,10.0,48.5,48.88,1.77,4.65,90.8,2.77,LargeCentralMetro,1,0,0,0,0,0,West Midlands,8,Stoke-on-Trent 017,28.0,1,233.0,65.24000000000001,1387
E02002958,4.0,9.0,23.15,46.77,5.27,1.64,89.54,3.55,LargeCentralMetro,1,0,0,0,0,0,West Midlands,6,Stoke-on-Trent 008,37.0,1,203.0,75.11,1144
E02002956,3.0,10.0,35.14,50.93,9.05,2.13,84.79,4.03,LargeCentralMetro,1,0,0,0,0,0,West Midlands,7,Stoke-on-Trent 006,33.52,2,407.0,136.44,2311
E02002951,5.0,9.0,33.83,49.71,1.63,0.89,95.53,1.95,LargeCentralMetro,1,0,0,0,0,0,West Midlands,7,Stoke-on-Trent 001,26.0,1,201.0,52.260000000000005,1052
E02002981,3.0,8.0,38.95,52.26,12.8,1.73,82.26,3.2,LargeCentralMetro,1,0,0,0,0,0,West Midlands,,Stoke-on-Trent 031,34.0,1,190.0,64.60000000000001,1041
E02002982,4.0,9.0,38.94,51.82,5.55,1.9,89.0,3.55,LargeCentralMetro,1,0,0,0,0,0,West Midlands,9,Stoke-on-Trent 032,37.0,1,208.0,76.96,1154
E02002970,2.0,9.0,40.27,51.68,5.63,3.05,88.08,3.23,LargeCentralMetro,1,0,0,0,0,0,West Midlands,5,Stoke-on-Trent 020,26.0,1,226.0,58.760000000000005,1103
E02002977,4.0,10.0,32.66,51.05,5.24,1.72,90.18,2.86,LargeCentralMetro,1,0,0,0,0,0,West Midlands,5,Stoke-on-Trent 027,31.0,1,199.0,61.69,1146
E02002973,4.0,8.0,26.86,49.23,12.88,2.61,80.47,4.04,LargeCentralMetro,1,0,0,0,0,0,West Midlands,5,Stoke-on-Trent 023,35.0,1,175.0,61.24999999999999,1044
E02006662,6.0,6.0,15.15,51.7,1.75,1.68,93.75,2.82,LargeFringeMetro,0,1,0,0,0,0,South West,10,Wiltshire 046,14.0,1,66.0,9.24,441
E02006646,8.0,3.0,11.27,46.42,4.29,3.04,89.53,3.15,MediumMetro,0,0,1,0,0,0,South West,8,Wiltshire 003,54.0,1,204.0,110.16000000000001,909
E02006688,6.0,6.0,25.97,50.15,1.73,1.04,94.51,2.72,LargeCentralMetro,1,0,0,0,0,0,South West,3,Wiltshire 036,32.0,1,154.0,49.28,979
E02006660,7.0,4.0,17.39,50.36,1.1,0.42,96.6,1.88,LargeCentralMetro,1,0,0,0,0,0,South West,5,Wiltshire 018,38.0,1,184.0,69.92,1243
E02006637,6.0,5.0,24.18,49.96,1.46,0.52,96.14,1.89,LargeFringeMetro,0,1,0,0,0,0,South West,4,Wiltshire 025,38.0,1,153.0,58.14,1211
E02006652,8.0,4.0,13.03,49.48,2.7,1.06,93.21,3.03,LargeCentralMetro,1,0,0,0,0,0,South West,5,Wiltshire 009,46.71,2,522.0,243.84,3171
E02006686,5.0,5.0,20.59,50.48,1.86,0.81,94.37,2.96,LargeCentralMetro,1,0,0,0,0,0,South West,3,Wiltshire 033,34.0,1,204.0,69.36,1254
E02006692,8.0,5.0,14.64,46.94,3.77,1.59,92.05,2.59,LargeFringeMetro,0,1,0,0,0,0,South West,5,Wiltshire 042,42.0,1,239.0,100.38,1504
E02006658,6.0,5.0,23.02,49.9,0.68,0.53,96.96,1.84,LargeCentralMetro,1,0,0,0,0,0,South West,5,Wiltshire 016,36.0,1,139.0,50.04,954
E02006641,7.0,3.0,14.19,50.93,0.79,0.33,97.59,1.3,Noncore,0,0,0,0,0,1,South West,5,Wiltshire 034,57.0,1,155.0,88.35,858
E02006645,7.0,2.0,9.09,49.51,2.84,0.91,93.67,2.57,SmallMetro,0,0,0,1,0,0,South West,6,Wiltshire 002,58.0,1,253.0,146.73999999999998,1438
E02007023,4.0,4.0,22.6,52.58,1.44,0.76,96.0,1.8,LargeFringeMetro,0,1,0,0,0,0,South West,4,Wiltshire 063,32.0,1,146.0,46.72,890
E02006649,7.0,6.0,10.51,48.06,2.48,1.88,93.19,2.45,LargeCentralMetro,1,0,0,0,0,0,South West,5,Wiltshire 006,55.0,1,276.0,151.8,1725
E02006684,4.0,6.0,8.39,48.94,2.62,1.7,91.19,4.48,LargeCentralMetro,1,0,0,0,0,0,South West,3,Wiltshire 031,52.0,1,155.0,80.60000000000001,946
E02006635,7.0,4.0,13.79,51.62,2.26,0.57,94.67,2.5,MediumMetro,0,0,1,0,0,0,South West,7,Wiltshire 019,54.0,1,261.0,140.94,1728
E02006672,6.0,6.0,19.64,38.38,3.73,1.6,91.97,2.7,LargeFringeMetro,0,1,0,0,0,0,South West,5,Wiltshire 057,42.0,1,112.0,47.04,594
E02006682,8.0,4.0,10.96,50.86,0.87,0.49,96.4,2.25,MediumMetro,0,0,1,0,0,0,South West,4,Wiltshire 027,50.0,1,228.0,114.0,1398
E02006667,3.0,7.0,36.9,48.34,3.36,1.52,92.96,2.15,LargeFringeMetro,0,1,0,0,0,0,South West,4,Wiltshire 052,12.0,1,84.0,10.08,693
E02006663,6.0,6.0,14.91,46.42,2.08,1.99,93.34,2.58,LargeFringeMetro,0,1,0,0,0,0,South West,8,Wiltshire 048,27.0,1,161.0,43.470000000000006,1019
E02007025,6.0,5.0,17.92,50.89,3.53,4.37,88.65,3.45,Noncore,0,0,0,0,0,1,South West,10,Wiltshire 065,27.0,1,173.0,46.71,1120
E02003232,8.0,5.0,19.91,54.53,7.87,2.35,84.8,4.98,LargeCentralMetro,1,0,0,0,0,0,South West,4,Swindon 021,45.0,1,221.0,99.45,1392
E02003234,6.0,6.0,21.97,46.8,9.3,2.33,84.35,4.03,LargeCentralMetro,1,0,0,0,0,0,South West,5,Swindon 023,30.0,1,132.0,39.6,797
E02003216,6.0,7.0,24.55,46.07,4.53,1.55,90.1,3.82,LargeCentralMetro,1,0,0,0,0,0,South West,,Swindon 005,39.0,1,167.0,65.13,942
E02003228,6.0,3.0,26.35,49.14,31.1,2.9,61.79,4.2,LargeCentralMetro,1,0,0,0,0,0,South West,2,Swindon 017,37.64,2,463.0,174.26,2273
E02003229,6.0,6.0,17.57,50.35,5.63,1.75,86.81,5.81,LargeCentralMetro,1,0,0,0,0,0,South West,3,Swindon 018,42.0,1,222.0,93.24,1275
E02003217,4.0,8.0,22.5,50.46,5.09,3.37,87.88,3.67,LargeCentralMetro,1,0,0,0,0,0,South West,7,Swindon 006,35.0,1,160.0,56.0,985
E02003236,7.0,7.0,14.9,47.44,5.2,1.73,90.04,3.04,MediumMetro,0,0,1,0,0,0,South West,8,Swindon 025,57.0,1,302.0,172.14,1600
E02003226,6.0,5.0,30.77,15.22,57.6,3.33,33.06,6.01,LargeCentralMetro,1,0,0,0,0,0,South West,,Swindon 015,25.0,1,52.0,13.0,184
E02003358,6.0,5.0,18.28,50.85,10.6,4.06,79.03,6.31,LargeCentralMetro,1,0,0,0,0,0,South East,1,Bracknell Forest 007,50.72,2,372.0,188.67000000000002,2238
E02003354,8.0,4.0,14.78,46.44,6.42,1.56,87.9,4.12,LargeCentralMetro,1,0,0,0,0,0,South East,6,Bracknell Forest 003,38.0,1,230.0,87.4,1475
E02003426,10.0,1.0,10.8,80.5,11.11,1.09,82.99,4.81,LargeCentralMetro,1,0,0,0,0,0,South East,3,Windsor and Maidenhead 006,55.95,2,250.0,139.88000000000002,1810
E02003438,9.0,2.0,11.65,47.37,7.57,1.11,85.98,5.34,LargeCentralMetro,1,0,0,0,0,0,South East,3,Windsor and Maidenhead 018,67.0,1,266.0,178.22,1727
E02003431,7.0,2.0,22.73,51.4,22.24,1.3,69.03,7.43,MediumMetro,0,0,1,0,0,0,South East,7,Windsor and Maidenhead 011,32.0,1,88.0,28.16,535
E02003428,8.0,1.0,15.61,50.69,12.29,1.33,81.03,5.35,LargeCentralMetro,1,0,0,0,0,0,South East,4,Windsor and Maidenhead 008,46.0,1,205.0,94.3,1162
E02003424,10.0,2.0,11.96,0.84,17.8,1.72,74.3,6.18,LargeCentralMetro,1,0,0,0,0,0,South East,2,Windsor and Maidenhead 004,54.0,1,184.0,99.36000000000001,837
E02003421,9.0,1.0,12.5,39.02,21.07,1.27,72.78,4.88,LargeCentralMetro,1,0,0,0,0,0,South East,5,Windsor and Maidenhead 001,46.0,1,216.0,99.36,1512
E02003429,10.0,1.0,15.12,50.69,12.82,1.74,80.79,4.65,LargeCentralMetro,1,0,0,0,0,0,South East,6,Windsor and Maidenhead 009,60.0,1,86.0,51.6,576
E02003432,8.0,1.0,12.95,0.1,7.07,1.3,84.94,6.69,LargeCentralMetro,1,0,0,0,0,0,South East,2,Windsor and Maidenhead 012,53.0,1,224.0,118.72,959
E02003434,6.0,2.0,16.33,100.0,10.38,2.47,80.19,6.95,LargeCentralMetro,1,0,0,0,0,0,South East,3,Windsor and Maidenhead 014,58.0,1,196.0,113.67999999999999,778
E02003370,8.0,4.0,12.22,50.27,4.64,2.18,88.85,4.33,LargeCentralMetro,1,0,0,0,0,0,South East,5,West Berkshire 004,56.0,1,180.0,100.80000000000001,1112
E02003376,6.0,4.0,28.79,52.91,0.94,0.43,96.69,1.94,SmallMetro,0,0,0,1,0,0,South East,,West Berkshire 010,14.0,1,66.0,9.24,429
E02003383,8.0,6.0,13.27,48.69,3.05,0.78,93.61,2.56,LargeCentralMetro,1,0,0,0,0,0,South East,2,West Berkshire 017,48.0,1,294.0,141.12,1877
E02003371,10.0,5.0,15.0,51.02,4.07,1.46,91.29,3.18,LargeCentralMetro,1,0,0,0,0,0,South East,2,West Berkshire 005,47.0,1,260.0,122.19999999999999,1660
E02003387,9.0,4.0,4.49,51.36,2.64,0.73,94.26,2.37,LargeCentralMetro,1,0,0,0,0,0,South East,3,West Berkshire 021,59.0,1,267.0,157.53,1951
E02003378,6.0,5.0,14.62,49.35,4.51,0.99,91.2,3.3,LargeCentralMetro,1,0,0,0,0,0,South East,3,West Berkshire 012,40.0,1,171.0,68.4,1234
E02003381,8.0,2.0,10.45,48.4,2.84,1.11,92.56,3.48,MediumMetro,0,0,1,0,0,0,South East,6,West Berkshire 015,59.0,1,201.0,118.58999999999999,1250
E02003403,5.0,6.0,28.12,47.17,14.26,8.23,70.12,7.39,LargeCentralMetro,1,0,0,0,0,0,South East,2,Reading 015,32.04,3,480.0,153.77999999999997,3025
E02003390,10.0,2.0,11.11,47.05,7.03,1.07,87.35,4.54,LargeCentralMetro,1,0,0,0,0,0,South East,5,Reading 002,57.0,1,234.0,133.38,1575
E02003400,7.0,2.0,20.88,37.36,18.84,5.19,68.68,7.29,LargeCentralMetro,1,0,0,0,0,0,South East,1,Reading 012,46.21,2,297.0,137.25,1381
E02003405,3.0,5.0,36.05,100.0,22.88,9.1,58.23,9.78,LargeCentralMetro,1,0,0,0,0,0,South East,,Reading 017,59.0,1,86.0,50.739999999999995,795
E02003410,4.0,1.0,26.88,100.0,63.68,5.36,22.57,8.39,LargeCentralMetro,1,0,0,0,0,0,South East,3,Slough 004,52.0,1,160.0,83.2,921
E02003417,4.0,1.0,19.77,46.95,52.8,7.26,29.83,10.11,LargeCentralMetro,1,0,0,0,0,0,South East,,Slough 011,46.0,1,172.0,79.12,1131
E02003414,4.0,1.0,26.29,63.17,41.69,8.43,39.39,10.49,LargeCentralMetro,1,0,0,0,0,0,South East,4,Slough 008,48.58,2,350.0,170.03,1952
E02003418,5.0,1.0,26.82,45.67,47.44,6.37,35.43,10.75,LargeCentralMetro,1,0,0,0,0,0,South East,2,Slough 012,57.0,1,179.0,102.02999999999999,1154
E02003415,3.0,1.0,37.85,35.15,52.08,9.64,29.1,9.18,LargeCentralMetro,1,0,0,0,0,0,South East,2,Slough 009,40.0,1,177.0,70.8,1158
E02003411,4.0,1.0,35.82,45.07,55.31,6.41,26.94,11.33,LargeCentralMetro,1,0,0,0,0,0,South East,8,Slough 005,21.0,1,134.0,28.14,1096
E02003456,7.0,2.0,7.98,43.45,5.7,2.95,86.87,4.49,MediumMetro,0,0,1,0,0,0,South East,,Wokingham 018,64.0,1,238.0,152.32,1222
E02003447,9.0,4.0,13.04,2.56,19.76,3.35,70.82,6.08,LargeCentralMetro,1,0,0,0,0,0,South East,6,Wokingham 009,54.0,1,92.0,49.68000000000001,742
E02003448,9.0,2.0,9.05,99.22,10.01,1.61,83.99,4.39,LargeCentralMetro,1,0,0,0,0,0,South East,3,Wokingham 010,77.0,1,232.0,178.64000000000001,1408
E02003444,9.0,2.0,10.43,47.61,35.68,3.34,55.19,5.79,LargeCentralMetro,1,0,0,0,0,0,South East,7,Wokingham 006,76.0,1,278.0,211.28,1863
E02003442,9.0,2.0,17.21,50.29,9.01,1.75,84.7,4.53,LargeCentralMetro,1,0,0,0,0,0,South East,6,Wokingham 004,54.0,1,215.0,116.10000000000001,1376
E02003755,5.0,8.0,18.64,53.74,1.47,1.01,95.7,1.83,Micropolitan,0,0,0,0,1,0,East of England,10,Huntingdonshire 003,45.0,1,177.0,79.65,1055
E02003793,8.0,2.0,9.16,47.92,1.42,0.61,95.95,2.02,MediumMetro,0,0,1,0,0,0,East of England,10,South Cambridgeshire 019,50.0,1,131.0,65.5,674
E02003740,8.0,5.0,22.03,50.86,3.1,0.68,93.47,2.74,MediumMetro,0,0,1,0,0,0,East of England,7,East Cambridgeshire 009,49.0,1,236.0,115.64,1400
E02006873,7.0,2.0,16.37,48.58,13.55,2.76,77.22,6.47,LargeCentralMetro,1,0,0,0,0,0,East of England,,South Cambridgeshire 020,49.0,1,226.0,110.74,1305
E02003731,9.0,2.0,20.42,44.86,19.15,2.72,70.43,7.69,LargeCentralMetro,1,0,0,0,0,0,East of England,3,Cambridge 013,58.0,2,289.0,167.61,1625
E02003722,9.0,2.0,26.82,50.81,8.29,1.13,83.79,6.78,LargeCentralMetro,1,0,0,0,0,0,East of England,1,Cambridge 004,59.23,2,302.0,178.85999999999999,1718
E02003728,8.0,2.0,21.48,48.07,17.51,1.97,71.85,8.68,LargeCentralMetro,1,0,0,0,0,0,East of England,2,Cambridge 010,67.67,2,284.0,192.18,1473
E02003784,9.0,3.0,11.72,47.29,4.69,0.92,90.76,3.63,Micropolitan,0,0,0,0,1,0,East of England,9,South Cambridgeshire 010,59.0,1,290.0,171.1,1935
E02003776,7.0,2.0,11.36,47.44,2.85,0.78,93.26,3.11,Micropolitan,0,0,0,0,1,0,East of England,6,South Cambridgeshire 002,65.0,1,176.0,114.4,879
E02003734,7.0,4.0,11.37,48.52,2.82,1.2,92.09,3.89,LargeFringeMetro,0,1,0,0,0,0,East of England,2,East Cambridgeshire 003,53.0,1,211.0,111.83000000000001,1556
E02003764,7.0,6.0,22.96,49.4,7.99,3.71,83.19,5.11,LargeFringeMetro,0,1,0,0,0,0,East of England,9,Huntingdonshire 012,36.25,2,514.0,186.34,3332
E02003780,7.0,3.0,14.1,46.69,6.73,1.84,86.61,4.83,LargeCentralMetro,1,0,0,0,0,0,East of England,5,South Cambridgeshire 006,59.0,1,227.0,133.93,1418
E02003790,8.0,4.0,7.65,52.24,1.48,0.43,96.08,2.01,MediumMetro,0,0,1,0,0,0,East of England,6,South Cambridgeshire 016,55.0,1,170.0,93.50000000000001,827
E02003771,7.0,5.0,19.49,48.93,3.28,1.24,92.59,2.89,LargeCentralMetro,1,0,0,0,0,0,East of England,6,Huntingdonshire 019,51.0,1,272.0,138.72,1688
E02003792,7.0,4.0,18.6,45.02,1.68,0.61,94.82,2.89,MediumMetro,0,0,1,0,0,0,East of England,7,South Cambridgeshire 018,47.0,1,129.0,60.629999999999995,633
E02003750,5.0,10.0,27.2,49.81,1.08,0.6,96.67,1.64,LargeFringeMetro,0,1,0,0,0,0,East of England,10,Fenland 009,24.0,1,239.0,57.36,1333
E02003725,9.0,1.0,15.79,50.85,14.64,2.18,74.99,8.19,LargeCentralMetro,1,0,0,0,0,0,East of England,1,Cambridge 007,71.0,1,114.0,80.94,710
E02003765,8.0,6.0,15.36,47.79,8.75,1.05,87.24,2.95,LargeCentralMetro,1,0,0,0,0,0,East of England,10,Huntingdonshire 013,42.0,1,293.0,123.06,1672
E02003789,8.0,5.0,10.13,49.1,7.97,1.46,86.62,3.95,MediumMetro,0,0,1,0,0,0,East of England,3,South Cambridgeshire 015,64.0,1,237.0,151.68,1171
E02003756,7.0,6.0,15.89,48.03,1.17,0.9,95.88,2.05,MediumMetro,0,0,1,0,0,0,East of England,10,Huntingdonshire 004,49.0,1,151.0,73.99,916
E02003747,5.0,7.0,22.29,49.59,1.41,1.09,95.35,2.15,LargeCentralMetro,1,0,0,0,0,0,East of England,10,Fenland 006,41.0,1,175.0,71.75,1111
E02003737,7.0,3.0,14.49,50.46,1.25,1.1,94.78,2.86,LargeFringeMetro,0,1,0,0,0,0,East of England,5,East Cambridgeshire 006,58.0,1,276.0,160.07999999999998,1407
E02003777,8.0,2.0,14.45,49.96,7.12,1.71,86.18,4.99,MediumMetro,0,0,1,0,0,0,East of England,9,South Cambridgeshire 003,59.0,1,263.0,155.17,1245
E02003744,3.0,8.0,37.39,53.47,1.84,0.69,94.69,2.78,LargeFringeMetro,0,1,0,0,0,0,East of England,10,Fenland 003,30.0,1,222.0,66.6,1384
E02003736,6.0,2.0,22.76,52.05,1.53,0.4,95.73,2.35,SmallMetro,0,0,0,1,0,0,East of England,9,East Cambridgeshire 005,43.0,1,123.0,52.89,682
E02003237,8.0,6.0,14.94,50.42,2.68,0.94,93.8,2.58,Micropolitan,0,0,0,0,1,0,East of England,10,Peterborough 001,41.0,1,261.0,107.00999999999999,1660
E02003249,2.0,5.0,40.88,47.22,19.12,4.65,67.55,8.68,LargeCentralMetro,1,0,0,0,0,0,East of England,,Peterborough 013,31.0,1,159.0,49.29,845
E02003248,2.0,3.0,27.59,30.89,47.12,2.29,43.02,7.57,LargeCentralMetro,1,0,0,0,0,0,East of England,,Peterborough 012,25.0,1,87.0,21.75,437
E02006878,6.0,5.0,21.5,49.35,8.98,7.49,76.01,7.52,LargeCentralMetro,1,0,0,0,0,0,East of England,,Peterborough 023,50.0,1,200.0,100.0,1157
E02006877,6.0,4.0,19.91,45.89,7.37,4.31,82.63,5.69,LargeCentralMetro,1,0,0,0,0,0,East of England,8,Peterborough 022,33.0,1,221.0,72.93,1375
E02003257,2.0,6.0,37.5,52.11,3.38,7.45,82.1,7.07,LargeCentralMetro,1,0,0,0,0,0,East of England,6,Peterborough 021,41.0,1,160.0,65.6,1113
E02003242,5.0,4.0,48.13,53.43,5.51,2.18,88.25,4.06,LargeCentralMetro,1,0,0,0,0,0,East of England,,Peterborough 006,17.0,1,187.0,31.790000000000003,1559
E02003255,5.0,5.0,26.74,47.72,5.97,4.33,85.27,4.43,LargeCentralMetro,1,0,0,0,0,0,East of England,5,Peterborough 019,41.0,1,187.0,76.67,1314
E02002589,9.0,8.0,26.96,50.33,0.77,0.16,98.26,0.82,LargeCentralMetro,1,0,0,0,0,0,North West,7,Halton 016,45.0,1,230.0,103.5,1198
E02002587,3.0,9.0,47.49,50.74,0.73,0.17,96.71,2.39,LargeCentralMetro,1,0,0,0,0,0,North West,6,Halton 014,23.0,1,179.0,41.17,1011
E02002579,3.0,10.0,40.32,46.31,0.52,0.22,97.6,1.66,LargeCentralMetro,1,0,0,0,0,0,North West,7,Halton 006,39.0,1,186.0,72.54,948
E02002578,5.0,8.0,31.76,51.88,1.73,0.26,95.99,2.02,LargeCentralMetro,1,0,0,0,0,0,North West,5,Halton 005,45.77,2,529.0,242.13,2876
E02002600,4.0,9.0,39.08,49.55,1.71,0.86,94.6,2.84,LargeCentralMetro,1,0,0,0,0,0,North West,3,Warrington 011,39.0,1,174.0,67.86,898
E02002594,5.0,8.0,27.54,49.89,2.7,0.78,93.5,3.03,LargeCentralMetro,1,0,0,0,0,0,North West,4,Warrington 005,38.0,1,138.0,52.44,922
E02002612,9.0,4.0,8.25,48.35,1.78,0.29,95.74,2.18,LargeCentralMetro,1,0,0,0,0,0,North West,3,Warrington 023,62.0,1,315.0,195.3,1609
E02002609,4.0,8.0,28.87,51.18,2.69,0.94,93.53,2.83,LargeCentralMetro,1,0,0,0,0,0,North West,2,Warrington 020,29.0,2,291.0,84.38999999999999,1616
E02002590,9.0,4.0,12.95,50.21,2.13,0.98,94.23,2.65,LargeCentralMetro,1,0,0,0,0,0,North West,6,Warrington 001,48.0,1,224.0,107.52,1181
E02002598,9.0,4.0,9.24,47.79,7.93,0.77,88.45,2.85,LargeCentralMetro,1,0,0,0,0,0,North West,5,Warrington 009,50.0,1,368.0,184.0,2124
E02002603,9.0,7.0,10.24,49.47,2.81,0.35,95.66,1.18,LargeCentralMetro,1,0,0,0,0,0,North West,9,Warrington 014,68.0,1,127.0,86.36,760
E02002610,9.0,2.0,12.13,51.1,1.92,0.26,95.25,2.57,LargeCentralMetro,1,0,0,0,0,0,North West,7,Warrington 021,63.0,1,305.0,192.15,1916
E02002608,9.0,7.0,22.0,49.27,1.63,0.26,96.82,1.3,LargeCentralMetro,1,0,0,0,0,0,North West,,Warrington 019,41.0,1,150.0,61.49999999999999,895
E02002605,6.0,6.0,15.88,49.3,3.92,0.84,93.48,1.76,LargeCentralMetro,1,0,0,0,0,0,North West,6,Warrington 016,52.0,1,233.0,121.16000000000001,1207
E02002607,5.0,8.0,40.0,32.13,6.07,1.47,88.45,4.01,LargeCentralMetro,1,0,0,0,0,0,North West,,Warrington 018,15.0,1,85.0,12.75,249
E02004133,5.0,6.0,28.04,51.01,1.29,0.11,97.07,1.53,SmallMetro,0,0,0,1,0,0,South West,,East Devon 005,41.0,1,107.0,43.87,643
E02004223,4.0,6.0,33.64,49.51,0.42,0.14,98.36,1.08,LargeFringeMetro,0,1,0,0,0,0,South West,9,Torridge 004,35.0,1,214.0,74.89999999999999,1430
E02004179,7.0,3.0,13.25,49.17,1.55,0.81,95.49,2.14,SmallMetro,0,0,0,1,0,0,South West,9,North Devon 005,56.0,1,151.0,84.56,779
E02004188,6.0,4.0,16.15,52.41,0.68,0.14,98.32,0.86,SmallMetro,0,0,0,1,0,0,South West,8,North Devon 014,65.0,1,130.0,84.5,748
E02007027,6.0,5.0,20.47,49.18,1.14,0.32,96.44,2.1,MediumMetro,0,0,1,0,0,0,South West,10,East Devon 021,40.0,1,171.0,68.4,974
E02004212,5.0,7.0,26.56,49.95,0.89,0.19,96.99,1.93,LargeCentralMetro,1,0,0,0,0,0,South West,10,Teignbridge 012,34.43,2,369.0,127.03999999999999,2214
E02004144,7.0,8.0,18.8,49.25,0.34,0.13,98.41,1.12,LargeCentralMetro,1,0,0,0,0,0,South West,2,East Devon 016,38.0,1,367.0,139.46,2205
E02004225,5.0,5.0,22.73,49.23,0.4,0.1,98.36,1.14,SmallMetro,0,0,0,1,0,0,South West,10,Torridge 006,53.0,1,154.0,81.62,839
E02004130,5.0,8.0,22.31,51.16,1.57,0.34,96.53,1.56,LargeCentralMetro,1,0,0,0,0,0,South West,6,East Devon 002,38.0,1,130.0,49.4,731
E02004175,4.0,7.0,26.63,51.78,0.56,0.21,97.22,2.0,LargeFringeMetro,0,1,0,0,0,0,South West,5,North Devon 001,38.0,1,169.0,64.22,1097
E02004161,4.0,8.0,26.11,50.7,6.2,0.78,89.42,3.6,LargeCentralMetro,1,0,0,0,0,0,South West,7,Exeter 013,53.0,1,180.0,95.4,994
E02004193,8.0,4.0,15.88,47.59,0.42,0.09,98.32,1.17,LargeCentralMetro,1,0,0,0,0,0,South West,9,South Hams 005,52.0,1,403.0,209.56,2469
E02004136,8.0,6.0,8.84,47.71,0.91,0.12,97.2,1.78,MediumMetro,0,0,1,0,0,0,South West,8,East Devon 008,61.0,1,181.0,110.41,1115
E02004198,6.0,5.0,13.27,50.85,0.83,0.21,97.98,0.99,SmallMetro,0,0,0,1,0,0,South West,10,South Hams 010,59.0,1,196.0,115.64,1294
E02004181,6.0,7.0,33.02,47.93,2.36,0.72,95.11,1.82,LargeFringeMetro,0,1,0,0,0,0,South West,3,North Devon 007,33.0,1,215.0,70.95,1135
E02004174,6.0,6.0,15.14,48.16,0.76,0.2,97.65,1.4,MediumMetro,0,0,1,0,0,0,South West,3,Mid Devon 011,55.0,1,251.0,138.05,1279
E02004150,5.0,7.0,30.69,48.58,5.82,1.25,88.48,4.45,LargeCentralMetro,1,0,0,0,0,0,South West,10,Exeter 002,48.0,1,189.0,90.72,986
E02004159,8.0,4.0,12.89,50.04,3.98,0.6,92.37,3.05,LargeCentralMetro,1,0,0,0,0,0,South West,10,Exeter 011,57.0,1,256.0,145.92,1295
E02004217,4.0,4.0,19.88,46.16,0.63,0.13,97.15,2.09,Micropolitan,0,0,0,0,1,0,South West,10,Teignbridge 017,54.0,1,166.0,89.64,821
E02004214,4.0,8.0,45.24,39.49,2.53,0.16,95.53,1.77,LargeCentralMetro,1,0,0,0,0,0,South West,10,Teignbridge 014,7.0,1,42.0,2.9400000000000004,157
E02004187,5.0,4.0,22.95,52.66,0.9,0.34,97.24,1.52,SmallMetro,0,0,0,1,0,0,South West,6,North Devon 013,31.0,1,122.0,37.82,657
E02004213,7.0,6.0,21.13,51.71,0.72,0.6,97.03,1.65,LargeCentralMetro,1,0,0,0,0,0,South West,10,Teignbridge 013,38.0,1,142.0,53.96,1021
E02004208,7.0,4.0,21.99,50.47,0.76,0.19,97.73,1.32,LargeCentralMetro,1,0,0,0,0,0,South West,10,Teignbridge 008,42.0,1,191.0,80.22,957
E02004166,7.0,5.0,15.87,50.23,0.37,0.04,98.36,1.22,MediumMetro,0,0,1,0,0,0,South West,7,Mid Devon 003,71.0,1,208.0,147.68,1069
E02003132,6.0,6.0,54.46,49.25,2.84,0.41,94.62,2.13,LargeCentralMetro,1,0,0,0,0,0,South West,5,Plymouth 011,26.0,1,101.0,26.26,597
E02003153,8.0,5.0,18.24,47.67,0.43,1.0,97.08,1.49,LargeCentralMetro,1,0,0,0,0,0,South West,8,Plymouth 032,39.36,2,455.0,179.08,2708
E02003133,7.0,8.0,23.81,45.8,1.0,0.49,96.68,1.84,LargeCentralMetro,1,0,0,0,0,0,South West,3,Plymouth 012,29.0,1,168.0,48.72,1059
E02003136,8.0,6.0,15.14,49.18,0.52,0.06,97.92,1.5,LargeCentralMetro,1,0,0,0,0,0,South West,4,Plymouth 015,46.49,2,383.0,178.06,2493
E02003142,4.0,8.0,36.52,49.03,1.68,0.65,94.91,2.75,LargeCentralMetro,1,0,0,0,0,0,South West,5,Plymouth 021,40.0,1,178.0,71.2,1132
E02003122,8.0,8.0,30.08,96.82,1.78,0.97,95.09,2.16,LargeCentralMetro,1,0,0,0,0,0,South West,2,Plymouth 001,30.0,1,133.0,39.9,785
E02003129,7.0,7.0,30.16,0.0,1.89,1.39,94.84,1.89,LargeCentralMetro,1,0,0,0,0,0,South West,5,Plymouth 008,24.0,1,63.0,15.12,350
E02003145,4.0,8.0,35.44,55.41,3.81,1.2,91.5,3.49,LargeCentralMetro,1,0,0,0,0,0,South West,8,Plymouth 024,39.38,2,285.0,112.22,1572
E02003128,3.0,9.0,35.11,47.16,2.08,0.69,95.26,1.97,LargeCentralMetro,1,0,0,0,0,0,South West,9,Plymouth 007,24.0,1,131.0,31.439999999999998,793
E02003126,6.0,8.0,27.5,50.0,2.45,0.7,94.76,2.09,LargeCentralMetro,1,0,0,0,0,0,South West,10,Plymouth 005,22.0,1,200.0,44.0,1170
E02003170,4.0,6.0,17.95,50.6,0.71,0.32,97.45,1.53,LargeFringeMetro,0,1,0,0,0,0,South West,10,Torbay 017,35.0,1,195.0,68.25,1091
E02003166,3.0,8.0,31.76,46.13,1.1,0.19,96.65,2.05,LargeFringeMetro,0,1,0,0,0,0,South West,4,Torbay 013,20.0,1,255.0,51.0,1461
E02003155,4.0,8.0,38.89,50.19,1.73,0.2,96.5,1.56,LargeFringeMetro,0,1,0,0,0,0,South West,7,Torbay 002,23.0,1,144.0,33.120000000000005,1030
E02003158,5.0,8.0,26.34,51.08,1.34,0.45,96.18,2.03,LargeFringeMetro,0,1,0,0,0,0,South West,4,Torbay 005,34.0,1,205.0,69.7,1159
E02003157,3.0,8.0,26.47,48.03,2.73,0.7,93.98,2.59,LargeFringeMetro,0,1,0,0,0,0,South West,5,Torbay 004,53.0,1,238.0,126.14,1422
E02004456,5.0,6.0,21.51,46.94,3.12,1.86,91.87,3.15,LargeCentralMetro,1,0,0,0,0,0,East of England,8,Braintree 011,42.0,1,186.0,78.11999999999999,1029
E02004465,8.0,4.0,9.59,49.97,2.47,1.38,93.27,2.88,MediumMetro,0,0,1,0,0,0,East of England,10,Brentwood 002,58.0,1,219.0,127.02,1495
E02004475,8.0,4.0,17.42,50.28,2.37,2.58,93.07,1.98,LargeCentralMetro,1,0,0,0,0,0,East of England,10,Castle Point 003,47.0,1,264.0,124.08,1607
E02004436,2.0,9.0,49.81,50.19,2.73,8.79,84.36,4.11,LargeCentralMetro,1,0,0,0,0,0,East of England,9,Basildon 013,23.0,1,257.0,59.11,781
E02004430,9.0,4.0,11.3,46.68,2.03,2.0,93.5,2.48,LargeCentralMetro,1,0,0,0,0,0,East of England,10,Basildon 007,54.0,1,239.0,129.06,1416
E02004467,6.0,4.0,11.18,49.29,5.0,2.85,87.98,4.17,LargeCentralMetro,1,0,0,0,0,0,East of England,7,Brentwood 004,66.0,1,161.0,106.26,1053
E02004427,9.0,2.0,14.18,47.02,2.64,0.94,94.14,2.28,LargeCentralMetro,1,0,0,0,0,0,East of England,10,Basildon 004,52.0,1,275.0,143.0,1693
E02004488,8.0,3.0,16.26,51.44,8.4,3.98,83.46,4.15,LargeCentralMetro,1,0,0,0,0,0,East of England,10,Chelmsford 004,46.0,1,246.0,113.16000000000001,1491
E02004470,6.0,2.0,9.47,99.4,8.63,3.8,81.3,6.27,LargeCentralMetro,1,0,0,0,0,0,East of England,7,Brentwood 007,83.0,1,169.0,140.26999999999998,1007
E02004429,8.0,4.0,17.86,48.62,2.41,1.39,94.48,1.72,LargeCentralMetro,1,0,0,0,0,0,East of England,9,Basildon 006,28.0,1,224.0,62.720000000000006,1160
E02004546,3.0,5.0,21.52,52.49,8.07,6.47,80.22,5.24,LargeCentralMetro,1,0,0,0,0,0,East of England,10,Harlow 003,43.0,1,223.0,95.89,1086
E02004486,9.0,4.0,13.47,49.17,9.57,3.69,83.4,3.34,LargeCentralMetro,1,0,0,0,0,0,East of England,10,Chelmsford 002,42.0,1,193.0,81.06,1145
E02004585,3.0,8.0,51.24,48.41,1.24,0.83,96.11,1.82,LargeCentralMetro,1,0,0,0,0,0,East of England,10,Tendring 013,17.0,1,242.0,41.14,1415
E02004586,3.0,9.0,26.15,50.92,1.79,0.87,95.26,2.07,LargeCentralMetro,1,0,0,0,0,0,East of England,10,Tendring 014,32.0,1,283.0,90.56,1744
E02006922,5.0,8.0,40.4,51.73,4.38,3.25,88.63,3.74,LargeCentralMetro,1,0,0,0,0,0,East of England,10,Colchester 022,22.0,1,151.0,33.22,897
E02004537,5.0,3.0,16.86,50.13,4.14,3.91,85.36,6.59,LargeCentralMetro,1,0,0,0,0,0,East of England,10,Epping Forest 011,52.76,2,350.0,184.67000000000002,2286
E02004438,3.0,7.0,26.67,51.51,5.86,9.18,79.7,5.26,LargeCentralMetro,1,0,0,0,0,0,East of England,8,Basildon 015,42.0,1,150.0,63.0,761
E02004474,8.0,4.0,37.04,50.69,2.31,1.72,93.43,2.54,LargeCentralMetro,1,0,0,0,0,0,East of England,,Castle Point 002,28.0,1,81.0,22.680000000000003,507
E02004570,7.0,4.0,10.4,48.31,1.65,0.87,95.04,2.44,LargeCentralMetro,1,0,0,0,0,0,East of England,9,Rochford 008,44.0,1,298.0,131.12,1772
E02004596,7.0,3.0,27.37,49.9,2.56,1.31,92.19,3.94,Micropolitan,0,0,0,0,1,0,East of England,10,Uttlesford 006,41.0,1,95.0,38.949999999999996,491
E02004507,6.0,6.0,14.07,48.39,6.27,3.67,85.05,5.02,LargeCentralMetro,1,0,0,0,0,0,East of England,10,Colchester 002,46.0,1,327.0,150.42000000000002,1556
E02004498,5.0,6.0,14.11,44.69,4.79,2.59,88.97,3.65,LargeCentralMetro,1,0,0,0,0,0,East of England,9,Chelmsford 014,60.0,1,248.0,148.79999999999998,1535
E02006980,10.0,2.0,11.37,47.61,1.16,0.48,96.3,2.06,LargeCentralMetro,1,0,0,0,0,0,East of England,10,Rochford 011,54.0,1,255.0,137.70000000000002,1571
E02004574,3.0,7.0,37.09,52.52,1.22,0.36,96.48,1.95,LargeCentralMetro,1,0,0,0,0,0,East of England,,Tendring 002,21.0,1,213.0,44.73,1133
E02004448,6.0,5.0,16.58,51.71,0.86,0.49,97.01,1.65,SmallMetro,0,0,0,1,0,0,East of England,10,Braintree 003,37.0,1,193.0,71.41,1141
E02004459,6.0,5.0,15.52,49.18,0.63,0.28,97.14,1.95,MediumMetro,0,0,1,0,0,0,East of England,10,Braintree 014,35.0,1,174.0,60.9,789
E02004495,7.0,3.0,46.09,49.28,2.48,0.88,94.1,2.54,Micropolitan,0,0,0,0,1,0,East of England,10,Chelmsford 011,25.0,1,115.0,28.75,698
E02004439,3.0,7.0,36.63,51.34,5.25,7.31,82.52,4.92,LargeCentralMetro,1,0,0,0,0,0,East of England,8,Basildon 016,28.0,1,172.0,48.160000000000004,970
E02004593,9.0,2.0,9.38,46.48,1.04,0.45,96.21,2.31,Micropolitan,0,0,0,0,1,0,East of England,9,Uttlesford 003,53.0,1,160.0,84.80000000000001,1022
E02004564,8.0,5.0,31.2,49.14,1.21,0.57,96.53,1.69,LargeCentralMetro,1,0,0,0,0,0,East of England,9,Rochford 002,21.0,1,266.0,55.86,1516
E02004534,4.0,3.0,24.81,45.92,3.46,6.22,81.91,8.41,LargeCentralMetro,1,0,0,0,0,0,East of England,10,Epping Forest 008,27.0,1,129.0,34.830000000000005,760
E02004478,6.0,7.0,12.01,48.68,2.11,1.14,94.4,2.36,LargeCentralMetro,1,0,0,0,0,0,East of England,10,Castle Point 006,55.0,1,333.0,183.15,2052
E02004462,6.0,6.0,24.71,49.27,2.94,2.79,90.74,3.53,LargeCentralMetro,1,0,0,0,0,0,East of England,9,Braintree 017,39.0,1,170.0,66.3,891
E02004575,7.0,5.0,11.83,51.06,0.51,0.31,97.35,1.83,MediumMetro,0,0,1,0,0,0,East of England,10,Tendring 003,43.0,1,169.0,72.67,893
E02004424,9.0,1.0,5.36,48.39,3.08,0.7,93.39,2.83,LargeCentralMetro,1,0,0,0,0,0,East of England,10,Basildon 001,54.0,1,261.0,140.94,1672
E02004496,9.0,3.0,14.07,47.94,7.05,1.73,87.42,3.8,LargeCentralMetro,1,0,0,0,0,0,East of England,10,Chelmsford 012,61.0,1,263.0,160.43,1623
E02004460,5.0,6.0,26.04,49.2,1.74,1.28,93.54,3.44,LargeCentralMetro,1,0,0,0,0,0,East of England,10,Braintree 015,39.0,1,169.0,65.91,1065
E02004458,7.0,3.0,14.05,53.31,1.48,0.95,95.49,2.08,LargeCentralMetro,1,0,0,0,0,0,East of England,9,Braintree 013,33.0,1,242.0,79.86,1343
E02004530,7.0,3.0,23.21,48.24,1.26,0.69,94.85,3.2,MediumMetro,0,0,1,0,0,0,East of England,,Epping Forest 004,39.0,1,112.0,43.68,597
E02004562,6.0,4.0,11.37,47.4,1.1,0.36,96.78,1.76,Noncore,0,0,0,0,0,1,East of England,9,Maldon 008,34.0,1,211.0,71.74000000000001,1156
E02004551,4.0,6.0,26.5,49.67,3.26,4.66,86.99,5.09,LargeCentralMetro,1,0,0,0,0,0,East of England,9,Harlow 008,28.0,1,234.0,65.52000000000001,1202
E02004558,4.0,7.0,18.12,46.6,1.97,0.3,95.31,2.42,LargeCentralMetro,1,0,0,0,0,0,East of England,9,Maldon 004,43.0,1,287.0,123.41,1706
E02004451,7.0,6.0,21.77,46.74,0.92,0.26,97.17,1.65,LargeCentralMetro,1,0,0,0,0,0,East of England,10,Braintree 006,34.0,1,147.0,49.980000000000004,783
E02004591,9.0,2.0,11.0,50.91,1.89,0.45,95.3,2.36,LargeFringeMetro,0,1,0,0,0,0,East of England,10,Uttlesford 001,57.0,1,300.0,170.99999999999997,2147
E02004514,8.0,5.0,15.34,47.24,6.6,2.08,87.29,4.03,LargeCentralMetro,1,0,0,0,0,0,East of England,9,Colchester 009,60.0,1,176.0,105.6,887
E02004512,4.0,8.0,24.21,48.79,7.82,3.67,81.96,6.55,LargeCentralMetro,1,0,0,0,0,0,East of England,7,Colchester 007,33.0,1,190.0,62.7,994
E02004490,3.0,7.0,16.04,48.71,9.26,5.64,80.45,4.65,LargeCentralMetro,1,0,0,0,0,0,East of England,8,Chelmsford 006,49.0,1,187.0,91.63,1197
E02004549,4.0,6.0,17.37,47.03,4.78,4.8,85.61,4.8,LargeCentralMetro,1,0,0,0,0,0,East of England,9,Harlow 006,43.0,1,167.0,71.81,1044
E02004468,10.0,1.0,12.85,48.03,6.85,1.22,87.59,4.34,LargeCentralMetro,1,0,0,0,0,0,East of England,10,Brentwood 005,43.43,2,529.0,229.72,3402
E02004497,9.0,4.0,15.49,49.61,3.89,1.3,92.49,2.31,LargeCentralMetro,1,0,0,0,0,0,East of England,10,Chelmsford 013,39.0,1,213.0,83.07000000000001,1280
E02004517,7.0,7.0,12.06,48.25,4.03,2.6,90.61,2.76,LargeCentralMetro,1,0,0,0,0,0,East of England,10,Colchester 012,45.0,1,282.0,126.9,1401
E02004553,3.0,6.0,23.42,47.38,4.08,7.5,82.8,5.62,LargeCentralMetro,1,0,0,0,0,0,East of England,10,Harlow 010,21.0,1,222.0,46.62,1049
E02004568,7.0,4.0,13.82,51.69,1.64,0.79,95.04,2.53,LargeCentralMetro,1,0,0,0,0,0,East of England,10,Rochford 006,42.0,1,246.0,103.32,1480
E02004453,4.0,6.0,20.5,48.29,2.12,1.75,93.11,3.02,LargeCentralMetro,1,0,0,0,0,0,East of England,9,Braintree 008,35.0,1,161.0,56.349999999999994,963
E02004580,5.0,5.0,25.68,51.35,0.92,0.42,97.13,1.53,LargeFringeMetro,0,1,0,0,0,0,East of England,9,Tendring 008,36.0,1,296.0,106.56,1706
E02004523,4.0,8.0,30.12,49.66,3.54,4.73,87.74,3.99,LargeCentralMetro,1,0,0,0,0,0,East of England,9,Colchester 018,34.0,1,166.0,56.440000000000005,876
E02004525,6.0,4.0,16.5,47.46,0.86,0.57,96.84,1.73,MediumMetro,0,0,1,0,0,0,East of England,10,Colchester 020,50.0,1,206.0,103.0,1201
E02004542,9.0,2.0,19.09,48.64,26.28,2.7,62.59,8.43,LargeCentralMetro,1,0,0,0,0,0,East of England,4,Epping Forest 016,47.0,1,241.0,113.27,1439
E02004503,8.0,1.0,16.39,48.64,1.17,1.17,95.68,1.97,LargeCentralMetro,1,0,0,0,0,0,East of England,10,Chelmsford 019,27.0,1,183.0,49.410000000000004,1246
E02004443,5.0,5.0,38.51,46.03,13.35,6.8,75.2,4.66,LargeCentralMetro,1,0,0,0,0,0,East of England,8,Basildon 020,38.0,1,296.0,112.48,1497
E02003286,10.0,3.0,16.25,50.77,1.61,0.51,95.22,2.66,LargeCentralMetro,1,0,0,0,0,0,East of England,3,Southend-on-Sea 008,37.0,1,277.0,102.49,1631
E02003282,6.0,6.0,51.2,49.59,10.82,3.17,81.78,4.23,LargeCentralMetro,1,0,0,0,0,0,East of England,1,Southend-on-Sea 004,23.0,1,166.0,38.18,1224
E02003279,8.0,4.0,20.98,46.92,2.83,1.24,93.67,2.26,LargeCentralMetro,1,0,0,0,0,0,East of England,3,Southend-on-Sea 001,56.0,1,205.0,114.80000000000001,1119
E02003293,3.0,9.0,11.19,99.48,7.11,5.35,81.43,6.11,LargeCentralMetro,1,0,0,0,0,0,East of England,10,Southend-on-Sea 015,68.0,1,143.0,97.24000000000001,967
E02003283,6.0,6.0,13.07,8.45,5.28,1.41,89.94,3.37,LargeCentralMetro,1,0,0,0,0,0,East of England,3,Southend-on-Sea 005,65.0,1,176.0,114.4,1242
E02003295,5.0,5.0,34.63,47.24,4.02,2.51,90.06,3.4,LargeCentralMetro,1,0,0,0,0,0,East of England,7,Southend-on-Sea 017,34.0,1,309.0,105.06,1812
E02003307,3.0,6.0,34.52,50.09,4.11,10.35,81.2,4.34,LargeCentralMetro,1,0,0,0,0,0,East of England,2,Thurrock 012,44.0,1,197.0,86.68,1074
E02003311,4.0,3.0,26.61,100.0,14.12,11.74,67.44,6.7,LargeCentralMetro,1,0,0,0,0,0,East of England,3,Thurrock 016,56.0,1,124.0,69.44000000000001,642
E02006859,8.0,1.0,18.62,49.56,14.78,20.21,57.82,7.18,LargeCentralMetro,1,0,0,0,0,0,East of England,6,Thurrock 019,69.0,1,188.0,129.72,1491
E02007005,5.0,1.0,20.77,43.9,10.49,21.12,62.18,6.21,LargeCentralMetro,1,0,0,0,0,0,East of England,,Thurrock 022,50.0,1,130.0,65.0,1016
E02003309,7.0,3.0,28.81,37.53,9.89,8.32,76.95,4.85,LargeCentralMetro,1,0,0,0,0,0,East of England,2,Thurrock 014,35.0,1,177.0,61.949999999999996,730
E02003303,5.0,3.0,43.97,44.81,5.92,10.96,78.71,4.41,MediumMetro,0,0,1,0,0,0,East of England,9,Thurrock 008,17.0,1,141.0,23.970000000000002,694
E02003300,7.0,4.0,20.99,48.03,3.19,4.5,89.25,3.06,LargeCentralMetro,1,0,0,0,0,0,East of England,10,Thurrock 005,45.0,1,343.0,154.35,1347
E02003304,5.0,5.0,12.88,46.37,8.41,6.63,80.88,4.07,LargeCentralMetro,1,0,0,0,0,0,East of England,10,Thurrock 009,41.0,1,264.0,108.24,1225
E02002915,7.0,8.0,34.44,47.8,2.65,0.91,94.31,2.13,LargeFringeMetro,0,1,0,0,0,0,West Midlands,2,Herefordshire 011,29.0,1,90.0,26.099999999999998,454
E02002918,8.0,6.0,15.08,49.04,1.98,0.29,96.02,1.71,LargeFringeMetro,0,1,0,0,0,0,West Midlands,5,Herefordshire 014,37.0,1,199.0,73.63,1044
E02002907,4.0,7.0,27.84,47.65,1.07,0.18,96.94,1.81,LargeFringeMetro,0,1,0,0,0,0,West Midlands,6,Herefordshire 003,33.0,1,97.0,32.01,510
E02002924,5.0,3.0,9.18,50.09,0.4,0.1,98.23,1.27,Noncore,0,0,0,0,0,1,West Midlands,9,Herefordshire 020,62.0,1,98.0,60.76,555
E02002919,4.0,9.0,37.4,49.26,2.08,0.72,94.84,2.37,LargeFringeMetro,0,1,0,0,0,0,West Midlands,7,Herefordshire 015,28.0,1,123.0,34.440000000000005,607
E02002926,5.0,7.0,15.38,49.68,0.77,0.22,97.35,1.66,LargeFringeMetro,0,1,0,0,0,0,West Midlands,5,Herefordshire 022,43.0,1,247.0,106.21,1425
E02002923,4.0,7.0,15.11,47.93,0.83,0.22,97.33,1.62,SmallMetro,0,0,0,1,0,0,West Midlands,5,Herefordshire 019,45.0,1,139.0,62.550000000000004,893
E02002925,6.0,5.0,19.3,44.03,0.61,0.28,97.82,1.3,SmallMetro,0,0,0,1,0,0,West Midlands,9,Herefordshire 021,58.0,1,114.0,66.11999999999999,636
E02002910,6.0,5.0,16.07,53.61,0.85,0.14,97.87,1.13,SmallMetro,0,0,0,1,0,0,West Midlands,5,Herefordshire 006,39.0,1,56.0,21.84,263
E02002909,6.0,6.0,13.21,51.32,0.73,0.15,97.86,1.26,MediumMetro,0,0,1,0,0,0,West Midlands,6,Herefordshire 005,30.0,1,53.0,15.899999999999999,378
E02002912,7.0,5.0,12.93,51.07,0.87,0.21,97.64,1.28,Noncore,0,0,0,0,0,1,West Midlands,9,Herefordshire 008,54.0,1,147.0,79.38000000000001,748
E02002911,6.0,6.0,11.76,46.78,0.67,0.27,97.76,1.3,SmallMetro,0,0,0,1,0,0,West Midlands,9,Herefordshire 007,45.0,1,102.0,45.9,528
E02002914,6.0,7.0,14.36,47.23,0.65,0.28,97.59,1.48,LargeFringeMetro,0,1,0,0,0,0,West Midlands,3,Herefordshire 010,43.0,1,181.0,77.83,940
E02002905,6.0,4.0,9.41,45.25,0.5,0.08,98.4,1.02,Noncore,0,0,0,0,0,1,West Midlands,10,Herefordshire 001,48.0,1,85.0,40.8,442
E02006727,7.0,7.0,28.96,48.39,7.24,1.3,89.29,2.17,LargeCentralMetro,1,0,0,0,0,0,West Midlands,10,Redditch 007,38.0,1,221.0,83.98,839
E02006772,6.0,9.0,32.58,45.95,1.11,0.37,96.59,1.93,LargeCentralMetro,1,0,0,0,0,0,West Midlands,,Wyre Forest 006,26.0,1,132.0,34.32,827
E02006771,7.0,7.0,21.47,49.54,0.77,0.13,97.84,1.26,Noncore,0,0,0,0,0,1,West Midlands,10,Wyre Forest 005,41.0,1,177.0,72.57,973
E02006737,6.0,7.0,27.79,50.74,4.18,1.05,92.28,2.48,LargeCentralMetro,1,0,0,0,0,0,West Midlands,4,Worcester 004,41.93,2,367.0,153.89999999999998,2148
E02006746,6.0,6.0,16.8,49.41,6.26,0.68,89.46,3.6,LargeCentralMetro,1,0,0,0,0,0,West Midlands,5,Worcester 013,58.1,2,494.0,286.99,2528
E02006711,8.0,4.0,12.43,49.66,0.75,0.18,97.47,1.61,Micropolitan,0,0,0,0,1,0,West Midlands,10,Malvern Hills 002,50.0,1,177.0,88.5,884
E02006718,5.0,8.0,17.24,51.09,1.97,0.69,95.91,1.44,LargeCentralMetro,1,0,0,0,0,0,West Midlands,8,Malvern Hills 009,45.0,1,174.0,78.3,1370
E02006745,8.0,6.0,22.67,53.14,1.95,0.63,95.04,2.38,LargeCentralMetro,1,0,0,0,0,0,West Midlands,10,Worcester 012,38.0,1,247.0,93.86,1496
E02006751,6.0,8.0,19.76,49.21,1.21,0.6,96.78,1.41,LargeCentralMetro,1,0,0,0,0,0,West Midlands,8,Wychavon 004,39.0,1,253.0,98.67,1260
E02006715,7.0,6.0,29.17,47.48,1.52,0.36,96.01,2.12,LargeCentralMetro,1,0,0,0,0,0,West Midlands,7,Malvern Hills 006,31.0,1,144.0,44.64,655
E02006696,10.0,4.0,12.78,47.29,6.19,0.53,89.44,3.84,LargeCentralMetro,1,0,0,0,0,0,West Midlands,10,Bromsgrove 001,61.09,2,360.0,219.92000000000002,2233
E02006714,6.0,5.0,9.58,49.95,1.23,0.22,97.15,1.4,Micropolitan,0,0,0,0,1,0,West Midlands,10,Malvern Hills 005,50.0,1,167.0,83.5,1103
E02006773,5.0,9.0,28.88,47.35,1.97,0.61,95.14,2.29,LargeCentralMetro,1,0,0,0,0,0,West Midlands,10,Wyre Forest 007,45.0,1,187.0,84.15,1094
E02006759,4.0,7.0,18.1,49.49,0.9,0.19,97.63,1.27,Micropolitan,0,0,0,0,1,0,West Midlands,10,Wychavon 012,42.0,1,232.0,97.44,1188
E02006762,5.0,6.0,8.95,48.48,0.98,0.31,96.71,1.99,LargeCentralMetro,1,0,0,0,0,0,West Midlands,8,Wychavon 015,56.0,1,313.0,175.28000000000003,1285
E02006733,8.0,4.0,12.07,49.28,1.87,0.56,94.9,2.68,LargeCentralMetro,1,0,0,0,0,0,West Midlands,8,Redditch 013,53.0,1,232.0,122.96000000000001,968
E02006707,10.0,4.0,16.05,49.7,3.51,0.5,93.08,2.92,LargeCentralMetro,1,0,0,0,0,0,West Midlands,8,Bromsgrove 012,54.0,1,324.0,174.96,1334
E02006778,6.0,8.0,27.18,46.85,0.85,0.11,97.92,1.11,LargeCentralMetro,1,0,0,0,0,0,West Midlands,10,Wyre Forest 012,32.0,1,206.0,65.92,1127
E02006710,6.0,4.0,25.0,49.57,0.2,0.25,98.37,1.18,Noncore,0,0,0,0,0,1,West Midlands,10,Malvern Hills 001,23.0,1,84.0,19.32,470
E02006724,2.0,8.0,25.46,47.84,23.97,3.04,68.07,4.92,LargeCentralMetro,1,0,0,0,0,0,West Midlands,8,Redditch 004,32.0,1,271.0,86.72,947
E02006729,6.0,8.0,41.18,51.08,2.79,1.01,92.73,3.47,LargeCentralMetro,1,0,0,0,0,0,West Midlands,10,Redditch 009,15.0,1,102.0,15.299999999999999,370
E02006698,7.0,8.0,22.54,49.55,1.48,1.09,94.81,2.62,LargeCentralMetro,1,0,0,0,0,0,West Midlands,8,Bromsgrove 003,46.0,1,142.0,65.32000000000001,775
E02006767,7.0,6.0,25.35,51.96,3.59,0.3,94.32,1.79,LargeFringeMetro,0,1,0,0,0,0,West Midlands,10,Wyre Forest 001,49.0,1,142.0,69.58,920
E02006699,8.0,6.0,14.94,47.81,2.64,0.85,92.26,4.26,LargeCentralMetro,1,0,0,0,0,0,West Midlands,8,Bromsgrove 004,48.0,1,174.0,83.52,1006
E02005022,3.0,5.0,40.52,47.09,7.81,5.37,79.22,7.6,LargeFringeMetro,0,1,0,0,0,0,South East,10,Canterbury 013,23.0,1,116.0,26.68,722
E02005051,2.0,9.0,42.73,52.99,2.05,0.73,94.43,2.79,LargeFringeMetro,0,1,0,0,0,0,South East,10,Dover 011,18.52,2,227.0,42.03,1370
E02005168,10.0,4.0,5.26,48.85,4.54,0.99,90.14,4.33,LargeFringeMetro,0,1,0,0,0,0,South East,10,Tunbridge Wells 007,68.0,1,266.0,180.88000000000002,1865
E02005109,9.0,5.0,22.67,49.67,0.97,0.22,96.91,1.9,LargeCentralMetro,1,0,0,0,0,0,South East,10,Folkestone and Hythe 008,26.0,1,225.0,58.5,1351
E02006856,6.0,5.0,25.23,48.54,6.87,3.38,82.22,7.53,LargeFringeMetro,0,1,0,0,0,0,South East,8,Canterbury 020,31.0,1,214.0,66.34,1844
E02005142,3.0,8.0,38.54,51.4,3.7,0.3,93.2,2.81,LargeFringeMetro,0,1,0,0,0,0,South East,,Thanet 011,30.0,1,205.0,61.5,1111
E02005083,6.0,5.0,29.03,43.08,1.61,1.26,95.01,2.13,LargeCentralMetro,1,0,0,0,0,0,South East,10,Maidstone 016,30.0,1,217.0,65.1,1337
E02005030,6.0,4.0,17.69,98.74,15.73,13.3,64.63,6.34,LargeCentralMetro,1,0,0,0,0,0,South East,3,Dartford 003,49.0,1,147.0,72.03,876
E02005052,3.0,9.0,4.29,40.32,9.35,2.47,82.81,5.38,Noncore,0,0,0,0,0,1,South East,10,Dover 012,46.0,1,70.0,32.2,501
E02005031,4.0,4.0,38.17,45.04,4.89,9.2,81.49,4.41,LargeCentralMetro,1,0,0,0,0,0,South East,10,Dartford 004,34.0,1,131.0,44.540000000000006,766
E02005127,8.0,5.0,27.54,50.67,1.72,1.97,94.52,1.79,LargeCentralMetro,1,0,0,0,0,0,South East,8,Swale 013,21.0,1,207.0,43.47,1340
E02005156,6.0,7.0,36.23,39.62,1.48,0.47,96.13,1.91,Micropolitan,0,0,0,0,1,0,South East,,Tonbridge and Malling 008,22.0,1,69.0,15.18,371
E02005136,6.0,8.0,68.04,47.22,1.64,0.52,95.15,2.69,LargeFringeMetro,0,1,0,0,0,0,South East,9,Thanet 005,25.0,1,97.0,24.25,773
E02005012,4.0,8.0,23.41,47.92,1.96,0.35,95.57,2.12,LargeFringeMetro,0,1,0,0,0,0,South East,10,Canterbury 003,31.0,1,252.0,78.12,1586
E02005160,7.0,6.0,10.34,96.12,6.46,0.96,88.42,4.16,LargeCentralMetro,1,0,0,0,0,0,South East,10,Tonbridge and Malling 012,41.0,1,232.0,95.11999999999999,1496
E02005008,6.0,4.0,27.44,54.35,1.05,0.35,96.81,1.79,MediumMetro,0,0,1,0,0,0,South East,10,Ashford 013,27.0,1,328.0,88.56,2103
E02005139,5.0,8.0,29.66,49.93,1.35,0.39,96.2,2.05,LargeFringeMetro,0,1,0,0,0,0,South East,10,Thanet 008,29.0,1,145.0,42.05,757
E02005097,10.0,2.0,17.47,51.13,4.93,0.84,89.61,4.62,LargeCentralMetro,1,0,0,0,0,0,South East,9,Sevenoaks 011,35.0,1,229.0,80.14999999999999,1373
E02005035,7.0,4.0,22.98,43.49,11.99,10.1,72.74,5.17,LargeCentralMetro,1,0,0,0,0,0,South East,4,Dartford 008,41.0,1,235.0,96.35,1359
E02005161,7.0,6.0,26.39,0.21,6.44,0.8,89.1,3.65,LargeCentralMetro,1,0,0,0,0,0,South East,8,Tonbridge and Malling 013,42.0,1,72.0,30.24,477
E02005028,6.0,4.0,32.84,23.56,15.26,19.75,58.42,6.57,LargeCentralMetro,1,0,0,0,0,0,South East,8,Dartford 001,31.0,1,134.0,41.54,730
E02005078,5.0,7.0,24.32,49.68,1.25,0.69,96.49,1.58,MediumMetro,0,0,1,0,0,0,South East,,Maidstone 011,20.0,1,148.0,29.6,779
E02005040,8.0,6.0,34.19,48.5,4.42,1.2,91.65,2.72,LargeCentralMetro,1,0,0,0,0,0,South East,10,Dartford 013,29.0,1,155.0,44.949999999999996,1035
E02006833,7.0,5.0,23.63,45.84,1.86,0.69,94.71,2.73,LargeCentralMetro,1,0,0,0,0,0,South East,10,Tonbridge and Malling 014,36.0,1,182.0,65.52,1010
E02005073,6.0,6.0,16.75,50.33,6.19,3.7,84.69,5.42,LargeCentralMetro,1,0,0,0,0,0,South East,8,Maidstone 006,14.0,1,209.0,29.26,1359
E02005113,6.0,8.0,21.26,49.91,0.99,0.33,97.67,1.01,MediumMetro,0,0,1,0,0,0,South East,7,Folkestone and Hythe 012,23.0,1,174.0,40.02,1064
E02005162,6.0,7.0,17.02,46.09,1.61,0.59,95.49,2.31,MediumMetro,0,0,1,0,0,0,South East,10,Tunbridge Wells 001,28.0,1,235.0,65.80000000000001,1356
E02005066,9.0,1.0,21.82,48.94,2.64,0.92,94.35,2.09,Micropolitan,0,0,0,0,1,0,South East,10,Gravesham 012,38.0,1,165.0,62.7,989
E02005079,8.0,5.0,44.62,48.26,3.47,1.4,92.23,2.9,LargeCentralMetro,1,0,0,0,0,0,South East,10,Maidstone 012,22.0,1,130.0,28.6,719
E02005060,5.0,5.0,35.26,56.82,12.0,7.18,75.39,5.43,LargeCentralMetro,1,0,0,0,0,0,South East,10,Gravesham 006,34.29,2,346.0,118.66,2154
E02005088,4.0,7.0,41.96,52.14,3.73,6.34,86.18,3.74,LargeCentralMetro,1,0,0,0,0,0,South East,7,Sevenoaks 002,32.0,1,112.0,35.84,585
E02005025,7.0,4.0,25.7,49.5,7.65,3.94,80.87,7.54,LargeFringeMetro,0,1,0,0,0,0,South East,10,Canterbury 016,35.0,1,179.0,62.65,1099
E02005075,6.0,6.0,25.0,47.41,10.7,3.35,80.88,5.06,LargeCentralMetro,1,0,0,0,0,0,South East,9,Maidstone 008,27.81,2,336.0,93.44999999999999,1871
E02005163,8.0,6.0,14.41,40.55,3.51,0.95,91.63,3.91,LargeFringeMetro,0,1,0,0,0,0,South East,10,Tunbridge Wells 002,51.0,1,236.0,120.36,1339
E02005057,5.0,3.0,24.58,48.76,16.74,10.8,65.47,6.99,LargeCentralMetro,1,0,0,0,0,0,South East,9,Gravesham 003,32.0,1,179.0,57.28,1294
E02005042,5.0,6.0,23.83,49.45,1.2,0.44,96.55,1.82,LargeFringeMetro,0,1,0,0,0,0,South East,10,Dover 002,25.0,1,235.0,58.75,1353
E02005125,4.0,5.0,41.29,51.1,0.99,4.28,92.04,2.68,LargeCentralMetro,1,0,0,0,0,0,South East,6,Swale 011,22.0,1,264.0,58.08,1589
E02005166,4.0,8.0,28.04,46.49,6.84,1.59,87.72,3.85,LargeFringeMetro,0,1,0,0,0,0,South East,10,Tunbridge Wells 005,33.0,1,189.0,62.370000000000005,1084
E02005020,4.0,6.0,49.6,53.04,4.1,1.4,91.02,3.48,LargeFringeMetro,0,1,0,0,0,0,South East,9,Canterbury 011,17.0,1,125.0,21.25,690
E02005062,6.0,3.0,36.63,47.85,8.18,5.48,81.77,4.58,LargeCentralMetro,1,0,0,0,0,0,South East,10,Gravesham 008,27.0,1,172.0,46.440000000000005,955
E02004998,8.0,6.0,24.88,53.7,5.01,2.53,89.84,2.62,LargeCentralMetro,1,0,0,0,0,0,South East,10,Ashford 003,28.0,1,205.0,57.400000000000006,1460
E02005098,10.0,3.0,19.1,45.22,4.16,1.01,90.03,4.8,LargeCentralMetro,1,0,0,0,0,0,South East,,Sevenoaks 012,51.0,1,178.0,90.78,1130
E02005138,4.0,9.0,27.44,51.64,1.35,0.52,95.19,2.94,LargeFringeMetro,0,1,0,0,0,0,South East,10,Thanet 007,18.0,1,164.0,29.52,978
E02005072,9.0,3.0,16.98,52.93,5.75,1.03,89.79,3.43,LargeCentralMetro,1,0,0,0,0,0,South East,10,Maidstone 005,26.0,1,265.0,68.9,1655
E02005126,6.0,5.0,21.33,47.59,2.01,1.95,93.54,2.5,LargeCentralMetro,1,0,0,0,0,0,South East,8,Swale 012,45.0,1,300.0,135.0,1784
E02005038,8.0,5.0,14.22,37.54,3.51,3.0,90.04,3.45,LargeCentralMetro,1,0,0,0,0,0,South East,10,Dartford 011,42.0,1,232.0,97.44,1388
E02005154,8.0,4.0,20.14,46.26,2.45,0.73,93.88,2.94,Micropolitan,0,0,0,0,1,0,South East,10,Tonbridge and Malling 006,30.0,1,139.0,41.699999999999996,1029
E02004996,7.0,4.0,19.32,48.52,2.85,1.88,92.41,2.86,MediumMetro,0,0,1,0,0,0,South East,,Ashford 001,41.0,1,88.0,36.08,573
E02003325,2.0,8.0,33.04,47.54,12.72,9.76,70.14,7.39,LargeCentralMetro,1,0,0,0,0,0,South East,2,Medway 012,16.0,1,230.0,36.800000000000004,1403
E02003342,6.0,4.0,16.53,52.08,3.6,1.64,92.26,2.51,LargeCentralMetro,1,0,0,0,0,0,South East,8,Medway 029,29.93,2,496.0,148.45999999999998,3176
E02003332,6.0,7.0,42.7,45.9,6.94,5.57,83.54,3.95,LargeCentralMetro,1,0,0,0,0,0,South East,4,Medway 019,11.0,1,185.0,20.35,1037
E02003334,4.0,6.0,33.74,46.29,14.99,7.15,71.34,6.52,LargeCentralMetro,1,0,0,0,0,0,South East,2,Medway 021,30.0,1,163.0,48.9,1024
E02003321,3.0,7.0,24.65,50.82,4.24,5.19,86.41,4.16,LargeCentralMetro,1,0,0,0,0,0,South East,6,Medway 008,17.0,1,215.0,36.550000000000004,1273
E02003339,7.0,6.0,21.03,50.29,13.78,4.77,76.82,4.63,LargeCentralMetro,1,0,0,0,0,0,South East,10,Medway 026,40.0,1,195.0,78.0,1205
E02003335,2.0,7.0,36.63,49.66,5.8,12.65,75.15,6.4,LargeCentralMetro,1,0,0,0,0,0,South East,3,Medway 022,22.0,1,202.0,44.44,1188
E02005301,5.0,9.0,37.63,49.72,1.31,0.52,96.77,1.4,LargeCentralMetro,1,0,0,0,0,0,North West,10,South Ribble 015,33.0,1,93.0,30.69,545
E02005215,3.0,9.0,37.16,52.39,10.4,0.18,87.48,1.95,LargeCentralMetro,1,0,0,0,0,0,North West,8,Hyndburn 004,30.0,1,183.0,54.9,1090
E02005213,5.0,8.0,12.87,52.12,3.89,0.34,94.23,1.54,LargeCentralMetro,1,0,0,0,0,0,North West,8,Hyndburn 002,56.0,1,202.0,113.12,1272
E02005198,5.0,9.0,20.61,46.9,2.02,0.38,95.54,2.06,LargeCentralMetro,1,0,0,0,0,0,North West,9,Chorley 010,53.87,2,330.0,177.76,1710
E02005278,8.0,5.0,20.0,50.77,2.78,0.3,95.22,1.7,LargeCentralMetro,1,0,0,0,0,0,North West,10,Rossendale 001,40.0,1,145.0,58.0,843
E02005289,10.0,5.0,12.09,49.12,3.89,0.7,93.45,1.96,LargeCentralMetro,1,0,0,0,0,0,North West,10,South Ribble 003,52.0,1,182.0,94.64,910
E02005258,6.0,7.0,22.08,48.77,34.55,1.34,59.84,4.27,LargeCentralMetro,1,0,0,0,0,0,North West,9,Preston 006,50.31,2,308.0,154.95999999999998,1579
E02005265,5.0,9.0,31.41,44.08,4.17,1.48,90.55,3.8,LargeCentralMetro,1,0,0,0,0,0,North West,9,Preston 013,36.0,1,156.0,56.16,862
E02005332,8.0,7.0,29.94,52.11,1.75,0.29,96.55,1.41,LargeCentralMetro,1,0,0,0,0,0,North West,6,Wyre 014,39.0,1,157.0,61.230000000000004,852
E02005302,8.0,7.0,15.25,48.69,1.89,0.27,95.66,2.18,LargeCentralMetro,1,0,0,0,0,0,North West,9,South Ribble 016,53.0,1,177.0,93.81,916
E02005195,8.0,6.0,10.16,52.08,1.69,0.89,95.51,1.92,Micropolitan,0,0,0,0,1,0,North West,10,Chorley 007,64.0,1,187.0,119.68,962
E02005270,9.0,3.0,14.78,52.78,1.03,0.5,97.34,1.13,Micropolitan,0,0,0,0,1,0,North West,10,Ribble Valley 001,43.0,1,115.0,49.449999999999996,557
E02005254,9.0,6.0,9.94,46.02,9.53,1.02,86.47,2.98,LargeCentralMetro,1,0,0,0,0,0,North West,10,Preston 002,69.0,1,181.0,124.88999999999999,917
E02005294,5.0,8.0,28.19,50.4,2.17,0.82,94.61,2.4,LargeCentralMetro,1,0,0,0,0,0,North West,10,South Ribble 008,46.0,1,149.0,68.54,746
E02005180,8.0,8.0,36.26,54.39,1.82,0.2,96.82,1.16,LargeCentralMetro,1,0,0,0,0,0,North West,,Burnley 005,32.0,1,91.0,29.12,570
E02005323,4.0,9.0,40.91,47.7,0.81,0.21,97.63,1.35,LargeCentralMetro,1,0,0,0,0,0,North West,10,Wyre 005,30.05,2,352.0,105.76,1845
E02005246,3.0,9.0,28.78,47.4,6.97,0.17,90.84,2.03,LargeCentralMetro,1,0,0,0,0,0,North West,10,Pendle 007,30.6,2,278.0,85.08,1637
E02005268,2.0,7.0,25.0,0.0,43.14,2.49,47.57,6.8,LargeCentralMetro,1,0,0,0,0,0,North West,,Preston 016,59.0,1,120.0,70.8,616
E02005255,8.0,6.0,42.64,49.93,19.86,1.79,74.93,3.42,LargeCentralMetro,1,0,0,0,0,0,North West,10,Preston 003,23.0,1,129.0,29.67,759
E02005324,7.0,5.0,15.06,49.88,1.21,0.52,97.06,1.21,Micropolitan,0,0,0,0,1,0,North West,10,Wyre 006,40.0,1,166.0,66.4,828
E02005285,8.0,6.0,18.87,50.84,2.16,0.16,96.22,1.46,LargeCentralMetro,1,0,0,0,0,0,North West,10,Rossendale 008,51.0,1,265.0,135.15,1544
E02005331,7.0,8.0,12.61,47.98,1.41,0.24,96.84,1.52,LargeCentralMetro,1,0,0,0,0,0,North West,10,Wyre 013,54.0,1,222.0,119.88000000000001,1115
E02005296,10.0,5.0,12.41,3.96,1.29,0.41,96.42,1.88,LargeCentralMetro,1,0,0,0,0,0,North West,10,South Ribble 010,56.0,1,145.0,81.2,884
E02005312,6.0,8.0,49.41,47.98,1.36,0.51,96.36,1.77,LargeCentralMetro,1,0,0,0,0,0,North West,7,West Lancashire 009,28.0,1,85.0,23.8,644
E02005295,7.0,8.0,15.62,48.27,1.79,0.21,95.96,2.03,LargeCentralMetro,1,0,0,0,0,0,North West,10,South Ribble 009,45.0,1,96.0,43.2,721
E02005330,8.0,7.0,25.0,48.04,0.63,0.2,98.26,0.91,LargeCentralMetro,1,0,0,0,0,0,North West,10,Wyre 012,39.0,1,168.0,65.52,868
E02005263,2.0,6.0,47.71,41.68,46.03,4.34,44.03,5.59,LargeCentralMetro,1,0,0,0,0,0,North West,9,Preston 011,34.0,1,109.0,37.06,595
E02005217,2.0,8.0,32.67,49.31,55.81,0.31,40.29,3.58,LargeCentralMetro,1,0,0,0,0,0,North West,9,Hyndburn 006,35.0,1,150.0,52.5,799
E02005231,3.0,8.0,37.99,50.15,2.36,0.87,94.52,2.26,LargeFringeMetro,0,1,0,0,0,0,North West,7,Lancaster 011,31.0,1,179.0,55.49,1031
E02005260,7.0,7.0,12.43,52.89,7.78,1.0,87.89,3.32,LargeCentralMetro,1,0,0,0,0,0,North West,9,Preston 008,45.0,1,177.0,79.65,900
E02005196,7.0,8.0,22.17,50.5,2.28,1.09,94.09,2.55,LargeCentralMetro,1,0,0,0,0,0,North West,9,Chorley 008,46.0,1,212.0,97.52000000000001,1107
E02005249,1.0,7.0,31.92,48.03,44.09,0.28,51.29,4.34,LargeCentralMetro,1,0,0,0,0,0,North West,10,Pendle 010,26.0,1,213.0,55.38,1064
E02005287,10.0,4.0,17.18,71.68,3.49,0.3,93.84,2.38,LargeCentralMetro,1,0,0,0,0,0,North West,10,South Ribble 001,55.28,2,326.0,180.21999999999997,1589
E02005266,2.0,7.0,18.81,100.0,33.46,2.28,57.53,6.72,LargeCentralMetro,1,0,0,0,0,0,North West,9,Preston 014,66.0,1,101.0,66.66,578
E02005234,6.0,6.0,10.43,50.83,12.05,3.81,78.21,5.94,LargeFringeMetro,0,1,0,0,0,0,North West,7,Lancaster 014,60.0,1,278.0,166.79999999999998,1696
E02005322,6.0,9.0,21.69,52.54,0.54,0.18,98.31,0.96,MediumMetro,0,0,1,0,0,0,North West,10,Wyre 004,49.0,1,166.0,81.34,847
E02005310,7.0,8.0,14.49,50.21,2.28,0.95,94.92,1.85,LargeCentralMetro,1,0,0,0,0,0,North West,6,West Lancashire 007,63.0,1,138.0,86.94,707
E02005211,8.0,7.0,17.39,51.77,0.9,0.37,97.28,1.46,LargeCentralMetro,1,0,0,0,0,0,North West,7,Fylde 009,44.0,1,161.0,70.84,821
E02005275,6.0,7.0,20.43,51.5,0.5,0.24,97.69,1.57,MediumMetro,0,0,1,0,0,0,North West,10,Ribble Valley 006,42.0,1,93.0,39.059999999999995,532
E02005303,3.0,10.0,23.68,45.74,1.06,0.73,95.67,2.54,LargeCentralMetro,1,0,0,0,0,0,North West,9,South Ribble 017,41.0,1,152.0,62.31999999999999,798
E02005194,4.0,9.0,4.91,53.83,3.05,0.55,94.07,2.33,LargeCentralMetro,1,0,0,0,0,0,North West,10,Chorley 006,75.0,1,224.0,168.0,1137
E02005179,3.0,9.0,45.12,49.14,1.47,0.18,97.15,1.2,LargeCentralMetro,1,0,0,0,0,0,North West,10,Burnley 004,42.0,1,215.0,90.3,1103
E02005176,4.0,8.0,29.91,44.71,12.2,0.24,85.07,2.49,LargeCentralMetro,1,0,0,0,0,0,North West,10,Burnley 001,33.0,1,224.0,73.92,1125
E02005304,8.0,6.0,14.73,50.99,0.63,0.17,97.74,1.46,MediumMetro,0,0,1,0,0,0,North West,7,West Lancashire 001,53.0,1,129.0,68.37,704
E02005183,5.0,8.0,36.4,50.29,1.28,0.12,97.24,1.36,LargeCentralMetro,1,0,0,0,0,0,North West,9,Burnley 008,29.0,1,228.0,66.11999999999999,1380
E02005241,6.0,5.0,29.92,47.79,4.72,0.18,93.76,1.34,LargeCentralMetro,1,0,0,0,0,0,North West,10,Pendle 002,24.0,1,127.0,30.48,678
E02005286,5.0,8.0,20.77,47.42,0.95,0.12,97.97,0.96,LargeCentralMetro,1,0,0,0,0,0,North West,10,Rossendale 009,50.0,1,130.0,65.0,658
E02002630,4.0,10.0,30.53,49.2,6.43,0.77,90.74,2.06,LargeCentralMetro,1,0,0,0,0,0,North West,8,Blackburn with Darwen 016,25.8,2,262.0,67.6,1372
E02002628,4.0,10.0,31.65,48.28,3.24,0.45,94.13,2.18,LargeCentralMetro,1,0,0,0,0,0,North West,5,Blackburn with Darwen 014,41.0,1,158.0,64.78,1044
E02002615,4.0,5.0,22.98,51.01,45.61,0.55,50.15,3.7,LargeCentralMetro,1,0,0,0,0,0,North West,6,Blackburn with Darwen 001,52.0,1,248.0,128.96,1335
E02002616,5.0,4.0,25.0,47.9,69.29,0.51,26.29,3.91,LargeCentralMetro,1,0,0,0,0,0,North West,1,Blackburn with Darwen 002,44.0,1,140.0,61.6,1286
E02002626,3.0,10.0,26.57,46.83,2.75,1.02,94.32,1.91,LargeCentralMetro,1,0,0,0,0,0,North West,10,Blackburn with Darwen 012,47.0,1,207.0,97.28999999999999,1057
E02002623,1.0,9.0,15.42,51.8,11.34,1.73,83.1,3.83,LargeCentralMetro,1,0,0,0,0,0,North West,1,Blackburn with Darwen 009,56.0,1,253.0,141.68,1500
E02002620,2.0,7.0,18.66,0.0,57.0,3.24,34.8,4.96,LargeCentralMetro,1,0,0,0,0,0,North West,1,Blackburn with Darwen 006,84.0,1,134.0,112.56,679
E02002624,9.0,6.0,31.48,70.78,13.15,0.37,84.64,1.84,LargeCentralMetro,1,0,0,0,0,0,North West,2,Blackburn with Darwen 010,53.33,2,378.0,201.60000000000002,2125
E02002636,3.0,10.0,61.82,47.26,1.58,0.3,96.29,1.84,LargeCentralMetro,1,0,0,0,0,0,North West,4,Blackpool 004,18.0,1,165.0,29.7,838
E02002650,5.0,10.0,67.06,51.33,1.36,0.4,96.69,1.55,LargeCentralMetro,1,0,0,0,0,0,North West,8,Blackpool 018,26.0,1,85.0,22.1,563
E02002634,4.0,9.0,34.5,47.17,0.89,0.36,96.99,1.76,LargeCentralMetro,1,0,0,0,0,0,North West,3,Blackpool 002,27.0,1,229.0,61.830000000000005,1168
E02002646,3.0,10.0,28.95,48.69,1.95,0.42,96.32,1.3,LargeCentralMetro,1,0,0,0,0,0,North West,6,Blackpool 014,61.0,1,190.0,115.89999999999999,994
E02002641,5.0,10.0,34.87,51.46,8.0,0.59,88.59,2.82,LargeCentralMetro,1,0,0,0,0,0,North West,3,Blackpool 009,27.0,1,195.0,52.650000000000006,1199
E02005862,6.0,6.0,23.24,49.47,4.81,2.12,88.52,4.56,LargeCentralMetro,1,0,0,0,0,0,East Midlands,9,Broxtowe 013,56.0,1,142.0,79.52000000000001,756
E02005887,3.0,9.0,16.49,51.03,3.95,2.0,90.12,3.93,LargeCentralMetro,1,0,0,0,0,0,East Midlands,10,Mansfield 008,51.0,1,188.0,95.88,1113
E02005827,6.0,8.0,24.0,51.92,1.29,1.53,95.34,1.84,LargeCentralMetro,1,0,0,0,0,0,East Midlands,10,Ashfield 009,49.0,1,400.0,196.0,2681
E02005912,9.0,4.0,22.47,50.69,19.68,1.92,72.15,6.26,LargeCentralMetro,1,0,0,0,0,0,East Midlands,8,Rushcliffe 007,60.74,3,632.0,383.86,4058
E02005856,9.0,3.0,26.67,47.61,12.27,1.71,81.63,4.39,LargeCentralMetro,1,0,0,0,0,0,East Midlands,10,Broxtowe 007,53.0,1,120.0,63.6,731
E02005888,2.0,9.0,25.38,49.38,1.84,1.41,93.96,2.8,LargeCentralMetro,1,0,0,0,0,0,East Midlands,10,Mansfield 009,31.35,2,457.0,143.29000000000002,2509
E02005875,6.0,5.0,21.84,48.24,3.35,2.63,88.4,5.63,LargeCentralMetro,1,0,0,0,0,0,East Midlands,10,Gedling 011,53.0,1,206.0,109.18,1308
E02005863,9.0,5.0,20.71,45.77,3.56,1.21,91.92,3.31,LargeCentralMetro,1,0,0,0,0,0,East Midlands,10,Broxtowe 014,44.0,1,169.0,74.36,1053
E02005871,7.0,5.0,24.29,49.88,5.94,2.33,87.88,3.86,LargeCentralMetro,1,0,0,0,0,0,East Midlands,10,Gedling 007,46.0,1,140.0,64.4,850
E02005893,3.0,9.0,36.57,53.17,0.73,0.31,97.55,1.41,LargeFringeMetro,0,1,0,0,0,0,East Midlands,10,Newark and Sherwood 001,32.0,1,134.0,42.88,726
E02005919,7.0,3.0,15.96,49.17,2.92,0.81,93.54,2.73,MediumMetro,0,0,1,0,0,0,East Midlands,10,Rushcliffe 014,37.0,1,188.0,69.56,1090
E02005839,5.0,6.0,30.49,50.04,1.15,0.5,97.07,1.28,LargeCentralMetro,1,0,0,0,0,0,East Midlands,10,Bassetlaw 005,27.0,1,164.0,44.28,1137
E02005859,6.0,6.0,20.74,48.16,3.6,1.63,90.85,3.92,LargeCentralMetro,1,0,0,0,0,0,East Midlands,10,Broxtowe 010,54.0,1,270.0,145.8,1628
E02005851,2.0,10.0,29.76,48.5,1.29,1.27,94.5,2.94,LargeCentralMetro,1,0,0,0,0,0,East Midlands,8,Broxtowe 002,32.0,1,168.0,53.76,934
E02005834,4.0,9.0,34.81,48.49,2.04,2.62,91.88,3.46,LargeCentralMetro,1,0,0,0,0,0,East Midlands,10,Ashfield 016,15.0,1,181.0,27.15,1161
E02005898,5.0,8.0,22.27,49.28,0.63,0.67,97.22,1.48,LargeFringeMetro,0,1,0,0,0,0,East Midlands,10,Newark and Sherwood 006,42.0,1,238.0,99.96,1380
E02006906,7.0,6.0,16.96,46.91,7.96,1.98,86.46,3.6,LargeCentralMetro,1,0,0,0,0,0,East Midlands,10,Broxtowe 016,46.0,1,230.0,105.80000000000001,1392
E02005901,5.0,6.0,42.62,49.2,1.76,0.96,94.52,2.76,LargeCentralMetro,1,0,0,0,0,0,East Midlands,10,Newark and Sherwood 009,26.0,1,122.0,31.720000000000002,754
E02005882,7.0,7.0,25.52,48.66,1.28,0.94,96.44,1.34,LargeCentralMetro,1,0,0,0,0,0,East Midlands,10,Mansfield 003,33.0,1,192.0,63.36,1266
E02005881,4.0,9.0,36.53,52.23,1.06,0.63,96.87,1.44,SmallMetro,0,0,0,1,0,0,East Midlands,10,Mansfield 002,38.0,1,167.0,63.46,1030
E02005833,7.0,7.0,23.11,49.59,1.14,0.82,96.23,1.81,LargeCentralMetro,1,0,0,0,0,0,East Midlands,10,Ashfield 015,39.0,1,238.0,92.82000000000001,1214
E02005903,5.0,7.0,22.22,48.75,1.33,0.5,96.7,1.47,LargeCentralMetro,1,0,0,0,0,0,East Midlands,,Newark and Sherwood 011,45.0,1,180.0,81.0,1122
E02005847,5.0,6.0,25.44,53.43,1.87,0.88,94.67,2.59,LargeCentralMetro,1,0,0,0,0,0,East Midlands,8,Bassetlaw 013,48.0,1,283.0,135.84,1662
E02005840,6.0,6.0,14.13,50.32,1.42,0.67,96.26,1.64,LargeCentralMetro,1,0,0,0,0,0,East Midlands,9,Bassetlaw 006,60.0,1,283.0,169.79999999999998,1741
E02005823,2.0,10.0,31.62,51.97,2.03,1.02,94.93,2.02,LargeCentralMetro,1,0,0,0,0,0,East Midlands,10,Ashfield 005,28.31,2,351.0,99.38,2109
E02005883,3.0,8.0,39.68,49.74,1.43,0.82,95.65,2.1,LargeCentralMetro,1,0,0,0,0,0,East Midlands,10,Mansfield 004,15.0,1,126.0,18.9,772
E02005870,4.0,8.0,22.36,49.97,4.0,2.98,88.18,4.85,LargeCentralMetro,1,0,0,0,0,0,East Midlands,10,Gedling 006,43.0,1,237.0,101.91,1583
E02005844,5.0,6.0,31.38,49.82,1.17,0.82,96.58,1.43,LargeCentralMetro,1,0,0,0,0,0,East Midlands,10,Bassetlaw 010,26.0,1,188.0,48.88,1138
E02005913,8.0,4.0,12.08,49.6,14.31,1.58,77.24,6.87,LargeCentralMetro,1,0,0,0,0,0,East Midlands,10,Rushcliffe 008,72.0,1,331.0,238.32,2000
E02005829,5.0,8.0,28.24,49.71,0.33,0.21,97.87,1.58,LargeCentralMetro,1,0,0,0,0,0,East Midlands,10,Ashfield 011,33.0,1,170.0,56.1,863
E02005908,8.0,4.0,18.71,47.89,1.7,0.61,95.16,2.54,MediumMetro,0,0,1,0,0,0,East Midlands,10,Rushcliffe 003,43.0,1,139.0,59.769999999999996,829
E02005918,8.0,4.0,14.86,50.61,2.52,0.37,94.71,2.4,MediumMetro,0,0,1,0,0,0,East Midlands,10,Rushcliffe 013,59.0,1,148.0,87.32,976
E02005904,8.0,4.0,30.0,49.38,1.14,0.79,95.99,2.08,LargeCentralMetro,1,0,0,0,0,0,East Midlands,,Newark and Sherwood 012,36.0,1,50.0,18.0,484
E02005907,7.0,4.0,14.48,50.47,2.0,0.5,95.16,2.33,LargeCentralMetro,1,0,0,0,0,0,East Midlands,10,Rushcliffe 002,68.0,1,297.0,201.96,1898
E02005849,6.0,5.0,20.65,48.16,0.79,0.33,97.71,1.17,Micropolitan,0,0,0,0,1,0,East Midlands,10,Bassetlaw 015,41.0,1,247.0,101.27,1493
E02002886,4.0,5.0,43.85,47.68,44.42,7.75,37.57,10.26,LargeCentralMetro,1,0,0,0,0,0,East Midlands,2,Nottingham 019,46.0,1,187.0,86.02000000000001,1378
E02002887,2.0,10.0,38.06,64.11,18.09,5.54,69.26,7.11,LargeCentralMetro,1,0,0,0,0,0,East Midlands,3,Nottingham 020,37.94,3,515.0,195.39000000000001,2948
E02002884,2.0,5.0,56.21,38.97,37.39,7.72,43.86,11.02,LargeCentralMetro,1,0,0,0,0,0,East Midlands,1,Nottingham 017,31.0,1,153.0,47.43,1106
E02002897,8.0,2.0,10.9,45.48,19.8,2.43,68.76,9.01,LargeCentralMetro,1,0,0,0,0,0,East Midlands,7,Nottingham 030,70.0,1,211.0,147.7,1326
E02002879,4.0,5.0,30.36,41.73,17.84,10.07,61.3,10.79,LargeCentralMetro,1,0,0,0,0,0,East Midlands,,Nottingham 012,53.0,1,112.0,59.36,659
E02002898,3.0,1.0,33.05,40.79,16.21,8.08,66.27,9.44,LargeCentralMetro,1,0,0,0,0,0,East Midlands,6,Nottingham 031,49.0,1,118.0,57.82,917
E02002892,2.0,8.0,53.05,46.71,13.6,8.62,68.18,9.61,LargeCentralMetro,1,0,0,0,0,0,East Midlands,5,Nottingham 025,27.0,1,164.0,44.28,835
E02006835,6.0,7.0,45.83,53.27,4.32,4.47,86.21,5.0,LargeCentralMetro,1,0,0,0,0,0,East Midlands,7,Gedling 016,34.0,1,144.0,48.96,734
E02002868,6.0,8.0,44.94,49.03,7.99,9.43,74.62,7.96,LargeCentralMetro,1,0,0,0,0,0,East Midlands,6,Nottingham 001,28.0,1,158.0,44.24,879
E02006012,6.0,6.0,18.75,49.48,1.15,0.19,97.46,1.19,LargeCentralMetro,1,0,0,0,0,0,West Midlands,4,Shropshire 033,39.0,1,96.0,37.44,572
E02006042,6.0,4.0,16.36,51.02,0.7,0.12,98.16,1.03,MediumMetro,0,0,1,0,0,0,West Midlands,6,Shropshire 032,44.0,1,110.0,48.4,541
E02006041,6.0,4.0,16.09,51.92,0.66,0.28,98.26,0.8,SmallMetro,0,0,0,1,0,0,West Midlands,8,Shropshire 030,48.0,1,87.0,41.76,520
E02006021,8.0,4.0,7.43,48.84,0.51,0.24,98.25,0.99,MediumMetro,0,0,1,0,0,0,West Midlands,9,Shropshire 010,46.0,1,148.0,68.08,733
E02006008,7.0,5.0,11.71,50.23,2.16,0.58,94.85,2.41,MediumMetro,0,0,1,0,0,0,West Midlands,6,Shropshire 025,41.0,1,222.0,91.02,1312
E02006046,6.0,6.0,14.29,48.07,0.39,0.1,98.55,0.95,SmallMetro,0,0,0,1,0,0,West Midlands,10,Shropshire 039,35.0,1,112.0,39.199999999999996,543
E02006017,6.0,5.0,24.74,48.45,0.73,0.2,97.99,1.08,SmallMetro,0,0,0,1,0,0,West Midlands,7,Shropshire 004,29.0,1,97.0,28.13,549
E02006025,5.0,7.0,18.97,50.93,1.33,0.67,96.17,1.83,LargeFringeMetro,0,1,0,0,0,0,West Midlands,5,Shropshire 007,38.0,1,253.0,96.14,1459
E02006011,7.0,5.0,10.26,46.52,0.51,0.25,98.3,0.94,LargeCentralMetro,1,0,0,0,0,0,West Midlands,4,Shropshire 031,46.0,1,156.0,71.76,791
E02006037,8.0,6.0,15.57,49.47,2.28,0.42,95.44,1.86,LargeCentralMetro,1,0,0,0,0,0,West Midlands,8,Shropshire 023,62.0,1,167.0,103.54,849
E02006015,4.0,7.0,23.85,50.0,0.99,0.29,97.44,1.29,Noncore,0,0,0,0,0,1,West Midlands,9,Shropshire 001,48.0,1,130.0,62.4,816
E02006010,6.0,5.0,18.24,50.53,0.48,0.13,98.32,1.08,MediumMetro,0,0,1,0,0,0,West Midlands,9,Shropshire 029,37.0,1,159.0,58.83,936
E02002949,6.0,8.0,31.01,50.19,1.77,0.43,95.39,2.41,LargeCentralMetro,1,0,0,0,0,0,West Midlands,7,Telford and Wrekin 022,39.89,2,387.0,154.38,2325
E02002942,6.0,5.0,21.43,52.93,11.33,2.06,82.31,4.3,LargeCentralMetro,1,0,0,0,0,0,West Midlands,4,Telford and Wrekin 015,34.0,1,140.0,47.6,835
E02002944,2.0,9.0,43.1,50.24,3.43,4.39,88.51,3.67,LargeCentralMetro,1,0,0,0,0,0,West Midlands,9,Telford and Wrekin 017,22.0,1,174.0,38.28,1047
E02003869,9.0,7.0,15.76,50.85,2.72,1.12,94.11,2.05,LargeCentralMetro,1,0,0,0,0,0,North West,5,Cheshire East 017,51.0,1,203.0,103.53,1235
E02003824,8.0,7.0,17.34,48.98,1.4,0.31,96.65,1.64,LargeCentralMetro,1,0,0,0,0,0,North West,4,Cheshire East 042,46.0,1,248.0,114.08,1568
E02003839,6.0,9.0,14.02,48.22,0.97,0.17,97.01,1.85,LargeCentralMetro,1,0,0,0,0,0,North West,5,Cheshire East 050,64.0,1,214.0,136.96,1431
E02003830,3.0,10.0,37.04,34.62,4.64,1.33,89.21,4.83,LargeCentralMetro,1,0,0,0,0,0,North West,2,Cheshire East 039,3.89,2,108.0,4.2,338
E02003817,9.0,7.0,20.42,49.1,0.95,0.34,97.1,1.61,LargeCentralMetro,1,0,0,0,0,0,North West,7,Cheshire East 028,38.0,1,191.0,72.58,1275
E02003816,5.0,8.0,15.08,50.48,2.42,0.47,95.82,1.29,LargeCentralMetro,1,0,0,0,0,0,North West,7,Cheshire East 027,42.0,1,179.0,75.17999999999999,1052
E02003867,7.0,6.0,11.67,50.45,2.99,1.17,93.14,2.7,LargeCentralMetro,1,0,0,0,0,0,North West,6,Cheshire East 015,58.0,1,240.0,139.2,1564
E02003812,9.0,6.0,9.62,46.32,1.27,0.24,96.54,1.95,MediumMetro,0,0,1,0,0,0,North West,6,Cheshire East 023,53.0,1,208.0,110.24000000000001,1317
E02003863,9.0,4.0,11.76,52.57,2.65,0.4,94.64,2.31,LargeCentralMetro,1,0,0,0,0,0,North West,3,Cheshire East 010,58.0,1,187.0,108.46,1267
E02003832,3.0,9.0,32.2,50.07,12.81,2.26,74.31,10.61,LargeCentralMetro,1,0,0,0,0,0,North West,3,Cheshire East 043,36.0,1,118.0,42.48,703
E02003833,6.0,8.0,22.83,47.32,2.47,0.52,94.62,2.39,LargeCentralMetro,1,0,0,0,0,0,North West,3,Cheshire East 044,46.0,1,127.0,58.42,653
E02003819,9.0,8.0,10.5,99.79,1.05,0.23,97.12,1.6,LargeCentralMetro,1,0,0,0,0,0,North West,2,Cheshire East 030,57.0,1,219.0,124.82999999999998,1398
E02003820,8.0,7.0,11.3,4.12,1.36,0.39,96.19,2.06,LargeCentralMetro,1,0,0,0,0,0,North West,4,Cheshire East 031,49.0,1,230.0,112.7,1504
E02003835,8.0,7.0,10.12,45.62,1.56,0.45,95.57,2.42,LargeCentralMetro,1,0,0,0,0,0,North West,8,Cheshire East 046,52.0,1,168.0,87.36,857
E02003826,3.0,9.0,47.62,52.58,1.58,1.11,94.68,2.63,LargeCentralMetro,1,0,0,0,0,0,North West,2,Cheshire East 035,6.0,1,147.0,8.82,736
E02003866,10.0,5.0,16.59,46.47,2.65,0.67,94.71,1.97,LargeCentralMetro,1,0,0,0,0,0,North West,4,Cheshire East 014,53.0,1,211.0,111.83000000000001,1373
E02003858,10.0,4.0,12.28,47.29,5.72,0.73,89.11,4.44,LargeCentralMetro,1,0,0,0,0,0,North West,7,Cheshire East 006,58.0,1,334.0,193.72,2157
E02003810,7.0,3.0,11.52,49.73,0.28,0.2,98.2,1.32,MediumMetro,0,0,1,0,0,0,North West,6,Cheshire West and Chester 047,67.0,1,217.0,145.39000000000001,1279
E02003806,9.0,5.0,16.29,45.98,3.63,0.69,93.02,2.66,LargeCentralMetro,1,0,0,0,0,0,North West,6,Cheshire West and Chester 041,48.0,1,178.0,85.44,1144
E02003799,3.0,9.0,46.83,44.83,1.44,0.68,95.4,2.48,LargeCentralMetro,1,0,0,0,0,0,North West,5,Cheshire West and Chester 031,21.0,1,126.0,26.459999999999997,716
E02003807,8.0,4.0,26.51,52.09,4.62,0.97,91.42,2.98,LargeCentralMetro,1,0,0,0,0,0,North West,4,Cheshire West and Chester 043,35.46,3,332.0,117.74,1791
E02003805,10.0,4.0,14.29,51.26,1.97,0.25,95.62,2.16,LargeCentralMetro,1,0,0,0,0,0,North West,7,Cheshire West and Chester 039,66.0,1,217.0,143.22,1393
E02003882,5.0,9.0,13.0,47.33,2.01,0.36,95.35,2.28,LargeCentralMetro,1,0,0,0,0,0,North West,2,Cheshire West and Chester 021,64.0,1,200.0,128.0,1029
E02003883,9.0,5.0,13.57,48.56,2.22,0.35,95.4,2.04,LargeCentralMetro,1,0,0,0,0,0,North West,7,Cheshire West and Chester 023,58.5,2,420.0,245.68,2284
E02003877,8.0,4.0,16.22,51.12,1.19,0.07,97.32,1.42,MediumMetro,0,0,1,0,0,0,North West,6,Cheshire West and Chester 015,46.0,1,222.0,102.12,1338
E02003841,6.0,5.0,21.26,44.74,1.25,0.34,96.52,1.88,LargeCentralMetro,1,0,0,0,0,0,North West,6,Cheshire West and Chester 001,44.0,1,301.0,132.44,1757
E02003878,8.0,8.0,30.68,49.46,2.21,0.48,95.96,1.35,LargeCentralMetro,1,0,0,0,0,0,North West,4,Cheshire West and Chester 017,27.0,1,88.0,23.76,560
E02003891,9.0,3.0,10.19,50.86,0.87,0.08,97.76,1.29,MediumMetro,0,0,1,0,0,0,North West,10,Cheshire West and Chester 045,61.0,1,206.0,125.66,1217
E02003796,6.0,6.0,13.67,48.36,5.53,0.49,91.54,2.44,LargeCentralMetro,1,0,0,0,0,0,North West,4,Cheshire West and Chester 027,49.0,1,278.0,136.22,1737
E02003852,10.0,6.0,25.95,47.96,0.97,0.12,97.62,1.28,LargeCentralMetro,1,0,0,0,0,0,North West,7,Cheshire West and Chester 016,26.0,1,262.0,68.12,1541
E02003888,4.0,10.0,47.19,49.24,1.65,0.31,96.39,1.65,LargeFringeMetro,0,1,0,0,0,0,North West,6,Cheshire West and Chester 038,21.0,1,178.0,37.379999999999995,1056
E02003941,4.0,7.0,29.02,51.6,0.71,0.13,96.76,2.4,LargeFringeMetro,0,1,0,0,0,0,South West,4,Cornwall 014,23.0,1,224.0,51.52,1564
E02003931,5.0,4.0,18.6,49.7,0.71,0.09,96.92,2.27,SmallMetro,0,0,0,1,0,0,South West,7,Cornwall 001,44.0,1,215.0,94.6,1161
E02003894,4.0,6.0,26.44,49.42,0.4,0.07,97.97,1.56,MediumMetro,0,0,1,0,0,0,South West,,Cornwall 013,32.0,1,174.0,55.68,866
E02003924,4.0,9.0,28.48,49.2,0.91,0.14,96.9,2.05,LargeFringeMetro,0,1,0,0,0,0,South West,7,Cornwall 053,37.0,1,302.0,111.74,1870
E02003917,7.0,4.0,29.25,45.5,0.66,0.29,96.65,2.41,LargeFringeMetro,0,1,0,0,0,0,South West,4,Cornwall 064,41.0,1,147.0,60.269999999999996,945
E02003960,5.0,4.0,27.08,48.03,0.37,0.12,97.43,2.07,Noncore,0,0,0,0,0,1,South West,10,Cornwall 035,33.0,1,96.0,31.68,583
E02003949,3.0,8.0,29.07,47.71,1.14,0.12,95.38,3.36,LargeFringeMetro,0,1,0,0,0,0,South West,2,Cornwall 068,38.0,1,172.0,65.36,809
E02003935,4.0,6.0,22.37,47.3,1.21,0.15,96.65,1.99,LargeFringeMetro,0,1,0,0,0,0,South West,5,Cornwall 005,50.0,1,228.0,114.0,1389
E02003901,4.0,7.0,22.55,48.93,0.33,0.08,98.08,1.51,SmallMetro,0,0,0,1,0,0,South West,9,Cornwall 028,25.0,1,102.0,25.5,513
E02003948,3.0,6.0,16.16,48.69,0.6,0.28,96.59,2.54,LargeFringeMetro,0,1,0,0,0,0,South West,4,Cornwall 067,44.0,1,198.0,87.12,1066
E02003955,5.0,5.0,13.13,48.81,0.91,0.15,96.05,2.89,LargeFringeMetro,0,1,0,0,0,0,South West,10,Cornwall 021,44.0,1,297.0,130.68,1729
E02003908,5.0,5.0,20.09,48.17,1.58,0.17,94.51,3.74,LargeFringeMetro,0,1,0,0,0,0,South West,7,Cornwall 042,50.0,1,219.0,109.5,1148
E02003963,4.0,7.0,15.38,46.43,1.0,0.15,96.62,2.23,LargeFringeMetro,0,1,0,0,0,0,South West,5,Cornwall 039,54.0,1,273.0,147.42000000000002,1428
E02003914,4.0,3.0,17.33,49.61,1.14,0.4,94.42,4.04,LargeFringeMetro,0,1,0,0,0,0,South West,5,Cornwall 060,45.0,1,225.0,101.25,1147
E02003922,4.0,8.0,36.36,45.02,0.5,0.18,97.25,2.08,LargeFringeMetro,0,1,0,0,0,0,South West,7,Cornwall 051,27.0,1,110.0,29.700000000000003,562
E02003919,4.0,8.0,23.64,47.73,0.75,0.22,96.53,2.51,LargeFringeMetro,0,1,0,0,0,0,South West,4,Cornwall 046,36.0,1,258.0,92.88,1452
E02003909,6.0,6.0,15.56,47.02,3.79,0.78,92.19,3.24,LargeFringeMetro,0,1,0,0,0,0,South West,8,Cornwall 043,53.0,1,302.0,160.06,1508
E02003912,6.0,3.0,13.95,50.3,0.42,0.11,97.31,2.17,Noncore,0,0,0,0,0,1,South West,10,Cornwall 048,44.0,1,129.0,56.76,656
E02003943,4.0,4.0,24.43,51.79,1.15,0.2,95.37,3.28,SmallMetro,0,0,0,1,0,0,South West,5,Cornwall 054,51.0,1,131.0,66.81,614
E02003900,5.0,8.0,29.85,49.92,0.39,0.14,97.33,2.13,LargeCentralMetro,1,0,0,0,0,0,South West,4,Cornwall 026,34.0,1,201.0,68.34,1208
E02003902,5.0,9.0,25.4,51.46,0.36,0.13,97.92,1.59,MediumMetro,0,0,1,0,0,0,South West,6,Cornwall 029,33.0,1,126.0,41.580000000000005,752
E02003939,5.0,6.0,19.42,50.65,0.47,0.13,97.65,1.75,SmallMetro,0,0,0,1,0,0,South West,7,Cornwall 009,43.0,1,206.0,88.58,1070
E02004602,4.0,7.0,35.51,50.75,3.43,1.56,91.85,3.16,LargeCentralMetro,1,0,0,0,0,0,South West,10,Cheltenham 003,40.0,1,138.0,55.2,1062
E02004654,6.0,4.0,20.62,46.95,1.15,0.37,96.12,2.37,LargeCentralMetro,1,0,0,0,0,0,South West,7,Stroud 004,42.0,1,160.0,67.2,901
E02004611,9.0,4.0,4.12,49.39,3.26,0.67,92.85,3.21,LargeCentralMetro,1,0,0,0,0,0,South West,10,Cheltenham 012,78.0,1,194.0,151.32,1383
E02004610,9.0,4.0,17.13,49.38,3.47,0.84,92.66,3.02,LargeCentralMetro,1,0,0,0,0,0,South West,10,Cheltenham 011,55.0,1,286.0,157.3,1772
E02004615,6.0,3.0,13.55,52.67,0.56,0.25,97.91,1.28,Noncore,0,0,0,0,0,1,South West,9,Cotswold 001,56.0,1,214.0,119.84000000000002,1477
E02004672,8.0,5.0,16.74,48.33,3.6,0.94,92.7,2.75,LargeCentralMetro,1,0,0,0,0,0,South West,9,Tewkesbury 007,45.68,2,442.0,201.92000000000002,2777
E02004621,7.0,5.0,17.39,51.14,3.18,0.83,93.74,2.25,LargeCentralMetro,1,0,0,0,0,0,South West,9,Cotswold 007,47.0,1,207.0,97.28999999999999,1013
E02004620,8.0,3.0,13.94,52.01,1.26,0.68,96.11,1.95,LargeCentralMetro,1,0,0,0,0,0,South West,9,Cotswold 006,39.0,1,165.0,64.35000000000001,869
E02007035,7.0,4.0,16.02,48.47,1.78,0.43,95.97,1.82,LargeCentralMetro,1,0,0,0,0,0,South West,10,Tewkesbury 011,50.0,1,231.0,115.5,1663
E02004617,8.0,4.0,8.78,52.4,1.24,0.45,96.37,1.94,MediumMetro,0,0,1,0,0,0,South West,10,Cotswold 003,62.0,1,205.0,127.1,1414
E02004634,5.0,8.0,25.0,46.36,0.77,0.27,97.65,1.31,SmallMetro,0,0,0,1,0,0,South West,10,Forest of Dean 009,34.0,1,108.0,36.720000000000006,604
E02004628,6.0,6.0,20.59,53.98,0.52,0.18,98.34,0.96,MediumMetro,0,0,1,0,0,0,South West,10,Forest of Dean 003,45.0,1,170.0,76.5,1030
E02004623,8.0,3.0,8.62,50.48,1.31,0.31,96.53,1.85,Micropolitan,0,0,0,0,1,0,South West,10,Cotswold 009,54.0,1,174.0,93.96000000000001,1036
E02004632,5.0,6.0,20.14,52.34,0.64,0.17,98.37,0.83,LargeFringeMetro,0,1,0,0,0,0,South West,,Forest of Dean 007,48.0,1,139.0,66.72,789
E02004665,8.0,3.0,9.35,51.11,0.63,0.23,97.49,1.65,Noncore,0,0,0,0,0,1,South West,9,Stroud 015,63.0,1,246.0,154.98,1528
E02004655,6.0,5.0,23.58,49.51,1.64,0.76,95.18,2.43,LargeCentralMetro,1,0,0,0,0,0,South West,10,Stroud 005,20.0,1,106.0,21.200000000000003,717
E02004627,5.0,3.0,20.14,49.04,0.64,0.49,96.61,2.26,MediumMetro,0,0,1,0,0,0,South West,9,Forest of Dean 002,24.0,1,139.0,33.36,1091
E02004603,4.0,6.0,30.18,50.5,5.96,1.78,87.71,4.55,LargeCentralMetro,1,0,0,0,0,0,South West,10,Cheltenham 004,34.0,1,169.0,57.46,897
E02004664,6.0,7.0,17.68,50.28,1.04,0.42,96.4,2.14,LargeCentralMetro,1,0,0,0,0,0,South West,10,Stroud 014,38.0,1,198.0,75.24,1251
E02004647,4.0,8.0,21.52,44.93,2.35,3.38,89.65,4.62,LargeCentralMetro,1,0,0,0,0,0,South West,5,Gloucester 012,35.0,1,237.0,82.94999999999999,1509
E02004650,6.0,6.0,24.62,48.45,2.76,3.43,88.47,5.34,LargeCentralMetro,1,0,0,0,0,0,South West,4,Gloucester 015,46.0,1,260.0,119.60000000000001,1354
E02004662,8.0,2.0,13.75,14.63,0.62,0.24,97.81,1.33,Noncore,0,0,0,0,0,1,South West,,Stroud 012,35.0,1,80.0,28.0,294
E02004629,5.0,7.0,38.98,48.75,1.04,0.21,96.84,1.91,LargeFringeMetro,0,1,0,0,0,0,South West,9,Forest of Dean 004,20.0,1,59.0,11.8,281
E02004625,7.0,3.0,16.83,50.09,0.99,0.33,96.51,2.16,SmallMetro,0,0,0,1,0,0,South West,10,Cotswold 011,42.0,1,101.0,42.42,527
E02004666,7.0,3.0,13.51,47.79,1.59,0.54,96.29,1.58,LargeCentralMetro,1,0,0,0,0,0,South West,10,Tewkesbury 001,46.0,1,222.0,102.12,1268
E02004652,9.0,3.0,13.68,49.4,0.88,0.28,96.86,1.98,LargeCentralMetro,1,0,0,0,0,0,South West,10,Stroud 002,48.0,1,117.0,56.16,672
E02004668,7.0,3.0,13.4,49.16,0.53,0.16,97.86,1.45,MediumMetro,0,0,1,0,0,0,South West,10,Tewkesbury 003,48.0,1,97.0,46.559999999999995,476
E02004635,6.0,4.0,9.94,52.06,1.17,0.8,96.04,1.99,LargeCentralMetro,1,0,0,0,0,0,South West,10,Forest of Dean 010,43.0,1,171.0,73.53,1070
E02004869,8.0,3.0,13.25,49.67,2.55,0.75,93.08,3.62,LargeCentralMetro,1,0,0,0,0,0,East of England,7,Dacorum 014,60.0,1,234.0,140.4,1506
E02004862,3.0,5.0,34.81,49.29,6.91,7.18,80.88,5.03,LargeCentralMetro,1,0,0,0,0,0,East of England,10,Dacorum 007,25.0,1,135.0,33.75,913
E02004953,4.0,6.0,23.44,49.63,5.64,5.59,83.95,4.82,LargeCentralMetro,1,0,0,0,0,0,East of England,10,Stevenage 010,37.0,1,192.0,71.03999999999999,1227
E02004936,10.0,2.0,10.43,46.47,10.1,2.0,80.61,7.29,LargeCentralMetro,1,0,0,0,0,0,East of England,8,St Albans 013,71.0,1,211.0,149.81,1543
E02004882,8.0,1.0,8.09,62.94,4.82,2.46,86.29,6.43,LargeCentralMetro,1,0,0,0,0,0,East of England,2,East Hertfordshire 005,58.68,3,544.0,319.24,3826
E02004991,4.0,3.0,15.97,99.47,16.57,9.08,66.66,7.69,LargeCentralMetro,1,0,0,0,0,0,East of England,10,Welwyn Hatfield 012,57.0,1,144.0,82.08,943
E02004885,9.0,1.0,5.36,7.79,5.13,1.75,89.0,4.12,LargeCentralMetro,1,0,0,0,0,0,East of England,4,East Hertfordshire 008,68.0,1,168.0,114.24000000000001,1194
E02004846,10.0,1.0,10.33,50.98,2.88,2.31,90.31,4.5,LargeCentralMetro,1,0,0,0,0,0,East of England,10,Broxbourne 004,63.0,1,213.0,134.19,1332
E02004907,8.0,3.0,13.9,44.29,11.78,4.09,76.96,7.17,LargeCentralMetro,1,0,0,0,0,0,East of England,7,Hertsmere 012,60.0,1,187.0,112.2,1226
E02004890,8.0,2.0,13.58,70.28,2.6,1.05,92.97,3.39,LargeCentralMetro,1,0,0,0,0,0,East of England,6,East Hertfordshire 013,61.01,2,383.0,233.66000000000003,2527
E02004958,8.0,3.0,14.61,51.66,7.04,1.13,87.43,4.39,LargeCentralMetro,1,0,0,0,0,0,East of England,,Three Rivers 003,60.0,1,178.0,106.8,993
E02004897,8.0,2.0,5.64,50.31,10.77,3.3,77.87,8.06,LargeCentralMetro,1,0,0,0,0,0,East of England,10,Hertsmere 002,90.0,1,195.0,175.5,1449
E02004904,4.0,4.0,26.74,68.14,8.25,7.16,77.78,6.81,LargeCentralMetro,1,0,0,0,0,0,East of England,8,Hertsmere 009,20.0,1,86.0,17.2,474
E02004915,5.0,4.0,27.27,49.3,7.6,3.78,83.06,5.56,LargeCentralMetro,1,0,0,0,0,0,East of England,6,North Hertfordshire 007,30.0,1,77.0,23.099999999999998,570
E02004878,7.0,4.0,14.08,47.73,1.13,0.61,96.37,1.89,MediumMetro,0,0,1,0,0,0,East of England,10,East Hertfordshire 001,52.0,1,213.0,110.76,991
E02004968,4.0,4.0,33.86,49.6,13.8,6.34,73.11,6.74,LargeCentralMetro,1,0,0,0,0,0,East of England,8,Watford 001,34.0,1,189.0,64.26,1123
E02004853,5.0,5.0,18.8,50.74,3.49,6.06,80.27,10.17,LargeCentralMetro,1,0,0,0,0,0,East of England,8,Broxbourne 011,46.76,2,415.0,194.05,2635
E02004850,4.0,4.0,22.22,48.62,4.07,6.43,79.32,10.19,LargeCentralMetro,1,0,0,0,0,0,East of England,9,Broxbourne 008,41.0,1,135.0,55.349999999999994,868
E02004899,6.0,5.0,33.03,46.63,5.87,1.91,86.28,5.94,LargeCentralMetro,1,0,0,0,0,0,East of England,7,Hertsmere 004,36.0,1,218.0,78.48,1216
E02004920,7.0,4.0,11.54,0.08,4.76,3.01,86.57,5.66,LargeCentralMetro,1,0,0,0,0,0,East of England,1,North Hertfordshire 012,71.0,1,208.0,147.68,1307
E02004921,9.0,3.0,7.92,100.0,7.6,2.05,84.41,5.94,LargeCentralMetro,1,0,0,0,0,0,East of England,1,North Hertfordshire 013,66.0,1,202.0,133.32,1368
E02004877,9.0,4.0,11.38,46.64,3.84,0.91,91.37,3.88,LargeCentralMetro,1,0,0,0,0,0,East of England,8,Dacorum 022,53.0,1,167.0,88.51,1100
E02004912,8.0,6.0,16.83,48.71,2.91,1.36,92.14,3.59,LargeCentralMetro,1,0,0,0,0,0,East of England,8,North Hertfordshire 004,47.0,1,202.0,94.94,1429
E02004888,8.0,2.0,11.39,50.2,2.52,1.2,93.52,2.77,LargeCentralMetro,1,0,0,0,0,0,East of England,4,East Hertfordshire 011,51.0,1,237.0,120.87,1478
E02004875,5.0,4.0,21.19,47.26,12.96,3.66,77.8,5.58,LargeCentralMetro,1,0,0,0,0,0,East of England,10,Dacorum 020,45.0,1,236.0,106.2,1405
E02004935,8.0,2.0,10.9,99.58,7.8,2.45,82.91,6.84,LargeCentralMetro,1,0,0,0,0,0,East of England,6,St Albans 012,68.0,1,156.0,106.08000000000001,962
E02004937,10.0,2.0,18.32,46.59,5.21,1.22,88.37,5.2,LargeCentralMetro,1,0,0,0,0,0,East of England,8,St Albans 014,47.0,1,202.0,94.94,1290
E02004950,5.0,5.0,31.33,49.07,6.45,4.22,84.36,4.97,LargeCentralMetro,1,0,0,0,0,0,East of England,10,Stevenage 007,26.0,1,233.0,60.580000000000005,1449
E02004982,8.0,4.0,14.09,44.05,4.75,2.21,87.53,5.51,LargeCentralMetro,1,0,0,0,0,0,East of England,10,Welwyn Hatfield 003,60.0,1,220.0,132.0,1394
E02007090,6.0,3.0,11.73,41.08,6.89,2.33,84.54,6.24,LargeCentralMetro,1,0,0,0,0,0,East of England,8,St Albans 021,54.0,1,179.0,96.66000000000001,1037
E02007091,8.0,3.0,15.38,49.32,5.51,4.47,86.33,3.68,LargeCentralMetro,1,0,0,0,0,0,East of England,10,Stevenage 013,52.0,1,234.0,121.68,1474
E02004957,6.0,4.0,8.4,46.81,13.34,4.63,75.97,6.06,LargeCentralMetro,1,0,0,0,0,0,East of England,9,Three Rivers 002,67.81,2,381.0,258.37,2557
E02004918,8.0,3.0,17.07,48.19,10.53,3.46,79.49,6.52,LargeCentralMetro,1,0,0,0,0,0,East of England,2,North Hertfordshire 010,44.0,1,205.0,90.2,1243
E02004903,6.0,4.0,10.23,47.75,18.27,4.47,70.66,6.6,LargeCentralMetro,1,0,0,0,0,0,East of England,7,Hertsmere 008,65.0,1,264.0,171.6,1690
E02004964,6.0,5.0,25.2,50.54,8.36,1.43,85.05,5.16,LargeCentralMetro,1,0,0,0,0,0,East of England,,Three Rivers 009,37.0,1,123.0,45.51,734
E02004894,7.0,3.0,8.57,6.03,3.18,1.81,90.56,4.45,LargeCentralMetro,1,0,0,0,0,0,East of England,2,East Hertfordshire 017,65.0,1,175.0,113.75,1227
E02004961,10.0,2.0,6.79,51.75,12.85,1.58,80.85,4.72,LargeCentralMetro,1,0,0,0,0,0,East of England,5,Three Rivers 006,80.0,1,221.0,176.8,1511
E02004845,5.0,2.0,29.63,49.5,2.37,3.43,88.83,5.37,LargeCentralMetro,1,0,0,0,0,0,East of England,10,Broxbourne 003,42.0,1,108.0,45.36,707
E02004924,9.0,2.0,6.67,47.35,5.05,1.62,88.37,4.97,LargeCentralMetro,1,0,0,0,0,0,East of England,8,St Albans 001,76.0,1,210.0,159.6,1358
E02004930,8.0,2.0,8.21,99.93,7.59,1.93,85.26,5.22,LargeCentralMetro,1,0,0,0,0,0,East of England,10,St Albans 007,68.0,1,207.0,140.76000000000002,1419
E02004960,10.0,2.0,7.14,49.5,7.14,0.87,86.74,5.25,LargeCentralMetro,1,0,0,0,0,0,East of England,7,Three Rivers 005,84.0,1,238.0,199.92,1586
E02004925,9.0,3.0,7.71,48.91,5.26,2.57,86.88,5.3,LargeCentralMetro,1,0,0,0,0,0,East of England,8,St Albans 002,75.11,2,415.0,311.70000000000005,2711
E02004959,10.0,4.0,5.39,48.17,26.43,2.14,65.88,5.55,LargeCentralMetro,1,0,0,0,0,0,East of England,7,Three Rivers 004,57.0,1,204.0,116.27999999999999,1229
E02004945,6.0,4.0,9.56,48.88,10.83,3.98,79.84,5.36,LargeCentralMetro,1,0,0,0,0,0,East of England,9,Stevenage 002,55.81,2,408.0,227.70999999999998,2588
E02004931,9.0,3.0,9.17,45.39,9.91,1.42,82.93,5.74,LargeCentralMetro,1,0,0,0,0,0,East of England,10,St Albans 008,75.0,1,240.0,180.0,1712
E02004892,5.0,4.0,29.33,55.79,2.4,2.2,90.76,4.64,LargeCentralMetro,1,0,0,0,0,0,East of England,4,East Hertfordshire 015,35.0,1,75.0,26.25,423
E02004985,8.0,6.0,18.13,46.3,5.72,2.22,87.02,5.04,LargeCentralMetro,1,0,0,0,0,0,East of England,10,Welwyn Hatfield 006,55.0,1,193.0,106.15,1123
E02004932,6.0,4.0,17.6,45.57,9.73,2.93,79.18,8.16,LargeCentralMetro,1,0,0,0,0,0,East of England,10,St Albans 009,48.0,1,125.0,60.0,768
E02004859,10.0,3.0,10.21,51.82,1.22,0.58,95.35,2.84,LargeCentralMetro,1,0,0,0,0,0,East of England,10,Dacorum 004,61.0,1,235.0,143.35,1540
E02004934,7.0,1.0,12.02,2.44,12.99,2.68,76.24,8.09,LargeCentralMetro,1,0,0,0,0,0,East of England,6,St Albans 011,64.0,1,183.0,117.12,1066
E02004975,9.0,2.0,6.17,0.0,33.13,4.2,54.37,8.3,LargeCentralMetro,1,0,0,0,0,0,East of England,4,Watford 008,91.0,1,227.0,206.57,1533
E02004976,4.0,5.0,7.69,100.0,23.7,6.89,59.78,9.63,LargeCentralMetro,1,0,0,0,0,0,East of England,7,Watford 009,86.0,1,208.0,178.88,1451
E02004978,3.0,7.0,24.38,48.07,33.99,7.89,49.0,9.13,LargeCentralMetro,1,0,0,0,0,0,East of England,6,Watford 011,32.0,1,160.0,51.2,1319
E02004906,6.0,4.0,5.92,45.56,9.44,7.41,74.58,8.57,LargeCentralMetro,1,0,0,0,0,0,East of England,5,Hertsmere 011,66.0,1,152.0,100.32000000000001,1071
E02003591,5.0,9.0,19.61,51.9,1.26,0.35,97.12,1.26,LargeFringeMetro,0,1,0,0,0,0,South East,4,Isle of Wight 011,29.0,1,204.0,59.16,1108
E02003582,7.0,4.0,18.88,48.63,0.86,0.29,97.38,1.47,LargeFringeMetro,0,1,0,0,0,0,South East,2,Isle of Wight 002,51.0,1,196.0,99.96000000000001,1238
E02003598,3.0,7.0,19.35,50.0,0.7,0.23,97.41,1.65,SmallMetro,0,0,0,1,0,0,South East,,Isle of Wight 018,60.0,1,124.0,74.39999999999999,622
E02003586,5.0,8.0,24.31,50.51,1.18,0.29,97.1,1.43,LargeFringeMetro,0,1,0,0,0,0,South East,5,Isle of Wight 006,45.0,1,255.0,114.75,1457
E02005434,5.0,8.0,25.71,47.86,0.94,0.13,97.96,0.97,SmallMetro,0,0,0,1,0,0,East Midlands,9,East Lindsey 011,31.0,1,105.0,32.55,608
E02005439,7.0,6.0,27.27,49.73,0.82,0.34,97.15,1.69,SmallMetro,0,0,0,1,0,0,East Midlands,10,East Lindsey 016,28.0,1,110.0,30.800000000000004,547
E02005486,6.0,6.0,17.28,50.85,2.19,0.84,95.37,1.61,LargeCentralMetro,1,0,0,0,0,0,East Midlands,10,South Kesteven 011,43.0,1,243.0,104.49,1475
E02005456,7.0,6.0,15.92,51.58,0.96,0.29,97.27,1.48,MediumMetro,0,0,1,0,0,0,East Midlands,10,North Kesteven 004,44.0,1,201.0,88.44,1235
E02005492,6.0,5.0,25.64,56.84,1.0,0.28,97.89,0.83,MediumMetro,0,0,1,0,0,0,East Midlands,10,West Lindsey 001,38.0,1,78.0,29.64,475
E02005479,8.0,8.0,28.57,39.34,3.78,1.03,92.92,2.26,LargeFringeMetro,0,1,0,0,0,0,East Midlands,10,South Kesteven 004,47.0,1,49.0,23.029999999999998,272
E02005494,5.0,6.0,33.33,49.5,0.73,0.15,97.66,1.46,Micropolitan,0,0,0,0,1,0,East Midlands,10,West Lindsey 003,34.0,1,162.0,55.080000000000005,1004
E02005489,7.0,5.0,20.17,50.74,1.47,0.41,96.4,1.71,LargeCentralMetro,1,0,0,0,0,0,East Midlands,9,South Kesteven 014,27.0,1,233.0,62.910000000000004,1344
E02006864,7.0,5.0,33.47,49.31,5.5,0.99,91.14,2.36,LargeFringeMetro,0,1,0,0,0,0,East Midlands,8,Boston 008,14.0,1,242.0,33.88,1446
E02005431,3.0,8.0,37.17,49.84,0.49,0.23,98.01,1.28,SmallMetro,0,0,0,1,0,0,East Midlands,10,East Lindsey 008,20.0,1,113.0,22.6,626
E02005436,4.0,8.0,32.18,47.14,0.55,0.17,98.08,1.2,SmallMetro,0,0,0,1,0,0,East Midlands,10,East Lindsey 013,25.0,1,87.0,21.75,437
E02005445,3.0,8.0,41.21,48.88,4.35,2.0,89.13,4.53,LargeCentralMetro,1,0,0,0,0,0,East Midlands,6,Lincoln 004,31.0,1,182.0,56.42,1295
E02005444,7.0,8.0,20.8,28.8,2.88,1.54,92.31,3.27,LargeCentralMetro,1,0,0,0,0,0,East Midlands,2,Lincoln 003,45.0,1,125.0,56.25,375
E02005427,4.0,9.0,37.75,50.57,1.04,0.2,97.17,1.58,LargeCentralMetro,1,0,0,0,0,0,East Midlands,,East Lindsey 004,25.0,1,151.0,37.75,870
E02006867,8.0,6.0,15.48,51.72,1.47,0.48,96.18,1.86,LargeCentralMetro,1,0,0,0,0,0,East Midlands,10,North Kesteven 014,34.78,2,336.0,116.86000000000001,2007
E02005449,5.0,7.0,20.31,50.33,5.27,2.1,89.35,3.28,LargeCentralMetro,1,0,0,0,0,0,East Midlands,4,Lincoln 008,42.94,3,517.0,221.99999999999997,3344
E02005502,7.0,6.0,28.57,49.71,1.2,0.26,97.08,1.46,MediumMetro,0,0,1,0,0,0,East Midlands,,West Lindsey 011,39.0,1,77.0,30.03,517
E02005478,5.0,8.0,25.97,46.44,3.49,0.77,93.67,2.07,LargeFringeMetro,0,1,0,0,0,0,East Midlands,9,South Kesteven 003,32.0,1,231.0,73.92,1406
E02005462,4.0,7.0,27.0,50.66,1.23,0.44,96.23,2.1,LargeFringeMetro,0,1,0,0,0,0,East Midlands,10,North Kesteven 010,28.0,1,363.0,101.64000000000001,2351
E02005458,7.0,5.0,13.21,48.52,0.86,0.15,98.01,0.98,Micropolitan,0,0,0,0,1,0,East Midlands,9,North Kesteven 006,39.0,1,159.0,62.010000000000005,1047
E02005435,3.0,10.0,59.73,52.09,1.16,0.11,97.6,1.13,LargeFringeMetro,0,1,0,0,0,0,East Midlands,9,East Lindsey 012,11.0,1,149.0,16.39,1029
E02005425,5.0,7.0,30.68,53.32,0.71,0.14,97.94,1.21,SmallMetro,0,0,0,1,0,0,East Midlands,10,East Lindsey 002,31.0,1,88.0,27.28,467
E02005471,4.0,5.0,22.96,49.2,1.73,0.67,95.23,2.37,LargeCentralMetro,1,0,0,0,0,0,East Midlands,10,South Holland 007,29.0,1,257.0,74.53,1382
E02005490,6.0,5.0,30.97,45.34,1.24,0.48,96.33,1.95,LargeCentralMetro,1,0,0,0,0,0,East Midlands,10,South Kesteven 015,34.0,1,113.0,38.42,558
E02005423,4.0,8.0,25.74,50.87,0.89,0.4,97.0,1.71,SmallMetro,0,0,0,1,0,0,East Midlands,10,Boston 007,6.0,1,101.0,6.06,576
E02005467,4.0,7.0,24.02,48.89,1.05,0.36,97.32,1.27,SmallMetro,0,0,0,1,0,0,East Midlands,10,South Holland 003,25.0,1,204.0,51.0,1391
E02005481,5.0,8.0,33.6,64.33,2.74,1.0,93.56,2.7,LargeFringeMetro,0,1,0,0,0,0,East Midlands,9,South Kesteven 006,42.0,1,125.0,52.5,942
E02005499,8.0,5.0,14.41,47.27,0.67,0.3,97.68,1.35,MediumMetro,0,0,1,0,0,0,East Midlands,10,West Lindsey 008,63.0,1,236.0,148.68,1428
E02005441,4.0,7.0,40.0,47.3,0.68,0.2,98.04,1.07,Noncore,0,0,0,0,0,1,East Midlands,10,East Lindsey 018,4.0,1,55.0,2.2,296
E02005537,5.0,6.0,20.54,46.37,0.75,0.23,97.78,1.24,MediumMetro,0,0,1,0,0,0,East of England,10,Broadland 018,41.0,1,112.0,45.919999999999995,578
E02005513,6.0,6.0,14.79,50.34,1.45,0.6,95.94,2.01,LargeCentralMetro,1,0,0,0,0,0,East of England,10,Breckland 011,42.0,1,142.0,59.64,884
E02005520,6.0,4.0,13.39,50.22,0.53,0.26,97.94,1.28,Micropolitan,0,0,0,0,1,0,East of England,10,Broadland 001,59.0,1,224.0,132.16,1145
E02005540,5.0,8.0,40.0,52.45,0.91,0.26,97.66,1.17,SmallMetro,0,0,0,1,0,0,East of England,10,Great Yarmouth 003,28.0,1,145.0,40.6,694
E02005593,3.0,4.0,49.59,47.78,11.37,4.35,77.06,7.22,LargeCentralMetro,1,0,0,0,0,0,East of England,10,Norwich 010,19.0,1,123.0,23.37,699
E02005595,8.0,4.0,22.22,52.41,5.7,1.42,88.98,3.9,LargeCentralMetro,1,0,0,0,0,0,East of England,10,Norwich 012,52.0,1,261.0,135.72,1763
E02005547,5.0,6.0,36.05,46.56,4.24,0.76,92.87,2.13,LargeFringeMetro,0,1,0,0,0,0,East of England,10,Great Yarmouth 010,24.0,1,172.0,41.28,844
E02005572,4.0,8.0,21.58,52.31,0.85,0.29,97.5,1.37,SmallMetro,0,0,0,1,0,0,East of England,10,North Norfolk 003,55.0,1,139.0,76.45,692
E02005611,6.0,3.0,14.01,49.89,1.78,0.77,95.55,1.89,LargeFringeMetro,0,1,0,0,0,0,East of England,7,South Norfolk 015,46.0,1,157.0,72.22,948
E02005580,5.0,7.0,24.77,49.03,0.81,0.16,97.89,1.14,SmallMetro,0,0,0,1,0,0,East of England,4,North Norfolk 011,23.0,1,109.0,25.07,777
E02005541,3.0,10.0,52.38,54.81,1.73,1.25,94.34,2.68,LargeFringeMetro,0,1,0,0,0,0,East of England,,Great Yarmouth 004,38.0,1,147.0,55.86,894
E02005530,7.0,6.0,20.97,44.26,2.46,1.05,94.05,2.44,LargeCentralMetro,1,0,0,0,0,0,East of England,9,Broadland 011,29.0,1,248.0,71.92,1577
E02005599,7.0,3.0,16.92,49.1,2.72,1.32,93.04,2.92,MediumMetro,0,0,1,0,0,0,East of England,6,South Norfolk 003,66.0,1,195.0,128.70000000000002,1108
E02005596,3.0,8.0,26.11,30.64,4.11,1.92,90.14,3.83,LargeCentralMetro,1,0,0,0,0,0,East of England,8,Norwich 013,48.76,2,157.0,76.55,731
E02005604,7.0,3.0,12.07,51.52,0.83,0.25,97.28,1.65,MediumMetro,0,0,1,0,0,0,East of England,9,South Norfolk 008,53.0,1,116.0,61.480000000000004,658
E02005569,7.0,7.0,24.14,47.25,0.82,0.9,94.22,4.05,Noncore,0,0,0,0,0,1,East of England,10,King's Lynn and West Norfolk 019,32.0,1,87.0,27.84,781
E02007053,4.0,7.0,21.56,55.63,7.88,2.68,83.47,5.97,LargeCentralMetro,1,0,0,0,0,0,East of England,3,Norwich 017,59.36,2,385.0,228.54000000000002,2648
E02005559,6.0,9.0,27.78,50.05,2.79,0.54,93.68,2.99,LargeFringeMetro,0,1,0,0,0,0,East of England,2,King's Lynn and West Norfolk 009,30.0,1,180.0,54.0,945
E02005607,7.0,3.0,18.7,48.97,0.74,0.34,97.91,1.01,MediumMetro,0,0,1,0,0,0,East of England,,South Norfolk 011,41.0,1,123.0,50.43,682
E02005545,6.0,6.0,26.34,51.93,0.96,0.31,97.76,0.97,LargeFringeMetro,0,1,0,0,0,0,East of England,10,Great Yarmouth 008,50.0,1,243.0,121.5,1190
E02005563,5.0,8.0,27.52,48.76,1.0,0.29,97.56,1.15,Noncore,0,0,0,0,0,1,East of England,9,King's Lynn and West Norfolk 013,40.0,1,149.0,59.6,806
E02005509,4.0,10.0,26.89,51.05,1.26,0.33,96.62,1.79,SmallMetro,0,0,0,1,0,0,East of England,10,Breckland 007,22.0,1,119.0,26.18,668
E02005505,6.0,8.0,32.32,48.27,1.42,0.46,96.73,1.38,LargeCentralMetro,1,0,0,0,0,0,East of England,9,Breckland 003,31.0,1,99.0,30.69,1129
E02005587,3.0,6.0,30.77,47.92,2.05,1.61,92.93,3.41,LargeCentralMetro,1,0,0,0,0,0,East of England,8,Norwich 004,22.0,1,104.0,22.88,601
E02005548,3.0,9.0,40.91,48.14,5.1,0.69,92.19,2.02,LargeFringeMetro,0,1,0,0,0,0,East of England,10,Great Yarmouth 011,39.0,1,176.0,68.64,887
E02007054,8.0,5.0,25.57,49.17,5.39,2.93,88.2,3.49,LargeCentralMetro,1,0,0,0,0,0,East of England,7,South Norfolk 016,42.0,1,219.0,91.97999999999999,1330
E02005521,7.0,2.0,18.54,49.37,0.51,0.17,97.97,1.35,Micropolitan,0,0,0,0,1,0,East of England,9,Broadland 002,36.0,1,151.0,54.36,1027
E02005558,6.0,7.0,23.02,48.5,0.45,0.19,98.55,0.82,Noncore,0,0,0,0,0,1,East of England,10,King's Lynn and West Norfolk 008,33.0,1,126.0,41.580000000000005,668
E02005586,4.0,6.0,41.75,49.3,3.18,2.13,90.54,4.15,LargeCentralMetro,1,0,0,0,0,0,East of England,6,Norwich 003,27.0,1,103.0,27.810000000000002,716
E02005570,6.0,3.0,17.89,52.1,0.78,0.13,98.17,0.93,SmallMetro,0,0,0,1,0,0,East of England,5,North Norfolk 001,37.0,1,123.0,45.51,737
E02005551,3.0,8.0,28.0,52.78,0.82,0.19,97.4,1.59,SmallMetro,0,0,0,1,0,0,East of England,,King's Lynn and West Norfolk 001,38.0,1,125.0,47.5,612
E02005560,5.0,7.0,21.17,52.23,12.17,2.14,82.05,3.64,LargeFringeMetro,0,1,0,0,0,0,East of England,9,King's Lynn and West Norfolk 010,39.0,1,274.0,106.86,1880
E02005582,4.0,7.0,19.18,43.01,0.38,0.19,98.21,1.22,SmallMetro,0,0,0,1,0,0,East of England,8,North Norfolk 013,40.0,1,73.0,29.200000000000003,458
E02005525,8.0,4.0,16.04,49.75,1.77,0.77,95.61,1.85,LargeCentralMetro,1,0,0,0,0,0,East of England,9,Broadland 006,58.0,1,212.0,122.96,1204
E02005518,7.0,4.0,28.02,51.51,1.55,0.74,93.89,3.82,LargeFringeMetro,0,1,0,0,0,0,East of England,7,Breckland 016,38.0,1,207.0,78.66,1258
E02005534,9.0,4.0,11.42,48.02,0.96,0.57,96.46,2.01,LargeCentralMetro,1,0,0,0,0,0,East of England,9,Broadland 015,56.0,1,289.0,161.84,1839
E02005511,4.0,5.0,25.49,49.65,0.87,0.5,96.98,1.65,LargeFringeMetro,0,1,0,0,0,0,East of England,9,Breckland 009,49.0,1,102.0,49.98,576
E02005600,8.0,4.0,11.17,50.0,1.33,2.29,94.48,1.9,Micropolitan,0,0,0,0,1,0,East of England,9,South Norfolk 004,57.0,1,206.0,117.41999999999999,1424
E02005603,7.0,5.0,13.87,49.85,1.67,0.89,95.37,2.08,LargeCentralMetro,1,0,0,0,0,0,East of England,4,South Norfolk 007,55.0,1,238.0,130.9,1641
E02005719,4.0,10.0,31.91,52.4,0.48,0.27,98.2,1.05,MediumMetro,0,0,1,0,0,0,North East,4,Northumberland 032,46.0,1,141.0,64.86,563
E02005706,4.0,8.0,25.76,46.79,0.96,0.21,97.6,1.24,LargeFringeMetro,0,1,0,0,0,0,North East,4,Northumberland 001,26.0,1,132.0,34.32,545
E02005712,5.0,9.0,52.48,49.23,1.46,0.58,96.66,1.3,LargeCentralMetro,1,0,0,0,0,0,North East,9,Northumberland 025,39.0,1,141.0,54.99,782
E02005718,8.0,10.0,20.8,49.42,0.59,0.18,98.34,0.89,LargeCentralMetro,1,0,0,0,0,0,North East,10,Northumberland 031,41.0,1,327.0,134.07,1995
E02005733,8.0,7.0,25.4,52.96,0.4,0.12,98.6,0.88,SmallMetro,0,0,0,1,0,0,North East,10,Northumberland 040,44.0,1,63.0,27.72,423
E02005704,6.0,9.0,26.67,50.13,0.46,0.09,98.87,0.59,SmallMetro,0,0,0,1,0,0,North East,6,Northumberland 006,27.0,1,90.0,24.3,742
E02005721,7.0,9.0,13.79,48.95,0.68,0.04,98.42,0.86,LargeCentralMetro,1,0,0,0,0,0,North East,3,Northumberland 011,55.0,1,319.0,175.45000000000002,1426
E02005736,2.0,10.0,39.52,51.67,2.01,0.21,96.43,1.35,LargeCentralMetro,1,0,0,0,0,0,North East,6,Northumberland 013,34.0,1,167.0,56.78,1018
E02005730,7.0,8.0,15.86,48.46,0.92,0.13,97.75,1.21,LargeCentralMetro,1,0,0,0,0,0,North East,10,Northumberland 035,60.0,1,309.0,185.4,1298
E02005741,6.0,9.0,24.88,54.25,0.79,0.07,98.15,0.99,LargeCentralMetro,1,0,0,0,0,0,North East,8,Northumberland 021,35.0,1,201.0,70.35,1117
E02005992,7.0,6.0,26.38,35.58,4.28,1.11,91.43,3.18,LargeCentralMetro,1,0,0,0,0,0,South East,10,Vale of White Horse 015,25.0,2,235.0,58.75,933
E02006003,7.0,6.0,9.62,47.32,1.77,0.62,94.96,2.65,MediumMetro,0,0,1,0,0,0,South East,7,West Oxfordshire 011,63.0,1,208.0,131.04,1363
E02005934,7.0,6.0,16.54,50.82,4.64,1.76,89.2,4.39,LargeCentralMetro,1,0,0,0,0,0,South East,8,Cherwell 014,33.0,1,254.0,83.82000000000001,1283
E02005926,7.0,7.0,19.44,49.62,5.24,1.42,89.81,3.53,LargeFringeMetro,0,1,0,0,0,0,South East,7,Cherwell 006,35.05,3,355.0,124.43,1973
E02006004,8.0,6.0,9.35,50.64,1.12,0.67,96.36,1.85,SmallMetro,0,0,0,1,0,0,South East,9,West Oxfordshire 012,52.0,1,246.0,127.92,1495
E02006005,8.0,7.0,17.76,48.36,1.76,1.06,94.47,2.71,LargeFringeMetro,0,1,0,0,0,0,South East,4,West Oxfordshire 013,25.0,1,107.0,26.75,639
E02005949,4.0,4.0,24.07,49.76,21.64,6.07,62.53,9.75,LargeCentralMetro,1,0,0,0,0,0,South East,1,Oxford 010,47.0,1,270.0,126.89999999999999,1694
E02005942,10.0,1.0,15.9,48.03,10.69,1.52,80.28,7.51,LargeCentralMetro,1,0,0,0,0,0,South East,1,Oxford 003,68.0,1,283.0,192.44000000000003,2007
E02005993,7.0,7.0,13.55,50.36,2.98,0.58,94.44,2.0,SmallMetro,0,0,0,1,0,0,South East,7,West Oxfordshire 001,63.0,1,155.0,97.65,983
E02005933,7.0,7.0,11.06,51.7,5.05,1.85,88.98,4.12,LargeCentralMetro,1,0,0,0,0,0,South East,8,Cherwell 013,39.0,1,217.0,84.63000000000001,1296
E02005967,7.0,6.0,9.22,100.0,6.71,2.54,86.77,3.98,LargeCentralMetro,1,0,0,0,0,0,South East,8,South Oxfordshire 010,71.0,1,282.0,200.22,1614
E02006886,6.0,3.0,16.81,48.1,1.54,1.28,94.28,2.9,MediumMetro,0,0,1,0,0,0,South East,10,Vale of White Horse 016,41.0,1,226.0,92.66,1422
E02005974,9.0,3.0,6.63,54.4,2.58,0.65,92.67,4.1,LargeCentralMetro,1,0,0,0,0,0,South East,6,South Oxfordshire 017,67.0,1,181.0,121.27000000000001,954
E02005939,8.0,5.0,16.9,44.99,5.66,1.61,88.04,4.69,LargeCentralMetro,1,0,0,0,0,0,South East,10,Cherwell 019,52.0,1,142.0,73.84,838
E02006002,6.0,7.0,12.7,50.0,2.67,0.78,93.4,3.15,LargeFringeMetro,0,1,0,0,0,0,South East,4,West Oxfordshire 010,40.0,1,189.0,75.60000000000001,1060
E02005983,7.0,7.0,18.47,46.17,5.22,2.05,88.49,4.24,LargeCentralMetro,1,0,0,0,0,0,South East,10,Vale of White Horse 006,39.0,1,157.0,61.230000000000004,1031
E02005991,7.0,5.0,15.74,48.45,2.08,1.2,94.26,2.45,LargeFringeMetro,0,1,0,0,0,0,South East,10,Vale of White Horse 014,48.0,1,235.0,112.8,1705
E02005975,9.0,3.0,10.74,50.24,1.6,0.75,95.16,2.49,MediumMetro,0,0,1,0,0,0,South East,6,South Oxfordshire 018,70.0,1,121.0,84.69999999999999,623
E02005960,8.0,5.0,10.22,50.38,1.62,0.84,94.3,3.24,LargeCentralMetro,1,0,0,0,0,0,South East,10,South Oxfordshire 003,56.0,1,323.0,180.88000000000002,2229
E02005996,8.0,2.0,6.94,52.15,1.94,0.62,94.65,2.8,MediumMetro,0,0,1,0,0,0,South East,10,West Oxfordshire 004,64.0,1,173.0,110.72,1072
E02005978,8.0,2.0,14.63,47.79,6.91,1.65,86.19,5.25,LargeCentralMetro,1,0,0,0,0,0,South East,8,Vale of White Horse 001,52.0,1,205.0,106.60000000000001,1314
E02005922,7.0,5.0,31.21,49.75,4.58,2.2,89.21,4.01,LargeFringeMetro,0,1,0,0,0,0,South East,6,Cherwell 002,45.0,1,173.0,77.85000000000001,1001
E02007116,4.0,4.0,27.1,50.04,24.52,4.47,61.62,9.39,LargeCentralMetro,1,0,0,0,0,0,South East,1,Oxford 019,49.0,1,214.0,104.86,1345
E02005971,7.0,7.0,11.28,0.0,3.03,0.86,93.82,2.28,LargeCentralMetro,1,0,0,0,0,0,South East,8,South Oxfordshire 014,54.0,1,133.0,71.82000000000001,1040
E02005969,8.0,5.0,11.06,47.7,1.87,0.56,95.38,2.2,MediumMetro,0,0,1,0,0,0,South East,10,South Oxfordshire 012,55.0,1,199.0,109.45,1348
E02005928,8.0,4.0,13.55,49.35,3.16,1.16,92.59,3.09,Noncore,0,0,0,0,0,1,South East,10,Cherwell 008,43.0,1,251.0,107.92999999999999,1546
E02005959,9.0,4.0,15.3,48.68,3.41,1.27,90.78,4.53,Micropolitan,0,0,0,0,1,0,South East,6,South Oxfordshire 002,58.0,1,183.0,106.13999999999999,1138
E02006076,6.0,6.0,16.24,48.32,0.5,0.21,98.12,1.18,SmallMetro,0,0,0,1,0,0,South West,9,South Somerset 002,32.0,1,117.0,37.44,567
E02006112,10.0,5.0,18.04,49.76,1.82,0.34,96.25,1.59,LargeFringeMetro,0,1,0,0,0,0,South West,2,Somerset West and Taunton 019,45.0,1,194.0,87.3,1047
E02006054,6.0,6.0,12.33,48.36,1.45,0.2,96.36,1.98,LargeFringeMetro,0,1,0,0,0,0,South West,4,Mendip 008,50.0,1,227.0,113.5,1464
E02006067,8.0,4.0,27.94,0.0,0.11,0.31,98.4,1.18,Noncore,0,0,0,0,0,1,South West,9,Sedgemoor 007,24.0,1,68.0,16.32,339
E02006109,10.0,5.0,13.39,50.88,4.32,0.85,93.0,1.83,LargeFringeMetro,0,1,0,0,0,0,South West,3,Somerset West and Taunton 016,54.0,1,239.0,129.06,1199
E02006110,5.0,8.0,21.66,50.6,1.79,0.91,95.73,1.57,LargeFringeMetro,0,1,0,0,0,0,South West,4,Somerset West and Taunton 018,41.0,1,157.0,64.36999999999999,751
E02006060,6.0,7.0,12.83,52.57,1.57,0.65,95.77,2.01,LargeFringeMetro,0,1,0,0,0,0,South West,8,Mendip 014,40.0,1,187.0,74.8,1050
E02006071,8.0,6.0,11.74,54.29,1.02,0.24,97.25,1.48,LargeCentralMetro,1,0,0,0,0,0,South West,7,Sedgemoor 011,62.0,1,213.0,132.06,1083
E02006097,4.0,8.0,23.11,49.66,0.91,1.15,95.21,2.72,LargeFringeMetro,0,1,0,0,0,0,South West,5,South Somerset 023,38.0,1,225.0,85.5,1319
E02006061,8.0,4.0,9.33,50.24,0.97,0.26,97.15,1.62,MediumMetro,0,0,1,0,0,0,South West,8,Sedgemoor 001,56.0,1,225.0,126.00000000000001,1033
E02006101,7.0,4.0,19.79,50.37,0.42,0.16,98.05,1.37,SmallMetro,0,0,0,1,0,0,South West,7,Somerset West and Taunton 013,32.0,1,187.0,59.84,945
E02006090,6.0,9.0,13.48,50.26,1.79,0.51,95.8,1.89,LargeFringeMetro,0,1,0,0,0,0,South West,7,South Somerset 016,48.0,1,178.0,85.44,959
E02006073,2.0,9.0,30.67,51.39,2.07,0.46,94.74,2.73,LargeCentralMetro,1,0,0,0,0,0,South West,3,Sedgemoor 013,25.0,1,163.0,40.75,973
E02006057,4.0,8.0,28.0,49.66,1.35,0.39,96.13,2.13,SmallMetro,0,0,0,1,0,0,South West,10,Mendip 011,39.0,1,75.0,29.25,441
E02006075,8.0,3.0,8.04,51.0,0.94,0.67,96.91,1.48,Noncore,0,0,0,0,0,1,South West,10,South Somerset 001,59.0,1,112.0,66.08,651
E02006091,7.0,6.0,17.14,47.9,0.3,0.13,98.33,1.23,Noncore,0,0,0,0,0,1,South West,10,South Somerset 017,39.0,1,140.0,54.6,787
E02006095,5.0,7.0,16.33,51.35,0.63,0.25,97.75,1.36,SmallMetro,0,0,0,1,0,0,South West,6,South Somerset 021,32.0,1,147.0,47.04,816
E02006114,4.0,7.0,20.73,48.0,0.41,0.11,98.15,1.33,LargeFringeMetro,0,1,0,0,0,0,South West,9,Somerset West and Taunton 002,27.0,1,193.0,52.11000000000001,775
E02006087,5.0,9.0,20.63,52.8,1.86,0.91,95.31,1.91,LargeFringeMetro,0,1,0,0,0,0,South West,5,South Somerset 013,38.0,1,189.0,71.82000000000001,1053
E02006052,8.0,4.0,13.27,48.11,0.83,0.3,97.04,1.83,SmallMetro,0,0,0,1,0,0,South West,6,Mendip 006,38.0,1,98.0,37.24,555
E02006290,4.0,6.0,29.76,49.83,1.43,0.3,96.55,1.73,SmallMetro,0,0,0,1,0,0,East of England,9,East Suffolk 019,15.0,1,84.0,12.6,586
E02006303,2.0,10.0,37.5,49.83,0.76,0.44,97.53,1.27,LargeFringeMetro,0,1,0,0,0,0,East of England,5,East Suffolk 002,32.63,2,368.0,120.07999999999998,2003
E02006238,6.0,8.0,21.3,48.23,1.11,1.25,94.33,3.3,SmallMetro,0,0,0,1,0,0,East of England,10,West Suffolk 002,39.0,1,108.0,42.120000000000005,566
E02006314,5.0,7.0,18.67,50.63,2.05,0.26,96.31,1.38,SmallMetro,0,0,0,1,0,0,East of England,6,East Suffolk 013,40.0,1,150.0,60.0,946
E02006278,6.0,6.0,18.32,49.65,3.14,2.04,89.75,5.07,LargeFringeMetro,0,1,0,0,0,0,East of England,3,West Suffolk 011,39.53,2,453.0,179.06,1855
E02006284,6.0,5.0,22.63,54.1,3.1,0.87,93.42,2.61,LargeFringeMetro,0,1,0,0,0,0,East of England,4,West Suffolk 019,36.0,1,137.0,49.32,732
E02006254,2.0,7.0,38.95,49.46,6.12,5.24,80.45,8.19,LargeCentralMetro,1,0,0,0,0,0,East of England,7,Ipswich 010,21.0,1,172.0,36.12,934
E02006252,7.0,6.0,16.27,46.42,8.56,2.98,81.56,6.9,LargeCentralMetro,1,0,0,0,0,0,East of England,7,Ipswich 008,55.0,1,295.0,162.25,1887
E02006267,8.0,3.0,10.37,48.75,0.44,0.41,97.59,1.56,MediumMetro,0,0,1,0,0,0,East of England,8,Mid Suffolk 007,61.0,1,135.0,82.35,681
E02006236,8.0,4.0,17.2,48.67,0.66,0.24,97.46,1.64,MediumMetro,0,0,1,0,0,0,East of England,8,Babergh 010,41.0,1,186.0,76.25999999999999,900
E02006306,4.0,8.0,35.47,50.46,0.73,0.69,96.94,1.65,LargeFringeMetro,0,1,0,0,0,0,East of England,3,East Suffolk 005,49.0,1,172.0,84.28,866
E02006294,6.0,6.0,17.53,49.97,1.22,0.37,95.71,2.7,LargeCentralMetro,1,0,0,0,0,0,East of England,3,East Suffolk 022,43.0,1,308.0,132.44,1923
E02006300,3.0,9.0,21.46,50.81,1.5,1.11,94.94,2.46,LargeCentralMetro,1,0,0,0,0,0,East of England,8,East Suffolk 029,28.0,1,205.0,57.400000000000006,1228
E02006230,6.0,5.0,17.99,45.22,1.08,1.15,95.8,1.97,MediumMetro,0,0,1,0,0,0,East of England,9,Babergh 004,40.0,1,139.0,55.6,763
E02006261,8.0,3.0,17.53,48.95,0.96,0.29,97.46,1.29,SmallMetro,0,0,0,1,0,0,East of England,8,Mid Suffolk 001,60.0,1,154.0,92.39999999999999,1048
E02006237,8.0,3.0,18.1,49.83,1.03,0.88,96.12,1.97,MediumMetro,0,0,1,0,0,0,East of England,10,Babergh 011,34.0,1,116.0,39.440000000000005,586
E02006258,4.0,8.0,54.84,50.15,7.28,4.14,80.82,7.76,LargeCentralMetro,1,0,0,0,0,0,East of England,5,Ipswich 014,30.0,1,155.0,46.5,1001
E02006295,8.0,5.0,15.69,49.81,2.55,1.05,93.52,2.87,LargeCentralMetro,1,0,0,0,0,0,East of England,10,East Suffolk 024,53.0,1,306.0,162.18,1875
E02006241,5.0,7.0,26.56,48.97,2.04,1.96,90.65,5.36,LargeFringeMetro,0,1,0,0,0,0,East of England,4,West Suffolk 004,34.0,1,192.0,65.28,1311
E02006826,6.0,4.0,26.38,46.77,5.98,1.47,88.03,4.52,LargeCentralMetro,1,0,0,0,0,0,East of England,5,West Suffolk 015,38.0,1,163.0,61.94,836
E02006248,7.0,6.0,11.2,51.39,6.59,2.04,85.5,5.87,LargeCentralMetro,1,0,0,0,0,0,East of England,7,Ipswich 004,54.0,1,250.0,135.0,1732
E02006245,5.0,9.0,36.49,47.94,2.78,2.72,87.25,7.25,LargeCentralMetro,1,0,0,0,0,0,East of England,10,Ipswich 001,31.0,1,74.0,22.94,557
E02006233,4.0,8.0,30.67,47.94,1.7,0.5,95.22,2.58,LargeFringeMetro,0,1,0,0,0,0,East of England,8,Babergh 007,19.0,1,150.0,28.5,703
E02006253,9.0,6.0,15.0,53.27,6.0,1.96,87.71,4.33,LargeCentralMetro,1,0,0,0,0,0,East of England,5,Ipswich 009,46.0,1,160.0,73.60000000000001,1023
E02006286,6.0,6.0,15.42,49.96,3.16,1.28,93.23,2.33,LargeFringeMetro,0,1,0,0,0,0,East of England,4,West Suffolk 020,40.0,1,227.0,90.80000000000001,1219
E02006311,4.0,8.0,22.5,49.55,1.37,0.1,97.0,1.54,LargeFringeMetro,0,1,0,0,0,0,East of England,4,East Suffolk 010,39.8,2,280.0,111.44999999999999,1679
E02006274,8.0,4.0,20.83,46.27,0.99,0.92,96.23,1.86,SmallMetro,0,0,0,1,0,0,East of England,8,West Suffolk 006,33.0,1,72.0,23.76,482
E02006256,2.0,8.0,36.84,48.11,3.43,5.86,82.4,8.32,LargeCentralMetro,1,0,0,0,0,0,East of England,6,Ipswich 012,23.0,1,133.0,30.59,742
E02006282,7.0,5.0,13.56,47.95,0.57,0.12,98.18,1.13,Noncore,0,0,0,0,0,1,East of England,8,West Suffolk 017,43.0,1,118.0,50.74,586
E02006263,8.0,2.0,13.33,50.42,0.33,0.42,98.17,1.08,SmallMetro,0,0,0,1,0,0,East of England,8,Mid Suffolk 003,65.0,1,75.0,48.75,355
E02006276,6.0,6.0,17.09,46.92,1.69,0.6,95.01,2.71,Noncore,0,0,0,0,0,1,East of England,,West Suffolk 016,41.0,1,158.0,64.78,682
E02006234,4.0,7.0,17.28,49.75,0.89,0.46,97.11,1.54,LargeFringeMetro,0,1,0,0,0,0,East of England,10,Babergh 008,55.0,1,272.0,149.60000000000002,1576
E02006288,7.0,3.0,15.31,51.01,1.17,0.28,96.86,1.69,SmallMetro,0,0,0,1,0,0,East of England,6,East Suffolk 017,44.0,1,196.0,86.24,1092
E02006264,6.0,4.0,18.22,49.81,0.5,0.42,97.6,1.49,SmallMetro,0,0,0,1,0,0,East of England,7,Mid Suffolk 004,43.0,1,269.0,115.67,1570
E02006247,3.0,7.0,32.56,47.22,3.6,3.11,86.6,6.68,LargeCentralMetro,1,0,0,0,0,0,East of England,8,Ipswich 003,38.0,1,172.0,65.36,1027
E02006357,6.0,4.0,19.81,50.54,4.65,1.18,90.97,3.2,LargeCentralMetro,1,0,0,0,0,0,South East,10,Guildford 014,52.0,1,207.0,107.64,1102
E02006377,9.0,3.0,16.88,50.16,7.94,1.05,85.38,5.63,LargeCentralMetro,1,0,0,0,0,0,South East,10,Reigate and Banstead 003,49.0,1,231.0,113.19,1226
E02006459,3.0,2.0,24.09,50.8,49.96,2.24,40.64,7.16,LargeCentralMetro,1,0,0,0,0,0,South East,10,Woking 004,31.0,1,137.0,42.47,748
E02006413,7.0,5.0,6.82,49.65,6.54,1.61,86.41,5.44,LargeCentralMetro,1,0,0,0,0,0,South East,10,Spelthorne 011,50.0,1,176.0,88.0,1142
E02006341,7.0,3.0,9.93,27.7,10.26,2.68,79.84,7.22,LargeCentralMetro,1,0,0,0,0,0,South East,6,Epsom and Ewell 007,55.81,2,443.0,247.21999999999997,3040
E02006399,6.0,5.0,14.47,47.77,8.0,1.95,84.88,5.18,LargeCentralMetro,1,0,0,0,0,0,South East,9,Runnymede 007,60.62,3,553.0,335.21,3320
E02006350,4.0,7.0,18.02,48.43,7.14,1.55,85.84,5.47,LargeCentralMetro,1,0,0,0,0,0,South East,10,Guildford 007,29.0,1,111.0,32.19,669
E02006419,5.0,4.0,13.85,49.7,11.17,1.67,82.11,5.04,LargeCentralMetro,1,0,0,0,0,0,South East,7,Surrey Heath 004,51.0,1,325.0,165.75,1686
E02006336,6.0,4.0,20.83,51.51,11.21,2.94,78.27,7.57,LargeCentralMetro,1,0,0,0,0,0,South East,5,Epsom and Ewell 002,40.0,1,168.0,67.2,963
E02006329,9.0,2.0,13.12,51.33,6.58,0.96,86.26,6.21,LargeCentralMetro,1,0,0,0,0,0,South East,10,Elmbridge 013,57.0,1,221.0,125.96999999999998,1165
E02006440,8.0,2.0,12.68,50.23,3.38,1.15,92.6,2.88,LargeCentralMetro,1,0,0,0,0,0,South East,,Waverley 002,33.0,1,213.0,70.29,1073
E02006402,9.0,3.0,8.82,49.02,6.42,0.92,88.32,4.34,LargeCentralMetro,1,0,0,0,0,0,South East,10,Runnymede 010,62.0,1,238.0,147.56,1379
E02006354,10.0,2.0,8.7,45.7,7.57,0.92,85.59,5.92,LargeCentralMetro,1,0,0,0,0,0,South East,10,Guildford 011,65.0,1,299.0,194.35,1932
E02006421,9.0,2.0,8.0,45.14,6.38,1.93,87.51,4.19,LargeCentralMetro,1,0,0,0,0,0,South East,5,Surrey Heath 006,82.0,1,125.0,102.5,946
E02006358,8.0,4.0,11.05,48.1,15.38,2.4,74.43,7.79,LargeCentralMetro,1,0,0,0,0,0,South East,5,Guildford 015,66.0,1,181.0,119.46000000000001,1208
E02006328,8.0,2.0,4.39,45.07,6.01,1.44,86.36,6.2,LargeCentralMetro,1,0,0,0,0,0,South East,8,Elmbridge 012,81.0,1,205.0,166.05,1269
E02006325,10.0,1.0,7.27,44.97,9.18,0.5,84.24,6.08,LargeCentralMetro,1,0,0,0,0,0,South East,6,Elmbridge 009,72.0,1,220.0,158.4,1381
E02006467,9.0,2.0,21.92,48.59,7.7,1.18,86.63,4.48,LargeCentralMetro,1,0,0,0,0,0,South East,,Woking 012,47.0,1,146.0,68.61999999999999,743
E02006346,9.0,2.0,6.14,48.39,1.79,0.65,95.05,2.51,LargeCentralMetro,1,0,0,0,0,0,South East,10,Guildford 003,65.0,1,228.0,148.20000000000002,1521
E02006355,5.0,7.0,36.0,51.61,19.07,4.11,69.36,7.46,LargeCentralMetro,1,0,0,0,0,0,South East,8,Guildford 012,28.0,1,50.0,14.000000000000002,465
E02006395,6.0,4.0,11.85,51.45,9.66,1.38,83.62,5.34,LargeCentralMetro,1,0,0,0,0,0,South East,8,Runnymede 003,51.0,1,211.0,107.61,1106
E02006409,6.0,4.0,26.58,47.93,10.0,1.65,83.42,4.93,LargeCentralMetro,1,0,0,0,0,0,South East,7,Spelthorne 007,27.0,1,158.0,42.660000000000004,966
E02006391,8.0,4.0,17.8,47.63,6.33,2.5,86.74,4.42,LargeCentralMetro,1,0,0,0,0,0,South East,10,Reigate and Banstead 017,36.0,1,264.0,95.03999999999999,1516
E02006433,9.0,2.0,15.81,52.28,1.79,0.9,94.54,2.77,LargeCentralMetro,1,0,0,0,0,0,South East,10,Tandridge 006,32.0,1,291.0,93.12,1714
E02006449,8.0,5.0,12.57,48.67,1.55,0.29,95.3,2.86,LargeCentralMetro,1,0,0,0,0,0,South East,10,Waverley 011,55.0,1,183.0,100.65,902
E02006342,7.0,3.0,6.09,100.0,10.66,3.2,78.14,8.0,LargeCentralMetro,1,0,0,0,0,0,South East,7,Epsom and Ewell 008,76.0,1,230.0,174.8,1417
E02006384,6.0,4.0,7.38,52.5,13.61,4.48,75.34,6.57,LargeCentralMetro,1,0,0,0,0,0,South East,8,Reigate and Banstead 010,72.0,1,298.0,214.56,1922
E02006466,5.0,4.0,5.86,49.0,12.42,2.84,78.7,6.04,LargeCentralMetro,1,0,0,0,0,0,South East,7,Woking 011,74.0,1,239.0,176.85999999999999,1498
E02006415,9.0,6.0,11.92,47.96,3.82,0.46,91.89,3.83,LargeCentralMetro,1,0,0,0,0,0,South East,10,Spelthorne 013,56.0,1,193.0,108.08000000000001,1007
E02006405,7.0,4.0,30.99,47.74,15.26,2.89,75.49,6.37,LargeCentralMetro,1,0,0,0,0,0,South East,10,Spelthorne 003,32.0,1,142.0,45.44,729
E02006326,7.0,4.0,23.27,49.97,7.62,1.78,83.55,7.05,LargeCentralMetro,1,0,0,0,0,0,South East,8,Elmbridge 010,42.0,1,202.0,84.84,1447
E02006425,7.0,2.0,7.27,50.33,15.63,1.77,77.08,5.53,LargeCentralMetro,1,0,0,0,0,0,South East,2,Surrey Heath 010,66.0,1,289.0,190.74,1502
E02006429,8.0,3.0,14.58,49.55,7.06,4.82,80.84,7.28,LargeCentralMetro,1,0,0,0,0,0,South East,5,Tandridge 002,37.0,1,240.0,88.8,1437
E02006447,9.0,2.0,8.26,50.69,2.43,0.81,94.37,2.39,LargeCentralMetro,1,0,0,0,0,0,South East,6,Waverley 009,79.0,1,327.0,258.33,1655
E02006464,8.0,4.0,12.89,48.94,6.23,1.57,87.58,4.61,LargeCentralMetro,1,0,0,0,0,0,South East,8,Woking 009,51.0,1,287.0,146.37,1504
E02006458,9.0,4.0,12.61,46.46,7.55,1.25,86.1,5.1,LargeCentralMetro,1,0,0,0,0,0,South East,10,Woking 003,57.0,1,238.0,135.66,1199
E02006455,8.0,6.0,12.33,53.03,4.44,1.14,91.73,2.69,LargeCentralMetro,1,0,0,0,0,0,South East,10,Waverley 017,50.0,1,146.0,73.0,858
E02006510,6.0,6.0,16.26,46.98,1.43,0.19,96.66,1.72,MediumMetro,0,0,1,0,0,0,West Midlands,8,Stratford-on-Avon 007,59.0,1,123.0,72.57,645
E02006806,3.0,8.0,22.83,47.42,9.84,2.42,83.15,4.59,LargeCentralMetro,1,0,0,0,0,0,West Midlands,8,Nuneaton and Bedworth 018,40.0,1,184.0,73.60000000000001,1048
E02006501,8.0,5.0,15.41,50.4,7.77,2.2,86.75,3.28,LargeCentralMetro,1,0,0,0,0,0,West Midlands,10,Rugby 010,59.0,1,279.0,164.60999999999999,1742
E02006494,4.0,8.0,28.37,52.19,7.04,5.0,82.84,5.11,LargeCentralMetro,1,0,0,0,0,0,West Midlands,8,Rugby 003,37.0,1,215.0,79.55,1096
E02006533,8.0,8.0,36.13,50.18,15.2,0.82,78.57,5.41,LargeCentralMetro,1,0,0,0,0,0,West Midlands,2,Warwick 015,41.0,1,155.0,63.55,1082
E02006473,7.0,7.0,27.86,51.82,1.23,0.5,95.3,2.97,LargeCentralMetro,1,0,0,0,0,0,West Midlands,10,North Warwickshire 006,27.0,1,201.0,54.27,1235
E02006477,7.0,7.0,26.01,46.21,8.48,1.8,86.62,3.1,LargeCentralMetro,1,0,0,0,0,0,West Midlands,10,Nuneaton and Bedworth 003,38.0,1,173.0,65.74,1017
E02006483,3.0,9.0,29.65,51.43,18.45,1.54,75.49,4.52,LargeCentralMetro,1,0,0,0,0,0,West Midlands,10,Nuneaton and Bedworth 009,41.0,1,172.0,70.52,803
E02006502,7.0,7.0,32.62,45.33,5.59,1.83,89.1,3.48,LargeCentralMetro,1,0,0,0,0,0,West Midlands,8,Rugby 011,47.0,1,141.0,66.27,825
E02006505,8.0,7.0,15.5,52.9,1.19,0.3,96.98,1.52,MediumMetro,0,0,1,0,0,0,West Midlands,10,Stratford-on-Avon 002,47.0,1,129.0,60.629999999999995,690
E02006475,6.0,6.0,14.34,50.21,5.69,1.69,90.18,2.44,LargeCentralMetro,1,0,0,0,0,0,West Midlands,10,Nuneaton and Bedworth 001,67.0,1,244.0,163.48000000000002,1418
E02006471,8.0,6.0,22.14,50.78,2.04,0.63,95.31,2.02,MediumMetro,0,0,1,0,0,0,West Midlands,8,North Warwickshire 004,36.0,1,140.0,50.4,705
E02006530,7.0,7.0,18.59,49.41,14.13,1.03,78.64,6.2,LargeCentralMetro,1,0,0,0,0,0,West Midlands,3,Warwick 012,52.0,1,269.0,139.88,1777
E02006489,4.0,8.0,29.65,52.27,13.33,3.04,78.18,5.45,LargeCentralMetro,1,0,0,0,0,0,West Midlands,10,Nuneaton and Bedworth 015,34.0,1,199.0,67.66000000000001,1320
E02006468,6.0,6.0,16.32,50.31,0.75,0.41,97.85,0.99,MediumMetro,0,0,1,0,0,0,West Midlands,7,North Warwickshire 001,45.0,1,239.0,107.55,1471
E02006470,5.0,9.0,32.09,50.07,1.35,0.5,96.36,1.78,LargeCentralMetro,1,0,0,0,0,0,West Midlands,4,North Warwickshire 003,40.0,1,134.0,53.6,701
E02006500,6.0,6.0,32.32,54.2,6.72,2.08,87.64,3.56,LargeCentralMetro,1,0,0,0,0,0,West Midlands,,Rugby 009,38.0,1,164.0,62.32,976
E02006480,4.0,8.0,20.38,55.31,5.45,1.58,90.39,2.59,LargeCentralMetro,1,0,0,0,0,0,West Midlands,10,Nuneaton and Bedworth 006,48.0,1,157.0,75.36,1045
E02006518,6.0,6.0,17.95,47.11,0.72,0.12,97.65,1.51,SmallMetro,0,0,0,1,0,0,West Midlands,10,Stratford-on-Avon 015,49.0,1,117.0,57.33,605
E02006514,8.0,7.0,19.93,50.46,2.48,0.47,94.28,2.76,LargeCentralMetro,1,0,0,0,0,0,West Midlands,8,Stratford-on-Avon 011,46.0,1,271.0,124.66000000000001,1744
E02006506,6.0,7.0,14.19,47.82,1.26,0.35,96.44,1.95,LargeCentralMetro,1,0,0,0,0,0,West Midlands,10,Stratford-on-Avon 003,53.0,1,148.0,78.44,849
E02006574,5.0,8.0,21.43,48.64,0.83,0.26,97.37,1.54,LargeFringeMetro,0,1,0,0,0,0,South East,10,Chichester 014,23.0,1,84.0,19.32,477
E02006546,6.0,6.0,25.43,47.14,1.55,0.55,95.89,2.01,LargeCentralMetro,1,0,0,0,0,0,South East,10,Arun 005,32.0,1,232.0,74.24,1345
E02006571,6.0,6.0,9.58,52.26,1.66,0.4,95.89,2.05,LargeCentralMetro,1,0,0,0,0,0,South East,8,Chichester 011,53.0,1,240.0,127.2,1552
E02006625,8.0,7.0,20.46,24.49,4.05,0.99,91.43,3.52,LargeCentralMetro,1,0,0,0,0,0,South East,5,Worthing 005,43.21,2,303.0,130.93,1572
E02006567,5.0,5.0,14.63,47.88,0.33,0.21,98.24,1.22,LargeCentralMetro,1,0,0,0,0,0,South East,9,Chichester 007,37.0,1,164.0,60.68,756
E02006617,7.0,7.0,20.57,51.31,9.67,0.81,86.38,3.14,LargeCentralMetro,1,0,0,0,0,0,South East,8,Mid Sussex 014,46.0,1,175.0,80.5,1068
E02006572,5.0,8.0,22.18,50.85,2.39,0.55,94.39,2.66,LargeCentralMetro,1,0,0,0,0,0,South East,8,Chichester 012,33.0,1,248.0,81.84,1353
E02006629,5.0,9.0,9.65,100.0,6.97,1.34,87.54,4.15,LargeCentralMetro,1,0,0,0,0,0,South East,8,Worthing 009,62.0,1,259.0,160.58,1295
E02006620,9.0,2.0,8.55,48.98,1.1,0.4,95.63,2.88,LargeCentralMetro,1,0,0,0,0,0,South East,10,Mid Sussex 017,62.0,1,234.0,145.08,1225
E02006627,6.0,8.0,20.52,44.59,4.01,1.24,91.25,3.51,LargeCentralMetro,1,0,0,0,0,0,South East,10,Worthing 007,49.0,1,307.0,150.43,1599
E02006556,7.0,8.0,12.21,50.53,1.08,0.31,96.86,1.75,LargeCentralMetro,1,0,0,0,0,0,South East,8,Arun 015,36.0,1,213.0,76.67999999999999,1512
E02006579,5.0,4.0,19.21,47.26,16.89,3.51,72.6,7.0,LargeCentralMetro,1,0,0,0,0,0,South East,8,Crawley 005,50.0,1,302.0,151.0,1879
E02006580,5.0,5.0,22.49,48.86,9.67,3.48,81.2,5.65,LargeCentralMetro,1,0,0,0,0,0,South East,10,Crawley 006,35.0,1,209.0,73.14999999999999,1320
E02006607,8.0,4.0,10.47,48.46,2.6,0.73,93.54,3.14,LargeCentralMetro,1,0,0,0,0,0,South East,8,Mid Sussex 004,50.0,1,258.0,129.0,1624
E02006550,5.0,8.0,26.78,49.64,1.52,0.45,96.42,1.61,LargeCentralMetro,1,0,0,0,0,0,South East,8,Arun 009,20.0,1,239.0,47.800000000000004,1402
E02006564,7.0,4.0,16.23,49.74,0.85,0.35,97.17,1.63,SmallMetro,0,0,0,1,0,0,South East,8,Chichester 004,57.0,1,191.0,108.86999999999999,1170
E02006591,8.0,4.0,8.6,100.0,3.95,1.22,91.13,3.7,LargeCentralMetro,1,0,0,0,0,0,South East,8,Horsham 004,56.0,1,314.0,175.84,1347
E02006613,7.0,3.0,14.55,51.48,6.06,1.12,88.61,4.21,LargeCentralMetro,1,0,0,0,0,0,South East,7,Mid Sussex 010,59.0,1,213.0,125.66999999999999,1185
E02006583,6.0,5.0,12.7,50.17,10.53,3.21,81.04,5.22,LargeCentralMetro,1,0,0,0,0,0,South East,8,Crawley 009,45.0,1,244.0,109.8,1469
E02006544,6.0,7.0,20.59,48.32,1.43,0.31,96.35,1.91,LargeCentralMetro,1,0,0,0,0,0,South East,10,Arun 003,37.0,1,102.0,37.74,654
E02006557,3.0,9.0,21.23,47.68,2.49,0.49,94.67,2.36,LargeCentralMetro,1,0,0,0,0,0,South East,10,Arun 016,45.0,1,292.0,131.4,1613
E02006606,8.0,3.0,8.99,50.09,2.5,0.63,93.4,3.46,LargeCentralMetro,1,0,0,0,0,0,South East,10,Mid Sussex 003,45.0,1,267.0,120.15,1719
E02006633,8.0,6.0,18.37,45.29,2.76,0.32,94.36,2.56,LargeCentralMetro,1,0,0,0,0,0,South East,10,Worthing 013,60.0,1,147.0,88.2,923
E02006581,4.0,8.0,16.99,52.31,15.75,5.26,71.42,7.57,LargeCentralMetro,1,0,0,0,0,0,South East,7,Crawley 007,50.0,1,153.0,76.5,1061
E02006537,5.0,8.0,17.95,45.5,2.95,1.2,90.95,4.89,LargeCentralMetro,1,0,0,0,0,0,South East,8,Adur 004,62.0,1,273.0,169.26,1734
E02006539,5.0,9.0,28.65,43.55,2.27,0.79,94.6,2.33,LargeCentralMetro,1,0,0,0,0,0,South East,10,Adur 006,38.0,1,178.0,67.64,1380
E02006594,8.0,3.0,8.56,43.93,4.28,0.87,91.12,3.73,LargeCentralMetro,1,0,0,0,0,0,South East,8,Horsham 007,68.0,1,327.0,222.36,1525
E02006585,4.0,6.0,39.89,46.86,11.97,3.26,78.73,6.04,LargeCentralMetro,1,0,0,0,0,0,South East,8,Crawley 011,19.0,1,188.0,35.72,1257
E02006614,8.0,3.0,11.03,45.63,3.83,1.35,90.81,4.01,Micropolitan,0,0,0,0,1,0,South East,10,Mid Sussex 011,61.0,1,290.0,176.9,1523
E02006597,7.0,5.0,10.77,48.79,1.79,0.64,95.09,2.48,MediumMetro,0,0,1,0,0,0,South East,8,Horsham 010,52.0,1,297.0,154.44,1736
E02006624,10.0,6.0,17.78,41.12,2.58,0.44,94.25,2.73,LargeCentralMetro,1,0,0,0,0,0,South East,5,Worthing 004,41.0,1,225.0,92.25,1075
E02005647,4.0,9.0,11.52,71.96,4.75,3.16,88.54,3.55,LargeFringeMetro,0,1,0,0,0,0,East Midlands,3,North Northamptonshire 022,60.96,2,408.0,248.73,2657
E02006863,6.0,6.0,12.78,47.81,5.39,8.71,82.15,3.75,LargeFringeMetro,0,1,0,0,0,0,East Midlands,6,North Northamptonshire 008,57.0,1,180.0,102.6,1186
E02005614,6.0,7.0,20.86,49.43,2.28,4.82,89.97,2.93,LargeFringeMetro,0,1,0,0,0,0,East Midlands,5,North Northamptonshire 006,40.0,1,187.0,74.8,1143
E02005616,3.0,9.0,18.37,46.75,1.4,1.57,94.01,3.02,LargeFringeMetro,0,1,0,0,0,0,East Midlands,7,North Northamptonshire 005,46.0,1,147.0,67.62,999
E02005635,6.0,7.0,16.76,50.0,1.6,1.41,94.69,2.31,LargeCentralMetro,1,0,0,0,0,0,East Midlands,9,North Northamptonshire 035,35.0,1,173.0,60.55,914
E02005643,3.0,9.0,26.5,38.32,3.5,3.49,89.46,3.56,LargeFringeMetro,0,1,0,0,0,0,East Midlands,3,North Northamptonshire 016,29.0,1,234.0,67.86,1404
E02005615,4.0,8.0,29.77,48.11,1.09,1.25,95.71,1.96,LargeFringeMetro,0,1,0,0,0,0,East Midlands,7,North Northamptonshire 004,26.74,2,393.0,105.07999999999998,2305
E02005648,8.0,7.0,17.44,44.76,4.66,2.33,90.03,2.98,LargeFringeMetro,0,1,0,0,0,0,East Midlands,5,North Northamptonshire 021,49.0,1,195.0,95.55,1097
E02005633,6.0,8.0,18.13,49.37,1.08,1.76,95.28,1.87,LargeCentralMetro,1,0,0,0,0,0,East Midlands,5,North Northamptonshire 025,27.0,1,171.0,46.17,1027
E02005630,8.0,4.0,15.08,48.7,1.77,1.03,94.48,2.72,MediumMetro,0,0,1,0,0,0,East Midlands,6,North Northamptonshire 010,51.0,1,199.0,101.49,1304
E02005693,4.0,7.0,17.89,47.36,11.01,8.86,74.91,5.22,LargeCentralMetro,1,0,0,0,0,0,East Midlands,3,North Northamptonshire 028,55.0,1,218.0,119.9,1423
E02005698,5.0,8.0,28.21,50.39,6.49,7.85,80.86,4.8,LargeCentralMetro,1,0,0,0,0,0,East Midlands,3,North Northamptonshire 033,31.0,1,234.0,72.54,1284
E02005699,4.0,7.0,22.56,49.67,4.64,5.96,84.74,4.66,LargeCentralMetro,1,0,0,0,0,0,East Midlands,5,North Northamptonshire 036,28.0,1,195.0,54.60000000000001,1365
E02005676,5.0,7.0,22.75,49.59,5.9,6.54,82.17,5.39,LargeCentralMetro,1,0,0,0,0,0,East Midlands,4,West Northamptonshire 038,31.0,1,233.0,72.23,1347
E02005681,7.0,6.0,16.74,51.93,0.7,0.35,97.29,1.66,MediumMetro,0,0,1,0,0,0,East Midlands,10,West Northamptonshire 040,39.0,1,215.0,83.85000000000001,1269
E02005686,9.0,5.0,16.77,52.23,0.74,0.42,97.13,1.71,SmallMetro,0,0,0,1,0,0,East Midlands,10,West Northamptonshire 048,41.0,1,167.0,68.47,1053
E02005622,9.0,4.0,13.04,49.03,1.16,0.85,96.06,1.93,Micropolitan,0,0,0,0,1,0,East Midlands,8,West Northamptonshire 005,54.0,1,230.0,124.2,1336
E02005650,6.0,7.0,18.6,48.59,6.37,5.68,82.88,5.06,LargeCentralMetro,1,0,0,0,0,0,East Midlands,6,West Northamptonshire 006,36.0,1,242.0,87.11999999999999,1422
E02005664,5.0,9.0,23.14,45.8,7.15,6.36,80.37,6.12,LargeCentralMetro,1,0,0,0,0,0,East Midlands,4,West Northamptonshire 025,36.0,1,229.0,82.44,1404
E02005623,8.0,6.0,12.34,46.94,3.25,2.33,90.86,3.56,LargeCentralMetro,1,0,0,0,0,0,East Midlands,6,West Northamptonshire 003,40.0,1,235.0,94.0,1389
E02005656,2.0,7.0,28.09,48.29,9.07,14.53,69.41,6.99,LargeCentralMetro,1,0,0,0,0,0,East Midlands,2,West Northamptonshire 014,60.0,1,267.0,160.2,1721
E02005674,6.0,8.0,10.8,9.58,14.26,11.22,67.8,6.72,LargeCentralMetro,1,0,0,0,0,0,East Midlands,3,West Northamptonshire 034,78.0,1,213.0,166.14000000000001,1607
E02005651,7.0,6.0,19.66,81.88,5.02,3.21,88.83,2.94,LargeCentralMetro,1,0,0,0,0,0,East Midlands,3,West Northamptonshire 007,51.99,2,407.0,211.58999999999997,2638
E02005624,6.0,6.0,25.27,52.83,2.96,1.46,92.9,2.68,LargeCentralMetro,1,0,0,0,0,0,East Midlands,2,West Northamptonshire 010,34.0,1,182.0,61.88,1166
E02005687,8.0,4.0,20.72,17.27,0.75,0.39,97.32,1.54,MediumMetro,0,0,1,0,0,0,East Midlands,10,West Northamptonshire 049,21.0,1,111.0,23.31,440
E02005684,9.0,5.0,10.0,50.14,0.9,0.59,96.88,1.63,LargeCentralMetro,1,0,0,0,0,0,East Midlands,5,West Northamptonshire 045,68.0,1,230.0,156.4,1436
E02005655,6.0,8.0,32.33,44.86,7.41,5.06,83.09,4.45,LargeCentralMetro,1,0,0,0,0,0,East Midlands,2,West Northamptonshire 012,32.0,1,232.0,74.24,1429
E02003967,6.0,6.0,34.78,46.26,0.25,0.11,99.04,0.6,MediumMetro,0,0,1,0,0,0,North West,10,Allerdale 003,4.0,1,23.0,0.92,147
E02003999,8.0,8.0,22.19,49.04,1.15,0.28,97.63,0.95,LargeCentralMetro,1,0,0,0,0,0,North West,10,Carlisle 013,34.22,2,311.0,106.42,1831
E02003971,8.0,3.0,14.29,48.79,0.83,0.21,97.65,1.32,SmallMetro,0,0,0,1,0,0,North West,10,Allerdale 007,60.0,1,210.0,126.0,1322
E02003975,8.0,8.0,34.32,44.88,0.29,0.08,98.85,0.77,LargeFringeMetro,0,1,0,0,0,0,North West,10,Allerdale 011,31.55,2,271.0,85.49,1564
E02003976,8.0,3.0,8.57,49.0,1.26,0.14,96.8,1.8,Noncore,0,0,0,0,0,1,North West,10,Allerdale 012,62.0,1,210.0,130.2,1255
E02004007,6.0,6.0,27.17,46.72,0.66,0.17,98.34,0.83,SmallMetro,0,0,0,1,0,0,North West,10,Copeland 008,35.0,1,92.0,32.199999999999996,503
E02003965,6.0,6.0,16.14,51.92,0.31,0.04,98.95,0.7,MediumMetro,0,0,1,0,0,0,North West,8,Allerdale 001,41.15,2,223.0,91.77000000000001,1356
E02003968,7.0,7.0,35.96,50.13,0.33,0.14,98.79,0.75,SmallMetro,0,0,0,1,0,0,North West,10,Allerdale 004,27.0,1,114.0,30.78,794
E02003992,5.0,9.0,23.8,50.95,3.57,0.69,93.18,2.57,LargeCentralMetro,1,0,0,0,0,0,North West,9,Carlisle 006,35.6,2,416.0,148.09,2724
E02004002,8.0,8.0,28.26,50.92,1.36,0.47,97.32,0.85,LargeFringeMetro,0,1,0,0,0,0,North West,10,Copeland 003,37.0,1,184.0,68.08,1086
E02003998,2.0,9.0,25.93,52.8,0.96,0.5,97.0,1.53,LargeCentralMetro,1,0,0,0,0,0,North West,10,Carlisle 012,20.0,1,81.0,16.2,644
E02004005,5.0,9.0,20.57,50.17,0.5,0.1,98.75,0.65,SmallMetro,0,0,0,1,0,0,North West,10,Copeland 006,35.0,1,209.0,73.14999999999999,1212
E02003988,6.0,7.0,18.54,50.34,0.54,0.08,98.13,1.25,MediumMetro,0,0,1,0,0,0,North West,10,Carlisle 002,39.0,1,205.0,79.95,1333
E02004013,7.0,3.0,11.54,49.73,0.22,0.16,99.02,0.61,Noncore,0,0,0,0,0,1,North West,10,Eden 006,32.0,1,78.0,24.96,370
E02004027,8.0,6.0,10.91,48.82,0.43,0.38,98.52,0.68,Noncore,0,0,0,0,0,1,North West,10,South Lakeland 013,56.0,1,55.0,30.800000000000004,340
E02004025,8.0,6.0,8.28,50.38,0.48,0.23,98.24,1.05,SmallMetro,0,0,0,1,0,0,North West,10,South Lakeland 011,36.0,1,169.0,60.839999999999996,1048
E02003977,8.0,6.0,10.11,50.69,0.42,0.24,98.58,0.76,SmallMetro,0,0,0,1,0,0,North West,9,Barrow-in-Furness 001,29.0,1,178.0,51.62,797
E02003981,7.0,8.0,28.06,49.18,1.58,0.39,96.92,1.11,LargeFringeMetro,0,1,0,0,0,0,North West,10,Barrow-in-Furness 005,31.0,1,196.0,60.76,1159
E02004022,8.0,4.0,15.56,45.64,0.29,0.09,98.96,0.67,Noncore,0,0,0,0,0,1,North West,10,South Lakeland 008,31.0,1,45.0,13.95,241
E02004020,9.0,5.0,9.68,49.35,1.02,0.18,97.55,1.25,LargeFringeMetro,0,1,0,0,0,0,North West,10,South Lakeland 006,60.0,1,186.0,111.6,1082
E02004014,7.0,3.0,8.77,51.14,0.6,0.06,98.54,0.8,SmallMetro,0,0,0,1,0,0,North West,9,Eden 007,32.0,1,57.0,18.240000000000002,352
E02004015,8.0,4.0,4.55,47.97,1.14,0.54,96.21,2.11,Noncore,0,0,0,0,0,1,North West,10,South Lakeland 001,29.0,1,66.0,19.139999999999997,469
E02004023,8.0,3.0,10.68,49.06,0.63,0.3,97.54,1.53,SmallMetro,0,0,0,1,0,0,North West,9,South Lakeland 009,43.39,3,309.0,134.07,1753
E02004017,6.0,4.0,11.49,51.79,0.79,0.32,97.43,1.46,LargeFringeMetro,0,1,0,0,0,0,North West,10,South Lakeland 003,55.0,1,148.0,81.4,950
E02004008,8.0,3.0,21.05,50.62,0.22,0.08,98.94,0.76,SmallMetro,0,0,0,1,0,0,North West,10,Eden 001,26.0,1,19.0,4.94,81
E02004010,5.0,6.0,15.45,49.67,2.38,0.48,95.78,1.36,LargeCentralMetro,1,0,0,0,0,0,North West,10,Eden 003,31.0,1,233.0,72.23,1520
E02004026,6.0,8.0,13.08,51.08,1.36,0.11,97.21,1.32,LargeFringeMetro,0,1,0,0,0,0,North West,9,South Lakeland 012,51.0,1,214.0,109.14,1339
E02003986,5.0,8.0,28.28,50.52,0.58,0.6,98.07,0.76,LargeFringeMetro,0,1,0,0,0,0,North West,10,Barrow-in-Furness 010,33.0,1,99.0,32.67,479
