MSOA (code),IDACI,SAMHI,PercentOfStudentReceivingFreeSchoolMeals,PercentFemale,AsianPopulationRate,BlackPopulationRate,WhitePopulationRate,OtherRacePopulationRate,UrbanRuralClass,LargeCentralMetro,LargeFringeMetro,MediumMetro,SmallMetro,Micropolitan,Noncore,GOR,BordaAccessibilityDecile,MSOA (name),MSOA_GCSE_Mean,MSOA_SchoolCount,TotalPupils_GCSE,TotalAchievers,MSOA_TotalPupils
E02000187,1.0,6.0,61.7,55.94,32.52,15.92,38.26,13.3,LargeCentralMetro,1,0,0,0,0,0,London,1,Camden 022,36.49,2,188.0,68.60000000000001,1523.0
E02000166,4.0,4.0,57.44,55.58,6.79,7.17,73.1,12.93,LargeCentralMetro,1,0,0,0,0,0,London,2,Camden 001,54.21,2,289.0,156.68,1909.0
E02000170,6.0,2.0,51.24,46.13,13.72,5.22,66.93,14.13,LargeCentralMetro,1,0,0,0,0,0,London,1,Camden 005,44.0,1,201.0,88.44,1253.0
E02000177,2.0,5.0,62.81,41.15,17.6,12.58,56.97,12.84,LargeCentralMetro,1,0,0,0,0,0,London,1,Camden 012,31.0,1,199.0,61.69,1147.0
E02000180,3.0,3.0,37.27,83.53,16.13,11.55,59.92,12.4,LargeCentralMetro,1,0,0,0,0,0,London,1,Camden 015,80.0,2,220.0,176.0,2028.0
E02000168,5.0,4.0,38.39,68.82,8.43,6.58,73.6,11.39,LargeCentralMetro,1,0,0,0,0,0,London,1,Camden 003,50.86,2,336.0,170.88,2085.0
E02000182,5.0,2.0,54.66,47.42,24.95,7.57,52.44,15.05,LargeCentralMetro,1,0,0,0,0,0,London,1,Camden 017,60.0,1,161.0,96.6,1048.0
E02000341,1.0,3.0,45.45,71.11,7.41,16.66,66.3,9.64,LargeCentralMetro,1,0,0,0,0,0,London,4,Greenwich 029,35.96,2,286.0,102.84,2226.0
E02006931,5.0,2.0,16.67,100.0,8.31,15.49,66.51,9.69,LargeCentralMetro,1,0,0,0,0,0,London,2,Greenwich 038,68.0,1,114.0,77.52000000000001,615.0
E02006994,2.0,3.0,30.0,18.06,17.04,30.95,41.43,10.59,LargeCentralMetro,1,0,0,0,0,0,London,3,Greenwich 042,50.0,2,20.0,10.0,620.0
E02000315,2.0,1.0,37.33,41.11,9.04,37.5,45.42,8.04,LargeCentralMetro,1,0,0,0,0,0,London,4,Greenwich 003,48.0,1,225.0,108.0,1192.0
E02006927,4.0,3.0,43.58,45.2,13.16,15.37,61.64,9.84,LargeCentralMetro,1,0,0,0,0,0,London,4,Greenwich 034,34.0,1,257.0,87.38000000000001,1843.0
E02000327,3.0,2.0,37.63,36.69,12.55,34.21,43.86,9.38,LargeCentralMetro,1,0,0,0,0,0,London,4,Greenwich 015,67.0,1,93.0,62.31,496.0
E02000340,6.0,2.0,31.48,44.17,8.2,7.36,78.15,6.29,LargeCentralMetro,1,0,0,0,0,0,London,5,Greenwich 028,43.21,2,378.0,163.32,2264.0
E02000314,3.0,2.0,48.0,0.0,10.4,43.91,34.38,11.3,LargeCentralMetro,1,0,0,0,0,0,London,3,Greenwich 002,53.0,1,225.0,119.25,1462.0
E02000319,4.0,2.0,47.85,97.77,20.73,26.74,40.38,12.16,LargeCentralMetro,1,0,0,0,0,0,London,2,Greenwich 007,37.0,1,209.0,77.33,1437.0
E02000369,1.0,2.0,61.27,49.72,10.5,22.12,50.56,16.83,LargeCentralMetro,1,0,0,0,0,0,London,1,Hackney 025,39.0,2,173.0,67.47,1074.0
E02000366,2.0,5.0,,48.36,8.33,23.38,54.98,13.31,LargeCentralMetro,1,0,0,0,0,0,London,,Hackney 022,,1,0.0,0.0,428.0
E02000361,2.0,3.0,78.36,39.55,9.9,21.61,53.03,15.46,LargeCentralMetro,1,0,0,0,0,0,London,1,Hackney 017,25.0,1,134.0,33.5,842.0
E02000346,1.0,4.0,64.71,45.0,14.44,25.68,42.27,17.61,LargeCentralMetro,1,0,0,0,0,0,London,1,Hackney 002,43.0,1,170.0,73.1,1011.0
E02000345,6.0,1.0,47.93,99.87,4.83,7.03,68.63,19.51,LargeCentralMetro,1,0,0,0,0,0,London,1,Hackney 001,49.0,1,121.0,59.29,747.0
E02000358,2.0,5.0,57.74,38.64,9.51,19.56,53.88,17.06,LargeCentralMetro,1,0,0,0,0,0,London,1,Hackney 014,44.0,1,168.0,73.92,1162.0
E02000356,5.0,4.0,39.92,46.66,5.9,10.65,68.99,14.46,LargeCentralMetro,1,0,0,0,0,0,London,1,Hackney 012,45.0,1,253.0,113.85000000000001,1618.0
E02000360,1.0,4.0,45.92,45.1,13.87,31.77,37.96,16.39,LargeCentralMetro,1,0,0,0,0,0,London,1,Hackney 016,60.0,1,196.0,117.6,1315.0
E02000348,4.0,2.0,7.14,100.0,7.54,16.21,59.06,17.19,LargeCentralMetro,1,0,0,0,0,0,London,1,Hackney 004,68.0,1,56.0,38.080000000000005,301.0
E02000355,3.0,3.0,53.14,100.0,16.84,17.72,53.78,11.66,LargeCentralMetro,1,0,0,0,0,0,London,1,Hackney 011,62.0,1,175.0,108.5,1154.0
E02000363,1.0,5.0,57.71,42.17,11.76,37.34,35.21,15.69,LargeCentralMetro,1,0,0,0,0,0,London,1,Hackney 019,52.0,1,175.0,91.0,1086.0
E02000382,3.0,3.0,40.34,46.69,11.55,8.8,65.67,13.99,LargeCentralMetro,1,0,0,0,0,0,London,1,Hammersmith and Fulham 011,58.0,1,119.0,69.02,711.0
E02000377,3.0,5.0,52.17,41.97,9.3,16.0,60.39,14.31,LargeCentralMetro,1,0,0,0,0,0,London,1,Hammersmith and Fulham 006,45.0,1,115.0,51.75,791.0
E02000384,2.0,6.0,15.82,100.0,14.42,13.88,56.09,15.62,LargeCentralMetro,1,0,0,0,0,0,London,1,Hammersmith and Fulham 013,82.0,1,158.0,129.56,1021.0
E02000388,5.0,3.0,7.91,0.0,10.97,8.5,69.46,11.07,LargeCentralMetro,1,0,0,0,0,0,London,1,Hammersmith and Fulham 017,77.0,1,177.0,136.29,1338.0
E02000390,4.0,4.0,63.16,100.0,7.09,8.6,73.06,11.25,LargeCentralMetro,1,0,0,0,0,0,London,1,Hammersmith and Fulham 019,55.0,1,114.0,62.7,615.0
E02000392,5.0,2.0,,0.0,7.67,9.62,71.02,11.69,LargeCentralMetro,1,0,0,0,0,0,London,,Hammersmith and Fulham 021,,1,0.0,0.0,338.0
E02000373,1.0,3.0,70.0,41.68,13.15,35.88,32.2,18.77,LargeCentralMetro,1,0,0,0,0,0,London,1,Hammersmith and Fulham 002,23.0,1,160.0,36.800000000000004,763.0
E02000372,1.0,4.0,60.26,46.92,18.32,18.59,44.93,18.17,LargeCentralMetro,1,0,0,0,0,0,London,1,Hammersmith and Fulham 001,33.0,1,156.0,51.480000000000004,1234.0
E02000393,8.0,1.0,56.94,4.38,5.23,4.82,80.97,8.98,LargeCentralMetro,1,0,0,0,0,0,London,2,Hammersmith and Fulham 022,36.0,1,72.0,25.919999999999998,411.0
E02000391,5.0,2.0,25.86,100.0,7.0,6.46,75.27,11.27,LargeCentralMetro,1,0,0,0,0,0,London,1,Hammersmith and Fulham 020,74.0,1,116.0,85.84,740.0
E02000396,5.0,2.0,57.75,41.53,7.21,9.7,70.69,12.4,LargeCentralMetro,1,0,0,0,0,0,London,1,Hammersmith and Fulham 025,61.0,1,71.0,43.31,366.0
E02000555,2.0,4.0,,,7.75,13.92,63.72,14.61,LargeCentralMetro,1,0,0,0,0,0,London,,Islington 002,,1,0.0,0.0,0.0
E02000566,4.0,3.0,74.17,100.0,7.46,7.87,72.32,12.34,LargeCentralMetro,1,0,0,0,0,0,London,1,Islington 013,44.0,1,120.0,52.8,765.0
E02000576,1.0,4.0,59.26,0.0,12.94,15.19,56.4,15.47,LargeCentralMetro,1,0,0,0,0,0,London,1,Islington 023,71.0,1,135.0,95.85,919.0
E02000556,2.0,4.0,65.69,38.62,11.49,12.59,61.72,14.21,LargeCentralMetro,1,0,0,0,0,0,London,1,Islington 003,39.0,1,102.0,39.78,580.0
E02000572,1.0,4.0,67.7,100.0,15.59,18.17,49.66,16.58,LargeCentralMetro,1,0,0,0,0,0,London,1,Islington 019,55.0,1,161.0,88.55000000000001,878.0
E02000571,1.0,6.0,64.77,44.67,8.11,11.73,66.82,13.34,LargeCentralMetro,1,0,0,0,0,0,London,1,Islington 018,45.0,1,88.0,39.6,685.0
E02000581,1.0,8.0,,49.77,13.03,18.9,45.91,22.15,LargeCentralMetro,1,0,0,0,0,0,London,,Kensington and Chelsea 005,,1,0.0,0.0,639.0
E02000578,2.0,9.0,55.91,100.0,7.5,18.04,52.9,21.57,LargeCentralMetro,1,0,0,0,0,0,London,1,Kensington and Chelsea 002,41.0,1,93.0,38.129999999999995,428.0
E02000597,3.0,4.0,44.83,44.37,13.39,10.99,55.67,19.95,LargeCentralMetro,1,0,0,0,0,0,London,1,Kensington and Chelsea 021,56.0,1,174.0,97.44000000000001,1057.0
E02000585,7.0,2.0,23.97,0.0,16.58,6.59,58.51,18.31,LargeCentralMetro,1,0,0,0,0,0,London,1,Kensington and Chelsea 009,67.0,1,121.0,81.07000000000001,958.0
E02006801,3.0,3.0,0.0,46.68,19.05,14.52,54.49,11.93,LargeCentralMetro,1,0,0,0,0,0,London,,Lambeth 036,0.0,1,1.0,0.0,482.0
E02000625,1.0,4.0,67.42,46.72,7.52,32.38,43.97,16.14,LargeCentralMetro,1,0,0,0,0,0,London,1,Lambeth 008,48.0,1,178.0,85.44,976.0
E02000622,2.0,2.0,60.22,51.69,6.54,22.99,55.61,14.86,LargeCentralMetro,1,0,0,0,0,0,London,1,Lambeth 005,29.0,1,93.0,26.97,472.0
E02000641,2.0,3.0,,45.19,4.99,42.75,36.05,16.2,LargeCentralMetro,1,0,0,0,0,0,London,,Lambeth 024,,1,0.0,0.0,613.0
E02000637,4.0,2.0,,38.85,4.27,17.01,65.05,13.67,LargeCentralMetro,1,0,0,0,0,0,London,,Lambeth 020,,1,0.0,0.0,157.0
E02000621,2.0,4.0,90.68,46.72,12.47,17.46,56.03,14.05,LargeCentralMetro,1,0,0,0,0,0,London,1,Lambeth 004,51.0,1,118.0,60.18,822.0
E02000640,4.0,2.0,34.72,97.6,7.15,13.41,69.23,10.21,LargeCentralMetro,1,0,0,0,0,0,London,1,Lambeth 023,61.0,1,144.0,87.84,998.0
E02000647,5.0,2.0,24.24,45.43,8.14,18.86,58.93,14.07,LargeCentralMetro,1,0,0,0,0,0,London,1,Lambeth 030,61.0,1,165.0,100.64999999999999,1215.0
E02000636,6.0,3.0,63.91,46.28,5.41,8.83,77.24,8.51,LargeCentralMetro,1,0,0,0,0,0,London,1,Lambeth 019,41.0,1,169.0,69.28999999999999,940.0
E02000648,2.0,3.0,63.43,51.57,5.56,35.47,44.13,14.85,LargeCentralMetro,1,0,0,0,0,0,London,3,Lambeth 031,31.0,1,134.0,41.54,859.0
E02000635,3.0,3.0,69.54,46.34,5.85,25.32,56.08,12.75,LargeCentralMetro,1,0,0,0,0,0,London,1,Lambeth 018,32.0,1,174.0,55.68,848.0
E02000680,3.0,4.0,37.7,99.55,7.13,24.96,54.69,13.22,LargeCentralMetro,1,0,0,0,0,0,London,6,Lewisham 028,49.0,1,191.0,93.59,1333.0
E02000679,3.0,2.0,38.12,0.0,7.01,24.93,55.71,12.35,LargeCentralMetro,1,0,0,0,0,0,London,3,Lewisham 027,34.0,1,223.0,75.82000000000001,1379.0
E02000662,3.0,2.0,36.63,50.38,6.33,33.61,47.57,12.49,LargeCentralMetro,1,0,0,0,0,0,London,1,Lewisham 010,50.0,1,202.0,101.0,1846.0
E02006783,2.0,3.0,42.94,44.24,8.85,28.04,51.28,11.83,LargeCentralMetro,1,0,0,0,0,0,London,3,Lewisham 037,25.0,1,170.0,42.5,1381.0
E02000657,3.0,2.0,57.14,46.06,7.44,27.71,51.58,13.27,LargeCentralMetro,1,0,0,0,0,0,London,1,Lewisham 005,32.0,1,119.0,38.08,597.0
E02006798,2.0,2.0,55.61,44.33,13.41,33.78,38.98,13.83,LargeCentralMetro,1,0,0,0,0,0,London,1,Lewisham 039,31.0,1,187.0,57.97,909.0
E02000839,4.0,1.0,27.31,49.54,9.72,19.89,57.68,12.71,LargeCentralMetro,1,0,0,0,0,0,London,5,Southwark 033,62.0,1,260.0,161.2,1728.0
E02000827,2.0,3.0,37.88,49.08,8.35,38.59,36.09,16.96,LargeCentralMetro,1,0,0,0,0,0,London,1,Southwark 021,60.0,2,132.0,79.2,1306.0
E02000821,3.0,4.0,57.83,38.9,7.82,38.62,29.99,23.57,LargeCentralMetro,1,0,0,0,0,0,London,1,Southwark 015,40.0,1,166.0,66.4,1000.0
E02000810,1.0,3.0,,40.0,9.43,22.0,56.03,12.54,LargeCentralMetro,1,0,0,0,0,0,London,,Southwark 004,,1,0.0,0.0,270.0
E02000822,2.0,3.0,,23.96,9.28,36.63,39.06,15.03,LargeCentralMetro,1,0,0,0,0,0,London,,Southwark 016,,1,0.0,0.0,384.0
E02000812,2.0,5.0,48.0,100.0,15.13,24.22,46.96,13.69,LargeCentralMetro,1,0,0,0,0,0,London,1,Southwark 006,57.0,1,125.0,71.25,771.0
E02000816,2.0,4.0,58.29,65.92,8.76,21.26,56.7,13.28,LargeCentralMetro,1,0,0,0,0,0,London,1,Southwark 010,51.34,2,350.0,179.7,2051.0
E02000835,4.0,2.0,55.04,100.0,4.09,20.87,63.42,11.61,LargeCentralMetro,1,0,0,0,0,0,London,2,Southwark 029,52.0,1,129.0,67.08,804.0
E02000834,5.0,2.0,36.64,0.0,4.43,12.4,73.05,10.13,LargeCentralMetro,1,0,0,0,0,0,London,2,Southwark 028,41.0,2,131.0,53.709999999999994,785.0
E02000831,4.0,3.0,56.69,43.49,5.52,23.09,59.36,12.02,LargeCentralMetro,1,0,0,0,0,0,London,1,Southwark 025,16.0,1,157.0,25.12,745.0
E02000833,4.0,2.0,29.21,47.86,9.97,32.87,43.85,13.32,LargeCentralMetro,1,0,0,0,0,0,London,1,Southwark 027,61.0,1,178.0,108.58,1193.0
E02000829,2.0,3.0,43.41,0.0,7.98,35.03,43.91,13.08,LargeCentralMetro,1,0,0,0,0,0,London,2,Southwark 023,48.0,1,129.0,61.919999999999995,747.0
E02000864,1.0,6.0,,,31.13,9.53,50.05,9.29,LargeCentralMetro,1,0,0,0,0,0,London,,Tower Hamlets 001,,1,0.0,0.0,0.0
E02007114,1.0,1.0,,35.0,40.89,6.72,40.3,12.09,LargeCentralMetro,1,0,0,0,0,0,London,,Tower Hamlets 036,,1,0.0,0.0,40.0
E02000884,2.0,1.0,67.57,40.48,51.37,4.44,35.14,9.05,LargeCentralMetro,1,0,0,0,0,0,London,1,Tower Hamlets 021,65.0,2,37.0,24.05,546.0
E02000868,1.0,3.0,61.61,54.09,36.39,5.76,48.29,9.57,LargeCentralMetro,1,0,0,0,0,0,London,1,Tower Hamlets 005,46.0,1,112.0,51.52,782.0
E02000872,1.0,2.0,67.61,41.33,43.7,6.04,41.16,9.1,LargeCentralMetro,1,0,0,0,0,0,London,1,Tower Hamlets 009,44.0,1,176.0,77.44,992.0
E02000881,1.0,2.0,72.05,48.42,47.81,12.15,30.97,9.07,LargeCentralMetro,1,0,0,0,0,0,London,1,Tower Hamlets 018,42.0,1,161.0,67.62,950.0
E02000871,1.0,2.0,69.15,23.69,52.78,10.91,27.41,8.9,LargeCentralMetro,1,0,0,0,0,0,London,1,Tower Hamlets 008,27.0,1,94.0,25.380000000000003,857.0
E02000870,1.0,2.0,66.37,43.87,38.87,7.11,46.51,7.51,LargeCentralMetro,1,0,0,0,0,0,London,1,Tower Hamlets 007,46.0,1,226.0,103.96000000000001,1525.0
E02000876,1.0,3.0,63.78,35.9,53.09,5.2,33.09,8.62,LargeCentralMetro,1,0,0,0,0,0,London,1,Tower Hamlets 013,44.0,1,196.0,86.24,1245.0
E02000882,2.0,2.0,62.05,43.46,58.42,7.71,27.42,6.44,LargeCentralMetro,1,0,0,0,0,0,London,1,Tower Hamlets 019,49.0,1,195.0,95.55,1438.0
E02000867,1.0,2.0,64.02,100.0,28.96,8.06,52.97,10.02,LargeCentralMetro,1,0,0,0,0,0,London,2,Tower Hamlets 004,47.0,1,239.0,112.33,1500.0
E02000893,2.0,2.0,73.08,50.74,33.86,6.11,50.3,9.72,LargeCentralMetro,1,0,0,0,0,0,London,2,Tower Hamlets 030,40.0,1,156.0,62.400000000000006,1084.0
E02000946,5.0,1.0,44.85,97.26,9.87,12.21,69.36,8.57,LargeCentralMetro,1,0,0,0,0,0,London,1,Wandsworth 024,46.0,1,272.0,125.12,1752.0
E02000937,9.0,1.0,46.09,45.89,5.11,5.66,81.49,7.74,LargeCentralMetro,1,0,0,0,0,0,London,1,Wandsworth 015,60.0,1,115.0,69.0,560.0
E02000958,5.0,1.0,20.66,49.66,17.03,12.42,60.47,10.08,LargeCentralMetro,1,0,0,0,0,0,London,2,Wandsworth 036,70.0,1,242.0,169.39999999999998,2064.0
E02000949,9.0,3.0,42.55,45.32,7.17,3.76,82.09,6.98,LargeCentralMetro,1,0,0,0,0,0,London,1,Wandsworth 027,48.0,1,141.0,67.67999999999999,982.0
E02000938,3.0,3.0,54.17,45.71,13.12,11.15,61.63,14.1,LargeCentralMetro,1,0,0,0,0,0,London,2,Wandsworth 016,33.0,1,48.0,15.84,525.0
E02000947,8.0,1.0,49.57,41.07,9.18,4.08,78.67,8.07,LargeCentralMetro,1,0,0,0,0,0,London,1,Wandsworth 025,32.0,1,117.0,37.44,1103.0
E02000942,9.0,1.0,38.3,41.97,11.2,3.43,76.7,8.66,LargeCentralMetro,1,0,0,0,0,0,London,2,Wandsworth 020,62.4,2,342.0,213.41000000000003,2228.0
E02000925,2.0,4.0,87.16,49.18,9.19,22.08,56.06,12.67,LargeCentralMetro,1,0,0,0,0,0,London,1,Wandsworth 003,65.0,1,109.0,70.85000000000001,797.0
E02000926,4.0,1.0,42.86,38.62,9.45,10.48,68.06,12.01,LargeCentralMetro,1,0,0,0,0,0,London,2,Wandsworth 004,26.0,1,77.0,20.02,448.0
E02000979,5.0,6.0,32.97,55.93,16.09,6.1,62.87,14.95,LargeCentralMetro,1,0,0,0,0,0,London,1,Westminster 020,61.1,2,273.0,166.8,1797.0
E02000965,4.0,2.0,67.93,49.43,12.08,6.73,63.53,17.66,LargeCentralMetro,1,0,0,0,0,0,London,1,Westminster 006,64.0,1,184.0,117.76,1220.0
E02000969,1.0,6.0,57.56,46.25,15.07,16.17,37.18,31.58,LargeCentralMetro,1,0,0,0,0,0,London,1,Westminster 010,55.0,1,172.0,94.60000000000001,1094.0
E02000983,3.0,4.0,54.55,49.79,16.97,8.02,56.56,18.46,LargeCentralMetro,1,0,0,0,0,0,London,1,Westminster 024,48.0,2,396.0,190.07999999999998,2334.0
E02000960,6.0,1.0,,,20.6,4.35,57.73,17.32,LargeCentralMetro,1,0,0,0,0,0,London,,Westminster 001,,1,0.0,0.0,0.0
E02000974,5.0,2.0,,0.0,23.51,6.47,46.5,23.52,LargeCentralMetro,1,0,0,0,0,0,London,,Westminster 015,,1,0.0,0.0,354.0
E02000970,9.0,1.0,28.86,92.66,16.11,2.5,66.43,14.96,LargeCentralMetro,1,0,0,0,0,0,London,1,Westminster 011,64.0,1,149.0,95.36,1076.0
E02000961,4.0,2.0,58.02,43.95,13.81,5.08,57.53,23.58,LargeCentralMetro,1,0,0,0,0,0,London,2,Westminster 002,54.97,2,293.0,161.06,1852.0
E02000023,2.0,2.0,40.67,50.19,21.41,37.2,32.47,8.92,LargeCentralMetro,1,0,0,0,0,0,London,3,Barking and Dagenham 022,41.11,2,327.0,134.43,2064.0
E02000012,5.0,1.0,29.78,50.3,58.76,8.97,25.87,6.4,LargeCentralMetro,1,0,0,0,0,0,London,5,Barking and Dagenham 011,49.0,1,272.0,133.28,1972.0
E02000021,2.0,2.0,40.87,50.0,18.44,28.27,45.47,7.81,LargeCentralMetro,1,0,0,0,0,0,London,3,Barking and Dagenham 020,36.0,1,208.0,74.88,1250.0
E02000022,2.0,1.0,,50.5,25.94,33.77,30.23,10.06,LargeCentralMetro,1,0,0,0,0,0,London,,Barking and Dagenham 021,,1,0.0,0.0,101.0
E02000003,4.0,2.0,36.76,47.29,34.95,15.61,40.64,8.79,LargeCentralMetro,1,0,0,0,0,0,London,2,Barking and Dagenham 002,45.0,1,185.0,83.25,1199.0
E02000007,2.0,3.0,22.91,46.0,14.67,26.14,51.02,8.17,LargeCentralMetro,1,0,0,0,0,0,London,4,Barking and Dagenham 006,58.0,1,179.0,103.82,1276.0
E02000032,8.0,1.0,15.7,51.34,20.88,3.57,58.87,16.68,LargeCentralMetro,1,0,0,0,0,0,London,3,Barnet 009,77.0,1,223.0,171.71,1564.0
E02000030,7.0,2.0,29.92,50.0,19.0,5.22,65.05,10.73,LargeCentralMetro,1,0,0,0,0,0,London,4,Barnet 007,66.0,2,244.0,161.04000000000002,1680.0
E02000038,5.0,3.0,55.26,48.04,18.47,7.27,60.06,14.2,LargeCentralMetro,1,0,0,0,0,0,London,2,Barnet 015,32.0,1,152.0,48.64,766.0
E02000062,3.0,2.0,55.24,43.59,20.81,13.87,42.43,22.89,LargeCentralMetro,1,0,0,0,0,0,London,2,Barnet 039,39.0,1,143.0,55.77,780.0
E02000035,6.0,3.0,14.29,0.0,22.27,4.48,59.45,13.79,LargeCentralMetro,1,0,0,0,0,0,London,2,Barnet 012,63.0,1,147.0,92.61,1149.0
E02000056,8.0,2.0,39.58,0.0,11.25,2.53,69.94,16.28,LargeCentralMetro,1,0,0,0,0,0,London,1,Barnet 033,60.0,1,144.0,86.39999999999999,795.0
E02000049,1.0,2.0,34.46,49.77,22.38,23.65,36.35,17.61,LargeCentralMetro,1,0,0,0,0,0,London,2,Barnet 026,45.0,1,177.0,79.65,1083.0
E02000103,2.0,1.0,37.18,64.96,19.47,21.32,36.37,22.85,LargeCentralMetro,1,0,0,0,0,0,London,3,Brent 011,46.88,2,234.0,109.7,1347.0
E02000026,6.0,2.0,21.63,42.67,12.55,4.15,69.7,13.6,LargeCentralMetro,1,0,0,0,0,0,London,6,Barnet 003,48.0,1,208.0,99.84,1399.0
E02000033,4.0,3.0,,41.65,15.42,6.5,62.24,15.84,LargeCentralMetro,1,0,0,0,0,0,London,,Barnet 010,,1,0.0,0.0,449.0
E02000048,7.0,1.0,14.0,47.11,18.65,7.08,56.86,17.41,LargeCentralMetro,1,0,0,0,0,0,London,1,Barnet 025,73.0,1,150.0,109.5,1142.0
E02000025,6.0,2.0,9.52,45.43,11.21,7.35,70.25,11.2,LargeCentralMetro,1,0,0,0,0,0,London,7,Barnet 002,51.0,1,189.0,96.39,1226.0
E02000045,4.0,1.0,34.83,52.0,14.72,10.06,59.73,15.48,LargeCentralMetro,1,0,0,0,0,0,London,1,Barnet 022,64.0,1,201.0,128.64000000000001,1250.0
E02000039,7.0,1.0,44.19,100.0,15.83,7.61,63.74,12.83,LargeCentralMetro,1,0,0,0,0,0,London,4,Barnet 016,48.0,1,172.0,82.56,1018.0
E02000055,6.0,2.0,36.46,44.95,15.76,7.64,60.53,16.06,LargeCentralMetro,1,0,0,0,0,0,London,1,Barnet 032,48.0,1,192.0,92.16,1199.0
E02000024,8.0,2.0,26.29,100.0,11.5,4.86,73.67,9.96,LargeCentralMetro,1,0,0,0,0,0,London,3,Barnet 001,64.0,1,175.0,112.0,1038.0
E02000052,7.0,1.0,47.66,49.07,12.92,5.98,67.95,13.15,LargeCentralMetro,1,0,0,0,0,0,London,1,Barnet 029,47.0,2,107.0,50.29,1294.0
E02000091,6.0,4.0,25.35,43.94,7.29,4.65,82.67,5.38,LargeCentralMetro,1,0,0,0,0,0,London,4,Bexley 027,43.0,1,142.0,61.06,867.0
E02000081,5.0,4.0,20.13,61.76,9.64,6.65,78.55,5.17,LargeCentralMetro,1,0,0,0,0,0,London,5,Bexley 017,49.24,2,318.0,156.57999999999998,1700.0
E02000077,6.0,2.0,37.7,50.58,16.6,6.62,69.76,7.02,LargeCentralMetro,1,0,0,0,0,0,London,7,Bexley 013,13.0,1,252.0,32.76,1459.0
E02000079,5.0,4.0,33.7,48.07,12.71,5.28,76.28,5.73,LargeCentralMetro,1,0,0,0,0,0,London,3,Bexley 015,28.0,1,276.0,77.28,1631.0
E02000082,7.0,1.0,17.65,46.24,10.65,6.13,76.91,6.31,LargeCentralMetro,1,0,0,0,0,0,London,5,Bexley 018,51.0,1,170.0,86.7,1090.0
E02000085,7.0,2.0,15.87,92.29,7.7,4.36,83.69,4.26,LargeCentralMetro,1,0,0,0,0,0,London,6,Bexley 021,38.0,1,189.0,71.82000000000001,1336.0
E02000083,5.0,4.0,23.95,47.9,7.06,10.17,76.98,5.79,LargeCentralMetro,1,0,0,0,0,0,London,5,Bexley 019,41.0,1,167.0,68.47,1618.0
E02000069,4.0,4.0,19.41,48.06,12.53,19.18,61.33,6.96,LargeCentralMetro,1,0,0,0,0,0,London,6,Bexley 005,43.0,1,170.0,73.1,1055.0
E02006956,4.0,2.0,,48.48,41.59,19.14,28.37,10.9,LargeCentralMetro,1,0,0,0,0,0,London,,Brent 036,,1,0.0,0.0,361.0
E02000095,6.0,1.0,22.64,47.45,47.64,7.69,33.53,11.14,LargeCentralMetro,1,0,0,0,0,0,London,2,Brent 003,53.63,2,561.0,300.87,3587.0
E02000123,2.0,2.0,36.33,57.09,13.81,30.63,38.19,17.37,LargeCentralMetro,1,0,0,0,0,0,London,1,Brent 031,35.09,2,289.0,101.42,1720.0
E02000112,4.0,1.0,32.92,47.12,56.89,13.88,19.97,9.27,LargeCentralMetro,1,0,0,0,0,0,London,1,Brent 020,21.0,1,161.0,33.81,885.0
E02000098,5.0,3.0,1.05,48.48,35.35,13.49,32.72,18.44,LargeCentralMetro,1,0,0,0,0,0,London,6,Brent 006,77.0,1,286.0,220.22,1945.0
E02000105,4.0,1.0,27.27,49.25,49.84,13.27,25.44,11.46,LargeCentralMetro,1,0,0,0,0,0,London,2,Brent 013,77.0,1,209.0,160.93,1535.0
E02000096,7.0,1.0,28.31,42.88,55.79,3.34,31.33,9.54,LargeCentralMetro,1,0,0,0,0,0,London,2,Brent 004,58.0,1,166.0,96.27999999999999,1096.0
E02000121,5.0,1.0,25.82,48.65,64.18,10.72,14.62,10.48,LargeCentralMetro,1,0,0,0,0,0,London,1,Brent 029,38.0,1,213.0,80.94,1408.0
E02000122,5.0,2.0,36.14,46.06,15.33,9.85,57.14,17.68,LargeCentralMetro,1,0,0,0,0,0,London,1,Brent 030,55.0,1,202.0,111.10000000000001,1270.0
E02000116,2.0,3.0,49.2,47.39,20.62,21.23,35.37,22.78,LargeCentralMetro,1,0,0,0,0,0,London,1,Brent 024,36.0,1,187.0,67.32,1167.0
E02000133,9.0,2.0,21.07,68.63,9.7,3.74,79.49,7.07,LargeCentralMetro,1,0,0,0,0,0,London,5,Bromley 007,47.41,2,413.0,195.82,3089.0
E02000152,4.0,4.0,23.3,48.89,8.29,9.01,73.14,9.55,LargeCentralMetro,1,0,0,0,0,0,London,3,Bromley 026,39.0,1,176.0,68.64,1172.0
E02000159,8.0,4.0,7.34,0.0,7.48,2.89,84.28,5.35,LargeCentralMetro,1,0,0,0,0,0,London,7,Bromley 033,44.0,1,218.0,95.92,1506.0
E02000146,7.0,4.0,30.0,42.38,9.17,5.8,76.78,8.25,LargeCentralMetro,1,0,0,0,0,0,London,2,Bromley 020,35.0,1,200.0,70.0,1477.0
E02000150,8.0,3.0,8.6,46.83,6.27,7.37,77.97,8.39,LargeCentralMetro,1,0,0,0,0,0,London,5,Bromley 024,59.91,2,442.0,264.79999999999995,3434.0
E02006789,5.0,2.0,25.75,51.14,1.73,1.25,93.36,3.66,LargeCentralMetro,1,0,0,0,0,0,London,7,Bromley 042,38.0,1,167.0,63.46,1275.0
E02000136,5.0,5.0,26.78,99.37,8.74,6.2,78.87,6.2,LargeCentralMetro,1,0,0,0,0,0,London,10,Bromley 010,46.0,1,183.0,84.18,1112.0
E02006787,8.0,2.0,,,5.98,6.47,78.88,8.68,LargeCentralMetro,1,0,0,0,0,0,London,,Bromley 041,,1,0.0,0.0,0.0
E02000158,5.0,3.0,34.55,51.54,9.59,9.78,74.61,6.03,LargeCentralMetro,1,0,0,0,0,0,London,4,Bromley 032,35.0,1,165.0,57.74999999999999,941.0
E02000160,8.0,4.0,6.75,49.22,4.14,2.74,87.24,5.88,LargeCentralMetro,1,0,0,0,0,0,London,7,Bromley 034,53.0,1,237.0,125.61,1662.0
E02000162,7.0,4.0,13.57,55.35,8.94,4.09,82.62,4.35,LargeCentralMetro,1,0,0,0,0,0,London,7,Bromley 036,46.0,1,258.0,118.68,1700.0
E02000130,5.0,3.0,33.64,98.22,6.35,13.98,67.95,11.72,LargeCentralMetro,1,0,0,0,0,0,London,2,Bromley 004,54.0,1,107.0,57.78,785.0
E02000138,8.0,2.0,43.83,26.96,6.79,4.83,80.37,8.02,LargeCentralMetro,1,0,0,0,0,0,London,2,Bromley 012,38.0,1,162.0,61.56,1031.0
E02000140,2.0,7.0,23.0,0.0,7.02,11.72,74.33,6.94,LargeCentralMetro,1,0,0,0,0,0,London,3,Bromley 014,35.0,1,100.0,35.0,647.0
E02000194,4.0,3.0,23.17,42.0,6.73,20.15,60.26,12.86,LargeCentralMetro,1,0,0,0,0,0,London,3,Croydon 001,75.0,1,164.0,123.0,1231.0
E02000230,6.0,4.0,31.03,40.1,19.45,12.22,58.34,9.99,LargeCentralMetro,1,0,0,0,0,0,London,4,Croydon 037,44.0,1,145.0,63.8,833.0
E02000221,2.0,3.0,44.72,45.22,19.63,24.96,42.78,12.64,LargeCentralMetro,1,0,0,0,0,0,London,2,Croydon 028,40.0,1,161.0,64.4,984.0
E02000200,3.0,2.0,30.05,50.21,8.61,30.7,48.09,12.59,LargeCentralMetro,1,0,0,0,0,0,London,2,Croydon 007,44.0,1,183.0,80.52,1872.0
E02000229,2.0,6.0,,,5.52,23.53,63.38,7.57,LargeCentralMetro,1,0,0,0,0,0,London,,Croydon 036,,1,0.0,0.0,0.0
E02000213,3.0,2.0,54.26,41.75,20.94,32.8,32.17,14.09,LargeCentralMetro,1,0,0,0,0,0,London,1,Croydon 020,31.0,2,129.0,39.99,1006.0
E02000237,7.0,6.0,34.21,46.09,6.46,6.56,79.63,7.35,LargeCentralMetro,1,0,0,0,0,0,London,7,Croydon 044,46.0,1,114.0,52.440000000000005,755.0
E02006788,3.0,2.0,,35.77,9.59,31.46,44.98,13.98,LargeCentralMetro,1,0,0,0,0,0,London,,Croydon 045,,1,0.0,0.0,274.0
E02000216,8.0,2.0,16.36,51.32,37.84,12.33,39.27,10.56,LargeCentralMetro,1,0,0,0,0,0,London,1,Croydon 023,42.0,1,110.0,46.199999999999996,795.0
E02000207,3.0,2.0,56.57,48.99,10.55,33.46,42.53,13.46,LargeCentralMetro,1,0,0,0,0,0,London,4,Croydon 014,25.0,1,175.0,43.75,1682.0
E02000227,5.0,2.0,47.67,49.85,9.52,13.83,68.07,8.59,LargeCentralMetro,1,0,0,0,0,0,London,10,Croydon 034,49.0,1,86.0,42.14,686.0
E02000195,5.0,1.0,31.9,0.0,24.08,20.11,44.09,11.72,LargeCentralMetro,1,0,0,0,0,0,London,1,Croydon 002,48.0,1,163.0,78.24,1079.0
E02000235,7.0,4.0,17.39,48.79,11.2,8.14,72.55,8.1,LargeCentralMetro,1,0,0,0,0,0,London,5,Croydon 042,57.0,1,322.0,183.54,1935.0
E02000219,7.0,1.0,42.24,53.85,17.03,10.69,64.45,7.83,LargeCentralMetro,1,0,0,0,0,0,London,2,Croydon 026,24.0,1,161.0,38.64,1001.0
E02000231,9.0,2.0,27.88,47.56,26.94,8.5,54.77,9.78,LargeCentralMetro,1,0,0,0,0,0,London,7,Croydon 038,46.0,1,208.0,95.68,1230.0
E02000209,4.0,1.0,42.66,36.53,39.7,25.47,21.78,13.06,LargeCentralMetro,1,0,0,0,0,0,London,5,Croydon 016,33.0,1,143.0,47.190000000000005,490.0
E02000211,7.0,1.0,43.5,39.69,14.21,13.37,63.01,9.4,LargeCentralMetro,1,0,0,0,0,0,London,3,Croydon 018,27.0,1,200.0,54.0,1081.0
E02000196,4.0,2.0,33.69,98.97,26.75,24.6,36.22,12.44,LargeCentralMetro,1,0,0,0,0,0,London,2,Croydon 003,58.0,1,187.0,108.46,1165.0
E02000276,7.0,3.0,,39.17,11.52,7.02,70.45,11.01,LargeCentralMetro,1,0,0,0,0,0,London,,Ealing 039,,1,0.0,0.0,120.0
E02000260,4.0,1.0,30.37,48.06,75.55,6.55,7.17,10.72,LargeCentralMetro,1,0,0,0,0,0,London,2,Ealing 023,42.0,1,191.0,80.22,1213.0
E02000249,4.0,4.0,16.44,51.94,30.57,12.76,39.07,17.61,LargeCentralMetro,1,0,0,0,0,0,London,6,Ealing 012,65.0,1,292.0,189.8,1852.0
E02000259,6.0,2.0,38.56,48.96,13.72,8.68,63.41,14.19,LargeCentralMetro,1,0,0,0,0,0,London,1,Ealing 022,53.0,1,236.0,125.08000000000001,1540.0
E02000264,4.0,2.0,15.51,49.93,18.04,6.66,61.07,14.24,LargeCentralMetro,1,0,0,0,0,0,London,4,Ealing 027,69.0,1,187.0,129.03,1470.0
E02000247,3.0,4.0,33.33,49.17,30.79,16.3,35.44,17.48,LargeCentralMetro,1,0,0,0,0,0,London,3,Ealing 010,56.0,1,234.0,131.04000000000002,1755.0
E02006970,3.0,1.0,42.37,45.99,74.34,7.55,6.09,12.02,LargeCentralMetro,1,0,0,0,0,0,London,2,Ealing 043,58.0,1,236.0,136.88,1572.0
E02000243,5.0,5.0,,48.39,26.97,11.99,44.58,16.47,LargeCentralMetro,1,0,0,0,0,0,London,,Ealing 006,,1,0.0,0.0,777.0
E02000253,2.0,6.0,42.25,43.79,20.12,17.44,44.47,17.97,LargeCentralMetro,1,0,0,0,0,0,London,2,Ealing 016,46.0,1,213.0,97.98,1409.0
E02006968,7.0,3.0,41.63,100.0,23.32,4.84,51.9,19.94,LargeCentralMetro,1,0,0,0,0,0,London,2,Ealing 041,56.0,1,209.0,117.04,1328.0
E02000240,2.0,2.0,42.11,47.73,27.91,16.34,40.56,15.2,LargeCentralMetro,1,0,0,0,0,0,London,3,Ealing 003,30.0,1,133.0,39.9,771.0
E02000272,7.0,2.0,23.95,44.91,14.36,5.39,69.44,10.81,LargeCentralMetro,1,0,0,0,0,0,London,1,Ealing 035,62.0,1,167.0,103.54,1169.0
E02000287,7.0,2.0,21.63,45.83,15.1,4.56,63.87,16.47,LargeCentralMetro,1,0,0,0,0,0,London,6,Enfield 011,54.0,1,245.0,132.3,1569.0
E02000288,2.0,3.0,45.22,48.58,18.8,29.63,34.02,17.54,LargeCentralMetro,1,0,0,0,0,0,London,2,Enfield 012,42.97,3,356.0,152.95999999999998,2567.0
E02000289,7.0,1.0,17.37,50.06,13.96,5.56,63.23,17.24,LargeCentralMetro,1,0,0,0,0,0,London,8,Enfield 013,53.0,1,236.0,125.08000000000001,1546.0
E02000304,9.0,1.0,45.59,47.08,13.75,3.77,65.41,17.07,LargeCentralMetro,1,0,0,0,0,0,London,2,Enfield 028,29.0,1,136.0,39.44,514.0
E02000279,1.0,2.0,59.43,51.58,7.45,30.68,41.13,20.73,LargeCentralMetro,1,0,0,0,0,0,London,4,Enfield 003,24.0,1,175.0,42.0,981.0
E02000284,4.0,3.0,33.15,50.86,6.8,9.24,71.65,12.32,LargeCentralMetro,1,0,0,0,0,0,London,1,Enfield 008,51.53,2,359.0,184.99,2257.0
E02000285,6.0,3.0,32.38,52.26,8.4,7.0,73.08,11.52,LargeCentralMetro,1,0,0,0,0,0,London,2,Enfield 009,23.0,1,210.0,48.300000000000004,1282.0
E02000312,4.0,2.0,34.73,100.0,11.58,8.58,64.69,15.15,LargeCentralMetro,1,0,0,0,0,0,London,4,Enfield 036,50.0,1,167.0,83.5,1036.0
E02000302,4.0,2.0,34.39,47.12,12.57,11.87,57.25,18.31,LargeCentralMetro,1,0,0,0,0,0,London,6,Enfield 026,48.0,1,221.0,106.08,1579.0
E02000307,2.0,2.0,57.67,48.63,14.63,19.92,44.27,21.18,LargeCentralMetro,1,0,0,0,0,0,London,1,Enfield 031,28.0,1,215.0,60.2,1425.0
E02000280,4.0,3.0,29.38,0.0,4.68,9.16,73.42,12.74,LargeCentralMetro,1,0,0,0,0,0,London,7,Enfield 004,55.0,1,177.0,97.35000000000001,1012.0
E02000425,6.0,1.0,64.71,44.13,5.05,11.43,63.34,20.18,LargeCentralMetro,1,0,0,0,0,0,London,1,Haringey 029,49.0,1,238.0,116.62,1219.0
E02000403,3.0,2.0,34.78,44.29,9.88,11.33,62.95,15.84,LargeCentralMetro,1,0,0,0,0,0,London,1,Haringey 007,36.0,1,115.0,41.4,1007.0
E02000429,8.0,1.0,38.53,48.46,6.03,5.28,76.79,11.91,LargeCentralMetro,1,0,0,0,0,0,London,1,Haringey 033,49.0,1,231.0,113.19,1424.0
E02000412,2.0,2.0,60.22,44.19,12.9,21.33,48.64,17.12,LargeCentralMetro,1,0,0,0,0,0,London,1,Haringey 016,37.0,1,186.0,68.82,1068.0
E02000424,5.0,2.0,43.45,99.28,4.5,11.24,70.59,13.66,LargeCentralMetro,1,0,0,0,0,0,London,2,Haringey 028,53.0,1,145.0,76.85000000000001,830.0
E02000416,2.0,4.0,90.18,37.71,7.46,15.13,62.06,15.35,LargeCentralMetro,1,0,0,0,0,0,London,1,Haringey 020,24.0,1,163.0,39.12,1111.0
E02000410,7.0,2.0,15.7,50.35,5.88,3.64,78.92,11.55,LargeCentralMetro,1,0,0,0,0,0,London,3,Haringey 014,72.0,1,242.0,174.23999999999998,1712.0
E02000405,8.0,1.0,28.29,47.48,5.79,5.75,76.7,11.76,LargeCentralMetro,1,0,0,0,0,0,London,1,Haringey 009,64.0,1,205.0,131.2,1569.0
E02000404,2.0,2.0,54.25,46.99,11.97,17.02,51.8,19.22,LargeCentralMetro,1,0,0,0,0,0,London,3,Haringey 008,35.0,1,153.0,53.55,915.0
E02000415,2.0,2.0,53.47,44.77,11.62,13.54,56.43,18.41,LargeCentralMetro,1,0,0,0,0,0,London,4,Haringey 019,27.0,1,202.0,54.540000000000006,1061.0
E02000444,6.0,1.0,25.52,46.94,55.56,4.35,32.01,8.09,LargeCentralMetro,1,0,0,0,0,0,London,1,Harrow 012,55.0,1,286.0,157.3,1502.0
E02000451,8.0,1.0,22.9,46.34,50.06,3.28,38.2,8.46,LargeCentralMetro,1,0,0,0,0,0,London,2,Harrow 019,62.0,1,297.0,184.14,1884.0
E02000455,5.0,3.0,31.71,39.9,47.39,6.95,34.44,11.23,LargeCentralMetro,1,0,0,0,0,0,London,1,Harrow 023,42.0,1,123.0,51.66,827.0
E02000442,5.0,1.0,35.44,39.68,52.3,4.39,33.6,9.71,LargeCentralMetro,1,0,0,0,0,0,London,1,Harrow 010,42.0,1,158.0,66.36,1197.0
E02000443,3.0,5.0,20.0,0.0,41.68,11.73,32.29,14.3,LargeCentralMetro,1,0,0,0,0,0,London,4,Harrow 011,47.0,1,125.0,58.75,526.0
E02000433,7.0,2.0,41.86,100.0,37.56,5.56,46.53,10.35,LargeCentralMetro,1,0,0,0,0,0,London,9,Harrow 001,48.0,1,172.0,82.56,1127.0
E02000459,4.0,3.0,31.32,47.32,43.35,10.6,32.54,13.51,LargeCentralMetro,1,0,0,0,0,0,London,1,Harrow 027,57.0,1,265.0,151.04999999999998,1676.0
E02000454,9.0,1.0,,46.41,47.58,2.48,41.19,8.75,LargeCentralMetro,1,0,0,0,0,0,London,,Harrow 022,,1,0.0,0.0,153.0
E02000440,6.0,1.0,10.42,49.38,52.25,4.36,34.65,8.74,LargeCentralMetro,1,0,0,0,0,0,London,2,Harrow 008,65.0,1,96.0,62.400000000000006,964.0
E02000463,4.0,3.0,35.26,45.99,44.09,11.12,31.51,13.29,LargeCentralMetro,1,0,0,0,0,0,London,3,Harrow 031,35.0,1,156.0,54.599999999999994,1061.0
E02000438,4.0,3.0,40.39,43.59,36.03,11.18,42.61,10.17,LargeCentralMetro,1,0,0,0,0,0,London,6,Harrow 006,41.0,1,203.0,83.22999999999999,1365.0
E02000473,6.0,1.0,16.61,20.18,12.06,6.08,76.1,5.75,LargeCentralMetro,1,0,0,0,0,0,London,7,Havering 010,58.93,2,277.0,163.23000000000002,1843.0
E02000482,10.0,1.0,9.89,48.08,5.35,1.49,89.61,3.55,LargeCentralMetro,1,0,0,0,0,0,London,5,Havering 019,63.55,2,374.0,237.66,2340.0
E02000466,4.0,4.0,35.66,50.2,8.14,8.58,77.26,6.02,LargeCentralMetro,1,0,0,0,0,0,London,4,Havering 003,23.0,1,129.0,29.67,761.0
E02000485,6.0,1.0,3.31,100.0,6.01,4.17,85.56,4.26,LargeCentralMetro,1,0,0,0,0,0,London,4,Havering 022,79.0,1,121.0,95.59,827.0
E02000492,6.0,1.0,25.28,47.44,8.06,8.7,78.92,4.32,LargeCentralMetro,1,0,0,0,0,0,London,8,Havering 029,51.0,1,178.0,90.78,936.0
E02000484,6.0,2.0,,,9.6,6.41,79.16,4.83,LargeCentralMetro,1,0,0,0,0,0,London,,Havering 021,,1,0.0,0.0,0.0
E02000490,4.0,1.0,35.75,51.07,10.06,11.62,74.24,4.07,LargeCentralMetro,1,0,0,0,0,0,London,3,Havering 027,27.0,1,179.0,48.330000000000005,838.0
E02000465,3.0,2.0,48.41,50.87,9.88,11.0,73.9,5.22,LargeCentralMetro,1,0,0,0,0,0,London,8,Havering 002,37.0,1,126.0,46.62,981.0
E02000479,3.0,3.0,17.37,100.0,12.84,9.34,70.1,7.71,LargeCentralMetro,1,0,0,0,0,0,London,1,Havering 016,46.0,1,213.0,97.98,1272.0
E02000486,6.0,1.0,17.79,47.79,8.89,5.09,81.33,4.69,LargeCentralMetro,1,0,0,0,0,0,London,8,Havering 023,39.0,1,163.0,63.57,814.0
E02000478,9.0,1.0,15.05,38.71,26.92,4.45,61.53,7.1,LargeCentralMetro,1,0,0,0,0,0,London,4,Havering 015,56.0,1,186.0,104.16000000000001,974.0
E02000503,7.0,2.0,21.91,48.72,17.99,3.46,70.58,7.97,LargeCentralMetro,1,0,0,0,0,0,London,3,Hillingdon 010,51.0,1,178.0,90.78,1053.0
E02000500,8.0,3.0,11.96,51.31,19.16,2.09,71.15,7.6,LargeCentralMetro,1,0,0,0,0,0,London,3,Hillingdon 007,60.0,1,184.0,110.39999999999999,1257.0
E02000507,6.0,1.0,32.76,2.27,28.2,5.59,55.61,10.6,LargeCentralMetro,1,0,0,0,0,0,London,5,Hillingdon 014,48.0,1,58.0,27.84,485.0
E02000517,3.0,4.0,35.11,40.93,40.37,14.27,32.38,12.98,LargeCentralMetro,1,0,0,0,0,0,London,3,Hillingdon 024,49.27,2,131.0,64.55,755.0
E02000497,6.0,2.0,14.58,50.98,26.16,4.61,60.96,8.27,LargeCentralMetro,1,0,0,0,0,0,London,4,Hillingdon 004,53.0,1,295.0,156.35,1944.0
E02000508,4.0,3.0,34.16,44.25,26.88,7.73,52.77,12.62,LargeCentralMetro,1,0,0,0,0,0,London,3,Hillingdon 015,39.49,2,363.0,143.35000000000002,2565.0
E02000506,8.0,2.0,11.86,46.7,33.77,2.91,52.46,10.86,LargeCentralMetro,1,0,0,0,0,0,London,3,Hillingdon 013,62.0,1,177.0,109.74,1152.0
E02000513,2.0,3.0,50.43,45.82,39.63,16.76,31.29,12.32,LargeCentralMetro,1,0,0,0,0,0,London,6,Hillingdon 020,44.0,1,230.0,101.2,1364.0
E02006796,6.0,3.0,24.07,49.01,26.69,5.59,57.46,10.27,LargeCentralMetro,1,0,0,0,0,0,London,2,Hillingdon 033,59.0,1,241.0,142.19,1467.0
E02000511,5.0,3.0,39.13,44.08,37.93,8.42,40.89,12.77,LargeCentralMetro,1,0,0,0,0,0,London,2,Hillingdon 018,34.63,2,46.0,15.93,422.0
E02000523,3.0,1.0,47.75,49.24,58.76,8.52,19.92,12.8,LargeCentralMetro,1,0,0,0,0,0,London,7,Hillingdon 030,26.0,1,178.0,46.28,1115.0
E02000520,3.0,2.0,,,48.54,12.55,25.91,13.0,LargeCentralMetro,1,0,0,0,0,0,London,,Hillingdon 027,,1,0.0,0.0,0.0
E02000496,5.0,8.0,28.89,39.42,9.38,2.73,81.78,6.12,LargeCentralMetro,1,0,0,0,0,0,London,10,Hillingdon 003,30.0,1,135.0,40.5,690.0
E02000504,9.0,1.0,18.75,46.6,21.3,1.56,70.32,6.82,LargeCentralMetro,1,0,0,0,0,0,London,4,Hillingdon 011,46.0,1,208.0,95.68,1281.0
E02000518,2.0,5.0,,,24.64,10.22,55.8,9.33,LargeCentralMetro,1,0,0,0,0,0,London,,Hillingdon 025,,1,0.0,0.0,0.0
E02000510,5.0,3.0,31.98,97.17,31.29,6.1,51.34,11.27,LargeCentralMetro,1,0,0,0,0,0,London,6,Hillingdon 017,46.0,1,172.0,79.12,1129.0
E02000495,6.0,2.0,23.21,48.0,29.63,4.96,56.53,8.88,LargeCentralMetro,1,0,0,0,0,0,London,3,Hillingdon 002,43.0,1,56.0,24.08,575.0
E02000530,2.0,2.0,35.86,46.76,50.11,15.73,19.64,14.51,LargeCentralMetro,1,0,0,0,0,0,London,5,Hounslow 005,46.0,1,198.0,91.08,1405.0
E02000534,6.0,2.0,43.92,0.0,36.66,5.42,45.2,12.72,LargeCentralMetro,1,0,0,0,0,0,London,5,Hounslow 009,37.0,1,148.0,54.76,965.0
E02000542,4.0,2.0,10.8,48.16,59.68,6.61,22.48,11.23,LargeCentralMetro,1,0,0,0,0,0,London,2,Hounslow 017,66.0,1,176.0,116.16000000000001,1171.0
E02000531,4.0,5.0,31.82,39.61,13.48,8.51,65.95,12.06,LargeCentralMetro,1,0,0,0,0,0,London,2,Hounslow 006,54.73,2,286.0,156.54000000000002,1982.0
E02000547,4.0,2.0,38.64,46.86,36.55,8.34,45.38,9.72,LargeCentralMetro,1,0,0,0,0,0,London,4,Hounslow 022,33.23,2,176.0,58.48,1131.0
E02000537,6.0,1.0,35.59,44.59,58.15,2.98,26.7,12.18,LargeCentralMetro,1,0,0,0,0,0,London,2,Hounslow 012,31.0,1,118.0,36.58,776.0
E02000536,4.0,2.0,32.49,47.8,59.92,5.26,21.74,13.09,LargeCentralMetro,1,0,0,0,0,0,London,4,Hounslow 011,49.47,2,394.0,194.93,2730.0
E02000532,6.0,2.0,37.69,42.05,9.25,4.98,73.88,11.89,LargeCentralMetro,1,0,0,0,0,0,London,4,Hounslow 007,44.0,1,199.0,87.56,1277.0
E02000539,4.0,3.0,24.13,99.8,21.79,7.49,57.44,13.28,LargeCentralMetro,1,0,0,0,0,0,London,4,Hounslow 014,50.56,3,315.0,159.26999999999998,1959.0
E02000549,4.0,4.0,38.36,45.09,34.89,5.46,48.51,11.13,LargeCentralMetro,1,0,0,0,0,0,London,2,Hounslow 024,41.92,2,159.0,66.65,998.0
E02000546,4.0,1.0,37.16,48.55,59.1,5.83,24.56,10.51,LargeCentralMetro,1,0,0,0,0,0,London,3,Hounslow 021,67.0,1,261.0,174.87,1823.0
E02000614,5.0,3.0,19.8,97.7,27.14,4.08,56.86,11.92,LargeCentralMetro,1,0,0,0,0,0,London,2,Kingston upon Thames 017,49.0,1,197.0,96.53,1262.0
E02000609,6.0,3.0,14.29,48.92,31.22,2.78,52.8,13.2,LargeCentralMetro,1,0,0,0,0,0,London,2,Kingston upon Thames 012,66.44,2,287.0,190.68,1950.0
E02000613,7.0,3.0,25.0,0.0,10.76,2.79,77.54,8.92,LargeCentralMetro,1,0,0,0,0,0,London,2,Kingston upon Thames 016,42.0,1,108.0,45.36,792.0
E02000606,7.0,2.0,17.71,36.49,13.5,2.31,72.4,11.79,LargeCentralMetro,1,0,0,0,0,0,London,1,Kingston upon Thames 009,53.0,1,175.0,92.75,1014.0
E02000612,7.0,3.0,23.13,0.0,23.14,1.95,63.72,11.18,LargeCentralMetro,1,0,0,0,0,0,London,2,Kingston upon Thames 015,54.0,1,147.0,79.38000000000001,793.0
E02000605,6.0,4.0,22.49,94.38,22.0,1.81,64.56,11.63,LargeCentralMetro,1,0,0,0,0,0,London,8,Kingston upon Thames 008,71.0,1,209.0,148.39,1316.0
E02000598,8.0,1.0,,32.79,15.23,1.63,73.39,9.76,LargeCentralMetro,1,0,0,0,0,0,London,,Kingston upon Thames 001,,1,0.0,0.0,308.0
E02000704,5.0,3.0,41.01,48.28,14.71,5.65,69.06,10.59,LargeCentralMetro,1,0,0,0,0,0,London,7,Merton 016,45.0,1,139.0,62.550000000000004,988.0
E02000699,9.0,1.0,24.77,0.0,16.11,1.96,71.79,10.14,LargeCentralMetro,1,0,0,0,0,0,London,2,Merton 011,49.0,1,218.0,106.82,1304.0
E02000710,4.0,4.0,41.57,50.58,21.91,14.75,52.79,10.55,LargeCentralMetro,1,0,0,0,0,0,London,2,Merton 022,36.0,1,89.0,32.04,690.0
E02000702,3.0,2.0,33.79,44.53,17.57,26.43,43.43,12.56,LargeCentralMetro,1,0,0,0,0,0,London,2,Merton 014,33.0,1,145.0,47.85,813.0
E02000690,10.0,1.0,29.33,100.0,10.8,1.61,78.87,8.72,LargeCentralMetro,1,0,0,0,0,0,London,2,Merton 002,54.0,1,225.0,121.50000000000001,1298.0
E02000707,2.0,2.0,39.63,42.72,17.18,35.18,36.68,10.96,LargeCentralMetro,1,0,0,0,0,0,London,3,Merton 019,47.0,1,164.0,77.08,1119.0
E02000692,10.0,1.0,15.96,0.0,14.76,2.22,74.25,8.77,LargeCentralMetro,1,0,0,0,0,0,London,4,Merton 004,62.0,1,188.0,116.56,1266.0
E02006999,2.0,1.0,,50.56,26.83,18.06,44.02,11.08,LargeCentralMetro,1,0,0,0,0,0,London,,Newham 042,,1,0.0,0.0,180.0
E02000748,4.0,1.0,65.33,45.43,18.98,16.95,54.35,9.72,LargeCentralMetro,1,0,0,0,0,0,London,2,Newham 035,42.0,2,274.0,115.08,1631.0
E02000730,4.0,1.0,45.43,13.17,73.41,7.45,12.97,6.16,LargeCentralMetro,1,0,0,0,0,0,London,1,Newham 017,45.01,2,361.0,162.47,2376.0
E02000718,2.0,2.0,60.98,38.37,54.7,21.19,15.99,8.11,LargeCentralMetro,1,0,0,0,0,0,London,4,Newham 005,42.0,1,264.0,110.88,1329.0
E02000742,2.0,2.0,68.2,53.67,40.15,18.52,32.52,8.81,LargeCentralMetro,1,0,0,0,0,0,London,2,Newham 029,62.0,1,261.0,161.82,2046.0
E02000721,3.0,2.0,49.46,95.72,64.54,12.05,16.2,7.2,LargeCentralMetro,1,0,0,0,0,0,London,1,Newham 008,51.0,1,186.0,94.86,1333.0
E02000768,9.0,2.0,24.12,45.8,20.59,5.51,64.43,9.47,LargeCentralMetro,1,0,0,0,0,0,London,2,Redbridge 018,50.0,1,228.0,114.0,1489.0
E02000751,9.0,1.0,11.98,49.85,19.44,5.06,67.0,8.49,LargeCentralMetro,1,0,0,0,0,0,London,2,Redbridge 001,65.0,1,242.0,157.3,1635.0
E02000759,6.0,1.0,25.33,47.74,24.41,10.58,54.01,11.01,LargeCentralMetro,1,0,0,0,0,0,London,3,Redbridge 009,49.0,1,229.0,112.21,1659.0
E02000758,5.0,1.0,30.17,45.38,46.15,9.66,32.9,11.29,LargeCentralMetro,1,0,0,0,0,0,London,4,Redbridge 008,21.0,1,179.0,37.589999999999996,1115.0
E02006924,5.0,1.0,29.21,47.58,64.85,5.9,20.82,8.43,LargeCentralMetro,1,0,0,0,0,0,London,2,Redbridge 035,61.0,1,178.0,108.58,1301.0
E02000770,5.0,1.0,36.76,40.95,60.63,7.62,21.07,10.68,LargeCentralMetro,1,0,0,0,0,0,London,4,Redbridge 020,59.0,1,185.0,109.14999999999999,1111.0
E02006800,3.0,1.0,40.68,48.37,59.87,8.95,21.34,9.84,LargeCentralMetro,1,0,0,0,0,0,London,2,Redbridge 034,37.0,1,236.0,87.32,1720.0
E02000752,2.0,1.0,35.46,47.62,23.32,11.65,56.15,8.88,LargeCentralMetro,1,0,0,0,0,0,London,5,Redbridge 002,38.0,1,141.0,53.58,863.0
E02000763,5.0,1.0,31.65,48.97,51.79,7.74,30.66,9.81,LargeCentralMetro,1,0,0,0,0,0,London,6,Redbridge 013,48.0,1,237.0,113.75999999999999,1693.0
E02000776,5.0,1.0,28.69,100.0,64.29,8.97,19.39,7.35,LargeCentralMetro,1,0,0,0,0,0,London,2,Redbridge 026,64.0,1,122.0,78.08,796.0
E02000756,5.0,1.0,26.17,47.3,32.33,7.65,51.06,8.96,LargeCentralMetro,1,0,0,0,0,0,London,7,Redbridge 006,57.0,1,149.0,84.92999999999999,981.0
E02006925,7.0,1.0,18.45,44.67,66.86,4.3,19.45,9.38,LargeCentralMetro,1,0,0,0,0,0,London,1,Redbridge 036,65.0,1,233.0,151.45000000000002,2158.0
E02000772,4.0,1.0,27.37,48.42,59.54,10.34,20.6,9.52,LargeCentralMetro,1,0,0,0,0,0,London,2,Redbridge 022,57.0,1,179.0,102.02999999999999,1237.0
E02000795,9.0,1.0,19.56,42.13,6.02,1.07,84.3,8.61,LargeCentralMetro,1,0,0,0,0,0,London,2,Richmond upon Thames 012,64.0,1,225.0,144.0,1277.0
E02000789,8.0,2.0,31.25,40.28,9.92,1.38,79.34,9.36,LargeCentralMetro,1,0,0,0,0,0,London,1,Richmond upon Thames 006,53.0,1,112.0,59.36,792.0
E02000794,10.0,2.0,,,11.54,1.54,77.94,8.99,LargeCentralMetro,1,0,0,0,0,0,London,,Richmond upon Thames 011,,1,0.0,0.0,0.0
E02000798,8.0,2.0,13.37,93.84,9.28,2.02,79.65,9.04,LargeCentralMetro,1,0,0,0,0,0,London,1,Richmond upon Thames 015,80.0,1,202.0,161.60000000000002,1314.0
E02000796,5.0,4.0,,29.33,25.97,4.43,59.59,10.01,LargeCentralMetro,1,0,0,0,0,0,London,,Richmond upon Thames 013,,2,0.0,0.0,225.0
E02000805,8.0,2.0,11.81,42.86,6.51,1.81,84.02,7.66,LargeCentralMetro,1,0,0,0,0,0,London,6,Richmond upon Thames 022,66.0,1,237.0,156.42000000000002,1302.0
E02000803,5.0,3.0,,,10.95,3.05,76.52,9.49,LargeCentralMetro,1,0,0,0,0,0,London,,Richmond upon Thames 020,,1,0.0,0.0,0.0
E02000788,9.0,1.0,35.85,47.21,5.92,1.08,82.81,10.19,LargeCentralMetro,1,0,0,0,0,0,London,2,Richmond upon Thames 005,42.0,1,106.0,44.519999999999996,771.0
E02000792,10.0,2.0,16.06,38.53,5.64,1.33,85.0,8.03,LargeCentralMetro,1,0,0,0,0,0,London,1,Richmond upon Thames 009,61.0,1,193.0,117.73,1199.0
E02000846,7.0,4.0,27.31,47.81,21.18,5.03,65.84,7.96,LargeCentralMetro,1,0,0,0,0,0,London,4,Sutton 007,49.0,1,238.0,116.62,1692.0
E02000857,6.0,4.0,19.7,45.33,21.03,6.38,63.61,8.98,LargeCentralMetro,1,0,0,0,0,0,London,7,Sutton 018,44.0,1,203.0,89.32000000000001,1275.0
E02000844,4.0,7.0,34.8,0.0,13.34,7.78,70.95,7.94,LargeCentralMetro,1,0,0,0,0,0,London,1,Sutton 005,28.0,1,204.0,57.120000000000005,1281.0
E02000842,7.0,4.0,22.31,53.52,20.72,4.58,66.38,8.33,LargeCentralMetro,1,0,0,0,0,0,London,5,Sutton 003,58.0,1,242.0,140.35999999999999,1532.0
E02000854,7.0,3.0,23.82,99.84,9.62,3.64,80.53,6.2,LargeCentralMetro,1,0,0,0,0,0,London,2,Sutton 015,43.85,2,382.0,167.51999999999998,2508.0
E02000863,7.0,4.0,9.8,0.0,20.92,6.91,65.43,6.74,LargeCentralMetro,1,0,0,0,0,0,London,4,Sutton 024,60.0,1,153.0,91.8,1038.0
E02000848,8.0,2.0,18.58,46.67,18.97,2.7,71.2,7.13,LargeCentralMetro,1,0,0,0,0,0,London,2,Sutton 009,58.0,1,296.0,171.67999999999998,1935.0
E02000907,2.0,2.0,33.24,70.58,17.01,24.95,44.54,13.49,LargeCentralMetro,1,0,0,0,0,0,London,3,Waltham Forest 013,52.53,2,349.0,183.32999999999998,2026.0
E02000918,4.0,1.0,37.93,100.0,22.27,14.06,51.96,11.71,LargeCentralMetro,1,0,0,0,0,0,London,1,Waltham Forest 024,32.0,1,116.0,37.12,600.0
E02000905,4.0,2.0,50.92,43.71,20.25,13.3,54.94,11.51,LargeCentralMetro,1,0,0,0,0,0,London,5,Waltham Forest 011,46.0,1,163.0,74.98,993.0
E02000908,3.0,1.0,39.09,59.14,16.87,15.4,54.87,12.86,LargeCentralMetro,1,0,0,0,0,0,London,5,Waltham Forest 014,39.0,2,110.0,42.9,1111.0
E02000901,5.0,2.0,25.22,47.43,9.84,9.77,69.12,11.27,LargeCentralMetro,1,0,0,0,0,0,London,2,Waltham Forest 007,43.0,1,230.0,98.89999999999999,1556.0
E02000904,3.0,1.0,80.0,32.33,19.97,16.07,52.28,11.68,LargeCentralMetro,1,0,0,0,0,0,London,5,Waltham Forest 010,33.0,1,165.0,54.45,866.0
E02000912,3.0,1.0,58.08,39.38,29.41,14.55,43.61,12.43,LargeCentralMetro,1,0,0,0,0,0,London,4,Waltham Forest 018,32.0,1,167.0,53.44,876.0
E02000895,3.0,4.0,32.16,47.88,10.21,11.61,65.79,12.4,LargeCentralMetro,1,0,0,0,0,0,London,4,Waltham Forest 001,52.0,1,227.0,118.04,1512.0
E02000917,4.0,1.0,65.52,0.0,18.66,14.4,55.07,11.87,LargeCentralMetro,1,0,0,0,0,0,London,1,Waltham Forest 023,44.0,1,87.0,38.28,583.0
E02000902,3.0,2.0,45.54,40.1,19.28,16.82,49.66,14.25,LargeCentralMetro,1,0,0,0,0,0,London,2,Waltham Forest 008,31.0,1,112.0,34.72,606.0
E02000915,5.0,1.0,33.54,36.84,20.85,12.65,55.92,10.58,LargeCentralMetro,1,0,0,0,0,0,London,2,Waltham Forest 021,59.0,1,164.0,96.75999999999999,809.0
E02000897,3.0,4.0,35.8,48.46,9.56,12.43,66.69,11.31,LargeCentralMetro,1,0,0,0,0,0,London,7,Waltham Forest 003,50.0,1,162.0,81.0,1133.0
E02001858,3.0,4.0,54.92,100.0,44.09,23.19,22.45,10.28,LargeCentralMetro,1,0,0,0,0,0,West Midlands,2,Birmingham 032,35.0,1,122.0,42.699999999999996,848.0
E02001874,2.0,3.0,66.07,49.08,70.12,11.81,9.82,8.25,LargeCentralMetro,1,0,0,0,0,0,West Midlands,3,Birmingham 048,34.0,1,112.0,38.080000000000005,599.0
E02001876,2.0,5.0,42.82,51.61,26.7,35.08,27.43,10.79,LargeCentralMetro,1,0,0,0,0,0,West Midlands,1,Birmingham 050,34.81,3,425.0,147.96,2447.0
E02001905,8.0,1.0,61.9,42.53,27.68,4.87,57.29,10.15,LargeCentralMetro,1,0,0,0,0,0,West Midlands,2,Birmingham 079,32.0,1,105.0,33.6,616.0
E02001924,4.0,6.0,41.73,42.07,48.93,4.9,37.54,8.63,LargeCentralMetro,1,0,0,0,0,0,West Midlands,3,Birmingham 098,40.0,1,254.0,101.60000000000001,1388.0
E02007039,3.0,2.0,67.88,44.62,75.6,4.9,10.5,9.0,LargeCentralMetro,1,0,0,0,0,0,West Midlands,3,Birmingham 142,33.0,1,165.0,54.45,883.0
E02001890,6.0,5.0,35.0,100.0,27.05,14.03,46.11,12.82,LargeCentralMetro,1,0,0,0,0,0,West Midlands,3,Birmingham 064,68.0,1,160.0,108.80000000000001,1001.0
E02006898,3.0,3.0,,47.11,14.83,23.2,50.46,11.51,LargeCentralMetro,1,0,0,0,0,0,West Midlands,,Birmingham 137,,1,0.0,0.0,346.0
E02001843,4.0,6.0,69.47,53.22,12.41,8.7,72.67,6.22,LargeCentralMetro,1,0,0,0,0,0,West Midlands,3,Birmingham 017,22.0,1,95.0,20.9,543.0
E02001923,3.0,4.0,44.59,40.93,67.22,3.72,20.62,8.44,LargeCentralMetro,1,0,0,0,0,0,West Midlands,6,Birmingham 097,33.1,2,379.0,125.44999999999999,2226.0
E02001899,8.0,5.0,30.0,88.82,31.41,4.0,54.55,10.04,LargeCentralMetro,1,0,0,0,0,0,West Midlands,3,Birmingham 073,50.0,2,130.0,65.0,939.0
E02001916,3.0,7.0,58.48,43.36,50.38,5.89,34.71,9.03,LargeCentralMetro,1,0,0,0,0,0,West Midlands,5,Birmingham 090,43.0,1,171.0,73.53,911.0
E02001938,6.0,8.0,23.36,98.7,6.67,4.27,81.54,7.51,LargeCentralMetro,1,0,0,0,0,0,West Midlands,2,Birmingham 112,64.0,1,137.0,87.68,924.0
E02001870,2.0,5.0,48.12,56.56,64.34,8.44,19.4,7.81,LargeCentralMetro,1,0,0,0,0,0,West Midlands,5,Birmingham 044,41.31,2,372.0,153.66,1950.0
E02006809,6.0,2.0,43.86,44.0,65.16,9.77,13.49,11.59,LargeCentralMetro,1,0,0,0,0,0,West Midlands,3,Birmingham 133,50.0,1,171.0,85.5,1091.0
E02001886,4.0,5.0,67.12,43.16,41.98,15.0,30.42,12.6,LargeCentralMetro,1,0,0,0,0,0,West Midlands,4,Birmingham 060,28.0,1,146.0,40.88,899.0
E02001831,4.0,8.0,21.53,49.47,7.65,4.65,81.14,6.56,LargeCentralMetro,1,0,0,0,0,0,West Midlands,5,Birmingham 005,60.0,1,209.0,125.39999999999999,1407.0
E02001862,2.0,4.0,55.48,44.77,55.06,20.06,12.88,12.0,LargeCentralMetro,1,0,0,0,0,0,West Midlands,2,Birmingham 036,26.55,2,301.0,79.93,1865.0
E02001859,3.0,3.0,52.55,40.28,69.13,15.42,9.58,5.86,LargeCentralMetro,1,0,0,0,0,0,West Midlands,2,Birmingham 033,28.0,2,196.0,54.88,1425.0
E02001875,1.0,2.0,28.72,47.58,33.06,36.04,20.36,10.54,LargeCentralMetro,1,0,0,0,0,0,West Midlands,3,Birmingham 049,51.0,1,94.0,47.94,557.0
E02001930,6.0,6.0,33.11,30.19,20.22,3.45,68.0,8.32,LargeCentralMetro,1,0,0,0,0,0,West Midlands,3,Birmingham 104,57.3,2,299.0,171.34,1832.0
E02001906,4.0,6.0,70.13,51.1,15.67,9.13,65.13,10.06,LargeCentralMetro,1,0,0,0,0,0,West Midlands,7,Birmingham 080,18.0,1,77.0,13.86,456.0
E02001867,2.0,4.0,62.15,52.67,55.07,28.56,7.61,8.76,LargeCentralMetro,1,0,0,0,0,0,West Midlands,2,Birmingham 041,33.0,1,177.0,58.410000000000004,1122.0
E02001921,2.0,7.0,50.48,98.91,14.86,9.36,63.5,12.28,LargeCentralMetro,1,0,0,0,0,0,West Midlands,7,Birmingham 095,32.0,1,105.0,33.6,550.0
E02001888,2.0,9.0,,,26.07,7.73,58.39,7.81,LargeCentralMetro,1,0,0,0,0,0,West Midlands,,Birmingham 062,,1,0.0,0.0,0.0
E02001855,2.0,10.0,57.01,52.74,2.64,8.1,79.6,9.67,LargeCentralMetro,1,0,0,0,0,0,West Midlands,4,Birmingham 029,25.0,1,107.0,26.75,749.0
E02001884,2.0,1.0,60.34,100.0,68.85,11.41,8.08,11.66,LargeCentralMetro,1,0,0,0,0,0,West Midlands,4,Birmingham 058,20.0,2,232.0,46.400000000000006,1924.0
E02001926,5.0,7.0,56.62,100.0,20.6,6.58,63.9,8.92,LargeCentralMetro,1,0,0,0,0,0,West Midlands,4,Birmingham 100,41.0,1,136.0,55.76,678.0
E02001914,5.0,5.0,47.33,36.11,45.54,6.0,31.79,16.67,LargeCentralMetro,1,0,0,0,0,0,West Midlands,3,Birmingham 088,45.0,1,131.0,58.95,792.0
E02001895,2.0,9.0,56.4,48.3,14.49,6.55,70.85,8.11,LargeCentralMetro,1,0,0,0,0,0,West Midlands,7,Birmingham 069,38.0,1,172.0,65.36,1236.0
E02001848,2.0,7.0,59.48,48.83,20.24,22.61,48.26,8.88,LargeCentralMetro,1,0,0,0,0,0,West Midlands,3,Birmingham 022,30.0,1,153.0,45.9,983.0
E02001835,8.0,5.0,17.65,51.64,8.04,2.14,84.4,5.42,LargeCentralMetro,1,0,0,0,0,0,West Midlands,2,Birmingham 009,56.0,1,187.0,104.72000000000001,1280.0
E02001828,8.0,4.0,15.35,50.62,9.16,1.85,85.23,3.77,LargeCentralMetro,1,0,0,0,0,0,West Midlands,3,Birmingham 002,59.0,1,241.0,142.19,1695.0
E02001956,3.0,10.0,43.96,50.78,3.68,5.21,85.03,6.08,LargeCentralMetro,1,0,0,0,0,0,West Midlands,9,Birmingham 130,30.0,1,182.0,54.6,1091.0
E02001878,2.0,3.0,78.52,49.23,58.28,21.22,8.85,11.65,LargeCentralMetro,1,0,0,0,0,0,West Midlands,2,Birmingham 052,38.0,1,149.0,56.62,906.0
E02001937,2.0,9.0,97.83,0.0,28.98,5.66,55.72,9.64,LargeCentralMetro,1,0,0,0,0,0,West Midlands,3,Birmingham 111,48.0,1,92.0,44.16,559.0
E02001852,3.0,8.0,52.14,48.52,23.3,15.18,53.0,8.52,LargeCentralMetro,1,0,0,0,0,0,West Midlands,3,Birmingham 026,26.0,1,140.0,36.4,742.0
E02001857,2.0,8.0,60.9,47.19,25.64,17.53,46.98,9.84,LargeCentralMetro,1,0,0,0,0,0,West Midlands,5,Birmingham 031,28.0,1,156.0,43.68000000000001,835.0
E02001932,1.0,9.0,52.83,43.22,8.45,10.06,71.35,10.14,LargeCentralMetro,1,0,0,0,0,0,West Midlands,7,Birmingham 106,34.0,1,159.0,54.06,1099.0
E02001952,1.0,10.0,35.75,46.48,5.04,11.52,75.59,7.85,LargeCentralMetro,1,0,0,0,0,0,West Midlands,2,Birmingham 126,39.0,1,193.0,75.27,1151.0
E02001920,2.0,9.0,48.47,47.03,9.96,12.19,67.85,10.0,LargeCentralMetro,1,0,0,0,0,0,West Midlands,8,Birmingham 094,36.0,1,163.0,58.68,893.0
E02001897,1.0,7.0,72.41,41.84,40.57,28.71,10.79,19.93,LargeCentralMetro,1,0,0,0,0,0,West Midlands,1,Birmingham 071,44.0,1,87.0,38.28,674.0
E02001881,2.0,2.0,56.02,48.64,66.63,8.35,15.09,9.93,LargeCentralMetro,1,0,0,0,0,0,West Midlands,2,Birmingham 055,34.0,1,191.0,64.94,1032.0
E02001925,5.0,7.0,,46.37,17.0,6.17,68.0,8.83,LargeCentralMetro,1,0,0,0,0,0,West Midlands,,Birmingham 099,,1,0.0,0.0,619.0
E02001832,8.0,4.0,10.49,51.98,7.56,2.79,84.63,5.02,LargeCentralMetro,1,0,0,0,0,0,West Midlands,1,Birmingham 006,57.0,1,143.0,81.50999999999999,1037.0
E02001883,1.0,8.0,,,13.91,7.57,68.78,9.74,LargeCentralMetro,1,0,0,0,0,0,West Midlands,,Birmingham 057,,1,0.0,0.0,0.0
E02001889,2.0,2.0,50.0,62.56,68.63,10.1,10.15,11.12,LargeCentralMetro,1,0,0,0,0,0,West Midlands,4,Birmingham 063,21.0,1,52.0,10.92,211.0
E02001985,2.0,3.0,20.0,52.98,18.52,16.4,55.5,9.57,LargeCentralMetro,1,0,0,0,0,0,West Midlands,1,Coventry 028,60.0,1,205.0,123.0,1495.0
E02001967,8.0,6.0,16.73,51.98,4.85,1.29,90.93,2.93,LargeCentralMetro,1,0,0,0,0,0,West Midlands,8,Coventry 010,39.0,1,245.0,95.55,1620.0
E02001993,4.0,7.0,27.96,38.23,17.62,7.84,68.36,6.19,LargeCentralMetro,1,0,0,0,0,0,West Midlands,7,Coventry 036,29.54,3,186.0,54.940000000000005,1177.0
E02001959,5.0,6.0,32.88,48.43,19.43,5.54,67.77,7.26,LargeCentralMetro,1,0,0,0,0,0,West Midlands,7,Coventry 002,42.0,1,219.0,91.97999999999999,1462.0
E02001986,2.0,7.0,22.29,91.02,4.63,6.97,83.92,4.48,LargeCentralMetro,1,0,0,0,0,0,West Midlands,9,Coventry 029,29.0,1,157.0,45.529999999999994,857.0
E02001976,6.0,6.0,16.74,50.95,17.53,8.89,67.41,6.17,LargeCentralMetro,1,0,0,0,0,0,West Midlands,6,Coventry 019,38.0,1,233.0,88.54,1525.0
E02001998,9.0,4.0,11.06,48.95,23.25,3.26,66.59,6.89,LargeCentralMetro,1,0,0,0,0,0,West Midlands,5,Coventry 041,55.0,1,235.0,129.25,1526.0
E02001992,2.0,6.0,47.13,50.39,7.96,17.92,68.76,5.35,LargeCentralMetro,1,0,0,0,0,0,West Midlands,6,Coventry 035,29.0,1,87.0,25.229999999999997,637.0
E02001981,1.0,5.0,54.15,45.22,33.56,21.05,32.7,12.69,LargeCentralMetro,1,0,0,0,0,0,West Midlands,1,Coventry 024,42.0,1,205.0,86.1,1296.0
E02001965,5.0,6.0,31.17,48.4,14.74,7.0,73.01,5.25,LargeCentralMetro,1,0,0,0,0,0,West Midlands,6,Coventry 008,31.0,1,154.0,47.74,655.0
E02001970,5.0,6.0,47.0,47.31,15.02,7.66,72.15,5.17,LargeCentralMetro,1,0,0,0,0,0,West Midlands,5,Coventry 013,19.0,1,100.0,19.0,689.0
E02001964,2.0,9.0,36.06,55.71,6.14,20.62,66.04,7.19,LargeCentralMetro,1,0,0,0,0,0,West Midlands,6,Coventry 007,37.0,1,208.0,76.96,1208.0
E02001972,2.0,6.0,,100.0,44.89,13.58,30.35,11.17,LargeCentralMetro,1,0,0,0,0,0,West Midlands,,Coventry 015,,1,0.0,0.0,378.0
E02001977,3.0,8.0,50.0,44.2,20.44,16.31,54.87,8.37,LargeCentralMetro,1,0,0,0,0,0,West Midlands,1,Coventry 020,12.0,1,100.0,12.0,724.0
E02002018,8.0,8.0,19.61,48.25,1.76,0.31,96.06,1.87,LargeCentralMetro,1,0,0,0,0,0,West Midlands,3,Dudley 019,45.83,2,311.0,142.52,1714.0
E02002008,8.0,7.0,23.08,54.88,11.35,3.32,81.71,3.62,LargeCentralMetro,1,0,0,0,0,0,West Midlands,2,Dudley 009,37.0,1,130.0,48.1,820.0
E02002004,3.0,9.0,26.52,46.08,3.75,3.54,89.19,3.53,LargeCentralMetro,1,0,0,0,0,0,West Midlands,6,Dudley 005,34.0,1,230.0,78.2,1200.0
E02002011,8.0,7.0,19.77,50.27,2.64,0.51,94.95,1.9,LargeCentralMetro,1,0,0,0,0,0,West Midlands,3,Dudley 012,37.0,1,177.0,65.49,917.0
E02002037,6.0,7.0,27.78,49.05,1.93,0.49,94.7,2.89,LargeCentralMetro,1,0,0,0,0,0,West Midlands,6,Dudley 038,29.0,1,144.0,41.76,787.0
E02002034,5.0,6.0,12.24,47.8,4.09,1.27,92.14,2.5,LargeCentralMetro,1,0,0,0,0,0,West Midlands,2,Dudley 035,56.0,1,237.0,132.72,1203.0
E02002026,7.0,5.0,,,4.17,0.62,93.26,1.95,LargeCentralMetro,1,0,0,0,0,0,West Midlands,,Dudley 027,,1,0.0,0.0,0.0
E02002038,6.0,6.0,27.64,49.04,5.31,2.41,85.39,6.89,LargeCentralMetro,1,0,0,0,0,0,West Midlands,3,Dudley 039,40.0,1,275.0,110.0,1664.0
E02002033,6.0,6.0,20.0,52.66,4.76,1.52,87.85,5.86,LargeCentralMetro,1,0,0,0,0,0,West Midlands,3,Dudley 034,47.0,1,235.0,110.44999999999999,1183.0
E02002010,2.0,10.0,45.0,51.22,27.65,11.28,54.0,7.07,LargeCentralMetro,1,0,0,0,0,0,West Midlands,4,Dudley 011,24.0,1,140.0,33.6,654.0
E02002039,8.0,7.0,2.47,0.0,8.52,1.27,87.12,3.09,LargeCentralMetro,1,0,0,0,0,0,West Midlands,2,Dudley 040,80.0,1,81.0,64.8,606.0
E02002001,4.0,9.0,23.53,55.37,2.96,1.2,93.37,2.47,LargeCentralMetro,1,0,0,0,0,0,West Midlands,7,Dudley 002,35.0,1,187.0,65.45,1080.0
E02002017,3.0,9.0,,,14.88,4.02,75.64,5.47,LargeCentralMetro,1,0,0,0,0,0,West Midlands,,Dudley 018,,1,0.0,0.0,0.0
E02002007,7.0,8.0,23.74,50.57,0.84,0.92,96.17,2.07,LargeCentralMetro,1,0,0,0,0,0,West Midlands,7,Dudley 008,44.0,1,198.0,87.12,1058.0
E02002049,4.0,6.0,40.94,48.47,7.63,6.42,81.72,4.23,LargeCentralMetro,1,0,0,0,0,0,West Midlands,6,Sandwell 007,29.0,1,171.0,49.589999999999996,1015.0
E02002065,3.0,4.0,35.1,46.52,64.1,10.36,14.19,11.34,LargeCentralMetro,1,0,0,0,0,0,West Midlands,4,Sandwell 023,28.79,2,416.0,119.75999999999999,2726.0
E02002048,7.0,3.0,24.28,49.48,29.9,5.27,57.75,7.07,LargeCentralMetro,1,0,0,0,0,0,West Midlands,5,Sandwell 006,42.0,1,173.0,72.66,1053.0
E02002077,4.0,9.0,39.74,47.85,14.08,4.91,73.84,7.18,LargeCentralMetro,1,0,0,0,0,0,West Midlands,4,Sandwell 035,19.0,1,151.0,28.69,1325.0
E02002071,2.0,8.0,37.27,45.82,6.57,4.1,83.82,5.51,LargeCentralMetro,1,0,0,0,0,0,West Midlands,4,Sandwell 029,25.0,1,220.0,55.0,1185.0
E02002073,2.0,6.0,43.41,48.37,29.48,8.98,50.42,11.13,LargeCentralMetro,1,0,0,0,0,0,West Midlands,2,Sandwell 031,37.0,1,182.0,67.34,953.0
E02002043,3.0,8.0,89.75,46.81,16.26,3.26,75.86,4.63,LargeCentralMetro,1,0,0,0,0,0,West Midlands,4,Sandwell 001,34.0,1,244.0,82.96000000000001,1487.0
E02002063,3.0,7.0,41.48,51.17,33.01,11.18,46.79,9.03,LargeCentralMetro,1,0,0,0,0,0,West Midlands,7,Sandwell 021,40.0,1,176.0,70.4,981.0
E02002052,2.0,8.0,44.54,49.58,20.15,11.2,61.33,7.33,LargeCentralMetro,1,0,0,0,0,0,West Midlands,7,Sandwell 010,26.0,1,229.0,59.54,1555.0
E02002072,4.0,6.0,38.65,47.35,23.74,9.21,58.17,8.88,LargeCentralMetro,1,0,0,0,0,0,West Midlands,2,Sandwell 030,28.0,2,282.0,78.96000000000001,1734.0
E02002045,3.0,6.0,50.31,46.41,11.79,4.25,79.69,4.26,LargeCentralMetro,1,0,0,0,0,0,West Midlands,6,Sandwell 003,16.0,1,159.0,25.44,877.0
E02002060,2.0,8.0,34.48,52.26,34.46,8.73,46.28,10.53,LargeCentralMetro,1,0,0,0,0,0,West Midlands,5,Sandwell 018,31.0,1,174.0,53.94,1282.0
E02002061,2.0,8.0,52.82,76.37,48.9,7.85,33.0,10.25,LargeCentralMetro,1,0,0,0,0,0,West Midlands,4,Sandwell 019,24.0,1,142.0,34.08,419.0
E02006944,2.0,4.0,59.54,44.77,52.87,19.93,14.24,12.97,LargeCentralMetro,1,0,0,0,0,0,West Midlands,4,Sandwell 041,29.0,1,173.0,50.169999999999995,1175.0
E02002106,9.0,5.0,8.3,48.14,5.66,0.79,89.89,3.66,LargeCentralMetro,1,0,0,0,0,0,West Midlands,6,Solihull 026,67.0,1,241.0,161.47,1585.0
E02002093,6.0,7.0,22.68,46.13,16.86,2.14,74.83,6.17,LargeCentralMetro,1,0,0,0,0,0,West Midlands,7,Solihull 013,47.0,1,194.0,91.17999999999999,1008.0
E02002102,8.0,4.0,10.47,48.84,17.17,1.24,75.6,5.99,LargeCentralMetro,1,0,0,0,0,0,West Midlands,6,Solihull 022,63.42,2,487.0,308.87,2889.0
E02002096,8.0,5.0,16.67,46.6,20.28,1.6,71.78,6.34,LargeCentralMetro,1,0,0,0,0,0,West Midlands,4,Solihull 016,38.0,1,204.0,77.52,1088.0
E02002087,2.0,10.0,42.75,50.91,3.15,3.34,86.26,7.26,LargeCentralMetro,1,0,0,0,0,0,West Midlands,4,Solihull 007,40.56,3,276.0,111.95,2092.0
E02002081,6.0,6.0,34.44,48.36,8.99,2.61,83.59,4.81,LargeCentralMetro,1,0,0,0,0,0,West Midlands,10,Solihull 001,28.0,1,180.0,50.400000000000006,1160.0
E02002103,9.0,6.0,25.94,47.2,10.26,0.84,85.42,3.48,LargeCentralMetro,1,0,0,0,0,0,West Midlands,2,Solihull 023,47.0,1,239.0,112.33,1180.0
E02002092,5.0,7.0,32.93,48.48,13.24,1.42,80.69,4.65,LargeCentralMetro,1,0,0,0,0,0,West Midlands,8,Solihull 012,33.0,1,249.0,82.17,1184.0
E02002105,9.0,2.0,11.0,51.14,5.25,0.63,91.13,2.99,MediumMetro,0,0,1,0,0,0,West Midlands,9,Solihull 025,56.0,1,200.0,112.00000000000001,1228.0
E02002084,2.0,9.0,,,3.48,4.46,85.69,6.37,LargeCentralMetro,1,0,0,0,0,0,West Midlands,,Solihull 004,,1,0.0,0.0,0.0
E02002128,5.0,7.0,48.1,49.41,8.3,2.45,85.45,3.8,LargeCentralMetro,1,0,0,0,0,0,West Midlands,7,Walsall 019,17.0,1,237.0,40.290000000000006,1269.0
E02002175,2.0,9.0,37.61,48.51,21.24,9.19,60.71,8.86,LargeCentralMetro,1,0,0,0,0,0,West Midlands,5,Wolverhampton 027,31.0,1,234.0,72.54,1445.0
E02002135,2.0,7.0,59.43,49.23,43.03,9.17,39.51,8.3,LargeCentralMetro,1,0,0,0,0,0,West Midlands,4,Walsall 026,24.0,1,106.0,25.439999999999998,650.0
E02002113,4.0,8.0,27.16,48.9,3.65,2.18,90.8,3.37,LargeCentralMetro,1,0,0,0,0,0,West Midlands,9,Walsall 004,31.0,1,232.0,71.92,1456.0
E02002115,3.0,8.0,24.71,49.59,3.25,2.39,91.26,3.09,LargeCentralMetro,1,0,0,0,0,0,West Midlands,4,Walsall 006,44.0,1,170.0,74.8,1220.0
E02002131,8.0,4.0,28.97,49.96,9.35,1.48,85.72,3.45,LargeCentralMetro,1,0,0,0,0,0,West Midlands,4,Walsall 022,39.68,2,428.0,169.82999999999998,2584.0
E02002119,5.0,6.0,47.03,48.89,8.54,2.62,84.86,3.98,LargeCentralMetro,1,0,0,0,0,0,West Midlands,5,Walsall 010,23.0,1,219.0,50.370000000000005,1262.0
E02002139,3.0,8.0,58.38,51.53,38.29,10.65,42.76,8.31,LargeCentralMetro,1,0,0,0,0,0,West Midlands,2,Walsall 030,18.41,2,173.0,31.85,1046.0
E02002146,3.0,5.0,49.01,50.17,46.57,4.55,42.13,6.76,LargeCentralMetro,1,0,0,0,0,0,West Midlands,4,Walsall 037,31.0,1,151.0,46.81,1212.0
E02002129,5.0,7.0,41.95,47.9,9.98,1.23,84.09,4.71,LargeCentralMetro,1,0,0,0,0,0,West Midlands,9,Walsall 020,25.0,1,174.0,43.5,1048.0
E02002147,2.0,7.0,57.69,47.22,12.79,5.59,76.64,4.98,LargeCentralMetro,1,0,0,0,0,0,West Midlands,6,Walsall 038,34.0,1,104.0,35.36,720.0
E02002148,7.0,5.0,22.99,51.77,11.0,3.31,81.19,4.51,LargeCentralMetro,1,0,0,0,0,0,West Midlands,5,Walsall 039,46.0,1,261.0,120.06,1501.0
E02002141,9.0,2.0,26.38,50.14,15.17,1.61,78.19,5.03,LargeCentralMetro,1,0,0,0,0,0,West Midlands,7,Walsall 032,33.0,1,235.0,77.55,1404.0
E02002169,7.0,4.0,17.48,49.53,26.51,3.44,63.86,6.19,LargeCentralMetro,1,0,0,0,0,0,West Midlands,5,Wolverhampton 021,44.69,2,309.0,138.1,1900.0
E02002150,4.0,7.0,,,11.72,8.67,72.33,7.27,LargeCentralMetro,1,0,0,0,0,0,West Midlands,,Wolverhampton 002,,1,0.0,0.0,0.0
E02002178,5.0,5.0,34.09,48.04,50.61,5.48,32.25,11.67,LargeCentralMetro,1,0,0,0,0,0,West Midlands,8,Wolverhampton 030,30.0,1,132.0,39.6,895.0
E02002171,2.0,7.0,59.88,48.43,19.21,6.39,65.72,8.67,LargeCentralMetro,1,0,0,0,0,0,West Midlands,6,Wolverhampton 023,28.02,2,172.0,48.2,1373.0
E02002168,2.0,5.0,54.39,17.53,29.99,19.12,40.03,10.86,LargeCentralMetro,1,0,0,0,0,0,West Midlands,4,Wolverhampton 020,21.0,1,57.0,11.969999999999999,194.0
E02002163,2.0,6.0,65.05,50.13,19.22,19.18,49.38,12.22,LargeCentralMetro,1,0,0,0,0,0,West Midlands,8,Wolverhampton 015,41.0,1,186.0,76.25999999999999,1195.0
E02002177,1.0,6.0,,47.67,29.65,14.05,45.0,11.31,LargeCentralMetro,1,0,0,0,0,0,West Midlands,,Wolverhampton 029,,2,0.0,0.0,193.0
E02002152,2.0,8.0,45.95,52.43,5.44,9.87,76.79,7.9,LargeCentralMetro,1,0,0,0,0,0,West Midlands,6,Wolverhampton 004,30.0,2,111.0,33.3,824.0
E02002176,5.0,5.0,29.92,47.89,12.31,4.49,74.48,8.72,LargeCentralMetro,1,0,0,0,0,0,West Midlands,6,Wolverhampton 028,48.0,1,244.0,117.11999999999999,1516.0
E02002157,6.0,5.0,51.54,49.14,18.94,4.89,70.33,5.85,LargeCentralMetro,1,0,0,0,0,0,West Midlands,10,Wolverhampton 009,37.0,1,130.0,48.1,810.0
E02002158,3.0,8.0,26.97,43.4,10.19,3.87,79.87,6.07,LargeCentralMetro,1,0,0,0,0,0,West Midlands,5,Wolverhampton 010,30.0,1,152.0,45.6,894.0
E02001327,1.0,10.0,48.28,51.42,0.65,1.0,95.75,2.6,LargeCentralMetro,1,0,0,0,0,0,North West,7,Knowsley 001,31.0,1,145.0,44.95,848.0
E02001333,2.0,10.0,51.97,49.71,2.87,1.09,93.97,2.07,LargeCentralMetro,1,0,0,0,0,0,North West,7,Knowsley 007,16.0,1,152.0,24.32,688.0
E02001345,7.0,7.0,40.13,45.15,1.22,0.39,96.41,1.98,LargeCentralMetro,1,0,0,0,0,0,North West,6,Knowsley 019,28.0,1,152.0,42.56,908.0
E02001329,1.0,10.0,61.25,48.83,1.23,0.68,95.93,2.15,LargeCentralMetro,1,0,0,0,0,0,North West,7,Knowsley 003,19.0,1,160.0,30.4,811.0
E02001341,2.0,10.0,58.65,48.27,0.83,0.75,96.69,1.73,LargeCentralMetro,1,0,0,0,0,0,North West,4,Knowsley 015,26.0,1,133.0,34.58,839.0
E02001401,6.0,7.0,35.17,100.0,3.68,0.74,92.78,2.8,LargeCentralMetro,1,0,0,0,0,0,North West,9,Liverpool 055,32.0,1,145.0,46.4,979.0
E02001393,10.0,4.0,30.74,35.94,6.21,0.79,89.1,3.9,LargeCentralMetro,1,0,0,0,0,0,North West,3,Liverpool 047,42.0,1,231.0,97.02,1422.0
E02001351,2.0,10.0,36.84,46.95,3.17,3.02,91.1,2.7,LargeCentralMetro,1,0,0,0,0,0,North West,10,Liverpool 005,31.0,1,171.0,53.01,1116.0
E02001350,2.0,9.0,62.96,99.55,3.85,3.57,89.71,2.87,LargeCentralMetro,1,0,0,0,0,0,North West,6,Liverpool 004,29.0,1,108.0,31.319999999999997,893.0
E02001372,4.0,9.0,33.08,47.48,3.45,1.68,92.02,2.85,LargeCentralMetro,1,0,0,0,0,0,North West,6,Liverpool 026,36.42,2,396.0,144.24,2538.0
E02001387,9.0,4.0,32.6,42.61,4.46,1.14,88.79,5.61,LargeCentralMetro,1,0,0,0,0,0,North West,4,Liverpool 041,46.17,2,227.0,104.81,1474.0
E02001367,7.0,7.0,29.67,69.97,3.07,0.51,94.32,2.11,LargeCentralMetro,1,0,0,0,0,0,North West,4,Liverpool 021,49.15,2,273.0,134.19,1848.0
E02001366,2.0,10.0,42.48,0.0,4.51,3.18,85.99,6.32,LargeCentralMetro,1,0,0,0,0,0,North West,2,Liverpool 020,25.0,1,153.0,38.25,1035.0
E02001383,2.0,8.0,41.61,47.92,12.94,8.92,63.21,14.93,LargeCentralMetro,1,0,0,0,0,0,North West,1,Liverpool 037,30.36,2,137.0,41.59,818.0
E02001404,2.0,10.0,62.39,42.18,2.58,1.71,92.28,3.43,LargeCentralMetro,1,0,0,0,0,0,North West,6,Liverpool 058,19.0,1,109.0,20.71,742.0
E02001394,6.0,8.0,37.16,90.88,4.11,2.12,85.34,8.43,LargeCentralMetro,1,0,0,0,0,0,North West,3,Liverpool 048,54.31,2,261.0,141.75,1677.0
E02001389,2.0,10.0,23.14,100.0,6.42,6.71,69.56,17.31,LargeCentralMetro,1,0,0,0,0,0,North West,2,Liverpool 043,76.0,1,121.0,91.96000000000001,881.0
E02001374,2.0,10.0,66.92,,7.93,9.51,70.47,12.08,LargeCentralMetro,1,0,0,0,0,0,North West,4,Liverpool 028,8.0,1,130.0,10.4,0.0
E02001402,7.0,7.0,10.96,0.0,4.91,1.17,89.91,4.01,LargeCentralMetro,1,0,0,0,0,0,North West,2,Liverpool 056,65.0,1,146.0,94.9,1035.0
E02001369,2.0,10.0,67.44,46.79,6.94,5.04,80.73,7.29,LargeCentralMetro,1,0,0,0,0,0,North West,2,Liverpool 023,25.0,1,215.0,53.75,1291.0
E02001396,2.0,9.0,74.67,41.46,3.2,2.78,86.83,7.2,LargeCentralMetro,1,0,0,0,0,0,North West,5,Liverpool 050,20.0,1,75.0,15.0,398.0
E02001412,6.0,8.0,45.24,47.92,0.99,0.47,97.24,1.3,LargeCentralMetro,1,0,0,0,0,0,North West,10,St. Helens 007,34.0,1,210.0,71.4,1440.0
E02006935,2.0,10.0,39.39,47.29,1.67,0.6,96.31,1.42,LargeCentralMetro,1,0,0,0,0,0,North West,7,St. Helens 024,36.0,1,165.0,59.4,1216.0
E02001420,5.0,8.0,36.93,49.05,1.24,0.35,96.32,2.1,LargeCentralMetro,1,0,0,0,0,0,North West,4,St. Helens 015,30.0,1,176.0,52.8,1050.0
E02001422,1.0,10.0,53.47,50.07,1.33,0.66,95.84,2.18,LargeCentralMetro,1,0,0,0,0,0,North West,5,St. Helens 017,33.0,1,144.0,47.52,725.0
E02001447,8.0,8.0,17.78,49.5,0.71,0.23,97.71,1.35,LargeCentralMetro,1,0,0,0,0,0,North West,7,Sefton 019,36.94,2,478.0,176.57999999999998,2802.0
E02001463,3.0,9.0,59.52,47.47,2.55,0.43,95.09,1.93,LargeCentralMetro,1,0,0,0,0,0,North West,3,Sefton 035,17.0,1,42.0,7.140000000000001,217.0
E02001439,4.0,6.0,20.3,0.0,1.16,0.26,96.32,2.26,LargeCentralMetro,1,0,0,0,0,0,North West,3,Sefton 011,53.0,1,133.0,70.49000000000001,658.0
E02001442,8.0,3.0,11.8,50.19,1.24,0.23,96.81,1.72,LargeCentralMetro,1,0,0,0,0,0,North West,5,Sefton 014,55.0,1,161.0,88.55000000000001,1030.0
E02001443,10.0,3.0,13.73,45.22,0.87,0.18,97.48,1.47,LargeCentralMetro,1,0,0,0,0,0,North West,5,Sefton 015,55.0,1,153.0,84.15,1172.0
E02001438,6.0,4.0,25.58,49.49,0.79,0.39,96.29,2.53,LargeCentralMetro,1,0,0,0,0,0,North West,6,Sefton 010,41.0,1,172.0,70.52,1178.0
E02001448,7.0,6.0,30.28,53.81,0.52,0.19,98.18,1.11,LargeCentralMetro,1,0,0,0,0,0,North West,8,Sefton 020,27.0,1,142.0,38.34,918.0
E02001449,6.0,7.0,31.89,49.19,0.87,0.19,97.32,1.62,LargeCentralMetro,1,0,0,0,0,0,North West,6,Sefton 021,40.93,2,323.0,132.19,2037.0
E02001431,6.0,9.0,,,1.59,0.6,95.85,1.95,LargeCentralMetro,1,0,0,0,0,0,North West,,Sefton 003,,1,0.0,0.0,0.0
E02001466,2.0,10.0,50.28,46.39,1.96,1.68,92.2,4.17,LargeCentralMetro,1,0,0,0,0,0,North West,5,Sefton 038,28.0,1,179.0,50.120000000000005,735.0
E02001459,3.0,9.0,34.91,54.22,1.01,0.67,97.26,1.06,LargeCentralMetro,1,0,0,0,0,0,North West,5,Sefton 031,24.0,1,169.0,40.559999999999995,688.0
E02001437,8.0,6.0,21.95,100.0,1.63,0.33,96.23,1.81,LargeCentralMetro,1,0,0,0,0,0,North West,9,Sefton 009,54.0,1,164.0,88.56,939.0
E02001486,6.0,10.0,71.57,41.44,2.96,0.57,93.15,3.32,LargeCentralMetro,1,0,0,0,0,0,North West,1,Wirral 020,21.0,1,102.0,21.419999999999998,526.0
E02001469,6.0,8.0,43.8,0.0,1.72,0.28,96.1,1.91,LargeCentralMetro,1,0,0,0,0,0,North West,4,Wirral 003,17.0,2,121.0,20.57,896.0
E02001503,8.0,6.0,25.0,54.23,1.49,0.37,96.01,2.13,LargeCentralMetro,1,0,0,0,0,0,North West,5,Wirral 037,33.0,1,152.0,50.160000000000004,732.0
E02001491,3.0,10.0,44.53,40.89,2.6,0.5,95.8,1.1,LargeCentralMetro,1,0,0,0,0,0,North West,7,Wirral 025,34.0,1,274.0,93.16000000000001,1421.0
E02001490,7.0,8.0,58.72,36.56,3.42,0.27,94.88,1.43,LargeCentralMetro,1,0,0,0,0,0,North West,10,Wirral 024,25.0,1,109.0,27.25,640.0
E02001498,6.0,8.0,35.98,46.32,2.21,0.22,95.77,1.8,LargeCentralMetro,1,0,0,0,0,0,North West,3,Wirral 032,34.0,1,214.0,72.76,1520.0
E02001473,4.0,9.0,37.19,96.92,2.22,0.14,95.76,1.88,LargeCentralMetro,1,0,0,0,0,0,North West,3,Wirral 007,33.0,1,199.0,65.67,1557.0
E02001494,9.0,5.0,31.55,36.22,2.52,0.47,94.64,2.36,LargeCentralMetro,1,0,0,0,0,0,North West,3,Wirral 028,26.0,1,168.0,43.68,1041.0
E02001470,7.0,7.0,64.84,38.51,0.78,0.3,97.26,1.65,LargeCentralMetro,1,0,0,0,0,0,North West,3,Wirral 004,30.0,1,91.0,27.3,605.0
E02001495,4.0,10.0,47.93,100.0,2.46,0.61,95.11,1.82,LargeCentralMetro,1,0,0,0,0,0,North West,3,Wirral 029,33.0,1,121.0,39.93,751.0
E02000990,6.0,7.0,13.66,47.49,4.08,1.12,92.1,2.69,LargeCentralMetro,1,0,0,0,0,0,North West,7,Bolton 007,50.0,1,161.0,80.5,836.0
E02001006,4.0,5.0,43.41,63.99,58.51,6.32,28.24,6.93,LargeCentralMetro,1,0,0,0,0,0,North West,1,Bolton 023,46.09,2,258.0,118.91999999999999,1458.0
E02001003,9.0,4.0,37.65,45.5,34.92,1.06,60.1,3.91,LargeCentralMetro,1,0,0,0,0,0,North West,6,Bolton 020,38.0,1,162.0,61.56,901.0
E02001004,3.0,6.0,38.26,47.78,55.7,16.88,19.53,7.89,LargeCentralMetro,1,0,0,0,0,0,North West,1,Bolton 021,35.0,1,115.0,40.25,360.0
E02000988,4.0,8.0,32.59,51.85,33.15,2.95,60.14,3.76,LargeCentralMetro,1,0,0,0,0,0,North West,5,Bolton 005,37.0,1,224.0,82.88,1408.0
E02001007,6.0,6.0,33.33,49.57,2.84,0.88,94.55,1.73,LargeCentralMetro,1,0,0,0,0,0,North West,9,Bolton 024,26.0,1,174.0,45.24,924.0
E02001017,5.0,6.0,47.83,51.79,2.07,1.34,94.04,2.55,LargeCentralMetro,1,0,0,0,0,0,North West,8,Bolton 034,29.0,1,69.0,20.009999999999998,558.0
E02000985,9.0,6.0,20.17,49.26,1.74,0.28,96.05,1.93,LargeCentralMetro,1,0,0,0,0,0,North West,7,Bolton 002,53.0,1,238.0,126.14,1496.0
E02000991,7.0,7.0,49.52,47.9,17.68,1.34,77.79,3.19,LargeCentralMetro,1,0,0,0,0,0,North West,5,Bolton 008,25.0,1,208.0,52.0,975.0
E02000994,2.0,9.0,,0.0,50.35,7.79,35.79,6.07,LargeCentralMetro,1,0,0,0,0,0,North West,,Bolton 011,,1,0.0,0.0,380.0
E02001011,8.0,6.0,21.56,49.28,3.4,0.86,92.88,2.85,LargeCentralMetro,1,0,0,0,0,0,North West,8,Bolton 028,38.0,1,167.0,63.46,901.0
E02000986,9.0,6.0,26.4,45.14,16.31,0.69,80.59,2.41,LargeCentralMetro,1,0,0,0,0,0,North West,8,Bolton 003,48.0,1,125.0,60.0,740.0
E02001024,8.0,3.0,18.88,46.79,2.05,0.93,95.19,1.84,LargeCentralMetro,1,0,0,0,0,0,North West,9,Bury 006,45.0,1,196.0,88.2,1011.0
E02001035,8.0,3.0,,,7.21,0.79,89.14,2.86,LargeCentralMetro,1,0,0,0,0,0,North West,,Bury 017,,1,0.0,0.0,0.0
E02001029,4.0,6.0,40.76,51.55,37.97,2.17,54.8,5.05,LargeCentralMetro,1,0,0,0,0,0,North West,4,Bury 011,30.0,1,157.0,47.1,906.0
E02001041,4.0,6.0,2.78,0.0,7.54,2.47,83.51,6.48,LargeCentralMetro,1,0,0,0,0,0,North West,2,Bury 023,25.0,1,36.0,9.0,144.0
E02001070,5.0,3.0,,,40.89,7.06,41.14,10.92,LargeCentralMetro,1,0,0,0,0,0,North West,,Manchester 026,,1,0.0,0.0,0.0
E02006913,4.0,6.0,,,41.77,9.33,39.16,9.74,LargeCentralMetro,1,0,0,0,0,0,North West,,Manchester 056,,2,0.0,0.0,0.0
E02001052,3.0,7.0,8.62,52.08,62.96,6.85,18.43,11.76,LargeCentralMetro,1,0,0,0,0,0,North West,1,Manchester 008,78.0,1,116.0,90.48,793.0
E02001047,3.0,9.0,57.53,52.64,8.07,16.57,69.39,5.97,LargeCentralMetro,1,0,0,0,0,0,North West,6,Manchester 003,21.0,1,146.0,30.66,946.0
E02001069,2.0,4.0,83.23,33.06,29.99,20.63,31.65,17.72,LargeCentralMetro,1,0,0,0,0,0,North West,1,Manchester 025,30.0,1,155.0,46.5,983.0
E02001053,1.0,10.0,65.24,49.28,11.78,28.74,49.49,9.98,LargeCentralMetro,1,0,0,0,0,0,North West,4,Manchester 009,33.0,1,187.0,61.71,1112.0
E02001095,2.0,10.0,48.99,51.53,6.86,6.66,80.55,5.93,LargeCentralMetro,1,0,0,0,0,0,North West,8,Manchester 051,30.0,1,149.0,44.699999999999996,782.0
E02001067,1.0,7.0,58.26,41.36,24.55,23.55,42.22,9.68,LargeCentralMetro,1,0,0,0,0,0,North West,5,Manchester 023,16.0,1,115.0,18.400000000000002,689.0
E02001077,7.0,5.0,39.24,44.37,20.02,2.84,69.66,7.48,LargeCentralMetro,1,0,0,0,0,0,North West,4,Manchester 033,43.0,1,288.0,123.84,1492.0
E02001046,2.0,10.0,59.21,48.9,10.97,15.63,65.55,7.86,LargeCentralMetro,1,0,0,0,0,0,North West,6,Manchester 002,30.0,1,152.0,45.6,908.0
E02001064,2.0,7.0,69.36,43.07,36.92,21.08,30.82,11.18,LargeCentralMetro,1,0,0,0,0,0,North West,4,Manchester 020,27.0,2,173.0,46.71,1349.0
E02001085,2.0,9.0,44.51,0.0,26.84,5.97,54.84,12.34,LargeCentralMetro,1,0,0,0,0,0,North West,6,Manchester 041,41.0,1,173.0,70.92999999999999,949.0
E02001089,7.0,4.0,36.63,47.08,21.82,1.68,66.89,9.61,LargeCentralMetro,1,0,0,0,0,0,North West,6,Manchester 045,43.52,2,445.0,193.64999999999998,2804.0
E02001094,1.0,10.0,62.62,51.76,7.77,9.0,75.99,7.25,LargeCentralMetro,1,0,0,0,0,0,North West,6,Manchester 050,18.0,1,107.0,19.259999999999998,794.0
E02001074,2.0,8.0,47.17,100.0,31.19,12.63,39.71,16.47,LargeCentralMetro,1,0,0,0,0,0,North West,10,Manchester 030,47.0,1,265.0,124.55,1577.0
E02001083,7.0,5.0,49.24,46.14,9.67,4.42,75.64,10.27,LargeCentralMetro,1,0,0,0,0,0,North West,5,Manchester 039,28.0,1,132.0,36.96,726.0
E02001063,2.0,4.0,47.64,47.14,18.52,17.53,48.17,15.78,LargeCentralMetro,1,0,0,0,0,0,North West,1,Manchester 019,46.0,1,233.0,107.18,1275.0
E02001078,5.0,6.0,43.23,100.0,38.54,3.96,48.29,9.2,LargeCentralMetro,1,0,0,0,0,0,North West,2,Manchester 034,48.0,1,192.0,92.16,999.0
E02001045,2.0,10.0,62.31,51.25,5.59,11.73,76.73,5.95,LargeCentralMetro,1,0,0,0,0,0,North West,7,Manchester 001,38.0,1,130.0,49.4,757.0
E02001059,1.0,9.0,71.52,,14.52,23.25,49.47,12.76,LargeCentralMetro,1,0,0,0,0,0,North West,4,Manchester 015,17.0,1,165.0,28.05,0.0
E02001127,2.0,9.0,53.78,48.91,9.72,4.36,81.9,4.01,LargeCentralMetro,1,0,0,0,0,0,North West,2,Oldham 030,29.0,1,225.0,65.25,1290.0
E02001098,5.0,7.0,16.58,53.57,1.82,0.44,96.2,1.55,LargeCentralMetro,1,0,0,0,0,0,North West,7,Oldham 001,60.0,1,199.0,119.39999999999999,1301.0
E02001126,1.0,9.0,47.55,50.62,23.45,5.44,65.75,5.36,LargeCentralMetro,1,0,0,0,0,0,North West,4,Oldham 029,37.0,1,204.0,75.48,1053.0
E02001111,1.0,10.0,13.89,55.49,31.94,16.37,43.72,7.97,LargeCentralMetro,1,0,0,0,0,0,North West,2,Oldham 014,61.0,1,216.0,131.76,1593.0
E02001107,6.0,6.0,22.46,47.28,34.77,2.09,59.72,3.42,LargeCentralMetro,1,0,0,0,0,0,North West,8,Oldham 010,38.0,1,236.0,89.68,1415.0
E02001130,6.0,9.0,,,2.03,2.46,92.71,2.79,LargeCentralMetro,1,0,0,0,0,0,North West,,Oldham 033,,1,0.0,0.0,0.0
E02001110,9.0,4.0,47.58,,1.08,0.31,96.8,1.81,LargeCentralMetro,1,0,0,0,0,0,North West,6,Oldham 013,25.0,1,248.0,62.0,0.0
E02001106,5.0,8.0,67.52,50.33,9.85,1.28,86.53,2.34,LargeCentralMetro,1,0,0,0,0,0,North West,5,Oldham 009,27.0,1,157.0,42.39,902.0
E02001154,4.0,9.0,38.54,47.99,2.51,3.95,90.36,3.19,LargeCentralMetro,1,0,0,0,0,0,North West,9,Rochdale 023,37.0,1,192.0,71.03999999999999,1171.0
E02001135,2.0,9.0,32.84,46.88,29.14,3.36,61.48,6.02,LargeCentralMetro,1,0,0,0,0,0,North West,10,Rochdale 004,32.0,1,204.0,65.28,1171.0
E02001152,3.0,9.0,41.09,52.3,3.96,7.21,84.97,3.86,LargeCentralMetro,1,0,0,0,0,0,North West,6,Rochdale 021,23.53,2,275.0,64.72,1761.0
E02001145,6.0,9.0,28.21,48.03,1.24,0.44,96.02,2.3,LargeCentralMetro,1,0,0,0,0,0,North West,10,Rochdale 014,53.0,1,234.0,124.02000000000001,1245.0
E02001149,2.0,10.0,16.36,49.67,3.33,3.71,90.11,2.85,LargeCentralMetro,1,0,0,0,0,0,North West,3,Rochdale 018,52.0,1,110.0,57.2,614.0
E02006961,1.0,9.0,57.14,47.73,7.64,14.33,69.51,8.52,LargeCentralMetro,1,0,0,0,0,0,North West,2,Salford 035,19.0,1,70.0,13.3,484.0
E02001166,7.0,4.0,6.67,100.0,7.81,3.09,80.53,8.56,LargeCentralMetro,1,0,0,0,0,0,North West,1,Salford 010,58.0,1,45.0,26.099999999999998,298.0
E02001181,2.0,10.0,37.32,51.51,4.34,5.89,85.47,4.3,LargeCentralMetro,1,0,0,0,0,0,North West,8,Salford 025,48.9,2,276.0,134.96,1493.0
E02001162,4.0,8.0,26.22,49.52,3.52,3.89,89.38,3.21,LargeCentralMetro,1,0,0,0,0,0,North West,10,Salford 006,34.71,2,328.0,113.86,1767.0
E02001186,4.0,9.0,,,2.79,1.61,93.07,2.53,LargeCentralMetro,1,0,0,0,0,0,North West,,Salford 030,,1,0.0,0.0,0.0
E02001177,4.0,10.0,53.57,48.94,7.02,7.05,80.12,5.81,LargeCentralMetro,1,0,0,0,0,0,North West,8,Salford 021,25.0,1,112.0,28.0,611.0
E02001198,4.0,9.0,18.07,50.33,2.5,0.94,93.9,2.66,LargeCentralMetro,1,0,0,0,0,0,North West,3,Stockport 012,37.0,1,166.0,61.42,767.0
E02001227,10.0,4.0,11.97,51.82,5.46,0.35,91.2,2.99,LargeCentralMetro,1,0,0,0,0,0,North West,2,Stockport 041,68.0,1,259.0,176.12,1621.0
E02001189,6.0,7.0,,,3.85,1.12,90.88,4.15,LargeCentralMetro,1,0,0,0,0,0,North West,,Stockport 003,,1,0.0,0.0,0.0
E02001219,10.0,6.0,26.09,44.43,3.39,0.44,94.15,2.03,LargeCentralMetro,1,0,0,0,0,0,North West,3,Stockport 033,40.0,1,184.0,73.60000000000001,1157.0
E02001223,9.0,6.0,14.41,46.04,8.54,0.48,86.51,4.47,LargeCentralMetro,1,0,0,0,0,0,North West,5,Stockport 037,54.0,1,229.0,123.66000000000001,1036.0
E02001213,8.0,9.0,26.05,48.35,6.14,0.99,88.68,4.19,LargeCentralMetro,1,0,0,0,0,0,North West,3,Stockport 027,46.0,1,215.0,98.9,1123.0
E02001214,7.0,7.0,26.06,49.19,23.95,1.4,66.21,8.44,LargeCentralMetro,1,0,0,0,0,0,North West,3,Stockport 028,48.0,1,284.0,136.32,1484.0
E02001225,9.0,6.0,15.09,50.69,6.95,0.84,88.79,3.42,LargeCentralMetro,1,0,0,0,0,0,North West,2,Stockport 039,47.0,1,159.0,74.72999999999999,797.0
E02001204,5.0,9.0,46.46,54.69,4.6,1.09,90.25,4.07,LargeCentralMetro,1,0,0,0,0,0,North West,4,Stockport 018,35.0,1,99.0,34.65,704.0
E02001239,3.0,8.0,33.79,75.05,5.08,4.33,86.36,4.23,LargeCentralMetro,1,0,0,0,0,0,North West,4,Tameside 011,47.36,2,367.0,173.81,1836.0
E02001249,4.0,9.0,23.03,53.35,4.44,3.22,88.96,3.38,LargeCentralMetro,1,0,0,0,0,0,North West,5,Tameside 021,49.0,1,152.0,74.48,761.0
E02001237,4.0,9.0,42.22,61.37,3.17,1.09,93.59,2.15,LargeCentralMetro,1,0,0,0,0,0,North West,5,Tameside 009,17.0,1,135.0,22.950000000000003,673.0
E02001230,4.0,8.0,39.61,53.93,22.57,2.04,73.17,2.21,LargeCentralMetro,1,0,0,0,0,0,North West,5,Tameside 002,40.19,2,414.0,166.38,2186.0
E02001246,3.0,9.0,38.0,61.25,3.4,2.04,92.07,2.5,LargeCentralMetro,1,0,0,0,0,0,North West,7,Tameside 018,14.0,1,100.0,14.000000000000002,578.0
E02001236,3.0,10.0,20.37,0.0,4.99,3.22,88.5,3.29,LargeCentralMetro,1,0,0,0,0,0,North West,3,Tameside 008,45.0,1,162.0,72.9,833.0
E02001247,4.0,8.0,20.67,0.0,5.03,3.21,88.09,3.68,LargeCentralMetro,1,0,0,0,0,0,North West,5,Tameside 019,47.0,1,179.0,84.13,1086.0
E02001258,7.0,9.0,26.67,48.83,3.12,0.69,94.0,2.19,LargeCentralMetro,1,0,0,0,0,0,North West,8,Tameside 030,49.0,1,150.0,73.5,772.0
E02001264,6.0,8.0,32.0,47.77,18.98,5.63,67.8,7.59,LargeCentralMetro,1,0,0,0,0,0,North West,7,Trafford 006,22.0,1,50.0,11.0,337.0
E02001282,8.0,6.0,15.17,49.76,12.57,1.21,80.55,5.67,LargeCentralMetro,1,0,0,0,0,0,North West,1,Trafford 024,46.0,1,178.0,81.88000000000001,1228.0
E02001261,4.0,7.0,53.5,41.14,17.98,9.63,62.24,10.15,LargeCentralMetro,1,0,0,0,0,0,North West,2,Trafford 003,31.0,1,157.0,48.67,824.0
E02001268,8.0,8.0,22.06,100.0,3.25,0.71,92.73,3.31,LargeCentralMetro,1,0,0,0,0,0,North West,3,Trafford 010,49.0,1,136.0,66.64,840.0
E02001283,8.0,5.0,7.5,44.19,13.42,1.05,79.41,6.13,LargeCentralMetro,1,0,0,0,0,0,North West,2,Trafford 025,45.0,1,40.0,18.0,387.0
E02001274,9.0,8.0,26.95,45.03,14.43,2.12,77.69,5.75,LargeCentralMetro,1,0,0,0,0,0,North West,3,Trafford 016,42.0,1,256.0,107.52,1439.0
E02001275,2.0,10.0,66.67,49.87,2.36,2.65,90.7,4.29,LargeCentralMetro,1,0,0,0,0,0,North West,8,Trafford 017,26.0,1,54.0,14.040000000000001,375.0
E02001284,10.0,3.0,34.18,48.89,7.39,0.78,87.19,4.63,LargeCentralMetro,1,0,0,0,0,0,North West,3,Trafford 026,30.0,1,158.0,47.4,943.0
E02001281,10.0,4.0,12.88,51.58,7.97,0.91,87.23,3.89,LargeCentralMetro,1,0,0,0,0,0,North West,1,Trafford 023,61.0,1,233.0,142.13,1396.0
E02001265,6.0,9.0,18.4,0.0,2.0,1.19,93.5,3.31,LargeCentralMetro,1,0,0,0,0,0,North West,5,Trafford 007,39.0,1,125.0,48.75,699.0
E02001304,8.0,5.0,11.52,51.88,0.79,0.31,97.75,1.14,LargeCentralMetro,1,0,0,0,0,0,North West,9,Wigan 018,43.0,1,191.0,82.13,956.0
E02001315,8.0,6.0,11.79,51.88,2.84,1.51,93.06,2.58,LargeCentralMetro,1,0,0,0,0,0,North West,7,Wigan 029,42.0,1,246.0,103.32,1592.0
E02001308,6.0,9.0,20.25,50.47,1.26,1.27,95.88,1.59,LargeCentralMetro,1,0,0,0,0,0,North West,3,Wigan 022,37.0,1,242.0,89.53999999999999,1278.0
E02001309,6.0,8.0,62.0,45.7,1.93,1.25,94.79,2.04,LargeCentralMetro,1,0,0,0,0,0,North West,4,Wigan 023,14.0,1,50.0,7.000000000000001,372.0
E02001325,8.0,3.0,24.5,49.34,1.51,0.75,96.41,1.34,LargeCentralMetro,1,0,0,0,0,0,North West,9,Wigan 039,46.0,1,151.0,69.46000000000001,837.0
E02001289,7.0,6.0,18.87,50.32,0.97,0.26,97.52,1.25,LargeCentralMetro,1,0,0,0,0,0,North West,9,Wigan 003,35.0,1,106.0,37.099999999999994,628.0
E02001291,5.0,7.0,25.64,48.42,1.83,1.3,94.59,2.28,LargeCentralMetro,1,0,0,0,0,0,North West,4,Wigan 005,38.0,1,195.0,74.1,950.0
E02001297,4.0,9.0,,,0.98,0.55,97.02,1.45,LargeCentralMetro,1,0,0,0,0,0,North West,,Wigan 011,,1,0.0,0.0,0.0
E02001306,7.0,7.0,21.65,51.31,0.89,0.57,97.16,1.37,LargeCentralMetro,1,0,0,0,0,0,North West,9,Wigan 020,45.0,1,194.0,87.3,994.0
E02001322,6.0,6.0,16.45,49.84,0.93,0.11,98.17,0.79,LargeCentralMetro,1,0,0,0,0,0,North West,9,Wigan 036,44.82,3,602.0,269.82,3050.0
E02001326,7.0,4.0,32.79,49.82,1.29,0.67,96.4,1.64,LargeCentralMetro,1,0,0,0,0,0,North West,9,Wigan 040,26.0,1,122.0,31.720000000000002,564.0
E02001320,5.0,7.0,31.71,48.51,1.91,1.19,94.8,2.1,LargeCentralMetro,1,0,0,0,0,0,North West,5,Wigan 034,30.0,1,123.0,36.9,837.0
E02001294,5.0,7.0,26.18,54.11,3.14,1.4,92.43,3.03,LargeCentralMetro,1,0,0,0,0,0,North West,5,Wigan 008,39.0,1,233.0,90.87,1301.0
E02001531,3.0,8.0,,,0.93,0.71,96.79,1.57,LargeCentralMetro,1,0,0,0,0,0,Yorkshire and the Humber,,Barnsley 023,,1,0.0,0.0,0.0
E02001510,3.0,8.0,40.69,49.68,0.69,0.27,98.18,0.86,LargeCentralMetro,1,0,0,0,0,0,Yorkshire and the Humber,6,Barnsley 002,50.0,1,145.0,72.5,773.0
E02001511,4.0,8.0,43.78,51.81,0.36,0.39,98.48,0.77,LargeCentralMetro,1,0,0,0,0,0,Yorkshire and the Humber,9,Barnsley 003,41.0,1,185.0,75.85,1023.0
E02001536,5.0,8.0,27.06,48.06,0.56,0.47,98.01,0.96,LargeCentralMetro,1,0,0,0,0,0,Yorkshire and the Humber,10,Barnsley 028,43.0,1,218.0,93.74,1111.0
E02001526,1.0,9.0,52.6,51.93,0.59,1.49,95.7,2.22,LargeCentralMetro,1,0,0,0,0,0,Yorkshire and the Humber,9,Barnsley 018,28.0,1,154.0,43.120000000000005,805.0
E02001524,9.0,4.0,13.11,48.82,0.84,0.18,97.9,1.08,Micropolitan,0,0,0,0,1,0,Yorkshire and the Humber,8,Barnsley 016,62.0,1,267.0,165.54,1567.0
E02001573,3.0,8.0,38.32,53.51,0.6,0.23,98.1,1.07,LargeCentralMetro,1,0,0,0,0,0,Yorkshire and the Humber,9,Doncaster 035,32.0,1,107.0,34.24,727.0
E02001557,4.0,9.0,30.66,52.31,12.08,3.47,78.93,5.52,LargeCentralMetro,1,0,0,0,0,0,Yorkshire and the Humber,2,Doncaster 019,38.0,3,287.0,109.06,2055.0
E02001549,8.0,8.0,14.8,47.99,1.78,0.45,96.45,1.33,LargeCentralMetro,1,0,0,0,0,0,Yorkshire and the Humber,9,Doncaster 011,52.0,1,223.0,115.96000000000001,1142.0
E02001544,4.0,7.0,40.0,49.58,1.22,0.2,97.19,1.38,LargeCentralMetro,1,0,0,0,0,0,Yorkshire and the Humber,7,Doncaster 006,24.0,1,110.0,26.4,722.0
E02001547,3.0,9.0,41.3,45.52,1.22,1.09,95.92,1.77,LargeCentralMetro,1,0,0,0,0,0,Yorkshire and the Humber,8,Doncaster 009,44.0,1,184.0,80.96,1094.0
E02001552,4.0,8.0,23.89,46.07,2.27,0.82,94.64,2.26,LargeCentralMetro,1,0,0,0,0,0,Yorkshire and the Humber,8,Doncaster 014,29.0,1,113.0,32.769999999999996,521.0
E02001550,5.0,5.0,41.18,52.04,0.83,0.53,97.17,1.47,LargeCentralMetro,1,0,0,0,0,0,Yorkshire and the Humber,7,Doncaster 012,33.0,1,153.0,50.49,978.0
E02001574,6.0,7.0,37.37,48.62,1.1,0.48,96.89,1.53,LargeCentralMetro,1,0,0,0,0,0,Yorkshire and the Humber,8,Doncaster 036,41.0,1,99.0,40.589999999999996,724.0
E02001564,8.0,4.0,18.96,50.92,1.76,0.44,95.73,2.07,LargeCentralMetro,1,0,0,0,0,0,Yorkshire and the Humber,5,Doncaster 026,44.0,1,269.0,118.36,1622.0
E02001556,3.0,8.0,41.52,49.32,8.64,1.56,84.32,5.48,LargeCentralMetro,1,0,0,0,0,0,Yorkshire and the Humber,10,Doncaster 018,48.0,1,224.0,107.52,1247.0
E02001572,3.0,9.0,,,0.86,1.23,96.36,1.54,LargeCentralMetro,1,0,0,0,0,0,Yorkshire and the Humber,,Doncaster 034,,1,0.0,0.0,0.0
E02001540,5.0,6.0,32.08,48.36,0.7,0.34,97.69,1.27,Micropolitan,0,0,0,0,1,0,Yorkshire and the Humber,6,Doncaster 002,28.0,1,106.0,29.680000000000003,703.0
E02001541,4.0,8.0,28.3,53.17,0.66,0.33,97.7,1.31,LargeCentralMetro,1,0,0,0,0,0,Yorkshire and the Humber,7,Doncaster 003,35.0,1,212.0,74.19999999999999,1262.0
E02001576,6.0,4.0,16.2,49.36,2.28,0.62,94.76,2.34,MediumMetro,0,0,1,0,0,0,Yorkshire and the Humber,10,Doncaster 038,62.0,1,179.0,110.98,1098.0
E02001554,7.0,4.0,15.45,52.25,1.58,0.3,96.55,1.57,LargeCentralMetro,1,0,0,0,0,0,Yorkshire and the Humber,8,Doncaster 016,48.0,1,233.0,111.83999999999999,1420.0
E02007002,7.0,7.0,18.15,51.68,4.17,0.71,93.13,1.99,LargeCentralMetro,1,0,0,0,0,0,Yorkshire and the Humber,8,Rotherham 034,50.0,1,303.0,151.5,2078.0
E02001598,7.0,8.0,22.63,48.78,8.23,0.93,88.42,2.41,LargeCentralMetro,1,0,0,0,0,0,Yorkshire and the Humber,5,Rotherham 021,44.0,1,137.0,60.28,695.0
E02001592,6.0,7.0,36.87,47.45,1.97,1.07,95.23,1.73,LargeCentralMetro,1,0,0,0,0,0,Yorkshire and the Humber,7,Rotherham 015,36.0,1,217.0,78.11999999999999,1178.0
E02001600,6.0,7.0,31.44,53.07,36.54,1.33,57.02,5.11,LargeCentralMetro,1,0,0,0,0,0,Yorkshire and the Humber,3,Rotherham 023,37.0,1,194.0,71.78,1027.0
E02001586,3.0,10.0,41.29,52.73,0.81,1.14,95.85,2.2,LargeCentralMetro,1,0,0,0,0,0,Yorkshire and the Humber,9,Rotherham 009,32.0,1,155.0,49.6,732.0
E02001582,4.0,8.0,37.75,52.64,1.14,0.29,97.44,1.13,LargeCentralMetro,1,0,0,0,0,0,Yorkshire and the Humber,7,Rotherham 005,40.0,1,151.0,60.400000000000006,870.0
E02001608,6.0,7.0,19.59,50.68,1.5,0.79,95.82,1.88,MediumMetro,0,0,1,0,0,0,Yorkshire and the Humber,6,Rotherham 031,42.0,1,245.0,102.89999999999999,1616.0
E02001580,4.0,8.0,,,0.75,0.53,97.44,1.29,LargeCentralMetro,1,0,0,0,0,0,Yorkshire and the Humber,,Rotherham 003,,1,0.0,0.0,0.0
E02001595,6.0,8.0,32.61,46.88,0.93,0.24,97.94,0.89,LargeCentralMetro,1,0,0,0,0,0,Yorkshire and the Humber,8,Rotherham 018,35.0,1,138.0,48.3,1056.0
E02001603,4.0,9.0,21.29,52.07,1.07,0.89,96.71,1.32,LargeCentralMetro,1,0,0,0,0,0,Yorkshire and the Humber,6,Rotherham 026,43.0,1,249.0,107.07,1713.0
E02001602,5.0,6.0,26.19,51.29,4.48,1.37,91.63,2.52,LargeCentralMetro,1,0,0,0,0,0,Yorkshire and the Humber,9,Rotherham 025,41.0,1,210.0,86.1,1353.0
E02001629,2.0,10.0,57.86,46.01,16.53,12.71,58.37,12.39,LargeCentralMetro,1,0,0,0,0,0,Yorkshire and the Humber,3,Sheffield 019,21.0,1,140.0,29.4,839.0
E02001643,9.0,4.0,15.45,49.17,6.86,1.43,85.81,5.9,LargeCentralMetro,1,0,0,0,0,0,Yorkshire and the Humber,3,Sheffield 033,68.0,1,220.0,149.60000000000002,1682.0
E02001659,3.0,10.0,36.46,48.78,2.34,2.7,90.77,4.19,LargeCentralMetro,1,0,0,0,0,0,Yorkshire and the Humber,8,Sheffield 049,48.0,1,181.0,86.88,943.0
E02001647,4.0,8.0,37.11,47.03,7.57,1.69,86.26,4.48,LargeCentralMetro,1,0,0,0,0,0,Yorkshire and the Humber,8,Sheffield 037,30.0,1,194.0,58.199999999999996,1010.0
E02001646,7.0,2.0,30.28,52.06,7.59,2.9,83.12,6.4,LargeCentralMetro,1,0,0,0,0,0,Yorkshire and the Humber,1,Sheffield 036,44.0,2,436.0,191.84,3258.0
E02001652,4.0,2.0,18.6,18.06,29.33,6.74,56.95,6.97,LargeCentralMetro,1,0,0,0,0,0,Yorkshire and the Humber,1,Sheffield 042,22.0,1,86.0,18.92,443.0
E02001678,10.0,3.0,24.34,48.89,5.14,1.3,88.78,4.78,LargeCentralMetro,1,0,0,0,0,0,Yorkshire and the Humber,6,Sheffield 068,60.0,1,189.0,113.39999999999999,1256.0
E02001631,7.0,7.0,23.3,47.24,1.26,1.05,94.01,3.69,LargeCentralMetro,1,0,0,0,0,0,Yorkshire and the Humber,4,Sheffield 021,40.0,1,206.0,82.4,1194.0
E02001665,10.0,2.0,21.02,50.73,7.06,1.24,86.97,4.72,LargeCentralMetro,1,0,0,0,0,0,Yorkshire and the Humber,5,Sheffield 055,59.0,1,176.0,103.83999999999999,1297.0
E02001674,9.0,6.0,31.39,48.59,2.32,1.33,92.87,3.48,LargeCentralMetro,1,0,0,0,0,0,Yorkshire and the Humber,4,Sheffield 064,34.06,2,481.0,163.82,2842.0
E02001649,2.0,10.0,60.0,52.07,7.49,9.46,73.97,9.08,LargeCentralMetro,1,0,0,0,0,0,Yorkshire and the Humber,6,Sheffield 039,34.0,1,140.0,47.6,1041.0
E02001620,2.0,9.0,57.06,51.42,13.17,8.09,71.0,7.73,LargeCentralMetro,1,0,0,0,0,0,Yorkshire and the Humber,6,Sheffield 010,28.0,1,163.0,45.64000000000001,1019.0
E02001653,2.0,9.0,32.83,52.01,10.43,9.66,68.69,11.22,LargeCentralMetro,1,0,0,0,0,0,Yorkshire and the Humber,1,Sheffield 043,40.0,1,198.0,79.2,1342.0
E02001648,9.0,3.0,6.25,52.13,7.1,1.43,85.23,6.24,LargeCentralMetro,1,0,0,0,0,0,Yorkshire and the Humber,2,Sheffield 038,65.0,1,208.0,135.20000000000002,1456.0
E02001664,6.0,7.0,53.33,51.72,1.8,4.82,88.26,5.12,LargeCentralMetro,1,0,0,0,0,0,Yorkshire and the Humber,6,Sheffield 054,31.0,1,135.0,41.85,669.0
E02001632,2.0,6.0,0.0,50.0,27.08,20.41,30.92,21.59,LargeCentralMetro,1,0,0,0,0,0,Yorkshire and the Humber,,Sheffield 022,0.0,1,1.0,0.0,132.0
E02002230,2.0,6.0,33.94,44.56,60.54,6.11,23.22,10.13,LargeCentralMetro,1,0,0,0,0,0,Yorkshire and the Humber,1,Bradford 048,60.41,3,277.0,167.33999999999997,2031.0
E02002225,5.0,7.0,,,11.21,1.21,83.52,4.06,LargeCentralMetro,1,0,0,0,0,0,Yorkshire and the Humber,,Bradford 043,,1,0.0,0.0,0.0
E02002197,7.0,7.0,21.53,45.75,2.87,0.71,93.87,2.54,LargeCentralMetro,1,0,0,0,0,0,Yorkshire and the Humber,4,Bradford 015,50.0,1,288.0,144.0,1801.0
E02002220,2.0,5.0,47.31,49.0,76.89,1.64,16.12,5.34,LargeCentralMetro,1,0,0,0,0,0,Yorkshire and the Humber,4,Bradford 038,34.0,1,167.0,56.78,947.0
E02002219,2.0,6.0,30.93,86.98,79.44,1.6,12.95,6.01,LargeCentralMetro,1,0,0,0,0,0,Yorkshire and the Humber,10,Bradford 037,46.0,1,97.0,44.620000000000005,1060.0
E02002199,9.0,4.0,26.51,49.1,3.12,0.51,93.11,3.26,LargeCentralMetro,1,0,0,0,0,0,Yorkshire and the Humber,5,Bradford 017,29.0,1,215.0,62.349999999999994,1389.0
E02002194,5.0,9.0,32.68,50.33,5.51,0.36,91.48,2.65,LargeCentralMetro,1,0,0,0,0,0,Yorkshire and the Humber,6,Bradford 012,18.0,1,254.0,45.72,1512.0
E02002200,7.0,6.0,29.44,47.81,12.24,0.69,83.44,3.63,LargeCentralMetro,1,0,0,0,0,0,Yorkshire and the Humber,7,Bradford 018,36.0,1,231.0,83.16,1439.0
E02002183,8.0,4.0,9.5,48.29,1.0,0.3,97.44,1.26,LargeFringeMetro,0,1,0,0,0,0,Yorkshire and the Humber,2,Bradford 001,64.0,1,242.0,154.88,1609.0
E02002212,2.0,5.0,40.0,74.09,73.8,1.35,18.51,6.34,LargeCentralMetro,1,0,0,0,0,0,Yorkshire and the Humber,9,Bradford 030,31.43,2,240.0,75.42,1586.0
E02002216,2.0,7.0,48.53,42.4,76.23,3.3,14.73,5.75,LargeCentralMetro,1,0,0,0,0,0,Yorkshire and the Humber,2,Bradford 034,24.0,1,136.0,32.64,934.0
E02006947,3.0,6.0,,28.63,67.78,5.23,19.52,7.47,LargeCentralMetro,1,0,0,0,0,0,Yorkshire and the Humber,,Bradford 064,,1,0.0,0.0,248.0
E02002228,1.0,8.0,,49.7,26.25,3.56,63.96,6.24,LargeCentralMetro,1,0,0,0,0,0,Yorkshire and the Humber,,Bradford 046,,1,0.0,0.0,330.0
E02002189,5.0,8.0,44.0,51.16,54.73,0.45,40.87,3.95,LargeCentralMetro,1,0,0,0,0,0,Yorkshire and the Humber,3,Bradford 007,30.0,1,100.0,30.0,690.0
E02002223,2.0,4.0,43.75,43.77,73.05,3.27,15.9,7.77,LargeCentralMetro,1,0,0,0,0,0,Yorkshire and the Humber,4,Bradford 041,58.0,1,160.0,92.8,818.0
E02002204,7.0,6.0,22.22,47.76,8.35,0.41,88.1,3.14,LargeCentralMetro,1,0,0,0,0,0,Yorkshire and the Humber,7,Bradford 022,49.0,1,261.0,127.89,1629.0
E02002237,4.0,7.0,39.02,48.94,28.91,1.99,64.15,4.96,LargeCentralMetro,1,0,0,0,0,0,Yorkshire and the Humber,7,Bradford 055,28.0,1,246.0,68.88000000000001,1414.0
E02002239,4.0,7.0,,,14.92,3.51,75.92,5.66,LargeCentralMetro,1,0,0,0,0,0,Yorkshire and the Humber,,Bradford 057,,1,0.0,0.0,0.0
E02002217,3.0,6.0,46.32,100.0,63.44,2.54,28.04,5.99,LargeCentralMetro,1,0,0,0,0,0,Yorkshire and the Humber,2,Bradford 035,49.0,1,95.0,46.55,752.0
E02002263,5.0,8.0,25.11,49.68,0.68,0.37,97.06,1.89,LargeCentralMetro,1,0,0,0,0,0,Yorkshire and the Humber,9,Calderdale 020,35.0,1,235.0,82.25,1425.0
E02002258,7.0,7.0,19.68,49.82,1.61,0.47,95.25,2.67,LargeCentralMetro,1,0,0,0,0,0,Yorkshire and the Humber,4,Calderdale 015,28.0,1,249.0,69.72000000000001,1425.0
E02002244,6.0,8.0,39.34,51.21,0.53,0.4,97.14,1.94,LargeCentralMetro,1,0,0,0,0,0,Yorkshire and the Humber,7,Calderdale 001,47.0,1,272.0,127.83999999999999,1736.0
E02002262,5.0,7.0,14.75,50.18,1.8,0.53,95.41,2.26,LargeCentralMetro,1,0,0,0,0,0,Yorkshire and the Humber,4,Calderdale 019,42.0,1,217.0,91.14,1401.0
E02002267,6.0,8.0,18.1,50.89,2.65,0.74,93.92,2.69,LargeCentralMetro,1,0,0,0,0,0,Yorkshire and the Humber,3,Calderdale 024,56.0,1,232.0,129.92000000000002,1464.0
E02002319,6.0,6.0,19.23,47.84,1.02,0.57,95.89,2.51,LargeCentralMetro,1,0,0,0,0,0,Yorkshire and the Humber,9,Kirklees 049,47.0,1,234.0,109.97999999999999,1179.0
E02002287,4.0,8.0,25.65,48.93,55.77,1.38,37.95,4.9,LargeCentralMetro,1,0,0,0,0,0,Yorkshire and the Humber,4,Kirklees 017,38.0,1,191.0,72.58,1169.0
E02002276,4.0,8.0,32.43,100.0,18.15,0.76,77.36,3.74,LargeCentralMetro,1,0,0,0,0,0,Yorkshire and the Humber,9,Kirklees 006,47.0,1,185.0,86.94999999999999,1249.0
E02002326,9.0,3.0,11.78,48.47,1.53,0.45,96.65,1.36,Micropolitan,0,0,0,0,1,0,Yorkshire and the Humber,5,Kirklees 056,51.0,1,331.0,168.81,1240.0
E02002291,6.0,7.0,16.59,52.25,2.8,0.98,93.49,2.73,LargeCentralMetro,1,0,0,0,0,0,Yorkshire and the Humber,3,Kirklees 021,48.0,1,217.0,104.16,1554.0
E02002314,5.0,8.0,17.71,47.4,4.67,3.79,86.1,5.44,LargeCentralMetro,1,0,0,0,0,0,Yorkshire and the Humber,6,Kirklees 044,45.0,1,175.0,78.75,903.0
E02002305,3.0,8.0,44.32,55.83,13.31,9.0,66.47,11.22,LargeCentralMetro,1,0,0,0,0,0,Yorkshire and the Humber,7,Kirklees 035,33.0,1,88.0,29.040000000000003,557.0
E02002292,6.0,6.0,34.43,48.28,18.54,5.46,68.78,7.21,LargeCentralMetro,1,0,0,0,0,0,Yorkshire and the Humber,6,Kirklees 022,39.0,1,122.0,47.58,667.0
E02002285,8.0,7.0,38.12,45.51,6.41,0.45,91.34,1.79,LargeCentralMetro,1,0,0,0,0,0,Yorkshire and the Humber,9,Kirklees 015,21.0,1,160.0,33.6,879.0
E02002288,4.0,8.0,47.73,45.23,10.12,0.93,85.82,3.13,LargeCentralMetro,1,0,0,0,0,0,Yorkshire and the Humber,4,Kirklees 018,49.0,1,88.0,43.12,597.0
E02002329,7.0,4.0,11.58,49.89,0.65,0.68,96.96,1.71,LargeCentralMetro,1,0,0,0,0,0,Yorkshire and the Humber,9,Kirklees 059,58.0,1,259.0,150.22,1333.0
E02002286,3.0,8.0,46.59,46.18,43.03,0.84,51.08,5.05,LargeCentralMetro,1,0,0,0,0,0,Yorkshire and the Humber,6,Kirklees 016,21.0,1,176.0,36.96,942.0
E02002317,4.0,7.0,44.05,52.74,32.01,5.77,54.42,7.8,LargeCentralMetro,1,0,0,0,0,0,Yorkshire and the Humber,3,Kirklees 047,35.0,1,168.0,58.8,914.0
E02002280,3.0,8.0,32.35,0.0,55.82,1.08,39.22,3.88,LargeCentralMetro,1,0,0,0,0,0,Yorkshire and the Humber,6,Kirklees 010,17.0,1,102.0,17.34,555.0
E02002299,2.0,8.0,50.46,45.87,27.71,13.81,43.98,14.5,LargeCentralMetro,1,0,0,0,0,0,Yorkshire and the Humber,3,Kirklees 029,19.0,1,109.0,20.71,617.0
E02002271,8.0,7.0,11.46,47.28,2.51,0.6,94.2,2.69,LargeCentralMetro,1,0,0,0,0,0,Yorkshire and the Humber,10,Kirklees 001,59.0,1,96.0,56.64,791.0
E02002308,6.0,7.0,20.0,51.48,6.46,2.09,85.14,6.31,LargeCentralMetro,1,0,0,0,0,0,Yorkshire and the Humber,9,Kirklees 038,47.0,1,255.0,119.85,1315.0
E02006852,8.0,3.0,45.73,47.32,10.94,2.19,80.86,6.01,LargeCentralMetro,1,0,0,0,0,0,Yorkshire and the Humber,3,Leeds 109,40.0,1,164.0,65.60000000000001,1046.0
E02002352,8.0,5.0,36.1,49.13,20.08,2.98,70.04,6.9,LargeCentralMetro,1,0,0,0,0,0,Yorkshire and the Humber,2,Leeds 023,25.0,1,241.0,60.25,1441.0
E02002408,6.0,7.0,26.04,50.14,3.12,0.74,94.05,2.08,LargeCentralMetro,1,0,0,0,0,0,Yorkshire and the Humber,8,Leeds 079,30.29,2,338.0,102.38,2106.0
E02006876,4.0,6.0,,42.8,9.95,8.43,75.64,5.98,LargeCentralMetro,1,0,0,0,0,0,Yorkshire and the Humber,,Leeds 112,,4,0.0,0.0,1388.0
E02002434,6.0,4.0,29.66,52.46,3.13,3.29,90.69,2.88,LargeCentralMetro,1,0,0,0,0,0,Yorkshire and the Humber,10,Leeds 105,63.0,1,236.0,148.68,1485.0
E02002412,4.0,8.0,30.35,48.55,4.54,2.41,89.76,3.29,LargeCentralMetro,1,0,0,0,0,0,Yorkshire and the Humber,4,Leeds 083,37.0,1,201.0,74.37,1176.0
E02002404,3.0,6.0,47.67,51.82,9.72,11.74,70.35,8.18,LargeCentralMetro,1,0,0,0,0,0,Yorkshire and the Humber,1,Leeds 075,36.0,1,172.0,61.919999999999995,907.0
E02002369,3.0,8.0,,,15.97,8.37,68.49,7.17,LargeCentralMetro,1,0,0,0,0,0,Yorkshire and the Humber,,Leeds 040,,1,0.0,0.0,0.0
E02002354,8.0,6.0,28.09,50.22,27.36,3.95,60.28,8.41,LargeCentralMetro,1,0,0,0,0,0,Yorkshire and the Humber,8,Leeds 025,56.0,1,178.0,99.68,900.0
E02002381,5.0,6.0,40.47,51.76,1.99,1.05,94.06,2.9,LargeCentralMetro,1,0,0,0,0,0,Yorkshire and the Humber,7,Leeds 052,22.0,1,215.0,47.3,1360.0
E02002435,7.0,6.0,25.21,46.36,5.22,1.28,90.25,3.25,LargeCentralMetro,1,0,0,0,0,0,Yorkshire and the Humber,9,Leeds 106,42.67,2,472.0,201.39,2571.0
E02002346,4.0,7.0,35.62,50.76,6.49,0.99,84.04,8.49,LargeCentralMetro,1,0,0,0,0,0,Yorkshire and the Humber,9,Leeds 017,32.0,1,146.0,46.72,924.0
E02002338,8.0,3.0,19.5,48.91,1.94,0.43,95.4,2.24,LargeCentralMetro,1,0,0,0,0,0,Yorkshire and the Humber,8,Leeds 009,52.0,1,200.0,104.0,1370.0
E02002433,4.0,9.0,21.74,49.86,3.56,1.34,92.06,3.04,LargeCentralMetro,1,0,0,0,0,0,Yorkshire and the Humber,7,Leeds 104,56.0,1,253.0,141.68,1460.0
E02002432,7.0,8.0,28.0,50.35,0.94,0.61,96.46,1.99,MediumMetro,0,0,1,0,0,0,Yorkshire and the Humber,8,Leeds 103,38.0,1,200.0,76.0,1279.0
E02002347,4.0,8.0,23.46,50.11,20.39,6.18,59.71,13.72,LargeCentralMetro,1,0,0,0,0,0,Yorkshire and the Humber,3,Leeds 018,63.0,2,179.0,112.77,1395.0
E02002430,1.0,9.0,50.5,48.7,2.13,9.24,83.56,5.06,LargeCentralMetro,1,0,0,0,0,0,Yorkshire and the Humber,7,Leeds 101,43.0,1,202.0,86.86,1193.0
E02002379,1.0,9.0,59.09,51.31,3.85,7.65,83.46,5.03,LargeCentralMetro,1,0,0,0,0,0,Yorkshire and the Humber,6,Leeds 050,19.0,1,110.0,20.9,723.0
E02002332,6.0,5.0,15.62,48.24,1.58,0.51,96.15,1.76,LargeCentralMetro,1,0,0,0,0,0,Yorkshire and the Humber,6,Leeds 003,53.0,1,224.0,118.72,1451.0
E02002337,10.0,3.0,8.84,49.7,2.06,0.38,95.02,2.55,LargeCentralMetro,1,0,0,0,0,0,Yorkshire and the Humber,4,Leeds 008,60.0,1,181.0,108.6,1173.0
E02002350,10.0,4.0,15.38,48.05,2.72,0.32,93.93,3.03,LargeCentralMetro,1,0,0,0,0,0,Yorkshire and the Humber,4,Leeds 021,60.0,1,221.0,132.6,1407.0
E02002331,7.0,6.0,14.91,45.74,2.15,0.99,94.8,2.06,LargeCentralMetro,1,0,0,0,0,0,Yorkshire and the Humber,5,Leeds 002,32.0,1,114.0,36.480000000000004,680.0
E02002393,2.0,6.0,58.86,51.32,16.48,36.29,32.11,15.12,LargeCentralMetro,1,0,0,0,0,0,Yorkshire and the Humber,10,Leeds 064,19.0,1,175.0,33.25,949.0
E02006861,4.0,2.0,53.85,48.44,8.04,3.57,80.61,7.78,LargeCentralMetro,1,0,0,0,0,0,Yorkshire and the Humber,2,Leeds 110,26.0,1,78.0,20.28,481.0
E02002362,3.0,9.0,22.55,52.99,8.96,4.84,76.46,9.75,LargeCentralMetro,1,0,0,0,0,0,Yorkshire and the Humber,5,Leeds 033,55.0,1,204.0,112.2,1440.0
E02002416,5.0,7.0,17.17,49.09,1.8,0.57,95.49,2.14,LargeCentralMetro,1,0,0,0,0,0,Yorkshire and the Humber,6,Leeds 087,52.0,1,297.0,154.44,1925.0
E02002462,6.0,7.0,16.29,49.2,1.12,0.44,97.11,1.33,LargeCentralMetro,1,0,0,0,0,0,Yorkshire and the Humber,5,Wakefield 025,60.0,1,264.0,158.4,1687.0
E02002470,9.0,6.0,18.31,51.14,5.37,1.01,91.2,2.42,LargeCentralMetro,1,0,0,0,0,0,Yorkshire and the Humber,4,Wakefield 033,51.0,1,142.0,72.42,704.0
E02002474,4.0,7.0,24.0,50.51,1.74,1.38,94.42,2.47,LargeCentralMetro,1,0,0,0,0,0,Yorkshire and the Humber,9,Wakefield 037,41.0,1,275.0,112.75,1483.0
E02002457,3.0,9.0,43.1,49.45,17.07,5.59,71.58,5.76,LargeCentralMetro,1,0,0,0,0,0,Yorkshire and the Humber,2,Wakefield 020,39.0,1,116.0,45.24,631.0
E02002451,7.0,7.0,10.7,49.95,2.21,0.72,95.14,1.94,LargeCentralMetro,1,0,0,0,0,0,Yorkshire and the Humber,9,Wakefield 014,68.0,1,355.0,241.4,2128.0
E02002460,7.0,6.0,24.78,50.75,0.92,0.35,97.58,1.15,LargeCentralMetro,1,0,0,0,0,0,Yorkshire and the Humber,7,Wakefield 023,37.74,2,347.0,130.95,1862.0
E02002464,3.0,8.0,38.36,51.83,1.14,0.65,96.82,1.39,LargeCentralMetro,1,0,0,0,0,0,Yorkshire and the Humber,9,Wakefield 027,27.0,1,73.0,19.71,328.0
E02002447,3.0,8.0,31.73,48.39,0.99,0.45,97.36,1.2,LargeCentralMetro,1,0,0,0,0,0,Yorkshire and the Humber,9,Wakefield 010,27.0,1,104.0,28.080000000000002,558.0
E02002461,5.0,8.0,10.43,51.28,1.58,0.76,96.14,1.53,LargeCentralMetro,1,0,0,0,0,0,Yorkshire and the Humber,10,Wakefield 024,47.0,1,278.0,130.66,1644.0
E02002469,6.0,6.0,19.31,48.28,1.07,0.93,96.6,1.39,MediumMetro,0,0,1,0,0,0,Yorkshire and the Humber,9,Wakefield 032,36.0,1,202.0,72.72,1015.0
E02002480,4.0,8.0,36.91,46.62,0.55,0.64,97.67,1.15,LargeCentralMetro,1,0,0,0,0,0,Yorkshire and the Humber,7,Wakefield 043,33.0,1,233.0,76.89,1525.0
E02002440,4.0,8.0,42.42,52.76,0.57,1.05,97.42,0.96,LargeCentralMetro,1,0,0,0,0,0,Yorkshire and the Humber,7,Wakefield 003,25.0,1,99.0,24.75,815.0
E02002439,3.0,9.0,29.05,43.88,1.67,0.6,95.98,1.74,LargeCentralMetro,1,0,0,0,0,0,Yorkshire and the Humber,6,Wakefield 002,42.0,1,210.0,88.2,1267.0
E02002468,7.0,8.0,25.25,50.14,1.3,0.29,96.41,2.0,LargeCentralMetro,1,0,0,0,0,0,Yorkshire and the Humber,4,Wakefield 031,48.0,1,202.0,96.96,1039.0
E02001686,5.0,6.0,12.39,53.5,0.7,0.12,98.03,1.15,LargeCentralMetro,1,0,0,0,0,0,North East,2,Gateshead 005,45.0,1,226.0,101.7,1484.0
E02001698,9.0,5.0,23.5,48.32,0.89,0.22,97.75,1.15,LargeCentralMetro,1,0,0,0,0,0,North East,3,Gateshead 017,44.0,1,234.0,102.96,1579.0
E02001702,2.0,10.0,23.91,53.87,2.16,1.38,93.13,3.33,LargeCentralMetro,1,0,0,0,0,0,North East,6,Gateshead 021,60.0,1,184.0,110.39999999999999,1355.0
E02001707,5.0,9.0,21.85,53.86,2.58,0.27,95.47,1.69,LargeCentralMetro,1,0,0,0,0,0,North East,4,Gateshead 026,42.0,1,238.0,99.96,1450.0
E02001694,6.0,9.0,58.82,48.14,1.72,0.35,96.06,1.87,LargeCentralMetro,1,0,0,0,0,0,North East,9,Gateshead 013,17.0,1,102.0,17.34,590.0
E02001683,6.0,6.0,24.88,48.57,0.75,0.18,97.96,1.11,LargeCentralMetro,1,0,0,0,0,0,North East,7,Gateshead 002,38.0,1,213.0,80.94,1011.0
E02001722,4.0,8.0,47.62,43.04,2.55,2.66,92.99,1.79,LargeCentralMetro,1,0,0,0,0,0,North East,5,Newcastle upon Tyne 015,33.0,1,42.0,13.860000000000001,158.0
E02001715,4.0,6.0,45.92,49.47,8.71,5.97,78.79,6.54,LargeCentralMetro,1,0,0,0,0,0,North East,9,Newcastle upon Tyne 008,29.0,1,294.0,85.25999999999999,1787.0
E02001709,9.0,3.0,20.88,49.94,9.43,1.24,85.03,4.3,LargeCentralMetro,1,0,0,0,0,0,North East,2,Newcastle upon Tyne 002,56.0,1,364.0,203.84000000000003,1680.0
E02001714,9.0,3.0,22.16,49.12,13.91,1.38,80.04,4.67,LargeCentralMetro,1,0,0,0,0,0,North East,4,Newcastle upon Tyne 007,58.0,1,185.0,107.3,1250.0
E02001726,3.0,5.0,28.11,100.0,22.9,1.79,69.4,5.9,LargeCentralMetro,1,0,0,0,0,0,North East,1,Newcastle upon Tyne 019,46.0,1,217.0,99.82000000000001,1407.0
E02001734,2.0,8.0,32.92,0.0,11.97,6.02,76.09,5.92,LargeCentralMetro,1,0,0,0,0,0,North East,10,Newcastle upon Tyne 027,38.0,1,161.0,61.18,1104.0
E02001750,8.0,6.0,21.89,48.64,3.49,0.32,94.8,1.39,LargeCentralMetro,1,0,0,0,0,0,North East,2,North Tyneside 013,52.8,2,265.0,139.91,1139.0
E02001756,2.0,8.0,28.89,48.7,5.22,1.0,90.59,3.19,LargeCentralMetro,1,0,0,0,0,0,North East,9,North Tyneside 019,39.0,1,135.0,52.65,772.0
E02001760,2.0,9.0,51.35,44.27,2.86,1.47,93.59,2.08,LargeCentralMetro,1,0,0,0,0,0,North East,4,North Tyneside 023,20.0,1,74.0,14.8,323.0
E02001742,9.0,5.0,7.69,49.75,1.56,0.14,97.09,1.21,LargeCentralMetro,1,0,0,0,0,0,North East,2,North Tyneside 005,61.0,1,351.0,214.10999999999999,1604.0
E02001749,8.0,8.0,28.86,50.68,2.22,0.42,96.06,1.3,LargeCentralMetro,1,0,0,0,0,0,North East,7,North Tyneside 012,42.0,1,201.0,84.42,1184.0
E02001757,5.0,8.0,22.39,51.58,2.19,0.17,96.13,1.51,LargeCentralMetro,1,0,0,0,0,0,North East,4,North Tyneside 020,55.0,1,259.0,142.45000000000002,1615.0
E02001766,2.0,9.0,40.38,50.47,2.86,1.06,93.36,2.72,LargeCentralMetro,1,0,0,0,0,0,North East,2,North Tyneside 029,24.0,1,213.0,51.12,1169.0
E02001782,3.0,10.0,35.22,50.21,0.96,0.33,97.3,1.4,LargeCentralMetro,1,0,0,0,0,0,North East,4,South Tyneside 015,33.25,2,335.0,111.4,1942.0
E02001772,4.0,8.0,34.21,49.92,3.87,0.79,91.85,3.48,LargeCentralMetro,1,0,0,0,0,0,North East,6,South Tyneside 005,32.8,2,266.0,87.24000000000001,1793.0
E02001785,5.0,6.0,15.98,50.04,0.86,0.21,97.26,1.67,LargeCentralMetro,1,0,0,0,0,0,North East,9,South Tyneside 018,51.0,1,194.0,98.94,1177.0
E02001784,3.0,9.0,42.06,50.83,0.62,0.18,97.66,1.54,LargeCentralMetro,1,0,0,0,0,0,North East,7,South Tyneside 017,35.0,1,107.0,37.449999999999996,663.0
E02001788,4.0,8.0,40.0,50.93,2.27,0.74,95.22,1.77,LargeCentralMetro,1,0,0,0,0,0,North East,6,South Tyneside 021,34.0,1,130.0,44.2,589.0
E02001794,2.0,10.0,59.8,49.71,0.52,0.09,98.52,0.87,LargeCentralMetro,1,0,0,0,0,0,North East,9,Sunderland 004,21.0,1,102.0,21.419999999999998,523.0
E02001810,6.0,6.0,31.88,51.29,0.88,0.29,97.58,1.25,LargeCentralMetro,1,0,0,0,0,0,North East,3,Sunderland 020,33.0,1,207.0,68.31,1049.0
E02001806,2.0,10.0,23.97,0.0,10.6,2.64,84.31,2.45,LargeCentralMetro,1,0,0,0,0,0,North East,3,Sunderland 016,49.0,1,146.0,71.53999999999999,885.0
E02001812,9.0,7.0,29.24,76.85,5.66,0.64,92.0,1.69,LargeCentralMetro,1,0,0,0,0,0,North East,3,Sunderland 022,45.48,3,383.0,174.19,2423.0
E02001798,3.0,9.0,35.71,49.65,0.54,0.49,97.97,1.01,LargeCentralMetro,1,0,0,0,0,0,North East,7,Sunderland 008,39.0,1,140.0,54.6,723.0
E02001809,6.0,7.0,30.62,47.0,1.05,0.18,97.69,1.08,LargeCentralMetro,1,0,0,0,0,0,North East,3,Sunderland 019,36.0,1,209.0,75.24,1083.0
E02001824,5.0,9.0,32.3,43.32,0.76,0.85,97.2,1.18,LargeCentralMetro,1,0,0,0,0,0,North East,7,Sunderland 034,36.0,1,226.0,81.36,1018.0
E02001813,2.0,9.0,47.89,46.11,1.28,0.7,96.5,1.52,LargeCentralMetro,1,0,0,0,0,0,North East,7,Sunderland 023,28.0,1,142.0,39.760000000000005,772.0
E02001821,7.0,7.0,28.68,47.94,0.89,0.18,98.05,0.87,LargeCentralMetro,1,0,0,0,0,0,North East,8,Sunderland 031,33.0,1,136.0,44.88,801.0
E02003002,7.0,5.0,17.61,48.17,4.19,0.9,89.84,5.07,LargeCentralMetro,1,0,0,0,0,0,South West,10,Bath and North East Somerset 018,53.0,1,142.0,75.26,1150.0
E02003011,6.0,6.0,17.63,52.13,0.97,0.2,97.31,1.52,LargeCentralMetro,1,0,0,0,0,0,South West,3,Bath and North East Somerset 027,53.76,2,329.0,176.86,2091.0
E02002996,9.0,1.0,14.04,97.44,8.08,1.28,84.95,5.69,LargeCentralMetro,1,0,0,0,0,0,South West,1,Bath and North East Somerset 012,57.0,1,171.0,97.46999999999998,1172.0
E02002992,9.0,4.0,17.65,57.43,5.15,1.69,89.39,3.77,LargeCentralMetro,1,0,0,0,0,0,South West,7,Bath and North East Somerset 008,42.0,1,136.0,57.12,1036.0
E02002987,9.0,4.0,11.36,44.65,1.66,0.36,95.99,1.98,LargeCentralMetro,1,0,0,0,0,0,South West,4,Bath and North East Somerset 003,53.01,2,220.0,116.63000000000001,1494.0
E02003008,4.0,8.0,18.57,48.64,0.81,0.62,96.52,2.05,LargeCentralMetro,1,0,0,0,0,0,South West,9,Bath and North East Somerset 024,36.15,2,237.0,85.67,1540.0
E02002985,5.0,5.0,25.71,48.97,1.47,0.84,94.77,2.91,LargeCentralMetro,1,0,0,0,0,0,South West,4,Bath and North East Somerset 001,34.0,1,105.0,35.7,439.0
E02003003,5.0,4.0,10.81,55.63,5.79,1.87,87.11,5.22,LargeCentralMetro,1,0,0,0,0,0,South West,4,Bath and North East Somerset 019,53.0,1,148.0,78.44,915.0
E02003014,1.0,9.0,27.99,51.82,1.94,4.09,88.81,5.16,LargeCentralMetro,1,0,0,0,0,0,South West,4,Bristol 003,46.74,2,293.0,136.94,1783.0
E02003058,4.0,4.0,40.99,50.32,3.49,2.29,90.5,3.72,LargeCentralMetro,1,0,0,0,0,0,South West,3,Bristol 047,29.29,2,283.0,82.88,1546.0
E02003016,3.0,8.0,50.41,51.62,9.43,10.92,71.61,8.04,LargeCentralMetro,1,0,0,0,0,0,South West,1,Bristol 005,28.0,1,121.0,33.88,709.0
E02003033,8.0,2.0,29.58,49.29,5.11,1.37,86.85,6.68,LargeCentralMetro,1,0,0,0,0,0,South West,1,Bristol 022,58.0,1,213.0,123.53999999999999,1487.0
E02003054,7.0,8.0,30.15,44.6,4.07,2.13,89.24,4.56,LargeCentralMetro,1,0,0,0,0,0,South West,4,Bristol 043,29.0,1,199.0,57.709999999999994,843.0
E02003031,10.0,3.0,6.84,48.08,3.33,1.98,88.36,6.32,LargeCentralMetro,1,0,0,0,0,0,South West,1,Bristol 020,77.0,1,190.0,146.3,1406.0
E02003013,3.0,9.0,30.47,46.42,10.5,7.25,76.13,6.13,LargeCentralMetro,1,0,0,0,0,0,South West,1,Bristol 002,40.0,1,128.0,51.2,838.0
E02003032,4.0,6.0,46.73,50.19,12.82,9.83,69.05,8.31,LargeCentralMetro,1,0,0,0,0,0,South West,1,Bristol 021,29.0,1,199.0,57.709999999999994,1032.0
E02006887,2.0,8.0,16.98,53.44,9.95,17.07,61.96,11.01,LargeCentralMetro,1,0,0,0,0,0,South West,1,Bristol 054,68.0,1,212.0,144.16,1684.0
E02003057,4.0,8.0,24.2,48.33,1.91,1.42,93.15,3.52,LargeCentralMetro,1,0,0,0,0,0,South West,4,Bristol 046,34.0,1,157.0,53.38,898.0
E02003025,3.0,8.0,37.6,46.01,13.23,12.64,66.44,7.69,LargeCentralMetro,1,0,0,0,0,0,South West,1,Bristol 014,50.0,1,125.0,62.5,852.0
E02006888,2.0,5.0,80.33,,17.79,28.06,43.79,10.36,LargeCentralMetro,1,0,0,0,0,0,South West,1,Bristol 055,31.0,1,122.0,37.82,0.0
E02003023,5.0,7.0,47.59,45.31,12.54,5.46,75.01,6.99,LargeCentralMetro,1,0,0,0,0,0,South West,2,Bristol 012,38.0,1,145.0,55.1,843.0
E02006952,4.0,5.0,13.91,50.12,14.18,6.56,70.4,8.86,LargeCentralMetro,1,0,0,0,0,0,South West,1,Bristol 061,56.0,1,115.0,64.4,828.0
E02003069,9.0,8.0,11.17,49.36,0.72,0.49,97.37,1.41,LargeCentralMetro,1,0,0,0,0,0,South West,6,North Somerset 005,37.0,1,197.0,72.89,1173.0
E02003075,9.0,3.0,11.83,52.21,1.37,0.35,96.11,2.16,MediumMetro,0,0,1,0,0,0,South West,5,North Somerset 011,64.0,1,262.0,167.68,1768.0
E02003068,8.0,4.0,21.32,49.07,1.06,0.47,95.7,2.77,Micropolitan,0,0,0,0,1,0,South West,3,North Somerset 004,39.0,1,136.0,53.04,756.0
E02003080,4.0,6.0,,,1.59,0.64,96.11,1.66,LargeCentralMetro,1,0,0,0,0,0,South West,,North Somerset 016,,1,0.0,0.0,0.0
E02003085,1.0,10.0,59.76,49.83,2.0,0.85,93.92,3.23,LargeCentralMetro,1,0,0,0,0,0,South West,3,North Somerset 021,34.0,1,82.0,27.880000000000003,578.0
E02003088,8.0,4.0,14.08,50.73,0.9,0.31,96.8,1.99,MediumMetro,0,0,1,0,0,0,South West,8,North Somerset 024,53.0,1,213.0,112.89,1447.0
E02003073,9.0,4.0,9.88,51.81,1.26,0.38,96.58,1.78,LargeCentralMetro,1,0,0,0,0,0,South West,5,North Somerset 009,52.0,1,172.0,89.44,886.0
E02003079,6.0,5.0,23.67,49.64,1.37,0.42,96.32,1.89,LargeCentralMetro,1,0,0,0,0,0,South West,5,North Somerset 015,33.0,1,245.0,80.85000000000001,1259.0
E02003067,8.0,5.0,12.41,49.35,1.61,0.28,95.47,2.64,LargeCentralMetro,1,0,0,0,0,0,South West,6,North Somerset 003,54.0,1,290.0,156.60000000000002,1844.0
E02003117,5.0,5.0,21.33,49.41,3.12,2.1,90.7,4.08,LargeCentralMetro,1,0,0,0,0,0,South West,2,South Gloucestershire 028,44.0,1,150.0,66.0,1261.0
E02003091,8.0,4.0,11.29,46.77,0.97,0.3,96.99,1.74,LargeCentralMetro,1,0,0,0,0,0,South West,7,South Gloucestershire 002,50.0,1,124.0,62.0,635.0
E02003119,5.0,6.0,15.43,49.57,1.35,0.76,95.59,2.29,LargeCentralMetro,1,0,0,0,0,0,South West,2,South Gloucestershire 030,35.0,1,188.0,65.8,1035.0
E02003090,8.0,5.0,9.31,48.91,1.38,0.72,95.31,2.59,LargeCentralMetro,1,0,0,0,0,0,South West,5,South Gloucestershire 001,55.0,1,247.0,135.85000000000002,1654.0
E02007064,5.0,7.0,,,4.0,2.17,89.74,4.08,LargeCentralMetro,1,0,0,0,0,0,South West,,South Gloucestershire 033,,1,0.0,0.0,0.0
E02003108,6.0,4.0,19.71,47.99,3.38,2.1,90.76,3.76,LargeCentralMetro,1,0,0,0,0,0,South West,3,South Gloucestershire 019,33.0,1,208.0,68.64,1146.0
E02003118,6.0,5.0,39.39,36.94,1.67,0.94,94.77,2.63,LargeCentralMetro,1,0,0,0,0,0,South West,3,South Gloucestershire 029,26.0,1,66.0,17.16,157.0
E02003099,4.0,6.0,,,1.98,0.47,95.25,2.29,LargeCentralMetro,1,0,0,0,0,0,South West,,South Gloucestershire 010,,1,0.0,0.0,0.0
E02003095,8.0,6.0,10.06,49.58,1.79,0.96,94.75,2.5,LargeCentralMetro,1,0,0,0,0,0,South West,7,South Gloucestershire 006,49.0,1,169.0,82.81,958.0
E02003120,8.0,6.0,17.9,46.56,1.92,0.73,94.88,2.47,LargeCentralMetro,1,0,0,0,0,0,South West,5,South Gloucestershire 031,26.0,1,162.0,42.120000000000005,857.0
E02003111,8.0,4.0,9.77,51.76,3.72,2.01,91.16,3.12,LargeCentralMetro,1,0,0,0,0,0,South West,10,South Gloucestershire 022,47.0,1,133.0,62.51,1051.0
E02007066,4.0,4.0,28.78,47.14,11.88,4.24,76.3,7.58,LargeCentralMetro,1,0,0,0,0,0,South West,7,South Gloucestershire 035,25.0,1,139.0,34.75,908.0
E02002491,4.0,9.0,26.27,53.87,1.05,0.53,97.08,1.34,LargeCentralMetro,1,0,0,0,0,0,North East,6,Hartlepool 009,48.0,1,217.0,104.16,1446.0
E02002485,2.0,7.0,45.83,52.98,1.88,0.29,96.55,1.29,LargeCentralMetro,1,0,0,0,0,0,North East,2,Hartlepool 003,42.0,1,192.0,80.64,1223.0
E02007059,5.0,8.0,41.12,47.49,3.8,0.96,92.88,2.36,LargeCentralMetro,1,0,0,0,0,0,North East,10,Hartlepool 015,32.0,1,214.0,68.48,1097.0
E02006909,9.0,5.0,31.96,47.05,1.89,0.24,97.03,0.84,LargeCentralMetro,1,0,0,0,0,0,North East,6,Hartlepool 014,32.0,1,194.0,62.08,982.0
E02002506,2.0,10.0,39.91,52.91,6.82,1.86,86.79,4.54,LargeCentralMetro,1,0,0,0,0,0,North East,5,Middlesbrough 011,33.0,1,228.0,75.24000000000001,1391.0
E02002503,2.0,7.0,23.56,52.46,8.11,1.76,84.8,5.34,LargeCentralMetro,1,0,0,0,0,0,North East,6,Middlesbrough 008,58.0,1,225.0,130.5,1481.0
E02002499,1.0,10.0,78.15,50.55,1.72,2.02,93.84,2.42,LargeCentralMetro,1,0,0,0,0,0,North East,10,Middlesbrough 004,5.0,1,119.0,5.95,641.0
E02002507,7.0,4.0,64.29,52.47,12.62,0.37,83.34,3.67,LargeCentralMetro,1,0,0,0,0,0,North East,4,Middlesbrough 012,37.0,1,140.0,51.8,951.0
E02002514,4.0,8.0,31.82,49.66,1.44,0.38,96.27,1.91,LargeCentralMetro,1,0,0,0,0,0,North East,8,Middlesbrough 019,42.0,1,198.0,83.16,1176.0
E02002502,2.0,10.0,69.35,45.12,0.8,1.34,95.99,1.88,LargeCentralMetro,1,0,0,0,0,0,North East,10,Middlesbrough 007,34.0,1,124.0,42.160000000000004,676.0
E02006910,4.0,9.0,54.65,51.18,3.32,0.37,94.04,2.27,LargeCentralMetro,1,0,0,0,0,0,North East,10,Redcar and Cleveland 022,33.0,1,86.0,28.380000000000003,510.0
E02006812,5.0,8.0,24.09,52.57,1.3,0.25,96.84,1.6,LargeCentralMetro,1,0,0,0,0,0,North East,8,Redcar and Cleveland 021,48.0,1,274.0,131.51999999999998,1615.0
E02002516,4.0,9.0,24.31,50.61,0.73,0.14,97.73,1.4,LargeCentralMetro,1,0,0,0,0,0,North East,10,Redcar and Cleveland 002,48.0,1,144.0,69.12,737.0
E02002520,6.0,6.0,16.77,46.7,0.41,0.11,98.56,0.92,MediumMetro,0,0,1,0,0,0,North East,7,Redcar and Cleveland 006,75.0,1,155.0,116.25,713.0
E02002537,2.0,9.0,22.29,49.53,0.98,0.2,97.68,1.14,LargeCentralMetro,1,0,0,0,0,0,North East,5,Stockton-on-Tees 003,45.0,1,157.0,70.65,858.0
E02002545,8.0,8.0,,,2.27,0.12,96.58,1.03,LargeCentralMetro,1,0,0,0,0,0,North East,,Stockton-on-Tees 011,,1,0.0,0.0,0.0
E02002556,8.0,7.0,,45.8,6.88,0.54,89.82,2.76,LargeCentralMetro,1,0,0,0,0,0,North East,,Stockton-on-Tees 022,,1,0.0,0.0,345.0
E02002535,8.0,7.0,25.68,49.01,0.74,0.15,98.4,0.71,MediumMetro,0,0,1,0,0,0,North East,9,Stockton-on-Tees 001,33.0,1,257.0,84.81,1357.0
E02002547,7.0,8.0,36.67,47.91,3.42,0.61,94.69,1.28,LargeCentralMetro,1,0,0,0,0,0,North East,2,Stockton-on-Tees 013,47.08,2,240.0,113.0,1292.0
E02002555,8.0,5.0,11.39,49.1,2.67,0.53,94.46,2.34,LargeCentralMetro,1,0,0,0,0,0,North East,6,Stockton-on-Tees 021,58.0,1,237.0,137.45999999999998,1505.0
E02007062,10.0,8.0,12.69,50.0,6.18,0.85,89.73,3.24,LargeCentralMetro,1,0,0,0,0,0,North East,6,Stockton-on-Tees 027,60.0,1,134.0,80.39999999999999,712.0
E02002544,2.0,10.0,65.12,52.62,1.29,1.77,95.13,1.81,LargeCentralMetro,1,0,0,0,0,0,North East,3,Stockton-on-Tees 010,30.0,1,86.0,25.8,650.0
E02002558,8.0,4.0,18.52,48.05,4.28,0.35,92.49,2.89,LargeCentralMetro,1,0,0,0,0,0,North East,5,Stockton-on-Tees 024,45.0,1,216.0,97.2,1280.0
E02002552,4.0,9.0,36.36,51.48,3.48,0.99,93.68,1.85,LargeCentralMetro,1,0,0,0,0,0,North East,8,Stockton-on-Tees 018,29.0,1,99.0,28.709999999999997,507.0
E02002549,7.0,7.0,25.54,52.11,1.84,0.54,96.58,1.05,LargeCentralMetro,1,0,0,0,0,0,North East,3,Stockton-on-Tees 015,45.0,1,231.0,103.95,1161.0
E02002660,3.0,6.0,36.5,48.14,0.47,0.88,97.36,1.28,LargeCentralMetro,1,0,0,0,0,0,Yorkshire and the Humber,6,Kingston upon Hull 009,33.0,1,137.0,45.21,860.0
E02002653,1.0,9.0,62.63,49.18,0.41,0.84,96.71,2.04,LargeCentralMetro,1,0,0,0,0,0,Yorkshire and the Humber,7,Kingston upon Hull 002,27.0,1,99.0,26.73,673.0
E02002681,1.0,10.0,,50.39,7.32,5.38,80.06,7.24,LargeCentralMetro,1,0,0,0,0,0,Yorkshire and the Humber,,Kingston upon Hull 030,,1,0.0,0.0,385.0
E02002664,8.0,3.0,25.53,49.19,0.4,0.26,98.53,0.81,LargeCentralMetro,1,0,0,0,0,0,Yorkshire and the Humber,3,Kingston upon Hull 013,34.0,1,282.0,95.88000000000001,1488.0
E02006813,3.0,8.0,42.65,49.45,1.45,1.02,95.11,2.42,LargeCentralMetro,1,0,0,0,0,0,Yorkshire and the Humber,7,Kingston upon Hull 033,20.0,1,272.0,54.400000000000006,1543.0
E02002680,2.0,10.0,,,7.79,6.44,73.91,11.85,LargeCentralMetro,1,0,0,0,0,0,Yorkshire and the Humber,,Kingston upon Hull 029,,1,0.0,0.0,0.0
E02002655,2.0,9.0,41.49,48.23,0.38,0.89,97.46,1.27,LargeCentralMetro,1,0,0,0,0,0,Yorkshire and the Humber,7,Kingston upon Hull 004,39.0,1,241.0,93.99000000000001,1302.0
E02002675,1.0,9.0,37.74,0.0,10.62,4.35,75.02,10.0,LargeCentralMetro,1,0,0,0,0,0,Yorkshire and the Humber,1,Kingston upon Hull 024,43.0,1,53.0,22.79,529.0
E02002659,1.0,8.0,60.61,40.04,2.02,3.23,89.12,5.62,LargeCentralMetro,1,0,0,0,0,0,Yorkshire and the Humber,4,Kingston upon Hull 008,13.0,1,165.0,21.45,984.0
E02002668,1.0,8.0,50.62,51.85,0.68,1.42,96.09,1.81,LargeCentralMetro,1,0,0,0,0,0,Yorkshire and the Humber,5,Kingston upon Hull 017,22.0,2,482.0,106.04,2924.0
E02002725,8.0,6.0,15.73,49.52,0.45,0.1,98.65,0.8,MediumMetro,0,0,1,0,0,0,Yorkshire and the Humber,10,East Riding of Yorkshire 042,45.0,1,178.0,80.10000000000001,945.0
E02002686,2.0,8.0,32.61,50.1,1.04,0.12,97.52,1.32,LargeFringeMetro,0,1,0,0,0,0,Yorkshire and the Humber,7,East Riding of Yorkshire 003,44.0,1,138.0,60.72,956.0
E02002698,7.0,3.0,20.0,44.02,0.44,0.12,98.23,1.21,MediumMetro,0,0,1,0,0,0,Yorkshire and the Humber,10,East Riding of Yorkshire 015,45.0,1,75.0,33.75,443.0
E02002699,9.0,2.0,16.17,50.56,1.05,0.38,97.2,1.38,LargeCentralMetro,1,0,0,0,0,0,Yorkshire and the Humber,7,East Riding of Yorkshire 016,34.0,1,167.0,56.78,1153.0
E02002715,10.0,3.0,6.75,49.63,2.47,0.44,95.27,1.82,LargeCentralMetro,1,0,0,0,0,0,Yorkshire and the Humber,9,East Riding of Yorkshire 032,66.0,1,326.0,215.16,2154.0
E02002714,6.0,5.0,27.35,52.81,0.39,0.11,98.82,0.67,SmallMetro,0,0,0,1,0,0,Yorkshire and the Humber,9,East Riding of Yorkshire 031,28.0,1,117.0,32.760000000000005,695.0
E02002695,5.0,7.0,30.64,48.53,0.39,0.18,98.11,1.32,SmallMetro,0,0,0,1,0,0,Yorkshire and the Humber,5,East Riding of Yorkshire 012,31.0,1,173.0,53.63,1057.0
E02002685,6.0,5.0,20.38,49.5,0.5,0.06,98.77,0.66,LargeFringeMetro,0,1,0,0,0,0,Yorkshire and the Humber,10,East Riding of Yorkshire 002,32.0,1,157.0,50.24,893.0
E02002703,10.0,2.0,10.24,0.0,1.58,0.4,96.38,1.64,LargeCentralMetro,1,0,0,0,0,0,Yorkshire and the Humber,3,East Riding of Yorkshire 020,69.0,1,127.0,87.63,741.0
E02002705,6.0,3.0,21.47,49.19,2.88,0.77,94.16,2.2,LargeCentralMetro,1,0,0,0,0,0,Yorkshire and the Humber,7,East Riding of Yorkshire 022,36.0,1,191.0,68.75999999999999,982.0
E02002700,4.0,6.0,8.84,100.0,1.22,0.05,96.79,1.94,LargeCentralMetro,1,0,0,0,0,0,Yorkshire and the Humber,3,East Riding of Yorkshire 017,59.0,1,147.0,86.72999999999999,814.0
E02006891,7.0,2.0,,,0.52,0.07,98.61,0.8,LargeFringeMetro,0,1,0,0,0,0,Yorkshire and the Humber,,East Riding of Yorkshire 044,,1,0.0,0.0,0.0
E02002729,6.0,5.0,46.59,48.96,0.37,0.2,97.93,1.5,LargeCentralMetro,1,0,0,0,0,0,Yorkshire and the Humber,5,North East Lincolnshire 004,40.0,1,88.0,35.2,431.0
E02002743,4.0,6.0,47.59,51.14,0.52,0.31,98.15,1.02,LargeCentralMetro,1,0,0,0,0,0,Yorkshire and the Humber,5,North East Lincolnshire 018,29.16,2,166.0,48.4,1050.0
E02002726,4.0,5.0,30.08,48.04,0.75,0.17,97.76,1.31,LargeCentralMetro,1,0,0,0,0,0,Yorkshire and the Humber,8,North East Lincolnshire 001,24.0,1,123.0,29.52,587.0
E02002747,8.0,3.0,15.32,50.71,2.16,0.66,95.39,1.78,LargeCentralMetro,1,0,0,0,0,0,Yorkshire and the Humber,5,North East Lincolnshire 022,44.0,1,359.0,157.96,2039.0
E02002737,6.0,5.0,48.05,48.74,1.64,0.2,96.9,1.26,LargeCentralMetro,1,0,0,0,0,0,Yorkshire and the Humber,4,North East Lincolnshire 012,34.0,1,154.0,52.36000000000001,956.0
E02002740,3.0,7.0,48.41,51.44,0.64,1.14,96.85,1.38,LargeCentralMetro,1,0,0,0,0,0,Yorkshire and the Humber,6,North East Lincolnshire 015,13.0,1,126.0,16.38,762.0
E02002732,8.0,4.0,13.12,49.1,1.4,0.11,97.21,1.28,MediumMetro,0,0,1,0,0,0,Yorkshire and the Humber,9,North East Lincolnshire 007,52.0,1,160.0,83.2,888.0
E02002745,9.0,6.0,14.09,50.18,0.82,0.17,97.99,1.02,LargeCentralMetro,1,0,0,0,0,0,Yorkshire and the Humber,8,North East Lincolnshire 020,49.0,2,298.0,146.02,1694.0
E02002741,6.0,5.0,46.81,48.23,2.94,1.19,93.52,2.36,LargeCentralMetro,1,0,0,0,0,0,Yorkshire and the Humber,9,North East Lincolnshire 016,35.0,1,141.0,49.349999999999994,790.0
E02002768,6.0,2.0,14.37,51.52,1.08,0.25,97.49,1.17,MediumMetro,0,0,1,0,0,0,Yorkshire and the Humber,8,North Lincolnshire 020,52.0,1,167.0,86.84,823.0
E02002762,4.0,9.0,20.47,48.38,1.92,0.25,96.53,1.3,LargeCentralMetro,1,0,0,0,0,0,Yorkshire and the Humber,4,North Lincolnshire 014,52.0,1,127.0,66.04,678.0
E02002759,6.0,6.0,21.62,51.28,1.08,0.19,97.75,0.99,MediumMetro,0,0,1,0,0,0,Yorkshire and the Humber,6,North Lincolnshire 011,47.24,2,222.0,104.88,1406.0
E02002755,4.0,10.0,35.67,46.84,12.89,1.58,80.47,5.06,LargeCentralMetro,1,0,0,0,0,0,Yorkshire and the Humber,6,North Lincolnshire 007,44.96,2,171.0,76.89000000000001,681.0
E02002754,4.0,4.0,28.79,45.71,0.47,0.12,98.58,0.82,MediumMetro,0,0,1,0,0,0,Yorkshire and the Humber,10,North Lincolnshire 006,47.0,1,66.0,31.02,455.0
E02002760,6.0,8.0,46.83,51.25,3.33,0.33,94.78,1.55,LargeCentralMetro,1,0,0,0,0,0,Yorkshire and the Humber,7,North Lincolnshire 012,37.0,1,126.0,46.62,638.0
E02002756,2.0,9.0,24.65,46.84,18.79,2.84,70.47,7.91,LargeCentralMetro,1,0,0,0,0,0,Yorkshire and the Humber,6,North Lincolnshire 008,43.0,1,142.0,61.06,743.0
E02002758,4.0,8.0,34.95,51.45,3.26,0.39,93.54,2.81,LargeCentralMetro,1,0,0,0,0,0,Yorkshire and the Humber,5,North Lincolnshire 010,36.0,1,103.0,37.08,657.0
E02002766,7.0,7.0,22.27,49.04,2.11,0.37,96.1,1.42,LargeCentralMetro,1,0,0,0,0,0,Yorkshire and the Humber,6,North Lincolnshire 018,46.0,1,238.0,109.48,1252.0
E02002751,6.0,6.0,27.59,46.33,0.74,0.17,98.11,0.98,MediumMetro,0,0,1,0,0,0,Yorkshire and the Humber,5,North Lincolnshire 003,25.0,1,87.0,21.75,518.0
E02002749,4.0,6.0,26.71,47.55,0.96,0.23,97.57,1.23,LargeCentralMetro,1,0,0,0,0,0,Yorkshire and the Humber,5,North Lincolnshire 001,27.0,1,161.0,43.470000000000006,774.0
E02005762,8.0,6.0,19.12,47.56,2.51,1.18,94.19,2.11,LargeCentralMetro,1,0,0,0,0,0,Yorkshire and the Humber,6,Harrogate 002,50.0,1,68.0,34.0,595.0
E02007045,8.0,5.0,24.07,49.38,0.7,0.13,97.6,1.57,LargeFringeMetro,0,1,0,0,0,0,Yorkshire and the Humber,5,Ryedale 010,42.0,1,108.0,45.36,810.0
E02005765,8.0,5.0,9.6,50.7,0.6,0.21,98.12,1.06,MediumMetro,0,0,1,0,0,0,Yorkshire and the Humber,9,Harrogate 005,29.0,1,125.0,36.25,643.0
E02005799,8.0,6.0,19.9,48.1,1.58,0.52,96.73,1.16,LargeFringeMetro,0,1,0,0,0,0,Yorkshire and the Humber,3,Scarborough 005,52.0,1,201.0,104.52000000000001,998.0
E02005758,6.0,5.0,19.46,49.45,0.89,0.83,96.54,1.74,LargeFringeMetro,0,1,0,0,0,0,Yorkshire and the Humber,5,Hambleton 009,48.0,1,149.0,71.52,902.0
E02005814,6.0,6.0,22.07,51.95,0.34,0.29,98.24,1.13,LargeCentralMetro,1,0,0,0,0,0,Yorkshire and the Humber,7,Selby 006,40.0,2,444.0,177.60000000000002,2256.0
E02005797,6.0,6.0,21.43,49.2,0.67,0.11,98.25,0.96,LargeFringeMetro,0,1,0,0,0,0,Yorkshire and the Humber,8,Scarborough 003,28.0,1,182.0,50.96000000000001,994.0
E02005755,8.0,6.0,16.03,48.29,0.62,0.12,98.46,0.8,MediumMetro,0,0,1,0,0,0,Yorkshire and the Humber,7,Hambleton 006,34.0,1,131.0,44.540000000000006,586.0
E02005750,6.0,3.0,9.19,49.91,0.42,0.1,98.33,1.15,Micropolitan,0,0,0,0,1,0,Yorkshire and the Humber,9,Hambleton 001,52.0,1,185.0,96.2,1172.0
E02005744,8.0,6.0,9.09,49.39,0.66,0.09,98.54,0.71,SmallMetro,0,0,0,1,0,0,Yorkshire and the Humber,6,Craven 003,45.0,1,110.0,49.5,575.0
E02005785,7.0,5.0,15.29,48.95,8.24,2.26,84.76,4.74,LargeCentralMetro,1,0,0,0,0,0,Yorkshire and the Humber,9,Richmondshire 004,28.0,2,170.0,47.6,858.0
E02005780,9.0,5.0,11.21,49.07,2.78,0.32,94.42,2.49,LargeCentralMetro,1,0,0,0,0,0,Yorkshire and the Humber,4,Harrogate 020,57.66,2,464.0,267.52,3444.0
E02005773,5.0,8.0,30.19,55.7,3.95,1.2,91.9,2.94,LargeCentralMetro,1,0,0,0,0,0,Yorkshire and the Humber,5,Harrogate 013,30.0,1,53.0,15.899999999999999,553.0
E02005787,8.0,3.0,4.76,45.63,0.6,0.26,98.28,0.87,SmallMetro,0,0,0,1,0,0,Yorkshire and the Humber,10,Richmondshire 006,39.0,1,84.0,32.76,423.0
E02005769,7.0,9.0,9.17,47.92,0.77,0.14,97.63,1.46,LargeCentralMetro,1,0,0,0,0,0,Yorkshire and the Humber,6,Harrogate 009,50.0,1,229.0,114.5,1511.0
E02007041,10.0,5.0,19.85,42.26,0.69,0.21,98.03,1.07,LargeFringeMetro,0,1,0,0,0,0,Yorkshire and the Humber,6,Craven 009,43.32,2,136.0,58.92,665.0
E02005815,8.0,3.0,28.57,44.81,0.54,0.12,98.46,0.88,LargeFringeMetro,0,1,0,0,0,0,Yorkshire and the Humber,7,Selby 007,43.0,1,56.0,24.08,366.0
E02005777,9.0,6.0,6.56,51.91,1.98,0.45,95.14,2.44,LargeCentralMetro,1,0,0,0,0,0,Yorkshire and the Humber,1,Harrogate 017,76.0,1,244.0,185.44,1913.0
E02005749,8.0,8.0,10.57,48.52,1.09,0.05,97.75,1.12,LargeCentralMetro,1,0,0,0,0,0,Yorkshire and the Humber,6,Craven 008,40.0,1,265.0,106.0,1727.0
E02005804,4.0,10.0,,20.54,2.39,1.0,94.15,2.47,LargeFringeMetro,0,1,0,0,0,0,Yorkshire and the Humber,,Scarborough 010,,1,0.0,0.0,112.0
E02002785,8.0,4.0,18.13,50.83,3.45,0.67,92.18,3.71,LargeCentralMetro,1,0,0,0,0,0,Yorkshire and the Humber,2,York 014,54.0,1,182.0,98.28,1381.0
E02002777,7.0,5.0,,,3.68,0.7,93.25,2.37,LargeCentralMetro,1,0,0,0,0,0,Yorkshire and the Humber,,York 006,,1,0.0,0.0,0.0
E02002775,7.0,6.0,16.07,53.03,1.29,0.35,96.92,1.44,LargeCentralMetro,1,0,0,0,0,0,Yorkshire and the Humber,7,York 004,47.52,2,417.0,198.14,2740.0
E02002788,8.0,4.0,18.41,49.5,2.37,0.49,94.48,2.65,LargeCentralMetro,1,0,0,0,0,0,Yorkshire and the Humber,1,York 017,39.0,1,201.0,78.39,996.0
E02002782,9.0,4.0,11.3,50.73,1.21,0.23,97.18,1.38,LargeCentralMetro,1,0,0,0,0,0,Yorkshire and the Humber,6,York 011,66.0,1,177.0,116.82000000000001,1023.0
E02003268,4.0,3.0,39.02,0.0,58.15,10.22,22.94,8.69,LargeCentralMetro,1,0,0,0,0,0,East of England,4,Luton 011,41.0,1,164.0,67.24,864.0
E02003277,2.0,5.0,40.91,48.14,29.99,10.7,48.94,10.37,LargeCentralMetro,1,0,0,0,0,0,East of England,6,Luton 020,25.0,1,220.0,55.0,1344.0
E02003267,4.0,2.0,36.07,47.74,76.65,4.23,13.34,5.77,LargeCentralMetro,1,0,0,0,0,0,East of England,1,Luton 010,44.0,1,219.0,96.36,1127.0
E02003266,2.0,5.0,35.02,43.73,26.81,14.97,49.65,8.57,LargeCentralMetro,1,0,0,0,0,0,East of England,6,Luton 009,31.0,1,257.0,79.67,1420.0
E02003264,8.0,2.0,27.37,49.44,45.83,6.14,40.34,7.69,LargeCentralMetro,1,0,0,0,0,0,East of England,6,Luton 007,38.0,1,274.0,104.12,1428.0
E02003259,5.0,4.0,35.54,47.89,15.65,14.02,62.63,7.69,LargeCentralMetro,1,0,0,0,0,0,East of England,6,Luton 002,36.0,1,121.0,43.559999999999995,950.0
E02003258,8.0,2.0,24.27,49.36,19.95,8.57,65.44,6.04,LargeCentralMetro,1,0,0,0,0,0,East of England,8,Luton 001,43.0,1,239.0,102.77,1558.0
E02003273,3.0,3.0,32.68,49.12,22.33,11.54,58.28,7.84,LargeCentralMetro,1,0,0,0,0,0,East of England,3,Luton 016,29.0,1,205.0,59.449999999999996,1246.0
E02003620,6.0,5.0,24.58,48.36,9.2,4.3,80.9,5.6,LargeCentralMetro,1,0,0,0,0,0,East of England,3,Bedford 005,35.0,1,179.0,62.65,945.0
E02003623,6.0,3.0,31.98,51.37,10.67,4.64,77.87,6.82,LargeCentralMetro,1,0,0,0,0,0,East of England,5,Bedford 008,34.0,1,172.0,58.480000000000004,915.0
E02007011,4.0,4.0,,,14.34,5.12,73.06,7.48,MediumMetro,0,0,1,0,0,0,East of England,,Bedford 022,,1,0.0,0.0,0.0
E02003633,4.0,5.0,27.54,49.48,13.77,7.39,71.78,7.06,LargeCentralMetro,1,0,0,0,0,0,East of England,8,Bedford 018,18.0,1,138.0,24.84,762.0
E02003630,2.0,6.0,38.78,50.14,27.46,8.36,55.52,8.66,LargeCentralMetro,1,0,0,0,0,0,East of England,4,Bedford 015,27.73,2,312.0,86.52000000000001,1747.0
E02003618,7.0,4.0,0.0,47.95,3.81,2.08,89.65,4.46,MediumMetro,0,0,1,0,0,0,East of England,,Bedford 003,0.0,1,5.0,0.0,880.0
E02003621,8.0,5.0,17.47,48.07,8.8,3.84,82.3,5.06,LargeCentralMetro,1,0,0,0,0,0,East of England,3,Bedford 006,36.0,1,269.0,96.84,1267.0
E02003616,8.0,3.0,12.63,48.23,0.97,0.86,95.62,2.54,MediumMetro,0,0,1,0,0,0,East of England,7,Bedford 001,52.0,1,396.0,205.92000000000002,1783.0
E02003635,6.0,4.0,10.66,49.68,6.1,3.92,84.15,5.83,Micropolitan,0,0,0,0,1,0,East of England,10,Bedford 020,50.0,1,319.0,159.5,952.0
E02003638,7.0,5.0,15.43,54.42,1.53,1.14,94.46,2.86,LargeCentralMetro,1,0,0,0,0,0,East of England,4,Central Bedfordshire 020,34.0,1,188.0,63.92,882.0
E02003647,5.0,8.0,21.84,51.39,5.71,4.36,84.11,5.81,LargeCentralMetro,1,0,0,0,0,0,East of England,4,Central Bedfordshire 029,34.0,1,87.0,29.580000000000002,934.0
E02003610,8.0,5.0,8.66,50.12,1.34,0.92,95.1,2.64,LargeCentralMetro,1,0,0,0,0,0,East of England,3,Central Bedfordshire 012,50.0,1,381.0,190.5,1606.0
E02003604,6.0,4.0,17.05,48.74,3.22,2.11,90.58,4.09,LargeCentralMetro,1,0,0,0,0,0,East of England,5,Central Bedfordshire 006,28.0,1,258.0,72.24000000000001,1110.0
E02003615,8.0,3.0,12.81,48.79,2.41,0.91,93.32,3.35,MediumMetro,0,0,1,0,0,0,East of England,4,Central Bedfordshire 017,59.0,1,320.0,188.79999999999998,1240.0
E02003644,5.0,7.0,41.23,50.49,5.09,5.52,83.82,5.58,LargeCentralMetro,1,0,0,0,0,0,East of England,3,Central Bedfordshire 026,17.0,1,114.0,19.380000000000003,713.0
E02003599,5.0,5.0,18.12,49.63,2.63,1.46,92.32,3.59,LargeCentralMetro,1,0,0,0,0,0,East of England,9,Central Bedfordshire 001,44.0,1,138.0,60.72,534.0
E02003640,8.0,4.0,15.08,47.03,2.18,0.91,93.26,3.64,LargeCentralMetro,1,0,0,0,0,0,East of England,5,Central Bedfordshire 022,46.0,1,305.0,140.3,1212.0
E02003611,8.0,2.0,9.67,46.79,2.94,1.55,91.63,3.87,LargeCentralMetro,1,0,0,0,0,0,East of England,4,Central Bedfordshire 013,45.0,1,424.0,190.8,1633.0
E02003651,5.0,6.0,,,4.6,1.94,90.16,3.29,LargeCentralMetro,1,0,0,0,0,0,East of England,,Central Bedfordshire 033,,1,0.0,0.0,0.0
E02006823,9.0,2.0,11.19,46.83,4.19,0.58,91.52,3.72,LargeCentralMetro,1,0,0,0,0,0,South East,3,Buckinghamshire 039,44.0,1,134.0,58.96,835.0
E02003656,8.0,4.0,15.79,52.99,1.64,0.77,94.62,2.97,MediumMetro,0,0,1,0,0,0,South East,7,Buckinghamshire 005,45.0,1,38.0,17.1,368.0
E02003659,8.0,4.0,4.26,50.72,6.01,3.09,87.19,3.72,MediumMetro,0,0,1,0,0,0,South East,10,Buckinghamshire 009,63.0,1,141.0,88.83,972.0
E02003675,9.0,3.0,8.59,51.98,2.48,1.02,92.21,4.28,MediumMetro,0,0,1,0,0,0,South East,3,Buckinghamshire 024,50.0,1,163.0,81.5,1012.0
E02003669,4.0,6.0,32.0,18.37,26.71,4.85,61.4,7.05,LargeCentralMetro,1,0,0,0,0,0,South East,1,Buckinghamshire 017,16.0,1,25.0,4.0,147.0
E02003652,9.0,3.0,15.85,52.53,4.95,2.76,88.7,3.59,LargeCentralMetro,1,0,0,0,0,0,South East,4,Buckinghamshire 001,30.0,1,164.0,49.199999999999996,967.0
E02003677,5.0,3.0,21.43,52.9,16.91,1.66,76.79,4.64,LargeCentralMetro,1,0,0,0,0,0,South East,4,Buckinghamshire 027,35.0,1,112.0,39.199999999999996,794.0
E02003687,8.0,3.0,15.02,49.66,7.98,0.58,87.31,4.12,LargeCentralMetro,1,0,0,0,0,0,South East,4,Buckinghamshire 054,45.0,1,273.0,122.85000000000001,1619.0
E02003717,8.0,2.0,13.73,47.42,3.03,0.87,92.59,3.51,LargeCentralMetro,1,0,0,0,0,0,South East,1,Buckinghamshire 062,41.0,1,204.0,83.64,1278.0
E02003658,9.0,5.0,14.55,52.09,5.33,2.19,89.39,3.09,MediumMetro,0,0,1,0,0,0,South East,10,Buckinghamshire 007,35.0,1,165.0,57.74999999999999,1077.0
E02003682,9.0,1.0,17.78,49.88,13.73,1.03,80.35,4.89,LargeCentralMetro,1,0,0,0,0,0,South East,6,Buckinghamshire 034,56.0,1,135.0,75.60000000000001,860.0
E02003712,6.0,4.0,32.65,52.12,14.37,4.91,75.12,5.59,LargeCentralMetro,1,0,0,0,0,0,South East,6,Buckinghamshire 052,44.0,1,147.0,64.68,754.0
E02003706,6.0,3.0,40.29,48.86,23.11,5.88,62.67,8.33,LargeCentralMetro,1,0,0,0,0,0,South East,2,Buckinghamshire 043,27.0,1,139.0,37.53,880.0
E02003688,9.0,2.0,21.13,51.69,10.0,1.16,82.92,5.92,LargeCentralMetro,1,0,0,0,0,0,South East,2,Buckinghamshire 053,25.0,1,142.0,35.5,830.0
E02003668,10.0,4.0,12.78,47.56,9.62,1.64,84.61,4.13,LargeCentralMetro,1,0,0,0,0,0,South East,1,Buckinghamshire 018,37.0,1,227.0,83.99,1310.0
E02003490,1.0,8.0,51.64,48.28,11.19,15.74,67.09,5.98,LargeCentralMetro,1,0,0,0,0,0,South East,8,Milton Keynes 032,20.0,1,122.0,24.400000000000002,667.0
E02003468,5.0,3.0,36.76,49.8,8.0,4.7,82.29,5.02,LargeCentralMetro,1,0,0,0,0,0,South East,2,Milton Keynes 010,40.0,1,185.0,74.0,1225.0
E02003480,6.0,4.0,22.41,49.97,8.26,7.72,78.23,5.79,LargeCentralMetro,1,0,0,0,0,0,South East,6,Milton Keynes 022,41.0,1,241.0,98.80999999999999,1719.0
E02007015,6.0,4.0,18.1,50.17,16.1,10.1,66.82,6.97,LargeCentralMetro,1,0,0,0,0,0,South East,8,Milton Keynes 036,39.0,1,232.0,90.48,1443.0
E02003478,7.0,2.0,17.35,48.88,18.26,6.01,68.52,7.21,LargeCentralMetro,1,0,0,0,0,0,South East,4,Milton Keynes 020,56.0,1,196.0,109.76,1561.0
E02003483,7.0,3.0,12.83,48.59,19.11,9.37,64.97,6.55,LargeCentralMetro,1,0,0,0,0,0,South East,10,Milton Keynes 025,58.0,1,226.0,131.07999999999998,1597.0
E02003461,7.0,6.0,14.99,50.52,3.35,2.15,91.45,3.05,LargeCentralMetro,1,0,0,0,0,0,South East,3,Milton Keynes 003,56.0,1,347.0,194.32000000000002,2203.0
E02003479,4.0,6.0,24.64,48.47,20.35,14.35,57.14,8.16,LargeCentralMetro,1,0,0,0,0,0,South East,4,Milton Keynes 021,43.0,1,280.0,120.39999999999999,1793.0
E02003476,2.0,7.0,50.21,49.96,12.15,23.26,57.87,6.72,LargeCentralMetro,1,0,0,0,0,0,South East,3,Milton Keynes 018,21.0,1,233.0,48.93,1255.0
E02004056,3.0,10.0,28.57,52.41,0.73,0.87,96.25,2.15,LargeCentralMetro,1,0,0,0,0,0,East Midlands,10,Chesterfield 002,49.0,1,168.0,82.32,1181.0
E02004052,6.0,8.0,24.84,46.54,1.2,0.31,97.39,1.1,Micropolitan,0,0,0,0,1,0,East Midlands,10,Bolsover 008,41.0,1,153.0,62.73,866.0
E02004065,10.0,8.0,16.94,47.23,1.48,0.59,96.44,1.49,LargeCentralMetro,1,0,0,0,0,0,East Midlands,10,Chesterfield 011,57.0,1,183.0,104.30999999999999,1226.0
E02004044,9.0,2.0,11.43,49.44,3.25,0.52,93.16,3.07,MediumMetro,0,0,1,0,0,0,East Midlands,10,Amber Valley 016,73.0,1,210.0,153.29999999999998,1436.0
E02004032,8.0,7.0,21.15,47.45,0.68,0.15,98.27,0.9,LargeCentralMetro,1,0,0,0,0,0,East Midlands,10,Amber Valley 004,38.0,1,208.0,79.04,1176.0
E02004050,3.0,7.0,46.31,49.62,0.65,0.95,96.85,1.55,LargeCentralMetro,1,0,0,0,0,0,East Midlands,10,Bolsover 006,23.0,1,149.0,34.27,794.0
E02007029,8.0,5.0,11.06,51.74,0.41,0.14,98.53,0.93,MediumMetro,0,0,1,0,0,0,East Midlands,7,Derbyshire Dales 011,46.0,1,226.0,103.96000000000001,1440.0
E02004095,6.0,9.0,29.67,53.47,0.9,0.33,96.63,2.14,LargeCentralMetro,1,0,0,0,0,0,East Midlands,10,High Peak 003,32.0,1,91.0,29.12,432.0
E02004033,5.0,8.0,35.56,50.54,0.73,0.37,97.37,1.54,LargeCentralMetro,1,0,0,0,0,0,East Midlands,10,Amber Valley 005,20.0,1,90.0,18.0,643.0
E02004061,5.0,9.0,33.33,49.26,2.45,1.05,94.08,2.42,LargeCentralMetro,1,0,0,0,0,0,East Midlands,10,Chesterfield 007,49.0,1,123.0,60.269999999999996,883.0
E02004076,7.0,6.0,15.34,49.88,0.62,0.24,97.42,1.71,MediumMetro,0,0,1,0,0,0,East Midlands,6,Derbyshire Dales 009,56.0,1,189.0,105.84,1293.0
E02004097,8.0,5.0,16.28,48.71,0.49,0.2,97.41,1.9,LargeCentralMetro,1,0,0,0,0,0,East Midlands,10,High Peak 005,44.0,1,86.0,37.84,542.0
E02004084,3.0,8.0,19.67,50.08,0.42,0.47,97.84,1.27,LargeCentralMetro,1,0,0,0,0,0,East Midlands,7,Erewash 007,52.0,1,122.0,63.440000000000005,647.0
E02004055,4.0,9.0,40.74,43.9,0.85,0.55,96.76,1.83,LargeCentralMetro,1,0,0,0,0,0,East Midlands,10,Chesterfield 001,23.0,1,81.0,18.630000000000003,344.0
E02004045,6.0,6.0,,,1.49,0.32,96.98,1.21,MediumMetro,0,0,1,0,0,0,East Midlands,,Bolsover 001,,1,0.0,0.0,0.0
E02004108,7.0,9.0,10.92,50.03,1.18,0.33,96.72,1.77,LargeCentralMetro,1,0,0,0,0,0,East Midlands,5,North East Derbyshire 004,54.0,1,284.0,153.36,1771.0
E02004029,4.0,10.0,40.54,49.43,1.51,0.31,96.47,1.7,LargeCentralMetro,1,0,0,0,0,0,East Midlands,10,Amber Valley 001,31.0,1,74.0,22.94,352.0
E02006872,8.0,6.0,12.06,43.96,0.72,0.1,98.02,1.16,SmallMetro,0,0,0,1,0,0,East Midlands,10,High Peak 013,44.0,1,199.0,87.56,944.0
E02004058,3.0,10.0,9.74,52.79,1.87,0.89,94.73,2.51,LargeCentralMetro,1,0,0,0,0,0,East Midlands,10,Chesterfield 004,59.0,1,195.0,115.05,1271.0
E02004040,5.0,7.0,23.25,52.05,0.69,0.15,97.9,1.27,LargeCentralMetro,1,0,0,0,0,0,East Midlands,10,Amber Valley 012,38.0,1,228.0,86.64,1266.0
E02004080,3.0,9.0,42.11,52.18,1.71,0.47,95.75,2.06,LargeCentralMetro,1,0,0,0,0,0,East Midlands,4,Erewash 003,21.0,1,114.0,23.939999999999998,619.0
E02004092,5.0,6.0,20.21,48.27,1.66,0.52,94.99,2.82,LargeCentralMetro,1,0,0,0,0,0,East Midlands,10,Erewash 015,40.0,1,193.0,77.2,1216.0
E02004043,6.0,8.0,27.52,51.02,0.74,0.25,97.72,1.3,Micropolitan,0,0,0,0,1,0,East Midlands,10,Amber Valley 015,33.0,1,109.0,35.97,586.0
E02004048,2.0,8.0,38.03,51.41,0.72,0.5,97.4,1.38,LargeCentralMetro,1,0,0,0,0,0,East Midlands,10,Bolsover 004,39.0,1,142.0,55.38,782.0
E02004039,8.0,6.0,16.04,50.31,0.93,0.32,97.21,1.54,LargeCentralMetro,1,0,0,0,0,0,East Midlands,10,Amber Valley 011,46.0,1,212.0,97.52000000000001,1294.0
E02002816,8.0,3.0,11.11,49.47,34.21,3.36,52.43,10.0,LargeCentralMetro,1,0,0,0,0,0,East Midlands,9,Derby 021,61.0,1,279.0,170.19,1789.0
E02002799,3.0,8.0,,,3.29,2.23,90.65,3.83,LargeCentralMetro,1,0,0,0,0,0,East Midlands,,Derby 004,,1,0.0,0.0,0.0
E02002805,8.0,5.0,19.83,47.61,0.89,0.64,97.09,1.38,LargeCentralMetro,1,0,0,0,0,0,East Midlands,6,Derby 010,49.0,1,237.0,116.13,1277.0
E02002797,9.0,3.0,18.45,48.42,2.68,0.5,94.45,2.37,LargeCentralMetro,1,0,0,0,0,0,East Midlands,5,Derby 002,51.0,1,206.0,105.06,1297.0
E02002823,4.0,9.0,,,4.3,2.44,88.9,4.36,LargeCentralMetro,1,0,0,0,0,0,East Midlands,,Derby 028,,1,0.0,0.0,0.0
E02002824,3.0,7.0,,,23.85,7.19,58.51,10.44,LargeCentralMetro,1,0,0,0,0,0,East Midlands,,Derby 029,,1,0.0,0.0,0.0
E02002810,7.0,3.0,37.96,49.51,9.61,2.54,83.6,4.25,LargeCentralMetro,1,0,0,0,0,0,East Midlands,5,Derby 015,29.0,1,137.0,39.73,810.0
E02002800,8.0,5.0,30.69,53.17,3.27,1.57,91.44,3.72,LargeCentralMetro,1,0,0,0,0,0,East Midlands,3,Derby 005,33.0,1,202.0,66.66,1341.0
E02002803,2.0,9.0,26.71,48.18,5.85,4.69,83.98,5.48,LargeCentralMetro,1,0,0,0,0,0,East Midlands,2,Derby 008,51.0,1,161.0,82.11,1096.0
E02002801,5.0,6.0,,,1.48,1.24,94.61,2.67,LargeCentralMetro,1,0,0,0,0,0,East Midlands,,Derby 006,,1,0.0,0.0,0.0
E02004241,6.0,4.0,14.17,47.42,1.75,0.17,95.67,2.41,LargeCentralMetro,1,0,0,0,0,0,South West,10,"Bournemouth, Christchurch and Poole 031",48.0,1,240.0,115.19999999999999,1668.0
E02004255,8.0,5.0,12.55,48.82,1.03,0.18,97.65,1.15,LargeFringeMetro,0,1,0,0,0,0,South West,7,Dorset 001,46.0,1,263.0,120.98,1733.0
E02004240,3.0,5.0,38.71,45.02,1.57,0.29,95.96,2.18,LargeCentralMetro,1,0,0,0,0,0,South West,9,"Bournemouth, Christchurch and Poole 024",24.0,1,93.0,22.32,522.0
E02004251,8.0,2.0,18.29,52.32,1.12,0.09,98.01,0.77,LargeCentralMetro,1,0,0,0,0,0,South West,3,Dorset 020,42.0,1,164.0,68.88,755.0
E02004247,8.0,2.0,11.17,47.84,0.39,0.1,98.47,1.04,LargeCentralMetro,1,0,0,0,0,0,South West,6,Dorset 013,36.0,1,385.0,138.6,1576.0
E02004273,8.0,4.0,9.55,52.17,0.52,0.21,98.08,1.2,SmallMetro,0,0,0,1,0,0,South West,4,Dorset 023,62.0,1,157.0,97.34,1037.0
E02004269,7.0,3.0,13.73,51.32,1.96,0.34,96.08,1.62,LargeFringeMetro,0,1,0,0,0,0,South West,4,Dorset 004,46.0,1,233.0,107.18,1590.0
E02004271,7.0,5.0,18.75,49.16,0.58,0.16,98.05,1.22,Noncore,0,0,0,0,0,1,South West,8,Dorset 019,40.0,1,96.0,38.400000000000006,651.0
E02004264,6.0,7.0,17.47,51.3,0.75,0.17,97.54,1.54,Micropolitan,0,0,0,0,1,0,South West,10,Dorset 028,41.0,1,229.0,93.89,1425.0
E02004261,6.0,6.0,17.04,44.88,1.51,0.17,96.88,1.44,LargeCentralMetro,1,0,0,0,0,0,South West,4,Dorset 011,31.0,1,135.0,41.85,987.0
E02004274,6.0,7.0,15.75,48.07,1.01,0.14,97.4,1.45,LargeFringeMetro,0,1,0,0,0,0,South West,7,Dorset 026,40.0,1,127.0,50.800000000000004,828.0
E02004268,6.0,7.0,31.25,47.12,0.83,0.23,97.0,1.94,SmallMetro,0,0,0,1,0,0,South West,8,Dorset 042,38.0,1,48.0,18.240000000000002,295.0
E02007007,5.0,6.0,12.15,52.42,3.85,0.78,93.24,2.14,LargeFringeMetro,0,1,0,0,0,0,South West,3,Dorset 032,54.0,1,428.0,231.12,2110.0
E02004239,8.0,2.0,14.16,50.29,1.07,0.14,97.31,1.47,LargeCentralMetro,1,0,0,0,0,0,South West,10,"Bournemouth, Christchurch and Poole 018",42.0,1,226.0,94.92,1398.0
E02004272,7.0,4.0,25.71,38.35,0.62,0.12,98.2,1.06,Micropolitan,0,0,0,0,1,0,South West,8,Dorset 022,6.0,1,35.0,2.1,133.0
E02004257,6.0,4.0,15.0,50.7,1.43,0.23,96.55,1.79,SmallMetro,0,0,0,1,0,0,South West,5,Dorset 003,43.0,1,120.0,51.6,1073.0
E02003209,4.0,7.0,43.1,53.97,1.68,0.38,95.98,1.96,LargeCentralMetro,1,0,0,0,0,0,South West,10,"Bournemouth, Christchurch and Poole 046",26.0,1,58.0,15.08,315.0
E02003204,5.0,7.0,14.69,50.09,2.4,0.44,94.38,2.78,LargeCentralMetro,1,0,0,0,0,0,South West,10,"Bournemouth, Christchurch and Poole 030",50.0,1,177.0,88.5,1062.0
E02003196,10.0,5.0,8.61,51.45,2.28,0.2,95.75,1.76,LargeCentralMetro,1,0,0,0,0,0,South West,4,"Bournemouth, Christchurch and Poole 004",37.0,1,302.0,111.74,1135.0
E02003198,5.0,6.0,29.49,49.29,2.5,0.5,94.74,2.25,LargeCentralMetro,1,0,0,0,0,0,South West,10,"Bournemouth, Christchurch and Poole 016",40.0,1,78.0,31.200000000000003,775.0
E02003200,4.0,7.0,50.82,44.41,2.71,0.78,93.08,3.42,LargeCentralMetro,1,0,0,0,0,0,South West,10,"Bournemouth, Christchurch and Poole 022",30.0,1,61.0,18.3,322.0
E02003176,2.0,8.0,33.52,46.61,2.0,0.85,92.99,4.15,LargeCentralMetro,1,0,0,0,0,0,South West,9,"Bournemouth, Christchurch and Poole 010",23.38,2,176.0,41.14,1019.0
E02003183,7.0,5.0,27.0,0.0,4.2,1.47,87.77,6.56,LargeCentralMetro,1,0,0,0,0,0,South West,9,"Bournemouth, Christchurch and Poole 028",44.0,1,100.0,44.0,708.0
E02003178,4.0,6.0,32.51,71.06,3.12,1.18,91.08,4.63,LargeCentralMetro,1,0,0,0,0,0,South West,9,"Bournemouth, Christchurch and Poole 011",43.07,2,243.0,104.67000000000002,1510.0
E02003179,3.0,7.0,23.45,41.66,6.11,1.72,85.74,6.43,LargeCentralMetro,1,0,0,0,0,0,South West,10,"Bournemouth, Christchurch and Poole 012",52.0,1,145.0,75.4,1013.0
E02003182,8.0,4.0,28.72,86.01,5.29,1.61,88.63,4.47,LargeCentralMetro,1,0,0,0,0,0,South West,10,"Bournemouth, Christchurch and Poole 020",28.0,1,195.0,54.60000000000001,1258.0
E02004351,2.0,9.0,42.61,50.54,0.64,0.25,98.02,1.09,MediumMetro,0,0,1,0,0,0,North East,8,County Durham 051,47.0,1,115.0,54.05,742.0
E02004353,6.0,8.0,22.27,51.98,1.68,0.17,97.27,0.89,LargeCentralMetro,1,0,0,0,0,0,North East,6,County Durham 056,53.0,1,211.0,111.83000000000001,1366.0
E02004343,5.0,9.0,38.69,48.71,0.16,0.18,98.41,1.25,LargeCentralMetro,1,0,0,0,0,0,North East,6,County Durham 062,46.0,1,137.0,63.02,737.0
E02004294,9.0,6.0,26.29,49.49,1.27,0.11,97.54,1.08,LargeCentralMetro,1,0,0,0,0,0,North East,4,County Durham 013,34.0,1,213.0,72.42,1378.0
E02004306,6.0,7.0,18.69,50.47,0.93,0.18,97.85,1.03,MediumMetro,0,0,1,0,0,0,North East,9,County Durham 020,52.0,1,214.0,111.28,1371.0
E02004315,9.0,4.0,24.47,48.66,7.07,1.02,87.05,4.86,LargeCentralMetro,1,0,0,0,0,0,North East,2,County Durham 033,58.0,1,237.0,137.45999999999998,1601.0
E02004329,5.0,8.0,36.89,50.75,0.85,0.25,98.09,0.81,LargeCentralMetro,1,0,0,0,0,0,North East,9,County Durham 037,48.0,1,206.0,98.88,1206.0
E02004324,4.0,8.0,36.22,50.62,0.5,0.14,98.49,0.87,MediumMetro,0,0,1,0,0,0,North East,10,County Durham 025,29.0,1,127.0,36.83,727.0
E02004352,3.0,9.0,38.32,53.92,1.01,0.32,97.6,1.06,LargeCentralMetro,1,0,0,0,0,0,North East,5,County Durham 055,23.0,1,107.0,24.61,727.0
E02004312,7.0,6.0,38.62,49.67,1.81,0.38,96.44,1.37,LargeCentralMetro,1,0,0,0,0,0,North East,8,County Durham 028,32.0,1,145.0,46.4,755.0
E02004301,2.0,9.0,46.51,50.97,1.1,0.1,97.97,0.82,LargeCentralMetro,1,0,0,0,0,0,North East,4,County Durham 008,26.0,1,172.0,44.72,1026.0
E02004303,5.0,8.0,34.84,49.8,0.54,0.12,98.38,0.96,LargeCentralMetro,1,0,0,0,0,0,North East,4,County Durham 010,24.0,1,221.0,53.04,1233.0
E02007022,7.0,7.0,19.15,,0.64,0.6,97.6,1.16,MediumMetro,0,0,1,0,0,0,North East,3,County Durham 067,49.0,1,94.0,46.06,0.0
E02004309,7.0,7.0,15.79,46.15,5.83,1.19,88.93,4.05,LargeCentralMetro,1,0,0,0,0,0,North East,5,County Durham 023,41.0,1,152.0,62.31999999999999,1014.0
E02004344,3.0,8.0,,17.52,0.46,0.13,98.14,1.28,LargeCentralMetro,1,0,0,0,0,0,North East,,County Durham 063,,1,0.0,0.0,137.0
E02002563,4.0,9.0,50.49,51.38,1.15,0.38,96.75,1.71,LargeCentralMetro,1,0,0,0,0,0,North East,7,Darlington 005,31.0,1,103.0,31.93,726.0
E02002573,8.0,5.0,14.75,46.98,1.27,0.44,96.7,1.59,MediumMetro,0,0,1,0,0,0,North East,10,Darlington 015,57.0,1,122.0,69.53999999999999,679.0
E02002569,10.0,6.0,22.04,52.13,2.71,0.44,94.95,1.9,LargeCentralMetro,1,0,0,0,0,0,North East,7,Darlington 011,60.41,2,422.0,254.93,2465.0
E02002564,4.0,8.0,,,1.74,0.23,96.34,1.7,LargeCentralMetro,1,0,0,0,0,0,North East,,Darlington 006,,1,0.0,0.0,0.0
E02002567,3.0,8.0,47.31,50.11,2.48,1.08,94.04,2.4,LargeCentralMetro,1,0,0,0,0,0,North East,2,Darlington 009,15.0,1,93.0,13.95,447.0
E02004358,4.0,8.0,25.62,47.68,1.75,0.66,93.72,3.87,LargeCentralMetro,1,0,0,0,0,0,South East,9,Eastbourne 003,33.0,1,203.0,66.99000000000001,1034.0
E02004405,8.0,4.0,17.39,47.14,2.34,0.65,94.5,2.51,LargeFringeMetro,0,1,0,0,0,0,South East,10,Wealden 003,59.0,1,184.0,108.55999999999999,1258.0
E02004390,6.0,6.0,15.42,50.2,1.13,0.3,96.14,2.43,LargeCentralMetro,1,0,0,0,0,0,South East,10,Lewes 012,47.0,1,214.0,100.58,1247.0
E02004371,3.0,8.0,51.97,43.6,1.73,0.45,95.25,2.58,LargeCentralMetro,1,0,0,0,0,0,South East,10,Hastings 004,19.0,1,152.0,28.88,844.0
E02004423,8.0,7.0,13.5,48.34,1.47,0.3,96.36,1.87,LargeCentralMetro,1,0,0,0,0,0,South East,10,Wealden 021,49.0,1,200.0,98.0,995.0
E02004397,6.0,5.0,18.18,49.47,1.03,0.37,96.39,2.21,Micropolitan,0,0,0,0,1,0,South East,10,Rother 006,38.0,1,220.0,83.6,1140.0
E02004413,8.0,4.0,11.42,52.56,0.82,0.18,97.19,1.82,Micropolitan,0,0,0,0,1,0,South East,10,Wealden 011,49.0,1,219.0,107.31,1444.0
E02004383,7.0,4.0,14.29,49.78,2.07,1.13,92.9,3.9,LargeCentralMetro,1,0,0,0,0,0,South East,9,Lewes 005,60.0,1,224.0,134.4,1153.0
E02004411,8.0,5.0,6.51,48.63,1.86,0.4,95.71,2.03,LargeFringeMetro,0,1,0,0,0,0,South East,9,Wealden 009,53.0,1,261.0,138.33,1678.0
E02004369,7.0,7.0,31.79,0.0,2.35,0.72,94.49,2.44,LargeCentralMetro,1,0,0,0,0,0,South East,8,Hastings 002,23.0,1,151.0,34.730000000000004,702.0
E02004382,6.0,6.0,,,1.04,0.15,96.7,2.1,MediumMetro,0,0,1,0,0,0,South East,,Lewes 004,,1,0.0,0.0,0.0
E02004359,4.0,9.0,30.94,52.51,2.77,0.93,92.84,3.46,LargeCentralMetro,1,0,0,0,0,0,South East,9,Eastbourne 004,32.33,2,362.0,117.02,1771.0
E02004379,8.0,3.0,12.67,47.66,0.5,0.37,96.89,2.25,MediumMetro,0,0,1,0,0,0,South East,10,Lewes 001,52.0,1,150.0,78.0,728.0
E02004387,3.0,9.0,28.4,48.16,2.14,1.7,92.95,3.21,LargeCentralMetro,1,0,0,0,0,0,South East,10,Lewes 009,35.0,1,81.0,28.349999999999998,515.0
E02004400,6.0,8.0,31.65,49.07,1.0,0.42,96.67,1.92,LargeCentralMetro,1,0,0,0,0,0,South East,10,Rother 009,29.0,1,218.0,63.22,1072.0
E02003501,8.0,4.0,16.38,50.09,4.42,1.35,86.78,7.45,LargeCentralMetro,1,0,0,0,0,0,South East,2,Brighton and Hove 011,57.0,1,348.0,198.35999999999999,2272.0
E02003497,8.0,4.0,23.0,49.84,6.79,0.71,83.23,9.26,LargeCentralMetro,1,0,0,0,0,0,South East,7,Brighton and Hove 007,52.0,1,287.0,149.24,1575.0
E02003523,6.0,3.0,40.48,47.95,2.94,0.7,91.75,4.61,LargeCentralMetro,1,0,0,0,0,0,South East,7,Brighton and Hove 033,26.0,1,210.0,54.6,951.0
E02003491,7.0,6.0,15.23,48.7,3.81,1.01,89.69,5.48,LargeCentralMetro,1,0,0,0,0,0,South East,3,Brighton and Hove 001,49.0,1,197.0,96.53,1035.0
E02003494,8.0,4.0,21.07,48.25,2.98,0.87,90.54,5.6,LargeCentralMetro,1,0,0,0,0,0,South East,2,Brighton and Hove 004,57.26,2,579.0,331.53,2995.0
E02003496,5.0,6.0,,48.07,5.46,2.4,81.44,10.7,LargeCentralMetro,1,0,0,0,0,0,South East,,Brighton and Hove 006,,1,0.0,0.0,389.0
E02003492,3.0,6.0,59.0,45.36,8.58,4.88,77.62,8.92,LargeCentralMetro,1,0,0,0,0,0,South East,8,Brighton and Hove 002,35.0,1,100.0,35.0,679.0
E02003506,7.0,5.0,22.41,47.79,3.41,1.48,87.1,8.01,LargeCentralMetro,1,0,0,0,0,0,South East,4,Brighton and Hove 016,39.0,1,290.0,113.10000000000001,1603.0
E02003495,5.0,7.0,26.02,46.8,2.5,1.1,91.25,5.15,LargeCentralMetro,1,0,0,0,0,0,South East,9,Brighton and Hove 005,50.0,1,123.0,61.5,579.0
E02004686,6.0,7.0,21.26,51.54,16.63,2.58,74.1,6.69,LargeCentralMetro,1,0,0,0,0,0,South East,8,Basingstoke and Deane 012,38.0,1,127.0,48.26,648.0
E02004683,5.0,8.0,35.29,45.84,12.27,3.27,78.6,5.85,LargeCentralMetro,1,0,0,0,0,0,South East,9,Basingstoke and Deane 009,34.0,1,68.0,23.12,541.0
E02004729,6.0,8.0,19.64,46.25,2.24,0.61,95.5,1.66,LargeCentralMetro,1,0,0,0,0,0,South East,9,Fareham 003,49.0,1,168.0,82.32,787.0
E02004726,7.0,7.0,22.44,45.22,1.43,0.7,95.97,1.91,LargeCentralMetro,1,0,0,0,0,0,South East,10,Eastleigh 015,41.0,1,156.0,63.959999999999994,836.0
E02004808,7.0,7.0,10.42,44.05,9.69,3.08,82.14,5.09,LargeCentralMetro,1,0,0,0,0,0,South East,10,Rushmoor 007,40.0,1,192.0,76.80000000000001,983.0
E02004818,9.0,7.0,17.39,49.47,4.03,0.98,92.81,2.19,LargeCentralMetro,1,0,0,0,0,0,South East,10,Test Valley 005,34.0,1,161.0,54.74,847.0
E02004839,8.0,2.0,10.92,52.02,0.61,0.19,97.47,1.73,LargeCentralMetro,1,0,0,0,0,0,South East,10,Winchester 011,63.0,1,229.0,144.27,1211.0
E02004697,10.0,4.0,13.33,43.61,1.08,0.66,96.41,1.84,LargeCentralMetro,1,0,0,0,0,0,South East,2,East Hampshire 001,62.0,1,150.0,93.0,814.0
E02007078,5.0,8.0,44.44,47.01,3.96,1.08,92.53,2.42,LargeCentralMetro,1,0,0,0,0,0,South East,10,Test Valley 018,43.0,1,81.0,34.83,451.0
E02004677,8.0,2.0,25.61,47.32,1.53,0.45,95.76,2.26,Micropolitan,0,0,0,0,1,0,South East,10,Basingstoke and Deane 003,40.0,1,82.0,32.800000000000004,448.0
E02004831,9.0,5.0,13.11,51.0,3.96,0.64,92.33,3.08,LargeCentralMetro,1,0,0,0,0,0,South East,10,Winchester 003,51.0,1,183.0,93.33,902.0
E02004770,2.0,9.0,55.38,53.11,0.8,0.98,96.76,1.46,LargeCentralMetro,1,0,0,0,0,0,South East,7,Havant 009,17.0,1,65.0,11.05,322.0
E02004681,4.0,8.0,,,10.11,4.65,80.16,5.07,LargeCentralMetro,1,0,0,0,0,0,South East,,Basingstoke and Deane 007,,1,0.0,0.0,0.0
E02004798,4.0,6.0,29.94,48.83,2.15,0.23,95.67,1.95,LargeCentralMetro,1,0,0,0,0,0,South East,9,New Forest 020,33.0,1,157.0,51.81,1114.0
E02004764,6.0,8.0,16.93,45.99,1.74,0.32,96.77,1.17,LargeCentralMetro,1,0,0,0,0,0,South East,10,Havant 003,33.0,1,189.0,62.370000000000005,811.0
E02004772,7.0,7.0,19.7,55.88,2.53,0.57,95.43,1.48,LargeCentralMetro,1,0,0,0,0,0,South East,10,Havant 011,48.0,1,132.0,63.36,621.0
E02004775,6.0,8.0,26.92,50.52,2.51,0.76,94.14,2.6,LargeCentralMetro,1,0,0,0,0,0,South East,9,Havant 014,22.0,1,130.0,28.6,673.0
E02004713,8.0,4.0,13.84,48.63,5.49,1.02,90.69,2.8,LargeCentralMetro,1,0,0,0,0,0,South East,10,Eastleigh 002,56.0,1,159.0,89.04,765.0
E02004752,9.0,5.0,11.11,48.66,1.89,0.52,95.37,2.23,LargeCentralMetro,1,0,0,0,0,0,South East,10,Hart 002,41.0,1,243.0,99.63,1496.0
E02004705,9.0,4.0,7.12,48.78,1.94,0.42,95.1,2.54,MediumMetro,0,0,1,0,0,0,South East,8,East Hampshire 009,59.0,1,309.0,182.31,1720.0
E02004782,6.0,9.0,17.89,48.2,1.94,0.34,96.12,1.6,LargeCentralMetro,1,0,0,0,0,0,South East,9,New Forest 004,51.06,2,369.0,188.42000000000002,1894.0
E02004761,8.0,4.0,10.83,48.47,1.7,0.81,95.08,2.41,MediumMetro,0,0,1,0,0,0,South East,10,Hart 011,61.0,1,240.0,146.4,1240.0
E02004787,7.0,7.0,18.1,50.33,0.81,0.18,97.56,1.46,LargeCentralMetro,1,0,0,0,0,0,South East,10,New Forest 009,38.84,2,348.0,135.16,1679.0
E02004778,5.0,7.0,32.65,48.68,0.76,0.32,96.81,2.1,LargeCentralMetro,1,0,0,0,0,0,South East,9,Havant 017,32.0,1,98.0,31.36,530.0
E02004817,6.0,8.0,23.73,49.89,4.42,1.04,92.43,2.11,LargeCentralMetro,1,0,0,0,0,0,South East,10,Test Valley 004,45.0,1,177.0,79.65,894.0
E02004806,8.0,5.0,14.06,50.26,5.95,1.42,88.59,4.04,LargeCentralMetro,1,0,0,0,0,0,South East,10,Rushmoor 005,38.0,1,192.0,72.96000000000001,971.0
E02004758,8.0,5.0,9.87,47.9,3.84,0.82,92.31,3.03,LargeCentralMetro,1,0,0,0,0,0,South East,10,Hart 008,53.0,1,223.0,118.19000000000001,1169.0
E02004792,5.0,8.0,28.17,48.45,0.83,0.3,97.46,1.42,LargeCentralMetro,1,0,0,0,0,0,South East,10,New Forest 014,37.0,1,71.0,26.27,388.0
E02004732,9.0,3.0,10.5,49.45,1.37,0.24,96.44,1.96,LargeCentralMetro,1,0,0,0,0,0,South East,10,Fareham 006,61.0,1,343.0,209.23,1723.0
E02004757,10.0,2.0,6.88,48.63,2.88,0.43,93.81,2.88,LargeCentralMetro,1,0,0,0,0,0,South East,10,Hart 007,73.0,1,218.0,159.14,1096.0
E02004768,4.0,8.0,17.66,50.07,4.2,0.73,92.62,2.45,LargeCentralMetro,1,0,0,0,0,0,South East,10,Havant 007,42.74,2,385.0,164.54999999999998,2157.0
E02004715,6.0,6.0,28.48,46.8,4.53,0.98,91.22,3.26,LargeCentralMetro,1,0,0,0,0,0,South East,8,Eastleigh 004,36.0,1,165.0,59.4,1017.0
E02004826,8.0,5.0,11.62,48.76,1.85,0.68,95.1,2.38,LargeCentralMetro,1,0,0,0,0,0,South East,10,Test Valley 013,56.0,1,284.0,159.04000000000002,1413.0
E02004832,9.0,3.0,7.65,52.12,0.92,0.3,97.27,1.51,MediumMetro,0,0,1,0,0,0,South East,10,Winchester 004,58.0,1,196.0,113.67999999999999,1059.0
E02004678,9.0,4.0,11.52,52.12,1.76,0.65,96.2,1.4,LargeCentralMetro,1,0,0,0,0,0,South East,10,Basingstoke and Deane 004,37.0,1,165.0,61.05,921.0
E02004837,9.0,5.0,9.73,46.68,4.06,0.49,92.08,3.38,LargeCentralMetro,1,0,0,0,0,0,South East,9,Winchester 009,71.0,1,329.0,233.58999999999997,1656.0
E02004688,4.0,8.0,9.19,52.96,7.72,1.83,86.29,4.15,LargeCentralMetro,1,0,0,0,0,0,South East,10,Basingstoke and Deane 014,57.0,1,185.0,105.44999999999999,844.0
E02004737,5.0,8.0,24.84,47.65,3.17,0.75,93.82,2.26,LargeCentralMetro,1,0,0,0,0,0,South East,10,Fareham 011,27.0,1,161.0,43.470000000000006,703.0
E02004699,8.0,7.0,11.97,51.16,1.88,0.46,95.84,1.83,LargeCentralMetro,1,0,0,0,0,0,South East,2,East Hampshire 003,63.0,1,142.0,89.46,821.0
E02004797,5.0,5.0,18.72,46.91,1.15,0.33,96.64,1.88,LargeFringeMetro,0,1,0,0,0,0,South East,10,New Forest 019,58.0,1,219.0,127.02,1166.0
E02004694,9.0,5.0,14.09,48.15,1.06,0.21,97.06,1.67,MediumMetro,0,0,1,0,0,0,South East,10,Basingstoke and Deane 020,58.0,1,149.0,86.41999999999999,812.0
E02004712,10.0,2.0,5.38,48.74,7.93,0.63,87.81,3.64,LargeCentralMetro,1,0,0,0,0,0,South East,10,Eastleigh 001,66.0,1,279.0,184.14000000000001,1430.0
E02004741,4.0,9.0,40.19,52.49,1.37,0.67,96.4,1.56,LargeCentralMetro,1,0,0,0,0,0,South East,9,Gosport 001,21.0,1,107.0,22.47,503.0
E02004734,8.0,8.0,10.05,48.83,2.55,0.74,94.5,2.21,LargeCentralMetro,1,0,0,0,0,0,South East,9,Fareham 008,46.0,1,209.0,96.14,1155.0
E02004719,9.0,6.0,12.34,47.5,1.92,0.42,96.25,1.41,LargeCentralMetro,1,0,0,0,0,0,South East,10,Eastleigh 008,54.0,1,235.0,126.9,1221.0
E02004824,5.0,6.0,16.06,46.03,2.03,0.27,95.98,1.72,LargeCentralMetro,1,0,0,0,0,0,South East,10,Test Valley 011,41.0,1,193.0,79.13,1121.0
E02004738,7.0,7.0,15.38,48.61,1.01,0.6,96.85,1.54,LargeCentralMetro,1,0,0,0,0,0,South East,10,Fareham 012,34.0,1,130.0,44.2,611.0
E02004685,7.0,7.0,16.13,51.67,13.64,2.6,77.87,5.89,LargeCentralMetro,1,0,0,0,0,0,South East,7,Basingstoke and Deane 011,44.0,1,217.0,95.48,1109.0
E02004790,6.0,3.0,12.84,49.44,1.13,0.33,96.29,2.24,LargeCentralMetro,1,0,0,0,0,0,South East,10,New Forest 012,47.0,1,257.0,120.78999999999999,1620.0
E02004771,2.0,9.0,47.17,50.74,1.43,0.84,95.92,1.82,LargeCentralMetro,1,0,0,0,0,0,South East,10,Havant 010,13.0,1,159.0,20.67,873.0
E02004749,9.0,8.0,17.09,48.81,1.3,0.63,96.39,1.69,LargeCentralMetro,1,0,0,0,0,0,South East,10,Gosport 009,43.0,1,351.0,150.93,2188.0
E02004722,7.0,8.0,11.72,48.22,2.41,0.41,95.14,2.04,LargeCentralMetro,1,0,0,0,0,0,South East,10,Eastleigh 011,51.0,1,367.0,187.17000000000002,1881.0
E02004708,7.0,6.0,10.78,52.88,2.32,0.68,94.88,2.12,LargeCentralMetro,1,0,0,0,0,0,South East,4,East Hampshire 012,58.0,1,232.0,134.56,1318.0
E02004700,7.0,6.0,27.55,43.22,5.53,1.68,89.04,3.75,LargeCentralMetro,1,0,0,0,0,0,South East,8,East Hampshire 004,39.0,1,98.0,38.22,472.0
E02004710,8.0,5.0,16.44,50.36,1.43,0.21,97.18,1.17,LargeCentralMetro,1,0,0,0,0,0,South East,6,East Hampshire 014,43.0,1,225.0,96.75,1261.0
E02004779,8.0,8.0,11.19,42.24,0.56,0.21,98.08,1.15,MediumMetro,0,0,1,0,0,0,South East,10,New Forest 001,44.0,1,134.0,58.96,1025.0
E02003537,5.0,5.0,33.54,44.41,2.65,1.63,92.89,2.83,LargeCentralMetro,1,0,0,0,0,0,South East,5,Portsmouth 014,38.0,1,164.0,62.32,894.0
E02003530,5.0,8.0,43.0,19.89,5.39,4.51,86.88,3.22,LargeCentralMetro,1,0,0,0,0,0,South East,6,Portsmouth 007,24.0,2,100.0,24.0,563.0
E02003538,2.0,8.0,80.51,100.0,9.67,4.29,81.07,4.97,LargeCentralMetro,1,0,0,0,0,0,South East,2,Portsmouth 015,49.0,1,118.0,57.82,495.0
E02003543,4.0,4.0,36.67,41.75,9.01,4.77,80.08,6.14,LargeCentralMetro,1,0,0,0,0,0,South East,1,Portsmouth 020,38.0,1,210.0,79.8,1176.0
E02006975,1.0,6.0,47.11,48.76,12.29,10.88,67.87,8.96,LargeCentralMetro,1,0,0,0,0,0,South East,1,Portsmouth 027,53.36,2,242.0,129.14,1493.0
E02003531,6.0,6.0,25.63,49.95,4.26,1.24,92.16,2.33,LargeCentralMetro,1,0,0,0,0,0,South East,6,Portsmouth 008,35.0,1,199.0,69.64999999999999,999.0
E02003556,6.0,8.0,28.23,48.89,3.81,1.53,91.09,3.57,LargeCentralMetro,1,0,0,0,0,0,South East,5,Southampton 008,40.0,1,294.0,117.60000000000001,1616.0
E02003570,3.0,8.0,24.35,99.72,38.45,8.65,42.87,10.04,LargeCentralMetro,1,0,0,0,0,0,South East,1,Southampton 022,53.0,1,193.0,102.29,1070.0
E02003560,2.0,10.0,54.14,51.25,3.41,2.09,91.59,2.92,LargeCentralMetro,1,0,0,0,0,0,South East,5,Southampton 012,30.0,1,181.0,54.3,1001.0
E02003559,8.0,6.0,18.62,44.5,11.09,1.8,81.88,5.23,LargeCentralMetro,1,0,0,0,0,0,South East,2,Southampton 011,34.0,1,145.0,49.300000000000004,764.0
E02003549,6.0,5.0,40.59,35.72,19.39,2.32,70.13,8.16,LargeCentralMetro,1,0,0,0,0,0,South East,2,Southampton 001,31.0,1,170.0,52.7,921.0
E02003551,4.0,8.0,18.35,24.13,12.21,3.42,79.41,4.96,LargeCentralMetro,1,0,0,0,0,0,South East,3,Southampton 003,52.0,1,109.0,56.68,721.0
E02003566,3.0,10.0,50.51,49.33,4.14,1.84,89.69,4.33,LargeCentralMetro,1,0,0,0,0,0,South East,10,Southampton 018,14.0,1,99.0,13.860000000000001,519.0
E02003574,6.0,8.0,42.99,45.51,2.4,1.06,94.07,2.47,LargeCentralMetro,1,0,0,0,0,0,South East,2,Southampton 026,29.0,1,107.0,31.029999999999998,791.0
E02003555,3.0,9.0,40.86,47.14,6.76,2.99,86.51,3.75,LargeCentralMetro,1,0,0,0,0,0,South East,5,Southampton 007,31.0,1,93.0,28.83,594.0
E02005384,8.0,5.0,16.73,49.3,2.15,0.4,95.25,2.2,LargeCentralMetro,1,0,0,0,0,0,East Midlands,8,Hinckley and Bosworth 008,43.47,2,251.0,109.12,1503.0
E02005415,4.0,8.0,30.07,47.5,6.22,1.66,87.64,4.47,LargeCentralMetro,1,0,0,0,0,0,East Midlands,8,Oadby and Wigston 006,26.0,1,153.0,39.78,840.0
E02005348,8.0,6.0,13.31,50.08,13.6,2.1,80.37,3.93,LargeCentralMetro,1,0,0,0,0,0,East Midlands,6,Charnwood 004,43.39,2,308.0,133.65,1919.0
E02005377,7.0,2.0,10.43,48.36,3.01,0.58,94.49,1.92,Micropolitan,0,0,0,0,1,0,East Midlands,10,Hinckley and Bosworth 001,50.0,1,115.0,57.5,732.0
E02005365,6.0,5.0,21.19,45.96,33.51,1.71,60.35,4.43,LargeCentralMetro,1,0,0,0,0,0,East Midlands,10,Charnwood 021,48.0,1,151.0,72.48,816.0
E02005336,6.0,5.0,,,15.3,3.15,75.63,5.92,LargeCentralMetro,1,0,0,0,0,0,East Midlands,,Blaby 004,,1,0.0,0.0,0.0
E02005369,8.0,4.0,7.43,49.3,11.73,0.61,83.71,3.95,MediumMetro,0,0,1,0,0,0,East Midlands,10,Harborough 003,69.0,1,148.0,102.11999999999999,856.0
E02005414,4.0,8.0,20.0,49.74,9.89,1.99,83.54,4.58,LargeCentralMetro,1,0,0,0,0,0,East Midlands,9,Oadby and Wigston 005,36.0,1,210.0,75.6,380.0
E02005380,8.0,5.0,9.88,49.94,0.86,0.18,97.53,1.42,MediumMetro,0,0,1,0,0,0,East Midlands,10,Hinckley and Bosworth 004,54.0,1,162.0,87.48,805.0
E02005416,7.0,5.0,,47.29,9.73,1.35,86.02,2.9,LargeCentralMetro,1,0,0,0,0,0,East Midlands,,Oadby and Wigston 007,,1,0.0,0.0,1199.0
E02005391,8.0,2.0,13.22,48.94,0.52,0.22,98.18,1.08,SmallMetro,0,0,0,1,0,0,East Midlands,10,Melton 001,54.0,1,121.0,65.34,995.0
E02005373,8.0,5.0,12.03,46.94,2.4,0.85,94.2,2.55,LargeFringeMetro,0,1,0,0,0,0,East Midlands,10,Harborough 007,49.0,1,241.0,118.09,963.0
E02005346,3.0,7.0,33.07,50.91,24.85,3.22,66.33,5.6,LargeCentralMetro,1,0,0,0,0,0,East Midlands,6,Charnwood 002,44.0,1,127.0,55.88,607.0
E02005354,10.0,3.0,17.22,48.35,13.16,1.18,80.84,4.82,LargeCentralMetro,1,0,0,0,0,0,East Midlands,10,Charnwood 010,63.0,1,151.0,95.13,786.0
E02005389,6.0,8.0,9.58,50.24,2.05,0.26,95.85,1.83,LargeCentralMetro,1,0,0,0,0,0,East Midlands,5,Hinckley and Bosworth 013,65.0,1,167.0,108.55,840.0
E02005376,7.0,6.0,9.09,51.38,2.06,0.71,94.98,2.25,LargeCentralMetro,1,0,0,0,0,0,East Midlands,10,Harborough 010,57.32,2,330.0,189.15,1921.0
E02005381,8.0,6.0,15.38,47.79,2.65,0.43,94.3,2.63,MediumMetro,0,0,1,0,0,0,East Midlands,10,Hinckley and Bosworth 005,57.0,1,117.0,66.69,1287.0
E02005355,7.0,4.0,14.0,50.49,1.58,0.31,96.06,2.05,MediumMetro,0,0,1,0,0,0,East Midlands,10,Charnwood 011,44.0,1,200.0,88.0,820.0
E02005361,7.0,4.0,19.53,51.06,20.11,0.68,75.71,3.5,LargeCentralMetro,1,0,0,0,0,0,East Midlands,10,Charnwood 017,45.0,1,128.0,57.6,805.0
E02005370,9.0,3.0,,48.22,0.82,0.52,97.01,1.66,MediumMetro,0,0,1,0,0,0,East Midlands,,Harborough 004,,1,0.0,0.0,844.0
E02005364,8.0,4.0,21.26,51.71,22.43,0.91,73.16,3.5,LargeCentralMetro,1,0,0,0,0,0,East Midlands,10,Charnwood 020,30.0,1,174.0,52.199999999999996,965.0
E02005338,8.0,6.0,15.9,48.32,6.3,1.27,88.39,4.03,LargeCentralMetro,1,0,0,0,0,0,East Midlands,10,Blaby 006,48.0,1,283.0,135.84,1337.0
E02005382,4.0,7.0,35.37,48.4,2.41,1.0,94.24,2.36,LargeCentralMetro,1,0,0,0,0,0,East Midlands,10,Hinckley and Bosworth 006,17.0,1,82.0,13.940000000000001,564.0
E02005356,8.0,4.0,24.65,50.75,2.67,0.48,94.38,2.47,MediumMetro,0,0,1,0,0,0,East Midlands,10,Charnwood 012,35.0,1,142.0,49.699999999999996,1409.0
E02005412,8.0,5.0,11.21,50.92,40.59,2.89,47.29,9.24,LargeCentralMetro,1,0,0,0,0,0,East Midlands,9,Oadby and Wigston 003,59.0,2,580.0,342.2,3195.0
E02005392,8.0,6.0,14.51,50.62,1.04,0.61,96.92,1.43,LargeFringeMetro,0,1,0,0,0,0,East Midlands,8,Melton 002,42.0,1,193.0,81.06,1124.0
E02005374,6.0,8.0,,50.0,2.79,1.56,93.43,2.23,LargeFringeMetro,0,1,0,0,0,0,East Midlands,,Harborough 008,,1,0.0,0.0,848.0
E02005366,6.0,4.0,14.12,49.09,4.78,1.01,90.54,3.66,MediumMetro,0,0,1,0,0,0,East Midlands,10,Charnwood 022,43.0,1,177.0,76.11,770.0
E02005394,5.0,7.0,16.95,50.64,1.23,0.23,96.45,2.09,LargeFringeMetro,0,1,0,0,0,0,East Midlands,8,Melton 004,36.0,1,118.0,42.48,547.0
E02005397,7.0,3.0,,45.35,1.54,0.42,95.66,2.38,MediumMetro,0,0,1,0,0,0,East Midlands,,North West Leicestershire 001,,1,0.0,0.0,441.0
E02002854,2.0,9.0,51.18,51.66,10.12,7.6,74.17,8.11,LargeCentralMetro,1,0,0,0,0,0,East Midlands,8,Leicester 028,26.0,1,170.0,44.2,904.0
E02002853,4.0,2.0,30.51,50.33,72.23,5.02,13.32,9.44,LargeCentralMetro,1,0,0,0,0,0,East Midlands,3,Leicester 027,61.64,2,118.0,72.74000000000001,608.0
E02002847,5.0,1.0,29.06,45.24,84.45,2.14,5.31,8.1,LargeCentralMetro,1,0,0,0,0,0,East Midlands,4,Leicester 021,32.0,1,234.0,74.88,1240.0
E02002844,3.0,1.0,41.06,47.74,68.83,18.85,4.79,7.53,LargeCentralMetro,1,0,0,0,0,0,East Midlands,1,Leicester 018,34.0,1,207.0,70.38000000000001,1108.0
E02002830,2.0,7.0,40.62,48.91,25.82,17.6,48.04,8.54,LargeCentralMetro,1,0,0,0,0,0,East Midlands,7,Leicester 004,34.0,1,192.0,65.28,1055.0
E02002833,4.0,1.0,28.09,47.33,84.21,1.18,10.33,4.28,LargeCentralMetro,1,0,0,0,0,0,East Midlands,3,Leicester 007,59.0,1,267.0,157.53,1534.0
E02006815,2.0,8.0,,,39.6,4.4,47.69,8.31,LargeCentralMetro,1,0,0,0,0,0,East Midlands,,Leicester 037,,1,0.0,0.0,0.0
E02006817,5.0,5.0,,,32.54,9.76,47.48,10.22,LargeCentralMetro,1,0,0,0,0,0,East Midlands,,Leicester 038,,1,0.0,0.0,0.0
E02002866,8.0,4.0,12.0,48.95,0.84,0.41,96.92,1.82,LargeCentralMetro,1,0,0,0,0,0,East Midlands,10,Rutland 004,59.0,1,150.0,88.5,711.0
E02002864,6.0,3.0,12.99,50.8,1.26,0.58,96.28,1.88,LargeFringeMetro,0,1,0,0,0,0,East Midlands,3,Rutland 002,57.0,1,177.0,100.88999999999999,933.0
E02002867,8.0,3.0,8.9,50.45,1.66,0.54,95.42,2.37,Noncore,0,0,0,0,0,1,East Midlands,8,Rutland 005,58.0,1,146.0,84.67999999999999,886.0
E02006214,6.0,5.0,14.14,50.88,1.31,0.08,97.33,1.28,LargeCentralMetro,1,0,0,0,0,0,West Midlands,8,Staffordshire Moorlands 011,53.69,2,297.0,159.47,1757.0
E02006226,5.0,4.0,26.65,49.08,1.04,0.65,96.31,1.99,LargeCentralMetro,1,0,0,0,0,0,West Midlands,10,Tamworth 010,23.31,2,319.0,74.35,1461.0
E02006207,8.0,7.0,19.27,46.12,0.56,0.06,98.37,1.01,LargeCentralMetro,1,0,0,0,0,0,West Midlands,7,Staffordshire Moorlands 004,37.0,1,192.0,71.03999999999999,774.0
E02006209,9.0,5.0,13.94,51.07,0.65,0.21,98.35,0.79,LargeCentralMetro,1,0,0,0,0,0,West Midlands,8,Staffordshire Moorlands 006,43.0,1,165.0,70.95,797.0
E02006199,9.0,4.0,15.74,51.01,3.64,1.07,93.15,2.14,LargeCentralMetro,1,0,0,0,0,0,West Midlands,1,Stafford 012,41.0,1,108.0,44.279999999999994,843.0
E02006131,8.0,5.0,7.3,16.64,0.5,0.28,98.05,1.16,MediumMetro,0,0,1,0,0,0,West Midlands,8,East Staffordshire 001,42.0,1,178.0,74.75999999999999,565.0
E02006204,5.0,7.0,21.0,48.83,0.6,0.2,97.79,1.4,LargeCentralMetro,1,0,0,0,0,0,West Midlands,6,Staffordshire Moorlands 001,25.0,1,100.0,25.0,383.0
E02006217,7.0,7.0,23.66,49.38,1.25,0.47,96.25,2.03,LargeCentralMetro,1,0,0,0,0,0,West Midlands,10,Tamworth 001,25.0,1,131.0,32.75,648.0
E02006172,9.0,4.0,21.18,49.82,8.49,0.86,88.02,2.63,LargeCentralMetro,1,0,0,0,0,0,West Midlands,9,Newcastle-under-Lyme 015,33.79,2,255.0,86.16,1357.0
E02006201,9.0,1.0,9.22,52.73,4.56,0.71,91.71,3.02,LargeCentralMetro,1,0,0,0,0,0,West Midlands,7,Stafford 014,54.0,2,412.0,222.48000000000002,2598.0
E02006200,3.0,6.0,46.67,52.67,1.57,1.76,93.29,3.39,LargeCentralMetro,1,0,0,0,0,0,West Midlands,6,Stafford 013,24.0,1,45.0,10.799999999999999,300.0
E02006220,6.0,7.0,32.39,45.21,1.1,0.31,96.17,2.41,LargeCentralMetro,1,0,0,0,0,0,West Midlands,8,Tamworth 004,31.0,1,176.0,54.56,794.0
E02006152,7.0,2.0,11.54,50.59,2.27,0.77,94.1,2.86,LargeCentralMetro,1,0,0,0,0,0,West Midlands,10,Lichfield 007,63.0,1,208.0,131.04,1354.0
E02006170,6.0,6.0,10.94,52.83,0.75,0.54,96.67,2.03,MediumMetro,0,0,1,0,0,0,West Midlands,10,Newcastle-under-Lyme 013,65.0,1,128.0,83.2,619.0
E02006151,6.0,6.0,12.0,49.49,1.23,0.24,97.22,1.32,LargeCentralMetro,1,0,0,0,0,0,West Midlands,10,Lichfield 006,53.0,1,150.0,79.5,980.0
E02006128,7.0,7.0,33.54,50.42,1.77,0.52,95.96,1.75,LargeCentralMetro,1,0,0,0,0,0,West Midlands,8,Cannock Chase 011,31.0,1,158.0,48.98,833.0
E02006143,8.0,4.0,27.44,49.37,11.12,1.24,84.07,3.57,LargeCentralMetro,1,0,0,0,0,0,West Midlands,4,East Staffordshire 013,26.0,1,164.0,42.64,950.0
E02006140,4.0,7.0,33.04,50.36,2.68,0.61,93.29,3.42,LargeCentralMetro,1,0,0,0,0,0,West Midlands,2,East Staffordshire 010,35.0,1,115.0,40.25,697.0
E02006168,5.0,9.0,26.38,50.11,8.7,3.19,83.02,5.09,LargeCentralMetro,1,0,0,0,0,0,West Midlands,8,Newcastle-under-Lyme 011,43.0,1,163.0,70.09,936.0
E02006193,8.0,4.0,17.95,49.3,4.94,1.2,91.54,2.31,LargeCentralMetro,1,0,0,0,0,0,West Midlands,5,Stafford 006,43.0,1,156.0,67.08,931.0
E02006122,6.0,6.0,37.36,53.15,1.38,0.52,96.09,2.01,LargeCentralMetro,1,0,0,0,0,0,West Midlands,10,Cannock Chase 005,15.0,1,91.0,13.65,604.0
E02006190,7.0,6.0,14.08,49.09,1.49,0.42,96.02,2.08,LargeCentralMetro,1,0,0,0,0,0,West Midlands,3,Stafford 003,53.0,1,206.0,109.18,772.0
E02006198,10.0,2.0,7.81,49.65,5.47,0.93,91.15,2.45,LargeCentralMetro,1,0,0,0,0,0,West Midlands,6,Stafford 011,39.0,1,128.0,49.92,868.0
E02006164,2.0,8.0,39.83,52.61,1.87,1.13,95.63,1.37,LargeCentralMetro,1,0,0,0,0,0,West Midlands,10,Newcastle-under-Lyme 007,31.0,1,118.0,36.58,671.0
E02006166,8.0,6.0,26.06,46.0,2.19,0.31,95.29,2.2,LargeCentralMetro,1,0,0,0,0,0,West Midlands,8,Newcastle-under-Lyme 009,37.0,1,142.0,52.54,837.0
E02006182,10.0,3.0,17.91,50.21,4.66,0.6,91.37,3.36,LargeCentralMetro,1,0,0,0,0,0,West Midlands,10,South Staffordshire 009,43.0,1,201.0,86.42999999999999,952.0
E02006118,8.0,4.0,20.51,47.13,1.16,0.46,97.23,1.15,LargeCentralMetro,1,0,0,0,0,0,West Midlands,10,Cannock Chase 001,29.0,1,195.0,56.55,1150.0
E02006174,7.0,3.0,12.5,72.14,1.06,0.35,96.63,1.96,Micropolitan,0,0,0,0,1,0,West Midlands,10,South Staffordshire 001,15.0,1,40.0,6.0,140.0
E02006137,4.0,7.0,24.02,51.09,12.59,1.66,80.8,4.95,LargeCentralMetro,1,0,0,0,0,0,West Midlands,8,East Staffordshire 007,48.0,1,333.0,159.84,2104.0
E02006125,4.0,8.0,18.03,47.39,0.59,0.55,97.41,1.45,LargeCentralMetro,1,0,0,0,0,0,West Midlands,8,Cannock Chase 008,27.0,1,183.0,49.410000000000004,1131.0
E02006130,6.0,6.0,33.82,47.87,0.79,0.52,96.64,2.04,MediumMetro,0,0,1,0,0,0,West Midlands,10,Cannock Chase 013,22.0,1,68.0,14.96,447.0
E02006186,8.0,4.0,16.43,49.66,3.07,0.73,93.98,2.22,LargeCentralMetro,1,0,0,0,0,0,West Midlands,5,South Staffordshire 013,41.0,1,140.0,57.4,870.0
E02006187,9.0,6.0,9.76,46.85,1.28,0.41,96.02,2.29,MediumMetro,0,0,1,0,0,0,West Midlands,6,South Staffordshire 014,29.0,1,82.0,23.779999999999998,540.0
E02006153,8.0,5.0,15.79,46.88,2.29,0.82,94.51,2.38,Micropolitan,0,0,0,0,1,0,West Midlands,10,Lichfield 008,40.0,1,171.0,68.4,947.0
E02006145,9.0,3.0,12.39,53.02,1.68,0.29,96.13,1.91,MediumMetro,0,0,1,0,0,0,West Midlands,8,East Staffordshire 015,64.0,1,226.0,144.64000000000001,1541.0
E02002967,1.0,9.0,55.35,50.1,1.77,4.65,90.8,2.77,LargeCentralMetro,1,0,0,0,0,0,West Midlands,9,Stoke-on-Trent 017,23.0,1,159.0,36.57,1016.0
E02002951,5.0,8.0,42.2,49.22,1.63,0.89,95.53,1.95,LargeCentralMetro,1,0,0,0,0,0,West Midlands,8,Stoke-on-Trent 001,28.0,1,109.0,30.520000000000003,900.0
E02002981,5.0,7.0,,,12.8,1.73,82.26,3.2,LargeCentralMetro,1,0,0,0,0,0,West Midlands,,Stoke-on-Trent 031,,1,0.0,0.0,0.0
E02002956,3.0,8.0,28.39,52.04,9.05,2.13,84.79,4.03,LargeCentralMetro,1,0,0,0,0,0,West Midlands,7,Stoke-on-Trent 006,34.02,2,391.0,133.03,2277.0
E02002982,2.0,9.0,42.42,50.0,5.55,1.9,89.0,3.55,LargeCentralMetro,1,0,0,0,0,0,West Midlands,10,Stoke-on-Trent 032,45.0,1,165.0,74.25,1060.0
E02002977,4.0,9.0,24.0,49.9,5.24,1.72,90.18,2.86,LargeCentralMetro,1,0,0,0,0,0,West Midlands,7,Stoke-on-Trent 027,21.0,1,175.0,36.75,1020.0
E02002958,4.0,9.0,33.56,52.49,5.27,1.64,89.54,3.55,LargeCentralMetro,1,0,0,0,0,0,West Midlands,6,Stoke-on-Trent 008,36.0,1,146.0,52.559999999999995,884.0
E02002955,3.0,9.0,42.34,48.06,31.04,3.84,59.56,5.57,LargeCentralMetro,1,0,0,0,0,0,West Midlands,6,Stoke-on-Trent 005,23.0,1,137.0,31.51,774.0
E02002973,4.0,8.0,40.83,52.02,12.88,2.61,80.47,4.04,LargeCentralMetro,1,0,0,0,0,0,West Midlands,6,Stoke-on-Trent 023,27.0,1,120.0,32.400000000000006,642.0
E02002970,3.0,9.0,30.3,50.83,5.63,3.05,88.08,3.23,LargeCentralMetro,1,0,0,0,0,0,West Midlands,5,Stoke-on-Trent 020,25.0,1,165.0,41.25,960.0
E02006692,7.0,5.0,13.58,49.03,3.77,1.59,92.05,2.59,LargeFringeMetro,0,1,0,0,0,0,South West,5,Wiltshire 042,48.0,1,265.0,127.19999999999999,1595.0
E02006646,8.0,3.0,13.02,51.92,4.29,3.04,89.53,3.15,MediumMetro,0,0,1,0,0,0,South West,8,Wiltshire 003,50.0,1,169.0,84.5,911.0
E02006658,5.0,5.0,23.53,47.91,0.68,0.53,96.96,1.84,LargeCentralMetro,1,0,0,0,0,0,South West,5,Wiltshire 016,39.0,1,136.0,53.04,860.0
E02006635,8.0,4.0,9.64,50.92,2.26,0.57,94.67,2.5,MediumMetro,0,0,1,0,0,0,South West,7,Wiltshire 019,50.0,1,249.0,124.5,1677.0
E02006688,6.0,6.0,25.17,48.97,1.73,1.04,94.51,2.72,LargeCentralMetro,1,0,0,0,0,0,South West,3,Wiltshire 036,31.0,1,151.0,46.81,919.0
E02006663,6.0,9.0,27.43,48.28,2.08,1.99,93.34,2.58,LargeFringeMetro,0,1,0,0,0,0,South West,8,Wiltshire 048,23.0,1,113.0,25.990000000000002,638.0
E02006672,7.0,8.0,19.44,35.4,3.73,1.6,91.97,2.7,LargeFringeMetro,0,1,0,0,0,0,South West,5,Wiltshire 057,51.0,1,72.0,36.72,483.0
E02007023,5.0,7.0,23.85,52.39,1.44,0.76,96.0,1.8,LargeFringeMetro,0,1,0,0,0,0,South West,4,Wiltshire 063,30.0,1,130.0,39.0,857.0
E02006662,6.0,8.0,24.0,45.72,1.75,1.68,93.75,2.82,LargeFringeMetro,0,1,0,0,0,0,South West,10,Wiltshire 046,15.0,1,100.0,15.0,549.0
E02006637,5.0,6.0,25.33,50.94,1.46,0.52,96.14,1.89,LargeFringeMetro,0,1,0,0,0,0,South West,4,Wiltshire 025,33.0,1,150.0,49.5,905.0
E02006667,4.0,10.0,40.0,51.13,3.36,1.52,92.96,2.15,LargeFringeMetro,0,1,0,0,0,0,South West,3,Wiltshire 052,11.0,1,45.0,4.95,399.0
E02006660,6.0,4.0,21.39,48.75,1.1,0.42,96.6,1.88,LargeCentralMetro,1,0,0,0,0,0,South West,4,Wiltshire 018,33.0,1,201.0,66.33,1202.0
E02006649,6.0,6.0,11.74,50.39,2.48,1.88,93.19,2.45,LargeCentralMetro,1,0,0,0,0,0,South West,5,Wiltshire 006,54.0,1,281.0,151.74,1683.0
E02006682,7.0,5.0,12.8,50.0,0.87,0.49,96.4,2.25,MediumMetro,0,0,1,0,0,0,South West,4,Wiltshire 027,56.0,1,211.0,118.16000000000001,1356.0
E02007025,7.0,8.0,18.54,47.61,3.53,4.37,88.65,3.45,Noncore,0,0,0,0,0,1,South West,10,Wiltshire 065,30.0,1,151.0,45.3,836.0
E02006686,5.0,5.0,25.5,48.85,1.86,0.81,94.37,2.96,LargeCentralMetro,1,0,0,0,0,0,South West,3,Wiltshire 033,32.0,1,200.0,64.0,1134.0
E02006684,5.0,7.0,10.07,51.48,2.62,1.7,91.19,4.48,LargeCentralMetro,1,0,0,0,0,0,South West,3,Wiltshire 031,62.0,1,149.0,92.38,946.0
E02006652,8.0,3.0,13.59,50.86,2.7,1.06,93.21,3.03,LargeCentralMetro,1,0,0,0,0,0,South West,4,Wiltshire 009,45.65,2,493.0,225.07,3272.0
E02006645,8.0,2.0,12.2,48.0,2.84,0.91,93.67,2.57,SmallMetro,0,0,0,1,0,0,South West,6,Wiltshire 002,55.0,1,205.0,112.75000000000001,1325.0
E02006641,7.0,3.0,22.14,47.62,0.79,0.33,97.59,1.3,Noncore,0,0,0,0,0,1,South West,5,Wiltshire 034,50.0,1,131.0,65.5,714.0
E02003229,6.0,6.0,25.88,46.26,5.63,1.75,86.81,5.81,LargeCentralMetro,1,0,0,0,0,0,South West,3,Swindon 018,42.0,1,170.0,71.39999999999999,1109.0
E02003228,7.0,5.0,14.48,51.57,31.1,2.9,61.79,4.2,LargeCentralMetro,1,0,0,0,0,0,South West,2,Swindon 017,44.0,2,221.0,97.24,1309.0
E02003236,7.0,7.0,14.97,51.37,5.2,1.73,90.04,3.04,MediumMetro,0,0,1,0,0,0,South West,8,Swindon 025,53.0,1,187.0,99.11,1310.0
E02003232,8.0,6.0,19.47,50.04,7.87,2.35,84.8,4.98,LargeCentralMetro,1,0,0,0,0,0,South West,5,Swindon 021,37.0,1,226.0,83.62,1379.0
E02003226,4.0,5.0,,,57.6,3.33,33.06,6.01,LargeCentralMetro,1,0,0,0,0,0,South West,,Swindon 015,,1,0.0,0.0,0.0
E02003234,5.0,6.0,31.21,48.81,9.3,2.33,84.35,4.03,LargeCentralMetro,1,0,0,0,0,0,South West,7,Swindon 023,22.0,1,157.0,34.54,842.0
E02003217,4.0,8.0,25.17,48.88,5.09,3.37,87.88,3.67,LargeCentralMetro,1,0,0,0,0,0,South West,7,Swindon 006,39.0,1,147.0,57.330000000000005,759.0
E02003216,7.0,7.0,,,4.53,1.55,90.1,3.82,LargeCentralMetro,1,0,0,0,0,0,South West,,Swindon 005,,1,0.0,0.0,0.0
E02003354,8.0,4.0,19.85,49.48,6.42,1.56,87.9,4.12,LargeCentralMetro,1,0,0,0,0,0,South East,5,Bracknell Forest 003,34.0,1,272.0,92.48,1649.0
E02003358,4.0,6.0,19.75,51.08,10.6,4.06,79.03,6.31,LargeCentralMetro,1,0,0,0,0,0,South East,1,Bracknell Forest 007,47.17,2,314.0,148.12,1991.0
E02003421,8.0,2.0,11.89,38.69,21.07,1.27,72.78,4.88,LargeCentralMetro,1,0,0,0,0,0,South East,5,Windsor and Maidenhead 001,46.0,1,185.0,85.10000000000001,1238.0
E02003426,9.0,2.0,19.87,81.98,11.11,1.09,82.99,4.81,LargeCentralMetro,1,0,0,0,0,0,South East,3,Windsor and Maidenhead 006,59.57,2,302.0,179.91,1720.0
E02003431,6.0,4.0,38.83,53.12,22.24,1.3,69.03,7.43,MediumMetro,0,0,1,0,0,0,South East,7,Windsor and Maidenhead 011,24.0,1,103.0,24.72,369.0
E02003438,9.0,1.0,8.26,46.3,7.57,1.11,85.98,5.34,LargeCentralMetro,1,0,0,0,0,0,South East,4,Windsor and Maidenhead 018,58.0,1,242.0,140.35999999999999,1689.0
E02003432,8.0,1.0,13.59,0.0,7.07,1.3,84.94,6.69,LargeCentralMetro,1,0,0,0,0,0,South East,2,Windsor and Maidenhead 012,48.0,1,184.0,88.32,811.0
E02003434,5.0,4.0,18.44,100.0,10.38,2.47,80.19,6.95,LargeCentralMetro,1,0,0,0,0,0,South East,3,Windsor and Maidenhead 014,43.0,1,179.0,76.97,711.0
E02003429,9.0,2.0,9.2,45.33,12.82,1.74,80.79,4.65,LargeCentralMetro,1,0,0,0,0,0,South East,7,Windsor and Maidenhead 009,62.0,1,87.0,53.94,353.0
E02003424,10.0,4.0,15.38,1.53,17.8,1.72,74.3,6.18,LargeCentralMetro,1,0,0,0,0,0,South East,2,Windsor and Maidenhead 004,46.0,1,91.0,41.86,719.0
E02003428,8.0,2.0,12.5,47.99,12.29,1.33,81.03,5.35,LargeCentralMetro,1,0,0,0,0,0,South East,5,Windsor and Maidenhead 008,57.0,1,144.0,82.08,946.0
E02003378,6.0,5.0,26.28,49.18,4.51,0.99,91.2,3.3,LargeCentralMetro,1,0,0,0,0,0,South East,3,West Berkshire 012,28.0,1,137.0,38.36000000000001,915.0
E02003371,9.0,4.0,14.8,52.64,4.07,1.46,91.29,3.18,LargeCentralMetro,1,0,0,0,0,0,South East,2,West Berkshire 005,48.0,1,250.0,120.0,1647.0
E02003381,8.0,2.0,13.86,49.16,2.84,1.11,92.56,3.48,MediumMetro,0,0,1,0,0,0,South East,6,West Berkshire 015,57.0,1,166.0,94.61999999999999,1013.0
E02003376,7.0,2.0,,,0.94,0.43,96.69,1.94,SmallMetro,0,0,0,1,0,0,South East,,West Berkshire 010,,1,0.0,0.0,0.0
E02003383,8.0,4.0,15.27,48.67,3.05,0.78,93.61,2.56,LargeCentralMetro,1,0,0,0,0,0,South East,2,West Berkshire 017,46.0,1,262.0,120.52000000000001,1732.0
E02003370,8.0,3.0,18.9,53.26,4.64,2.18,88.85,4.33,LargeCentralMetro,1,0,0,0,0,0,South East,5,West Berkshire 004,38.0,1,164.0,62.32,1057.0
E02003387,9.0,4.0,9.5,49.91,2.64,0.73,94.26,2.37,LargeCentralMetro,1,0,0,0,0,0,South East,3,West Berkshire 021,65.0,1,242.0,157.3,1741.0
E02003400,6.0,2.0,28.57,28.99,18.84,5.19,68.68,7.29,LargeCentralMetro,1,0,0,0,0,0,South East,1,Reading 012,50.0,2,56.0,28.0,745.0
E02003403,4.0,6.0,33.51,46.25,14.26,8.23,70.12,7.39,LargeCentralMetro,1,0,0,0,0,0,South East,2,Reading 015,31.0,3,370.0,114.69999999999999,2389.0
E02003390,10.0,3.0,12.92,47.6,7.03,1.07,87.35,4.54,LargeCentralMetro,1,0,0,0,0,0,South East,5,Reading 002,59.0,1,209.0,123.30999999999999,1271.0
E02003405,2.0,5.0,,,22.88,9.1,58.23,9.78,LargeCentralMetro,1,0,0,0,0,0,South East,,Reading 017,,1,0.0,0.0,0.0
E02003415,4.0,2.0,35.63,36.96,52.08,9.64,29.1,9.18,LargeCentralMetro,1,0,0,0,0,0,South East,2,Slough 009,37.0,1,174.0,64.38,1131.0
E02003418,6.0,2.0,34.46,46.14,47.44,6.37,35.43,10.75,LargeCentralMetro,1,0,0,0,0,0,South East,2,Slough 012,36.0,1,177.0,63.72,1127.0
E02003410,4.0,1.0,37.42,100.0,63.68,5.36,22.57,8.39,LargeCentralMetro,1,0,0,0,0,0,South East,3,Slough 004,58.0,1,155.0,89.89999999999999,892.0
E02003417,6.0,2.0,,46.88,52.8,7.26,29.83,10.11,LargeCentralMetro,1,0,0,0,0,0,South East,,Slough 011,,1,0.0,0.0,480.0
E02003414,5.0,2.0,20.75,60.39,41.69,8.43,39.39,10.49,LargeCentralMetro,1,0,0,0,0,0,South East,4,Slough 008,52.0,2,159.0,82.68,1227.0
E02003411,4.0,2.0,49.36,36.8,55.31,6.41,26.94,11.33,LargeCentralMetro,1,0,0,0,0,0,South East,8,Slough 005,21.0,1,156.0,32.76,856.0
E02003442,9.0,1.0,13.06,52.75,9.01,1.75,84.7,4.53,LargeCentralMetro,1,0,0,0,0,0,South East,6,Wokingham 004,50.0,1,222.0,111.0,1327.0
E02003447,7.0,4.0,10.34,0.0,19.76,3.35,70.82,6.08,LargeCentralMetro,1,0,0,0,0,0,South East,7,Wokingham 009,54.0,1,174.0,93.96000000000001,1083.0
E02003448,9.0,2.0,5.67,99.2,10.01,1.61,83.99,4.39,LargeCentralMetro,1,0,0,0,0,0,South East,4,Wokingham 010,70.0,1,194.0,135.79999999999998,1251.0
E02003444,7.0,2.0,10.11,48.79,35.68,3.34,55.19,5.79,LargeCentralMetro,1,0,0,0,0,0,South East,7,Wokingham 006,62.0,1,277.0,171.74,1773.0
E02003456,8.0,2.0,,45.45,5.7,2.95,86.87,4.49,MediumMetro,0,0,1,0,0,0,South East,,Wokingham 018,,1,0.0,0.0,110.0
E02003722,9.0,4.0,18.78,49.19,8.29,1.13,83.79,6.78,LargeCentralMetro,1,0,0,0,0,0,East of England,1,Cambridge 004,65.99,2,245.0,161.68,1360.0
E02003765,6.0,5.0,15.99,48.09,8.75,1.05,87.24,2.95,LargeCentralMetro,1,0,0,0,0,0,East of England,10,Huntingdonshire 013,39.0,1,294.0,114.66000000000001,1776.0
E02003736,8.0,3.0,14.84,45.02,1.53,0.4,95.73,2.35,SmallMetro,0,0,0,1,0,0,East of England,9,East Cambridgeshire 005,27.0,1,128.0,34.56,824.0
E02003744,3.0,8.0,37.26,50.9,1.84,0.69,94.69,2.78,LargeFringeMetro,0,1,0,0,0,0,East of England,10,Fenland 003,25.0,1,212.0,53.0,1218.0
E02003734,7.0,6.0,17.03,47.48,2.82,1.2,92.09,3.89,LargeFringeMetro,0,1,0,0,0,0,East of England,2,East Cambridgeshire 003,41.0,1,182.0,74.61999999999999,1093.0
E02003784,9.0,3.0,12.46,47.31,4.69,0.92,90.76,3.63,Micropolitan,0,0,0,0,1,0,East of England,9,South Cambridgeshire 010,64.0,1,297.0,190.08,1670.0
E02003764,7.0,6.0,18.04,50.17,7.99,3.71,83.19,5.11,LargeFringeMetro,0,1,0,0,0,0,East of England,9,Huntingdonshire 012,47.06,2,460.0,216.49,2898.0
E02003780,7.0,4.0,9.77,51.51,6.73,1.84,86.61,4.83,LargeCentralMetro,1,0,0,0,0,0,East of England,6,South Cambridgeshire 006,57.0,1,215.0,122.54999999999998,1324.0
E02003747,4.0,6.0,24.22,51.86,1.41,1.09,95.35,2.15,LargeCentralMetro,1,0,0,0,0,0,East of England,10,Fenland 006,40.0,1,161.0,64.4,993.0
E02006873,6.0,4.0,,47.92,13.55,2.76,77.22,6.47,LargeCentralMetro,1,0,0,0,0,0,East of England,,South Cambridgeshire 020,,1,0.0,0.0,720.0
E02003731,8.0,3.0,21.63,49.65,19.15,2.72,70.43,7.69,LargeCentralMetro,1,0,0,0,0,0,East of England,3,Cambridge 013,55.11,2,245.0,135.01000000000002,1271.0
E02003790,9.0,4.0,16.88,48.51,1.48,0.43,96.08,2.01,MediumMetro,0,0,1,0,0,0,East of England,6,South Cambridgeshire 016,53.0,1,160.0,84.80000000000001,837.0
E02003776,6.0,4.0,11.26,46.27,2.85,0.78,93.26,3.11,Micropolitan,0,0,0,0,1,0,East of England,6,South Cambridgeshire 002,63.0,1,151.0,95.13,804.0
E02003777,8.0,4.0,11.21,49.96,7.12,1.71,86.18,4.99,MediumMetro,0,0,1,0,0,0,East of England,9,South Cambridgeshire 003,58.0,1,232.0,134.56,1273.0
E02003728,7.0,6.0,16.79,50.48,17.51,1.97,71.85,8.68,LargeCentralMetro,1,0,0,0,0,0,East of England,1,Cambridge 010,57.81,2,262.0,151.45999999999998,1353.0
E02003740,8.0,7.0,14.15,45.69,3.1,0.68,93.47,2.74,MediumMetro,0,0,1,0,0,0,East of England,7,East Cambridgeshire 009,53.0,1,205.0,108.65,1101.0
E02003771,6.0,5.0,18.4,49.36,3.28,1.24,92.59,2.89,LargeCentralMetro,1,0,0,0,0,0,East of England,6,Huntingdonshire 019,41.0,1,288.0,118.08,1872.0
E02003750,5.0,9.0,28.4,50.0,1.08,0.6,96.67,1.64,LargeFringeMetro,0,1,0,0,0,0,East of England,10,Fenland 009,22.0,1,250.0,55.0,1336.0
E02003792,8.0,5.0,9.26,48.14,1.68,0.61,94.82,2.89,MediumMetro,0,0,1,0,0,0,East of England,7,South Cambridgeshire 018,57.0,1,108.0,61.559999999999995,484.0
E02003725,10.0,1.0,16.67,51.41,14.64,2.18,74.99,8.19,LargeCentralMetro,1,0,0,0,0,0,East of England,1,Cambridge 007,63.0,1,120.0,75.6,743.0
E02003793,8.0,5.0,18.4,53.64,1.42,0.61,95.95,2.02,MediumMetro,0,0,1,0,0,0,East of England,10,South Cambridgeshire 019,51.0,1,125.0,63.75,604.0
E02003756,8.0,5.0,11.98,51.16,1.17,0.9,95.88,2.05,MediumMetro,0,0,1,0,0,0,East of England,10,Huntingdonshire 004,49.0,1,192.0,94.08,991.0
E02003789,8.0,7.0,15.46,46.92,7.97,1.46,86.62,3.95,MediumMetro,0,0,1,0,0,0,East of England,3,South Cambridgeshire 015,63.0,1,207.0,130.41,1023.0
E02003737,7.0,5.0,16.27,51.83,1.25,1.1,94.78,2.86,LargeFringeMetro,0,1,0,0,0,0,East of England,5,East Cambridgeshire 006,40.0,1,252.0,100.80000000000001,1364.0
E02003755,6.0,8.0,18.18,49.32,1.47,1.01,95.7,1.83,Micropolitan,0,0,0,0,1,0,East of England,10,Huntingdonshire 003,45.0,1,198.0,89.10000000000001,1026.0
E02006877,5.0,6.0,30.86,48.19,7.37,4.31,82.63,5.69,LargeCentralMetro,1,0,0,0,0,0,East of England,8,Peterborough 022,34.0,1,162.0,55.080000000000005,1077.0
E02003249,2.0,5.0,,45.45,19.12,4.65,67.55,8.68,LargeCentralMetro,1,0,0,0,0,0,East of England,,Peterborough 013,,1,0.0,0.0,550.0
E02003237,8.0,6.0,15.62,49.42,2.68,0.94,93.8,2.58,Micropolitan,0,0,0,0,1,0,East of England,10,Peterborough 001,50.0,1,256.0,128.0,1625.0
E02006878,5.0,6.0,,,8.98,7.49,76.01,7.52,LargeCentralMetro,1,0,0,0,0,0,East of England,,Peterborough 023,,1,0.0,0.0,0.0
E02003242,5.0,6.0,,,5.51,2.18,88.25,4.06,LargeCentralMetro,1,0,0,0,0,0,East of England,,Peterborough 006,,1,0.0,0.0,0.0
E02003248,5.0,4.0,0.0,15.94,47.12,2.29,43.02,7.57,LargeCentralMetro,1,0,0,0,0,0,East of England,,Peterborough 012,0.0,1,1.0,0.0,138.0
E02003255,5.0,5.0,32.16,50.93,5.97,4.33,85.27,4.43,LargeCentralMetro,1,0,0,0,0,0,East of England,5,Peterborough 019,29.0,1,227.0,65.83,1400.0
E02003257,1.0,8.0,38.62,51.63,3.38,7.45,82.1,7.07,LargeCentralMetro,1,0,0,0,0,0,East of England,6,Peterborough 021,36.0,1,145.0,52.199999999999996,858.0
E02002589,7.0,5.0,34.09,51.59,0.77,0.16,98.26,0.82,LargeCentralMetro,1,0,0,0,0,0,North West,7,Halton 016,28.0,1,220.0,61.60000000000001,1099.0
E02002578,4.0,9.0,30.16,48.27,1.73,0.26,95.99,2.02,LargeCentralMetro,1,0,0,0,0,0,North West,5,Halton 005,37.43,2,567.0,212.22,3029.0
E02002587,3.0,9.0,67.46,48.62,0.73,0.17,96.71,2.39,LargeCentralMetro,1,0,0,0,0,0,North West,5,Halton 014,33.0,1,126.0,41.580000000000005,979.0
E02002579,3.0,9.0,45.31,51.2,0.52,0.22,97.6,1.66,LargeCentralMetro,1,0,0,0,0,0,North West,7,Halton 006,32.0,1,128.0,40.96,668.0
E02002609,3.0,9.0,26.53,48.65,2.69,0.94,93.53,2.83,LargeCentralMetro,1,0,0,0,0,0,North West,2,Warrington 020,33.0,2,147.0,48.510000000000005,777.0
E02002598,10.0,4.0,13.06,48.2,7.93,0.77,88.45,2.85,LargeCentralMetro,1,0,0,0,0,0,North West,5,Warrington 009,55.0,1,291.0,160.05,1838.0
E02002603,8.0,7.0,9.3,50.3,2.81,0.35,95.66,1.18,LargeCentralMetro,1,0,0,0,0,0,North West,9,Warrington 014,65.0,1,43.0,27.95,499.0
E02002610,9.0,4.0,11.95,49.97,1.92,0.26,95.25,2.57,LargeCentralMetro,1,0,0,0,0,0,North West,8,Warrington 021,67.0,1,293.0,196.31,1863.0
E02002612,8.0,4.0,7.39,47.41,1.78,0.29,95.74,2.18,LargeCentralMetro,1,0,0,0,0,0,North West,3,Warrington 023,60.0,1,284.0,170.4,1605.0
E02002607,4.0,8.0,,17.11,6.07,1.47,88.45,4.01,LargeCentralMetro,1,0,0,0,0,0,North West,,Warrington 018,,1,0.0,0.0,187.0
E02002608,9.0,7.0,,,1.63,0.26,96.82,1.3,LargeCentralMetro,1,0,0,0,0,0,North West,,Warrington 019,,1,0.0,0.0,0.0
E02002605,6.0,6.0,10.4,53.46,3.92,0.84,93.48,1.76,LargeCentralMetro,1,0,0,0,0,0,North West,6,Warrington 016,53.0,1,173.0,91.69,896.0
E02002594,6.0,8.0,23.12,45.86,2.7,0.78,93.5,3.03,LargeCentralMetro,1,0,0,0,0,0,North West,3,Warrington 005,35.0,1,199.0,69.64999999999999,1062.0
E02002600,4.0,9.0,40.98,47.1,1.71,0.86,94.6,2.84,LargeCentralMetro,1,0,0,0,0,0,North West,3,Warrington 011,22.0,1,122.0,26.84,809.0
E02002590,8.0,4.0,14.36,51.94,2.13,0.98,94.23,2.65,LargeCentralMetro,1,0,0,0,0,0,North West,5,Warrington 001,56.0,1,202.0,113.12,1111.0
E02004208,7.0,4.0,20.78,50.49,0.76,0.19,97.73,1.32,LargeCentralMetro,1,0,0,0,0,0,South West,10,Teignbridge 008,31.0,1,154.0,47.74,1012.0
E02004193,8.0,3.0,11.9,44.88,0.42,0.09,98.32,1.17,LargeCentralMetro,1,0,0,0,0,0,South West,9,South Hams 005,53.0,1,353.0,187.09,2402.0
E02007027,8.0,3.0,24.29,48.15,1.14,0.32,96.44,2.1,MediumMetro,0,0,1,0,0,0,South West,10,East Devon 021,47.0,1,140.0,65.8,866.0
E02004161,4.0,7.0,26.72,53.46,6.2,0.78,89.42,3.6,LargeCentralMetro,1,0,0,0,0,0,South West,7,Exeter 013,44.0,1,116.0,51.04,679.0
E02004198,6.0,5.0,13.93,49.86,0.83,0.21,97.98,0.99,SmallMetro,0,0,0,1,0,0,South West,10,South Hams 010,62.0,1,201.0,124.62,1418.0
E02004212,6.0,6.0,22.89,49.92,0.89,0.19,96.99,1.93,LargeCentralMetro,1,0,0,0,0,0,South West,10,Teignbridge 012,35.2,2,284.0,99.97999999999999,1945.0
E02004136,9.0,4.0,12.57,47.66,0.91,0.12,97.2,1.78,MediumMetro,0,0,1,0,0,0,South West,8,East Devon 008,56.0,1,183.0,102.48,1133.0
E02004166,8.0,4.0,13.64,48.28,0.37,0.04,98.36,1.22,MediumMetro,0,0,1,0,0,0,South West,8,Mid Devon 003,65.0,1,198.0,128.70000000000002,1015.0
E02004150,6.0,6.0,32.58,45.75,5.82,1.25,88.48,4.45,LargeCentralMetro,1,0,0,0,0,0,South West,10,Exeter 002,45.0,1,132.0,59.4,824.0
E02004130,5.0,8.0,14.18,47.66,1.57,0.34,96.53,1.56,LargeCentralMetro,1,0,0,0,0,0,South West,8,East Devon 002,48.0,1,134.0,64.32,726.0
E02004174,6.0,6.0,18.01,52.28,0.76,0.2,97.65,1.4,MediumMetro,0,0,1,0,0,0,South West,3,Mid Devon 011,45.0,1,211.0,94.95,1358.0
E02004175,5.0,8.0,26.53,52.19,0.56,0.21,97.22,2.0,LargeFringeMetro,0,1,0,0,0,0,South West,7,North Devon 001,30.0,1,147.0,44.1,958.0
E02004225,5.0,5.0,14.29,48.97,0.4,0.1,98.36,1.14,SmallMetro,0,0,0,1,0,0,South West,10,Torridge 006,48.0,1,112.0,53.76,682.0
E02004187,6.0,4.0,16.52,45.21,0.9,0.34,97.24,1.52,SmallMetro,0,0,0,1,0,0,South West,6,North Devon 013,50.0,1,115.0,57.5,606.0
E02004159,8.0,4.0,18.4,48.61,3.98,0.6,92.37,3.05,LargeCentralMetro,1,0,0,0,0,0,South West,10,Exeter 011,60.0,1,250.0,150.0,1259.0
E02004214,4.0,8.0,26.09,10.69,2.53,0.16,95.53,1.77,LargeCentralMetro,1,0,0,0,0,0,South West,10,Teignbridge 014,30.0,1,46.0,13.799999999999999,159.0
E02004179,8.0,3.0,12.82,44.46,1.55,0.81,95.49,2.14,SmallMetro,0,0,0,1,0,0,South West,9,North Devon 005,43.0,1,117.0,50.31,668.0
E02004213,6.0,7.0,12.82,50.42,0.72,0.6,97.03,1.65,LargeCentralMetro,1,0,0,0,0,0,South West,10,Teignbridge 013,36.0,1,195.0,70.2,1079.0
E02004144,7.0,6.0,17.54,49.54,0.34,0.13,98.41,1.12,LargeCentralMetro,1,0,0,0,0,0,South West,2,East Devon 016,41.0,1,382.0,156.62,2273.0
E02004188,7.0,3.0,20.69,49.08,0.68,0.14,98.32,0.86,SmallMetro,0,0,0,1,0,0,South West,8,North Devon 014,50.0,1,116.0,58.0,546.0
E02004133,6.0,6.0,,,1.29,0.11,97.07,1.53,SmallMetro,0,0,0,1,0,0,South West,,East Devon 005,,1,0.0,0.0,0.0
E02004223,4.0,7.0,24.24,48.32,0.42,0.14,98.36,1.08,LargeFringeMetro,0,1,0,0,0,0,South West,10,Torridge 004,33.0,1,231.0,76.23,1308.0
E02004217,5.0,5.0,15.51,45.33,0.63,0.13,97.15,2.09,Micropolitan,0,0,0,0,1,0,South West,10,Teignbridge 017,41.0,1,245.0,100.44999999999999,1381.0
E02004181,5.0,8.0,16.8,49.26,2.36,0.72,95.11,1.82,LargeFringeMetro,0,1,0,0,0,0,South West,3,North Devon 007,37.0,1,256.0,94.72,1287.0
E02003136,9.0,6.0,17.11,49.82,0.52,0.06,97.92,1.5,LargeCentralMetro,1,0,0,0,0,0,South West,4,Plymouth 015,41.05,2,298.0,122.34,1979.0
E02003133,6.0,8.0,24.05,44.89,1.0,0.49,96.68,1.84,LargeCentralMetro,1,0,0,0,0,0,South West,3,Plymouth 012,22.0,1,158.0,34.76,969.0
E02003153,8.0,4.0,18.46,48.76,0.43,1.0,97.08,1.49,LargeCentralMetro,1,0,0,0,0,0,South West,8,Plymouth 032,48.48,2,390.0,189.06,2531.0
E02003145,4.0,9.0,48.2,47.65,3.81,1.2,91.5,3.49,LargeCentralMetro,1,0,0,0,0,0,South West,8,Plymouth 024,18.0,2,222.0,39.96,1404.0
E02003142,2.0,9.0,38.69,51.8,1.68,0.65,94.91,2.75,LargeCentralMetro,1,0,0,0,0,0,South West,5,Plymouth 021,27.0,1,168.0,45.36,1085.0
E02003129,7.0,8.0,17.17,0.0,1.89,1.39,94.84,1.89,LargeCentralMetro,1,0,0,0,0,0,South West,5,Plymouth 008,26.0,1,99.0,25.740000000000002,566.0
E02003132,5.0,8.0,43.38,51.3,2.84,0.41,94.62,2.13,LargeCentralMetro,1,0,0,0,0,0,South West,5,Plymouth 011,10.0,1,136.0,13.600000000000001,846.0
E02003122,8.0,8.0,23.15,98.77,1.78,0.97,95.09,2.16,LargeCentralMetro,1,0,0,0,0,0,South West,3,Plymouth 001,35.0,1,108.0,37.8,734.0
E02003126,5.0,7.0,30.34,49.14,2.45,0.7,94.76,2.09,LargeCentralMetro,1,0,0,0,0,0,South West,10,Plymouth 005,22.0,1,178.0,39.160000000000004,1223.0
E02003128,4.0,9.0,46.84,43.87,2.08,0.69,95.26,1.97,LargeCentralMetro,1,0,0,0,0,0,South West,10,Plymouth 007,18.0,1,79.0,14.219999999999999,718.0
E02003155,5.0,8.0,34.31,54.78,1.73,0.2,96.5,1.56,LargeFringeMetro,0,1,0,0,0,0,South West,7,Torbay 002,34.0,1,137.0,46.580000000000005,920.0
E02003158,3.0,8.0,42.28,51.01,1.34,0.45,96.18,2.03,LargeFringeMetro,0,1,0,0,0,0,South West,4,Torbay 005,30.0,1,149.0,44.699999999999996,892.0
E02003157,2.0,9.0,36.64,42.1,2.73,0.7,93.98,2.59,LargeFringeMetro,0,1,0,0,0,0,South West,8,Torbay 004,50.0,1,131.0,65.5,1202.0
E02003166,2.0,8.0,30.98,47.13,1.1,0.19,96.65,2.05,LargeFringeMetro,0,1,0,0,0,0,South West,4,Torbay 013,23.0,1,184.0,42.32,1324.0
E02003170,5.0,6.0,16.46,49.95,0.71,0.32,97.45,1.53,LargeFringeMetro,0,1,0,0,0,0,South West,10,Torbay 017,40.0,1,158.0,63.2,1073.0
E02004456,4.0,5.0,24.0,49.34,3.12,1.86,91.87,3.15,LargeCentralMetro,1,0,0,0,0,0,East of England,8,Braintree 011,38.0,1,200.0,76.0,833.0
E02004467,5.0,4.0,13.89,48.12,5.0,2.85,87.98,4.17,LargeCentralMetro,1,0,0,0,0,0,East of England,7,Brentwood 004,55.0,1,144.0,79.2,746.0
E02004549,4.0,6.0,20.38,55.64,4.78,4.8,85.61,4.8,LargeCentralMetro,1,0,0,0,0,0,East of England,9,Harlow 006,38.0,1,157.0,59.660000000000004,976.0
E02004537,4.0,5.0,18.51,49.13,4.14,3.91,85.36,6.59,LargeCentralMetro,1,0,0,0,0,0,East of England,10,Epping Forest 011,54.39,2,335.0,182.20000000000002,2135.0
E02004430,8.0,2.0,13.3,48.58,2.03,2.0,93.5,2.48,LargeCentralMetro,1,0,0,0,0,0,East of England,10,Basildon 007,45.0,1,233.0,104.85000000000001,1266.0
E02004542,7.0,1.0,20.97,49.57,26.28,2.7,62.59,8.43,LargeCentralMetro,1,0,0,0,0,0,East of England,4,Epping Forest 016,48.0,1,186.0,89.28,1176.0
E02004451,8.0,6.0,22.22,47.64,0.92,0.26,97.17,1.65,LargeCentralMetro,1,0,0,0,0,0,East of England,10,Braintree 006,37.0,1,90.0,33.3,550.0
E02004458,8.0,3.0,20.76,51.71,1.48,0.95,95.49,2.08,LargeCentralMetro,1,0,0,0,0,0,East of England,10,Braintree 013,40.0,1,236.0,94.4,1466.0
E02004497,8.0,4.0,15.09,49.09,3.89,1.3,92.49,2.31,LargeCentralMetro,1,0,0,0,0,0,East of England,10,Chelmsford 013,42.0,1,212.0,89.03999999999999,1269.0
E02004564,8.0,3.0,22.64,51.23,1.21,0.57,96.53,1.69,LargeCentralMetro,1,0,0,0,0,0,East of England,9,Rochford 002,36.0,1,265.0,95.39999999999999,1581.0
E02004438,2.0,7.0,21.77,51.42,5.86,9.18,79.7,5.26,LargeCentralMetro,1,0,0,0,0,0,East of England,9,Basildon 015,39.0,1,147.0,57.330000000000005,739.0
E02004474,7.0,4.0,,,2.31,1.72,93.43,2.54,LargeCentralMetro,1,0,0,0,0,0,East of England,,Castle Point 002,,1,0.0,0.0,0.0
E02004459,8.0,5.0,14.76,48.36,0.63,0.28,97.14,1.95,MediumMetro,0,0,1,0,0,0,East of England,10,Braintree 014,40.0,1,210.0,84.0,1007.0
E02004448,7.0,6.0,18.42,47.03,0.86,0.49,97.01,1.65,SmallMetro,0,0,0,1,0,0,East of England,10,Braintree 003,49.0,1,190.0,93.1,1112.0
E02004470,7.0,4.0,6.79,98.23,8.63,3.8,81.3,6.27,LargeCentralMetro,1,0,0,0,0,0,East of England,7,Brentwood 007,79.0,1,162.0,127.98,1074.0
E02004575,7.0,4.0,19.18,56.43,0.51,0.31,97.35,1.83,MediumMetro,0,0,1,0,0,0,East of England,10,Tendring 003,59.0,1,146.0,86.14,785.0
E02004462,6.0,7.0,25.28,47.42,2.94,2.79,90.74,3.53,LargeCentralMetro,1,0,0,0,0,0,East of England,9,Braintree 017,39.0,1,178.0,69.42,1029.0
E02004574,3.0,7.0,,,1.22,0.36,96.48,1.95,LargeCentralMetro,1,0,0,0,0,0,East of England,,Tendring 002,,1,0.0,0.0,0.0
E02004596,7.0,3.0,21.88,46.52,2.56,1.31,92.19,3.94,Micropolitan,0,0,0,0,1,0,East of England,10,Uttlesford 006,28.0,1,64.0,17.92,417.0
E02004514,8.0,5.0,16.05,49.35,6.6,2.08,87.29,4.03,LargeCentralMetro,1,0,0,0,0,0,East of England,9,Colchester 009,56.0,1,162.0,90.72000000000001,843.0
E02004468,10.0,2.0,12.38,48.46,6.85,1.22,87.59,4.34,LargeCentralMetro,1,0,0,0,0,0,East of England,10,Brentwood 005,55.47,2,420.0,232.96,2827.0
E02004586,3.0,9.0,37.23,47.61,1.79,0.87,95.26,2.07,LargeCentralMetro,1,0,0,0,0,0,East of England,10,Tendring 014,32.0,1,231.0,73.92,1550.0
E02004490,2.0,7.0,17.46,46.58,9.26,5.64,80.45,4.65,LargeCentralMetro,1,0,0,0,0,0,East of England,8,Chelmsford 006,48.0,1,189.0,90.72,1142.0
E02004495,6.0,2.0,42.73,54.1,2.48,0.88,94.1,2.54,Micropolitan,0,0,0,0,1,0,East of England,10,Chelmsford 011,24.0,1,110.0,26.4,780.0
E02004507,6.0,8.0,16.73,48.77,6.27,3.67,85.05,5.02,LargeCentralMetro,1,0,0,0,0,0,East of England,10,Colchester 002,52.0,1,263.0,136.76,1425.0
E02004551,3.0,6.0,29.35,48.28,3.26,4.66,86.99,5.09,LargeCentralMetro,1,0,0,0,0,0,East of England,9,Harlow 008,32.0,1,201.0,64.32000000000001,1077.0
E02004424,10.0,1.0,9.47,49.84,3.08,0.7,93.39,2.83,LargeCentralMetro,1,0,0,0,0,0,East of England,10,Basildon 001,51.0,1,243.0,123.93,1529.0
E02004443,6.0,5.0,37.25,45.02,13.35,6.8,75.2,4.66,LargeCentralMetro,1,0,0,0,0,0,East of England,9,Basildon 020,34.0,1,255.0,86.7,1477.0
E02004517,6.0,6.0,13.51,47.22,4.03,2.6,90.61,2.76,LargeCentralMetro,1,0,0,0,0,0,East of England,10,Colchester 012,47.0,1,222.0,104.33999999999999,1152.0
E02004523,4.0,8.0,32.84,49.43,3.54,4.73,87.74,3.99,LargeCentralMetro,1,0,0,0,0,0,East of England,9,Colchester 018,36.0,1,134.0,48.239999999999995,783.0
E02004512,4.0,7.0,33.71,51.35,7.82,3.67,81.96,6.55,LargeCentralMetro,1,0,0,0,0,0,East of England,7,Colchester 007,35.0,1,178.0,62.3,888.0
E02004439,2.0,5.0,54.39,46.92,5.25,7.31,82.52,4.92,LargeCentralMetro,1,0,0,0,0,0,East of England,8,Basildon 016,30.0,1,114.0,34.199999999999996,812.0
E02006922,5.0,8.0,47.32,52.01,4.38,3.25,88.63,3.74,LargeCentralMetro,1,0,0,0,0,0,East of England,10,Colchester 022,36.0,1,112.0,40.32,648.0
E02006980,8.0,2.0,13.67,47.97,1.16,0.48,96.3,2.06,LargeCentralMetro,1,0,0,0,0,0,East of England,10,Rochford 011,50.0,1,256.0,128.0,1380.0
E02004498,4.0,4.0,16.36,47.54,4.79,2.59,88.97,3.65,LargeCentralMetro,1,0,0,0,0,0,East of England,9,Chelmsford 014,51.0,1,220.0,112.2,1405.0
E02004585,3.0,8.0,53.63,49.1,1.24,0.83,96.11,1.82,LargeCentralMetro,1,0,0,0,0,0,East of England,10,Tendring 013,13.0,1,248.0,32.24,1385.0
E02004488,8.0,2.0,15.16,50.75,8.4,3.98,83.46,4.15,LargeCentralMetro,1,0,0,0,0,0,East of England,10,Chelmsford 004,52.0,1,244.0,126.88000000000001,1464.0
E02004530,6.0,2.0,,57.27,1.26,0.69,94.85,3.2,MediumMetro,0,0,1,0,0,0,East of England,,Epping Forest 004,,1,0.0,0.0,220.0
E02004593,9.0,2.0,10.19,49.35,1.04,0.45,96.21,2.31,Micropolitan,0,0,0,0,1,0,East of England,9,Uttlesford 003,58.0,1,157.0,91.05999999999999,851.0
E02004558,4.0,6.0,25.98,48.23,1.97,0.3,95.31,2.42,LargeCentralMetro,1,0,0,0,0,0,East of England,9,Maldon 004,33.0,1,281.0,92.73,1696.0
E02004525,6.0,3.0,18.35,49.34,0.86,0.57,96.84,1.73,MediumMetro,0,0,1,0,0,0,East of England,10,Colchester 020,38.0,1,158.0,60.04,1068.0
E02004580,4.0,5.0,22.73,48.95,0.92,0.42,97.13,1.53,LargeFringeMetro,0,1,0,0,0,0,East of England,9,Tendring 008,37.0,1,308.0,113.96,1863.0
E02004478,5.0,7.0,11.64,51.51,2.11,1.14,94.4,2.36,LargeCentralMetro,1,0,0,0,0,0,East of England,10,Castle Point 006,54.0,1,318.0,171.72,2087.0
E02004568,7.0,3.0,18.62,53.92,1.64,0.79,95.04,2.53,LargeCentralMetro,1,0,0,0,0,0,East of England,10,Rochford 006,44.0,1,247.0,108.68,1480.0
E02004534,4.0,4.0,36.17,50.79,3.46,6.22,81.91,8.41,LargeCentralMetro,1,0,0,0,0,0,East of England,10,Epping Forest 008,35.0,1,94.0,32.9,571.0
E02004429,8.0,5.0,24.26,48.91,2.41,1.39,94.48,1.72,LargeCentralMetro,1,0,0,0,0,0,East of England,9,Basildon 006,33.0,1,169.0,55.77,1010.0
E02004591,10.0,4.0,9.46,51.46,1.89,0.45,95.3,2.36,LargeFringeMetro,0,1,0,0,0,0,East of England,10,Uttlesford 001,54.0,1,296.0,159.84,2087.0
E02004562,5.0,1.0,27.2,50.99,1.1,0.36,96.78,1.76,Noncore,0,0,0,0,0,1,East of England,9,Maldon 008,34.0,1,125.0,42.5,957.0
E02004436,1.0,9.0,56.08,48.43,2.73,8.79,84.36,4.11,LargeCentralMetro,1,0,0,0,0,0,East of England,9,Basildon 013,28.0,1,148.0,41.440000000000005,510.0
E02004553,3.0,5.0,29.65,49.29,4.08,7.5,82.8,5.62,LargeCentralMetro,1,0,0,0,0,0,East of England,10,Harlow 010,34.0,1,199.0,67.66000000000001,1055.0
E02004486,8.0,5.0,19.59,44.5,9.57,3.69,83.4,3.34,LargeCentralMetro,1,0,0,0,0,0,East of England,10,Chelmsford 002,42.0,1,194.0,81.48,1191.0
E02004460,6.0,7.0,39.13,51.3,1.74,1.28,93.54,3.44,LargeCentralMetro,1,0,0,0,0,0,East of England,10,Braintree 015,16.0,1,92.0,14.72,579.0
E02004570,7.0,4.0,14.34,47.25,1.65,0.87,95.04,2.44,LargeCentralMetro,1,0,0,0,0,0,East of England,9,Rochford 008,45.0,1,272.0,122.4,1452.0
E02004496,9.0,4.0,15.1,51.7,7.05,1.73,87.42,3.8,LargeCentralMetro,1,0,0,0,0,0,East of England,10,Chelmsford 012,51.0,1,245.0,124.95,1468.0
E02004546,3.0,5.0,30.84,51.11,8.07,6.47,80.22,5.24,LargeCentralMetro,1,0,0,0,0,0,East of England,10,Harlow 003,47.0,1,214.0,100.58,1127.0
E02004465,8.0,5.0,13.93,48.91,2.47,1.38,93.27,2.88,MediumMetro,0,0,1,0,0,0,East of England,10,Brentwood 002,46.0,1,201.0,92.46000000000001,1372.0
E02004503,8.0,1.0,13.24,48.03,1.17,1.17,95.68,1.97,LargeCentralMetro,1,0,0,0,0,0,East of England,10,Chelmsford 019,39.0,1,287.0,111.93,1520.0
E02004475,7.0,4.0,21.21,48.29,2.37,2.58,93.07,1.98,LargeCentralMetro,1,0,0,0,0,0,East of England,10,Castle Point 003,46.0,1,231.0,106.26,1464.0
E02004427,9.0,2.0,11.91,47.5,2.64,0.94,94.14,2.28,LargeCentralMetro,1,0,0,0,0,0,East of England,10,Basildon 004,40.0,1,277.0,110.80000000000001,1682.0
E02004453,3.0,6.0,21.59,49.45,2.12,1.75,93.11,3.02,LargeCentralMetro,1,0,0,0,0,0,East of England,10,Braintree 008,34.0,1,176.0,59.84,825.0
E02003283,5.0,7.0,15.97,0.0,5.28,1.41,89.94,3.37,LargeCentralMetro,1,0,0,0,0,0,East of England,3,Southend-on-Sea 005,58.0,1,144.0,83.52,992.0
E02003279,7.0,5.0,16.77,47.27,2.83,1.24,93.67,2.26,LargeCentralMetro,1,0,0,0,0,0,East of England,3,Southend-on-Sea 001,63.0,1,161.0,101.43,880.0
E02003286,9.0,3.0,18.7,49.81,1.61,0.51,95.22,2.66,LargeCentralMetro,1,0,0,0,0,0,East of England,3,Southend-on-Sea 008,38.0,1,230.0,87.4,1325.0
E02003293,3.0,8.0,12.59,97.25,7.11,5.35,81.43,6.11,LargeCentralMetro,1,0,0,0,0,0,East of England,10,Southend-on-Sea 015,61.0,1,143.0,87.23,872.0
E02003282,6.0,7.0,47.64,47.1,10.82,3.17,81.78,4.23,LargeCentralMetro,1,0,0,0,0,0,East of England,1,Southend-on-Sea 004,17.0,1,191.0,32.47,1087.0
E02003295,5.0,5.0,36.3,48.82,4.02,2.51,90.06,3.4,LargeCentralMetro,1,0,0,0,0,0,East of England,7,Southend-on-Sea 017,35.0,1,270.0,94.5,1694.0
E02003300,5.0,2.0,22.11,45.43,3.19,4.5,89.25,3.06,LargeCentralMetro,1,0,0,0,0,0,East of England,10,Thurrock 005,51.0,1,199.0,101.49,1105.0
E02003309,7.0,3.0,35.48,37.2,9.89,8.32,76.95,4.85,LargeCentralMetro,1,0,0,0,0,0,East of England,3,Thurrock 014,33.0,1,124.0,40.92,715.0
E02003311,4.0,4.0,22.81,100.0,14.12,11.74,67.44,6.7,LargeCentralMetro,1,0,0,0,0,0,East of England,3,Thurrock 016,53.0,1,114.0,60.42,558.0
E02007005,3.0,2.0,,,10.49,21.12,62.18,6.21,LargeCentralMetro,1,0,0,0,0,0,East of England,,Thurrock 022,,1,0.0,0.0,0.0
E02006859,8.0,2.0,10.0,47.81,14.78,20.21,57.82,7.18,LargeCentralMetro,1,0,0,0,0,0,East of England,6,Thurrock 019,53.0,1,180.0,95.4,1276.0
E02003303,5.0,4.0,49.25,42.22,5.92,10.96,78.71,4.41,MediumMetro,0,0,1,0,0,0,East of England,9,Thurrock 008,22.0,1,67.0,14.74,540.0
E02003307,3.0,6.0,50.92,48.19,4.11,10.35,81.2,4.34,LargeCentralMetro,1,0,0,0,0,0,East of England,2,Thurrock 012,31.0,1,163.0,50.53,996.0
E02003304,5.0,4.0,17.6,44.24,8.41,6.63,80.88,4.07,LargeCentralMetro,1,0,0,0,0,0,East of England,10,Thurrock 009,43.0,1,233.0,100.19,1198.0
E02002923,7.0,3.0,17.81,48.93,0.83,0.22,97.33,1.62,SmallMetro,0,0,0,1,0,0,West Midlands,6,Herefordshire 019,58.0,1,146.0,84.67999999999999,842.0
E02002914,6.0,5.0,16.76,45.55,0.65,0.28,97.59,1.48,LargeFringeMetro,0,1,0,0,0,0,West Midlands,3,Herefordshire 010,38.0,1,173.0,65.74,865.0
E02002905,7.0,3.0,12.09,48.78,0.5,0.08,98.4,1.02,Noncore,0,0,0,0,0,1,West Midlands,10,Herefordshire 001,54.0,1,91.0,49.14,451.0
E02002909,7.0,4.0,20.55,44.97,0.73,0.15,97.86,1.26,MediumMetro,0,0,1,0,0,0,West Midlands,5,Herefordshire 005,32.0,1,73.0,23.36,318.0
E02002924,7.0,4.0,15.91,51.67,0.4,0.1,98.23,1.27,Noncore,0,0,0,0,0,1,West Midlands,9,Herefordshire 020,58.0,1,88.0,51.04,478.0
E02002919,5.0,7.0,34.62,48.25,2.08,0.72,94.84,2.37,LargeFringeMetro,0,1,0,0,0,0,West Midlands,6,Herefordshire 015,27.0,1,104.0,28.080000000000002,686.0
E02002907,5.0,5.0,31.52,48.68,1.07,0.18,96.94,1.81,LargeFringeMetro,0,1,0,0,0,0,West Midlands,6,Herefordshire 003,29.0,1,92.0,26.68,532.0
E02002911,7.0,3.0,24.18,50.8,0.67,0.27,97.76,1.3,SmallMetro,0,0,0,1,0,0,West Midlands,9,Herefordshire 007,48.0,1,91.0,43.68,500.0
E02002926,6.0,6.0,14.14,51.72,0.77,0.22,97.35,1.66,LargeFringeMetro,0,1,0,0,0,0,West Midlands,5,Herefordshire 022,42.0,1,198.0,83.16,1365.0
E02002925,7.0,3.0,12.86,48.82,0.61,0.28,97.82,1.3,SmallMetro,0,0,0,1,0,0,West Midlands,9,Herefordshire 021,49.0,1,70.0,34.3,340.0
E02002918,9.0,5.0,6.83,49.09,1.98,0.29,96.02,1.71,LargeFringeMetro,0,1,0,0,0,0,West Midlands,5,Herefordshire 014,57.0,1,205.0,116.85,1104.0
E02002912,8.0,4.0,11.33,52.93,0.87,0.21,97.64,1.28,Noncore,0,0,0,0,0,1,West Midlands,9,Herefordshire 008,61.0,1,150.0,91.5,752.0
E02002915,8.0,5.0,17.89,53.65,2.65,0.91,94.31,2.13,LargeFringeMetro,0,1,0,0,0,0,West Midlands,3,Herefordshire 011,32.0,1,95.0,30.400000000000002,384.0
E02002910,7.0,3.0,11.59,48.52,0.85,0.14,97.87,1.13,SmallMetro,0,0,0,1,0,0,West Midlands,5,Herefordshire 006,35.0,1,69.0,24.15,338.0
E02006710,7.0,5.0,21.62,47.09,0.2,0.25,98.37,1.18,Noncore,0,0,0,0,0,1,West Midlands,10,Malvern Hills 001,42.0,1,74.0,31.08,344.0
E02006696,10.0,4.0,10.48,48.89,6.19,0.53,89.44,3.84,LargeCentralMetro,1,0,0,0,0,0,West Midlands,10,Bromsgrove 001,64.5,2,334.0,215.43,2250.0
E02006746,7.0,6.0,15.79,49.15,6.26,0.68,89.46,3.6,LargeCentralMetro,1,0,0,0,0,0,West Midlands,5,Worcester 013,57.56,2,456.0,262.49,2366.0
E02006714,8.0,4.0,14.37,49.61,1.23,0.22,97.15,1.4,Micropolitan,0,0,0,0,1,0,West Midlands,10,Malvern Hills 005,52.0,1,160.0,83.2,1022.0
E02006699,7.0,4.0,17.26,49.65,2.64,0.85,92.26,4.26,LargeCentralMetro,1,0,0,0,0,0,West Midlands,8,Bromsgrove 004,44.0,1,168.0,73.92,1007.0
E02006718,7.0,6.0,19.34,49.7,1.97,0.69,95.91,1.44,LargeCentralMetro,1,0,0,0,0,0,West Midlands,7,Malvern Hills 009,50.0,1,212.0,106.0,1352.0
E02006737,5.0,6.0,27.34,49.16,4.18,1.05,92.28,2.48,LargeCentralMetro,1,0,0,0,0,0,West Midlands,4,Worcester 004,43.47,2,289.0,125.62,1792.0
E02006711,8.0,3.0,7.19,46.51,0.75,0.18,97.47,1.61,Micropolitan,0,0,0,0,1,0,West Midlands,10,Malvern Hills 002,58.0,1,139.0,80.61999999999999,716.0
E02006773,5.0,9.0,29.65,48.07,1.97,0.61,95.14,2.29,LargeCentralMetro,1,0,0,0,0,0,West Midlands,10,Wyre Forest 007,38.0,1,172.0,65.36,1061.0
E02006772,6.0,8.0,,,1.11,0.37,96.59,1.93,LargeCentralMetro,1,0,0,0,0,0,West Midlands,,Wyre Forest 006,,1,0.0,0.0,0.0
E02006733,8.0,5.0,11.06,50.54,1.87,0.56,94.9,2.68,LargeCentralMetro,1,0,0,0,0,0,West Midlands,8,Redditch 013,66.0,1,199.0,131.34,922.0
E02006762,7.0,5.0,14.01,49.56,0.98,0.31,96.71,1.99,LargeCentralMetro,1,0,0,0,0,0,West Midlands,8,Wychavon 015,52.0,1,307.0,159.64000000000001,1263.0
E02006707,10.0,4.0,12.88,50.48,3.51,0.5,93.08,2.92,LargeCentralMetro,1,0,0,0,0,0,West Midlands,10,Bromsgrove 012,50.0,1,326.0,163.0,1363.0
E02006698,7.0,8.0,15.27,45.22,1.48,1.09,94.81,2.62,LargeCentralMetro,1,0,0,0,0,0,West Midlands,8,Bromsgrove 003,28.0,1,131.0,36.68000000000001,743.0
E02006751,6.0,7.0,23.29,46.54,1.21,0.6,96.78,1.41,LargeCentralMetro,1,0,0,0,0,0,West Midlands,7,Wychavon 004,42.0,1,249.0,104.58,1214.0
E02006759,5.0,7.0,15.45,51.71,0.9,0.19,97.63,1.27,Micropolitan,0,0,0,0,1,0,West Midlands,10,Wychavon 012,51.0,1,220.0,112.2,1079.0
E02006767,7.0,6.0,26.37,47.46,3.59,0.3,94.32,1.79,LargeFringeMetro,0,1,0,0,0,0,West Midlands,10,Wyre Forest 001,37.0,1,91.0,33.67,590.0
E02006724,4.0,9.0,32.08,48.45,23.97,3.04,68.07,4.92,LargeCentralMetro,1,0,0,0,0,0,West Midlands,10,Redditch 004,33.0,1,240.0,79.2,906.0
E02006727,7.0,8.0,38.51,48.73,7.24,1.3,89.29,2.17,LargeCentralMetro,1,0,0,0,0,0,West Midlands,10,Redditch 007,22.0,1,161.0,35.42,671.0
E02006745,7.0,5.0,18.42,49.84,1.95,0.63,95.04,2.38,LargeCentralMetro,1,0,0,0,0,0,West Midlands,10,Worcester 012,44.0,1,228.0,100.32000000000001,1266.0
E02006771,7.0,6.0,19.14,46.7,0.77,0.13,97.84,1.26,Noncore,0,0,0,0,0,1,West Midlands,10,Wyre Forest 005,40.0,1,162.0,64.8,938.0
E02006715,6.0,5.0,35.71,45.37,1.52,0.36,96.01,2.12,LargeCentralMetro,1,0,0,0,0,0,West Midlands,7,Malvern Hills 006,24.0,1,84.0,20.16,659.0
E02006778,6.0,7.0,21.05,51.17,0.85,0.11,97.92,1.11,LargeCentralMetro,1,0,0,0,0,0,West Midlands,10,Wyre Forest 012,42.0,1,190.0,79.8,1151.0
E02006729,5.0,8.0,25.0,47.58,2.79,1.01,92.73,3.47,LargeCentralMetro,1,0,0,0,0,0,West Midlands,10,Redditch 009,35.0,1,148.0,51.8,433.0
E02005072,9.0,3.0,13.04,51.06,5.75,1.03,89.79,3.43,LargeCentralMetro,1,0,0,0,0,0,South East,10,Maidstone 005,30.0,1,207.0,62.099999999999994,1514.0
E02006856,6.0,7.0,32.35,45.67,6.87,3.38,82.22,7.53,LargeFringeMetro,0,1,0,0,0,0,South East,8,Canterbury 020,23.0,1,204.0,46.92,1765.0
E02005042,5.0,7.0,26.21,47.59,1.2,0.44,96.55,1.82,LargeFringeMetro,0,1,0,0,0,0,South East,10,Dover 002,21.0,1,248.0,52.08,1431.0
E02006833,6.0,5.0,25.0,41.63,1.86,0.69,94.71,2.73,LargeCentralMetro,1,0,0,0,0,0,South East,10,Tonbridge and Malling 014,19.0,1,120.0,22.8,723.0
E02005066,8.0,1.0,21.95,46.11,2.64,0.92,94.35,2.09,Micropolitan,0,0,0,0,1,0,South East,10,Gravesham 012,29.0,1,82.0,23.779999999999998,553.0
E02005028,3.0,6.0,33.87,18.32,15.26,19.75,58.42,6.57,LargeCentralMetro,1,0,0,0,0,0,South East,8,Dartford 001,21.0,1,62.0,13.02,191.0
E02005136,5.0,9.0,62.0,46.69,1.64,0.52,95.15,2.69,LargeFringeMetro,0,1,0,0,0,0,South East,9,Thanet 005,6.0,1,150.0,9.0,876.0
E02005139,6.0,7.0,27.97,46.97,1.35,0.39,96.2,2.05,LargeFringeMetro,0,1,0,0,0,0,South East,10,Thanet 008,16.0,1,143.0,22.88,760.0
E02005166,4.0,6.0,31.3,46.47,6.84,1.59,87.72,3.85,LargeFringeMetro,0,1,0,0,0,0,South East,10,Tunbridge Wells 005,31.0,1,131.0,40.61,835.0
E02005138,4.0,8.0,22.86,50.07,1.35,0.52,95.19,2.94,LargeFringeMetro,0,1,0,0,0,0,South East,10,Thanet 007,27.0,1,105.0,28.35,701.0
E02005113,6.0,8.0,41.53,46.4,0.99,0.33,97.67,1.01,MediumMetro,0,0,1,0,0,0,South East,7,Folkestone and Hythe 012,14.0,1,118.0,16.520000000000003,860.0
E02005109,8.0,6.0,23.62,52.57,0.97,0.22,96.91,1.9,LargeCentralMetro,1,0,0,0,0,0,South East,10,Folkestone and Hythe 008,29.0,1,199.0,57.709999999999994,1324.0
E02005088,2.0,6.0,47.56,50.29,3.73,6.34,86.18,3.74,LargeCentralMetro,1,0,0,0,0,0,South East,8,Sevenoaks 002,20.0,1,82.0,16.400000000000002,517.0
E02005057,5.0,2.0,29.63,48.54,16.74,10.8,65.47,6.99,LargeCentralMetro,1,0,0,0,0,0,South East,10,Gravesham 003,28.0,1,162.0,45.36000000000001,1129.0
E02005073,6.0,7.0,21.3,48.31,6.19,3.7,84.69,5.42,LargeCentralMetro,1,0,0,0,0,0,South East,8,Maidstone 006,34.0,1,169.0,57.46,1151.0
E02005031,3.0,4.0,26.85,42.96,4.89,9.2,81.49,4.41,LargeCentralMetro,1,0,0,0,0,0,South East,10,Dartford 004,37.0,1,108.0,39.96,575.0
E02004996,7.0,5.0,,49.58,2.85,1.88,92.41,2.86,MediumMetro,0,0,1,0,0,0,South East,,Ashford 001,,1,0.0,0.0,361.0
E02005052,4.0,10.0,5.26,39.84,9.35,2.47,82.81,5.38,Noncore,0,0,0,0,0,1,South East,10,Dover 012,37.0,1,76.0,28.12,502.0
E02005162,7.0,4.0,15.65,49.01,1.61,0.59,95.49,2.31,MediumMetro,0,0,1,0,0,0,South East,10,Tunbridge Wells 001,39.0,1,230.0,89.7,1257.0
E02005168,9.0,4.0,10.18,51.44,4.54,0.99,90.14,4.33,LargeFringeMetro,0,1,0,0,0,0,South East,10,Tunbridge Wells 007,65.0,1,226.0,146.9,1497.0
E02005051,2.0,10.0,38.18,51.02,2.05,0.73,94.43,2.79,LargeFringeMetro,0,1,0,0,0,0,South East,10,Dover 011,13.04,2,275.0,35.85,1425.0
E02005022,3.0,6.0,19.59,51.59,7.81,5.37,79.22,7.6,LargeFringeMetro,0,1,0,0,0,0,South East,10,Canterbury 013,19.0,1,148.0,28.12,849.0
E02005075,6.0,7.0,15.15,49.0,10.7,3.35,80.88,5.06,LargeCentralMetro,1,0,0,0,0,0,South East,9,Maidstone 008,34.05,2,264.0,89.9,1645.0
E02005079,8.0,4.0,41.96,47.72,3.47,1.4,92.23,2.9,LargeCentralMetro,1,0,0,0,0,0,South East,10,Maidstone 012,15.0,1,112.0,16.8,570.0
E02005142,5.0,7.0,,,3.7,0.3,93.2,2.81,LargeFringeMetro,0,1,0,0,0,0,South East,,Thanet 011,,1,0.0,0.0,0.0
E02005160,7.0,5.0,17.02,96.95,6.46,0.96,88.42,4.16,LargeCentralMetro,1,0,0,0,0,0,South East,10,Tonbridge and Malling 012,43.0,1,188.0,80.84,1147.0
E02004998,7.0,6.0,26.38,46.21,5.01,2.53,89.84,2.62,LargeCentralMetro,1,0,0,0,0,0,South East,10,Ashford 003,26.0,1,163.0,42.38,1028.0
E02005156,6.0,6.0,,44.9,1.48,0.47,96.13,1.91,Micropolitan,0,0,0,0,1,0,South East,,Tonbridge and Malling 008,,1,0.0,0.0,245.0
E02005035,8.0,5.0,21.27,42.72,11.99,10.1,72.74,5.17,LargeCentralMetro,1,0,0,0,0,0,South East,4,Dartford 008,32.0,1,221.0,70.72,1442.0
E02005038,8.0,6.0,17.5,36.17,3.51,3.0,90.04,3.45,LargeCentralMetro,1,0,0,0,0,0,South East,10,Dartford 011,38.0,1,160.0,60.8,1106.0
E02005127,8.0,5.0,20.33,52.15,1.72,1.97,94.52,1.79,LargeCentralMetro,1,0,0,0,0,0,South East,8,Swale 013,14.0,1,182.0,25.480000000000004,1277.0
E02005040,8.0,6.0,27.95,47.6,4.42,1.2,91.65,2.72,LargeCentralMetro,1,0,0,0,0,0,South East,10,Dartford 013,24.0,1,161.0,38.64,998.0
E02005030,6.0,5.0,33.98,99.72,15.73,13.3,64.63,6.34,LargeCentralMetro,1,0,0,0,0,0,South East,2,Dartford 003,27.0,1,103.0,27.810000000000002,712.0
E02005161,7.0,4.0,21.13,0.0,6.44,0.8,89.1,3.65,LargeCentralMetro,1,0,0,0,0,0,South East,9,Tonbridge and Malling 013,39.0,1,142.0,55.38,673.0
E02005020,5.0,8.0,55.36,50.5,4.1,1.4,91.02,3.48,LargeFringeMetro,0,1,0,0,0,0,South East,9,Canterbury 011,10.0,1,112.0,11.200000000000001,606.0
E02005060,5.0,5.0,28.05,46.73,12.0,7.18,75.39,5.43,LargeCentralMetro,1,0,0,0,0,0,South East,10,Gravesham 006,20.44,2,303.0,61.93,1866.0
E02005083,7.0,4.0,23.24,47.5,1.61,1.26,95.01,2.13,LargeCentralMetro,1,0,0,0,0,0,South East,10,Maidstone 016,19.0,1,241.0,45.79,1480.0
E02005126,6.0,6.0,26.94,48.23,2.01,1.95,93.54,2.5,LargeCentralMetro,1,0,0,0,0,0,South East,8,Swale 012,31.0,1,271.0,84.01,1636.0
E02005125,3.0,6.0,42.46,52.42,0.99,4.28,92.04,2.68,LargeCentralMetro,1,0,0,0,0,0,South East,6,Swale 011,15.0,1,179.0,26.849999999999998,1200.0
E02005098,10.0,2.0,,50.22,4.16,1.01,90.03,4.8,LargeCentralMetro,1,0,0,0,0,0,South East,,Sevenoaks 012,,1,0.0,0.0,462.0
E02005078,7.0,6.0,,,1.25,0.69,96.49,1.58,MediumMetro,0,0,1,0,0,0,South East,,Maidstone 011,,1,0.0,0.0,0.0
E02005154,8.0,2.0,20.69,44.24,2.45,0.73,93.88,2.94,Micropolitan,0,0,0,0,1,0,South East,10,Tonbridge and Malling 006,39.0,1,116.0,45.24,746.0
E02005062,6.0,2.0,37.3,52.02,8.18,5.48,81.77,4.58,LargeCentralMetro,1,0,0,0,0,0,South East,10,Gravesham 008,27.0,1,126.0,34.02,744.0
E02005163,7.0,6.0,17.78,45.49,3.51,0.95,91.63,3.91,LargeFringeMetro,0,1,0,0,0,0,South East,10,Tunbridge Wells 002,55.0,1,180.0,99.00000000000001,1152.0
E02005025,7.0,7.0,20.22,47.21,7.65,3.94,80.87,7.54,LargeFringeMetro,0,1,0,0,0,0,South East,10,Canterbury 016,19.0,1,178.0,33.82,1112.0
E02005008,6.0,5.0,21.71,50.75,1.05,0.35,96.81,1.79,MediumMetro,0,0,1,0,0,0,South East,10,Ashford 013,24.0,1,327.0,78.48,2146.0
E02005012,5.0,8.0,26.88,49.04,1.96,0.35,95.57,2.12,LargeFringeMetro,0,1,0,0,0,0,South East,10,Canterbury 003,26.0,1,253.0,65.78,1564.0
E02005097,10.0,2.0,21.24,56.02,4.93,0.84,89.61,4.62,LargeCentralMetro,1,0,0,0,0,0,South East,9,Sevenoaks 011,28.0,1,226.0,63.28000000000001,1371.0
E02003325,2.0,8.0,40.88,45.15,12.72,9.76,70.14,7.39,LargeCentralMetro,1,0,0,0,0,0,South East,2,Medway 012,18.0,1,181.0,32.58,1216.0
E02003334,3.0,7.0,34.51,48.79,14.99,7.15,71.34,6.52,LargeCentralMetro,1,0,0,0,0,0,South East,2,Medway 021,22.0,1,113.0,24.86,826.0
E02003339,6.0,8.0,32.97,50.09,13.78,4.77,76.82,4.63,LargeCentralMetro,1,0,0,0,0,0,South East,10,Medway 026,22.0,1,185.0,40.7,1116.0
E02003342,6.0,4.0,22.11,51.87,3.6,1.64,92.26,2.51,LargeCentralMetro,1,0,0,0,0,0,South East,10,Medway 029,29.65,2,475.0,140.86,3071.0
E02003321,3.0,6.0,27.62,53.12,4.24,5.19,86.41,4.16,LargeCentralMetro,1,0,0,0,0,0,South East,6,Medway 008,19.0,1,210.0,39.9,1331.0
E02003332,6.0,7.0,39.31,50.69,6.94,5.57,83.54,3.95,LargeCentralMetro,1,0,0,0,0,0,South East,4,Medway 019,9.0,1,173.0,15.57,1012.0
E02003335,2.0,6.0,54.74,51.4,5.8,12.65,75.15,6.4,LargeCentralMetro,1,0,0,0,0,0,South East,3,Medway 022,35.0,1,95.0,33.25,679.0
E02005249,3.0,8.0,32.99,52.48,44.09,0.28,51.29,4.34,LargeCentralMetro,1,0,0,0,0,0,North West,10,Pendle 010,37.0,1,197.0,72.89,1029.0
E02005179,3.0,8.0,41.38,51.57,1.47,0.18,97.15,1.2,LargeCentralMetro,1,0,0,0,0,0,North West,10,Burnley 004,37.0,1,145.0,53.65,669.0
E02005331,6.0,8.0,17.71,49.18,1.41,0.24,96.84,1.52,LargeCentralMetro,1,0,0,0,0,0,North West,10,Wyre 013,55.0,1,192.0,105.60000000000001,1092.0
E02005263,4.0,6.0,41.49,44.11,46.03,4.34,44.03,5.59,LargeCentralMetro,1,0,0,0,0,0,North West,10,Preston 011,28.0,1,94.0,26.320000000000004,569.0
E02005312,6.0,6.0,48.33,44.59,1.36,0.51,96.36,1.77,LargeCentralMetro,1,0,0,0,0,0,North West,7,West Lancashire 009,37.0,1,120.0,44.4,628.0
E02005260,8.0,8.0,20.47,48.76,7.78,1.0,87.89,3.32,LargeCentralMetro,1,0,0,0,0,0,North West,10,Preston 008,48.0,1,171.0,82.08,884.0
E02005304,9.0,5.0,17.27,51.01,0.63,0.17,97.74,1.46,MediumMetro,0,0,1,0,0,0,North West,7,West Lancashire 001,48.0,1,110.0,52.8,547.0
E02005270,10.0,3.0,5.66,50.0,1.03,0.5,97.34,1.13,Micropolitan,0,0,0,0,1,0,North West,10,Ribble Valley 001,62.0,1,106.0,65.72,560.0
E02005234,5.0,9.0,8.49,50.67,12.05,3.81,78.21,5.94,LargeFringeMetro,0,1,0,0,0,0,North West,6,Lancaster 014,61.0,1,259.0,157.99,1715.0
E02005289,8.0,5.0,9.71,54.71,3.89,0.7,93.45,1.96,LargeCentralMetro,1,0,0,0,0,0,North West,10,South Ribble 003,58.0,1,175.0,101.5,892.0
E02005254,9.0,6.0,8.38,47.39,9.53,1.02,86.47,2.98,LargeCentralMetro,1,0,0,0,0,0,North West,10,Preston 002,68.0,1,179.0,121.72000000000001,901.0
E02005285,8.0,3.0,18.47,50.29,2.16,0.16,96.22,1.46,LargeCentralMetro,1,0,0,0,0,0,North West,10,Rossendale 008,51.0,1,249.0,126.99000000000001,1559.0
E02005255,8.0,6.0,52.0,49.8,19.86,1.79,74.93,3.42,LargeCentralMetro,1,0,0,0,0,0,North West,10,Preston 003,21.0,1,125.0,26.25,735.0
E02005324,9.0,5.0,9.74,44.64,1.21,0.52,97.06,1.21,Micropolitan,0,0,0,0,1,0,North West,10,Wyre 006,44.0,1,154.0,67.76,728.0
E02005217,2.0,9.0,36.24,45.77,55.81,0.31,40.29,3.58,LargeCentralMetro,1,0,0,0,0,0,North West,9,Hyndburn 006,27.0,1,149.0,40.230000000000004,745.0
E02005287,10.0,4.0,15.83,72.43,3.49,0.3,93.84,2.38,LargeCentralMetro,1,0,0,0,0,0,North West,10,South Ribble 001,50.73,2,240.0,121.75999999999999,1371.0
E02005275,8.0,7.0,19.4,56.41,0.5,0.24,97.69,1.57,MediumMetro,0,0,1,0,0,0,North West,10,Ribble Valley 006,36.0,1,67.0,24.119999999999997,312.0
E02005268,3.0,7.0,,0.0,43.14,2.49,47.57,6.8,LargeCentralMetro,1,0,0,0,0,0,North West,,Preston 016,,1,0.0,0.0,267.0
E02005286,5.0,8.0,24.44,51.84,0.95,0.12,97.97,0.96,LargeCentralMetro,1,0,0,0,0,0,North West,10,Rossendale 009,42.0,1,90.0,37.8,598.0
E02005246,3.0,10.0,28.97,50.48,6.97,0.17,90.84,2.03,LargeCentralMetro,1,0,0,0,0,0,North West,10,Pendle 007,32.88,2,214.0,70.37,1034.0
E02005332,8.0,7.0,9.32,47.05,1.75,0.29,96.55,1.41,LargeCentralMetro,1,0,0,0,0,0,North West,6,Wyre 014,40.0,1,161.0,64.4,914.0
E02005323,3.0,9.0,44.09,50.59,0.81,0.21,97.63,1.35,LargeCentralMetro,1,0,0,0,0,0,North West,10,Wyre 005,26.49,2,254.0,67.28,1522.0
E02005195,9.0,5.0,6.11,52.85,1.69,0.89,95.51,1.92,Micropolitan,0,0,0,0,1,0,North West,10,Chorley 007,65.0,1,180.0,117.0,912.0
E02005196,6.0,8.0,29.44,48.12,2.28,1.09,94.09,2.55,LargeCentralMetro,1,0,0,0,0,0,North West,9,Chorley 008,47.0,1,214.0,100.58,1062.0
E02005198,6.0,8.0,23.05,47.61,2.02,0.38,95.54,2.06,LargeCentralMetro,1,0,0,0,0,0,North West,9,Chorley 010,43.04,2,282.0,121.38,1424.0
E02005265,5.0,9.0,28.48,44.56,4.17,1.48,90.55,3.8,LargeCentralMetro,1,0,0,0,0,0,North West,9,Preston 013,27.0,1,151.0,40.77,698.0
E02005330,8.0,6.0,25.0,51.96,0.63,0.2,98.26,0.91,LargeCentralMetro,1,0,0,0,0,0,North West,10,Wyre 012,45.0,1,152.0,68.4,818.0
E02005215,4.0,9.0,36.41,51.42,10.4,0.18,87.48,1.95,LargeCentralMetro,1,0,0,0,0,0,North West,9,Hyndburn 004,26.0,1,184.0,47.84,1128.0
E02005241,6.0,4.0,16.09,45.45,4.72,0.18,93.76,1.34,LargeCentralMetro,1,0,0,0,0,0,North West,10,Pendle 002,23.0,1,87.0,20.01,561.0
E02005258,8.0,7.0,22.74,47.33,34.55,1.34,59.84,4.27,LargeCentralMetro,1,0,0,0,0,0,North West,10,Preston 006,50.96,2,299.0,152.37,1403.0
E02005194,5.0,9.0,6.51,52.93,3.05,0.55,94.07,2.33,LargeCentralMetro,1,0,0,0,0,0,North West,10,Chorley 006,69.0,1,215.0,148.35,1126.0
E02005302,8.0,6.0,17.3,48.81,1.89,0.27,95.66,2.18,LargeCentralMetro,1,0,0,0,0,0,North West,9,South Ribble 016,48.0,1,185.0,88.8,926.0
E02005176,5.0,6.0,38.54,47.08,12.2,0.24,85.07,2.49,LargeCentralMetro,1,0,0,0,0,0,North West,10,Burnley 001,30.0,1,205.0,61.5,1062.0
E02005213,5.0,8.0,10.48,52.53,3.89,0.34,94.23,1.54,LargeCentralMetro,1,0,0,0,0,0,North West,9,Hyndburn 002,52.0,1,210.0,109.2,1323.0
E02005183,5.0,8.0,37.36,48.95,1.28,0.12,97.24,1.36,LargeCentralMetro,1,0,0,0,0,0,North West,9,Burnley 008,36.0,1,174.0,62.64,1050.0
E02005295,7.0,7.0,15.04,50.92,1.79,0.21,95.96,2.03,LargeCentralMetro,1,0,0,0,0,0,North West,10,South Ribble 009,58.0,1,113.0,65.53999999999999,544.0
E02005322,6.0,7.0,13.33,47.96,0.54,0.18,98.31,0.96,MediumMetro,0,0,1,0,0,0,North West,10,Wyre 004,55.0,1,150.0,82.5,786.0
E02005278,8.0,4.0,26.43,46.38,2.78,0.3,95.22,1.7,LargeCentralMetro,1,0,0,0,0,0,North West,10,Rossendale 001,40.0,1,140.0,56.0,897.0
E02005231,2.0,9.0,37.38,54.57,2.36,0.87,94.52,2.26,LargeFringeMetro,0,1,0,0,0,0,North West,7,Lancaster 011,26.0,1,107.0,27.82,689.0
E02005296,8.0,4.0,7.48,0.0,1.29,0.41,96.42,1.88,LargeCentralMetro,1,0,0,0,0,0,North West,10,South Ribble 010,69.0,1,147.0,101.42999999999999,915.0
E02005310,7.0,7.0,16.28,50.22,2.28,0.95,94.92,1.85,LargeCentralMetro,1,0,0,0,0,0,North West,5,West Lancashire 007,63.0,1,129.0,81.27,687.0
E02005266,2.0,9.0,17.33,100.0,33.46,2.28,57.53,6.72,LargeCentralMetro,1,0,0,0,0,0,North West,9,Preston 014,72.0,1,75.0,54.0,442.0
E02005180,7.0,8.0,,50.22,1.82,0.2,96.82,1.16,LargeCentralMetro,1,0,0,0,0,0,North West,,Burnley 005,,1,0.0,0.0,227.0
E02005211,8.0,7.0,18.49,50.31,0.9,0.37,97.28,1.46,LargeCentralMetro,1,0,0,0,0,0,North West,7,Fylde 009,45.0,1,146.0,65.7,803.0
E02005303,3.0,9.0,18.33,52.44,1.06,0.73,95.67,2.54,LargeCentralMetro,1,0,0,0,0,0,North West,9,South Ribble 017,54.0,1,120.0,64.80000000000001,553.0
E02005301,5.0,8.0,39.58,46.59,1.31,0.52,96.77,1.4,LargeCentralMetro,1,0,0,0,0,0,North West,10,South Ribble 015,33.0,1,48.0,15.84,440.0
E02005294,5.0,8.0,26.45,47.91,2.17,0.82,94.61,2.4,LargeCentralMetro,1,0,0,0,0,0,North West,10,South Ribble 008,37.0,1,155.0,57.35,695.0
E02002630,3.0,9.0,36.24,50.72,6.43,0.77,90.74,2.06,LargeCentralMetro,1,0,0,0,0,0,North West,9,Blackburn with Darwen 016,31.85,2,229.0,72.92999999999999,1455.0
E02002624,8.0,5.0,29.88,72.84,13.15,0.37,84.64,1.84,LargeCentralMetro,1,0,0,0,0,0,North West,2,Blackburn with Darwen 010,58.86,2,251.0,147.74,1675.0
E02002620,3.0,7.0,18.67,0.0,57.0,3.24,34.8,4.96,LargeCentralMetro,1,0,0,0,0,0,North West,1,Blackburn with Darwen 006,76.0,1,75.0,57.0,515.0
E02002628,4.0,9.0,29.37,50.33,3.24,0.45,94.13,2.18,LargeCentralMetro,1,0,0,0,0,0,North West,5,Blackburn with Darwen 014,23.0,1,126.0,28.98,757.0
E02002616,6.0,4.0,13.13,40.21,69.29,0.51,26.29,3.91,LargeCentralMetro,1,0,0,0,0,0,North West,1,Blackburn with Darwen 002,39.0,1,99.0,38.61,1032.0
E02002623,2.0,9.0,20.78,50.07,11.34,1.73,83.1,3.83,LargeCentralMetro,1,0,0,0,0,0,North West,1,Blackburn with Darwen 009,48.0,1,231.0,110.88,1432.0
E02002626,3.0,9.0,20.99,48.35,2.75,1.02,94.32,1.91,LargeCentralMetro,1,0,0,0,0,0,North West,10,Blackburn with Darwen 012,43.0,1,181.0,77.83,1001.0
E02002615,5.0,6.0,34.23,43.57,45.61,0.55,50.15,3.7,LargeCentralMetro,1,0,0,0,0,0,North West,7,Blackburn with Darwen 001,52.0,1,222.0,115.44,1088.0
E02002634,6.0,9.0,25.7,47.36,0.89,0.36,96.99,1.76,LargeCentralMetro,1,0,0,0,0,0,North West,3,Blackpool 002,28.0,1,249.0,69.72000000000001,1305.0
E02002641,4.0,10.0,33.82,49.92,8.0,0.59,88.59,2.82,LargeCentralMetro,1,0,0,0,0,0,North West,3,Blackpool 009,37.0,1,207.0,76.59,1196.0
E02002650,5.0,9.0,36.79,48.16,1.36,0.4,96.69,1.55,LargeCentralMetro,1,0,0,0,0,0,North West,8,Blackpool 018,33.0,1,193.0,63.690000000000005,1007.0
E02002646,3.0,10.0,31.18,51.98,1.95,0.42,96.32,1.3,LargeCentralMetro,1,0,0,0,0,0,North West,6,Blackpool 014,24.0,1,186.0,44.64,987.0
E02002636,4.0,9.0,69.0,49.11,1.58,0.3,96.29,1.84,LargeCentralMetro,1,0,0,0,0,0,North West,4,Blackpool 004,19.0,1,100.0,19.0,617.0
E02005893,5.0,10.0,42.25,48.57,0.73,0.31,97.55,1.41,LargeFringeMetro,0,1,0,0,0,0,East Midlands,10,Newark and Sherwood 001,30.0,1,142.0,42.6,735.0
E02006906,7.0,6.0,19.34,52.4,7.96,1.98,86.46,3.6,LargeCentralMetro,1,0,0,0,0,0,East Midlands,10,Broxtowe 016,46.0,1,181.0,83.26,1273.0
E02005912,9.0,2.0,17.4,49.19,19.68,1.92,72.15,6.26,LargeCentralMetro,1,0,0,0,0,0,East Midlands,8,Rushcliffe 007,63.33,3,546.0,345.78,3663.0
E02005834,3.0,7.0,29.75,49.4,2.04,2.62,91.88,3.46,LargeCentralMetro,1,0,0,0,0,0,East Midlands,10,Ashfield 016,40.0,1,158.0,63.2,917.0
E02005901,5.0,6.0,38.19,48.88,1.76,0.96,94.52,2.76,LargeCentralMetro,1,0,0,0,0,0,East Midlands,10,Newark and Sherwood 009,29.0,1,144.0,41.76,671.0
E02005887,3.0,10.0,20.57,52.39,3.95,2.0,90.12,3.93,LargeCentralMetro,1,0,0,0,0,0,East Midlands,10,Mansfield 008,39.0,1,175.0,68.25,1088.0
E02005847,6.0,8.0,33.77,51.97,1.87,0.88,94.67,2.59,LargeCentralMetro,1,0,0,0,0,0,East Midlands,9,Bassetlaw 013,60.0,1,151.0,90.6,1243.0
E02005856,8.0,2.0,33.98,51.59,12.27,1.71,81.63,4.39,LargeCentralMetro,1,0,0,0,0,0,East Midlands,10,Broxtowe 007,29.0,1,103.0,29.869999999999997,473.0
E02005871,7.0,2.0,20.27,51.57,5.94,2.33,87.88,3.86,LargeCentralMetro,1,0,0,0,0,0,East Midlands,10,Gedling 007,34.0,1,148.0,50.32,861.0
E02005904,8.0,3.0,,,1.14,0.79,95.99,2.08,LargeCentralMetro,1,0,0,0,0,0,East Midlands,,Newark and Sherwood 012,,1,0.0,0.0,0.0
E02005881,4.0,9.0,38.79,49.13,1.06,0.63,96.87,1.44,SmallMetro,0,0,0,1,0,0,East Midlands,10,Mansfield 002,38.0,1,116.0,44.08,688.0
E02005863,8.0,4.0,18.71,48.35,3.56,1.21,91.92,3.31,LargeCentralMetro,1,0,0,0,0,0,East Midlands,10,Broxtowe 014,47.0,1,139.0,65.33,759.0
E02005870,4.0,4.0,23.18,51.33,4.0,2.98,88.18,4.85,LargeCentralMetro,1,0,0,0,0,0,East Midlands,10,Gedling 006,57.0,1,220.0,125.39999999999999,1461.0
E02005840,6.0,8.0,15.35,46.32,1.42,0.67,96.26,1.64,LargeCentralMetro,1,0,0,0,0,0,East Midlands,10,Bassetlaw 006,63.0,1,241.0,151.83,1550.0
E02005883,4.0,9.0,48.91,,1.43,0.82,95.65,2.1,LargeCentralMetro,1,0,0,0,0,0,East Midlands,10,Mansfield 004,17.0,1,92.0,15.64,0.0
E02005903,6.0,6.0,,,1.33,0.5,96.7,1.47,LargeCentralMetro,1,0,0,0,0,0,East Midlands,,Newark and Sherwood 011,,1,0.0,0.0,0.0
E02005849,8.0,4.0,12.35,49.28,0.79,0.33,97.71,1.17,Micropolitan,0,0,0,0,1,0,East Midlands,10,Bassetlaw 015,55.0,1,243.0,133.65,1528.0
E02005882,7.0,6.0,22.52,49.39,1.28,0.94,96.44,1.34,LargeCentralMetro,1,0,0,0,0,0,East Midlands,10,Mansfield 003,36.0,1,151.0,54.36,816.0
E02005829,5.0,7.0,30.08,51.71,0.33,0.21,97.87,1.58,LargeCentralMetro,1,0,0,0,0,0,East Midlands,10,Ashfield 011,40.0,1,123.0,49.2,729.0
E02005862,6.0,5.0,24.37,50.25,4.81,2.12,88.52,4.56,LargeCentralMetro,1,0,0,0,0,0,East Midlands,9,Broxtowe 013,50.0,1,119.0,59.5,796.0
E02005833,7.0,5.0,20.1,49.5,1.14,0.82,96.23,1.81,LargeCentralMetro,1,0,0,0,0,0,East Midlands,10,Ashfield 015,37.0,1,194.0,71.78,1200.0
E02005913,8.0,3.0,12.55,48.19,14.31,1.58,77.24,6.87,LargeCentralMetro,1,0,0,0,0,0,East Midlands,10,Rushcliffe 008,66.0,1,231.0,152.46,1517.0
E02005823,2.0,10.0,35.47,49.08,2.03,1.02,94.93,2.02,LargeCentralMetro,1,0,0,0,0,0,East Midlands,10,Ashfield 005,28.84,2,265.0,76.43,1687.0
E02005918,8.0,2.0,14.29,49.18,2.52,0.37,94.71,2.4,MediumMetro,0,0,1,0,0,0,East Midlands,10,Rushcliffe 013,53.0,1,140.0,74.2,858.0
E02005859,5.0,4.0,17.89,49.33,3.6,1.63,90.85,3.92,LargeCentralMetro,1,0,0,0,0,0,East Midlands,10,Broxtowe 010,56.0,1,218.0,122.08000000000001,1488.0
E02005919,7.0,2.0,20.39,49.06,2.92,0.81,93.54,2.73,MediumMetro,0,0,1,0,0,0,East Midlands,10,Rushcliffe 014,52.0,1,152.0,79.04,958.0
E02005875,5.0,4.0,27.52,46.63,3.35,2.63,88.4,5.63,LargeCentralMetro,1,0,0,0,0,0,East Midlands,10,Gedling 011,36.0,1,149.0,53.64,875.0
E02005844,4.0,7.0,28.83,50.74,1.17,0.82,96.58,1.43,LargeCentralMetro,1,0,0,0,0,0,East Midlands,10,Bassetlaw 010,34.0,1,111.0,37.74,812.0
E02005888,2.0,9.0,27.19,49.48,1.84,1.41,93.96,2.8,LargeCentralMetro,1,0,0,0,0,0,East Midlands,10,Mansfield 009,45.15,2,456.0,205.9,2696.0
E02005839,6.0,8.0,12.97,49.95,1.15,0.5,97.07,1.28,LargeCentralMetro,1,0,0,0,0,0,East Midlands,10,Bassetlaw 005,44.0,1,185.0,81.4,957.0
E02005851,2.0,9.0,31.13,47.67,1.29,1.27,94.5,2.94,LargeCentralMetro,1,0,0,0,0,0,East Midlands,8,Broxtowe 002,35.0,1,106.0,37.099999999999994,644.0
E02005827,5.0,8.0,26.19,52.54,1.29,1.53,95.34,1.84,LargeCentralMetro,1,0,0,0,0,0,East Midlands,10,Ashfield 009,36.0,1,336.0,120.96,2476.0
E02005908,9.0,3.0,21.52,50.09,1.7,0.61,95.16,2.54,MediumMetro,0,0,1,0,0,0,East Midlands,10,Rushcliffe 003,35.0,1,79.0,27.65,545.0
E02005898,5.0,8.0,23.88,49.4,0.63,0.67,97.22,1.48,LargeFringeMetro,0,1,0,0,0,0,East Midlands,10,Newark and Sherwood 006,38.0,1,201.0,76.38,1245.0
E02005907,8.0,3.0,10.6,49.31,2.0,0.5,95.16,2.33,LargeCentralMetro,1,0,0,0,0,0,East Midlands,10,Rushcliffe 002,64.0,1,283.0,181.12,1963.0
E02002892,2.0,6.0,55.97,47.71,13.6,8.62,68.18,9.61,LargeCentralMetro,1,0,0,0,0,0,East Midlands,6,Nottingham 025,32.0,1,134.0,42.88,763.0
E02002887,2.0,9.0,40.54,63.26,18.09,5.54,69.26,7.11,LargeCentralMetro,1,0,0,0,0,0,East Midlands,3,Nottingham 020,39.05,3,370.0,144.47,2433.0
E02002886,4.0,4.0,33.67,48.41,44.42,7.75,37.57,10.26,LargeCentralMetro,1,0,0,0,0,0,East Midlands,2,Nottingham 019,45.0,1,294.0,132.3,2293.0
E02002879,4.0,4.0,,44.32,17.84,10.07,61.3,10.79,LargeCentralMetro,1,0,0,0,0,0,East Midlands,,Nottingham 012,,1,0.0,0.0,273.0
E02002897,7.0,2.0,21.89,46.73,19.8,2.43,68.76,9.01,LargeCentralMetro,1,0,0,0,0,0,East Midlands,7,Nottingham 030,51.0,1,201.0,102.51,1008.0
E02002868,5.0,6.0,54.44,,7.99,9.43,74.62,7.96,LargeCentralMetro,1,0,0,0,0,0,East Midlands,5,Nottingham 001,14.0,1,90.0,12.600000000000001,0.0
E02002898,4.0,1.0,39.53,28.14,16.21,8.08,66.27,9.44,LargeCentralMetro,1,0,0,0,0,0,East Midlands,6,Nottingham 031,47.0,1,43.0,20.209999999999997,231.0
E02006835,4.0,5.0,34.88,47.02,4.32,4.47,86.21,5.0,LargeCentralMetro,1,0,0,0,0,0,East Midlands,7,Gedling 016,29.0,1,129.0,37.41,687.0
E02002884,2.0,5.0,50.43,45.81,37.39,7.72,43.86,11.02,LargeCentralMetro,1,0,0,0,0,0,East Midlands,1,Nottingham 017,37.0,1,117.0,43.29,740.0
E02006015,6.0,4.0,32.43,47.68,0.99,0.29,97.44,1.29,Noncore,0,0,0,0,0,1,West Midlands,9,Shropshire 001,32.0,1,74.0,23.68,495.0
E02006011,8.0,4.0,18.55,48.73,0.51,0.25,98.3,0.94,LargeCentralMetro,1,0,0,0,0,0,West Midlands,4,Shropshire 031,39.0,1,124.0,48.36,868.0
E02006041,8.0,5.0,17.46,52.01,0.66,0.28,98.26,0.8,SmallMetro,0,0,0,1,0,0,West Midlands,8,Shropshire 030,40.0,2,126.0,50.400000000000006,846.0
E02006010,7.0,4.0,17.76,51.64,0.48,0.13,98.32,1.08,MediumMetro,0,0,1,0,0,0,West Midlands,9,Shropshire 029,59.0,1,152.0,89.67999999999999,978.0
E02006017,7.0,4.0,20.83,46.63,0.73,0.2,97.99,1.08,SmallMetro,0,0,0,1,0,0,West Midlands,7,Shropshire 004,45.0,1,96.0,43.2,519.0
E02006025,6.0,6.0,13.7,51.52,1.33,0.67,96.17,1.83,LargeFringeMetro,0,1,0,0,0,0,West Midlands,6,Shropshire 007,45.0,1,219.0,98.55,1417.0
E02006042,8.0,5.0,14.07,46.52,0.7,0.12,98.16,1.03,MediumMetro,0,0,1,0,0,0,West Midlands,6,Shropshire 032,48.0,1,135.0,64.8,561.0
E02006037,8.0,6.0,9.52,51.42,2.28,0.42,95.44,1.86,LargeCentralMetro,1,0,0,0,0,0,West Midlands,8,Shropshire 023,62.0,1,168.0,104.16,844.0
E02006021,7.0,4.0,11.29,49.93,0.51,0.24,98.25,0.99,MediumMetro,0,0,1,0,0,0,West Midlands,8,Shropshire 010,60.0,1,124.0,74.39999999999999,673.0
E02006046,7.0,4.0,18.75,50.98,0.39,0.1,98.55,0.95,SmallMetro,0,0,0,1,0,0,West Midlands,10,Shropshire 039,32.0,1,96.0,30.72,510.0
E02006012,6.0,5.0,11.89,50.98,1.15,0.19,97.46,1.19,LargeCentralMetro,1,0,0,0,0,0,West Midlands,4,Shropshire 033,41.0,1,143.0,58.629999999999995,665.0
E02006008,8.0,4.0,14.22,45.38,2.16,0.58,94.85,2.41,MediumMetro,0,0,1,0,0,0,West Midlands,6,Shropshire 025,42.0,1,211.0,88.61999999999999,1309.0
E02002944,2.0,9.0,43.0,44.75,3.43,4.39,88.51,3.67,LargeCentralMetro,1,0,0,0,0,0,West Midlands,9,Telford and Wrekin 017,25.0,1,100.0,25.0,610.0
E02002949,5.0,8.0,44.01,51.63,1.77,0.43,95.39,2.41,LargeCentralMetro,1,0,0,0,0,0,West Midlands,7,Telford and Wrekin 022,30.89,2,334.0,103.18,2090.0
E02002942,8.0,5.0,37.25,54.29,11.33,2.06,82.31,4.3,LargeCentralMetro,1,0,0,0,0,0,West Midlands,4,Telford and Wrekin 015,31.0,1,51.0,15.81,466.0
E02003819,7.0,8.0,13.4,99.11,1.05,0.23,97.12,1.6,LargeCentralMetro,1,0,0,0,0,0,North West,3,Cheshire East 030,53.0,1,194.0,102.82000000000001,1355.0
E02003830,3.0,9.0,18.75,27.49,4.64,1.33,89.21,4.83,LargeCentralMetro,1,0,0,0,0,0,North West,2,Cheshire East 039,6.0,2,32.0,1.92,211.0
E02003858,9.0,4.0,17.23,48.33,5.72,0.73,89.11,4.44,LargeCentralMetro,1,0,0,0,0,0,North West,7,Cheshire East 006,53.0,1,296.0,156.88,2007.0
E02003835,10.0,5.0,15.15,48.27,1.56,0.45,95.57,2.42,LargeCentralMetro,1,0,0,0,0,0,North West,8,Cheshire East 046,41.0,1,99.0,40.589999999999996,607.0
E02003826,3.0,10.0,42.38,50.63,1.58,1.11,94.68,2.63,LargeCentralMetro,1,0,0,0,0,0,North West,3,Cheshire East 035,17.0,1,151.0,25.67,719.0
E02003820,8.0,7.0,12.37,0.0,1.36,0.39,96.19,2.06,LargeCentralMetro,1,0,0,0,0,0,North West,5,Cheshire East 031,57.0,1,194.0,110.57999999999998,1252.0
E02003824,9.0,6.0,11.16,47.24,1.4,0.31,96.65,1.64,LargeCentralMetro,1,0,0,0,0,0,North West,4,Cheshire East 042,50.0,1,224.0,112.0,1359.0
E02003866,10.0,4.0,15.24,48.34,2.65,0.67,94.71,1.97,LargeCentralMetro,1,0,0,0,0,0,North West,4,Cheshire East 014,57.0,1,164.0,93.47999999999999,1026.0
E02003812,10.0,5.0,10.05,50.97,1.27,0.24,96.54,1.95,MediumMetro,0,0,1,0,0,0,North West,6,Cheshire East 023,68.0,1,209.0,142.12,1287.0
E02003839,6.0,8.0,12.15,50.54,0.97,0.17,97.01,1.85,LargeCentralMetro,1,0,0,0,0,0,North West,5,Cheshire East 050,48.0,1,214.0,102.72,1391.0
E02003817,10.0,7.0,17.79,49.83,0.95,0.34,97.1,1.61,LargeCentralMetro,1,0,0,0,0,0,North West,8,Cheshire East 028,48.0,1,163.0,78.24,1144.0
E02003816,6.0,8.0,22.12,53.8,2.42,0.47,95.82,1.29,LargeCentralMetro,1,0,0,0,0,0,North West,7,Cheshire East 027,49.0,1,113.0,55.37,684.0
E02003832,4.0,9.0,25.88,46.74,12.81,2.26,74.31,10.61,LargeCentralMetro,1,0,0,0,0,0,North West,3,Cheshire East 043,26.0,1,85.0,22.1,537.0
E02003833,7.0,7.0,8.66,50.69,2.47,0.52,94.62,2.39,LargeCentralMetro,1,0,0,0,0,0,North West,3,Cheshire East 044,57.0,1,127.0,72.39,649.0
E02003869,9.0,7.0,13.74,48.96,2.72,1.12,94.11,2.05,LargeCentralMetro,1,0,0,0,0,0,North West,5,Cheshire East 017,46.0,1,182.0,83.72,1201.0
E02003863,9.0,4.0,16.18,51.24,2.65,0.4,94.64,2.31,LargeCentralMetro,1,0,0,0,0,0,North West,3,Cheshire East 010,63.0,1,136.0,85.68,970.0
E02003867,7.0,6.0,13.25,52.79,2.99,1.17,93.14,2.7,LargeCentralMetro,1,0,0,0,0,0,North West,6,Cheshire East 015,60.0,1,234.0,140.4,1485.0
E02003807,7.0,6.0,21.05,50.17,4.62,0.97,91.42,2.98,LargeCentralMetro,1,0,0,0,0,0,North West,3,Cheshire West and Chester 043,31.0,3,133.0,41.23,861.0
E02003796,5.0,7.0,15.45,50.95,5.53,0.49,91.54,2.44,LargeCentralMetro,1,0,0,0,0,0,North West,4,Cheshire West and Chester 027,41.0,1,246.0,100.86,1470.0
E02003877,9.0,4.0,13.24,50.6,1.19,0.07,97.32,1.42,MediumMetro,0,0,1,0,0,0,North West,9,Cheshire West and Chester 015,53.0,1,219.0,116.07000000000001,1340.0
E02003805,9.0,3.0,7.73,49.13,1.97,0.25,95.62,2.16,LargeCentralMetro,1,0,0,0,0,0,North West,7,Cheshire West and Chester 039,60.0,1,207.0,124.19999999999999,1315.0
E02003891,9.0,2.0,6.55,50.52,0.87,0.08,97.76,1.29,MediumMetro,0,0,1,0,0,0,North West,10,Cheshire West and Chester 045,48.0,1,168.0,80.64,1156.0
E02003883,9.0,5.0,16.57,48.71,2.22,0.35,95.4,2.04,LargeCentralMetro,1,0,0,0,0,0,North West,8,Cheshire West and Chester 023,39.43,2,350.0,138.0,2135.0
E02003799,3.0,9.0,58.44,47.52,1.44,0.68,95.4,2.48,LargeCentralMetro,1,0,0,0,0,0,North West,5,Cheshire West and Chester 031,35.0,1,77.0,26.95,423.0
E02003852,10.0,6.0,24.8,48.14,0.97,0.12,97.62,1.28,LargeCentralMetro,1,0,0,0,0,0,North West,7,Cheshire West and Chester 016,34.0,1,246.0,83.64,1506.0
E02003878,7.0,7.0,41.25,46.7,2.21,0.48,95.96,1.35,LargeCentralMetro,1,0,0,0,0,0,North West,4,Cheshire West and Chester 017,31.0,1,80.0,24.8,349.0
E02003806,9.0,4.0,17.05,50.1,3.63,0.69,93.02,2.66,LargeCentralMetro,1,0,0,0,0,0,North West,6,Cheshire West and Chester 041,52.0,1,176.0,91.52000000000001,1026.0
E02003810,7.0,3.0,11.79,48.76,0.28,0.2,98.2,1.32,MediumMetro,0,0,1,0,0,0,North West,6,Cheshire West and Chester 047,46.0,1,195.0,89.7,1290.0
E02003888,4.0,10.0,46.75,51.8,1.65,0.31,96.39,1.65,LargeFringeMetro,0,1,0,0,0,0,North West,6,Cheshire West and Chester 038,22.0,1,169.0,37.18,859.0
E02003882,4.0,8.0,15.26,48.63,2.01,0.36,95.35,2.28,LargeCentralMetro,1,0,0,0,0,0,North West,2,Cheshire West and Chester 021,58.0,1,190.0,110.19999999999999,983.0
E02003841,6.0,5.0,20.24,44.11,1.25,0.34,96.52,1.88,LargeCentralMetro,1,0,0,0,0,0,North West,5,Cheshire West and Chester 001,27.0,1,247.0,66.69,1664.0
E02003908,5.0,6.0,19.88,45.89,1.58,0.17,94.51,3.74,LargeFringeMetro,0,1,0,0,0,0,South West,6,Cornwall 042,50.0,1,166.0,83.0,876.0
E02003935,4.0,5.0,24.32,53.6,1.21,0.15,96.65,1.99,LargeFringeMetro,0,1,0,0,0,0,South West,5,Cornwall 005,45.0,1,222.0,99.9,1250.0
E02003924,4.0,10.0,29.83,49.39,0.91,0.14,96.9,2.05,LargeFringeMetro,0,1,0,0,0,0,South West,6,Cornwall 053,35.0,1,238.0,83.3,1391.0
E02003909,6.0,6.0,18.82,48.87,3.79,0.78,92.19,3.24,LargeFringeMetro,0,1,0,0,0,0,South West,9,Cornwall 043,44.0,1,255.0,112.2,1369.0
E02003949,3.0,9.0,35.4,48.98,1.14,0.12,95.38,3.36,LargeFringeMetro,0,1,0,0,0,0,South West,2,Cornwall 068,31.0,1,113.0,35.03,639.0
E02003941,3.0,8.0,30.0,51.15,0.71,0.13,96.76,2.4,LargeFringeMetro,0,1,0,0,0,0,South West,5,Cornwall 014,25.0,1,210.0,52.5,1519.0
E02003960,7.0,4.0,23.36,49.34,0.37,0.12,97.43,2.07,Noncore,0,0,0,0,0,1,South West,10,Cornwall 035,42.0,1,107.0,44.94,604.0
E02003919,4.0,9.0,20.0,44.54,0.75,0.22,96.53,2.51,LargeFringeMetro,0,1,0,0,0,0,South West,3,Cornwall 046,41.0,1,140.0,57.4,1053.0
E02003894,5.0,6.0,,,0.4,0.07,97.97,1.56,MediumMetro,0,0,1,0,0,0,South West,,Cornwall 013,,1,0.0,0.0,0.0
E02003931,5.0,4.0,18.01,49.33,0.71,0.09,96.92,2.27,SmallMetro,0,0,0,1,0,0,South West,6,Cornwall 001,45.0,1,161.0,72.45,1050.0
E02003922,4.0,9.0,27.56,47.62,0.5,0.18,97.25,2.08,LargeFringeMetro,0,1,0,0,0,0,South West,7,Cornwall 051,33.0,1,156.0,51.480000000000004,798.0
E02003943,5.0,6.0,24.17,51.45,1.15,0.2,95.37,3.28,SmallMetro,0,0,0,1,0,0,South West,5,Cornwall 054,50.0,1,120.0,60.0,552.0
E02003902,4.0,9.0,24.32,47.75,0.36,0.13,97.92,1.59,MediumMetro,0,0,1,0,0,0,South West,8,Cornwall 029,30.0,1,111.0,33.3,622.0
E02003912,6.0,5.0,18.8,49.2,0.42,0.11,97.31,2.17,Noncore,0,0,0,0,0,1,South West,10,Cornwall 048,51.0,1,117.0,59.67,628.0
E02003917,6.0,5.0,24.69,52.79,0.66,0.29,96.65,2.41,LargeFringeMetro,0,1,0,0,0,0,South West,4,Cornwall 064,49.0,1,162.0,79.38,860.0
E02003901,5.0,5.0,28.28,53.39,0.33,0.08,98.08,1.51,SmallMetro,0,0,0,1,0,0,South West,9,Cornwall 028,37.0,1,99.0,36.63,472.0
E02003914,4.0,6.0,20.38,49.46,1.14,0.4,94.42,4.04,LargeFringeMetro,0,1,0,0,0,0,South West,5,Cornwall 060,51.0,1,211.0,107.61,1118.0
E02003963,3.0,8.0,19.17,48.8,1.0,0.15,96.62,2.23,LargeFringeMetro,0,1,0,0,0,0,South West,5,Cornwall 039,51.0,1,266.0,135.66,1416.0
E02003900,6.0,7.0,24.67,52.2,0.39,0.14,97.33,2.13,LargeCentralMetro,1,0,0,0,0,0,South West,4,Cornwall 026,28.0,1,227.0,63.56000000000001,1366.0
E02003955,5.0,5.0,17.79,49.33,0.91,0.15,96.05,2.89,LargeFringeMetro,0,1,0,0,0,0,South West,10,Cornwall 021,38.0,1,281.0,106.78,1630.0
E02003948,4.0,7.0,20.79,51.59,0.6,0.28,96.59,2.54,LargeFringeMetro,0,1,0,0,0,0,South West,4,Cornwall 067,33.0,1,178.0,58.74,944.0
E02003939,6.0,6.0,20.53,49.61,0.47,0.13,97.65,1.75,SmallMetro,0,0,0,1,0,0,South West,6,Cornwall 009,34.0,1,190.0,64.60000000000001,1153.0
E02004013,8.0,3.0,17.33,45.16,0.22,0.16,99.02,0.61,Noncore,0,0,0,0,0,1,North West,10,Eden 006,31.0,1,75.0,23.25,465.0
E02003967,7.0,6.0,45.71,38.94,0.25,0.11,99.04,0.6,MediumMetro,0,0,1,0,0,0,North West,10,Allerdale 003,20.0,1,35.0,7.0,113.0
E02004022,9.0,2.0,18.75,48.94,0.29,0.09,98.96,0.67,Noncore,0,0,0,0,0,1,North West,10,South Lakeland 008,34.0,1,32.0,10.88,141.0
E02003976,8.0,2.0,7.34,50.96,1.26,0.14,96.8,1.8,Noncore,0,0,0,0,0,1,North West,10,Allerdale 012,58.0,1,177.0,102.66,1252.0
E02004014,7.0,3.0,21.82,49.73,0.6,0.06,98.54,0.8,SmallMetro,0,0,0,1,0,0,North West,9,Eden 007,38.0,1,55.0,20.9,376.0
E02003965,6.0,8.0,16.67,49.18,0.31,0.04,98.95,0.7,MediumMetro,0,0,1,0,0,0,North West,10,Allerdale 001,48.76,2,246.0,119.94000000000001,1399.0
E02003992,6.0,10.0,23.43,51.19,3.57,0.69,93.18,2.57,LargeCentralMetro,1,0,0,0,0,0,North West,9,Carlisle 006,34.09,2,350.0,119.33,2260.0
E02004017,8.0,5.0,11.5,51.44,0.79,0.32,97.43,1.46,LargeFringeMetro,0,1,0,0,0,0,North West,10,South Lakeland 003,48.0,1,200.0,96.0,1217.0
E02004007,5.0,8.0,20.73,51.35,0.66,0.17,98.34,0.83,SmallMetro,0,0,0,1,0,0,North West,10,Copeland 008,49.0,1,82.0,40.18,483.0
E02003975,8.0,6.0,25.7,43.66,0.29,0.08,98.85,0.77,LargeFringeMetro,0,1,0,0,0,0,North West,10,Allerdale 011,32.57,2,249.0,81.09,1088.0
E02004008,8.0,2.0,41.18,51.32,0.22,0.08,98.94,0.76,SmallMetro,0,0,0,1,0,0,North West,10,Eden 001,47.0,1,17.0,7.989999999999999,76.0
E02003986,4.0,8.0,37.01,47.4,0.58,0.6,98.07,0.76,LargeFringeMetro,0,1,0,0,0,0,North West,10,Barrow-in-Furness 010,17.0,1,127.0,21.59,635.0
E02004020,9.0,6.0,13.89,48.2,1.02,0.18,97.55,1.25,LargeFringeMetro,0,1,0,0,0,0,North West,10,South Lakeland 006,48.0,1,108.0,51.839999999999996,863.0
E02004023,10.0,5.0,8.33,49.81,0.63,0.3,97.54,1.53,SmallMetro,0,0,0,1,0,0,North West,9,South Lakeland 009,55.96,3,252.0,141.02999999999997,1558.0
E02004026,6.0,8.0,10.29,51.23,1.36,0.11,97.21,1.32,LargeFringeMetro,0,1,0,0,0,0,North West,10,South Lakeland 012,53.0,1,204.0,108.12,1339.0
E02004005,5.0,9.0,21.71,51.08,0.5,0.1,98.75,0.65,SmallMetro,0,0,0,1,0,0,North West,10,Copeland 006,49.0,1,152.0,74.48,1159.0
E02003999,8.0,8.0,19.87,52.74,1.15,0.28,97.63,0.95,LargeCentralMetro,1,0,0,0,0,0,North West,10,Carlisle 013,36.43,2,297.0,108.19,1585.0
E02004015,8.0,5.0,9.86,49.3,1.14,0.54,96.21,2.11,Noncore,0,0,0,0,0,1,North West,10,South Lakeland 001,37.0,1,71.0,26.27,501.0
E02004027,8.0,7.0,8.82,45.09,0.43,0.38,98.52,0.68,Noncore,0,0,0,0,0,1,North West,10,South Lakeland 013,50.0,1,68.0,34.0,346.0
E02004002,8.0,8.0,24.52,51.9,1.36,0.47,97.32,0.85,LargeFringeMetro,0,1,0,0,0,0,North West,10,Copeland 003,33.0,1,155.0,51.150000000000006,998.0
E02003981,7.0,9.0,38.22,47.4,1.58,0.39,96.92,1.11,LargeFringeMetro,0,1,0,0,0,0,North West,10,Barrow-in-Furness 005,22.0,1,157.0,34.54,768.0
E02003998,3.0,10.0,25.26,51.5,0.96,0.5,97.0,1.53,LargeCentralMetro,1,0,0,0,0,0,North West,10,Carlisle 012,43.0,1,95.0,40.85,602.0
E02003968,6.0,8.0,39.8,48.43,0.33,0.14,98.79,0.75,SmallMetro,0,0,0,1,0,0,North West,10,Allerdale 004,31.0,1,98.0,30.38,605.0
E02003988,6.0,7.0,9.2,51.13,0.54,0.08,98.13,1.25,MediumMetro,0,0,1,0,0,0,North West,10,Carlisle 002,49.0,1,250.0,122.5,1504.0
E02004010,7.0,7.0,16.44,50.11,2.38,0.48,95.78,1.36,LargeCentralMetro,1,0,0,0,0,0,North West,10,Eden 003,37.0,1,219.0,81.03,1369.0
E02003977,7.0,8.0,17.87,50.05,0.42,0.24,98.58,0.76,SmallMetro,0,0,0,1,0,0,North West,9,Barrow-in-Furness 001,45.0,1,207.0,93.15,1011.0
E02003971,8.0,3.0,15.81,51.12,0.83,0.21,97.65,1.32,SmallMetro,0,0,0,1,0,0,North West,10,Allerdale 007,52.0,1,215.0,111.8,1334.0
E02004025,8.0,7.0,8.82,53.99,0.48,0.23,98.24,1.05,SmallMetro,0,0,0,1,0,0,North West,10,South Lakeland 011,44.0,1,136.0,59.84,952.0
E02004664,6.0,8.0,15.14,50.83,1.04,0.42,96.4,2.14,LargeCentralMetro,1,0,0,0,0,0,South West,10,Stroud 014,33.0,1,218.0,71.94,1208.0
E02004655,6.0,5.0,37.89,50.58,1.64,0.76,95.18,2.43,LargeCentralMetro,1,0,0,0,0,0,South West,10,Stroud 005,27.0,1,95.0,25.650000000000002,520.0
E02004610,9.0,3.0,12.96,50.43,3.47,0.84,92.66,3.02,LargeCentralMetro,1,0,0,0,0,0,South West,10,Cheltenham 011,40.0,1,247.0,98.80000000000001,1644.0
E02004628,6.0,6.0,13.89,43.82,0.52,0.18,98.34,0.96,MediumMetro,0,0,1,0,0,0,South West,10,Forest of Dean 003,40.0,1,144.0,57.6,801.0
E02004611,8.0,4.0,7.73,50.5,3.26,0.67,92.85,3.21,LargeCentralMetro,1,0,0,0,0,0,South West,10,Cheltenham 012,78.0,1,194.0,151.32,1392.0
E02004634,6.0,6.0,21.17,47.1,0.77,0.27,97.65,1.31,SmallMetro,0,0,0,1,0,0,South West,10,Forest of Dean 009,28.0,1,137.0,38.36000000000001,673.0
E02004662,8.0,2.0,,,0.62,0.24,97.81,1.33,Noncore,0,0,0,0,0,1,South West,,Stroud 012,,1,0.0,0.0,0.0
E02004623,8.0,4.0,6.72,50.33,1.31,0.31,96.53,1.85,Micropolitan,0,0,0,0,1,0,South West,10,Cotswold 009,55.0,1,119.0,65.45,914.0
E02004625,8.0,2.0,24.21,50.38,0.99,0.33,96.51,2.16,SmallMetro,0,0,0,1,0,0,South West,10,Cotswold 011,38.0,1,95.0,36.1,397.0
E02004632,5.0,5.0,,,0.64,0.17,98.37,0.83,LargeFringeMetro,0,1,0,0,0,0,South West,,Forest of Dean 007,,1,0.0,0.0,0.0
E02004652,9.0,3.0,7.25,49.7,0.88,0.28,96.86,1.98,LargeCentralMetro,1,0,0,0,0,0,South West,10,Stroud 002,51.0,1,138.0,70.38,670.0
E02004603,3.0,7.0,45.78,48.06,5.96,1.78,87.71,4.55,LargeCentralMetro,1,0,0,0,0,0,South West,10,Cheltenham 004,24.0,1,83.0,19.919999999999998,593.0
E02007035,6.0,3.0,15.48,51.25,1.78,0.43,95.97,1.82,LargeCentralMetro,1,0,0,0,0,0,South West,10,Tewkesbury 011,39.0,1,239.0,93.21000000000001,1516.0
E02004629,4.0,7.0,23.4,45.6,1.04,0.21,96.84,1.91,LargeFringeMetro,0,1,0,0,0,0,South West,9,Forest of Dean 004,21.0,1,47.0,9.87,318.0
E02004615,8.0,4.0,7.35,50.08,0.56,0.25,97.91,1.28,Noncore,0,0,0,0,0,1,South West,10,Cotswold 001,45.0,1,204.0,91.8,1244.0
E02004627,5.0,1.0,14.02,49.41,0.64,0.49,96.61,2.26,MediumMetro,0,0,1,0,0,0,South West,10,Forest of Dean 002,34.0,1,164.0,55.760000000000005,854.0
E02004602,2.0,7.0,34.03,50.32,3.43,1.56,91.85,3.16,LargeCentralMetro,1,0,0,0,0,0,South West,10,Cheltenham 003,31.0,1,144.0,44.64,928.0
E02004672,8.0,4.0,17.47,45.52,3.6,0.94,92.7,2.75,LargeCentralMetro,1,0,0,0,0,0,South West,9,Tewkesbury 007,34.5,2,435.0,150.06,2658.0
E02004635,8.0,4.0,9.76,55.87,1.17,0.8,96.04,1.99,LargeCentralMetro,1,0,0,0,0,0,South West,10,Forest of Dean 010,52.0,1,164.0,85.28,979.0
E02004621,7.0,5.0,17.87,51.31,3.18,0.83,93.74,2.25,LargeCentralMetro,1,0,0,0,0,0,South West,9,Cotswold 007,46.0,1,207.0,95.22,953.0
E02004650,5.0,5.0,18.78,50.68,2.76,3.43,88.47,5.34,LargeCentralMetro,1,0,0,0,0,0,South West,5,Gloucester 015,38.0,1,229.0,87.02,1172.0
E02004647,4.0,8.0,18.41,45.99,2.35,3.38,89.65,4.62,LargeCentralMetro,1,0,0,0,0,0,South West,5,Gloucester 012,35.0,1,239.0,83.64999999999999,1646.0
E02004665,9.0,3.0,10.09,49.37,0.63,0.23,97.49,1.65,Noncore,0,0,0,0,0,1,South West,9,Stroud 015,51.0,1,228.0,116.28,1505.0
E02004654,6.0,5.0,20.67,50.49,1.15,0.37,96.12,2.37,LargeCentralMetro,1,0,0,0,0,0,South West,6,Stroud 004,35.0,1,208.0,72.8,1131.0
E02004617,8.0,4.0,10.36,50.19,1.24,0.45,96.37,1.94,MediumMetro,0,0,1,0,0,0,South West,10,Cotswold 003,63.0,1,193.0,121.59,1341.0
E02004620,7.0,3.0,13.16,48.08,1.26,0.68,96.11,1.95,LargeCentralMetro,1,0,0,0,0,0,South West,9,Cotswold 006,37.0,1,152.0,56.24,832.0
E02004666,7.0,4.0,16.91,51.42,1.59,0.54,96.29,1.58,LargeCentralMetro,1,0,0,0,0,0,South West,10,Tewkesbury 001,30.0,1,207.0,62.099999999999994,1371.0
E02004668,7.0,3.0,21.28,50.51,0.53,0.16,97.86,1.45,MediumMetro,0,0,1,0,0,0,South West,10,Tewkesbury 003,50.0,1,94.0,47.0,489.0
E02004885,10.0,2.0,5.19,0.0,5.13,1.75,89.0,4.12,LargeCentralMetro,1,0,0,0,0,0,East of England,3,East Hertfordshire 008,73.0,1,154.0,112.42,1192.0
E02004882,8.0,2.0,9.57,63.33,4.82,2.46,86.29,6.43,LargeCentralMetro,1,0,0,0,0,0,East of England,2,East Hertfordshire 005,62.0,3,512.0,317.45,3461.0
E02004903,6.0,4.0,12.02,45.3,18.27,4.47,70.66,6.6,LargeCentralMetro,1,0,0,0,0,0,East of England,7,Hertsmere 008,65.0,1,258.0,167.70000000000002,1671.0
E02004964,6.0,5.0,,50.88,8.36,1.43,85.05,5.16,LargeCentralMetro,1,0,0,0,0,0,East of England,,Three Rivers 009,,1,0.0,0.0,399.0
E02004931,8.0,2.0,7.73,48.41,9.91,1.42,82.93,5.74,LargeCentralMetro,1,0,0,0,0,0,East of England,10,St Albans 008,76.0,1,194.0,147.44,1287.0
E02004950,5.0,5.0,41.41,47.96,6.45,4.22,84.36,4.97,LargeCentralMetro,1,0,0,0,0,0,East of England,10,Stevenage 007,27.0,1,128.0,34.56,1105.0
E02004862,3.0,6.0,38.57,50.58,6.91,7.18,80.88,5.03,LargeCentralMetro,1,0,0,0,0,0,East of England,10,Dacorum 007,37.0,1,70.0,25.9,431.0
E02004968,5.0,5.0,23.78,51.04,13.8,6.34,73.11,6.74,LargeCentralMetro,1,0,0,0,0,0,East of England,8,Watford 001,32.0,1,185.0,59.2,1101.0
E02004859,10.0,3.0,11.54,48.69,1.22,0.58,95.35,2.84,LargeCentralMetro,1,0,0,0,0,0,East of England,10,Dacorum 004,55.0,1,234.0,128.70000000000002,1522.0
E02004892,5.0,4.0,30.36,47.44,2.4,2.2,90.76,4.64,LargeCentralMetro,1,0,0,0,0,0,East of England,4,East Hertfordshire 015,43.0,1,56.0,24.08,352.0
E02004875,5.0,4.0,26.37,50.17,12.96,3.66,77.8,5.58,LargeCentralMetro,1,0,0,0,0,0,East of England,10,Dacorum 020,41.0,1,201.0,82.41,1196.0
E02004925,9.0,2.0,5.45,51.29,5.26,2.57,86.88,5.3,LargeCentralMetro,1,0,0,0,0,0,East of England,8,St Albans 002,69.22,2,385.0,266.49,2564.0
E02004894,8.0,4.0,10.49,0.0,3.18,1.81,90.56,4.45,LargeCentralMetro,1,0,0,0,0,0,East of England,2,East Hertfordshire 017,49.0,1,162.0,79.38,1132.0
E02004878,7.0,2.0,10.63,49.67,1.13,0.61,96.37,1.89,MediumMetro,0,0,1,0,0,0,East of England,10,East Hertfordshire 001,60.0,1,207.0,124.19999999999999,904.0
E02004924,9.0,1.0,10.47,48.13,5.05,1.62,88.37,4.97,LargeCentralMetro,1,0,0,0,0,0,East of England,8,St Albans 001,63.0,1,191.0,120.33,1259.0
E02004899,7.0,4.0,31.73,49.42,5.87,1.91,86.28,5.94,LargeCentralMetro,1,0,0,0,0,0,East of England,9,Hertsmere 004,38.0,1,208.0,79.04,1293.0
E02004934,8.0,1.0,10.0,0.0,12.99,2.68,76.24,8.09,LargeCentralMetro,1,0,0,0,0,0,East of England,6,St Albans 011,62.0,1,170.0,105.4,1147.0
E02004890,8.0,3.0,11.8,73.29,2.6,1.05,92.97,3.39,LargeCentralMetro,1,0,0,0,0,0,East of England,6,East Hertfordshire 013,54.74,2,322.0,176.26,2104.0
E02004953,4.0,5.0,29.59,47.23,5.64,5.59,83.95,4.82,LargeCentralMetro,1,0,0,0,0,0,East of England,10,Stevenage 010,34.0,1,196.0,66.64,1084.0
E02004906,6.0,4.0,12.24,45.94,9.44,7.41,74.58,8.57,LargeCentralMetro,1,0,0,0,0,0,East of England,7,Hertsmere 011,59.0,1,147.0,86.72999999999999,973.0
E02004921,9.0,3.0,12.73,100.0,7.6,2.05,84.41,5.94,LargeCentralMetro,1,0,0,0,0,0,East of England,1,North Hertfordshire 013,69.0,1,165.0,113.85,1086.0
E02004935,8.0,2.0,8.16,99.34,7.8,2.45,82.91,6.84,LargeCentralMetro,1,0,0,0,0,0,East of England,6,St Albans 012,65.0,1,147.0,95.55,906.0
E02004869,8.0,4.0,15.38,49.25,2.55,0.75,93.08,3.62,LargeCentralMetro,1,0,0,0,0,0,East of England,7,Dacorum 014,57.0,1,208.0,118.55999999999999,1275.0
E02007091,7.0,3.0,17.33,48.85,5.51,4.47,86.33,3.68,LargeCentralMetro,1,0,0,0,0,0,East of England,10,Stevenage 013,38.0,1,225.0,85.5,1476.0
E02004920,7.0,5.0,6.79,0.0,4.76,3.01,86.57,5.66,LargeCentralMetro,1,0,0,0,0,0,East of England,1,North Hertfordshire 012,59.0,1,162.0,95.58,1055.0
E02004846,9.0,1.0,19.31,51.76,2.88,2.31,90.31,4.5,LargeCentralMetro,1,0,0,0,0,0,East of England,10,Broxbourne 004,63.0,1,202.0,127.26,1281.0
E02004845,5.0,2.0,25.0,47.5,2.37,3.43,88.83,5.37,LargeCentralMetro,1,0,0,0,0,0,East of England,10,Broxbourne 003,18.0,1,104.0,18.72,640.0
E02004982,7.0,4.0,16.18,50.49,4.75,2.21,87.53,5.51,LargeCentralMetro,1,0,0,0,0,0,East of England,10,Welwyn Hatfield 003,52.0,1,204.0,106.08,1321.0
E02004907,8.0,4.0,13.61,45.62,11.78,4.09,76.96,7.17,LargeCentralMetro,1,0,0,0,0,0,East of England,7,Hertsmere 012,54.0,1,169.0,91.26,1120.0
E02004912,7.0,6.0,19.7,48.09,2.91,1.36,92.14,3.59,LargeCentralMetro,1,0,0,0,0,0,East of England,8,North Hertfordshire 004,50.0,1,203.0,101.5,1362.0
E02004957,6.0,4.0,9.87,47.14,13.34,4.63,75.97,6.06,LargeCentralMetro,1,0,0,0,0,0,East of England,9,Three Rivers 002,71.78,2,385.0,276.35,2552.0
E02004904,5.0,3.0,32.31,62.02,8.25,7.16,77.78,6.81,LargeCentralMetro,1,0,0,0,0,0,East of England,8,Hertsmere 009,26.0,1,65.0,16.900000000000002,337.0
E02004877,8.0,3.0,18.13,51.39,3.84,0.91,91.37,3.88,LargeCentralMetro,1,0,0,0,0,0,East of England,8,Dacorum 022,38.0,1,182.0,69.16,1082.0
E02004975,8.0,4.0,7.41,0.0,33.13,4.2,54.37,8.3,LargeCentralMetro,1,0,0,0,0,0,East of England,5,Watford 008,84.0,1,189.0,158.76,1351.0
E02004888,8.0,2.0,11.36,51.16,2.52,1.2,93.52,2.77,LargeCentralMetro,1,0,0,0,0,0,East of England,4,East Hertfordshire 011,55.0,1,176.0,96.80000000000001,1202.0
E02004945,4.0,5.0,14.98,50.33,10.83,3.98,79.84,5.36,LargeCentralMetro,1,0,0,0,0,0,East of England,9,Stevenage 002,56.23,2,287.0,161.39000000000001,2291.0
E02004960,10.0,2.0,6.44,51.5,7.14,0.87,86.74,5.25,LargeCentralMetro,1,0,0,0,0,0,East of England,7,Three Rivers 005,75.0,1,202.0,151.5,1396.0
E02004991,4.0,4.0,18.35,99.74,16.57,9.08,66.66,7.69,LargeCentralMetro,1,0,0,0,0,0,East of England,10,Welwyn Hatfield 012,53.0,1,109.0,57.77,781.0
E02004976,5.0,4.0,8.33,100.0,23.7,6.89,59.78,9.63,LargeCentralMetro,1,0,0,0,0,0,East of England,7,Watford 009,81.0,1,180.0,145.8,1310.0
E02004897,8.0,3.0,4.37,50.75,10.77,3.3,77.87,8.06,LargeCentralMetro,1,0,0,0,0,0,East of England,10,Hertsmere 002,83.0,1,206.0,170.98,1466.0
E02004915,4.0,3.0,24.47,50.93,7.6,3.78,83.06,5.56,LargeCentralMetro,1,0,0,0,0,0,East of England,6,North Hertfordshire 007,22.0,1,94.0,20.68,483.0
E02004958,8.0,4.0,,,7.04,1.13,87.43,4.39,LargeCentralMetro,1,0,0,0,0,0,East of England,,Three Rivers 003,,1,0.0,0.0,0.0
E02004853,4.0,6.0,24.59,49.94,3.49,6.06,80.27,10.17,LargeCentralMetro,1,0,0,0,0,0,East of England,8,Broxbourne 011,42.08,2,366.0,154.03,2415.0
E02004959,10.0,4.0,7.77,45.18,26.43,2.14,65.88,5.55,LargeCentralMetro,1,0,0,0,0,0,East of England,8,Three Rivers 004,52.0,1,206.0,107.12,1224.0
E02004918,7.0,3.0,14.04,50.85,10.53,3.46,79.49,6.52,LargeCentralMetro,1,0,0,0,0,0,East of England,1,North Hertfordshire 010,42.0,1,171.0,71.82,1115.0
E02004961,9.0,3.0,9.63,50.72,12.85,1.58,80.85,4.72,LargeCentralMetro,1,0,0,0,0,0,East of England,5,Three Rivers 006,64.0,1,187.0,119.68,1258.0
E02004932,6.0,3.0,24.75,46.83,9.73,2.93,79.18,8.16,LargeCentralMetro,1,0,0,0,0,0,East of England,10,St Albans 009,41.0,1,101.0,41.41,583.0
E02004978,4.0,8.0,32.48,46.43,33.99,7.89,49.0,9.13,LargeCentralMetro,1,0,0,0,0,0,East of England,6,Watford 011,35.0,1,157.0,54.949999999999996,995.0
E02007090,8.0,3.0,24.64,39.26,6.89,2.33,84.54,6.24,LargeCentralMetro,1,0,0,0,0,0,East of England,7,St Albans 021,45.0,1,69.0,31.05,568.0
E02004850,5.0,4.0,31.91,47.74,4.07,6.43,79.32,10.19,LargeCentralMetro,1,0,0,0,0,0,East of England,9,Broxbourne 008,34.0,1,141.0,47.940000000000005,884.0
E02004930,9.0,2.0,13.4,99.76,7.59,1.93,85.26,5.22,LargeCentralMetro,1,0,0,0,0,0,East of England,10,St Albans 007,75.0,1,194.0,145.5,1231.0
E02004936,9.0,2.0,8.38,49.55,10.1,2.0,80.61,7.29,LargeCentralMetro,1,0,0,0,0,0,East of England,8,St Albans 013,69.0,1,179.0,123.50999999999999,1215.0
E02004937,10.0,3.0,16.67,50.09,5.21,1.22,88.37,5.2,LargeCentralMetro,1,0,0,0,0,0,East of England,8,St Albans 014,43.0,1,168.0,72.24,1146.0
E02004985,8.0,6.0,19.21,43.35,5.72,2.22,87.02,5.04,LargeCentralMetro,1,0,0,0,0,0,East of England,10,Welwyn Hatfield 006,34.0,1,177.0,60.18000000000001,1068.0
E02003582,8.0,4.0,23.03,48.27,0.86,0.29,97.38,1.47,LargeFringeMetro,0,1,0,0,0,0,South East,2,Isle of Wight 002,41.0,1,165.0,67.64999999999999,1013.0
E02003586,5.0,7.0,29.71,49.28,1.18,0.29,97.1,1.43,LargeFringeMetro,0,1,0,0,0,0,South East,5,Isle of Wight 006,29.0,1,175.0,50.75,970.0
E02003598,4.0,7.0,,53.74,0.7,0.23,97.41,1.65,SmallMetro,0,0,0,1,0,0,South East,,Isle of Wight 018,,1,0.0,0.0,374.0
E02003591,5.0,7.0,14.56,50.25,1.26,0.35,97.12,1.26,LargeFringeMetro,0,1,0,0,0,0,South East,4,Isle of Wight 011,47.0,1,206.0,96.82,1576.0
E02006867,8.0,6.0,14.78,53.26,1.47,0.48,96.18,1.86,LargeCentralMetro,1,0,0,0,0,0,East Midlands,10,North Kesteven 014,35.04,2,406.0,142.28,2328.0
E02005427,5.0,8.0,,,1.04,0.2,97.17,1.58,LargeCentralMetro,1,0,0,0,0,0,East Midlands,,East Lindsey 004,,1,0.0,0.0,0.0
E02005449,5.0,6.0,17.32,48.68,5.27,2.1,89.35,3.28,LargeCentralMetro,1,0,0,0,0,0,East Midlands,4,Lincoln 008,50.34,3,462.0,232.56,3190.0
E02005435,3.0,9.0,46.67,46.97,1.16,0.11,97.6,1.13,LargeFringeMetro,0,1,0,0,0,0,East Midlands,9,East Lindsey 012,11.0,1,180.0,19.8,1073.0
E02005499,8.0,6.0,10.73,48.34,0.67,0.3,97.68,1.35,MediumMetro,0,0,1,0,0,0,East Midlands,10,West Lindsey 008,66.0,1,233.0,153.78,1450.0
E02005431,4.0,7.0,34.62,46.55,0.49,0.23,98.01,1.28,SmallMetro,0,0,0,1,0,0,East Midlands,10,East Lindsey 008,25.0,1,104.0,26.0,565.0
E02005471,5.0,5.0,21.7,,1.73,0.67,95.23,2.37,LargeCentralMetro,1,0,0,0,0,0,East Midlands,10,South Holland 007,25.0,1,212.0,53.0,0.0
E02005444,6.0,8.0,17.74,20.83,2.88,1.54,92.31,3.27,LargeCentralMetro,1,0,0,0,0,0,East Midlands,2,Lincoln 003,34.0,1,62.0,21.080000000000002,216.0
E02005478,5.0,7.0,17.44,32.31,3.49,0.77,93.67,2.07,LargeFringeMetro,0,1,0,0,0,0,East Midlands,9,South Kesteven 003,36.0,1,195.0,70.2,1238.0
E02005489,7.0,5.0,15.12,51.42,1.47,0.41,96.4,1.71,LargeCentralMetro,1,0,0,0,0,0,East Midlands,9,South Kesteven 014,30.0,1,258.0,77.39999999999999,1554.0
E02005492,6.0,5.0,35.59,52.72,1.0,0.28,97.89,0.83,MediumMetro,0,0,1,0,0,0,East Midlands,10,West Lindsey 001,25.0,1,59.0,14.75,313.0
E02005445,2.0,9.0,25.62,52.68,4.35,2.0,89.13,4.53,LargeCentralMetro,1,0,0,0,0,0,East Midlands,6,Lincoln 004,38.0,1,203.0,77.14,1325.0
E02005486,6.0,7.0,20.38,51.43,2.19,0.84,95.37,1.61,LargeCentralMetro,1,0,0,0,0,0,East Midlands,10,South Kesteven 011,36.0,1,211.0,75.96,1297.0
E02005481,4.0,7.0,20.33,99.86,2.74,1.0,93.56,2.7,LargeFringeMetro,0,1,0,0,0,0,East Midlands,9,South Kesteven 006,41.0,1,123.0,50.43,733.0
E02006864,8.0,4.0,24.74,49.46,5.5,0.99,91.14,2.36,LargeFringeMetro,0,1,0,0,0,0,East Midlands,8,Boston 008,15.0,1,194.0,29.099999999999998,1019.0
E02005458,7.0,4.0,18.7,46.61,0.86,0.15,98.01,0.98,Micropolitan,0,0,0,0,1,0,East Midlands,9,North Kesteven 006,21.0,1,123.0,25.83,781.0
E02005436,5.0,7.0,32.76,47.67,0.55,0.17,98.08,1.2,SmallMetro,0,0,0,1,0,0,East Midlands,10,East Lindsey 013,19.0,1,58.0,11.02,451.0
E02005490,4.0,6.0,36.84,52.86,1.24,0.48,96.33,1.95,LargeCentralMetro,1,0,0,0,0,0,East Midlands,10,South Kesteven 015,26.0,1,76.0,19.76,350.0
E02005423,4.0,6.0,24.74,47.81,0.89,0.4,97.0,1.71,SmallMetro,0,0,0,1,0,0,East Midlands,10,Boston 007,13.0,1,97.0,12.610000000000001,479.0
E02005441,5.0,4.0,25.37,49.24,0.68,0.2,98.04,1.07,Noncore,0,0,0,0,0,1,East Midlands,10,East Lindsey 018,21.0,1,67.0,14.07,327.0
E02005425,6.0,5.0,44.9,51.49,0.71,0.14,97.94,1.21,SmallMetro,0,0,0,1,0,0,East Midlands,10,East Lindsey 002,24.0,1,49.0,11.76,303.0
E02005502,6.0,6.0,,,1.2,0.26,97.08,1.46,MediumMetro,0,0,1,0,0,0,East Midlands,,West Lindsey 011,,1,0.0,0.0,0.0
E02005434,6.0,8.0,21.77,50.08,0.94,0.13,97.96,0.97,SmallMetro,0,0,0,1,0,0,East Midlands,9,East Lindsey 011,35.0,1,124.0,43.4,589.0
E02005439,6.0,5.0,46.81,49.16,0.82,0.34,97.15,1.69,SmallMetro,0,0,0,1,0,0,East Midlands,10,East Lindsey 016,19.0,1,47.0,8.93,299.0
E02005462,5.0,6.0,22.02,48.53,1.23,0.44,96.23,2.1,LargeFringeMetro,0,1,0,0,0,0,East Midlands,10,North Kesteven 010,30.0,1,327.0,98.1,2178.0
E02005494,5.0,6.0,21.43,48.81,0.73,0.15,97.66,1.46,Micropolitan,0,0,0,0,1,0,East Midlands,10,West Lindsey 003,26.0,1,140.0,36.4,926.0
E02005467,5.0,4.0,21.97,46.7,1.05,0.36,97.32,1.27,SmallMetro,0,0,0,1,0,0,East Midlands,10,South Holland 003,27.0,1,173.0,46.71,1227.0
E02005479,8.0,7.0,34.78,39.07,3.78,1.03,92.92,2.26,LargeFringeMetro,0,1,0,0,0,0,East Midlands,10,South Kesteven 004,30.0,1,23.0,6.8999999999999995,215.0
E02005456,7.0,6.0,18.24,49.46,0.96,0.29,97.27,1.48,MediumMetro,0,0,1,0,0,0,East Midlands,10,North Kesteven 004,45.0,1,170.0,76.5,1106.0
E02005513,7.0,6.0,14.18,52.0,1.45,0.6,95.94,2.01,LargeCentralMetro,1,0,0,0,0,0,East of England,10,Breckland 011,39.0,1,134.0,52.260000000000005,802.0
E02007054,6.0,4.0,34.35,49.72,5.39,2.93,88.2,3.49,LargeCentralMetro,1,0,0,0,0,0,East of England,7,South Norfolk 016,34.0,1,131.0,44.540000000000006,909.0
E02005607,7.0,3.0,,,0.74,0.34,97.91,1.01,MediumMetro,0,0,1,0,0,0,East of England,,South Norfolk 011,,1,0.0,0.0,0.0
E02005545,8.0,7.0,16.5,49.66,0.96,0.31,97.76,0.97,LargeFringeMetro,0,1,0,0,0,0,East of England,10,Great Yarmouth 008,44.0,1,206.0,90.64,1037.0
E02005603,7.0,6.0,14.6,49.52,1.67,0.89,95.37,2.08,LargeCentralMetro,1,0,0,0,0,0,East of England,5,South Norfolk 007,57.0,2,452.0,257.64,3126.0
E02005541,2.0,8.0,,48.86,1.73,1.25,94.34,2.68,LargeFringeMetro,0,1,0,0,0,0,East of England,,Great Yarmouth 004,,1,0.0,0.0,88.0
E02005580,6.0,7.0,19.71,49.22,0.81,0.16,97.89,1.14,SmallMetro,0,0,0,1,0,0,East of England,4,North Norfolk 011,36.0,1,137.0,49.32,772.0
E02007053,2.0,10.0,14.21,55.95,7.88,2.68,83.47,5.97,LargeCentralMetro,1,0,0,0,0,0,East of England,3,Norwich 017,57.0,2,197.0,112.28999999999999,1975.0
E02005521,7.0,2.0,12.87,49.95,0.51,0.17,97.97,1.35,Micropolitan,0,0,0,0,1,0,East of England,9,Broadland 002,49.0,1,171.0,83.78999999999999,1071.0
E02005520,7.0,5.0,17.96,50.14,0.53,0.26,97.94,1.28,Micropolitan,0,0,0,0,1,0,East of England,10,Broadland 001,55.0,1,206.0,113.30000000000001,1057.0
E02005518,7.0,6.0,37.57,51.66,1.55,0.74,93.89,3.82,LargeFringeMetro,0,1,0,0,0,0,East of England,7,Breckland 016,25.0,1,181.0,45.25,1146.0
E02005593,3.0,6.0,62.96,48.6,11.37,4.35,77.06,7.22,LargeCentralMetro,1,0,0,0,0,0,East of England,10,Norwich 010,20.0,1,135.0,27.0,679.0
E02005569,6.0,8.0,17.56,43.49,0.82,0.9,94.22,4.05,Noncore,0,0,0,0,0,1,East of England,10,King's Lynn and West Norfolk 019,42.0,1,131.0,55.019999999999996,768.0
E02005534,9.0,4.0,15.51,50.08,0.96,0.57,96.46,2.01,LargeCentralMetro,1,0,0,0,0,0,East of England,9,Broadland 015,43.0,1,303.0,130.29,1847.0
E02005572,4.0,8.0,24.29,48.29,0.85,0.29,97.5,1.37,SmallMetro,0,0,0,1,0,0,East of England,10,North Norfolk 003,31.0,1,70.0,21.7,468.0
E02005596,2.0,9.0,39.02,34.47,4.11,1.92,90.14,3.83,LargeCentralMetro,1,0,0,0,0,0,East of England,8,Norwich 013,34.7,2,164.0,56.91,789.0
E02005587,3.0,8.0,45.36,44.39,2.05,1.61,92.93,3.41,LargeCentralMetro,1,0,0,0,0,0,East of England,8,Norwich 004,21.0,1,97.0,20.37,615.0
E02005604,7.0,2.0,18.37,47.8,0.83,0.25,97.28,1.65,MediumMetro,0,0,1,0,0,0,East of England,9,South Norfolk 008,48.0,1,147.0,70.56,726.0
E02005537,6.0,2.0,17.0,49.44,0.75,0.23,97.78,1.24,MediumMetro,0,0,1,0,0,0,East of England,10,Broadland 018,37.0,1,100.0,37.0,445.0
E02005509,4.0,10.0,26.47,51.15,1.26,0.33,96.62,1.79,SmallMetro,0,0,0,1,0,0,East of England,10,Breckland 007,31.0,1,102.0,31.62,655.0
E02005547,5.0,7.0,26.7,50.4,4.24,0.76,92.87,2.13,LargeFringeMetro,0,1,0,0,0,0,East of England,10,Great Yarmouth 010,35.0,1,176.0,61.599999999999994,879.0
E02005558,6.0,5.0,27.03,51.02,0.45,0.19,98.55,0.82,Noncore,0,0,0,0,0,1,East of England,10,King's Lynn and West Norfolk 008,28.0,1,111.0,31.080000000000002,590.0
E02005582,6.0,8.0,18.29,52.53,0.38,0.19,98.21,1.22,SmallMetro,0,0,0,1,0,0,East of England,9,North Norfolk 013,35.0,1,82.0,28.7,375.0
E02005511,6.0,5.0,25.0,47.99,0.87,0.5,96.98,1.65,LargeFringeMetro,0,1,0,0,0,0,East of England,9,Breckland 009,30.0,1,104.0,31.2,571.0
E02005530,8.0,5.0,22.39,48.26,2.46,1.05,94.05,2.44,LargeCentralMetro,1,0,0,0,0,0,East of England,9,Broadland 011,41.0,1,201.0,82.41,1382.0
E02005505,6.0,8.0,18.06,49.14,1.42,0.46,96.73,1.38,LargeCentralMetro,1,0,0,0,0,0,East of England,9,Breckland 003,40.0,1,155.0,62.0,1164.0
E02005600,8.0,5.0,8.84,50.22,1.33,2.29,94.48,1.9,Micropolitan,0,0,0,0,1,0,East of England,9,South Norfolk 004,65.0,1,181.0,117.65,1336.0
E02005611,5.0,4.0,10.49,51.4,1.78,0.77,95.55,1.89,LargeFringeMetro,0,1,0,0,0,0,East of England,6,South Norfolk 015,49.0,1,143.0,70.07,926.0
E02005595,8.0,6.0,23.48,48.85,5.7,1.42,88.98,3.9,LargeCentralMetro,1,0,0,0,0,0,East of England,10,Norwich 012,47.0,1,230.0,108.1,1566.0
E02005563,4.0,8.0,24.68,47.93,1.0,0.29,97.56,1.15,Noncore,0,0,0,0,0,1,East of England,9,King's Lynn and West Norfolk 013,46.0,1,154.0,70.84,726.0
E02005540,6.0,7.0,26.83,49.57,0.91,0.26,97.66,1.17,SmallMetro,0,0,0,1,0,0,East of England,10,Great Yarmouth 003,42.0,1,123.0,51.66,581.0
E02005586,4.0,6.0,39.62,46.28,3.18,2.13,90.54,4.15,LargeCentralMetro,1,0,0,0,0,0,East of England,6,Norwich 003,22.0,1,106.0,23.32,484.0
E02005548,3.0,9.0,46.85,53.05,5.1,0.69,92.19,2.02,LargeFringeMetro,0,1,0,0,0,0,East of England,10,Great Yarmouth 011,27.0,1,111.0,29.970000000000002,788.0
E02005560,5.0,8.0,23.48,55.71,12.17,2.14,82.05,3.64,LargeFringeMetro,0,1,0,0,0,0,East of England,9,King's Lynn and West Norfolk 010,36.0,1,264.0,95.03999999999999,1709.0
E02005559,5.0,10.0,25.53,47.15,2.79,0.54,93.68,2.99,LargeFringeMetro,0,1,0,0,0,0,East of England,2,King's Lynn and West Norfolk 009,23.0,1,94.0,21.62,649.0
E02005570,6.0,6.0,28.18,47.14,0.78,0.13,98.17,0.93,SmallMetro,0,0,0,1,0,0,East of England,5,North Norfolk 001,45.0,1,110.0,49.5,753.0
E02005525,8.0,5.0,10.53,47.2,1.77,0.77,95.61,1.85,LargeCentralMetro,1,0,0,0,0,0,East of England,9,Broadland 006,51.0,1,209.0,106.59,1144.0
E02005599,8.0,4.0,13.82,47.8,2.72,1.32,93.04,2.92,MediumMetro,0,0,1,0,0,0,East of England,6,South Norfolk 003,67.0,1,123.0,82.41000000000001,567.0
E02005551,4.0,8.0,,,0.82,0.19,97.4,1.59,SmallMetro,0,0,0,1,0,0,East of England,,King's Lynn and West Norfolk 001,,1,0.0,0.0,0.0
E02005693,5.0,7.0,24.29,49.42,11.01,8.86,74.91,5.22,LargeCentralMetro,1,0,0,0,0,0,East Midlands,3,North Northamptonshire 028,41.0,1,177.0,72.57,1198.0
E02005656,2.0,8.0,36.49,47.33,9.07,14.53,69.41,6.99,LargeCentralMetro,1,0,0,0,0,0,East Midlands,2,West Northamptonshire 014,44.0,1,222.0,97.68,1350.0
E02005633,6.0,8.0,22.12,43.65,1.08,1.76,95.28,1.87,LargeCentralMetro,1,0,0,0,0,0,East Midlands,5,North Northamptonshire 025,27.0,1,104.0,28.080000000000002,850.0
E02005664,5.0,9.0,34.55,46.31,7.15,6.36,80.37,6.12,LargeCentralMetro,1,0,0,0,0,0,East Midlands,4,West Northamptonshire 025,27.0,1,220.0,59.400000000000006,1300.0
E02005648,9.0,7.0,19.65,48.06,4.66,2.33,90.03,2.98,LargeFringeMetro,0,1,0,0,0,0,East Midlands,5,North Northamptonshire 021,32.0,1,173.0,55.36,1059.0
E02005676,5.0,7.0,22.41,50.2,5.9,6.54,82.17,5.39,LargeCentralMetro,1,0,0,0,0,0,East Midlands,5,West Northamptonshire 038,37.0,1,232.0,85.84,1273.0
E02006863,6.0,6.0,13.56,49.31,5.39,8.71,82.15,3.75,LargeFringeMetro,0,1,0,0,0,0,East Midlands,7,North Northamptonshire 008,63.0,1,177.0,111.51,1164.0
E02005647,4.0,9.0,9.86,68.83,4.75,3.16,88.54,3.55,LargeFringeMetro,0,1,0,0,0,0,East Midlands,3,North Northamptonshire 022,62.58,2,365.0,228.4,2429.0
E02005651,7.0,8.0,23.44,83.93,5.02,3.21,88.83,2.94,LargeCentralMetro,1,0,0,0,0,0,East Midlands,4,West Northamptonshire 007,42.75,2,401.0,171.41,2365.0
E02005622,9.0,3.0,10.62,49.28,1.16,0.85,96.06,1.93,Micropolitan,0,0,0,0,1,0,East Midlands,8,West Northamptonshire 005,51.0,1,226.0,115.26,1311.0
E02005698,4.0,8.0,31.65,46.78,6.49,7.85,80.86,4.8,LargeCentralMetro,1,0,0,0,0,0,East Midlands,3,North Northamptonshire 033,29.0,1,139.0,40.309999999999995,964.0
E02005650,7.0,6.0,20.65,46.91,6.37,5.68,82.88,5.06,LargeCentralMetro,1,0,0,0,0,0,East Midlands,6,West Northamptonshire 006,27.0,1,184.0,49.68000000000001,1294.0
E02005686,9.0,5.0,13.75,57.44,0.74,0.42,97.13,1.71,SmallMetro,0,0,0,1,0,0,East Midlands,10,West Northamptonshire 048,44.0,1,160.0,70.4,1069.0
E02005687,8.0,4.0,8.7,16.46,0.75,0.39,97.32,1.54,MediumMetro,0,0,1,0,0,0,East Midlands,10,West Northamptonshire 049,20.0,1,92.0,18.400000000000002,413.0
E02005616,3.0,9.0,22.86,38.38,1.4,1.57,94.01,3.02,LargeFringeMetro,0,1,0,0,0,0,East Midlands,7,North Northamptonshire 005,44.0,1,70.0,30.8,370.0
E02005643,2.0,9.0,24.49,40.98,3.5,3.49,89.46,3.56,LargeFringeMetro,0,1,0,0,0,0,East Midlands,2,North Northamptonshire 016,31.0,1,196.0,60.76,1081.0
E02005681,8.0,8.0,20.56,51.89,0.7,0.35,97.29,1.66,MediumMetro,0,0,1,0,0,0,East Midlands,10,West Northamptonshire 040,50.0,1,214.0,107.0,1245.0
E02005615,4.0,8.0,31.01,50.92,1.09,1.25,95.71,1.96,LargeFringeMetro,0,1,0,0,0,0,East Midlands,7,North Northamptonshire 004,29.97,2,316.0,94.72,1964.0
E02005635,7.0,7.0,18.71,54.14,1.6,1.41,94.69,2.31,LargeCentralMetro,1,0,0,0,0,0,East Midlands,9,North Northamptonshire 035,29.0,1,155.0,44.949999999999996,1038.0
E02005684,9.0,5.0,10.63,48.5,0.9,0.59,96.88,1.63,LargeCentralMetro,1,0,0,0,0,0,East Midlands,5,West Northamptonshire 045,58.0,1,207.0,120.05999999999999,1369.0
E02005623,8.0,5.0,17.89,46.98,3.25,2.33,90.86,3.56,LargeCentralMetro,1,0,0,0,0,0,East Midlands,6,West Northamptonshire 003,40.0,1,218.0,87.2,1373.0
E02005614,7.0,6.0,29.69,49.68,2.28,4.82,89.97,2.93,LargeFringeMetro,0,1,0,0,0,0,East Midlands,5,North Northamptonshire 006,35.0,1,192.0,67.19999999999999,1079.0
E02005630,9.0,3.0,12.63,49.59,1.77,1.03,94.48,2.72,MediumMetro,0,0,1,0,0,0,East Midlands,6,North Northamptonshire 010,49.0,1,190.0,93.1,1101.0
E02005655,7.0,9.0,29.79,47.45,7.41,5.06,83.09,4.45,LargeCentralMetro,1,0,0,0,0,0,East Midlands,2,West Northamptonshire 012,40.0,1,235.0,94.0,1296.0
E02005624,6.0,7.0,21.55,52.69,2.96,1.46,92.9,2.68,LargeCentralMetro,1,0,0,0,0,0,East Midlands,2,West Northamptonshire 010,40.0,1,116.0,46.400000000000006,706.0
E02005674,4.0,10.0,18.52,0.0,14.26,11.22,67.8,6.72,LargeCentralMetro,1,0,0,0,0,0,East Midlands,3,West Northamptonshire 034,69.0,1,216.0,149.04,1612.0
E02005699,3.0,8.0,26.4,52.68,4.64,5.96,84.74,4.66,LargeCentralMetro,1,0,0,0,0,0,East Midlands,5,North Northamptonshire 036,37.0,1,178.0,65.86,1065.0
E02005730,7.0,7.0,10.93,53.21,0.92,0.13,97.75,1.21,LargeCentralMetro,1,0,0,0,0,0,North East,10,Northumberland 035,63.0,1,302.0,190.26,1263.0
E02005712,6.0,8.0,50.35,48.06,1.46,0.58,96.66,1.3,LargeCentralMetro,1,0,0,0,0,0,North East,9,Northumberland 025,18.0,1,143.0,25.74,799.0
E02005718,7.0,9.0,18.77,49.65,0.59,0.18,98.34,0.89,LargeCentralMetro,1,0,0,0,0,0,North East,10,Northumberland 031,46.0,1,325.0,149.5,1974.0
E02005706,4.0,6.0,24.49,50.48,0.96,0.21,97.6,1.24,LargeFringeMetro,0,1,0,0,0,0,North East,4,Northumberland 001,24.0,1,147.0,35.28,620.0
E02005741,6.0,7.0,22.51,52.51,0.79,0.07,98.15,0.99,LargeCentralMetro,1,0,0,0,0,0,North East,8,Northumberland 021,33.0,1,231.0,76.23,1036.0
E02005736,3.0,10.0,50.0,48.5,2.01,0.21,96.43,1.35,LargeCentralMetro,1,0,0,0,0,0,North East,5,Northumberland 013,16.0,1,126.0,20.16,2561.0
E02005704,5.0,7.0,30.95,49.93,0.46,0.09,98.87,0.59,SmallMetro,0,0,0,1,0,0,North East,5,Northumberland 006,25.0,1,84.0,21.0,737.0
E02005721,8.0,9.0,14.86,52.48,0.68,0.04,98.42,0.86,LargeCentralMetro,1,0,0,0,0,0,North East,4,Northumberland 011,57.0,1,323.0,184.10999999999999,1431.0
E02005733,8.0,5.0,14.46,52.3,0.4,0.12,98.6,0.88,SmallMetro,0,0,0,1,0,0,North East,10,Northumberland 040,23.0,1,83.0,19.09,413.0
E02005719,4.0,9.0,30.77,51.67,0.48,0.27,98.2,1.05,MediumMetro,0,0,1,0,0,0,North East,3,Northumberland 032,29.0,1,143.0,41.47,538.0
E02005974,9.0,3.0,9.55,51.42,2.58,0.65,92.67,4.1,LargeCentralMetro,1,0,0,0,0,0,South East,5,South Oxfordshire 017,69.0,1,157.0,108.33,809.0
E02005983,6.0,7.0,17.5,51.4,5.22,2.05,88.49,4.24,LargeCentralMetro,1,0,0,0,0,0,South East,10,Vale of White Horse 006,41.0,1,160.0,65.6,961.0
E02005933,6.0,6.0,14.08,52.83,5.05,1.85,88.98,4.12,LargeCentralMetro,1,0,0,0,0,0,South East,9,Cherwell 013,56.0,1,213.0,119.28000000000002,1291.0
E02005996,9.0,1.0,12.36,49.3,1.94,0.62,94.65,2.8,MediumMetro,0,0,1,0,0,0,South East,10,West Oxfordshire 004,49.0,1,178.0,87.22,1067.0
E02006886,8.0,2.0,13.98,49.32,1.54,1.28,94.28,2.9,MediumMetro,0,0,1,0,0,0,South East,10,Vale of White Horse 016,48.0,1,186.0,89.28,1180.0
E02005959,8.0,4.0,18.12,51.24,3.41,1.27,90.78,4.53,Micropolitan,0,0,0,0,1,0,South East,6,South Oxfordshire 002,48.0,1,149.0,71.52,1005.0
E02006003,7.0,3.0,6.44,49.55,1.77,0.62,94.96,2.65,MediumMetro,0,0,1,0,0,0,South East,7,West Oxfordshire 011,64.0,1,202.0,129.28,1221.0
E02005926,8.0,7.0,16.17,49.53,5.24,1.42,89.81,3.53,LargeFringeMetro,0,1,0,0,0,0,South East,7,Cherwell 006,42.32,3,303.0,128.24,1706.0
E02005967,6.0,7.0,15.82,100.0,6.71,2.54,86.77,3.98,LargeCentralMetro,1,0,0,0,0,0,South East,8,South Oxfordshire 010,51.0,1,177.0,90.27,1280.0
E02005971,6.0,7.0,16.55,0.0,3.03,0.86,93.82,2.28,LargeCentralMetro,1,0,0,0,0,0,South East,8,South Oxfordshire 014,35.0,1,139.0,48.65,987.0
E02005922,6.0,6.0,35.59,48.6,4.58,2.2,89.21,4.01,LargeFringeMetro,0,1,0,0,0,0,South East,7,Cherwell 002,34.0,1,177.0,60.18000000000001,965.0
E02006005,8.0,6.0,15.46,46.95,1.76,1.06,94.47,2.71,LargeFringeMetro,0,1,0,0,0,0,South East,4,West Oxfordshire 013,33.0,1,97.0,32.01,607.0
E02005949,3.0,5.0,28.76,49.86,21.64,6.07,62.53,9.75,LargeCentralMetro,1,0,0,0,0,0,South East,2,Oxford 010,45.0,1,233.0,104.85000000000001,1436.0
E02006002,6.0,6.0,10.86,49.1,2.67,0.78,93.4,3.15,LargeFringeMetro,0,1,0,0,0,0,South East,4,West Oxfordshire 010,53.0,1,221.0,117.13000000000001,1226.0
E02007116,3.0,3.0,43.14,51.06,24.52,4.47,61.62,9.39,LargeCentralMetro,1,0,0,0,0,0,South East,1,Oxford 019,35.0,1,102.0,35.699999999999996,991.0
E02005934,7.0,6.0,17.24,51.6,4.64,1.76,89.2,4.39,LargeCentralMetro,1,0,0,0,0,0,South East,9,Cherwell 014,38.0,1,145.0,55.1,909.0
E02005978,8.0,2.0,13.77,49.58,6.91,1.65,86.19,5.25,LargeCentralMetro,1,0,0,0,0,0,South East,8,Vale of White Horse 001,66.0,1,167.0,110.22,1061.0
E02005992,8.0,6.0,17.65,17.46,4.28,1.11,91.43,3.18,LargeCentralMetro,1,0,0,0,0,0,South East,10,Vale of White Horse 015,34.0,2,85.0,28.900000000000002,252.0
E02005975,9.0,5.0,11.93,49.75,1.6,0.75,95.16,2.49,MediumMetro,0,0,1,0,0,0,South East,6,South Oxfordshire 018,53.0,1,109.0,57.77,605.0
E02005991,7.0,4.0,17.63,48.35,2.08,1.2,94.26,2.45,LargeFringeMetro,0,1,0,0,0,0,South East,10,Vale of White Horse 014,41.0,1,295.0,120.94999999999999,1820.0
E02005993,6.0,8.0,10.69,50.63,2.98,0.58,94.44,2.0,SmallMetro,0,0,0,1,0,0,South East,7,West Oxfordshire 001,59.0,1,159.0,93.80999999999999,954.0
E02005928,9.0,5.0,20.09,47.3,3.16,1.16,92.59,3.09,Noncore,0,0,0,0,0,1,South East,10,Cherwell 008,41.0,1,229.0,93.89,1294.0
E02005942,10.0,2.0,17.05,48.06,10.69,1.52,80.28,7.51,LargeCentralMetro,1,0,0,0,0,0,South East,1,Oxford 003,71.0,2,528.0,374.88,3712.0
E02005960,8.0,4.0,8.6,49.59,1.62,0.84,94.3,3.24,LargeCentralMetro,1,0,0,0,0,0,South East,10,South Oxfordshire 003,58.0,1,314.0,182.11999999999998,2091.0
E02006004,7.0,4.0,10.68,52.64,1.12,0.67,96.36,1.85,SmallMetro,0,0,0,1,0,0,South East,9,West Oxfordshire 012,61.0,1,206.0,125.66,1174.0
E02005969,8.0,8.0,13.09,49.12,1.87,0.56,95.38,2.2,MediumMetro,0,0,1,0,0,0,South East,10,South Oxfordshire 012,58.0,1,191.0,110.77999999999999,1199.0
E02005939,6.0,4.0,14.17,52.54,5.66,1.61,88.04,4.69,LargeCentralMetro,1,0,0,0,0,0,South East,10,Cherwell 019,49.0,1,127.0,62.23,906.0
E02006073,2.0,10.0,35.46,52.12,2.07,0.46,94.74,2.73,LargeCentralMetro,1,0,0,0,0,0,South West,3,Sedgemoor 013,30.0,1,141.0,42.3,756.0
E02006112,8.0,6.0,20.81,51.63,1.82,0.34,96.25,1.59,LargeFringeMetro,0,1,0,0,0,0,South West,2,Somerset West and Taunton 019,37.0,1,173.0,64.01,951.0
E02006095,6.0,6.0,16.78,52.79,0.63,0.25,97.75,1.36,SmallMetro,0,0,0,1,0,0,South West,5,South Somerset 021,38.0,1,149.0,56.62,519.0
E02006067,8.0,5.0,23.08,0.0,0.11,0.31,98.4,1.18,Noncore,0,0,0,0,0,1,South West,8,Sedgemoor 007,17.0,1,52.0,8.84,270.0
E02006071,8.0,7.0,20.0,51.35,1.02,0.24,97.25,1.48,LargeCentralMetro,1,0,0,0,0,0,South West,6,Sedgemoor 011,44.0,1,210.0,92.4,1071.0
E02006060,6.0,8.0,19.54,49.66,1.57,0.65,95.77,2.01,LargeFringeMetro,0,1,0,0,0,0,South West,8,Mendip 014,52.0,1,174.0,90.48,1015.0
E02006091,7.0,5.0,15.69,49.53,0.3,0.13,98.33,1.23,Noncore,0,0,0,0,0,1,South West,10,South Somerset 017,46.0,1,102.0,46.92,529.0
E02006052,7.0,4.0,16.25,46.7,0.83,0.3,97.04,1.83,SmallMetro,0,0,0,1,0,0,South West,6,Mendip 006,30.0,1,80.0,24.0,454.0
E02006097,4.0,8.0,18.1,49.25,0.91,1.15,95.21,2.72,LargeFringeMetro,0,1,0,0,0,0,South West,5,South Somerset 023,46.0,1,210.0,96.60000000000001,1267.0
E02006075,7.0,4.0,17.19,53.27,0.94,0.67,96.91,1.48,Noncore,0,0,0,0,0,1,South West,10,South Somerset 001,52.0,1,64.0,33.28,550.0
E02006054,6.0,5.0,17.43,49.85,1.45,0.2,96.36,1.98,LargeFringeMetro,0,1,0,0,0,0,South West,4,Mendip 008,53.0,1,241.0,127.73,1641.0
E02006110,5.0,7.0,15.0,50.97,1.79,0.91,95.73,1.57,LargeFringeMetro,0,1,0,0,0,0,South West,4,Somerset West and Taunton 018,33.0,1,120.0,39.6,724.0
E02006109,9.0,3.0,18.91,46.85,4.32,0.85,93.0,1.83,LargeFringeMetro,0,1,0,0,0,0,South West,3,Somerset West and Taunton 016,49.0,1,238.0,116.62,1189.0
E02006114,5.0,5.0,22.07,50.45,0.41,0.11,98.15,1.33,LargeFringeMetro,0,1,0,0,0,0,South West,8,Somerset West and Taunton 002,43.0,1,222.0,95.46,775.0
E02006076,8.0,5.0,16.24,52.17,0.5,0.21,98.12,1.18,SmallMetro,0,0,0,1,0,0,South West,8,South Somerset 002,39.0,1,117.0,45.63,575.0
E02006087,6.0,8.0,19.15,52.11,1.86,0.91,95.31,1.91,LargeFringeMetro,0,1,0,0,0,0,South West,6,South Somerset 013,32.0,1,141.0,45.12,733.0
E02006101,8.0,3.0,17.01,50.24,0.42,0.16,98.05,1.37,SmallMetro,0,0,0,1,0,0,South West,7,Somerset West and Taunton 013,37.0,1,147.0,54.39,834.0
E02006061,7.0,4.0,12.2,53.93,0.97,0.26,97.15,1.62,MediumMetro,0,0,1,0,0,0,South West,8,Sedgemoor 001,54.0,1,287.0,154.98000000000002,1068.0
E02006090,6.0,8.0,10.61,47.88,1.79,0.51,95.8,1.89,LargeFringeMetro,0,1,0,0,0,0,South West,7,South Somerset 016,49.0,1,198.0,97.02,990.0
E02006057,4.0,7.0,25.37,45.87,1.35,0.39,96.13,2.13,SmallMetro,0,0,0,1,0,0,South West,10,Mendip 011,19.0,1,67.0,12.73,327.0
E02006237,8.0,6.0,12.75,48.79,1.03,0.88,96.12,1.97,MediumMetro,0,0,1,0,0,0,East of England,10,Babergh 011,54.0,1,102.0,55.080000000000005,455.0
E02006286,6.0,8.0,15.31,51.64,3.16,1.28,93.23,2.33,LargeFringeMetro,0,1,0,0,0,0,East of England,5,West Suffolk 020,33.0,1,196.0,64.68,1373.0
E02006278,6.0,7.0,18.2,51.8,3.14,2.04,89.75,5.07,LargeFringeMetro,0,1,0,0,0,0,East of England,3,West Suffolk 011,43.0,2,555.0,238.64999999999998,2639.0
E02006248,7.0,8.0,20.49,49.91,6.59,2.04,85.5,5.87,LargeCentralMetro,1,0,0,0,0,0,East of England,7,Ipswich 004,52.0,1,244.0,126.88000000000001,1679.0
E02006247,3.0,8.0,26.63,50.68,3.6,3.11,86.6,6.68,LargeCentralMetro,1,0,0,0,0,0,East of England,8,Ipswich 003,37.0,1,169.0,62.53,959.0
E02006311,5.0,8.0,21.27,50.57,1.37,0.1,97.0,1.54,LargeFringeMetro,0,1,0,0,0,0,East of England,4,East Suffolk 010,38.49,2,268.0,103.16,1657.0
E02006303,2.0,9.0,37.33,50.91,0.76,0.44,97.53,1.27,LargeFringeMetro,0,1,0,0,0,0,East of England,5,East Suffolk 002,33.14,2,292.0,96.77,1697.0
E02006234,5.0,8.0,23.35,50.39,0.89,0.46,97.11,1.54,LargeFringeMetro,0,1,0,0,0,0,East of England,10,Babergh 008,40.0,1,197.0,78.80000000000001,1397.0
E02006253,8.0,6.0,25.32,52.03,6.0,1.96,87.71,4.33,LargeCentralMetro,1,0,0,0,0,0,East of England,5,Ipswich 009,38.0,1,154.0,58.52,1011.0
E02006236,8.0,4.0,12.02,51.74,0.66,0.24,97.46,1.64,MediumMetro,0,0,1,0,0,0,East of England,8,Babergh 010,50.0,1,183.0,91.5,922.0
E02006238,6.0,7.0,19.72,50.11,1.11,1.25,94.33,3.3,SmallMetro,0,0,0,1,0,0,East of England,10,West Suffolk 002,30.0,1,71.0,21.3,449.0
E02006233,5.0,9.0,37.14,51.09,1.7,0.5,95.22,2.58,LargeFringeMetro,0,1,0,0,0,0,East of England,8,Babergh 007,25.0,1,105.0,26.25,685.0
E02006284,7.0,8.0,26.32,49.82,3.1,0.87,93.42,2.61,LargeFringeMetro,0,1,0,0,0,0,East of England,5,West Suffolk 019,38.0,1,114.0,43.32,566.0
E02006282,8.0,4.0,21.74,48.07,0.57,0.12,98.18,1.13,Noncore,0,0,0,0,0,1,East of England,8,West Suffolk 017,37.0,1,115.0,42.55,570.0
E02006258,3.0,9.0,42.45,49.58,7.28,4.14,80.82,7.76,LargeCentralMetro,1,0,0,0,0,0,East of England,6,Ipswich 014,36.0,1,106.0,38.16,708.0
E02006241,6.0,8.0,21.82,51.42,2.04,1.96,90.65,5.36,LargeFringeMetro,0,1,0,0,0,0,East of England,4,West Suffolk 004,35.0,1,165.0,57.74999999999999,1130.0
E02006295,9.0,6.0,10.1,50.49,2.55,1.05,93.52,2.87,LargeCentralMetro,1,0,0,0,0,0,East of England,10,East Suffolk 024,39.0,1,287.0,111.93,1836.0
E02006263,8.0,2.0,22.95,43.23,0.33,0.42,98.17,1.08,SmallMetro,0,0,0,1,0,0,East of England,8,Mid Suffolk 003,59.0,1,61.0,35.989999999999995,266.0
E02006306,4.0,9.0,38.18,46.06,0.73,0.69,96.94,1.65,LargeFringeMetro,0,1,0,0,0,0,East of England,3,East Suffolk 005,43.0,1,110.0,47.3,558.0
E02006300,3.0,9.0,29.81,48.16,1.5,1.11,94.94,2.46,LargeCentralMetro,1,0,0,0,0,0,East of England,8,East Suffolk 029,25.0,1,208.0,52.0,1221.0
E02006245,5.0,9.0,39.06,49.16,2.78,2.72,87.25,7.25,LargeCentralMetro,1,0,0,0,0,0,East of England,10,Ipswich 001,25.0,1,64.0,16.0,419.0
E02006261,8.0,4.0,7.91,49.39,0.96,0.29,97.46,1.29,SmallMetro,0,0,0,1,0,0,East of England,8,Mid Suffolk 001,55.0,1,139.0,76.45,982.0
E02006274,8.0,6.0,22.86,51.67,0.99,0.92,96.23,1.86,SmallMetro,0,0,0,1,0,0,East of England,8,West Suffolk 006,46.0,1,35.0,16.1,240.0
E02006290,6.0,5.0,20.25,51.01,1.43,0.3,96.55,1.73,SmallMetro,0,0,0,1,0,0,East of England,10,East Suffolk 019,42.0,1,79.0,33.18,396.0
E02006267,8.0,4.0,13.43,49.48,0.44,0.41,97.59,1.56,MediumMetro,0,0,1,0,0,0,East of England,8,Mid Suffolk 007,69.0,1,134.0,92.46,679.0
E02006826,6.0,6.0,27.64,50.65,5.98,1.47,88.03,4.52,LargeCentralMetro,1,0,0,0,0,0,East of England,5,West Suffolk 015,33.0,1,123.0,40.59,616.0
E02006264,8.0,6.0,18.25,51.71,0.5,0.42,97.6,1.49,SmallMetro,0,0,0,1,0,0,East of England,6,Mid Suffolk 004,36.0,1,263.0,94.67999999999999,1754.0
E02006288,8.0,3.0,10.49,50.46,1.17,0.28,96.86,1.69,SmallMetro,0,0,0,1,0,0,East of England,6,East Suffolk 017,54.0,1,162.0,87.48,1096.0
E02006314,6.0,6.0,20.65,50.68,2.05,0.26,96.31,1.38,SmallMetro,0,0,0,1,0,0,East of England,6,East Suffolk 013,30.0,1,184.0,55.199999999999996,1034.0
E02006230,8.0,6.0,8.97,46.06,1.08,1.15,95.8,1.97,MediumMetro,0,0,1,0,0,0,East of England,8,Babergh 004,40.0,1,145.0,58.0,749.0
E02006276,9.0,7.0,,39.71,1.69,0.6,95.01,2.71,Noncore,0,0,0,0,0,1,East of England,,West Suffolk 016,,1,0.0,0.0,204.0
E02006254,3.0,10.0,35.0,46.33,6.12,5.24,80.45,8.19,LargeCentralMetro,1,0,0,0,0,0,East of England,7,Ipswich 010,31.0,1,100.0,31.0,723.0
E02006256,3.0,9.0,28.68,48.61,3.43,5.86,82.4,8.32,LargeCentralMetro,1,0,0,0,0,0,East of England,6,Ipswich 012,27.0,1,129.0,34.830000000000005,683.0
E02006294,6.0,6.0,14.83,50.77,1.22,0.37,95.71,2.7,LargeCentralMetro,1,0,0,0,0,0,East of England,3,East Suffolk 022,54.0,1,290.0,156.60000000000002,1936.0
E02006252,6.0,8.0,18.82,46.57,8.56,2.98,81.56,6.9,LargeCentralMetro,1,0,0,0,0,0,East of England,7,Ipswich 008,49.0,1,287.0,140.63,1795.0
E02006419,5.0,5.0,12.07,46.68,11.17,1.67,82.11,5.04,LargeCentralMetro,1,0,0,0,0,0,South East,6,Surrey Heath 004,54.0,1,290.0,156.60000000000002,1746.0
E02006402,8.0,2.0,15.61,50.0,6.42,0.92,88.32,4.34,LargeCentralMetro,1,0,0,0,0,0,South East,10,Runnymede 010,63.0,1,269.0,169.47,1494.0
E02006409,5.0,3.0,22.01,47.61,10.0,1.65,83.42,4.93,LargeCentralMetro,1,0,0,0,0,0,South East,7,Spelthorne 007,36.0,1,159.0,57.239999999999995,710.0
E02006341,7.0,6.0,13.7,23.42,10.26,2.68,79.84,7.22,LargeCentralMetro,1,0,0,0,0,0,South East,6,Epsom and Ewell 007,51.19,2,467.0,239.05,3092.0
E02006358,7.0,3.0,12.18,49.9,15.38,2.4,74.43,7.79,LargeCentralMetro,1,0,0,0,0,0,South East,5,Guildford 015,60.0,1,156.0,93.6,1044.0
E02006458,9.0,3.0,16.52,49.08,7.55,1.25,86.1,5.1,LargeCentralMetro,1,0,0,0,0,0,South East,10,Woking 003,57.0,1,230.0,131.1,1194.0
E02006328,9.0,3.0,9.66,48.21,6.01,1.44,86.36,6.2,LargeCentralMetro,1,0,0,0,0,0,South East,8,Elmbridge 012,71.0,1,207.0,146.97,1282.0
E02006467,9.0,3.0,,51.77,7.7,1.18,86.63,4.48,LargeCentralMetro,1,0,0,0,0,0,South East,,Woking 012,,1,0.0,0.0,226.0
E02006346,9.0,1.0,9.24,46.53,1.79,0.65,95.05,2.51,LargeCentralMetro,1,0,0,0,0,0,South East,10,Guildford 003,59.0,1,249.0,146.91,1543.0
E02006429,6.0,4.0,16.31,51.06,7.06,4.82,80.84,7.28,LargeCentralMetro,1,0,0,0,0,0,South East,5,Tandridge 002,45.0,1,233.0,104.85000000000001,1461.0
E02006354,10.0,3.0,9.18,49.19,7.57,0.92,85.59,5.92,LargeCentralMetro,1,0,0,0,0,0,South East,10,Guildford 011,67.0,1,294.0,196.98000000000002,1986.0
E02006425,6.0,5.0,8.14,47.53,15.63,1.77,77.08,5.53,LargeCentralMetro,1,0,0,0,0,0,South East,2,Surrey Heath 010,58.0,1,258.0,149.64,1578.0
E02006342,7.0,6.0,10.46,100.0,10.66,3.2,78.14,8.0,LargeCentralMetro,1,0,0,0,0,0,South East,7,Epsom and Ewell 008,75.0,1,239.0,179.25,1468.0
E02006464,7.0,2.0,16.5,45.01,6.23,1.57,87.58,4.61,LargeCentralMetro,1,0,0,0,0,0,South East,8,Woking 009,49.0,1,303.0,148.47,1464.0
E02006326,10.0,3.0,25.77,,7.62,1.78,83.55,7.05,LargeCentralMetro,1,0,0,0,0,0,South East,8,Elmbridge 010,33.0,1,163.0,53.79,0.0
E02006357,8.0,3.0,22.34,51.87,4.65,1.18,90.97,3.2,LargeCentralMetro,1,0,0,0,0,0,South East,10,Guildford 014,39.0,1,197.0,76.83,937.0
E02006355,4.0,5.0,40.0,50.7,19.07,4.11,69.36,7.46,LargeCentralMetro,1,0,0,0,0,0,South East,8,Guildford 012,17.0,1,70.0,11.9,355.0
E02006325,9.0,2.0,12.5,45.63,9.18,0.5,84.24,6.08,LargeCentralMetro,1,0,0,0,0,0,South East,6,Elmbridge 009,69.0,1,208.0,143.51999999999998,1317.0
E02006466,5.0,4.0,5.58,49.12,12.42,2.84,78.7,6.04,LargeCentralMetro,1,0,0,0,0,0,South East,7,Woking 011,78.0,1,197.0,153.66,1244.0
E02006399,6.0,4.0,16.02,49.0,8.0,1.95,84.88,5.18,LargeCentralMetro,1,0,0,0,0,0,South East,9,Runnymede 007,65.99,3,337.0,222.37,2155.0
E02006384,6.0,4.0,9.06,54.26,13.61,4.48,75.34,6.57,LargeCentralMetro,1,0,0,0,0,0,South East,8,Reigate and Banstead 010,62.0,1,265.0,164.3,1703.0
E02006336,6.0,5.0,26.81,52.58,11.21,2.94,78.27,7.57,LargeCentralMetro,1,0,0,0,0,0,South East,5,Epsom and Ewell 002,35.0,1,138.0,48.3,892.0
E02006433,9.0,1.0,13.93,50.86,1.79,0.9,94.54,2.77,LargeCentralMetro,1,0,0,0,0,0,South East,10,Tandridge 006,45.0,1,280.0,126.0,1919.0
E02006415,8.0,6.0,9.42,52.23,3.82,0.46,91.89,3.83,LargeCentralMetro,1,0,0,0,0,0,South East,10,Spelthorne 013,55.0,1,191.0,105.05000000000001,1011.0
E02006449,8.0,3.0,13.79,48.16,1.55,0.29,95.3,2.86,LargeCentralMetro,1,0,0,0,0,0,South East,10,Waverley 011,55.0,1,174.0,95.7,897.0
E02006455,8.0,4.0,14.62,51.09,4.44,1.14,91.73,2.69,LargeCentralMetro,1,0,0,0,0,0,South East,10,Waverley 017,58.0,1,130.0,75.39999999999999,505.0
E02006447,9.0,3.0,11.95,46.36,2.43,0.81,94.37,2.39,LargeCentralMetro,1,0,0,0,0,0,South East,6,Waverley 009,63.0,1,251.0,158.13,1415.0
E02006421,10.0,2.0,3.36,47.46,6.38,1.93,87.51,4.19,LargeCentralMetro,1,0,0,0,0,0,South East,5,Surrey Heath 006,64.0,1,119.0,76.16,786.0
E02006459,4.0,3.0,31.3,53.48,49.96,2.24,40.64,7.16,LargeCentralMetro,1,0,0,0,0,0,South East,10,Woking 004,17.0,1,115.0,19.55,604.0
E02006329,8.0,2.0,21.74,52.83,6.58,0.96,86.26,6.21,LargeCentralMetro,1,0,0,0,0,0,South East,10,Elmbridge 013,52.0,1,207.0,107.64,1077.0
E02006413,8.0,4.0,10.98,49.22,6.54,1.61,86.41,5.44,LargeCentralMetro,1,0,0,0,0,0,South East,10,Spelthorne 011,55.0,1,173.0,95.15,1030.0
E02006395,7.0,3.0,22.5,49.63,9.66,1.38,83.62,5.34,LargeCentralMetro,1,0,0,0,0,0,South East,8,Runnymede 003,47.0,1,240.0,112.8,1207.0
E02006350,3.0,6.0,23.64,49.3,7.14,1.55,85.84,5.47,LargeCentralMetro,1,0,0,0,0,0,South East,10,Guildford 007,46.0,1,110.0,50.6,712.0
E02006377,8.0,5.0,19.79,50.83,7.94,1.05,85.38,5.63,LargeCentralMetro,1,0,0,0,0,0,South East,10,Reigate and Banstead 003,36.0,1,192.0,69.12,1200.0
E02006391,8.0,2.0,23.35,50.33,6.33,2.5,86.74,4.42,LargeCentralMetro,1,0,0,0,0,0,South East,10,Reigate and Banstead 017,36.0,1,167.0,60.12,910.0
E02006405,7.0,2.0,29.63,45.2,15.26,2.89,75.49,6.37,LargeCentralMetro,1,0,0,0,0,0,South East,10,Spelthorne 003,30.0,1,81.0,24.3,635.0
E02006440,7.0,4.0,,,3.38,1.15,92.6,2.88,LargeCentralMetro,1,0,0,0,0,0,South East,,Waverley 002,,1,0.0,0.0,0.0
E02006494,4.0,8.0,24.88,51.39,7.04,5.0,82.84,5.11,LargeCentralMetro,1,0,0,0,0,0,West Midlands,8,Rugby 003,30.0,1,213.0,63.9,1082.0
E02006483,3.0,8.0,29.58,49.43,18.45,1.54,75.49,4.52,LargeCentralMetro,1,0,0,0,0,0,West Midlands,10,Nuneaton and Bedworth 009,23.0,1,142.0,32.660000000000004,793.0
E02006475,8.0,4.0,15.23,50.57,5.69,1.69,90.18,2.44,LargeCentralMetro,1,0,0,0,0,0,West Midlands,10,Nuneaton and Bedworth 001,59.0,1,243.0,143.37,1319.0
E02006530,9.0,5.0,16.37,46.89,14.13,1.03,78.64,6.2,LargeCentralMetro,1,0,0,0,0,0,West Midlands,3,Warwick 012,49.0,1,226.0,110.74,1593.0
E02006505,8.0,6.0,13.45,51.68,1.19,0.3,96.98,1.52,MediumMetro,0,0,1,0,0,0,West Midlands,10,Stratford-on-Avon 002,50.0,1,119.0,59.5,567.0
E02006470,6.0,5.0,25.0,52.81,1.35,0.5,96.36,1.78,LargeCentralMetro,1,0,0,0,0,0,West Midlands,4,North Warwickshire 003,50.0,1,104.0,52.0,551.0
E02006471,8.0,4.0,18.64,,2.04,0.63,95.31,2.02,MediumMetro,0,0,1,0,0,0,West Midlands,8,North Warwickshire 004,36.0,1,118.0,42.48,0.0
E02006477,9.0,6.0,30.28,51.21,8.48,1.8,86.62,3.1,LargeCentralMetro,1,0,0,0,0,0,West Midlands,10,Nuneaton and Bedworth 003,49.0,1,142.0,69.58,703.0
E02006468,7.0,6.0,17.78,51.04,0.75,0.41,97.85,0.99,MediumMetro,0,0,1,0,0,0,West Midlands,7,North Warwickshire 001,31.0,1,225.0,69.75,1538.0
E02006506,6.0,7.0,12.75,52.51,1.26,0.35,96.44,1.95,LargeCentralMetro,1,0,0,0,0,0,West Midlands,10,Stratford-on-Avon 003,52.0,1,149.0,77.48,678.0
E02006489,5.0,5.0,26.29,52.46,13.33,3.04,78.18,5.45,LargeCentralMetro,1,0,0,0,0,0,West Midlands,10,Nuneaton and Bedworth 015,30.0,1,194.0,58.199999999999996,1096.0
E02006473,8.0,3.0,21.5,50.06,1.23,0.5,95.3,2.97,LargeCentralMetro,1,0,0,0,0,0,West Midlands,10,North Warwickshire 006,26.0,1,107.0,27.82,895.0
E02006806,5.0,7.0,27.33,53.44,9.84,2.42,83.15,4.59,LargeCentralMetro,1,0,0,0,0,0,West Midlands,8,Nuneaton and Bedworth 018,36.0,1,150.0,54.0,917.0
E02006480,4.0,6.0,14.94,54.42,5.45,1.58,90.39,2.59,LargeCentralMetro,1,0,0,0,0,0,West Midlands,10,Nuneaton and Bedworth 006,45.0,1,154.0,69.3,961.0
E02006510,6.0,4.0,17.76,51.17,1.43,0.19,96.66,1.72,MediumMetro,0,0,1,0,0,0,West Midlands,8,Stratford-on-Avon 007,71.0,1,107.0,75.97,469.0
E02006514,8.0,6.0,13.18,49.45,2.48,0.47,94.28,2.76,LargeCentralMetro,1,0,0,0,0,0,West Midlands,7,Stratford-on-Avon 011,45.0,1,220.0,99.0,1373.0
E02006502,7.0,6.0,28.66,45.16,5.59,1.83,89.1,3.48,LargeCentralMetro,1,0,0,0,0,0,West Midlands,7,Rugby 011,37.0,1,157.0,58.089999999999996,651.0
E02006501,7.0,4.0,15.5,50.96,7.77,2.2,86.75,3.28,LargeCentralMetro,1,0,0,0,0,0,West Midlands,10,Rugby 010,64.0,1,258.0,165.12,1768.0
E02006518,7.0,5.0,16.48,49.38,0.72,0.12,97.65,1.51,SmallMetro,0,0,0,1,0,0,West Midlands,10,Stratford-on-Avon 015,60.0,1,91.0,54.6,482.0
E02006500,8.0,6.0,,47.76,6.72,2.08,87.64,3.56,LargeCentralMetro,1,0,0,0,0,0,West Midlands,,Rugby 009,,1,0.0,0.0,134.0
E02006533,7.0,7.0,38.89,50.4,15.2,0.82,78.57,5.41,LargeCentralMetro,1,0,0,0,0,0,West Midlands,2,Warwick 015,42.0,1,90.0,37.8,623.0
E02006624,9.0,5.0,18.6,41.82,2.58,0.44,94.25,2.73,LargeCentralMetro,1,0,0,0,0,0,South East,5,Worthing 004,41.0,1,172.0,70.52,911.0
E02006614,8.0,3.0,10.03,46.54,3.83,1.35,90.81,4.01,Micropolitan,0,0,0,0,1,0,South East,10,Mid Sussex 011,56.0,1,299.0,167.44000000000003,1502.0
E02006583,6.0,5.0,15.09,48.36,10.53,3.21,81.04,5.22,LargeCentralMetro,1,0,0,0,0,0,South East,8,Crawley 009,41.0,1,232.0,95.11999999999999,1433.0
E02006574,5.0,8.0,31.4,48.59,0.83,0.26,97.37,1.54,LargeFringeMetro,0,1,0,0,0,0,South East,10,Chichester 014,27.0,1,86.0,23.220000000000002,389.0
E02006544,8.0,6.0,24.17,49.73,1.43,0.31,96.35,1.91,LargeCentralMetro,1,0,0,0,0,0,South East,10,Arun 003,38.0,1,120.0,45.6,549.0
E02006557,4.0,8.0,24.41,48.3,2.49,0.49,94.67,2.36,LargeCentralMetro,1,0,0,0,0,0,South East,10,Arun 016,42.0,1,213.0,89.46,1439.0
E02006585,5.0,6.0,35.63,47.27,11.97,3.26,78.73,6.04,LargeCentralMetro,1,0,0,0,0,0,South East,7,Crawley 011,22.0,1,174.0,38.28,1024.0
E02006625,7.0,5.0,13.14,12.96,4.05,0.99,91.43,3.52,LargeCentralMetro,1,0,0,0,0,0,South East,5,Worthing 005,37.0,2,175.0,64.75,1173.0
E02006571,8.0,6.0,8.64,50.24,1.66,0.4,95.89,2.05,LargeCentralMetro,1,0,0,0,0,0,South East,8,Chichester 011,64.0,1,220.0,140.8,1451.0
E02006579,6.0,5.0,18.21,47.04,16.89,3.51,72.6,7.0,LargeCentralMetro,1,0,0,0,0,0,South East,7,Crawley 005,43.0,1,291.0,125.13,1822.0
E02006572,6.0,7.0,18.0,54.35,2.39,0.55,94.39,2.66,LargeCentralMetro,1,0,0,0,0,0,South East,8,Chichester 012,38.0,1,300.0,114.0,1494.0
E02006537,3.0,8.0,24.5,48.78,2.95,1.2,90.95,4.89,LargeCentralMetro,1,0,0,0,0,0,South East,10,Adur 004,42.0,1,249.0,104.58,1595.0
E02006581,5.0,7.0,16.67,49.31,15.75,5.26,71.42,7.57,LargeCentralMetro,1,0,0,0,0,0,South East,7,Crawley 007,38.0,1,144.0,54.72,939.0
E02006546,6.0,6.0,20.9,49.25,1.55,0.55,95.89,2.01,LargeCentralMetro,1,0,0,0,0,0,South East,10,Arun 005,36.0,1,244.0,87.84,1405.0
E02006617,7.0,7.0,17.69,46.78,9.67,0.81,86.38,3.14,LargeCentralMetro,1,0,0,0,0,0,South East,8,Mid Sussex 014,52.0,1,147.0,76.44,761.0
E02006580,5.0,5.0,17.56,48.01,9.67,3.48,81.2,5.65,LargeCentralMetro,1,0,0,0,0,0,South East,10,Crawley 006,40.0,1,205.0,82.0,1231.0
E02006550,5.0,7.0,24.23,51.28,1.52,0.45,96.42,1.61,LargeCentralMetro,1,0,0,0,0,0,South East,8,Arun 009,27.0,1,260.0,70.2,1402.0
E02006539,5.0,9.0,27.33,43.28,2.27,0.79,94.6,2.33,LargeCentralMetro,1,0,0,0,0,0,South East,10,Adur 006,25.0,1,161.0,40.25,989.0
E02006627,6.0,7.0,18.91,45.63,4.01,1.24,91.25,3.51,LargeCentralMetro,1,0,0,0,0,0,South East,10,Worthing 007,53.0,1,349.0,184.97,1692.0
E02006567,8.0,5.0,17.02,46.68,0.33,0.21,98.24,1.22,LargeCentralMetro,1,0,0,0,0,0,South East,10,Chichester 007,43.0,1,141.0,60.63,722.0
E02006613,7.0,4.0,14.13,47.87,6.06,1.12,88.61,4.21,LargeCentralMetro,1,0,0,0,0,0,South East,7,Mid Sussex 010,48.0,1,184.0,88.32,963.0
E02006594,7.0,3.0,9.23,43.03,4.28,0.87,91.12,3.73,LargeCentralMetro,1,0,0,0,0,0,South East,8,Horsham 007,58.0,1,260.0,150.79999999999998,1420.0
E02006556,7.0,8.0,18.75,48.53,1.08,0.31,96.86,1.75,LargeCentralMetro,1,0,0,0,0,0,South East,10,Arun 015,41.0,1,224.0,91.83999999999999,1362.0
E02006607,10.0,4.0,6.98,47.54,2.6,0.73,93.54,3.14,LargeCentralMetro,1,0,0,0,0,0,South East,8,Mid Sussex 004,55.0,1,258.0,141.9,1607.0
E02006629,5.0,9.0,15.42,100.0,6.97,1.34,87.54,4.15,LargeCentralMetro,1,0,0,0,0,0,South East,8,Worthing 009,55.0,1,253.0,139.15,1168.0
E02006591,7.0,4.0,7.51,100.0,3.95,1.22,91.13,3.7,LargeCentralMetro,1,0,0,0,0,0,South East,8,Horsham 004,70.0,1,293.0,205.1,1491.0
E02006633,8.0,6.0,17.5,45.66,2.76,0.32,94.36,2.56,LargeCentralMetro,1,0,0,0,0,0,South East,10,Worthing 013,30.0,1,120.0,36.0,622.0
E02006564,7.0,5.0,10.34,49.38,0.85,0.35,97.17,1.63,SmallMetro,0,0,0,1,0,0,South East,8,Chichester 004,46.0,1,145.0,66.7,964.0
E02006606,9.0,3.0,13.98,48.39,2.5,0.63,93.4,3.46,LargeCentralMetro,1,0,0,0,0,0,South East,10,Mid Sussex 003,43.0,1,236.0,101.48,1616.0
E02006597,8.0,4.0,12.55,47.87,1.79,0.64,95.09,2.48,MediumMetro,0,0,1,0,0,0,South East,8,Horsham 010,57.0,1,239.0,136.23,1621.0
E02006620,9.0,3.0,13.89,46.65,1.1,0.4,95.63,2.88,LargeCentralMetro,1,0,0,0,0,0,South East,10,Mid Sussex 017,65.0,1,180.0,117.0,1046.0
